step,x,y,mu,vx,vy,omega,lidar_l,lidar_c,lidar_r,throttle,steering,reward
0,-1.629711,-0.330130,-2.224628,0.000000,0.000000,0.000000,0.220000,0.300000,0.740000,0.200000,-0.800000,0.000000
1,-1.629711,-0.330130,-2.224628,0.014000,0.000000,0.000000,0.220000,0.300000,0.740000,0.200000,-0.800000,0.014000
2,-1.629796,-0.330241,-2.224628,0.020994,-0.006805,-0.291038,0.220000,0.300000,0.740000,0.200000,-0.800000,0.020994
3,-1.629978,-0.330367,-2.227539,0.031560,-0.014163,-0.236585,0.220000,0.300000,0.720000,0.200000,-0.800000,0.031560
4,-1.630283,-0.330530,-2.229904,0.041526,-0.012598,-0.670422,0.220000,0.300000,0.720000,0.200000,-0.800000,0.041526
5,-1.630636,-0.330781,-2.236609,0.052654,-0.021058,-0.507613,0.220000,0.300000,0.700000,0.200000,-0.800000,0.052654
6,-1.631127,-0.331065,-2.241685,0.062825,-0.021940,-0.801232,0.220000,0.300000,0.700000,0.200000,-0.800000,0.062825
7,-1.631690,-0.331421,-2.249697,0.073472,-0.027230,-0.832627,0.220000,0.280000,0.680000,0.200000,-0.800000,0.073472
8,-1.632363,-0.331822,-2.258023,0.083962,-0.030361,-0.982195,0.220000,0.280000,0.660000,0.200000,-0.800000,0.083962
9,-1.633130,-0.332278,-2.267845,0.094541,-0.033981,-1.096142,0.220000,0.280000,0.640000,0.200000,-0.800000,0.094541
10,-1.633998,-0.332785,-2.278807,0.105140,-0.037400,-1.214365,0.200000,0.280000,0.620000,0.200000,-0.800000,0.105140
11,-1.634966,-0.333340,-2.290950,0.115770,-0.040703,-1.330996,0.200000,0.280000,0.600000,0.200000,-0.800000,0.115770
12,-1.636035,-0.333942,-2.304260,0.126430,-0.043879,-1.446115,0.200000,0.260000,0.580000,0.200000,-0.800000,0.126430
13,-1.637207,-0.334588,-2.318721,0.137119,-0.046914,-1.559598,0.200000,0.260000,0.440000,0.200000,-0.800000,0.137119
14,-1.638484,-0.335274,-2.334317,0.147839,-0.049799,-1.671307,0.200000,0.260000,0.440000,0.200000,-0.800000,0.147839
15,-1.639866,-0.335997,-2.351030,0.158587,-0.052522,-1.781095,0.200000,0.240000,0.420000,0.200000,-0.800000,0.158587
16,-1.641355,-0.336755,-2.368841,0.169362,-0.055071,-1.888815,0.200000,0.240000,0.400000,0.200000,-0.800000,0.169362
17,-1.642952,-0.337543,-2.387730,0.180162,-0.057436,-1.994318,0.200000,0.240000,0.380000,0.200000,-0.800000,0.180162
18,-1.644659,-0.338358,-2.407673,0.190985,-0.059606,-2.097454,0.180000,0.240000,0.360000,0.200000,-0.800000,0.190985
19,-1.646476,-0.339194,-2.428647,0.201827,-0.061571,-2.198075,0.180000,0.220000,0.340000,0.200000,-0.800000,0.201827
20,-1.648405,-0.340048,-2.450628,0.212684,-0.063320,-2.296032,0.180000,0.220000,0.320000,0.200000,-0.800000,0.212684
21,-1.650448,-0.340916,-2.473588,0.223552,-0.064843,-2.391179,0.180000,0.220000,0.320000,0.200000,-0.800000,0.223552
22,-1.652605,-0.341792,-2.497500,0.234424,-0.066133,-2.483374,0.180000,0.200000,0.300000,0.200000,-0.800000,0.234424
23,-1.654876,-0.342670,-2.522334,0.245294,-0.067179,-2.572476,0.180000,0.200000,0.280000,0.200000,-0.800000,0.245294
24,-1.657264,-0.343547,-2.548059,0.256157,-0.067973,-2.658353,0.160000,0.200000,0.280000,0.200000,-0.800000,0.256157
25,-1.659767,-0.344416,-2.574642,0.267003,-0.068509,-2.740876,0.160000,0.200000,0.260000,0.200000,-0.800000,0.267003
26,-1.662387,-0.345272,-2.602051,0.277826,-0.068779,-2.819925,0.160000,0.180000,0.240000,0.000000,-0.800000,0.277826
27,-1.665124,-0.346110,-2.630250,0.274617,-0.068778,-2.895386,0.160000,0.180000,0.240000,0.000000,-0.800000,0.274617
28,-1.667856,-0.346854,-2.659204,0.271568,-0.068844,-2.952241,0.160000,0.180000,0.220000,0.000000,-0.800000,0.271568
29,-1.670581,-0.347504,-2.688726,0.268659,-0.068963,-2.994522,0.160000,0.160000,0.220000,0.000000,-0.800000,0.268659
30,-1.673299,-0.348059,-2.718672,0.265873,-0.069125,-3.025318,0.160000,0.160000,0.200000,0.000000,-0.800000,0.265873
31,-1.676007,-0.348520,-2.748925,0.263197,-0.069324,-3.047031,0.140000,0.160000,0.200000,0.000000,-0.800000,0.263197
32,-1.678704,-0.348886,-2.779395,0.260619,-0.069553,-3.061550,0.140000,0.160000,0.200000,0.000000,-0.800000,0.260619
33,-1.681387,-0.349159,-2.810011,0.258132,-0.069806,-3.070379,0.140000,0.160000,0.180000,0.000000,-0.800000,0.258132
34,-1.684055,-0.349340,-2.840714,0.255727,-0.070079,-3.074721,0.140000,0.140000,0.180000,0.000000,-0.800000,0.255727
35,-1.686705,-0.349428,-2.871462,0.253400,-0.070368,-3.075545,0.140000,0.140000,0.180000,0.000000,-0.800000,0.253400
36,-1.689335,-0.349426,-2.902217,0.251145,-0.070667,-3.073629,0.140000,0.140000,0.160000,0.000000,-0.800000,0.251145
37,-1.691942,-0.349335,-2.932953,0.248959,-0.070972,-3.069602,0.140000,0.140000,0.160000,0.000000,-0.800000,0.248959
38,-1.694525,-0.349157,-2.963649,0.246839,-0.071280,-3.063966,0.140000,0.140000,0.160000,0.000000,-0.800000,0.246839
39,-1.697081,-0.348892,-2.994289,0.244782,-0.071587,-3.057123,0.140000,0.140000,0.140000,0.000000,-0.800000,0.244782
40,-1.699607,-0.348543,-3.024860,0.242786,-0.071889,-3.049392,0.140000,0.140000,0.140000,0.000000,-0.800000,0.242786
41,-1.702102,-0.348112,-3.055354,0.240848,-0.072184,-3.041021,0.140000,0.120000,0.140000,0.000000,-0.800000,0.240848
42,-1.704564,-0.347600,-3.085764,0.238968,-0.072469,-3.032205,0.140000,0.120000,0.140000,0.000000,-0.800000,0.238968
43,-1.706990,-0.347010,-3.116086,0.237142,-0.072742,-3.023091,0.140000,0.120000,0.140000,0.000000,-0.800000,0.237142
44,-1.709379,-0.346343,-3.146317,0.235370,-0.073002,-3.013792,0.120000,0.120000,0.120000,0.000000,-0.800000,0.235370
45,-1.711730,-0.345602,-3.176455,0.233649,-0.073248,-3.004389,0.120000,0.120000,0.120000,0.000000,-0.800000,0.233649
46,-1.714039,-0.344789,-3.206499,0.231978,-0.073478,-2.994943,0.120000,0.120000,0.120000,0.000000,-0.800000,0.231978
47,-1.716306,-0.343905,-3.236449,0.230355,-0.073692,-2.985496,0.120000,0.120000,0.120000,0.000000,-0.800000,0.230355
48,-1.718530,-0.342953,-3.266304,0.228779,-0.073891,-2.976077,0.120000,0.120000,0.120000,0.000000,-0.800000,0.228779
49,-1.720708,-0.341935,-3.296064,0.227248,-0.074073,-2.966706,0.120000,0.120000,0.120000,0.000000,-0.800000,0.227248
50,-1.722839,-0.340854,-3.325731,0.225761,-0.074238,-2.957394,0.120000,0.120000,0.120000,0.000000,-0.800000,0.225761
51,-1.724923,-0.339711,-3.355305,0.224315,-0.074389,-2.948149,0.120000,0.120000,0.120000,0.000000,-0.800000,0.224315
52,-1.726957,-0.338508,-3.384787,0.222909,-0.074524,-2.938975,0.120000,0.120000,0.100000,0.000000,-0.800000,0.222909
53,-1.728941,-0.337248,-3.414177,0.221541,-0.074644,-2.929872,0.120000,0.120000,0.100000,0.000000,-0.800000,0.221541
54,-1.730874,-0.335933,-3.443475,0.220210,-0.074751,-2.920842,0.120000,0.100000,0.100000,0.200000,-0.800000,0.220210
55,-1.732754,-0.334564,-3.472684,0.232914,-0.074844,-2.911883,0.140000,0.100000,0.100000,0.000000,-0.800000,0.232914
56,-1.734714,-0.333099,-3.501803,0.231197,-0.074792,-2.929976,0.140000,0.100000,0.100000,0.000000,-0.800000,0.231197
57,-1.736614,-0.331584,-3.531102,0.229563,-0.074777,-2.940216,0.140000,0.100000,0.100000,0.000000,-0.800000,0.229563
58,-1.738453,-0.330021,-3.560505,0.228000,-0.074789,-2.944801,0.140000,0.100000,0.100000,0.000000,-0.800000,0.228000
59,-1.740232,-0.328410,-3.589953,0.226497,-0.074818,-2.945317,0.140000,0.100000,0.100000,0.200000,-0.800000,0.226497
60,-1.741949,-0.326754,-3.619406,0.239046,-0.074858,-2.942920,0.140000,0.100000,0.100000,0.000000,-0.800000,0.239046
61,-1.743727,-0.324990,-3.648835,0.237215,-0.074740,-2.964052,0.140000,0.100000,0.100000,0.000000,-0.800000,0.237215
62,-1.745438,-0.323185,-3.678475,0.235469,-0.074674,-2.976455,0.140000,0.100000,0.100000,0.000000,-0.800000,0.235469
63,-1.747079,-0.321339,-3.708240,0.233793,-0.074646,-2.982511,0.140000,0.100000,0.100000,0.000000,-0.800000,0.233793
64,-1.748651,-0.319454,-3.738065,0.232176,-0.074647,-2.983957,0.120000,0.100000,0.100000,0.000000,-0.800000,0.232176
65,-1.750152,-0.317532,-3.767905,0.230612,-0.074668,-2.982070,0.120000,0.100000,0.100000,0.000000,-0.800000,0.230612
66,-1.751583,-0.315575,-3.797725,0.229094,-0.074704,-2.977789,0.120000,0.100000,0.100000,0.000000,-0.800000,0.229094
67,-1.752943,-0.313586,-3.827503,0.227617,-0.074750,-2.971809,0.120000,0.120000,0.100000,0.000000,-0.800000,0.227617
68,-1.754231,-0.311566,-3.857221,0.226179,-0.074802,-2.964642,0.120000,0.120000,0.100000,0.000000,-0.800000,0.226179
69,-1.755447,-0.309517,-3.886868,0.224777,-0.074857,-2.956664,0.100000,0.120000,0.100000,0.000000,-0.800000,0.224777
70,-1.756591,-0.307443,-3.916434,0.223409,-0.074913,-2.948150,0.100000,0.120000,0.100000,0.000000,-0.800000,0.223409
71,-1.757663,-0.305344,-3.945916,0.222074,-0.074968,-2.939296,0.100000,0.120000,0.100000,0.000000,-0.800000,0.222074
72,-1.758663,-0.303225,-3.975309,0.220770,-0.075019,-2.930245,0.100000,0.120000,0.100000,0.000000,-0.800000,0.220770
73,-1.759592,-0.301086,-4.004611,0.219495,-0.075067,-2.921097,0.100000,0.120000,0.100000,0.000000,-0.800000,0.219495
74,-1.760449,-0.298930,-4.033822,0.218250,-0.075110,-2.911923,0.100000,0.120000,0.100000,0.000000,-0.800000,0.218250
75,-1.761234,-0.296760,-4.062941,0.217032,-0.075148,-2.902768,0.120000,0.100000,0.100000,0.200000,-0.800000,0.217032
76,-1.761948,-0.294577,-4.091969,0.229842,-0.075180,-2.893665,0.120000,0.100000,0.100000,0.000000,-0.800000,0.229842
77,-1.762672,-0.292270,-4.120906,0.228205,-0.075095,-2.912294,0.140000,0.100000,0.100000,0.000000,-0.800000,0.228205
78,-1.763321,-0.289956,-4.150029,0.226651,-0.075052,-2.922750,0.140000,0.100000,0.100000,0.200000,-0.800000,0.226651
79,-1.763895,-0.287639,-4.179256,0.239165,-0.075038,-2.927391,0.160000,0.100000,0.100000,0.200000,-0.800000,0.239165
80,-1.764464,-0.285198,-4.208530,0.251314,-0.074883,-2.953243,0.200000,0.080000,0.100000,0.000000,-0.800000,0.251314
81,-1.765022,-0.282635,-4.238063,0.249190,-0.074576,-2.991489,0.240000,0.080000,0.100000,0.200000,-0.600000,0.249190
82,-1.765496,-0.280078,-4.267977,0.264971,-0.070883,-2.867858,0.280000,0.080000,0.100000,0.200000,-0.600000,0.264971
83,-1.765996,-0.277381,-4.296656,0.279738,-0.068030,-2.805251,0.280000,0.080000,0.100000,0.200000,-0.600000,0.279738
84,-1.766503,-0.274547,-4.324709,0.293804,-0.065715,-2.781386,0.260000,0.080000,0.100000,0.200000,-0.800000,0.293804
85,-1.767005,-0.271579,-4.352522,0.304174,-0.065714,-2.867708,0.260000,0.080000,0.080000,0.200000,-0.800000,0.304174
86,-1.767462,-0.268500,-4.381199,0.314544,-0.065400,-2.947533,0.260000,0.100000,0.080000,0.200000,-0.800000,0.314544
87,-1.767866,-0.265313,-4.410675,0.324894,-0.064773,-3.021415,0.260000,0.100000,0.080000,0.200000,-0.600000,0.324894
88,-1.768213,-0.262018,-4.440889,0.338261,-0.062134,-3.017005,1.000000,0.100000,0.080000,0.400000,-0.600000,0.338261
89,-1.768521,-0.258593,-4.471059,0.365262,-0.059605,-3.026239,1.000000,0.120000,0.060000,0.400000,-0.600000,0.365262
90,-1.768816,-0.254904,-4.501321,0.391806,-0.056777,-3.060021,1.000000,0.120000,0.060000,0.200000,-0.600000,0.391806
91,-1.769081,-0.250954,-4.531922,0.403994,-0.053504,-3.108490,1.000000,0.140000,0.060000,0.200000,-0.600000,0.403994
92,-1.769280,-0.246883,-4.563007,0.415973,-0.050082,-3.154335,1.000000,0.180000,0.060000,0.400000,-0.400000,0.415973
93,-1.769404,-0.242696,-4.594550,0.444685,-0.042959,-3.046888,1.000000,0.220000,0.060000,0.400000,-0.400000,0.444685
94,-1.769500,-0.238229,-4.625019,0.472676,-0.036461,-2.985209,1.000000,0.240000,0.060000,0.400000,-0.400000,0.472676
95,-1.769549,-0.233488,-4.654871,0.500116,-0.030219,-2.954546,1.000000,0.240000,0.080000,0.200000,-0.400000,0.500116
96,-1.769535,-0.228478,-4.684416,0.513110,-0.023978,-2.945213,1.000000,0.240000,0.080000,0.200000,-0.600000,0.513110
97,-1.769439,-0.223342,-4.713868,0.523203,-0.019862,-3.023633,1.000000,0.220000,0.080000,0.200000,-0.400000,0.523203
98,-1.769233,-0.218111,-4.744105,0.535691,-0.013495,-3.015441,1.000000,0.220000,0.080000,0.200000,-0.400000,0.535691
99,-1.768928,-0.212761,-4.774259,0.547854,-0.007269,-3.012221,1.000000,0.220000,0.100000,0.200000,-0.400000,0.547854
100,-1.768517,-0.207297,-4.804381,0.559716,-0.001116,-3.012809,0.980000,1.000000,0.100000,0.400000,-0.600000,0.559716
101,-1.767991,-0.201725,-4.834509,0.582892,0.003705,-3.072370,0.920000,1.000000,0.120000,0.200000,-0.400000,0.582892
102,-1.767318,-0.195935,-4.865233,0.594243,0.010616,-3.079155,0.880000,1.000000,0.140000,0.200000,-0.400000,0.594243
103,-1.766518,-0.190045,-4.896025,0.605293,0.017553,-3.087115,0.820000,1.000000,0.180000,0.200000,-0.600000,0.605293
104,-1.765585,-0.184062,-4.926896,0.613750,0.023601,-3.136286,0.780000,1.000000,0.200000,0.200000,-0.600000,0.613750
105,-1.764510,-0.178015,-4.958259,0.621978,0.030009,-3.179444,0.740000,1.000000,0.200000,0.200000,-0.600000,0.621978
106,-1.763287,-0.171909,-4.990053,0.629962,0.036746,-3.217024,0.720000,1.000000,0.180000,0.200000,-0.400000,0.629962
107,-1.761913,-0.165750,-5.022223,0.639918,0.044491,-3.219283,0.680000,1.000000,0.180000,0.200000,-0.400000,0.639918
108,-1.760386,-0.159520,-5.054416,0.649557,0.052296,-3.222355,0.660000,1.000000,0.180000,0.200000,-0.400000,0.649557
109,-1.758700,-0.153225,-5.086640,0.658882,0.060176,-3.226010,0.620000,1.000000,0.180000,0.200000,-0.400000,0.658882
110,-1.756851,-0.146873,-5.118900,0.667895,0.068143,-3.230065,0.600000,1.000000,1.000000,0.200000,-0.400000,0.667895
111,-1.754836,-0.140469,-5.151201,0.676595,0.076205,-3.234372,0.580000,0.960000,1.000000,0.200000,-0.400000,0.676595
112,-1.752652,-0.134020,-5.183544,0.684983,0.084369,-3.238812,0.560000,0.900000,1.000000,0.200000,-0.400000,0.684983
113,-1.750294,-0.127533,-5.215932,0.693058,0.092638,-3.243292,0.540000,0.840000,1.000000,0.400000,-0.600000,0.693058
114,-1.747761,-0.121016,-5.248365,0.712748,0.100873,-3.253791,0.520000,0.780000,1.000000,0.000000,-0.600000,0.712748
115,-1.744989,-0.114373,-5.280903,0.704137,0.109753,-3.263729,0.500000,0.740000,1.000000,0.000000,-0.600000,0.704137
116,-1.742123,-0.107848,-5.313541,0.695205,0.118246,-3.267943,0.500000,0.700000,1.000000,0.400000,-0.600000,0.695205
117,-1.739166,-0.101446,-5.346220,0.713972,0.126319,-3.267199,0.480000,0.680000,1.000000,0.000000,-0.600000,0.713972
118,-1.735955,-0.094945,-5.378892,0.704458,0.134956,-3.266511,0.460000,0.640000,1.000000,0.000000,-0.600000,0.704458
119,-1.732661,-0.088574,-5.411557,0.694644,0.143135,-3.261452,0.460000,0.600000,1.000000,0.400000,-0.600000,0.694644
120,-1.729286,-0.082336,-5.444172,0.712553,0.150831,-3.252606,0.440000,0.580000,1.000000,0.200000,-0.600000,0.712553
121,-1.725647,-0.076027,-5.476698,0.716210,0.159022,-3.244170,0.440000,0.560000,0.960000,0.200000,-0.600000,0.716210
122,-1.721838,-0.069756,-5.509139,0.719599,0.167199,-3.234131,0.420000,0.540000,0.880000,0.200000,-0.400000,0.719599
123,-1.717861,-0.063530,-5.541481,0.724677,0.175061,-3.234787,0.420000,0.520000,0.820000,0.200000,-0.400000,0.724677
124,-1.713700,-0.057344,-5.573828,0.729478,0.183004,-3.235503,0.400000,0.500000,0.760000,0.200000,-0.400000,0.729478
125,-1.709357,-0.051204,-5.606184,0.734001,0.191022,-3.236258,0.360000,0.480000,0.720000,0.000000,-0.600000,0.734001
126,-1.704833,-0.045117,-5.638546,0.722319,0.199485,-3.221064,0.340000,0.460000,0.680000,0.000000,-0.600000,0.722319
127,-1.700258,-0.039182,-5.670757,0.710380,0.207367,-3.203273,0.340000,0.460000,0.640000,0.000000,-0.600000,0.710380
128,-1.695637,-0.033402,-5.702789,0.698212,0.214657,-3.183233,0.340000,0.440000,0.600000,0.000000,-0.600000,0.698212
129,-1.690976,-0.027778,-5.734622,0.685844,0.221344,-3.161243,0.320000,0.420000,0.580000,0.000000,-0.600000,0.685844
130,-1.686278,-0.022313,-5.766234,0.673302,0.227422,-3.137562,0.320000,0.420000,0.540000,0.000000,-0.600000,0.673302
131,-1.681548,-0.017008,-5.797610,0.660613,0.232885,-3.112410,0.320000,0.400000,0.520000,0.000000,-0.600000,0.660613
132,-1.676793,-0.011865,-5.828734,0.647803,0.237733,-3.085979,0.320000,0.400000,0.500000,0.000000,-0.600000,0.647803
133,-1.672016,-0.006885,-5.859594,0.634898,0.241964,-3.058436,0.300000,0.380000,0.480000,0.000000,-0.600000,0.634898
134,-1.667223,-0.002070,-5.890178,0.621923,0.245581,-3.029923,0.300000,0.380000,0.460000,0.000000,-0.600000,0.621923
135,-1.662418,0.002580,-5.920477,0.608902,0.248587,-3.000564,0.300000,0.360000,0.440000,0.000000,-0.600000,0.608902
136,-1.657607,0.007065,-5.950483,0.595857,0.250987,-2.970466,0.300000,0.360000,0.420000,0.000000,-0.600000,0.595857
137,-1.652795,0.011383,-5.980188,0.582812,0.252786,-2.939724,0.300000,0.340000,0.420000,0.000000,-0.600000,0.582812
138,-1.647987,0.015535,-6.009585,0.569786,0.253993,-2.908418,0.280000,0.340000,0.400000,0.000000,-0.600000,0.569786
139,-1.643187,0.019520,-6.038669,0.556801,0.254615,-2.876618,0.280000,0.340000,0.380000,0.000000,-0.600000,0.556801
140,-1.638401,0.023338,-6.067435,0.543876,0.254661,-2.844385,0.280000,0.280000,0.380000,0.000000,-0.600000,0.543876
141,-1.633634,0.026990,-6.095879,0.531029,0.254142,-2.811772,0.280000,0.280000,0.360000,0.000000,-0.600000,0.531029
142,-1.628889,0.030476,-6.123997,0.518278,0.253068,-2.778826,0.280000,0.280000,0.360000,0.000000,-0.600000,0.518278
143,-1.624173,0.033796,-6.151785,0.505638,0.251450,-2.745586,0.280000,0.280000,0.340000,0.000000,-0.600000,0.505638
144,-1.619490,0.036952,-6.179241,0.493124,0.249300,-2.712087,0.280000,0.260000,0.340000,0.000000,-0.600000,0.493124
145,-1.614844,0.039943,-6.206362,0.480753,0.246630,-2.678357,0.280000,0.260000,0.340000,0.000000,-0.600000,0.480753
146,-1.610240,0.042771,-6.233145,0.468536,0.243453,-2.644423,0.260000,0.260000,0.320000,0.000000,-0.600000,0.468536
147,-1.605682,0.045437,-6.259590,0.456486,0.239782,-2.610307,0.260000,0.260000,0.320000,0.000000,-0.600000,0.456486
148,-1.601175,0.047941,-6.285693,0.444614,0.235629,-2.576026,0.260000,0.260000,0.300000,0.000000,-0.600000,0.444614
149,-1.596723,0.050287,-6.311453,0.432932,0.231009,-2.541595,0.260000,0.240000,0.300000,0.000000,-0.600000,0.432932
150,-1.592330,0.052473,-6.336869,0.421449,0.225935,-2.507028,0.260000,0.240000,0.300000,0.000000,-0.600000,0.421449
151,-1.588001,0.054503,-6.361939,0.410174,0.220421,-2.472333,0.260000,0.240000,0.300000,0.000000,-0.600000,0.410174
152,-1.583738,0.056378,-6.386662,0.399114,0.214480,-2.437519,0.260000,0.240000,0.280000,0.000000,-0.600000,0.399114
153,-1.579547,0.058099,-6.411038,0.388278,0.208126,-2.402592,0.260000,0.240000,0.280000,0.000000,-0.600000,0.388278
154,-1.575430,0.059668,-6.435064,0.377671,0.201374,-2.367553,0.260000,0.240000,0.280000,0.000000,-0.600000,0.377671
155,-1.571392,0.061087,-6.458739,0.367300,0.194237,-2.332405,0.260000,0.240000,0.280000,0.000000,-0.600000,0.367300
156,-1.567437,0.062358,-6.482063,0.357169,0.186731,-2.297147,0.260000,0.220000,0.260000,0.200000,-0.600000,0.357169
157,-1.563567,0.063483,-6.505035,0.361282,0.178868,-2.261776,0.260000,0.220000,0.220000,0.200000,-0.600000,0.361282
158,-1.559649,0.064433,-6.527652,0.365648,0.171004,-2.226769,0.260000,0.220000,0.220000,0.200000,-0.600000,0.365648
159,-1.555687,0.065207,-6.549920,0.370262,0.163150,-2.192278,0.260000,0.220000,0.220000,0.000000,-0.600000,0.370262
160,-1.551685,0.065805,-6.571843,0.361118,0.155315,-2.158488,0.260000,0.220000,0.220000,0.200000,-0.600000,0.361118
161,-1.547781,0.066266,-6.593428,0.366205,0.147176,-2.124708,0.260000,0.220000,0.200000,0.000000,-0.400000,0.366205
162,-1.543845,0.066550,-6.614675,0.359397,0.138495,-2.117113,0.260000,0.220000,0.200000,0.200000,-0.400000,0.359397
163,-1.539996,0.066690,-6.635846,0.366806,0.129710,-2.108220,0.260000,0.220000,0.200000,0.000000,-0.400000,0.366806
164,-1.536105,0.066640,-6.656928,0.360447,0.121189,-2.098574,0.260000,0.220000,0.200000,0.200000,-0.400000,0.360447
165,-1.532307,0.066452,-6.677914,0.368307,0.112592,-2.087461,0.260000,0.220000,0.200000,0.000000,-0.400000,0.368307
166,-1.528475,0.066075,-6.698788,0.362401,0.104293,-2.075931,0.260000,0.200000,0.200000,0.200000,-0.400000,0.362401
167,-1.524738,0.065566,-6.719548,0.370715,0.095953,-2.062857,0.260000,0.200000,0.200000,0.000000,-0.400000,0.370715
168,-1.520973,0.064869,-6.740176,0.365263,0.087954,-2.050003,0.260000,0.200000,0.180000,0.200000,-0.400000,0.365263
169,-1.517307,0.064046,-6.760676,0.374029,0.079955,-2.035691,0.260000,0.200000,0.180000,0.000000,-0.400000,0.374029
170,-1.513617,0.063038,-6.781033,0.369024,0.072347,-2.022624,0.260000,0.200000,0.180000,0.000000,-0.400000,0.369024
171,-1.510030,0.061911,-6.801260,0.364235,0.064789,-2.008405,0.260000,0.200000,0.180000,0.200000,-0.400000,0.364235
172,-1.506544,0.060670,-6.821344,0.373664,0.057311,-1.993098,0.280000,0.200000,0.180000,0.000000,-0.400000,0.373664
173,-1.503042,0.059247,-6.841275,0.369313,0.050309,-1.981141,0.280000,0.200000,0.180000,0.000000,-0.400000,0.369313
174,-1.499643,0.057718,-6.861086,0.365172,0.043449,-1.968731,0.280000,0.200000,0.180000,0.200000,-0.400000,0.365172
175,-1.496347,0.056087,-6.880773,0.375242,0.036764,-1.956087,0.280000,0.200000,0.180000,0.000000,-0.400000,0.375242
176,-1.493038,0.054280,-6.900334,0.371512,0.030647,-1.949634,0.280000,0.200000,0.180000,0.000000,-0.400000,0.371512
177,-1.489831,0.052380,-6.919830,0.367978,0.024768,-1.943575,0.280000,0.200000,0.160000,0.000000,-0.400000,0.367978
178,-1.486725,0.050391,-6.939266,0.364637,0.019154,-1.938115,0.280000,0.200000,0.160000,0.200000,-0.400000,0.364637
179,-1.483718,0.048319,-6.958647,0.375488,0.013829,-1.933446,0.280000,0.200000,0.160000,0.000000,-0.400000,0.375488
180,-1.480702,0.046079,-6.977982,0.372500,0.009154,-1.938289,0.280000,0.200000,0.160000,0.000000,-0.400000,0.372500
181,-1.477781,0.043764,-6.997365,0.369682,0.004799,-1.943583,0.280000,0.200000,0.160000,0.000000,-0.400000,0.369682
182,-1.474957,0.041379,-7.016801,0.367027,0.000769,-1.949265,0.280000,0.200000,0.160000,0.000000,-0.400000,0.367027
183,-1.472225,0.038928,-7.036293,0.364529,-0.002937,-1.955244,0.260000,0.200000,0.160000,0.200000,-0.600000,0.364529
184,-1.469586,0.036413,-7.055846,0.373766,-0.007689,-2.019847,0.260000,0.200000,0.160000,0.000000,-0.600000,0.373766
185,-1.466963,0.033749,-7.076044,0.369156,-0.011707,-2.092194,0.260000,0.200000,0.160000,0.000000,-0.600000,0.369156
186,-1.464456,0.031037,-7.096966,0.364717,-0.015379,-2.161964,0.260000,0.200000,0.160000,0.200000,-0.600000,0.364717
187,-1.462063,0.028280,-7.118586,0.374452,-0.018724,-2.228393,0.260000,0.200000,0.160000,0.000000,-0.600000,0.374452
188,-1.459690,0.025378,-7.140870,0.370313,-0.021392,-2.299798,0.260000,0.200000,0.160000,0.000000,-0.600000,0.370313
189,-1.457429,0.022437,-7.163868,0.366329,-0.023789,-2.365342,0.260000,0.200000,0.160000,0.000000,-0.600000,0.366329
190,-1.455280,0.019461,-7.187521,0.362495,-0.025943,-2.424876,0.280000,0.220000,0.160000,0.200000,-0.600000,0.362495
191,-1.453243,0.016451,-7.211770,0.372806,-0.027881,-2.478391,0.300000,0.220000,0.160000,0.000000,-0.600000,0.372806
192,-1.451233,0.013299,-7.236554,0.369191,-0.029249,-2.536172,0.320000,0.220000,0.160000,0.000000,-0.600000,0.369191
193,-1.449335,0.010119,-7.261915,0.365693,-0.030459,-2.586599,0.340000,0.220000,0.160000,0.200000,-0.600000,0.365693
194,-1.447546,0.006915,-7.287781,0.376306,-0.031540,-2.630152,0.380000,0.240000,0.160000,0.200000,-0.600000,0.376306
195,-1.445794,0.003570,-7.314083,0.386947,-0.032127,-2.678052,0.420000,0.240000,0.160000,0.200000,-0.600000,0.386947
196,-1.444080,0.000085,-7.340863,0.397601,-0.032242,-2.728688,0.480000,0.240000,0.160000,0.200000,-0.400000,0.397601
197,-1.442410,-0.003537,-7.368150,0.411021,-0.029161,-2.663410,0.500000,0.240000,0.160000,0.200000,-0.600000,0.411021
198,-1.440748,-0.007308,-7.394784,0.421436,-0.028857,-2.726323,0.480000,0.220000,0.160000,0.200000,-0.600000,0.421436
199,-1.439139,-0.011213,-7.422048,0.431845,-0.028083,-2.787898,0.480000,0.220000,0.160000,0.200000,-0.600000,0.431845
200,-1.437586,-0.015253,-7.449927,0.442228,-0.026860,-2.847551,0.560000,0.220000,0.180000,0.000000,-0.400000,0.442228
201,-1.436095,-0.019424,-7.478402,0.441233,-0.022878,-2.805347,1.000000,0.200000,0.180000,0.400000,-0.400000,0.441233
202,-1.434689,-0.023613,-7.506456,0.468018,-0.019475,-2.766421,1.000000,0.200000,0.180000,0.200000,-0.400000,0.468018
203,-1.433278,-0.028080,-7.534120,0.480508,-0.015857,-2.751537,1.000000,0.220000,0.180000,0.200000,-0.400000,0.480508
204,-1.431918,-0.032691,-7.561635,0.492785,-0.012277,-2.745009,1.000000,0.240000,0.180000,0.200000,-0.400000,0.492785
205,-1.430615,-0.037445,-7.589085,0.504868,-0.008677,-2.744956,1.000000,0.260000,0.200000,0.400000,-0.400000,0.504868
206,-1.429377,-0.042340,-7.616535,0.530767,-0.005011,-2.749928,1.000000,0.280000,0.200000,0.400000,-0.400000,0.530767
207,-1.428177,-0.047511,-7.644034,0.556461,-0.000839,-2.766109,1.000000,0.320000,0.200000,0.200000,-0.400000,0.556461
208,-1.427026,-0.052955,-7.671695,0.567946,0.003893,-2.790487,1.000000,0.340000,0.200000,0.200000,-0.200000,0.567946
209,-1.425958,-0.058533,-7.699600,0.581414,0.012940,-2.637833,1.000000,0.400000,0.180000,0.400000,-0.400000,0.581414
210,-1.424936,-0.064259,-7.725978,0.606318,0.016920,-2.674582,1.000000,0.440000,0.180000,0.400000,-0.400000,0.606318
211,-1.423994,-0.070251,-7.752724,0.631059,0.021632,-2.714944,1.000000,0.440000,0.160000,0.400000,-0.400000,0.631059
212,-1.423141,-0.076507,-7.779874,0.655613,0.027091,-2.757662,1.000000,0.420000,0.160000,0.400000,-0.400000,0.655613
213,-1.422385,-0.083025,-7.807450,0.679956,0.033308,-2.801714,1.000000,0.420000,0.160000,0.400000,-0.400000,0.679956
214,-1.421736,-0.089802,-7.835467,0.704062,0.040293,-2.846276,1.000000,0.940000,0.160000,0.400000,-0.400000,0.704062
215,-1.421203,-0.096834,-7.863930,0.727905,0.048053,-2.890683,1.000000,1.000000,0.180000,0.400000,-0.400000,0.727905
216,-1.420795,-0.104117,-7.892837,0.751455,0.056593,-2.934407,1.000000,1.000000,0.200000,0.400000,-0.400000,0.751455
217,-1.420522,-0.111648,-7.922181,0.774684,0.065915,-2.977035,0.960000,1.000000,0.220000,0.400000,-0.200000,0.774684
218,-1.420392,-0.119422,-7.951951,0.799707,0.078611,-2.907384,0.900000,1.000000,0.240000,0.200000,-0.400000,0.799707
219,-1.420392,-0.127457,-7.981025,0.808190,0.088641,-2.950928,0.840000,1.000000,0.260000,0.200000,-0.400000,0.808190
220,-1.420536,-0.135586,-8.010535,0.816306,0.099012,-2.989882,0.800000,1.000000,0.300000,0.200000,-0.400000,0.816306
221,-1.420831,-0.143804,-8.040433,0.824039,0.109694,-3.024718,0.760000,1.000000,0.360000,0.200000,-0.400000,0.824039
222,-1.421281,-0.152105,-8.070681,0.831378,0.120663,-3.055860,0.640000,1.000000,0.380000,0.000000,-0.400000,0.831378
223,-1.421890,-0.160484,-8.101239,0.824313,0.131893,-3.083691,0.620000,1.000000,0.360000,0.000000,-0.400000,0.824313
224,-1.422629,-0.168799,-8.132076,0.816834,0.142878,-3.106493,0.600000,1.000000,0.360000,0.000000,-0.400000,0.816834
225,-1.423497,-0.177046,-8.163141,0.808952,0.153582,-3.125025,0.560000,1.000000,0.480000,0.000000,-0.400000,0.808952
226,-1.424495,-0.185219,-8.194391,0.800678,0.163978,-3.139936,0.540000,1.000000,1.000000,0.000000,-0.200000,0.800678
227,-1.425623,-0.193314,-8.225791,0.794085,0.175340,-3.096191,0.520000,1.000000,1.000000,0.000000,-0.200000,0.794085
228,-1.426874,-0.201349,-8.256753,0.787168,0.185825,-3.057016,0.500000,0.980000,1.000000,0.000000,-0.200000,0.787168
229,-1.428250,-0.209319,-8.287323,0.779960,0.195505,-3.021845,0.480000,0.900000,1.000000,0.000000,-0.200000,0.779960
230,-1.429751,-0.217219,-8.317541,0.772492,0.204442,-2.990203,0.480000,0.860000,1.000000,0.000000,-0.400000,0.772492
231,-1.431376,-0.225043,-8.347443,0.762765,0.211857,-2.997307,0.460000,0.800000,1.000000,0.000000,-0.400000,0.762765
232,-1.433124,-0.232764,-8.377416,0.752785,0.218926,-3.002924,0.440000,0.760000,1.000000,0.200000,-0.400000,0.752785
233,-1.434990,-0.240378,-8.407445,0.756566,0.225638,-3.007263,0.440000,0.720000,1.000000,0.200000,-0.400000,0.756566
234,-1.437048,-0.248000,-8.437518,0.760124,0.232443,-3.011440,0.420000,0.680000,1.000000,0.200000,-0.400000,0.760124
235,-1.439296,-0.255624,-8.467632,0.763456,0.239337,-3.015453,0.420000,0.580000,1.000000,0.200000,-0.400000,0.763456
236,-1.441736,-0.263244,-8.497787,0.766561,0.246312,-3.019306,0.400000,0.560000,1.000000,0.200000,-0.400000,0.766561
237,-1.444367,-0.270854,-8.527980,0.769434,0.253361,-3.023001,0.400000,0.520000,1.000000,0.200000,-0.400000,0.769434
238,-1.447189,-0.278447,-8.558210,0.772076,0.260479,-3.026543,0.380000,0.500000,1.000000,0.200000,-0.400000,0.772076
239,-1.450203,-0.286017,-8.588476,0.774483,0.267658,-3.029936,0.380000,0.480000,0.960000,0.200000,-0.400000,0.774483
240,-1.453407,-0.293559,-8.618775,0.776654,0.274891,-3.033188,0.360000,0.460000,0.900000,0.000000,-0.400000,0.776654
241,-1.456801,-0.301066,-8.649107,0.764587,0.282173,-3.036305,0.360000,0.460000,0.840000,0.000000,-0.400000,0.764587
242,-1.460284,-0.308435,-8.679470,0.752279,0.289039,-3.038706,0.340000,0.440000,0.780000,0.000000,-0.400000,0.752279
243,-1.463852,-0.315661,-8.709857,0.739745,0.295481,-3.040513,0.340000,0.420000,0.720000,0.000000,-0.400000,0.739745
244,-1.467501,-0.322741,-8.740262,0.727000,0.301494,-3.041829,0.340000,0.400000,0.680000,0.000000,-0.400000,0.727000
245,-1.471227,-0.329674,-8.770680,0.714059,0.307073,-3.042747,0.320000,0.400000,0.640000,0.000000,-0.400000,0.714059
246,-1.475026,-0.336456,-8.801108,0.700936,0.312212,-3.043346,0.320000,0.380000,0.620000,0.000000,-0.400000,0.700936
247,-1.478892,-0.343083,-8.831541,0.687647,0.316908,-3.043694,0.320000,0.360000,0.580000,0.000000,-0.400000,0.687647
248,-1.482822,-0.349555,-8.861978,0.674207,0.321159,-3.043853,0.320000,0.360000,0.480000,0.000000,-0.400000,0.674207
249,-1.486811,-0.355869,-8.892417,0.660630,0.324961,-3.043874,0.300000,0.340000,0.460000,0.000000,-0.400000,0.660630
250,-1.490853,-0.362022,-8.922855,0.646931,0.328314,-3.043802,0.300000,0.340000,0.440000,0.000000,-0.400000,0.646931
251,-1.494945,-0.368013,-8.953293,0.633124,0.331215,-3.043678,0.300000,0.320000,0.420000,0.000000,-0.400000,0.633124
252,-1.499081,-0.373839,-8.983730,0.619224,0.333664,-3.043535,0.300000,0.320000,0.400000,0.000000,-0.400000,0.619224
253,-1.503256,-0.379500,-9.014166,0.605245,0.335661,-3.043401,0.280000,0.320000,0.400000,0.000000,-0.400000,0.605245
254,-1.507466,-0.384993,-9.044600,0.591201,0.337206,-3.043303,0.280000,0.300000,0.380000,0.000000,-0.400000,0.591201
255,-1.511705,-0.390319,-9.075033,0.577107,0.338299,-3.043261,0.280000,0.300000,0.360000,0.000000,-0.400000,0.577107
256,-1.515967,-0.395474,-9.105465,0.562975,0.338941,-3.043295,0.280000,0.300000,0.360000,0.000000,-0.400000,0.562975
257,-1.520248,-0.400460,-9.135898,0.548820,0.339133,-3.043418,0.280000,0.280000,0.340000,0.000000,-0.400000,0.548820
258,-1.524543,-0.405274,-9.166332,0.534656,0.338877,-3.043644,0.280000,0.280000,0.320000,0.000000,-0.400000,0.534656
259,-1.528846,-0.409917,-9.196769,0.520495,0.338174,-3.043982,0.260000,0.280000,0.320000,0.000000,-0.400000,0.520495
260,-1.533152,-0.414387,-9.227209,0.506353,0.337027,-3.044442,0.260000,0.260000,0.300000,0.000000,-0.400000,0.506353
261,-1.537455,-0.418686,-9.257653,0.492241,0.335438,-3.045029,0.260000,0.260000,0.300000,0.000000,-0.400000,0.492241
262,-1.541751,-0.422812,-9.288103,0.478173,0.333410,-3.045748,0.260000,0.260000,0.280000,0.000000,-0.400000,0.478173
263,-1.546034,-0.426767,-9.318561,0.464163,0.330946,-3.046601,0.260000,0.260000,0.280000,0.000000,-0.400000,0.464163
264,-1.550298,-0.430550,-9.349027,0.450223,0.328049,-3.047590,0.260000,0.260000,0.280000,0.000000,-0.400000,0.450223
265,-1.554539,-0.434162,-9.379503,0.436367,0.324723,-3.048714,0.260000,0.240000,0.260000,0.000000,-0.400000,0.436367
266,-1.558752,-0.437603,-9.409990,0.422607,0.320971,-3.049971,0.260000,0.240000,0.260000,0.000000,-0.400000,0.422607
267,-1.562930,-0.440875,-9.440490,0.408956,0.316799,-3.051358,0.260000,0.240000,0.260000,0.000000,-0.400000,0.408956
268,-1.567069,-0.443978,-9.471003,0.395427,0.312209,-3.052869,0.260000,0.240000,0.240000,0.000000,-0.400000,0.395427
269,-1.571163,-0.446914,-9.501532,0.382033,0.307207,-3.054499,0.260000,0.240000,0.240000,0.000000,-0.400000,0.382033
270,-1.575208,-0.449684,-9.532077,0.368785,0.301798,-3.056238,0.260000,0.240000,0.240000,0.000000,-0.400000,0.368785
271,-1.579197,-0.452290,-9.562639,0.355698,0.295987,-3.058077,0.260000,0.220000,0.240000,0.200000,-0.400000,0.355698
272,-1.583127,-0.454733,-9.593220,0.356782,0.289780,-3.060002,0.260000,0.220000,0.220000,0.200000,-0.400000,0.356782
273,-1.587131,-0.456992,-9.623820,0.358054,0.283623,-3.061505,0.260000,0.220000,0.220000,0.200000,-0.400000,0.358054
274,-1.591201,-0.459064,-9.654435,0.359516,0.277523,-3.062554,0.260000,0.220000,0.220000,0.200000,-0.400000,0.359516
275,-1.595334,-0.460948,-9.685061,0.361166,0.271484,-3.063120,0.260000,0.220000,0.220000,0.200000,-0.400000,0.361166
276,-1.599522,-0.462642,-9.715692,0.363005,0.265511,-3.063172,0.260000,0.220000,0.220000,0.200000,-0.400000,0.363005
277,-1.603762,-0.464144,-9.746324,0.365033,0.259610,-3.062678,0.260000,0.220000,0.200000,0.200000,-0.400000,0.365033
278,-1.608045,-0.465454,-9.776950,0.367249,0.253787,-3.061608,0.260000,0.220000,0.200000,0.000000,-0.400000,0.367249
279,-1.612368,-0.466569,-9.807566,0.355653,0.248046,-3.059931,0.260000,0.220000,0.200000,0.200000,-0.400000,0.355653
280,-1.616593,-0.467541,-9.838166,0.358239,0.241944,-3.058132,0.260000,0.220000,0.200000,0.200000,-0.400000,0.358239
281,-1.620846,-0.468318,-9.868747,0.361023,0.235936,-3.055611,0.280000,0.220000,0.200000,0.200000,-0.400000,0.361023
282,-1.625120,-0.468898,-9.899303,0.364006,0.230028,-3.052331,0.280000,0.220000,0.200000,0.200000,-0.400000,0.364006
283,-1.629408,-0.469281,-9.929826,0.367186,0.224225,-3.048260,0.280000,0.220000,0.180000,0.000000,-0.400000,0.367186
284,-1.633707,-0.469466,-9.960309,0.356563,0.218533,-3.043364,0.280000,0.220000,0.180000,0.200000,-0.400000,0.356563
285,-1.637888,-0.469526,-9.990743,0.360126,0.212504,-3.038120,0.280000,0.220000,0.180000,0.200000,-0.400000,0.360126
286,-1.642068,-0.469389,-10.021124,0.363897,0.206597,-3.031908,0.280000,0.220000,0.180000,0.200000,-0.400000,0.363897
287,-1.646239,-0.469055,-10.051443,0.367872,0.200819,-3.024698,0.260000,0.220000,0.180000,0.000000,-0.400000,0.367872
288,-1.650396,-0.468524,-10.081690,0.358050,0.195173,-3.016469,0.260000,0.220000,0.180000,0.200000,-0.400000,0.358050
289,-1.654423,-0.467883,-10.111855,0.362420,0.189212,-3.007638,0.260000,0.220000,0.180000,0.200000,-0.400000,0.362420
290,-1.658425,-0.467047,-10.141931,0.367003,0.183396,-2.997630,0.260000,0.220000,0.180000,0.000000,-0.400000,0.367003
291,-1.662397,-0.466017,-10.171907,0.357795,0.177730,-2.986438,0.260000,0.220000,0.180000,0.200000,-0.400000,0.357795
292,-1.666229,-0.464890,-10.201772,0.362785,0.171766,-2.974401,0.260000,0.220000,0.180000,0.200000,-0.400000,0.362785
293,-1.670020,-0.463571,-10.231516,0.367993,0.165965,-2.961021,0.260000,0.220000,0.180000,0.000000,-0.400000,0.367993
294,-1.673765,-0.462062,-10.261126,0.359415,0.160333,-2.946326,0.280000,0.220000,0.160000,0.200000,-0.400000,0.359415
295,-1.677364,-0.460469,-10.290589,0.365040,0.154419,-2.930510,0.300000,0.220000,0.160000,0.200000,-0.400000,0.365040
296,-1.680905,-0.458689,-10.319894,0.370886,0.148687,-2.913250,0.300000,0.220000,0.160000,0.000000,-0.400000,0.370886
297,-1.684385,-0.456725,-10.349027,0.362948,0.143139,-2.894627,0.320000,0.220000,0.160000,0.200000,-0.400000,0.362948
298,-1.687714,-0.454691,-10.377973,0.369215,0.137329,-2.874609,0.340000,0.240000,0.160000,0.000000,-0.400000,0.369215
299,-1.690972,-0.452476,-10.406719,0.361703,0.131717,-2.853177,0.380000,0.240000,0.160000,0.200000,-0.400000,0.361703
300,-1.694076,-0.450199,-10.435251,0.368400,0.125859,-2.830124,0.420000,0.240000,0.160000,0.200000,-0.400000,0.368400
301,-1.697100,-0.447748,-10.463552,0.375322,0.120212,-2.805677,0.420000,0.240000,0.160000,0.200000,-0.400000,0.375322
302,-1.700040,-0.445123,-10.491609,0.382464,0.114778,-2.780080,0.420000,0.240000,0.160000,0.200000,-0.400000,0.382464
303,-1.702892,-0.442328,-10.519410,0.389816,0.109562,-2.753619,0.400000,0.220000,0.180000,0.200000,-0.400000,0.389816
304,-1.705652,-0.439366,-10.546946,0.397372,0.104568,-2.726623,0.400000,0.220000,0.180000,0.200000,-0.400000,0.397372
305,-1.708318,-0.436239,-10.574212,0.405121,0.099799,-2.699453,0.480000,0.220000,0.180000,0.200000,-0.400000,0.405121
306,-1.710886,-0.432950,-10.601207,0.413055,0.095259,-2.672497,0.700000,0.220000,0.180000,0.000000,-0.400000,0.413055
307,-1.713352,-0.429503,-10.627932,0.407164,0.090955,-2.646158,1.000000,0.200000,0.180000,0.400000,-0.400000,0.407164
308,-1.715664,-0.426030,-10.654393,0.429434,0.086460,-2.618589,1.000000,0.220000,0.180000,0.400000,-0.400000,0.429434
309,-1.717916,-0.422273,-10.680579,0.451876,0.082647,-2.594691,1.000000,0.220000,0.180000,0.200000,-0.400000,0.451876
310,-1.720102,-0.418232,-10.706526,0.460461,0.079519,-2.575456,1.000000,0.240000,0.180000,0.200000,-0.400000,0.460461
311,-1.722177,-0.414045,-10.732281,0.469160,0.076655,-2.558518,1.000000,0.240000,0.180000,0.200000,-0.400000,0.469160
312,-1.724138,-0.409715,-10.757866,0.477962,0.074062,-2.544099,1.000000,0.260000,0.200000,0.400000,-0.400000,0.477962
313,-1.725983,-0.405244,-10.783307,0.500856,0.071749,-2.532365,1.000000,0.300000,0.200000,0.400000,-0.400000,0.500856
314,-1.727740,-0.400499,-10.808630,0.523828,0.070148,-2.526908,1.000000,0.320000,0.200000,0.400000,-0.400000,0.523828
315,-1.729402,-0.395482,-10.833899,0.546852,0.069268,-2.527720,1.000000,0.360000,0.180000,0.400000,-0.400000,0.546852
316,-1.730966,-0.390197,-10.859177,0.569900,0.069120,-2.534542,1.000000,0.360000,0.180000,0.400000,-0.400000,0.569900
317,-1.732426,-0.384645,-10.884522,0.592946,0.069713,-2.546925,1.000000,0.360000,0.180000,0.400000,-0.400000,0.592946
318,-1.733776,-0.378829,-10.909991,0.615963,0.071054,-2.564286,1.000000,0.360000,0.160000,0.400000,-0.400000,0.615963
319,-1.735010,-0.372753,-10.935634,0.638926,0.073153,-2.585967,1.000000,0.340000,0.160000,0.200000,-0.400000,0.638926
320,-1.736123,-0.366419,-10.961494,0.647809,0.076016,-2.611279,1.000000,0.340000,0.160000,0.200000,-0.400000,0.647809
321,-1.737104,-0.359970,-10.987607,0.656586,0.079217,-2.636349,1.000000,1.000000,0.160000,0.400000,-0.400000,0.656586
322,-1.737948,-0.353411,-11.013970,0.679246,0.082749,-2.661045,1.000000,1.000000,0.160000,0.400000,-0.400000,0.679246
323,-1.738651,-0.346604,-11.040581,0.701777,0.087041,-2.688256,1.000000,1.000000,0.180000,0.400000,-0.400000,0.701777
324,-1.739205,-0.339554,-11.067463,0.724152,0.092095,-2.717385,0.960000,1.000000,0.180000,0.400000,-0.400000,0.724152
325,-1.739603,-0.332266,-11.094637,0.746345,0.097915,-2.747882,0.920000,1.000000,0.200000,0.200000,-0.400000,0.746345
326,-1.739839,-0.324742,-11.122116,0.754329,0.104502,-2.779252,0.860000,1.000000,0.220000,0.200000,-0.400000,0.754329
327,-1.739924,-0.317127,-11.149908,0.762077,0.111407,-2.808550,0.820000,1.000000,0.260000,0.200000,-0.400000,0.762077
328,-1.739853,-0.309425,-11.177994,0.769578,0.118615,-2.835870,0.780000,1.000000,0.300000,0.200000,-0.400000,0.769578
329,-1.739624,-0.301642,-11.206353,0.776821,0.126108,-2.861304,0.740000,1.000000,0.300000,0.200000,-0.400000,0.776821
330,-1.739231,-0.293782,-11.234966,0.783797,0.133872,-2.884950,0.720000,1.000000,0.280000,0.200000,-0.400000,0.783797
331,-1.738674,-0.285850,-11.263815,0.790497,0.141891,-2.906902,0.680000,1.000000,0.280000,0.000000,-0.400000,0.790497
332,-1.737947,-0.277852,-11.292884,0.782912,0.150149,-2.927256,0.660000,1.000000,0.280000,0.000000,-0.400000,0.782912
333,-1.737089,-0.269926,-11.322157,0.775033,0.158170,-2.944267,0.640000,1.000000,0.460000,0.000000,-0.400000,0.775033
334,-1.736100,-0.262078,-11.351599,0.766871,0.165929,-2.958370,0.620000,1.000000,0.940000,0.000000,-0.400000,0.766871
335,-1.734983,-0.254312,-11.381183,0.758436,0.173408,-2.969948,0.580000,1.000000,1.000000,0.000000,-0.400000,0.758436
336,-1.733737,-0.246632,-11.410883,0.749740,0.180586,-2.979334,0.560000,0.960000,1.000000,0.000000,-0.400000,0.749740
337,-1.732364,-0.239044,-11.440676,0.740795,0.187450,-2.986818,0.560000,0.900000,1.000000,0.000000,-0.400000,0.740795
338,-1.730867,-0.231551,-11.470544,0.731614,0.193987,-2.992655,0.540000,0.860000,1.000000,0.000000,-0.400000,0.731614
339,-1.729246,-0.224157,-11.500471,0.722210,0.200184,-2.997065,0.520000,0.800000,1.000000,0.000000,-0.400000,0.722210
340,-1.727505,-0.216868,-11.530441,0.712597,0.206033,-3.000241,0.500000,0.760000,1.000000,0.000000,-0.400000,0.712597
341,-1.725645,-0.209687,-11.560444,0.702787,0.211525,-3.002350,0.500000,0.720000,1.000000,0.000000,-0.400000,0.702787
342,-1.723669,-0.202618,-11.590467,0.692795,0.216654,-3.003539,0.480000,0.680000,1.000000,0.400000,-0.400000,0.692795
343,-1.721581,-0.195666,-11.620503,0.710633,0.221414,-3.003934,0.420000,0.660000,1.000000,0.200000,-0.400000,0.710633
344,-1.719219,-0.188608,-11.650542,0.714323,0.226722,-3.005321,0.400000,0.620000,1.000000,0.200000,-0.400000,0.714323
345,-1.716666,-0.181562,-11.680595,0.717841,0.232113,-3.006772,0.400000,0.600000,1.000000,0.200000,-0.400000,0.717841
346,-1.713922,-0.174534,-11.710663,0.721186,0.237586,-3.008273,0.380000,0.580000,1.000000,0.200000,-0.400000,0.721186
347,-1.710987,-0.167531,-11.740746,0.724353,0.243134,-3.009813,0.380000,0.560000,0.960000,0.200000,-0.400000,0.724353
348,-1.707862,-0.160559,-11.770844,0.727342,0.248754,-3.011381,0.380000,0.540000,0.900000,0.200000,-0.400000,0.727342
349,-1.704548,-0.153623,-11.800957,0.730149,0.254440,-3.012970,0.360000,0.520000,0.840000,0.000000,-0.400000,0.730149
350,-1.701046,-0.146729,-11.831087,0.718773,0.260189,-3.014572,0.360000,0.500000,0.780000,0.000000,-0.400000,0.718773
351,-1.697461,-0.139978,-11.861233,0.707209,0.265539,-3.015562,0.340000,0.480000,0.740000,0.000000,-0.400000,0.707209
352,-1.693796,-0.133372,-11.891388,0.695470,0.270485,-3.016037,0.340000,0.460000,0.700000,0.000000,-0.400000,0.695470
353,-1.690057,-0.126915,-11.921549,0.683572,0.275024,-3.016082,0.340000,0.460000,0.660000,0.000000,-0.400000,0.683572
354,-1.686247,-0.120608,-11.951710,0.671528,0.279151,-3.015773,0.340000,0.440000,0.620000,0.000000,-0.400000,0.671528
355,-1.682370,-0.114455,-11.981867,0.659352,0.282865,-3.015172,0.320000,0.420000,0.600000,0.000000,-0.400000,0.659352
356,-1.678432,-0.108458,-12.012019,0.647058,0.286163,-3.014337,0.320000,0.420000,0.560000,0.000000,-0.400000,0.647058
357,-1.674437,-0.102618,-12.042163,0.634660,0.289044,-3.013315,0.320000,0.400000,0.540000,0.000000,-0.400000,0.634660
358,-1.670389,-0.096939,-12.072296,0.622172,0.291507,-3.012148,0.300000,0.400000,0.520000,0.000000,-0.400000,0.622172
359,-1.666294,-0.091423,-12.102417,0.609607,0.293552,-3.010873,0.300000,0.340000,0.500000,0.000000,-0.400000,0.609607
360,-1.662156,-0.086069,-12.132526,0.596979,0.295179,-3.009519,0.300000,0.320000,0.480000,0.000000,-0.400000,0.596979
361,-1.657980,-0.080882,-12.162621,0.584301,0.296389,-3.008114,0.300000,0.320000,0.460000,0.000000,-0.400000,0.584301
362,-1.653771,-0.075861,-12.192702,0.571586,0.297182,-3.006678,0.300000,0.320000,0.440000,0.000000,-0.400000,0.571586
363,-1.649535,-0.071007,-12.222769,0.558847,0.297560,-3.005229,0.280000,0.300000,0.420000,0.000000,-0.400000,0.558847
364,-1.645275,-0.066323,-12.252821,0.546097,0.297524,-3.003784,0.280000,0.300000,0.420000,0.000000,-0.400000,0.546097
365,-1.640998,-0.061808,-12.282859,0.533349,0.297076,-3.002353,0.280000,0.300000,0.400000,0.000000,-0.400000,0.533349
366,-1.636709,-0.057464,-12.312883,0.520616,0.296219,-3.000944,0.280000,0.280000,0.380000,0.000000,-0.400000,0.520616
367,-1.632412,-0.053291,-12.342892,0.507909,0.294956,-2.999565,0.280000,0.280000,0.380000,0.000000,-0.400000,0.507909
368,-1.628113,-0.049289,-12.372888,0.495243,0.293288,-2.998218,0.280000,0.280000,0.360000,0.000000,-0.400000,0.495243
369,-1.623817,-0.045459,-12.402870,0.482627,0.291220,-2.996905,0.280000,0.280000,0.360000,0.000000,-0.400000,0.482627
370,-1.619529,-0.041800,-12.432839,0.470076,0.288755,-2.995624,0.280000,0.260000,0.340000,0.000000,-0.400000,0.470076
371,-1.615254,-0.038312,-12.462795,0.457601,0.285897,-2.994371,0.260000,0.260000,0.340000,0.000000,-0.400000,0.457601
372,-1.610998,-0.034996,-12.492739,0.445214,0.282649,-2.993141,0.260000,0.260000,0.320000,0.000000,-0.400000,0.445214
373,-1.606766,-0.031849,-12.522670,0.432926,0.279016,-2.991925,0.260000,0.260000,0.320000,0.000000,-0.400000,0.432926
374,-1.602563,-0.028873,-12.552590,0.420750,0.275003,-2.990711,0.260000,0.260000,0.260000,0.000000,-0.400000,0.420750
375,-1.598394,-0.026065,-12.582497,0.408696,0.270614,-2.989485,0.260000,0.240000,0.260000,0.000000,-0.400000,0.408696
376,-1.594264,-0.023425,-12.612392,0.396777,0.265854,-2.988230,0.260000,0.240000,0.260000,0.000000,-0.400000,0.396777
377,-1.590178,-0.020952,-12.642274,0.385004,0.260730,-2.986925,0.260000,0.240000,0.260000,0.000000,-0.400000,0.385004
378,-1.586141,-0.018644,-12.672143,0.373388,0.255245,-2.985545,0.260000,0.240000,0.240000,0.000000,-0.400000,0.373388
379,-1.582159,-0.016500,-12.701999,0.361940,0.249408,-2.984060,0.260000,0.240000,0.240000,0.200000,-0.400000,0.361940
380,-1.578235,-0.014518,-12.731839,0.364672,0.243224,-2.982435,0.260000,0.240000,0.240000,0.200000,-0.400000,0.364672
381,-1.574238,-0.012720,-12.761663,0.367600,0.237137,-2.980114,0.260000,0.240000,0.240000,0.000000,-0.400000,0.367600
382,-1.570171,-0.011107,-12.791465,0.356724,0.231153,-2.977065,0.260000,0.240000,0.220000,0.200000,-0.400000,0.356724
383,-1.566178,-0.009650,-12.821235,0.360036,0.224838,-2.973747,0.260000,0.240000,0.220000,0.200000,-0.400000,0.360036
384,-1.562127,-0.008382,-12.850973,0.363553,0.218637,-2.969569,0.280000,0.220000,0.220000,0.200000,-0.400000,0.363553
385,-1.558024,-0.007304,-12.880668,0.367275,0.212558,-2.964495,0.280000,0.220000,0.220000,0.000000,-0.400000,0.367275
386,-1.553874,-0.006418,-12.910313,0.357201,0.206605,-2.958495,0.280000,0.220000,0.220000,0.200000,-0.400000,0.357201
387,-1.549815,-0.005678,-12.939898,0.361319,0.200340,-2.951998,0.280000,0.220000,0.200000,0.200000,-0.400000,0.361319
388,-1.545720,-0.005131,-12.969418,0.365650,0.194214,-2.944422,0.280000,0.220000,0.200000,0.200000,-0.400000,0.365650
389,-1.541594,-0.004778,-12.998863,0.370192,0.188232,-2.935746,0.280000,0.220000,0.200000,0.000000,-0.400000,0.370192
390,-1.537444,-0.004621,-13.028220,0.360941,0.182400,-2.925959,0.280000,0.220000,0.200000,0.200000,-0.400000,0.360941
391,-1.533400,-0.004596,-13.057480,0.365887,0.176276,-2.915382,0.280000,0.220000,0.200000,0.200000,-0.400000,0.365887
392,-1.529343,-0.004768,-13.086633,0.371050,0.170315,-2.903546,0.260000,0.220000,0.200000,0.000000,-0.400000,0.371050
393,-1.525276,-0.005134,-13.115669,0.362425,0.164521,-2.890468,0.260000,0.220000,0.200000,0.200000,-0.400000,0.362425
394,-1.521326,-0.005623,-13.144574,0.368001,0.158454,-2.876336,0.260000,0.220000,0.200000,0.000000,-0.400000,0.368001
395,-1.517379,-0.006308,-13.173337,0.359796,0.152566,-2.860838,0.240000,0.220000,0.180000,0.200000,-0.400000,0.359796
396,-1.513553,-0.007107,-13.201945,0.365799,0.146421,-2.844062,0.240000,0.220000,0.180000,0.200000,-0.400000,0.365799
397,-1.509740,-0.008100,-13.230386,0.372027,0.140468,-2.825820,0.260000,0.220000,0.180000,0.000000,-0.400000,0.372027
398,-1.505945,-0.009286,-13.258644,0.364476,0.134714,-2.806228,0.260000,0.220000,0.180000,0.200000,-0.400000,0.364476
399,-1.502279,-0.010576,-13.286706,0.371131,0.128721,-2.785085,0.260000,0.220000,0.180000,0.000000,-0.400000,0.371131
400,-1.498641,-0.012056,-13.314557,0.364011,0.122940,-2.762605,0.280000,0.220000,0.180000,0.200000,-0.400000,0.364011
401,-1.495136,-0.013632,-13.342183,0.371102,0.116937,-2.738364,0.280000,0.220000,0.180000,0.000000,-0.400000,0.371102
402,-1.491668,-0.015396,-13.369567,0.364419,0.111160,-2.712902,0.280000,0.240000,0.180000,0.200000,-0.400000,0.364419
403,-1.488338,-0.017246,-13.396696,0.371948,0.105180,-2.685503,0.300000,0.240000,0.180000,0.000000,-0.400000,0.371948
404,-1.485052,-0.019282,-13.423551,0.365704,0.099441,-2.657151,0.320000,0.240000,0.180000,0.200000,-0.400000,0.365704
405,-1.481907,-0.021396,-13.450122,0.373671,0.093520,-2.626755,0.320000,0.240000,0.180000,0.000000,-0.400000,0.373671
406,-1.478814,-0.023692,-13.476390,0.367863,0.087858,-2.595875,0.340000,0.240000,0.180000,0.000000,-0.400000,0.367863
407,-1.475862,-0.026057,-13.502349,0.362264,0.082038,-2.562958,0.360000,0.240000,0.180000,0.200000,-0.200000,0.362264
408,-1.473053,-0.028487,-13.527978,0.372989,0.078081,-2.442180,0.400000,0.220000,0.180000,0.200000,-0.400000,0.372989
409,-1.470279,-0.031099,-13.552400,0.381808,0.072074,-2.412203,0.420000,0.220000,0.180000,0.200000,-0.400000,0.381808
410,-1.467570,-0.033885,-13.576522,0.390838,0.066389,-2.383478,0.460000,0.220000,0.180000,0.200000,-0.400000,0.390838
411,-1.464930,-0.036842,-13.600357,0.400065,0.061040,-2.356826,0.460000,0.200000,0.180000,0.200000,-0.400000,0.400065
412,-1.462359,-0.039968,-13.623925,0.409476,0.056041,-2.333043,0.460000,0.200000,0.180000,0.200000,-0.400000,0.409476
413,-1.459860,-0.043260,-13.647256,0.419056,0.051408,-2.312845,0.460000,0.200000,0.180000,0.200000,-0.400000,0.419056
414,-1.457435,-0.046716,-13.670384,0.428788,0.047157,-2.296839,0.460000,0.200000,0.180000,0.200000,-0.400000,0.428788
415,-1.455084,-0.050333,-13.693352,0.438658,0.043302,-2.285476,0.480000,0.200000,0.180000,0.200000,-0.400000,0.438658
416,-1.452810,-0.054108,-13.716207,0.448650,0.039855,-2.279040,0.600000,0.220000,0.180000,0.200000,-0.200000,0.448650
417,-1.450613,-0.058040,-13.738998,0.460912,0.039859,-2.148041,0.840000,0.220000,0.180000,0.200000,-0.400000,0.460912
418,-1.448458,-0.062134,-13.760478,0.471020,0.036609,-2.160605,1.000000,0.220000,0.180000,0.200000,-0.400000,0.471020
419,-1.446385,-0.066380,-13.782084,0.481221,0.033852,-2.177626,1.000000,0.240000,0.200000,0.200000,-0.400000,0.481221
420,-1.444395,-0.070774,-13.803860,0.491499,0.031590,-2.198755,1.000000,0.240000,0.200000,0.200000,-0.200000,0.491499
421,-1.442488,-0.075315,-13.825848,0.504006,0.032951,-2.089743,1.000000,0.260000,0.180000,0.400000,-0.200000,0.504006
422,-1.440631,-0.080012,-13.846745,0.530466,0.033933,-1.999392,1.000000,0.260000,0.180000,0.400000,-0.200000,0.530466
423,-1.438786,-0.084997,-13.866739,0.556887,0.034999,-1.930338,1.000000,0.280000,0.180000,0.200000,-0.200000,0.556887
424,-1.436961,-0.090270,-13.886043,0.569273,0.036236,-1.878896,1.000000,0.280000,0.160000,0.200000,-0.200000,0.569273
425,-1.435196,-0.095694,-13.904832,0.581626,0.037382,-1.837310,1.000000,0.300000,0.160000,0.200000,-0.200000,0.581626
426,-1.433493,-0.101268,-13.923205,0.593951,0.038493,-1.804161,1.000000,0.320000,0.160000,0.200000,-0.200000,0.593951
427,-1.431856,-0.106991,-13.941246,0.606248,0.039614,-1.778256,1.000000,0.340000,0.140000,0.200000,-0.200000,0.606248
428,-1.430287,-0.112860,-13.959029,0.618519,0.040782,-1.758587,1.000000,0.380000,0.140000,0.400000,-0.400000,0.618519
429,-1.428789,-0.118875,-13.976615,0.642626,0.039563,-1.849667,1.000000,0.400000,0.140000,0.400000,-0.400000,0.642626
430,-1.427372,-0.125155,-13.995111,0.666736,0.039469,-1.942065,1.000000,0.400000,0.140000,0.400000,-0.400000,0.666736
431,-1.426037,-0.131700,-14.014532,0.690820,0.040493,-2.034472,1.000000,0.380000,0.140000,0.400000,-0.400000,0.690820
432,-1.424790,-0.138507,-14.034877,0.714851,0.042626,-2.125795,1.000000,0.380000,0.140000,0.200000,-0.400000,0.714851
433,-1.423636,-0.145574,-14.056135,0.724795,0.045857,-2.215145,1.000000,0.380000,0.160000,0.200000,-0.400000,0.724795
434,-1.422592,-0.152761,-14.078286,0.734624,0.049803,-2.298503,1.000000,0.360000,0.160000,0.200000,-0.400000,0.734624
435,-1.421663,-0.160065,-14.101271,0.744314,0.054418,-2.375992,1.000000,0.500000,0.160000,0.400000,-0.400000,0.744314
436,-1.420852,-0.167484,-14.125031,0.767841,0.059659,-2.447805,1.000000,1.000000,0.180000,0.400000,-0.400000,0.767841
437,-1.420162,-0.175155,-14.149509,0.791181,0.065887,-2.517300,1.000000,1.000000,0.180000,0.400000,-0.200000,0.791181
438,-1.419601,-0.183074,-14.174682,0.816430,0.075458,-2.482821,1.000000,1.000000,0.200000,0.400000,-0.400000,0.816430
439,-1.419153,-0.191261,-14.199510,0.839284,0.082829,-2.550286,0.980000,1.000000,0.200000,0.400000,-0.200000,0.839284
440,-1.418849,-0.199689,-14.225013,0.863992,0.093308,-2.523634,0.920000,1.000000,0.220000,0.200000,-0.400000,0.863992
441,-1.418678,-0.208378,-14.250250,0.872299,0.101876,-2.587642,0.880000,1.000000,0.240000,0.200000,-0.400000,0.872299
442,-1.418650,-0.217160,-14.276126,0.880301,0.110998,-2.645984,0.840000,1.000000,0.280000,0.200000,-0.400000,0.880301
443,-1.418770,-0.226032,-14.302586,0.887979,0.120629,-2.699055,0.800000,1.000000,0.320000,0.200000,-0.400000,0.887979
444,-1.419042,-0.234989,-14.329576,0.895312,0.130727,-2.747246,0.760000,1.000000,0.300000,0.200000,-0.400000,0.895312
445,-1.419471,-0.244027,-14.357049,0.902284,0.141255,-2.790938,0.720000,1.000000,0.300000,0.200000,-0.400000,0.902284
446,-1.420061,-0.253141,-14.384958,0.908880,0.152175,-2.830495,0.700000,1.000000,0.280000,0.000000,-0.400000,0.908880
447,-1.420815,-0.262325,-14.413263,0.901085,0.163452,-2.866266,0.660000,1.000000,0.280000,0.000000,-0.400000,0.901085
448,-1.421698,-0.271440,-14.441926,0.892887,0.174604,-2.896806,0.580000,1.000000,0.400000,0.000000,-0.400000,0.892887
449,-1.422712,-0.280482,-14.470894,0.884291,0.185584,-2.922792,0.560000,1.000000,1.000000,0.000000,-0.400000,0.884291
450,-1.423855,-0.289444,-14.500122,0.875305,0.196353,-2.944828,0.540000,1.000000,1.000000,0.000000,-0.400000,0.875305
451,-1.425127,-0.298324,-14.529570,0.865939,0.206875,-2.963443,0.520000,1.000000,1.000000,0.000000,-0.400000,0.865939
452,-1.426527,-0.307117,-14.559205,0.856203,0.217122,-2.979104,0.500000,0.940000,1.000000,0.000000,-0.400000,0.856203
453,-1.428054,-0.315817,-14.588996,0.846109,0.227066,-2.992218,0.480000,0.880000,1.000000,0.000000,-0.400000,0.846109
454,-1.429705,-0.324420,-14.618918,0.835671,0.236685,-3.003142,0.460000,0.820000,1.000000,0.000000,-0.400000,0.835671
455,-1.431479,-0.332923,-14.648949,0.824901,0.245960,-3.012187,0.460000,0.780000,1.000000,0.000000,-0.400000,0.824901
456,-1.433375,-0.341319,-14.679071,0.813814,0.254873,-3.019624,0.440000,0.740000,1.000000,0.200000,-0.200000,0.813814
457,-1.435389,-0.349606,-14.709267,0.818423,0.263933,-3.003257,0.420000,0.700000,1.000000,0.200000,-0.200000,0.818423
458,-1.437601,-0.357916,-14.739300,0.822786,0.272890,-2.989052,0.420000,0.660000,1.000000,0.200000,-0.200000,0.822786
459,-1.440012,-0.366242,-14.769190,0.826902,0.281759,-2.976820,0.400000,0.640000,1.000000,0.200000,-0.200000,0.826902
460,-1.442624,-0.374579,-14.798959,0.830772,0.290554,-2.966401,0.400000,0.600000,1.000000,0.200000,-0.200000,0.830772
461,-1.445437,-0.382918,-14.828623,0.834397,0.299289,-2.957654,0.380000,0.580000,0.980000,0.200000,-0.200000,0.834397
462,-1.448452,-0.391254,-14.858199,0.837776,0.307973,-2.950458,0.380000,0.560000,0.960000,0.200000,-0.400000,0.837776
463,-1.451669,-0.399580,-14.887704,0.838928,0.316356,-2.955905,0.360000,0.480000,0.920000,0.000000,-0.400000,0.838928
464,-1.455078,-0.407873,-14.917263,0.825807,0.324774,-2.961054,0.360000,0.460000,0.860000,0.000000,-0.400000,0.825807
465,-1.458577,-0.416027,-14.946873,0.812410,0.332776,-2.965417,0.360000,0.440000,0.800000,0.000000,-0.400000,0.812410
466,-1.462165,-0.424040,-14.976527,0.798752,0.340353,-2.969124,0.340000,0.420000,0.760000,0.000000,-0.400000,0.798752
467,-1.465836,-0.431908,-15.006219,0.784848,0.347495,-2.972286,0.340000,0.420000,0.700000,0.000000,-0.400000,0.784848
468,-1.469586,-0.439629,-15.035942,0.770712,0.354195,-2.975002,0.340000,0.400000,0.660000,0.000000,-0.400000,0.770712
469,-1.473413,-0.447199,-15.065692,0.756360,0.360446,-2.977360,0.320000,0.380000,0.640000,0.000000,-0.400000,0.756360
470,-1.477310,-0.454616,-15.095465,0.741807,0.366243,-2.979434,0.320000,0.380000,0.600000,0.000000,-0.400000,0.741807
471,-1.481274,-0.461877,-15.125259,0.727066,0.371580,-2.981292,0.320000,0.360000,0.580000,0.000000,-0.400000,0.727066
472,-1.485300,-0.468981,-15.155072,0.712154,0.376453,-2.982992,0.300000,0.360000,0.540000,0.000000,-0.400000,0.712154
473,-1.489384,-0.475924,-15.184902,0.697085,0.380860,-2.984585,0.300000,0.340000,0.520000,0.000000,-0.400000,0.697085
474,-1.493520,-0.482706,-15.214748,0.681874,0.384796,-2.986115,0.300000,0.340000,0.500000,0.000000,-0.400000,0.681874
475,-1.497704,-0.489323,-15.244609,0.666534,0.388259,-2.987622,0.300000,0.320000,0.480000,0.000000,-0.400000,0.666534
476,-1.501931,-0.495776,-15.274486,0.651080,0.391248,-2.989139,0.280000,0.320000,0.400000,0.000000,-0.400000,0.651080
477,-1.506197,-0.502061,-15.304377,0.635528,0.393760,-2.990697,0.280000,0.300000,0.380000,0.000000,-0.400000,0.635528
478,-1.510495,-0.508178,-15.334284,0.619891,0.395796,-2.992321,0.280000,0.300000,0.380000,0.000000,-0.400000,0.619891
479,-1.514821,-0.514126,-15.364207,0.604183,0.397353,-2.994034,0.280000,0.300000,0.360000,0.000000,-0.400000,0.604183
480,-1.519170,-0.519903,-15.394147,0.588418,0.398433,-2.995855,0.280000,0.280000,0.340000,0.000000,-0.400000,0.588418
481,-1.523537,-0.525509,-15.424106,0.572612,0.399034,-2.997803,0.280000,0.280000,0.340000,0.000000,-0.400000,0.572612
482,-1.527917,-0.530944,-15.454084,0.556777,0.399158,-2.999890,0.260000,0.280000,0.320000,0.000000,-0.400000,0.556777
483,-1.532303,-0.536206,-15.484083,0.540927,0.398805,-3.002131,0.260000,0.280000,0.320000,0.000000,-0.400000,0.540927
484,-1.536692,-0.541295,-15.514104,0.525078,0.397975,-3.004535,0.260000,0.260000,0.300000,0.000000,-0.400000,0.525078
485,-1.541078,-0.546212,-15.544150,0.509241,0.396672,-3.007112,0.260000,0.260000,0.300000,0.000000,-0.400000,0.509241
486,-1.545455,-0.550956,-15.574221,0.493432,0.394895,-3.009869,0.260000,0.260000,0.280000,0.000000,-0.400000,0.493432
487,-1.549819,-0.555528,-15.604319,0.477664,0.392647,-3.012813,0.260000,0.260000,0.280000,0.000000,-0.400000,0.477664
488,-1.554164,-0.559927,-15.634448,0.461951,0.389931,-3.015948,0.260000,0.240000,0.260000,0.000000,-0.400000,0.461951
489,-1.558484,-0.564155,-15.664607,0.446305,0.386748,-3.019280,0.260000,0.240000,0.260000,0.000000,-0.400000,0.446305
490,-1.562776,-0.568213,-15.694800,0.430742,0.383102,-3.022811,0.260000,0.240000,0.260000,0.000000,-0.400000,0.430742
491,-1.567032,-0.572100,-15.725028,0.415274,0.378996,-3.026544,0.260000,0.240000,0.240000,0.000000,-0.400000,0.415274
492,-1.571249,-0.575818,-15.755293,0.399916,0.374432,-3.030479,0.260000,0.240000,0.240000,0.000000,-0.400000,0.399916
493,-1.575421,-0.579369,-15.785598,0.384680,0.369415,-3.034619,0.260000,0.240000,0.240000,0.000000,-0.400000,0.384680
494,-1.579543,-0.582754,-15.815944,0.369580,0.363949,-3.038962,0.260000,0.220000,0.240000,0.000000,-0.400000,0.369580
495,-1.583609,-0.585974,-15.846334,0.354629,0.358037,-3.043508,0.260000,0.220000,0.220000,0.200000,-0.400000,0.354629
496,-1.587615,-0.589031,-15.876769,0.353841,0.351685,-3.048257,0.260000,0.220000,0.220000,0.200000,-0.400000,0.353841
497,-1.591694,-0.591903,-15.907252,0.353231,0.345329,-3.052809,0.260000,0.220000,0.220000,0.200000,-0.400000,0.353231
498,-1.595840,-0.594589,-15.937780,0.352802,0.338975,-3.057146,0.260000,0.220000,0.220000,0.200000,-0.400000,0.352802
499,-1.600048,-0.597086,-15.968351,0.352554,0.332627,-3.061250,0.260000,0.220000,0.220000,0.200000,-0.400000,0.352554
500,-1.604311,-0.599393,-15.998964,0.352488,0.326292,-3.065102,0.260000,0.220000,0.200000,0.200000,-0.400000,0.352488
501,-1.608624,-0.601507,-16.029615,0.352607,0.319974,-3.068680,0.260000,0.220000,0.200000,0.200000,-0.400000,0.352607
502,-1.612981,-0.603428,-16.060301,0.352910,0.313678,-3.071963,0.260000,0.220000,0.200000,0.200000,-0.400000,0.352910
503,-1.617375,-0.605154,-16.091021,0.353400,0.307410,-3.074926,0.260000,0.220000,0.200000,0.200000,-0.400000,0.353400
504,-1.621802,-0.606685,-16.121770,0.354076,0.301176,-3.077545,0.260000,0.200000,0.200000,0.200000,-0.400000,0.354076
505,-1.626255,-0.608018,-16.152546,0.354940,0.294980,-3.079794,0.260000,0.200000,0.180000,0.200000,-0.400000,0.354940
506,-1.630728,-0.609155,-16.183344,0.355991,0.288829,-3.081646,0.260000,0.200000,0.180000,0.200000,-0.400000,0.355991
507,-1.635215,-0.610094,-16.214160,0.357231,0.282727,-3.083070,0.280000,0.200000,0.180000,0.200000,-0.400000,0.357231
508,-1.639710,-0.610834,-16.244991,0.358660,0.276680,-3.084039,0.280000,0.200000,0.180000,0.200000,-0.400000,0.358660
509,-1.644208,-0.611377,-16.275831,0.360278,0.270693,-3.084521,0.280000,0.200000,0.180000,0.200000,-0.400000,0.360278
510,-1.648701,-0.611721,-16.306677,0.362084,0.264772,-3.084485,0.280000,0.200000,0.180000,0.200000,-0.400000,0.362084
511,-1.653184,-0.611868,-16.337521,0.364079,0.258922,-3.083900,0.300000,0.200000,0.180000,0.200000,-0.400000,0.364079
512,-1.657651,-0.611817,-16.368360,0.366262,0.253149,-3.082734,0.300000,0.200000,0.180000,0.000000,-0.400000,0.366262
513,-1.662097,-0.611569,-16.399188,0.354633,0.247456,-3.080956,0.300000,0.200000,0.160000,0.200000,-0.400000,0.354633
514,-1.666407,-0.611215,-16.429997,0.357185,0.241399,-3.079061,0.320000,0.200000,0.160000,0.200000,-0.400000,0.357185
515,-1.670683,-0.610666,-16.460788,0.359937,0.235436,-3.076438,0.320000,0.200000,0.160000,0.200000,-0.400000,0.359937
516,-1.674919,-0.609923,-16.491552,0.362887,0.229571,-3.073050,0.340000,0.200000,0.160000,0.200000,-0.400000,0.362887
517,-1.679110,-0.608988,-16.522283,0.366034,0.223811,-3.068863,0.360000,0.200000,0.160000,0.000000,-0.400000,0.366034
518,-1.683250,-0.607862,-16.552971,0.355378,0.218161,-3.063844,0.360000,0.220000,0.160000,0.200000,-0.400000,0.355378
519,-1.687240,-0.606652,-16.583610,0.358910,0.212169,-3.058480,0.360000,0.220000,0.160000,0.200000,-0.400000,0.358910
520,-1.691169,-0.605255,-16.614195,0.362648,0.206300,-3.052139,0.360000,0.220000,0.160000,0.200000,-0.400000,0.362648
521,-1.695029,-0.603672,-16.644716,0.366591,0.200559,-3.044789,0.340000,0.220000,0.160000,0.000000,-0.400000,0.366591
522,-1.698817,-0.601907,-16.675164,0.356738,0.194949,-3.036409,0.340000,0.220000,0.160000,0.200000,-0.400000,0.356738
523,-1.702446,-0.600077,-16.705528,0.361077,0.189020,-3.027429,0.360000,0.220000,0.160000,0.200000,-0.400000,0.361077
524,-1.705993,-0.598068,-16.735802,0.365629,0.183236,-3.017257,0.400000,0.240000,0.160000,0.200000,-0.400000,0.365629
525,-1.709451,-0.595885,-16.765975,0.370391,0.177601,-3.005886,0.460000,0.240000,0.160000,0.200000,-0.200000,0.370391
526,-1.712816,-0.593528,-16.796034,0.377346,0.172468,-2.978501,0.520000,0.240000,0.160000,0.200000,-0.200000,0.377346
527,-1.716095,-0.590987,-16.825819,0.384525,0.167565,-2.947178,0.520000,0.260000,0.160000,0.000000,-0.200000,0.384525
528,-1.719284,-0.588262,-16.855291,0.377924,0.162883,-2.912105,0.520000,0.260000,0.160000,0.000000,-0.200000,0.377924
529,-1.722322,-0.585486,-16.884412,0.371528,0.157923,-2.875158,0.520000,0.280000,0.160000,0.000000,-0.200000,0.371528
530,-1.725208,-0.582663,-16.913163,0.365346,0.152698,-2.836009,1.000000,0.280000,0.160000,0.400000,-0.400000,0.365346
531,-1.727940,-0.579797,-16.941523,0.385383,0.146631,-2.819592,1.000000,0.300000,0.160000,0.400000,-0.400000,0.385383
532,-1.730599,-0.576645,-16.969719,0.405649,0.141197,-2.802011,1.000000,0.320000,0.160000,0.400000,-0.400000,0.405649
533,-1.733177,-0.573210,-16.997739,0.426124,0.136395,-2.783949,1.000000,0.320000,0.160000,0.400000,-0.400000,0.426124
534,-1.735670,-0.569495,-17.025579,0.446785,0.132225,-2.766110,1.000000,0.320000,0.180000,0.400000,-0.400000,0.446785
535,-1.738069,-0.565500,-17.053240,0.467611,0.128685,-2.749185,1.000000,0.300000,0.180000,0.400000,-0.400000,0.467611
536,-1.740369,-0.561230,-17.080732,0.488579,0.125776,-2.733806,1.000000,0.300000,0.180000,0.400000,-0.400000,0.488579
537,-1.742563,-0.556688,-17.108070,0.509663,0.123499,-2.720526,1.000000,0.300000,0.180000,0.400000,-0.400000,0.509663
538,-1.744646,-0.551875,-17.135275,0.530841,0.121857,-2.709788,1.000000,0.320000,0.180000,0.400000,-0.400000,0.530841
539,-1.746611,-0.546795,-17.162373,0.552088,0.120852,-2.701919,1.000000,0.380000,0.200000,0.400000,-0.400000,0.552088
540,-1.748453,-0.541452,-17.189392,0.573380,0.120488,-2.697123,1.000000,0.480000,0.200000,0.400000,-0.400000,0.573380
541,-1.750164,-0.535849,-17.216363,0.594693,0.120771,-2.695491,1.000000,0.480000,0.200000,0.400000,-0.400000,0.594693
542,-1.751741,-0.529989,-17.243318,0.616004,0.121706,-2.697005,1.000000,0.480000,0.220000,0.400000,-0.400000,0.616004
543,-1.753175,-0.523876,-17.270288,0.637288,0.123298,-2.701560,1.000000,0.460000,0.240000,0.400000,-0.400000,0.637288
544,-1.754462,-0.517513,-17.297304,0.658521,0.125552,-2.708975,1.000000,1.000000,0.240000,0.400000,-0.400000,0.658521
545,-1.755595,-0.510906,-17.324394,0.679679,0.128474,-2.719013,1.000000,1.000000,0.260000,0.400000,-0.400000,0.679679
546,-1.756569,-0.504058,-17.351584,0.700739,0.132069,-2.731401,1.000000,1.000000,0.260000,0.400000,-0.400000,0.700739
547,-1.757376,-0.496973,-17.378898,0.721677,0.136339,-2.745839,0.940000,1.000000,0.260000,0.400000,-0.400000,0.721677
548,-1.758011,-0.489656,-17.406356,0.742469,0.141290,-2.762020,0.900000,1.000000,0.240000,0.200000,-0.400000,0.742469
549,-1.758468,-0.482112,-17.433976,0.749090,0.146922,-2.779635,0.860000,1.000000,0.240000,0.200000,-0.400000,0.749090
550,-1.758761,-0.474484,-17.461773,0.755516,0.152793,-2.796503,0.820000,1.000000,0.240000,0.200000,-0.400000,0.755516
551,-1.758889,-0.466777,-17.489738,0.761739,0.158894,-2.812618,0.780000,1.000000,0.240000,0.200000,-0.400000,0.761739
552,-1.758847,-0.458995,-17.517864,0.767750,0.165215,-2.827981,0.740000,1.000000,0.320000,0.200000,-0.400000,0.767750
553,-1.758634,-0.451145,-17.546144,0.773544,0.171746,-2.842599,0.720000,1.000000,0.420000,0.200000,-0.400000,0.773544
554,-1.758247,-0.443231,-17.574570,0.779113,0.178477,-2.856482,0.680000,1.000000,0.400000,0.000000,-0.200000,0.779113
555,-1.757683,-0.435258,-17.603135,0.772491,0.186442,-2.825072,0.660000,1.000000,0.400000,0.000000,-0.200000,0.772491
556,-1.756988,-0.427341,-17.631385,0.765671,0.193757,-2.796375,0.640000,1.000000,0.400000,0.000000,-0.200000,0.765671
557,-1.756162,-0.419487,-17.659349,0.758675,0.200466,-2.770098,0.620000,1.000000,1.000000,0.000000,-0.400000,0.758675
558,-1.755205,-0.411698,-17.687050,0.749501,0.205812,-2.779954,0.540000,1.000000,1.000000,0.000000,-0.400000,0.749501
559,-1.754118,-0.404002,-17.714850,0.740146,0.210889,-2.788303,0.520000,0.960000,1.000000,0.000000,-0.400000,0.740146
560,-1.752903,-0.396402,-17.742733,0.730622,0.215684,-2.795311,0.500000,0.900000,1.000000,0.000000,-0.400000,0.730622
561,-1.751562,-0.388903,-17.770686,0.720938,0.220187,-2.801128,0.500000,0.860000,1.000000,0.000000,-0.400000,0.720938
562,-1.750098,-0.381509,-17.798697,0.711105,0.224389,-2.805887,0.480000,0.820000,1.000000,0.000000,-0.400000,0.711105
563,-1.748512,-0.374223,-17.826756,0.701134,0.228282,-2.809706,0.460000,0.780000,1.000000,0.400000,-0.400000,0.701134
564,-1.746808,-0.367049,-17.854853,0.719036,0.231859,-2.812690,0.460000,0.740000,1.000000,0.000000,-0.400000,0.719036
565,-1.744835,-0.359756,-17.882980,0.708829,0.235982,-2.816584,0.440000,0.700000,1.000000,0.200000,-0.400000,0.708829
566,-1.742750,-0.352582,-17.911146,0.712487,0.239782,-2.819661,0.440000,0.680000,1.000000,0.200000,-0.400000,0.712487
567,-1.740473,-0.345418,-17.939342,0.716027,0.243688,-2.822778,0.420000,0.640000,1.000000,0.200000,-0.400000,0.716027
568,-1.738004,-0.338268,-17.967570,0.719443,0.247695,-2.825922,0.420000,0.620000,1.000000,0.200000,-0.400000,0.719443
569,-1.735343,-0.331140,-17.995829,0.722733,0.251800,-2.829085,0.400000,0.600000,1.000000,0.200000,-0.400000,0.722733
570,-1.732492,-0.324038,-18.024120,0.725894,0.255999,-2.832256,0.400000,0.580000,1.000000,0.200000,-0.400000,0.725894
571,-1.729450,-0.316967,-18.052443,0.728923,0.260289,-2.835427,0.400000,0.560000,0.940000,0.200000,-0.400000,0.728923
572,-1.726218,-0.309934,-18.080797,0.731816,0.264666,-2.838589,0.380000,0.540000,0.880000,0.200000,-0.400000,0.731816
573,-1.722798,-0.302944,-18.109183,0.734572,0.269126,-2.841737,0.380000,0.460000,0.820000,0.200000,-0.400000,0.734572
574,-1.719191,-0.296002,-18.137600,0.737188,0.273665,-2.844865,0.360000,0.460000,0.780000,0.000000,-0.400000,0.737188
575,-1.715397,-0.289114,-18.166049,0.725660,0.278279,-2.847967,0.360000,0.440000,0.740000,0.000000,-0.400000,0.725660
576,-1.711528,-0.282374,-18.194528,0.713985,0.282532,-2.850473,0.360000,0.420000,0.700000,0.000000,-0.400000,0.713985
577,-1.707587,-0.275784,-18.223033,0.702174,0.286420,-2.852465,0.340000,0.420000,0.660000,0.000000,-0.400000,0.702174
578,-1.703579,-0.269346,-18.251558,0.690239,0.289938,-2.854012,0.340000,0.400000,0.640000,0.000000,-0.400000,0.690239
579,-1.699506,-0.263064,-18.280098,0.678193,0.293083,-2.855179,0.340000,0.380000,0.600000,0.000000,-0.400000,0.678193
580,-1.695375,-0.256939,-18.308650,0.666047,0.295852,-2.856021,0.340000,0.380000,0.580000,0.000000,-0.400000,0.666047
581,-1.691189,-0.250973,-18.337210,0.653814,0.298242,-2.856587,0.320000,0.360000,0.560000,0.000000,-0.400000,0.653814
582,-1.686952,-0.245169,-18.365776,0.641506,0.300253,-2.856920,0.320000,0.360000,0.520000,0.000000,-0.400000,0.641506
583,-1.682670,-0.239527,-18.394345,0.629134,0.301881,-2.857058,0.320000,0.360000,0.500000,0.000000,-0.400000,0.629134
584,-1.678346,-0.234050,-18.422916,0.616711,0.303128,-2.857033,0.320000,0.340000,0.480000,0.000000,-0.400000,0.616711
585,-1.673986,-0.228738,-18.451486,0.604249,0.303993,-2.856875,0.300000,0.340000,0.480000,0.000000,-0.400000,0.604249
586,-1.669595,-0.223593,-18.480055,0.591758,0.304475,-2.856608,0.300000,0.320000,0.460000,0.000000,-0.400000,0.591758
587,-1.665176,-0.218617,-18.508621,0.579251,0.304576,-2.856253,0.300000,0.320000,0.380000,0.000000,-0.400000,0.579251
588,-1.660735,-0.213810,-18.537183,0.566739,0.304296,-2.855827,0.300000,0.320000,0.380000,0.000000,-0.400000,0.566739
589,-1.656277,-0.209172,-18.565742,0.554233,0.303637,-2.855345,0.300000,0.300000,0.360000,0.000000,-0.400000,0.554233
590,-1.651807,-0.204706,-18.594295,0.541744,0.302600,-2.854820,0.300000,0.300000,0.360000,0.000000,-0.400000,0.541744
591,-1.647329,-0.200410,-18.622843,0.529285,0.301188,-2.854260,0.280000,0.300000,0.340000,0.000000,-0.400000,0.529285
592,-1.642849,-0.196285,-18.651386,0.516865,0.299401,-2.853672,0.280000,0.280000,0.340000,0.000000,-0.400000,0.516865
593,-1.638371,-0.192332,-18.679923,0.504497,0.297244,-2.853060,0.260000,0.280000,0.320000,0.000000,-0.400000,0.504497
594,-1.633900,-0.188551,-18.708453,0.492190,0.294718,-2.852427,0.240000,0.280000,0.320000,0.000000,-0.400000,0.492190
595,-1.629442,-0.184941,-18.736977,0.479956,0.291827,-2.851771,0.240000,0.280000,0.300000,0.000000,-0.400000,0.479956
596,-1.625000,-0.181502,-18.765495,0.467805,0.288574,-2.851091,0.240000,0.280000,0.300000,0.000000,-0.400000,0.467805
597,-1.620581,-0.178233,-18.794006,0.455748,0.284963,-2.850382,0.240000,0.260000,0.280000,0.000000,-0.400000,0.455748
598,-1.616189,-0.175135,-18.822510,0.443795,0.280997,-2.849634,0.240000,0.260000,0.280000,0.000000,-0.400000,0.443795
599,-1.611828,-0.172206,-18.851006,0.431958,0.276681,-2.848840,0.240000,0.260000,0.280000,0.000000,-0.400000,0.431958
600,-1.607505,-0.169446,-18.879495,0.420245,0.272019,-2.847984,0.240000,0.260000,0.260000,0.000000,-0.400000,0.420245
601,-1.603223,-0.166852,-18.907974,0.408668,0.267015,-2.847052,0.240000,0.260000,0.260000,0.000000,-0.400000,0.408668
602,-1.598987,-0.164425,-18.936445,0.397236,0.261675,-2.846023,0.220000,0.260000,0.260000,0.000000,-0.400000,0.397236
603,-1.594803,-0.162163,-18.964905,0.385961,0.256004,-2.844875,0.220000,0.240000,0.260000,0.000000,-0.400000,0.385961
604,-1.590674,-0.160064,-18.993354,0.374850,0.250007,-2.843577,0.220000,0.240000,0.240000,0.000000,-0.400000,0.374850
605,-1.586606,-0.158127,-19.021790,0.363916,0.243689,-2.842098,0.220000,0.240000,0.240000,0.200000,-0.400000,0.363916
606,-1.582603,-0.156350,-19.050211,0.367166,0.237057,-2.840395,0.220000,0.240000,0.240000,0.000000,-0.400000,0.367166
607,-1.578533,-0.154759,-19.078615,0.356619,0.230537,-2.837956,0.220000,0.240000,0.240000,0.200000,-0.400000,0.356619
608,-1.574536,-0.153324,-19.106994,0.360265,0.223714,-2.835198,0.220000,0.240000,0.240000,0.200000,-0.400000,0.360265
609,-1.570483,-0.152077,-19.135346,0.364122,0.217015,-2.831571,0.220000,0.240000,0.220000,0.200000,-0.400000,0.364122
610,-1.566377,-0.151022,-19.163662,0.368188,0.210446,-2.827037,0.220000,0.240000,0.220000,0.000000,-0.400000,0.368188
611,-1.562225,-0.150158,-19.191932,0.358463,0.204013,-2.821569,0.240000,0.240000,0.220000,0.200000,-0.400000,0.358463
612,-1.558164,-0.149440,-19.220148,0.362936,0.197296,-2.815532,0.240000,0.240000,0.220000,0.200000,-0.400000,0.362936
613,-1.554066,-0.148915,-19.248303,0.367625,0.190729,-2.808409,0.240000,0.220000,0.220000,0.000000,-0.400000,0.367625
614,-1.549938,-0.148585,-19.276387,0.358528,0.184315,-2.800181,0.240000,0.200000,0.220000,0.200000,-0.200000,0.358528
615,-1.545911,-0.148391,-19.304389,0.365610,0.177819,-2.783309,0.240000,0.200000,0.200000,0.200000,-0.200000,0.365610
616,-1.541846,-0.148400,-19.332222,0.372927,0.171598,-2.761902,0.240000,0.180000,0.200000,0.200000,-0.200000,0.372927
617,-1.537746,-0.148611,-19.359841,0.380480,0.165646,-2.736004,0.240000,0.180000,0.200000,0.200000,-0.200000,0.380480
618,-1.533617,-0.149024,-19.387201,0.388265,0.159954,-2.705738,0.240000,0.180000,0.200000,0.200000,-0.200000,0.388265
619,-1.529463,-0.149638,-19.414259,0.396280,0.154511,-2.671304,0.240000,0.180000,0.200000,0.200000,-0.200000,0.396280
620,-1.525288,-0.150454,-19.440972,0.404520,0.149304,-2.632977,0.240000,0.180000,0.200000,0.200000,-0.200000,0.404520
621,-1.521098,-0.151470,-19.467302,0.412981,0.144320,-2.591099,0.260000,0.180000,0.200000,0.200000,-0.200000,0.412981
622,-1.516895,-0.152685,-19.493213,0.421657,0.139546,-2.546070,0.260000,0.180000,0.200000,0.200000,-0.200000,0.421657
623,-1.512685,-0.154099,-19.518673,0.430543,0.134969,-2.498341,0.260000,0.180000,0.180000,0.200000,-0.200000,0.430543
624,-1.508471,-0.155711,-19.543657,0.439631,0.130576,-2.448398,0.260000,0.180000,0.180000,0.200000,-0.400000,0.439631
625,-1.504256,-0.157520,-19.568141,0.446883,0.125408,-2.437325,0.260000,0.180000,0.180000,0.000000,-0.400000,0.446883
626,-1.500067,-0.159518,-19.592514,0.440299,0.120479,-2.426643,0.280000,0.180000,0.180000,0.000000,-0.400000,0.440299
627,-1.496009,-0.161609,-19.616780,0.433864,0.115397,-2.415060,0.280000,0.180000,0.180000,0.000000,-0.400000,0.433864
628,-1.492085,-0.163790,-19.640931,0.427585,0.110171,-2.402525,0.280000,0.180000,0.180000,0.000000,-0.400000,0.427585
629,-1.488296,-0.166057,-19.664956,0.421467,0.104809,-2.388984,0.280000,0.180000,0.160000,0.000000,-0.400000,0.421467
630,-1.484644,-0.168407,-19.688846,0.415515,0.099322,-2.374382,0.300000,0.180000,0.140000,0.000000,-0.400000,0.415515
631,-1.481129,-0.170836,-19.712590,0.409734,0.093721,-2.358667,0.300000,0.180000,0.140000,0.000000,-0.400000,0.409734
632,-1.477753,-0.173340,-19.736176,0.404129,0.088018,-2.341791,0.320000,0.180000,0.120000,0.000000,-0.200000,0.404129
633,-1.474517,-0.175915,-19.759594,0.400791,0.083921,-2.251299,0.340000,0.180000,0.120000,0.000000,-0.200000,0.400791
634,-1.471394,-0.178564,-19.782107,0.397637,0.079501,-2.161549,0.360000,0.180000,0.120000,0.000000,-0.200000,0.397637
635,-1.468387,-0.181284,-19.803723,0.394668,0.074799,-2.072419,0.360000,0.180000,0.120000,0.000000,-0.200000,0.394668
636,-1.465494,-0.184072,-19.824447,0.391885,0.069859,-1.983927,0.360000,0.180000,0.120000,0.000000,-0.200000,0.391885
637,-1.462717,-0.186923,-19.844286,0.389287,0.064723,-1.896240,0.340000,0.180000,0.120000,0.000000,-0.200000,0.389287
638,-1.460053,-0.189835,-19.863249,0.386872,0.059437,-1.809683,0.340000,0.180000,0.120000,0.000000,-0.200000,0.386872
639,-1.457503,-0.192804,-19.881346,0.384635,0.054049,-1.724747,0.340000,0.180000,0.120000,0.000000,-0.200000,0.384635
640,-1.455065,-0.195828,-19.898593,0.382571,0.048610,-1.642086,0.340000,0.180000,0.120000,0.000000,-0.200000,0.382571
641,-1.452737,-0.198902,-19.915014,0.380673,0.043176,-1.562503,0.340000,0.180000,0.120000,0.000000,-0.200000,0.380673
642,-1.450516,-0.202024,-19.930639,0.378932,0.037802,-1.486910,0.340000,0.180000,0.120000,0.000000,-0.200000,0.378932
643,-1.448400,-0.205190,-19.945508,0.377339,0.032547,-1.416274,0.320000,0.180000,0.120000,0.000000,-0.400000,0.377339
644,-1.446386,-0.208398,-19.959671,0.373745,0.024927,-1.460274,0.340000,0.180000,0.120000,0.000000,-0.400000,0.373745
645,-1.444501,-0.211635,-19.974273,0.370343,0.017883,-1.506265,0.380000,0.180000,0.120000,0.200000,-0.400000,0.370343
646,-1.442742,-0.214898,-19.989336,0.381137,0.011431,-1.553418,0.420000,0.180000,0.120000,0.200000,-0.200000,0.381137
647,-1.441045,-0.218314,-20.004870,0.394288,0.009339,-1.460910,0.500000,0.200000,0.120000,0.200000,-0.200000,0.394288
648,-1.439369,-0.221883,-20.019479,0.407455,0.007369,-1.392811,0.620000,0.200000,0.120000,0.000000,-0.200000,0.407455
649,-1.437711,-0.225606,-20.033408,0.406641,0.005598,-1.344957,0.800000,0.200000,0.120000,0.200000,-0.200000,0.406641
650,-1.436124,-0.229351,-20.046857,0.419860,0.003847,-1.305521,1.000000,0.200000,0.120000,0.400000,-0.200000,0.419860
651,-1.434557,-0.233246,-20.059912,0.447097,0.002368,-1.281409,1.000000,0.200000,0.120000,0.200000,-0.200000,0.447097
652,-1.432958,-0.237421,-20.072726,0.460335,0.001379,-1.276582,1.000000,0.200000,0.120000,0.200000,-0.200000,0.460335
653,-1.431376,-0.241744,-20.085492,0.473584,0.000678,-1.279548,1.000000,0.200000,0.120000,0.200000,-0.200000,0.473584
654,-1.429814,-0.246215,-20.098288,0.486837,0.000260,-1.288534,1.000000,0.220000,0.120000,0.200000,-0.200000,0.486837
655,-1.428270,-0.250832,-20.111173,0.500091,0.000116,-1.302121,1.000000,0.220000,0.120000,0.200000,-0.200000,0.500091
656,-1.426747,-0.255596,-20.124194,0.513341,0.000237,-1.319189,1.000000,0.220000,0.120000,0.200000,-0.200000,0.513341
657,-1.425247,-0.260505,-20.137386,0.526581,0.000613,-1.338853,1.000000,0.220000,0.120000,0.200000,-0.200000,0.526581
658,-1.423771,-0.265560,-20.150775,0.539808,0.001236,-1.360421,1.000000,0.240000,0.120000,0.200000,-0.200000,0.539808
659,-1.422321,-0.270759,-20.164379,0.553016,0.002096,-1.383351,1.000000,0.240000,0.120000,0.400000,-0.200000,0.553016
660,-1.420901,-0.276104,-20.178212,0.580200,0.003185,-1.407218,1.000000,0.240000,0.120000,0.400000,-0.200000,0.580200
661,-1.419479,-0.281729,-20.192285,0.607346,0.004714,-1.436414,1.000000,0.260000,0.120000,0.200000,-0.200000,0.607346
662,-1.418060,-0.287635,-20.206649,0.620446,0.006696,-1.469456,1.000000,0.260000,0.120000,0.200000,-0.200000,0.620446
663,-1.416678,-0.293684,-20.221343,0.633499,0.008907,-1.501106,1.000000,0.260000,0.120000,0.200000,-0.200000,0.633499
664,-1.415339,-0.299876,-20.236354,0.646500,0.011336,-1.531465,1.000000,0.260000,0.120000,0.200000,-0.200000,0.646500
665,-1.414044,-0.306211,-20.251669,0.659443,0.013975,-1.560624,1.000000,0.240000,0.120000,0.400000,-0.200000,0.659443
666,-1.412800,-0.312689,-20.267275,0.686321,0.016815,-1.588664,1.000000,0.240000,0.120000,0.400000,-0.200000,0.686321
667,-1.411587,-0.319446,-20.283162,0.713125,0.020108,-1.619369,1.000000,0.240000,0.120000,0.200000,-0.200000,0.713125
668,-1.410412,-0.326483,-20.299356,0.725844,0.023870,-1.651971,1.000000,0.240000,0.120000,0.200000,-0.200000,0.725844
669,-1.409299,-0.333659,-20.315875,0.738471,0.027838,-1.682553,1.000000,0.220000,0.120000,0.200000,-0.200000,0.738471
670,-1.408252,-0.340975,-20.332701,0.751001,0.032004,-1.711324,1.000000,0.220000,0.120000,0.200000,-0.200000,0.751001
671,-1.407276,-0.348428,-20.349814,0.763428,0.036358,-1.738465,1.000000,0.220000,0.120000,0.200000,-0.200000,0.763428
672,-1.406375,-0.356018,-20.367199,0.775747,0.040896,-1.764129,1.000000,0.200000,0.120000,0.200000,-0.200000,0.775747
673,-1.405555,-0.363742,-20.384840,0.787953,0.045611,-1.788452,1.000000,0.200000,0.120000,0.200000,-0.200000,0.787953
674,-1.404819,-0.371601,-20.402724,0.800040,0.050500,-1.811550,1.000000,0.220000,0.140000,0.200000,-0.200000,0.800040
675,-1.404173,-0.379591,-20.420840,0.812003,0.055557,-1.833525,1.000000,1.000000,0.140000,0.400000,-0.200000,0.812003
676,-1.403622,-0.387711,-20.439175,0.837839,0.060781,-1.854469,1.000000,1.000000,0.140000,0.400000,-0.200000,0.837839
677,-1.403172,-0.396100,-20.457720,0.863541,0.066486,-1.877053,0.960000,1.000000,0.140000,0.400000,-0.200000,0.863541
678,-1.402830,-0.404754,-20.476490,0.889097,0.072684,-1.900845,0.960000,1.000000,0.160000,0.400000,-0.200000,0.889097
679,-1.402603,-0.413672,-20.495499,0.914492,0.079384,-1.925485,0.960000,1.000000,0.160000,0.400000,-0.200000,0.914492
680,-1.402498,-0.422850,-20.514754,0.939715,0.086595,-1.950674,0.940000,1.000000,0.160000,0.400000,-0.200000,0.939715
681,-1.402522,-0.432287,-20.534260,0.964750,0.094324,-1.976163,0.900000,1.000000,0.140000,0.200000,-0.400000,0.964750
682,-1.402681,-0.441979,-20.554022,0.973488,0.100763,-2.079304,0.860000,1.000000,0.140000,0.200000,-0.400000,0.973488
683,-1.402980,-0.451762,-20.574815,0.981985,0.108186,-2.174978,0.840000,1.000000,0.140000,0.200000,-0.400000,0.981985
684,-1.403422,-0.461631,-20.596565,0.990211,0.116521,-2.263314,0.800000,1.000000,0.120000,0.200000,-0.400000,0.990211
685,-1.404010,-0.471584,-20.619198,0.998136,0.125700,-2.344536,0.780000,1.000000,0.120000,0.200000,-0.400000,0.998136
686,-1.404750,-0.481617,-20.642643,1.005734,0.135655,-2.418941,0.740000,1.000000,0.100000,0.200000,-0.400000,1.005734
687,-1.405644,-0.491726,-20.666833,1.012978,0.146323,-2.486877,0.720000,1.000000,0.100000,0.200000,-0.200000,1.012978
688,-1.406697,-0.501907,-20.691702,1.021914,0.159103,-2.486229,0.680000,1.000000,0.080000,0.000000,-0.200000,1.021914
689,-1.407903,-0.512178,-20.716564,1.016497,0.171780,-2.485936,0.660000,1.000000,0.120000,0.000000,-0.200000,1.016497
690,-1.409227,-0.522402,-20.741423,1.010729,0.183967,-2.484749,0.640000,1.000000,0.280000,0.000000,-0.200000,1.010729
691,-1.410671,-0.532573,-20.766271,1.004628,0.195676,-2.482951,0.620000,0.920000,1.000000,0.000000,-0.200000,1.004628
692,-1.412236,-0.542688,-20.791100,0.998211,0.206922,-2.480771,0.600000,0.920000,1.000000,0.000000,-0.200000,0.998211
693,-1.413924,-0.552742,-20.815908,0.991491,0.217719,-2.478393,0.580000,0.920000,1.000000,0.000000,-0.200000,0.991491
694,-1.415736,-0.562730,-20.840692,0.984483,0.228081,-2.475965,0.560000,0.860000,1.000000,0.000000,-0.200000,0.984483
695,-1.417671,-0.572648,-20.865452,0.977201,0.238021,-2.473608,0.560000,0.840000,1.000000,0.000000,-0.200000,0.977201
696,-1.419730,-0.582493,-20.890188,0.969656,0.247551,-2.471415,0.540000,0.840000,1.000000,0.000000,-0.200000,0.969656
697,-1.421913,-0.592260,-20.914902,0.961862,0.256684,-2.469466,0.520000,0.820000,1.000000,0.000000,-0.200000,0.961862
698,-1.424219,-0.601944,-20.939596,0.953829,0.265429,-2.467820,0.500000,0.780000,1.000000,0.000000,-0.200000,0.953829
699,-1.426647,-0.611542,-20.964275,0.945567,0.273799,-2.466526,0.500000,0.740000,0.980000,0.000000,-0.200000,0.945567
700,-1.429198,-0.621050,-20.988940,0.937087,0.281803,-2.465623,0.480000,0.700000,0.980000,0.000000,-0.200000,0.937087
701,-1.431869,-0.630464,-21.013596,0.928397,0.289451,-2.465141,0.480000,0.680000,0.980000,0.000000,-0.200000,0.928397
702,-1.434659,-0.639780,-21.038247,0.919506,0.296751,-2.465104,0.460000,0.660000,0.960000,0.000000,-0.200000,0.919506
703,-1.437567,-0.648994,-21.062899,0.910423,0.303712,-2.465530,0.460000,0.620000,0.880000,0.000000,-0.200000,0.910423
704,-1.440591,-0.658103,-21.087554,0.901156,0.310341,-2.466432,0.440000,0.600000,0.880000,0.200000,-0.400000,0.901156
705,-1.443730,-0.667102,-21.112218,0.903731,0.316381,-2.479095,0.440000,0.580000,0.860000,0.200000,-0.400000,0.903731
706,-1.447059,-0.676080,-21.137009,0.906112,0.322568,-2.491266,0.420000,0.560000,0.800000,0.200000,-0.200000,0.906112
707,-1.450579,-0.685031,-21.161922,0.910272,0.329113,-2.493442,0.420000,0.540000,0.800000,0.200000,-0.200000,0.910272
708,-1.454300,-0.693966,-21.186856,0.914254,0.335733,-2.496188,0.400000,0.520000,0.800000,0.200000,-0.200000,0.914254
709,-1.458223,-0.702881,-21.211818,0.918055,0.342428,-2.499487,0.400000,0.500000,0.740000,0.200000,-0.200000,0.918055
710,-1.462348,-0.711769,-21.236813,0.921671,0.349201,-2.503322,0.400000,0.500000,0.720000,0.200000,-0.200000,0.921671
711,-1.466673,-0.720625,-21.261846,0.925097,0.356051,-2.507678,0.380000,0.480000,0.720000,0.200000,-0.200000,0.925097
712,-1.471198,-0.729444,-21.286923,0.928329,0.362982,-2.512543,0.380000,0.460000,0.700000,0.000000,-0.400000,0.928329
713,-1.475923,-0.738221,-21.312048,0.915395,0.369888,-2.522362,0.360000,0.440000,0.660000,0.000000,-0.400000,0.915395
714,-1.480723,-0.746849,-21.337272,0.902245,0.376503,-2.531231,0.360000,0.440000,0.640000,0.000000,-0.400000,0.902245
715,-1.485594,-0.755325,-21.362584,0.888889,0.382813,-2.539256,0.360000,0.420000,0.600000,0.000000,-0.400000,0.888889
716,-1.490533,-0.763648,-21.387977,0.875337,0.388807,-2.546534,0.340000,0.400000,0.580000,0.000000,-0.400000,0.875337
717,-1.495536,-0.771816,-21.413442,0.861599,0.394475,-2.553153,0.340000,0.400000,0.540000,0.000000,-0.400000,0.861599
718,-1.500600,-0.779826,-21.438974,0.847686,0.399807,-2.559194,0.340000,0.380000,0.520000,0.000000,-0.400000,0.847686
719,-1.505720,-0.787676,-21.464566,0.833608,0.404796,-2.564729,0.280000,0.380000,0.500000,0.000000,-0.400000,0.833608
720,-1.510892,-0.795365,-21.490213,0.819376,0.409434,-2.569825,0.280000,0.360000,0.480000,0.000000,-0.400000,0.819376
721,-1.516113,-0.802891,-21.515911,0.805000,0.413714,-2.574540,0.280000,0.360000,0.460000,0.000000,-0.400000,0.805000
722,-1.521378,-0.810253,-21.541657,0.790490,0.417631,-2.578930,0.280000,0.340000,0.440000,0.000000,-0.400000,0.790490
723,-1.526683,-0.817450,-21.567446,0.775859,0.421179,-2.583042,0.260000,0.340000,0.420000,0.000000,-0.400000,0.775859
724,-1.532024,-0.824479,-21.593276,0.761115,0.424354,-2.586922,0.260000,0.320000,0.420000,0.000000,-0.400000,0.761115
725,-1.537396,-0.831340,-21.619146,0.746269,0.427153,-2.590609,0.260000,0.320000,0.400000,0.000000,-0.400000,0.746269
726,-1.542796,-0.838032,-21.645052,0.731333,0.429571,-2.594140,0.260000,0.320000,0.380000,0.000000,-0.400000,0.731333
727,-1.548218,-0.844554,-21.670993,0.716317,0.431606,-2.597547,0.260000,0.300000,0.360000,0.000000,-0.400000,0.716317
728,-1.553659,-0.850905,-21.696969,0.701231,0.433255,-2.600859,0.240000,0.300000,0.360000,0.000000,-0.400000,0.701231
729,-1.559114,-0.857084,-21.722977,0.686085,0.434517,-2.604103,0.240000,0.300000,0.340000,0.000000,-0.400000,0.686085
730,-1.564578,-0.863092,-21.749018,0.670891,0.435390,-2.607304,0.240000,0.280000,0.340000,0.000000,-0.400000,0.670891
731,-1.570047,-0.868928,-21.775091,0.655658,0.435873,-2.610482,0.240000,0.280000,0.320000,0.000000,-0.400000,0.655658
732,-1.575517,-0.874591,-21.801196,0.640397,0.435964,-2.613657,0.240000,0.280000,0.320000,0.000000,-0.400000,0.640397
733,-1.580983,-0.880081,-21.827333,0.625118,0.435664,-2.616846,0.220000,0.260000,0.300000,0.000000,-0.400000,0.625118
734,-1.586440,-0.885399,-21.853501,0.609832,0.434971,-2.620065,0.220000,0.260000,0.300000,0.000000,-0.400000,0.609832
735,-1.591884,-0.890544,-21.879702,0.594549,0.433886,-2.623328,0.220000,0.260000,0.280000,0.000000,-0.400000,0.594549
736,-1.597310,-0.895517,-21.905935,0.579279,0.432410,-2.626648,0.220000,0.260000,0.280000,0.000000,-0.400000,0.579279
737,-1.602713,-0.900319,-21.932201,0.564033,0.430542,-2.630035,0.220000,0.240000,0.260000,0.000000,-0.400000,0.564033
738,-1.608090,-0.904949,-21.958502,0.548820,0.428284,-2.633499,0.220000,0.240000,0.260000,0.000000,-0.400000,0.548820
739,-1.613436,-0.909409,-21.984837,0.533651,0.425637,-2.637049,0.220000,0.240000,0.260000,0.000000,-0.400000,0.533651
740,-1.618745,-0.913699,-22.011207,0.518535,0.422601,-2.640692,0.200000,0.240000,0.240000,0.000000,-0.400000,0.518535
741,-1.624014,-0.917820,-22.037614,0.503484,0.419179,-2.644436,0.200000,0.240000,0.240000,0.000000,-0.400000,0.503484
742,-1.629238,-0.921773,-22.064059,0.488507,0.415372,-2.648286,0.200000,0.220000,0.240000,0.000000,-0.400000,0.488507
743,-1.634413,-0.925560,-22.090541,0.473614,0.411183,-2.652246,0.200000,0.220000,0.220000,0.000000,-0.400000,0.473614
744,-1.639534,-0.929182,-22.117064,0.458815,0.406613,-2.656321,0.200000,0.220000,0.220000,0.000000,-0.400000,0.458815
745,-1.644596,-0.932639,-22.143627,0.444121,0.401664,-2.660514,0.200000,0.220000,0.220000,0.000000,-0.400000,0.444121
746,-1.649596,-0.935935,-22.170232,0.429540,0.396340,-2.664829,0.200000,0.220000,0.220000,0.000000,-0.400000,0.429540
747,-1.654529,-0.939070,-22.196880,0.415084,0.390643,-2.669266,0.200000,0.220000,0.200000,0.000000,-0.400000,0.415084
748,-1.659390,-0.942046,-22.223573,0.400763,0.384576,-2.673827,0.200000,0.200000,0.200000,0.000000,-0.400000,0.400763
749,-1.664176,-0.944865,-22.250311,0.386585,0.378142,-2.678514,0.200000,0.200000,0.200000,0.000000,-0.400000,0.386585
750,-1.668882,-0.947529,-22.277097,0.372562,0.371346,-2.683325,0.180000,0.200000,0.200000,0.000000,-0.400000,0.372562
751,-1.673503,-0.950041,-22.303930,0.358703,0.364190,-2.688261,0.180000,0.200000,0.200000,0.200000,-0.400000,0.358703
752,-1.678037,-0.952403,-22.330812,0.359018,0.356678,-2.693320,0.180000,0.200000,0.180000,0.200000,-0.400000,0.359018
753,-1.682610,-0.954570,-22.357746,0.359518,0.349197,-2.698151,0.180000,0.200000,0.180000,0.200000,-0.400000,0.359518
754,-1.687218,-0.956541,-22.384727,0.360206,0.341752,-2.702736,0.180000,0.200000,0.180000,0.200000,-0.400000,0.360206
755,-1.691856,-0.958316,-22.411754,0.361081,0.334347,-2.707056,0.180000,0.200000,0.180000,0.200000,-0.400000,0.361081
756,-1.696517,-0.959893,-22.438825,0.362145,0.326987,-2.711090,0.180000,0.200000,0.180000,0.200000,-0.400000,0.362145
757,-1.701197,-0.961273,-22.465936,0.363397,0.319678,-2.714816,0.180000,0.180000,0.180000,0.000000,-0.400000,0.363397
758,-1.705890,-0.962455,-22.493084,0.350839,0.312425,-2.718211,0.180000,0.180000,0.160000,0.000000,-0.400000,0.350839
759,-1.710469,-0.963506,-22.520266,0.338468,0.304841,-2.721646,0.180000,0.180000,0.160000,0.000000,-0.400000,0.338468
760,-1.714930,-0.964429,-22.547483,0.326292,0.296932,-2.725108,0.180000,0.180000,0.160000,0.000000,-0.400000,0.326292
761,-1.719269,-0.965228,-22.574734,0.314323,0.288703,-2.728583,0.180000,0.180000,0.160000,0.000000,-0.400000,0.314323
762,-1.723482,-0.965905,-22.602020,0.302568,0.280159,-2.732054,0.180000,0.180000,0.160000,0.000000,-0.400000,0.302568
763,-1.727568,-0.966464,-22.629340,0.291038,0.271307,-2.735501,0.180000,0.160000,0.160000,0.000000,-0.400000,0.291038
764,-1.731522,-0.966910,-22.656695,0.279741,0.262151,-2.738898,0.180000,0.160000,0.160000,0.000000,-0.400000,0.279741
765,-1.735341,-0.967244,-22.684084,0.268688,0.252699,-2.742214,0.200000,0.160000,0.140000,0.000000,-0.400000,0.268688
766,-1.739022,-0.967472,-22.711506,0.257887,0.242957,-2.745411,0.200000,0.160000,0.140000,0.000000,-0.400000,0.257887
767,-1.742563,-0.967597,-22.738960,0.247348,0.232932,-2.748441,0.200000,0.140000,0.140000,0.000000,-0.400000,0.247348
768,-1.745961,-0.967623,-22.766445,0.237080,0.222631,-2.751245,0.200000,0.140000,0.140000,0.000000,-0.400000,0.237080
769,-1.749212,-0.967553,-22.793957,0.227092,0.212063,-2.753744,0.200000,0.140000,0.140000,0.000000,-0.400000,0.227092
770,-1.752315,-0.967393,-22.821495,0.217395,0.201236,-2.755839,0.220000,0.140000,0.140000,0.000000,-0.400000,0.217395
771,-1.755267,-0.967146,-22.849053,0.207997,0.190160,-2.757397,0.220000,0.140000,0.140000,0.000000,-0.400000,0.207997
772,-1.758066,-0.966816,-22.876627,0.198909,0.178845,-2.758240,0.240000,0.140000,0.140000,0.200000,-0.400000,0.198909
773,-1.760710,-0.966408,-22.904209,0.204142,0.167304,-2.758123,0.240000,0.120000,0.140000,0.200000,-0.400000,0.204142
774,-1.763282,-0.965815,-22.931791,0.209718,0.155965,-2.755278,0.260000,0.120000,0.140000,0.200000,-0.400000,0.209718
775,-1.765778,-0.965040,-22.959343,0.215644,0.144849,-2.749054,0.280000,0.120000,0.140000,0.200000,-0.400000,0.215644
776,-1.768193,-0.964084,-22.986834,0.221926,0.133980,-2.738721,0.300000,0.140000,0.140000,0.200000,-0.400000,0.221926
777,-1.770525,-0.962951,-23.014221,0.228570,0.123382,-2.723501,0.340000,0.140000,0.140000,0.000000,-0.400000,0.228570
778,-1.772768,-0.961642,-23.041456,0.221583,0.113079,-2.702630,0.380000,0.140000,0.140000,0.200000,-0.400000,0.221583
779,-1.774851,-0.960282,-23.068482,0.228953,0.102670,-2.676451,0.420000,0.140000,0.140000,0.200000,-0.400000,0.228953
780,-1.776840,-0.958752,-23.095247,0.236715,0.092613,-2.642648,0.500000,0.140000,0.140000,0.200000,-0.200000,0.236715
781,-1.778732,-0.957055,-23.121673,0.246943,0.084443,-2.535975,0.620000,0.140000,0.140000,0.200000,-0.200000,0.246943
782,-1.780548,-0.955181,-23.147033,0.257553,0.076703,-2.415362,0.620000,0.140000,0.120000,0.200000,-0.200000,0.257553
783,-1.782289,-0.953133,-23.171187,0.268516,0.069312,-2.284286,0.620000,0.160000,0.120000,0.200000,-0.200000,0.268516
784,-1.783952,-0.950914,-23.194030,0.279804,0.062205,-2.146458,0.700000,0.160000,0.120000,0.200000,-0.400000,0.279804
785,-1.785539,-0.948527,-23.215494,0.289262,0.053082,-2.102286,0.800000,0.160000,0.120000,0.200000,-0.200000,0.289262
786,-1.787020,-0.945987,-23.236517,0.301179,0.047037,-1.945166,0.800000,0.160000,0.100000,0.200000,-0.200000,0.301179
787,-1.788429,-0.943283,-23.255969,0.313314,0.041105,-1.796485,1.000000,0.180000,0.100000,0.400000,-0.200000,0.313314
788,-1.789765,-0.940419,-23.273934,0.339642,0.035351,-1.659455,1.000000,0.180000,0.100000,0.400000,-0.200000,0.339642
789,-1.791069,-0.937263,-23.290528,0.366133,0.030172,-1.544719,1.000000,0.180000,0.100000,0.400000,-0.200000,0.366133
790,-1.792341,-0.933817,-23.305975,0.392754,0.025622,-1.454779,1.000000,0.200000,0.100000,0.400000,-0.200000,0.392754
791,-1.793583,-0.930082,-23.320523,0.419477,0.021738,-1.389650,1.000000,0.200000,0.100000,0.400000,-0.200000,0.419477
792,-1.794797,-0.926061,-23.334420,0.446278,0.018528,-1.347327,1.000000,0.200000,0.100000,0.200000,-0.200000,0.446278
793,-1.795984,-0.921755,-23.347893,0.459139,0.015985,-1.324647,1.000000,0.220000,0.100000,0.200000,-0.200000,0.459139
794,-1.797116,-0.917302,-23.361139,0.472050,0.013842,-1.312014,1.000000,0.220000,0.100000,0.200000,-0.200000,0.472050
795,-1.798193,-0.912704,-23.374260,0.485002,0.012093,-1.307828,1.000000,0.240000,0.100000,0.200000,-0.200000,0.485002
796,-1.799217,-0.907962,-23.387338,0.497985,0.010726,-1.310590,1.000000,0.240000,0.100000,0.200000,-0.200000,0.497985
797,-1.800187,-0.903077,-23.400444,0.510993,0.009727,-1.318961,1.000000,0.260000,0.100000,0.400000,-0.200000,0.510993
798,-1.801105,-0.898049,-23.413633,0.538017,0.009079,-1.331782,1.000000,0.280000,0.100000,0.400000,-0.200000,0.538017
799,-1.801990,-0.892741,-23.426951,0.565041,0.008991,-1.353170,1.000000,0.300000,0.100000,0.200000,-0.200000,0.565041
800,-1.802839,-0.887154,-23.440483,0.578056,0.009454,-1.380950,1.000000,0.320000,0.100000,0.200000,-0.200000,0.578056
801,-1.803634,-0.881428,-23.454292,0.591057,0.010231,-1.409015,1.000000,0.360000,0.100000,0.400000,-0.200000,0.591057
802,-1.804370,-0.875562,-23.468383,0.618038,0.011305,-1.437124,1.000000,0.400000,0.100000,0.400000,-0.200000,0.618038
803,-1.805060,-0.869420,-23.482754,0.644985,0.012895,-1.469284,1.000000,0.460000,0.100000,0.400000,-0.200000,0.644985
804,-1.805699,-0.863000,-23.497447,0.671887,0.015004,-1.504358,1.000000,0.540000,0.100000,0.400000,-0.400000,0.671887
805,-1.806282,-0.856305,-23.512490,0.696580,0.014822,-1.661647,1.000000,0.540000,0.100000,0.400000,-0.400000,0.696580
806,-1.806774,-0.849355,-23.529107,0.721272,0.016053,-1.811553,1.000000,0.520000,0.100000,0.400000,-0.400000,0.721272
807,-1.807172,-0.842151,-23.547222,0.745927,0.018661,-1.953410,1.000000,0.520000,0.100000,0.400000,-0.400000,0.745927
808,-1.807468,-0.834696,-23.566756,0.770507,0.022607,-2.086856,1.000000,0.520000,0.120000,0.400000,-0.400000,0.770507
809,-1.807657,-0.826990,-23.587625,0.794969,0.027853,-2.211755,1.000000,0.720000,0.120000,0.400000,-0.400000,0.794969
810,-1.807731,-0.819035,-23.609742,0.819269,0.034362,-2.328140,1.000000,0.700000,0.120000,0.400000,-0.400000,0.819269
811,-1.807683,-0.810836,-23.633024,0.843360,0.042096,-2.436169,1.000000,1.000000,0.140000,0.400000,-0.400000,0.843360
812,-1.807504,-0.802393,-23.657385,0.867197,0.051018,-2.536087,1.000000,1.000000,0.140000,0.400000,-0.200000,0.867197
813,-1.807185,-0.793712,-23.682746,0.892873,0.063679,-2.517558,1.000000,1.000000,0.160000,0.400000,-0.200000,0.892873
814,-1.806742,-0.784772,-23.707922,0.918168,0.076302,-2.504104,0.940000,1.000000,0.180000,0.400000,-0.200000,0.918168
815,-1.806161,-0.775577,-23.732963,0.943092,0.088967,-2.494779,0.900000,1.000000,0.200000,0.200000,-0.400000,0.943092
816,-1.805433,-0.766132,-23.757911,0.951539,0.099696,-2.576329,0.780000,1.000000,0.240000,0.200000,-0.400000,0.951539
817,-1.804558,-0.756605,-23.783674,0.959610,0.111126,-2.649607,0.760000,1.000000,0.300000,0.200000,-0.400000,0.959610
818,-1.803531,-0.746999,-23.810170,0.967276,0.123189,-2.715291,0.720000,1.000000,0.380000,0.200000,-0.400000,0.967276
819,-1.802349,-0.737320,-23.837323,0.974512,0.135823,-2.774043,0.700000,1.000000,0.440000,0.000000,-0.400000,0.974512
820,-1.801006,-0.727573,-23.865063,0.967296,0.148970,-2.826500,0.680000,1.000000,0.440000,0.000000,-0.400000,0.967296
821,-1.799541,-0.717896,-23.893328,0.959607,0.162131,-2.871367,0.640000,1.000000,0.420000,0.000000,-0.400000,0.959607
822,-1.797952,-0.708295,-23.922042,0.951445,0.175236,-2.909619,0.620000,1.000000,0.620000,0.000000,-0.400000,0.951445
823,-1.796239,-0.698773,-23.951138,0.942811,0.188224,-2.942131,0.600000,1.000000,0.600000,0.000000,-0.400000,0.942811
824,-1.794403,-0.689336,-23.980560,0.933712,0.201041,-2.969679,0.580000,1.000000,1.000000,0.000000,-0.400000,0.933712
825,-1.792445,-0.679988,-24.010256,0.924156,0.213641,-2.992948,0.560000,1.000000,1.000000,0.000000,-0.400000,0.924156
826,-1.790364,-0.670733,-24.040186,0.914151,0.225984,-3.012541,0.480000,0.940000,1.000000,0.000000,-0.200000,0.914151
827,-1.788163,-0.661578,-24.070311,0.905735,0.238874,-2.993149,0.480000,0.900000,1.000000,0.000000,-0.200000,0.905735
828,-1.785841,-0.652503,-24.100243,0.896944,0.251077,-2.976054,0.460000,0.840000,1.000000,0.000000,-0.200000,0.896944
829,-1.783399,-0.643515,-24.130003,0.887803,0.262632,-2.961095,0.440000,0.800000,1.000000,0.200000,-0.400000,0.887803
830,-1.780836,-0.634618,-24.159614,0.890330,0.273018,-2.971993,0.440000,0.700000,1.000000,0.200000,-0.400000,0.890330
831,-1.778083,-0.625722,-24.189334,0.892506,0.283498,-2.982032,0.420000,0.660000,1.000000,0.200000,-0.400000,0.892506
832,-1.775139,-0.616832,-24.219155,0.894329,0.294060,-2.991284,0.420000,0.640000,1.000000,0.200000,-0.400000,0.894329
833,-1.772003,-0.607955,-24.249067,0.895797,0.304690,-2.999817,0.400000,0.600000,1.000000,0.200000,-0.400000,0.895797
834,-1.768677,-0.599097,-24.279066,0.896909,0.315373,-3.007694,0.400000,0.580000,1.000000,0.200000,-0.400000,0.896909
835,-1.765159,-0.590265,-24.309142,0.897664,0.326098,-3.014975,0.380000,0.560000,1.000000,0.200000,-0.400000,0.897664
836,-1.761451,-0.581463,-24.339292,0.898061,0.336852,-3.021715,0.380000,0.540000,1.000000,0.200000,-0.400000,0.898061
837,-1.757553,-0.572700,-24.369509,0.898102,0.347622,-3.027968,0.360000,0.520000,0.920000,0.000000,-0.400000,0.898102
838,-1.753466,-0.563979,-24.399789,0.883785,0.358396,-3.033781,0.360000,0.500000,0.860000,0.000000,-0.400000,0.883785
839,-1.749296,-0.555403,-24.430127,0.869110,0.368711,-3.038743,0.360000,0.480000,0.820000,0.000000,-0.400000,0.869110
840,-1.745046,-0.546973,-24.460514,0.854094,0.378556,-3.043006,0.340000,0.460000,0.760000,0.000000,-0.400000,0.854094
841,-1.740720,-0.538692,-24.490944,0.838753,0.387918,-3.046703,0.340000,0.460000,0.720000,0.000000,-0.400000,0.838753
842,-1.736324,-0.530564,-24.521411,0.823105,0.396787,-3.049948,0.340000,0.380000,0.680000,0.000000,-0.400000,0.823105
843,-1.731861,-0.522590,-24.551911,0.807165,0.405154,-3.052842,0.320000,0.380000,0.580000,0.000000,-0.400000,0.807165
844,-1.727336,-0.514774,-24.582439,0.790952,0.413012,-3.055472,0.320000,0.360000,0.560000,0.000000,-0.400000,0.790952
845,-1.722754,-0.507117,-24.612994,0.774481,0.420353,-3.057913,0.320000,0.360000,0.540000,0.000000,-0.400000,0.774481
846,-1.718120,-0.499622,-24.643573,0.757770,0.427172,-3.060231,0.300000,0.340000,0.520000,0.000000,-0.400000,0.757770
847,-1.713438,-0.492291,-24.674175,0.740835,0.433462,-3.062482,0.300000,0.340000,0.480000,0.000000,-0.400000,0.740835
848,-1.708714,-0.485125,-24.704800,0.723693,0.439219,-3.064716,0.300000,0.320000,0.460000,0.000000,-0.400000,0.723693
849,-1.703952,-0.478125,-24.735447,0.706361,0.444438,-3.066976,0.300000,0.320000,0.460000,0.000000,-0.400000,0.706361
850,-1.699159,-0.471294,-24.766117,0.688854,0.449116,-3.069299,0.280000,0.300000,0.440000,0.000000,-0.400000,0.688854
851,-1.694338,-0.464632,-24.796810,0.671190,0.453251,-3.071717,0.280000,0.300000,0.420000,0.000000,-0.400000,0.671190
852,-1.689495,-0.458140,-24.827527,0.653385,0.456838,-3.074258,0.280000,0.300000,0.400000,0.000000,-0.400000,0.653385
853,-1.684636,-0.451819,-24.858270,0.635455,0.459875,-3.076946,0.280000,0.280000,0.380000,0.000000,-0.400000,0.635455
854,-1.679766,-0.445671,-24.889039,0.617417,0.462362,-3.079801,0.280000,0.280000,0.380000,0.000000,-0.400000,0.617417
855,-1.674890,-0.439694,-24.919837,0.599287,0.464296,-3.082843,0.280000,0.280000,0.360000,0.000000,-0.400000,0.599287
856,-1.670013,-0.433889,-24.950666,0.581081,0.465676,-3.086085,0.260000,0.280000,0.360000,0.000000,-0.400000,0.581081
857,-1.665142,-0.428257,-24.981527,0.562815,0.466502,-3.089541,0.260000,0.260000,0.340000,0.000000,-0.400000,0.562815
858,-1.660281,-0.422798,-25.012422,0.544506,0.466773,-3.093223,0.260000,0.260000,0.280000,0.000000,-0.400000,0.544506
859,-1.655435,-0.417510,-25.043354,0.526170,0.466488,-3.097139,0.260000,0.260000,0.280000,0.000000,-0.400000,0.526170
860,-1.650611,-0.412394,-25.074326,0.507823,0.465649,-3.101298,0.260000,0.260000,0.280000,0.000000,-0.400000,0.507823
861,-1.645813,-0.407449,-25.105339,0.489482,0.464255,-3.105706,0.260000,0.240000,0.260000,0.000000,-0.400000,0.489482
862,-1.641047,-0.402674,-25.136396,0.471163,0.462308,-3.110369,0.260000,0.240000,0.260000,0.000000,-0.400000,0.471163
863,-1.636319,-0.398068,-25.167499,0.452881,0.459809,-3.115291,0.260000,0.240000,0.260000,0.000000,-0.400000,0.452881
864,-1.631633,-0.393631,-25.198652,0.434654,0.456759,-3.120477,0.260000,0.240000,0.240000,0.000000,-0.400000,0.434654
865,-1.626995,-0.389359,-25.229857,0.416497,0.453160,-3.125928,0.260000,0.240000,0.240000,0.000000,-0.400000,0.416497
866,-1.622410,-0.385253,-25.261116,0.398428,0.449014,-3.131647,0.260000,0.220000,0.240000,0.000000,-0.400000,0.398428
867,-1.617884,-0.381310,-25.292433,0.380462,0.444324,-3.137637,0.260000,0.220000,0.220000,0.000000,-0.400000,0.380462
868,-1.613421,-0.377528,-25.323809,0.362616,0.439093,-3.143897,0.260000,0.220000,0.220000,0.200000,-0.400000,0.362616
869,-1.609027,-0.373906,-25.355248,0.358906,0.433323,-3.150430,0.260000,0.220000,0.220000,0.200000,-0.400000,0.358906
870,-1.604570,-0.370471,-25.386753,0.355350,0.427461,-3.156932,0.260000,0.220000,0.220000,0.200000,-0.400000,0.355350
871,-1.600057,-0.367227,-25.418322,0.351951,0.421511,-3.163396,0.260000,0.220000,0.220000,0.200000,-0.400000,0.351951
872,-1.595492,-0.364174,-25.449956,0.348713,0.415477,-3.169816,0.260000,0.220000,0.200000,0.200000,-0.400000,0.348713
873,-1.590883,-0.361314,-25.481654,0.345641,0.409364,-3.176183,0.260000,0.220000,0.200000,0.200000,-0.400000,0.345641
874,-1.586236,-0.358649,-25.513416,0.342736,0.403177,-3.182489,0.260000,0.220000,0.200000,0.200000,-0.400000,0.342736
875,-1.581556,-0.356179,-25.545241,0.340004,0.396920,-3.188726,0.260000,0.220000,0.200000,0.200000,-0.400000,0.340004
876,-1.576849,-0.353906,-25.577128,0.337446,0.390599,-3.194882,0.260000,0.220000,0.200000,0.200000,-0.400000,0.337446
877,-1.572124,-0.351830,-25.609077,0.335068,0.384218,-3.200949,0.280000,0.200000,0.180000,0.200000,-0.400000,0.335068
878,-1.567384,-0.349952,-25.641086,0.332870,0.377784,-3.206913,0.280000,0.200000,0.180000,0.200000,-0.400000,0.332870
879,-1.562638,-0.348272,-25.673155,0.330857,0.371300,-3.212764,0.260000,0.200000,0.180000,0.200000,-0.400000,0.330857
880,-1.557890,-0.346790,-25.705283,0.329032,0.364774,-3.218486,0.260000,0.200000,0.180000,0.200000,-0.400000,0.329032
881,-1.553148,-0.345507,-25.737468,0.327396,0.358210,-3.224066,0.260000,0.200000,0.180000,0.200000,-0.400000,0.327396
882,-1.548418,-0.344421,-25.769709,0.325954,0.351614,-3.229487,0.260000,0.200000,0.180000,0.200000,-0.400000,0.325954
883,-1.543707,-0.343533,-25.802003,0.324706,0.344993,-3.234732,0.260000,0.200000,0.180000,0.200000,-0.400000,0.324706
884,-1.539020,-0.342842,-25.834351,0.323656,0.338351,-3.239782,0.240000,0.200000,0.180000,0.200000,-0.400000,0.323656
885,-1.534364,-0.342347,-25.866749,0.322805,0.331696,-3.244615,0.240000,0.200000,0.160000,0.200000,-0.400000,0.322805
886,-1.529745,-0.342046,-25.899195,0.322156,0.325032,-3.249211,0.240000,0.200000,0.160000,0.200000,-0.400000,0.322156
887,-1.525170,-0.341939,-25.931687,0.321711,0.318368,-3.253543,0.260000,0.220000,0.160000,0.200000,-0.400000,0.321711
888,-1.520645,-0.342024,-25.964222,0.321471,0.311708,-3.257586,0.260000,0.220000,0.160000,0.200000,-0.400000,0.321471
889,-1.516175,-0.342299,-25.996798,0.321438,0.305059,-3.261310,0.280000,0.220000,0.160000,0.200000,-0.400000,0.321438
890,-1.511768,-0.342763,-26.029411,0.321614,0.298428,-3.264684,0.280000,0.220000,0.160000,0.200000,-0.400000,0.321614
891,-1.507429,-0.343413,-26.062058,0.321999,0.291822,-3.267675,0.300000,0.220000,0.160000,0.200000,-0.400000,0.321999
892,-1.503164,-0.344246,-26.094735,0.322595,0.285246,-3.270245,0.340000,0.220000,0.160000,0.200000,-0.200000,0.322595
893,-1.498979,-0.345261,-26.127437,0.325338,0.278356,-3.287423,0.360000,0.220000,0.160000,0.200000,-0.200000,0.325338
894,-1.494873,-0.346473,-26.160311,0.328266,0.271649,-3.302928,0.400000,0.240000,0.160000,0.200000,-0.200000,0.328266
895,-1.490851,-0.347879,-26.193341,0.331381,0.265131,-3.316623,0.460000,0.240000,0.160000,0.200000,-0.200000,0.331381
896,-1.486919,-0.349476,-26.226507,0.334684,0.258807,-3.328367,0.560000,0.240000,0.160000,0.200000,-0.200000,0.334684
897,-1.483083,-0.351261,-26.259791,0.338176,0.252682,-3.338020,0.720000,0.240000,0.160000,0.200000,-0.200000,0.338176
898,-1.479349,-0.353231,-26.293171,0.341859,0.246759,-3.345446,1.000000,0.220000,0.160000,0.400000,-0.200000,0.341859
899,-1.475722,-0.355381,-26.326625,0.359731,0.241041,-3.350513,1.000000,0.220000,0.160000,0.400000,-0.200000,0.359731
900,-1.472157,-0.357839,-26.360130,0.377804,0.236052,-3.351182,1.000000,0.220000,0.160000,0.400000,-0.200000,0.377804
901,-1.468662,-0.360601,-26.393642,0.396063,0.231787,-3.347556,1.000000,0.220000,0.160000,0.400000,-0.200000,0.396063
902,-1.465247,-0.363666,-26.427118,0.414494,0.228234,-3.339868,1.000000,0.200000,0.160000,0.400000,-0.200000,0.414494
903,-1.461920,-0.367031,-26.460516,0.433080,0.225380,-3.328459,1.000000,0.220000,0.180000,0.400000,-0.200000,0.433080
904,-1.458690,-0.370692,-26.493801,0.451805,0.223206,-3.313753,1.000000,0.240000,0.180000,0.200000,-0.200000,0.451805
905,-1.455567,-0.374647,-26.526939,0.456651,0.221692,-3.296231,1.000000,0.260000,0.180000,0.400000,-0.200000,0.456651
906,-1.452582,-0.378753,-26.559901,0.475592,0.220294,-3.277795,1.000000,0.300000,0.180000,0.400000,-0.200000,0.475592
907,-1.449721,-0.383144,-26.592679,0.494633,0.219527,-3.257167,1.000000,0.360000,0.180000,0.400000,-0.200000,0.494633
908,-1.446992,-0.387817,-26.625251,0.513756,0.219370,-3.234862,1.000000,0.500000,0.200000,0.400000,-0.200000,0.513756
909,-1.444403,-0.392768,-26.657599,0.532942,0.219799,-3.211376,1.000000,0.780000,0.180000,0.200000,-0.200000,0.532942
910,-1.441963,-0.397991,-26.689713,0.538174,0.220793,-3.187171,1.000000,1.000000,0.180000,0.200000,-0.200000,0.538174
911,-1.439681,-0.403341,-26.721585,0.543425,0.221826,-3.163525,0.940000,1.000000,0.180000,0.200000,-0.200000,0.543425
912,-1.437561,-0.408815,-26.753220,0.548695,0.222898,-3.140441,0.960000,1.000000,0.180000,0.200000,-0.200000,0.548695
913,-1.435607,-0.414405,-26.784624,0.553980,0.224011,-3.117923,0.900000,1.000000,0.160000,0.200000,-0.200000,0.553980
914,-1.433823,-0.420109,-26.815804,0.559279,0.225166,-3.095973,0.840000,1.000000,0.160000,0.200000,-0.200000,0.559279
915,-1.432212,-0.425918,-26.846763,0.564589,0.226363,-3.074596,0.800000,1.000000,0.160000,0.200000,-0.200000,0.564589
916,-1.430777,-0.431830,-26.877509,0.569909,0.227604,-3.053793,0.760000,1.000000,0.160000,0.200000,-0.200000,0.569909
917,-1.429522,-0.437837,-26.908047,0.575237,0.228890,-3.033568,0.720000,1.000000,0.180000,0.200000,-0.200000,0.575237
918,-1.428449,-0.443934,-26.938383,0.580570,0.230222,-3.013921,0.700000,1.000000,0.200000,0.200000,-0.200000,0.580570
919,-1.427561,-0.450116,-26.968522,0.585905,0.231601,-2.994855,0.660000,1.000000,0.280000,0.200000,-0.200000,0.585905
920,-1.426861,-0.456377,-26.998471,0.591242,0.233028,-2.976371,0.640000,1.000000,0.400000,0.200000,-0.200000,0.591242
921,-1.426349,-0.462712,-27.028234,0.596576,0.234504,-2.958469,0.620000,0.960000,1.000000,0.200000,-0.200000,0.596576
922,-1.426030,-0.469114,-27.057819,0.601907,0.236030,-2.941151,0.600000,0.980000,1.000000,0.200000,-0.200000,0.601907
923,-1.425905,-0.475578,-27.087231,0.607231,0.237608,-2.924417,0.580000,0.920000,1.000000,0.200000,-0.200000,0.607231
924,-1.425974,-0.482098,-27.116475,0.612547,0.239238,-2.908266,0.560000,0.900000,1.000000,0.200000,-0.200000,0.612547
925,-1.426241,-0.488669,-27.145557,0.617851,0.240922,-2.892698,0.540000,0.900000,1.000000,0.400000,-0.200000,0.617851
926,-1.426707,-0.495284,-27.174484,0.637142,0.242661,-2.877711,0.520000,0.840000,1.000000,0.400000,-0.200000,0.637142
927,-1.427435,-0.502063,-27.203261,0.656422,0.244917,-2.862850,0.520000,0.800000,1.000000,0.400000,-0.200000,0.656422
928,-1.428431,-0.508998,-27.231890,0.675676,0.247676,-2.848337,0.500000,0.760000,1.000000,0.400000,-0.200000,0.675676
929,-1.429698,-0.516082,-27.260373,0.694888,0.250927,-2.834364,0.480000,0.720000,1.000000,0.400000,-0.200000,0.694888
930,-1.431240,-0.523307,-27.288717,0.714042,0.254662,-2.821086,0.420000,0.680000,1.000000,0.200000,-0.200000,0.714042
931,-1.433061,-0.530666,-27.316928,0.719122,0.258871,-2.808632,0.420000,0.660000,0.980000,0.200000,-0.200000,0.719122
932,-1.435084,-0.538037,-27.345014,0.724110,0.263099,-2.797263,0.400000,0.640000,0.980000,0.200000,-0.200000,0.724110
933,-1.437309,-0.545413,-27.372987,0.729002,0.267350,-2.786926,0.400000,0.600000,0.940000,0.200000,-0.200000,0.729002
934,-1.439736,-0.552788,-27.400856,0.733796,0.271629,-2.777570,0.380000,0.580000,0.900000,0.200000,-0.200000,0.733796
935,-1.442366,-0.560158,-27.428632,0.738490,0.275939,-2.769152,0.380000,0.560000,0.900000,0.200000,-0.200000,0.738490
936,-1.445199,-0.567515,-27.456323,0.743081,0.280285,-2.761628,0.380000,0.540000,0.840000,0.200000,-0.200000,0.743081
937,-1.448234,-0.574854,-27.483940,0.747567,0.284670,-2.754962,0.360000,0.520000,0.820000,0.000000,-0.200000,0.747567
938,-1.451470,-0.582169,-27.511489,0.737946,0.289097,-2.749120,0.360000,0.500000,0.820000,0.000000,-0.200000,0.737946
939,-1.454807,-0.589358,-27.538980,0.728209,0.293135,-2.744298,0.360000,0.500000,0.780000,0.000000,-0.200000,0.728209
940,-1.458241,-0.596417,-27.566423,0.718366,0.296794,-2.740436,0.340000,0.480000,0.720000,0.000000,-0.200000,0.718366
941,-1.461769,-0.603343,-27.593828,0.708427,0.300086,-2.737475,0.340000,0.460000,0.700000,0.000000,-0.200000,0.708427
942,-1.465387,-0.610133,-27.621202,0.698398,0.303020,-2.735364,0.340000,0.440000,0.660000,0.000000,-0.200000,0.698398
943,-1.469092,-0.616783,-27.648556,0.688288,0.305605,-2.734053,0.320000,0.440000,0.620000,0.000000,-0.200000,0.688288
944,-1.472881,-0.623292,-27.675897,0.678105,0.307849,-2.733497,0.320000,0.420000,0.600000,0.000000,-0.200000,0.678105
945,-1.476749,-0.629655,-27.703232,0.667857,0.309758,-2.733652,0.320000,0.420000,0.560000,0.000000,-0.200000,0.667857
946,-1.480693,-0.635872,-27.730568,0.657550,0.311341,-2.734477,0.320000,0.400000,0.540000,0.000000,-0.200000,0.657550
947,-1.484710,-0.641938,-27.757913,0.647192,0.312603,-2.735935,0.300000,0.400000,0.520000,0.000000,-0.200000,0.647192
948,-1.488794,-0.647852,-27.785272,0.636791,0.313549,-2.737988,0.300000,0.340000,0.500000,0.000000,-0.200000,0.636791
949,-1.492942,-0.653611,-27.812652,0.626353,0.314185,-2.740601,0.300000,0.320000,0.480000,0.000000,-0.200000,0.626353
950,-1.497151,-0.659214,-27.840058,0.615886,0.314515,-2.743740,0.300000,0.320000,0.460000,0.000000,-0.200000,0.615886
951,-1.501414,-0.664659,-27.867496,0.605396,0.314545,-2.747372,0.280000,0.320000,0.440000,0.000000,-0.200000,0.605396
952,-1.505730,-0.669943,-27.894969,0.594890,0.314277,-2.751464,0.280000,0.300000,0.440000,0.000000,-0.200000,0.594890
953,-1.510092,-0.675066,-27.922484,0.584376,0.313717,-2.755985,0.280000,0.300000,0.420000,0.000000,-0.200000,0.584376
954,-1.514496,-0.680025,-27.950044,0.573861,0.312867,-2.760902,0.280000,0.300000,0.400000,0.000000,-0.200000,0.573861
955,-1.518939,-0.684819,-27.977653,0.563351,0.311731,-2.766184,0.280000,0.280000,0.400000,0.000000,-0.200000,0.563351
956,-1.523415,-0.689447,-28.005315,0.552854,0.310311,-2.771799,0.280000,0.280000,0.380000,0.000000,-0.200000,0.552854
957,-1.527920,-0.693908,-28.033033,0.542377,0.308612,-2.777715,0.260000,0.280000,0.360000,0.000000,-0.200000,0.542377
958,-1.532449,-0.698201,-28.060810,0.531927,0.306635,-2.783900,0.260000,0.260000,0.360000,0.000000,-0.200000,0.531927
959,-1.536998,-0.702324,-28.088649,0.521512,0.304384,-2.790318,0.260000,0.260000,0.340000,0.000000,-0.200000,0.521512
960,-1.541561,-0.706279,-28.116552,0.511138,0.301861,-2.796937,0.260000,0.260000,0.340000,0.000000,-0.200000,0.511138
961,-1.546135,-0.710063,-28.144521,0.500814,0.299069,-2.803718,0.260000,0.260000,0.320000,0.000000,-0.200000,0.500814
962,-1.550714,-0.713677,-28.172558,0.490547,0.296009,-2.810624,0.260000,0.260000,0.320000,0.000000,-0.200000,0.490547
963,-1.555293,-0.717120,-28.200665,0.480345,0.292686,-2.817615,0.260000,0.240000,0.320000,0.000000,-0.200000,0.480345
964,-1.559868,-0.720393,-28.228841,0.470216,0.289100,-2.824646,0.260000,0.240000,0.260000,0.000000,-0.200000,0.470216
965,-1.564434,-0.723494,-28.257087,0.460168,0.285256,-2.831673,0.260000,0.240000,0.260000,0.000000,-0.200000,0.460168
966,-1.568986,-0.726426,-28.285404,0.450209,0.281155,-2.838645,0.260000,0.240000,0.240000,0.000000,-0.200000,0.450209
967,-1.573519,-0.729187,-28.313790,0.440346,0.276800,-2.845508,0.240000,0.240000,0.240000,0.000000,-0.200000,0.440346
968,-1.578028,-0.731780,-28.342246,0.430590,0.272194,-2.852203,0.240000,0.220000,0.240000,0.000000,-0.200000,0.430590
969,-1.582508,-0.734203,-28.370768,0.420947,0.267340,-2.858665,0.240000,0.220000,0.240000,0.000000,-0.200000,0.420947
970,-1.586956,-0.736459,-28.399354,0.411428,0.262241,-2.864823,0.240000,0.220000,0.220000,0.000000,-0.200000,0.411428
971,-1.591365,-0.738548,-28.428002,0.402040,0.256901,-2.870595,0.240000,0.220000,0.220000,0.000000,-0.400000,0.402040
972,-1.595731,-0.740471,-28.456708,0.390844,0.251487,-2.868857,0.240000,0.220000,0.220000,0.000000,-0.400000,0.390844
973,-1.600031,-0.742235,-28.485397,0.379809,0.245744,-2.866956,0.240000,0.220000,0.220000,0.000000,-0.400000,0.379809
974,-1.604260,-0.743842,-28.514067,0.368946,0.239678,-2.864858,0.240000,0.220000,0.200000,0.000000,-0.400000,0.368946
975,-1.608413,-0.745295,-28.542715,0.358264,0.233294,-2.862519,0.240000,0.220000,0.200000,0.200000,-0.400000,0.358264
976,-1.612486,-0.746594,-28.571340,0.361772,0.226601,-2.859891,0.240000,0.200000,0.200000,0.200000,-0.400000,0.361772
977,-1.616608,-0.747702,-28.599939,0.365489,0.220027,-2.856424,0.240000,0.200000,0.200000,0.200000,-0.400000,0.365489
978,-1.620775,-0.748618,-28.628503,0.369413,0.213580,-2.852082,0.260000,0.200000,0.200000,0.000000,-0.400000,0.369413
979,-1.624980,-0.749340,-28.657024,0.359542,0.207264,-2.846837,0.260000,0.200000,0.200000,0.200000,-0.400000,0.359542
980,-1.629090,-0.749920,-28.685493,0.363867,0.200657,-2.841068,0.260000,0.200000,0.180000,0.200000,-0.400000,0.363867
981,-1.633227,-0.750305,-28.713903,0.368406,0.194195,-2.834248,0.260000,0.200000,0.180000,0.000000,-0.400000,0.368406
982,-1.637387,-0.750495,-28.742246,0.359156,0.187883,-2.826356,0.260000,0.200000,0.180000,0.200000,-0.400000,0.359156
983,-1.641440,-0.750552,-28.770509,0.364108,0.181296,-2.817710,0.260000,0.200000,0.180000,0.200000,-0.400000,0.364108
984,-1.645505,-0.750412,-28.798686,0.369280,0.174873,-2.807838,0.260000,0.200000,0.180000,0.000000,-0.400000,0.369280
985,-1.649577,-0.750077,-28.826765,0.360669,0.168618,-2.796746,0.260000,0.200000,0.180000,0.200000,-0.400000,0.360669
986,-1.653532,-0.749620,-28.854732,0.366263,0.162108,-2.784626,0.280000,0.200000,0.180000,0.000000,-0.400000,0.366263
987,-1.657484,-0.748967,-28.882579,0.358081,0.155780,-2.771152,0.280000,0.200000,0.160000,0.200000,-0.400000,0.358081
988,-1.661313,-0.748200,-28.910290,0.364109,0.149210,-2.756419,0.280000,0.200000,0.160000,0.200000,-0.400000,0.364109
989,-1.665128,-0.747237,-28.937854,0.370368,0.142838,-2.740220,0.280000,0.200000,0.160000,0.000000,-0.400000,0.370368
990,-1.668926,-0.746082,-28.965256,0.362851,0.136668,-2.722657,0.300000,0.200000,0.160000,0.200000,-0.400000,0.362851
991,-1.672593,-0.744823,-28.992483,0.369546,0.130278,-2.703540,0.300000,0.200000,0.160000,0.000000,-0.400000,0.369546
992,-1.676233,-0.743372,-29.019518,0.362469,0.124106,-2.683061,0.320000,0.200000,0.160000,0.200000,-0.400000,0.362469
993,-1.679739,-0.741826,-29.046349,0.369608,0.117730,-2.660805,0.320000,0.200000,0.160000,0.000000,-0.400000,0.369608
994,-1.683208,-0.740091,-29.072957,0.362977,0.111588,-2.637299,0.340000,0.200000,0.160000,0.200000,-0.400000,0.362977
995,-1.686540,-0.738270,-29.099330,0.370563,0.105262,-2.611828,0.340000,0.200000,0.160000,0.000000,-0.400000,0.370563
996,-1.689828,-0.736262,-29.125448,0.364379,0.099188,-2.585383,0.360000,0.200000,0.160000,0.200000,-0.400000,0.364379
997,-1.692976,-0.734176,-29.151302,0.372412,0.092952,-2.556862,0.380000,0.200000,0.160000,0.200000,-0.200000,0.372412
998,-1.696072,-0.731907,-29.176871,0.382759,0.088672,-2.455774,0.400000,0.200000,0.160000,0.200000,-0.400000,0.382759
999,-1.699139,-0.729452,-29.201429,0.391231,0.082715,-2.430272,0.420000,0.220000,0.160000,0.200000,-0.400000,0.391231
