step,x,y,mu,vx,vy,omega,lidar_l,lidar_c,lidar_r,throttle,steering,reward
0,0.173339,1.893067,-2.923891,0.000000,0.000000,0.000000,0.660000,1.000000,0.520000,0.040000,-0.520000,0.000000
1,0.173339,1.893067,-2.923891,0.002800,0.000000,0.000000,0.660000,1.000000,0.520000,0.040000,-0.520000,0.002800
2,0.173311,1.893061,-2.923891,0.005600,0.000000,0.000000,0.660000,1.000000,0.520000,0.040000,-0.520000,0.005600
3,0.173257,1.893049,-2.923891,0.008400,0.000000,0.000000,0.660000,1.000000,0.520000,0.040000,-0.520000,0.008400
4,0.173175,1.893031,-2.923891,0.011200,0.000000,0.000000,0.660000,1.000000,0.520000,0.040000,-0.520000,0.011200
5,0.173065,1.893006,-2.923891,0.009525,-0.007816,-0.334290,0.660000,1.000000,0.520000,0.040000,-0.520000,0.009525
6,0.172955,1.893062,-2.927234,0.012351,-0.007784,-0.334290,0.640000,1.000000,0.520000,0.040000,-0.520000,0.012351
7,0.172818,1.893112,-2.930577,0.019401,-0.006653,0.287245,0.640000,1.000000,0.520000,0.040000,-0.520000,0.019401
8,0.172615,1.893136,-2.927704,0.017535,-0.006885,-0.446251,0.640000,1.000000,0.520000,0.040000,-0.440000,0.017535
9,0.172429,1.893166,-2.932167,0.023891,-0.006794,0.237760,0.620000,1.000000,0.520000,0.040000,-0.520000,0.023891
10,0.172181,1.893183,-2.929789,0.022189,-0.006878,-0.477226,0.640000,1.000000,0.520000,0.040000,-0.440000,0.022189
11,0.171949,1.893204,-2.934561,0.028119,-0.007486,0.159042,0.620000,1.000000,0.540000,0.040000,-0.360000,0.028119
12,0.171659,1.893219,-2.932971,0.028619,-0.006117,-0.465641,0.620000,1.000000,0.520000,0.040000,-0.440000,0.028619
13,0.171366,1.893220,-2.937627,0.033390,-0.008702,0.043892,0.600000,1.000000,0.540000,0.040000,-0.360000,0.033390
14,0.171022,1.893237,-2.937188,0.034750,-0.005841,-0.444876,0.600000,1.000000,0.540000,0.040000,-0.280000,0.034750
15,0.170669,1.893224,-2.941637,0.039155,-0.006382,0.091275,0.580000,1.000000,0.540000,0.040000,-0.360000,0.039155
16,0.170273,1.893209,-2.940724,0.039623,-0.006590,-0.465558,0.580000,1.000000,0.540000,0.040000,-0.280000,0.039623
17,0.169872,1.893194,-2.945380,0.043889,-0.007165,0.028097,0.580000,1.000000,0.540000,0.040000,-0.360000,0.043889
18,0.169427,1.893179,-2.945099,0.044662,-0.007412,-0.452426,0.580000,1.000000,0.540000,0.040000,-0.280000,0.044662
19,0.168975,1.893165,-2.949623,0.048689,-0.007897,-0.039447,0.560000,1.000000,0.540000,0.040000,-0.360000,0.048689
20,0.168482,1.893149,-2.950018,0.049761,-0.008361,-0.436511,0.560000,1.000000,0.540000,0.040000,-0.280000,0.049761
21,0.167977,1.893136,-2.954383,0.053571,-0.008528,-0.108085,0.540000,1.000000,0.540000,0.040000,-0.360000,0.053571
22,0.167435,1.893121,-2.955464,0.054904,-0.009402,-0.421305,0.540000,1.000000,0.540000,0.040000,-0.280000,0.054904
23,0.166878,1.893111,-2.959677,0.058532,-0.009107,-0.173584,0.520000,1.000000,0.560000,0.040000,-0.360000,0.058532
24,0.166286,1.893095,-2.961413,0.060075,-0.010454,-0.412076,0.520000,1.000000,0.560000,0.040000,-0.360000,0.060075
25,0.165676,1.893090,-2.965533,0.062885,-0.012053,-0.330309,0.500000,1.000000,0.560000,0.040000,-0.360000,0.062885
26,0.165036,1.893099,-2.968836,0.065412,-0.012049,-0.396297,0.500000,1.000000,0.560000,0.040000,-0.360000,0.065412
27,0.164371,1.893105,-2.972799,0.068101,-0.012749,-0.388173,0.480000,1.000000,0.560000,0.040000,-0.360000,0.068101
28,0.163678,1.893116,-2.976681,0.070720,-0.013127,-0.412839,0.480000,1.000000,0.560000,0.040000,-0.360000,0.070720
29,0.162959,1.893130,-2.980810,0.073366,-0.013625,-0.424643,0.460000,1.000000,0.580000,0.040000,-0.200000,0.073366
30,0.162213,1.893147,-2.985056,0.077028,-0.009530,-0.246253,0.460000,1.000000,0.580000,0.040000,-0.200000,0.077028
31,0.161437,1.893121,-2.987518,0.079931,-0.008318,-0.259462,0.460000,1.000000,0.580000,0.040000,-0.200000,0.079931
32,0.160635,1.893080,-2.990113,0.082726,-0.008347,-0.260010,0.440000,1.000000,0.580000,0.040000,-0.200000,0.082726
33,0.159804,1.893038,-2.992713,0.085484,-0.008540,-0.268652,0.440000,1.000000,0.580000,0.040000,-0.200000,0.085484
34,0.158946,1.892996,-2.995400,0.088237,-0.008782,-0.276911,0.440000,1.000000,0.580000,0.040000,-0.200000,0.088237
35,0.158060,1.892954,-2.998169,0.090988,-0.009032,-0.285421,0.420000,1.000000,0.600000,0.040000,-0.200000,0.090988
36,0.157147,1.892913,-3.001023,0.093739,-0.009283,-0.293948,0.420000,1.000000,0.600000,0.040000,-0.200000,0.093739
37,0.156206,1.892874,-3.003963,0.096490,-0.009533,-0.302477,0.420000,1.000000,0.600000,0.040000,-0.200000,0.096490
38,0.155237,1.892836,-3.006987,0.099241,-0.009781,-0.311001,0.420000,1.000000,0.600000,0.040000,-0.200000,0.099241
39,0.154240,1.892800,-3.010097,0.101992,-0.010027,-0.319518,0.400000,1.000000,0.600000,0.040000,-0.200000,0.101992
40,0.153216,1.892765,-3.013292,0.104743,-0.010271,-0.328027,0.400000,1.000000,0.600000,0.040000,-0.200000,0.104743
41,0.152164,1.892733,-3.016573,0.107494,-0.010513,-0.336527,0.400000,1.000000,0.620000,0.040000,-0.120000,0.107494
42,0.151085,1.892703,-3.019938,0.110571,-0.008328,-0.241304,0.400000,1.000000,0.620000,0.040000,-0.120000,0.110571
43,0.149977,1.892652,-3.022351,0.113455,-0.007403,-0.223476,0.380000,1.000000,0.620000,0.040000,-0.120000,0.113455
44,0.148842,1.892590,-3.024586,0.116277,-0.007086,-0.221563,0.380000,1.000000,0.620000,0.040000,-0.120000,0.116277
45,0.147678,1.892525,-3.026801,0.119076,-0.007028,-0.224022,0.380000,1.000000,0.620000,0.040000,-0.120000,0.119076
46,0.146488,1.892459,-3.029042,0.121865,-0.007079,-0.228013,0.380000,1.000000,0.620000,0.040000,-0.120000,0.121865
47,0.145269,1.892392,-3.031322,0.124649,-0.007176,-0.232617,0.380000,1.000000,0.620000,0.040000,-0.120000,0.124649
48,0.144022,1.892326,-3.033648,0.127432,-0.007294,-0.237483,0.380000,1.000000,0.640000,0.040000,-0.120000,0.127432
49,0.142747,1.892261,-3.036023,0.130214,-0.007420,-0.242464,0.360000,1.000000,0.640000,0.040000,-0.120000,0.130214
50,0.141444,1.892198,-3.038447,0.132996,-0.007549,-0.247496,0.360000,1.000000,0.640000,0.040000,-0.120000,0.132996
51,0.140114,1.892136,-3.040922,0.135777,-0.007678,-0.252549,0.360000,1.000000,0.640000,0.040000,-0.120000,0.135777
52,0.138755,1.892076,-3.043448,0.138557,-0.007807,-0.257610,0.360000,1.000000,0.640000,0.040000,-0.120000,0.138557
53,0.137368,1.892018,-3.046024,0.141338,-0.007935,-0.262671,0.360000,1.000000,0.640000,0.040000,-0.120000,0.141338
54,0.135954,1.891962,-3.048651,0.144119,-0.008062,-0.267729,0.360000,1.000000,0.640000,0.040000,-0.120000,0.144119
55,0.134512,1.891909,-3.051328,0.146899,-0.008187,-0.272783,0.340000,1.000000,0.660000,0.040000,-0.040000,0.146899
56,0.133041,1.891858,-3.054056,0.149804,-0.005871,-0.173487,0.340000,1.000000,0.660000,0.040000,-0.040000,0.149804
57,0.131544,1.891785,-3.055791,0.152652,-0.004569,-0.131996,0.340000,1.000000,0.660000,0.040000,-0.040000,0.152652
58,0.130019,1.891700,-3.057111,0.155475,-0.003857,-0.114517,0.340000,1.000000,0.660000,0.040000,-0.040000,0.155475
59,0.128466,1.891607,-3.058256,0.158285,-0.003472,-0.107218,0.340000,1.000000,0.660000,0.040000,-0.040000,0.158285
60,0.126886,1.891510,-3.059328,0.161088,-0.003268,-0.104458,0.340000,1.000000,0.660000,0.040000,-0.040000,0.161088
61,0.125278,1.891410,-3.060373,0.163888,-0.003167,-0.103836,0.340000,1.000000,0.660000,0.040000,-0.040000,0.163888
62,0.123642,1.891309,-3.061411,0.166687,-0.003123,-0.104271,0.340000,1.000000,0.660000,0.040000,-0.040000,0.166687
63,0.121978,1.891206,-3.062454,0.169484,-0.003112,-0.105255,0.340000,1.000000,0.660000,0.040000,-0.040000,0.169484
64,0.120286,1.891103,-3.063506,0.172280,-0.003119,-0.106533,0.340000,1.000000,0.660000,0.040000,-0.040000,0.172280
65,0.118566,1.891000,-3.064572,0.175076,-0.003138,-0.107972,0.340000,1.000000,0.680000,0.040000,-0.040000,0.175076
66,0.116818,1.890897,-3.065651,0.177871,-0.003162,-0.109503,0.340000,1.000000,0.680000,0.040000,-0.040000,0.177871
67,0.115042,1.890793,-3.066746,0.180667,-0.003190,-0.111087,0.340000,1.000000,0.680000,0.040000,-0.040000,0.180667
68,0.113238,1.890690,-3.067857,0.183462,-0.003220,-0.112700,0.340000,1.000000,0.680000,0.040000,-0.040000,0.183462
69,0.111406,1.890587,-3.068984,0.186257,-0.003251,-0.114330,0.340000,1.000000,0.680000,0.040000,-0.040000,0.186257
70,0.109546,1.890484,-3.070127,0.189052,-0.003281,-0.115969,0.320000,1.000000,0.680000,0.040000,-0.040000,0.189052
71,0.107658,1.890382,-3.071287,0.191846,-0.003312,-0.117614,0.320000,1.000000,0.680000,0.040000,-0.040000,0.191846
72,0.105742,1.890280,-3.072463,0.194641,-0.003342,-0.119260,0.320000,1.000000,0.680000,0.040000,-0.040000,0.194641
73,0.103798,1.890179,-3.073656,0.197435,-0.003372,-0.120907,0.320000,1.000000,0.680000,0.040000,-0.040000,0.197435
74,0.101826,1.890079,-3.074865,0.200230,-0.003401,-0.122553,0.320000,1.000000,0.680000,0.040000,-0.040000,0.200230
75,0.099826,1.889979,-3.076090,0.203024,-0.003429,-0.124197,0.320000,1.000000,0.680000,0.040000,-0.040000,0.203024
76,0.097798,1.889881,-3.077332,0.205818,-0.003457,-0.125840,0.320000,1.000000,0.680000,0.040000,-0.040000,0.205818
77,0.095741,1.889783,-3.078591,0.208612,-0.003484,-0.127480,0.320000,1.000000,0.680000,0.040000,-0.040000,0.208612
78,0.093657,1.889686,-3.079866,0.211406,-0.003510,-0.129118,0.320000,1.000000,0.700000,0.040000,0.040000,0.211406
79,0.091545,1.889591,-3.081157,0.214116,-0.001102,-0.026696,0.320000,1.000000,0.700000,0.040000,0.040000,0.214116
80,0.089407,1.889473,-3.081424,0.216852,0.000489,0.035659,0.320000,1.000000,0.700000,0.040000,0.040000,0.216852
81,0.087243,1.889337,-3.081067,0.219608,0.001538,0.073917,0.320000,1.000000,0.700000,0.040000,0.040000,0.219608
82,0.085052,1.889189,-3.080328,0.222376,0.002235,0.097826,0.320000,1.000000,0.700000,0.040000,0.040000,0.222376
83,0.082833,1.889031,-3.079350,0.225153,0.002703,0.113158,0.320000,1.000000,0.680000,0.040000,-0.040000,0.225153
84,0.080588,1.888864,-3.078218,0.227870,0.000575,0.018713,0.320000,1.000000,0.680000,0.040000,-0.040000,0.227870
85,0.078314,1.888714,-3.078031,0.230611,-0.000843,-0.040684,0.320000,1.000000,0.680000,0.040000,-0.040000,0.230611
86,0.076012,1.888576,-3.078438,0.233368,-0.001788,-0.078327,0.320000,1.000000,0.680000,0.040000,-0.040000,0.233368
87,0.073682,1.888446,-3.079221,0.236137,-0.002421,-0.102553,0.320000,1.000000,0.680000,0.040000,-0.040000,0.236137
88,0.071324,1.888323,-3.080247,0.238913,-0.002850,-0.118479,0.320000,1.000000,0.680000,0.040000,-0.040000,0.238913
89,0.068937,1.888205,-3.081431,0.241695,-0.003143,-0.129234,0.320000,1.000000,0.680000,0.040000,-0.040000,0.241695
90,0.066523,1.888091,-3.082724,0.244479,-0.003346,-0.136738,0.320000,1.000000,0.700000,0.040000,0.040000,0.244479
91,0.064080,1.887981,-3.084091,0.247194,-0.001047,-0.037794,0.320000,1.000000,0.700000,0.040000,0.040000,0.247194
92,0.061612,1.887849,-3.084469,0.249929,0.000514,0.027510,0.320000,1.000000,0.700000,0.040000,0.040000,0.249929
93,0.059117,1.887701,-3.084194,0.252681,0.001571,0.070750,0.320000,1.000000,0.700000,0.040000,0.040000,0.252681
94,0.056595,1.887541,-3.083487,0.255445,0.002290,0.099657,0.320000,1.000000,0.700000,0.040000,0.040000,0.255445
95,0.054047,1.887369,-3.082490,0.258217,0.002780,0.119255,0.320000,1.000000,0.680000,0.040000,-0.040000,0.258217
96,0.051470,1.887189,-3.081297,0.260936,0.000667,0.028042,0.320000,1.000000,0.680000,0.040000,-0.040000,0.260936
97,0.048866,1.887025,-3.081017,0.263675,-0.000777,-0.033690,0.320000,1.000000,0.680000,0.040000,-0.040000,0.263675
98,0.046234,1.886873,-3.081354,0.266428,-0.001761,-0.075605,0.320000,1.000000,0.680000,0.040000,-0.040000,0.266428
99,0.043573,1.886731,-3.082110,0.269192,-0.002432,-0.104297,0.320000,1.000000,0.680000,0.040000,-0.040000,0.269192
100,0.040885,1.886595,-3.083153,0.271964,-0.002891,-0.124171,0.320000,1.000000,0.680000,0.040000,-0.040000,0.271964
101,0.038168,1.886465,-3.084395,0.274741,-0.003205,-0.138149,0.320000,1.000000,0.700000,0.040000,0.040000,0.274741
102,0.035423,1.886340,-3.085776,0.277458,-0.000974,-0.043543,0.320000,1.000000,0.700000,0.040000,0.040000,0.277458
103,0.032653,1.886195,-3.086212,0.280193,0.000567,0.022408,0.320000,1.000000,0.700000,0.040000,0.040000,0.280193
104,0.029855,1.886034,-3.085987,0.282942,0.001625,0.068433,0.320000,1.000000,0.700000,0.040000,0.040000,0.282942
105,0.027031,1.885860,-3.085303,0.285703,0.002350,0.100724,0.320000,1.000000,0.700000,0.040000,0.040000,0.285703
106,0.024180,1.885676,-3.084296,0.288472,0.002846,0.123571,0.320000,1.000000,0.680000,0.040000,-0.040000,0.288472
107,0.021302,1.885483,-3.083060,0.291192,0.000733,0.035069,0.320000,1.000000,0.680000,0.040000,-0.040000,0.291192
108,0.018395,1.885305,-3.082709,0.293928,-0.000734,-0.027877,0.340000,1.000000,0.680000,0.040000,-0.040000,0.293928
109,0.015460,1.885139,-3.082988,0.296678,-0.001746,-0.072691,0.340000,1.000000,0.680000,0.040000,-0.040000,0.296678
110,0.012498,1.884983,-3.083715,0.299438,-0.002441,-0.104738,0.340000,1.000000,0.680000,0.040000,-0.040000,0.299438
111,0.009507,1.884834,-3.084763,0.302206,-0.002915,-0.127817,0.320000,1.000000,0.680000,0.040000,-0.040000,0.302206
112,0.006488,1.884692,-3.086041,0.304980,-0.003237,-0.144592,0.320000,1.000000,0.700000,0.040000,0.040000,0.304980
113,0.003441,1.884555,-3.087487,0.307698,-0.001004,-0.052194,0.320000,1.000000,0.700000,0.040000,0.040000,0.307698
114,0.000368,1.884398,-3.088009,0.310431,0.000558,0.015024,0.320000,1.000000,0.700000,0.040000,0.040000,0.310431
115,-0.002731,1.884226,-3.087858,0.313178,0.001639,0.063899,0.320000,1.000000,0.700000,0.040000,0.040000,0.313178
116,-0.005858,1.884042,-3.087219,0.315935,0.002382,0.099532,0.320000,1.000000,0.700000,0.040000,0.040000,0.315935
117,-0.009011,1.883846,-3.086224,0.318700,0.002887,0.125635,0.340000,1.000000,0.680000,0.040000,-0.040000,0.318700
118,-0.012192,1.883641,-3.084968,0.321421,0.000772,0.039949,0.340000,1.000000,0.680000,0.040000,-0.040000,0.321421
119,-0.015400,1.883452,-3.084568,0.324155,-0.000713,-0.023397,0.340000,1.000000,0.680000,0.040000,-0.040000,0.324155
120,-0.018637,1.883274,-3.084802,0.326903,-0.001745,-0.070209,0.340000,1.000000,0.680000,0.040000,-0.040000,0.326903
121,-0.021902,1.883106,-3.085504,0.329660,-0.002454,-0.104879,0.340000,1.000000,0.680000,0.040000,-0.040000,0.329660
122,-0.025194,1.882945,-3.086553,0.332424,-0.002935,-0.130660,0.340000,1.000000,0.680000,0.040000,-0.040000,0.332424
123,-0.028515,1.882792,-3.087860,0.335194,-0.003254,-0.149940,0.340000,1.000000,0.680000,0.040000,-0.040000,0.335194
124,-0.031864,1.882644,-3.089359,0.337968,-0.003461,-0.164463,0.340000,1.000000,0.700000,0.040000,0.040000,0.337968
125,-0.035241,1.882502,-3.091004,0.340685,-0.001140,-0.070768,0.320000,1.000000,0.700000,0.040000,0.040000,0.340685
126,-0.038644,1.882342,-3.091711,0.343415,0.000497,-0.000063,0.320000,1.000000,0.700000,0.040000,0.040000,0.343415
127,-0.042074,1.882165,-3.091712,0.346158,0.001636,0.053196,0.320000,1.000000,0.700000,0.040000,0.040000,0.346158
128,-0.045530,1.881976,-3.091180,0.348910,0.002416,0.093335,0.340000,1.000000,0.700000,0.040000,0.040000,0.348910
129,-0.049014,1.881777,-3.090247,0.351671,0.002938,0.123652,0.340000,1.000000,0.700000,0.040000,0.040000,0.351671
130,-0.052524,1.881567,-3.089010,0.354437,0.003278,0.146631,0.340000,1.000000,0.680000,0.040000,-0.040000,0.354437
131,-0.056062,1.881348,-3.087544,0.357156,0.001037,0.059230,0.340000,1.000000,0.680000,0.040000,-0.040000,0.357156
132,-0.059628,1.881144,-3.086952,0.359887,-0.000553,-0.007771,0.340000,1.000000,0.680000,0.040000,-0.040000,0.359887
133,-0.063222,1.880953,-3.087029,0.362630,-0.001663,-0.059041,0.340000,1.000000,0.680000,0.040000,-0.040000,0.362630
134,-0.066843,1.880772,-3.087620,0.365381,-0.002424,-0.098280,0.340000,1.000000,0.680000,0.040000,-0.040000,0.365381
135,-0.070493,1.880599,-3.088602,0.368141,-0.002932,-0.128358,0.340000,1.000000,0.680000,0.040000,-0.040000,0.368141
136,-0.074171,1.880434,-3.089886,0.370906,-0.003260,-0.151476,0.340000,1.000000,0.680000,0.040000,-0.040000,0.370906
137,-0.077877,1.880274,-3.091401,0.373675,-0.003458,-0.169311,0.340000,1.000000,0.680000,0.040000,-0.040000,0.373675
138,-0.081611,1.880121,-3.093094,0.376447,-0.003566,-0.183139,0.340000,1.000000,0.700000,0.040000,0.040000,0.376447
139,-0.085372,1.879975,-3.094925,0.379164,-0.001160,-0.089149,0.340000,1.000000,0.700000,0.040000,0.040000,0.379164
140,-0.089160,1.879809,-3.095817,0.381891,0.000549,-0.015804,0.340000,1.000000,0.700000,0.040000,0.040000,0.381891
141,-0.092975,1.879629,-3.095975,0.384630,0.001738,0.041273,0.340000,1.000000,0.700000,0.040000,0.040000,0.384630
142,-0.096816,1.879436,-3.095562,0.387378,0.002546,0.085651,0.340000,1.000000,0.700000,0.040000,0.040000,0.387378
143,-0.100685,1.879233,-3.094706,0.390134,0.003074,0.120166,0.340000,1.000000,0.700000,0.040000,0.040000,0.390134
144,-0.104581,1.879019,-3.093504,0.392896,0.003401,0.147043,0.340000,1.000000,0.700000,0.040000,0.040000,0.392896
145,-0.108503,1.878796,-3.092033,0.395662,0.003584,0.168015,0.340000,1.000000,0.680000,0.040000,-0.040000,0.395662
146,-0.112453,1.878564,-3.090353,0.398380,0.001213,0.079534,0.340000,1.000000,0.680000,0.040000,-0.040000,0.398380
147,-0.116431,1.878348,-3.089558,0.401107,-0.000483,0.009461,0.340000,1.000000,0.680000,0.040000,-0.040000,0.401107
148,-0.120437,1.878144,-3.089463,0.403845,-0.001670,-0.045881,0.340000,1.000000,0.680000,0.040000,-0.040000,0.403845
149,-0.124471,1.877951,-3.089922,0.406591,-0.002477,-0.089535,0.340000,1.000000,0.680000,0.040000,-0.040000,0.406591
150,-0.128533,1.877765,-3.090818,0.409345,-0.003004,-0.123965,0.340000,1.000000,0.680000,0.040000,-0.040000,0.409345
151,-0.132623,1.877588,-3.092057,0.412105,-0.003326,-0.151135,0.340000,1.000000,0.680000,0.040000,-0.040000,0.412105
152,-0.136740,1.877417,-3.093569,0.414869,-0.003500,-0.172605,0.340000,1.000000,0.680000,0.040000,-0.040000,0.414869
153,-0.140886,1.877253,-3.095295,0.417637,-0.003569,-0.189605,0.340000,1.000000,0.680000,0.040000,-0.040000,0.417637
154,-0.145059,1.877095,-3.097191,0.420406,-0.003564,-0.203105,0.340000,1.000000,0.700000,0.040000,0.040000,0.420406
155,-0.149261,1.876944,-3.099222,0.423121,-0.001057,-0.109029,0.340000,1.000000,0.700000,0.040000,0.040000,0.423121
156,-0.153489,1.876775,-3.100312,0.425846,0.000734,-0.033390,0.340000,1.000000,0.700000,0.040000,0.040000,0.425846
157,-0.157743,1.876592,-3.100646,0.428580,0.001978,0.027225,0.340000,1.000000,0.700000,0.040000,0.040000,0.428580
158,-0.162025,1.876397,-3.100374,0.431324,0.002810,0.075707,0.340000,1.000000,0.700000,0.040000,0.040000,0.431324
159,-0.166333,1.876191,-3.099617,0.434075,0.003336,0.114446,0.340000,1.000000,0.700000,0.040000,0.040000,0.434075
160,-0.170669,1.875976,-3.098472,0.436832,0.003637,0.145389,0.340000,1.000000,0.700000,0.040000,0.040000,0.436832
161,-0.175031,1.875751,-3.097018,0.439594,0.003775,0.170109,0.340000,1.000000,0.680000,0.040000,-0.040000,0.439594
162,-0.179421,1.875518,-3.095317,0.442310,0.001341,0.084902,0.340000,1.000000,0.680000,0.040000,-0.040000,0.442310
163,-0.183839,1.875300,-3.094468,0.445035,-0.000415,0.015535,0.340000,1.000000,0.680000,0.040000,-0.040000,0.445035
164,-0.188284,1.875094,-3.094313,0.447769,-0.001648,-0.040758,0.340000,1.000000,0.680000,0.040000,-0.040000,0.447769
165,-0.192758,1.874899,-3.094720,0.450511,-0.002482,-0.086350,0.340000,1.000000,0.680000,0.040000,-0.040000,0.450511
166,-0.197259,1.874713,-3.095584,0.453260,-0.003015,-0.123230,0.340000,1.000000,0.680000,0.040000,-0.040000,0.453260
167,-0.201788,1.874534,-3.096816,0.456014,-0.003323,-0.153044,0.340000,1.000000,0.680000,0.040000,-0.040000,0.456014
168,-0.206345,1.874363,-3.098347,0.458773,-0.003466,-0.177143,0.340000,1.000000,0.680000,0.040000,-0.040000,0.458773
169,-0.210930,1.874200,-3.100118,0.461535,-0.003488,-0.196627,0.340000,1.000000,1.000000,0.120000,0.600000,0.461535
170,-0.215543,1.874043,-3.102084,0.464619,0.004950,0.145826,0.340000,1.000000,1.000000,0.120000,0.600000,0.464619
171,-0.220184,1.873810,-3.100626,0.467778,0.011907,0.473259,0.340000,1.000000,1.000000,0.120000,0.600000,0.467778
172,-0.224853,1.873500,-3.095893,0.471065,0.017493,0.782062,0.340000,1.000000,1.000000,0.120000,0.600000,0.471065
173,-0.229551,1.873110,-3.088073,0.474512,0.021825,1.069755,0.360000,0.980000,0.660000,0.040000,-0.040000,0.474512
174,-0.234277,1.872638,-3.077375,0.477353,0.013400,0.838118,0.380000,1.000000,0.660000,0.040000,-0.040000,0.477353
175,-0.239032,1.872198,-3.068994,0.480106,0.006917,0.639004,0.380000,1.000000,0.640000,0.040000,-0.120000,0.480106
176,-0.243816,1.871781,-3.062604,0.482351,0.000051,0.384738,0.400000,1.000000,0.640000,0.040000,-0.120000,0.482351
177,-0.248624,1.871399,-3.058757,0.484637,-0.005012,0.165890,0.400000,1.000000,0.620000,0.040000,-0.120000,0.484637
178,-0.253458,1.871048,-3.057098,0.486987,-0.008574,-0.019603,0.400000,1.000000,0.620000,0.040000,-0.120000,0.486987
179,-0.258318,1.870723,-3.057294,0.489407,-0.010925,-0.175097,0.400000,1.000000,0.620000,0.040000,-0.120000,0.489407
180,-0.263204,1.870420,-3.059045,0.491890,-0.012323,-0.304423,0.400000,1.000000,0.620000,0.040000,-0.120000,0.491890
181,-0.268116,1.870137,-3.062089,0.494427,-0.012987,-0.411387,0.400000,1.000000,0.620000,0.040000,-0.120000,0.494427
182,-0.273055,1.869874,-3.066203,0.497006,-0.013101,-0.499503,0.400000,1.000000,0.720000,0.040000,0.040000,0.497006
183,-0.278021,1.869630,-3.071198,0.499736,-0.007990,-0.365802,0.380000,1.000000,1.000000,0.120000,0.600000,0.499736
184,-0.283011,1.869358,-3.074856,0.502810,0.001354,-0.018790,0.380000,0.980000,1.000000,0.120000,0.600000,0.502810
185,-0.288027,1.869009,-3.075044,0.505923,0.009011,0.316940,0.380000,0.980000,1.000000,0.120000,0.600000,0.505923
186,-0.293069,1.868583,-3.071874,0.509135,0.015098,0.636928,0.400000,0.980000,1.000000,0.120000,0.600000,0.509135
187,-0.298138,1.868078,-3.065505,0.512486,0.019742,0.937848,0.400000,0.980000,1.000000,0.120000,0.600000,0.512486
188,-0.303233,1.867491,-3.056127,0.515995,0.023068,1.217453,0.420000,0.980000,0.700000,0.040000,0.040000,0.515995
189,-0.308354,1.866821,-3.043952,0.519142,0.015704,1.068192,0.440000,1.000000,0.600000,0.040000,-0.280000,0.519142
190,-0.313506,1.866159,-3.033270,0.519892,0.003806,0.679771,0.460000,1.000000,0.580000,0.040000,-0.280000,0.519892
191,-0.318670,1.865559,-3.026472,0.520637,-0.005671,0.314454,0.480000,1.000000,0.580000,0.040000,-0.200000,0.520637
192,-0.323848,1.865017,-3.023328,0.522292,-0.011706,0.030501,0.480000,1.000000,0.560000,0.040000,-0.360000,0.522292
193,-0.329049,1.864517,-3.023023,0.522383,-0.018162,-0.314684,0.480000,1.000000,0.560000,0.040000,-0.360000,0.522383
194,-0.334257,1.864079,-3.026170,0.522670,-0.022773,-0.628765,0.480000,0.980000,0.580000,0.040000,-0.200000,0.522670
195,-0.339475,1.863704,-3.032457,0.524879,-0.022861,-0.785202,0.460000,0.980000,0.580000,0.040000,-0.200000,0.524879
196,-0.344718,1.863359,-3.040309,0.527169,-0.022226,-0.916090,0.460000,0.980000,0.580000,0.040000,-0.200000,0.527169
197,-0.349985,1.863047,-3.049470,0.529513,-0.021054,-1.025062,0.440000,0.940000,1.000000,0.120000,0.600000,0.529513
198,-0.355277,1.862770,-3.059721,0.532690,-0.008534,-0.646544,0.420000,0.920000,1.000000,0.120000,0.600000,0.532690
199,-0.360593,1.862419,-3.066186,0.535767,0.001917,-0.271910,0.420000,0.920000,1.000000,0.120000,0.600000,0.535767
200,-0.365934,1.861997,-3.068906,0.538848,0.010411,0.092523,0.420000,0.920000,1.000000,0.120000,0.600000,0.538848
201,-0.371301,1.861501,-3.067980,0.542012,0.017076,0.441592,0.420000,0.920000,1.000000,0.120000,0.600000,0.542012
202,-0.376694,1.860932,-3.063564,0.545313,0.022052,0.771253,0.420000,0.920000,1.000000,0.120000,0.600000,0.545313
203,-0.382113,1.860288,-3.055852,0.548775,0.025488,1.078573,0.440000,0.900000,1.000000,0.120000,0.600000,0.548775
204,-0.387559,1.859564,-3.045066,0.552406,0.027533,1.361695,0.460000,0.900000,1.000000,0.120000,0.600000,0.552406
205,-0.393031,1.858757,-3.031449,0.556193,0.028335,1.619769,0.480000,0.940000,1.000000,0.120000,0.600000,0.556193
206,-0.398528,1.857864,-3.015251,0.560112,0.028033,1.852815,0.520000,0.940000,0.540000,0.040000,-1.000000,0.560112
207,-0.404049,1.856880,-2.996723,0.554994,0.014230,1.525739,0.580000,0.980000,0.520000,0.040000,-1.000000,0.554994
208,-0.409520,1.855938,-2.981466,0.549583,0.002531,1.189755,0.620000,0.980000,0.520000,0.040000,-1.000000,0.549583
209,-0.414942,1.855037,-2.969568,0.543997,-0.007178,0.851403,0.660000,0.980000,0.500000,0.040000,-1.000000,0.543997
210,-0.420314,1.854177,-2.961054,0.538333,-0.015033,0.516414,0.680000,0.960000,0.500000,0.040000,-1.000000,0.538333
211,-0.425636,1.853358,-2.955890,0.532665,-0.021195,0.189862,0.680000,0.960000,0.480000,0.040000,-0.520000,0.532665
212,-0.430911,1.852583,-2.953992,0.531002,-0.028156,-0.223022,0.680000,0.960000,0.480000,0.040000,-0.520000,0.531002
213,-0.436180,1.851869,-2.956222,0.529550,-0.033139,-0.608080,0.660000,0.960000,0.480000,0.040000,-0.440000,0.529550
214,-0.441446,1.851219,-2.962303,0.529260,-0.036019,-0.945934,0.660000,0.960000,0.480000,0.040000,-0.440000,0.529260
215,-0.446718,1.850629,-2.971762,0.529228,-0.037391,-1.247114,0.660000,0.940000,0.500000,0.040000,-0.440000,0.529228
216,-0.451997,1.850103,-2.984233,0.529426,-0.037502,-1.511888,0.640000,0.940000,0.500000,0.040000,-0.360000,0.529426
217,-0.457285,1.849644,-2.999352,0.530805,-0.035514,-1.696213,0.600000,0.940000,1.000000,0.120000,0.600000,0.530805
218,-0.462590,1.849243,-3.016314,0.534303,-0.019806,-1.290044,0.560000,0.880000,1.000000,0.120000,0.600000,0.534303
219,-0.467916,1.848772,-3.029215,0.537506,-0.006420,-0.880648,0.520000,0.880000,1.000000,0.120000,0.600000,0.537506
220,-0.473264,1.848233,-3.038021,0.540572,0.004734,-0.475834,0.500000,0.880000,1.000000,0.120000,0.600000,0.540572
221,-0.478636,1.847627,-3.042779,0.543625,0.013770,-0.082191,0.500000,0.880000,1.000000,0.120000,0.600000,0.543625
222,-0.484032,1.846954,-3.043601,0.546761,0.020826,0.294789,0.500000,0.860000,1.000000,0.120000,0.600000,0.546761
223,-0.489453,1.846212,-3.040653,0.550044,0.026055,0.650696,0.520000,0.860000,1.000000,0.120000,0.600000,0.550044
224,-0.494899,1.845398,-3.034146,0.553506,0.029618,0.982237,0.520000,0.860000,1.000000,0.120000,0.600000,0.553506
225,-0.500370,1.844510,-3.024324,0.557157,0.031683,1.287263,0.560000,0.860000,1.000000,0.120000,0.600000,0.557157
226,-0.505867,1.843543,-3.011451,0.560985,0.032413,1.564731,0.580000,0.860000,1.000000,0.120000,0.600000,0.560985
227,-0.511387,1.842494,-2.995804,0.564962,0.031965,1.814601,0.620000,0.900000,1.000000,0.120000,0.600000,0.564962
228,-0.516930,1.841357,-2.977658,0.569053,0.030483,2.037655,0.600000,0.880000,1.000000,0.120000,0.600000,0.569053
229,-0.522495,1.840128,-2.957282,0.573213,0.028100,2.235285,0.600000,0.880000,1.000000,0.120000,0.600000,0.573213
230,-0.528078,1.838801,-2.934929,0.577398,0.024936,2.409279,0.640000,0.880000,0.440000,0.040000,-1.000000,0.577398
231,-0.533678,1.837372,-2.910836,0.572356,0.008666,2.030060,0.660000,0.920000,0.420000,0.040000,-1.000000,0.572356
232,-0.539230,1.835979,-2.890535,0.566900,-0.005098,1.641006,0.660000,0.920000,0.420000,0.040000,-1.000000,0.566900
233,-0.544734,1.834620,-2.874125,0.561196,-0.016466,1.248770,0.660000,0.920000,0.400000,0.040000,-1.000000,0.561196
234,-0.550190,1.833295,-2.861638,0.555384,-0.025579,0.859236,0.700000,0.920000,0.400000,0.040000,-1.000000,0.555384
235,-0.555598,1.832006,-2.853045,0.549574,-0.032604,0.477792,0.680000,0.920000,0.380000,0.040000,-1.000000,0.549574
236,-0.560960,1.830755,-2.848267,0.543843,-0.037733,0.109475,0.680000,0.960000,0.380000,0.040000,-1.000000,0.543843
237,-0.566275,1.829544,-2.847172,0.538245,-0.041178,-0.241036,0.680000,0.960000,0.380000,0.040000,-1.000000,0.538245
238,-0.571545,1.828376,-2.849583,0.532803,-0.043163,-0.569548,0.680000,0.960000,0.380000,0.040000,-1.000000,0.532803
239,-0.576772,1.827256,-2.855278,0.527525,-0.043915,-0.872577,0.660000,0.900000,0.380000,0.040000,-1.000000,0.527525
240,-0.581957,1.826187,-2.864004,0.522399,-0.043656,-1.147596,0.660000,0.900000,0.380000,0.040000,-1.000000,0.522399
241,-0.587100,1.825175,-2.875480,0.517404,-0.042594,-1.393205,0.660000,0.900000,0.400000,0.040000,-0.680000,0.517404
242,-0.592204,1.824226,-2.889412,0.515109,-0.042616,-1.681995,0.640000,0.880000,0.460000,0.040000,-0.520000,0.515109
243,-0.597299,1.823353,-2.906232,0.514791,-0.041463,-1.925250,0.620000,0.880000,0.480000,0.040000,-0.360000,0.514791
244,-0.602401,1.822556,-2.925485,0.516660,-0.037533,-2.048573,0.620000,0.820000,1.000000,0.120000,0.600000,0.516660
245,-0.607528,1.821814,-2.945970,0.520303,-0.020850,-1.609814,0.620000,0.820000,1.000000,0.120000,0.600000,0.520303
246,-0.612673,1.821008,-2.962068,0.523564,-0.006572,-1.168376,0.600000,0.820000,1.000000,0.120000,0.600000,0.523564
247,-0.617836,1.820137,-2.973752,0.526626,0.005388,-0.732194,0.580000,0.800000,1.000000,0.120000,0.600000,0.526626
248,-0.623019,1.819205,-2.981074,0.529641,0.015143,-0.308056,0.560000,0.800000,1.000000,0.120000,0.600000,0.529641
249,-0.628223,1.818209,-2.984155,0.532725,0.022833,0.098251,0.560000,0.800000,1.000000,0.120000,0.600000,0.532725
250,-0.633449,1.817148,-2.983172,0.535956,0.028615,0.481949,0.580000,0.800000,0.980000,0.120000,0.600000,0.535956
251,-0.638696,1.816020,-2.978353,0.539382,0.032659,0.839357,0.580000,0.780000,0.980000,0.120000,0.600000,0.539382
252,-0.643965,1.814821,-2.969959,0.543020,0.035143,1.167981,0.580000,0.780000,0.980000,0.120000,0.600000,0.543020
253,-0.649255,1.813547,-2.958279,0.546862,0.036239,1.466548,0.580000,0.780000,0.980000,0.120000,0.600000,0.546862
254,-0.654566,1.812194,-2.943614,0.550885,0.036116,1.734925,0.580000,0.780000,0.980000,0.120000,0.600000,0.550885
255,-0.659897,1.810756,-2.926265,0.555050,0.034926,1.973943,0.560000,0.780000,1.000000,0.120000,0.600000,0.555050
256,-0.665244,1.809229,-2.906525,0.559314,0.032810,2.185157,0.600000,0.820000,1.000000,0.120000,0.600000,0.559314
257,-0.670607,1.807607,-2.884674,0.563629,0.029893,2.370595,0.600000,0.820000,1.000000,0.120000,0.600000,0.563629
258,-0.675983,1.805886,-2.860968,0.567947,0.026284,2.532523,0.600000,0.820000,1.000000,0.120000,0.600000,0.567947
259,-0.681367,1.804061,-2.835642,0.572225,0.022082,2.673275,0.620000,0.860000,0.400000,0.040000,-1.000000,0.572225
260,-0.686757,1.802126,-2.808910,0.567172,0.005001,2.266000,0.620000,0.860000,0.400000,0.040000,-1.000000,0.567172
261,-0.692101,1.800227,-2.786250,0.561652,-0.009437,1.849675,0.660000,0.880000,0.320000,0.040000,-1.000000,0.561652
262,-0.697400,1.798361,-2.767753,0.555856,-0.021343,1.430677,0.660000,0.880000,0.320000,0.040000,-1.000000,0.555856
263,-0.702653,1.796530,-2.753446,0.549945,-0.030857,1.014694,0.640000,0.880000,0.300000,0.040000,-1.000000,0.549945
264,-0.707860,1.794734,-2.743299,0.544042,-0.038151,0.607042,0.640000,0.880000,0.300000,0.040000,-1.000000,0.544042
265,-0.713022,1.792976,-2.737229,0.538239,-0.043423,0.212846,0.680000,0.860000,0.300000,0.040000,-1.000000,0.538239
266,-0.718141,1.791258,-2.735100,0.532592,-0.046895,-0.162948,0.680000,0.860000,0.300000,0.040000,-1.000000,0.532592
267,-0.723219,1.789582,-2.736730,0.527134,-0.048805,-0.515709,0.680000,0.860000,0.300000,0.040000,-1.000000,0.527134
268,-0.728256,1.787955,-2.741887,0.521868,-0.049399,-0.841406,0.660000,0.860000,0.280000,0.040000,-1.000000,0.521868
269,-0.733256,1.786379,-2.750301,0.516784,-0.048921,-1.136948,0.620000,0.840000,0.340000,0.040000,-1.000000,0.516784
270,-0.738220,1.784860,-2.761670,0.511855,-0.047597,-1.400486,0.620000,0.840000,0.360000,0.040000,-1.000000,0.511855
271,-0.743150,1.783404,-2.775675,0.507050,-0.045634,-1.631530,0.620000,0.820000,0.360000,0.040000,-1.000000,0.507050
272,-0.748048,1.782016,-2.791991,0.502334,-0.043204,-1.830861,0.620000,0.820000,0.360000,0.040000,-1.000000,0.502334
273,-0.752915,1.780701,-2.810299,0.497673,-0.040455,-2.000252,0.600000,0.820000,0.980000,0.120000,0.600000,0.497673
274,-0.757753,1.779465,-2.830302,0.501349,-0.024170,-1.571725,0.560000,0.800000,0.960000,0.040000,0.520000,0.501349
275,-0.762599,1.778160,-2.846019,0.499787,-0.009896,-1.128970,0.560000,0.760000,0.940000,0.040000,0.520000,0.499787
276,-0.767409,1.776798,-2.857309,0.498032,0.002024,-0.692699,0.560000,0.740000,0.940000,0.040000,0.520000,0.498032
277,-0.772184,1.775382,-2.864236,0.496241,0.011750,-0.270591,0.560000,0.740000,0.920000,0.040000,0.440000,0.496241
278,-0.776925,1.773910,-2.866942,0.495378,0.019352,0.125973,0.540000,0.740000,0.920000,0.040000,0.440000,0.495378
279,-0.781640,1.772381,-2.865682,0.494705,0.025070,0.492626,0.540000,0.740000,0.920000,0.040000,0.440000,0.494705
280,-0.786332,1.770792,-2.860756,0.494265,0.029124,0.825883,0.540000,0.720000,0.920000,0.040000,0.440000,0.494265
281,-0.791000,1.769142,-2.852497,0.494073,0.031736,1.124031,0.540000,0.720000,0.920000,0.040000,0.440000,0.494073
282,-0.795645,1.767429,-2.841256,0.494115,0.033125,1.387032,0.540000,0.720000,0.920000,0.040000,0.440000,0.494115
283,-0.800267,1.765651,-2.827386,0.494363,0.033495,1.616242,0.580000,0.760000,0.920000,0.040000,0.440000,0.494363
284,-0.804866,1.763805,-2.811224,0.494779,0.033034,1.814030,0.560000,0.760000,0.940000,0.040000,0.520000,0.494779
285,-0.809439,1.761887,-2.793083,0.494322,0.032575,2.012028,0.560000,0.760000,0.940000,0.040000,0.520000,0.494322
286,-0.813973,1.759893,-2.772963,0.493979,0.031493,2.183813,0.600000,0.760000,0.960000,0.040000,0.520000,0.493979
287,-0.818468,1.757819,-2.751125,0.493715,0.029907,2.331949,0.600000,0.780000,0.960000,0.040000,0.520000,0.493715
288,-0.822920,1.755663,-2.727806,0.493492,0.027921,2.459058,0.600000,0.780000,0.300000,0.040000,-1.000000,0.493492
289,-0.827326,1.753423,-2.703215,0.488538,0.013794,2.061646,0.640000,0.780000,0.300000,0.040000,-1.000000,0.488538
290,-0.831691,1.751225,-2.682598,0.483190,0.001820,1.660336,0.620000,0.780000,0.280000,0.040000,-1.000000,0.483190
291,-0.836014,1.749068,-2.665995,0.477600,-0.008134,1.261143,0.620000,0.780000,0.280000,0.040000,-1.000000,0.477600
292,-0.840298,1.746953,-2.653384,0.471890,-0.016229,0.869503,0.620000,0.780000,0.280000,0.040000,-1.000000,0.471890
293,-0.844541,1.744883,-2.644689,0.466157,-0.022645,0.490458,0.620000,0.780000,0.280000,0.040000,-1.000000,0.466157
294,-0.848747,1.742860,-2.639784,0.460471,-0.027579,0.128667,0.620000,0.780000,0.260000,0.040000,-1.000000,0.460471
295,-0.852917,1.740887,-2.638497,0.454878,-0.031237,-0.211723,0.620000,0.780000,0.260000,0.040000,-1.000000,0.454878
296,-0.857052,1.738967,-2.640615,0.449406,-0.033828,-0.527297,0.620000,0.780000,0.260000,0.040000,-1.000000,0.449406
297,-0.861157,1.737106,-2.645888,0.444065,-0.035549,-0.815625,0.600000,0.780000,0.260000,0.040000,-1.000000,0.444065
298,-0.865232,1.735306,-2.654044,0.438854,-0.036582,-1.075425,0.600000,0.760000,0.260000,0.040000,-1.000000,0.438854
299,-0.869281,1.733574,-2.664798,0.433765,-0.037085,-1.306574,0.600000,0.760000,0.260000,0.040000,-1.000000,0.433765
300,-0.873305,1.731912,-2.677864,0.428785,-0.037189,-1.509964,0.600000,0.740000,0.260000,0.040000,-1.000000,0.428785
301,-0.877306,1.730327,-2.692963,0.423897,-0.037004,-1.687246,0.600000,0.740000,1.000000,0.120000,0.600000,0.423897
302,-0.881286,1.728822,-2.709836,0.427391,-0.023279,-1.270068,0.580000,0.740000,0.940000,0.040000,0.520000,0.427391
303,-0.885265,1.727245,-2.722537,0.425749,-0.011075,-0.845589,0.580000,0.720000,0.920000,0.040000,0.440000,0.425749
304,-0.889199,1.725614,-2.730993,0.424783,-0.000649,-0.431290,0.580000,0.720000,0.900000,0.040000,0.440000,0.424783
305,-0.893097,1.723924,-2.735305,0.423849,0.008001,-0.040276,0.580000,0.720000,0.900000,0.040000,0.440000,0.423849
306,-0.896958,1.722175,-2.735708,0.423047,0.015033,0.321848,0.580000,0.700000,0.900000,0.040000,0.440000,0.423047
307,-0.900786,1.720367,-2.732490,0.422446,0.020608,0.651173,0.580000,0.700000,0.900000,0.040000,0.440000,0.422446
308,-0.904580,1.718498,-2.725978,0.422086,0.024894,0.945614,0.560000,0.700000,0.900000,0.040000,0.440000,0.422086
309,-0.908341,1.716566,-2.716522,0.421979,0.028057,1.204856,0.560000,0.700000,0.900000,0.040000,0.440000,0.421979
310,-0.912069,1.714570,-2.704473,0.422116,0.030259,1.430105,0.560000,0.700000,0.900000,0.040000,0.440000,0.422116
311,-0.915765,1.712509,-2.690172,0.422475,0.031651,1.623693,0.560000,0.700000,0.960000,0.040000,0.520000,0.422475
312,-0.919429,1.710381,-2.673935,0.422011,0.033108,1.819936,0.560000,0.700000,0.980000,0.120000,0.600000,0.422011
313,-0.923047,1.708183,-2.655736,0.426361,0.034330,2.006422,0.560000,0.720000,1.000000,0.120000,0.600000,0.426361
314,-0.926657,1.705888,-2.635672,0.430862,0.034921,2.172419,0.600000,0.720000,1.000000,0.120000,0.600000,0.430862
315,-0.930256,1.703495,-2.613948,0.435485,0.034947,2.319780,0.600000,0.720000,0.320000,0.040000,-1.000000,0.435485
316,-0.933843,1.701000,-2.590750,0.430655,0.022509,1.938853,0.600000,0.720000,0.260000,0.040000,-1.000000,0.430655
317,-0.937395,1.698554,-2.571361,0.425458,0.011849,1.557070,0.600000,0.740000,0.200000,0.040000,-1.000000,0.425458
318,-0.940912,1.696158,-2.555790,0.420019,0.002825,1.180226,0.600000,0.740000,0.200000,0.040000,-1.000000,0.420019
319,-0.944396,1.693812,-2.543988,0.414441,-0.004726,0.813460,0.600000,0.740000,0.200000,0.040000,-1.000000,0.414441
320,-0.947849,1.691519,-2.535854,0.408805,-0.010975,0.461335,0.600000,0.740000,0.200000,0.040000,-1.000000,0.408805
321,-0.951272,1.689282,-2.531240,0.403173,-0.016102,0.127789,0.580000,0.740000,0.200000,0.040000,-1.000000,0.403173
322,-0.954668,1.687103,-2.529962,0.397588,-0.020284,-0.184015,0.620000,0.740000,0.200000,0.040000,-1.000000,0.397588
323,-0.958040,1.684986,-2.531803,0.392080,-0.023689,-0.471848,0.620000,0.740000,0.240000,0.040000,-1.000000,0.392080
324,-0.961390,1.682935,-2.536521,0.386666,-0.026470,-0.734514,0.620000,0.720000,0.180000,0.040000,-1.000000,0.386666
325,-0.964720,1.680953,-2.543866,0.381357,-0.028756,-0.971826,0.580000,0.720000,0.180000,0.040000,-1.000000,0.381357
326,-0.968035,1.679045,-2.553584,0.376153,-0.030657,-1.184471,0.580000,0.720000,0.240000,0.040000,-1.000000,0.376153
327,-0.971334,1.677213,-2.565429,0.371055,-0.032263,-1.373792,0.560000,0.700000,0.280000,0.040000,-1.000000,0.371055
328,-0.974622,1.675462,-2.579167,0.366059,-0.033644,-1.541550,0.560000,0.700000,0.280000,0.040000,-1.000000,0.366059
329,-0.977898,1.673795,-2.594583,0.361160,-0.034857,-1.689712,0.560000,0.680000,1.000000,0.120000,0.600000,0.361160
330,-0.981164,1.672214,-2.611480,0.364603,-0.022599,-1.249504,0.560000,0.680000,0.980000,0.120000,0.600000,0.364603
331,-0.984424,1.670566,-2.623975,0.367793,-0.011749,-0.823191,0.560000,0.660000,0.960000,0.040000,0.520000,0.367793
332,-0.987678,1.668848,-2.632207,0.366015,-0.001994,-0.405898,0.540000,0.660000,0.940000,0.040000,0.520000,0.366015
333,-0.990883,1.667080,-2.636266,0.364253,0.006394,-0.013838,0.540000,0.660000,0.940000,0.040000,0.520000,0.364253
334,-0.994039,1.665261,-2.636404,0.362607,0.013545,0.348621,0.540000,0.660000,0.940000,0.040000,0.520000,0.362607
335,-0.997147,1.663388,-2.632918,0.361153,0.019582,0.678493,0.540000,0.660000,0.940000,0.040000,0.520000,0.361153
336,-1.000206,1.661458,-2.626133,0.359942,0.024616,0.974247,0.540000,0.660000,0.940000,0.040000,0.520000,0.359942
337,-1.003216,1.659469,-2.616390,0.359004,0.028751,1.235760,0.540000,0.660000,0.940000,0.040000,0.520000,0.359004
338,-1.006178,1.657421,-2.604033,0.358349,0.032087,1.464136,0.540000,0.660000,0.960000,0.040000,0.520000,0.358349
339,-1.009092,1.655310,-2.589391,0.357971,0.034721,1.661437,0.540000,0.660000,0.960000,0.040000,0.520000,0.357971
340,-1.011958,1.653137,-2.572777,0.357850,0.036744,1.830370,0.540000,0.660000,0.980000,0.120000,0.600000,0.357850
341,-1.014775,1.650900,-2.554473,0.362520,0.038809,1.998087,0.580000,0.660000,1.000000,0.120000,0.600000,0.362520
342,-1.017578,1.648568,-2.534492,0.367386,0.040313,2.146913,0.580000,0.680000,1.000000,0.120000,0.600000,0.367386
343,-1.020365,1.646141,-2.513023,0.372417,0.041311,2.278882,0.580000,0.680000,0.240000,0.040000,-1.000000,0.372417
344,-1.023135,1.643617,-2.490235,0.367717,0.030355,1.904122,0.580000,0.700000,0.240000,0.040000,-1.000000,0.367717
345,-1.025875,1.641147,-2.471193,0.362659,0.020810,1.533283,0.580000,0.700000,0.180000,0.040000,-1.000000,0.362659
346,-1.028587,1.638730,-2.455860,0.357350,0.012529,1.171518,0.580000,0.700000,0.180000,0.040000,-1.000000,0.357350
347,-1.031274,1.636371,-2.444145,0.351879,0.005357,0.823256,0.580000,0.700000,0.180000,0.040000,-1.000000,0.351879
348,-1.033936,1.634069,-2.435913,0.346317,-0.000865,0.492178,0.580000,0.720000,0.180000,0.040000,-1.000000,0.346317
349,-1.036578,1.631830,-2.430991,0.340722,-0.006288,0.181128,0.580000,0.720000,0.180000,0.040000,-1.000000,0.340722
350,-1.039202,1.629655,-2.429180,0.335137,-0.011054,-0.107993,0.580000,0.700000,0.180000,0.040000,-1.000000,0.335137
351,-1.041810,1.627548,-2.430260,0.329595,-0.015288,-0.374260,0.580000,0.700000,0.220000,0.040000,-1.000000,0.329595
352,-1.044407,1.625512,-2.434002,0.324121,-0.019093,-0.617658,0.580000,0.700000,0.220000,0.040000,-1.000000,0.324121
353,-1.046994,1.623551,-2.440179,0.318731,-0.022556,-0.838924,0.560000,0.700000,0.220000,0.040000,-1.000000,0.318731
354,-1.049574,1.621666,-2.448568,0.313439,-0.025743,-1.039331,0.560000,0.680000,0.220000,0.040000,-1.000000,0.313439
355,-1.052150,1.619862,-2.458961,0.308255,-0.028708,-1.220480,0.560000,0.680000,0.220000,0.040000,-1.000000,0.308255
356,-1.054723,1.618140,-2.471166,0.303184,-0.031492,-1.384117,0.560000,0.660000,0.220000,0.040000,-1.000000,0.303184
357,-1.057294,1.616503,-2.485007,0.298232,-0.034125,-1.532002,0.540000,0.660000,1.000000,0.120000,0.600000,0.298232
358,-1.059865,1.614953,-2.500327,0.301594,-0.023286,-1.094993,0.540000,0.640000,1.000000,0.120000,0.600000,0.301594
359,-1.062421,1.613335,-2.511277,0.304742,-0.013385,-0.681095,0.540000,0.640000,1.000000,0.120000,0.600000,0.304742
360,-1.064962,1.611647,-2.518088,0.307796,-0.004388,-0.292273,0.540000,0.640000,0.980000,0.120000,0.600000,0.307796
361,-1.067486,1.609886,-2.521011,0.310860,0.003734,0.069988,0.540000,0.640000,0.980000,0.120000,0.600000,0.310860
362,-1.069993,1.608048,-2.520311,0.314023,0.011007,0.404717,0.540000,0.620000,0.980000,0.120000,0.600000,0.314023
363,-1.072483,1.606130,-2.516264,0.317352,0.017456,0.711484,0.540000,0.620000,0.980000,0.120000,0.600000,0.317352
364,-1.074954,1.604131,-2.509149,0.320902,0.023105,0.990407,0.540000,0.620000,0.980000,0.120000,0.600000,0.320902
365,-1.077405,1.602048,-2.499245,0.324704,0.027984,1.242153,0.540000,0.640000,1.000000,0.120000,0.600000,0.324704
366,-1.079838,1.599878,-2.486823,0.328776,0.032128,1.467901,0.540000,0.640000,1.000000,0.120000,0.600000,0.328776
367,-1.082250,1.597621,-2.472144,0.333118,0.035579,1.669264,0.540000,0.640000,1.000000,0.120000,0.600000,0.333118
368,-1.084641,1.595275,-2.455452,0.337717,0.038386,1.848177,0.540000,0.640000,1.000000,0.120000,0.600000,0.337717
369,-1.087011,1.592839,-2.436970,0.342551,0.040600,2.006759,0.540000,0.660000,0.180000,0.040000,-1.000000,0.342551
370,-1.089358,1.590310,-2.416902,0.337727,0.030776,1.655385,0.540000,0.660000,0.180000,0.040000,-1.000000,0.337727
371,-1.091682,1.587841,-2.400349,0.332602,0.022111,1.310386,0.540000,0.660000,0.180000,0.040000,-1.000000,0.332602
372,-1.093986,1.585432,-2.387245,0.327265,0.014463,0.976333,0.540000,0.680000,0.180000,0.040000,-1.000000,0.327265
373,-1.096272,1.583086,-2.377481,0.321790,0.007689,0.656906,0.540000,0.680000,0.180000,0.040000,-1.000000,0.321790
374,-1.098542,1.580804,-2.370912,0.316237,0.001653,0.354885,0.540000,0.680000,0.180000,0.040000,-1.000000,0.316237
375,-1.100799,1.578589,-2.367363,0.310654,-0.003769,0.072126,0.540000,0.680000,0.160000,0.040000,-1.000000,0.310654
376,-1.103047,1.576444,-2.366642,0.305080,-0.008686,-0.190421,0.540000,0.680000,0.160000,0.040000,-1.000000,0.305080
377,-1.105287,1.574371,-2.368546,0.299547,-0.013192,-0.432629,0.540000,0.680000,0.160000,0.040000,-1.000000,0.299547
378,-1.107523,1.572374,-2.372873,0.294078,-0.017361,-0.655035,0.520000,0.660000,0.160000,0.040000,-1.000000,0.294078
379,-1.109758,1.570454,-2.379423,0.288693,-0.021254,-0.858659,0.520000,0.660000,0.160000,0.040000,-1.000000,0.288693
380,-1.111993,1.568615,-2.388010,0.283408,-0.024915,-1.044817,0.520000,0.660000,1.000000,0.120000,0.600000,0.283408
381,-1.114230,1.566857,-2.398458,0.286552,-0.015048,-0.644630,0.520000,0.640000,1.000000,0.120000,0.600000,0.286552
382,-1.116442,1.565029,-2.404904,0.289603,-0.005991,-0.268506,0.520000,0.640000,1.000000,0.120000,0.600000,0.289603
383,-1.118627,1.563128,-2.407589,0.292662,0.002266,0.082404,0.520000,0.640000,1.000000,0.120000,0.600000,0.292662
384,-1.120785,1.561151,-2.406765,0.295819,0.009734,0.407254,0.520000,0.640000,1.000000,0.120000,0.600000,0.295819
385,-1.122915,1.559095,-2.402693,0.299146,0.016420,0.705560,0.500000,0.640000,1.000000,0.120000,0.600000,0.299146
386,-1.125016,1.556959,-2.395637,0.302699,0.022335,0.977263,0.500000,0.640000,1.000000,0.120000,0.600000,0.302699
387,-1.127087,1.554741,-2.385864,0.306516,0.027497,1.222799,0.500000,0.640000,1.000000,0.120000,0.600000,0.306516
388,-1.129129,1.552438,-2.373636,0.310616,0.031932,1.443120,0.500000,0.640000,1.000000,0.120000,0.600000,0.310616
389,-1.131142,1.550051,-2.359205,0.315002,0.035676,1.639658,0.520000,0.660000,1.000000,0.120000,0.600000,0.315002
390,-1.133124,1.547577,-2.342809,0.319664,0.038774,1.814233,0.520000,0.660000,1.000000,0.120000,0.600000,0.319664
391,-1.135076,1.545016,-2.324666,0.324578,0.041277,1.968907,0.520000,0.680000,1.000000,0.120000,0.600000,0.324578
392,-1.136997,1.542367,-2.304977,0.329716,0.043237,2.105842,0.520000,0.680000,1.000000,0.120000,0.600000,0.329716
393,-1.138885,1.539630,-2.283919,0.335046,0.044708,2.227167,0.520000,0.760000,0.120000,0.040000,-1.000000,0.335046
394,-1.140739,1.536804,-2.261647,0.330400,0.034628,1.859534,0.520000,0.780000,0.120000,0.040000,-1.000000,0.330400
395,-1.142577,1.534036,-2.243052,0.325407,0.025720,1.499225,0.540000,0.800000,0.120000,0.040000,-1.000000,0.325407
396,-1.144403,1.531330,-2.228060,0.320161,0.017842,1.150746,0.540000,0.800000,0.120000,0.040000,-1.000000,0.320161
397,-1.146217,1.528687,-2.216552,0.314745,0.010850,0.817790,0.540000,0.820000,0.120000,0.040000,-1.000000,0.314745
398,-1.148025,1.526108,-2.208374,0.309223,0.004604,0.503184,0.540000,0.820000,0.120000,0.040000,-1.000000,0.309223
399,-1.149829,1.523596,-2.203342,0.303649,-0.001024,0.208829,0.540000,0.820000,0.120000,0.040000,-1.000000,0.303649
400,-1.151632,1.521153,-2.201254,0.298067,-0.006145,-0.064314,0.540000,0.820000,0.120000,0.040000,-1.000000,0.298067
401,-1.153439,1.518781,-2.201897,0.292511,-0.010855,-0.316151,0.540000,0.820000,0.100000,0.040000,-1.000000,0.292511
402,-1.155252,1.516484,-2.205059,0.287009,-0.015229,-0.547298,0.540000,0.820000,0.100000,0.040000,-1.000000,0.287009
403,-1.157076,1.514262,-2.210532,0.281582,-0.019327,-0.758880,0.520000,0.800000,0.100000,0.040000,-1.000000,0.281582
404,-1.158912,1.512118,-2.218120,0.276250,-0.023195,-0.952331,0.520000,0.800000,0.100000,0.040000,-1.000000,0.276250
405,-1.160763,1.510055,-2.227644,0.271026,-0.026868,-1.129223,0.520000,0.780000,0.100000,0.040000,-1.000000,0.271026
406,-1.162630,1.508072,-2.238936,0.265924,-0.030372,-1.291140,0.520000,0.760000,1.000000,0.120000,0.600000,0.265924
407,-1.164516,1.506173,-2.251847,0.269161,-0.020380,-0.868750,0.500000,0.760000,1.000000,0.120000,0.600000,0.269161
408,-1.166369,1.504210,-2.260535,0.272244,-0.011066,-0.474643,0.500000,0.740000,1.000000,0.120000,0.600000,0.272244
409,-1.168187,1.502180,-2.265281,0.275281,-0.002445,-0.108431,0.500000,0.740000,1.000000,0.120000,0.600000,0.275281
410,-1.169968,1.500081,-2.266366,0.278372,0.005467,0.230091,0.500000,0.740000,1.000000,0.120000,0.600000,0.278372
411,-1.171710,1.497909,-2.264065,0.281601,0.012656,0.541044,0.500000,0.740000,1.000000,0.120000,0.600000,0.281601
412,-1.173412,1.495662,-2.258654,0.285035,0.019110,0.824611,0.500000,0.740000,1.000000,0.120000,0.600000,0.285035
413,-1.175074,1.493338,-2.250408,0.288728,0.024828,1.081216,0.500000,0.740000,1.000000,0.120000,0.600000,0.288728
414,-1.176695,1.490937,-2.239596,0.292711,0.029819,1.311671,0.500000,0.740000,1.000000,0.120000,0.600000,0.292711
415,-1.178276,1.488455,-2.226479,0.296999,0.034103,1.517257,0.500000,0.760000,1.000000,0.120000,0.600000,0.296999
416,-1.179817,1.485893,-2.211307,0.301586,0.037718,1.699702,0.500000,0.780000,1.000000,0.120000,0.600000,0.301586
417,-1.181317,1.483250,-2.194310,0.306456,0.040710,1.861076,0.520000,0.780000,1.000000,0.120000,0.600000,0.306456
418,-1.182776,1.480524,-2.175699,0.311582,0.043129,2.003633,0.520000,0.800000,1.000000,0.120000,0.600000,0.311582
419,-1.184193,1.477716,-2.155663,0.316928,0.045033,2.129653,0.520000,0.820000,1.000000,0.120000,0.600000,0.316928
420,-1.185567,1.474825,-2.134366,0.322461,0.046474,2.241317,0.540000,0.860000,1.000000,0.120000,0.600000,0.322461
421,-1.186897,1.471851,-2.111953,0.328144,0.047503,2.340618,0.540000,0.880000,1.000000,0.120000,0.600000,0.328144
422,-1.188180,1.468793,-2.088547,0.333945,0.048166,2.429323,0.540000,0.920000,1.000000,0.120000,0.600000,0.333945
423,-1.189414,1.465653,-2.064254,0.339832,0.048503,2.508957,0.560000,0.960000,1.000000,0.120000,0.600000,0.339832
424,-1.190597,1.462430,-2.039164,0.345780,0.048550,2.580816,0.560000,1.000000,0.060000,0.040000,-1.000000,0.345780
425,-1.191724,1.459126,-2.013356,0.341389,0.037572,2.185622,0.580000,1.000000,0.060000,0.040000,-1.000000,0.341389
426,-1.192847,1.455880,-1.991500,0.336570,0.027930,1.796789,0.600000,1.000000,0.060000,0.040000,-1.000000,0.336570
427,-1.193966,1.452694,-1.973532,0.331438,0.019480,1.419113,0.600000,1.000000,0.060000,0.040000,-1.000000,0.331438
428,-1.195086,1.449568,-1.959341,0.326088,0.012067,1.056778,0.680000,1.000000,0.040000,0.040000,-1.000000,0.326088
429,-1.196210,1.446505,-1.948773,0.320599,0.005537,0.713271,0.680000,1.000000,0.040000,0.040000,-1.000000,0.320599
430,-1.197342,1.443505,-1.941640,0.315035,-0.000260,0.391231,0.680000,1.000000,0.040000,0.040000,-1.000000,0.315035
431,-1.198486,1.440569,-1.937728,0.309446,-0.005459,0.092310,0.680000,1.000000,0.040000,0.040000,-1.000000,0.309446
432,-1.199647,1.437700,-1.936805,0.303872,-0.010177,-0.182857,0.680000,1.000000,0.320000,0.040000,-1.000000,0.303872
433,-1.200829,1.434899,-1.938633,0.298343,-0.014510,-0.434571,0.680000,1.000000,0.320000,0.040000,-1.000000,0.298343
434,-1.202038,1.432168,-1.942979,0.292883,-0.018533,-0.663865,0.680000,1.000000,0.320000,0.040000,-1.000000,0.292883
435,-1.203275,1.429507,-1.949618,0.287512,-0.022304,-0.872266,0.660000,1.000000,0.320000,0.040000,-1.000000,0.287512
436,-1.204546,1.426918,-1.958340,0.282244,-0.025866,-1.061561,0.660000,1.000000,0.320000,0.040000,-1.000000,0.282244
437,-1.205852,1.424403,-1.968956,0.277091,-0.029252,-1.233614,0.660000,1.000000,0.300000,0.040000,-1.000000,0.277091
438,-1.207196,1.421962,-1.981292,0.272063,-0.032486,-1.390241,0.640000,1.000000,0.300000,0.040000,-1.000000,0.272063
439,-1.208580,1.419597,-1.995194,0.267169,-0.035587,-1.533133,0.580000,1.000000,0.300000,0.040000,-1.000000,0.267169
440,-1.210004,1.417309,-2.010526,0.262416,-0.038567,-1.663824,0.560000,1.000000,0.300000,0.040000,-1.000000,0.262416
441,-1.211470,1.415098,-2.027164,0.257812,-0.041438,-1.783675,0.560000,0.980000,1.000000,0.120000,0.600000,0.257812
442,-1.212978,1.412967,-2.045001,0.261350,-0.030902,-1.324823,0.540000,0.960000,1.000000,0.120000,0.600000,0.261350
443,-1.214447,1.410783,-2.058249,0.264600,-0.020973,-0.897274,0.540000,0.920000,1.000000,0.120000,0.600000,0.264600
444,-1.215871,1.408543,-2.067222,0.267686,-0.011675,-0.499720,0.520000,0.900000,1.000000,0.120000,0.600000,0.267686
445,-1.217249,1.406245,-2.072219,0.270722,-0.003034,-0.131183,0.520000,0.900000,1.000000,0.120000,0.600000,0.270722
446,-1.218577,1.403886,-2.073531,0.273806,0.004924,0.208976,0.520000,0.900000,1.000000,0.120000,0.600000,0.273806
447,-1.219853,1.401463,-2.071441,0.277024,0.012178,0.521154,0.520000,0.900000,1.000000,0.120000,0.600000,0.277024
448,-1.221076,1.398974,-2.066229,0.280448,0.018710,0.805684,0.520000,0.900000,1.000000,0.120000,0.600000,0.280448
449,-1.222244,1.396418,-2.058173,0.284131,0.024513,1.063052,0.520000,0.920000,1.000000,0.120000,0.600000,0.284131
450,-1.223358,1.393792,-2.047542,0.288107,0.029590,1.294088,0.520000,0.920000,1.000000,0.120000,0.600000,0.288107
451,-1.224418,1.391097,-2.034601,0.292393,0.033961,1.500072,0.540000,0.940000,1.000000,0.120000,0.600000,0.292393
452,-1.225422,1.388330,-2.019600,0.296984,0.037660,1.682742,0.540000,0.980000,1.000000,0.120000,0.600000,0.296984
453,-1.226371,1.385491,-2.002773,0.301864,0.040731,1.844188,0.540000,1.000000,1.000000,0.120000,0.600000,0.301864
454,-1.227265,1.382579,-1.984331,0.307005,0.043227,1.986701,0.620000,1.000000,0.280000,0.040000,-1.000000,0.307005
455,-1.228103,1.379594,-1.964464,0.302224,0.034114,1.638306,0.620000,1.000000,0.280000,0.040000,-1.000000,0.302224
456,-1.228947,1.376672,-1.948081,0.297147,0.025943,1.300166,0.640000,1.000000,0.280000,0.040000,-1.000000,0.297147
457,-1.229801,1.373814,-1.935079,0.291855,0.018582,0.975923,0.640000,1.000000,0.260000,0.040000,-1.000000,0.291855
458,-1.230667,1.371021,-1.925320,0.286415,0.011905,0.668283,0.660000,1.000000,0.260000,0.040000,-1.000000,0.286415
459,-1.231549,1.368293,-1.918637,0.280886,0.005799,0.379026,0.660000,1.000000,0.260000,0.040000,-1.000000,0.280886
460,-1.232452,1.365633,-1.914847,0.275313,0.000163,0.109034,0.660000,1.000000,0.260000,0.040000,-1.000000,0.275313
461,-1.233379,1.363041,-1.913757,0.269737,-0.005085,-0.141601,0.660000,1.000000,0.260000,0.040000,-1.000000,0.269737
462,-1.234334,1.360517,-1.915173,0.264189,-0.010011,-0.373421,0.660000,1.000000,0.260000,0.040000,-1.000000,0.264189
463,-1.235321,1.358064,-1.918907,0.258698,-0.014668,-0.587412,0.660000,1.000000,0.260000,0.040000,-1.000000,0.258698
464,-1.236341,1.355683,-1.924781,0.253286,-0.019096,-0.784824,0.640000,1.000000,0.260000,0.040000,-1.000000,0.253286
465,-1.237398,1.353373,-1.932629,0.247974,-0.023324,-0.967023,0.640000,1.000000,0.260000,0.040000,-1.000000,0.247974
466,-1.238494,1.351136,-1.942300,0.242781,-0.027376,-1.135375,0.640000,1.000000,0.260000,0.040000,-1.000000,0.242781
467,-1.239630,1.348974,-1.953653,0.237722,-0.031268,-1.291179,0.620000,1.000000,0.240000,0.040000,-1.000000,0.237722
468,-1.240809,1.346885,-1.966565,0.232812,-0.035012,-1.435626,0.620000,1.000000,1.000000,0.120000,0.600000,0.232812
469,-1.242029,1.344872,-1.980921,0.236127,-0.025291,-0.999826,0.600000,1.000000,1.000000,0.120000,0.600000,0.236127
470,-1.243203,1.342807,-1.990920,0.239242,-0.015951,-0.599950,0.600000,1.000000,1.000000,0.120000,0.600000,0.239242
471,-1.244324,1.340688,-1.996919,0.242271,-0.007082,-0.231762,0.580000,0.980000,1.000000,0.120000,0.600000,0.242271
472,-1.245390,1.338511,-1.999237,0.245319,0.001239,0.107411,0.580000,0.980000,1.000000,0.120000,0.600000,0.245319
473,-1.246398,1.336275,-1.998163,0.248482,0.008947,0.418953,0.580000,0.980000,1.000000,0.120000,0.600000,0.248482
474,-1.247346,1.333976,-1.993973,0.251842,0.015991,0.703434,0.580000,0.980000,1.000000,0.120000,0.600000,0.251842
475,-1.248235,1.331614,-1.986939,0.255467,0.022331,0.961109,0.580000,1.000000,1.000000,0.120000,0.600000,0.255467
476,-1.249063,1.329188,-1.977328,0.259407,0.027947,1.192387,0.600000,1.000000,1.000000,0.120000,0.600000,0.259407
477,-1.249832,1.326694,-1.965404,0.263687,0.032839,1.398164,0.600000,1.000000,1.000000,0.120000,0.600000,0.263687
478,-1.250543,1.324134,-1.951422,0.268311,0.037029,1.579966,0.600000,1.000000,0.980000,0.120000,0.600000,0.268311
479,-1.251196,1.321505,-1.935623,0.273265,0.040560,1.739881,0.620000,1.000000,0.980000,0.120000,0.600000,0.273265
480,-1.251792,1.318808,-1.918224,0.278516,0.043486,1.880358,0.640000,1.000000,0.880000,0.040000,0.360000,0.278516
481,-1.252331,1.316041,-1.899420,0.281891,0.041087,1.799480,0.640000,1.000000,0.220000,0.040000,-1.000000,0.281891
482,-1.252852,1.313240,-1.881425,0.276992,0.032758,1.462910,0.660000,1.000000,0.220000,0.040000,-1.000000,0.276992
483,-1.253387,1.310503,-1.866796,0.271836,0.025170,1.140143,0.680000,1.000000,0.220000,0.040000,-1.000000,0.271836
484,-1.253939,1.307829,-1.855395,0.266495,0.018209,0.833642,0.680000,1.000000,0.220000,0.040000,-1.000000,0.266495
485,-1.254513,1.305220,-1.847058,0.261027,0.011770,0.544942,0.680000,1.000000,0.220000,0.040000,-1.000000,0.261027
486,-1.255111,1.302677,-1.841609,0.255485,0.005765,0.274720,0.700000,1.000000,0.220000,0.040000,-1.000000,0.255485
487,-1.255739,1.300200,-1.838862,0.249909,0.000120,0.022920,0.700000,1.000000,0.220000,0.040000,-1.000000,0.249909
488,-1.256400,1.297790,-1.838633,0.244337,-0.005222,-0.211081,0.700000,1.000000,0.200000,0.040000,-1.000000,0.244337
489,-1.257097,1.295447,-1.840743,0.238801,-0.010307,-0.428283,0.680000,1.000000,0.200000,0.040000,-1.000000,0.238801
490,-1.257833,1.293173,-1.845026,0.233328,-0.015169,-0.629896,0.680000,1.000000,0.200000,0.040000,-1.000000,0.233328
491,-1.258611,1.290968,-1.851325,0.227944,-0.019834,-0.817201,0.680000,1.000000,0.200000,0.040000,-1.000000,0.227944
492,-1.259433,1.288833,-1.859497,0.222670,-0.024320,-0.991452,0.660000,1.000000,0.200000,0.040000,-1.000000,0.222670
493,-1.260300,1.286767,-1.869412,0.217530,-0.028641,-1.153811,0.660000,1.000000,0.200000,0.040000,-1.000000,0.217530
494,-1.261213,1.284773,-1.880950,0.212543,-0.032807,-1.305316,0.640000,1.000000,0.240000,0.040000,-1.000000,0.212543
495,-1.262175,1.282849,-1.894003,0.207729,-0.036820,-1.446862,0.640000,1.000000,0.380000,0.040000,-1.000000,0.207729
496,-1.263183,1.280996,-1.908472,0.203110,-0.040684,-1.579198,0.620000,1.000000,0.940000,0.040000,0.520000,0.203110
497,-1.264240,1.279214,-1.924264,0.201634,-0.030777,-1.120356,0.620000,1.000000,0.960000,0.040000,0.520000,0.201634
498,-1.265227,1.277429,-1.935467,0.199907,-0.021060,-0.705857,0.600000,1.000000,0.960000,0.040000,0.520000,0.199907
499,-1.266137,1.275637,-1.942526,0.198058,-0.011659,-0.329170,0.600000,1.000000,0.960000,0.040000,0.520000,0.198058
500,-1.266965,1.273834,-1.945817,0.196215,-0.002699,0.013574,0.600000,1.000000,0.940000,0.040000,0.520000,0.196215
501,-1.267709,1.272018,-1.945682,0.194509,0.005687,0.323251,0.600000,1.000000,0.940000,0.040000,0.520000,0.194509
502,-1.268368,1.270187,-1.942449,0.193075,0.013352,0.598200,0.600000,1.000000,0.940000,0.040000,0.520000,0.193075
503,-1.268945,1.268340,-1.936467,0.192044,0.020146,0.835383,0.600000,1.000000,0.940000,0.040000,0.520000,0.192044
504,-1.269443,1.266474,-1.928113,0.191519,0.025947,1.032400,0.600000,1.000000,0.940000,0.040000,0.520000,0.191519
505,-1.269870,1.264589,-1.917789,0.191544,0.030712,1.189672,0.600000,1.000000,0.940000,0.040000,0.520000,0.191544
506,-1.270232,1.262683,-1.905893,0.192097,0.034497,1.311281,0.620000,1.000000,0.940000,0.040000,0.520000,0.192097
507,-1.270538,1.260756,-1.892780,0.193103,0.037436,1.403798,0.620000,1.000000,0.620000,0.040000,-0.200000,0.193103
508,-1.270794,1.258806,-1.878742,0.194582,0.027185,0.939349,0.640000,1.000000,0.420000,0.040000,-1.000000,0.194582
509,-1.271125,1.256869,-1.869348,0.189206,0.020615,0.675306,0.640000,1.000000,0.340000,0.040000,-1.000000,0.189206
510,-1.271485,1.255000,-1.862595,0.183720,0.014232,0.429324,0.660000,1.000000,0.320000,0.040000,-1.000000,0.183720
511,-1.271877,1.253199,-1.858302,0.178168,0.008031,0.198938,0.660000,1.000000,0.300000,0.040000,-1.000000,0.178168
512,-1.272305,1.251468,-1.856313,0.172588,0.002005,-0.017859,0.660000,1.000000,0.300000,0.040000,-1.000000,0.172588
513,-1.272772,1.249806,-1.856491,0.167016,-0.003851,-0.222670,0.660000,1.000000,0.300000,0.040000,-1.000000,0.167016
514,-1.273280,1.248215,-1.858718,0.161489,-0.009545,-0.416741,0.660000,1.000000,0.320000,0.040000,-1.000000,0.161489
515,-1.273830,1.246694,-1.862885,0.156044,-0.015078,-0.601005,0.640000,1.000000,0.340000,0.040000,-1.000000,0.156044
516,-1.274423,1.245243,-1.868895,0.150719,-0.020450,-0.776097,0.640000,1.000000,0.400000,0.040000,-1.000000,0.150719
517,-1.275061,1.243862,-1.876656,0.145562,-0.025653,-0.942345,0.640000,1.000000,0.480000,0.040000,-0.440000,0.145562
518,-1.275744,1.242551,-1.886080,0.147437,-0.028025,-0.986506,0.620000,1.000000,0.620000,0.040000,-0.120000,0.147437
519,-1.276468,1.241236,-1.895945,0.151266,-0.021356,-0.667956,0.620000,1.000000,0.900000,0.040000,0.440000,0.151266
520,-1.277154,1.239871,-1.902624,0.150116,-0.011811,-0.288737,0.620000,1.000000,0.920000,0.040000,0.440000,0.150116
521,-1.277754,1.238490,-1.905512,0.149013,-0.002501,0.043407,0.600000,1.000000,0.920000,0.040000,0.440000,0.149013
522,-1.278267,1.237091,-1.905078,0.148151,0.006107,0.332074,0.600000,1.000000,0.920000,0.040000,0.440000,0.148151
523,-1.278696,1.235672,-1.901757,0.147751,0.013563,0.570282,0.600000,1.000000,0.920000,0.040000,0.440000,0.147751
524,-1.279048,1.234230,-1.896054,0.147999,0.019510,0.750270,0.620000,1.000000,0.920000,0.040000,0.440000,0.147999
525,-1.279336,1.232765,-1.888551,0.148931,0.023878,0.874542,0.620000,1.000000,0.760000,0.040000,0.120000,0.148931
526,-1.279574,1.231276,-1.879806,0.152585,0.018343,0.589612,0.620000,1.000000,0.600000,0.040000,-0.280000,0.152585
527,-1.279864,1.229767,-1.873910,0.153018,0.009094,0.209664,0.620000,1.000000,0.540000,0.040000,-0.360000,0.153018
528,-1.280233,1.228279,-1.871813,0.152784,0.000181,-0.113366,0.640000,1.000000,0.520000,0.040000,-0.520000,0.152784
529,-1.280685,1.226819,-1.872947,0.151159,-0.008246,-0.401218,0.620000,1.000000,0.540000,0.040000,-0.360000,0.151159
530,-1.281213,1.225401,-1.876959,0.151879,-0.014371,-0.586456,0.620000,1.000000,0.600000,0.040000,-0.200000,0.151879
531,-1.281808,1.223996,-1.882824,0.154784,-0.014481,-0.527354,0.620000,1.000000,0.700000,0.040000,0.040000,0.154784
532,-1.282421,1.222567,-1.888097,0.157418,-0.008307,-0.239246,0.620000,1.000000,0.820000,0.040000,0.280000,0.157418
533,-1.282991,1.221098,-1.890490,0.158024,-0.000147,0.085461,0.620000,1.000000,0.900000,0.040000,0.440000,0.158024
534,-1.283489,1.219598,-1.889635,0.157233,0.007981,0.380222,0.620000,1.000000,0.900000,0.040000,0.440000,0.157233
535,-1.283906,1.218080,-1.885833,0.156918,0.015049,0.617705,0.620000,1.000000,0.800000,0.040000,0.200000,0.156918
536,-1.284249,1.216541,-1.879656,0.159852,0.015020,0.552342,0.620000,1.000000,0.700000,0.040000,0.040000,0.159852
537,-1.284592,1.214973,-1.874132,0.162907,0.010485,0.333526,0.620000,1.000000,0.620000,0.040000,-0.120000,0.162907
538,-1.284979,1.213387,-1.870797,0.164992,0.003855,0.063172,0.620000,1.000000,0.580000,0.040000,-0.200000,0.164992
539,-1.285429,1.211799,-1.870165,0.166583,-0.002583,-0.174149,0.620000,1.000000,0.580000,0.040000,-0.200000,0.166583
540,-1.285945,1.210215,-1.871907,0.168511,-0.007253,-0.326963,0.620000,1.000000,0.600000,0.040000,-0.200000,0.168511
541,-1.286514,1.208627,-1.875177,0.170733,-0.010376,-0.418616,0.620000,1.000000,0.660000,0.040000,-0.040000,0.170733
542,-1.287125,1.207030,-1.879363,0.173683,-0.007610,-0.267999,0.620000,1.000000,0.740000,0.040000,0.120000,0.173683
543,-1.287725,1.205398,-1.882043,0.175832,-0.001837,-0.018745,0.620000,1.000000,0.800000,0.040000,0.200000,0.175832
544,-1.288281,1.203730,-1.882230,0.177498,0.004014,0.208402,0.620000,1.000000,0.820000,0.040000,0.280000,0.177498
545,-1.288787,1.202028,-1.880146,0.178678,0.009850,0.423420,0.620000,1.000000,0.800000,0.040000,0.200000,0.178678
546,-1.289237,1.200296,-1.875912,0.181054,0.012164,0.482789,0.620000,1.000000,0.720000,0.040000,0.040000,0.181054
547,-1.289665,1.198532,-1.871084,0.184033,0.008915,0.316265,0.620000,1.000000,0.660000,0.040000,-0.040000,0.184033
548,-1.290124,1.196748,-1.867921,0.186699,0.004621,0.131633,0.620000,1.000000,0.620000,0.040000,-0.120000,0.186699
549,-1.290626,1.194949,-1.866605,0.188944,-0.000300,-0.063685,0.620000,1.000000,0.620000,0.040000,-0.120000,0.188944
550,-1.291180,1.193143,-1.867242,0.191355,-0.003710,-0.184864,0.620000,1.000000,0.640000,0.040000,-0.120000,0.191355
551,-1.291775,1.191324,-1.869091,0.193894,-0.005977,-0.257883,0.620000,1.000000,0.660000,0.040000,-0.040000,0.193894
552,-1.292401,1.189488,-1.871669,0.196743,-0.005019,-0.197435,0.620000,1.000000,0.720000,0.040000,0.040000,0.196743
553,-1.293032,1.187624,-1.873644,0.199436,-0.002055,-0.063471,0.620000,1.000000,0.760000,0.040000,0.120000,0.199436
554,-1.293647,1.185726,-1.874278,0.201750,0.002073,0.108302,0.620000,1.000000,0.780000,0.040000,0.200000,0.201750
555,-1.294230,1.183795,-1.873195,0.203583,0.006877,0.299805,0.620000,1.000000,0.760000,0.040000,0.120000,0.203583
556,-1.294771,1.181831,-1.870197,0.206239,0.008108,0.332258,0.620000,1.000000,0.740000,0.040000,0.120000,0.206239
557,-1.295301,1.179836,-1.866875,0.208936,0.008945,0.354035,0.620000,1.000000,0.700000,0.040000,0.040000,0.208936
558,-1.295826,1.177812,-1.863334,0.211827,0.007067,0.264369,0.620000,1.000000,0.660000,0.040000,-0.040000,0.211827
559,-1.296369,1.175763,-1.860691,0.214512,0.003527,0.112458,0.620000,1.000000,0.640000,0.040000,-0.120000,0.214512
560,-1.296948,1.173697,-1.859566,0.216793,-0.000990,-0.073111,0.620000,1.000000,0.640000,0.040000,-0.120000,0.216793
561,-1.297575,1.171622,-1.860297,0.219213,-0.004180,-0.195775,0.620000,1.000000,0.640000,0.040000,-0.120000,0.219213
562,-1.298241,1.169533,-1.862255,0.221744,-0.006370,-0.275277,0.620000,1.000000,0.680000,0.040000,-0.040000,0.221744
563,-1.298939,1.167427,-1.865008,0.224588,-0.005417,-0.222310,0.620000,1.000000,0.720000,0.040000,0.040000,0.224588
564,-1.299642,1.165294,-1.867231,0.227284,-0.002424,-0.088924,0.600000,1.000000,0.760000,0.040000,0.120000,0.227284
565,-1.300329,1.163127,-1.868120,0.229591,0.001771,0.088897,0.600000,1.000000,0.780000,0.040000,0.200000,0.229591
566,-1.300985,1.160927,-1.867231,0.231391,0.006659,0.290806,0.600000,1.000000,0.780000,0.040000,0.200000,0.231391
567,-1.301597,1.158694,-1.864323,0.233427,0.010261,0.433968,0.600000,1.000000,0.760000,0.040000,0.120000,0.233427
568,-1.302174,1.156430,-1.859983,0.236184,0.010532,0.434551,0.620000,1.000000,0.700000,0.040000,0.040000,0.236184
569,-1.302747,1.154136,-1.855638,0.239096,0.008292,0.332261,0.620000,1.000000,0.660000,0.040000,-0.040000,0.239096
570,-1.303339,1.151818,-1.852315,0.241783,0.004488,0.168542,0.620000,1.000000,0.640000,0.040000,-0.120000,0.241783
571,-1.303968,1.149483,-1.850630,0.244046,-0.000243,-0.030259,0.620000,1.000000,0.640000,0.040000,-0.120000,0.244046
572,-1.304644,1.147138,-1.850932,0.246432,-0.003661,-0.169927,0.620000,1.000000,0.640000,0.040000,-0.120000,0.246432
573,-1.305361,1.144780,-1.852632,0.248925,-0.006066,-0.265975,0.620000,1.000000,0.660000,0.040000,-0.040000,0.248925
574,-1.306111,1.142406,-1.855291,0.251755,-0.005303,-0.227574,0.600000,1.000000,0.700000,0.040000,0.040000,0.251755
575,-1.306869,1.140005,-1.857567,0.254457,-0.002401,-0.100523,0.600000,1.000000,0.740000,0.040000,0.120000,0.254457
576,-1.307612,1.137571,-1.858572,0.256766,0.001774,0.078368,0.600000,1.000000,0.760000,0.040000,0.120000,0.256766
577,-1.308323,1.135104,-1.857789,0.259190,0.004766,0.205046,0.600000,1.000000,0.760000,0.040000,0.120000,0.259190
578,-1.309011,1.132604,-1.855738,0.261708,0.006867,0.293492,0.600000,1.000000,0.740000,0.040000,0.120000,0.261708
579,-1.309681,1.130073,-1.852803,0.264298,0.008330,0.355193,0.600000,1.000000,0.720000,0.040000,0.040000,0.264298
580,-1.310337,1.127512,-1.849251,0.267159,0.006891,0.293701,0.600000,1.000000,0.700000,0.040000,0.040000,0.267159
581,-1.311005,1.124924,-1.846314,0.269995,0.005920,0.252919,0.620000,1.000000,0.680000,0.040000,-0.040000,0.269995
582,-1.311682,1.122310,-1.843785,0.272697,0.002864,0.123303,0.620000,1.000000,0.660000,0.040000,-0.040000,0.272697
583,-1.312390,1.119676,-1.842552,0.275416,0.000737,0.032872,0.620000,1.000000,0.660000,0.040000,-0.040000,0.275416
584,-1.313122,1.117021,-1.842223,0.278153,-0.000729,-0.029915,0.620000,1.000000,0.660000,0.040000,-0.040000,0.278153
585,-1.313875,1.114343,-1.842523,0.280904,-0.001735,-0.073593,0.600000,1.000000,0.680000,0.040000,-0.040000,0.280904
586,-1.314645,1.111642,-1.843259,0.283667,-0.002424,-0.104162,0.600000,1.000000,0.680000,0.040000,-0.040000,0.283667
587,-1.315432,1.108916,-1.844300,0.286436,-0.002895,-0.125754,0.600000,1.000000,0.700000,0.040000,0.040000,0.286436
588,-1.316234,1.106166,-1.845558,0.289156,-0.000765,-0.036369,0.600000,1.000000,0.720000,0.040000,0.040000,0.289156
589,-1.317026,1.103385,-1.845921,0.291892,0.000712,0.027023,0.600000,1.000000,0.740000,0.040000,0.120000,0.291892
590,-1.317812,1.100574,-1.845651,0.294279,0.004026,0.170218,0.600000,1.000000,0.740000,0.040000,0.120000,0.294279
591,-1.318572,1.097731,-1.843949,0.296755,0.006388,0.275729,0.600000,1.000000,0.740000,0.040000,0.120000,0.296755
592,-1.319311,1.094856,-1.841192,0.299305,0.008045,0.353004,0.600000,1.000000,0.720000,0.040000,0.040000,0.299305
593,-1.320033,1.091950,-1.837662,0.302151,0.006750,0.305152,0.600000,1.000000,0.700000,0.040000,0.040000,0.302151
594,-1.320764,1.089018,-1.834610,0.304979,0.005845,0.271508,0.600000,1.000000,0.680000,0.040000,-0.040000,0.304979
595,-1.321503,1.086059,-1.831895,0.307684,0.002803,0.144847,0.600000,1.000000,0.660000,0.040000,-0.040000,0.307684
596,-1.322270,1.083079,-1.830447,0.310403,0.000660,0.052154,0.600000,1.000000,0.660000,0.040000,-0.040000,0.310403
597,-1.323061,1.080077,-1.829925,0.313137,-0.000830,-0.015339,0.600000,1.000000,0.660000,0.040000,-0.040000,0.313137
598,-1.323871,1.077052,-1.830078,0.315885,-0.001855,-0.064468,0.600000,1.000000,0.660000,0.040000,-0.040000,0.315885
599,-1.324699,1.074004,-1.830723,0.318643,-0.002553,-0.100321,0.600000,1.000000,0.680000,0.040000,-0.040000,0.318643
600,-1.325543,1.070931,-1.831726,0.321408,-0.003022,-0.126607,0.600000,1.000000,0.700000,0.040000,0.040000,0.321408
601,-1.326401,1.067834,-1.832992,0.324129,-0.000878,-0.041083,0.600000,1.000000,0.720000,0.040000,0.040000,0.324129
602,-1.327250,1.064705,-1.833403,0.326863,0.000631,0.022375,0.600000,1.000000,0.720000,0.040000,0.040000,0.326863
603,-1.328092,1.061547,-1.833179,0.329610,0.001682,0.069436,0.600000,1.000000,0.740000,0.040000,0.120000,0.329610
604,-1.328931,1.058359,-1.832485,0.332015,0.004725,0.203588,0.600000,1.000000,0.740000,0.040000,0.120000,0.332015
605,-1.329744,1.055140,-1.830449,0.334497,0.006888,0.306227,0.600000,1.000000,0.720000,0.040000,0.040000,0.334497
606,-1.330536,1.051890,-1.827387,0.337318,0.005973,0.280787,0.600000,1.000000,0.700000,0.040000,0.040000,0.337318
607,-1.331335,1.048612,-1.824579,0.340127,0.005303,0.262112,0.600000,1.000000,0.700000,0.040000,0.040000,0.340127
608,-1.332137,1.045306,-1.821958,0.342928,0.004813,0.248482,0.600000,1.000000,0.680000,0.040000,-0.040000,0.342928
609,-1.332943,1.041972,-1.819473,0.345639,0.002021,0.134621,0.600000,1.000000,0.680000,0.040000,-0.040000,0.345639
610,-1.333774,1.038617,-1.818127,0.348362,0.000046,0.048114,0.600000,1.000000,0.660000,0.040000,-0.040000,0.348362
611,-1.334626,1.035240,-1.817646,0.351097,-0.001328,-0.017353,0.600000,1.000000,0.680000,0.040000,-0.040000,0.351097
612,-1.335497,1.031838,-1.817819,0.353844,-0.002267,-0.066848,0.600000,1.000000,0.680000,0.040000,-0.040000,0.353844
613,-1.336384,1.028413,-1.818488,0.356600,-0.002894,-0.104302,0.600000,1.000000,0.700000,0.040000,0.040000,0.356600
614,-1.337287,1.024963,-1.819531,0.359323,-0.000841,-0.027601,0.600000,1.000000,0.700000,0.040000,0.040000,0.359323
615,-1.338180,1.021482,-1.819807,0.362057,0.000623,0.031374,0.600000,1.000000,0.720000,0.040000,0.040000,0.362057
616,-1.339066,1.017972,-1.819493,0.364802,0.001652,0.076669,0.600000,1.000000,0.720000,0.040000,0.040000,0.364802
617,-1.339948,1.014432,-1.818726,0.367555,0.002362,0.111481,0.600000,1.000000,0.720000,0.040000,0.040000,0.367555
618,-1.340827,1.010863,-1.817612,0.370316,0.002841,0.138289,0.600000,1.000000,0.720000,0.040000,0.040000,0.370316
619,-1.341704,1.007265,-1.816229,0.373081,0.003154,0.158997,0.600000,1.000000,0.720000,0.040000,0.040000,0.373081
620,-1.342580,1.003638,-1.814639,0.375851,0.003347,0.175059,0.600000,1.000000,0.720000,0.040000,0.040000,0.375851
621,-1.343455,0.999983,-1.812888,0.378623,0.003455,0.187585,0.600000,1.000000,0.720000,0.040000,0.040000,0.378623
622,-1.344329,0.996299,-1.811012,0.381396,0.003503,0.197420,0.600000,1.000000,0.700000,0.040000,0.040000,0.381396
623,-1.345202,0.992586,-1.809038,0.384171,0.003510,0.205207,0.600000,1.000000,0.700000,0.040000,0.040000,0.384171
624,-1.346075,0.988845,-1.806986,0.386947,0.003489,0.211436,0.600000,1.000000,0.700000,0.040000,0.040000,0.386947
625,-1.346946,0.985074,-1.804872,0.389723,0.003448,0.216481,0.600000,1.000000,0.680000,0.040000,-0.040000,0.389723
626,-1.347817,0.981276,-1.802707,0.392438,0.000947,0.115923,0.600000,1.000000,0.680000,0.040000,-0.040000,0.392438
627,-1.348709,0.977454,-1.801548,0.395163,-0.000822,0.036771,0.600000,1.000000,0.680000,0.040000,-0.040000,0.395163
628,-1.349621,0.973609,-1.801180,0.397899,-0.002042,-0.025331,0.600000,1.000000,0.680000,0.040000,-0.040000,0.397899
629,-1.350550,0.969740,-1.801433,0.400646,-0.002857,-0.073986,0.600000,1.000000,0.700000,0.040000,0.040000,0.400646
630,-1.351493,0.965846,-1.802173,0.403370,-0.000915,-0.006843,0.600000,1.000000,0.700000,0.040000,0.040000,0.403370
631,-1.352427,0.961922,-1.802242,0.406103,0.000488,0.046615,0.580000,1.000000,0.700000,0.040000,0.040000,0.406103
632,-1.353354,0.957968,-1.801775,0.408845,0.001481,0.089110,0.580000,1.000000,0.700000,0.040000,0.040000,0.408845
633,-1.354276,0.953985,-1.800884,0.411595,0.002168,0.122878,0.580000,1.000000,0.700000,0.040000,0.040000,0.411595
634,-1.355193,0.949972,-1.799655,0.414351,0.002625,0.149724,0.580000,1.000000,0.700000,0.040000,0.040000,0.414351
635,-1.356108,0.945931,-1.798158,0.417112,0.002914,0.171093,0.580000,1.000000,0.700000,0.040000,0.040000,0.417112
636,-1.357020,0.941861,-1.796447,0.419876,0.003078,0.188137,0.580000,1.000000,0.680000,0.040000,-0.040000,0.419876
637,-1.357929,0.937761,-1.794566,0.422593,0.000699,0.096824,0.580000,1.000000,0.680000,0.040000,-0.040000,0.422593
638,-1.358860,0.933639,-1.793598,0.425319,-0.000992,0.023506,0.580000,1.000000,0.680000,0.040000,-0.040000,0.425319
639,-1.359809,0.929493,-1.793363,0.428055,-0.002160,-0.035185,0.580000,1.000000,0.680000,0.040000,-0.040000,0.428055
640,-1.360775,0.925323,-1.793714,0.430800,-0.002935,-0.082086,0.580000,1.000000,0.680000,0.040000,-0.040000,0.430800
641,-1.361756,0.921128,-1.794535,0.433552,-0.003419,-0.119532,0.580000,1.000000,0.680000,0.040000,-0.040000,0.433552
642,-1.362752,0.916908,-1.795731,0.436310,-0.003688,-0.149422,0.580000,1.000000,0.660000,0.040000,-0.040000,0.436310
643,-1.363761,0.912663,-1.797225,0.439073,-0.003803,-0.173287,0.580000,1.000000,0.660000,0.040000,-0.040000,0.439073
644,-1.364784,0.908393,-1.798958,0.441838,-0.003807,-0.192358,0.580000,1.000000,0.660000,0.040000,-0.040000,0.441838
645,-1.365820,0.904098,-1.800881,0.444605,-0.003735,-0.207620,0.580000,1.000000,0.660000,0.040000,-0.040000,0.444605
646,-1.366870,0.899778,-1.802958,0.447374,-0.003611,-0.219860,0.560000,1.000000,0.660000,0.040000,-0.040000,0.447374
647,-1.367935,0.895432,-1.805156,0.450143,-0.003454,-0.229705,0.560000,1.000000,0.660000,0.040000,-0.040000,0.450143
648,-1.369014,0.891062,-1.807453,0.452912,-0.003276,-0.237657,0.560000,1.000000,0.640000,0.040000,-0.120000,0.452912
649,-1.370107,0.886667,-1.809830,0.455352,-0.005446,-0.344945,0.560000,1.000000,0.640000,0.040000,-0.120000,0.455352
650,-1.371238,0.882256,-1.813279,0.457842,-0.006901,-0.433569,0.560000,1.000000,0.640000,0.040000,-0.120000,0.457842
651,-1.372405,0.877828,-1.817615,0.460373,-0.007803,-0.506482,0.540000,1.000000,0.640000,0.040000,-0.120000,0.460373
652,-1.373605,0.873383,-1.822680,0.462935,-0.008283,-0.566328,0.540000,1.000000,0.640000,0.040000,-0.120000,0.462935
653,-1.374839,0.868920,-1.828343,0.465520,-0.008448,-0.615398,0.540000,1.000000,0.660000,0.040000,-0.040000,0.465520
654,-1.376107,0.864440,-1.834497,0.468374,-0.005943,-0.551383,0.540000,1.000000,0.720000,0.040000,0.040000,0.468374
655,-1.377385,0.859933,-1.840011,0.471083,-0.001636,-0.396100,0.520000,1.000000,0.780000,0.040000,0.200000,0.471083
656,-1.378654,0.855397,-1.843972,0.472685,0.005251,-0.105694,0.520000,1.000000,0.840000,0.040000,0.280000,0.472685
657,-1.379878,0.850831,-1.845029,0.473590,0.011623,0.203215,0.520000,1.000000,0.860000,0.040000,0.360000,0.473590
658,-1.381049,0.846240,-1.842997,0.473780,0.017251,0.517578,0.520000,1.000000,0.860000,0.040000,0.360000,0.473780
659,-1.382157,0.841631,-1.837821,0.474180,0.021349,0.798848,0.520000,1.000000,0.820000,0.040000,0.280000,0.474180
660,-1.383202,0.837001,-1.829832,0.475713,0.022857,0.992301,0.520000,1.000000,0.760000,0.040000,0.120000,0.475713
661,-1.384199,0.832344,-1.819909,0.478676,0.019212,0.973413,0.520000,1.000000,0.680000,0.040000,-0.040000,0.478676
662,-1.385193,0.827657,-1.810175,0.481483,0.011456,0.756955,0.540000,1.000000,0.640000,0.040000,-0.120000,0.481483
663,-1.386224,0.822953,-1.802606,0.483728,0.003608,0.489749,0.540000,1.000000,0.600000,0.040000,-0.280000,0.483728
664,-1.387300,0.818236,-1.797708,0.484496,-0.004934,0.144845,0.540000,1.000000,0.580000,0.040000,-0.200000,0.484496
665,-1.388438,0.813527,-1.796260,0.486198,-0.010235,-0.114440,0.540000,1.000000,0.580000,0.040000,-0.200000,0.486198
666,-1.389625,0.808811,-1.797404,0.488032,-0.013946,-0.338514,0.540000,1.000000,0.600000,0.040000,-0.200000,0.488032
667,-1.390857,0.804086,-1.800789,0.489999,-0.016343,-0.529472,0.540000,1.000000,0.620000,0.040000,-0.120000,0.489999
668,-1.392133,0.799353,-1.806084,0.492661,-0.015514,-0.597777,0.520000,1.000000,0.660000,0.040000,-0.040000,0.492661
669,-1.393432,0.794598,-1.812062,0.495566,-0.012040,-0.548387,0.520000,1.000000,0.700000,0.040000,0.040000,0.495566
670,-1.394733,0.789815,-1.817546,0.498296,-0.006855,-0.404629,0.520000,1.000000,0.760000,0.040000,0.120000,0.498296
671,-1.396017,0.784999,-1.821592,0.500567,-0.000844,-0.193010,0.520000,1.000000,0.800000,0.040000,0.200000,0.500567
672,-1.397267,0.780152,-1.823522,0.502219,0.005312,0.063505,0.500000,1.000000,0.820000,0.040000,0.280000,0.502219
673,-1.398472,0.775277,-1.822887,0.503171,0.011134,0.346208,0.500000,1.000000,0.820000,0.040000,0.280000,0.503171
674,-1.399619,0.770376,-1.819425,0.504289,0.015323,0.598053,0.500000,1.000000,0.800000,0.040000,0.200000,0.504289
675,-1.400711,0.765451,-1.813444,0.506378,0.016459,0.748249,0.520000,1.000000,0.760000,0.040000,0.120000,0.506378
676,-1.401768,0.760496,-1.805962,0.509114,0.014595,0.779762,0.520000,1.000000,0.720000,0.040000,0.040000,0.509114
677,-1.402813,0.755511,-1.798164,0.512046,0.010354,0.699917,0.520000,1.000000,0.680000,0.040000,-0.040000,0.512046
678,-1.403866,0.750499,-1.791165,0.514777,0.004637,0.531088,0.520000,1.000000,0.660000,0.040000,-0.040000,0.514777
679,-1.404946,0.745465,-1.785854,0.517483,0.000366,0.387331,0.520000,1.000000,0.640000,0.040000,-0.120000,0.517483
680,-1.406047,0.740409,-1.781981,0.519770,-0.004900,0.173009,0.520000,1.000000,0.620000,0.040000,-0.120000,0.519770
681,-1.407184,0.735337,-1.780251,0.522115,-0.008616,-0.011182,0.520000,1.000000,0.620000,0.040000,-0.120000,0.522115
682,-1.408354,0.730248,-1.780363,0.524525,-0.011066,-0.167812,0.520000,1.000000,0.640000,0.040000,-0.120000,0.524525
683,-1.409554,0.725140,-1.782041,0.526997,-0.012505,-0.299978,0.520000,1.000000,0.640000,0.040000,-0.120000,0.526997
684,-1.410781,0.720014,-1.785041,0.529521,-0.013155,-0.410860,0.520000,1.000000,0.660000,0.040000,-0.040000,0.529521
685,-1.412035,0.714867,-1.789149,0.532360,-0.010779,-0.399901,0.520000,1.000000,0.700000,0.040000,0.040000,0.532360
686,-1.413294,0.709694,-1.793148,0.535080,-0.006326,-0.286292,0.500000,1.000000,0.720000,0.040000,0.040000,0.535080
687,-1.414535,0.704488,-1.796011,0.537792,-0.002942,-0.188802,0.500000,1.000000,0.760000,0.040000,0.120000,0.537792
688,-1.415765,0.699253,-1.797899,0.540101,0.001776,-0.011337,0.500000,1.000000,0.780000,0.040000,0.200000,0.540101
689,-1.416964,0.693987,-1.798012,0.541810,0.006960,0.220250,0.500000,1.000000,0.780000,0.040000,0.200000,0.541810
690,-1.418116,0.688692,-1.795810,0.543628,0.010580,0.424337,0.500000,1.000000,0.760000,0.040000,0.120000,0.543628
691,-1.419226,0.683369,-1.791567,0.546165,0.010835,0.514206,0.500000,1.000000,0.760000,0.040000,0.120000,0.546165
692,-1.420317,0.678016,-1.786424,0.548730,0.010612,0.589647,0.500000,1.000000,0.740000,0.040000,0.120000,0.548730
693,-1.421387,0.672633,-1.780528,0.551313,0.010031,0.652799,0.500000,1.000000,0.700000,0.040000,0.040000,0.551313
694,-1.422437,0.667220,-1.774000,0.554168,0.006758,0.601568,0.500000,1.000000,0.680000,0.040000,-0.040000,0.554168
695,-1.423489,0.661779,-1.767984,0.556881,0.001704,0.454295,0.520000,1.000000,0.660000,0.040000,-0.040000,0.556881
696,-1.424563,0.656315,-1.763441,0.559581,-0.002046,0.327706,0.520000,1.000000,0.640000,0.040000,-0.120000,0.559581
697,-1.425655,0.650826,-1.760164,0.561883,-0.006948,0.124791,0.520000,1.000000,0.640000,0.040000,-0.120000,0.561883
698,-1.426780,0.645321,-1.758916,0.564244,-0.010328,-0.051246,0.520000,1.000000,0.640000,0.040000,-0.120000,0.564244
699,-1.427937,0.639797,-1.759429,0.566667,-0.012458,-0.202580,0.520000,1.000000,0.660000,0.040000,-0.040000,0.566667
700,-1.429122,0.634255,-1.761455,0.569455,-0.011199,-0.229698,0.500000,1.000000,0.660000,0.040000,-0.040000,0.569455
701,-1.430311,0.628684,-1.763752,0.572243,-0.009941,-0.251747,0.500000,1.000000,0.680000,0.040000,-0.040000,0.572243
702,-1.431506,0.623087,-1.766269,0.575027,-0.008709,-0.269598,0.500000,1.000000,0.700000,0.040000,0.040000,0.575027
703,-1.432708,0.617463,-1.768965,0.577739,-0.005077,-0.179520,0.500000,1.000000,0.720000,0.040000,0.040000,0.577739
704,-1.433896,0.611809,-1.770760,0.580449,-0.002320,-0.101402,0.500000,1.000000,0.700000,0.040000,0.040000,0.580449
705,-1.435071,0.606125,-1.771774,0.583162,-0.000285,-0.033993,0.500000,1.000000,0.700000,0.040000,0.040000,0.583162
706,-1.436238,0.600411,-1.772114,0.585881,0.001163,0.023948,0.480000,1.000000,0.700000,0.040000,0.040000,0.585881
707,-1.437398,0.594668,-1.771875,0.588606,0.002137,0.073590,0.480000,1.000000,0.700000,0.040000,0.040000,0.588606
708,-1.438553,0.588897,-1.771139,0.591338,0.002731,0.116004,0.480000,1.000000,0.680000,0.040000,-0.040000,0.591338
709,-1.439703,0.583096,-1.769979,0.594050,0.000564,0.046845,0.480000,1.000000,0.680000,0.040000,-0.040000,0.594050
710,-1.440873,0.577272,-1.769510,0.596766,-0.000988,-0.012832,0.480000,1.000000,0.680000,0.040000,-0.040000,0.596766
711,-1.442061,0.571424,-1.769639,0.599490,-0.002042,-0.064154,0.480000,1.000000,0.680000,0.040000,-0.040000,0.599490
712,-1.443265,0.565551,-1.770280,0.602219,-0.002696,-0.108162,0.480000,1.000000,0.660000,0.040000,-0.040000,0.602219
713,-1.444485,0.559654,-1.771362,0.604953,-0.003031,-0.145800,0.560000,1.000000,0.660000,0.040000,-0.040000,0.604953
714,-1.445720,0.553731,-1.772820,0.607692,-0.003115,-0.177912,0.560000,1.000000,0.660000,0.040000,-0.040000,0.607692
715,-1.446970,0.547784,-1.774599,0.610433,-0.003005,-0.205246,0.540000,1.000000,0.660000,0.040000,-0.040000,0.610433
716,-1.448234,0.541812,-1.776651,0.613176,-0.002747,-0.228462,0.460000,1.000000,0.660000,0.040000,-0.040000,0.613176
717,-1.449515,0.535816,-1.778936,0.615920,-0.002378,-0.248138,0.540000,1.000000,0.640000,0.040000,-0.120000,0.615920
718,-1.450811,0.529794,-1.781417,0.618321,-0.004263,-0.364627,0.540000,1.000000,0.640000,0.040000,-0.120000,0.618321
719,-1.452145,0.523757,-1.785064,0.620759,-0.005297,-0.465955,0.540000,1.000000,0.640000,0.040000,-0.120000,0.620759
720,-1.453517,0.517702,-1.789723,0.623227,-0.005641,-0.553652,0.520000,1.000000,0.640000,0.040000,-0.120000,0.623227
721,-1.454925,0.511631,-1.795260,0.625717,-0.005437,-0.629234,0.520000,1.000000,0.680000,0.040000,-0.040000,0.625717
722,-1.456371,0.505543,-1.801552,0.628515,-0.002402,-0.591458,0.520000,1.000000,0.740000,0.040000,0.120000,0.628515
723,-1.457832,0.499430,-1.807467,0.630778,0.004680,-0.362726,0.500000,1.000000,0.780000,0.040000,0.200000,0.630778
724,-1.459265,0.493287,-1.811094,0.632413,0.011567,-0.083813,0.420000,1.000000,0.820000,0.040000,0.280000,0.632413
725,-1.460658,0.487117,-1.811932,0.633341,0.017681,0.225718,0.420000,1.000000,0.840000,0.040000,0.280000,0.633341
726,-1.461999,0.480925,-1.809675,0.634428,0.021675,0.508174,0.500000,1.000000,0.820000,0.040000,0.280000,0.634428
727,-1.463289,0.474709,-1.804593,0.635682,0.023828,0.762339,0.500000,1.000000,0.800000,0.040000,0.200000,0.635682
728,-1.464530,0.468470,-1.796970,0.637886,0.022718,0.915598,0.500000,1.000000,0.760000,0.040000,0.120000,0.637886
729,-1.465739,0.462203,-1.787814,0.640701,0.018593,0.952174,0.500000,1.000000,0.720000,0.040000,0.040000,0.640701
730,-1.466937,0.455906,-1.778292,0.643683,0.012188,0.876646,0.520000,1.000000,0.680000,0.040000,-0.040000,0.643683
731,-1.468144,0.449582,-1.769526,0.646436,0.004489,0.707668,0.520000,1.000000,0.640000,0.040000,-0.120000,0.646436
732,-1.469376,0.443236,-1.762449,0.648693,-0.003566,0.468021,0.520000,1.000000,0.620000,0.040000,-0.120000,0.648693
733,-1.470647,0.436875,-1.757769,0.650970,-0.009510,0.252450,0.520000,1.000000,0.600000,0.040000,-0.200000,0.650970
734,-1.471951,0.430496,-1.755244,0.652646,-0.015466,-0.017335,0.520000,1.000000,0.600000,0.040000,-0.200000,0.652646
735,-1.473300,0.424109,-1.755418,0.654440,-0.019372,-0.260416,0.520000,1.000000,0.620000,0.040000,-0.120000,0.654440
736,-1.474691,0.417711,-1.758022,0.656967,-0.019479,-0.389343,0.520000,1.000000,0.620000,0.040000,-0.120000,0.656967
737,-1.476106,0.411293,-1.761915,0.659540,-0.018785,-0.500667,0.520000,1.000000,0.660000,0.040000,-0.040000,0.659540
738,-1.477543,0.404853,-1.766922,0.662410,-0.015042,-0.492531,0.500000,1.000000,0.680000,0.040000,-0.040000,0.662410
739,-1.478981,0.398385,-1.771847,0.665252,-0.011710,-0.483859,0.500000,1.000000,0.700000,0.040000,0.040000,0.665252
740,-1.480425,0.391890,-1.776686,0.667975,-0.006327,-0.371264,0.500000,1.000000,0.740000,0.040000,0.120000,0.667975
741,-1.481852,0.385364,-1.780398,0.670259,0.000008,-0.178642,0.500000,1.000000,0.760000,0.040000,0.120000,0.670259
742,-1.483247,0.378808,-1.782185,0.672574,0.004612,-0.005352,0.480000,1.000000,0.780000,0.040000,0.200000,0.672574
743,-1.484613,0.372223,-1.782238,0.674285,0.009583,0.227995,0.480000,1.000000,0.800000,0.040000,0.200000,0.674285
744,-1.485934,0.365610,-1.779958,0.676094,0.012749,0.438699,0.480000,1.000000,0.780000,0.040000,0.200000,0.676094
745,-1.487213,0.358970,-1.775571,0.677998,0.014371,0.626929,0.480000,1.000000,0.780000,0.040000,0.200000,0.677998
746,-1.488451,0.352302,-1.769302,0.679986,0.014698,0.793583,0.480000,1.000000,0.740000,0.040000,0.120000,0.679986
747,-1.489648,0.345607,-1.761366,0.682627,0.011838,0.849258,0.500000,1.000000,0.720000,0.040000,0.040000,0.682627
748,-1.490825,0.338882,-1.752874,0.685504,0.006436,0.792184,0.580000,1.000000,0.680000,0.040000,-0.040000,0.685504
749,-1.492003,0.332128,-1.744952,0.688215,-0.000521,0.637452,0.580000,1.000000,0.660000,0.040000,-0.040000,0.688215
750,-1.493200,0.325351,-1.738577,0.690890,-0.005858,0.499406,0.580000,1.000000,0.640000,0.040000,-0.120000,0.690890
751,-1.494412,0.318549,-1.733583,0.693158,-0.012041,0.282082,0.600000,1.000000,0.640000,0.040000,-0.120000,0.693158
752,-1.495654,0.311729,-1.730762,0.695478,-0.016309,0.087389,0.600000,1.000000,0.620000,0.040000,-0.120000,0.695478
753,-1.496923,0.304889,-1.729889,0.697864,-0.018951,-0.085552,0.600000,1.000000,0.640000,0.040000,-0.120000,0.697864
754,-1.498216,0.298028,-1.730744,0.700317,-0.020236,-0.238130,0.580000,1.000000,0.640000,0.040000,-0.120000,0.700317
755,-1.499531,0.291147,-1.733125,0.702828,-0.020407,-0.371971,0.580000,1.000000,0.660000,0.040000,-0.040000,0.702828
756,-1.500868,0.284244,-1.736845,0.705668,-0.017262,-0.385461,0.580000,1.000000,0.680000,0.040000,-0.040000,0.705668
757,-1.502205,0.277313,-1.740700,0.708492,-0.014312,-0.395811,0.580000,1.000000,0.700000,0.040000,0.040000,0.708492
758,-1.503544,0.270354,-1.744658,0.711213,-0.009131,-0.299657,0.560000,1.000000,0.720000,0.040000,0.040000,0.711213
759,-1.504864,0.263365,-1.747654,0.713918,-0.005051,-0.212990,0.560000,1.000000,0.720000,0.040000,0.040000,0.713918
760,-1.506170,0.256346,-1.749784,0.716617,-0.001918,-0.135347,0.560000,1.000000,0.700000,0.040000,0.040000,0.716617
761,-1.507464,0.249298,-1.751138,0.719316,0.000410,-0.066132,0.560000,1.000000,0.700000,0.040000,0.040000,0.719316
762,-1.508751,0.242221,-1.751799,0.722020,0.002059,-0.004684,0.540000,1.000000,0.700000,0.040000,0.040000,0.722020
763,-1.510030,0.235115,-1.751846,0.724729,0.003139,0.049668,0.540000,1.000000,0.680000,0.040000,-0.040000,0.724729
764,-1.511304,0.227980,-1.751349,0.727429,0.001284,-0.007801,0.540000,1.000000,0.680000,0.040000,-0.040000,0.727429
765,-1.512598,0.220822,-1.751427,0.730133,-0.000009,-0.058877,0.540000,1.000000,0.680000,0.040000,-0.040000,0.730133
766,-1.513910,0.213639,-1.752016,0.732841,-0.000831,-0.104115,0.540000,1.000000,0.680000,0.040000,-0.040000,0.732841
767,-1.515239,0.206432,-1.753057,0.735553,-0.001262,-0.144051,0.540000,1.000000,0.660000,0.040000,-0.040000,0.735553
768,-1.516584,0.199201,-1.754498,0.738268,-0.001371,-0.179199,0.540000,1.000000,0.660000,0.040000,-0.040000,0.738268
769,-1.517946,0.191945,-1.756290,0.740986,-0.001220,-0.210037,0.540000,1.000000,0.660000,0.040000,-0.040000,0.740986
770,-1.519325,0.184664,-1.758390,0.743704,-0.000858,-0.237015,0.520000,1.000000,0.640000,0.040000,-0.120000,0.743704
771,-1.520720,0.177360,-1.760760,0.746069,-0.002647,-0.359596,0.520000,1.000000,0.640000,0.040000,-0.120000,0.746069
772,-1.522155,0.170038,-1.764356,0.748465,-0.003423,-0.468908,0.520000,1.000000,0.640000,0.040000,-0.120000,0.748465
773,-1.523628,0.162700,-1.769045,0.750884,-0.003357,-0.565859,0.520000,1.000000,0.660000,0.040000,-0.040000,0.750884
774,-1.525140,0.155345,-1.774704,0.753638,-0.000228,-0.550095,0.500000,1.000000,0.700000,0.040000,0.040000,0.753638
775,-1.526668,0.147965,-1.780205,0.756316,0.004985,-0.430270,0.500000,1.000000,0.740000,0.040000,0.120000,0.756316
776,-1.528192,0.140556,-1.784507,0.758592,0.011140,-0.227166,0.500000,1.000000,0.760000,0.040000,0.120000,0.758592
777,-1.529692,0.133120,-1.786779,0.760913,0.015374,-0.043182,0.480000,1.000000,0.800000,0.040000,0.200000,0.760913
778,-1.531172,0.125654,-1.787211,0.762659,0.019876,0.204181,0.480000,1.000000,0.800000,0.040000,0.200000,0.762659
779,-1.532616,0.118163,-1.785169,0.764520,0.022318,0.429075,0.480000,1.000000,0.800000,0.040000,0.200000,0.764520
780,-1.534024,0.110645,-1.780878,0.766490,0.022992,0.631586,0.480000,1.000000,0.780000,0.040000,0.200000,0.766490
781,-1.535398,0.103101,-1.774563,0.768550,0.022174,0.812422,0.480000,1.000000,0.760000,0.040000,0.120000,0.768550
782,-1.536736,0.095529,-1.766438,0.771258,0.017977,0.881065,0.500000,1.000000,0.720000,0.040000,0.040000,0.771258
783,-1.538059,0.087929,-1.757628,0.774186,0.011166,0.835427,0.500000,1.000000,0.700000,0.040000,0.040000,0.774186
784,-1.539387,0.080301,-1.749273,0.777035,0.005245,0.792695,0.500000,1.000000,0.660000,0.040000,-0.040000,0.777035
785,-1.540715,0.072645,-1.741346,0.779732,-0.002312,0.649063,0.500000,1.000000,0.640000,0.040000,-0.120000,0.779732
786,-1.542061,0.064965,-1.734856,0.781977,-0.010387,0.425489,0.520000,1.000000,0.620000,0.040000,-0.120000,0.781977
787,-1.543441,0.057267,-1.730601,0.784250,-0.016226,0.220969,0.520000,1.000000,0.620000,0.040000,-0.120000,0.784250
788,-1.544849,0.049550,-1.728391,0.786579,-0.020112,0.035596,0.520000,1.000000,0.620000,0.040000,-0.120000,0.786579
789,-1.546282,0.041813,-1.728035,0.788975,-0.022321,-0.131202,0.520000,1.000000,0.620000,0.040000,-0.120000,0.788975
790,-1.547738,0.034056,-1.729347,0.791437,-0.023110,-0.280374,0.500000,1.000000,0.640000,0.040000,-0.120000,0.791437
791,-1.549216,0.026277,-1.732151,0.793957,-0.022715,-0.413067,0.500000,1.000000,0.640000,0.040000,-0.120000,0.793957
792,-1.550716,0.018477,-1.736282,0.796519,-0.021344,-0.530508,0.500000,1.000000,0.680000,0.040000,-0.040000,0.796519
793,-1.552238,0.010656,-1.741587,0.799386,-0.016765,-0.530476,0.480000,1.000000,0.700000,0.040000,0.040000,0.799386
794,-1.553762,0.002807,-1.746892,0.802123,-0.010129,-0.425122,0.480000,1.000000,0.720000,0.040000,0.040000,0.802123
795,-1.555267,-0.005072,-1.751143,0.804829,-0.004814,-0.328423,0.480000,1.000000,0.740000,0.040000,0.120000,0.804829
796,-1.556758,-0.012981,-1.754427,0.807111,0.001538,-0.146350,0.480000,1.000000,0.780000,0.040000,0.200000,0.807111
797,-1.558217,-0.020920,-1.755890,0.808762,0.007831,0.096952,0.460000,1.000000,0.780000,0.040000,0.200000,0.808762
798,-1.559628,-0.028884,-1.754921,0.810492,0.011892,0.322130,0.460000,1.000000,0.780000,0.040000,0.200000,0.810492
799,-1.560995,-0.036873,-1.751700,0.812309,0.013988,0.528283,0.460000,1.000000,0.780000,0.040000,0.200000,0.812309
800,-1.562319,-0.044889,-1.746417,0.814207,0.014379,0.715266,0.460000,1.000000,0.760000,0.040000,0.120000,0.814207
801,-1.563600,-0.052931,-1.739264,0.816774,0.011259,0.795486,0.480000,1.000000,0.740000,0.040000,0.120000,0.816774
802,-1.564859,-0.061002,-1.731309,0.819324,0.007737,0.865416,0.480000,1.000000,0.720000,0.040000,0.040000,0.819324
803,-1.566092,-0.069102,-1.722655,0.822133,0.001511,0.823191,0.480000,1.000000,0.680000,0.040000,-0.040000,0.822133
804,-1.567320,-0.077231,-1.714423,0.824802,-0.006351,0.679342,0.480000,1.000000,0.660000,0.040000,-0.040000,0.824802
805,-1.568564,-0.085385,-1.707630,0.827432,-0.012492,0.548106,0.500000,1.000000,0.660000,0.040000,-0.040000,0.827432
806,-1.569816,-0.093565,-1.702149,0.830050,-0.017131,0.429056,0.500000,1.000000,0.640000,0.040000,-0.120000,0.830050
807,-1.571073,-0.101772,-1.697858,0.832313,-0.022773,0.223248,0.500000,1.000000,0.640000,0.040000,-0.120000,0.832313
808,-1.572354,-0.109999,-1.695626,0.834644,-0.026383,0.035998,0.500000,1.000000,0.640000,0.040000,-0.120000,0.834644
809,-1.573655,-0.118248,-1.695266,0.837052,-0.028241,-0.133258,0.500000,1.000000,0.640000,0.040000,-0.120000,0.837052
810,-1.574974,-0.126518,-1.696598,0.839534,-0.028610,-0.285396,0.500000,1.000000,0.640000,0.040000,-0.120000,0.839534
811,-1.576311,-0.134811,-1.699452,0.842079,-0.027728,-0.421447,0.480000,1.000000,0.660000,0.040000,-0.040000,0.842079
812,-1.577667,-0.143127,-1.703667,0.844944,-0.023388,-0.438926,0.480000,1.000000,0.680000,0.040000,-0.040000,0.844944
813,-1.579018,-0.151471,-1.708056,0.847789,-0.019235,-0.452868,0.480000,1.000000,0.700000,0.040000,0.040000,0.847789
814,-1.580369,-0.159843,-1.712585,0.850520,-0.012854,-0.360004,0.460000,1.000000,0.720000,0.040000,0.040000,0.850520
815,-1.581698,-0.168244,-1.716185,0.853222,-0.007699,-0.274081,0.460000,1.000000,0.720000,0.040000,0.040000,0.853222
816,-1.583010,-0.176675,-1.718926,0.855910,-0.003629,-0.195089,0.460000,1.000000,0.740000,0.040000,0.120000,0.855910
817,-1.584309,-0.185135,-1.720876,0.858198,0.001717,-0.027560,0.460000,1.000000,0.760000,0.040000,0.120000,0.858198
818,-1.585575,-0.193624,-1.721152,0.860515,0.005329,0.126358,0.460000,1.000000,0.760000,0.040000,0.120000,0.860515
819,-1.586812,-0.202140,-1.719888,0.862869,0.007424,0.266715,0.460000,1.000000,0.760000,0.040000,0.120000,0.862869
820,-1.588020,-0.210684,-1.717221,0.865259,0.008213,0.393888,0.460000,1.000000,0.760000,0.040000,0.120000,0.865259
821,-1.589201,-0.219256,-1.713282,0.867678,0.007889,0.508464,0.460000,1.000000,0.740000,0.040000,0.120000,0.867678
822,-1.590355,-0.227856,-1.708198,0.870117,0.006628,0.611158,0.460000,1.000000,0.740000,0.040000,0.120000,0.870117
823,-1.591481,-0.236484,-1.702086,0.872561,0.004589,0.702754,0.460000,1.000000,0.720000,0.040000,0.040000,0.872561
824,-1.592578,-0.245140,-1.695059,0.875314,-0.000463,0.682439,0.460000,1.000000,0.700000,0.040000,0.040000,0.875314
825,-1.593668,-0.253825,-1.688234,0.878024,-0.004987,0.662633,0.460000,1.000000,0.680000,0.040000,-0.040000,0.878024
826,-1.594746,-0.262539,-1.681608,0.880656,-0.011486,0.538365,0.480000,1.000000,0.680000,0.040000,-0.040000,0.880656
827,-1.595834,-0.271279,-1.676224,0.883273,-0.016474,0.424644,0.480000,1.000000,0.660000,0.040000,-0.040000,0.883273
828,-1.596927,-0.280046,-1.671978,0.885893,-0.020142,0.321040,0.480000,1.000000,0.660000,0.040000,-0.040000,0.885893
829,-1.598022,-0.288839,-1.668767,0.888527,-0.022666,0.227000,0.480000,1.000000,0.640000,0.040000,-0.120000,0.888527
830,-1.599117,-0.297659,-1.666497,0.890844,-0.026552,0.041695,0.480000,1.000000,0.640000,0.040000,-0.120000,0.890844
831,-1.600233,-0.306502,-1.666081,0.893235,-0.028591,-0.127113,0.480000,1.000000,0.640000,0.040000,-0.120000,0.893235
832,-1.601367,-0.315366,-1.667352,0.895700,-0.029043,-0.280034,0.560000,1.000000,0.660000,0.040000,-0.040000,0.895700
833,-1.602520,-0.324254,-1.670152,0.898515,-0.025734,-0.314801,0.460000,1.000000,0.660000,0.040000,-0.040000,0.898515
834,-1.603667,-0.333169,-1.673300,0.901325,-0.022360,-0.344819,0.560000,1.000000,0.680000,0.040000,-0.040000,0.901325
835,-1.604812,-0.342112,-1.676748,0.904128,-0.018963,-0.370554,0.540000,1.000000,0.700000,0.040000,0.040000,0.904128
836,-1.605956,-0.351082,-1.680454,0.906840,-0.013144,-0.288274,0.540000,1.000000,0.700000,0.040000,0.040000,0.906840
837,-1.607079,-0.360082,-1.683336,0.909529,-0.008447,-0.211754,0.540000,1.000000,0.720000,0.040000,0.040000,0.909529
838,-1.608185,-0.369110,-1.685454,0.912208,-0.004750,-0.141002,0.540000,1.000000,0.720000,0.040000,0.040000,0.912208
839,-1.609276,-0.378167,-1.686864,0.914883,-0.001934,-0.075907,0.520000,1.000000,0.740000,0.040000,0.120000,0.914883
840,-1.610354,-0.387252,-1.687623,0.917175,0.002365,0.080212,0.520000,1.000000,0.740000,0.040000,0.120000,0.917175
841,-1.611400,-0.396364,-1.686821,0.919499,0.005012,0.223931,0.520000,1.000000,0.740000,0.040000,0.120000,0.919499
842,-1.612415,-0.405503,-1.684582,0.921855,0.006215,0.355349,0.520000,1.000000,0.740000,0.040000,0.120000,0.921855
843,-1.613400,-0.414669,-1.681028,0.924240,0.006170,0.474808,0.520000,1.000000,0.740000,0.040000,0.120000,0.924240
844,-1.614355,-0.423862,-1.676280,0.926644,0.005059,0.582810,0.540000,1.000000,0.720000,0.040000,0.040000,0.926644
845,-1.615280,-0.433082,-1.670452,0.929380,0.000686,0.578960,0.540000,1.000000,0.700000,0.040000,0.040000,0.929380
846,-1.616198,-0.442331,-1.664662,0.932084,-0.003362,0.574083,0.540000,1.000000,0.700000,0.040000,0.040000,0.932084
847,-1.617105,-0.451607,-1.658922,0.934758,-0.007101,0.568416,0.540000,1.000000,0.680000,0.040000,-0.040000,0.934758
848,-1.617999,-0.460912,-1.653237,0.937382,-0.013009,0.456847,0.540000,1.000000,0.680000,0.040000,-0.040000,0.937382
849,-1.618900,-0.470244,-1.648669,0.939998,-0.017512,0.354190,0.560000,1.000000,0.660000,0.040000,-0.040000,0.939998
850,-1.619806,-0.479602,-1.645127,0.942620,-0.020782,0.260125,0.560000,1.000000,0.660000,0.040000,-0.040000,0.942620
851,-1.620713,-0.488986,-1.642526,0.945258,-0.022978,0.174239,0.560000,1.000000,0.660000,0.040000,-0.040000,0.945258
852,-1.621620,-0.498398,-1.640783,0.947916,-0.024242,0.096077,0.560000,1.000000,0.660000,0.040000,-0.040000,0.947916
853,-1.622525,-0.507837,-1.639823,0.950594,-0.024706,0.025169,0.560000,1.000000,0.660000,0.040000,-0.040000,0.950594
854,-1.623427,-0.517303,-1.639571,0.953293,-0.024488,-0.038952,0.560000,1.000000,0.660000,0.040000,-0.040000,0.953293
855,-1.624326,-0.526797,-1.639960,0.956008,-0.023694,-0.096744,0.560000,1.000000,0.660000,0.040000,-0.040000,0.956008
856,-1.625223,-0.536318,-1.640928,0.958738,-0.022418,-0.148648,0.560000,1.000000,0.660000,0.040000,-0.040000,0.958738
857,-1.626119,-0.545866,-1.642414,0.961478,-0.020745,-0.195087,0.540000,1.000000,0.680000,0.040000,-0.040000,0.961478
858,-1.627014,-0.555441,-1.644365,0.964224,-0.018749,-0.236472,0.540000,1.000000,0.680000,0.040000,-0.040000,0.964224
859,-1.627909,-0.565044,-1.646730,0.966972,-0.016497,-0.273192,0.540000,1.000000,0.680000,0.040000,-0.040000,0.966972
860,-1.628807,-0.574673,-1.649462,0.969719,-0.014048,-0.305624,0.540000,1.000000,1.000000,0.120000,0.600000,0.969719
861,-1.629709,-0.584329,-1.652518,0.972771,-0.003181,0.019586,0.520000,0.980000,1.000000,0.120000,0.600000,0.972771
862,-1.630535,-0.594022,-1.652322,0.975816,0.004472,0.342724,0.520000,0.980000,1.000000,0.120000,0.600000,0.975816
863,-1.631285,-0.603751,-1.648895,0.978910,0.009026,0.658626,0.520000,0.960000,1.000000,0.120000,0.600000,0.978910
864,-1.631959,-0.613517,-1.642309,0.982077,0.010639,0.962770,0.540000,0.960000,1.000000,0.120000,0.600000,0.982077
865,-1.632555,-0.623321,-1.632681,0.985310,0.009501,1.251327,0.540000,0.960000,1.000000,0.120000,0.600000,0.985310
866,-1.633069,-0.633161,-1.620168,0.988575,0.005826,1.521213,0.560000,0.940000,0.640000,0.040000,-0.200000,0.988575
867,-1.633499,-0.643037,-1.604956,0.990115,-0.013938,1.180554,0.580000,0.940000,0.620000,0.040000,-0.120000,0.990115
868,-1.633976,-0.652928,-1.593150,0.992180,-0.027867,0.920835,0.600000,0.920000,0.600000,0.040000,-0.280000,0.992180
869,-1.634477,-0.662841,-1.583942,0.992755,-0.041595,0.545028,0.600000,0.960000,0.580000,0.040000,-0.280000,0.992755
870,-1.635023,-0.672762,-1.578491,0.993468,-0.051180,0.183330,0.620000,0.960000,0.580000,0.040000,-0.200000,0.993468
871,-1.635611,-0.682693,-1.576658,0.995218,-0.055378,-0.094481,0.620000,0.940000,0.580000,0.040000,-0.200000,0.995218
872,-1.636223,-0.692642,-1.577603,0.997173,-0.056684,-0.351782,0.620000,0.940000,0.580000,0.040000,-0.200000,0.997173
873,-1.636858,-0.702609,-1.581121,0.999318,-0.055446,-0.588345,0.600000,0.920000,0.580000,0.040000,-0.200000,0.999318
874,-1.637516,-0.712596,-1.587004,1.001617,-0.052000,-0.804298,0.600000,0.880000,1.000000,0.120000,0.600000,1.001617
875,-1.638198,-0.722603,-1.595047,1.004962,-0.035202,-0.509606,0.580000,0.880000,1.000000,0.120000,0.600000,1.004962
876,-1.638794,-0.732641,-1.600143,1.008103,-0.021632,-0.205407,0.580000,0.860000,1.000000,0.120000,0.600000,1.008103
877,-1.639306,-0.742711,-1.602197,1.011143,-0.011286,0.102486,0.580000,0.860000,0.980000,0.120000,0.600000,1.011143
878,-1.639736,-0.752814,-1.601173,1.014160,-0.004103,0.408679,0.580000,0.840000,0.980000,0.120000,0.600000,1.014160
879,-1.640085,-0.762950,-1.597086,1.017202,0.000025,0.708300,0.580000,0.840000,0.960000,0.040000,0.520000,1.017202
880,-1.640352,-0.773118,-1.590003,1.015490,0.001330,1.000648,0.580000,0.840000,0.960000,0.040000,0.520000,1.015490
881,-1.640534,-0.783271,-1.579996,1.013818,-0.000090,1.277491,0.600000,0.840000,0.960000,0.040000,0.520000,1.013818
882,-1.640628,-0.793409,-1.567221,1.012150,-0.003984,1.536003,0.620000,0.860000,0.960000,0.040000,0.520000,1.012150
883,-1.640632,-0.803531,-1.551861,1.010433,-0.010090,1.774149,0.600000,0.840000,0.960000,0.040000,0.520000,1.010433
884,-1.640541,-0.813635,-1.534120,1.008601,-0.018139,1.990688,0.580000,0.840000,1.000000,0.120000,0.600000,1.008601
885,-1.640353,-0.823721,-1.514213,1.011365,-0.027922,2.182949,0.600000,0.840000,0.500000,0.040000,-1.000000,1.011365
886,-1.640059,-0.833834,-1.492383,1.005089,-0.052214,1.798741,0.640000,0.820000,0.480000,0.040000,-1.000000,1.005089
887,-1.639793,-0.843895,-1.474396,0.998499,-0.072165,1.398730,0.640000,0.860000,0.460000,0.040000,-1.000000,0.998499
888,-1.639550,-0.853903,-1.460409,0.991854,-0.087797,0.989566,0.620000,0.860000,0.440000,0.040000,-1.000000,0.991854
889,-1.639330,-0.863858,-1.450513,0.985367,-0.099193,0.577152,0.620000,0.840000,0.440000,0.040000,-1.000000,0.985367
890,-1.639132,-0.873760,-1.444742,0.979192,-0.106488,0.166947,0.600000,0.840000,0.420000,0.040000,-1.000000,0.979192
891,-1.638958,-0.883608,-1.443072,0.973426,-0.109868,-0.235787,0.600000,0.820000,0.420000,0.040000,-1.000000,0.973426
892,-1.638807,-0.893403,-1.445430,0.968110,-0.109565,-0.625793,0.600000,0.820000,0.420000,0.040000,-1.000000,0.968110
893,-1.638684,-0.903145,-1.451688,0.963231,-0.105858,-0.997750,0.580000,0.820000,0.440000,0.040000,-0.600000,0.963231
894,-1.638591,-0.912835,-1.461665,0.962110,-0.100917,-1.425197,0.580000,0.800000,0.940000,0.040000,0.520000,0.962110
895,-1.638546,-0.922508,-1.475917,0.961537,-0.077065,-1.163026,0.560000,0.800000,0.920000,0.040000,0.440000,0.961537
896,-1.638402,-0.932153,-1.487548,0.961252,-0.056230,-0.874751,0.560000,0.740000,0.900000,0.040000,0.440000,0.961252
897,-1.638163,-0.941779,-1.496295,0.960619,-0.038684,-0.572526,0.560000,0.740000,0.900000,0.040000,0.440000,0.960619
898,-1.637834,-0.951388,-1.502020,0.959775,-0.024437,-0.262713,0.540000,0.740000,0.840000,0.040000,0.280000,0.959775
899,-1.637418,-0.960980,-1.504648,0.960543,-0.014338,0.010034,0.540000,0.720000,0.840000,0.040000,0.280000,0.960543
900,-1.636926,-0.970574,-1.504547,0.961315,-0.007138,0.274349,0.540000,0.720000,0.820000,0.040000,0.280000,0.961315
901,-1.636361,-0.980170,-1.501804,0.962130,-0.002641,0.526853,0.520000,0.700000,0.820000,0.040000,0.280000,0.962130
902,-1.635724,-0.989771,-1.496535,0.963004,-0.000622,0.765026,0.520000,0.700000,0.800000,0.040000,0.200000,0.963004
903,-1.635016,-0.999375,-1.488885,0.964738,-0.002231,0.927632,0.500000,0.700000,0.800000,0.040000,0.200000,0.964738
904,-1.634249,-1.008991,-1.479609,0.966470,-0.005251,1.075519,0.520000,0.680000,0.800000,0.040000,0.200000,0.966470
905,-1.633421,-1.018621,-1.468853,0.968172,-0.009475,1.209102,0.560000,0.720000,0.840000,0.040000,0.280000,0.968172
906,-1.632530,-1.028262,-1.456762,0.969003,-0.013297,1.389557,0.560000,0.720000,0.840000,0.040000,0.280000,0.969003
907,-1.631559,-1.037904,-1.442867,0.969771,-0.018579,1.553369,0.560000,0.700000,0.840000,0.040000,0.280000,0.969771
908,-1.630506,-1.047546,-1.427333,0.970432,-0.025109,1.700926,0.540000,0.700000,0.820000,0.040000,0.280000,0.970432
909,-1.629368,-1.057187,-1.410324,0.970943,-0.032692,1.832921,0.540000,0.700000,0.820000,0.040000,0.280000,0.970943
910,-1.628139,-1.066824,-1.391995,0.971265,-0.041148,1.950274,0.580000,0.680000,0.820000,0.040000,0.280000,0.971265
911,-1.626816,-1.076455,-1.372492,0.971360,-0.050319,2.054059,0.600000,0.680000,0.820000,0.040000,0.280000,0.971360
912,-1.625396,-1.086077,-1.351951,0.971196,-0.060066,2.145435,0.580000,0.680000,0.820000,0.040000,0.280000,0.971196
913,-1.623874,-1.095688,-1.330497,0.970747,-0.070263,2.225592,0.580000,0.680000,0.840000,0.040000,0.280000,0.970747
914,-1.622246,-1.105283,-1.308241,0.969989,-0.080807,2.295703,0.560000,0.660000,0.840000,0.040000,0.280000,0.969989
915,-1.620509,-1.114861,-1.285284,0.968906,-0.091604,2.356897,0.560000,0.660000,0.840000,0.040000,0.280000,0.968906
916,-1.618659,-1.124416,-1.261715,0.967483,-0.102577,2.410228,0.600000,0.660000,0.840000,0.040000,0.280000,0.967483
917,-1.616693,-1.133944,-1.237613,0.965712,-0.113660,2.456671,0.580000,0.660000,0.860000,0.040000,0.360000,0.965712
918,-1.614609,-1.143442,-1.213046,0.962733,-0.124215,2.521936,0.580000,0.660000,0.860000,0.040000,0.360000,0.962733
919,-1.612401,-1.152894,-1.187827,0.959388,-0.135035,2.579554,0.560000,0.660000,0.260000,0.040000,-1.000000,0.959388
920,-1.610069,-1.162298,-1.162031,0.950293,-0.159264,2.065085,0.560000,0.660000,0.260000,0.040000,-1.000000,0.950293
921,-1.607753,-1.171651,-1.141380,0.941422,-0.178220,1.544917,0.560000,0.660000,0.240000,0.040000,-1.000000,0.941422
922,-1.605454,-1.180952,-1.125931,0.933116,-0.192024,1.022933,0.580000,0.640000,0.240000,0.040000,-1.000000,0.933116
923,-1.603172,-1.190202,-1.115702,0.925629,-0.200829,0.502676,0.580000,0.640000,0.240000,0.040000,-1.000000,0.925629
924,-1.600907,-1.199399,-1.110675,0.919126,-0.204818,-0.012301,0.580000,0.640000,0.880000,0.040000,0.360000,0.919126
925,-1.598661,-1.208544,-1.110798,0.918618,-0.190270,0.077609,0.560000,0.620000,0.220000,0.040000,-1.000000,0.918618
926,-1.596287,-1.217620,-1.110022,0.912981,-0.190680,-0.419583,0.560000,0.620000,0.860000,0.040000,0.360000,0.912981
927,-1.593936,-1.226645,-1.114218,0.913250,-0.172875,-0.307591,0.560000,0.620000,0.840000,0.040000,0.280000,0.913250
928,-1.591461,-1.235604,-1.117294,0.914086,-0.156606,-0.191863,0.540000,0.600000,0.840000,0.040000,0.280000,0.914086
929,-1.588864,-1.244507,-1.119212,0.914728,-0.141791,-0.068302,0.540000,0.600000,0.820000,0.040000,0.280000,0.914728
930,-1.586148,-1.253356,-1.119895,0.915203,-0.128487,0.061870,0.540000,0.580000,0.800000,0.040000,0.200000,0.915203
931,-1.583316,-1.262154,-1.119277,0.916343,-0.117326,0.171707,0.520000,0.580000,0.800000,0.040000,0.200000,0.916343
932,-1.580374,-1.270911,-1.117560,0.917398,-0.107551,0.283362,0.520000,0.560000,0.800000,0.040000,0.200000,0.917398
933,-1.577324,-1.279629,-1.114726,0.918386,-0.099146,0.395506,0.500000,0.560000,0.780000,0.040000,0.200000,0.918386
934,-1.574169,-1.288311,-1.110771,0.919320,-0.092073,0.506860,0.500000,0.560000,0.780000,0.040000,0.200000,0.919320
935,-1.570912,-1.296957,-1.105702,0.920211,-0.086283,0.616252,0.500000,0.540000,0.780000,0.040000,0.200000,0.920211
936,-1.567556,-1.305569,-1.099540,0.921066,-0.081711,0.722657,0.480000,0.540000,0.760000,0.040000,0.120000,0.921066
937,-1.564103,-1.314147,-1.092313,0.922590,-0.079687,0.765278,0.480000,0.540000,0.760000,0.040000,0.120000,0.922590
938,-1.560562,-1.322703,-1.084660,0.924103,-0.078168,0.805636,0.480000,0.540000,0.760000,0.040000,0.120000,0.924103
939,-1.556936,-1.331239,-1.076604,0.925605,-0.077110,0.843680,0.460000,0.520000,0.760000,0.040000,0.120000,0.925605
940,-1.553224,-1.339753,-1.068167,0.927092,-0.076468,0.879394,0.460000,0.520000,0.760000,0.040000,0.120000,0.927092
941,-1.549428,-1.348246,-1.059373,0.928562,-0.076202,0.912792,0.460000,0.520000,0.740000,0.040000,0.120000,0.928562
942,-1.545548,-1.356716,-1.050245,0.930012,-0.076272,0.943914,0.460000,0.520000,0.740000,0.040000,0.120000,0.930012
943,-1.541584,-1.365164,-1.040806,0.931440,-0.076641,0.972820,0.440000,0.500000,0.740000,0.040000,0.120000,0.931440
944,-1.537537,-1.373588,-1.031078,0.932844,-0.077272,0.999587,0.440000,0.500000,0.740000,0.040000,0.120000,0.932844
945,-1.533406,-1.381988,-1.021082,0.934222,-0.078135,1.024302,0.440000,0.500000,0.740000,0.040000,0.120000,0.934222
946,-1.529192,-1.390362,-1.010839,0.935571,-0.079199,1.047061,0.420000,0.540000,0.740000,0.040000,0.120000,0.935571
947,-1.524893,-1.398709,-1.000369,0.936890,-0.080436,1.067967,0.420000,0.480000,0.740000,0.040000,0.120000,0.936890
948,-1.520511,-1.407029,-0.989689,0.938178,-0.081822,1.087123,0.420000,0.520000,0.740000,0.040000,0.120000,0.938178
949,-1.516045,-1.415320,-0.978818,0.939433,-0.083334,1.104636,0.400000,0.520000,0.740000,0.040000,0.120000,0.939433
950,-1.511494,-1.423581,-0.967771,0.940653,-0.084950,1.120612,0.400000,0.520000,0.740000,0.040000,0.120000,0.940653
951,-1.506859,-1.431810,-0.956565,0.941839,-0.086652,1.135154,0.400000,0.520000,0.740000,0.040000,0.120000,0.941839
952,-1.502139,-1.440006,-0.945214,0.942990,-0.088423,1.148361,0.400000,0.520000,0.740000,0.040000,0.120000,0.942990
953,-1.497334,-1.448168,-0.933730,0.944105,-0.090248,1.160332,0.380000,0.500000,0.740000,0.040000,0.120000,0.944105
954,-1.492444,-1.456294,-0.922127,0.945184,-0.092114,1.171158,0.380000,0.500000,0.740000,0.040000,0.120000,0.945184
955,-1.487468,-1.464383,-0.910415,0.946227,-0.094008,1.180928,0.380000,0.500000,0.740000,0.040000,0.120000,0.946227
956,-1.482406,-1.472432,-0.898606,0.947235,-0.095920,1.189724,0.380000,0.500000,0.740000,0.040000,0.120000,0.947235
957,-1.477258,-1.480441,-0.886709,0.948207,-0.097841,1.197625,0.360000,0.500000,0.740000,0.040000,0.120000,0.948207
958,-1.472024,-1.488408,-0.874732,0.949143,-0.099763,1.204704,0.360000,0.500000,0.740000,0.040000,0.120000,0.949143
959,-1.466703,-1.496331,-0.862685,0.950045,-0.101677,1.211030,0.360000,0.480000,0.740000,0.040000,0.120000,0.950045
960,-1.461297,-1.504209,-0.850575,0.950913,-0.103578,1.216666,0.340000,0.480000,0.760000,0.040000,0.120000,0.950913
961,-1.455803,-1.512040,-0.838408,0.951747,-0.105461,1.221671,0.340000,0.480000,0.760000,0.040000,0.120000,0.951747
962,-1.450224,-1.519822,-0.826192,0.952549,-0.107320,1.226100,0.340000,0.480000,0.760000,0.040000,0.120000,0.952549
963,-1.444558,-1.527554,-0.813931,0.953318,-0.109152,1.230004,0.340000,0.480000,0.760000,0.040000,0.120000,0.953318
964,-1.438805,-1.535234,-0.801631,0.954057,-0.110953,1.233430,0.320000,0.480000,0.760000,0.040000,0.120000,0.954057
965,-1.432967,-1.542861,-0.789296,0.954765,-0.112721,1.236419,0.320000,0.460000,0.780000,0.040000,0.200000,0.954765
966,-1.427042,-1.550432,-0.776932,0.954734,-0.113137,1.295292,0.320000,0.460000,0.780000,0.040000,0.200000,0.954734
967,-1.421027,-1.557932,-0.763979,0.954635,-0.114082,1.350821,0.320000,0.460000,0.780000,0.040000,0.200000,0.954635
968,-1.414923,-1.565360,-0.750471,0.954463,-0.115507,1.403005,0.320000,0.460000,0.800000,0.040000,0.200000,0.954463
969,-1.408730,-1.572714,-0.736441,0.954212,-0.117361,1.451881,0.300000,0.460000,0.800000,0.040000,0.200000,0.954212
970,-1.402449,-1.579993,-0.721922,0.953876,-0.119599,1.497525,0.300000,0.460000,0.820000,0.040000,0.280000,0.953876
971,-1.396080,-1.587194,-0.706947,0.952641,-0.121341,1.575772,0.300000,0.460000,0.840000,0.040000,0.280000,0.952641
972,-1.389625,-1.594304,-0.691189,0.951287,-0.123724,1.649457,0.340000,0.460000,0.860000,0.040000,0.360000,0.951287
973,-1.383084,-1.601321,-0.674695,0.948964,-0.126234,1.737900,0.280000,0.460000,0.880000,0.040000,0.360000,0.948964
974,-1.376462,-1.608235,-0.657316,0.946488,-0.129434,1.821065,0.340000,0.460000,0.920000,0.040000,0.440000,0.946488
975,-1.369760,-1.615043,-0.639105,0.943017,-0.133095,1.905798,0.340000,0.460000,0.940000,0.040000,0.520000,0.943017
976,-1.362985,-1.621736,-0.620047,0.938564,-0.137416,1.982479,0.320000,0.460000,1.000000,0.120000,0.600000,0.938564
977,-1.356145,-1.628308,-0.600222,0.938764,-0.142453,2.043938,0.320000,0.460000,1.000000,0.120000,0.600000,0.938764
978,-1.349203,-1.634786,-0.579783,0.938771,-0.147954,2.100290,0.320000,0.480000,1.000000,0.120000,0.600000,0.938771
979,-1.342160,-1.641167,-0.558780,0.938578,-0.153867,2.151587,0.320000,0.480000,1.000000,0.120000,0.600000,0.938578
980,-1.335018,-1.647447,-0.537264,0.938176,-0.160139,2.197934,0.320000,0.480000,1.000000,0.120000,0.600000,0.938176
981,-1.327777,-1.653624,-0.515285,0.937559,-0.166722,2.239472,0.320000,0.500000,1.000000,0.120000,0.600000,0.937559
982,-1.320441,-1.659695,-0.492890,0.936721,-0.173567,2.276375,0.320000,0.500000,1.000000,0.120000,0.600000,0.936721
983,-1.313010,-1.665657,-0.470126,0.935659,-0.180629,2.308836,0.320000,0.520000,1.000000,0.120000,0.600000,0.935659
984,-1.305486,-1.671505,-0.447038,0.934370,-0.187863,2.337068,0.320000,0.520000,1.000000,0.120000,0.600000,0.934370
985,-1.297873,-1.677239,-0.423667,0.932855,-0.195229,2.361291,0.320000,0.540000,1.000000,0.120000,0.600000,0.932855
986,-1.290172,-1.682853,-0.400054,0.931112,-0.202688,2.381728,0.320000,0.560000,1.000000,0.120000,0.600000,0.931112
987,-1.282385,-1.688347,-0.376237,0.929145,-0.210202,2.398604,0.320000,0.580000,1.000000,0.120000,0.600000,0.929145
988,-1.274516,-1.693715,-0.352251,0.926957,-0.217736,2.412143,0.320000,0.600000,1.000000,0.120000,0.600000,0.926957
989,-1.266567,-1.698957,-0.328130,0.924551,-0.225260,2.422561,0.340000,0.640000,1.000000,0.120000,0.600000,0.924551
990,-1.258541,-1.704069,-0.303904,0.921934,-0.232743,2.430068,0.340000,0.660000,1.000000,0.120000,0.600000,0.921934
991,-1.250440,-1.709049,-0.279603,0.919111,-0.240156,2.434865,0.340000,0.700000,1.000000,0.120000,0.600000,0.919111
992,-1.242269,-1.713894,-0.255255,0.916090,-0.247475,2.437143,0.340000,0.760000,1.000000,0.120000,0.600000,0.916090
993,-1.234030,-1.718601,-0.230883,0.912880,-0.254675,2.437085,0.340000,0.820000,1.000000,0.120000,0.600000,0.912880
994,-1.225726,-1.723170,-0.206512,0.909488,-0.261734,2.434862,0.360000,0.900000,1.000000,0.120000,0.600000,0.909488
995,-1.217361,-1.727596,-0.182164,0.905924,-0.268633,2.430636,0.360000,1.000000,1.000000,0.120000,0.600000,0.905924
996,-1.208938,-1.731879,-0.157857,0.902199,-0.275352,2.424557,0.360000,1.000000,1.000000,0.120000,0.600000,0.902199
997,-1.200461,-1.736017,-0.133612,0.898322,-0.281875,2.416768,0.380000,1.000000,1.000000,0.120000,0.600000,0.898322
998,-1.191934,-1.740007,-0.109444,0.894304,-0.288187,2.407400,0.380000,1.000000,0.980000,0.120000,0.600000,0.894304
999,-1.183359,-1.743848,-0.085370,0.890155,-0.294275,2.396575,0.400000,1.000000,0.920000,0.040000,0.440000,0.890155
