step,x,y,mu,vx,vy,omega,lidar_l,lidar_c,lidar_r,throttle,steering,reward
0,-1.510419,0.164136,0.827169,0.000000,0.000000,0.000000,0.240000,0.320000,0.560000,0.200000,-0.600000,0.000000
1,-1.510419,0.164136,0.827169,0.014000,0.000000,0.000000,0.240000,0.320000,0.560000,0.200000,-0.600000,0.014000
2,-1.510324,0.164239,0.827169,0.022731,-0.007701,-0.329379,0.240000,0.320000,0.560000,0.200000,-0.600000,0.022731
3,-1.510113,0.164354,0.823876,0.037611,-0.010586,-0.071091,0.240000,0.320000,0.540000,0.200000,-0.600000,0.037611
4,-1.509780,0.164558,0.823165,0.047796,-0.010428,-0.588470,0.240000,0.320000,0.540000,0.200000,-0.600000,0.047796
5,-1.509379,0.164838,0.817280,0.060521,-0.017312,-0.418233,0.240000,0.320000,0.540000,0.400000,-0.600000,0.060521
6,-1.508838,0.165161,0.813098,0.086205,-0.018610,-0.661919,0.240000,0.320000,0.540000,0.400000,-0.600000,0.086205
7,-1.508111,0.165659,0.806479,0.111425,-0.023554,-0.781532,0.240000,0.300000,0.520000,0.400000,-0.600000,0.111425
8,-1.507170,0.166300,0.798663,0.136468,-0.027958,-0.944469,0.240000,0.300000,0.520000,0.400000,-0.600000,0.136468
9,-1.506017,0.167083,0.789219,0.161502,-0.032190,-1.107239,0.240000,0.300000,0.500000,0.400000,-0.600000,0.161502
10,-1.504651,0.168003,0.778146,0.186559,-0.036139,-1.268756,0.240000,0.300000,0.480000,0.200000,-0.600000,0.186559
11,-1.503069,0.169055,0.765459,0.197651,-0.039734,-1.428211,0.240000,0.300000,0.460000,0.200000,-0.600000,0.197651
12,-1.501368,0.170138,0.751177,0.209034,-0.042828,-1.565287,0.220000,0.280000,0.460000,0.200000,-0.600000,0.209034
13,-1.499548,0.171251,0.735524,0.220632,-0.045470,-1.687672,0.220000,0.280000,0.440000,0.200000,-0.600000,0.220632
14,-1.497607,0.172395,0.718647,0.232385,-0.047709,-1.799840,0.220000,0.280000,0.420000,0.200000,-0.600000,0.232385
15,-1.495544,0.173565,0.700649,0.244248,-0.049589,-1.904502,0.220000,0.260000,0.400000,0.200000,-0.600000,0.244248
16,-1.493357,0.174761,0.681604,0.256189,-0.051141,-2.003350,0.220000,0.260000,0.380000,0.200000,-0.600000,0.256189
17,-1.491045,0.175978,0.661570,0.268182,-0.052384,-2.097461,0.220000,0.260000,0.380000,0.200000,-0.600000,0.268182
18,-1.488608,0.177212,0.640595,0.280207,-0.053334,-2.187533,0.200000,0.240000,0.360000,0.200000,-0.600000,0.280207
19,-1.486042,0.178459,0.618720,0.292246,-0.053998,-2.274020,0.200000,0.240000,0.340000,0.200000,-0.600000,0.292246
20,-1.483348,0.179715,0.595980,0.304285,-0.054381,-2.357214,0.200000,0.240000,0.320000,0.200000,-0.600000,0.304285
21,-1.480525,0.180973,0.572408,0.316310,-0.054485,-2.437303,0.200000,0.220000,0.320000,0.200000,-0.600000,0.316310
22,-1.477571,0.182228,0.548035,0.328309,-0.054309,-2.514402,0.200000,0.220000,0.300000,0.200000,-0.600000,0.328309
23,-1.474486,0.183475,0.522891,0.340271,-0.053853,-2.588579,0.200000,0.220000,0.280000,0.200000,-0.600000,0.340271
24,-1.471269,0.184708,0.497005,0.352183,-0.053114,-2.659868,0.180000,0.220000,0.280000,0.000000,-0.600000,0.352183
25,-1.467920,0.185920,0.470406,0.350035,-0.052090,-2.728281,0.180000,0.200000,0.260000,0.000000,-0.600000,0.350035
26,-1.464563,0.187042,0.443123,0.347939,-0.051095,-2.780633,0.180000,0.200000,0.260000,0.000000,-0.600000,0.347939
27,-1.461201,0.188072,0.415317,0.345875,-0.050151,-2.820007,0.180000,0.200000,0.240000,0.000000,-0.600000,0.345875
28,-1.457834,0.189009,0.387117,0.343830,-0.049276,-2.848879,0.180000,0.180000,0.240000,0.000000,-0.600000,0.343830
29,-1.454464,0.189851,0.358628,0.341794,-0.048482,-2.869241,0.180000,0.180000,0.220000,0.000000,-0.600000,0.341794
30,-1.451093,0.190596,0.329936,0.339760,-0.047776,-2.882702,0.180000,0.180000,0.220000,0.000000,-0.600000,0.339760
31,-1.447724,0.191245,0.301109,0.337725,-0.047164,-2.890567,0.160000,0.180000,0.200000,0.000000,-0.600000,0.337725
32,-1.444359,0.191796,0.272203,0.335687,-0.046648,-2.893901,0.160000,0.180000,0.200000,0.000000,-0.600000,0.335687
33,-1.441000,0.192250,0.243264,0.333646,-0.046227,-2.893574,0.160000,0.160000,0.200000,0.000000,-0.600000,0.333646
34,-1.437651,0.192605,0.214328,0.331602,-0.045899,-2.890305,0.160000,0.160000,0.180000,0.000000,-0.600000,0.331602
35,-1.434313,0.192861,0.185425,0.329558,-0.045662,-2.884684,0.160000,0.160000,0.180000,0.000000,-0.600000,0.329558
36,-1.430990,0.193020,0.156578,0.327515,-0.045510,-2.877204,0.160000,0.160000,0.180000,0.000000,-0.600000,0.327515
37,-1.427684,0.193081,0.127806,0.325477,-0.045439,-2.868272,0.160000,0.160000,0.160000,0.000000,-0.600000,0.325477
38,-1.424398,0.193046,0.099124,0.323446,-0.045441,-2.858230,0.160000,0.160000,0.160000,0.000000,-0.600000,0.323446
39,-1.421134,0.192913,0.070541,0.321426,-0.045511,-2.847360,0.160000,0.140000,0.160000,0.000000,-0.600000,0.321426
40,-1.417896,0.192686,0.042068,0.319418,-0.045641,-2.835899,0.160000,0.140000,0.160000,0.000000,-0.600000,0.319418
41,-1.414685,0.192364,0.013709,0.317427,-0.045826,-2.824044,0.140000,0.140000,0.160000,0.000000,-0.600000,0.317427
42,-1.411505,0.191950,-0.014532,0.315454,-0.046058,-2.811955,0.140000,0.140000,0.140000,0.000000,-0.600000,0.315454
43,-1.408357,0.191443,-0.042651,0.313503,-0.046330,-2.799765,0.140000,0.140000,0.140000,0.000000,-0.600000,0.313503
44,-1.405245,0.190847,-0.070649,0.311575,-0.046637,-2.787582,0.140000,0.140000,0.140000,0.000000,-0.600000,0.311575
45,-1.402170,0.190162,-0.098525,0.309672,-0.046972,-2.775492,0.140000,0.140000,0.140000,0.000000,-0.600000,0.309672
46,-1.399134,0.189389,-0.126280,0.307797,-0.047329,-2.763562,0.140000,0.140000,0.140000,0.000000,-0.600000,0.307797
47,-1.396140,0.188532,-0.153915,0.305951,-0.047704,-2.751842,0.140000,0.120000,0.120000,0.000000,-0.600000,0.305951
48,-1.393190,0.187592,-0.181434,0.304135,-0.048090,-2.740370,0.140000,0.120000,0.120000,0.000000,-0.600000,0.304135
49,-1.390286,0.186570,-0.208837,0.302350,-0.048485,-2.729170,0.140000,0.120000,0.120000,0.000000,-0.600000,0.302350
50,-1.387428,0.185469,-0.236129,0.300598,-0.048883,-2.718259,0.140000,0.120000,0.120000,0.000000,-0.600000,0.300598
51,-1.384620,0.184290,-0.263312,0.298878,-0.049282,-2.707643,0.120000,0.120000,0.120000,0.000000,-0.600000,0.298878
52,-1.381863,0.183037,-0.290388,0.297191,-0.049678,-2.697321,0.120000,0.120000,0.120000,0.000000,-0.600000,0.297191
53,-1.379157,0.181710,-0.317361,0.295537,-0.050068,-2.687291,0.120000,0.120000,0.120000,0.000000,-0.600000,0.295537
54,-1.376506,0.180312,-0.344234,0.293916,-0.050451,-2.677541,0.120000,0.120000,0.120000,0.000000,-0.600000,0.293916
55,-1.373909,0.178845,-0.371010,0.292329,-0.050825,-2.668060,0.100000,0.120000,0.100000,0.000000,-0.600000,0.292329
56,-1.371369,0.177312,-0.397690,0.290775,-0.051187,-2.658834,0.100000,0.120000,0.100000,0.000000,-0.600000,0.290775
57,-1.368887,0.175713,-0.424278,0.289253,-0.051538,-2.649847,0.100000,0.120000,0.100000,0.000000,-0.600000,0.289253
58,-1.366463,0.174053,-0.450777,0.287763,-0.051876,-2.641082,0.100000,0.120000,0.100000,0.000000,-0.600000,0.287763
59,-1.364099,0.172332,-0.477188,0.286304,-0.052201,-2.632525,0.080000,0.120000,0.100000,0.000000,-0.600000,0.286304
60,-1.361795,0.170554,-0.503513,0.284876,-0.052512,-2.624159,0.080000,0.120000,0.100000,0.000000,-0.600000,0.284876
61,-1.359553,0.168719,-0.529755,0.283478,-0.052809,-2.615968,0.080000,0.120000,0.100000,0.000000,-0.600000,0.283478
62,-1.357374,0.166831,-0.555914,0.282110,-0.053092,-2.607938,0.080000,0.120000,0.100000,0.000000,-0.600000,0.282110
63,-1.355258,0.164891,-0.581994,0.280769,-0.053360,-2.600057,0.080000,0.100000,0.100000,0.000000,-0.600000,0.280769
64,-1.353206,0.162902,-0.607994,0.279457,-0.053616,-2.592312,0.080000,0.100000,0.100000,0.000000,-0.600000,0.279457
65,-1.351218,0.160866,-0.633917,0.278171,-0.053858,-2.584693,0.080000,0.100000,0.100000,0.000000,-0.600000,0.278171
66,-1.349296,0.158784,-0.659764,0.276911,-0.054087,-2.577189,0.080000,0.080000,0.100000,0.000000,-0.600000,0.276911
67,-1.347439,0.156660,-0.685536,0.275676,-0.054303,-2.569793,0.080000,0.080000,0.100000,0.000000,-0.600000,0.275676
68,-1.345649,0.154494,-0.711234,0.274466,-0.054508,-2.562496,0.080000,0.080000,0.100000,0.000000,-0.600000,0.274466
69,-1.343926,0.152289,-0.736859,0.273279,-0.054701,-2.555293,0.080000,0.080000,0.100000,0.000000,-0.600000,0.273279
70,-1.342270,0.150048,-0.762412,0.272114,-0.054882,-2.548178,0.080000,0.060000,0.100000,0.000000,-0.600000,0.272114
71,-1.340681,0.147772,-0.787894,0.270972,-0.055054,-2.541146,0.080000,0.060000,0.100000,0.000000,-0.600000,0.270972
72,-1.339160,0.145463,-0.813305,0.269851,-0.055215,-2.534192,0.080000,0.060000,0.080000,0.000000,-0.800000,0.269851
73,-1.337707,0.143123,-0.838647,0.265657,-0.057146,-2.603452,0.100000,0.060000,0.080000,0.000000,-0.800000,0.265657
74,-1.336356,0.140765,-0.864682,0.261696,-0.058942,-2.662792,0.100000,0.060000,0.080000,0.000000,-0.800000,0.261696
75,-1.335106,0.138391,-0.891310,0.257961,-0.060607,-2.713218,0.100000,0.060000,0.060000,0.000000,-0.800000,0.257961
76,-1.333957,0.136004,-0.918442,0.254443,-0.062146,-2.755671,0.100000,0.060000,0.060000,0.000000,-0.800000,0.254443
77,-1.332906,0.133604,-0.945999,0.251132,-0.063563,-2.791028,0.100000,0.060000,0.060000,0.000000,-0.800000,0.251132
78,-1.331953,0.131196,-0.973909,0.248019,-0.064864,-2.820112,0.120000,0.060000,0.060000,0.000000,-0.800000,0.248019
79,-1.331095,0.128780,-1.002110,0.245093,-0.066054,-2.843682,0.120000,0.060000,0.040000,0.000000,-0.800000,0.245093
80,-1.330332,0.126359,-1.030547,0.242341,-0.067138,-2.862439,0.140000,0.060000,0.040000,0.000000,-0.800000,0.242341
81,-1.329661,0.123935,-1.059171,0.239753,-0.068121,-2.877022,0.160000,0.060000,0.040000,0.000000,-0.800000,0.239753
82,-1.329081,0.121511,-1.087941,0.237317,-0.069009,-2.888008,0.180000,0.060000,0.040000,0.000000,-0.800000,0.237317
83,-1.328590,0.119089,-1.116821,0.235022,-0.069809,-2.895912,0.220000,0.060000,0.040000,0.200000,-0.800000,0.235022
84,-1.328187,0.116671,-1.145781,0.246857,-0.070526,-2.901191,0.300000,0.060000,0.040000,0.200000,-0.800000,0.246857
85,-1.327812,0.114131,-1.174792,0.258455,-0.070937,-2.927141,0.300000,0.060000,0.040000,0.200000,-0.800000,0.258455
86,-1.327469,0.111473,-1.204064,0.269875,-0.071067,-2.965654,0.300000,0.080000,0.040000,0.200000,-0.800000,0.269875
87,-1.327165,0.108699,-1.233720,0.281148,-0.070932,-3.011457,0.300000,0.080000,0.040000,0.200000,-0.800000,0.281148
88,-1.326905,0.105811,-1.263835,0.292296,-0.070535,-3.061107,0.300000,0.080000,0.040000,0.200000,-0.800000,0.292296
89,-1.326694,0.102811,-1.294446,0.303329,-0.069876,-3.112311,0.580000,0.080000,0.040000,0.000000,-0.800000,0.303329
90,-1.326538,0.099702,-1.325569,0.300251,-0.068954,-3.163513,1.000000,0.100000,0.040000,0.000000,-0.800000,0.300251
91,-1.326478,0.096622,-1.357204,0.297232,-0.068182,-3.199909,1.000000,0.100000,0.040000,0.000000,-0.800000,0.297232
92,-1.326515,0.093573,-1.389203,0.294262,-0.067550,-3.224652,1.000000,0.120000,0.060000,0.000000,-0.800000,0.294262
93,-1.326648,0.090557,-1.421450,0.291331,-0.067051,-3.240187,1.000000,0.160000,0.060000,0.000000,-0.800000,0.291331
94,-1.326877,0.087576,-1.453852,0.288435,-0.066677,-3.248434,1.000000,0.200000,0.060000,0.000000,-0.800000,0.288435
95,-1.327203,0.084634,-1.486336,0.285572,-0.066419,-3.250924,1.000000,0.260000,0.060000,0.000000,-0.800000,0.285572
96,-1.327624,0.081732,-1.518845,0.282742,-0.066270,-3.248887,1.000000,0.280000,0.060000,0.000000,-0.800000,0.282742
97,-1.328139,0.078874,-1.551334,0.279943,-0.066221,-3.243324,1.000000,0.280000,0.080000,0.000000,-0.800000,0.279943
98,-1.328746,0.076062,-1.583767,0.277180,-0.066261,-3.235054,1.000000,0.280000,0.080000,0.000000,-0.800000,0.277180
99,-1.329445,0.073299,-1.616118,0.274452,-0.066382,-3.224749,1.000000,0.260000,0.080000,0.000000,-0.800000,0.274452
100,-1.330232,0.070588,-1.648365,0.271764,-0.066574,-3.212961,1.000000,0.540000,0.100000,0.200000,-0.600000,0.271764
101,-1.331107,0.067930,-1.680495,0.286716,-0.063911,-3.075401,1.000000,1.000000,0.120000,0.000000,-0.600000,0.286716
102,-1.332056,0.065150,-1.711249,0.286838,-0.061788,-2.995025,0.980000,1.000000,0.140000,0.000000,-0.600000,0.286838
103,-1.333069,0.062396,-1.741199,0.286658,-0.060118,-2.928578,0.840000,1.000000,0.160000,0.200000,-0.600000,0.286658
104,-1.334148,0.059673,-1.770485,0.300246,-0.058809,-2.873125,0.800000,1.000000,0.200000,0.200000,-0.600000,0.300246
105,-1.335320,0.056847,-1.799216,0.313395,-0.057618,-2.849872,0.760000,1.000000,0.240000,0.200000,-0.600000,0.313395
106,-1.336591,0.053925,-1.827715,0.326219,-0.056430,-2.848537,0.740000,1.000000,0.260000,0.200000,-0.600000,0.326219
107,-1.337965,0.050913,-1.856200,0.338789,-0.055172,-2.862172,0.700000,1.000000,0.260000,0.200000,-0.600000,0.338789
108,-1.339449,0.047818,-1.884822,0.351152,-0.053792,-2.886004,0.680000,1.000000,0.240000,0.200000,-0.600000,0.351152
109,-1.341045,0.044644,-1.913682,0.363336,-0.052250,-2.916698,0.640000,1.000000,0.240000,0.200000,-0.600000,0.363336
110,-1.342759,0.041398,-1.942849,0.375357,-0.050518,-2.951874,0.620000,1.000000,0.240000,0.200000,-0.600000,0.375357
111,-1.344594,0.038085,-1.972368,0.387225,-0.048575,-2.989807,0.600000,1.000000,0.520000,0.200000,-0.600000,0.387225
112,-1.346554,0.034710,-2.002266,0.398944,-0.046405,-3.029226,0.580000,1.000000,1.000000,0.200000,-0.600000,0.398944
113,-1.348644,0.031281,-2.032558,0.410515,-0.043993,-3.069179,0.560000,1.000000,1.000000,0.200000,-0.600000,0.410515
114,-1.350867,0.027801,-2.063250,0.421935,-0.041331,-3.108949,0.540000,0.940000,1.000000,0.200000,-0.600000,0.421935
115,-1.353226,0.024279,-2.094340,0.433199,-0.038411,-3.147986,0.520000,0.800000,1.000000,0.200000,-0.600000,0.433199
116,-1.355725,0.020719,-2.125819,0.444302,-0.035229,-3.185870,0.520000,0.760000,1.000000,0.200000,-0.600000,0.444302
117,-1.358365,0.017129,-2.157678,0.455236,-0.031782,-3.222276,0.500000,0.720000,1.000000,0.200000,-0.600000,0.455236
118,-1.361151,0.013514,-2.189901,0.465994,-0.028068,-3.256956,0.480000,0.680000,1.000000,0.000000,-0.600000,0.465994
119,-1.364084,0.009882,-2.222470,0.462567,-0.024089,-3.289721,0.480000,0.660000,1.000000,0.000000,-0.600000,0.462567
120,-1.367081,0.006350,-2.255368,0.458991,-0.020343,-3.312797,0.460000,0.620000,1.000000,0.000000,-0.600000,0.458991
121,-1.370141,0.002923,-2.288496,0.455270,-0.016849,-3.327770,0.440000,0.600000,1.000000,0.000000,-0.600000,0.455270
122,-1.373262,-0.000396,-2.321773,0.451410,-0.013623,-3.335939,0.440000,0.560000,1.000000,0.200000,-0.600000,0.451410
123,-1.376442,-0.003603,-2.355133,0.461419,-0.010675,-3.338374,0.420000,0.540000,1.000000,0.200000,-0.600000,0.461419
124,-1.379776,-0.006793,-2.388516,0.471266,-0.007503,-3.343274,0.380000,0.520000,0.940000,0.200000,-0.600000,0.471266
125,-1.383266,-0.009962,-2.421949,0.480949,-0.004102,-3.349939,0.360000,0.500000,0.860000,0.200000,-0.600000,0.480949
126,-1.386910,-0.013101,-2.455449,0.490463,-0.000473,-3.357782,0.360000,0.480000,0.740000,0.200000,-0.600000,0.490463
127,-1.390708,-0.016204,-2.489026,0.499803,0.003386,-3.366311,0.360000,0.480000,0.700000,0.000000,-0.600000,0.499803
128,-1.394658,-0.019266,-2.522689,0.494963,0.007470,-3.375118,0.340000,0.460000,0.660000,0.000000,-0.600000,0.494963
129,-1.398646,-0.022199,-2.556441,0.489959,0.011249,-3.378268,0.340000,0.440000,0.620000,0.000000,-0.600000,0.489959
130,-1.402669,-0.024999,-2.590223,0.484804,0.014709,-3.376573,0.340000,0.440000,0.580000,0.000000,-0.600000,0.484804
131,-1.406721,-0.027663,-2.623989,0.479510,0.017840,-3.370717,0.320000,0.420000,0.560000,0.000000,-0.600000,0.479510
132,-1.410800,-0.030191,-2.657696,0.474092,0.020636,-3.361274,0.320000,0.400000,0.540000,0.000000,-0.600000,0.474092
133,-1.414901,-0.032579,-2.691309,0.468564,0.023090,-3.348732,0.320000,0.400000,0.500000,0.000000,-0.600000,0.468564
134,-1.419019,-0.034827,-2.724796,0.462941,0.025201,-3.333505,0.320000,0.380000,0.480000,0.000000,-0.400000,0.462941
135,-1.423150,-0.036931,-2.758131,0.459627,0.028241,-3.261464,0.320000,0.340000,0.460000,0.000000,-0.400000,0.459627
136,-1.427307,-0.038913,-2.790746,0.456168,0.030655,-3.194358,0.300000,0.320000,0.460000,0.000000,-0.400000,0.456168
137,-1.431485,-0.040768,-2.822690,0.452599,0.032502,-3.131382,0.300000,0.320000,0.440000,0.000000,-0.400000,0.452599
138,-1.435681,-0.042496,-2.854003,0.448949,0.033834,-3.071893,0.300000,0.320000,0.420000,0.000000,-0.400000,0.448949
139,-1.439890,-0.044094,-2.884722,0.445244,0.034696,-3.015375,0.300000,0.300000,0.400000,0.000000,-0.400000,0.445244
140,-1.444108,-0.045561,-2.914876,0.441507,0.035128,-2.961411,0.300000,0.300000,0.400000,0.000000,-0.400000,0.441507
141,-1.448331,-0.046895,-2.944490,0.437755,0.035166,-2.909668,0.300000,0.300000,0.380000,0.000000,-0.400000,0.437755
142,-1.452555,-0.048097,-2.973587,0.434007,0.034845,-2.859874,0.300000,0.300000,0.380000,0.000000,-0.400000,0.434007
143,-1.456776,-0.049167,-3.002186,0.430277,0.034194,-2.811815,0.300000,0.280000,0.360000,0.000000,-0.400000,0.430277
144,-1.460989,-0.050103,-3.030304,0.426578,0.033243,-2.765325,0.280000,0.280000,0.360000,0.000000,-0.400000,0.426578
145,-1.465192,-0.050907,-3.057957,0.422922,0.032020,-2.720277,0.280000,0.280000,0.340000,0.000000,-0.400000,0.422922
146,-1.469380,-0.051580,-3.085160,0.419319,0.030552,-2.676580,0.280000,0.280000,0.300000,0.000000,-0.400000,0.419319
147,-1.473549,-0.052121,-3.111926,0.415776,0.028864,-2.634177,0.280000,0.280000,0.300000,0.000000,-0.400000,0.415776
148,-1.477696,-0.052533,-3.138267,0.412303,0.026982,-2.593042,0.260000,0.260000,0.280000,0.000000,-0.400000,0.412303
149,-1.481818,-0.052817,-3.164198,0.408906,0.024931,-2.553172,0.240000,0.260000,0.280000,0.000000,-0.400000,0.408906
150,-1.485912,-0.052973,-3.189729,0.405590,0.022734,-2.514591,0.240000,0.260000,0.280000,0.000000,-0.400000,0.405590
151,-1.489974,-0.053005,-3.214875,0.402360,0.020417,-2.477344,0.240000,0.260000,0.260000,0.000000,-0.400000,0.402360
152,-1.494002,-0.052914,-3.239649,0.399220,0.018003,-2.441494,0.240000,0.260000,0.260000,0.000000,-0.400000,0.399220
153,-1.497993,-0.052703,-3.264064,0.396172,0.015516,-2.407117,0.240000,0.260000,0.260000,0.000000,-0.400000,0.396172
154,-1.501944,-0.052373,-3.288135,0.393220,0.012979,-2.374299,0.240000,0.260000,0.260000,0.000000,-0.400000,0.393220
155,-1.505853,-0.051927,-3.311878,0.390365,0.010415,-2.343131,0.240000,0.240000,0.240000,0.000000,-0.400000,0.390365
156,-1.509717,-0.051368,-3.335309,0.387607,0.007845,-2.313701,0.240000,0.240000,0.240000,0.000000,-0.400000,0.387607
157,-1.513536,-0.050699,-3.358446,0.384948,0.005290,-2.286092,0.240000,0.240000,0.240000,0.200000,-0.600000,0.384948
158,-1.517307,-0.049922,-3.381307,0.393985,0.001455,-2.316599,0.240000,0.240000,0.240000,0.200000,-0.600000,0.393985
159,-1.521137,-0.049001,-3.404473,0.403142,-0.001809,-2.354575,0.240000,0.240000,0.240000,0.200000,-0.600000,0.403142
160,-1.525026,-0.047936,-3.428019,0.412403,-0.004502,-2.398790,0.240000,0.240000,0.240000,0.200000,-0.600000,0.412403
161,-1.528969,-0.046728,-3.452007,0.421752,-0.006627,-2.447930,0.240000,0.240000,0.220000,0.200000,-0.600000,0.421752
162,-1.532965,-0.045376,-3.476486,0.431175,-0.008193,-2.500686,0.240000,0.240000,0.220000,0.200000,-0.600000,0.431175
163,-1.537010,-0.043882,-3.501493,0.440653,-0.009215,-2.555835,0.240000,0.220000,0.220000,0.200000,-0.600000,0.440653
164,-1.541102,-0.042244,-3.527051,0.450169,-0.009708,-2.612277,0.240000,0.200000,0.220000,0.200000,-0.600000,0.450169
165,-1.545237,-0.040461,-3.553174,0.459706,-0.009687,-2.669058,0.240000,0.200000,0.220000,0.200000,-0.600000,0.459706
166,-1.549411,-0.038533,-3.579865,0.469245,-0.009170,-2.725374,0.240000,0.180000,0.220000,0.200000,-0.600000,0.469245
167,-1.553621,-0.036459,-3.607118,0.478769,-0.008175,-2.780564,0.240000,0.180000,0.200000,0.200000,-0.600000,0.478769
168,-1.557863,-0.034237,-3.634924,0.488258,-0.006720,-2.834094,0.240000,0.180000,0.200000,0.200000,-0.600000,0.488258
169,-1.562131,-0.031865,-3.663265,0.497695,-0.004823,-2.885549,0.240000,0.180000,0.200000,0.200000,-0.600000,0.497695
170,-1.566422,-0.029343,-3.692120,0.507062,-0.002502,-2.934607,0.240000,0.180000,0.200000,0.200000,-0.600000,0.507062
171,-1.570730,-0.026669,-3.721467,0.516342,0.000227,-2.981032,0.240000,0.180000,0.200000,0.200000,-0.600000,0.516342
172,-1.575051,-0.023842,-3.751277,0.525516,0.003345,-3.024657,0.260000,0.180000,0.200000,0.200000,-0.600000,0.525516
173,-1.579378,-0.020860,-3.781523,0.534570,0.006837,-3.065368,0.260000,0.180000,0.200000,0.200000,-0.600000,0.534570
174,-1.583707,-0.017723,-3.812177,0.543488,0.010684,-3.103102,0.260000,0.180000,0.180000,0.000000,-0.400000,0.543488
175,-1.588032,-0.014429,-3.843208,0.540622,0.016062,-3.086875,0.280000,0.180000,0.160000,0.000000,-0.600000,0.540622
176,-1.592265,-0.011062,-3.874077,0.535188,0.019865,-3.116310,0.280000,0.180000,0.140000,0.000000,-0.600000,0.535188
177,-1.596377,-0.007631,-3.905240,0.529618,0.023475,-3.138828,0.280000,0.180000,0.140000,0.000000,-0.600000,0.529618
178,-1.600365,-0.004138,-3.936628,0.523916,0.026867,-3.155277,0.300000,0.180000,0.140000,0.000000,-0.600000,0.523916
179,-1.604225,-0.000586,-3.968181,0.518090,0.030019,-3.166396,0.320000,0.180000,0.140000,0.000000,-0.600000,0.518090
180,-1.607955,0.003022,-3.999845,0.512148,0.032911,-3.172833,0.320000,0.180000,0.140000,0.000000,-0.600000,0.512148
181,-1.611553,0.006682,-4.031573,0.506100,0.035529,-3.175149,0.360000,0.180000,0.140000,0.000000,-0.600000,0.506100
182,-1.615014,0.010391,-4.063325,0.499957,0.037860,-3.173838,0.380000,0.180000,0.140000,0.000000,-0.600000,0.499957
183,-1.618338,0.014145,-4.095063,0.493731,0.039895,-3.169328,0.400000,0.200000,0.140000,0.000000,-0.600000,0.493731
184,-1.621521,0.017940,-4.126756,0.487433,0.041627,-3.161996,0.440000,0.200000,0.140000,0.000000,-0.600000,0.487433
185,-1.624562,0.021772,-4.158376,0.481076,0.043050,-3.152171,0.500000,0.200000,0.140000,0.000000,-0.600000,0.481076
186,-1.627459,0.025637,-4.189898,0.474672,0.044162,-3.140143,0.580000,0.200000,0.140000,0.000000,-0.600000,0.474672
187,-1.630211,0.029530,-4.221300,0.468234,0.044960,-3.126170,0.680000,0.220000,0.140000,0.000000,-0.400000,0.468234
188,-1.632815,0.033447,-4.252561,0.464021,0.046212,-3.077693,0.700000,0.220000,0.140000,0.000000,-0.400000,0.464021
189,-1.635289,0.037400,-4.283338,0.459768,0.047032,-3.030934,0.700000,0.240000,0.140000,0.000000,-0.400000,0.459768
190,-1.637629,0.041385,-4.313648,0.455491,0.047449,-2.985642,1.000000,0.240000,0.140000,0.000000,-0.400000,0.455491
191,-1.639835,0.045399,-4.343504,0.451210,0.047491,-2.941608,1.000000,0.260000,0.140000,0.000000,-0.400000,0.451210
192,-1.641905,0.049436,-4.372920,0.446937,0.047182,-2.898657,1.000000,0.260000,0.140000,0.000000,-0.400000,0.446937
193,-1.643838,0.053493,-4.401907,0.442689,0.046546,-2.856645,1.000000,0.280000,0.140000,0.000000,-0.400000,0.442689
194,-1.645634,0.057566,-4.430473,0.438476,0.045607,-2.815455,1.000000,0.320000,0.160000,0.000000,-0.400000,0.438476
195,-1.647292,0.061651,-4.458628,0.434309,0.044387,-2.774995,1.000000,0.340000,0.160000,0.000000,-0.400000,0.434309
196,-1.648812,0.065743,-4.486378,0.430200,0.042906,-2.735196,1.000000,0.380000,0.160000,0.000000,-0.400000,0.430200
197,-1.650194,0.069840,-4.513730,0.426157,0.041187,-2.696012,1.000000,0.420000,0.160000,0.000000,-0.400000,0.426157
198,-1.651439,0.073936,-4.540690,0.422188,0.039250,-2.657415,1.000000,0.480000,0.160000,0.000000,-0.400000,0.422188
199,-1.652547,0.078029,-4.567264,0.418301,0.037116,-2.619404,1.000000,0.540000,0.180000,0.000000,-0.400000,0.418301
200,-1.653519,0.082115,-4.593458,0.414501,0.034806,-2.581993,1.000000,0.660000,0.180000,0.000000,-0.600000,0.414501
201,-1.654356,0.086189,-4.619278,0.408549,0.031583,-2.577693,1.000000,0.660000,0.180000,0.000000,-0.600000,0.408549
202,-1.655051,0.090227,-4.645055,0.402709,0.028266,-2.573565,1.000000,0.660000,0.200000,0.200000,-0.600000,0.402709
203,-1.655604,0.094226,-4.670790,0.410986,0.024869,-2.569696,1.000000,0.860000,0.200000,0.200000,-0.600000,0.410986
204,-1.656023,0.098322,-4.696487,0.419369,0.021845,-2.571896,1.000000,1.000000,0.220000,0.200000,-0.600000,0.419369
205,-1.656308,0.102512,-4.722206,0.427845,0.019209,-2.579918,1.000000,1.000000,0.240000,0.200000,-0.600000,0.427845
206,-1.656458,0.106792,-4.748005,0.436401,0.016976,-2.593360,0.980000,1.000000,0.260000,0.200000,-0.600000,0.436401
207,-1.656472,0.111159,-4.773939,0.445023,0.015156,-2.611696,0.920000,1.000000,0.280000,0.200000,-0.400000,0.445023
208,-1.656350,0.115611,-4.800056,0.456040,0.014854,-2.587307,0.780000,1.000000,0.300000,0.200000,-0.400000,0.456040
209,-1.656099,0.120166,-4.825929,0.467042,0.014784,-2.571032,0.740000,1.000000,0.340000,0.200000,-0.400000,0.467042
210,-1.655716,0.124824,-4.851639,0.478024,0.014963,-2.561898,0.700000,1.000000,0.380000,0.200000,-0.400000,0.478024
211,-1.655201,0.129578,-4.877258,0.488979,0.015409,-2.558978,0.660000,1.000000,0.420000,0.200000,-0.400000,0.488979
212,-1.654550,0.134427,-4.902848,0.499900,0.016132,-2.561400,0.640000,1.000000,0.500000,0.000000,-0.400000,0.499900
213,-1.653763,0.139366,-4.928462,0.496778,0.017140,-2.568360,0.620000,1.000000,0.600000,0.000000,-0.400000,0.496778
214,-1.652865,0.144255,-4.954146,0.493625,0.018030,-2.572833,0.580000,1.000000,0.620000,0.000000,-0.400000,0.493625
215,-1.651858,0.149091,-4.979874,0.490444,0.018795,-2.575102,0.560000,1.000000,0.620000,0.000000,-0.400000,0.490444
216,-1.650743,0.153871,-5.005625,0.487240,0.019433,-2.575415,0.540000,1.000000,0.720000,0.000000,-0.400000,0.487240
217,-1.649521,0.158591,-5.031379,0.484016,0.019940,-2.573989,0.520000,1.000000,1.000000,0.000000,-0.400000,0.484016
218,-1.648192,0.163250,-5.057119,0.480778,0.020317,-2.571019,0.500000,1.000000,1.000000,0.000000,-0.400000,0.480778
219,-1.646759,0.167843,-5.082829,0.477529,0.020562,-2.566676,0.500000,1.000000,1.000000,0.000000,-0.400000,0.477529
220,-1.645222,0.172369,-5.108496,0.474276,0.020679,-2.561113,0.480000,0.940000,1.000000,0.200000,-0.600000,0.474276
221,-1.643582,0.176825,-5.134107,0.482738,0.019774,-2.592683,0.460000,0.880000,1.000000,0.200000,-0.600000,0.482738
222,-1.641787,0.181310,-5.160034,0.491223,0.019300,-2.626486,0.440000,0.740000,1.000000,0.200000,-0.600000,0.491223
223,-1.639835,0.185822,-5.186299,0.499715,0.019253,-2.661897,0.440000,0.700000,1.000000,0.200000,-0.400000,0.499715
224,-1.637725,0.190356,-5.212918,0.510493,0.020548,-2.659030,0.420000,0.660000,1.000000,0.200000,-0.400000,0.510493
225,-1.635456,0.194933,-5.239508,0.521207,0.022080,-2.660686,0.420000,0.620000,1.000000,0.200000,-0.400000,0.521207
226,-1.633025,0.199549,-5.266115,0.531851,0.023861,-2.666161,0.400000,0.600000,1.000000,0.200000,-0.400000,0.531851
227,-1.630431,0.204198,-5.292777,0.542417,0.025897,-2.674823,0.380000,0.560000,1.000000,0.200000,-0.400000,0.542417
228,-1.627673,0.208876,-5.319525,0.552899,0.028195,-2.686112,0.380000,0.540000,1.000000,0.200000,-0.600000,0.552899
229,-1.624750,0.213578,-5.346386,0.561058,0.030051,-2.729725,0.380000,0.520000,1.000000,0.200000,-0.600000,0.561058
230,-1.621669,0.218276,-5.373683,0.569145,0.032318,-2.771652,0.360000,0.500000,1.000000,0.200000,-0.600000,0.569145
231,-1.618429,0.222966,-5.401400,0.577148,0.034981,-2.811635,0.360000,0.480000,1.000000,0.200000,-0.600000,0.577148
232,-1.615029,0.227644,-5.429516,0.585052,0.038024,-2.849470,0.340000,0.460000,0.940000,0.200000,-0.600000,0.585052
233,-1.611471,0.232303,-5.458011,0.592844,0.041430,-2.885001,0.340000,0.440000,0.860000,0.200000,-0.600000,0.592844
234,-1.607753,0.236940,-5.486861,0.600509,0.045182,-2.918116,0.320000,0.420000,0.700000,0.200000,-0.600000,0.600509
235,-1.603876,0.241548,-5.516042,0.608036,0.049264,-2.948740,0.320000,0.400000,0.660000,0.200000,-0.600000,0.608036
236,-1.599841,0.246123,-5.545529,0.615413,0.053658,-2.976830,0.320000,0.380000,0.620000,0.200000,-0.600000,0.615413
237,-1.595648,0.250659,-5.575298,0.622628,0.058345,-3.002369,0.300000,0.380000,0.580000,0.200000,-0.600000,0.622628
238,-1.591297,0.255151,-5.605321,0.629671,0.063309,-3.025365,0.300000,0.360000,0.540000,0.000000,-0.600000,0.629671
239,-1.586789,0.259593,-5.635575,0.622534,0.068531,-3.045845,0.300000,0.340000,0.500000,0.000000,-0.600000,0.622534
240,-1.582238,0.263895,-5.666033,0.615209,0.073505,-3.060617,0.280000,0.340000,0.480000,0.000000,-0.400000,0.615209
241,-1.577646,0.268055,-5.696640,0.609815,0.078468,-3.058925,0.280000,0.320000,0.460000,0.000000,-0.400000,0.609815
242,-1.573001,0.272083,-5.727229,0.604241,0.083086,-3.055377,0.280000,0.320000,0.420000,0.000000,-0.400000,0.604241
243,-1.568307,0.275978,-5.757783,0.598502,0.087358,-3.050236,0.260000,0.300000,0.400000,0.000000,-0.400000,0.598502
244,-1.563568,0.279736,-5.788285,0.592612,0.091284,-3.043719,0.260000,0.300000,0.380000,0.000000,-0.400000,0.592612
245,-1.558786,0.283354,-5.818722,0.586586,0.094865,-3.036005,0.260000,0.280000,0.360000,0.000000,-0.400000,0.586586
246,-1.553967,0.286829,-5.849082,0.580438,0.098103,-3.027246,0.260000,0.280000,0.360000,0.000000,-0.400000,0.580438
247,-1.549113,0.290161,-5.879355,0.574182,0.100998,-3.017563,0.240000,0.280000,0.340000,0.000000,-0.400000,0.574182
248,-1.544230,0.293346,-5.909530,0.567831,0.103555,-3.007058,0.240000,0.260000,0.320000,0.000000,-0.400000,0.567831
249,-1.539322,0.296382,-5.939601,0.561398,0.105775,-2.995816,0.240000,0.260000,0.320000,0.000000,-0.400000,0.561398
250,-1.534392,0.299269,-5.969559,0.554898,0.107662,-2.983902,0.240000,0.240000,0.300000,0.000000,-0.400000,0.554898
251,-1.529446,0.302005,-5.999398,0.548341,0.109221,-2.971371,0.240000,0.240000,0.280000,0.000000,-0.400000,0.548341
252,-1.524488,0.304589,-6.029112,0.541742,0.110455,-2.958263,0.240000,0.240000,0.280000,0.000000,-0.400000,0.541742
253,-1.519522,0.307020,-6.058694,0.535112,0.111368,-2.944611,0.220000,0.240000,0.260000,0.000000,-0.400000,0.535112
254,-1.514553,0.309297,-6.088141,0.528462,0.111965,-2.930436,0.220000,0.220000,0.260000,0.000000,-0.400000,0.528462
255,-1.509586,0.311420,-6.117445,0.521804,0.112252,-2.915753,0.220000,0.220000,0.240000,0.000000,-0.400000,0.521804
256,-1.504624,0.313388,-6.146602,0.515150,0.112233,-2.900568,0.220000,0.220000,0.240000,0.000000,-0.400000,0.515150
257,-1.499674,0.315201,-6.175608,0.508511,0.111914,-2.884882,0.220000,0.220000,0.240000,0.000000,-0.400000,0.508511
258,-1.494738,0.316860,-6.204457,0.501896,0.111302,-2.868690,0.220000,0.200000,0.220000,0.000000,-0.400000,0.501896
259,-1.489822,0.318364,-6.233144,0.495316,0.110401,-2.851981,0.220000,0.200000,0.220000,0.000000,-0.400000,0.495316
260,-1.484930,0.319714,-6.261664,0.488781,0.109220,-2.834739,0.200000,0.200000,0.220000,0.000000,-0.400000,0.488781
261,-1.480067,0.320911,-6.290011,0.482301,0.107763,-2.816944,0.200000,0.200000,0.200000,0.000000,-0.400000,0.482301
262,-1.475237,0.321956,-6.318181,0.475885,0.106039,-2.798571,0.200000,0.200000,0.200000,0.000000,-0.400000,0.475885
263,-1.470444,0.322849,-6.346166,0.469543,0.104055,-2.779593,0.200000,0.180000,0.200000,0.000000,-0.400000,0.469543
264,-1.465692,0.323592,-6.373962,0.463282,0.101819,-2.759977,0.200000,0.180000,0.180000,0.000000,-0.400000,0.463282
265,-1.460986,0.324186,-6.401562,0.457112,0.099338,-2.739691,0.200000,0.180000,0.180000,0.000000,-0.400000,0.457112
266,-1.456330,0.324633,-6.428959,0.451040,0.096622,-2.718697,0.200000,0.180000,0.180000,0.000000,-0.400000,0.451040
267,-1.451727,0.324934,-6.456146,0.445075,0.093680,-2.696957,0.200000,0.180000,0.180000,0.000000,-0.400000,0.445075
268,-1.447181,0.325091,-6.483115,0.439223,0.090520,-2.674432,0.200000,0.180000,0.160000,0.000000,-0.400000,0.439223
269,-1.442697,0.325105,-6.509860,0.433493,0.087154,-2.651086,0.200000,0.160000,0.160000,0.000000,-0.400000,0.433493
270,-1.438277,0.324980,-6.536371,0.427891,0.083592,-2.626880,0.200000,0.160000,0.160000,0.000000,-0.400000,0.427891
271,-1.433925,0.324718,-6.562639,0.422423,0.079846,-2.601782,0.200000,0.160000,0.160000,0.000000,-0.400000,0.422423
272,-1.429644,0.324320,-6.588657,0.417095,0.075928,-2.575765,0.200000,0.160000,0.160000,0.000000,-0.400000,0.417095
273,-1.425438,0.323790,-6.614415,0.411914,0.071851,-2.548811,0.200000,0.160000,0.160000,0.000000,-0.400000,0.411914
274,-1.421309,0.323130,-6.639903,0.406885,0.067629,-2.520912,0.200000,0.160000,0.140000,0.000000,-0.400000,0.406885
275,-1.417260,0.322343,-6.665112,0.402012,0.063278,-2.492075,0.180000,0.160000,0.140000,0.000000,-0.600000,0.402012
276,-1.413294,0.321432,-6.690033,0.395197,0.058560,-2.473143,0.180000,0.160000,0.140000,0.000000,-0.400000,0.395197
277,-1.409433,0.320405,-6.714764,0.390655,0.053993,-2.441270,0.180000,0.160000,0.140000,0.000000,-0.400000,0.390655
278,-1.405659,0.319262,-6.739177,0.386283,0.049345,-2.408600,0.180000,0.140000,0.140000,0.000000,-0.600000,0.386283
279,-1.401973,0.318004,-6.763263,0.379927,0.044196,-2.394164,0.180000,0.140000,0.140000,0.000000,-0.600000,0.379927
280,-1.398400,0.316641,-6.787205,0.373734,0.038953,-2.380894,0.200000,0.140000,0.140000,0.000000,-0.400000,0.373734
281,-1.394939,0.315177,-6.811014,0.369921,0.034278,-2.341817,0.200000,0.140000,0.120000,0.000000,-0.400000,0.369921
282,-1.391570,0.313610,-6.834432,0.366284,0.029596,-2.302737,0.200000,0.140000,0.120000,0.000000,-0.400000,0.366284
283,-1.388295,0.311944,-6.857459,0.362824,0.024936,-2.263984,0.200000,0.140000,0.120000,0.000000,-0.600000,0.362824
284,-1.385113,0.310182,-6.880099,0.357257,0.019441,-2.263872,0.200000,0.140000,0.120000,0.000000,-0.600000,0.357257
285,-1.382049,0.308335,-6.902738,0.351871,0.014022,-2.266067,0.200000,0.140000,0.120000,0.000000,-0.400000,0.351871
286,-1.379103,0.306406,-6.925398,0.349039,0.009909,-2.219295,0.200000,0.140000,0.120000,0.000000,-0.400000,0.349039
287,-1.376249,0.304395,-6.947591,0.346364,0.005885,-2.175245,0.200000,0.140000,0.120000,0.000000,-0.400000,0.346364
288,-1.373486,0.302305,-6.969344,0.343841,0.001986,-2.134376,0.200000,0.140000,0.120000,0.000000,-0.400000,0.343841
289,-1.370813,0.300142,-6.990687,0.341468,-0.001756,-2.097092,0.200000,0.140000,0.120000,0.200000,-0.600000,0.341468
290,-1.368229,0.297910,-7.011658,0.350767,-0.006883,-2.130973,0.180000,0.140000,0.120000,0.000000,-0.600000,0.350767
291,-1.365658,0.295523,-7.032968,0.346230,-0.011319,-2.175829,0.180000,0.140000,0.120000,0.000000,-0.600000,0.346230
292,-1.363201,0.293081,-7.054726,0.341884,-0.015447,-2.220749,0.180000,0.140000,0.100000,0.000000,-0.600000,0.341884
293,-1.360858,0.290586,-7.076934,0.337730,-0.019268,-2.265015,0.180000,0.140000,0.100000,0.000000,-0.600000,0.337730
294,-1.358627,0.288043,-7.099584,0.333767,-0.022789,-2.307949,0.180000,0.140000,0.100000,0.000000,-0.600000,0.333767
295,-1.356507,0.285455,-7.122664,0.329997,-0.026017,-2.348942,0.160000,0.140000,0.100000,0.000000,-0.600000,0.329997
296,-1.354497,0.282825,-7.146153,0.326414,-0.028964,-2.387477,0.160000,0.140000,0.100000,0.000000,-0.600000,0.326414
297,-1.352595,0.280157,-7.170028,0.323016,-0.031645,-2.423147,0.160000,0.140000,0.100000,0.000000,-0.600000,0.323016
298,-1.350799,0.277453,-7.194259,0.319796,-0.034074,-2.455657,0.160000,0.140000,0.100000,0.000000,-0.600000,0.319796
299,-1.349108,0.274717,-7.218816,0.316747,-0.036268,-2.484828,0.160000,0.140000,0.100000,0.000000,-0.600000,0.316747
300,-1.347521,0.271953,-7.243664,0.313861,-0.038245,-2.510587,0.160000,0.140000,0.100000,0.000000,-0.600000,0.313861
301,-1.346036,0.269161,-7.268770,0.311129,-0.040023,-2.532955,0.160000,0.140000,0.100000,0.000000,-0.600000,0.311129
302,-1.344651,0.266347,-7.294099,0.308541,-0.041619,-2.552029,0.180000,0.160000,0.100000,0.000000,-0.600000,0.308541
303,-1.343365,0.263511,-7.319620,0.306087,-0.043050,-2.567971,0.200000,0.160000,0.100000,0.200000,-0.600000,0.306087
304,-1.342176,0.260658,-7.345299,0.317758,-0.044333,-2.580983,0.220000,0.160000,0.100000,0.200000,-0.600000,0.317758
305,-1.341016,0.257667,-7.371109,0.329389,-0.045204,-2.607940,0.260000,0.160000,0.100000,0.200000,-0.600000,0.329389
306,-1.339887,0.254540,-7.397189,0.340983,-0.045677,-2.644746,0.300000,0.140000,0.100000,0.200000,-0.600000,0.340983
307,-1.338793,0.251278,-7.423636,0.352538,-0.045768,-2.688237,0.400000,0.140000,0.120000,0.200000,-0.600000,0.352538
308,-1.337738,0.247883,-7.450518,0.364051,-0.045490,-2.736015,0.400000,0.140000,0.120000,0.200000,-0.600000,0.364051
309,-1.336727,0.244356,-7.477879,0.375512,-0.044854,-2.786279,0.400000,0.140000,0.120000,0.200000,-0.600000,0.375512
310,-1.335765,0.240699,-7.505741,0.386914,-0.043869,-2.837686,0.400000,0.120000,0.120000,0.200000,-0.600000,0.386914
311,-1.334857,0.236912,-7.534118,0.398246,-0.042543,-2.889229,0.400000,0.120000,0.120000,0.200000,-0.600000,0.398246
312,-1.334009,0.232998,-7.563011,0.409496,-0.040880,-2.940155,0.680000,0.120000,0.120000,0.000000,-0.600000,0.409496
313,-1.333226,0.228958,-7.592412,0.406653,-0.038888,-2.989902,1.000000,0.120000,0.120000,0.000000,-0.600000,0.406653
314,-1.332550,0.224929,-7.622311,0.403776,-0.036997,-3.028185,1.000000,0.120000,0.120000,0.000000,-0.600000,0.403776
315,-1.331983,0.220914,-7.652593,0.400859,-0.035230,-3.056870,1.000000,0.140000,0.120000,0.000000,-0.600000,0.400859
316,-1.331526,0.216916,-7.683162,0.397898,-0.033603,-3.077502,1.000000,0.160000,0.120000,0.000000,-0.600000,0.397898
317,-1.331181,0.212938,-7.713937,0.394893,-0.032129,-3.091365,1.000000,0.180000,0.120000,0.000000,-0.600000,0.394893
318,-1.330948,0.208983,-7.744850,0.391844,-0.030817,-3.099526,1.000000,0.240000,0.100000,0.000000,-0.600000,0.391844
319,-1.330827,0.205054,-7.775846,0.388755,-0.029672,-3.102882,1.000000,0.320000,0.100000,0.000000,-0.600000,0.388755
320,-1.330820,0.201155,-7.806874,0.385630,-0.028699,-3.102184,1.000000,0.380000,0.100000,0.200000,-0.600000,0.385630
321,-1.330925,0.197290,-7.837896,0.396475,-0.027897,-3.098071,1.000000,0.360000,0.100000,0.000000,-0.600000,0.396475
322,-1.331140,0.193321,-7.868877,0.393219,-0.026819,-3.101638,1.000000,0.360000,0.080000,0.200000,-0.800000,0.393219
323,-1.331467,0.189393,-7.899893,0.401607,-0.026151,-3.111578,1.000000,0.640000,0.100000,0.200000,-0.600000,0.401607
324,-1.331912,0.185394,-7.931009,0.412252,-0.024985,-3.115470,1.000000,0.640000,0.100000,0.200000,-0.600000,0.412252
325,-1.332478,0.181302,-7.962164,0.422797,-0.023534,-3.124945,1.000000,1.000000,0.120000,0.000000,-0.600000,0.422797
326,-1.333169,0.177125,-7.993413,0.419237,-0.021793,-3.138677,0.900000,1.000000,0.140000,0.000000,-0.600000,0.419237
327,-1.333967,0.173003,-8.024800,0.415621,-0.020234,-3.146921,0.840000,1.000000,0.160000,0.000000,-0.600000,0.415621
328,-1.334873,0.168942,-8.056269,0.411952,-0.018865,-3.150468,0.800000,1.000000,0.200000,0.200000,-0.600000,0.411952
329,-1.335886,0.164944,-8.087774,0.422237,-0.017691,-3.149989,0.760000,1.000000,0.260000,0.200000,-0.600000,0.422237
330,-1.337036,0.160878,-8.119274,0.432429,-0.016238,-3.154773,0.720000,1.000000,0.340000,0.200000,-0.600000,0.432429
331,-1.338326,0.156747,-8.150822,0.442523,-0.014503,-3.163691,0.700000,1.000000,0.340000,0.200000,-0.600000,0.442523
332,-1.339760,0.152558,-8.182458,0.452513,-0.012482,-3.175765,0.660000,1.000000,0.340000,0.200000,-0.600000,0.452513
333,-1.341338,0.148315,-8.214216,0.462391,-0.010174,-3.190155,0.640000,1.000000,0.320000,0.200000,-0.600000,0.462391
334,-1.343063,0.144024,-8.246118,0.472151,-0.007581,-3.206140,0.620000,1.000000,0.600000,0.200000,-0.600000,0.472151
335,-1.344937,0.139690,-8.278179,0.481783,-0.004705,-3.223110,0.580000,1.000000,1.000000,0.000000,-0.600000,0.481783
336,-1.346963,0.135318,-8.310410,0.477279,-0.001549,-3.240552,0.560000,1.000000,1.000000,0.000000,-0.600000,0.477279
337,-1.349080,0.131041,-8.342816,0.472657,0.001371,-3.251820,0.540000,0.860000,1.000000,0.200000,-0.600000,0.472657
338,-1.351288,0.126861,-8.375334,0.481925,0.004042,-3.257763,0.540000,0.820000,1.000000,0.000000,-0.600000,0.481925
339,-1.353653,0.122662,-8.407912,0.477064,0.006962,-3.265185,0.520000,0.760000,1.000000,0.000000,-0.600000,0.477064
340,-1.356103,0.118568,-8.440563,0.472092,0.009616,-3.267788,0.500000,0.720000,1.000000,0.000000,-0.400000,0.472092
341,-1.358636,0.114583,-8.473241,0.469481,0.013534,-3.200270,0.440000,0.680000,1.000000,0.000000,-0.400000,0.469481
342,-1.361251,0.110682,-8.505244,0.466671,0.016799,-3.138001,0.420000,0.660000,1.000000,0.000000,-0.400000,0.466671
343,-1.363947,0.106869,-8.536624,0.463700,0.019477,-3.080115,0.420000,0.620000,1.000000,0.000000,-0.400000,0.463700
344,-1.366721,0.103148,-8.567425,0.460602,0.021626,-3.025926,0.400000,0.600000,1.000000,0.000000,-0.400000,0.460602
345,-1.369571,0.099524,-8.597684,0.457404,0.023295,-2.974889,0.400000,0.580000,1.000000,0.000000,-0.400000,0.457404
346,-1.372497,0.096000,-8.627433,0.454132,0.024528,-2.926562,0.380000,0.560000,1.000000,0.000000,-0.400000,0.454132
347,-1.375494,0.092579,-8.656699,0.450806,0.025363,-2.880592,0.380000,0.540000,0.960000,0.000000,-0.400000,0.450806
348,-1.378560,0.089264,-8.685505,0.447445,0.025834,-2.836693,0.380000,0.520000,0.820000,0.000000,-0.400000,0.447445
349,-1.381692,0.086059,-8.713872,0.444065,0.025973,-2.794632,0.360000,0.500000,0.780000,0.000000,-0.400000,0.444065
350,-1.384888,0.082964,-8.741818,0.440679,0.025809,-2.754224,0.360000,0.480000,0.740000,0.000000,-0.400000,0.440679
351,-1.388143,0.079983,-8.769360,0.437301,0.025369,-2.715323,0.360000,0.480000,0.700000,0.000000,-0.400000,0.437301
352,-1.391456,0.077117,-8.796514,0.433942,0.024679,-2.677815,0.360000,0.460000,0.660000,0.000000,-0.400000,0.433942
353,-1.394821,0.074367,-8.823292,0.430611,0.023762,-2.641613,0.340000,0.460000,0.640000,0.000000,-0.400000,0.430611
354,-1.398237,0.071734,-8.849708,0.427318,0.022642,-2.606654,0.340000,0.440000,0.600000,0.000000,-0.600000,0.427318
355,-1.401700,0.069220,-8.875774,0.421758,0.020352,-2.615168,0.340000,0.380000,0.580000,0.200000,-0.600000,0.421758
356,-1.405192,0.066845,-8.901926,0.430284,0.018009,-2.622881,0.340000,0.380000,0.560000,0.200000,-0.600000,0.430284
357,-1.408830,0.064541,-8.928155,0.438880,0.016060,-2.635797,0.320000,0.360000,0.540000,0.200000,-0.600000,0.438880
358,-1.412612,0.062308,-8.954513,0.447533,0.014515,-2.653375,0.320000,0.360000,0.520000,0.000000,-0.600000,0.447533
359,-1.416536,0.060151,-8.981047,0.442231,0.013378,-2.674999,0.320000,0.340000,0.500000,0.000000,-0.600000,0.442231
360,-1.420472,0.058132,-9.007797,0.436977,0.012201,-2.694141,0.320000,0.340000,0.480000,0.000000,-0.400000,0.436977
361,-1.424418,0.056250,-9.034738,0.434154,0.012217,-2.657935,0.320000,0.340000,0.480000,0.000000,-0.400000,0.434154
362,-1.428387,0.054487,-9.061317,0.431326,0.011994,-2.623499,0.300000,0.320000,0.460000,0.000000,-0.400000,0.431326
363,-1.432376,0.052841,-9.087552,0.428502,0.011558,-2.590705,0.260000,0.320000,0.440000,0.000000,-0.400000,0.428502
364,-1.436381,0.051314,-9.113459,0.425692,0.010932,-2.559451,0.260000,0.320000,0.420000,0.000000,-0.400000,0.425692
365,-1.440400,0.049906,-9.139054,0.422905,0.010140,-2.529657,0.260000,0.300000,0.420000,0.000000,-0.400000,0.422905
366,-1.444429,0.048617,-9.164350,0.420146,0.009202,-2.501259,0.260000,0.300000,0.400000,0.000000,-0.400000,0.420146
367,-1.448465,0.047446,-9.189363,0.417421,0.008138,-2.474209,0.260000,0.300000,0.340000,0.000000,-0.400000,0.417421
368,-1.452505,0.046393,-9.214105,0.414737,0.006968,-2.448470,0.260000,0.300000,0.340000,0.000000,-0.600000,0.414737
369,-1.456546,0.045458,-9.238590,0.409707,0.004435,-2.478506,0.240000,0.280000,0.320000,0.000000,-0.600000,0.409707
370,-1.460565,0.044656,-9.263375,0.404777,0.001978,-2.506948,0.240000,0.280000,0.320000,0.000000,-0.600000,0.404777
371,-1.464557,0.043986,-9.288444,0.399949,-0.000408,-2.533732,0.240000,0.280000,0.320000,0.200000,-0.600000,0.399949
372,-1.468519,0.043446,-9.313782,0.409224,-0.002725,-2.558808,0.240000,0.280000,0.300000,0.200000,-0.600000,0.409224
373,-1.472590,0.043020,-9.339370,0.418572,-0.004549,-2.589630,0.240000,0.280000,0.300000,0.200000,-0.600000,0.418572
374,-1.476764,0.042709,-9.365266,0.427978,-0.005880,-2.625118,0.240000,0.260000,0.300000,0.200000,-0.600000,0.427978
375,-1.481040,0.042513,-9.391517,0.437425,-0.006726,-2.664198,0.240000,0.260000,0.280000,0.200000,-0.600000,0.437425
376,-1.485414,0.042434,-9.418159,0.446898,-0.007095,-2.705855,0.240000,0.260000,0.280000,0.200000,-0.400000,0.446898
377,-1.489883,0.042476,-9.445218,0.458877,-0.005336,-2.678038,0.240000,0.260000,0.280000,0.200000,-0.600000,0.458877
378,-1.494470,0.042623,-9.471998,0.468263,-0.005055,-2.726902,0.240000,0.220000,0.260000,0.200000,-0.600000,0.468263
379,-1.499145,0.042894,-9.499267,0.477639,-0.004309,-2.775707,0.240000,0.220000,0.260000,0.200000,-0.600000,0.477639
380,-1.503905,0.043293,-9.527024,0.486987,-0.003114,-2.823833,0.220000,0.200000,0.260000,0.200000,-0.600000,0.486987
381,-1.508746,0.043821,-9.555263,0.496290,-0.001483,-2.870766,0.220000,0.200000,0.240000,0.200000,-0.600000,0.496290
382,-1.513665,0.044481,-9.583970,0.505531,0.000567,-2.916091,0.220000,0.200000,0.240000,0.200000,-0.600000,0.505531
383,-1.518657,0.045277,-9.613131,0.514693,0.003022,-2.959479,0.220000,0.200000,0.240000,0.000000,-0.600000,0.514693
384,-1.523719,0.046211,-9.642726,0.509761,0.005864,-3.000675,0.220000,0.200000,0.240000,0.200000,-0.600000,0.509761
385,-1.528708,0.047256,-9.672733,0.518737,0.008592,-3.034080,0.220000,0.200000,0.220000,0.200000,-0.400000,0.518737
386,-1.533758,0.048446,-9.703073,0.529989,0.012928,-3.012066,0.220000,0.180000,0.220000,0.200000,-0.400000,0.529989
387,-1.538890,0.049778,-9.733194,0.541031,0.017263,-2.996365,0.220000,0.180000,0.220000,0.000000,-0.400000,0.541031
388,-1.544097,0.051255,-9.763158,0.537874,0.021635,-2.985797,0.220000,0.180000,0.220000,0.000000,-0.400000,0.537874
389,-1.549243,0.052837,-9.793016,0.534541,0.025617,-2.973589,0.220000,0.180000,0.180000,0.000000,-0.600000,0.534541
390,-1.554322,0.054522,-9.822752,0.528768,0.028325,-2.998399,0.220000,0.180000,0.160000,0.000000,-0.400000,0.528768
391,-1.559306,0.056310,-9.852736,0.525178,0.031734,-2.980293,0.220000,0.180000,0.160000,0.000000,-0.400000,0.525178
392,-1.564216,0.058201,-9.882539,0.521455,0.034765,-2.961572,0.220000,0.180000,0.160000,0.000000,-0.400000,0.521455
393,-1.569047,0.060194,-9.912154,0.517616,0.037434,-2.942345,0.220000,0.180000,0.160000,0.000000,-0.400000,0.517616
394,-1.573796,0.062287,-9.941578,0.513678,0.039755,-2.922693,0.220000,0.180000,0.160000,0.000000,-0.400000,0.513678
395,-1.578458,0.064479,-9.970805,0.509654,0.041741,-2.902681,0.220000,0.180000,0.140000,0.000000,-0.400000,0.509654
396,-1.583031,0.066769,-9.999831,0.505560,0.043406,-2.882358,0.240000,0.160000,0.140000,0.000000,-0.400000,0.505560
397,-1.587509,0.069155,-10.028655,0.501408,0.044762,-2.861760,0.240000,0.160000,0.140000,0.000000,-0.400000,0.501408
398,-1.591891,0.071633,-10.057273,0.497212,0.045821,-2.840917,0.240000,0.160000,0.140000,0.000000,-0.400000,0.497212
399,-1.596172,0.074203,-10.085682,0.492982,0.046596,-2.819852,0.240000,0.160000,0.140000,0.000000,-0.400000,0.492982
400,-1.600350,0.076861,-10.113880,0.488730,0.047096,-2.798580,0.240000,0.160000,0.140000,0.000000,-0.400000,0.488730
401,-1.604421,0.079605,-10.141866,0.484466,0.047335,-2.777118,0.260000,0.160000,0.140000,0.000000,-0.400000,0.484466
402,-1.608384,0.082433,-10.169637,0.480201,0.047323,-2.755476,0.260000,0.160000,0.140000,0.000000,-0.400000,0.480201
403,-1.612235,0.085340,-10.197192,0.475944,0.047072,-2.733667,0.260000,0.160000,0.140000,0.000000,-0.400000,0.475944
404,-1.615972,0.088324,-10.224529,0.471704,0.046592,-2.711700,0.280000,0.160000,0.120000,0.000000,-0.400000,0.471704
405,-1.619594,0.091382,-10.251646,0.467489,0.045895,-2.689588,0.280000,0.160000,0.120000,0.000000,-0.400000,0.467489
406,-1.623097,0.094511,-10.278542,0.463306,0.044993,-2.667345,0.300000,0.160000,0.120000,0.000000,-0.400000,0.463306
407,-1.626481,0.097708,-10.305215,0.459163,0.043897,-2.644985,0.300000,0.160000,0.120000,0.000000,-0.400000,0.459163
408,-1.629743,0.100969,-10.331665,0.455067,0.042618,-2.622528,0.320000,0.160000,0.120000,0.000000,-0.400000,0.455067
409,-1.632883,0.104290,-10.357890,0.451025,0.041170,-2.599997,0.340000,0.160000,0.120000,0.000000,-0.400000,0.451025
410,-1.635899,0.107669,-10.383890,0.447041,0.039564,-2.577419,0.360000,0.160000,0.120000,0.000000,-0.400000,0.447041
411,-1.638790,0.111102,-10.409664,0.443121,0.037812,-2.554826,0.380000,0.180000,0.120000,0.000000,-0.400000,0.443121
412,-1.641555,0.114585,-10.435213,0.439271,0.035928,-2.532257,0.420000,0.180000,0.120000,0.000000,-0.400000,0.439271
413,-1.644194,0.118115,-10.460535,0.435495,0.033924,-2.509753,0.460000,0.180000,0.120000,0.000000,-0.400000,0.435495
414,-1.646707,0.121688,-10.485633,0.431797,0.031814,-2.487367,0.520000,0.180000,0.120000,0.000000,-0.400000,0.431797
415,-1.649092,0.125301,-10.510506,0.428179,0.029612,-2.465153,0.600000,0.180000,0.120000,0.200000,-0.400000,0.428179
416,-1.651350,0.128951,-10.535158,0.438647,0.027331,-2.443174,0.640000,0.180000,0.120000,0.200000,-0.400000,0.438647
417,-1.653544,0.132759,-10.559590,0.449183,0.025385,-2.428052,0.620000,0.200000,0.120000,0.200000,-0.400000,0.449183
418,-1.655671,0.136724,-10.583870,0.459775,0.023787,-2.419457,0.620000,0.200000,0.120000,0.200000,-0.400000,0.459775
419,-1.657729,0.140842,-10.608065,0.470411,0.022546,-2.416934,0.880000,0.200000,0.120000,0.200000,-0.400000,0.470411
420,-1.659716,0.145112,-10.632234,0.481077,0.021668,-2.419935,1.000000,0.220000,0.120000,0.200000,-0.400000,0.481077
421,-1.661628,0.149532,-10.656433,0.491762,0.021159,-2.427857,1.000000,0.220000,0.120000,0.200000,-0.400000,0.491762
422,-1.663463,0.154099,-10.680712,0.502453,0.021019,-2.440071,1.000000,0.240000,0.120000,0.000000,-0.400000,0.502453
423,-1.665219,0.158811,-10.705113,0.499138,0.021248,-2.455954,1.000000,0.240000,0.120000,0.000000,-0.400000,0.499138
424,-1.666852,0.163533,-10.729672,0.495820,0.021444,-2.468973,1.000000,0.260000,0.120000,0.000000,-0.400000,0.495820
425,-1.668362,0.168260,-10.754362,0.492500,0.021593,-2.479381,1.000000,0.280000,0.120000,0.000000,-0.400000,0.492500
426,-1.669748,0.172991,-10.779156,0.489179,0.021685,-2.487410,1.000000,0.300000,0.120000,0.000000,-0.400000,0.489179
427,-1.671011,0.177722,-10.804030,0.485861,0.021714,-2.493275,1.000000,0.340000,0.140000,0.000000,-0.400000,0.485861
428,-1.672149,0.182451,-10.828963,0.482546,0.021671,-2.497173,1.000000,0.380000,0.140000,0.000000,-0.400000,0.482546
429,-1.673163,0.187174,-10.853934,0.479236,0.021553,-2.499284,1.000000,0.440000,0.140000,0.000000,-0.400000,0.479236
430,-1.674053,0.191887,-10.878927,0.475936,0.021355,-2.499777,1.000000,0.540000,0.140000,0.000000,-0.400000,0.475936
431,-1.674819,0.196590,-10.903925,0.472647,0.021075,-2.498803,1.000000,0.580000,0.160000,0.200000,-0.600000,0.472647
432,-1.675461,0.201277,-10.928913,0.481099,0.019855,-2.533179,1.000000,0.580000,0.160000,0.200000,-0.600000,0.481099
433,-1.675980,0.206064,-10.954245,0.489583,0.019084,-2.569973,1.000000,0.560000,0.160000,0.200000,-0.600000,0.489583
434,-1.676373,0.210948,-10.979945,0.498084,0.018760,-2.608516,1.000000,1.000000,0.180000,0.000000,-0.600000,0.498084
435,-1.676638,0.215925,-11.006030,0.492588,0.018878,-2.648171,1.000000,1.000000,0.180000,0.000000,-0.600000,0.492588
436,-1.676775,0.220853,-11.032511,0.487094,0.018983,-2.683218,1.000000,1.000000,0.200000,0.200000,-0.600000,0.487094
437,-1.676785,0.225727,-11.059344,0.495600,0.019053,-2.713966,0.960000,1.000000,0.220000,0.200000,-0.600000,0.495600
438,-1.676659,0.230685,-11.086483,0.504097,0.019525,-2.745949,0.900000,1.000000,0.240000,0.200000,-0.600000,0.504097
439,-1.676396,0.235723,-11.113943,0.512571,0.020394,-2.778642,0.860000,1.000000,0.260000,0.200000,-0.600000,0.512571
440,-1.675993,0.240837,-11.141729,0.521007,0.021651,-2.811567,0.720000,1.000000,0.300000,0.200000,-0.600000,0.521007
441,-1.675449,0.246023,-11.169845,0.529392,0.023289,-2.844299,0.700000,1.000000,0.360000,0.200000,-0.600000,0.529392
442,-1.674760,0.251277,-11.198288,0.537713,0.025297,-2.876464,0.660000,1.000000,0.420000,0.200000,-0.600000,0.537713
443,-1.673925,0.256595,-11.227053,0.545957,0.027664,-2.907743,0.620000,1.000000,0.520000,0.000000,-0.400000,0.545957
444,-1.672942,0.261973,-11.256130,0.542372,0.031196,-2.902938,0.600000,1.000000,0.520000,0.000000,-0.400000,0.542372
445,-1.671846,0.267294,-11.285159,0.538653,0.034415,-2.896184,0.580000,1.000000,0.520000,0.000000,-0.400000,0.538653
446,-1.670638,0.272554,-11.314121,0.534815,0.037325,-2.887770,0.560000,1.000000,0.780000,0.000000,-0.400000,0.534815
447,-1.669318,0.277750,-11.342999,0.530870,0.039934,-2.877934,0.540000,1.000000,0.980000,0.000000,-0.400000,0.530870
448,-1.667886,0.282878,-11.371778,0.526830,0.042246,-2.866869,0.520000,1.000000,1.000000,0.000000,-0.400000,0.526830
449,-1.666343,0.287933,-11.400447,0.522707,0.044268,-2.854736,0.500000,0.960000,1.000000,0.000000,-0.400000,0.522707
450,-1.664691,0.292912,-11.428994,0.518514,0.046006,-2.841667,0.480000,0.900000,1.000000,0.200000,-0.400000,0.518514
451,-1.662931,0.297811,-11.457411,0.528261,0.047467,-2.827771,0.460000,0.840000,1.000000,0.200000,-0.400000,0.528261
452,-1.661002,0.302751,-11.485689,0.537950,0.049114,-2.817728,0.460000,0.800000,1.000000,0.200000,-0.400000,0.537950
453,-1.658903,0.307729,-11.513866,0.547576,0.050955,-2.811115,0.440000,0.680000,1.000000,0.200000,-0.400000,0.547576
454,-1.656633,0.312738,-11.541977,0.557130,0.053001,-2.807534,0.420000,0.640000,1.000000,0.200000,-0.400000,0.557130
455,-1.654191,0.317773,-11.570052,0.566608,0.055258,-2.806615,0.420000,0.600000,1.000000,0.200000,-0.400000,0.566608
456,-1.651576,0.322830,-11.598119,0.576002,0.057733,-2.808013,0.400000,0.580000,1.000000,0.200000,-0.400000,0.576002
457,-1.648787,0.327903,-11.626199,0.585304,0.060430,-2.811412,0.400000,0.560000,1.000000,0.200000,-0.400000,0.585304
458,-1.645824,0.332987,-11.654313,0.594506,0.063352,-2.816520,0.380000,0.520000,1.000000,0.200000,-0.400000,0.594506
459,-1.642686,0.338075,-11.682478,0.603602,0.066502,-2.823070,0.380000,0.500000,1.000000,0.200000,-0.400000,0.603602
460,-1.639372,0.343164,-11.710709,0.612584,0.069881,-2.830821,0.360000,0.480000,1.000000,0.200000,-0.400000,0.612584
461,-1.635883,0.348248,-11.739017,0.621443,0.073490,-2.839553,0.360000,0.460000,1.000000,0.200000,-0.400000,0.621443
462,-1.632218,0.353320,-11.767412,0.630172,0.077328,-2.849069,0.340000,0.440000,0.860000,0.200000,-0.600000,0.630172
463,-1.628377,0.358375,-11.795903,0.636682,0.081220,-2.866687,0.340000,0.440000,0.800000,0.200000,-0.600000,0.636682
464,-1.624374,0.363392,-11.824570,0.643057,0.085349,-2.882807,0.340000,0.420000,0.740000,0.000000,-0.600000,0.643057
465,-1.620209,0.368366,-11.853398,0.635287,0.089704,-2.897383,0.320000,0.400000,0.620000,0.000000,-0.600000,0.635287
466,-1.615991,0.373200,-11.882372,0.627368,0.093804,-2.907510,0.320000,0.380000,0.580000,0.000000,-0.600000,0.627368
467,-1.611721,0.377891,-11.911447,0.619311,0.097627,-2.913653,0.320000,0.380000,0.540000,0.000000,-0.600000,0.619311
468,-1.607404,0.382438,-11.940584,0.611127,0.101151,-2.916229,0.300000,0.360000,0.520000,0.000000,-0.600000,0.611127
469,-1.603043,0.386837,-11.969746,0.602829,0.104359,-2.915613,0.300000,0.360000,0.500000,0.000000,-0.600000,0.602829
470,-1.598643,0.391087,-11.998902,0.594429,0.107237,-2.912141,0.300000,0.340000,0.460000,0.000000,-0.400000,0.594429
471,-1.594206,0.395187,-12.028023,0.587958,0.109723,-2.908254,0.300000,0.340000,0.440000,0.000000,-0.400000,0.587958
472,-1.589721,0.399143,-12.057106,0.581406,0.111916,-2.903285,0.280000,0.320000,0.420000,0.000000,-0.400000,0.581406
473,-1.585190,0.402955,-12.086139,0.574784,0.113816,-2.897333,0.280000,0.320000,0.400000,0.000000,-0.400000,0.574784
474,-1.580619,0.406620,-12.115112,0.568104,0.115421,-2.890486,0.280000,0.300000,0.380000,0.000000,-0.400000,0.568104
475,-1.576010,0.410136,-12.144017,0.561375,0.116734,-2.882815,0.280000,0.300000,0.380000,0.000000,-0.400000,0.561375
476,-1.571368,0.413502,-12.172845,0.554610,0.117755,-2.874380,0.260000,0.280000,0.360000,0.000000,-0.400000,0.554610
477,-1.566697,0.416716,-12.201589,0.547819,0.118487,-2.865230,0.260000,0.280000,0.340000,0.000000,-0.400000,0.547819
478,-1.562002,0.419777,-12.230241,0.541011,0.118930,-2.855403,0.260000,0.280000,0.340000,0.000000,-0.400000,0.541011
479,-1.557287,0.422685,-12.258795,0.534198,0.119089,-2.844931,0.260000,0.260000,0.320000,0.000000,-0.400000,0.534198
480,-1.552556,0.425437,-12.287245,0.527389,0.118965,-2.833835,0.260000,0.260000,0.300000,0.000000,-0.400000,0.527389
481,-1.547814,0.428033,-12.315583,0.520595,0.118564,-2.822132,0.240000,0.260000,0.300000,0.000000,-0.400000,0.520595
482,-1.543065,0.430474,-12.343804,0.513824,0.117889,-2.809829,0.240000,0.260000,0.280000,0.000000,-0.400000,0.513824
483,-1.538314,0.432758,-12.371902,0.507087,0.116943,-2.796930,0.240000,0.240000,0.280000,0.000000,-0.400000,0.507087
484,-1.533565,0.434885,-12.399872,0.500393,0.115733,-2.783433,0.240000,0.240000,0.280000,0.000000,-0.400000,0.500393
485,-1.528822,0.436856,-12.427706,0.493750,0.114262,-2.769328,0.240000,0.240000,0.260000,0.000000,-0.400000,0.493750
486,-1.524090,0.438670,-12.455399,0.487168,0.112538,-2.754604,0.240000,0.240000,0.260000,0.000000,-0.400000,0.487168
487,-1.519373,0.440328,-12.482945,0.480655,0.110565,-2.739244,0.240000,0.220000,0.240000,0.000000,-0.400000,0.480655
488,-1.514675,0.441830,-12.510338,0.474219,0.108349,-2.723227,0.240000,0.220000,0.240000,0.000000,-0.400000,0.474219
489,-1.510001,0.443178,-12.537570,0.467869,0.105899,-2.706528,0.220000,0.220000,0.240000,0.000000,-0.400000,0.467869
490,-1.505354,0.444371,-12.564635,0.461612,0.103220,-2.689119,0.220000,0.220000,0.220000,0.000000,-0.400000,0.461612
491,-1.500740,0.445411,-12.591527,0.455456,0.100321,-2.670970,0.220000,0.220000,0.220000,0.000000,-0.400000,0.455456
492,-1.496162,0.446300,-12.618236,0.449409,0.097209,-2.652048,0.220000,0.200000,0.220000,0.000000,-0.400000,0.449409
493,-1.491623,0.447037,-12.644757,0.443477,0.093894,-2.632321,0.220000,0.200000,0.220000,0.000000,-0.400000,0.443477
494,-1.487129,0.447626,-12.671080,0.437667,0.090385,-2.611753,0.220000,0.200000,0.200000,0.000000,-0.400000,0.437667
495,-1.482682,0.448068,-12.697198,0.431985,0.086692,-2.590314,0.220000,0.200000,0.200000,0.000000,-0.400000,0.431985
496,-1.478285,0.448364,-12.723101,0.426439,0.082825,-2.567971,0.220000,0.200000,0.200000,0.000000,-0.400000,0.426439
497,-1.473944,0.448516,-12.748780,0.421033,0.078796,-2.544701,0.220000,0.200000,0.200000,0.000000,-0.400000,0.421033
498,-1.469661,0.448527,-12.774227,0.415773,0.074617,-2.520484,0.220000,0.180000,0.180000,0.000000,-0.600000,0.415773
499,-1.465438,0.448399,-12.799432,0.408602,0.070190,-2.500109,0.220000,0.180000,0.180000,0.000000,-0.600000,0.408602
500,-1.461301,0.448138,-12.824433,0.401575,0.065556,-2.480112,0.220000,0.180000,0.180000,0.000000,-0.400000,0.401575
501,-1.457251,0.447747,-12.849234,0.396790,0.060947,-2.451375,0.220000,0.180000,0.180000,0.000000,-0.400000,0.396790
502,-1.453270,0.447225,-12.873748,0.392173,0.056246,-2.421701,0.220000,0.180000,0.180000,0.000000,-0.400000,0.392173
503,-1.449362,0.446575,-12.897965,0.387727,0.051470,-2.391160,0.220000,0.180000,0.160000,0.000000,-0.400000,0.387727
504,-1.445529,0.445799,-12.921877,0.383455,0.046641,-2.359860,0.220000,0.180000,0.160000,0.000000,-0.400000,0.383455
505,-1.441772,0.444902,-12.945475,0.379360,0.041781,-2.327950,0.220000,0.180000,0.160000,0.000000,-0.400000,0.379360
506,-1.438093,0.443886,-12.968755,0.375441,0.036912,-2.295622,0.220000,0.180000,0.160000,0.000000,-0.400000,0.375441
507,-1.434494,0.442755,-12.991711,0.371701,0.032060,-2.263117,0.220000,0.180000,0.160000,0.000000,-0.400000,0.371701
508,-1.430975,0.441514,-13.014342,0.368138,0.027251,-2.230723,0.220000,0.180000,0.160000,0.000000,-0.400000,0.368138
509,-1.427539,0.440165,-13.036650,0.364752,0.022513,-2.198774,0.220000,0.160000,0.160000,0.000000,-0.400000,0.364752
510,-1.424186,0.438713,-13.058637,0.361541,0.017874,-2.167638,0.220000,0.160000,0.160000,0.000000,-0.400000,0.361541
511,-1.420915,0.437161,-13.080314,0.358502,0.013363,-2.137707,0.220000,0.160000,0.140000,0.000000,-0.400000,0.358502
512,-1.417728,0.435515,-13.101691,0.355632,0.009008,-2.109373,0.220000,0.160000,0.140000,0.000000,-0.400000,0.355632
513,-1.414623,0.433779,-13.122784,0.352926,0.004836,-2.083007,0.220000,0.160000,0.140000,0.200000,-0.400000,0.352926
514,-1.411600,0.431956,-13.143615,0.364379,0.000870,-2.058929,0.220000,0.160000,0.140000,0.200000,-0.400000,0.364379
515,-1.408542,0.429974,-13.164204,0.375941,-0.002551,-2.048217,0.220000,0.160000,0.140000,0.200000,-0.400000,0.375941
516,-1.405449,0.427837,-13.184686,0.387595,-0.005425,-2.049664,0.220000,0.160000,0.140000,0.200000,-0.600000,0.387595
517,-1.402322,0.425546,-13.205183,0.396899,-0.009166,-2.121737,0.240000,0.160000,0.140000,0.200000,-0.600000,0.396899
518,-1.399191,0.423106,-13.226400,0.406330,-0.012212,-2.198521,0.240000,0.160000,0.140000,0.200000,-0.600000,0.406330
519,-1.396056,0.420519,-13.248385,0.415873,-0.014583,-2.278103,0.240000,0.160000,0.140000,0.200000,-0.600000,0.415873
520,-1.392919,0.417784,-13.271166,0.425509,-0.016306,-2.358815,0.240000,0.160000,0.140000,0.200000,-0.600000,0.425509
521,-1.389784,0.414903,-13.294754,0.435221,-0.017407,-2.439264,0.240000,0.160000,0.140000,0.200000,-0.600000,0.435221
522,-1.386652,0.411876,-13.319147,0.444987,-0.017913,-2.518335,0.260000,0.160000,0.120000,0.200000,-0.600000,0.444987
523,-1.383527,0.408703,-13.344330,0.454788,-0.017852,-2.595163,0.260000,0.160000,0.120000,0.200000,-0.600000,0.454788
524,-1.380412,0.405384,-13.370282,0.464603,-0.017249,-2.669101,0.260000,0.160000,0.120000,0.200000,-0.600000,0.464603
525,-1.377312,0.401919,-13.396973,0.474409,-0.016130,-2.739683,0.280000,0.160000,0.120000,0.200000,-0.600000,0.474409
526,-1.374232,0.398307,-13.424370,0.484185,-0.014518,-2.806587,0.260000,0.160000,0.120000,0.200000,-0.600000,0.484185
527,-1.371176,0.394549,-13.452436,0.493910,-0.012438,-2.869608,0.260000,0.160000,0.120000,0.200000,-0.600000,0.493910
528,-1.368148,0.390645,-13.481132,0.503564,-0.009910,-2.928630,0.260000,0.160000,0.120000,0.200000,-0.600000,0.503564
529,-1.365155,0.386594,-13.510418,0.513126,-0.006957,-2.983605,0.240000,0.160000,0.120000,0.200000,-0.400000,0.513126
530,-1.362202,0.382397,-13.540254,0.525047,-0.002036,-2.967759,0.240000,0.160000,0.120000,0.200000,-0.600000,0.525047
531,-1.359267,0.378043,-13.569932,0.534291,0.001427,-3.018483,0.240000,0.180000,0.120000,0.000000,-0.400000,0.534291
532,-1.356385,0.373545,-13.600117,0.531813,0.006622,-3.007767,0.260000,0.180000,0.120000,0.000000,-0.400000,0.531813
533,-1.353607,0.369009,-13.630194,0.529116,0.011362,-2.995034,0.280000,0.180000,0.120000,0.000000,-0.400000,0.529116
534,-1.350939,0.364439,-13.660145,0.526221,0.015671,-2.980717,0.320000,0.180000,0.120000,0.000000,-0.400000,0.526221
535,-1.348383,0.359836,-13.689952,0.523150,0.019569,-2.965146,0.400000,0.200000,0.120000,0.000000,-0.600000,0.523150
536,-1.345944,0.355203,-13.719603,0.517603,0.022058,-2.992002,0.500000,0.200000,0.120000,0.000000,-0.400000,0.517603
537,-1.343644,0.350562,-13.749523,0.514283,0.025385,-2.970516,0.500000,0.200000,0.120000,0.000000,-0.400000,0.514283
538,-1.341465,0.345896,-13.779228,0.510830,0.028322,-2.948763,0.480000,0.220000,0.120000,0.000000,-0.600000,0.510830
539,-1.339410,0.341211,-13.808716,0.504981,0.030002,-2.964647,0.760000,0.220000,0.120000,0.000000,-0.400000,0.504981
540,-1.337497,0.336528,-13.838362,0.501352,0.032372,-2.939025,0.760000,0.200000,0.120000,0.000000,-0.400000,0.501352
541,-1.335712,0.331832,-13.867753,0.497633,0.034379,-2.913591,1.000000,0.200000,0.120000,0.000000,-0.400000,0.497633
542,-1.334056,0.327127,-13.896889,0.493838,0.036042,-2.888332,1.000000,0.200000,0.140000,0.000000,-0.400000,0.493838
543,-1.332530,0.322416,-13.925772,0.489983,0.037378,-2.863231,1.000000,0.200000,0.140000,0.000000,-0.400000,0.489983
544,-1.331137,0.317703,-13.954404,0.486082,0.038404,-2.838272,1.000000,0.180000,0.140000,0.000000,-0.400000,0.486082
545,-1.329876,0.312993,-13.982787,0.482146,0.039135,-2.813442,1.000000,0.180000,0.140000,0.000000,-0.400000,0.482146
546,-1.328748,0.308289,-14.010921,0.478189,0.039586,-2.788726,1.000000,0.200000,0.140000,0.000000,-0.400000,0.478189
547,-1.327753,0.303595,-14.038809,0.474220,0.039772,-2.764114,1.000000,0.240000,0.160000,0.000000,-0.400000,0.474220
548,-1.326891,0.298915,-14.066450,0.470250,0.039706,-2.739597,1.000000,0.320000,0.160000,0.000000,-0.400000,0.470250
549,-1.326163,0.294253,-14.093846,0.466289,0.039404,-2.715171,1.000000,0.440000,0.160000,0.000000,-0.400000,0.466289
550,-1.325567,0.289611,-14.120997,0.462346,0.038877,-2.690835,1.000000,0.440000,0.180000,0.000000,-0.400000,0.462346
551,-1.325104,0.284995,-14.147906,0.458428,0.038140,-2.666591,1.000000,0.440000,0.160000,0.000000,-0.400000,0.458428
552,-1.324772,0.280406,-14.174572,0.454544,0.037205,-2.642446,1.000000,0.440000,0.160000,0.000000,-0.400000,0.454544
553,-1.324570,0.275850,-14.200996,0.450699,0.036088,-2.618413,1.000000,0.720000,0.160000,0.000000,-0.600000,0.450699
554,-1.324497,0.271329,-14.227180,0.444675,0.034105,-2.624213,1.000000,1.000000,0.160000,0.200000,-0.600000,0.444675
555,-1.324557,0.266870,-14.253422,0.452718,0.032020,-2.629107,0.940000,1.000000,0.140000,0.200000,-0.600000,0.452718
556,-1.324764,0.262336,-14.279714,0.460823,0.030280,-2.638223,0.900000,1.000000,0.140000,0.200000,-0.600000,0.460823
557,-1.325119,0.257732,-14.306096,0.468978,0.028897,-2.651192,0.860000,1.000000,0.140000,0.200000,-0.600000,0.468978
558,-1.325623,0.253060,-14.332608,0.477171,0.027876,-2.667584,0.820000,1.000000,0.140000,0.200000,-0.600000,0.477171
559,-1.326276,0.248325,-14.359284,0.485390,0.027223,-2.686930,0.780000,1.000000,0.180000,0.200000,-0.600000,0.485390
560,-1.327080,0.243531,-14.386153,0.493623,0.026940,-2.708741,0.760000,1.000000,0.220000,0.000000,-0.600000,0.493623
561,-1.328035,0.238680,-14.413240,0.487858,0.027028,-2.732526,0.720000,1.000000,0.320000,0.000000,-0.600000,0.487858
562,-1.329105,0.233913,-14.440565,0.482092,0.027026,-2.752906,0.700000,1.000000,0.400000,0.000000,-0.600000,0.482092
563,-1.330287,0.229231,-14.468095,0.476328,0.026921,-2.770142,0.680000,1.000000,0.400000,0.000000,-0.600000,0.476328
564,-1.331581,0.224639,-14.495796,0.470571,0.026703,-2.784482,0.640000,1.000000,0.380000,0.000000,-0.600000,0.470571
565,-1.332982,0.220139,-14.523641,0.464826,0.026362,-2.796162,0.620000,1.000000,0.660000,0.000000,-0.400000,0.464826
566,-1.334490,0.215734,-14.551602,0.461392,0.026824,-2.765450,0.600000,1.000000,0.660000,0.000000,-0.400000,0.461392
567,-1.336102,0.211403,-14.579257,0.457942,0.027014,-2.735506,0.580000,1.000000,1.000000,0.000000,-0.400000,0.457942
568,-1.337817,0.207148,-14.606612,0.454486,0.026949,-2.706272,0.580000,0.920000,1.000000,0.000000,-0.400000,0.454486
569,-1.339633,0.202973,-14.633675,0.451036,0.026650,-2.677700,0.560000,0.860000,1.000000,0.000000,-0.400000,0.451036
570,-1.341547,0.198880,-14.660452,0.447600,0.026133,-2.649757,0.480000,0.820000,1.000000,0.000000,-0.600000,0.447600
571,-1.343558,0.194872,-14.686949,0.441903,0.024522,-2.660742,0.480000,0.780000,1.000000,0.000000,-0.600000,0.441903
572,-1.345658,0.190977,-14.713557,0.436265,0.022830,-2.670299,0.460000,0.760000,1.000000,0.000000,-0.600000,0.436265
573,-1.347844,0.187194,-14.740260,0.430690,0.021057,-2.678532,0.460000,0.720000,1.000000,0.000000,-0.600000,0.430690
574,-1.350113,0.183528,-14.767045,0.425182,0.019204,-2.685544,0.440000,0.680000,1.000000,0.200000,-0.400000,0.425182
575,-1.352463,0.179979,-14.793900,0.436092,0.018390,-2.643680,0.440000,0.660000,1.000000,0.200000,-0.400000,0.436092
576,-1.354979,0.176413,-14.820337,0.447003,0.017764,-2.611347,0.420000,0.640000,1.000000,0.200000,-0.400000,0.447003
577,-1.357663,0.172834,-14.846451,0.457913,0.017354,-2.587653,0.420000,0.620000,1.000000,0.200000,-0.400000,0.457913
578,-1.360514,0.169246,-14.872327,0.468815,0.017182,-2.571707,0.400000,0.600000,1.000000,0.200000,-0.400000,0.468815
579,-1.363531,0.165653,-14.898044,0.479702,0.017268,-2.562634,0.400000,0.580000,1.000000,0.200000,-0.400000,0.479702
580,-1.366714,0.162060,-14.923671,0.490568,0.017625,-2.559583,0.400000,0.560000,1.000000,0.200000,-0.400000,0.490568
581,-1.370062,0.158470,-14.949266,0.501404,0.018263,-2.561746,0.380000,0.540000,0.860000,0.200000,-0.400000,0.501404
582,-1.373575,0.154888,-14.974884,0.512203,0.019191,-2.568364,0.380000,0.520000,0.820000,0.200000,-0.400000,0.512203
583,-1.377253,0.151318,-15.000568,0.522954,0.020415,-2.578737,0.380000,0.500000,0.780000,0.200000,-0.400000,0.522954
584,-1.381095,0.147765,-15.026355,0.533650,0.021937,-2.592226,0.360000,0.440000,0.740000,0.000000,-0.400000,0.533650
585,-1.385101,0.144232,-15.052277,0.530280,0.023761,-2.608255,0.360000,0.420000,0.700000,0.000000,-0.400000,0.530280
586,-1.389159,0.140811,-15.078360,0.526850,0.025465,-2.620780,0.360000,0.420000,0.680000,0.000000,-0.400000,0.526850
587,-1.393268,0.137502,-15.104568,0.523362,0.027038,-2.630199,0.340000,0.400000,0.640000,0.000000,-0.400000,0.523362
588,-1.397424,0.134310,-15.130870,0.519821,0.028470,-2.636861,0.340000,0.400000,0.620000,0.000000,-0.400000,0.519821
589,-1.401625,0.131235,-15.157238,0.516232,0.029754,-2.641074,0.300000,0.380000,0.580000,0.200000,-0.400000,0.516232
590,-1.405868,0.128280,-15.183649,0.526600,0.030884,-2.643106,0.280000,0.380000,0.560000,0.200000,-0.400000,0.526600
591,-1.410272,0.125377,-15.210080,0.536918,0.032284,-2.648593,0.280000,0.360000,0.540000,0.200000,-0.400000,0.536918
592,-1.414835,0.122529,-15.236566,0.547176,0.033959,-2.657025,0.280000,0.360000,0.520000,0.200000,-0.400000,0.547176
593,-1.419556,0.119741,-15.263136,0.557366,0.035914,-2.667930,0.280000,0.340000,0.500000,0.200000,-0.400000,0.557366
594,-1.424433,0.117019,-15.289815,0.567478,0.038149,-2.680879,0.280000,0.340000,0.480000,0.000000,-0.400000,0.567478
595,-1.429464,0.114366,-15.316624,0.563503,0.040666,-2.695484,0.260000,0.340000,0.460000,0.000000,-0.400000,0.563503
596,-1.434518,0.111841,-15.343579,0.559441,0.043027,-2.706830,0.260000,0.320000,0.440000,0.000000,-0.400000,0.559441
597,-1.439591,0.109445,-15.370647,0.555296,0.045219,-2.715283,0.260000,0.320000,0.380000,0.000000,-0.400000,0.555296
598,-1.444682,0.107180,-15.397800,0.551075,0.047232,-2.721163,0.260000,0.300000,0.360000,0.000000,-0.400000,0.551075
599,-1.449785,0.105049,-15.425012,0.546784,0.049060,-2.724748,0.260000,0.300000,0.360000,0.000000,-0.400000,0.546784
600,-1.454899,0.103051,-15.452259,0.542430,0.050697,-2.726282,0.240000,0.300000,0.340000,0.000000,-0.400000,0.542430
601,-1.460018,0.101189,-15.479522,0.538020,0.052138,-2.725976,0.240000,0.280000,0.340000,0.000000,-0.400000,0.538020
602,-1.465141,0.099462,-15.506782,0.533563,0.053380,-2.724014,0.240000,0.280000,0.320000,0.000000,-0.400000,0.533563
603,-1.470262,0.097873,-15.534022,0.529064,0.054422,-2.720558,0.240000,0.280000,0.320000,0.000000,-0.400000,0.529064
604,-1.475379,0.096422,-15.561228,0.524532,0.055262,-2.715747,0.240000,0.240000,0.300000,0.000000,-0.400000,0.524532
605,-1.480487,0.095108,-15.588385,0.519974,0.055902,-2.709704,0.240000,0.220000,0.300000,0.000000,-0.400000,0.519974
606,-1.485583,0.093933,-15.615482,0.515397,0.056342,-2.702536,0.220000,0.220000,0.280000,0.000000,-0.400000,0.515397
607,-1.490663,0.092896,-15.642507,0.510810,0.056584,-2.694335,0.220000,0.220000,0.280000,0.000000,-0.400000,0.510810
608,-1.495723,0.091997,-15.669451,0.506219,0.056631,-2.685185,0.220000,0.220000,0.280000,0.000000,-0.400000,0.506219
609,-1.500760,0.091236,-15.696303,0.501631,0.056485,-2.675158,0.220000,0.200000,0.260000,0.000000,-0.400000,0.501631
610,-1.505769,0.090613,-15.723054,0.497053,0.056151,-2.664317,0.220000,0.200000,0.260000,0.000000,-0.400000,0.497053
611,-1.510747,0.090126,-15.749697,0.492493,0.055632,-2.652720,0.220000,0.200000,0.260000,0.000000,-0.400000,0.492493
612,-1.515691,0.089776,-15.776225,0.487957,0.054935,-2.640419,0.220000,0.200000,0.240000,0.000000,-0.400000,0.487957
613,-1.520597,0.089561,-15.802629,0.483450,0.054063,-2.627461,0.220000,0.200000,0.240000,0.000000,-0.400000,0.483450
614,-1.525461,0.089480,-15.828903,0.478980,0.053024,-2.613890,0.220000,0.200000,0.240000,0.000000,-0.400000,0.478980
615,-1.530280,0.089531,-15.855042,0.474552,0.051824,-2.599746,0.200000,0.180000,0.240000,0.000000,-0.400000,0.474552
616,-1.535050,0.089714,-15.881040,0.470173,0.050469,-2.585071,0.200000,0.180000,0.180000,0.000000,-0.400000,0.470173
617,-1.539768,0.090026,-15.906891,0.465846,0.048967,-2.569902,0.200000,0.180000,0.180000,0.000000,-0.400000,0.465846
618,-1.544432,0.090467,-15.932590,0.461578,0.047325,-2.554281,0.200000,0.180000,0.180000,0.000000,-0.400000,0.461578
619,-1.549037,0.091034,-15.958132,0.457373,0.045554,-2.538247,0.200000,0.180000,0.180000,0.000000,-0.400000,0.457373
620,-1.553581,0.091725,-15.983515,0.453236,0.043660,-2.521843,0.200000,0.180000,0.160000,0.000000,-0.400000,0.453236
621,-1.558061,0.092538,-16.008733,0.449171,0.041654,-2.505114,0.200000,0.180000,0.160000,0.000000,-0.400000,0.449171
622,-1.562475,0.093471,-16.033784,0.445183,0.039545,-2.488109,0.200000,0.160000,0.160000,0.000000,-0.600000,0.445183
623,-1.566819,0.094521,-16.058665,0.439078,0.036761,-2.495752,0.200000,0.160000,0.160000,0.000000,-0.600000,0.439078
624,-1.571069,0.095684,-16.083623,0.433061,0.033911,-2.503077,0.200000,0.160000,0.160000,0.000000,-0.600000,0.433061
625,-1.575222,0.096958,-16.108654,0.427136,0.031001,-2.510141,0.200000,0.160000,0.160000,0.000000,-0.600000,0.427136
626,-1.579276,0.098338,-16.133755,0.421307,0.028035,-2.516996,0.200000,0.160000,0.140000,0.000000,-0.600000,0.421307
627,-1.583228,0.099823,-16.158925,0.415578,0.025023,-2.523689,0.200000,0.160000,0.140000,0.000000,-0.600000,0.415578
628,-1.587078,0.101409,-16.184162,0.409952,0.021971,-2.530266,0.200000,0.160000,0.140000,0.000000,-0.600000,0.409952
629,-1.590822,0.103093,-16.209465,0.404433,0.018888,-2.536764,0.200000,0.160000,0.140000,0.000000,-0.600000,0.404433
630,-1.594459,0.104872,-16.234832,0.399025,0.015783,-2.543217,0.200000,0.160000,0.140000,0.000000,-0.400000,0.399025
631,-1.597987,0.106742,-16.260264,0.396096,0.013850,-2.498956,0.200000,0.160000,0.140000,0.000000,-0.400000,0.396096
632,-1.601432,0.108702,-16.285254,0.393240,0.011792,-2.457031,0.200000,0.160000,0.140000,0.000000,-0.400000,0.393240
633,-1.604792,0.110749,-16.309824,0.390461,0.009637,-2.417448,0.200000,0.160000,0.120000,0.000000,-0.400000,0.390461
634,-1.608065,0.112880,-16.333999,0.387763,0.007414,-2.380229,0.220000,0.160000,0.120000,0.000000,-0.400000,0.387763
635,-1.611250,0.115092,-16.357801,0.385148,0.005148,-2.345401,0.220000,0.140000,0.120000,0.000000,-0.400000,0.385148
636,-1.614348,0.117382,-16.381255,0.382617,0.002864,-2.312991,0.220000,0.140000,0.120000,0.000000,-0.400000,0.382617
637,-1.617357,0.119745,-16.404385,0.380173,0.000586,-2.283014,0.220000,0.140000,0.120000,0.200000,-0.400000,0.380173
638,-1.620277,0.122179,-16.427215,0.391815,-0.001665,-2.255473,0.220000,0.140000,0.120000,0.200000,-0.400000,0.391815
639,-1.623214,0.124773,-16.449770,0.403497,-0.003538,-2.240814,0.220000,0.140000,0.120000,0.200000,-0.600000,0.403497
640,-1.626165,0.127526,-16.472178,0.412778,-0.006449,-2.298543,0.240000,0.140000,0.120000,0.200000,-0.400000,0.412778
641,-1.629100,0.130428,-16.495163,0.424611,-0.007237,-2.296042,0.240000,0.140000,0.120000,0.200000,-0.600000,0.424611
642,-1.632046,0.133487,-16.518124,0.433994,-0.009153,-2.365555,0.240000,0.140000,0.120000,0.200000,-0.600000,0.433994
643,-1.634972,0.136694,-16.541779,0.443449,-0.010464,-2.436357,0.260000,0.140000,0.120000,0.200000,-0.600000,0.443449
644,-1.637874,0.140048,-16.566143,0.452957,-0.011191,-2.507264,0.260000,0.140000,0.120000,0.200000,-0.600000,0.452957
645,-1.640751,0.143549,-16.591216,0.462501,-0.011356,-2.577290,0.280000,0.140000,0.120000,0.200000,-0.600000,0.462501
646,-1.643599,0.147195,-16.616989,0.472060,-0.010982,-2.645643,0.280000,0.140000,0.120000,0.200000,-0.600000,0.472060
647,-1.646413,0.150987,-16.643445,0.481614,-0.010090,-2.711704,0.300000,0.140000,0.100000,0.200000,-0.600000,0.481614
648,-1.649190,0.154923,-16.670562,0.491144,-0.008702,-2.775003,0.320000,0.160000,0.100000,0.200000,-0.600000,0.491144
649,-1.651925,0.159004,-16.698312,0.500630,-0.006840,-2.835195,0.360000,0.160000,0.100000,0.200000,-0.400000,0.500630
650,-1.654613,0.163227,-16.726664,0.512507,-0.003010,-2.827224,0.380000,0.160000,0.100000,0.200000,-0.400000,0.512507
651,-1.657275,0.167607,-16.754936,0.524191,0.000861,-2.824955,0.440000,0.160000,0.100000,0.200000,-0.400000,0.524191
652,-1.659905,0.172142,-16.783186,0.535689,0.004811,-2.827180,0.500000,0.160000,0.100000,0.200000,-0.400000,0.535689
653,-1.662494,0.176831,-16.811458,0.547007,0.008869,-2.832938,0.600000,0.160000,0.100000,0.000000,-0.400000,0.547007
654,-1.665038,0.181675,-16.839787,0.544146,0.013059,-2.841457,0.580000,0.160000,0.100000,0.000000,-0.400000,0.544146
655,-1.667468,0.186545,-16.868202,0.541127,0.016960,-2.846066,0.580000,0.180000,0.100000,0.000000,-0.400000,0.541127
656,-1.669784,0.191439,-16.896662,0.537960,0.020572,-2.847401,0.740000,0.180000,0.100000,0.000000,-0.400000,0.537960
657,-1.671981,0.196354,-16.925136,0.534657,0.023895,-2.845979,1.000000,0.200000,0.100000,0.000000,-0.400000,0.534657
658,-1.674056,0.201287,-16.953596,0.531229,0.026931,-2.842223,1.000000,0.200000,0.100000,0.000000,-0.400000,0.531229
659,-1.676008,0.206234,-16.982018,0.527688,0.029684,-2.836480,1.000000,0.220000,0.100000,0.000000,-0.400000,0.527688
660,-1.677835,0.211194,-17.010383,0.524045,0.032156,-2.829038,1.000000,0.220000,0.100000,0.000000,-0.400000,0.524045
661,-1.679535,0.216162,-17.038673,0.520311,0.034354,-2.820131,1.000000,0.240000,0.120000,0.000000,-0.400000,0.520311
662,-1.681106,0.221134,-17.066875,0.516498,0.036282,-2.809955,1.000000,0.280000,0.120000,0.000000,-0.400000,0.516498
663,-1.682547,0.226107,-17.094974,0.512616,0.037946,-2.798675,1.000000,0.300000,0.120000,0.000000,-0.400000,0.512616
664,-1.683857,0.231077,-17.122961,0.508677,0.039352,-2.786425,1.000000,0.360000,0.120000,0.000000,-0.400000,0.508677
665,-1.685035,0.236041,-17.150825,0.504689,0.040507,-2.773321,1.000000,0.420000,0.120000,0.000000,-0.400000,0.504689
666,-1.686080,0.240995,-17.178558,0.500663,0.041418,-2.759458,1.000000,0.520000,0.120000,0.000000,-0.400000,0.500663
667,-1.686993,0.245936,-17.206153,0.496609,0.042091,-2.744919,1.000000,0.540000,0.140000,0.000000,-0.400000,0.496609
668,-1.687773,0.250858,-17.233602,0.492534,0.042535,-2.729773,1.000000,0.520000,0.140000,0.000000,-0.400000,0.492534
669,-1.688421,0.255759,-17.260900,0.488449,0.042757,-2.714082,1.000000,0.520000,0.140000,0.000000,-0.400000,0.488449
670,-1.688935,0.260635,-17.288041,0.484362,0.042764,-2.697898,1.000000,1.000000,0.160000,0.000000,-0.600000,0.484362
671,-1.689318,0.265483,-17.315020,0.478084,0.041984,-2.706138,1.000000,1.000000,0.160000,0.000000,-0.600000,0.478084
672,-1.689564,0.270275,-17.342081,0.471832,0.041060,-2.712585,0.980000,1.000000,0.180000,0.000000,-0.600000,0.471832
673,-1.689676,0.275010,-17.369207,0.465613,0.039988,-2.717394,0.940000,1.000000,0.200000,0.200000,-0.400000,0.465613
674,-1.689653,0.279684,-17.396381,0.475648,0.039424,-2.692653,0.880000,1.000000,0.220000,0.200000,-0.400000,0.475648
675,-1.689487,0.284453,-17.423308,0.485697,0.039081,-2.673385,0.840000,1.000000,0.240000,0.200000,-0.400000,0.485697
676,-1.689174,0.289316,-17.450041,0.495752,0.038975,-2.659216,0.800000,1.000000,0.280000,0.200000,-0.400000,0.495752
677,-1.688713,0.294267,-17.476634,0.505803,0.039117,-2.649745,0.680000,1.000000,0.340000,0.200000,-0.400000,0.505803
678,-1.688102,0.299304,-17.503131,0.515843,0.039516,-2.644555,0.660000,1.000000,0.400000,0.200000,-0.400000,0.515843
679,-1.687339,0.304421,-17.529577,0.525861,0.040181,-2.643219,0.620000,1.000000,0.480000,0.200000,-0.400000,0.525861
680,-1.686424,0.309615,-17.556009,0.535849,0.041119,-2.645313,0.600000,1.000000,0.480000,0.200000,-0.400000,0.535849
681,-1.685352,0.314881,-17.582462,0.545797,0.042335,-2.650421,0.580000,1.000000,0.480000,0.200000,-0.400000,0.545797
682,-1.684124,0.320216,-17.608966,0.555695,0.043832,-2.658143,0.560000,1.000000,0.680000,0.000000,-0.400000,0.555695
683,-1.682737,0.325615,-17.635547,0.551534,0.045612,-2.668102,0.540000,1.000000,0.940000,0.000000,-0.400000,0.551534
684,-1.681238,0.330942,-17.662228,0.547312,0.047240,-2.675502,0.520000,1.000000,1.000000,0.000000,-0.400000,0.547312
685,-1.679628,0.336194,-17.688984,0.543034,0.048708,-2.680603,0.500000,1.000000,1.000000,0.000000,-0.400000,0.543034
686,-1.677909,0.341368,-17.715790,0.538706,0.050007,-2.683630,0.500000,0.920000,1.000000,0.000000,-0.400000,0.538706
687,-1.676082,0.346461,-17.742626,0.534334,0.051135,-2.684786,0.480000,0.860000,1.000000,0.200000,-0.400000,0.534334
688,-1.674149,0.351468,-17.769474,0.543925,0.052085,-2.684248,0.460000,0.820000,1.000000,0.200000,-0.400000,0.543925
689,-1.672045,0.356511,-17.796316,0.553478,0.053297,-2.686448,0.460000,0.780000,1.000000,0.200000,-0.400000,0.553478
690,-1.669770,0.361585,-17.823181,0.562985,0.054774,-2.691071,0.440000,0.740000,1.000000,0.200000,-0.400000,0.562985
691,-1.667323,0.366684,-17.850091,0.572436,0.056519,-2.697812,0.420000,0.620000,1.000000,0.200000,-0.400000,0.572436
692,-1.664703,0.371805,-17.877070,0.581822,0.058533,-2.706381,0.420000,0.600000,1.000000,0.200000,-0.400000,0.581822
693,-1.661909,0.376942,-17.904133,0.591133,0.060819,-2.716501,0.400000,0.580000,1.000000,0.200000,-0.400000,0.591133
694,-1.658942,0.382091,-17.931298,0.600360,0.063375,-2.727916,0.400000,0.540000,1.000000,0.200000,-0.600000,0.600360
695,-1.655800,0.387246,-17.958577,0.607384,0.065925,-2.752153,0.380000,0.520000,1.000000,0.200000,-0.400000,0.607384
696,-1.652494,0.392384,-17.986099,0.616419,0.069031,-2.764442,0.380000,0.500000,1.000000,0.200000,-0.400000,0.616419
697,-1.649013,0.397518,-18.013743,0.625340,0.072396,-2.777451,0.380000,0.480000,1.000000,0.200000,-0.400000,0.625340
698,-1.645357,0.402642,-18.041518,0.634141,0.076020,-2.790996,0.360000,0.460000,1.000000,0.200000,-0.400000,0.634141
699,-1.641525,0.407752,-18.069428,0.642810,0.079900,-2.804913,0.360000,0.460000,0.840000,0.200000,-0.400000,0.642810
700,-1.637518,0.412841,-18.097477,0.651341,0.084031,-2.819056,0.340000,0.440000,0.780000,0.000000,-0.600000,0.651341
701,-1.633335,0.417905,-18.125668,0.643660,0.088298,-2.838128,0.340000,0.420000,0.740000,0.000000,-0.600000,0.643660
702,-1.629098,0.422829,-18.154049,0.635833,0.092345,-2.852483,0.340000,0.400000,0.700000,0.000000,-0.600000,0.635833
703,-1.624808,0.427612,-18.182574,0.627868,0.096145,-2.862597,0.320000,0.400000,0.580000,0.000000,-0.600000,0.627868
704,-1.620470,0.432252,-18.211200,0.619776,0.099675,-2.868897,0.320000,0.380000,0.540000,0.000000,-0.600000,0.619776
705,-1.616086,0.436745,-18.239889,0.611568,0.102917,-2.871772,0.320000,0.360000,0.520000,0.000000,-0.600000,0.611568
706,-1.611662,0.441091,-18.268606,0.603256,0.105852,-2.871574,0.300000,0.360000,0.500000,0.000000,-0.600000,0.603256
707,-1.607200,0.445287,-18.297322,0.594851,0.108467,-2.868617,0.300000,0.340000,0.480000,0.000000,-0.400000,0.594851
708,-1.602705,0.449331,-18.326008,0.588380,0.110683,-2.866084,0.300000,0.340000,0.440000,0.000000,-0.400000,0.588380
709,-1.598162,0.453231,-18.354669,0.581837,0.112623,-2.862422,0.300000,0.320000,0.420000,0.000000,-0.400000,0.581837
710,-1.593577,0.456985,-18.383293,0.575232,0.114285,-2.857730,0.280000,0.320000,0.420000,0.000000,-0.400000,0.575232
711,-1.588952,0.460592,-18.411871,0.568576,0.115669,-2.852095,0.280000,0.300000,0.400000,0.000000,-0.400000,0.568576
712,-1.584293,0.464050,-18.440392,0.561879,0.116775,-2.845590,0.280000,0.300000,0.380000,0.000000,-0.400000,0.561879
713,-1.579602,0.467356,-18.468847,0.555151,0.117603,-2.838275,0.280000,0.300000,0.360000,0.000000,-0.400000,0.555151
714,-1.574885,0.470511,-18.497230,0.548403,0.118154,-2.830201,0.260000,0.280000,0.360000,0.000000,-0.400000,0.548403
715,-1.570146,0.473512,-18.525532,0.541643,0.118431,-2.821408,0.260000,0.280000,0.340000,0.000000,-0.400000,0.541643
716,-1.565388,0.476360,-18.553746,0.534882,0.118435,-2.811929,0.260000,0.280000,0.320000,0.000000,-0.400000,0.534882
717,-1.560617,0.479052,-18.581866,0.528130,0.118169,-2.801789,0.260000,0.260000,0.320000,0.000000,-0.400000,0.528130
718,-1.555836,0.481588,-18.609884,0.521396,0.117637,-2.791006,0.260000,0.260000,0.300000,0.000000,-0.400000,0.521396
719,-1.551051,0.483969,-18.637794,0.514688,0.116841,-2.779590,0.260000,0.260000,0.300000,0.000000,-0.400000,0.514688
720,-1.546264,0.486193,-18.665589,0.508017,0.115787,-2.767549,0.260000,0.260000,0.280000,0.000000,-0.400000,0.508017
721,-1.541482,0.488260,-18.693265,0.501391,0.114478,-2.754881,0.240000,0.240000,0.280000,0.000000,-0.400000,0.501391
722,-1.536707,0.490172,-18.720814,0.494818,0.112919,-2.741581,0.240000,0.240000,0.260000,0.000000,-0.400000,0.494818
723,-1.531945,0.491927,-18.748230,0.488307,0.111116,-2.727642,0.240000,0.240000,0.260000,0.000000,-0.400000,0.488307
724,-1.527199,0.493526,-18.775506,0.481867,0.109075,-2.713047,0.240000,0.240000,0.260000,0.000000,-0.400000,0.481867
725,-1.522475,0.494970,-18.802636,0.475504,0.106800,-2.697781,0.240000,0.220000,0.240000,0.000000,-0.400000,0.475504
726,-1.517775,0.496260,-18.829614,0.469228,0.104300,-2.681822,0.240000,0.220000,0.240000,0.000000,-0.400000,0.469228
727,-1.513104,0.497397,-18.856432,0.463045,0.101580,-2.665146,0.240000,0.220000,0.240000,0.000000,-0.400000,0.463045
728,-1.508467,0.498381,-18.883084,0.456964,0.098649,-2.647727,0.240000,0.220000,0.220000,0.000000,-0.400000,0.456964
729,-1.503867,0.499213,-18.909561,0.450990,0.095514,-2.629538,0.240000,0.220000,0.220000,0.000000,-0.400000,0.450990
730,-1.499308,0.499896,-18.935857,0.445131,0.092184,-2.610550,0.220000,0.220000,0.220000,0.000000,-0.400000,0.445131
731,-1.494794,0.500431,-18.961962,0.439393,0.088669,-2.590734,0.220000,0.200000,0.220000,0.000000,-0.400000,0.439393
732,-1.490328,0.500819,-18.987869,0.433783,0.084978,-2.570065,0.220000,0.200000,0.200000,0.000000,-0.400000,0.433783
733,-1.485914,0.501063,-19.013570,0.428306,0.081122,-2.548519,0.220000,0.200000,0.200000,0.000000,-0.400000,0.428306
734,-1.481556,0.501164,-19.039055,0.422968,0.077112,-2.526077,0.220000,0.200000,0.200000,0.000000,-0.400000,0.422968
735,-1.477257,0.501124,-19.064316,0.417774,0.072961,-2.502729,0.220000,0.200000,0.200000,0.000000,-0.400000,0.417774
736,-1.473020,0.500947,-19.089343,0.412729,0.068682,-2.478474,0.220000,0.200000,0.180000,0.000000,-0.400000,0.412729
737,-1.468848,0.500634,-19.114128,0.407838,0.064289,-2.453326,0.220000,0.200000,0.180000,0.000000,-0.400000,0.407838
738,-1.464743,0.500188,-19.138661,0.403105,0.059798,-2.427314,0.220000,0.180000,0.180000,0.000000,-0.400000,0.403105
739,-1.460709,0.499612,-19.162934,0.398532,0.055225,-2.400491,0.220000,0.180000,0.180000,0.000000,-0.400000,0.398532
740,-1.456747,0.498909,-19.186939,0.394124,0.050588,-2.372935,0.220000,0.180000,0.180000,0.000000,-0.400000,0.394124
741,-1.452861,0.498081,-19.210669,0.389883,0.045907,-2.344752,0.220000,0.180000,0.180000,0.000000,-0.400000,0.389883
742,-1.449051,0.497133,-19.234116,0.385810,0.041203,-2.316085,0.220000,0.180000,0.160000,0.000000,-0.400000,0.385810
743,-1.445320,0.496068,-19.257277,0.381907,0.036496,-2.287112,0.220000,0.180000,0.160000,0.000000,-0.400000,0.381907
744,-1.441670,0.494889,-19.280148,0.378175,0.031812,-2.258051,0.220000,0.180000,0.160000,0.000000,-0.400000,0.378175
745,-1.438100,0.493599,-19.302729,0.374612,0.027173,-2.229157,0.220000,0.180000,0.160000,0.000000,-0.400000,0.374612
746,-1.434613,0.492203,-19.325020,0.371219,0.022607,-2.200719,0.220000,0.180000,0.160000,0.000000,-0.400000,0.371219
747,-1.431209,0.490705,-19.347027,0.367994,0.018138,-2.173049,0.220000,0.180000,0.160000,0.000000,-0.400000,0.367994
748,-1.427889,0.489108,-19.368758,0.364933,0.013792,-2.146476,0.240000,0.180000,0.160000,0.000000,-0.400000,0.364933
749,-1.424652,0.487417,-19.390223,0.362035,0.009595,-2.121324,0.240000,0.180000,0.160000,0.000000,-0.400000,0.362035
750,-1.421499,0.485636,-19.411436,0.359295,0.005570,-2.097894,0.240000,0.180000,0.160000,0.200000,-0.400000,0.359295
751,-1.418428,0.483769,-19.432415,0.370708,0.001739,-2.076446,0.240000,0.180000,0.140000,0.000000,-0.400000,0.370708
752,-1.415324,0.481743,-19.453179,0.368226,-0.001558,-2.067658,0.240000,0.180000,0.140000,0.200000,-0.400000,0.368226
753,-1.412301,0.479640,-19.473856,0.379876,-0.004636,-2.060030,0.240000,0.180000,0.140000,0.200000,-0.600000,0.379876
754,-1.409246,0.477382,-19.494456,0.389174,-0.008612,-2.125316,0.240000,0.160000,0.140000,0.200000,-0.600000,0.389174
755,-1.406188,0.474974,-19.515709,0.398604,-0.011895,-2.196478,0.240000,0.160000,0.140000,0.200000,-0.600000,0.398604
756,-1.403127,0.472417,-19.537674,0.408151,-0.014505,-2.271551,0.260000,0.160000,0.140000,0.400000,-0.600000,0.408151
757,-1.400067,0.469713,-19.560390,0.431799,-0.016465,-2.348761,0.260000,0.160000,0.140000,0.200000,-0.600000,0.431799
758,-1.396902,0.466771,-19.583877,0.441498,-0.017408,-2.433750,0.260000,0.160000,0.140000,0.200000,-0.600000,0.441498
759,-1.393741,0.463683,-19.608215,0.451248,-0.017751,-2.516515,0.260000,0.160000,0.140000,0.200000,-0.600000,0.451248
760,-1.390589,0.460450,-19.633380,0.461029,-0.017522,-2.596301,0.280000,0.160000,0.140000,0.200000,-0.600000,0.461029
761,-1.387447,0.457071,-19.659343,0.470818,-0.016747,-2.672563,0.280000,0.160000,0.140000,0.200000,-0.600000,0.470818
762,-1.384321,0.453546,-19.686069,0.480594,-0.015455,-2.744926,0.300000,0.180000,0.140000,0.200000,-0.600000,0.480594
763,-1.381216,0.449875,-19.713518,0.490335,-0.013668,-2.813153,0.300000,0.180000,0.140000,0.200000,-0.600000,0.490335
764,-1.378135,0.446058,-19.741649,0.500020,-0.011411,-2.877106,0.300000,0.180000,0.120000,0.200000,-0.600000,0.500020
765,-1.375085,0.442094,-19.770420,0.509627,-0.008707,-2.936734,0.300000,0.180000,0.120000,0.200000,-0.600000,0.509627
766,-1.372071,0.437984,-19.799788,0.519136,-0.005578,-2.992039,0.300000,0.180000,0.120000,0.200000,-0.400000,0.519136
767,-1.369097,0.433728,-19.829708,0.530985,-0.000528,-2.978264,0.280000,0.180000,0.120000,0.000000,-0.400000,0.530985
768,-1.366145,0.429315,-19.859491,0.528582,0.004483,-2.970257,0.280000,0.180000,0.120000,0.000000,-0.400000,0.528582
769,-1.363295,0.424863,-19.889193,0.525970,0.009061,-2.959899,0.280000,0.180000,0.120000,0.000000,-0.400000,0.525970
770,-1.360553,0.420374,-19.918792,0.523169,0.013226,-2.947678,0.320000,0.200000,0.120000,0.000000,-0.400000,0.523169
771,-1.357921,0.415850,-19.948269,0.520197,0.016996,-2.933968,0.380000,0.200000,0.120000,0.000000,-0.600000,0.520197
772,-1.355404,0.411294,-19.977609,0.514746,0.019338,-2.964006,0.480000,0.200000,0.120000,0.000000,-0.600000,0.514746
773,-1.353024,0.406726,-20.007249,0.509215,0.021539,-2.988167,0.540000,0.220000,0.120000,0.000000,-0.400000,0.509215
774,-1.350783,0.402149,-20.037131,0.505929,0.024601,-2.963299,0.540000,0.220000,0.140000,0.000000,-0.400000,0.505929
775,-1.348663,0.397548,-20.066764,0.502519,0.027270,-2.938543,0.520000,0.240000,0.140000,0.000000,-0.400000,0.502519
776,-1.346667,0.392929,-20.096149,0.499004,0.029566,-2.913910,0.800000,0.260000,0.140000,0.000000,-0.400000,0.499004
777,-1.344797,0.388293,-20.125288,0.495400,0.031510,-2.889401,0.800000,0.260000,0.140000,0.000000,-0.400000,0.495400
778,-1.343055,0.383644,-20.154182,0.491723,0.033120,-2.865014,1.000000,0.240000,0.140000,0.000000,-0.400000,0.491723
779,-1.341442,0.378987,-20.182832,0.487986,0.034414,-2.840743,1.000000,0.240000,0.140000,0.000000,-0.400000,0.487986
780,-1.339960,0.374326,-20.211240,0.484204,0.035406,-2.816582,1.000000,0.240000,0.140000,0.000000,-0.400000,0.484204
781,-1.338608,0.369662,-20.239406,0.480388,0.036114,-2.792524,1.000000,0.220000,0.160000,0.000000,-0.400000,0.480388
782,-1.337388,0.365002,-20.267331,0.476550,0.036551,-2.768563,1.000000,0.220000,0.160000,0.000000,-0.400000,0.476550
783,-1.336301,0.360348,-20.295016,0.472701,0.036731,-2.744695,1.000000,0.240000,0.160000,0.000000,-0.400000,0.472701
784,-1.335345,0.355704,-20.322463,0.468850,0.036670,-2.720918,1.000000,0.300000,0.160000,0.000000,-0.400000,0.468850
785,-1.334522,0.351074,-20.349673,0.465007,0.036380,-2.697231,1.000000,0.400000,0.180000,0.000000,-0.400000,0.465007
786,-1.333831,0.346461,-20.376645,0.461180,0.035874,-2.673640,1.000000,0.480000,0.180000,0.000000,-0.400000,0.461180
787,-1.333271,0.341869,-20.403381,0.457377,0.035167,-2.650151,1.000000,0.480000,0.200000,0.000000,-0.400000,0.457377
788,-1.332842,0.337302,-20.429883,0.453606,0.034271,-2.626776,1.000000,0.480000,0.200000,0.000000,-0.400000,0.453606
789,-1.332542,0.332763,-20.456151,0.449874,0.033200,-2.603530,1.000000,0.760000,0.200000,0.000000,-0.600000,0.449874
790,-1.332372,0.328255,-20.482186,0.443945,0.031228,-2.612011,1.000000,0.760000,0.200000,0.000000,-0.600000,0.443945
791,-1.332334,0.323805,-20.508306,0.438085,0.029170,-2.619488,0.980000,1.000000,0.200000,0.000000,-0.600000,0.438085
792,-1.332428,0.319415,-20.534501,0.432296,0.027027,-2.626046,0.940000,1.000000,0.200000,0.000000,-0.600000,0.432296
793,-1.332652,0.315090,-20.560761,0.426584,0.024802,-2.631771,0.900000,1.000000,0.180000,0.200000,-0.600000,0.426584
794,-1.333004,0.310831,-20.587079,0.434952,0.022499,-2.636742,0.840000,1.000000,0.180000,0.200000,-0.600000,0.434952
795,-1.333504,0.306505,-20.613446,0.443390,0.020571,-2.646680,0.820000,1.000000,0.180000,0.200000,-0.600000,0.443390
796,-1.334153,0.302114,-20.639913,0.451885,0.019025,-2.661129,0.780000,1.000000,0.220000,0.000000,-0.600000,0.451885
797,-1.334951,0.297662,-20.666524,0.446423,0.017870,-2.679556,0.740000,1.000000,0.280000,0.000000,-0.600000,0.446423
798,-1.335866,0.293289,-20.693320,0.441009,0.016657,-2.695758,0.720000,1.000000,0.380000,0.000000,-0.600000,0.441009
799,-1.336894,0.288997,-20.720278,0.435643,0.015380,-2.709876,0.680000,1.000000,0.440000,0.000000,-0.400000,0.435643
800,-1.338034,0.284790,-20.747376,0.432695,0.015218,-2.671429,0.660000,1.000000,0.440000,0.000000,-0.400000,0.432695
801,-1.339280,0.280643,-20.774091,0.429750,0.014814,-2.634812,0.640000,1.000000,0.440000,0.000000,-0.400000,0.429750
802,-1.340630,0.276560,-20.800439,0.426817,0.014194,-2.599897,0.620000,1.000000,0.720000,0.000000,-0.400000,0.426817
803,-1.342082,0.272544,-20.826438,0.423907,0.013382,-2.566584,0.600000,1.000000,0.700000,0.000000,-0.400000,0.423907
804,-1.343633,0.268597,-20.852104,0.421026,0.012402,-2.534799,0.520000,0.980000,1.000000,0.000000,-0.400000,0.421026
805,-1.345282,0.264721,-20.877452,0.418182,0.011276,-2.504484,0.520000,0.920000,1.000000,0.000000,-0.400000,0.418182
806,-1.347027,0.260919,-20.902496,0.415380,0.010025,-2.475598,0.500000,0.880000,1.000000,0.200000,-0.400000,0.415380
807,-1.348864,0.257192,-20.927252,0.426625,0.008668,-2.448112,0.480000,0.840000,1.000000,0.000000,-0.400000,0.426625
808,-1.350859,0.253420,-20.951734,0.423888,0.007602,-2.430536,0.480000,0.800000,1.000000,0.000000,-0.400000,0.423888
809,-1.352942,0.249727,-20.976039,0.421193,0.006469,-2.413462,0.460000,0.760000,1.000000,0.000000,-0.400000,0.421193
810,-1.355109,0.246115,-21.000174,0.418543,0.005280,-2.396910,0.460000,0.740000,1.000000,0.000000,-0.400000,0.418543
811,-1.357358,0.242585,-21.024143,0.415940,0.004044,-2.380897,0.440000,0.700000,1.000000,0.000000,-0.600000,0.415940
812,-1.359686,0.239138,-21.047952,0.410992,0.001481,-2.420728,0.440000,0.680000,1.000000,0.000000,-0.600000,0.410992
813,-1.362087,0.235802,-21.072159,0.406146,-0.000964,-2.458410,0.420000,0.660000,1.000000,0.200000,-0.600000,0.406146
814,-1.364559,0.232579,-21.096743,0.415405,-0.003298,-2.493830,0.420000,0.640000,1.000000,0.200000,-0.600000,0.415405
815,-1.367185,0.229361,-21.121681,0.424740,-0.005107,-2.534232,0.400000,0.600000,1.000000,0.200000,-0.600000,0.424740
816,-1.369964,0.226149,-21.147024,0.434133,-0.006397,-2.578459,0.400000,0.580000,1.000000,0.200000,-0.600000,0.434133
817,-1.372897,0.222946,-21.172808,0.443570,-0.007179,-2.625406,0.400000,0.560000,1.000000,0.200000,-0.600000,0.443570
818,-1.375980,0.219757,-21.199062,0.453034,-0.007463,-2.674059,0.380000,0.540000,0.920000,0.200000,-0.600000,0.453034
819,-1.379216,0.216585,-21.225803,0.462507,-0.007265,-2.723523,0.380000,0.480000,0.860000,0.200000,-0.600000,0.462507
820,-1.382601,0.213433,-21.253038,0.471972,-0.006597,-2.773025,0.320000,0.460000,0.820000,0.200000,-0.600000,0.471972
821,-1.386137,0.210306,-21.280768,0.481413,-0.005476,-2.821912,0.320000,0.440000,0.760000,0.200000,-0.600000,0.481413
822,-1.389822,0.207208,-21.308987,0.490811,-0.003916,-2.869649,0.320000,0.440000,0.720000,0.200000,-0.600000,0.490811
823,-1.393657,0.204144,-21.337684,0.500151,-0.001935,-2.915800,0.300000,0.420000,0.680000,0.200000,-0.600000,0.500151
824,-1.397640,0.201119,-21.366842,0.509414,0.000454,-2.960025,0.300000,0.400000,0.660000,0.000000,-0.400000,0.509414
825,-1.401770,0.198138,-21.396442,0.507012,0.004641,-2.941852,0.300000,0.400000,0.620000,0.000000,-0.600000,0.507012
826,-1.405944,0.195258,-21.425861,0.502027,0.007072,-2.979362,0.300000,0.380000,0.600000,0.000000,-0.600000,0.502027
827,-1.410145,0.192510,-21.455654,0.496963,0.009388,-3.009819,0.280000,0.380000,0.560000,0.000000,-0.600000,0.496963
828,-1.414371,0.189893,-21.485752,0.491824,0.011562,-3.034019,0.280000,0.360000,0.540000,0.000000,-0.600000,0.491824
829,-1.418619,0.187411,-21.516093,0.486611,0.013573,-3.052668,0.280000,0.360000,0.520000,0.000000,-0.600000,0.486611
830,-1.422884,0.185064,-21.546619,0.481330,0.015400,-3.066392,0.280000,0.340000,0.500000,0.000000,-0.600000,0.481330
831,-1.427163,0.182855,-21.577283,0.475987,0.017030,-3.075748,0.260000,0.340000,0.420000,0.000000,-0.400000,0.475987
832,-1.431453,0.180785,-21.608041,0.472971,0.019695,-3.027909,0.260000,0.320000,0.400000,0.000000,-0.400000,0.472971
833,-1.435766,0.178835,-21.638320,0.469833,0.021880,-2.982678,0.260000,0.280000,0.400000,0.000000,-0.400000,0.469833
834,-1.440099,0.177006,-21.668147,0.466600,0.023625,-2.939690,0.260000,0.280000,0.380000,0.000000,-0.400000,0.466600
835,-1.444449,0.175301,-21.697544,0.463291,0.024966,-2.898648,0.260000,0.260000,0.360000,0.000000,-0.400000,0.463291
836,-1.448811,0.173721,-21.726530,0.459927,0.025935,-2.859309,0.260000,0.260000,0.360000,0.000000,-0.400000,0.459927
837,-1.453183,0.172268,-21.755123,0.456524,0.026562,-2.821474,0.240000,0.260000,0.340000,0.000000,-0.400000,0.456524
838,-1.457559,0.170942,-21.783338,0.453097,0.026873,-2.784981,0.240000,0.240000,0.340000,0.000000,-0.400000,0.453097
839,-1.461937,0.169744,-21.811188,0.449659,0.026893,-2.749699,0.240000,0.240000,0.320000,0.000000,-0.400000,0.449659
840,-1.466313,0.168675,-21.838685,0.446223,0.026647,-2.715523,0.240000,0.240000,0.320000,0.000000,-0.400000,0.446223
841,-1.470683,0.167734,-21.865840,0.442798,0.026155,-2.682370,0.240000,0.240000,0.300000,0.000000,-0.400000,0.442798
842,-1.475044,0.166921,-21.892664,0.439395,0.025439,-2.650179,0.240000,0.240000,0.300000,0.000000,-0.400000,0.439395
843,-1.479391,0.166236,-21.919165,0.436021,0.024519,-2.618905,0.240000,0.220000,0.300000,0.000000,-0.400000,0.436021
844,-1.483723,0.165677,-21.945354,0.432685,0.023416,-2.588518,0.240000,0.220000,0.240000,0.000000,-0.400000,0.432685
845,-1.488034,0.165245,-21.971240,0.429394,0.022147,-2.559005,0.240000,0.220000,0.240000,0.000000,-0.400000,0.429394
846,-1.492323,0.164938,-21.996830,0.426152,0.020732,-2.530361,0.220000,0.220000,0.220000,0.000000,-0.400000,0.426152
847,-1.496586,0.164755,-22.022133,0.422967,0.019189,-2.502595,0.220000,0.220000,0.220000,0.000000,-0.400000,0.422967
848,-1.500819,0.164695,-22.047159,0.419841,0.017536,-2.475724,0.220000,0.200000,0.220000,0.000000,-0.400000,0.419841
849,-1.505021,0.164755,-22.071916,0.416780,0.015789,-2.449774,0.220000,0.200000,0.220000,0.000000,-0.400000,0.416780
850,-1.509188,0.164933,-22.096414,0.413786,0.013966,-2.424774,0.220000,0.200000,0.200000,0.000000,-0.400000,0.413786
851,-1.513317,0.165229,-22.120662,0.410863,0.012084,-2.400758,0.220000,0.200000,0.200000,0.000000,-0.400000,0.410863
852,-1.517407,0.165640,-22.144669,0.408012,0.010159,-2.377762,0.220000,0.200000,0.200000,0.200000,-0.400000,0.408012
853,-1.521455,0.166164,-22.168447,0.419234,0.008205,-2.355821,0.220000,0.200000,0.200000,0.200000,-0.400000,0.419234
854,-1.525596,0.166822,-22.192005,0.430500,0.006606,-2.343598,0.220000,0.200000,0.200000,0.200000,-0.400000,0.430500
855,-1.529828,0.167616,-22.215441,0.441798,0.005374,-2.340057,0.220000,0.200000,0.180000,0.000000,-0.400000,0.441798
856,-1.534147,0.168547,-22.238842,0.439118,0.004517,-2.344096,0.220000,0.180000,0.180000,0.000000,-0.400000,0.439118
857,-1.538415,0.169579,-22.262283,0.436477,0.003670,-2.346631,0.220000,0.180000,0.180000,0.000000,-0.400000,0.436477
858,-1.542630,0.170713,-22.285749,0.433874,0.002828,-2.347805,0.220000,0.180000,0.180000,0.000000,-0.400000,0.433874
859,-1.546790,0.171946,-22.309227,0.431311,0.001987,-2.347752,0.220000,0.180000,0.180000,0.000000,-0.400000,0.431311
860,-1.550893,0.173276,-22.332705,0.428785,0.001145,-2.346601,0.220000,0.180000,0.160000,0.200000,-0.400000,0.428785
861,-1.554937,0.174701,-22.356171,0.440298,0.000299,-2.344471,0.220000,0.180000,0.160000,0.200000,-0.400000,0.440298
862,-1.559051,0.176270,-22.379615,0.451815,-0.000192,-2.350152,0.220000,0.180000,0.160000,0.200000,-0.400000,0.451815
863,-1.563232,0.177983,-22.403117,0.463326,-0.000325,-2.362346,0.220000,0.180000,0.160000,0.200000,-0.400000,0.463326
864,-1.567476,0.179842,-22.426740,0.474822,-0.000099,-2.379865,0.220000,0.180000,0.160000,0.200000,-0.400000,0.474822
865,-1.571781,0.181846,-22.450539,0.486293,0.000485,-2.401646,0.220000,0.160000,0.160000,0.200000,-0.400000,0.486293
866,-1.576142,0.183998,-22.474556,0.497728,0.001424,-2.426758,0.220000,0.160000,0.160000,0.000000,-0.400000,0.497728
867,-1.580555,0.186299,-22.498823,0.495116,0.002712,-2.454398,0.220000,0.160000,0.140000,0.000000,-0.400000,0.495116
868,-1.584895,0.188682,-22.523367,0.492471,0.003963,-2.476956,0.220000,0.160000,0.140000,0.200000,-0.400000,0.492471
869,-1.589159,0.191147,-22.548137,0.503792,0.005155,-2.495047,0.220000,0.160000,0.140000,0.000000,-0.400000,0.503792
870,-1.593462,0.193766,-22.573087,0.501055,0.006662,-2.516196,0.220000,0.160000,0.140000,0.000000,-0.400000,0.501055
871,-1.597685,0.196465,-22.598249,0.498272,0.008089,-2.532993,0.220000,0.160000,0.140000,0.000000,-0.400000,0.498272
872,-1.601823,0.199241,-22.623579,0.495445,0.009421,-2.545974,0.220000,0.160000,0.140000,0.000000,-0.400000,0.495445
873,-1.605875,0.202093,-22.649039,0.492577,0.010646,-2.555610,0.220000,0.160000,0.140000,0.000000,-0.400000,0.492577
874,-1.609838,0.205021,-22.674595,0.489670,0.011754,-2.562311,0.220000,0.160000,0.120000,0.000000,-0.400000,0.489670
875,-1.613709,0.208022,-22.700218,0.486727,0.012739,-2.566433,0.240000,0.160000,0.120000,0.000000,-0.400000,0.486727
876,-1.617486,0.211095,-22.725882,0.483753,0.013596,-2.568290,0.240000,0.160000,0.120000,0.000000,-0.400000,0.483753
877,-1.621167,0.214237,-22.751565,0.480752,0.014321,-2.568154,0.240000,0.160000,0.120000,0.000000,-0.400000,0.480752
878,-1.624749,0.217446,-22.777247,0.477728,0.014914,-2.566264,0.240000,0.160000,0.120000,0.000000,-0.400000,0.477728
879,-1.628230,0.220721,-22.802909,0.474686,0.015373,-2.562830,0.260000,0.160000,0.120000,0.000000,-0.400000,0.474686
880,-1.631609,0.224059,-22.828538,0.471631,0.015701,-2.558035,0.260000,0.160000,0.120000,0.000000,-0.400000,0.471631
881,-1.634882,0.227458,-22.854118,0.468568,0.015898,-2.552044,0.280000,0.160000,0.120000,0.000000,-0.400000,0.468568
882,-1.638050,0.230915,-22.879638,0.465501,0.015968,-2.545001,0.280000,0.160000,0.120000,0.000000,-0.600000,0.465501
883,-1.641109,0.234427,-22.905088,0.460124,0.014922,-2.579429,0.300000,0.160000,0.120000,0.000000,-0.400000,0.460124
884,-1.644037,0.237980,-22.930883,0.457114,0.014931,-2.565966,0.320000,0.160000,0.120000,0.000000,-0.400000,0.457114
885,-1.646854,0.241582,-22.956542,0.454106,0.014792,-2.552164,0.340000,0.160000,0.120000,0.000000,-0.400000,0.454106
886,-1.649560,0.245232,-22.982064,0.451106,0.014516,-2.538092,0.360000,0.160000,0.120000,0.000000,-0.400000,0.451106
887,-1.652153,0.248926,-23.007445,0.448118,0.014111,-2.523813,0.400000,0.160000,0.100000,0.000000,-0.400000,0.448118
888,-1.654633,0.252662,-23.032683,0.445149,0.013585,-2.509384,0.440000,0.160000,0.100000,0.000000,-0.400000,0.445149
889,-1.656998,0.256435,-23.057777,0.442201,0.012949,-2.494861,0.500000,0.160000,0.100000,0.000000,-0.400000,0.442201
890,-1.659247,0.260245,-23.082726,0.439279,0.012210,-2.480296,0.520000,0.160000,0.100000,0.200000,-0.400000,0.439279
891,-1.661381,0.264086,-23.107529,0.450388,0.011378,-2.465737,0.520000,0.180000,0.100000,0.000000,-0.400000,0.450388
892,-1.663460,0.268083,-23.132186,0.447504,0.010849,-2.458938,0.520000,0.180000,0.100000,0.000000,-0.400000,0.447504
893,-1.665423,0.272106,-23.156775,0.444643,0.010248,-2.451439,0.520000,0.180000,0.100000,0.000000,-0.400000,0.444643
894,-1.667270,0.276152,-23.181290,0.441809,0.009577,-2.443334,0.840000,0.180000,0.100000,0.000000,-0.400000,0.441809
895,-1.669000,0.280218,-23.205723,0.439003,0.008841,-2.434712,0.980000,0.200000,0.100000,0.000000,-0.400000,0.439003
896,-1.670614,0.284302,-23.230070,0.436229,0.008044,-2.425656,1.000000,0.200000,0.120000,0.000000,-0.400000,0.436229
897,-1.672112,0.288400,-23.254327,0.433488,0.007192,-2.416240,1.000000,0.220000,0.120000,0.000000,-0.400000,0.433488
898,-1.673493,0.292510,-23.278489,0.430783,0.006289,-2.406537,1.000000,0.220000,0.120000,0.200000,-0.400000,0.430783
899,-1.674758,0.296628,-23.302554,0.442115,0.005340,-2.396611,1.000000,0.240000,0.120000,0.000000,-0.400000,0.442115
900,-1.675943,0.300888,-23.326521,0.439455,0.004724,-2.394836,1.000000,0.260000,0.120000,0.000000,-0.400000,0.439455
901,-1.677014,0.305150,-23.350469,0.436824,0.004075,-2.392002,1.000000,0.280000,0.120000,0.000000,-0.400000,0.436824
902,-1.677971,0.309412,-23.374389,0.434223,0.003393,-2.388232,1.000000,0.320000,0.120000,0.000000,-0.400000,0.434223
903,-1.678814,0.313672,-23.398271,0.431653,0.002679,-2.383641,1.000000,0.360000,0.120000,0.000000,-0.600000,0.431653
904,-1.679544,0.317926,-23.422108,0.426727,0.000665,-2.432631,1.000000,0.420000,0.140000,0.200000,-0.600000,0.426727
905,-1.680145,0.322151,-23.446434,0.435886,-0.001224,-2.478161,1.000000,0.480000,0.140000,0.400000,-0.400000,0.435886
906,-1.680636,0.326482,-23.471216,0.461534,-0.001173,-2.466750,1.000000,0.480000,0.140000,0.400000,-0.400000,0.461534
907,-1.681042,0.331080,-23.495883,0.487110,-0.000493,-2.472320,1.000000,0.460000,0.140000,0.400000,-0.400000,0.487110
908,-1.681359,0.335941,-23.520606,0.512606,0.000847,-2.491130,1.000000,0.460000,0.160000,0.200000,-0.400000,0.512606
909,-1.681579,0.341062,-23.545518,0.524011,0.002873,-2.520051,1.000000,0.900000,0.160000,0.000000,-0.400000,0.524011
910,-1.681694,0.346301,-23.570718,0.521332,0.005214,-2.550069,1.000000,0.940000,0.180000,0.200000,-0.400000,0.521332
911,-1.681700,0.351514,-23.596219,0.532579,0.007468,-2.574298,1.000000,1.000000,0.180000,0.000000,-0.400000,0.532579
912,-1.681592,0.356840,-23.621962,0.529732,0.010016,-2.599923,1.000000,1.000000,0.200000,0.000000,-0.400000,0.529732
913,-1.681375,0.362133,-23.647961,0.526802,0.012449,-2.620337,1.000000,1.000000,0.220000,0.000000,-0.400000,0.526802
914,-1.681046,0.367393,-23.674164,0.523790,0.014749,-2.636231,0.880000,1.000000,0.240000,0.000000,-0.400000,0.523790
915,-1.680606,0.372614,-23.700527,0.520699,0.016901,-2.648200,0.840000,1.000000,0.280000,0.200000,-0.600000,0.520699
916,-1.680054,0.377795,-23.727009,0.529246,0.017984,-2.695709,0.800000,1.000000,0.320000,0.200000,-0.600000,0.529246
917,-1.679362,0.383045,-23.753966,0.537751,0.019509,-2.742046,0.760000,1.000000,0.380000,0.200000,-0.600000,0.537751
918,-1.678527,0.388361,-23.781386,0.546198,0.021462,-2.786829,0.720000,1.000000,0.420000,0.200000,-0.600000,0.546198
919,-1.677548,0.393738,-23.809255,0.554572,0.023828,-2.829742,0.620000,1.000000,0.420000,0.200000,-0.600000,0.554572
920,-1.676421,0.399174,-23.837552,0.562858,0.026590,-2.870537,0.600000,1.000000,0.420000,0.200000,-0.600000,0.562858
921,-1.675145,0.404662,-23.866257,0.571041,0.029733,-2.909021,0.560000,1.000000,0.460000,0.200000,-0.600000,0.571041
922,-1.673718,0.410199,-23.895348,0.579106,0.033240,-2.945053,0.540000,1.000000,0.880000,0.000000,-0.400000,0.579106
923,-1.672137,0.415780,-23.924798,0.575272,0.037801,-2.948278,0.520000,1.000000,0.880000,0.000000,-0.400000,0.575272
924,-1.670448,0.421293,-23.954281,0.571267,0.042050,-2.948618,0.500000,1.000000,0.960000,0.000000,-0.400000,0.571267
925,-1.668653,0.426732,-23.983767,0.567104,0.045986,-2.946507,0.500000,1.000000,1.000000,0.000000,-0.400000,0.567104
926,-1.666750,0.432094,-24.013232,0.562797,0.049609,-2.942303,0.480000,0.860000,1.000000,0.200000,-0.400000,0.562797
927,-1.664742,0.437375,-24.042655,0.572357,0.052921,-2.936300,0.460000,0.820000,1.000000,0.200000,-0.400000,0.572357
928,-1.662565,0.442695,-24.072018,0.581790,0.056393,-2.932893,0.440000,0.760000,1.000000,0.200000,-0.400000,0.581790
929,-1.660216,0.448047,-24.101347,0.591092,0.060034,-2.931701,0.440000,0.720000,1.000000,0.200000,-0.400000,0.591092
930,-1.657696,0.453427,-24.130664,0.600258,0.063850,-2.932388,0.420000,0.680000,1.000000,0.200000,-0.400000,0.600258
931,-1.655001,0.458829,-24.159988,0.609283,0.067847,-2.934656,0.400000,0.660000,1.000000,0.200000,-0.400000,0.609283
932,-1.652131,0.464246,-24.189334,0.618161,0.072029,-2.938243,0.400000,0.560000,1.000000,0.200000,-0.400000,0.618161
933,-1.649085,0.469673,-24.218717,0.626887,0.076399,-2.942917,0.380000,0.540000,1.000000,0.200000,-0.400000,0.626887
934,-1.645863,0.475105,-24.248146,0.635453,0.080959,-2.948473,0.380000,0.500000,1.000000,0.200000,-0.400000,0.635453
935,-1.642463,0.480534,-24.277631,0.643856,0.085709,-2.954732,0.360000,0.480000,1.000000,0.000000,-0.600000,0.643856
936,-1.638885,0.485955,-24.307178,0.636019,0.090519,-2.967127,0.360000,0.460000,1.000000,0.000000,-0.600000,0.636019
937,-1.635237,0.491243,-24.336849,0.628017,0.095048,-2.975012,0.360000,0.460000,1.000000,0.000000,-0.600000,0.628017
938,-1.631523,0.496395,-24.366600,0.619861,0.099272,-2.978879,0.340000,0.440000,0.800000,0.000000,-0.600000,0.619861
939,-1.627744,0.501409,-24.396388,0.611565,0.103171,-2.979168,0.340000,0.420000,0.740000,0.000000,-0.600000,0.611565
940,-1.623906,0.506280,-24.426180,0.603142,0.106729,-2.976271,0.320000,0.400000,0.700000,0.000000,-0.600000,0.603142
941,-1.620011,0.511008,-24.455943,0.594607,0.109931,-2.970535,0.320000,0.380000,0.660000,0.000000,-0.600000,0.594607
942,-1.616064,0.515589,-24.485648,0.585974,0.112766,-2.962270,0.320000,0.380000,0.620000,0.000000,-0.600000,0.585974
943,-1.612069,0.520021,-24.515271,0.577258,0.115225,-2.951753,0.320000,0.360000,0.600000,0.000000,-0.600000,0.577258
944,-1.608030,0.524303,-24.544788,0.568473,0.117302,-2.939227,0.300000,0.360000,0.500000,0.000000,-0.600000,0.568473
945,-1.603950,0.528432,-24.574181,0.559636,0.118991,-2.924913,0.300000,0.340000,0.460000,0.000000,-0.400000,0.559636
946,-1.599835,0.532407,-24.603430,0.552750,0.120146,-2.915096,0.300000,0.340000,0.440000,0.000000,-0.400000,0.552750
947,-1.595670,0.536235,-24.632581,0.545835,0.120996,-2.904638,0.280000,0.320000,0.420000,0.000000,-0.400000,0.545835
948,-1.591461,0.539914,-24.661627,0.538902,0.121542,-2.893572,0.280000,0.320000,0.420000,0.000000,-0.400000,0.538902
949,-1.587211,0.543443,-24.690563,0.531961,0.121789,-2.881923,0.280000,0.300000,0.400000,0.000000,-0.400000,0.531961
950,-1.582924,0.546820,-24.719382,0.525022,0.121741,-2.869707,0.280000,0.300000,0.380000,0.000000,-0.400000,0.525022
951,-1.578605,0.550044,-24.748079,0.518097,0.121401,-2.856935,0.280000,0.300000,0.360000,0.000000,-0.400000,0.518097
952,-1.574258,0.553114,-24.776648,0.511195,0.120773,-2.843609,0.260000,0.280000,0.360000,0.000000,-0.400000,0.511195
953,-1.569888,0.556028,-24.805084,0.504327,0.119863,-2.829726,0.260000,0.280000,0.340000,0.000000,-0.400000,0.504327
954,-1.565499,0.558786,-24.833382,0.497502,0.118677,-2.815280,0.260000,0.280000,0.320000,0.000000,-0.400000,0.497502
955,-1.561095,0.561387,-24.861535,0.490729,0.117218,-2.800255,0.260000,0.260000,0.320000,0.000000,-0.400000,0.490729
956,-1.556681,0.563831,-24.889537,0.484018,0.115495,-2.784634,0.260000,0.260000,0.300000,0.000000,-0.400000,0.484018
957,-1.552261,0.566117,-24.917383,0.477377,0.113511,-2.768393,0.260000,0.260000,0.300000,0.000000,-0.400000,0.477377
958,-1.547840,0.568246,-24.945067,0.470816,0.111275,-2.751507,0.260000,0.260000,0.280000,0.000000,-0.400000,0.470816
959,-1.543422,0.570218,-24.972582,0.464343,0.108794,-2.733943,0.240000,0.240000,0.280000,0.000000,-0.400000,0.464343
960,-1.539012,0.572032,-24.999922,0.457966,0.106074,-2.715666,0.240000,0.240000,0.280000,0.000000,-0.400000,0.457966
961,-1.534613,0.573690,-25.027078,0.451693,0.103124,-2.696640,0.240000,0.240000,0.260000,0.000000,-0.400000,0.451693
962,-1.530230,0.575192,-25.054045,0.445531,0.099952,-2.676823,0.240000,0.240000,0.260000,0.000000,-0.400000,0.445531
963,-1.525867,0.576539,-25.080813,0.439489,0.096567,-2.656175,0.240000,0.240000,0.240000,0.000000,-0.400000,0.439489
964,-1.521528,0.577731,-25.107375,0.433573,0.092978,-2.634651,0.240000,0.220000,0.240000,0.000000,-0.400000,0.433573
965,-1.517218,0.578771,-25.133721,0.427789,0.089197,-2.612209,0.240000,0.220000,0.240000,0.000000,-0.400000,0.427789
966,-1.512939,0.579659,-25.159843,0.422145,0.085233,-2.588808,0.240000,0.220000,0.240000,0.000000,-0.400000,0.422145
967,-1.508696,0.580396,-25.185732,0.416646,0.081099,-2.564413,0.240000,0.220000,0.220000,0.000000,-0.400000,0.416646
968,-1.504492,0.580985,-25.211376,0.411299,0.076806,-2.538991,0.240000,0.220000,0.220000,0.000000,-0.400000,0.411299
969,-1.500332,0.581428,-25.236766,0.406108,0.072369,-2.512524,0.240000,0.220000,0.220000,0.000000,-0.400000,0.406108
970,-1.496217,0.581726,-25.261891,0.401079,0.067803,-2.485002,0.240000,0.200000,0.220000,0.000000,-0.400000,0.401079
971,-1.492153,0.581882,-25.286741,0.396217,0.063122,-2.456435,0.240000,0.200000,0.200000,0.000000,-0.400000,0.396217
972,-1.488141,0.581898,-25.311305,0.391524,0.058344,-2.426857,0.240000,0.200000,0.200000,0.000000,-0.400000,0.391524
973,-1.484184,0.581777,-25.335574,0.387005,0.053488,-2.396327,0.240000,0.200000,0.200000,0.000000,-0.400000,0.387005
974,-1.480285,0.581521,-25.359537,0.382663,0.048574,-2.364941,0.220000,0.200000,0.200000,0.000000,-0.400000,0.382663
975,-1.476448,0.581134,-25.383186,0.378499,0.043623,-2.332836,0.220000,0.200000,0.200000,0.000000,-0.400000,0.378499
976,-1.472673,0.580618,-25.406515,0.374516,0.038658,-2.300192,0.220000,0.200000,0.180000,0.000000,-0.400000,0.374516
977,-1.468962,0.579978,-25.429517,0.370714,0.033706,-2.267243,0.220000,0.200000,0.180000,0.000000,-0.600000,0.370714
978,-1.465319,0.579216,-25.452189,0.364870,0.028112,-2.263331,0.220000,0.200000,0.180000,0.000000,-0.600000,0.364870
979,-1.461766,0.578337,-25.474822,0.359203,0.022547,-2.261530,0.220000,0.180000,0.180000,0.000000,-0.600000,0.359203
980,-1.458307,0.577345,-25.497438,0.353715,0.017040,-2.261997,0.240000,0.180000,0.180000,0.000000,-0.600000,0.353715
981,-1.454942,0.576242,-25.520058,0.348411,0.011622,-2.264855,0.240000,0.180000,0.180000,0.000000,-0.400000,0.348411
982,-1.451672,0.575034,-25.542706,0.345687,0.007607,-2.215370,0.240000,0.180000,0.180000,0.000000,-0.400000,0.345687
983,-1.448471,0.573726,-25.564860,0.343116,0.003682,-2.169103,0.240000,0.180000,0.160000,0.200000,-0.400000,0.343116
984,-1.445340,0.572322,-25.586551,0.354693,-0.000116,-2.126510,0.240000,0.180000,0.160000,0.200000,-0.400000,0.354693
985,-1.442152,0.570766,-25.607816,0.366363,-0.003441,-2.099645,0.240000,0.180000,0.160000,0.200000,-0.400000,0.366363
986,-1.438910,0.569060,-25.628813,0.378113,-0.006275,-2.087253,0.240000,0.180000,0.160000,0.200000,-0.400000,0.378113
987,-1.435615,0.567205,-25.649685,0.389927,-0.008614,-2.087586,0.240000,0.180000,0.160000,0.200000,-0.600000,0.389927
988,-1.432267,0.565203,-25.670561,0.399341,-0.011973,-2.163235,0.240000,0.180000,0.160000,0.200000,-0.600000,0.399341
989,-1.428899,0.563055,-25.692193,0.408875,-0.014645,-2.242483,0.240000,0.180000,0.160000,0.200000,-0.600000,0.408875
990,-1.425511,0.560760,-25.714618,0.418512,-0.016655,-2.323516,0.240000,0.180000,0.160000,0.200000,-0.600000,0.418512
991,-1.422107,0.558321,-25.737853,0.428235,-0.018030,-2.404803,0.240000,0.180000,0.160000,0.200000,-0.600000,0.428235
992,-1.418687,0.555737,-25.761901,0.438022,-0.018797,-2.485102,0.260000,0.180000,0.160000,0.200000,-0.600000,0.438022
993,-1.415256,0.553007,-25.786752,0.447854,-0.018986,-2.563443,0.260000,0.180000,0.140000,0.200000,-0.600000,0.447854
994,-1.411817,0.550132,-25.812387,0.457710,-0.018622,-2.639093,0.260000,0.180000,0.140000,0.200000,-0.600000,0.457710
995,-1.408374,0.547110,-25.838778,0.467567,-0.017732,-2.711519,0.260000,0.180000,0.140000,0.200000,-0.600000,0.467567
996,-1.404932,0.543942,-25.865893,0.477404,-0.016341,-2.780347,0.280000,0.180000,0.140000,0.200000,-0.600000,0.477404
997,-1.401493,0.540625,-25.893696,0.487200,-0.014472,-2.845334,0.280000,0.180000,0.140000,0.200000,-0.600000,0.487200
998,-1.398065,0.537161,-25.922150,0.496934,-0.012147,-2.906332,0.300000,0.180000,0.140000,0.200000,-0.600000,0.496934
999,-1.394652,0.533547,-25.951213,0.506585,-0.009388,-2.963275,0.300000,0.180000,0.140000,0.200000,-0.600000,0.506585
