step,x,y,mu,vx,vy,omega,lidar_l,lidar_c,lidar_r,throttle,steering,reward
0,-1.128964,-1.845687,1.197690,0.000000,0.000000,0.000000,0.440000,0.340000,0.320000,0.300000,-0.400000,0.000000
1,-1.128964,-1.845687,1.197690,0.021000,0.000000,0.000000,0.440000,0.340000,0.320000,0.300000,-0.400000,0.021000
2,-1.128888,-1.845492,1.197690,0.038799,-0.007570,-0.323780,0.440000,0.340000,0.320000,0.300000,-0.400000,0.038799
3,-1.128676,-1.845158,1.194453,0.059970,-0.009728,-0.181099,0.440000,0.340000,0.320000,0.300000,-0.400000,0.059970
4,-1.128365,-1.844636,1.192642,0.079265,-0.011609,-0.456751,0.440000,0.340000,0.320000,0.300000,-0.400000,0.079265
5,-1.127964,-1.843942,1.188074,0.099194,-0.015378,-0.498475,0.440000,0.340000,0.320000,0.300000,-0.400000,0.099194
6,-1.127451,-1.843079,1.183089,0.119022,-0.018206,-0.606791,0.440000,0.340000,0.320000,0.300000,-0.500000,0.119022
7,-1.126833,-1.842046,1.177022,0.137456,-0.022904,-0.790843,0.440000,0.340000,0.320000,0.300000,-0.500000,0.137456
8,-1.126094,-1.840865,1.169113,0.156260,-0.026956,-0.938173,0.440000,0.340000,0.320000,0.300000,-0.500000,0.156260
9,-1.125235,-1.839532,1.159731,0.175265,-0.030475,-1.071532,0.440000,0.340000,0.320000,0.300000,-0.500000,0.175265
10,-1.124255,-1.838047,1.149016,0.194388,-0.033575,-1.197637,0.440000,0.360000,0.320000,0.300000,-0.500000,0.194388
11,-1.123153,-1.836411,1.137040,0.213588,-0.036312,-1.319126,0.440000,0.360000,0.320000,0.300000,-0.700000,0.213588
12,-1.121926,-1.834626,1.123848,0.229985,-0.040671,-1.521116,0.440000,0.360000,0.320000,0.300000,-0.700000,0.229985
13,-1.120565,-1.832727,1.108637,0.246640,-0.044462,-1.704787,0.460000,0.360000,0.320000,0.300000,-0.500000,0.246640
14,-1.119067,-1.830718,1.091589,0.266497,-0.045339,-1.774782,0.460000,0.360000,0.320000,0.300000,-0.500000,0.266497
15,-1.117436,-1.828562,1.073842,0.286217,-0.046083,-1.856197,0.460000,0.360000,0.320000,0.300000,-0.500000,0.286217
16,-1.115667,-1.826266,1.055280,0.305844,-0.046617,-1.943550,0.480000,0.360000,0.320000,0.300000,-0.500000,0.305844
17,-1.113753,-1.823835,1.035844,0.325398,-0.046879,-2.033742,0.480000,0.360000,0.320000,0.300000,-0.500000,0.325398
18,-1.111691,-1.821274,1.015507,0.344890,-0.046822,-2.124884,0.500000,0.360000,0.320000,0.300000,-0.500000,0.344890
19,-1.109475,-1.818591,0.994258,0.364322,-0.046407,-2.215748,0.500000,0.360000,0.320000,0.300000,-0.500000,0.364322
20,-1.107100,-1.815789,0.972100,0.383689,-0.045602,-2.305494,0.520000,0.360000,0.320000,0.300000,-0.500000,0.383689
21,-1.104561,-1.812877,0.949045,0.402986,-0.044380,-2.393511,0.520000,0.360000,0.320000,0.300000,-0.500000,0.402986
22,-1.101853,-1.809859,0.925110,0.422201,-0.042715,-2.479344,0.540000,0.380000,0.320000,0.300000,-0.500000,0.422201
23,-1.098971,-1.806744,0.900317,0.441322,-0.040587,-2.562639,0.560000,0.380000,0.320000,0.300000,-0.400000,0.441322
24,-1.095911,-1.803539,0.874691,0.461717,-0.036318,-2.572140,0.580000,0.380000,0.320000,0.300000,-0.400000,0.461717
25,-1.092672,-1.800229,0.848969,0.481827,-0.032054,-2.592167,0.600000,0.380000,0.320000,0.300000,-0.300000,0.481827
26,-1.089247,-1.796824,0.823047,0.502913,-0.025407,-2.522106,0.620000,0.380000,0.320000,0.300000,-0.300000,0.502913
27,-1.085641,-1.793309,0.797826,0.523596,-0.019355,-2.476210,0.640000,0.400000,0.320000,0.300000,-0.300000,0.523596
28,-1.081847,-1.789696,0.773064,0.543949,-0.013667,-2.448128,0.680000,0.400000,0.320000,0.300000,-0.300000,0.543949
29,-1.077858,-1.785996,0.748583,0.564020,-0.008172,-2.433337,0.700000,0.400000,0.320000,0.300000,-0.300000,0.564020
30,-1.073670,-1.782217,0.724250,0.583842,-0.002744,-2.428569,0.740000,0.420000,0.320000,0.300000,-0.200000,0.583842
31,-1.069279,-1.778369,0.699964,0.604425,0.005146,-2.327500,0.780000,0.420000,0.320000,0.300000,-0.200000,0.604425
32,-1.064689,-1.774436,0.676689,0.624696,0.012240,-2.249083,0.820000,0.420000,0.320000,0.300000,-0.200000,0.624696
33,-1.059895,-1.770428,0.654198,0.644709,0.018762,-2.188291,0.860000,0.440000,0.320000,0.300000,-0.200000,0.644709
34,-1.054893,-1.766356,0.632315,0.664506,0.024882,-2.141383,0.920000,0.440000,0.320000,0.300000,-0.200000,0.664506
35,-1.049680,-1.762228,0.610901,0.684111,0.030733,-2.105545,0.980000,0.440000,0.320000,0.300000,-0.200000,0.684111
36,-1.044252,-1.758052,0.589846,0.703542,0.036418,-2.078626,1.000000,0.460000,0.320000,0.300000,-0.200000,0.703542
37,-1.038608,-1.753837,0.569060,0.722813,0.042022,-2.058961,1.000000,0.460000,0.320000,0.300000,-0.200000,0.722813
38,-1.032746,-1.749588,0.548470,0.741931,0.047609,-2.045238,1.000000,0.460000,0.320000,0.300000,-0.200000,0.741931
39,-1.026663,-1.745313,0.528018,0.760900,0.053233,-2.036411,1.000000,0.480000,0.320000,0.300000,-0.200000,0.760900
40,-1.020358,-1.741020,0.507654,0.779721,0.058941,-2.031634,1.000000,0.480000,0.320000,0.300000,-0.200000,0.779721
41,-1.013831,-1.736714,0.487337,0.798394,0.064768,-2.030214,1.000000,0.500000,0.320000,0.300000,-0.200000,0.798394
42,-1.007080,-1.732403,0.467035,0.816918,0.070745,-2.031584,1.000000,0.520000,0.320000,0.300000,-0.200000,0.816918
43,-1.000104,-1.728093,0.446719,0.835289,0.076898,-2.035268,1.000000,0.520000,0.320000,0.300000,-0.200000,0.835289
44,-0.992903,-1.723791,0.426367,0.853503,0.083249,-2.040871,1.000000,0.540000,0.320000,0.300000,-0.200000,0.853503
45,-0.985476,-1.719504,0.405958,0.871555,0.089817,-2.048060,1.000000,0.560000,0.320000,0.200000,-0.200000,0.871555
46,-0.977824,-1.715237,0.385477,0.882439,0.096617,-2.056553,1.000000,0.580000,0.320000,0.200000,-0.200000,0.882439
47,-0.970010,-1.711024,0.364912,0.893150,0.103486,-2.065056,1.000000,0.600000,0.320000,0.200000,-0.200000,0.893150
48,-0.962036,-1.706869,0.344261,0.903686,0.110433,-2.073556,1.000000,0.620000,0.340000,0.200000,-0.200000,0.903686
49,-0.953902,-1.702780,0.323526,0.914044,0.117462,-2.082041,1.000000,0.640000,0.340000,0.200000,-0.200000,0.914044
50,-0.945609,-1.698760,0.302705,0.924223,0.124580,-2.090504,1.000000,0.680000,0.340000,0.200000,-0.200000,0.924223
51,-0.937159,-1.694816,0.281800,0.934220,0.131791,-2.098935,1.000000,0.720000,0.340000,0.200000,-0.200000,0.934220
52,-0.928552,-1.690952,0.260811,0.944034,0.139100,-2.107332,1.000000,0.760000,0.340000,0.200000,-0.200000,0.944034
53,-0.919789,-1.687174,0.239737,0.953661,0.146510,-2.115689,1.000000,0.800000,0.360000,0.200000,-0.200000,0.953661
54,-0.910873,-1.683486,0.218581,0.963099,0.154024,-2.124006,1.000000,0.880000,0.360000,0.200000,-0.200000,0.963099
55,-0.901805,-1.679894,0.197341,0.972345,0.161645,-2.132283,1.000000,0.940000,0.360000,0.200000,-0.200000,0.972345
56,-0.892588,-1.676403,0.176018,0.981396,0.169374,-2.140521,1.000000,1.000000,0.380000,0.200000,-0.200000,0.981396
57,-0.883222,-1.673017,0.154612,0.990250,0.177215,-2.148723,1.000000,1.000000,0.380000,0.200000,-0.200000,0.990250
58,-0.873710,-1.669741,0.133125,0.998903,0.185168,-2.156893,1.000000,1.000000,0.380000,0.200000,-0.200000,0.998903
59,-0.864055,-1.666580,0.111556,1.007351,0.193235,-2.165036,0.980000,1.000000,0.400000,0.200000,-0.200000,1.007351
60,-0.854260,-1.663538,0.089906,1.015593,0.201417,-2.173158,0.900000,1.000000,0.420000,0.200000,-0.200000,1.015593
61,-0.844326,-1.660620,0.068174,1.023624,0.209715,-2.181268,0.840000,1.000000,0.420000,0.200000,-0.200000,1.023624
62,-0.834256,-1.657830,0.046362,1.031441,0.218129,-2.189371,0.800000,1.000000,0.440000,0.200000,-0.200000,1.031441
63,-0.824054,-1.655173,0.024468,1.039040,0.226661,-2.197479,0.740000,1.000000,0.460000,0.200000,-0.200000,1.039040
64,-0.813722,-1.652653,0.002493,1.046419,0.235310,-2.205599,0.720000,1.000000,0.480000,0.200000,-0.200000,1.046419
65,-0.803264,-1.650274,-0.019563,1.053573,0.244076,-2.213742,0.680000,1.000000,0.500000,0.200000,-0.200000,1.053573
66,-0.792682,-1.648040,-0.041700,1.060499,0.252960,-2.221919,0.640000,1.000000,0.540000,0.200000,-0.200000,1.060499
67,-0.781981,-1.645955,-0.063919,1.067193,0.261963,-2.230140,0.620000,1.000000,0.560000,0.200000,-0.200000,1.067193
68,-0.771164,-1.644022,-0.086221,1.073652,0.271082,-2.238417,0.600000,1.000000,0.600000,0.200000,-0.200000,1.073652
69,-0.760233,-1.642246,-0.108605,1.079870,0.280319,-2.246761,0.560000,1.000000,0.660000,0.200000,-0.200000,1.079870
70,-0.749195,-1.640630,-0.131073,1.085846,0.289674,-2.255185,0.540000,1.000000,0.720000,0.200000,-0.400000,1.085846
71,-0.738051,-1.639177,-0.153624,1.089574,0.298625,-2.285926,0.520000,1.000000,0.780000,0.200000,-0.400000,1.089574
72,-0.726826,-1.637893,-0.176484,1.093000,0.307922,-2.314864,0.500000,1.000000,0.880000,0.200000,-0.400000,1.093000
73,-0.715525,-1.636781,-0.199632,1.096115,0.317542,-2.342064,0.500000,1.000000,1.000000,0.200000,-0.400000,1.096115
74,-0.704152,-1.635842,-0.223053,1.098912,0.327460,-2.367593,0.480000,1.000000,1.000000,0.200000,-0.400000,1.098912
75,-0.692711,-1.635079,-0.246729,1.101385,0.337654,-2.391526,0.460000,1.000000,1.000000,0.200000,-0.400000,1.101385
76,-0.681206,-1.634495,-0.270644,1.103526,0.348101,-2.413937,0.440000,0.960000,1.000000,0.200000,-0.400000,1.103526
77,-0.669642,-1.634091,-0.294784,1.105331,0.358780,-2.434906,0.440000,0.880000,1.000000,0.200000,-0.400000,1.105331
78,-0.658023,-1.633869,-0.319133,1.106794,0.369669,-2.454510,0.420000,0.820000,1.000000,0.200000,-0.400000,1.106794
79,-0.646354,-1.633832,-0.343678,1.107910,0.380747,-2.472828,0.400000,0.760000,1.000000,0.200000,-0.400000,1.107910
80,-0.634640,-1.633980,-0.368406,1.108677,0.391994,-2.489938,0.400000,0.720000,1.000000,0.200000,-0.400000,1.108677
81,-0.622885,-1.634316,-0.393305,1.109090,0.403391,-2.505915,0.380000,0.660000,1.000000,0.200000,-0.400000,1.109090
82,-0.611095,-1.634841,-0.418364,1.109147,0.414919,-2.520835,0.380000,0.640000,1.000000,0.200000,-0.400000,1.109147
83,-0.599275,-1.635555,-0.443573,1.108846,0.426559,-2.534769,0.360000,0.600000,1.000000,0.200000,-0.400000,1.108846
84,-0.587429,-1.636461,-0.468921,1.108184,0.438294,-2.547787,0.360000,0.560000,1.000000,0.200000,-0.400000,1.108184
85,-0.575562,-1.637560,-0.494398,1.107161,0.450106,-2.559957,0.340000,0.540000,1.000000,0.200000,-0.400000,1.107161
86,-0.563681,-1.638851,-0.519998,1.105775,0.461980,-2.571341,0.340000,0.520000,1.000000,0.200000,-0.400000,1.105775
87,-0.551789,-1.640336,-0.545711,1.104026,0.473899,-2.582001,0.320000,0.480000,1.000000,0.200000,-0.400000,1.104026
88,-0.539893,-1.642016,-0.571531,1.101914,0.485847,-2.591996,0.320000,0.460000,1.000000,-0.300000,-0.400000,1.101914
89,-0.527997,-1.643890,-0.597451,1.064438,0.497810,-2.601380,0.320000,0.440000,1.000000,-0.300000,-0.400000,1.064438
90,-0.516396,-1.645762,-0.623465,1.026600,0.508816,-2.609334,0.300000,0.420000,0.900000,-0.300000,-0.400000,1.026600
91,-0.505091,-1.647625,-0.649558,0.988431,0.518843,-2.616143,0.300000,0.400000,0.820000,-0.300000,-0.400000,0.988431
92,-0.494081,-1.649472,-0.675720,0.949959,0.527875,-2.622056,0.300000,0.400000,0.760000,-0.300000,-0.400000,0.949959
93,-0.483367,-1.651294,-0.701940,0.911217,0.535898,-2.627290,0.280000,0.380000,0.700000,-0.300000,-0.400000,0.911217
94,-0.472949,-1.653086,-0.728213,0.872233,0.542901,-2.632033,0.280000,0.360000,0.660000,-0.500000,-0.300000,0.872233
95,-0.462826,-1.654839,-0.754534,0.819996,0.548643,-2.646368,0.280000,0.360000,0.600000,-0.500000,-0.300000,0.819996
96,-0.453093,-1.656458,-0.780997,0.767525,0.553065,-2.661099,0.260000,0.340000,0.580000,-0.500000,-0.300000,0.767525
97,-0.443749,-1.657934,-0.807608,0.714852,0.556157,-2.676377,0.260000,0.340000,0.540000,-0.500000,-0.300000,0.714852
98,-0.434789,-1.659255,-0.834372,0.662008,0.557910,-2.692325,0.260000,0.320000,0.500000,-0.500000,-0.300000,0.662008
99,-0.426209,-1.660413,-0.861295,0.609025,0.558316,-2.709047,0.260000,0.320000,0.480000,-0.500000,-0.300000,0.609025
100,-0.418005,-1.661396,-0.888386,0.555936,0.557367,-2.726625,0.260000,0.300000,0.460000,-0.600000,-0.300000,0.555936
101,-0.410174,-1.662195,-0.915652,0.495773,0.555053,-2.745121,0.260000,0.300000,0.440000,-0.600000,-0.300000,0.495773
102,-0.402752,-1.662745,-0.943103,0.435569,0.551170,-2.764720,0.240000,0.300000,0.420000,-0.600000,-0.300000,0.435569
103,-0.395733,-1.663033,-0.970751,0.375362,0.545709,-2.785454,0.240000,0.280000,0.400000,-0.600000,-0.300000,0.375362
104,-0.389109,-1.663050,-0.998605,0.315193,0.538656,-2.807328,0.240000,0.280000,0.380000,-0.600000,-0.300000,0.315193
105,-0.382874,-1.662783,-1.026678,0.255103,0.529999,-2.830320,0.240000,0.280000,0.380000,-0.600000,-0.300000,0.255103
106,-0.377019,-1.662222,-1.054982,0.195135,0.519723,-2.854379,0.240000,0.280000,0.360000,-0.600000,-0.300000,0.195135
107,-0.371535,-1.661356,-1.083525,0.135334,0.507814,-2.879426,0.240000,0.280000,0.360000,-0.600000,-0.300000,0.135334
108,-0.366415,-1.660174,-1.112320,0.075748,0.494254,-2.905358,0.240000,0.260000,0.340000,-0.600000,-0.300000,0.075748
109,-0.361647,-1.658666,-1.141373,0.016428,0.479026,-2.932054,0.240000,0.260000,0.340000,0.200000,-0.300000,0.016428
110,-0.357224,-1.656821,-1.170694,0.013426,0.462112,-2.959390,0.240000,0.260000,0.340000,0.200000,-0.300000,0.013426
111,-0.352915,-1.655144,-1.200288,0.010794,0.445114,-2.986753,0.240000,0.260000,0.320000,0.200000,-0.300000,0.010794
112,-0.348727,-1.653633,-1.230155,0.008543,0.428044,-3.014141,0.240000,0.260000,0.320000,0.200000,-0.300000,0.008543
113,-0.344664,-1.652284,-1.260297,0.006685,0.410909,-3.041551,0.240000,0.260000,0.320000,0.200000,-0.300000,0.006685
114,-0.340731,-1.651092,-1.290712,0.005231,0.393722,-3.068978,0.240000,0.260000,0.300000,0.200000,-0.300000,0.005231
115,-0.336933,-1.650054,-1.321402,0.004192,0.376492,-3.096420,0.260000,0.260000,0.300000,0.200000,-0.300000,0.004192
116,-0.333274,-1.649165,-1.352366,0.003578,0.359232,-3.123871,0.260000,0.260000,0.300000,0.200000,-0.300000,0.003578
117,-0.329759,-1.648422,-1.383605,0.003400,0.341955,-3.151329,0.260000,0.260000,0.300000,0.200000,-0.300000,0.003400
118,-0.326393,-1.647819,-1.415118,0.003668,0.324673,-3.178789,0.260000,0.260000,0.280000,0.200000,-0.300000,0.003668
119,-0.323180,-1.647351,-1.446906,0.004391,0.307400,-3.206247,0.260000,0.260000,0.280000,0.200000,-0.300000,0.004391
120,-0.320124,-1.647015,-1.478968,0.005579,0.290150,-3.233700,0.260000,0.260000,0.280000,0.200000,-0.300000,0.005579
121,-0.317230,-1.646805,-1.511305,0.007240,0.272939,-3.261144,0.260000,0.260000,0.280000,0.200000,-0.300000,0.007240
122,-0.314501,-1.646715,-1.543917,0.009382,0.255781,-3.288577,0.260000,0.260000,0.280000,0.200000,-0.300000,0.009382
123,-0.311941,-1.646740,-1.576803,0.012014,0.238693,-3.316000,0.260000,0.260000,0.260000,0.200000,-0.300000,0.012014
124,-0.309555,-1.646874,-1.609963,0.015141,0.221691,-3.343415,0.280000,0.260000,0.260000,0.200000,-0.300000,0.015141
125,-0.307346,-1.647112,-1.643397,0.018770,0.204791,-3.370829,0.280000,0.260000,0.260000,0.200000,-0.300000,0.018770
126,-0.305317,-1.647448,-1.677105,0.022907,0.188011,-3.398250,0.280000,0.260000,0.260000,0.200000,-0.400000,0.022907
127,-0.303472,-1.647875,-1.711088,0.026619,0.171718,-3.410743,0.280000,0.260000,0.260000,0.200000,-0.400000,0.026619
128,-0.301809,-1.648379,-1.745195,0.030860,0.155544,-3.423298,0.280000,0.260000,0.260000,0.200000,-0.400000,0.030860
129,-0.300330,-1.648953,-1.779428,0.035631,0.139510,-3.435823,0.300000,0.260000,0.260000,0.200000,-0.400000,0.035631
130,-0.299039,-1.649590,-1.813786,0.040938,0.123649,-3.447593,0.300000,0.260000,0.260000,0.200000,-0.400000,0.040938
131,-0.297938,-1.650285,-1.848262,0.046823,0.108078,-3.454289,0.300000,0.260000,0.260000,0.200000,-0.400000,0.046823
132,-0.297027,-1.651032,-1.882805,0.053502,0.093331,-3.433762,0.320000,0.260000,0.240000,0.200000,-0.400000,0.053502
133,-0.296303,-1.651827,-1.917143,0.061613,0.080931,-3.321330,0.320000,0.260000,0.240000,0.300000,-0.400000,0.061613
134,-0.295750,-1.652682,-1.950356,0.078202,0.070999,-3.110969,0.320000,0.260000,0.240000,0.300000,-0.400000,0.078202
135,-0.295381,-1.653671,-1.981466,0.095235,0.061347,-2.902925,0.340000,0.260000,0.240000,0.300000,-0.400000,0.095235
136,-0.295198,-1.654789,-2.010495,0.112644,0.051880,-2.698897,0.340000,0.280000,0.240000,0.300000,-0.400000,0.112644
137,-0.295208,-1.656029,-2.037484,0.130386,0.042560,-2.498847,0.360000,0.280000,0.240000,0.300000,-0.400000,0.130386
138,-0.295415,-1.657385,-2.062472,0.148424,0.033368,-2.303287,0.360000,0.280000,0.240000,0.300000,-0.400000,0.148424
139,-0.295822,-1.658851,-2.085505,0.166721,0.024314,-2.114078,0.360000,0.280000,0.240000,0.300000,-0.400000,0.166721
140,-0.296431,-1.660422,-2.106646,0.185246,0.015462,-1.935439,0.380000,0.280000,0.240000,0.300000,-0.400000,0.185246
141,-0.297244,-1.662094,-2.126000,0.203965,0.006959,-1.775005,0.380000,0.280000,0.240000,0.300000,-0.400000,0.203965
142,-0.298260,-1.663864,-2.143750,0.222849,-0.000953,-1.643805,0.380000,0.280000,0.240000,0.300000,-0.400000,0.222849
143,-0.299476,-1.665731,-2.160188,0.241872,-0.007994,-1.553064,0.400000,0.280000,0.240000,0.300000,-0.400000,0.241872
144,-0.300887,-1.667697,-2.175719,0.261010,-0.013965,-1.508003,0.400000,0.280000,0.240000,0.300000,-0.400000,0.261010
145,-0.302486,-1.669765,-2.190799,0.280249,-0.018836,-1.504579,0.400000,0.280000,0.240000,0.300000,-0.500000,0.280249
146,-0.304267,-1.671936,-2.205845,0.298243,-0.024099,-1.592665,0.420000,0.280000,0.240000,0.300000,-0.500000,0.298243
147,-0.306231,-1.674194,-2.221772,0.316425,-0.028266,-1.693313,0.420000,0.280000,0.240000,0.300000,-0.500000,0.316425
148,-0.308373,-1.676540,-2.238705,0.334765,-0.031472,-1.800382,0.420000,0.280000,0.240000,0.300000,-0.500000,0.334765
149,-0.310693,-1.678973,-2.256708,0.353232,-0.033824,-1.909730,0.440000,0.300000,0.240000,0.300000,-0.500000,0.353232
150,-0.313192,-1.681493,-2.275806,0.371797,-0.035398,-2.018729,0.440000,0.300000,0.240000,0.300000,-0.500000,0.371797
151,-0.315871,-1.684095,-2.295993,0.390431,-0.036249,-2.125760,0.460000,0.300000,0.240000,0.300000,-0.400000,0.390431
152,-0.318732,-1.686776,-2.317251,0.410474,-0.034826,-2.161794,0.480000,0.300000,0.240000,0.300000,-0.400000,0.410474
153,-0.321775,-1.689553,-2.338869,0.430385,-0.033161,-2.206365,0.480000,0.300000,0.240000,0.300000,-0.400000,0.430385
154,-0.325004,-1.692418,-2.360932,0.450173,-0.031200,-2.256544,0.500000,0.300000,0.240000,0.300000,-0.400000,0.450173
155,-0.328422,-1.695365,-2.383498,0.469842,-0.028903,-2.310276,0.520000,0.300000,0.240000,0.300000,-0.400000,0.469842
156,-0.332032,-1.698385,-2.406600,0.489390,-0.026237,-2.366082,0.540000,0.320000,0.240000,0.300000,-0.400000,0.489390
157,-0.335839,-1.701472,-2.430261,0.508811,-0.023174,-2.422877,0.580000,0.320000,0.240000,0.300000,-0.300000,0.508811
158,-0.339844,-1.704619,-2.454490,0.529319,-0.017695,-2.394433,0.600000,0.320000,0.240000,0.300000,-0.300000,0.529319
159,-0.344048,-1.707839,-2.478434,0.549546,-0.012440,-2.380132,0.640000,0.320000,0.240000,0.300000,-0.300000,0.549546
160,-0.348456,-1.711124,-2.502236,0.569526,-0.007272,-2.376414,0.680000,0.340000,0.240000,0.300000,-0.300000,0.569526
161,-0.353069,-1.714464,-2.526000,0.589282,-0.002087,-2.380679,0.720000,0.340000,0.240000,0.300000,-0.200000,0.589282
162,-0.357893,-1.717850,-2.549807,0.609821,0.005591,-2.288458,0.700000,0.340000,0.240000,0.300000,-0.300000,0.609821
163,-0.362923,-1.721298,-2.572691,0.629055,0.010295,-2.313084,0.700000,0.340000,0.240000,0.300000,-0.300000,0.629055
164,-0.368167,-1.724774,-2.595822,0.648121,0.015303,-2.339935,0.720000,0.360000,0.240000,0.300000,-0.200000,0.648121
165,-0.373627,-1.728269,-2.619221,0.668030,0.022743,-2.278362,0.800000,0.360000,0.240000,0.300000,-0.200000,0.668030
166,-0.379303,-1.731799,-2.642005,0.687693,0.029738,-2.230129,0.900000,0.380000,0.240000,0.300000,-0.200000,0.687693
167,-0.385197,-1.735354,-2.664306,0.707140,0.036424,-2.192565,0.940000,0.380000,0.240000,0.300000,-0.200000,0.707140
168,-0.391311,-1.738926,-2.686232,0.726390,0.042910,-2.163625,0.940000,0.400000,0.240000,0.300000,-0.200000,0.726390
169,-0.397646,-1.742506,-2.707868,0.745456,0.049281,-2.141723,1.000000,0.400000,0.240000,0.300000,-0.200000,0.745456
170,-0.404203,-1.746086,-2.729285,0.764349,0.055605,-2.125607,1.000000,0.420000,0.240000,0.300000,-0.200000,0.764349
171,-0.410983,-1.749659,-2.750542,0.783073,0.061940,-2.114279,1.000000,0.440000,0.240000,0.300000,-0.200000,0.783073
172,-0.417987,-1.753216,-2.771684,0.801630,0.068331,-2.106932,1.000000,0.440000,0.240000,0.300000,-0.200000,0.801630
173,-0.425214,-1.756751,-2.792754,0.820022,0.074817,-2.102907,1.000000,0.460000,0.260000,0.300000,-0.200000,0.820022
174,-0.432664,-1.760257,-2.813783,0.838247,0.081432,-2.101660,1.000000,0.480000,0.260000,0.300000,-0.200000,0.838247
175,-0.440338,-1.763727,-2.834799,0.856303,0.088201,-2.102739,1.000000,0.500000,0.260000,0.200000,-0.200000,0.856303
176,-0.448235,-1.767154,-2.855827,0.867186,0.095148,-2.105765,1.000000,0.520000,0.260000,0.200000,-0.200000,0.867186
177,-0.456287,-1.770511,-2.876884,0.877892,0.102114,-2.109336,1.000000,0.560000,0.260000,0.200000,-0.200000,0.877892
178,-0.464493,-1.773794,-2.897978,0.888420,0.109111,-2.113378,1.000000,0.600000,0.260000,0.200000,-0.200000,0.888420
179,-0.472852,-1.776996,-2.919111,0.898771,0.116151,-2.117830,1.000000,0.600000,0.260000,0.200000,-0.200000,0.898771
180,-0.481362,-1.780112,-2.940290,0.908943,0.123243,-2.122638,1.000000,0.600000,0.260000,0.200000,-0.200000,0.908943
181,-0.490021,-1.783137,-2.961516,0.918935,0.130397,-2.127756,1.000000,0.580000,0.280000,0.200000,-0.200000,0.918935
182,-0.498828,-1.786065,-2.982794,0.928746,0.137621,-2.133143,1.000000,0.580000,0.280000,0.200000,-0.200000,0.928746
183,-0.507781,-1.788893,-3.004125,0.938374,0.144920,-2.138766,1.000000,0.660000,0.280000,0.200000,-0.200000,0.938374
184,-0.516878,-1.791614,-3.025513,0.947818,0.152301,-2.144595,1.000000,0.760000,0.300000,0.200000,-0.200000,0.947818
185,-0.526116,-1.794225,-3.046959,0.957074,0.159768,-2.150608,1.000000,0.840000,0.300000,0.200000,-0.200000,0.957074
186,-0.535493,-1.796720,-3.068465,0.966141,0.167327,-2.156783,1.000000,0.820000,0.300000,0.200000,-0.200000,0.966141
187,-0.545006,-1.799094,-3.090033,0.975016,0.174981,-2.163103,1.000000,0.820000,0.320000,0.200000,-0.200000,0.975016
188,-0.554653,-1.801344,-3.111664,0.983696,0.182732,-2.169556,1.000000,0.880000,0.340000,0.200000,-0.200000,0.983696
189,-0.564431,-1.803465,-3.133359,0.992179,0.190585,-2.176131,1.000000,0.880000,0.340000,0.200000,-0.200000,0.992179
190,-0.574337,-1.805453,-3.155121,1.000462,0.198541,-2.182819,1.000000,0.960000,0.360000,0.200000,-0.200000,1.000462
191,-0.584367,-1.807303,-3.176949,1.008541,0.206603,-2.189616,1.000000,0.940000,0.380000,0.200000,-0.200000,1.008541
192,-0.594520,-1.809011,-3.198845,1.016414,0.214772,-2.196516,1.000000,0.940000,0.400000,0.200000,-0.200000,1.016414
193,-0.604790,-1.810573,-3.220810,1.024077,0.223050,-2.203519,1.000000,0.920000,0.420000,0.200000,-0.200000,1.024077
194,-0.615175,-1.811987,-3.242845,1.031527,0.231438,-2.210624,1.000000,0.960000,0.460000,0.200000,-0.200000,1.031527
195,-0.625671,-1.813246,-3.264952,1.038761,0.239937,-2.217832,1.000000,0.960000,0.480000,0.200000,-0.200000,1.038761
196,-0.636275,-1.814349,-3.287130,1.045774,0.248548,-2.225147,1.000000,0.960000,0.480000,0.200000,-0.200000,1.045774
197,-0.646983,-1.815292,-3.309381,1.052565,0.257272,-2.232570,0.680000,0.940000,0.460000,0.200000,-0.200000,1.052565
198,-0.657790,-1.816071,-3.331707,1.059128,0.266108,-2.240108,0.660000,0.980000,0.440000,0.200000,-0.200000,1.059128
199,-0.668694,-1.816682,-3.354108,1.065459,0.275058,-2.247767,0.640000,0.980000,0.500000,0.200000,-0.200000,1.065459
200,-0.679689,-1.817124,-3.376586,1.071557,0.284121,-2.255551,0.540000,0.980000,0.600000,0.200000,-0.300000,1.071557
201,-0.690771,-1.817392,-3.399141,1.076416,0.292851,-2.282585,0.520000,0.960000,0.700000,0.200000,-0.400000,1.076416
202,-0.701926,-1.817482,-3.421967,1.079990,0.301828,-2.311608,0.500000,1.000000,0.700000,0.200000,-0.400000,1.079990
203,-0.713140,-1.817394,-3.445083,1.083262,0.311128,-2.338924,0.500000,1.000000,0.680000,0.200000,-0.300000,1.083262
204,-0.724407,-1.817126,-3.468472,1.087221,0.320777,-2.362579,0.480000,1.000000,0.760000,0.200000,-0.400000,1.087221
205,-0.735734,-1.816673,-3.492098,1.089874,0.330662,-2.386762,0.460000,1.000000,0.740000,0.200000,-0.400000,1.089874
206,-0.747105,-1.816036,-3.515966,1.092204,0.340804,-2.409437,0.460000,1.000000,0.820000,0.200000,-0.400000,1.092204
207,-0.758517,-1.815214,-3.540060,1.094207,0.351184,-2.430677,0.440000,1.000000,0.800000,0.200000,-0.400000,1.094207
208,-0.769965,-1.814205,-3.564367,1.095875,0.361778,-2.450558,0.420000,1.000000,0.800000,0.200000,-0.400000,1.095875
209,-0.781443,-1.813008,-3.588873,1.097206,0.372569,-2.469154,0.420000,1.000000,0.780000,0.200000,-0.400000,1.097206
210,-0.792947,-1.811622,-3.613564,1.098195,0.383535,-2.486539,0.400000,1.000000,0.820000,0.200000,-0.400000,1.098195
211,-0.804472,-1.810045,-3.638429,1.098838,0.394657,-2.502789,0.400000,1.000000,0.820000,0.200000,-0.400000,1.098838
212,-0.816013,-1.808277,-3.663457,1.099132,0.405917,-2.517975,0.380000,1.000000,0.800000,0.200000,-0.400000,1.099132
213,-0.827565,-1.806316,-3.688637,1.099075,0.417297,-2.532168,0.380000,1.000000,0.800000,0.200000,-0.400000,1.099075
214,-0.839122,-1.804163,-3.713959,1.098665,0.428778,-2.545436,0.360000,1.000000,0.840000,0.200000,-0.400000,1.098665
215,-0.850680,-1.801817,-3.739413,1.097900,0.440345,-2.557844,0.360000,1.000000,0.840000,0.200000,-0.400000,1.097900
216,-0.862233,-1.799277,-3.764992,1.096779,0.451981,-2.569457,0.340000,1.000000,0.840000,0.200000,-0.400000,1.096779
217,-0.873777,-1.796544,-3.790686,1.095301,0.463669,-2.580334,0.340000,1.000000,0.860000,0.200000,-0.400000,1.095301
218,-0.885305,-1.793617,-3.816490,1.093466,0.475395,-2.590533,0.340000,0.520000,0.860000,0.200000,-0.400000,1.093466
219,-0.896813,-1.790497,-3.842395,1.091274,0.487143,-2.600109,0.320000,0.500000,0.860000,-0.300000,-0.400000,1.091274
220,-0.908295,-1.787183,-3.868396,1.053725,0.498900,-2.609113,0.320000,0.480000,0.860000,-0.300000,-0.400000,1.053725
221,-0.919485,-1.783910,-3.894487,1.015819,0.509692,-2.616754,0.300000,0.460000,0.860000,-0.300000,-0.400000,1.015819
222,-0.930382,-1.780683,-3.920655,0.977589,0.519498,-2.623310,0.300000,0.440000,0.860000,-0.300000,-0.400000,0.977589
223,-0.940988,-1.777511,-3.946888,0.939063,0.528303,-2.629023,0.300000,0.420000,0.860000,-0.300000,-0.400000,0.939063
224,-0.951304,-1.774401,-3.973178,0.900272,0.536093,-2.634103,0.300000,0.420000,0.860000,-0.300000,-0.400000,0.900272
225,-0.961331,-1.771360,-3.999519,0.861247,0.542859,-2.638733,0.280000,0.340000,0.860000,-0.300000,-0.400000,0.861247
226,-0.971071,-1.768395,-4.025906,0.822015,0.548593,-2.643069,0.280000,0.340000,0.880000,-0.300000,-0.400000,0.822015
227,-0.980524,-1.765514,-4.052337,0.782606,0.553290,-2.647250,0.280000,0.320000,0.880000,-0.300000,-0.400000,0.782606
228,-0.989693,-1.762724,-4.078809,0.743048,0.556945,-2.651392,0.280000,0.320000,0.880000,-0.300000,-0.400000,0.743048
229,-0.998581,-1.760033,-4.105323,0.703368,0.559555,-2.655600,0.260000,0.320000,0.900000,-0.300000,-0.400000,0.703368
230,-1.007189,-1.757448,-4.131879,0.663595,0.561120,-2.659961,0.260000,0.300000,0.900000,-0.300000,-0.400000,0.663595
231,-1.015521,-1.754977,-4.158479,0.623755,0.561637,-2.664551,0.260000,0.300000,0.920000,-0.300000,-0.400000,0.623755
232,-1.023578,-1.752626,-4.185125,0.583875,0.561108,-2.669437,0.260000,0.300000,0.920000,-0.300000,-0.400000,0.583875
233,-1.031365,-1.750404,-4.211819,0.543981,0.559532,-2.674674,0.260000,0.280000,0.940000,-0.300000,-0.400000,0.543981
234,-1.038885,-1.748316,-4.238566,0.504100,0.556911,-2.680312,0.260000,0.280000,0.940000,-0.300000,-0.400000,0.504100
235,-1.046140,-1.746372,-4.265369,0.464258,0.553245,-2.686388,0.240000,0.280000,0.960000,-0.300000,-0.400000,0.464258
236,-1.053136,-1.744577,-4.292233,0.424480,0.548536,-2.692938,0.240000,0.260000,0.980000,-0.300000,-0.400000,0.424480
237,-1.059876,-1.742939,-4.319162,0.384794,0.542785,-2.699988,0.240000,0.260000,0.380000,-0.600000,-0.300000,0.384794
238,-1.066364,-1.741465,-4.346162,0.325170,0.535666,-2.721632,0.240000,0.260000,0.380000,-0.600000,-0.300000,0.325170
239,-1.072530,-1.740347,-4.373378,0.265623,0.527009,-2.744386,0.240000,0.260000,0.360000,-0.600000,-0.300000,0.265623
240,-1.078383,-1.739594,-4.400822,0.206192,0.516800,-2.768212,0.240000,0.260000,0.360000,-0.600000,-0.300000,0.206192
241,-1.083935,-1.739216,-4.428504,0.146920,0.505024,-2.793040,0.240000,0.260000,0.340000,-0.600000,-0.300000,0.146920
242,-1.089194,-1.739220,-4.456435,0.087850,0.491665,-2.818777,0.240000,0.240000,0.340000,-0.600000,-0.300000,0.087850
243,-1.094173,-1.739615,-4.484622,0.029030,0.476706,-2.845310,0.240000,0.240000,0.340000,0.200000,-0.300000,0.029030
244,-1.098883,-1.740408,-4.513075,0.026509,0.460129,-2.872514,0.240000,0.240000,0.320000,0.200000,-0.300000,0.026509
245,-1.103445,-1.741060,-4.541801,0.024334,0.443488,-2.899740,0.240000,0.240000,0.320000,0.200000,-0.300000,0.024334
246,-1.107857,-1.741573,-4.570798,0.022517,0.426792,-2.926987,0.240000,0.240000,0.320000,0.200000,-0.300000,0.022517
247,-1.112114,-1.741952,-4.600068,0.021067,0.410049,-2.954249,0.260000,0.240000,0.320000,0.200000,-0.300000,0.021067
248,-1.116212,-1.742202,-4.629610,0.019996,0.393271,-2.981525,0.260000,0.240000,0.320000,0.200000,-0.300000,0.019996
249,-1.120148,-1.742328,-4.659426,0.019314,0.376467,-3.008811,0.260000,0.240000,0.260000,0.200000,-0.300000,0.019314
250,-1.123918,-1.742335,-4.689514,0.019029,0.359647,-3.036102,0.260000,0.240000,0.260000,0.200000,-0.300000,0.019029
251,-1.127518,-1.742227,-4.719875,0.019152,0.342824,-3.063397,0.260000,0.240000,0.260000,0.200000,-0.300000,0.019152
252,-1.130944,-1.742009,-4.750509,0.019693,0.326009,-3.090690,0.260000,0.240000,0.260000,0.200000,-0.300000,0.019693
253,-1.134194,-1.741688,-4.781416,0.020659,0.309214,-3.117978,0.260000,0.240000,0.260000,0.200000,-0.300000,0.020659
254,-1.137265,-1.741269,-4.812595,0.022060,0.292453,-3.145258,0.260000,0.240000,0.260000,0.200000,-0.300000,0.022060
255,-1.140153,-1.740757,-4.844048,0.023903,0.275740,-3.172527,0.280000,0.240000,0.240000,0.200000,-0.300000,0.023903
256,-1.142855,-1.740158,-4.875773,0.026196,0.259088,-3.199781,0.280000,0.240000,0.240000,0.200000,-0.300000,0.026196
257,-1.145369,-1.739478,-4.907771,0.028947,0.242512,-3.227018,0.280000,0.240000,0.240000,0.200000,-0.300000,0.028947
258,-1.147692,-1.738723,-4.940041,0.032161,0.226027,-3.254234,0.280000,0.240000,0.240000,0.200000,-0.300000,0.032161
259,-1.149821,-1.737900,-4.972584,0.035844,0.209649,-3.281423,0.300000,0.240000,0.240000,0.200000,-0.300000,0.035844
260,-1.151755,-1.737014,-5.005398,0.040003,0.193393,-3.308563,0.300000,0.240000,0.240000,0.200000,-0.400000,0.040003
261,-1.153491,-1.736073,-5.038483,0.043702,0.177625,-3.320774,0.300000,0.260000,0.240000,0.200000,-0.400000,0.043702
262,-1.155033,-1.735090,-5.071691,0.047899,0.161977,-3.332889,0.320000,0.260000,0.240000,0.200000,-0.400000,0.047899
263,-1.156381,-1.734072,-5.105020,0.052597,0.146472,-3.344633,0.320000,0.260000,0.240000,0.200000,-0.400000,0.052597
264,-1.157533,-1.733025,-5.138466,0.057805,0.131146,-3.355085,0.320000,0.260000,0.240000,0.200000,-0.400000,0.057805
265,-1.158488,-1.731957,-5.172017,0.063551,0.116084,-3.361222,0.340000,0.260000,0.240000,0.200000,-0.400000,0.063551
266,-1.159247,-1.730872,-5.205629,0.069923,0.101516,-3.353851,0.340000,0.260000,0.240000,0.200000,-0.400000,0.069923
267,-1.159810,-1.729776,-5.239168,0.077141,0.087968,-3.310836,0.360000,0.260000,0.240000,0.200000,-0.400000,0.077141
268,-1.160183,-1.728667,-5.272276,0.085475,0.076095,-3.203991,0.380000,0.280000,0.240000,0.300000,-0.400000,0.085475
269,-1.160373,-1.727538,-5.304316,0.101880,0.065801,-3.036133,0.380000,0.280000,0.240000,0.300000,-0.400000,0.101880
270,-1.160351,-1.726326,-5.334678,0.118893,0.056239,-2.850133,0.400000,0.280000,0.240000,0.300000,-0.400000,0.118893
271,-1.160115,-1.725032,-5.363179,0.136332,0.047030,-2.660266,0.420000,0.280000,0.240000,0.300000,-0.400000,0.136332
272,-1.159663,-1.723662,-5.389782,0.154112,0.038039,-2.471621,0.440000,0.300000,0.240000,0.300000,-0.400000,0.154112
273,-1.158994,-1.722223,-5.414498,0.172182,0.029224,-2.287288,0.440000,0.300000,0.240000,0.300000,-0.400000,0.172182
274,-1.158105,-1.720720,-5.437371,0.190500,0.020605,-2.111022,0.460000,0.300000,0.240000,0.300000,-0.300000,0.190500
275,-1.156996,-1.719157,-5.458481,0.210261,0.014485,-1.853987,0.480000,0.300000,0.240000,0.300000,-0.300000,0.210261
276,-1.155675,-1.717515,-5.477021,0.229982,0.008040,-1.648305,0.500000,0.300000,0.240000,0.300000,-0.300000,0.229982
277,-1.154141,-1.715800,-5.493504,0.249733,0.001854,-1.491563,0.500000,0.300000,0.240000,0.300000,-0.300000,0.249733
278,-1.152396,-1.714013,-5.508419,0.269535,-0.003679,-1.385236,0.520000,0.320000,0.240000,0.300000,-0.300000,0.269535
279,-1.150444,-1.712154,-5.522272,0.289393,-0.008364,-1.326442,0.540000,0.320000,0.240000,0.300000,-0.400000,0.289393
280,-1.148290,-1.710219,-5.535536,0.308090,-0.014011,-1.385207,0.540000,0.320000,0.240000,0.300000,-0.400000,0.308090
281,-1.145936,-1.708227,-5.549388,0.326966,-0.018485,-1.459268,0.560000,0.320000,0.240000,0.300000,-0.300000,0.326966
282,-1.143384,-1.706174,-5.563981,0.347213,-0.019927,-1.456526,0.580000,0.320000,0.240000,0.300000,-0.300000,0.347213
283,-1.140641,-1.704037,-5.578546,0.367427,-0.020968,-1.474911,0.600000,0.320000,0.240000,0.300000,-0.300000,0.367427
284,-1.137706,-1.701817,-5.593295,0.387617,-0.021611,-1.507325,0.620000,0.320000,0.240000,0.300000,-0.300000,0.387617
285,-1.134578,-1.699516,-5.608369,0.407785,-0.021864,-1.549005,0.640000,0.320000,0.240000,0.300000,-0.300000,0.407785
286,-1.131258,-1.697139,-5.623859,0.427930,-0.021729,-1.596738,0.660000,0.340000,0.240000,0.300000,-0.300000,0.427930
287,-1.127742,-1.694690,-5.639826,0.448048,-0.021208,-1.648336,0.680000,0.340000,0.240000,0.300000,-0.300000,0.448048
288,-1.124030,-1.692172,-5.656309,0.468131,-0.020303,-1.702284,0.720000,0.340000,0.240000,0.300000,-0.200000,0.468131
289,-1.120120,-1.689590,-5.673332,0.489139,-0.016425,-1.646974,0.760000,0.340000,0.240000,0.300000,-0.200000,0.489139
290,-1.116016,-1.686923,-5.689802,0.509968,-0.012991,-1.611852,0.800000,0.340000,0.240000,0.300000,-0.200000,0.509968
291,-1.111715,-1.684179,-5.705921,0.530655,-0.009827,-1.591730,0.840000,0.360000,0.240000,0.300000,-0.200000,0.530655
292,-1.107215,-1.681365,-5.721838,0.551221,-0.006805,-1.582886,0.880000,0.360000,0.240000,0.300000,-0.200000,0.551221
293,-1.102513,-1.678489,-5.737667,0.571683,-0.003829,-1.582606,0.940000,0.360000,0.240000,0.300000,-0.200000,0.571683
294,-1.097606,-1.675555,-5.753493,0.592050,-0.000826,-1.588878,1.000000,0.360000,0.240000,0.300000,-0.200000,0.592050
295,-1.092492,-1.672571,-5.769382,0.612326,0.002262,-1.600182,1.000000,0.380000,0.240000,0.300000,-0.200000,0.612326
296,-1.087171,-1.669542,-5.785383,0.632514,0.005478,-1.615356,1.000000,0.380000,0.240000,0.300000,-0.200000,0.632514
297,-1.081640,-1.666473,-5.801537,0.652614,0.008860,-1.633495,1.000000,0.380000,0.240000,0.300000,-0.200000,0.652614
298,-1.075897,-1.663372,-5.817872,0.672623,0.012434,-1.653891,1.000000,0.400000,0.240000,0.300000,-0.200000,0.672623
299,-1.069942,-1.660242,-5.834411,0.692539,0.016226,-1.675981,1.000000,0.400000,0.240000,0.300000,-0.200000,0.692539
300,-1.063772,-1.657092,-5.851171,0.712356,0.020253,-1.699312,1.000000,0.400000,0.240000,0.300000,-0.200000,0.712356
301,-1.057388,-1.653925,-5.868164,0.732071,0.024533,-1.723520,1.000000,0.420000,0.240000,0.300000,-0.200000,0.732071
302,-1.050788,-1.650749,-5.885399,0.751677,0.029079,-1.748311,1.000000,0.420000,0.240000,0.300000,-0.200000,0.751677
303,-1.043971,-1.647569,-5.902882,0.771167,0.033903,-1.773443,1.000000,0.440000,0.240000,0.300000,-0.200000,0.771167
304,-1.036936,-1.644391,-5.920616,0.790534,0.039013,-1.798719,1.000000,0.440000,0.240000,0.300000,-0.200000,0.790534
305,-1.029683,-1.641223,-5.938604,0.809772,0.044418,-1.823977,1.000000,0.460000,0.240000,0.300000,-0.200000,0.809772
306,-1.022211,-1.638069,-5.956843,0.828873,0.050125,-1.849086,1.000000,0.480000,0.260000,0.300000,-0.200000,0.828873
307,-1.014520,-1.634937,-5.975334,0.847827,0.056140,-1.873939,1.000000,0.500000,0.260000,0.300000,-0.200000,0.847827
308,-1.006611,-1.631833,-5.994074,0.866628,0.062467,-1.898447,1.000000,0.520000,0.260000,0.300000,-0.200000,0.866628
309,-0.998482,-1.628764,-6.013058,0.885266,0.069111,-1.922540,1.000000,0.540000,0.260000,0.300000,-0.200000,0.885266
310,-0.990135,-1.625735,-6.032284,0.903734,0.076075,-1.946165,1.000000,0.580000,0.260000,0.300000,-0.200000,0.903734
311,-0.981570,-1.622755,-6.051745,0.922021,0.083362,-1.969276,1.000000,0.620000,0.260000,0.300000,-0.200000,0.922021
312,-0.972786,-1.619828,-6.071438,0.940119,0.090975,-1.991844,1.000000,0.660000,0.260000,0.200000,-0.200000,0.940119
313,-0.963786,-1.616963,-6.091356,0.951019,0.098914,-2.013844,1.000000,0.720000,0.260000,0.200000,-0.200000,0.951019
314,-0.954639,-1.614179,-6.111495,0.961711,0.107011,-2.034283,1.000000,0.780000,0.280000,0.200000,-0.200000,0.961711
315,-0.945346,-1.611481,-6.131838,0.972192,0.115259,-2.053331,1.000000,0.860000,0.280000,0.200000,-0.200000,0.972192
316,-0.935909,-1.608876,-6.152371,0.982457,0.123654,-2.071138,1.000000,0.980000,0.280000,0.200000,-0.200000,0.982457
317,-0.926330,-1.606369,-6.173082,0.992503,0.132192,-2.087839,1.000000,1.000000,0.300000,0.200000,-0.200000,0.992503
318,-0.916610,-1.603964,-6.193961,1.002324,0.140869,-2.103553,1.000000,1.000000,0.300000,0.200000,-0.200000,1.002324
319,-0.906753,-1.601668,-6.214996,1.011918,0.149682,-2.118388,1.000000,1.000000,0.300000,0.200000,-0.200000,1.011918
320,-0.896759,-1.599485,-6.236180,1.021281,0.158628,-2.132439,0.960000,1.000000,0.320000,0.200000,-0.200000,1.021281
321,-0.886632,-1.597421,-6.257505,1.030410,0.167706,-2.145793,0.900000,1.000000,0.340000,0.200000,-0.200000,1.030410
322,-0.876374,-1.595480,-6.278962,1.039300,0.176912,-2.158530,0.840000,1.000000,0.340000,0.200000,-0.200000,1.039300
323,-0.865989,-1.593667,-6.300548,1.047949,0.186245,-2.170721,0.800000,1.000000,0.360000,0.200000,-0.200000,1.047949
324,-0.855479,-1.591987,-6.322255,1.056352,0.195704,-2.182430,0.760000,1.000000,0.380000,0.200000,-0.200000,1.056352
325,-0.844847,-1.590444,-6.344079,1.064507,0.205287,-2.193719,0.740000,1.000000,0.400000,0.200000,-0.200000,1.064507
326,-0.834096,-1.589042,-6.366016,1.072410,0.214992,-2.204642,0.700000,1.000000,0.440000,0.200000,-0.200000,1.072410
327,-0.823231,-1.587787,-6.388063,1.080058,0.224818,-2.215250,0.680000,1.000000,0.460000,0.200000,-0.200000,1.080058
328,-0.812255,-1.586682,-6.410215,1.087447,0.234764,-2.225590,0.640000,1.000000,0.500000,0.200000,-0.200000,1.087447
329,-0.801170,-1.585731,-6.432471,1.094574,0.244829,-2.235706,0.620000,1.000000,0.560000,0.200000,-0.200000,1.094574
330,-0.789982,-1.584938,-6.454828,1.101434,0.255011,-2.245638,0.600000,1.000000,0.620000,0.200000,-0.200000,1.101434
331,-0.778694,-1.584306,-6.477285,1.108024,0.265310,-2.255425,0.580000,1.000000,0.700000,0.200000,-0.300000,1.108024
332,-0.767310,-1.583840,-6.499839,1.113340,0.275197,-2.287622,0.560000,1.000000,0.820000,0.200000,-0.300000,1.113340
333,-0.755846,-1.583546,-6.522715,1.118331,0.285456,-2.318154,0.540000,1.000000,0.980000,0.200000,-0.300000,1.118331
334,-0.744304,-1.583426,-6.545897,1.122988,0.296065,-2.347117,0.520000,1.000000,1.000000,0.200000,-0.300000,1.122988
335,-0.732691,-1.583483,-6.569368,1.127299,0.307002,-2.374606,0.500000,1.000000,1.000000,0.200000,-0.300000,1.127299
336,-0.721010,-1.583721,-6.593114,1.131256,0.318248,-2.400718,0.480000,0.980000,1.000000,0.200000,-0.300000,1.131256
337,-0.709265,-1.584140,-6.617121,1.134851,0.329783,-2.425549,0.480000,0.900000,1.000000,0.200000,-0.300000,1.134851
338,-0.697463,-1.584744,-6.641377,1.138073,0.341589,-2.449194,0.460000,0.840000,1.000000,0.200000,-0.300000,1.138073
339,-0.685607,-1.585535,-6.665869,1.140916,0.353647,-2.471744,0.440000,0.800000,1.000000,0.200000,-0.400000,1.140916
340,-0.673703,-1.586514,-6.690586,1.142380,0.365930,-2.493713,0.440000,0.740000,1.000000,0.200000,-0.400000,1.142380
341,-0.661764,-1.587681,-6.715523,1.143450,0.378423,-2.514073,0.420000,0.700000,1.000000,0.200000,-0.400000,1.143450
342,-0.649796,-1.589036,-6.740664,1.144122,0.391104,-2.532935,0.420000,0.660000,1.000000,0.200000,-0.400000,1.144122
343,-0.637804,-1.590580,-6.765993,1.144391,0.403946,-2.550404,0.400000,0.620000,1.000000,0.200000,-0.400000,1.144391
344,-0.625792,-1.592316,-6.791497,1.144256,0.416929,-2.566585,0.380000,0.600000,1.000000,0.200000,-0.400000,1.144256
345,-0.613767,-1.594243,-6.817163,1.143713,0.430030,-2.581576,0.380000,0.560000,1.000000,0.200000,-0.400000,1.143713
346,-0.601734,-1.596362,-6.842979,1.142762,0.443227,-2.595470,0.360000,0.540000,1.000000,0.200000,-0.400000,1.142762
347,-0.589697,-1.598675,-6.868934,1.141399,0.456502,-2.608358,0.360000,0.520000,1.000000,0.200000,-0.400000,1.141399
348,-0.577662,-1.601180,-6.895017,1.139626,0.469833,-2.620322,0.360000,0.500000,1.000000,0.200000,-0.400000,1.139626
349,-0.565634,-1.603880,-6.921220,1.137441,0.483203,-2.631444,0.340000,0.480000,0.980000,-0.300000,-0.400000,1.137441
350,-0.553620,-1.606773,-6.947535,1.099846,0.496594,-2.641797,0.340000,0.460000,0.900000,-0.300000,-0.400000,1.099846
351,-0.541899,-1.609645,-6.973953,1.061840,0.509015,-2.650507,0.320000,0.440000,0.820000,-0.300000,-0.400000,1.061840
352,-0.530471,-1.612487,-7.000458,1.023456,0.520441,-2.657898,0.320000,0.420000,0.760000,-0.300000,-0.400000,1.023456
353,-0.519338,-1.615292,-7.027037,0.984725,0.530853,-2.664248,0.320000,0.400000,0.700000,-0.300000,-0.400000,0.984725
354,-0.508497,-1.618054,-7.053679,0.945681,0.540233,-2.669801,0.300000,0.400000,0.660000,-0.500000,-0.300000,0.945681
355,-0.497948,-1.620764,-7.080377,0.893314,0.548357,-2.683820,0.300000,0.380000,0.620000,-0.500000,-0.300000,0.893314
356,-0.487783,-1.623323,-7.107216,0.840649,0.555131,-2.698041,0.300000,0.360000,0.580000,-0.500000,-0.300000,0.840649
357,-0.477999,-1.625722,-7.134196,0.787719,0.560545,-2.712650,0.280000,0.360000,0.540000,-0.500000,-0.300000,0.787719
358,-0.468591,-1.627950,-7.161322,0.734557,0.564589,-2.727801,0.280000,0.340000,0.520000,-0.500000,-0.300000,0.734557
359,-0.459556,-1.629997,-7.188600,0.681196,0.567254,-2.743622,0.280000,0.340000,0.500000,-0.500000,-0.300000,0.681196
360,-0.450888,-1.631854,-7.216037,0.627670,0.568531,-2.760216,0.280000,0.320000,0.480000,-0.500000,-0.300000,0.627670
361,-0.442583,-1.633510,-7.243639,0.574013,0.568412,-2.777666,0.280000,0.320000,0.460000,-0.500000,-0.300000,0.574013
362,-0.434635,-1.634956,-7.271415,0.520257,0.566887,-2.796036,0.260000,0.320000,0.440000,-0.600000,-0.300000,0.520257
363,-0.427039,-1.636182,-7.299376,0.459439,0.563945,-2.815369,0.260000,0.300000,0.420000,-0.600000,-0.300000,0.459439
364,-0.419825,-1.637118,-7.327530,0.398593,0.559378,-2.835832,0.260000,0.300000,0.400000,-0.600000,-0.300000,0.398593
365,-0.412986,-1.637753,-7.355888,0.337761,0.553174,-2.857433,0.260000,0.300000,0.380000,-0.600000,-0.300000,0.337761
366,-0.406513,-1.638078,-7.384462,0.276985,0.545318,-2.880152,0.260000,0.280000,0.380000,-0.600000,-0.300000,0.276985
367,-0.400396,-1.638080,-7.413264,0.216311,0.535797,-2.903944,0.260000,0.280000,0.360000,-0.600000,-0.300000,0.216311
368,-0.394628,-1.637751,-7.442303,0.155785,0.524594,-2.928736,0.260000,0.280000,0.360000,-0.600000,-0.300000,0.155785
369,-0.389197,-1.637080,-7.471590,0.095457,0.511693,-2.954431,0.260000,0.280000,0.340000,-0.600000,-0.300000,0.095457
370,-0.384093,-1.636056,-7.501135,0.035378,0.497076,-2.980917,0.260000,0.280000,0.340000,-0.600000,-0.300000,0.035378
371,-0.379306,-1.634670,-7.530944,-0.024397,0.480724,-3.008070,0.260000,0.280000,0.340000,0.200000,-0.300000,-0.024397
372,-0.374825,-1.632913,-7.561025,-0.027812,0.462618,-3.035774,0.260000,0.280000,0.320000,0.200000,-0.300000,-0.027812
373,-0.370476,-1.631311,-7.591382,-0.030810,0.444404,-3.063509,0.260000,0.280000,0.320000,0.200000,-0.300000,-0.030810
374,-0.366265,-1.629859,-7.622017,-0.033377,0.426094,-3.091269,0.260000,0.280000,0.320000,0.200000,-0.300000,-0.033377
375,-0.362195,-1.628555,-7.652930,-0.035502,0.407698,-3.119051,0.260000,0.280000,0.320000,0.200000,-0.300000,-0.035502
376,-0.358271,-1.627393,-7.684121,-0.037171,0.389229,-3.146849,0.280000,0.280000,0.300000,0.200000,-0.300000,-0.037171
377,-0.354497,-1.626369,-7.715589,-0.038372,0.370699,-3.174658,0.280000,0.280000,0.300000,0.200000,-0.300000,-0.038372
378,-0.350879,-1.625477,-7.747336,-0.039092,0.352124,-3.202472,0.280000,0.280000,0.300000,0.200000,-0.300000,-0.039092
379,-0.347419,-1.624714,-7.779360,-0.039321,0.333517,-3.230282,0.280000,0.280000,0.300000,0.200000,-0.300000,-0.039321
380,-0.344122,-1.624073,-7.811663,-0.039046,0.314894,-3.258083,0.280000,0.280000,0.300000,0.200000,-0.300000,-0.039046
381,-0.340993,-1.623550,-7.844244,-0.038256,0.296270,-3.285864,0.280000,0.280000,0.280000,0.200000,-0.300000,-0.038256
382,-0.338034,-1.623138,-7.877103,-0.036942,0.277664,-3.313616,0.300000,0.280000,0.280000,0.200000,-0.300000,-0.036942
383,-0.335250,-1.622833,-7.910239,-0.035092,0.259091,-3.341328,0.300000,0.280000,0.280000,0.200000,-0.300000,-0.035092
384,-0.332643,-1.622628,-7.943652,-0.032699,0.240572,-3.368986,0.300000,0.280000,0.280000,0.200000,-0.300000,-0.032699
385,-0.330218,-1.622518,-7.977342,-0.029754,0.222123,-3.396576,0.300000,0.280000,0.280000,0.200000,-0.300000,-0.029754
386,-0.327977,-1.622496,-8.011308,-0.026247,0.203766,-3.424083,0.300000,0.280000,0.280000,0.200000,-0.300000,-0.026247
387,-0.325923,-1.622556,-8.045549,-0.022173,0.185521,-3.451488,0.320000,0.280000,0.280000,0.200000,-0.400000,-0.022173
388,-0.324060,-1.622692,-8.080064,-0.018458,0.167759,-3.463761,0.320000,0.280000,0.280000,0.200000,-0.400000,-0.018458
389,-0.322383,-1.622888,-8.114701,-0.014150,0.150122,-3.475894,0.320000,0.280000,0.280000,0.200000,-0.400000,-0.014150
390,-0.320896,-1.623138,-8.149460,-0.009249,0.132632,-3.487859,0.340000,0.280000,0.280000,0.200000,-0.400000,-0.009249
391,-0.319601,-1.623436,-8.184339,-0.003755,0.115307,-3.499634,0.340000,0.280000,0.280000,0.200000,-0.400000,-0.003755
392,-0.318498,-1.623774,-8.219335,0.002328,0.098168,-3.511266,0.360000,0.280000,0.280000,0.200000,-0.400000,0.002328
393,-0.317589,-1.624147,-8.254448,0.016520,0.099023,-2.761870,0.360000,0.300000,0.280000,0.200000,-0.400000,0.016520
394,-0.316742,-1.624685,-8.282066,0.023885,0.082404,-2.774289,0.380000,0.300000,0.280000,0.300000,-0.400000,0.023885
395,-0.316091,-1.625244,-8.309809,0.039172,0.067099,-2.738329,0.380000,0.300000,0.280000,0.300000,-0.400000,0.039172
396,-0.315661,-1.625892,-8.337193,0.057220,0.057647,-2.467270,0.400000,0.300000,0.280000,0.300000,-0.400000,0.057220
397,-0.315416,-1.626666,-8.361865,0.075015,0.046924,-2.262012,0.400000,0.300000,0.280000,0.300000,-0.400000,0.075015
398,-0.315371,-1.627550,-8.384485,0.093223,0.036575,-2.049897,0.420000,0.300000,0.280000,0.300000,-0.400000,0.093223
399,-0.315527,-1.628539,-8.404984,0.111712,0.026350,-1.840172,0.420000,0.320000,0.280000,0.300000,-0.400000,0.111712
400,-0.315888,-1.629629,-8.423386,0.130434,0.016246,-1.635861,0.440000,0.320000,0.280000,0.300000,-0.400000,0.130434
401,-0.316454,-1.630815,-8.439745,0.149352,0.006388,-1.444703,0.440000,0.320000,0.280000,0.300000,-0.400000,0.149352
402,-0.317227,-1.632095,-8.454192,0.168431,-0.002875,-1.283961,0.440000,0.320000,0.280000,0.300000,-0.400000,0.168431
403,-0.318202,-1.633468,-8.467031,0.187642,-0.010963,-1.179447,0.460000,0.320000,0.280000,0.300000,-0.400000,0.187642
404,-0.319371,-1.634940,-8.478826,0.206967,-0.017439,-1.146139,0.460000,0.320000,0.280000,0.300000,-0.400000,0.206967
405,-0.320723,-1.636517,-8.490287,0.226398,-0.022399,-1.171122,0.460000,0.320000,0.280000,0.300000,-0.400000,0.226398
406,-0.322249,-1.638204,-8.501998,0.245926,-0.026210,-1.230746,0.460000,0.320000,0.280000,0.300000,-0.400000,0.245926
407,-0.323942,-1.640007,-8.514306,0.265538,-0.029174,-1.308003,0.480000,0.320000,0.280000,0.300000,-0.400000,0.265538
408,-0.325801,-1.641925,-8.527386,0.285217,-0.031483,-1.393542,0.480000,0.320000,0.280000,0.300000,-0.400000,0.285217
409,-0.327826,-1.643958,-8.541321,0.304946,-0.033244,-1.482542,0.500000,0.320000,0.260000,0.300000,-0.400000,0.304946
410,-0.330018,-1.646104,-8.556147,0.324711,-0.034520,-1.572498,0.500000,0.320000,0.260000,0.300000,-0.400000,0.324711
411,-0.332379,-1.648360,-8.571872,0.344495,-0.035346,-1.662066,0.500000,0.340000,0.260000,0.300000,-0.400000,0.344495
412,-0.334911,-1.650723,-8.588492,0.364287,-0.035739,-1.750496,0.520000,0.340000,0.260000,0.300000,-0.400000,0.364287
413,-0.337618,-1.653187,-8.605997,0.384072,-0.035706,-1.837342,0.540000,0.340000,0.260000,0.300000,-0.400000,0.384072
414,-0.340502,-1.655748,-8.624371,0.403838,-0.035249,-1.922323,0.540000,0.340000,0.260000,0.300000,-0.400000,0.403838
415,-0.343567,-1.658400,-8.643594,0.423570,-0.034363,-2.005246,0.560000,0.340000,0.260000,0.300000,-0.300000,0.423570
416,-0.346817,-1.661139,-8.663646,0.444486,-0.030793,-1.989774,0.580000,0.340000,0.260000,0.300000,-0.300000,0.444486
417,-0.350248,-1.663982,-8.683544,0.465169,-0.027470,-1.990624,0.600000,0.340000,0.260000,0.300000,-0.300000,0.465169
418,-0.353865,-1.666920,-8.703450,0.485663,-0.024242,-2.003079,0.640000,0.360000,0.260000,0.300000,-0.300000,0.485663
419,-0.357672,-1.669945,-8.723481,0.505991,-0.020993,-2.023860,0.660000,0.360000,0.260000,0.300000,-0.300000,0.505991
420,-0.361673,-1.673049,-8.743720,0.526169,-0.017641,-2.050630,0.680000,0.360000,0.260000,0.300000,-0.300000,0.526169
421,-0.365872,-1.676225,-8.764226,0.546205,-0.014120,-2.081691,0.720000,0.360000,0.260000,0.300000,-0.200000,0.546205
422,-0.370272,-1.679465,-8.785043,0.567083,-0.007876,-2.008655,0.700000,0.380000,0.260000,0.300000,-0.300000,0.567083
423,-0.374868,-1.682787,-8.805130,0.586712,-0.004621,-2.056526,0.700000,0.380000,0.260000,0.300000,-0.300000,0.586712
424,-0.379671,-1.686157,-8.825695,0.606232,-0.000966,-2.104194,0.700000,0.380000,0.260000,0.300000,-0.300000,0.606232
425,-0.384683,-1.689567,-8.846737,0.625630,0.003098,-2.151340,0.760000,0.400000,0.280000,0.300000,-0.200000,0.625630
426,-0.389906,-1.693012,-8.868250,0.645906,0.009784,-2.103294,0.820000,0.400000,0.280000,0.300000,-0.200000,0.645906
427,-0.395339,-1.696507,-8.889283,0.665958,0.016083,-2.067400,0.880000,0.400000,0.280000,0.300000,-0.200000,0.665958
428,-0.400984,-1.700043,-8.909957,0.685812,0.022125,-2.041161,0.940000,0.420000,0.280000,0.300000,-0.200000,0.685812
429,-0.406844,-1.703612,-8.930369,0.705486,0.028012,-2.022664,0.940000,0.420000,0.280000,0.300000,-0.200000,0.705486
430,-0.412921,-1.707207,-8.950595,0.724992,0.033826,-2.010422,0.920000,0.440000,0.280000,0.300000,-0.200000,0.724992
431,-0.419217,-1.710818,-8.970700,0.744336,0.039631,-2.003265,1.000000,0.440000,0.280000,0.300000,-0.200000,0.744336
432,-0.425732,-1.714439,-8.990732,0.763524,0.045480,-2.000261,1.000000,0.460000,0.280000,0.300000,-0.200000,0.763524
433,-0.432468,-1.718063,-9.010735,0.782557,0.051418,-2.000656,1.000000,0.480000,0.280000,0.300000,-0.200000,0.782557
434,-0.439426,-1.721682,-9.030741,0.801433,0.057481,-2.003839,1.000000,0.480000,0.280000,0.300000,-0.200000,0.801433
435,-0.446605,-1.725289,-9.050780,0.820153,0.063699,-2.009307,1.000000,0.500000,0.280000,0.300000,-0.200000,0.820153
436,-0.454007,-1.728879,-9.070873,0.838711,0.070097,-2.016641,1.000000,0.520000,0.280000,0.300000,-0.200000,0.838711
437,-0.461631,-1.732443,-9.091039,0.857105,0.076696,-2.025497,1.000000,0.540000,0.280000,0.300000,-0.200000,0.857105
438,-0.469478,-1.735975,-9.111294,0.875329,0.083516,-2.035582,1.000000,0.560000,0.280000,0.300000,-0.200000,0.875329
439,-0.477547,-1.739469,-9.131650,0.893378,0.090570,-2.046653,1.000000,0.600000,0.300000,0.200000,-0.200000,0.893378
440,-0.485838,-1.742917,-9.152117,0.904245,0.097872,-2.058507,1.000000,0.600000,0.300000,0.200000,-0.200000,0.904245
441,-0.494283,-1.746295,-9.172702,0.914924,0.105258,-2.069938,1.000000,0.600000,0.300000,0.200000,-0.200000,0.914924
442,-0.502881,-1.749596,-9.193401,0.925412,0.112732,-2.080989,1.000000,0.580000,0.300000,0.200000,-0.200000,0.925412
443,-0.511630,-1.752816,-9.214211,0.935708,0.120297,-2.091697,1.000000,0.580000,0.300000,0.200000,-0.200000,0.935708
444,-0.520529,-1.755948,-9.235128,0.945809,0.127959,-2.102092,1.000000,0.620000,0.320000,0.200000,-0.200000,0.945809
445,-0.529576,-1.758987,-9.256149,0.955712,0.135719,-2.112206,1.000000,0.680000,0.320000,0.200000,-0.200000,0.955712
446,-0.538770,-1.761929,-9.277271,0.965416,0.143580,-2.122064,1.000000,0.760000,0.320000,0.200000,-0.200000,0.965416
447,-0.548108,-1.764769,-9.298492,0.974917,0.151545,-2.131691,1.000000,0.820000,0.340000,0.200000,-0.200000,0.974917
448,-0.557589,-1.767500,-9.319808,0.984213,0.159616,-2.141110,1.000000,0.800000,0.340000,0.200000,-0.200000,0.984213
449,-0.567210,-1.770118,-9.341220,0.993301,0.167795,-2.150344,1.000000,0.800000,0.360000,0.200000,-0.200000,0.993301
450,-0.576968,-1.772620,-9.362723,1.002178,0.176082,-2.159412,1.000000,0.880000,0.360000,0.200000,-0.200000,1.002178
451,-0.586861,-1.774998,-9.384317,1.010842,0.184480,-2.168336,1.000000,0.860000,0.380000,0.200000,-0.200000,1.010842
452,-0.596887,-1.777251,-9.406000,1.019288,0.192989,-2.177133,1.000000,0.940000,0.400000,0.200000,-0.200000,1.019288
453,-0.607042,-1.779372,-9.427772,1.027514,0.201610,-2.185824,1.000000,0.920000,0.420000,0.200000,-0.200000,1.027514
454,-0.617323,-1.781357,-9.449630,1.035517,0.210344,-2.194426,1.000000,0.920000,0.440000,0.200000,-0.200000,1.035517
455,-0.627727,-1.783202,-9.471574,1.043294,0.219192,-2.202957,1.000000,0.900000,0.460000,0.200000,-0.200000,1.043294
456,-0.638251,-1.784904,-9.493604,1.050841,0.228153,-2.211436,1.000000,0.900000,0.480000,0.200000,-0.200000,1.050841
457,-0.648891,-1.786457,-9.515718,1.058154,0.237229,-2.219879,1.000000,0.940000,0.460000,0.200000,-0.200000,1.058154
458,-0.659645,-1.787859,-9.537917,1.065231,0.246418,-2.228303,1.000000,0.920000,0.460000,0.200000,-0.200000,1.065231
459,-0.670507,-1.789105,-9.560200,1.072067,0.255722,-2.236726,1.000000,0.920000,0.440000,0.200000,-0.200000,1.072067
460,-0.681475,-1.790191,-9.582567,1.078659,0.265140,-2.245165,1.000000,0.920000,0.480000,0.200000,-0.200000,1.078659
461,-0.692544,-1.791115,-9.605019,1.085004,0.274672,-2.253635,0.620000,0.960000,0.520000,0.200000,-0.200000,1.085004
462,-0.703711,-1.791872,-9.627555,1.091097,0.284317,-2.262154,0.600000,0.940000,0.600000,0.200000,-0.200000,1.091097
463,-0.714971,-1.792459,-9.650177,1.096934,0.294076,-2.270737,0.580000,0.940000,0.680000,0.200000,-0.200000,1.096934
464,-0.726320,-1.792874,-9.672884,1.102512,0.303948,-2.279400,0.500000,0.940000,0.680000,0.200000,-0.300000,1.102512
465,-0.737754,-1.793113,-9.695678,1.106830,0.313522,-2.305745,0.480000,0.980000,0.660000,0.200000,-0.300000,1.106830
466,-0.749257,-1.793172,-9.718736,1.110836,0.323401,-2.330968,0.460000,0.980000,0.740000,0.200000,-0.300000,1.110836
467,-0.760826,-1.793049,-9.742045,1.114521,0.333571,-2.355131,0.460000,0.960000,0.720000,0.200000,-0.300000,1.114521
468,-0.772456,-1.792741,-9.765597,1.117879,0.344014,-2.378298,0.440000,0.960000,0.720000,0.200000,-0.400000,1.117879
469,-0.784142,-1.792247,-9.789380,1.119908,0.354704,-2.401032,0.420000,0.960000,0.780000,0.200000,-0.400000,1.119908
470,-0.795869,-1.791567,-9.813390,1.121593,0.365628,-2.422289,0.420000,0.960000,0.780000,0.200000,-0.400000,1.121593
471,-0.807634,-1.790701,-9.837613,1.122930,0.376766,-2.442150,0.400000,0.960000,0.760000,0.200000,-0.400000,1.122930
472,-0.819432,-1.789647,-9.862034,1.123913,0.388095,-2.460697,0.400000,0.960000,0.760000,0.200000,-0.400000,1.123913
473,-0.831257,-1.788403,-9.886641,1.124540,0.399594,-2.478011,0.380000,0.960000,0.780000,0.200000,-0.400000,1.124540
474,-0.843105,-1.786970,-9.911421,1.124806,0.411245,-2.494169,0.380000,0.960000,0.780000,0.200000,-0.400000,1.124806
475,-0.854970,-1.785344,-9.936363,1.124709,0.423027,-2.509249,0.360000,0.960000,0.780000,0.200000,-0.400000,1.124709
476,-0.866848,-1.783527,-9.961456,1.124247,0.434921,-2.523325,0.360000,0.980000,0.760000,0.200000,-0.400000,1.124247
477,-0.878734,-1.781517,-9.986689,1.123418,0.446910,-2.536469,0.340000,0.980000,0.800000,0.200000,-0.400000,1.123418
478,-0.890622,-1.779313,-10.012054,1.122221,0.458975,-2.548749,0.340000,0.980000,0.800000,0.200000,-0.400000,1.122221
479,-0.902507,-1.776915,-10.037541,1.120654,0.471100,-2.560232,0.320000,0.980000,0.800000,0.200000,-0.400000,1.120654
480,-0.914384,-1.774324,-10.063143,1.118718,0.483269,-2.570981,0.320000,1.000000,0.840000,-0.300000,-0.400000,1.118718
481,-0.926248,-1.771539,-10.088853,1.081411,0.495465,-2.581054,0.320000,1.000000,0.820000,-0.300000,-0.400000,1.081411
482,-0.937818,-1.768776,-10.114664,1.043736,0.506722,-2.589583,0.300000,1.000000,0.820000,-0.300000,-0.400000,1.043736
483,-0.949093,-1.766041,-10.140560,1.005722,0.517017,-2.596864,0.300000,0.460000,0.820000,-0.300000,-0.400000,1.005722
484,-0.960075,-1.763343,-10.166528,0.967399,0.526331,-2.603158,0.300000,0.440000,0.820000,-0.300000,-0.400000,0.967399
485,-0.970763,-1.760688,-10.192560,0.928797,0.534649,-2.608690,0.280000,0.420000,0.820000,-0.300000,-0.400000,0.928797
486,-0.981159,-1.758083,-10.218647,0.889946,0.541960,-2.613657,0.280000,0.420000,0.820000,-0.300000,-0.400000,0.889946
487,-0.991263,-1.755537,-10.244783,0.850874,0.548254,-2.618230,0.280000,0.400000,0.820000,-0.300000,-0.400000,0.850874
488,-1.001076,-1.753056,-10.270965,0.811610,0.553525,-2.622556,0.280000,0.380000,0.820000,-0.300000,-0.400000,0.811610
489,-1.010600,-1.750648,-10.297191,0.772183,0.557767,-2.626763,0.260000,0.380000,0.840000,-0.300000,-0.400000,0.772183
490,-1.019837,-1.748321,-10.323459,0.732619,0.560976,-2.630964,0.260000,0.360000,0.840000,-0.300000,-0.400000,0.732619
491,-1.028788,-1.746081,-10.349768,0.692947,0.563151,-2.635254,0.260000,0.360000,0.840000,-0.300000,-0.400000,0.692947
492,-1.037456,-1.743936,-10.376121,0.653191,0.564291,-2.639717,0.260000,0.340000,0.840000,-0.300000,-0.400000,0.653191
493,-1.045843,-1.741894,-10.402518,0.613381,0.564393,-2.644426,0.260000,0.340000,0.860000,-0.300000,-0.400000,0.613381
494,-1.053951,-1.739962,-10.428962,0.573540,0.563459,-2.649443,0.240000,0.280000,0.860000,-0.300000,-0.400000,0.573540
495,-1.061784,-1.738147,-10.455457,0.533696,0.561489,-2.654820,0.240000,0.280000,0.880000,-0.300000,-0.400000,0.533696
496,-1.069344,-1.736458,-10.482005,0.493873,0.558484,-2.660603,0.240000,0.280000,0.880000,-0.300000,-0.400000,0.493873
497,-1.076635,-1.734900,-10.508611,0.454099,0.554445,-2.666830,0.240000,0.260000,0.900000,-0.300000,-0.400000,0.454099
498,-1.083660,-1.733481,-10.535279,0.414398,0.549373,-2.673533,0.240000,0.260000,0.920000,-0.300000,-0.400000,0.414398
499,-1.090422,-1.732209,-10.562015,0.374796,0.543271,-2.680736,0.240000,0.260000,0.920000,-0.300000,-0.400000,0.374796
500,-1.096927,-1.731090,-10.588822,0.335318,0.536139,-2.688457,0.240000,0.260000,0.940000,-0.300000,-0.400000,0.335318
501,-1.103178,-1.730131,-10.615707,0.295992,0.527981,-2.696710,0.240000,0.260000,0.960000,-0.300000,-0.400000,0.295992
502,-1.109179,-1.729340,-10.642674,0.256843,0.518796,-2.705500,0.240000,0.240000,0.360000,-0.400000,-0.300000,0.256843
503,-1.114934,-1.728723,-10.669729,0.211839,0.508247,-2.729414,0.240000,0.240000,0.340000,-0.400000,-0.300000,0.211839
504,-1.120428,-1.728343,-10.697023,0.167001,0.496543,-2.754084,0.240000,0.240000,0.340000,-0.400000,-0.300000,0.167001
505,-1.125665,-1.728208,-10.724564,0.122361,0.483670,-2.779464,0.240000,0.240000,0.340000,-0.400000,-0.300000,0.122361
506,-1.130652,-1.728323,-10.752358,0.077954,0.469618,-2.805500,0.240000,0.240000,0.320000,0.200000,-0.300000,0.077954
507,-1.135398,-1.728698,-10.780413,0.075818,0.454373,-2.832125,0.240000,0.240000,0.320000,0.200000,-0.300000,0.075818
508,-1.139999,-1.728927,-10.808734,0.073989,0.439088,-2.858761,0.240000,0.240000,0.320000,0.200000,-0.300000,0.073989
509,-1.144451,-1.729016,-10.837322,0.072476,0.423771,-2.885403,0.240000,0.240000,0.320000,0.200000,-0.300000,0.072476
510,-1.148750,-1.728968,-10.866176,0.071288,0.408429,-2.912048,0.240000,0.240000,0.300000,0.200000,-0.300000,0.071288
511,-1.152892,-1.728788,-10.895297,0.070433,0.393072,-2.938692,0.240000,0.240000,0.300000,0.200000,-0.300000,0.070433
512,-1.156873,-1.728481,-10.924684,0.069921,0.377707,-2.965330,0.240000,0.240000,0.300000,0.200000,-0.300000,0.069921
513,-1.160690,-1.728051,-10.954337,0.069759,0.362344,-2.991957,0.240000,0.240000,0.300000,0.200000,-0.300000,0.069759
514,-1.164340,-1.727503,-10.984256,0.069956,0.346994,-3.018566,0.240000,0.240000,0.280000,0.200000,-0.300000,0.069956
515,-1.167817,-1.726843,-11.014442,0.070521,0.331666,-3.045150,0.240000,0.240000,0.280000,0.200000,-0.300000,0.070521
516,-1.171120,-1.726075,-11.044894,0.071459,0.316372,-3.071701,0.240000,0.240000,0.280000,0.200000,-0.300000,0.071459
517,-1.174245,-1.725206,-11.075611,0.072778,0.301122,-3.098205,0.260000,0.240000,0.280000,0.200000,-0.300000,0.072778
518,-1.177188,-1.724239,-11.106593,0.074486,0.285929,-3.124650,0.260000,0.240000,0.240000,0.200000,-0.300000,0.074486
519,-1.179947,-1.723182,-11.137839,0.076589,0.270805,-3.151011,0.260000,0.240000,0.240000,0.200000,-0.300000,0.076589
520,-1.182519,-1.722040,-11.169349,0.079093,0.255764,-3.177258,0.260000,0.240000,0.240000,0.200000,-0.300000,0.079093
521,-1.184902,-1.720819,-11.201122,0.082004,0.240819,-3.203340,0.260000,0.240000,0.220000,0.200000,-0.300000,0.082004
522,-1.187092,-1.719525,-11.233155,0.085327,0.225986,-3.229174,0.260000,0.240000,0.220000,0.200000,-0.300000,0.085327
523,-1.189087,-1.718164,-11.265447,0.089068,0.211281,-3.254624,0.280000,0.240000,0.220000,0.200000,-0.300000,0.089068
524,-1.190886,-1.716742,-11.297993,0.093232,0.196723,-3.279446,0.280000,0.240000,0.220000,0.200000,-0.400000,0.093232
525,-1.192487,-1.715266,-11.330788,0.096882,0.182660,-3.289372,0.280000,0.240000,0.220000,0.200000,-0.400000,0.096882
526,-1.193893,-1.713750,-11.363681,0.100981,0.168739,-3.298262,0.280000,0.240000,0.220000,0.200000,-0.400000,0.100981
527,-1.195104,-1.712201,-11.396664,0.105539,0.154990,-3.305346,0.300000,0.240000,0.220000,0.200000,-0.400000,0.105539
528,-1.196119,-1.710624,-11.429717,0.110566,0.141457,-3.309270,0.300000,0.240000,0.220000,0.200000,-0.400000,0.110566
529,-1.196937,-1.709026,-11.462810,0.116086,0.128206,-3.307739,0.320000,0.240000,0.220000,0.200000,-0.400000,0.116086
530,-1.197559,-1.707412,-11.495888,0.122131,0.115330,-3.297118,0.320000,0.240000,0.220000,0.200000,-0.400000,0.122131
531,-1.197985,-1.705787,-11.528859,0.128751,0.102954,-3.272291,0.340000,0.240000,0.220000,0.200000,-0.400000,0.128751
532,-1.198217,-1.704155,-11.561582,0.135999,0.091215,-3.227343,0.340000,0.260000,0.220000,0.200000,-0.400000,0.135999
533,-1.198257,-1.702518,-11.593855,0.143914,0.080217,-3.157463,0.360000,0.260000,0.220000,0.300000,-0.400000,0.143914
534,-1.198110,-1.700877,-11.625430,0.159498,0.069976,-3.061185,0.360000,0.260000,0.220000,0.300000,-0.400000,0.159498
535,-1.197736,-1.699176,-11.656042,0.175675,0.060555,-2.944238,0.380000,0.260000,0.220000,0.300000,-0.400000,0.175675
536,-1.197136,-1.697417,-11.685484,0.192351,0.051769,-2.813952,0.400000,0.260000,0.220000,0.300000,-0.400000,0.192351
537,-1.196311,-1.695604,-11.713623,0.209440,0.043475,-2.676878,0.420000,0.280000,0.220000,0.300000,-0.400000,0.209440
538,-1.195261,-1.693741,-11.740392,0.226875,0.035585,-2.538647,0.440000,0.280000,0.220000,0.300000,-0.400000,0.226875
539,-1.193984,-1.691831,-11.765779,0.244600,0.028070,-2.404466,0.460000,0.280000,0.220000,0.300000,-0.300000,0.244600
540,-1.192483,-1.689880,-11.789823,0.263789,0.022847,-2.198412,0.480000,0.280000,0.220000,0.300000,-0.300000,0.263789
541,-1.190761,-1.687869,-11.811807,0.283039,0.017534,-2.024684,0.500000,0.280000,0.220000,0.300000,-0.300000,0.283039
542,-1.188819,-1.685802,-11.832054,0.302368,0.012394,-1.882631,0.520000,0.300000,0.220000,0.300000,-0.300000,0.302368
543,-1.186658,-1.683684,-11.850881,0.321777,0.007630,-1.772762,0.540000,0.300000,0.220000,0.300000,-0.300000,0.321777
544,-1.184279,-1.681516,-11.868608,0.341259,0.003383,-1.694575,0.560000,0.300000,0.220000,0.300000,-0.300000,0.341259
545,-1.181686,-1.679297,-11.885554,0.360804,-0.000263,-1.645670,0.580000,0.300000,0.220000,0.300000,-0.300000,0.360804
546,-1.178880,-1.677028,-11.902011,0.380403,-0.003280,-1.622074,0.600000,0.300000,0.220000,0.300000,-0.300000,0.380403
547,-1.175865,-1.674709,-11.918231,0.400045,-0.005668,-1.619127,0.620000,0.300000,0.220000,0.300000,-0.300000,0.400045
548,-1.172642,-1.672339,-11.934423,0.419719,-0.007449,-1.632292,0.640000,0.320000,0.220000,0.300000,-0.300000,0.419719
549,-1.169211,-1.669919,-11.950746,0.439414,-0.008646,-1.657619,0.680000,0.320000,0.220000,0.300000,-0.300000,0.439414
550,-1.165574,-1.667453,-11.967322,0.459121,-0.009286,-1.691883,0.720000,0.320000,0.220000,0.300000,-0.200000,0.459121
551,-1.161730,-1.664941,-11.984241,0.479815,-0.006948,-1.628113,0.760000,0.320000,0.220000,0.300000,-0.200000,0.479815
552,-1.157684,-1.662361,-12.000522,0.500384,-0.004854,-1.586561,0.800000,0.320000,0.220000,0.300000,-0.200000,0.500384
553,-1.153434,-1.659719,-12.016387,0.520853,-0.002866,-1.561648,0.860000,0.340000,0.220000,0.300000,-0.200000,0.520853
554,-1.148978,-1.657021,-12.032004,0.541238,-0.000887,-1.549337,0.900000,0.340000,0.220000,0.300000,-0.200000,0.541238
555,-1.144316,-1.654272,-12.047497,0.561548,0.001156,-1.546650,0.980000,0.340000,0.220000,0.300000,-0.200000,0.561548
556,-1.139445,-1.651477,-12.062964,0.581789,0.003319,-1.551357,1.000000,0.340000,0.220000,0.300000,-0.200000,0.581789
557,-1.134365,-1.648641,-12.078477,0.601962,0.005642,-1.561763,1.000000,0.340000,0.220000,0.300000,-0.200000,0.601962
558,-1.129074,-1.645770,-12.094095,0.622068,0.008161,-1.576559,1.000000,0.360000,0.220000,0.300000,-0.200000,0.622068
559,-1.123572,-1.642867,-12.109860,0.642103,0.010899,-1.594728,1.000000,0.360000,0.220000,0.300000,-0.200000,0.642103
560,-1.117856,-1.639939,-12.125808,0.662065,0.013879,-1.615465,1.000000,0.360000,0.220000,0.300000,-0.200000,0.662065
561,-1.111927,-1.636990,-12.141962,0.681949,0.017117,-1.638135,1.000000,0.380000,0.220000,0.300000,-0.200000,0.681949
562,-1.105783,-1.634026,-12.158344,0.701749,0.020628,-1.662228,1.000000,0.380000,0.220000,0.300000,-0.200000,0.701749
563,-1.099424,-1.631052,-12.174966,0.721459,0.024423,-1.687331,1.000000,0.380000,0.220000,0.300000,-0.200000,0.721459
564,-1.092848,-1.628074,-12.191839,0.741073,0.028512,-1.713114,1.000000,0.400000,0.220000,0.300000,-0.200000,0.741073
565,-1.086055,-1.625098,-12.208970,0.760583,0.032903,-1.739305,1.000000,0.420000,0.220000,0.300000,-0.200000,0.760583
566,-1.079045,-1.622128,-12.226364,0.779983,0.037602,-1.765685,1.000000,0.420000,0.220000,0.300000,-0.200000,0.779983
567,-1.071817,-1.619173,-12.244020,0.799264,0.042615,-1.792072,1.000000,0.440000,0.220000,0.300000,-0.200000,0.799264
568,-1.064371,-1.616237,-12.261941,0.818417,0.047947,-1.818322,1.000000,0.460000,0.220000,0.300000,-0.200000,0.818417
569,-1.056707,-1.613326,-12.280124,0.837435,0.053603,-1.844314,1.000000,0.480000,0.240000,0.300000,-0.200000,0.837435
570,-1.048825,-1.610447,-12.298567,0.856309,0.059586,-1.869952,1.000000,0.500000,0.240000,0.300000,-0.200000,0.856309
571,-1.040725,-1.607607,-12.317267,0.875029,0.065897,-1.895158,1.000000,0.520000,0.240000,0.300000,-0.200000,0.875029
572,-1.032407,-1.604811,-12.336219,0.893588,0.072541,-1.919872,1.000000,0.560000,0.240000,0.300000,-0.200000,0.893588
573,-1.023872,-1.602066,-12.355417,0.911975,0.079518,-1.944046,1.000000,0.600000,0.240000,0.300000,-0.200000,0.911975
574,-1.015121,-1.599379,-12.374858,0.930182,0.086830,-1.967645,1.000000,0.640000,0.240000,0.200000,-0.200000,0.930182
575,-1.006154,-1.596756,-12.394534,0.941199,0.094477,-1.990642,1.000000,0.700000,0.240000,0.200000,-0.200000,0.941199
576,-0.997043,-1.594216,-12.414441,0.952017,0.102292,-2.012016,1.000000,0.780000,0.260000,0.200000,-0.200000,0.952017
577,-0.987787,-1.591764,-12.434561,0.962631,0.110267,-2.031940,1.000000,0.880000,0.260000,0.200000,-0.200000,0.962631
578,-0.978389,-1.589405,-12.454880,0.973037,0.118398,-2.050566,1.000000,1.000000,0.260000,0.200000,-0.200000,0.973037
579,-0.968851,-1.587146,-12.475386,0.983231,0.126679,-2.068032,1.000000,1.000000,0.260000,0.200000,-0.200000,0.983231
580,-0.959174,-1.584991,-12.496066,0.993207,0.135106,-2.084458,1.000000,1.000000,0.280000,0.200000,-0.200000,0.993207
581,-0.949362,-1.582946,-12.516911,1.002963,0.143676,-2.099954,1.000000,1.000000,0.280000,0.200000,-0.200000,1.002963
582,-0.939415,-1.581015,-12.537910,1.012495,0.152385,-2.114619,0.940000,1.000000,0.300000,0.200000,-0.200000,1.012495
583,-0.929338,-1.579204,-12.559056,1.021799,0.161231,-2.128542,0.900000,1.000000,0.300000,0.200000,-0.200000,1.021799
584,-0.919132,-1.577517,-12.580342,1.030871,0.170212,-2.141802,0.840000,1.000000,0.320000,0.200000,-0.200000,1.030871
585,-0.908800,-1.575959,-12.601760,1.039707,0.179324,-2.154474,0.800000,1.000000,0.340000,0.200000,-0.200000,1.039707
586,-0.898346,-1.574534,-12.623305,1.048305,0.188567,-2.166624,0.780000,1.000000,0.360000,0.200000,-0.200000,1.048305
587,-0.887773,-1.573248,-12.644971,1.056660,0.197938,-2.178314,0.740000,1.000000,0.380000,0.200000,-0.200000,1.056660
588,-0.877084,-1.572105,-12.666754,1.064769,0.207435,-2.189600,0.700000,1.000000,0.400000,0.200000,-0.200000,1.064769
589,-0.866282,-1.571108,-12.688650,1.072629,0.217058,-2.200534,0.680000,1.000000,0.440000,0.200000,-0.200000,1.072629
590,-0.855371,-1.570262,-12.710655,1.080236,0.226804,-2.211165,0.660000,1.000000,0.480000,0.200000,-0.200000,1.080236
591,-0.844355,-1.569571,-12.732767,1.087586,0.236673,-2.221538,0.620000,1.000000,0.540000,0.200000,-0.200000,1.087586
592,-0.833237,-1.569038,-12.754982,1.094675,0.246662,-2.231695,0.600000,1.000000,0.600000,0.200000,-0.200000,1.094675
593,-0.822022,-1.568668,-12.777299,1.101501,0.256771,-2.241675,0.580000,1.000000,0.700000,0.200000,-0.300000,1.101501
594,-0.810713,-1.568463,-12.799716,1.107057,0.266450,-2.275010,0.560000,1.000000,0.840000,0.200000,-0.300000,1.107057
595,-0.799327,-1.568431,-12.822466,1.112294,0.276513,-2.306602,0.540000,1.000000,1.000000,0.200000,-0.300000,1.112294
596,-0.787866,-1.568573,-12.845532,1.117201,0.286939,-2.336548,0.520000,1.000000,1.000000,0.200000,-0.300000,1.117201
597,-0.776336,-1.568893,-12.868898,1.121769,0.297705,-2.364945,0.520000,1.000000,1.000000,0.200000,-0.300000,1.121769
598,-0.764741,-1.569393,-12.892547,1.125987,0.308791,-2.391892,0.500000,0.960000,1.000000,0.200000,-0.300000,1.125987
599,-0.753085,-1.570076,-12.916466,1.129847,0.320178,-2.417487,0.480000,0.900000,1.000000,0.200000,-0.300000,1.129847
600,-0.741374,-1.570944,-12.940641,1.133339,0.331846,-2.441828,0.460000,0.840000,1.000000,0.200000,-0.300000,1.133339
601,-0.729612,-1.571999,-12.965059,1.136456,0.343776,-2.465009,0.460000,0.780000,1.000000,0.200000,-0.300000,1.136456
602,-0.717804,-1.573242,-12.989709,1.139189,0.355950,-2.487124,0.440000,0.740000,1.000000,0.200000,-0.400000,1.139189
603,-0.705955,-1.574677,-13.014581,1.140539,0.368346,-2.508553,0.420000,0.700000,1.000000,0.200000,-0.400000,1.140539
604,-0.694080,-1.576300,-13.039666,1.141493,0.380943,-2.528400,0.420000,0.660000,1.000000,0.200000,-0.400000,1.141493
605,-0.682184,-1.578112,-13.064950,1.142045,0.393718,-2.546776,0.400000,0.640000,1.000000,0.200000,-0.400000,1.142045
606,-0.670271,-1.580116,-13.090418,1.142192,0.406648,-2.563787,0.400000,0.600000,1.000000,0.200000,-0.400000,1.142192
607,-0.658347,-1.582310,-13.116056,1.141932,0.419709,-2.579538,0.380000,0.580000,1.000000,0.200000,-0.400000,1.141932
608,-0.646417,-1.584697,-13.141851,1.141262,0.432880,-2.594125,0.380000,0.540000,1.000000,0.200000,-0.400000,1.141262
609,-0.634487,-1.587277,-13.167792,1.140180,0.446141,-2.607643,0.360000,0.520000,1.000000,0.200000,-0.400000,1.140180
610,-0.622562,-1.590049,-13.193869,1.138686,0.459470,-2.620179,0.360000,0.500000,1.000000,0.200000,-0.400000,1.138686
611,-0.610646,-1.593015,-13.220071,1.136780,0.472850,-2.631818,0.340000,0.480000,0.960000,0.200000,-0.400000,1.136780
612,-0.598746,-1.596175,-13.246389,1.134460,0.486261,-2.642638,0.340000,0.460000,0.880000,-0.300000,-0.400000,1.134460
613,-0.586868,-1.599527,-13.272815,1.096728,0.499686,-2.652712,0.340000,0.440000,0.820000,-0.300000,-0.400000,1.096728
614,-0.575282,-1.602846,-13.299342,1.058585,0.512131,-2.661192,0.320000,0.420000,0.760000,-0.300000,-0.400000,1.058585
615,-0.563988,-1.606122,-13.325954,1.020062,0.523572,-2.668394,0.320000,0.400000,0.700000,-0.300000,-0.400000,1.020062
616,-0.552986,-1.609350,-13.352638,0.981193,0.533989,-2.674595,0.320000,0.400000,0.660000,-0.400000,-0.300000,0.981193
617,-0.542274,-1.612522,-13.379384,0.935972,0.543168,-2.688552,0.300000,0.380000,0.620000,-0.400000,-0.300000,0.935972
618,-0.531896,-1.615587,-13.406270,0.890424,0.551191,-2.702567,0.300000,0.360000,0.580000,-0.400000,-0.300000,0.890424
619,-0.521848,-1.618537,-13.433295,0.844578,0.558046,-2.716806,0.300000,0.360000,0.540000,-0.400000,-0.300000,0.844578
620,-0.512128,-1.621364,-13.460463,0.798464,0.563724,-2.731409,0.280000,0.340000,0.520000,-0.400000,-0.300000,0.798464
621,-0.502733,-1.624059,-13.487777,0.752109,0.568214,-2.746493,0.280000,0.340000,0.500000,-0.400000,-0.300000,0.752109
622,-0.493659,-1.626614,-13.515242,0.705543,0.571509,-2.762155,0.280000,0.320000,0.460000,-0.400000,-0.300000,0.705543
623,-0.484904,-1.629018,-13.542864,0.658795,0.573598,-2.778476,0.280000,0.320000,0.440000,-0.400000,-0.300000,0.658795
624,-0.476462,-1.631265,-13.570649,0.611893,0.574472,-2.795521,0.280000,0.320000,0.420000,-0.400000,-0.300000,0.611893
625,-0.468331,-1.633345,-13.598604,0.564868,0.574122,-2.813342,0.260000,0.300000,0.420000,-0.400000,-0.300000,0.564868
626,-0.460505,-1.635249,-13.626737,0.517748,0.572538,-2.831977,0.260000,0.300000,0.400000,-0.400000,-0.300000,0.517748
627,-0.452980,-1.636970,-13.655057,0.470565,0.569711,-2.851454,0.260000,0.300000,0.380000,-0.400000,-0.300000,0.470565
628,-0.445751,-1.638497,-13.683572,0.423351,0.565628,-2.871789,0.260000,0.280000,0.360000,-0.400000,-0.300000,0.423351
629,-0.438811,-1.639824,-13.712289,0.376138,0.560279,-2.892987,0.260000,0.280000,0.360000,-0.400000,-0.300000,0.376138
630,-0.432156,-1.640942,-13.741219,0.328960,0.553653,-2.915043,0.260000,0.280000,0.340000,-0.400000,-0.300000,0.328960
631,-0.425779,-1.641841,-13.770370,0.281852,0.545736,-2.937942,0.260000,0.280000,0.340000,-0.400000,-0.300000,0.281852
632,-0.419674,-1.642515,-13.799749,0.234850,0.536517,-2.961655,0.260000,0.280000,0.320000,-0.400000,-0.300000,0.234850
633,-0.413834,-1.642955,-13.829366,0.187993,0.525983,-2.986145,0.260000,0.260000,0.320000,-0.400000,-0.300000,0.187993
634,-0.408252,-1.643153,-13.859227,0.141321,0.514121,-3.011362,0.260000,0.260000,0.320000,-0.400000,-0.300000,0.141321
635,-0.402920,-1.643102,-13.889341,0.094875,0.500919,-3.037248,0.260000,0.260000,0.300000,-0.400000,-0.300000,0.094875
636,-0.397831,-1.642793,-13.919713,0.048700,0.486362,-3.063734,0.260000,0.260000,0.300000,-0.400000,-0.300000,0.048700
637,-0.392977,-1.642219,-13.950351,0.002840,0.470440,-3.090748,0.260000,0.260000,0.300000,0.200000,-0.300000,0.002840
638,-0.388349,-1.641373,-13.981258,-0.000656,0.453140,-3.118214,0.260000,0.260000,0.300000,0.200000,-0.300000,-0.000656
639,-0.383874,-1.640663,-14.012440,-0.003741,0.435733,-3.145713,0.260000,0.260000,0.280000,0.200000,-0.300000,-0.003741
640,-0.379555,-1.640084,-14.043897,-0.006404,0.418232,-3.173239,0.260000,0.260000,0.280000,0.200000,-0.300000,-0.006404
641,-0.375397,-1.639631,-14.075630,-0.008630,0.400647,-3.200789,0.260000,0.260000,0.280000,0.200000,-0.300000,-0.008630
642,-0.371403,-1.639298,-14.107638,-0.010409,0.382990,-3.228359,0.280000,0.260000,0.280000,0.200000,-0.300000,-0.010409
643,-0.367578,-1.639081,-14.139921,-0.011728,0.365275,-3.255943,0.280000,0.260000,0.280000,0.200000,-0.300000,-0.011728
644,-0.363925,-1.638974,-14.172481,-0.012576,0.347516,-3.283538,0.280000,0.260000,0.280000,0.200000,-0.300000,-0.012576
645,-0.360448,-1.638971,-14.205316,-0.012941,0.329727,-3.311137,0.280000,0.260000,0.260000,0.200000,-0.300000,-0.012941
646,-0.357149,-1.639066,-14.238427,-0.012813,0.311923,-3.338736,0.280000,0.260000,0.260000,0.200000,-0.300000,-0.012813
647,-0.354033,-1.639254,-14.271815,-0.012181,0.294121,-3.366328,0.300000,0.260000,0.260000,0.200000,-0.300000,-0.012181
648,-0.351102,-1.639528,-14.305478,-0.011036,0.276336,-3.393908,0.300000,0.260000,0.260000,0.200000,-0.300000,-0.011036
649,-0.348359,-1.639882,-14.339417,-0.009369,0.258587,-3.421471,0.300000,0.260000,0.260000,0.200000,-0.300000,-0.009369
650,-0.345807,-1.640310,-14.373632,-0.007170,0.240890,-3.449012,0.300000,0.260000,0.260000,0.200000,-0.300000,-0.007170
651,-0.343449,-1.640804,-14.408122,-0.004433,0.223265,-3.476531,0.320000,0.260000,0.260000,0.200000,-0.300000,-0.004433
652,-0.341286,-1.641359,-14.442887,-0.001149,0.205731,-3.504029,0.320000,0.260000,0.260000,0.200000,-0.300000,-0.001149
653,-0.339320,-1.641968,-14.477928,0.002687,0.188306,-3.531519,0.320000,0.280000,0.260000,0.200000,-0.400000,0.002687
654,-0.337554,-1.642622,-14.513243,0.006144,0.171361,-3.544012,0.340000,0.280000,0.260000,0.200000,-0.400000,0.006144
655,-0.335983,-1.643309,-14.548683,0.010177,0.154532,-3.556579,0.340000,0.280000,0.260000,0.200000,-0.400000,0.010177
656,-0.334608,-1.644020,-14.584249,0.014783,0.137834,-3.569327,0.360000,0.280000,0.260000,0.200000,-0.400000,0.014783
657,-0.333429,-1.644749,-14.619942,0.019960,0.121286,-3.582376,0.380000,0.280000,0.260000,0.200000,-0.400000,0.019960
658,-0.332447,-1.645489,-14.655766,0.025726,0.104952,-3.593762,0.380000,0.300000,0.260000,0.200000,-0.400000,0.025726
659,-0.331663,-1.646233,-14.691703,0.032664,0.090238,-3.544176,0.400000,0.300000,0.260000,0.200000,-0.400000,0.032664
660,-0.331068,-1.646986,-14.727145,0.043064,0.082580,-3.201909,0.420000,0.300000,0.260000,0.300000,-0.400000,0.043064
661,-0.330621,-1.647803,-14.759164,0.059601,0.071773,-3.002319,0.440000,0.300000,0.260000,0.300000,-0.400000,0.059601
662,-0.330385,-1.648705,-14.789187,0.076784,0.061723,-2.785542,0.460000,0.320000,0.260000,0.300000,-0.300000,0.076784
663,-0.330360,-1.649690,-14.817043,0.095550,0.054264,-2.470303,0.480000,0.320000,0.260000,0.300000,-0.300000,0.095550
664,-0.330539,-1.650775,-14.841746,0.114164,0.045283,-2.227255,0.500000,0.320000,0.260000,0.300000,-0.300000,0.114164
665,-0.330934,-1.651938,-14.864018,0.133014,0.036172,-1.997097,0.520000,0.320000,0.260000,0.300000,-0.300000,0.133014
666,-0.331547,-1.653172,-14.883989,0.152109,0.027092,-1.775124,0.520000,0.340000,0.260000,0.300000,-0.300000,0.152109
667,-0.332382,-1.654472,-14.901741,0.171421,0.018158,-1.564879,0.540000,0.340000,0.260000,0.300000,-0.300000,0.171421
668,-0.333437,-1.655835,-14.917389,0.190920,0.009587,-1.376398,0.560000,0.340000,0.260000,0.300000,-0.300000,0.190920
669,-0.334712,-1.657259,-14.931153,0.210570,0.001740,-1.225717,0.580000,0.340000,0.260000,0.300000,-0.300000,0.210570
670,-0.336202,-1.658748,-14.943411,0.230342,-0.004992,-1.127986,0.580000,0.340000,0.260000,0.300000,-0.300000,0.230342
671,-0.337899,-1.660306,-14.954690,0.250214,-0.010430,-1.085651,0.600000,0.340000,0.260000,0.300000,-0.300000,0.250214
672,-0.339795,-1.661942,-14.965547,0.270170,-0.014678,-1.087218,0.620000,0.360000,0.260000,0.300000,-0.300000,0.270170
673,-0.341885,-1.663660,-14.976419,0.290197,-0.017955,-1.117625,0.620000,0.360000,0.260000,0.300000,-0.300000,0.290197
674,-0.344164,-1.665465,-14.987595,0.310283,-0.020458,-1.165239,0.640000,0.360000,0.260000,0.300000,-0.300000,0.310283
675,-0.346631,-1.667358,-14.999248,0.330416,-0.022331,-1.222640,0.660000,0.360000,0.260000,0.300000,-0.300000,0.330416
676,-0.349285,-1.669339,-15.011474,0.350582,-0.023666,-1.285390,0.660000,0.360000,0.260000,0.300000,-0.300000,0.350582
677,-0.352126,-1.671407,-15.024328,0.370770,-0.024528,-1.350860,0.680000,0.360000,0.260000,0.300000,-0.300000,0.370770
678,-0.355156,-1.673559,-15.037837,0.390970,-0.024954,-1.417480,0.720000,0.360000,0.260000,0.300000,-0.200000,0.390970
679,-0.358375,-1.675791,-15.052011,0.412110,-0.022269,-1.368737,0.720000,0.360000,0.260000,0.300000,-0.200000,0.412110
680,-0.361777,-1.678128,-15.065699,0.433091,-0.020019,-1.343521,0.720000,0.380000,0.260000,0.300000,-0.200000,0.433091
681,-0.365365,-1.680562,-15.079134,0.453951,-0.018015,-1.334781,0.700000,0.380000,0.260000,0.300000,-0.300000,0.453951
682,-0.369142,-1.683087,-15.092482,0.473727,-0.018554,-1.441567,0.700000,0.380000,0.260000,0.300000,-0.300000,0.473727
683,-0.373117,-1.685670,-15.106897,0.493543,-0.018395,-1.540080,0.700000,0.380000,0.260000,0.300000,-0.300000,0.493543
684,-0.377291,-1.688310,-15.122298,0.513377,-0.017597,-1.631467,0.740000,0.380000,0.280000,0.300000,-0.200000,0.513377
685,-0.381667,-1.691001,-15.138613,0.534193,-0.013767,-1.612429,0.780000,0.400000,0.280000,0.300000,-0.200000,0.534193
686,-0.386240,-1.693764,-15.154737,0.554868,-0.010164,-1.604196,0.820000,0.400000,0.280000,0.300000,-0.200000,0.554868
687,-0.391015,-1.696593,-15.170779,0.575421,-0.006677,-1.604174,0.880000,0.400000,0.280000,0.300000,-0.200000,0.575421
688,-0.395992,-1.699481,-15.186821,0.595863,-0.003219,-1.610437,0.940000,0.420000,0.280000,0.300000,-0.200000,0.595863
689,-0.401176,-1.702419,-15.202925,0.616202,0.000275,-1.621532,0.940000,0.420000,0.280000,0.300000,-0.200000,0.616202
690,-0.406568,-1.705403,-15.219141,0.636440,0.003858,-1.636347,0.940000,0.420000,0.280000,0.300000,-0.200000,0.636440
691,-0.412168,-1.708426,-15.235504,0.656581,0.007572,-1.654017,0.940000,0.440000,0.280000,0.300000,-0.200000,0.656581
692,-0.417981,-1.711481,-15.252044,0.676621,0.011450,-1.673865,1.000000,0.440000,0.280000,0.300000,-0.200000,0.676621
693,-0.424005,-1.714563,-15.268783,0.696560,0.015521,-1.695350,1.000000,0.460000,0.280000,0.300000,-0.200000,0.696560
694,-0.430244,-1.717665,-15.285736,0.716394,0.019807,-1.718040,0.980000,0.460000,0.280000,0.300000,-0.200000,0.716394
695,-0.436697,-1.720782,-15.302917,0.736117,0.024326,-1.741585,1.000000,0.480000,0.280000,0.300000,-0.200000,0.736117
696,-0.443367,-1.723906,-15.320333,0.755725,0.029096,-1.765701,1.000000,0.480000,0.280000,0.300000,-0.200000,0.755725
697,-0.450254,-1.727032,-15.337990,0.775211,0.034128,-1.790157,1.000000,0.500000,0.280000,0.300000,-0.200000,0.775211
698,-0.457358,-1.730153,-15.355891,0.794570,0.039434,-1.814760,1.000000,0.520000,0.280000,0.300000,-0.200000,0.794570
699,-0.464680,-1.733264,-15.374039,0.813793,0.045025,-1.839356,1.000000,0.540000,0.280000,0.300000,-0.200000,0.813793
700,-0.472221,-1.736356,-15.392432,0.832874,0.050907,-1.863816,1.000000,0.560000,0.280000,0.300000,-0.200000,0.832874
701,-0.479981,-1.739425,-15.411071,0.851804,0.057088,-1.888036,1.000000,0.580000,0.280000,0.300000,-0.200000,0.851804
702,-0.487959,-1.742463,-15.429951,0.870576,0.063574,-1.911930,1.000000,0.600000,0.300000,0.300000,-0.200000,0.870576
703,-0.496156,-1.745463,-15.449070,0.889181,0.070369,-1.935431,1.000000,0.600000,0.300000,0.300000,-0.200000,0.889181
704,-0.504571,-1.748420,-15.468425,0.907611,0.077479,-1.958483,1.000000,0.580000,0.300000,0.300000,-0.200000,0.907611
705,-0.513204,-1.751326,-15.488009,0.925856,0.084905,-1.981045,1.000000,0.580000,0.300000,0.200000,-0.200000,0.925856
706,-0.522055,-1.754174,-15.507820,0.936909,0.092651,-2.003085,1.000000,0.600000,0.320000,0.200000,-0.200000,0.936909
707,-0.531053,-1.756945,-15.527851,0.947760,0.100549,-2.023563,1.000000,0.640000,0.320000,0.200000,-0.200000,0.947760
708,-0.540197,-1.759632,-15.548086,0.958405,0.108594,-2.042648,1.000000,0.720000,0.320000,0.200000,-0.200000,0.958405
709,-0.549486,-1.762230,-15.568513,0.968840,0.116782,-2.060493,1.000000,0.800000,0.340000,0.200000,-0.200000,0.968840
710,-0.558918,-1.764733,-15.589118,0.979061,0.125108,-2.077231,1.000000,0.800000,0.340000,0.200000,-0.200000,0.979061
711,-0.568491,-1.767136,-15.609890,0.989065,0.133571,-2.092982,1.000000,0.800000,0.340000,0.200000,-0.200000,0.989065
712,-0.578203,-1.769434,-15.630820,0.998847,0.142168,-2.107852,1.000000,0.840000,0.360000,0.200000,-0.200000,0.998847
713,-0.588052,-1.771621,-15.651898,1.008404,0.150896,-2.121936,1.000000,0.860000,0.380000,0.200000,-0.200000,1.008404
714,-0.598036,-1.773693,-15.673118,1.017732,0.159753,-2.135321,1.000000,0.860000,0.380000,0.200000,-0.200000,1.017732
715,-0.608152,-1.775644,-15.694471,1.026829,0.168737,-2.148083,1.000000,0.920000,0.400000,0.200000,-0.200000,1.026829
716,-0.618396,-1.777470,-15.715952,1.035690,0.177847,-2.160294,1.000000,0.920000,0.420000,0.200000,-0.200000,1.035690
717,-0.628767,-1.779165,-15.737555,1.044313,0.187082,-2.172017,1.000000,0.900000,0.440000,0.200000,-0.200000,1.044313
718,-0.639261,-1.780727,-15.759275,1.052694,0.196440,-2.183312,1.000000,0.900000,0.480000,0.200000,-0.200000,1.052694
719,-0.649875,-1.782148,-15.781108,1.060829,0.205920,-2.194232,1.000000,0.940000,0.460000,0.200000,-0.200000,1.060829
720,-0.660605,-1.783427,-15.803050,1.068716,0.215521,-2.204827,1.000000,0.920000,0.460000,0.200000,-0.200000,1.068716
721,-0.671449,-1.784558,-15.825099,1.076350,0.225242,-2.215143,1.000000,0.920000,0.440000,0.200000,-0.200000,1.076350
722,-0.682402,-1.785537,-15.847250,1.083728,0.235081,-2.225224,1.000000,0.920000,0.440000,0.200000,-0.200000,1.083728
723,-0.693460,-1.786360,-15.869502,1.090847,0.245038,-2.235109,0.640000,0.900000,0.500000,0.200000,-0.300000,1.090847
724,-0.704621,-1.787024,-15.891853,1.096700,0.254530,-2.269752,0.620000,0.940000,0.560000,0.200000,-0.200000,1.096700
725,-0.715868,-1.787521,-15.914551,1.103242,0.264976,-2.278732,0.600000,0.940000,0.640000,0.200000,-0.200000,1.103242
726,-0.727210,-1.787852,-15.937338,1.109506,0.275526,-2.287659,0.580000,0.940000,0.680000,0.200000,-0.200000,1.109506
727,-0.738641,-1.788012,-15.960215,1.115489,0.286180,-2.296565,0.480000,0.920000,0.660000,0.200000,-0.300000,1.115489
728,-0.750157,-1.787999,-15.983180,1.120188,0.296467,-2.325595,0.480000,0.960000,0.680000,0.200000,-0.300000,1.120188
729,-0.761743,-1.787808,-16.006436,1.124552,0.307087,-2.353192,0.460000,0.960000,0.720000,0.200000,-0.300000,1.124552
730,-0.773394,-1.787436,-16.029968,1.128572,0.318020,-2.379443,0.440000,0.960000,0.720000,0.200000,-0.400000,1.128572
731,-0.785106,-1.786881,-16.053763,1.131241,0.329192,-2.406757,0.440000,0.960000,0.780000,0.200000,-0.400000,1.131241
732,-0.796865,-1.786144,-16.077830,1.133544,0.340655,-2.432177,0.420000,0.960000,0.780000,0.200000,-0.400000,1.133544
733,-0.808665,-1.785223,-16.102152,1.135475,0.352382,-2.455812,0.400000,0.960000,0.760000,0.200000,-0.400000,1.135475
734,-0.820502,-1.784115,-16.126710,1.137027,0.364347,-2.477768,0.400000,0.960000,0.760000,0.200000,-0.400000,1.137027
735,-0.832372,-1.782821,-16.151488,1.138195,0.376525,-2.498152,0.380000,0.960000,0.780000,0.200000,-0.400000,1.138195
736,-0.844268,-1.781337,-16.176469,1.138975,0.388893,-2.517067,0.380000,0.960000,0.780000,0.200000,-0.400000,1.138975
737,-0.856187,-1.779664,-16.201640,1.139364,0.401428,-2.534616,0.360000,0.960000,0.780000,0.200000,-0.400000,1.139364
738,-0.868122,-1.777800,-16.226986,1.139358,0.414106,-2.550896,0.360000,0.960000,0.760000,0.200000,-0.400000,1.139358
739,-0.880069,-1.775744,-16.252495,1.138954,0.426908,-2.566001,0.340000,0.960000,0.800000,0.200000,-0.400000,1.138954
740,-0.892023,-1.773496,-16.278155,1.138151,0.439811,-2.580022,0.340000,0.960000,0.800000,0.200000,-0.400000,1.138151
741,-0.903978,-1.771054,-16.303955,1.136947,0.452797,-2.593044,0.320000,0.980000,0.800000,0.200000,-0.400000,1.136947
742,-0.915929,-1.768420,-16.329886,1.135342,0.465846,-2.605148,0.320000,0.980000,0.780000,0.200000,-0.400000,1.135342
743,-0.927871,-1.765591,-16.355937,1.133334,0.478939,-2.616412,0.320000,0.980000,0.820000,0.200000,-0.400000,1.133334
744,-0.939798,-1.762570,-16.382101,1.130925,0.492060,-2.626908,0.300000,1.000000,0.820000,-0.300000,-0.400000,1.130925
745,-0.951704,-1.759354,-16.408370,1.093114,0.505190,-2.636705,0.300000,0.460000,0.820000,-0.300000,-0.400000,1.093114
746,-0.963318,-1.756171,-16.434738,1.054902,0.517345,-2.644979,0.280000,0.440000,0.820000,-0.300000,-0.400000,1.054902
747,-0.974639,-1.753028,-16.461187,1.016322,0.528500,-2.652036,0.280000,0.420000,0.820000,-0.300000,-0.400000,1.016322
748,-0.985668,-1.749932,-16.487708,0.977406,0.538637,-2.658140,0.280000,0.400000,0.820000,-0.300000,-0.400000,0.977406
749,-0.996406,-1.746890,-16.514289,0.938183,0.547740,-2.663521,0.260000,0.400000,0.820000,-0.300000,-0.400000,0.938183
750,-1.006853,-1.743910,-16.540924,0.898687,0.555798,-2.668376,0.260000,0.380000,0.820000,-0.300000,-0.400000,0.898687
751,-1.017010,-1.740999,-16.567608,0.858945,0.562800,-2.672875,0.260000,0.380000,0.820000,-0.300000,-0.400000,0.858945
752,-1.026881,-1.738165,-16.594337,0.818990,0.568741,-2.677167,0.260000,0.360000,0.820000,-0.300000,-0.400000,0.818990
753,-1.036465,-1.735415,-16.621108,0.778850,0.573613,-2.681377,0.240000,0.340000,0.820000,-0.300000,-0.400000,0.778850
754,-1.045766,-1.732758,-16.647922,0.738553,0.577414,-2.685615,0.240000,0.340000,0.840000,-0.300000,-0.400000,0.738553
755,-1.054784,-1.730199,-16.674778,0.698129,0.580141,-2.689976,0.240000,0.340000,0.840000,-0.300000,-0.400000,0.698129
756,-1.063524,-1.727748,-16.701678,0.657606,0.581791,-2.694539,0.240000,0.320000,0.840000,-0.300000,-0.400000,0.657606
757,-1.071988,-1.725411,-16.728624,0.617012,0.582365,-2.699375,0.240000,0.260000,0.860000,-0.300000,-0.400000,0.617012
758,-1.080178,-1.723196,-16.755617,0.576374,0.581861,-2.704542,0.240000,0.260000,0.860000,-0.300000,-0.400000,0.576374
759,-1.088098,-1.721110,-16.782663,0.535720,0.580279,-2.710089,0.220000,0.260000,0.880000,-0.300000,-0.400000,0.535720
760,-1.095751,-1.719161,-16.809764,0.495076,0.577621,-2.716058,0.220000,0.260000,0.900000,-0.300000,-0.400000,0.495076
761,-1.103141,-1.717355,-16.836924,0.454471,0.573887,-2.722484,0.220000,0.240000,0.900000,-0.300000,-0.400000,0.454471
762,-1.110273,-1.715701,-16.864149,0.413930,0.569078,-2.729394,0.220000,0.240000,0.920000,-0.300000,-0.400000,0.413930
763,-1.117149,-1.714205,-16.891443,0.373483,0.563195,-2.736809,0.220000,0.240000,0.940000,-0.300000,-0.400000,0.373483
764,-1.123774,-1.712874,-16.918811,0.333155,0.556239,-2.744743,0.220000,0.240000,0.920000,-0.300000,-0.400000,0.333155
765,-1.130153,-1.711715,-16.946258,0.292975,0.548212,-2.753205,0.220000,0.240000,0.340000,-0.400000,-0.300000,0.292975
766,-1.136292,-1.710735,-16.973790,0.246913,0.538775,-2.776712,0.220000,0.220000,0.320000,-0.400000,-0.300000,0.246913
767,-1.142172,-1.709998,-17.001558,0.200985,0.528138,-2.800978,0.220000,0.220000,0.320000,-0.400000,-0.300000,0.200985
768,-1.147802,-1.709510,-17.029567,0.155226,0.516287,-2.825963,0.220000,0.220000,0.300000,-0.400000,-0.300000,0.155226
769,-1.153188,-1.709279,-17.057827,0.109672,0.503209,-2.851620,0.220000,0.220000,0.300000,-0.400000,-0.300000,0.109672
770,-1.158338,-1.709311,-17.086343,0.064360,0.488891,-2.877893,0.220000,0.220000,0.300000,-0.400000,-0.300000,0.064360
771,-1.163260,-1.709615,-17.115122,0.019331,0.473321,-2.904715,0.220000,0.220000,0.300000,0.200000,-0.300000,0.019331
772,-1.167961,-1.710195,-17.144169,0.016625,0.456484,-2.932021,0.220000,0.220000,0.300000,0.200000,-0.300000,0.016625
773,-1.172507,-1.710643,-17.173490,0.014284,0.439575,-2.959351,0.220000,0.220000,0.280000,0.200000,-0.300000,0.014284
774,-1.176894,-1.710963,-17.203083,0.012319,0.422602,-2.986703,0.220000,0.220000,0.280000,0.200000,-0.300000,0.012319
775,-1.181117,-1.711159,-17.232950,0.010740,0.405576,-3.014073,0.220000,0.220000,0.280000,0.200000,-0.300000,0.010740
776,-1.185173,-1.711238,-17.263091,0.009560,0.388506,-3.041459,0.240000,0.220000,0.280000,0.200000,-0.300000,0.009560
777,-1.189059,-1.711203,-17.293505,0.008787,0.371403,-3.068857,0.240000,0.220000,0.280000,0.200000,-0.300000,0.008787
778,-1.192772,-1.711060,-17.324194,0.008433,0.354280,-3.096262,0.240000,0.220000,0.280000,0.200000,-0.300000,0.008433
779,-1.196307,-1.710815,-17.355157,0.008507,0.337148,-3.123671,0.240000,0.220000,0.260000,0.200000,-0.300000,0.008507
780,-1.199662,-1.710473,-17.386393,0.009019,0.320020,-3.151080,0.240000,0.220000,0.260000,0.200000,-0.300000,0.009019
781,-1.202834,-1.710040,-17.417904,0.009978,0.302910,-3.178486,0.240000,0.220000,0.260000,0.200000,-0.300000,0.009978
782,-1.205820,-1.709521,-17.449689,0.011393,0.285832,-3.205884,0.240000,0.220000,0.260000,0.200000,-0.300000,0.011393
783,-1.208618,-1.708922,-17.481748,0.013273,0.268799,-3.233274,0.260000,0.220000,0.220000,0.200000,-0.300000,0.013273
784,-1.211224,-1.708250,-17.514081,0.015624,0.251828,-3.260652,0.260000,0.220000,0.220000,0.200000,-0.300000,0.015624
785,-1.213636,-1.707511,-17.546687,0.018455,0.234934,-3.288019,0.260000,0.220000,0.220000,0.200000,-0.300000,0.018455
786,-1.215853,-1.706711,-17.579567,0.021771,0.218132,-3.315378,0.260000,0.220000,0.220000,0.200000,-0.300000,0.021771
787,-1.217872,-1.705857,-17.612721,0.025580,0.201440,-3.342731,0.280000,0.220000,0.220000,0.200000,-0.300000,0.025580
788,-1.219691,-1.704955,-17.646148,0.029885,0.184873,-3.370078,0.280000,0.220000,0.220000,0.200000,-0.400000,0.029885
789,-1.221309,-1.704012,-17.679849,0.033753,0.168798,-3.382509,0.280000,0.240000,0.220000,0.200000,-0.400000,0.033753
790,-1.222731,-1.703042,-17.713674,0.038140,0.152849,-3.394932,0.300000,0.240000,0.220000,0.200000,-0.400000,0.038140
791,-1.223957,-1.702053,-17.747623,0.043047,0.137048,-3.407070,0.300000,0.240000,0.220000,0.200000,-0.400000,0.043047
792,-1.224985,-1.701049,-17.781694,0.048488,0.121443,-3.417588,0.320000,0.240000,0.220000,0.200000,-0.400000,0.048488
793,-1.225815,-1.700039,-17.815870,0.054518,0.106190,-3.420487,0.320000,0.240000,0.220000,0.200000,-0.400000,0.054518
794,-1.226448,-1.699027,-17.850075,0.061364,0.091839,-3.392870,0.340000,0.240000,0.220000,0.200000,-0.400000,0.061364
795,-1.226889,-1.698015,-17.884004,0.069509,0.079544,-3.285563,0.360000,0.260000,0.220000,0.300000,-0.400000,0.069509
796,-1.227148,-1.696990,-17.916859,0.085973,0.069369,-3.094897,0.360000,0.260000,0.220000,0.300000,-0.400000,0.085973
797,-1.227193,-1.695887,-17.947808,0.102993,0.059759,-2.893978,0.380000,0.260000,0.220000,0.300000,-0.400000,0.102993
798,-1.227023,-1.694708,-17.976748,0.120409,0.050397,-2.694078,0.400000,0.260000,0.220000,0.300000,-0.400000,0.120409
799,-1.226635,-1.693462,-18.003689,0.138161,0.041201,-2.497325,0.420000,0.280000,0.220000,0.300000,-0.400000,0.138161
800,-1.226027,-1.692154,-18.028662,0.156205,0.032144,-2.305042,0.440000,0.280000,0.220000,0.300000,-0.400000,0.156205
801,-1.225198,-1.690792,-18.051712,0.174505,0.023239,-2.119638,0.460000,0.280000,0.220000,0.300000,-0.300000,0.174505
802,-1.224146,-1.689381,-18.072909,0.194257,0.016812,-1.849405,0.480000,0.280000,0.220000,0.300000,-0.300000,0.194257
803,-1.222878,-1.687899,-18.091403,0.213956,0.009920,-1.630640,0.480000,0.280000,0.220000,0.300000,-0.300000,0.213956
804,-1.221393,-1.686356,-18.107709,0.233691,0.003219,-1.459599,0.500000,0.280000,0.220000,0.300000,-0.300000,0.233691
805,-1.219692,-1.684753,-18.122305,0.253487,-0.002830,-1.340091,0.520000,0.300000,0.220000,0.300000,-0.300000,0.253487
806,-1.217779,-1.683089,-18.135706,0.273345,-0.007964,-1.271977,0.540000,0.300000,0.220000,0.300000,-0.300000,0.273345
807,-1.215661,-1.681360,-18.148426,0.293263,-0.012138,-1.247518,0.540000,0.300000,0.220000,0.300000,-0.300000,0.293263
808,-1.213342,-1.679561,-18.160901,0.313235,-0.015439,-1.255277,0.560000,0.300000,0.220000,0.300000,-0.300000,0.313235
809,-1.210825,-1.677689,-18.173454,0.333254,-0.017987,-1.284778,0.580000,0.300000,0.220000,0.300000,-0.300000,0.333254
810,-1.208113,-1.675744,-18.186302,0.353310,-0.019886,-1.328238,0.600000,0.300000,0.220000,0.300000,-0.300000,0.353310
811,-1.205207,-1.673726,-18.199584,0.373396,-0.021217,-1.380385,0.620000,0.300000,0.220000,0.300000,-0.300000,0.373396
812,-1.202106,-1.671635,-18.213388,0.393499,-0.022035,-1.437767,0.640000,0.300000,0.220000,0.300000,-0.300000,0.393499
813,-1.198810,-1.669474,-18.227766,0.413611,-0.022379,-1.498138,0.660000,0.320000,0.220000,0.300000,-0.300000,0.413611
814,-1.195317,-1.667247,-18.242747,0.433718,-0.022277,-1.560027,0.700000,0.320000,0.220000,0.300000,-0.300000,0.433718
815,-1.191627,-1.664957,-18.258347,0.453812,-0.021745,-1.622455,0.720000,0.320000,0.220000,0.300000,-0.200000,0.453812
816,-1.187738,-1.662608,-18.274572,0.474845,-0.018193,-1.573490,0.760000,0.320000,0.220000,0.300000,-0.200000,0.474845
817,-1.183655,-1.660178,-18.290307,0.495709,-0.015055,-1.544142,0.820000,0.320000,0.220000,0.300000,-0.200000,0.495709
818,-1.179373,-1.657676,-18.305748,0.516440,-0.012163,-1.529231,0.860000,0.340000,0.220000,0.300000,-0.200000,0.516440
819,-1.174890,-1.655108,-18.321040,0.537059,-0.009392,-1.525076,0.920000,0.340000,0.220000,0.300000,-0.200000,0.537059
820,-1.170205,-1.652481,-18.336291,0.557581,-0.006652,-1.529012,1.000000,0.340000,0.220000,0.300000,-0.200000,0.557581
821,-1.165315,-1.649801,-18.351581,0.578014,-0.003871,-1.539077,1.000000,0.340000,0.220000,0.300000,-0.200000,0.578014
822,-1.160219,-1.647074,-18.366972,0.598363,-0.000996,-1.553802,1.000000,0.340000,0.220000,0.300000,-0.200000,0.598363
823,-1.154914,-1.644306,-18.382510,0.618629,0.002017,-1.572068,1.000000,0.360000,0.220000,0.300000,-0.200000,0.618629
824,-1.149399,-1.641503,-18.398231,0.638813,0.005200,-1.593012,1.000000,0.360000,0.220000,0.300000,-0.200000,0.638813
825,-1.143673,-1.638670,-18.414161,0.658911,0.008582,-1.615960,1.000000,0.360000,0.220000,0.300000,-0.200000,0.658911
826,-1.137735,-1.635813,-18.430321,0.678921,0.012185,-1.640379,1.000000,0.380000,0.220000,0.300000,-0.200000,0.678921
827,-1.131583,-1.632938,-18.446724,0.698838,0.016026,-1.665844,1.000000,0.380000,0.220000,0.300000,-0.200000,0.698838
828,-1.125217,-1.630051,-18.463383,0.718658,0.020122,-1.692015,1.000000,0.400000,0.220000,0.300000,-0.200000,0.718658
829,-1.118636,-1.627158,-18.480303,0.738373,0.024486,-1.718615,1.000000,0.400000,0.220000,0.300000,-0.200000,0.738373
830,-1.111838,-1.624264,-18.497489,0.757978,0.029128,-1.745421,1.000000,0.420000,0.220000,0.300000,-0.200000,0.757978
831,-1.104824,-1.621377,-18.514943,0.777465,0.034057,-1.772251,1.000000,0.420000,0.220000,0.300000,-0.200000,0.777465
832,-1.097592,-1.618502,-18.532666,0.796828,0.039281,-1.798956,1.000000,0.440000,0.220000,0.300000,-0.200000,0.796828
833,-1.090143,-1.615646,-18.550655,0.816058,0.044807,-1.825414,1.000000,0.460000,0.220000,0.300000,-0.200000,0.816058
834,-1.082476,-1.612815,-18.568909,0.835148,0.050642,-1.851528,1.000000,0.480000,0.240000,0.300000,-0.200000,0.835148
835,-1.074592,-1.610015,-18.587425,0.854088,0.056788,-1.877218,1.000000,0.500000,0.240000,0.300000,-0.200000,0.854088
836,-1.066490,-1.607253,-18.606197,0.872871,0.063251,-1.902420,1.000000,0.540000,0.240000,0.300000,-0.200000,0.872871
837,-1.058171,-1.604536,-18.625221,0.891489,0.070034,-1.927086,1.000000,0.560000,0.240000,0.300000,-0.200000,0.891489
838,-1.049635,-1.601870,-18.644492,0.909931,0.077140,-1.951176,1.000000,0.600000,0.240000,0.300000,-0.200000,0.909931
839,-1.040883,-1.599262,-18.664004,0.928189,0.084571,-1.974664,1.000000,0.660000,0.240000,0.200000,-0.200000,0.928189
840,-1.031917,-1.596718,-18.683750,0.939254,0.092329,-1.997530,1.000000,0.720000,0.240000,0.200000,-0.200000,0.939254
841,-1.022805,-1.594257,-18.703726,0.950118,0.100246,-2.018745,1.000000,0.800000,0.260000,0.200000,-0.200000,0.950118
842,-1.013551,-1.591885,-18.723913,0.960774,0.108315,-2.038490,1.000000,0.920000,0.260000,0.200000,-0.200000,0.960774
843,-1.004154,-1.589606,-18.744298,0.971220,0.116533,-2.056924,1.000000,1.000000,0.260000,0.200000,-0.200000,0.971220
844,-0.994618,-1.587427,-18.764867,0.981451,0.124893,-2.074189,1.000000,1.000000,0.280000,0.200000,-0.200000,0.981451
845,-0.984945,-1.585353,-18.785609,0.991463,0.133394,-2.090411,1.000000,1.000000,0.280000,0.200000,-0.200000,0.991463
846,-0.975136,-1.583388,-18.806513,1.001253,0.142032,-2.105701,0.980000,1.000000,0.280000,0.200000,-0.200000,1.001253
847,-0.965193,-1.581538,-18.827570,1.010816,0.150804,-2.120161,0.920000,1.000000,0.300000,0.200000,-0.200000,1.010816
848,-0.955121,-1.579808,-18.848772,1.020149,0.159708,-2.133881,0.880000,1.000000,0.320000,0.200000,-0.200000,1.020149
849,-0.944921,-1.578203,-18.870111,1.029249,0.168741,-2.146944,0.840000,1.000000,0.320000,0.200000,-0.200000,1.029249
850,-0.934596,-1.576727,-18.891580,1.038113,0.177902,-2.159423,0.800000,1.000000,0.340000,0.200000,-0.200000,1.038113
851,-0.924149,-1.575386,-18.913174,1.046736,0.187190,-2.171387,0.760000,1.000000,0.360000,0.200000,-0.200000,1.046736
852,-0.913584,-1.574183,-18.934888,1.055116,0.196602,-2.182897,0.720000,1.000000,0.400000,0.200000,-0.200000,1.055116
853,-0.902903,-1.573124,-18.956717,1.063248,0.206137,-2.194009,0.700000,1.000000,0.420000,0.200000,-0.200000,1.063248
854,-0.892111,-1.572211,-18.978657,1.071130,0.215794,-2.204777,0.660000,1.000000,0.460000,0.200000,-0.200000,1.071130
855,-0.881211,-1.571451,-19.000705,1.078758,0.225572,-2.215249,0.640000,1.000000,0.500000,0.200000,-0.200000,1.078758
856,-0.870207,-1.570845,-19.022858,1.086129,0.235469,-2.225470,0.620000,1.000000,0.560000,0.200000,-0.200000,1.086129
857,-0.859103,-1.570398,-19.045112,1.093238,0.245485,-2.235481,0.600000,1.000000,0.640000,0.200000,-0.200000,1.093238
858,-0.847902,-1.570115,-19.067467,1.100083,0.255618,-2.245322,0.580000,1.000000,0.740000,0.200000,-0.300000,1.100083
859,-0.836608,-1.569997,-19.089920,1.105657,0.265315,-2.278669,0.560000,1.000000,0.900000,0.200000,-0.300000,1.105657
860,-0.825238,-1.570052,-19.112707,1.110912,0.275396,-2.310264,0.540000,1.000000,1.000000,0.200000,-0.300000,1.110912
861,-0.813795,-1.570283,-19.135810,1.115836,0.285839,-2.340205,0.520000,1.000000,1.000000,0.200000,-0.300000,1.115836
862,-0.802284,-1.570691,-19.159212,1.120421,0.296622,-2.368591,0.500000,1.000000,1.000000,0.200000,-0.300000,1.120421
863,-0.790708,-1.571281,-19.182898,1.124655,0.307725,-2.395522,0.500000,0.940000,1.000000,0.200000,-0.300000,1.124655
864,-0.779074,-1.572053,-19.206853,1.128531,0.319127,-2.421096,0.480000,0.880000,1.000000,0.200000,-0.300000,1.128531
865,-0.767385,-1.573010,-19.231064,1.132038,0.330809,-2.445413,0.460000,0.820000,1.000000,0.200000,-0.300000,1.132038
866,-0.755647,-1.574154,-19.255518,1.135170,0.342754,-2.468567,0.440000,0.780000,1.000000,0.200000,-0.400000,1.135170
867,-0.743864,-1.575488,-19.280204,1.136923,0.354919,-2.491641,0.440000,0.720000,1.000000,0.200000,-0.400000,1.136923
868,-0.732052,-1.577009,-19.305120,1.138285,0.367310,-2.513019,0.420000,0.680000,1.000000,0.200000,-0.400000,1.138285
869,-0.720214,-1.578719,-19.330250,1.139249,0.379903,-2.532816,0.420000,0.660000,1.000000,0.200000,-0.400000,1.139249
870,-0.708356,-1.580618,-19.355578,1.139811,0.392673,-2.551143,0.400000,0.620000,1.000000,0.200000,-0.400000,1.139811
871,-0.696483,-1.582708,-19.381090,1.139969,0.405596,-2.568108,0.400000,0.580000,1.000000,0.200000,-0.400000,1.139969
872,-0.684600,-1.584990,-19.406771,1.139719,0.418650,-2.583812,0.380000,0.560000,1.000000,0.200000,-0.400000,1.139719
873,-0.672713,-1.587464,-19.432609,1.139059,0.431814,-2.598355,0.380000,0.540000,1.000000,0.200000,-0.400000,1.139059
874,-0.660827,-1.590131,-19.458593,1.137987,0.445066,-2.611831,0.360000,0.520000,1.000000,0.200000,-0.400000,1.137987
875,-0.648947,-1.592990,-19.484711,1.136504,0.458387,-2.624327,0.360000,0.500000,1.000000,0.200000,-0.400000,1.136504
876,-0.637079,-1.596043,-19.510954,1.134607,0.471757,-2.635927,0.340000,0.480000,0.940000,0.200000,-0.400000,1.134607
877,-0.625227,-1.599289,-19.537313,1.132298,0.485157,-2.646710,0.340000,0.460000,0.860000,-0.200000,-0.400000,1.132298
878,-0.613399,-1.602729,-19.563780,1.101576,0.498571,-2.656749,0.320000,0.440000,0.780000,-0.200000,-0.400000,1.101576
879,-0.601809,-1.606177,-19.590348,1.070442,0.511199,-2.665373,0.320000,0.420000,0.740000,-0.200000,-0.400000,1.070442
880,-0.590460,-1.609629,-19.617002,1.038924,0.523018,-2.672839,0.320000,0.400000,0.680000,-0.300000,-0.300000,1.038924
881,-0.579352,-1.613078,-19.643730,1.001012,0.533830,-2.686964,0.300000,0.380000,0.640000,-0.300000,-0.300000,1.001012
882,-0.568528,-1.616477,-19.670600,0.962731,0.543689,-2.700936,0.300000,0.380000,0.600000,-0.300000,-0.300000,0.962731
883,-0.557989,-1.619818,-19.697609,0.924102,0.552581,-2.714913,0.300000,0.360000,0.560000,-0.300000,-0.300000,0.924102
884,-0.547732,-1.623093,-19.724758,0.885152,0.560496,-2.729033,0.280000,0.360000,0.540000,-0.300000,-0.300000,0.885152
885,-0.537757,-1.626296,-19.752049,0.845903,0.567421,-2.743412,0.280000,0.340000,0.500000,-0.300000,-0.300000,0.845903
886,-0.528062,-1.629420,-19.779483,0.806381,0.573348,-2.758146,0.280000,0.320000,0.480000,-0.300000,-0.300000,0.806381
887,-0.518644,-1.632455,-19.807064,0.766608,0.578265,-2.773319,0.280000,0.320000,0.460000,-0.300000,-0.300000,0.766608
888,-0.509503,-1.635396,-19.834797,0.726609,0.582164,-2.788998,0.260000,0.320000,0.440000,-0.300000,-0.300000,0.726609
889,-0.500636,-1.638234,-19.862687,0.686408,0.585035,-2.805242,0.260000,0.300000,0.420000,-0.300000,-0.300000,0.686408
890,-0.492039,-1.640962,-19.890740,0.646031,0.586868,-2.822097,0.260000,0.300000,0.400000,-0.300000,-0.300000,0.646031
891,-0.483711,-1.643573,-19.918961,0.605502,0.587654,-2.839600,0.260000,0.280000,0.380000,-0.300000,-0.300000,0.605502
892,-0.475647,-1.646058,-19.947357,0.564846,0.587383,-2.857780,0.260000,0.280000,0.360000,-0.300000,-0.300000,0.564846
893,-0.467845,-1.648410,-19.975934,0.524091,0.586045,-2.876660,0.260000,0.280000,0.360000,-0.300000,-0.300000,0.524091
894,-0.460301,-1.650623,-20.004701,0.483263,0.583629,-2.896255,0.260000,0.280000,0.340000,-0.300000,-0.300000,0.483263
895,-0.453010,-1.652687,-20.033664,0.442389,0.580125,-2.916572,0.240000,0.260000,0.340000,-0.300000,-0.300000,0.442389
896,-0.445969,-1.654597,-20.062829,0.401499,0.575521,-2.937616,0.240000,0.260000,0.320000,-0.300000,-0.300000,0.401499
897,-0.439173,-1.656344,-20.092206,0.360623,0.569807,-2.959381,0.240000,0.260000,0.320000,-0.300000,-0.300000,0.360623
898,-0.432616,-1.657921,-20.121799,0.319790,0.562972,-2.981860,0.240000,0.260000,0.300000,-0.300000,-0.300000,0.319790
899,-0.426295,-1.659322,-20.151618,0.279034,0.555004,-3.005037,0.240000,0.260000,0.300000,-0.300000,-0.300000,0.279034
900,-0.420203,-1.660538,-20.181668,0.238388,0.545891,-3.028889,0.240000,0.240000,0.280000,-0.300000,-0.300000,0.238388
901,-0.414335,-1.661564,-20.211957,0.197886,0.535622,-3.053392,0.240000,0.240000,0.280000,-0.300000,-0.300000,0.197886
902,-0.408686,-1.662392,-20.242491,0.157565,0.524186,-3.078509,0.240000,0.240000,0.280000,-0.300000,-0.300000,0.157565
903,-0.403248,-1.663015,-20.273276,0.117464,0.511573,-3.104202,0.240000,0.240000,0.280000,-0.300000,-0.300000,0.117464
904,-0.398015,-1.663427,-20.304318,0.077621,0.497772,-3.130426,0.240000,0.240000,0.260000,-0.300000,-0.300000,0.077621
905,-0.392981,-1.663622,-20.335622,0.038078,0.482772,-3.157129,0.240000,0.240000,0.260000,-0.300000,-0.300000,0.038078
906,-0.388138,-1.663593,-20.367194,-0.001122,0.466566,-3.184259,0.240000,0.240000,0.260000,0.200000,-0.300000,-0.001122
907,-0.383480,-1.663334,-20.399036,-0.004934,0.449145,-3.211761,0.260000,0.240000,0.260000,0.200000,-0.300000,-0.004934
908,-0.378991,-1.663189,-20.431154,-0.008315,0.431603,-3.239297,0.260000,0.240000,0.260000,0.200000,-0.300000,-0.008315
909,-0.374674,-1.663152,-20.463547,-0.011251,0.413953,-3.266863,0.260000,0.240000,0.260000,0.200000,-0.300000,-0.011251
910,-0.370533,-1.663219,-20.496216,-0.013729,0.396206,-3.294453,0.260000,0.240000,0.240000,0.200000,-0.300000,-0.013729
911,-0.366572,-1.663382,-20.529160,-0.015736,0.378377,-3.322064,0.260000,0.240000,0.240000,0.200000,-0.300000,-0.015736
912,-0.362794,-1.663637,-20.562381,-0.017260,0.360480,-3.349690,0.260000,0.240000,0.240000,0.200000,-0.300000,-0.017260
913,-0.359201,-1.663976,-20.595878,-0.018289,0.342529,-3.377325,0.280000,0.240000,0.240000,0.200000,-0.300000,-0.018289
914,-0.355796,-1.664394,-20.629651,-0.018811,0.324540,-3.404963,0.280000,0.240000,0.240000,0.200000,-0.300000,-0.018811
915,-0.352583,-1.664884,-20.663701,-0.018815,0.306530,-3.432598,0.280000,0.240000,0.240000,0.200000,-0.300000,-0.018815
916,-0.349562,-1.665440,-20.698027,-0.018290,0.288515,-3.460222,0.300000,0.240000,0.240000,0.200000,-0.300000,-0.018290
917,-0.346738,-1.666055,-20.732629,-0.017226,0.270514,-3.487829,0.300000,0.240000,0.240000,0.200000,-0.300000,-0.017226
918,-0.344110,-1.666722,-20.767507,-0.015614,0.252545,-3.515411,0.300000,0.260000,0.240000,0.200000,-0.300000,-0.015614
919,-0.341682,-1.667435,-20.802661,-0.013445,0.234628,-3.542962,0.320000,0.260000,0.240000,0.200000,-0.300000,-0.013445
920,-0.339455,-1.668185,-20.838091,-0.010711,0.216782,-3.570476,0.320000,0.260000,0.240000,0.200000,-0.300000,-0.010711
921,-0.337430,-1.668967,-20.873796,-0.007404,0.199029,-3.597954,0.340000,0.260000,0.240000,0.200000,-0.300000,-0.007404
922,-0.335609,-1.669772,-20.909775,-0.003518,0.181388,-3.625403,0.340000,0.260000,0.240000,0.200000,-0.400000,-0.003518
923,-0.333991,-1.670594,-20.946029,0.000016,0.164232,-3.637826,0.360000,0.260000,0.240000,0.200000,-0.400000,0.000016
924,-0.332571,-1.671418,-20.982407,0.004150,0.147197,-3.650299,0.380000,0.280000,0.240000,0.200000,-0.400000,0.004150
925,-0.331348,-1.672238,-21.018910,0.008883,0.130302,-3.662965,0.400000,0.280000,0.240000,0.200000,-0.400000,0.008883
926,-0.330321,-1.673045,-21.055540,0.014208,0.113558,-3.676157,0.420000,0.280000,0.240000,0.200000,-0.400000,0.014208
927,-0.329491,-1.673833,-21.092302,0.020204,0.097180,-3.681655,0.440000,0.300000,0.240000,0.200000,-0.400000,0.020204
928,-0.328857,-1.674597,-21.129118,0.031143,0.091294,-3.247223,0.460000,0.300000,0.240000,0.200000,-0.300000,0.031143
929,-0.328366,-1.675427,-21.161590,0.040529,0.079105,-3.092500,0.480000,0.300000,0.240000,0.300000,-0.300000,0.040529
930,-0.328056,-1.676260,-21.192515,0.058675,0.071162,-2.765163,0.520000,0.320000,0.260000,0.300000,-0.300000,0.058675
931,-0.327956,-1.677177,-21.220167,0.076457,0.060831,-2.553046,0.540000,0.320000,0.260000,0.300000,-0.300000,0.076457
932,-0.328080,-1.678146,-21.245697,0.094790,0.051243,-2.320491,0.580000,0.340000,0.260000,0.300000,-0.300000,0.094790
933,-0.328429,-1.679166,-21.268902,0.113462,0.041796,-2.090217,0.600000,0.340000,0.260000,0.300000,-0.300000,0.113462
934,-0.329004,-1.680229,-21.289805,0.132423,0.032441,-1.863558,0.640000,0.340000,0.260000,0.300000,-0.300000,0.132423
935,-0.329807,-1.681332,-21.308440,0.151633,0.023193,-1.643361,0.660000,0.360000,0.260000,0.300000,-0.300000,0.151633
936,-0.330837,-1.682468,-21.324874,0.171053,0.014171,-1.436802,0.700000,0.360000,0.260000,0.300000,-0.300000,0.171053
937,-0.332094,-1.683637,-21.339242,0.190646,0.005657,-1.257905,0.720000,0.360000,0.260000,0.300000,-0.200000,0.190646
938,-0.333575,-1.684838,-21.351821,0.211328,0.000750,-1.012149,0.740000,0.360000,0.260000,0.300000,-0.200000,0.211328
939,-0.335266,-1.686105,-21.361942,0.231919,-0.003770,-0.867185,0.720000,0.360000,0.260000,0.300000,-0.200000,0.231919
940,-0.337164,-1.687440,-21.370614,0.252489,-0.007414,-0.798623,0.720000,0.380000,0.260000,0.300000,-0.200000,0.252489
941,-0.339261,-1.688848,-21.378600,0.273065,-0.010228,-0.779403,0.720000,0.380000,0.260000,0.300000,-0.200000,0.273065
942,-0.341554,-1.690334,-21.386394,0.293654,-0.012383,-0.788988,0.720000,0.380000,0.260000,0.300000,-0.200000,0.293654
943,-0.344040,-1.691902,-21.394284,0.314261,-0.014023,-0.814864,0.720000,0.380000,0.260000,0.300000,-0.200000,0.314261
944,-0.346718,-1.693552,-21.402433,0.334881,-0.015244,-0.849935,0.720000,0.380000,0.260000,0.300000,-0.200000,0.334881
945,-0.349588,-1.695285,-21.410932,0.355511,-0.016109,-0.890202,0.720000,0.380000,0.260000,0.300000,-0.200000,0.355511
946,-0.352650,-1.697099,-21.419834,0.376147,-0.016658,-0.933368,0.740000,0.380000,0.260000,0.300000,-0.200000,0.376147
947,-0.355904,-1.698993,-21.429168,0.396785,-0.016918,-0.978077,0.780000,0.380000,0.260000,0.300000,-0.200000,0.396785
948,-0.359351,-1.700964,-21.438949,0.417419,-0.016903,-1.023509,0.800000,0.380000,0.260000,0.300000,-0.200000,0.417419
949,-0.362994,-1.703010,-21.449184,0.438045,-0.016622,-1.069150,0.840000,0.400000,0.260000,0.300000,-0.200000,0.438045
950,-0.366832,-1.705127,-21.459875,0.458659,-0.016081,-1.114669,0.880000,0.400000,0.260000,0.300000,-0.200000,0.458659
951,-0.370868,-1.707312,-21.471022,0.479254,-0.015282,-1.159847,0.920000,0.400000,0.260000,0.300000,-0.200000,0.479254
952,-0.375103,-1.709561,-21.482620,0.499827,-0.014223,-1.204533,0.960000,0.400000,0.260000,0.300000,-0.200000,0.499827
953,-0.379538,-1.711871,-21.494666,0.520373,-0.012903,-1.248620,0.960000,0.400000,0.260000,0.300000,-0.200000,0.520373
954,-0.384175,-1.714236,-21.507152,0.540884,-0.011319,-1.292029,0.960000,0.420000,0.260000,0.300000,-0.200000,0.540884
955,-0.389015,-1.716652,-21.520072,0.561357,-0.009468,-1.334702,0.940000,0.420000,0.260000,0.300000,-0.200000,0.561357
956,-0.394060,-1.719116,-21.533419,0.581784,-0.007345,-1.376591,0.980000,0.420000,0.260000,0.300000,-0.200000,0.581784
957,-0.399312,-1.721621,-21.547185,0.602160,-0.004946,-1.417659,1.000000,0.440000,0.260000,0.300000,-0.200000,0.602160
958,-0.404771,-1.724163,-21.561362,0.622478,-0.002266,-1.457875,1.000000,0.440000,0.260000,0.300000,-0.200000,0.622478
959,-0.410439,-1.726736,-21.575941,0.642731,0.000698,-1.497213,1.000000,0.460000,0.260000,0.300000,-0.200000,0.642731
960,-0.416317,-1.729335,-21.590913,0.662913,0.003952,-1.535652,1.000000,0.460000,0.260000,0.300000,-0.200000,0.662913
961,-0.422407,-1.731954,-21.606269,0.683016,0.007500,-1.573173,1.000000,0.480000,0.280000,0.300000,-0.200000,0.683016
962,-0.428709,-1.734588,-21.622001,0.703033,0.011345,-1.609763,1.000000,0.480000,0.280000,0.300000,-0.200000,0.703033
963,-0.435225,-1.737230,-21.638099,0.722955,0.015493,-1.645409,1.000000,0.500000,0.280000,0.300000,-0.200000,0.722955
964,-0.441955,-1.739876,-21.654553,0.742776,0.019947,-1.680101,1.000000,0.520000,0.280000,0.300000,-0.200000,0.742776
965,-0.448900,-1.742517,-21.671354,0.762486,0.024710,-1.713835,1.000000,0.540000,0.280000,0.300000,-0.200000,0.762486
966,-0.456061,-1.745149,-21.688492,0.782078,0.029785,-1.746605,1.000000,0.560000,0.280000,0.300000,-0.200000,0.782078
967,-0.463437,-1.747764,-21.705958,0.801543,0.035177,-1.778412,1.000000,0.580000,0.280000,0.300000,-0.200000,0.801543
968,-0.471030,-1.750357,-21.723742,0.820873,0.040887,-1.809257,1.000000,0.620000,0.280000,0.300000,-0.200000,0.820873
969,-0.478839,-1.752920,-21.741835,0.840057,0.046918,-1.839144,1.000000,0.600000,0.280000,0.300000,-0.200000,0.840057
970,-0.486864,-1.755447,-21.760226,0.859089,0.053273,-1.868081,1.000000,0.600000,0.300000,0.300000,-0.200000,0.859089
971,-0.495105,-1.757932,-21.778907,0.877958,0.059952,-1.896077,1.000000,0.580000,0.300000,0.300000,-0.200000,0.877958
972,-0.503561,-1.760368,-21.797868,0.896655,0.066959,-1.923145,1.000000,0.600000,0.300000,0.300000,-0.200000,0.896655
973,-0.512232,-1.762747,-21.817099,0.915172,0.074293,-1.949299,1.000000,0.640000,0.300000,0.300000,-0.200000,0.915172
974,-0.521117,-1.765064,-21.836592,0.933498,0.081957,-1.974557,1.000000,0.720000,0.320000,0.300000,-0.200000,0.933498
975,-0.530215,-1.767310,-21.856338,0.951625,0.089951,-1.998938,1.000000,0.800000,0.320000,0.200000,-0.200000,0.951625
976,-0.539524,-1.769481,-21.876327,0.962543,0.098276,-2.022466,1.000000,0.820000,0.340000,0.200000,-0.200000,0.962543
977,-0.548973,-1.771560,-21.896552,0.973243,0.106760,-2.044189,1.000000,0.820000,0.340000,0.200000,-0.200000,0.973243
978,-0.558561,-1.773542,-21.916994,0.983721,0.115397,-2.064314,1.000000,0.840000,0.360000,0.200000,-0.200000,0.983721
979,-0.568286,-1.775422,-21.937637,0.993971,0.124181,-2.083019,1.000000,0.880000,0.360000,0.200000,-0.200000,0.993971
980,-0.578145,-1.777193,-21.958467,1.003991,0.133108,-2.100466,1.000000,0.860000,0.380000,0.200000,-0.200000,1.003991
981,-0.588136,-1.778852,-21.979472,1.013775,0.142172,-2.116795,1.000000,0.940000,0.400000,0.200000,-0.200000,1.013775
982,-0.598257,-1.780392,-22.000640,1.023321,0.151370,-2.132135,1.000000,0.940000,0.420000,0.200000,-0.200000,1.023321
983,-0.608504,-1.781808,-22.021961,1.032625,0.160699,-2.146597,1.000000,0.920000,0.440000,0.200000,-0.200000,1.032625
984,-0.618875,-1.783096,-22.043427,1.041683,0.170157,-2.160285,1.000000,0.920000,0.460000,0.200000,-0.200000,1.041683
985,-0.629366,-1.784251,-22.065030,1.050492,0.179741,-2.173288,1.000000,0.900000,0.480000,0.200000,-0.200000,1.050492
986,-0.639975,-1.785268,-22.086763,1.059048,0.189449,-2.185691,1.000000,0.940000,0.480000,0.200000,-0.200000,1.059048
987,-0.650698,-1.786143,-22.108620,1.067348,0.199279,-2.197568,1.000000,0.940000,0.460000,0.200000,-0.200000,1.067348
988,-0.661531,-1.786871,-22.130595,1.075389,0.209230,-2.208987,0.660000,0.920000,0.460000,0.200000,-0.200000,1.075389
989,-0.672472,-1.787449,-22.152685,1.083167,0.219299,-2.220011,0.640000,0.920000,0.500000,0.200000,-0.300000,1.083167
990,-0.683515,-1.787871,-22.174885,1.089673,0.228814,-2.259434,0.620000,0.960000,0.560000,0.200000,-0.200000,1.089673
991,-0.694646,-1.788130,-22.197480,1.096868,0.239416,-2.269028,0.520000,0.960000,0.640000,0.200000,-0.300000,1.096868
992,-0.705873,-1.788226,-22.220170,1.102777,0.249510,-2.304500,0.500000,0.940000,0.700000,0.200000,-0.300000,1.102777
993,-0.717179,-1.788152,-22.243215,1.108353,0.260003,-2.337935,0.480000,0.980000,0.680000,0.200000,-0.300000,1.108353
994,-0.728561,-1.787906,-22.266594,1.113586,0.270872,-2.369456,0.480000,0.980000,0.680000,0.200000,-0.300000,1.113586
995,-0.740014,-1.787484,-22.290289,1.118465,0.282093,-2.399189,0.460000,0.980000,0.740000,0.200000,-0.300000,1.118465
996,-0.751533,-1.786883,-22.314281,1.122979,0.293642,-2.427257,0.440000,0.980000,0.720000,0.200000,-0.400000,1.122979
997,-0.763114,-1.786102,-22.338553,1.126115,0.305404,-2.457865,0.420000,0.980000,0.800000,0.200000,-0.400000,1.126115
998,-0.774742,-1.785139,-22.363132,1.128860,0.317488,-2.486181,0.420000,0.980000,0.800000,0.200000,-0.400000,1.128860
999,-0.786413,-1.783994,-22.387994,1.131206,0.329866,-2.512347,0.400000,0.980000,0.780000,0.200000,-0.400000,1.131206
