step,x,y,mu,vx,vy,omega,lidar_l,lidar_c,lidar_r,throttle,steering,reward
0,-1.611512,1.132379,2.735627,0.000000,0.000000,0.000000,0.100000,0.080000,0.080000,0.100000,-1.000000,0.000000
1,-1.611512,1.132379,2.735627,0.007000,0.000000,0.000000,0.100000,0.080000,0.080000,0.100000,-1.000000,0.007000
2,-1.611577,1.132406,2.735627,0.014000,0.000000,0.000000,0.100000,0.080000,0.080000,0.100000,-1.000000,0.014000
3,-1.611705,1.132462,2.735627,0.012635,-0.005371,-0.229722,0.100000,0.080000,0.080000,0.100000,-1.000000,0.012635
4,-1.611800,1.132561,2.733330,0.014456,-0.013642,-0.130547,0.100000,0.080000,0.080000,0.100000,-1.000000,0.014456
5,-1.611879,1.132744,2.732024,0.018464,-0.007716,-0.594771,0.100000,0.080000,0.080000,0.100000,-1.000000,0.018464
6,-1.612017,1.132888,2.726077,0.023814,-0.016534,-0.259800,0.100000,0.080000,0.080000,0.100000,-1.000000,0.023814
7,-1.612168,1.133135,2.723479,0.026136,-0.012580,-0.726427,0.100000,0.080000,0.080000,0.100000,-1.000000,0.026136
8,-1.612356,1.133356,2.716214,0.030956,-0.021285,-0.426882,0.100000,0.080000,0.080000,0.100000,-1.000000,0.030956
9,-1.612550,1.133678,2.711945,0.033981,-0.017852,-0.826197,0.100000,0.080000,0.080000,0.100000,-1.000000,0.033981
10,-1.612785,1.133982,2.703684,0.038344,-0.025797,-0.589363,0.100000,0.080000,0.080000,0.100000,-1.000000,0.038344
11,-1.613023,1.134378,2.697790,0.041704,-0.023224,-0.926226,0.100000,0.080000,0.080000,0.100000,-1.000000,0.041704
12,-1.613300,1.134767,2.688528,0.045867,-0.029787,-0.767228,0.100000,0.080000,0.080000,0.100000,-1.000000,0.045867
13,-1.613582,1.135236,2.680855,0.049446,-0.028652,-1.019612,0.120000,0.080000,0.080000,0.100000,-1.000000,0.049446
14,-1.613897,1.135712,2.670659,0.053473,-0.033471,-0.952181,0.120000,0.080000,0.080000,0.100000,-1.000000,0.053473
15,-1.614222,1.136253,2.661137,0.057212,-0.033962,-1.113680,0.120000,0.080000,0.080000,0.100000,-1.000000,0.057212
16,-1.614572,1.136818,2.650001,0.061152,-0.037174,-1.128214,0.120000,0.080000,0.080000,0.100000,-1.000000,0.061152
17,-1.614936,1.137435,2.638718,0.064996,-0.038811,-1.224822,0.120000,0.080000,0.080000,0.100000,-1.000000,0.064996
18,-1.615318,1.138088,2.626470,0.068903,-0.041150,-1.281770,0.120000,0.080000,0.080000,0.100000,-1.000000,0.068903
19,-1.615715,1.138786,2.613653,0.072800,-0.043167,-1.353740,0.120000,0.080000,0.080000,0.100000,-1.000000,0.072800
20,-1.616127,1.139525,2.600115,0.076713,-0.045245,-1.420158,0.120000,0.080000,0.080000,0.100000,-1.000000,0.076713
21,-1.616551,1.140308,2.585914,0.080636,-0.047265,-1.487219,0.120000,0.080000,0.080000,0.100000,-1.000000,0.080636
22,-1.616987,1.141135,2.571041,0.084568,-0.049253,-1.553404,0.120000,0.080000,0.080000,0.100000,-1.000000,0.084568
23,-1.617432,1.142007,2.555507,0.088510,-0.051204,-1.618947,0.120000,0.080000,0.080000,0.100000,-1.000000,0.088510
24,-1.617886,1.142923,2.539318,0.092462,-0.053116,-1.683782,0.120000,0.080000,0.080000,0.100000,-1.000000,0.092462
25,-1.618347,1.143884,2.522480,0.096422,-0.054987,-1.747878,0.120000,0.100000,0.080000,0.100000,-1.000000,0.096422
26,-1.618814,1.144892,2.505001,0.100391,-0.056815,-1.811200,0.120000,0.100000,0.080000,0.100000,-1.000000,0.100391
27,-1.619283,1.145945,2.486889,0.104368,-0.058600,-1.873714,0.140000,0.100000,0.080000,0.100000,-1.000000,0.104368
28,-1.619754,1.147046,2.468152,0.108353,-0.060338,-1.935386,0.140000,0.100000,0.080000,0.100000,-1.000000,0.108353
29,-1.620225,1.148193,2.448798,0.112344,-0.062029,-1.996181,0.140000,0.100000,0.080000,0.100000,-1.000000,0.112344
30,-1.620693,1.149388,2.428836,0.116341,-0.063671,-2.056065,0.140000,0.100000,0.080000,0.100000,-1.000000,0.116341
31,-1.621157,1.150630,2.408276,0.120343,-0.065262,-2.115003,0.140000,0.100000,0.080000,0.100000,-1.000000,0.120343
32,-1.621614,1.151921,2.387126,0.124349,-0.066802,-2.172961,0.140000,0.100000,0.080000,0.100000,-1.000000,0.124349
33,-1.622063,1.153259,2.365396,0.128358,-0.068287,-2.229905,0.160000,0.100000,0.080000,0.100000,-1.000000,0.128358
34,-1.622500,1.154646,2.343097,0.132369,-0.069718,-2.285802,0.160000,0.100000,0.080000,0.100000,-1.000000,0.132369
35,-1.622925,1.156080,2.320239,0.136380,-0.071092,-2.340617,0.160000,0.100000,0.080000,0.100000,-1.000000,0.136380
36,-1.623333,1.157563,2.296833,0.140391,-0.072408,-2.394318,0.180000,0.100000,0.080000,0.100000,-1.000000,0.140391
37,-1.623724,1.159094,2.272890,0.144399,-0.073665,-2.446873,0.180000,0.100000,0.080000,0.100000,-1.000000,0.144399
38,-1.624094,1.160672,2.248421,0.148404,-0.074862,-2.498250,0.200000,0.100000,0.080000,0.100000,-1.000000,0.148404
39,-1.624441,1.162297,2.223439,0.152403,-0.075998,-2.548418,0.220000,0.100000,0.080000,0.100000,-1.000000,0.152403
40,-1.624763,1.163970,2.197954,0.156395,-0.077072,-2.597348,0.220000,0.120000,0.080000,0.100000,-1.000000,0.156395
41,-1.625057,1.165688,2.171981,0.160378,-0.078082,-2.645011,0.260000,0.120000,0.080000,0.100000,-1.000000,0.160378
42,-1.625320,1.167453,2.145531,0.164351,-0.079028,-2.691379,0.280000,0.120000,0.080000,0.100000,-1.000000,0.164351
43,-1.625550,1.169262,2.118617,0.168311,-0.079910,-2.736426,0.280000,0.120000,0.080000,0.100000,-1.000000,0.168311
44,-1.625744,1.171115,2.091253,0.172256,-0.080726,-2.780126,0.280000,0.120000,0.080000,0.100000,-1.000000,0.172256
45,-1.625901,1.173011,2.063451,0.176185,-0.081476,-2.822456,0.280000,0.140000,0.080000,0.100000,-1.000000,0.176185
46,-1.626016,1.174948,2.035227,0.180096,-0.082160,-2.863393,0.280000,0.140000,0.100000,0.100000,-1.000000,0.180096
47,-1.626088,1.176926,2.006593,0.183986,-0.082778,-2.902919,0.260000,0.160000,0.100000,0.100000,-1.000000,0.183986
48,-1.626114,1.178944,1.977564,0.187853,-0.083329,-2.941013,0.340000,0.160000,0.100000,0.100000,-1.000000,0.187853
49,-1.626092,1.180999,1.948154,0.191695,-0.083813,-2.977659,0.340000,0.180000,0.100000,0.100000,-1.000000,0.191695
50,-1.626020,1.183090,1.918377,0.195510,-0.084231,-3.012842,0.340000,0.180000,0.100000,0.100000,-1.000000,0.195510
51,-1.625894,1.185215,1.888249,0.199296,-0.084583,-3.046550,0.340000,0.200000,0.100000,0.100000,-1.000000,0.199296
52,-1.625712,1.187372,1.857783,0.203050,-0.084870,-3.078772,0.420000,0.220000,0.120000,0.100000,-1.000000,0.203050
53,-1.625473,1.189560,1.826995,0.206771,-0.085091,-3.109500,0.420000,0.240000,0.120000,0.100000,-1.000000,0.206771
54,-1.625174,1.191776,1.795900,0.210456,-0.085248,-3.138727,0.420000,0.260000,0.120000,0.100000,-1.000000,0.210456
55,-1.624812,1.194017,1.764513,0.214102,-0.085341,-3.166451,0.460000,0.260000,0.120000,0.100000,-1.000000,0.214102
56,-1.624387,1.196283,1.732849,0.217709,-0.085372,-3.192670,0.460000,0.260000,0.140000,0.100000,-1.000000,0.217709
57,-1.623896,1.198569,1.700922,0.221273,-0.085341,-3.217384,0.500000,0.260000,0.140000,0.100000,-1.000000,0.221273
58,-1.623337,1.200874,1.668748,0.224793,-0.085251,-3.240598,0.500000,0.260000,0.160000,0.100000,-1.000000,0.224793
59,-1.622708,1.203194,1.636342,0.228266,-0.085102,-3.262318,0.540000,0.320000,0.160000,0.100000,-1.000000,0.228266
60,-1.622009,1.205528,1.603719,0.231691,-0.084896,-3.282553,0.560000,0.320000,0.180000,0.100000,-1.000000,0.231691
61,-1.621236,1.207871,1.570893,0.235066,-0.084634,-3.301313,0.600000,0.320000,0.200000,0.100000,-1.000000,0.235066
62,-1.620390,1.210222,1.537880,0.238389,-0.084319,-3.318612,0.640000,0.320000,0.220000,0.100000,-1.000000,0.238389
63,-1.619469,1.212577,1.504694,0.241658,-0.083953,-3.334466,0.660000,0.400000,0.240000,0.100000,-1.000000,0.241658
64,-1.618472,1.214933,1.471350,0.244872,-0.083537,-3.348894,0.660000,0.400000,0.240000,0.100000,-1.000000,0.244872
65,-1.617397,1.217286,1.437861,0.248029,-0.083073,-3.361916,0.720000,0.400000,0.240000,0.100000,-1.000000,0.248029
66,-1.616245,1.219635,1.404241,0.251128,-0.082564,-3.373556,0.720000,0.440000,0.240000,0.100000,-1.000000,0.251128
67,-1.615015,1.221974,1.370506,0.254167,-0.082013,-3.383839,0.740000,0.440000,0.240000,0.100000,-1.000000,0.254167
68,-1.613705,1.224302,1.336667,0.257146,-0.081421,-3.392792,0.760000,0.480000,0.260000,0.100000,-1.000000,0.257146
69,-1.612317,1.226614,1.302740,0.260062,-0.080791,-3.400445,0.760000,0.480000,0.300000,0.100000,-1.000000,0.260062
70,-1.610849,1.228908,1.268735,0.262916,-0.080126,-3.406830,0.780000,0.540000,0.300000,0.100000,-1.000000,0.262916
71,-1.609302,1.231180,1.234667,0.265706,-0.079427,-3.411980,0.800000,0.580000,0.300000,0.100000,-1.000000,0.265706
72,-1.607675,1.233426,1.200547,0.268432,-0.078699,-3.415930,0.820000,0.620000,0.380000,0.100000,-1.000000,0.268432
73,-1.605970,1.235644,1.166388,0.271092,-0.077943,-3.418717,0.840000,0.640000,0.380000,0.100000,-1.000000,0.271092
74,-1.604187,1.237830,1.132201,0.273687,-0.077161,-3.420380,0.880000,0.640000,0.380000,0.100000,-1.000000,0.273687
75,-1.602326,1.239980,1.097997,0.276217,-0.076358,-3.420958,0.900000,0.700000,0.420000,0.100000,-1.000000,0.276217
76,-1.600389,1.242091,1.063787,0.278680,-0.075534,-3.420492,0.940000,0.700000,0.420000,0.100000,-1.000000,0.278680
77,-1.598375,1.244161,1.029582,0.281077,-0.074694,-3.419025,0.980000,0.720000,0.460000,0.100000,-1.000000,0.281077
78,-1.596287,1.246185,0.995392,0.283408,-0.073838,-3.416600,1.000000,0.720000,0.460000,0.100000,-1.000000,0.283408
79,-1.594125,1.248161,0.961226,0.285673,-0.072971,-3.413261,1.000000,0.740000,0.500000,0.100000,-1.000000,0.285673
80,-1.591892,1.250085,0.927093,0.287873,-0.072094,-3.409053,1.000000,0.760000,0.520000,0.100000,-1.000000,0.287873
81,-1.589587,1.251955,0.893003,0.290007,-0.071210,-3.404020,1.000000,0.780000,0.560000,0.100000,-1.000000,0.290007
82,-1.587214,1.253768,0.858963,0.292076,-0.070321,-3.398210,1.000000,0.800000,0.600000,0.100000,-1.000000,0.292076
83,-1.584774,1.255520,0.824981,0.294082,-0.069430,-3.391668,1.000000,0.820000,0.620000,0.100000,-1.000000,0.294082
84,-1.582268,1.257209,0.791064,0.296023,-0.068538,-3.384440,0.440000,0.840000,0.620000,0.100000,-1.000000,0.296023
85,-1.579699,1.258832,0.757219,0.297902,-0.067648,-3.376573,0.380000,0.880000,0.680000,0.100000,-1.000000,0.297902
86,-1.577070,1.260387,0.723454,0.299719,-0.066762,-3.368113,0.380000,0.900000,0.680000,0.100000,-1.000000,0.299719
87,-1.574381,1.261870,0.689773,0.301476,-0.065881,-3.359106,0.320000,0.940000,0.700000,0.100000,-1.000000,0.301476
88,-1.571636,1.263281,0.656182,0.303172,-0.065008,-3.349597,0.320000,0.980000,0.700000,0.100000,-1.000000,0.303172
89,-1.568838,1.264615,0.622686,0.304810,-0.064144,-3.339633,0.320000,1.000000,0.720000,0.100000,-1.000000,0.304810
90,-1.565988,1.265872,0.589289,0.306390,-0.063290,-3.329256,0.320000,1.000000,0.740000,0.100000,-1.000000,0.306390
91,-1.563089,1.267049,0.555997,0.307914,-0.062449,-3.318511,0.300000,1.000000,0.760000,0.100000,-1.000000,0.307914
92,-1.560144,1.268143,0.522812,0.309383,-0.061621,-3.307441,0.300000,1.000000,0.780000,0.100000,-1.000000,0.309383
93,-1.557156,1.269154,0.489737,0.310798,-0.060808,-3.296088,0.300000,1.000000,0.800000,0.100000,-1.000000,0.310798
94,-1.554127,1.270080,0.456776,0.312160,-0.060011,-3.284493,0.300000,0.500000,0.820000,0.100000,-1.000000,0.312160
95,-1.551061,1.270918,0.423931,0.313472,-0.059230,-3.272694,0.300000,0.400000,0.840000,0.100000,-1.000000,0.313472
96,-1.547960,1.271667,0.391204,0.314734,-0.058468,-3.260732,0.280000,0.360000,0.880000,0.100000,-1.000000,0.314734
97,-1.544827,1.272327,0.358597,0.315948,-0.057723,-3.248642,0.280000,0.340000,0.900000,0.100000,-1.000000,0.315948
98,-1.541666,1.272895,0.326111,0.317115,-0.056998,-3.236461,0.280000,0.300000,0.940000,0.100000,-1.000000,0.317115
99,-1.538479,1.273371,0.293746,0.318237,-0.056292,-3.224222,0.280000,0.300000,0.980000,0.100000,-1.000000,0.318237
100,-1.535270,1.273754,0.261504,0.319315,-0.055607,-3.211959,0.280000,0.280000,1.000000,0.100000,-1.000000,0.319315
101,-1.532042,1.274042,0.229384,0.320351,-0.054941,-3.199702,0.280000,0.280000,1.000000,0.100000,-1.000000,0.320351
102,-1.528798,1.274236,0.197387,0.321345,-0.054297,-3.187481,0.280000,0.280000,1.000000,0.100000,-1.000000,0.321345
103,-1.525540,1.274333,0.165512,0.322301,-0.053673,-3.175324,0.280000,0.280000,1.000000,0.100000,-1.000000,0.322301
104,-1.522273,1.274335,0.133759,0.323218,-0.053070,-3.163256,0.280000,0.280000,1.000000,0.100000,-1.000000,0.323218
105,-1.518999,1.274240,0.102127,0.324099,-0.052488,-3.151302,0.280000,0.260000,0.380000,0.100000,-1.000000,0.324099
106,-1.515721,1.274048,0.070614,0.324944,-0.051926,-3.139484,0.280000,0.260000,0.340000,0.100000,-1.000000,0.324944
107,-1.512443,1.273760,0.039219,0.325756,-0.051386,-3.127823,0.280000,0.260000,0.320000,0.100000,-1.000000,0.325756
108,-1.509168,1.273374,0.007941,0.326535,-0.050865,-3.116339,0.280000,0.260000,0.280000,0.100000,-1.000000,0.326535
109,-1.505898,1.272891,-0.023223,0.327283,-0.050365,-3.105048,0.280000,0.260000,0.260000,0.100000,-1.000000,0.327283
110,-1.502638,1.272312,-0.054273,0.328001,-0.049884,-3.093966,0.280000,0.260000,0.260000,0.100000,-1.000000,0.328001
111,-1.499390,1.271636,-0.085213,0.328690,-0.049423,-3.083107,0.280000,0.260000,0.260000,0.100000,-1.000000,0.328690
112,-1.496157,1.270863,-0.116044,0.329352,-0.048980,-3.072483,0.280000,0.240000,0.260000,0.100000,-1.000000,0.329352
113,-1.492943,1.269996,-0.146769,0.329987,-0.048557,-3.062105,0.280000,0.240000,0.240000,0.100000,-1.000000,0.329987
114,-1.489749,1.269033,-0.177390,0.330598,-0.048151,-3.051982,0.280000,0.240000,0.240000,0.100000,-1.000000,0.330598
115,-1.486580,1.267975,-0.207910,0.331184,-0.047762,-3.042122,0.280000,0.240000,0.240000,0.100000,-1.000000,0.331184
116,-1.483438,1.266824,-0.238331,0.331747,-0.047391,-3.032530,0.280000,0.240000,0.240000,0.100000,-1.000000,0.331747
117,-1.480326,1.265581,-0.268656,0.332289,-0.047036,-3.023212,0.280000,0.240000,0.240000,0.100000,-1.000000,0.332289
118,-1.477247,1.264245,-0.298888,0.332809,-0.046696,-3.014171,0.280000,0.240000,0.240000,0.100000,-1.000000,0.332809
119,-1.474204,1.262819,-0.329030,0.333309,-0.046372,-3.005410,0.280000,0.240000,0.220000,0.100000,-1.000000,0.333309
120,-1.471200,1.261303,-0.359084,0.333791,-0.046063,-2.996928,0.260000,0.240000,0.220000,0.100000,-1.000000,0.333791
121,-1.468237,1.259699,-0.389053,0.334254,-0.045767,-2.988728,0.260000,0.240000,0.220000,0.100000,-1.000000,0.334254
122,-1.465318,1.258008,-0.418941,0.334700,-0.045485,-2.980806,0.240000,0.240000,0.220000,0.100000,-1.000000,0.334700
123,-1.462445,1.256230,-0.448749,0.335129,-0.045216,-2.973162,0.260000,0.240000,0.220000,0.100000,-1.000000,0.335129
124,-1.459622,1.254369,-0.478480,0.335543,-0.044960,-2.965792,0.260000,0.240000,0.220000,0.100000,-1.000000,0.335543
125,-1.456850,1.252425,-0.508138,0.335941,-0.044715,-2.958694,0.260000,0.240000,0.220000,0.100000,-1.000000,0.335941
126,-1.454133,1.250400,-0.537725,0.336325,-0.044481,-2.951862,0.260000,0.240000,0.220000,0.100000,-1.000000,0.336325
127,-1.451472,1.248295,-0.567244,0.336696,-0.044258,-2.945292,0.280000,0.240000,0.220000,0.100000,-1.000000,0.336696
128,-1.448870,1.246113,-0.596697,0.337054,-0.044045,-2.938978,0.280000,0.260000,0.220000,0.100000,-1.000000,0.337054
129,-1.446330,1.243855,-0.626087,0.337399,-0.043842,-2.932914,0.280000,0.260000,0.220000,0.100000,-1.000000,0.337399
130,-1.443853,1.241522,-0.655416,0.337732,-0.043647,-2.927095,0.300000,0.260000,0.220000,0.100000,-1.000000,0.337732
131,-1.441441,1.239118,-0.684687,0.338054,-0.043462,-2.921512,0.300000,0.240000,0.220000,0.100000,-1.000000,0.338054
132,-1.439097,1.236643,-0.713902,0.338365,-0.043284,-2.916160,0.320000,0.240000,0.220000,0.100000,-1.000000,0.338365
133,-1.436823,1.234100,-0.743063,0.338666,-0.043115,-2.911031,0.340000,0.220000,0.220000,0.100000,-1.000000,0.338666
134,-1.434621,1.231492,-0.772174,0.338958,-0.042953,-2.906118,0.340000,0.220000,0.220000,0.100000,-1.000000,0.338958
135,-1.432492,1.228819,-0.801235,0.339240,-0.042797,-2.901413,0.360000,0.220000,0.220000,0.100000,-1.000000,0.339240
136,-1.430439,1.226085,-0.830249,0.339513,-0.042648,-2.896908,0.380000,0.220000,0.220000,0.100000,-1.000000,0.339513
137,-1.428463,1.223291,-0.859218,0.339777,-0.042505,-2.892596,0.420000,0.220000,0.220000,0.100000,-1.000000,0.339777
138,-1.426566,1.220440,-0.888144,0.340033,-0.042369,-2.888470,0.440000,0.240000,0.220000,0.100000,-1.000000,0.340033
139,-1.424750,1.217535,-0.917029,0.340282,-0.042237,-2.884521,0.480000,0.240000,0.220000,0.100000,-1.000000,0.340282
140,-1.423016,1.214577,-0.945874,0.340523,-0.042111,-2.880742,0.520000,0.240000,0.220000,0.100000,-1.000000,0.340523
141,-1.421365,1.211569,-0.974681,0.340757,-0.041989,-2.877126,0.580000,0.260000,0.220000,0.100000,-1.000000,0.340757
142,-1.419800,1.208513,-1.003453,0.340984,-0.041873,-2.873666,0.640000,0.260000,0.220000,0.100000,-1.000000,0.340984
143,-1.418320,1.205412,-1.032189,0.341204,-0.041760,-2.870354,0.720000,0.280000,0.200000,0.100000,-1.000000,0.341204
144,-1.416929,1.202269,-1.060893,0.341418,-0.041652,-2.867183,0.840000,0.280000,0.200000,0.100000,-1.000000,0.341418
145,-1.415626,1.199086,-1.089565,0.341626,-0.041547,-2.864147,0.900000,0.300000,0.180000,0.100000,-1.000000,0.341626
146,-1.414413,1.195866,-1.118206,0.341828,-0.041446,-2.861240,0.900000,0.320000,0.200000,0.100000,-1.000000,0.341828
147,-1.413291,1.192610,-1.146819,0.342025,-0.041349,-2.858454,1.000000,0.320000,0.200000,0.100000,-1.000000,0.342025
148,-1.412260,1.189323,-1.175403,0.342216,-0.041255,-2.855785,1.000000,0.340000,0.200000,0.100000,-1.000000,0.342216
149,-1.411323,1.186006,-1.203961,0.342402,-0.041163,-2.853225,1.000000,0.360000,0.200000,0.100000,-1.000000,0.342402
150,-1.410479,1.182662,-1.232493,0.342584,-0.041075,-2.850769,1.000000,0.400000,0.220000,0.100000,-1.000000,0.342584
151,-1.409730,1.179294,-1.261001,0.342760,-0.040990,-2.848412,1.000000,0.420000,0.220000,0.100000,-1.000000,0.342760
152,-1.409075,1.175904,-1.289485,0.342931,-0.040907,-2.846150,1.000000,0.460000,0.220000,0.100000,-1.000000,0.342931
153,-1.408516,1.172496,-1.317947,0.343099,-0.040826,-2.843975,1.000000,0.520000,0.240000,0.100000,-1.000000,0.343099
154,-1.408053,1.169072,-1.346386,0.343261,-0.040748,-2.841885,1.000000,0.580000,0.240000,0.100000,-1.000000,0.343261
155,-1.407686,1.165635,-1.374805,0.343420,-0.040672,-2.839875,1.000000,0.660000,0.260000,0.100000,-1.000000,0.343420
156,-1.407417,1.162187,-1.403204,0.343575,-0.040599,-2.837940,1.000000,0.760000,0.260000,0.100000,-1.000000,0.343575
157,-1.407244,1.158732,-1.431583,0.343725,-0.040527,-2.836077,1.000000,0.860000,0.280000,0.100000,-1.000000,0.343725
158,-1.407168,1.155272,-1.459944,0.343872,-0.040457,-2.834281,1.000000,0.860000,0.300000,0.100000,-1.000000,0.343872
159,-1.407190,1.151809,-1.488287,0.344015,-0.040390,-2.832550,1.000000,1.000000,0.320000,0.100000,-1.000000,0.344015
160,-1.407309,1.148348,-1.516612,0.344155,-0.040323,-2.830879,1.000000,1.000000,0.340000,0.100000,-1.000000,0.344155
161,-1.407525,1.144889,-1.544921,0.344291,-0.040259,-2.829265,0.880000,1.000000,0.360000,0.100000,-1.000000,0.344291
162,-1.407838,1.141437,-1.573214,0.344424,-0.040196,-2.827707,0.800000,1.000000,0.380000,0.100000,-1.000000,0.344424
163,-1.408249,1.137994,-1.601491,0.344553,-0.040135,-2.826199,0.740000,1.000000,0.420000,0.100000,-1.000000,0.344553
164,-1.408756,1.134562,-1.629753,0.344680,-0.040076,-2.824741,0.700000,1.000000,0.460000,0.100000,-1.000000,0.344680
165,-1.409359,1.131145,-1.658000,0.344803,-0.040018,-2.823330,0.660000,1.000000,0.500000,0.100000,-1.000000,0.344803
166,-1.410058,1.127745,-1.686234,0.344923,-0.039961,-2.821963,0.620000,1.000000,0.560000,0.100000,-1.000000,0.344923
167,-1.410852,1.124365,-1.714453,0.345041,-0.039906,-2.820638,0.580000,1.000000,0.640000,0.100000,-1.000000,0.345041
168,-1.411741,1.121007,-1.742660,0.345155,-0.039852,-2.819353,0.560000,1.000000,0.740000,0.100000,-1.000000,0.345155
169,-1.412724,1.117675,-1.770853,0.345267,-0.039799,-2.818106,0.520000,1.000000,0.840000,0.100000,-1.000000,0.345267
170,-1.413800,1.114370,-1.799034,0.345376,-0.039747,-2.816896,0.500000,1.000000,0.820000,0.100000,-1.000000,0.345376
171,-1.414969,1.111096,-1.827203,0.345482,-0.039697,-2.815721,0.480000,1.000000,1.000000,0.100000,-1.000000,0.345482
172,-1.416229,1.107854,-1.855360,0.345586,-0.039648,-2.814578,0.460000,1.000000,1.000000,0.100000,-1.000000,0.345586
173,-1.417580,1.104649,-1.883506,0.345688,-0.039600,-2.813468,0.440000,0.880000,1.000000,0.100000,-1.000000,0.345688
174,-1.419020,1.101481,-1.911641,0.345787,-0.039553,-2.812388,0.420000,0.800000,1.000000,0.100000,-1.000000,0.345787
175,-1.420548,1.098355,-1.939765,0.345883,-0.039507,-2.811337,0.420000,0.740000,1.000000,0.100000,-1.000000,0.345883
176,-1.422164,1.095271,-1.967878,0.345978,-0.039463,-2.810314,0.400000,0.680000,1.000000,0.100000,-1.000000,0.345978
177,-1.423866,1.092233,-1.995981,0.346070,-0.039419,-2.809318,0.380000,0.640000,1.000000,0.100000,-1.000000,0.346070
178,-1.425653,1.089243,-2.024074,0.346160,-0.039377,-2.808348,0.380000,0.600000,1.000000,0.100000,-1.000000,0.346160
179,-1.427523,1.086304,-2.052158,0.346248,-0.039335,-2.807402,0.360000,0.560000,1.000000,0.100000,-1.000000,0.346248
180,-1.429475,1.083417,-2.080232,0.346333,-0.039294,-2.806481,0.340000,0.540000,1.000000,0.100000,-1.000000,0.346333
181,-1.431507,1.080585,-2.108297,0.346417,-0.039254,-2.805583,0.340000,0.500000,1.000000,0.100000,-1.000000,0.346417
182,-1.433617,1.077810,-2.136353,0.346499,-0.039216,-2.804707,0.320000,0.480000,1.000000,0.100000,-1.000000,0.346499
183,-1.435805,1.075095,-2.164400,0.346578,-0.039178,-2.803853,0.320000,0.460000,1.000000,0.100000,-1.000000,0.346578
184,-1.438069,1.072441,-2.192438,0.346656,-0.039141,-2.803020,0.320000,0.440000,1.000000,0.100000,-1.000000,0.346656
185,-1.440406,1.069851,-2.220468,0.346732,-0.039104,-2.802207,0.300000,0.420000,0.840000,0.100000,-1.000000,0.346732
186,-1.442815,1.067326,-2.248490,0.346806,-0.039069,-2.801414,0.300000,0.400000,0.780000,0.100000,-1.000000,0.346806
187,-1.445293,1.064870,-2.276505,0.346879,-0.039034,-2.800640,0.240000,0.380000,0.700000,0.100000,-1.000000,0.346879
188,-1.447840,1.062483,-2.304511,0.346950,-0.039001,-2.799885,0.240000,0.380000,0.660000,0.100000,-1.000000,0.346950
189,-1.450453,1.060167,-2.332510,0.347019,-0.038968,-2.799147,0.240000,0.360000,0.600000,0.100000,-1.000000,0.347019
190,-1.453130,1.057925,-2.360501,0.347086,-0.038935,-2.798427,0.220000,0.340000,0.560000,0.100000,-1.000000,0.347086
191,-1.455869,1.055758,-2.388486,0.347152,-0.038904,-2.797724,0.220000,0.340000,0.540000,0.100000,-1.000000,0.347152
192,-1.458668,1.053667,-2.416463,0.347216,-0.038873,-2.797038,0.220000,0.320000,0.500000,0.100000,-1.000000,0.347216
193,-1.461524,1.051655,-2.444433,0.347279,-0.038843,-2.796367,0.220000,0.320000,0.480000,0.100000,-1.000000,0.347279
194,-1.464436,1.049723,-2.472397,0.347340,-0.038814,-2.795713,0.200000,0.300000,0.440000,0.100000,-1.000000,0.347340
195,-1.467401,1.047873,-2.500354,0.347400,-0.038785,-2.795074,0.200000,0.300000,0.420000,0.100000,-1.000000,0.347400
196,-1.470417,1.046106,-2.528305,0.347459,-0.038757,-2.794450,0.200000,0.280000,0.400000,0.100000,-1.000000,0.347459
197,-1.473482,1.044423,-2.556249,0.347516,-0.038730,-2.793840,0.200000,0.280000,0.380000,0.100000,-1.000000,0.347516
198,-1.476592,1.042826,-2.584188,0.347572,-0.038704,-2.793245,0.200000,0.260000,0.360000,0.100000,-1.000000,0.347572
199,-1.479747,1.041316,-2.612120,0.347626,-0.038678,-2.792664,0.180000,0.220000,0.340000,0.100000,-1.000000,0.347626
200,-1.482942,1.039894,-2.640047,0.347679,-0.038652,-2.792096,0.180000,0.200000,0.340000,0.100000,-1.000000,0.347679
201,-1.486177,1.038561,-2.667968,0.347731,-0.038627,-2.791541,0.180000,0.200000,0.320000,0.100000,-1.000000,0.347731
202,-1.489447,1.037319,-2.695883,0.347782,-0.038603,-2.791000,0.180000,0.200000,0.300000,0.100000,-1.000000,0.347782
203,-1.492752,1.036168,-2.723793,0.347831,-0.038579,-2.790471,0.180000,0.200000,0.300000,0.100000,-1.000000,0.347831
204,-1.496087,1.035109,-2.751698,0.347880,-0.038556,-2.789955,0.180000,0.180000,0.280000,0.100000,-1.000000,0.347880
205,-1.499452,1.034143,-2.779597,0.347927,-0.038534,-2.789450,0.180000,0.180000,0.280000,0.100000,-1.000000,0.347927
206,-1.502842,1.033272,-2.807492,0.347973,-0.038512,-2.788958,0.160000,0.180000,0.260000,0.100000,-1.000000,0.347973
207,-1.506256,1.032494,-2.835381,0.348018,-0.038490,-2.788477,0.160000,0.180000,0.260000,0.100000,-1.000000,0.348018
208,-1.509690,1.031812,-2.863266,0.348062,-0.038469,-2.788007,0.160000,0.160000,0.240000,0.100000,-1.000000,0.348062
209,-1.513142,1.031226,-2.891146,0.348105,-0.038449,-2.787548,0.160000,0.160000,0.240000,0.100000,-1.000000,0.348105
210,-1.516610,1.030736,-2.919022,0.348147,-0.038429,-2.787100,0.160000,0.160000,0.180000,0.100000,-1.000000,0.348147
211,-1.520090,1.030342,-2.946893,0.348188,-0.038409,-2.786663,0.160000,0.160000,0.180000,0.100000,-1.000000,0.348188
212,-1.523581,1.030045,-2.974759,0.348228,-0.038390,-2.786236,0.160000,0.160000,0.180000,0.100000,-1.000000,0.348228
213,-1.527078,1.029845,-3.002622,0.348267,-0.038372,-2.785819,0.160000,0.140000,0.160000,0.100000,-1.000000,0.348267
214,-1.530581,1.029743,-3.030480,0.348305,-0.038353,-2.785411,0.140000,0.140000,0.160000,0.100000,-1.000000,0.348305
215,-1.534085,1.029738,-3.058334,0.348342,-0.038336,-2.785014,0.140000,0.140000,0.160000,0.100000,-1.000000,0.348342
216,-1.537588,1.029830,-3.086184,0.348378,-0.038318,-2.784625,0.140000,0.140000,0.160000,0.100000,-1.000000,0.348378
217,-1.541088,1.030020,-3.114030,0.348414,-0.038301,-2.784246,0.140000,0.140000,0.140000,0.100000,-1.000000,0.348414
218,-1.544581,1.030307,-3.141873,0.348449,-0.038285,-2.783876,0.140000,0.140000,0.140000,0.100000,-1.000000,0.348449
219,-1.548065,1.030691,-3.169712,0.348483,-0.038269,-2.783515,0.140000,0.140000,0.140000,0.100000,-1.000000,0.348483
220,-1.551538,1.031171,-3.197547,0.348516,-0.038253,-2.783162,0.140000,0.120000,0.140000,0.100000,-1.000000,0.348516
221,-1.554996,1.031748,-3.225378,0.348548,-0.038238,-2.782817,0.140000,0.120000,0.140000,0.100000,-1.000000,0.348548
222,-1.558438,1.032421,-3.253207,0.348580,-0.038223,-2.782480,0.140000,0.120000,0.120000,0.100000,-1.000000,0.348580
223,-1.561859,1.033189,-3.281031,0.348611,-0.038208,-2.782152,0.140000,0.120000,0.120000,0.100000,-1.000000,0.348611
224,-1.565258,1.034052,-3.308853,0.348641,-0.038194,-2.781831,0.140000,0.120000,0.120000,0.100000,-1.000000,0.348641
225,-1.568633,1.035009,-3.336671,0.348670,-0.038180,-2.781518,0.140000,0.120000,0.120000,0.100000,-1.000000,0.348670
226,-1.571979,1.036059,-3.364486,0.348699,-0.038166,-2.781212,0.140000,0.120000,0.120000,0.100000,-1.000000,0.348699
227,-1.575295,1.037202,-3.392298,0.348727,-0.038153,-2.780913,0.140000,0.120000,0.120000,0.100000,-1.000000,0.348727
228,-1.578579,1.038437,-3.420108,0.348754,-0.038140,-2.780622,0.140000,0.120000,0.100000,0.100000,-1.000000,0.348754
229,-1.581827,1.039762,-3.447914,0.348781,-0.038127,-2.780337,0.120000,0.100000,0.100000,0.100000,-1.000000,0.348781
230,-1.585038,1.041178,-3.475717,0.348808,-0.038115,-2.780059,0.120000,0.100000,0.100000,0.100000,-1.000000,0.348808
231,-1.588208,1.042682,-3.503518,0.348833,-0.038102,-2.779788,0.120000,0.100000,0.100000,0.100000,-1.000000,0.348833
232,-1.591335,1.044273,-3.531316,0.348858,-0.038091,-2.779523,0.120000,0.100000,0.100000,0.100000,-1.000000,0.348858
233,-1.594418,1.045951,-3.559111,0.348883,-0.038079,-2.779264,0.120000,0.100000,0.100000,0.100000,-1.000000,0.348883
234,-1.597452,1.047714,-3.586904,0.348906,-0.038068,-2.779011,0.120000,0.100000,0.100000,0.100000,-1.000000,0.348906
235,-1.600437,1.049560,-3.614694,0.348930,-0.038057,-2.778764,0.120000,0.100000,0.100000,0.100000,-1.000000,0.348930
236,-1.603370,1.051489,-3.642481,0.348952,-0.038046,-2.778523,0.120000,0.100000,0.080000,0.100000,-1.000000,0.348952
237,-1.606248,1.053498,-3.670266,0.348975,-0.038035,-2.778288,0.120000,0.100000,0.080000,0.100000,-1.000000,0.348975
238,-1.609070,1.055587,-3.698049,0.348996,-0.038025,-2.778058,0.120000,0.100000,0.080000,0.100000,-1.000000,0.348996
239,-1.611832,1.057753,-3.725830,0.349018,-0.038015,-2.777834,0.120000,0.100000,0.080000,0.100000,-1.000000,0.349018
240,-1.614534,1.059995,-3.753608,0.349038,-0.038005,-2.777614,0.120000,0.100000,0.080000,0.100000,-1.000000,0.349038
241,-1.617172,1.062312,-3.781384,0.349059,-0.037996,-2.777400,0.140000,0.100000,0.080000,0.100000,-1.000000,0.349059
242,-1.619746,1.064700,-3.809158,0.349079,-0.037986,-2.777191,0.140000,0.100000,0.080000,0.100000,-1.000000,0.349079
243,-1.622252,1.067160,-3.836930,0.349098,-0.037977,-2.776987,0.140000,0.100000,0.080000,0.100000,-1.000000,0.349098
244,-1.624689,1.069688,-3.864700,0.349117,-0.037968,-2.776788,0.140000,0.100000,0.080000,0.100000,-1.000000,0.349117
245,-1.627055,1.072283,-3.892468,0.349135,-0.037959,-2.776593,0.140000,0.080000,0.080000,0.100000,-1.000000,0.349135
246,-1.629349,1.074942,-3.920234,0.349153,-0.037951,-2.776403,0.140000,0.080000,0.080000,0.100000,-1.000000,0.349153
247,-1.631568,1.077665,-3.947998,0.349171,-0.037943,-2.776217,0.140000,0.080000,0.080000,0.100000,-1.000000,0.349171
248,-1.633711,1.080447,-3.975760,0.349188,-0.037934,-2.776036,0.160000,0.080000,0.060000,0.100000,-1.000000,0.349188
249,-1.635775,1.083289,-4.003521,0.349205,-0.037926,-2.775859,0.160000,0.080000,0.060000,0.100000,-1.000000,0.349205
250,-1.637761,1.086187,-4.031279,0.349222,-0.037919,-2.775686,0.160000,0.080000,0.060000,0.100000,-1.000000,0.349222
251,-1.639665,1.089138,-4.059036,0.349238,-0.037911,-2.775517,0.180000,0.080000,0.060000,0.100000,-1.000000,0.349238
252,-1.641487,1.092142,-4.086791,0.349253,-0.037904,-2.775352,0.180000,0.080000,0.060000,0.100000,-1.000000,0.349253
253,-1.643225,1.095195,-4.114545,0.349269,-0.037896,-2.775190,0.200000,0.100000,0.060000,0.100000,-1.000000,0.349269
254,-1.644877,1.098295,-4.142297,0.349284,-0.037889,-2.775033,0.220000,0.100000,0.060000,0.100000,-1.000000,0.349284
255,-1.646444,1.101440,-4.170047,0.349298,-0.037882,-2.774879,0.240000,0.100000,0.060000,0.100000,-1.000000,0.349298
256,-1.647922,1.104627,-4.197796,0.349313,-0.037876,-2.774729,0.260000,0.100000,0.060000,0.100000,-1.000000,0.349313
257,-1.649312,1.107855,-4.225543,0.349327,-0.037869,-2.774582,0.300000,0.100000,0.060000,0.100000,-1.000000,0.349327
258,-1.650611,1.111119,-4.253289,0.349340,-0.037863,-2.774438,0.320000,0.100000,0.060000,0.100000,-1.000000,0.349340
259,-1.651820,1.114419,-4.281033,0.349354,-0.037856,-2.774298,0.320000,0.100000,0.060000,0.100000,-1.000000,0.349354
260,-1.652937,1.117750,-4.308776,0.349367,-0.037850,-2.774162,0.320000,0.100000,0.060000,0.100000,-1.000000,0.349367
261,-1.653961,1.121112,-4.336518,0.349380,-0.037844,-2.774028,0.320000,0.120000,0.060000,0.100000,-1.000000,0.349380
262,-1.654891,1.124501,-4.364258,0.349392,-0.037838,-2.773897,0.320000,0.120000,0.060000,0.100000,-1.000000,0.349392
263,-1.655727,1.127914,-4.391997,0.349404,-0.037833,-2.773770,0.380000,0.120000,0.060000,0.100000,-1.000000,0.349404
264,-1.656469,1.131350,-4.419735,0.349416,-0.037827,-2.773645,0.380000,0.140000,0.060000,0.100000,-1.000000,0.349416
265,-1.657115,1.134804,-4.447471,0.349428,-0.037821,-2.773523,0.380000,0.140000,0.060000,0.100000,-1.000000,0.349428
266,-1.657664,1.138276,-4.475206,0.349439,-0.037816,-2.773404,0.380000,0.160000,0.080000,0.100000,-1.000000,0.349439
267,-1.658118,1.141761,-4.502941,0.349450,-0.037811,-2.773288,0.460000,0.180000,0.080000,0.100000,-1.000000,0.349450
268,-1.658475,1.145258,-4.530673,0.349461,-0.037806,-2.773174,0.460000,0.200000,0.080000,0.100000,-1.000000,0.349461
269,-1.658734,1.148763,-4.558405,0.349472,-0.037801,-2.773063,0.500000,0.220000,0.080000,0.100000,-1.000000,0.349472
270,-1.658897,1.152275,-4.586136,0.349482,-0.037796,-2.772955,0.500000,0.280000,0.080000,0.100000,-1.000000,0.349482
271,-1.658962,1.155789,-4.613865,0.349492,-0.037791,-2.772849,0.500000,0.280000,0.080000,0.100000,-1.000000,0.349492
272,-1.658930,1.159304,-4.641594,0.349502,-0.037786,-2.772745,0.540000,0.280000,0.100000,0.100000,-1.000000,0.349502
273,-1.658800,1.162817,-4.669321,0.349512,-0.037782,-2.772644,0.540000,0.280000,0.100000,0.100000,-1.000000,0.349512
274,-1.658573,1.166325,-4.697048,0.349521,-0.037777,-2.772546,0.580000,0.280000,0.100000,0.100000,-1.000000,0.349521
275,-1.658249,1.169826,-4.724773,0.349530,-0.037773,-2.772449,0.640000,0.280000,0.120000,0.100000,-1.000000,0.349530
276,-1.657828,1.173316,-4.752498,0.349539,-0.037769,-2.772355,0.640000,0.360000,0.120000,0.100000,-1.000000,0.349539
277,-1.657310,1.176794,-4.780221,0.349548,-0.037765,-2.772263,0.680000,0.340000,0.140000,0.100000,-1.000000,0.349548
278,-1.656697,1.180256,-4.807944,0.349557,-0.037761,-2.772172,0.700000,0.340000,0.140000,0.100000,-1.000000,0.349557
279,-1.655987,1.183699,-4.835666,0.349565,-0.037757,-2.772085,0.700000,0.340000,0.160000,0.100000,-1.000000,0.349565
280,-1.655183,1.187122,-4.863386,0.349574,-0.037753,-2.771999,0.760000,0.420000,0.200000,0.100000,-1.000000,0.349574
281,-1.654284,1.190521,-4.891106,0.349582,-0.037749,-2.771915,0.760000,0.420000,0.220000,0.100000,-1.000000,0.349582
282,-1.653291,1.193894,-4.918826,0.349589,-0.037745,-2.771832,0.760000,0.460000,0.260000,0.100000,-1.000000,0.349589
283,-1.652205,1.197238,-4.946544,0.349597,-0.037742,-2.771752,0.780000,0.460000,0.260000,0.100000,-1.000000,0.349597
284,-1.651026,1.200551,-4.974261,0.349605,-0.037738,-2.771674,0.800000,0.460000,0.260000,0.100000,-1.000000,0.349605
285,-1.649757,1.203831,-5.001978,0.349612,-0.037735,-2.771597,0.800000,0.500000,0.240000,0.100000,-1.000000,0.349612
286,-1.648397,1.207073,-5.029694,0.349619,-0.037731,-2.771522,0.820000,0.500000,0.240000,0.100000,-1.000000,0.349619
287,-1.646947,1.210277,-5.057409,0.349626,-0.037728,-2.771449,0.840000,0.560000,0.320000,0.100000,-1.000000,0.349626
288,-1.645410,1.213440,-5.085124,0.349633,-0.037725,-2.771378,0.840000,0.600000,0.320000,0.100000,-1.000000,0.349633
289,-1.643785,1.216559,-5.112838,0.349640,-0.037722,-2.771308,0.860000,0.600000,0.320000,0.100000,-1.000000,0.349640
290,-1.642075,1.219632,-5.140551,0.349646,-0.037719,-2.771240,0.880000,0.660000,0.320000,0.100000,-1.000000,0.349646
291,-1.640280,1.222656,-5.168263,0.349653,-0.037716,-2.771173,0.900000,0.660000,0.400000,0.100000,-1.000000,0.349653
292,-1.638402,1.225629,-5.195975,0.349659,-0.037713,-2.771108,0.940000,0.660000,0.400000,0.100000,-1.000000,0.349659
293,-1.636443,1.228550,-5.223686,0.349665,-0.037710,-2.771044,0.960000,0.720000,0.400000,0.100000,-1.000000,0.349665
294,-1.634403,1.231414,-5.251396,0.349671,-0.037707,-2.770982,0.980000,0.720000,0.440000,0.100000,-1.000000,0.349671
295,-1.632284,1.234222,-5.279106,0.349677,-0.037704,-2.770921,1.000000,0.740000,0.440000,0.100000,-1.000000,0.349677
296,-1.630089,1.236970,-5.306815,0.349683,-0.037701,-2.770862,1.000000,0.740000,0.480000,0.100000,-1.000000,0.349683
297,-1.627818,1.239655,-5.334524,0.349688,-0.037699,-2.770804,1.000000,0.760000,0.480000,0.100000,-1.000000,0.349688
298,-1.625474,1.242277,-5.362232,0.349694,-0.037696,-2.770747,1.000000,0.780000,0.520000,0.100000,-1.000000,0.349694
299,-1.623058,1.244834,-5.389939,0.349699,-0.037694,-2.770692,1.000000,0.780000,0.520000,0.100000,-1.000000,0.349699
300,-1.620572,1.247322,-5.417646,0.349704,-0.037691,-2.770637,1.000000,0.800000,0.560000,0.100000,-1.000000,0.349704
301,-1.618018,1.249740,-5.445353,0.349709,-0.037689,-2.770585,1.000000,0.820000,0.620000,0.100000,-1.000000,0.349709
302,-1.615398,1.252087,-5.473059,0.349714,-0.037687,-2.770533,1.000000,0.840000,0.620000,0.100000,-1.000000,0.349714
303,-1.612714,1.254361,-5.500764,0.349719,-0.037684,-2.770482,0.460000,0.860000,0.620000,0.100000,-1.000000,0.349719
304,-1.609968,1.256559,-5.528469,0.349724,-0.037682,-2.770433,0.460000,0.880000,0.680000,0.100000,-1.000000,0.349724
305,-1.607163,1.258680,-5.556173,0.349728,-0.037680,-2.770385,0.400000,0.900000,0.680000,0.100000,-1.000000,0.349728
306,-1.604299,1.260723,-5.583877,0.349733,-0.037678,-2.770337,0.400000,0.920000,0.700000,0.100000,-1.000000,0.349733
307,-1.601380,1.262686,-5.611580,0.349737,-0.037676,-2.770291,0.340000,0.960000,0.700000,0.100000,-1.000000,0.349737
308,-1.598408,1.264567,-5.639283,0.349742,-0.037674,-2.770246,0.340000,1.000000,0.720000,0.100000,-1.000000,0.349742
309,-1.595385,1.266365,-5.666986,0.349746,-0.037672,-2.770202,0.340000,1.000000,0.720000,0.100000,-1.000000,0.349746
310,-1.592313,1.268079,-5.694688,0.349750,-0.037670,-2.770159,0.340000,1.000000,0.740000,0.100000,-1.000000,0.349750
311,-1.589195,1.269708,-5.722389,0.349754,-0.037668,-2.770117,0.320000,1.000000,0.760000,0.100000,-1.000000,0.349754
312,-1.586032,1.271249,-5.750090,0.349758,-0.037666,-2.770076,0.320000,1.000000,0.760000,0.100000,-1.000000,0.349758
313,-1.582829,1.272702,-5.777791,0.349762,-0.037664,-2.770036,0.320000,1.000000,0.780000,0.100000,-1.000000,0.349762
314,-1.579586,1.274066,-5.805492,0.349766,-0.037662,-2.769997,0.320000,1.000000,0.800000,0.100000,-1.000000,0.349766
315,-1.576307,1.275339,-5.833192,0.349769,-0.037661,-2.769958,0.320000,1.000000,0.820000,0.100000,-1.000000,0.349769
316,-1.572993,1.276521,-5.860891,0.349773,-0.037659,-2.769921,0.300000,0.420000,0.840000,0.100000,-1.000000,0.349773
317,-1.569649,1.277611,-5.888590,0.349776,-0.037657,-2.769884,0.300000,0.420000,0.860000,0.100000,-1.000000,0.349776
318,-1.566275,1.278609,-5.916289,0.349780,-0.037656,-2.769848,0.300000,0.360000,0.880000,0.100000,-1.000000,0.349780
319,-1.562875,1.279512,-5.943988,0.349783,-0.037654,-2.769813,0.300000,0.360000,0.920000,0.100000,-1.000000,0.349783
320,-1.559451,1.280320,-5.971686,0.349786,-0.037653,-2.769779,0.300000,0.360000,0.940000,0.100000,-1.000000,0.349786
321,-1.556006,1.281034,-5.999384,0.349790,-0.037651,-2.769746,0.300000,0.300000,0.980000,0.100000,-1.000000,0.349790
322,-1.552543,1.281652,-6.027081,0.349793,-0.037650,-2.769713,0.300000,0.300000,1.000000,0.100000,-1.000000,0.349793
323,-1.549063,1.282174,-6.054778,0.349796,-0.037648,-2.769681,0.300000,0.300000,1.000000,0.100000,-1.000000,0.349796
324,-1.545571,1.282599,-6.082475,0.349799,-0.037647,-2.769650,0.280000,0.300000,1.000000,0.100000,-1.000000,0.349799
325,-1.542068,1.282928,-6.110171,0.349802,-0.037645,-2.769619,0.280000,0.280000,1.000000,0.100000,-1.000000,0.349802
326,-1.538558,1.283159,-6.137868,0.349805,-0.037644,-2.769590,0.280000,0.280000,1.000000,0.100000,-1.000000,0.349805
327,-1.535042,1.283293,-6.165564,0.349808,-0.037643,-2.769560,0.280000,0.280000,1.000000,0.100000,-1.000000,0.349808
328,-1.531524,1.283330,-6.193259,0.349810,-0.037641,-2.769532,0.280000,0.280000,0.400000,0.100000,-1.000000,0.349810
329,-1.528006,1.283269,-6.220954,0.349813,-0.037640,-2.769504,0.280000,0.280000,0.380000,0.100000,-1.000000,0.349813
330,-1.524491,1.283111,-6.248650,0.349816,-0.037639,-2.769477,0.280000,0.260000,0.340000,0.100000,-1.000000,0.349816
331,-1.520982,1.282856,-6.276344,0.349818,-0.037638,-2.769450,0.280000,0.260000,0.320000,0.100000,-1.000000,0.349818
332,-1.517482,1.282503,-6.304039,0.349821,-0.037637,-2.769424,0.280000,0.260000,0.280000,0.100000,-1.000000,0.349821
333,-1.513992,1.282054,-6.331733,0.349823,-0.037635,-2.769399,0.280000,0.260000,0.280000,0.100000,-1.000000,0.349823
334,-1.510516,1.281508,-6.359427,0.349825,-0.037634,-2.769374,0.280000,0.260000,0.260000,0.100000,-1.000000,0.349825
335,-1.507057,1.280867,-6.387121,0.349828,-0.037633,-2.769350,0.280000,0.260000,0.260000,0.100000,-1.000000,0.349828
336,-1.503616,1.280129,-6.414814,0.349830,-0.037632,-2.769326,0.280000,0.260000,0.260000,0.100000,-1.000000,0.349830
337,-1.500198,1.279297,-6.442508,0.349832,-0.037631,-2.769303,0.280000,0.260000,0.260000,0.100000,-1.000000,0.349832
338,-1.496803,1.278371,-6.470201,0.349834,-0.037630,-2.769281,0.280000,0.260000,0.260000,0.100000,-1.000000,0.349834
339,-1.493436,1.277350,-6.497893,0.349837,-0.037629,-2.769259,0.280000,0.260000,0.240000,0.100000,-1.000000,0.349837
340,-1.490098,1.276237,-6.525586,0.349839,-0.037628,-2.769237,0.280000,0.240000,0.240000,0.100000,-1.000000,0.349839
341,-1.486792,1.275032,-6.553278,0.349841,-0.037627,-2.769216,0.300000,0.240000,0.240000,0.100000,-1.000000,0.349841
342,-1.483521,1.273736,-6.580971,0.349843,-0.037626,-2.769195,0.300000,0.240000,0.240000,0.100000,-1.000000,0.349843
343,-1.480287,1.272350,-6.608662,0.349845,-0.037625,-2.769175,0.300000,0.240000,0.240000,0.100000,-1.000000,0.349845
344,-1.477093,1.270875,-6.636354,0.349846,-0.037624,-2.769155,0.280000,0.240000,0.240000,0.100000,-1.000000,0.349846
345,-1.473940,1.269312,-6.664046,0.349848,-0.037623,-2.769136,0.280000,0.240000,0.220000,0.100000,-1.000000,0.349848
346,-1.470832,1.267662,-6.691737,0.349850,-0.037623,-2.769117,0.260000,0.240000,0.220000,0.100000,-1.000000,0.349850
347,-1.467771,1.265927,-6.719428,0.349852,-0.037622,-2.769099,0.260000,0.240000,0.220000,0.100000,-1.000000,0.349852
348,-1.464759,1.264108,-6.747119,0.349854,-0.037621,-2.769081,0.260000,0.240000,0.220000,0.100000,-1.000000,0.349854
349,-1.461799,1.262206,-6.774810,0.349855,-0.037620,-2.769063,0.260000,0.240000,0.220000,0.100000,-1.000000,0.349855
350,-1.458892,1.260223,-6.802501,0.349857,-0.037619,-2.769046,0.260000,0.240000,0.220000,0.100000,-1.000000,0.349857
351,-1.456042,1.258160,-6.830191,0.349859,-0.037619,-2.769029,0.280000,0.240000,0.220000,0.100000,-1.000000,0.349859
352,-1.453249,1.256019,-6.857881,0.349860,-0.037618,-2.769013,0.280000,0.260000,0.220000,0.100000,-1.000000,0.349860
353,-1.450517,1.253801,-6.885572,0.349862,-0.037617,-2.768997,0.280000,0.260000,0.220000,0.100000,-1.000000,0.349862
354,-1.447847,1.251509,-6.913262,0.349863,-0.037616,-2.768981,0.300000,0.260000,0.220000,0.100000,-1.000000,0.349863
355,-1.445242,1.249144,-6.940951,0.349865,-0.037616,-2.768966,0.300000,0.260000,0.220000,0.100000,-1.000000,0.349865
356,-1.442704,1.246707,-6.968641,0.349866,-0.037615,-2.768951,0.320000,0.260000,0.220000,0.100000,-1.000000,0.349866
357,-1.440233,1.244201,-6.996331,0.349868,-0.037614,-2.768936,0.320000,0.240000,0.220000,0.100000,-1.000000,0.349868
358,-1.437833,1.241628,-7.024020,0.349869,-0.037614,-2.768922,0.340000,0.240000,0.220000,0.100000,-1.000000,0.349869
359,-1.435505,1.238989,-7.051709,0.349870,-0.037613,-2.768908,0.340000,0.220000,0.220000,0.100000,-1.000000,0.349870
360,-1.433252,1.236287,-7.079398,0.349872,-0.037613,-2.768894,0.360000,0.220000,0.220000,0.100000,-1.000000,0.349872
361,-1.431073,1.233523,-7.107087,0.349873,-0.037612,-2.768881,0.380000,0.220000,0.220000,0.100000,-1.000000,0.349873
362,-1.428972,1.230700,-7.134776,0.349874,-0.037611,-2.768868,0.400000,0.220000,0.220000,0.100000,-1.000000,0.349874
363,-1.426950,1.227820,-7.162465,0.349875,-0.037611,-2.768855,0.440000,0.240000,0.220000,0.100000,-1.000000,0.349875
364,-1.425009,1.224885,-7.190153,0.349877,-0.037610,-2.768843,0.460000,0.240000,0.220000,0.100000,-1.000000,0.349877
365,-1.423149,1.221898,-7.217842,0.349878,-0.037610,-2.768831,0.500000,0.240000,0.220000,0.100000,-1.000000,0.349878
366,-1.421373,1.218860,-7.245530,0.349879,-0.037609,-2.768819,0.540000,0.240000,0.220000,0.100000,-1.000000,0.349879
367,-1.419682,1.215774,-7.273218,0.349880,-0.037609,-2.768807,0.600000,0.260000,0.220000,0.100000,-1.000000,0.349880
368,-1.418077,1.212643,-7.300906,0.349881,-0.037608,-2.768796,0.680000,0.260000,0.220000,0.100000,-1.000000,0.349881
369,-1.416559,1.209468,-7.328594,0.349882,-0.037608,-2.768785,0.760000,0.280000,0.200000,0.100000,-1.000000,0.349882
370,-1.415129,1.206252,-7.356282,0.349883,-0.037607,-2.768774,0.900000,0.280000,0.200000,0.100000,-1.000000,0.349883
371,-1.413789,1.202998,-7.383970,0.349884,-0.037607,-2.768763,0.900000,0.300000,0.180000,0.100000,-1.000000,0.349884
372,-1.412540,1.199709,-7.411657,0.349885,-0.037606,-2.768753,0.980000,0.320000,0.200000,0.100000,-1.000000,0.349885
373,-1.411382,1.196386,-7.439345,0.349886,-0.037606,-2.768743,1.000000,0.340000,0.200000,0.100000,-1.000000,0.349886
374,-1.410317,1.193032,-7.467032,0.349887,-0.037605,-2.768733,1.000000,0.340000,0.200000,0.100000,-1.000000,0.349887
375,-1.409345,1.189650,-7.494720,0.349888,-0.037605,-2.768723,1.000000,0.380000,0.200000,0.100000,-1.000000,0.349888
376,-1.408467,1.186242,-7.522407,0.349889,-0.037604,-2.768713,1.000000,0.400000,0.220000,0.100000,-1.000000,0.349889
377,-1.407683,1.182811,-7.550094,0.349890,-0.037604,-2.768704,1.000000,0.440000,0.220000,0.100000,-1.000000,0.349890
378,-1.406995,1.179360,-7.577781,0.349891,-0.037604,-2.768695,1.000000,0.480000,0.220000,0.100000,-1.000000,0.349891
379,-1.406403,1.175891,-7.605468,0.349892,-0.037603,-2.768686,1.000000,0.520000,0.240000,0.100000,-1.000000,0.349892
380,-1.405907,1.172407,-7.633155,0.349892,-0.037603,-2.768678,1.000000,0.580000,0.240000,0.100000,-1.000000,0.349892
381,-1.405507,1.168911,-7.660842,0.349893,-0.037602,-2.768669,1.000000,0.660000,0.260000,0.100000,-1.000000,0.349893
382,-1.405205,1.165405,-7.688528,0.349894,-0.037602,-2.768661,1.000000,0.760000,0.260000,0.100000,-1.000000,0.349894
383,-1.404999,1.161892,-7.716215,0.349895,-0.037602,-2.768653,1.000000,0.860000,0.280000,0.100000,-1.000000,0.349895
384,-1.404891,1.158374,-7.743901,0.349896,-0.037601,-2.768645,1.000000,0.860000,0.280000,0.100000,-1.000000,0.349896
385,-1.404881,1.154855,-7.771588,0.349896,-0.037601,-2.768637,1.000000,1.000000,0.300000,0.100000,-1.000000,0.349896
386,-1.404967,1.151337,-7.799274,0.349897,-0.037601,-2.768630,1.000000,1.000000,0.320000,0.100000,-1.000000,0.349897
387,-1.405151,1.147823,-7.826961,0.349898,-0.037600,-2.768622,0.880000,1.000000,0.340000,0.100000,-1.000000,0.349898
388,-1.405433,1.144315,-7.854647,0.349898,-0.037600,-2.768615,0.820000,1.000000,0.380000,0.100000,-1.000000,0.349898
389,-1.405811,1.140816,-7.882333,0.349899,-0.037600,-2.768608,0.760000,1.000000,0.400000,0.100000,-1.000000,0.349899
390,-1.406286,1.137329,-7.910019,0.349900,-0.037599,-2.768601,0.700000,1.000000,0.440000,0.100000,-1.000000,0.349900
391,-1.406857,1.133857,-7.937705,0.349900,-0.037599,-2.768595,0.660000,1.000000,0.480000,0.100000,-1.000000,0.349900
392,-1.407525,1.130402,-7.965391,0.349901,-0.037599,-2.768588,0.620000,1.000000,0.540000,0.100000,-1.000000,0.349901
393,-1.408287,1.126966,-7.993077,0.349902,-0.037598,-2.768582,0.600000,1.000000,0.620000,0.100000,-1.000000,0.349902
394,-1.409145,1.123553,-8.020763,0.349902,-0.037598,-2.768575,0.560000,1.000000,0.720000,0.100000,-1.000000,0.349902
395,-1.410097,1.120165,-8.048448,0.349903,-0.037598,-2.768569,0.540000,1.000000,0.840000,0.100000,-1.000000,0.349903
396,-1.411142,1.116805,-8.076134,0.349903,-0.037598,-2.768563,0.520000,1.000000,0.840000,0.100000,-1.000000,0.349903
397,-1.412279,1.113474,-8.103820,0.349904,-0.037597,-2.768557,0.480000,1.000000,0.920000,0.100000,-1.000000,0.349904
398,-1.413509,1.110177,-8.131505,0.349905,-0.037597,-2.768552,0.460000,1.000000,1.000000,0.100000,-1.000000,0.349905
399,-1.414829,1.106915,-8.159191,0.349905,-0.037597,-2.768546,0.460000,1.000000,1.000000,0.100000,-1.000000,0.349905
400,-1.416239,1.103690,-8.186876,0.349906,-0.037597,-2.768541,0.440000,0.820000,1.000000,0.100000,-1.000000,0.349906
401,-1.417738,1.100506,-8.214562,0.349906,-0.037596,-2.768535,0.420000,0.760000,1.000000,0.100000,-1.000000,0.349906
402,-1.419324,1.097365,-8.242247,0.349907,-0.037596,-2.768530,0.400000,0.700000,1.000000,0.100000,-1.000000,0.349907
403,-1.420997,1.094269,-8.269932,0.349907,-0.037596,-2.768525,0.400000,0.660000,1.000000,0.100000,-1.000000,0.349907
404,-1.422754,1.091220,-8.297618,0.349908,-0.037596,-2.768520,0.380000,0.620000,1.000000,0.100000,-1.000000,0.349908
405,-1.424596,1.088221,-8.325303,0.349908,-0.037595,-2.768515,0.360000,0.580000,1.000000,0.100000,-1.000000,0.349908
406,-1.426520,1.085274,-8.352988,0.349909,-0.037595,-2.768510,0.360000,0.560000,1.000000,0.100000,-1.000000,0.349909
407,-1.428524,1.082381,-8.380673,0.349909,-0.037595,-2.768506,0.340000,0.520000,1.000000,0.100000,-1.000000,0.349909
408,-1.430608,1.079546,-8.408358,0.349909,-0.037595,-2.768501,0.340000,0.500000,1.000000,0.100000,-1.000000,0.349909
409,-1.432770,1.076768,-8.436043,0.349910,-0.037595,-2.768497,0.320000,0.480000,1.000000,0.100000,-1.000000,0.349910
410,-1.435007,1.074052,-8.463728,0.349910,-0.037594,-2.768492,0.320000,0.460000,1.000000,0.100000,-1.000000,0.349910
411,-1.437319,1.071399,-8.491413,0.349911,-0.037594,-2.768488,0.300000,0.440000,1.000000,0.100000,-1.000000,0.349911
412,-1.439704,1.068811,-8.519098,0.349911,-0.037594,-2.768484,0.300000,0.420000,0.800000,0.100000,-1.000000,0.349911
413,-1.442159,1.066289,-8.546783,0.349911,-0.037594,-2.768480,0.240000,0.400000,0.740000,0.100000,-1.000000,0.349911
414,-1.444683,1.063837,-8.574468,0.349912,-0.037594,-2.768476,0.240000,0.380000,0.680000,0.100000,-1.000000,0.349912
415,-1.447274,1.061456,-8.602152,0.349912,-0.037593,-2.768472,0.240000,0.360000,0.640000,0.100000,-1.000000,0.349912
416,-1.449930,1.059147,-8.629837,0.349913,-0.037593,-2.768468,0.240000,0.360000,0.580000,0.100000,-1.000000,0.349913
417,-1.452649,1.056912,-8.657522,0.349913,-0.037593,-2.768465,0.220000,0.340000,0.560000,0.100000,-1.000000,0.349913
418,-1.455429,1.054754,-8.685206,0.349913,-0.037593,-2.768461,0.220000,0.320000,0.520000,0.100000,-1.000000,0.349913
419,-1.458267,1.052673,-8.712891,0.349914,-0.037593,-2.768457,0.220000,0.320000,0.480000,0.100000,-1.000000,0.349914
420,-1.461162,1.050672,-8.740576,0.349914,-0.037593,-2.768454,0.220000,0.300000,0.460000,0.100000,-1.000000,0.349914
421,-1.464111,1.048752,-8.768260,0.349914,-0.037592,-2.768451,0.200000,0.300000,0.440000,0.100000,-1.000000,0.349914
422,-1.467113,1.046914,-8.795945,0.349915,-0.037592,-2.768447,0.200000,0.280000,0.420000,0.100000,-1.000000,0.349915
423,-1.470164,1.045160,-8.823629,0.349915,-0.037592,-2.768444,0.200000,0.280000,0.400000,0.100000,-1.000000,0.349915
424,-1.473262,1.043491,-8.851314,0.349915,-0.037592,-2.768441,0.200000,0.280000,0.380000,0.100000,-1.000000,0.349915
425,-1.476405,1.041908,-8.878998,0.349916,-0.037592,-2.768438,0.200000,0.260000,0.360000,0.100000,-1.000000,0.349916
426,-1.479591,1.040413,-8.906682,0.349916,-0.037592,-2.768435,0.180000,0.220000,0.340000,0.100000,-1.000000,0.349916
427,-1.482817,1.039007,-8.934367,0.349916,-0.037592,-2.768432,0.180000,0.200000,0.340000,0.100000,-1.000000,0.349916
428,-1.486081,1.037690,-8.962051,0.349916,-0.037592,-2.768429,0.180000,0.200000,0.320000,0.100000,-1.000000,0.349916
429,-1.489380,1.036464,-8.989735,0.349917,-0.037591,-2.768426,0.180000,0.200000,0.300000,0.100000,-1.000000,0.349917
430,-1.492712,1.035331,-9.017420,0.349917,-0.037591,-2.768423,0.180000,0.200000,0.300000,0.100000,-1.000000,0.349917
431,-1.496074,1.034289,-9.045104,0.349917,-0.037591,-2.768421,0.180000,0.180000,0.280000,0.100000,-1.000000,0.349917
432,-1.499463,1.033342,-9.072788,0.349917,-0.037591,-2.768418,0.180000,0.180000,0.280000,0.100000,-1.000000,0.349917
433,-1.502877,1.032488,-9.100472,0.349918,-0.037591,-2.768415,0.160000,0.180000,0.260000,0.100000,-1.000000,0.349918
434,-1.506314,1.031730,-9.128156,0.349918,-0.037591,-2.768413,0.160000,0.180000,0.260000,0.100000,-1.000000,0.349918
435,-1.509770,1.031066,-9.155840,0.349918,-0.037591,-2.768410,0.160000,0.160000,0.240000,0.100000,-1.000000,0.349918
436,-1.513243,1.030499,-9.183525,0.349918,-0.037591,-2.768408,0.160000,0.160000,0.180000,0.100000,-1.000000,0.349918
437,-1.516731,1.030028,-9.211209,0.349919,-0.037590,-2.768406,0.160000,0.160000,0.180000,0.100000,-1.000000,0.349919
438,-1.520230,1.029654,-9.238893,0.349919,-0.037590,-2.768403,0.160000,0.160000,0.180000,0.100000,-1.000000,0.349919
439,-1.523739,1.029376,-9.266577,0.349919,-0.037590,-2.768401,0.160000,0.160000,0.180000,0.100000,-1.000000,0.349919
440,-1.527253,1.029196,-9.294261,0.349919,-0.037590,-2.768399,0.160000,0.140000,0.160000,0.100000,-1.000000,0.349919
441,-1.530772,1.029114,-9.321945,0.349919,-0.037590,-2.768397,0.140000,0.140000,0.160000,0.100000,-1.000000,0.349919
442,-1.534291,1.029128,-9.349629,0.349920,-0.037590,-2.768395,0.140000,0.140000,0.160000,0.100000,-1.000000,0.349920
443,-1.537808,1.029240,-9.377313,0.349920,-0.037590,-2.768393,0.140000,0.140000,0.160000,0.100000,-1.000000,0.349920
444,-1.541322,1.029450,-9.404997,0.349920,-0.037590,-2.768391,0.140000,0.140000,0.140000,0.100000,-1.000000,0.349920
445,-1.544827,1.029756,-9.432680,0.349920,-0.037590,-2.768389,0.140000,0.140000,0.140000,0.100000,-1.000000,0.349920
446,-1.548324,1.030160,-9.460364,0.349920,-0.037590,-2.768387,0.140000,0.140000,0.140000,0.100000,-1.000000,0.349920
447,-1.551807,1.030660,-9.488048,0.349921,-0.037590,-2.768385,0.140000,0.120000,0.140000,0.100000,-1.000000,0.349921
448,-1.555276,1.031257,-9.515732,0.349921,-0.037589,-2.768383,0.140000,0.120000,0.120000,0.100000,-1.000000,0.349921
449,-1.558726,1.031949,-9.543416,0.349921,-0.037589,-2.768381,0.140000,0.120000,0.120000,0.100000,-1.000000,0.349921
450,-1.562156,1.032736,-9.571100,0.349921,-0.037589,-2.768380,0.140000,0.120000,0.120000,0.100000,-1.000000,0.349921
451,-1.565563,1.033618,-9.598783,0.349921,-0.037589,-2.768378,0.140000,0.120000,0.120000,0.100000,-1.000000,0.349921
452,-1.568945,1.034594,-9.626467,0.349921,-0.037589,-2.768376,0.140000,0.120000,0.120000,0.100000,-1.000000,0.349921
453,-1.572298,1.035663,-9.654151,0.349922,-0.037589,-2.768375,0.140000,0.120000,0.120000,0.100000,-1.000000,0.349922
454,-1.575620,1.036825,-9.681835,0.349922,-0.037589,-2.768373,0.140000,0.120000,0.100000,0.100000,-1.000000,0.349922
455,-1.578908,1.038078,-9.709519,0.349922,-0.037589,-2.768372,0.140000,0.120000,0.100000,0.100000,-1.000000,0.349922
456,-1.582161,1.039422,-9.737202,0.349922,-0.037589,-2.768370,0.120000,0.100000,0.100000,0.100000,-1.000000,0.349922
457,-1.585375,1.040855,-9.764886,0.349922,-0.037589,-2.768369,0.120000,0.100000,0.100000,0.100000,-1.000000,0.349922
458,-1.588549,1.042377,-9.792570,0.349922,-0.037589,-2.768367,0.120000,0.100000,0.100000,0.100000,-1.000000,0.349922
459,-1.591679,1.043986,-9.820253,0.349922,-0.037589,-2.768366,0.120000,0.100000,0.100000,0.100000,-1.000000,0.349922
460,-1.594763,1.045681,-9.847937,0.349923,-0.037589,-2.768364,0.120000,0.100000,0.100000,0.100000,-1.000000,0.349923
461,-1.597799,1.047460,-9.875621,0.349923,-0.037589,-2.768363,0.120000,0.100000,0.100000,0.100000,-1.000000,0.349923
462,-1.600785,1.049323,-9.903304,0.349923,-0.037588,-2.768362,0.120000,0.100000,0.100000,0.100000,-1.000000,0.349923
463,-1.603718,1.051268,-9.930988,0.349923,-0.037588,-2.768360,0.120000,0.100000,0.080000,0.100000,-1.000000,0.349923
464,-1.606597,1.053294,-9.958671,0.349923,-0.037588,-2.768359,0.120000,0.100000,0.080000,0.100000,-1.000000,0.349923
465,-1.609417,1.055398,-9.986355,0.349923,-0.037588,-2.768358,0.120000,0.100000,0.080000,0.100000,-1.000000,0.349923
466,-1.612179,1.057580,-10.014039,0.349923,-0.037588,-2.768357,0.120000,0.100000,0.080000,0.100000,-1.000000,0.349923
467,-1.614879,1.059837,-10.041722,0.349923,-0.037588,-2.768355,0.120000,0.100000,0.080000,0.100000,-1.000000,0.349923
468,-1.617516,1.062168,-10.069406,0.349924,-0.037588,-2.768354,0.140000,0.100000,0.080000,0.100000,-1.000000,0.349924
469,-1.620087,1.064571,-10.097089,0.349924,-0.037588,-2.768353,0.140000,0.100000,0.080000,0.100000,-1.000000,0.349924
470,-1.622591,1.067044,-10.124773,0.349924,-0.037588,-2.768352,0.140000,0.100000,0.080000,0.100000,-1.000000,0.349924
471,-1.625025,1.069586,-10.152456,0.349924,-0.037588,-2.768351,0.140000,0.100000,0.080000,0.100000,-1.000000,0.349924
472,-1.627388,1.072194,-10.180140,0.349924,-0.037588,-2.768350,0.140000,0.080000,0.080000,0.100000,-1.000000,0.349924
473,-1.629678,1.074867,-10.207823,0.349924,-0.037588,-2.768349,0.140000,0.080000,0.080000,0.100000,-1.000000,0.349924
474,-1.631893,1.077602,-10.235507,0.349924,-0.037588,-2.768348,0.140000,0.080000,0.080000,0.100000,-1.000000,0.349924
475,-1.634031,1.080397,-10.263190,0.349924,-0.037588,-2.768347,0.160000,0.080000,0.060000,0.100000,-1.000000,0.349924
476,-1.636092,1.083250,-10.290874,0.349924,-0.037588,-2.768346,0.160000,0.080000,0.060000,0.100000,-1.000000,0.349924
477,-1.638072,1.086159,-10.318557,0.349924,-0.037588,-2.768345,0.160000,0.080000,0.060000,0.100000,-1.000000,0.349924
478,-1.639971,1.089122,-10.346241,0.349925,-0.037588,-2.768344,0.180000,0.080000,0.060000,0.100000,-1.000000,0.349925
479,-1.641788,1.092137,-10.373924,0.349925,-0.037588,-2.768343,0.180000,0.080000,0.060000,0.100000,-1.000000,0.349925
480,-1.643520,1.095200,-10.401608,0.349925,-0.037588,-2.768342,0.200000,0.100000,0.060000,0.100000,-1.000000,0.349925
481,-1.645167,1.098311,-10.429291,0.349925,-0.037588,-2.768341,0.220000,0.100000,0.060000,0.100000,-1.000000,0.349925
482,-1.646727,1.101465,-10.456974,0.349925,-0.037588,-2.768341,0.240000,0.100000,0.060000,0.100000,-1.000000,0.349925
483,-1.648199,1.104662,-10.484658,0.349925,-0.037587,-2.768340,0.260000,0.100000,0.060000,0.100000,-1.000000,0.349925
484,-1.649582,1.107898,-10.512341,0.349925,-0.037587,-2.768339,0.320000,0.100000,0.060000,0.100000,-1.000000,0.349925
485,-1.650875,1.111171,-10.540025,0.349925,-0.037587,-2.768338,0.320000,0.100000,0.060000,0.100000,-1.000000,0.349925
486,-1.652077,1.114479,-10.567708,0.349925,-0.037587,-2.768337,0.320000,0.100000,0.060000,0.100000,-1.000000,0.349925
487,-1.653187,1.117819,-10.595391,0.349925,-0.037587,-2.768337,0.320000,0.100000,0.060000,0.100000,-1.000000,0.349925
488,-1.654204,1.121188,-10.623075,0.349925,-0.037587,-2.768336,0.320000,0.120000,0.060000,0.100000,-1.000000,0.349925
489,-1.655128,1.124584,-10.650758,0.349925,-0.037587,-2.768335,0.320000,0.120000,0.060000,0.100000,-1.000000,0.349925
490,-1.655957,1.128004,-10.678441,0.349925,-0.037587,-2.768335,0.380000,0.120000,0.060000,0.100000,-1.000000,0.349925
491,-1.656691,1.131446,-10.706125,0.349926,-0.037587,-2.768334,0.380000,0.140000,0.060000,0.100000,-1.000000,0.349926
492,-1.657330,1.134907,-10.733808,0.349926,-0.037587,-2.768333,0.380000,0.140000,0.060000,0.100000,-1.000000,0.349926
493,-1.657872,1.138385,-10.761491,0.349926,-0.037587,-2.768333,0.380000,0.160000,0.080000,0.100000,-1.000000,0.349926
494,-1.658318,1.141876,-10.789175,0.349926,-0.037587,-2.768332,0.460000,0.180000,0.080000,0.100000,-1.000000,0.349926
495,-1.658667,1.145378,-10.816858,0.349926,-0.037587,-2.768331,0.460000,0.200000,0.080000,0.100000,-1.000000,0.349926
496,-1.658920,1.148888,-10.844541,0.349926,-0.037587,-2.768331,0.500000,0.220000,0.080000,0.100000,-1.000000,0.349926
497,-1.659074,1.152404,-10.872225,0.349926,-0.037587,-2.768330,0.500000,0.280000,0.080000,0.100000,-1.000000,0.349926
498,-1.659132,1.155923,-10.899908,0.349926,-0.037587,-2.768330,0.500000,0.280000,0.080000,0.100000,-1.000000,0.349926
499,-1.659092,1.159442,-10.927591,0.349926,-0.037587,-2.768329,0.540000,0.280000,0.100000,0.100000,-1.000000,0.349926
500,-1.658955,1.162959,-10.955275,0.349926,-0.037587,-2.768328,0.540000,0.280000,0.100000,0.100000,-1.000000,0.349926
501,-1.658720,1.166470,-10.982958,0.349926,-0.037587,-2.768328,0.580000,0.280000,0.100000,0.100000,-1.000000,0.349926
502,-1.658389,1.169974,-11.010641,0.349926,-0.037587,-2.768327,0.640000,0.280000,0.120000,0.100000,-1.000000,0.349926
503,-1.657960,1.173467,-11.038324,0.349926,-0.037587,-2.768327,0.640000,0.360000,0.120000,0.100000,-1.000000,0.349926
504,-1.657435,1.176947,-11.066008,0.349926,-0.037587,-2.768326,0.680000,0.340000,0.140000,0.100000,-1.000000,0.349926
505,-1.656814,1.180412,-11.093691,0.349926,-0.037587,-2.768326,0.700000,0.340000,0.140000,0.100000,-1.000000,0.349926
506,-1.656097,1.183857,-11.121374,0.349926,-0.037587,-2.768325,0.700000,0.340000,0.160000,0.100000,-1.000000,0.349926
507,-1.655285,1.187282,-11.149057,0.349926,-0.037587,-2.768325,0.760000,0.420000,0.200000,0.100000,-1.000000,0.349926
508,-1.654378,1.190682,-11.176741,0.349926,-0.037587,-2.768324,0.760000,0.420000,0.220000,0.100000,-1.000000,0.349926
509,-1.653378,1.194057,-11.204424,0.349927,-0.037587,-2.768324,0.780000,0.460000,0.260000,0.100000,-1.000000,0.349927
510,-1.652285,1.197402,-11.232107,0.349927,-0.037587,-2.768323,0.780000,0.460000,0.260000,0.100000,-1.000000,0.349927
511,-1.651100,1.200716,-11.259790,0.349927,-0.037587,-2.768323,0.800000,0.460000,0.260000,0.100000,-1.000000,0.349927
512,-1.649823,1.203995,-11.287474,0.349927,-0.037587,-2.768323,0.800000,0.500000,0.240000,0.100000,-1.000000,0.349927
513,-1.648456,1.207238,-11.315157,0.349927,-0.037587,-2.768322,0.820000,0.500000,0.240000,0.100000,-1.000000,0.349927
514,-1.647000,1.210442,-11.342840,0.349927,-0.037587,-2.768322,0.840000,0.560000,0.320000,0.100000,-1.000000,0.349927
515,-1.645456,1.213605,-11.370523,0.349927,-0.037587,-2.768321,0.840000,0.600000,0.320000,0.100000,-1.000000,0.349927
516,-1.643824,1.216723,-11.398207,0.349927,-0.037587,-2.768321,0.860000,0.640000,0.320000,0.100000,-1.000000,0.349927
517,-1.642107,1.219795,-11.425890,0.349927,-0.037587,-2.768321,0.880000,0.660000,0.320000,0.100000,-1.000000,0.349927
518,-1.640306,1.222819,-11.453573,0.349927,-0.037587,-2.768320,0.900000,0.660000,0.400000,0.100000,-1.000000,0.349927
519,-1.638422,1.225791,-11.481256,0.349927,-0.037587,-2.768320,0.940000,0.660000,0.400000,0.100000,-1.000000,0.349927
520,-1.636456,1.228711,-11.508939,0.349927,-0.037587,-2.768320,0.960000,0.720000,0.400000,0.100000,-1.000000,0.349927
521,-1.634410,1.231574,-11.536623,0.349927,-0.037587,-2.768319,0.980000,0.720000,0.440000,0.100000,-1.000000,0.349927
522,-1.632285,1.234380,-11.564306,0.349927,-0.037587,-2.768319,1.000000,0.740000,0.440000,0.100000,-1.000000,0.349927
523,-1.630084,1.237126,-11.591989,0.349927,-0.037587,-2.768319,1.000000,0.740000,0.480000,0.100000,-1.000000,0.349927
524,-1.627808,1.239810,-11.619672,0.349927,-0.037586,-2.768318,1.000000,0.760000,0.480000,0.100000,-1.000000,0.349927
525,-1.625458,1.242430,-11.647355,0.349927,-0.037586,-2.768318,1.000000,0.780000,0.520000,0.100000,-1.000000,0.349927
526,-1.623036,1.244984,-11.675038,0.349927,-0.037586,-2.768318,1.000000,0.780000,0.520000,0.100000,-1.000000,0.349927
527,-1.620545,1.247470,-11.702722,0.349927,-0.037586,-2.768317,1.000000,0.800000,0.560000,0.100000,-1.000000,0.349927
528,-1.617986,1.249886,-11.730405,0.349927,-0.037586,-2.768317,1.000000,0.820000,0.620000,0.100000,-1.000000,0.349927
529,-1.615361,1.252230,-11.758088,0.349927,-0.037586,-2.768317,1.000000,0.840000,0.620000,0.100000,-1.000000,0.349927
530,-1.612672,1.254501,-11.785771,0.349927,-0.037586,-2.768316,0.460000,0.860000,0.620000,0.100000,-1.000000,0.349927
531,-1.609921,1.256696,-11.813454,0.349927,-0.037586,-2.768316,0.460000,0.880000,0.680000,0.100000,-1.000000,0.349927
532,-1.607111,1.258815,-11.841137,0.349927,-0.037586,-2.768316,0.400000,0.900000,0.680000,0.100000,-1.000000,0.349927
533,-1.604243,1.260855,-11.868821,0.349927,-0.037586,-2.768316,0.400000,0.940000,0.700000,0.100000,-1.000000,0.349927
534,-1.601320,1.262814,-11.896504,0.349927,-0.037586,-2.768315,0.340000,0.960000,0.700000,0.100000,-1.000000,0.349927
535,-1.598343,1.264692,-11.924187,0.349927,-0.037586,-2.768315,0.340000,1.000000,0.720000,0.100000,-1.000000,0.349927
536,-1.595316,1.266487,-11.951870,0.349927,-0.037586,-2.768315,0.340000,1.000000,0.720000,0.100000,-1.000000,0.349927
537,-1.592240,1.268197,-11.979553,0.349927,-0.037586,-2.768315,0.340000,1.000000,0.740000,0.100000,-1.000000,0.349927
538,-1.589118,1.269822,-12.007236,0.349927,-0.037586,-2.768314,0.320000,1.000000,0.760000,0.100000,-1.000000,0.349927
539,-1.585952,1.271360,-12.034920,0.349927,-0.037586,-2.768314,0.320000,1.000000,0.760000,0.100000,-1.000000,0.349927
540,-1.582745,1.272809,-12.062603,0.349927,-0.037586,-2.768314,0.320000,1.000000,0.780000,0.100000,-1.000000,0.349927
541,-1.579499,1.274169,-12.090286,0.349927,-0.037586,-2.768314,0.320000,1.000000,0.800000,0.100000,-1.000000,0.349927
542,-1.576217,1.275439,-12.117969,0.349928,-0.037586,-2.768314,0.320000,1.000000,0.820000,0.100000,-1.000000,0.349928
543,-1.572900,1.276617,-12.145652,0.349928,-0.037586,-2.768313,0.300000,0.420000,0.840000,0.100000,-1.000000,0.349928
544,-1.569553,1.277703,-12.173335,0.349928,-0.037586,-2.768313,0.300000,0.420000,0.860000,0.100000,-1.000000,0.349928
545,-1.566176,1.278696,-12.201018,0.349928,-0.037586,-2.768313,0.300000,0.360000,0.900000,0.100000,-1.000000,0.349928
546,-1.562774,1.279595,-12.228702,0.349928,-0.037586,-2.768313,0.300000,0.360000,0.920000,0.100000,-1.000000,0.349928
547,-1.559348,1.280400,-12.256385,0.349928,-0.037586,-2.768313,0.300000,0.360000,0.960000,0.100000,-1.000000,0.349928
548,-1.555900,1.281109,-12.284068,0.349928,-0.037586,-2.768312,0.300000,0.300000,0.980000,0.100000,-1.000000,0.349928
549,-1.552435,1.281723,-12.311751,0.349928,-0.037586,-2.768312,0.300000,0.300000,1.000000,0.100000,-1.000000,0.349928
550,-1.548954,1.282241,-12.339434,0.349928,-0.037586,-2.768312,0.300000,0.300000,1.000000,0.100000,-1.000000,0.349928
551,-1.545460,1.282662,-12.367117,0.349928,-0.037586,-2.768312,0.280000,0.300000,1.000000,0.100000,-1.000000,0.349928
552,-1.541955,1.282986,-12.394800,0.349928,-0.037586,-2.768312,0.280000,0.280000,1.000000,0.100000,-1.000000,0.349928
553,-1.538443,1.283213,-12.422483,0.349928,-0.037586,-2.768312,0.280000,0.280000,1.000000,0.100000,-1.000000,0.349928
554,-1.534926,1.283343,-12.450166,0.349928,-0.037586,-2.768311,0.280000,0.280000,1.000000,0.100000,-1.000000,0.349928
555,-1.531407,1.283375,-12.477850,0.349928,-0.037586,-2.768311,0.280000,0.280000,0.400000,0.100000,-1.000000,0.349928
556,-1.527888,1.283310,-12.505533,0.349928,-0.037586,-2.768311,0.280000,0.280000,0.380000,0.100000,-1.000000,0.349928
557,-1.524372,1.283148,-12.533216,0.349928,-0.037586,-2.768311,0.280000,0.260000,0.340000,0.100000,-1.000000,0.349928
558,-1.520863,1.282888,-12.560899,0.349928,-0.037586,-2.768311,0.280000,0.260000,0.320000,0.100000,-1.000000,0.349928
559,-1.517361,1.282532,-12.588582,0.349928,-0.037586,-2.768311,0.280000,0.260000,0.280000,0.100000,-1.000000,0.349928
560,-1.513871,1.282078,-12.616265,0.349928,-0.037586,-2.768310,0.280000,0.260000,0.280000,0.100000,-1.000000,0.349928
561,-1.510395,1.281528,-12.643948,0.349928,-0.037586,-2.768310,0.280000,0.260000,0.260000,0.100000,-1.000000,0.349928
562,-1.506936,1.280882,-12.671631,0.349928,-0.037586,-2.768310,0.280000,0.260000,0.260000,0.100000,-1.000000,0.349928
563,-1.503495,1.280141,-12.699314,0.349928,-0.037586,-2.768310,0.280000,0.260000,0.260000,0.100000,-1.000000,0.349928
564,-1.500077,1.279304,-12.726998,0.349928,-0.037586,-2.768310,0.280000,0.260000,0.260000,0.100000,-1.000000,0.349928
565,-1.496682,1.278374,-12.754681,0.349928,-0.037586,-2.768310,0.280000,0.260000,0.260000,0.100000,-1.000000,0.349928
566,-1.493315,1.277349,-12.782364,0.349928,-0.037586,-2.768310,0.280000,0.260000,0.240000,0.100000,-1.000000,0.349928
567,-1.489978,1.276232,-12.810047,0.349928,-0.037586,-2.768310,0.280000,0.240000,0.240000,0.100000,-1.000000,0.349928
568,-1.486673,1.275023,-12.837730,0.349928,-0.037586,-2.768309,0.300000,0.240000,0.240000,0.100000,-1.000000,0.349928
569,-1.483402,1.273723,-12.865413,0.349928,-0.037586,-2.768309,0.300000,0.240000,0.240000,0.100000,-1.000000,0.349928
570,-1.480169,1.272333,-12.893096,0.349928,-0.037586,-2.768309,0.300000,0.240000,0.240000,0.100000,-1.000000,0.349928
571,-1.476975,1.270854,-12.920779,0.349928,-0.037586,-2.768309,0.280000,0.240000,0.240000,0.100000,-1.000000,0.349928
572,-1.473824,1.269287,-12.948462,0.349928,-0.037586,-2.768309,0.280000,0.240000,0.220000,0.100000,-1.000000,0.349928
573,-1.470717,1.267634,-12.976145,0.349928,-0.037586,-2.768309,0.260000,0.240000,0.220000,0.100000,-1.000000,0.349928
574,-1.467657,1.265895,-13.003828,0.349928,-0.037586,-2.768309,0.260000,0.240000,0.220000,0.100000,-1.000000,0.349928
575,-1.464647,1.264072,-13.031512,0.349928,-0.037586,-2.768309,0.260000,0.240000,0.220000,0.100000,-1.000000,0.349928
576,-1.461688,1.262167,-13.059195,0.349928,-0.037586,-2.768309,0.260000,0.240000,0.220000,0.100000,-1.000000,0.349928
577,-1.458783,1.260180,-13.086878,0.349928,-0.037586,-2.768309,0.260000,0.240000,0.220000,0.100000,-1.000000,0.349928
578,-1.455934,1.258113,-13.114561,0.349928,-0.037586,-2.768308,0.280000,0.240000,0.220000,0.100000,-1.000000,0.349928
579,-1.453143,1.255969,-13.142244,0.349928,-0.037586,-2.768308,0.280000,0.260000,0.220000,0.100000,-1.000000,0.349928
580,-1.450413,1.253748,-13.169927,0.349928,-0.037586,-2.768308,0.280000,0.260000,0.220000,0.100000,-1.000000,0.349928
581,-1.447745,1.251453,-13.197610,0.349928,-0.037586,-2.768308,0.300000,0.260000,0.220000,0.100000,-1.000000,0.349928
582,-1.445142,1.249084,-13.225293,0.349928,-0.037586,-2.768308,0.300000,0.260000,0.220000,0.100000,-1.000000,0.349928
583,-1.442606,1.246644,-13.252976,0.349928,-0.037586,-2.768308,0.320000,0.260000,0.220000,0.100000,-1.000000,0.349928
584,-1.440138,1.244136,-13.280659,0.349928,-0.037586,-2.768308,0.320000,0.240000,0.220000,0.100000,-1.000000,0.349928
585,-1.437740,1.241559,-13.308342,0.349928,-0.037586,-2.768308,0.340000,0.240000,0.220000,0.100000,-1.000000,0.349928
586,-1.435414,1.238918,-13.336025,0.349928,-0.037586,-2.768308,0.340000,0.220000,0.220000,0.100000,-1.000000,0.349928
587,-1.433163,1.236213,-13.363709,0.349928,-0.037586,-2.768308,0.360000,0.220000,0.220000,0.100000,-1.000000,0.349928
588,-1.430987,1.233446,-13.391392,0.349928,-0.037586,-2.768308,0.380000,0.220000,0.220000,0.100000,-1.000000,0.349928
589,-1.428889,1.230621,-13.419075,0.349928,-0.037586,-2.768308,0.400000,0.220000,0.220000,0.100000,-1.000000,0.349928
590,-1.426870,1.227738,-13.446758,0.349928,-0.037586,-2.768307,0.440000,0.240000,0.220000,0.100000,-1.000000,0.349928
591,-1.424931,1.224801,-13.474441,0.349928,-0.037586,-2.768307,0.460000,0.240000,0.220000,0.100000,-1.000000,0.349928
592,-1.423074,1.221811,-13.502124,0.349928,-0.037586,-2.768307,0.500000,0.240000,0.220000,0.100000,-1.000000,0.349928
593,-1.421301,1.218771,-13.529807,0.349928,-0.037586,-2.768307,0.540000,0.260000,0.220000,0.100000,-1.000000,0.349928
594,-1.419613,1.215683,-13.557490,0.349928,-0.037586,-2.768307,0.600000,0.260000,0.220000,0.100000,-1.000000,0.349928
595,-1.418010,1.212550,-13.585173,0.349928,-0.037586,-2.768307,0.680000,0.260000,0.220000,0.100000,-1.000000,0.349928
596,-1.416495,1.209373,-13.612856,0.349928,-0.037586,-2.768307,0.780000,0.280000,0.200000,0.100000,-1.000000,0.349928
597,-1.415069,1.206156,-13.640539,0.349928,-0.037586,-2.768307,0.900000,0.280000,0.200000,0.100000,-1.000000,0.349928
598,-1.413732,1.202900,-13.668222,0.349928,-0.037586,-2.768307,0.900000,0.300000,0.180000,0.100000,-1.000000,0.349928
599,-1.412486,1.199609,-13.695905,0.349928,-0.037586,-2.768307,0.980000,0.320000,0.200000,0.100000,-1.000000,0.349928
600,-1.411331,1.196284,-13.723589,0.349928,-0.037586,-2.768307,1.000000,0.340000,0.200000,0.100000,-1.000000,0.349928
601,-1.410269,1.192929,-13.751272,0.349928,-0.037586,-2.768307,1.000000,0.360000,0.200000,0.100000,-1.000000,0.349928
602,-1.409300,1.189545,-13.778955,0.349928,-0.037586,-2.768307,1.000000,0.380000,0.200000,0.100000,-1.000000,0.349928
603,-1.408425,1.186136,-13.806638,0.349928,-0.037586,-2.768307,1.000000,0.400000,0.220000,0.100000,-1.000000,0.349928
604,-1.407645,1.182704,-13.834321,0.349928,-0.037586,-2.768307,1.000000,0.440000,0.220000,0.100000,-1.000000,0.349928
605,-1.406960,1.179252,-13.862004,0.349928,-0.037586,-2.768307,1.000000,0.480000,0.220000,0.100000,-1.000000,0.349928
606,-1.406371,1.175783,-13.889687,0.349928,-0.037586,-2.768307,1.000000,0.520000,0.240000,0.100000,-1.000000,0.349928
607,-1.405879,1.172298,-13.917370,0.349928,-0.037586,-2.768306,1.000000,0.580000,0.240000,0.100000,-1.000000,0.349928
608,-1.405482,1.168801,-13.945053,0.349928,-0.037586,-2.768306,1.000000,0.660000,0.260000,0.100000,-1.000000,0.349928
609,-1.405183,1.165294,-13.972736,0.349928,-0.037586,-2.768306,1.000000,0.760000,0.260000,0.100000,-1.000000,0.349928
610,-1.404981,1.161781,-14.000419,0.349928,-0.037586,-2.768306,1.000000,0.860000,0.280000,0.100000,-1.000000,0.349928
611,-1.404877,1.158263,-14.028102,0.349928,-0.037586,-2.768306,1.000000,0.860000,0.300000,0.100000,-1.000000,0.349928
612,-1.404869,1.154743,-14.055785,0.349928,-0.037586,-2.768306,1.000000,1.000000,0.300000,0.100000,-1.000000,0.349928
613,-1.404959,1.151225,-14.083468,0.349928,-0.037586,-2.768306,1.000000,1.000000,0.320000,0.100000,-1.000000,0.349928
614,-1.405147,1.147711,-14.111151,0.349928,-0.037586,-2.768306,0.880000,1.000000,0.340000,0.100000,-1.000000,0.349928
615,-1.405432,1.144203,-14.138834,0.349928,-0.037586,-2.768306,0.820000,1.000000,0.380000,0.100000,-1.000000,0.349928
616,-1.405813,1.140704,-14.166518,0.349928,-0.037586,-2.768306,0.760000,1.000000,0.400000,0.100000,-1.000000,0.349928
617,-1.406292,1.137217,-14.194201,0.349928,-0.037586,-2.768306,0.700000,1.000000,0.440000,0.100000,-1.000000,0.349928
618,-1.406866,1.133745,-14.221884,0.349928,-0.037586,-2.768306,0.660000,1.000000,0.500000,0.100000,-1.000000,0.349928
619,-1.407537,1.130290,-14.249567,0.349928,-0.037586,-2.768306,0.620000,1.000000,0.540000,0.100000,-1.000000,0.349928
620,-1.408303,1.126855,-14.277250,0.349928,-0.037586,-2.768306,0.600000,1.000000,0.620000,0.100000,-1.000000,0.349928
621,-1.409164,1.123443,-14.304933,0.349928,-0.037586,-2.768306,0.560000,1.000000,0.720000,0.100000,-1.000000,0.349928
622,-1.410119,1.120055,-14.332616,0.349928,-0.037586,-2.768306,0.540000,1.000000,0.840000,0.100000,-1.000000,0.349928
623,-1.411167,1.116696,-14.360299,0.349928,-0.037586,-2.768306,0.520000,1.000000,0.820000,0.100000,-1.000000,0.349928
624,-1.412308,1.113366,-14.387982,0.349928,-0.037586,-2.768306,0.480000,1.000000,0.920000,0.100000,-1.000000,0.349928
625,-1.413540,1.110070,-14.415665,0.349928,-0.037586,-2.768306,0.460000,1.000000,1.000000,0.100000,-1.000000,0.349928
626,-1.414864,1.106809,-14.443348,0.349928,-0.037586,-2.768306,0.440000,1.000000,1.000000,0.100000,-1.000000,0.349928
627,-1.416277,1.103585,-14.471031,0.349928,-0.037586,-2.768306,0.440000,0.820000,1.000000,0.100000,-1.000000,0.349928
628,-1.417779,1.100402,-14.498714,0.349928,-0.037586,-2.768306,0.420000,0.760000,1.000000,0.100000,-1.000000,0.349928
629,-1.419368,1.097262,-14.526397,0.349928,-0.037586,-2.768306,0.400000,0.700000,1.000000,0.100000,-1.000000,0.349928
630,-1.421044,1.094167,-14.554080,0.349928,-0.037586,-2.768306,0.380000,0.660000,1.000000,0.100000,-1.000000,0.349928
631,-1.422804,1.091120,-14.581763,0.349928,-0.037586,-2.768306,0.380000,0.620000,1.000000,0.100000,-1.000000,0.349928
632,-1.424649,1.088123,-14.609446,0.349928,-0.037586,-2.768306,0.360000,0.580000,1.000000,0.100000,-1.000000,0.349928
633,-1.426575,1.085177,-14.637130,0.349928,-0.037586,-2.768306,0.360000,0.540000,1.000000,0.100000,-1.000000,0.349928
634,-1.428583,1.082287,-14.664813,0.349928,-0.037586,-2.768306,0.340000,0.520000,1.000000,0.100000,-1.000000,0.349928
635,-1.430669,1.079453,-14.692496,0.349928,-0.037586,-2.768305,0.340000,0.500000,1.000000,0.100000,-1.000000,0.349928
636,-1.432834,1.076677,-14.720179,0.349928,-0.037586,-2.768305,0.320000,0.480000,1.000000,0.100000,-1.000000,0.349928
637,-1.435074,1.073963,-14.747862,0.349928,-0.037586,-2.768305,0.320000,0.440000,1.000000,0.100000,-1.000000,0.349928
638,-1.437388,1.071312,-14.775545,0.349928,-0.037586,-2.768305,0.300000,0.420000,1.000000,0.100000,-1.000000,0.349928
639,-1.439776,1.068726,-14.803228,0.349928,-0.037586,-2.768305,0.300000,0.420000,0.800000,0.100000,-1.000000,0.349928
640,-1.442233,1.066206,-14.830911,0.349928,-0.037586,-2.768305,0.240000,0.400000,0.740000,0.100000,-1.000000,0.349928
641,-1.444760,1.063756,-14.858594,0.349928,-0.037586,-2.768305,0.240000,0.380000,0.680000,0.100000,-1.000000,0.349928
642,-1.447353,1.061377,-14.886277,0.349928,-0.037586,-2.768305,0.240000,0.360000,0.640000,0.100000,-1.000000,0.349928
643,-1.450011,1.059070,-14.913960,0.349928,-0.037586,-2.768305,0.240000,0.360000,0.580000,0.100000,-1.000000,0.349928
644,-1.452732,1.056838,-14.941643,0.349928,-0.037586,-2.768305,0.220000,0.340000,0.560000,0.100000,-1.000000,0.349928
645,-1.455514,1.054682,-14.969326,0.349928,-0.037586,-2.768305,0.220000,0.320000,0.520000,0.100000,-1.000000,0.349928
646,-1.458354,1.052604,-14.997009,0.349928,-0.037586,-2.768305,0.220000,0.320000,0.480000,0.100000,-1.000000,0.349928
647,-1.461251,1.050606,-15.024692,0.349928,-0.037586,-2.768305,0.220000,0.300000,0.460000,0.100000,-1.000000,0.349928
648,-1.464202,1.048688,-15.052375,0.349928,-0.037586,-2.768305,0.200000,0.300000,0.440000,0.100000,-1.000000,0.349928
649,-1.467205,1.046853,-15.080058,0.349928,-0.037586,-2.768305,0.200000,0.280000,0.420000,0.100000,-1.000000,0.349928
650,-1.470258,1.045101,-15.107741,0.349928,-0.037586,-2.768305,0.200000,0.280000,0.400000,0.100000,-1.000000,0.349928
651,-1.473358,1.043435,-15.135425,0.349928,-0.037586,-2.768305,0.200000,0.280000,0.380000,0.100000,-1.000000,0.349928
652,-1.476503,1.041855,-15.163108,0.349928,-0.037586,-2.768305,0.200000,0.260000,0.360000,0.100000,-1.000000,0.349928
653,-1.479690,1.040363,-15.190791,0.349928,-0.037586,-2.768305,0.180000,0.220000,0.340000,0.100000,-1.000000,0.349928
654,-1.482918,1.038959,-15.218474,0.349928,-0.037586,-2.768305,0.180000,0.200000,0.320000,0.100000,-1.000000,0.349928
655,-1.486183,1.037646,-15.246157,0.349928,-0.037586,-2.768305,0.180000,0.200000,0.320000,0.100000,-1.000000,0.349928
656,-1.489483,1.036423,-15.273840,0.349928,-0.037586,-2.768305,0.180000,0.200000,0.300000,0.100000,-1.000000,0.349928
657,-1.492816,1.035292,-15.301523,0.349928,-0.037586,-2.768305,0.180000,0.200000,0.300000,0.100000,-1.000000,0.349928
658,-1.496178,1.034254,-15.329206,0.349928,-0.037586,-2.768305,0.180000,0.180000,0.280000,0.100000,-1.000000,0.349928
659,-1.499569,1.033309,-15.356889,0.349928,-0.037586,-2.768305,0.180000,0.180000,0.280000,0.100000,-1.000000,0.349928
660,-1.502984,1.032459,-15.384572,0.349928,-0.037586,-2.768305,0.160000,0.180000,0.260000,0.100000,-1.000000,0.349928
661,-1.506421,1.031703,-15.412255,0.349928,-0.037586,-2.768305,0.160000,0.180000,0.260000,0.100000,-1.000000,0.349928
662,-1.509878,1.031043,-15.439938,0.349928,-0.037586,-2.768305,0.160000,0.160000,0.240000,0.100000,-1.000000,0.349928
663,-1.513352,1.030479,-15.467621,0.349928,-0.037586,-2.768305,0.160000,0.160000,0.180000,0.100000,-1.000000,0.349928
664,-1.516840,1.030011,-15.495304,0.349928,-0.037586,-2.768305,0.160000,0.160000,0.180000,0.100000,-1.000000,0.349928
665,-1.520340,1.029640,-15.522987,0.349928,-0.037586,-2.768305,0.160000,0.160000,0.180000,0.100000,-1.000000,0.349928
666,-1.523849,1.029366,-15.550670,0.349928,-0.037586,-2.768305,0.160000,0.160000,0.180000,0.100000,-1.000000,0.349928
667,-1.527364,1.029189,-15.578353,0.349928,-0.037586,-2.768305,0.160000,0.140000,0.160000,0.100000,-1.000000,0.349928
668,-1.530882,1.029109,-15.606036,0.349928,-0.037586,-2.768305,0.140000,0.140000,0.160000,0.100000,-1.000000,0.349928
669,-1.534401,1.029127,-15.633719,0.349928,-0.037586,-2.768305,0.140000,0.140000,0.160000,0.100000,-1.000000,0.349928
670,-1.537919,1.029242,-15.661402,0.349928,-0.037586,-2.768305,0.140000,0.140000,0.160000,0.100000,-1.000000,0.349928
671,-1.541432,1.029455,-15.689086,0.349928,-0.037586,-2.768305,0.140000,0.140000,0.140000,0.100000,-1.000000,0.349928
672,-1.544938,1.029764,-15.716769,0.349928,-0.037586,-2.768305,0.140000,0.140000,0.140000,0.100000,-1.000000,0.349928
673,-1.548434,1.030171,-15.744452,0.349928,-0.037586,-2.768305,0.140000,0.140000,0.140000,0.100000,-1.000000,0.349928
674,-1.551917,1.030674,-15.772135,0.349928,-0.037586,-2.768305,0.140000,0.120000,0.140000,0.100000,-1.000000,0.349928
675,-1.555385,1.031274,-15.799818,0.349928,-0.037586,-2.768305,0.140000,0.120000,0.120000,0.100000,-1.000000,0.349928
676,-1.558835,1.031969,-15.827501,0.349928,-0.037586,-2.768305,0.140000,0.120000,0.120000,0.100000,-1.000000,0.349928
677,-1.562264,1.032760,-15.855184,0.349928,-0.037586,-2.768305,0.140000,0.120000,0.120000,0.100000,-1.000000,0.349928
678,-1.565671,1.033645,-15.882867,0.349928,-0.037586,-2.768305,0.140000,0.120000,0.120000,0.100000,-1.000000,0.349928
679,-1.569051,1.034624,-15.910550,0.349928,-0.037586,-2.768305,0.140000,0.120000,0.120000,0.100000,-1.000000,0.349928
680,-1.572403,1.035696,-15.938233,0.349928,-0.037586,-2.768305,0.140000,0.120000,0.120000,0.100000,-1.000000,0.349928
681,-1.575724,1.036861,-15.965916,0.349928,-0.037586,-2.768305,0.140000,0.120000,0.100000,0.100000,-1.000000,0.349928
682,-1.579012,1.038117,-15.993599,0.349928,-0.037586,-2.768305,0.140000,0.120000,0.100000,0.100000,-1.000000,0.349928
683,-1.582264,1.039463,-16.021282,0.349928,-0.037586,-2.768305,0.120000,0.100000,0.100000,0.100000,-1.000000,0.349928
684,-1.585477,1.040899,-16.048965,0.349928,-0.037586,-2.768305,0.120000,0.100000,0.100000,0.100000,-1.000000,0.349928
685,-1.588649,1.042424,-16.076648,0.349928,-0.037586,-2.768305,0.120000,0.100000,0.100000,0.100000,-1.000000,0.349928
686,-1.591777,1.044036,-16.104331,0.349928,-0.037586,-2.768305,0.120000,0.100000,0.100000,0.100000,-1.000000,0.349928
687,-1.594860,1.045733,-16.132014,0.349928,-0.037586,-2.768305,0.120000,0.100000,0.100000,0.100000,-1.000000,0.349928
688,-1.597895,1.047516,-16.159697,0.349928,-0.037586,-2.768305,0.120000,0.100000,0.100000,0.100000,-1.000000,0.349928
689,-1.600879,1.049381,-16.187380,0.349928,-0.037586,-2.768305,0.120000,0.100000,0.080000,0.100000,-1.000000,0.349928
690,-1.603811,1.051329,-16.215063,0.349928,-0.037586,-2.768305,0.120000,0.100000,0.080000,0.100000,-1.000000,0.349928
691,-1.606687,1.053357,-16.242746,0.349928,-0.037586,-2.768305,0.120000,0.100000,0.080000,0.100000,-1.000000,0.349928
692,-1.609506,1.055464,-16.270430,0.349928,-0.037586,-2.768305,0.120000,0.100000,0.080000,0.100000,-1.000000,0.349928
693,-1.612266,1.057648,-16.298113,0.349928,-0.037586,-2.768305,0.120000,0.100000,0.080000,0.100000,-1.000000,0.349928
694,-1.614964,1.059907,-16.325796,0.349928,-0.037586,-2.768305,0.120000,0.100000,0.080000,0.100000,-1.000000,0.349928
695,-1.617599,1.062241,-16.353479,0.349928,-0.037586,-2.768305,0.140000,0.100000,0.080000,0.100000,-1.000000,0.349928
696,-1.620168,1.064646,-16.381162,0.349928,-0.037586,-2.768305,0.140000,0.100000,0.080000,0.100000,-1.000000,0.349928
697,-1.622669,1.067122,-16.408845,0.349928,-0.037586,-2.768305,0.140000,0.100000,0.080000,0.100000,-1.000000,0.349928
698,-1.625101,1.069666,-16.436528,0.349928,-0.037586,-2.768305,0.140000,0.100000,0.080000,0.100000,-1.000000,0.349928
699,-1.627462,1.072276,-16.464211,0.349928,-0.037586,-2.768305,0.140000,0.080000,0.080000,0.100000,-1.000000,0.349928
700,-1.629750,1.074951,-16.491894,0.349928,-0.037586,-2.768305,0.140000,0.080000,0.080000,0.100000,-1.000000,0.349928
701,-1.631962,1.077687,-16.519577,0.349928,-0.037586,-2.768305,0.140000,0.080000,0.080000,0.100000,-1.000000,0.349928
702,-1.634098,1.080485,-16.547260,0.349928,-0.037586,-2.768305,0.160000,0.080000,0.060000,0.100000,-1.000000,0.349928
703,-1.636156,1.083340,-16.574943,0.349928,-0.037586,-2.768305,0.160000,0.080000,0.060000,0.100000,-1.000000,0.349928
704,-1.638134,1.086251,-16.602626,0.349928,-0.037586,-2.768305,0.160000,0.080000,0.060000,0.100000,-1.000000,0.349928
705,-1.640031,1.089215,-16.630309,0.349928,-0.037586,-2.768305,0.180000,0.080000,0.060000,0.100000,-1.000000,0.349928
706,-1.641844,1.092231,-16.657992,0.349928,-0.037586,-2.768305,0.180000,0.080000,0.060000,0.100000,-1.000000,0.349928
707,-1.643574,1.095296,-16.685675,0.349928,-0.037586,-2.768305,0.200000,0.100000,0.060000,0.100000,-1.000000,0.349928
708,-1.645218,1.098408,-16.713358,0.349928,-0.037586,-2.768305,0.220000,0.100000,0.060000,0.100000,-1.000000,0.349928
709,-1.646776,1.101564,-16.741041,0.349928,-0.037586,-2.768305,0.240000,0.100000,0.060000,0.100000,-1.000000,0.349928
710,-1.648245,1.104762,-16.768724,0.349928,-0.037586,-2.768305,0.260000,0.100000,0.060000,0.100000,-1.000000,0.349928
711,-1.649625,1.108000,-16.796407,0.349928,-0.037586,-2.768305,0.320000,0.100000,0.060000,0.100000,-1.000000,0.349928
712,-1.650916,1.111274,-16.824090,0.349928,-0.037586,-2.768305,0.320000,0.100000,0.060000,0.100000,-1.000000,0.349928
713,-1.652115,1.114583,-16.851773,0.349928,-0.037586,-2.768305,0.320000,0.100000,0.060000,0.100000,-1.000000,0.349928
714,-1.653222,1.117924,-16.879457,0.349928,-0.037586,-2.768305,0.320000,0.100000,0.060000,0.100000,-1.000000,0.349928
715,-1.654236,1.121294,-16.907140,0.349928,-0.037586,-2.768305,0.320000,0.120000,0.060000,0.100000,-1.000000,0.349928
716,-1.655156,1.124691,-16.934823,0.349928,-0.037586,-2.768305,0.320000,0.120000,0.060000,0.100000,-1.000000,0.349928
717,-1.655983,1.128112,-16.962506,0.349928,-0.037586,-2.768305,0.380000,0.120000,0.060000,0.100000,-1.000000,0.349928
718,-1.656714,1.131554,-16.990189,0.349928,-0.037586,-2.768305,0.380000,0.140000,0.060000,0.100000,-1.000000,0.349928
719,-1.657349,1.135016,-17.017872,0.349928,-0.037586,-2.768305,0.380000,0.140000,0.060000,0.100000,-1.000000,0.349928
720,-1.657889,1.138494,-17.045555,0.349928,-0.037586,-2.768305,0.380000,0.160000,0.080000,0.100000,-1.000000,0.349928
721,-1.658332,1.141985,-17.073238,0.349928,-0.037586,-2.768305,0.460000,0.180000,0.080000,0.100000,-1.000000,0.349928
722,-1.658678,1.145488,-17.100921,0.349928,-0.037586,-2.768305,0.460000,0.200000,0.080000,0.100000,-1.000000,0.349928
723,-1.658927,1.148998,-17.128604,0.349928,-0.037586,-2.768305,0.500000,0.220000,0.080000,0.100000,-1.000000,0.349928
724,-1.659079,1.152514,-17.156287,0.349928,-0.037586,-2.768305,0.500000,0.280000,0.080000,0.100000,-1.000000,0.349928
725,-1.659133,1.156033,-17.183970,0.349928,-0.037586,-2.768305,0.500000,0.280000,0.080000,0.100000,-1.000000,0.349928
726,-1.659090,1.159552,-17.211653,0.349928,-0.037586,-2.768305,0.540000,0.280000,0.100000,0.100000,-1.000000,0.349928
727,-1.658950,1.163069,-17.239336,0.349928,-0.037586,-2.768305,0.540000,0.280000,0.100000,0.100000,-1.000000,0.349928
728,-1.658712,1.166580,-17.267019,0.349928,-0.037586,-2.768305,0.580000,0.280000,0.100000,0.100000,-1.000000,0.349928
729,-1.658377,1.170084,-17.294702,0.349928,-0.037586,-2.768305,0.640000,0.280000,0.120000,0.100000,-1.000000,0.349928
730,-1.657946,1.173577,-17.322385,0.349928,-0.037586,-2.768305,0.640000,0.360000,0.120000,0.100000,-1.000000,0.349928
731,-1.657418,1.177056,-17.350068,0.349928,-0.037586,-2.768305,0.680000,0.340000,0.140000,0.100000,-1.000000,0.349928
732,-1.656793,1.180520,-17.377751,0.349928,-0.037586,-2.768305,0.700000,0.340000,0.140000,0.100000,-1.000000,0.349928
733,-1.656074,1.183965,-17.405434,0.349928,-0.037586,-2.768305,0.700000,0.340000,0.160000,0.100000,-1.000000,0.349928
734,-1.655259,1.187389,-17.433117,0.349928,-0.037586,-2.768305,0.760000,0.420000,0.200000,0.100000,-1.000000,0.349928
735,-1.654349,1.190788,-17.460800,0.349928,-0.037586,-2.768305,0.760000,0.420000,0.220000,0.100000,-1.000000,0.349928
736,-1.653346,1.194162,-17.488484,0.349928,-0.037586,-2.768305,0.780000,0.460000,0.260000,0.100000,-1.000000,0.349928
737,-1.652250,1.197506,-17.516167,0.349928,-0.037586,-2.768305,0.780000,0.460000,0.260000,0.100000,-1.000000,0.349928
738,-1.651062,1.200819,-17.543850,0.349928,-0.037586,-2.768305,0.800000,0.460000,0.260000,0.100000,-1.000000,0.349928
739,-1.649782,1.204098,-17.571533,0.349928,-0.037586,-2.768305,0.800000,0.500000,0.240000,0.100000,-1.000000,0.349928
740,-1.648412,1.207339,-17.599216,0.349928,-0.037586,-2.768305,0.820000,0.500000,0.240000,0.100000,-1.000000,0.349928
741,-1.646953,1.210542,-17.626899,0.349928,-0.037586,-2.768304,0.840000,0.560000,0.320000,0.100000,-1.000000,0.349928
742,-1.645406,1.213703,-17.654582,0.349928,-0.037586,-2.768304,0.860000,0.600000,0.320000,0.100000,-1.000000,0.349928
743,-1.643772,1.216820,-17.682265,0.349928,-0.037586,-2.768304,0.860000,0.640000,0.320000,0.100000,-1.000000,0.349928
744,-1.642053,1.219891,-17.709948,0.349928,-0.037586,-2.768304,0.880000,0.660000,0.320000,0.100000,-1.000000,0.349928
745,-1.640249,1.222913,-17.737631,0.349928,-0.037586,-2.768304,0.900000,0.660000,0.400000,0.100000,-1.000000,0.349928
746,-1.638362,1.225884,-17.765314,0.349928,-0.037586,-2.768304,0.940000,0.660000,0.400000,0.100000,-1.000000,0.349928
747,-1.636393,1.228801,-17.792997,0.349928,-0.037586,-2.768304,0.960000,0.720000,0.400000,0.100000,-1.000000,0.349928
748,-1.634345,1.231663,-17.820680,0.349928,-0.037586,-2.768304,0.980000,0.720000,0.440000,0.100000,-1.000000,0.349928
749,-1.632218,1.234467,-17.848363,0.349928,-0.037586,-2.768304,1.000000,0.740000,0.440000,0.100000,-1.000000,0.349928
750,-1.630014,1.237211,-17.876046,0.349928,-0.037586,-2.768304,1.000000,0.740000,0.480000,0.100000,-1.000000,0.349928
751,-1.627736,1.239893,-17.903729,0.349928,-0.037586,-2.768304,1.000000,0.760000,0.480000,0.100000,-1.000000,0.349928
752,-1.625383,1.242511,-17.931412,0.349928,-0.037586,-2.768304,1.000000,0.780000,0.520000,0.100000,-1.000000,0.349928
753,-1.622960,1.245063,-17.959095,0.349928,-0.037586,-2.768304,1.000000,0.780000,0.520000,0.100000,-1.000000,0.349928
754,-1.620466,1.247547,-17.986778,0.349928,-0.037586,-2.768304,1.000000,0.800000,0.560000,0.100000,-1.000000,0.349928
755,-1.617905,1.249961,-18.014461,0.349928,-0.037586,-2.768304,1.000000,0.820000,0.620000,0.100000,-1.000000,0.349928
756,-1.615278,1.252303,-18.042144,0.349928,-0.037586,-2.768304,1.000000,0.840000,0.620000,0.100000,-1.000000,0.349928
757,-1.612587,1.254571,-18.069827,0.349928,-0.037586,-2.768304,0.460000,0.860000,0.620000,0.100000,-1.000000,0.349928
758,-1.609835,1.256764,-18.097511,0.349928,-0.037586,-2.768304,0.460000,0.880000,0.680000,0.100000,-1.000000,0.349928
759,-1.607022,1.258880,-18.125194,0.349928,-0.037586,-2.768304,0.400000,0.900000,0.680000,0.100000,-1.000000,0.349928
760,-1.604153,1.260917,-18.152877,0.349928,-0.037586,-2.768304,0.400000,0.940000,0.700000,0.100000,-1.000000,0.349928
761,-1.601227,1.262875,-18.180560,0.349928,-0.037586,-2.768304,0.340000,0.960000,0.700000,0.100000,-1.000000,0.349928
762,-1.598249,1.264750,-18.208243,0.349928,-0.037586,-2.768304,0.340000,1.000000,0.720000,0.100000,-1.000000,0.349928
763,-1.595221,1.266542,-18.235926,0.349928,-0.037586,-2.768304,0.340000,1.000000,0.720000,0.100000,-1.000000,0.349928
764,-1.592143,1.268250,-18.263609,0.349928,-0.037586,-2.768304,0.340000,1.000000,0.740000,0.100000,-1.000000,0.349928
765,-1.589020,1.269872,-18.291292,0.349928,-0.037586,-2.768304,0.320000,1.000000,0.760000,0.100000,-1.000000,0.349928
766,-1.585853,1.271407,-18.318975,0.349928,-0.037586,-2.768304,0.320000,1.000000,0.760000,0.100000,-1.000000,0.349928
767,-1.582644,1.272853,-18.346658,0.349928,-0.037586,-2.768304,0.320000,1.000000,0.780000,0.100000,-1.000000,0.349928
768,-1.579397,1.274210,-18.374341,0.349928,-0.037586,-2.768304,0.320000,1.000000,0.800000,0.100000,-1.000000,0.349928
769,-1.576114,1.275477,-18.402024,0.349928,-0.037586,-2.768304,0.320000,1.000000,0.820000,0.100000,-1.000000,0.349928
770,-1.572796,1.276653,-18.429707,0.349928,-0.037586,-2.768304,0.300000,0.420000,0.840000,0.100000,-1.000000,0.349928
771,-1.569448,1.277736,-18.457390,0.349928,-0.037586,-2.768304,0.300000,0.420000,0.860000,0.100000,-1.000000,0.349928
772,-1.566070,1.278726,-18.485073,0.349928,-0.037586,-2.768304,0.300000,0.360000,0.900000,0.100000,-1.000000,0.349928
773,-1.562667,1.279622,-18.512756,0.349928,-0.037586,-2.768304,0.300000,0.360000,0.920000,0.100000,-1.000000,0.349928
774,-1.559240,1.280424,-18.540439,0.349928,-0.037586,-2.768304,0.300000,0.360000,0.960000,0.100000,-1.000000,0.349928
775,-1.555792,1.281130,-18.568122,0.349928,-0.037586,-2.768304,0.300000,0.300000,0.980000,0.100000,-1.000000,0.349928
776,-1.552326,1.281741,-18.595805,0.349928,-0.037586,-2.768304,0.300000,0.300000,1.000000,0.100000,-1.000000,0.349928
777,-1.548845,1.282256,-18.623488,0.349928,-0.037586,-2.768304,0.300000,0.300000,1.000000,0.100000,-1.000000,0.349928
778,-1.545350,1.282674,-18.651171,0.349928,-0.037586,-2.768304,0.280000,0.300000,1.000000,0.100000,-1.000000,0.349928
779,-1.541846,1.282995,-18.678854,0.349928,-0.037586,-2.768304,0.280000,0.280000,1.000000,0.100000,-1.000000,0.349928
780,-1.538333,1.283219,-18.706538,0.349928,-0.037586,-2.768304,0.280000,0.280000,1.000000,0.100000,-1.000000,0.349928
781,-1.534816,1.283346,-18.734221,0.349928,-0.037586,-2.768304,0.280000,0.280000,1.000000,0.100000,-1.000000,0.349928
782,-1.531297,1.283375,-18.761904,0.349928,-0.037586,-2.768304,0.280000,0.280000,0.400000,0.100000,-1.000000,0.349928
783,-1.527778,1.283307,-18.789587,0.349928,-0.037586,-2.768304,0.280000,0.280000,0.380000,0.100000,-1.000000,0.349928
784,-1.524263,1.283142,-18.817270,0.349928,-0.037586,-2.768304,0.280000,0.260000,0.340000,0.100000,-1.000000,0.349928
785,-1.520753,1.282879,-18.844953,0.349928,-0.037586,-2.768304,0.280000,0.260000,0.320000,0.100000,-1.000000,0.349928
786,-1.517252,1.282519,-18.872636,0.349928,-0.037586,-2.768304,0.280000,0.260000,0.280000,0.100000,-1.000000,0.349928
787,-1.513762,1.282063,-18.900319,0.349928,-0.037586,-2.768304,0.280000,0.260000,0.280000,0.100000,-1.000000,0.349928
788,-1.510287,1.281510,-18.928002,0.349928,-0.037586,-2.768304,0.280000,0.260000,0.260000,0.100000,-1.000000,0.349928
789,-1.506828,1.280861,-18.955685,0.349928,-0.037586,-2.768304,0.280000,0.260000,0.260000,0.100000,-1.000000,0.349928
790,-1.503388,1.280116,-18.983368,0.349928,-0.037586,-2.768304,0.280000,0.260000,0.260000,0.100000,-1.000000,0.349928
791,-1.499970,1.279277,-19.011051,0.349928,-0.037586,-2.768304,0.280000,0.260000,0.260000,0.100000,-1.000000,0.349928
792,-1.496577,1.278343,-19.038734,0.349928,-0.037586,-2.768304,0.280000,0.260000,0.260000,0.100000,-1.000000,0.349928
793,-1.493210,1.277316,-19.066417,0.349928,-0.037586,-2.768304,0.280000,0.260000,0.240000,0.100000,-1.000000,0.349928
794,-1.489874,1.276196,-19.094100,0.349928,-0.037586,-2.768304,0.280000,0.240000,0.240000,0.100000,-1.000000,0.349928
795,-1.486570,1.274984,-19.121783,0.349928,-0.037586,-2.768304,0.300000,0.240000,0.240000,0.100000,-1.000000,0.349928
796,-1.483300,1.273681,-19.149466,0.349928,-0.037586,-2.768304,0.300000,0.240000,0.240000,0.100000,-1.000000,0.349928
797,-1.480068,1.272288,-19.177149,0.349928,-0.037586,-2.768304,0.300000,0.240000,0.240000,0.100000,-1.000000,0.349928
798,-1.476876,1.270807,-19.204832,0.349928,-0.037586,-2.768304,0.280000,0.240000,0.240000,0.100000,-1.000000,0.349928
799,-1.473726,1.269237,-19.232515,0.349928,-0.037586,-2.768304,0.280000,0.240000,0.220000,0.100000,-1.000000,0.349928
800,-1.470621,1.267581,-19.260198,0.349928,-0.037586,-2.768304,0.260000,0.240000,0.220000,0.100000,-1.000000,0.349928
801,-1.467562,1.265839,-19.287881,0.349928,-0.037586,-2.768304,0.260000,0.240000,0.220000,0.100000,-1.000000,0.349928
802,-1.464554,1.264014,-19.315564,0.349928,-0.037586,-2.768304,0.260000,0.240000,0.220000,0.100000,-1.000000,0.349928
803,-1.461596,1.262106,-19.343248,0.349928,-0.037586,-2.768304,0.260000,0.240000,0.220000,0.100000,-1.000000,0.349928
804,-1.458693,1.260116,-19.370931,0.349928,-0.037586,-2.768304,0.260000,0.240000,0.220000,0.100000,-1.000000,0.349928
805,-1.455846,1.258048,-19.398614,0.349928,-0.037586,-2.768304,0.280000,0.240000,0.220000,0.100000,-1.000000,0.349928
806,-1.453057,1.255901,-19.426297,0.349928,-0.037586,-2.768304,0.280000,0.260000,0.220000,0.100000,-1.000000,0.349928
807,-1.450329,1.253678,-19.453980,0.349928,-0.037586,-2.768304,0.280000,0.260000,0.220000,0.100000,-1.000000,0.349928
808,-1.447663,1.251380,-19.481663,0.349928,-0.037586,-2.768304,0.300000,0.260000,0.220000,0.100000,-1.000000,0.349928
809,-1.445062,1.249009,-19.509346,0.349928,-0.037586,-2.768304,0.300000,0.260000,0.220000,0.100000,-1.000000,0.349928
810,-1.442527,1.246567,-19.537029,0.349928,-0.037586,-2.768304,0.320000,0.260000,0.220000,0.100000,-1.000000,0.349928
811,-1.440061,1.244056,-19.564712,0.349928,-0.037586,-2.768304,0.320000,0.240000,0.220000,0.100000,-1.000000,0.349928
812,-1.437666,1.241478,-19.592395,0.349928,-0.037586,-2.768304,0.340000,0.240000,0.220000,0.100000,-1.000000,0.349928
813,-1.435343,1.238834,-19.620078,0.349928,-0.037586,-2.768304,0.360000,0.220000,0.220000,0.100000,-1.000000,0.349928
814,-1.433094,1.236127,-19.647761,0.349928,-0.037586,-2.768304,0.360000,0.220000,0.220000,0.100000,-1.000000,0.349928
815,-1.430920,1.233359,-19.675444,0.349928,-0.037586,-2.768304,0.380000,0.220000,0.220000,0.100000,-1.000000,0.349928
816,-1.428825,1.230532,-19.703127,0.349928,-0.037586,-2.768304,0.400000,0.220000,0.220000,0.100000,-1.000000,0.349928
817,-1.426808,1.227647,-19.730810,0.349928,-0.037586,-2.768304,0.440000,0.240000,0.220000,0.100000,-1.000000,0.349928
818,-1.424872,1.224708,-19.758493,0.349928,-0.037586,-2.768304,0.460000,0.240000,0.220000,0.100000,-1.000000,0.349928
819,-1.423017,1.221717,-19.786176,0.349928,-0.037586,-2.768304,0.500000,0.240000,0.220000,0.100000,-1.000000,0.349928
820,-1.421247,1.218675,-19.813859,0.349928,-0.037586,-2.768304,0.540000,0.260000,0.220000,0.100000,-1.000000,0.349928
821,-1.419561,1.215586,-19.841542,0.349928,-0.037586,-2.768304,0.600000,0.260000,0.220000,0.100000,-1.000000,0.349928
822,-1.417962,1.212451,-19.869225,0.349928,-0.037586,-2.768304,0.680000,0.260000,0.220000,0.100000,-1.000000,0.349928
823,-1.416449,1.209273,-19.896908,0.349928,-0.037586,-2.768304,0.780000,0.280000,0.200000,0.100000,-1.000000,0.349928
824,-1.415026,1.206054,-19.924591,0.349928,-0.037586,-2.768304,0.900000,0.280000,0.200000,0.100000,-1.000000,0.349928
825,-1.413692,1.202798,-19.952274,0.349928,-0.037586,-2.768304,0.900000,0.300000,0.180000,0.100000,-1.000000,0.349928
826,-1.412448,1.199505,-19.979958,0.349928,-0.037586,-2.768304,1.000000,0.320000,0.200000,0.100000,-1.000000,0.349928
827,-1.411297,1.196180,-20.007641,0.349928,-0.037586,-2.768304,1.000000,0.340000,0.200000,0.100000,-1.000000,0.349928
828,-1.410237,1.192823,-20.035324,0.349928,-0.037586,-2.768304,1.000000,0.360000,0.200000,0.100000,-1.000000,0.349928
829,-1.409271,1.189439,-20.063007,0.349928,-0.037586,-2.768304,1.000000,0.380000,0.200000,0.100000,-1.000000,0.349928
830,-1.408400,1.186029,-20.090690,0.349928,-0.037586,-2.768304,1.000000,0.400000,0.220000,0.100000,-1.000000,0.349928
831,-1.407622,1.182597,-20.118373,0.349928,-0.037586,-2.768304,1.000000,0.440000,0.220000,0.100000,-1.000000,0.349928
832,-1.406940,1.179144,-20.146056,0.349928,-0.037586,-2.768304,1.000000,0.480000,0.220000,0.100000,-1.000000,0.349928
833,-1.406354,1.175674,-20.173739,0.349928,-0.037586,-2.768304,1.000000,0.520000,0.240000,0.100000,-1.000000,0.349928
834,-1.405865,1.172189,-20.201422,0.349928,-0.037586,-2.768304,1.000000,0.580000,0.240000,0.100000,-1.000000,0.349928
835,-1.405472,1.168691,-20.229105,0.349928,-0.037586,-2.768304,1.000000,0.660000,0.260000,0.100000,-1.000000,0.349928
836,-1.405175,1.165184,-20.256788,0.349928,-0.037586,-2.768304,1.000000,0.780000,0.260000,0.100000,-1.000000,0.349928
837,-1.404976,1.161671,-20.284471,0.349928,-0.037586,-2.768304,1.000000,0.860000,0.280000,0.100000,-1.000000,0.349928
838,-1.404875,1.158153,-20.312154,0.349928,-0.037586,-2.768304,1.000000,0.860000,0.300000,0.100000,-1.000000,0.349928
839,-1.404871,1.154633,-20.339837,0.349928,-0.037586,-2.768304,1.000000,1.000000,0.300000,0.100000,-1.000000,0.349928
840,-1.404964,1.151115,-20.367520,0.349928,-0.037586,-2.768304,1.000000,1.000000,0.320000,0.100000,-1.000000,0.349928
841,-1.405154,1.147601,-20.395203,0.349928,-0.037586,-2.768304,0.880000,1.000000,0.340000,0.100000,-1.000000,0.349928
842,-1.405442,1.144093,-20.422886,0.349928,-0.037586,-2.768304,0.820000,1.000000,0.380000,0.100000,-1.000000,0.349928
843,-1.405827,1.140595,-20.450569,0.349928,-0.037586,-2.768304,0.760000,1.000000,0.400000,0.100000,-1.000000,0.349928
844,-1.406308,1.137108,-20.478252,0.349928,-0.037586,-2.768304,0.700000,1.000000,0.440000,0.100000,-1.000000,0.349928
845,-1.406886,1.133637,-20.505935,0.349928,-0.037586,-2.768304,0.660000,1.000000,0.500000,0.100000,-1.000000,0.349928
846,-1.407560,1.130182,-20.533618,0.349928,-0.037586,-2.768304,0.620000,1.000000,0.540000,0.100000,-1.000000,0.349928
847,-1.408328,1.126748,-20.561301,0.349928,-0.037586,-2.768304,0.600000,1.000000,0.620000,0.100000,-1.000000,0.349928
848,-1.409192,1.123336,-20.588985,0.349928,-0.037586,-2.768304,0.560000,1.000000,0.720000,0.100000,-1.000000,0.349928
849,-1.410150,1.119950,-20.616668,0.349928,-0.037586,-2.768304,0.540000,1.000000,0.840000,0.100000,-1.000000,0.349928
850,-1.411201,1.116591,-20.644351,0.349928,-0.037586,-2.768304,0.500000,1.000000,0.820000,0.100000,-1.000000,0.349928
851,-1.412345,1.113263,-20.672034,0.349928,-0.037586,-2.768304,0.480000,1.000000,0.940000,0.100000,-1.000000,0.349928
852,-1.413580,1.109967,-20.699717,0.349928,-0.037586,-2.768304,0.460000,1.000000,1.000000,0.100000,-1.000000,0.349928
853,-1.414907,1.106707,-20.727400,0.349928,-0.037586,-2.768304,0.440000,1.000000,1.000000,0.100000,-1.000000,0.349928
854,-1.416323,1.103485,-20.755083,0.349928,-0.037586,-2.768304,0.440000,0.820000,1.000000,0.100000,-1.000000,0.349928
855,-1.417827,1.100304,-20.782766,0.349928,-0.037586,-2.768304,0.420000,0.760000,1.000000,0.100000,-1.000000,0.349928
856,-1.419419,1.097165,-20.810449,0.349928,-0.037586,-2.768304,0.400000,0.700000,1.000000,0.100000,-1.000000,0.349928
857,-1.421098,1.094071,-20.838132,0.349928,-0.037586,-2.768304,0.380000,0.660000,1.000000,0.100000,-1.000000,0.349928
858,-1.422861,1.091026,-20.865815,0.349928,-0.037586,-2.768304,0.380000,0.620000,1.000000,0.100000,-1.000000,0.349928
859,-1.424708,1.088030,-20.893498,0.349928,-0.037586,-2.768304,0.360000,0.580000,1.000000,0.100000,-0.900000,0.349928
860,-1.426637,1.085086,-20.921181,0.350718,-0.038175,-2.793512,0.360000,0.540000,1.000000,0.100000,-0.900000,0.350718
861,-1.428656,1.082193,-20.949116,0.351542,-0.038655,-2.818083,0.340000,0.520000,1.000000,0.100000,-0.900000,0.351542
862,-1.430763,1.079353,-20.977297,0.352396,-0.039033,-2.841807,0.340000,0.500000,1.000000,0.100000,-0.900000,0.352396
863,-1.432957,1.076568,-21.005715,0.353275,-0.039316,-2.864516,0.320000,0.460000,1.000000,0.100000,-0.900000,0.353275
864,-1.435237,1.073840,-21.034360,0.354176,-0.039509,-2.886079,0.320000,0.440000,1.000000,0.100000,-0.900000,0.354176
865,-1.437600,1.071173,-21.063221,0.355096,-0.039620,-2.906401,0.300000,0.420000,1.000000,0.100000,-0.900000,0.355096
866,-1.440046,1.068568,-21.092285,0.356029,-0.039654,-2.925414,0.300000,0.400000,0.800000,0.100000,-0.900000,0.356029
867,-1.442573,1.066029,-21.121539,0.356973,-0.039619,-2.943075,0.240000,0.400000,0.720000,0.100000,-0.900000,0.356973
868,-1.445178,1.063557,-21.150970,0.357924,-0.039519,-2.959361,0.240000,0.380000,0.660000,0.100000,-0.900000,0.357924
869,-1.447861,1.061155,-21.180564,0.358878,-0.039361,-2.974267,0.240000,0.360000,0.620000,0.100000,-0.900000,0.358878
870,-1.450619,1.058825,-21.210306,0.359833,-0.039150,-2.987803,0.220000,0.340000,0.580000,0.100000,-0.900000,0.359833
871,-1.453451,1.056571,-21.240184,0.360787,-0.038891,-2.999990,0.220000,0.340000,0.540000,0.100000,-0.900000,0.360787
872,-1.456354,1.054393,-21.270184,0.361735,-0.038590,-3.010858,0.220000,0.320000,0.500000,0.100000,-0.900000,0.361735
873,-1.459326,1.052295,-21.300293,0.362676,-0.038251,-3.020445,0.220000,0.320000,0.460000,0.100000,-0.900000,0.362676
874,-1.462364,1.050279,-21.330497,0.363607,-0.037879,-3.028795,0.200000,0.300000,0.440000,0.100000,-0.900000,0.363607
875,-1.465468,1.048347,-21.360785,0.364527,-0.037477,-3.035957,0.200000,0.300000,0.420000,0.100000,-0.900000,0.364527
876,-1.468634,1.046501,-21.391145,0.365433,-0.037051,-3.041982,0.200000,0.280000,0.400000,0.100000,-0.900000,0.365433
877,-1.471859,1.044744,-21.421565,0.366325,-0.036604,-3.046925,0.200000,0.280000,0.380000,0.100000,-0.900000,0.366325
878,-1.475141,1.043076,-21.452034,0.367200,-0.036139,-3.050843,0.200000,0.220000,0.360000,0.100000,-0.900000,0.367200
879,-1.478478,1.041501,-21.482542,0.368057,-0.035660,-3.053791,0.180000,0.220000,0.340000,0.100000,-0.900000,0.368057
880,-1.481866,1.040020,-21.513080,0.368897,-0.035170,-3.055828,0.180000,0.200000,0.320000,0.100000,-0.900000,0.368897
881,-1.485303,1.038636,-21.543638,0.369716,-0.034673,-3.057011,0.180000,0.200000,0.320000,0.100000,-0.900000,0.369716
882,-1.488786,1.037348,-21.574208,0.370516,-0.034169,-3.057396,0.180000,0.200000,0.300000,0.100000,-0.900000,0.370516
883,-1.492313,1.036160,-21.604782,0.371295,-0.033664,-3.057041,0.180000,0.180000,0.280000,0.100000,-0.900000,0.371295
884,-1.495879,1.035073,-21.635353,0.372053,-0.033158,-3.056001,0.180000,0.180000,0.280000,0.100000,-0.900000,0.372053
885,-1.499482,1.034088,-21.665913,0.372789,-0.032653,-3.054329,0.180000,0.180000,0.260000,0.100000,-0.900000,0.372789
886,-1.503118,1.033206,-21.696456,0.373505,-0.032153,-3.052079,0.160000,0.180000,0.260000,0.100000,-0.900000,0.373505
887,-1.506786,1.032429,-21.726977,0.374198,-0.031657,-3.049301,0.160000,0.180000,0.240000,0.100000,-0.900000,0.374198
888,-1.510481,1.031757,-21.757470,0.374871,-0.031169,-3.046045,0.160000,0.160000,0.240000,0.100000,-0.900000,0.374871
889,-1.514200,1.031193,-21.787930,0.375522,-0.030689,-3.042359,0.160000,0.160000,0.180000,0.100000,-0.900000,0.375522
890,-1.517940,1.030735,-21.818354,0.376152,-0.030219,-3.038289,0.160000,0.160000,0.180000,0.100000,-0.900000,0.376152
891,-1.521697,1.030386,-21.848737,0.376762,-0.029760,-3.033879,0.160000,0.160000,0.180000,0.100000,-0.900000,0.376762
892,-1.525469,1.030146,-21.879076,0.377351,-0.029312,-3.029170,0.160000,0.160000,0.160000,0.100000,-0.900000,0.377351
893,-1.529251,1.030015,-21.909367,0.377920,-0.028877,-3.024204,0.160000,0.140000,0.160000,0.100000,-0.900000,0.377920
894,-1.533042,1.029994,-21.939609,0.378470,-0.028455,-3.019019,0.140000,0.140000,0.160000,0.100000,-0.900000,0.378470
895,-1.536836,1.030084,-21.969800,0.379001,-0.028046,-3.013651,0.140000,0.140000,0.160000,0.100000,-0.900000,0.379001
896,-1.540631,1.030283,-21.999936,0.379513,-0.027652,-3.008134,0.140000,0.140000,0.140000,0.100000,-0.900000,0.379513
897,-1.544424,1.030593,-22.030017,0.380008,-0.027272,-3.002501,0.140000,0.140000,0.140000,0.100000,-0.900000,0.380008
898,-1.548210,1.031013,-22.060042,0.380485,-0.026907,-2.996782,0.140000,0.140000,0.140000,0.100000,-0.900000,0.380485
899,-1.551988,1.031543,-22.090010,0.380946,-0.026557,-2.991005,0.140000,0.120000,0.140000,0.100000,-0.900000,0.380946
900,-1.555752,1.032184,-22.119920,0.381391,-0.026221,-2.985197,0.140000,0.120000,0.120000,0.100000,-0.900000,0.381391
901,-1.559501,1.032934,-22.149772,0.381820,-0.025900,-2.979382,0.140000,0.120000,0.120000,0.100000,-0.900000,0.381820
902,-1.563230,1.033792,-22.179566,0.382235,-0.025593,-2.973583,0.140000,0.120000,0.120000,0.100000,-0.900000,0.382235
903,-1.566937,1.034760,-22.209302,0.382636,-0.025301,-2.967821,0.140000,0.120000,0.120000,0.100000,-0.900000,0.382636
904,-1.570618,1.035835,-22.238980,0.383022,-0.025023,-2.962114,0.140000,0.120000,0.120000,0.100000,-0.900000,0.383022
905,-1.574270,1.037017,-22.268601,0.383396,-0.024758,-2.956479,0.140000,0.120000,0.120000,0.100000,-0.900000,0.383396
906,-1.577889,1.038305,-22.298166,0.383758,-0.024507,-2.950933,0.140000,0.120000,0.100000,0.100000,-0.900000,0.383758
907,-1.581473,1.039699,-22.327675,0.384108,-0.024269,-2.945488,0.140000,0.120000,0.100000,0.100000,-0.900000,0.384108
908,-1.585019,1.041196,-22.357130,0.384447,-0.024043,-2.940157,0.140000,0.100000,0.100000,0.100000,-0.900000,0.384447
909,-1.588523,1.042796,-22.386532,0.384775,-0.023829,-2.934950,0.140000,0.100000,0.100000,0.100000,-0.900000,0.384775
910,-1.591982,1.044498,-22.415881,0.385092,-0.023627,-2.929876,0.140000,0.100000,0.100000,0.100000,-0.900000,0.385092
911,-1.595393,1.046300,-22.445180,0.385401,-0.023435,-2.924943,0.140000,0.100000,0.100000,0.100000,-0.900000,0.385401
912,-1.598754,1.048201,-22.474430,0.385700,-0.023254,-2.920157,0.140000,0.100000,0.100000,0.100000,-0.900000,0.385700
913,-1.602061,1.050200,-22.503631,0.385990,-0.023083,-2.915523,0.140000,0.100000,0.080000,0.100000,-0.900000,0.385990
914,-1.605312,1.052293,-22.532786,0.386272,-0.022922,-2.911045,0.140000,0.100000,0.080000,0.100000,-0.900000,0.386272
915,-1.608504,1.054481,-22.561897,0.386547,-0.022769,-2.906724,0.140000,0.100000,0.080000,0.100000,-0.900000,0.386547
916,-1.611633,1.056761,-22.590964,0.386814,-0.022625,-2.902564,0.140000,0.100000,0.080000,0.100000,-0.900000,0.386814
917,-1.614699,1.059132,-22.619990,0.387074,-0.022488,-2.898563,0.140000,0.100000,0.080000,0.100000,-0.900000,0.387074
918,-1.617697,1.061590,-22.648975,0.387327,-0.022359,-2.894723,0.140000,0.100000,0.080000,0.100000,-0.900000,0.387327
919,-1.620625,1.064135,-22.677923,0.387574,-0.022237,-2.891041,0.140000,0.100000,0.080000,0.100000,-0.900000,0.387574
920,-1.623481,1.066765,-22.706833,0.387815,-0.022120,-2.887516,0.140000,0.100000,0.080000,0.100000,-0.900000,0.387815
921,-1.626262,1.069476,-22.735708,0.388051,-0.022010,-2.884146,0.140000,0.100000,0.080000,0.100000,-0.900000,0.388051
922,-1.628967,1.072268,-22.764550,0.388281,-0.021905,-2.880926,0.140000,0.080000,0.080000,0.100000,-0.900000,0.388281
923,-1.631592,1.075137,-22.793359,0.388506,-0.021805,-2.877854,0.140000,0.080000,0.080000,0.100000,-0.900000,0.388506
924,-1.634136,1.078081,-22.822137,0.388725,-0.021709,-2.874924,0.140000,0.080000,0.060000,0.100000,-0.900000,0.388725
925,-1.636596,1.081099,-22.850887,0.388941,-0.021618,-2.872134,0.160000,0.080000,0.060000,0.100000,-0.900000,0.388941
926,-1.638971,1.084187,-22.879608,0.389152,-0.021530,-2.869477,0.160000,0.080000,0.060000,0.100000,-0.900000,0.389152
927,-1.641258,1.087343,-22.908303,0.389358,-0.021446,-2.866948,0.160000,0.080000,0.060000,0.100000,-0.900000,0.389358
928,-1.643455,1.090564,-22.936972,0.389560,-0.021365,-2.864543,0.180000,0.080000,0.060000,0.100000,-0.900000,0.389560
929,-1.645561,1.093848,-22.965618,0.389759,-0.021286,-2.862255,0.180000,0.080000,0.060000,0.100000,-0.900000,0.389759
930,-1.647574,1.097193,-22.994240,0.389954,-0.021210,-2.860079,0.200000,0.080000,0.060000,0.100000,-0.900000,0.389954
931,-1.649492,1.100595,-23.022841,0.390145,-0.021136,-2.858010,0.220000,0.080000,0.060000,0.100000,-0.900000,0.390145
932,-1.651313,1.104051,-23.051421,0.390332,-0.021064,-2.856041,0.260000,0.080000,0.060000,0.100000,-0.900000,0.390332
933,-1.653037,1.107560,-23.079981,0.390516,-0.020994,-2.854168,0.300000,0.100000,0.060000,0.100000,-0.900000,0.390516
934,-1.654661,1.111117,-23.108523,0.390697,-0.020926,-2.852383,0.320000,0.100000,0.060000,0.100000,-0.900000,0.390697
935,-1.656184,1.114721,-23.137047,0.390875,-0.020859,-2.850683,0.320000,0.100000,0.060000,0.100000,-0.900000,0.390875
936,-1.657606,1.118368,-23.165554,0.391049,-0.020793,-2.849062,0.320000,0.100000,0.060000,0.100000,-0.900000,0.391049
937,-1.658924,1.122056,-23.194044,0.391221,-0.020728,-2.847513,0.320000,0.100000,0.060000,0.100000,-0.900000,0.391221
938,-1.660137,1.125781,-23.222520,0.391389,-0.020664,-2.846033,0.300000,0.100000,0.060000,0.100000,-0.900000,0.391389
939,-1.661245,1.129540,-23.250980,0.391554,-0.020601,-2.844617,0.380000,0.120000,0.060000,0.100000,-0.900000,0.391554
940,-1.662247,1.133331,-23.279426,0.391717,-0.020539,-2.843259,0.380000,0.120000,0.060000,0.100000,-0.900000,0.391717
941,-1.663142,1.137150,-23.307859,0.391877,-0.020477,-2.841955,0.380000,0.120000,0.060000,0.100000,-0.900000,0.391877
942,-1.663929,1.140995,-23.336278,0.392034,-0.020416,-2.840701,0.380000,0.140000,0.060000,0.100000,-0.900000,0.392034
943,-1.664607,1.144861,-23.364685,0.392189,-0.020356,-2.839494,0.460000,0.160000,0.060000,0.100000,-0.900000,0.392189
944,-1.665176,1.148747,-23.393080,0.392340,-0.020296,-2.838328,0.460000,0.180000,0.060000,0.100000,-0.900000,0.392340
945,-1.665636,1.152649,-23.421463,0.392489,-0.020237,-2.837201,0.500000,0.200000,0.060000,0.100000,-0.900000,0.392489
946,-1.665985,1.156563,-23.449835,0.392636,-0.020178,-2.836109,0.500000,0.260000,0.080000,0.100000,-0.900000,0.392636
947,-1.666223,1.160488,-23.478197,0.392780,-0.020119,-2.835050,0.500000,0.280000,0.080000,0.100000,-0.900000,0.392780
948,-1.666352,1.164418,-23.506547,0.392921,-0.020061,-2.834020,0.540000,0.280000,0.080000,0.100000,-0.900000,0.392921
949,-1.666369,1.168353,-23.534887,0.393060,-0.020003,-2.833017,0.540000,0.280000,0.080000,0.100000,-0.900000,0.393060
950,-1.666275,1.172287,-23.563217,0.393197,-0.019946,-2.832038,0.580000,0.280000,0.080000,0.100000,-0.900000,0.393197
951,-1.666071,1.176219,-23.591538,0.393331,-0.019889,-2.831081,0.640000,0.260000,0.100000,0.100000,-0.900000,0.393331
952,-1.665756,1.180145,-23.619849,0.393462,-0.019833,-2.830144,0.680000,0.340000,0.100000,0.100000,-0.900000,0.393462
953,-1.665330,1.184061,-23.648150,0.393592,-0.019777,-2.829225,0.680000,0.340000,0.120000,0.100000,-0.900000,0.393592
954,-1.664794,1.187966,-23.676442,0.393719,-0.019722,-2.828323,0.700000,0.340000,0.140000,0.100000,-0.900000,0.393719
955,-1.664148,1.191854,-23.704726,0.393843,-0.019667,-2.827437,0.700000,0.340000,0.160000,0.100000,-0.900000,0.393843
956,-1.663393,1.195725,-23.733000,0.393965,-0.019613,-2.826564,0.760000,0.420000,0.180000,0.100000,-0.900000,0.393965
957,-1.662529,1.199574,-23.761266,0.394086,-0.019559,-2.825704,0.760000,0.420000,0.220000,0.100000,-0.900000,0.394086
958,-1.661557,1.203398,-23.789523,0.394203,-0.019506,-2.824857,0.780000,0.460000,0.240000,0.100000,-0.900000,0.394203
959,-1.660478,1.207194,-23.817771,0.394319,-0.019453,-2.824020,0.780000,0.460000,0.240000,0.100000,-0.900000,0.394319
960,-1.659292,1.210960,-23.846011,0.394432,-0.019401,-2.823194,0.800000,0.500000,0.240000,0.100000,-0.900000,0.394432
961,-1.658000,1.214692,-23.874243,0.394543,-0.019350,-2.822377,0.800000,0.500000,0.240000,0.100000,-0.900000,0.394543
962,-1.656604,1.218387,-23.902467,0.394653,-0.019299,-2.821570,0.820000,0.540000,0.240000,0.100000,-0.900000,0.394653
963,-1.655104,1.222042,-23.930683,0.394759,-0.019249,-2.820771,0.840000,0.540000,0.320000,0.100000,-0.900000,0.394759
964,-1.653501,1.225655,-23.958890,0.394864,-0.019199,-2.819982,0.860000,0.600000,0.300000,0.100000,-0.900000,0.394864
965,-1.651798,1.229222,-23.987090,0.394967,-0.019151,-2.819201,0.880000,0.640000,0.300000,0.100000,-0.900000,0.394967
966,-1.649994,1.232742,-24.015282,0.395068,-0.019103,-2.818428,0.900000,0.640000,0.300000,0.100000,-0.900000,0.395068
967,-1.648092,1.236209,-24.043467,0.395167,-0.019056,-2.817663,0.920000,0.660000,0.380000,0.100000,-0.900000,0.395167
968,-1.646093,1.239624,-24.071643,0.395264,-0.019009,-2.816907,0.940000,0.700000,0.380000,0.100000,-0.900000,0.395264
969,-1.643999,1.242981,-24.099812,0.395359,-0.018964,-2.816158,0.960000,0.720000,0.380000,0.100000,-0.900000,0.395359
970,-1.641810,1.246279,-24.127974,0.395452,-0.018919,-2.815418,1.000000,0.720000,0.420000,0.100000,-0.900000,0.395452
971,-1.639530,1.249516,-24.156128,0.395543,-0.018875,-2.814686,1.000000,0.740000,0.420000,0.100000,-0.900000,0.395543
972,-1.637159,1.252687,-24.184275,0.395633,-0.018831,-2.813963,1.000000,0.740000,0.460000,0.100000,-0.900000,0.395633
973,-1.634700,1.255792,-24.212415,0.395720,-0.018789,-2.813248,1.000000,0.760000,0.460000,0.100000,-0.900000,0.395720
974,-1.632154,1.258828,-24.240547,0.395806,-0.018747,-2.812542,1.000000,0.780000,0.500000,0.100000,-0.900000,0.395806
975,-1.629524,1.261791,-24.268672,0.395891,-0.018707,-2.811845,1.000000,0.780000,0.520000,0.100000,-0.900000,0.395891
976,-1.626811,1.264680,-24.296791,0.395973,-0.018666,-2.811157,1.000000,0.800000,0.560000,0.100000,-0.900000,0.395973
977,-1.624017,1.267493,-24.324902,0.396054,-0.018627,-2.810478,1.000000,0.820000,0.600000,0.100000,-0.900000,0.396054
978,-1.621146,1.270227,-24.353007,0.396133,-0.018589,-2.809809,1.000000,0.840000,0.620000,0.100000,-0.900000,0.396133
979,-1.618198,1.272880,-24.381105,0.396211,-0.018551,-2.809149,0.460000,0.860000,0.620000,0.100000,-0.900000,0.396211
980,-1.615177,1.275450,-24.409197,0.396287,-0.018514,-2.808498,0.460000,0.880000,0.660000,0.100000,-0.900000,0.396287
981,-1.612084,1.277935,-24.437282,0.396362,-0.018478,-2.807858,0.400000,0.920000,0.680000,0.100000,-0.900000,0.396362
982,-1.608923,1.280332,-24.465360,0.396435,-0.018443,-2.807227,0.400000,0.940000,0.680000,0.100000,-0.900000,0.396435
983,-1.605695,1.282641,-24.493433,0.396506,-0.018408,-2.806606,0.400000,0.980000,0.700000,0.100000,-0.900000,0.396506
984,-1.602403,1.284859,-24.521499,0.396576,-0.018375,-2.805996,0.340000,1.000000,0.700000,0.100000,-0.900000,0.396576
985,-1.599050,1.286985,-24.549559,0.396645,-0.018342,-2.805396,0.340000,1.000000,0.720000,0.100000,-0.900000,0.396645
986,-1.595638,1.289016,-24.577613,0.396713,-0.018309,-2.804806,0.340000,1.000000,0.740000,0.100000,-0.900000,0.396713
987,-1.592170,1.290951,-24.605661,0.396779,-0.018278,-2.804226,0.320000,1.000000,0.740000,0.100000,-0.900000,0.396779
988,-1.588649,1.292789,-24.633703,0.396843,-0.018247,-2.803657,0.320000,1.000000,0.760000,0.100000,-0.900000,0.396843
989,-1.585077,1.294528,-24.661739,0.396907,-0.018217,-2.803099,0.320000,1.000000,0.780000,0.100000,-0.900000,0.396907
990,-1.581457,1.296167,-24.689770,0.396969,-0.018187,-2.802550,0.320000,1.000000,0.800000,0.100000,-0.900000,0.396969
991,-1.577793,1.297704,-24.717796,0.397030,-0.018158,-2.802012,0.320000,1.000000,0.820000,0.100000,-0.900000,0.397030
992,-1.574086,1.299138,-24.745816,0.397090,-0.018130,-2.801485,0.300000,0.420000,0.840000,0.100000,-0.900000,0.397090
993,-1.570341,1.300469,-24.773831,0.397149,-0.018102,-2.800968,0.300000,0.420000,0.880000,0.100000,-0.900000,0.397149
994,-1.566559,1.301694,-24.801841,0.397206,-0.018075,-2.800461,0.300000,0.360000,0.900000,0.100000,-0.900000,0.397206
995,-1.562743,1.302814,-24.829845,0.397262,-0.018049,-2.799964,0.300000,0.360000,0.920000,0.100000,-0.900000,0.397262
996,-1.558898,1.303827,-24.857845,0.397318,-0.018023,-2.799478,0.300000,0.340000,0.960000,0.100000,-0.900000,0.397318
997,-1.555025,1.304732,-24.885840,0.397372,-0.017998,-2.799001,0.300000,0.300000,1.000000,0.100000,-0.900000,0.397372
998,-1.551128,1.305528,-24.913830,0.397425,-0.017973,-2.798534,0.300000,0.300000,1.000000,0.100000,-0.900000,0.397425
999,-1.547209,1.306216,-24.941815,0.397477,-0.017949,-2.798077,0.300000,0.300000,1.000000,0.100000,-0.900000,0.397477
