step,x,y,mu,vx,vy,omega,lidar_l,lidar_c,lidar_r,throttle,steering,reward
0,-1.465240,0.163769,-1.638587,0.000000,0.000000,0.000000,0.780000,1.000000,0.360000,0.100000,-0.100000,0.000000
1,-1.465240,0.163769,-1.638587,0.007000,0.000000,0.000000,0.780000,1.000000,0.360000,0.100000,-0.100000,0.007000
2,-1.465245,0.163699,-1.638587,0.014000,0.000000,0.000000,0.780000,1.000000,0.360000,0.100000,-0.100000,0.014000
3,-1.465254,0.163560,-1.638587,0.020701,-0.002975,-0.127252,0.780000,1.000000,0.360000,0.100000,-0.100000,0.020701
4,-1.465298,0.163355,-1.639860,0.028270,0.000702,0.209502,0.760000,1.000000,0.360000,0.100000,-0.100000,0.028270
5,-1.465310,0.163073,-1.637765,0.034515,-0.001159,-0.391416,0.780000,1.000000,0.360000,0.100000,-0.100000,0.034515
6,-1.465345,0.162729,-1.641679,0.042151,-0.001702,0.216668,0.760000,1.000000,0.360000,0.100000,-0.100000,0.042151
7,-1.465392,0.162310,-1.639512,0.048589,-0.001774,-0.292836,0.760000,1.000000,0.360000,0.100000,-0.100000,0.048589
8,-1.465443,0.161826,-1.642441,0.055915,-0.003147,0.073580,0.760000,1.000000,0.360000,0.100000,-0.100000,0.055915
9,-1.465514,0.161271,-1.641705,0.062665,-0.002463,-0.187146,0.760000,1.000000,0.360000,0.100000,-0.100000,0.062665
10,-1.465583,0.160648,-1.643576,0.069748,-0.003547,-0.057569,0.760000,1.000000,0.360000,0.100000,-0.100000,0.069748
11,-1.465669,0.159955,-1.644152,0.076671,-0.003482,-0.130155,0.760000,1.000000,0.360000,0.100000,-0.100000,0.076671
12,-1.465760,0.159192,-1.645453,0.083657,-0.003919,-0.119937,0.760000,1.000000,0.360000,0.100000,-0.100000,0.083657
13,-1.465862,0.158361,-1.646653,0.090625,-0.004199,-0.134743,0.760000,1.000000,0.360000,0.100000,-0.100000,0.090625
14,-1.465972,0.157461,-1.648000,0.097597,-0.004503,-0.144426,0.760000,1.000000,0.360000,0.100000,-0.100000,0.097597
15,-1.466092,0.156491,-1.649444,0.104568,-0.004799,-0.154690,0.760000,1.000000,0.360000,0.100000,-0.100000,0.104568
16,-1.466222,0.155452,-1.650991,0.111539,-0.005090,-0.164913,0.740000,1.000000,0.360000,0.100000,-0.100000,0.111539
17,-1.466363,0.154345,-1.652641,0.118510,-0.005376,-0.175118,0.740000,1.000000,0.360000,0.100000,-0.100000,0.118510
18,-1.466513,0.153168,-1.654392,0.125481,-0.005655,-0.185304,0.740000,1.000000,0.360000,0.100000,-0.100000,0.125481
19,-1.466674,0.151922,-1.656245,0.132452,-0.005929,-0.195470,0.740000,1.000000,0.360000,0.100000,-0.100000,0.132452
20,-1.466846,0.150608,-1.658199,0.139423,-0.006195,-0.205616,0.740000,1.000000,0.380000,0.100000,-0.100000,0.139423
21,-1.467030,0.149224,-1.660256,0.146393,-0.006455,-0.215740,0.740000,1.000000,0.380000,0.100000,-0.100000,0.146393
22,-1.467225,0.147772,-1.662413,0.153364,-0.006708,-0.225840,0.720000,1.000000,0.380000,0.100000,-0.100000,0.153364
23,-1.467432,0.146251,-1.664671,0.160335,-0.006952,-0.235917,0.720000,1.000000,0.380000,0.100000,-0.100000,0.160335
24,-1.467651,0.144661,-1.667031,0.167305,-0.007189,-0.245969,0.720000,1.000000,0.380000,0.100000,-0.100000,0.167305
25,-1.467884,0.143003,-1.669490,0.174275,-0.007418,-0.255994,0.720000,1.000000,0.400000,0.100000,-0.100000,0.174275
26,-1.468129,0.141276,-1.672050,0.181245,-0.007638,-0.265992,0.720000,1.000000,0.400000,0.100000,-0.100000,0.181245
27,-1.468388,0.139480,-1.674710,0.188214,-0.007849,-0.275962,0.700000,1.000000,0.400000,0.100000,-0.100000,0.188214
28,-1.468662,0.137616,-1.677470,0.195184,-0.008051,-0.285903,0.700000,1.000000,0.400000,0.100000,-0.100000,0.195184
29,-1.468950,0.135684,-1.680329,0.202153,-0.008244,-0.295813,0.700000,1.000000,0.420000,0.100000,-0.100000,0.202153
30,-1.469252,0.133684,-1.683287,0.209121,-0.008426,-0.305692,0.700000,1.000000,0.420000,0.100000,-0.100000,0.209121
31,-1.469571,0.131615,-1.686344,0.216089,-0.008599,-0.315538,0.680000,1.000000,0.420000,0.100000,-0.100000,0.216089
32,-1.469906,0.129479,-1.689499,0.223056,-0.008760,-0.325351,0.680000,1.000000,0.440000,0.100000,-0.100000,0.223056
33,-1.470257,0.127274,-1.692753,0.230023,-0.008912,-0.335129,0.680000,1.000000,0.440000,0.100000,-0.100000,0.230023
34,-1.470625,0.125002,-1.696104,0.236989,-0.009052,-0.344872,0.680000,1.000000,0.440000,0.100000,-0.100000,0.236989
35,-1.471011,0.122662,-1.699553,0.243954,-0.009180,-0.354578,0.660000,1.000000,0.460000,0.100000,-0.100000,0.243954
36,-1.471415,0.120254,-1.703098,0.250918,-0.009297,-0.364246,0.660000,1.000000,0.460000,0.100000,-0.100000,0.250918
37,-1.471838,0.117779,-1.706741,0.257882,-0.009402,-0.373876,0.660000,1.000000,0.480000,0.100000,-0.100000,0.257882
38,-1.472281,0.115237,-1.710480,0.264844,-0.009495,-0.383466,0.660000,1.000000,0.480000,0.100000,-0.100000,0.264844
39,-1.472744,0.112628,-1.714314,0.271806,-0.009575,-0.393016,0.640000,1.000000,0.500000,0.100000,0.100000,0.271806
40,-1.473227,0.109951,-1.718245,0.278345,-0.004030,-0.162505,0.640000,1.000000,0.500000,0.100000,0.100000,0.278345
41,-1.473676,0.107204,-1.719870,0.284963,0.000070,0.008493,0.640000,1.000000,0.500000,0.000000,0.100000,0.284963
42,-1.474099,0.104386,-1.719785,0.284660,0.003015,0.133202,0.640000,1.000000,0.500000,0.000000,0.100000,0.284660
43,-1.474491,0.101566,-1.718453,0.284428,0.005094,0.223128,0.640000,1.000000,0.500000,0.000000,0.100000,0.284428
44,-1.474859,0.098745,-1.716221,0.284251,0.006541,0.287183,0.640000,1.000000,0.500000,0.000000,0.100000,0.284251
45,-1.475207,0.095923,-1.713350,0.284116,0.007539,0.332471,0.640000,1.000000,0.500000,0.000000,0.100000,0.284116
46,-1.475536,0.093100,-1.710025,0.284012,0.008223,0.364337,0.640000,1.000000,0.500000,0.000000,0.100000,0.284012
47,-1.475848,0.090276,-1.706381,0.283930,0.008689,0.386686,0.660000,1.000000,0.480000,0.000000,-0.100000,0.283930
48,-1.476146,0.087451,-1.702515,0.283481,0.003336,0.159864,0.660000,1.000000,0.480000,0.000000,-0.100000,0.283481
49,-1.476485,0.084637,-1.700916,0.283106,-0.000610,-0.010944,0.660000,1.000000,0.480000,0.000000,-0.100000,0.283106
50,-1.476859,0.081830,-1.701025,0.282809,-0.003434,-0.135777,0.660000,1.000000,0.480000,0.100000,-0.100000,0.282809
51,-1.477260,0.079031,-1.702383,0.289583,-0.005413,-0.225258,0.660000,1.000000,0.480000,0.100000,-0.100000,0.289583
52,-1.477694,0.076167,-1.704636,0.296408,-0.006790,-0.290230,0.660000,1.000000,0.480000,0.100000,-0.100000,0.296408
53,-1.478156,0.073238,-1.707538,0.303271,-0.007743,-0.338348,0.640000,1.000000,0.500000,0.100000,0.100000,0.303271
54,-1.478647,0.070245,-1.710922,0.309841,-0.002640,-0.128684,0.640000,1.000000,0.500000,0.100000,0.100000,0.309841
55,-1.479105,0.067180,-1.712208,0.316482,0.001111,0.030943,0.640000,1.000000,0.520000,0.000000,0.100000,0.316482
56,-1.479540,0.064045,-1.711899,0.316193,0.003802,0.151120,0.640000,1.000000,0.520000,0.000000,0.100000,0.316193
57,-1.479948,0.060910,-1.710388,0.315966,0.005694,0.240749,0.640000,1.000000,0.500000,0.000000,0.100000,0.315966
58,-1.480331,0.057773,-1.707980,0.315788,0.007002,0.306915,0.640000,1.000000,0.500000,0.000000,0.100000,0.315788
59,-1.480693,0.054635,-1.704911,0.315648,0.007891,0.355419,0.640000,1.000000,0.500000,0.000000,0.100000,0.315648
60,-1.481037,0.051496,-1.701357,0.315537,0.008485,0.390794,0.640000,1.000000,0.500000,0.000000,0.100000,0.315537
61,-1.481364,0.048357,-1.697449,0.315447,0.008875,0.416487,0.660000,1.000000,0.480000,0.000000,-0.100000,0.315447
62,-1.481674,0.045216,-1.693284,0.315008,0.003427,0.191433,0.660000,1.000000,0.480000,0.000000,-0.100000,0.315008
63,-1.482025,0.042086,-1.691370,0.314631,-0.000599,0.016322,0.660000,1.000000,0.480000,0.000000,-0.100000,0.314631
64,-1.482409,0.038963,-1.691207,0.314325,-0.003491,-0.116483,0.660000,1.000000,0.480000,0.100000,-0.100000,0.314325
65,-1.482822,0.035847,-1.692371,0.321084,-0.005521,-0.215469,0.660000,1.000000,0.480000,0.100000,-0.100000,0.321084
66,-1.483266,0.032666,-1.694526,0.327894,-0.006925,-0.289624,0.660000,1.000000,0.480000,0.100000,-0.100000,0.327894
67,-1.483739,0.029421,-1.697422,0.334741,-0.007878,-0.345873,0.640000,1.000000,0.500000,0.100000,0.100000,0.334741
68,-1.484240,0.026110,-1.700881,0.341322,-0.002723,-0.141871,0.640000,1.000000,0.500000,0.100000,0.100000,0.341322
69,-1.484710,0.022729,-1.702300,0.347963,0.001081,0.018077,0.640000,1.000000,0.500000,0.000000,0.100000,0.347963
70,-1.485155,0.019278,-1.702119,0.347667,0.003817,0.142171,0.640000,1.000000,0.520000,0.000000,0.100000,0.347667
71,-1.485573,0.015827,-1.700697,0.347428,0.005739,0.237622,0.640000,1.000000,0.500000,0.000000,0.100000,0.347428
72,-1.485966,0.012374,-1.698321,0.347238,0.007056,0.310325,0.640000,1.000000,0.500000,0.000000,0.100000,0.347238
73,-1.486338,0.008921,-1.695218,0.347084,0.007935,0.365306,0.640000,1.000000,0.500000,0.000000,0.100000,0.347084
74,-1.486690,0.005467,-1.691565,0.346960,0.008502,0.406653,0.660000,1.000000,0.500000,0.000000,0.100000,0.346960
75,-1.487023,0.002012,-1.687498,0.346856,0.008851,0.437600,0.660000,1.000000,0.480000,0.000000,-0.100000,0.346856
76,-1.487339,-0.001443,-1.683122,0.346427,0.003322,0.215688,0.660000,1.000000,0.480000,0.000000,-0.100000,0.346427
77,-1.487695,-0.004889,-1.680965,0.346051,-0.000765,0.038560,0.660000,1.000000,0.480000,0.000000,-0.100000,0.346051
78,-1.488083,-0.008328,-1.680580,0.345739,-0.003701,-0.099707,0.660000,1.000000,0.480000,0.100000,-0.100000,0.345739
79,-1.488498,-0.011760,-1.681577,0.352488,-0.005753,-0.205967,0.660000,1.000000,0.480000,0.100000,-0.100000,0.352488
80,-1.488945,-0.015257,-1.683636,0.359286,-0.007155,-0.287697,0.660000,1.000000,0.480000,0.100000,-0.100000,0.359286
81,-1.489421,-0.018819,-1.686513,0.366121,-0.008079,-0.351055,0.660000,1.000000,0.480000,0.100000,-0.100000,0.366121
82,-1.489924,-0.022446,-1.690024,0.372984,-0.008656,-0.400720,0.640000,1.000000,0.480000,0.100000,-0.100000,0.372984
83,-1.490453,-0.026139,-1.694031,0.379867,-0.008979,-0.440184,0.640000,1.000000,0.480000,0.100000,-0.100000,0.379867
84,-1.491009,-0.029898,-1.698433,0.386762,-0.009119,-0.472032,0.640000,1.000000,0.480000,0.100000,-0.100000,0.386762
85,-1.491592,-0.033723,-1.703153,0.393666,-0.009125,-0.498177,0.620000,1.000000,0.480000,0.100000,-0.100000,0.393666
86,-1.492202,-0.037613,-1.708135,0.400575,-0.009031,-0.520032,0.620000,1.000000,0.480000,0.100000,-0.100000,0.400575
87,-1.492840,-0.041569,-1.713335,0.407485,-0.008865,-0.538647,0.620000,1.000000,0.460000,0.100000,-0.100000,0.407485
88,-1.493507,-0.045590,-1.718722,0.414396,-0.008643,-0.554802,0.600000,1.000000,0.460000,0.100000,-0.100000,0.414396
89,-1.494203,-0.049676,-1.724270,0.421305,-0.008379,-0.569081,0.600000,1.000000,0.460000,0.100000,-0.100000,0.421305
90,-1.494930,-0.053826,-1.729961,0.428211,-0.008081,-0.581921,0.600000,1.000000,0.460000,0.100000,-0.100000,0.428211
91,-1.495688,-0.058042,-1.735780,0.435114,-0.007755,-0.593650,0.580000,1.000000,0.460000,0.100000,-0.100000,0.435114
92,-1.496479,-0.062321,-1.741716,0.442012,-0.007407,-0.604517,0.580000,1.000000,0.440000,0.100000,-0.100000,0.442012
93,-1.497304,-0.066664,-1.747762,0.448906,-0.007039,-0.614709,0.580000,1.000000,0.460000,0.100000,-0.100000,0.448906
94,-1.498164,-0.071071,-1.753909,0.455795,-0.006652,-0.624369,0.560000,1.000000,0.480000,0.100000,-0.100000,0.455795
95,-1.499059,-0.075540,-1.760152,0.462678,-0.006248,-0.633606,0.560000,1.000000,0.500000,0.100000,0.100000,0.462678
96,-1.499991,-0.080072,-1.766488,0.469263,-0.000042,-0.395052,0.560000,1.000000,0.540000,0.100000,0.100000,0.469263
97,-1.500904,-0.084675,-1.770439,0.475880,0.004503,-0.193759,0.540000,1.000000,0.560000,0.100000,0.100000,0.475880
98,-1.501804,-0.089349,-1.772377,0.482547,0.007683,-0.025726,0.540000,1.000000,0.560000,0.000000,0.100000,0.482547
99,-1.502695,-0.094092,-1.772634,0.482267,0.009776,0.113686,0.540000,1.000000,0.580000,0.000000,0.100000,0.482267
100,-1.503566,-0.098836,-1.771497,0.482037,0.011006,0.228835,0.540000,1.000000,0.580000,0.000000,0.100000,0.482037
101,-1.504419,-0.103582,-1.769209,0.481848,0.011586,0.323248,0.540000,1.000000,0.560000,0.000000,0.100000,0.481848
102,-1.505255,-0.108328,-1.765976,0.481693,0.011687,0.400168,0.540000,1.000000,0.560000,0.000000,0.100000,0.481693
103,-1.506074,-0.113077,-1.761974,0.481562,0.011447,0.462470,0.540000,1.000000,0.540000,0.000000,0.100000,0.481562
104,-1.506877,-0.117826,-1.757350,0.481446,0.010973,0.512648,0.540000,1.000000,0.540000,0.000000,0.100000,0.481446
105,-1.507662,-0.122578,-1.752223,0.481340,0.010347,0.552836,0.560000,1.000000,0.520000,0.000000,0.100000,0.481340
106,-1.508429,-0.127331,-1.746695,0.481238,0.009633,0.584835,0.560000,1.000000,0.520000,0.000000,0.100000,0.481238
107,-1.509176,-0.132086,-1.740847,0.481137,0.008877,0.610156,0.560000,1.000000,0.500000,0.000000,0.100000,0.481137
108,-1.509903,-0.136843,-1.734745,0.481034,0.008113,0.630056,0.560000,1.000000,0.480000,0.000000,-0.100000,0.481034
109,-1.510608,-0.141602,-1.728444,0.480625,0.001589,0.398555,0.560000,1.000000,0.480000,0.000000,-0.100000,0.480625
110,-1.511347,-0.146351,-1.724459,0.480239,-0.003213,0.200066,0.580000,1.000000,0.460000,0.000000,-0.100000,0.480239
111,-1.512114,-0.151092,-1.722458,0.479900,-0.006600,0.032523,0.580000,1.000000,0.460000,0.000000,-0.100000,0.479900
112,-1.512904,-0.155826,-1.722133,0.479613,-0.008855,-0.107226,0.580000,1.000000,0.460000,0.100000,-0.100000,0.479613
113,-1.513715,-0.160554,-1.723205,0.486375,-0.010230,-0.222719,0.560000,1.000000,0.480000,0.000000,-0.100000,0.486375
114,-1.514554,-0.165345,-1.725432,0.486177,-0.010940,-0.317937,0.560000,1.000000,0.480000,0.000000,-0.100000,0.486177
115,-1.515411,-0.170132,-1.728612,0.486013,-0.011147,-0.395795,0.560000,1.000000,0.500000,0.000000,0.100000,0.486013
116,-1.516285,-0.174915,-1.732570,0.485616,-0.005168,-0.210008,0.560000,1.000000,0.500000,0.000000,0.100000,0.485616
117,-1.517118,-0.179699,-1.734670,0.485246,-0.000673,-0.050036,0.560000,1.000000,0.520000,0.000000,0.100000,0.485246
118,-1.517916,-0.184485,-1.735170,0.484915,0.002596,0.085723,0.560000,1.000000,0.520000,0.000000,0.100000,0.484915
119,-1.518684,-0.189273,-1.734313,0.484628,0.004879,0.199655,0.560000,1.000000,0.520000,0.000000,0.100000,0.484628
120,-1.519425,-0.194063,-1.732316,0.484382,0.006386,0.294435,0.560000,1.000000,0.520000,0.000000,0.100000,0.484382
121,-1.520141,-0.198854,-1.729372,0.484170,0.007293,0.372719,0.560000,1.000000,0.520000,0.000000,0.100000,0.484170
122,-1.520834,-0.203646,-1.725645,0.483986,0.007748,0.436981,0.560000,1.000000,0.520000,0.000000,0.100000,0.483986
123,-1.521503,-0.208440,-1.721275,0.483823,0.007867,0.489439,0.560000,1.000000,0.500000,0.000000,0.100000,0.483823
124,-1.522151,-0.213236,-1.716381,0.483675,0.007746,0.532037,0.560000,1.000000,0.500000,0.000000,0.100000,0.483675
125,-1.522776,-0.218033,-1.711060,0.483537,0.007458,0.566449,0.560000,1.000000,0.480000,0.000000,-0.100000,0.483537
126,-1.523378,-0.222831,-1.705396,0.483131,0.001252,0.345692,0.660000,1.000000,0.480000,0.000000,-0.100000,0.483131
127,-1.524014,-0.227620,-1.701939,0.482754,-0.003304,0.156669,0.660000,1.000000,0.460000,0.000000,-0.100000,0.482754
128,-1.524678,-0.232402,-1.700372,0.482424,-0.006507,-0.002797,0.660000,1.000000,0.460000,0.000000,-0.100000,0.482424
129,-1.525366,-0.237177,-1.700400,0.482144,-0.008631,-0.135814,0.660000,1.000000,0.480000,0.000000,-0.100000,0.482144
130,-1.526075,-0.241947,-1.701758,0.481911,-0.009918,-0.245790,0.660000,1.000000,0.480000,0.000000,-0.100000,0.481911
131,-1.526802,-0.246712,-1.704216,0.481719,-0.010570,-0.336059,0.660000,1.000000,0.480000,0.000000,-0.100000,0.481719
132,-1.527548,-0.251472,-1.707577,0.481558,-0.010751,-0.409686,0.640000,1.000000,0.500000,0.000000,0.100000,0.481558
133,-1.528311,-0.256228,-1.711674,0.481160,-0.004774,-0.220418,0.640000,1.000000,0.500000,0.100000,0.100000,0.481160
134,-1.529034,-0.260986,-1.713878,0.487790,-0.000292,-0.057810,0.640000,1.000000,0.520000,0.000000,0.100000,0.487790
135,-1.529732,-0.265813,-1.714456,0.487460,0.002963,0.079709,0.640000,1.000000,0.520000,0.000000,0.100000,0.487460
136,-1.530401,-0.270642,-1.713659,0.487174,0.005224,0.195168,0.640000,1.000000,0.520000,0.000000,0.100000,0.487174
137,-1.531043,-0.275471,-1.711707,0.486929,0.006703,0.291263,0.640000,1.000000,0.520000,0.000000,0.100000,0.486929
138,-1.531660,-0.280302,-1.708795,0.486718,0.007579,0.370672,0.640000,1.000000,0.520000,0.000000,0.100000,0.486718
139,-1.532255,-0.285133,-1.705088,0.486536,0.007999,0.435891,0.640000,1.000000,0.500000,0.000000,0.100000,0.486536
140,-1.532827,-0.289965,-1.700729,0.486374,0.008083,0.489157,0.640000,1.000000,0.500000,0.000000,0.100000,0.486374
141,-1.533377,-0.294799,-1.695837,0.486227,0.007926,0.532431,0.660000,1.000000,0.500000,0.000000,0.100000,0.486227
142,-1.533905,-0.299633,-1.690513,0.486090,0.007603,0.567405,0.660000,1.000000,0.480000,0.000000,-0.100000,0.486090
143,-1.534410,-0.304468,-1.684839,0.485685,0.001363,0.347134,0.660000,1.000000,0.480000,0.000000,-0.100000,0.485685
144,-1.534949,-0.309295,-1.681368,0.485308,-0.003221,0.158296,0.660000,1.000000,0.460000,0.000000,-0.100000,0.485308
145,-1.535517,-0.314115,-1.679785,0.484977,-0.006448,-0.001216,0.660000,1.000000,0.460000,0.000000,-0.100000,0.484977
146,-1.536108,-0.318929,-1.679797,0.484696,-0.008591,-0.134444,0.660000,1.000000,0.460000,0.000000,-0.100000,0.484696
147,-1.536721,-0.323738,-1.681141,0.484462,-0.009891,-0.244737,0.660000,1.000000,0.480000,0.000000,-0.100000,0.484462
148,-1.537353,-0.328542,-1.683589,0.484268,-0.010551,-0.335383,0.660000,1.000000,0.480000,0.000000,-0.100000,0.484268
149,-1.538003,-0.333342,-1.686943,0.484105,-0.010736,-0.409414,0.660000,1.000000,0.480000,0.000000,-0.100000,0.484105
150,-1.538670,-0.338138,-1.691037,0.483966,-0.010579,-0.469527,0.640000,1.000000,0.500000,0.000000,0.100000,0.483966
151,-1.539356,-0.342930,-1.695732,0.483567,-0.004380,-0.269808,0.640000,1.000000,0.520000,0.000000,0.100000,0.483567
152,-1.540002,-0.347722,-1.698430,0.483192,0.000257,-0.098011,0.640000,1.000000,0.520000,0.000000,0.100000,0.483192
153,-1.540614,-0.352515,-1.699410,0.482859,0.003606,0.047564,0.640000,1.000000,0.520000,0.000000,0.100000,0.482859
154,-1.541198,-0.357309,-1.698934,0.482571,0.005919,0.169511,0.640000,1.000000,0.520000,0.000000,0.100000,0.482571
155,-1.541756,-0.362102,-1.697239,0.482326,0.007419,0.270752,0.640000,1.000000,0.520000,0.000000,0.100000,0.482326
156,-1.542290,-0.366896,-1.694532,0.482118,0.008294,0.354191,0.640000,1.000000,0.520000,0.000000,0.100000,0.482118
157,-1.542803,-0.371691,-1.690990,0.481940,0.008699,0.422529,0.640000,1.000000,0.520000,0.000000,0.100000,0.481940
158,-1.543295,-0.376486,-1.686765,0.481784,0.008760,0.478183,0.640000,1.000000,0.500000,0.000000,0.100000,0.481784
159,-1.543765,-0.381282,-1.681983,0.481643,0.008575,0.523265,0.660000,1.000000,0.500000,0.000000,0.100000,0.481643
160,-1.544214,-0.386078,-1.676750,0.481513,0.008222,0.559591,0.660000,1.000000,0.480000,0.000000,-0.100000,0.481513
161,-1.544642,-0.390875,-1.671154,0.481108,0.001961,0.340635,0.660000,1.000000,0.480000,0.000000,-0.100000,0.481108
162,-1.545104,-0.395664,-1.667748,0.480730,-0.002655,0.153061,0.660000,1.000000,0.480000,0.000000,-0.100000,0.480730
163,-1.545596,-0.400446,-1.666217,0.480398,-0.005921,-0.005223,0.660000,1.000000,0.480000,0.000000,-0.100000,0.480398
164,-1.546113,-0.405222,-1.666270,0.480116,-0.008108,-0.137263,0.660000,1.000000,0.480000,0.100000,-0.100000,0.480116
165,-1.546651,-0.409994,-1.667642,0.486880,-0.009456,-0.246426,0.660000,1.000000,0.480000,0.000000,-0.100000,0.486880
166,-1.547216,-0.414831,-1.670106,0.486682,-0.010165,-0.336577,0.660000,1.000000,0.480000,0.000000,-0.100000,0.486682
167,-1.547800,-0.419663,-1.673472,0.486516,-0.010393,-0.410338,0.660000,1.000000,0.500000,0.000000,0.100000,0.486516
168,-1.548402,-0.424492,-1.677576,0.486119,-0.004446,-0.221100,0.640000,1.000000,0.500000,0.000000,0.100000,0.486119
169,-1.548964,-0.429321,-1.679787,0.485750,0.000005,-0.058354,0.640000,1.000000,0.520000,0.000000,0.100000,0.485750
170,-1.549492,-0.434150,-1.680370,0.485422,0.003223,0.079611,0.640000,1.000000,0.520000,0.000000,0.100000,0.485422
171,-1.549991,-0.438978,-1.679574,0.485138,0.005452,0.195282,0.640000,1.000000,0.520000,0.000000,0.100000,0.485138
172,-1.550464,-0.443807,-1.677621,0.484895,0.006902,0.291426,0.640000,1.000000,0.520000,0.000000,0.100000,0.484895
173,-1.550912,-0.448636,-1.674707,0.484687,0.007754,0.370770,0.640000,1.000000,0.500000,0.000000,0.100000,0.484687
174,-1.551338,-0.453464,-1.670999,0.484507,0.008155,0.435849,0.660000,1.000000,0.500000,0.000000,0.100000,0.484507
175,-1.551741,-0.458293,-1.666641,0.484348,0.008224,0.488932,0.660000,1.000000,0.500000,0.000000,0.100000,0.484348
176,-1.552123,-0.463122,-1.661751,0.484203,0.008056,0.532001,0.660000,1.000000,0.480000,0.000000,-0.100000,0.484203
177,-1.552482,-0.467952,-1.656431,0.483801,0.001912,0.318139,0.680000,1.000000,0.480000,0.000000,-0.100000,0.483801
178,-1.552877,-0.472774,-1.653250,0.483426,-0.002615,0.134884,0.680000,1.000000,0.480000,0.000000,-0.100000,0.483426
179,-1.553301,-0.477589,-1.651901,0.483097,-0.005817,-0.019850,0.680000,1.000000,0.480000,0.000000,-0.100000,0.483097
180,-1.553751,-0.482400,-1.652100,0.482816,-0.007960,-0.149042,0.680000,1.000000,0.480000,0.000000,-0.100000,0.482816
181,-1.554222,-0.487206,-1.653590,0.482582,-0.009279,-0.255964,0.680000,1.000000,0.480000,0.000000,-0.100000,0.482582
182,-1.554714,-0.492007,-1.656150,0.482387,-0.009972,-0.343816,0.660000,1.000000,0.480000,0.000000,-0.100000,0.482387
183,-1.555224,-0.496805,-1.659588,0.482222,-0.010199,-0.415551,0.660000,1.000000,0.500000,0.000000,0.100000,0.482222
184,-1.555753,-0.501599,-1.663743,0.481825,-0.004264,-0.224618,0.660000,1.000000,0.500000,0.000000,0.100000,0.481825
185,-1.556243,-0.506393,-1.665990,0.481456,0.000172,-0.060718,0.640000,1.000000,0.500000,0.000000,0.100000,0.481456
186,-1.556699,-0.511186,-1.666597,0.481128,0.003376,0.077949,0.640000,1.000000,0.520000,0.000000,0.100000,0.481128
187,-1.557126,-0.515978,-1.665817,0.480845,0.005591,0.193972,0.640000,1.000000,0.520000,0.000000,0.100000,0.480845
188,-1.557526,-0.520770,-1.663878,0.480604,0.007032,0.290205,0.660000,1.000000,0.500000,0.000000,0.100000,0.480604
189,-1.557903,-0.525562,-1.660976,0.480398,0.007878,0.369455,0.660000,1.000000,0.500000,0.000000,0.100000,0.480398
190,-1.558257,-0.530353,-1.657281,0.480220,0.008276,0.434321,0.660000,1.000000,0.500000,0.000000,0.100000,0.480220
191,-1.558589,-0.535145,-1.652938,0.480063,0.008347,0.487117,0.660000,1.000000,0.500000,0.000000,0.100000,0.480063
192,-1.558900,-0.539936,-1.648067,0.479921,0.008184,0.529862,0.660000,1.000000,0.480000,0.000000,-0.100000,0.479921
193,-1.559189,-0.544727,-1.642768,0.479518,0.002052,0.315803,0.680000,1.000000,0.480000,0.000000,-0.100000,0.479518
194,-1.559513,-0.549512,-1.639610,0.479144,-0.002470,0.132636,0.680000,1.000000,0.480000,0.000000,-0.100000,0.479144
195,-1.559867,-0.554290,-1.638284,0.478814,-0.005672,-0.021780,0.680000,1.000000,0.480000,0.000000,-0.100000,0.478814
196,-1.560247,-0.559063,-1.638501,0.478535,-0.007820,-0.150488,0.680000,1.000000,0.480000,0.100000,-0.100000,0.478535
197,-1.560649,-0.563832,-1.640006,0.485301,-0.009150,-0.256822,0.680000,1.000000,0.480000,0.000000,-0.100000,0.485301
198,-1.561076,-0.568668,-1.642574,0.485103,-0.009855,-0.344631,0.680000,1.000000,0.480000,0.000000,-0.100000,0.485103
199,-1.561522,-0.573499,-1.646021,0.484937,-0.010091,-0.416435,0.660000,1.000000,0.480000,0.000000,-0.100000,0.484937
200,-1.561987,-0.578327,-1.650185,0.484792,-0.009987,-0.474818,0.660000,1.000000,0.500000,0.000000,0.100000,0.484792
201,-1.562471,-0.583152,-1.654933,0.484393,-0.003836,-0.273526,0.660000,0.980000,0.500000,0.000000,0.100000,0.484393
202,-1.562916,-0.587975,-1.657669,0.484020,0.000750,-0.100518,0.640000,0.980000,0.520000,0.000000,0.100000,0.484020
203,-1.563329,-0.592798,-1.658674,0.483688,0.004047,0.045990,0.640000,0.980000,0.520000,0.000000,0.100000,0.483688
204,-1.563713,-0.597620,-1.658214,0.483402,0.006310,0.168657,0.640000,0.980000,0.520000,0.000000,0.100000,0.483402
205,-1.564072,-0.602441,-1.656527,0.483160,0.007762,0.270454,0.640000,0.980000,0.520000,0.000000,0.100000,0.483160
206,-1.564408,-0.607261,-1.653823,0.482955,0.008593,0.354322,0.660000,0.960000,0.520000,0.000000,0.100000,0.482955
207,-1.564723,-0.612081,-1.650280,0.482780,0.008957,0.422988,0.660000,0.960000,0.500000,0.000000,0.100000,0.482780
208,-1.565017,-0.616901,-1.646050,0.482626,0.008979,0.478890,0.660000,0.960000,0.500000,0.000000,0.100000,0.482626
209,-1.565291,-0.621720,-1.641261,0.482488,0.008760,0.524159,0.660000,0.980000,0.500000,0.000000,0.100000,0.482488
210,-1.565543,-0.626539,-1.636019,0.482359,0.008376,0.560622,0.680000,1.000000,0.480000,0.000000,-0.100000,0.482359
211,-1.565774,-0.631358,-1.630413,0.481955,0.002088,0.341836,0.680000,0.980000,0.480000,0.000000,-0.100000,0.481955
212,-1.566040,-0.636170,-1.626995,0.481577,-0.002552,0.154292,0.680000,0.980000,0.480000,0.000000,-0.100000,0.481577
213,-1.566336,-0.640977,-1.625452,0.481243,-0.005837,-0.004059,0.680000,0.980000,0.460000,0.000000,-0.100000,0.481243
214,-1.566657,-0.645779,-1.625492,0.480960,-0.008041,-0.136231,0.680000,0.980000,0.460000,0.100000,-0.100000,0.480960
215,-1.567000,-0.650577,-1.626855,0.487724,-0.009403,-0.245564,0.680000,0.980000,0.480000,0.000000,-0.100000,0.487724
216,-1.567368,-0.655442,-1.629310,0.487525,-0.010122,-0.335898,0.680000,0.960000,0.480000,0.000000,-0.100000,0.487525
217,-1.567754,-0.660303,-1.632669,0.487357,-0.010358,-0.409848,0.680000,0.960000,0.480000,0.000000,-0.100000,0.487357
218,-1.568158,-0.665160,-1.636768,0.487213,-0.010244,-0.470038,0.660000,0.960000,0.500000,0.000000,0.100000,0.487213
219,-1.568582,-0.670015,-1.641468,0.486814,-0.004073,-0.270258,0.660000,0.940000,0.500000,0.000000,0.100000,0.486814
220,-1.568966,-0.674868,-1.644171,0.486441,0.000534,-0.098326,0.660000,0.920000,0.500000,0.000000,0.100000,0.486441
221,-1.569317,-0.679720,-1.645154,0.486108,0.003853,0.047467,0.660000,0.900000,0.500000,0.000000,0.100000,0.486108
222,-1.569640,-0.684571,-1.644679,0.485822,0.006136,0.169701,0.660000,0.900000,0.500000,0.000000,0.100000,0.485822
223,-1.569938,-0.689420,-1.642982,0.485578,0.007606,0.271278,0.660000,0.900000,0.500000,0.000000,0.100000,0.485578
224,-1.570212,-0.694269,-1.640269,0.485371,0.008451,0.355078,0.660000,0.920000,0.500000,0.000000,0.100000,0.485371
225,-1.570465,-0.699116,-1.636719,0.485193,0.008826,0.423783,0.660000,0.940000,0.500000,0.000000,0.100000,0.485193
226,-1.570696,-0.703964,-1.632481,0.485038,0.008857,0.479794,0.660000,0.920000,0.500000,0.000000,0.100000,0.485038
227,-1.570907,-0.708810,-1.627683,0.484897,0.008643,0.525212,0.680000,0.920000,0.480000,0.000000,-0.100000,0.484897
228,-1.571096,-0.713656,-1.622431,0.484496,0.002453,0.313400,0.680000,0.920000,0.480000,0.000000,-0.100000,0.484496
229,-1.571322,-0.718496,-1.619297,0.484121,-0.002125,0.131677,0.680000,0.920000,0.480000,0.000000,-0.100000,0.484121
230,-1.571578,-0.723331,-1.617980,0.483790,-0.005377,-0.021937,0.680000,0.920000,0.480000,0.000000,-0.100000,0.483790
231,-1.571860,-0.728161,-1.618199,0.483507,-0.007569,-0.150329,0.680000,0.900000,0.480000,0.000000,-0.100000,0.483507
232,-1.572164,-0.732987,-1.619703,0.483270,-0.008934,-0.256694,0.680000,0.900000,0.480000,0.000000,-0.100000,0.483270
233,-1.572490,-0.737809,-1.622270,0.483072,-0.009669,-0.344173,0.680000,0.900000,0.480000,0.000000,-0.100000,0.483072
234,-1.572835,-0.742629,-1.625711,0.482904,-0.009934,-0.415671,0.660000,0.900000,0.480000,0.000000,-0.100000,0.482904
235,-1.573199,-0.747445,-1.629868,0.482758,-0.009858,-0.473774,0.660000,0.900000,0.500000,0.000000,0.100000,0.482758
236,-1.573582,-0.752258,-1.634606,0.482359,-0.003733,-0.272203,0.660000,0.880000,0.500000,0.000000,0.100000,0.482359
237,-1.573927,-0.757070,-1.637328,0.481986,0.000830,-0.099128,0.660000,0.880000,0.500000,0.000000,0.100000,0.481986
238,-1.574239,-0.761879,-1.638319,0.481655,0.004109,0.047287,0.660000,0.880000,0.520000,0.000000,0.100000,0.481655
239,-1.574523,-0.766688,-1.637846,0.481370,0.006357,0.169750,0.660000,0.880000,0.520000,0.000000,0.100000,0.481370
240,-1.574783,-0.771495,-1.636149,0.481129,0.007799,0.271273,0.640000,0.880000,0.500000,0.000000,0.100000,0.481129
241,-1.575019,-0.776301,-1.633436,0.480925,0.008623,0.354829,0.640000,0.880000,0.500000,0.000000,0.100000,0.480925
242,-1.575234,-0.781106,-1.629888,0.480751,0.008984,0.423170,0.640000,0.860000,0.500000,0.000000,0.100000,0.480751
243,-1.575428,-0.785911,-1.625656,0.480598,0.009007,0.478751,0.640000,0.860000,0.500000,0.000000,0.100000,0.480598
244,-1.575602,-0.790714,-1.620868,0.480461,0.008790,0.523714,0.620000,0.860000,0.480000,0.000000,-0.100000,0.480461
245,-1.575754,-0.795517,-1.615631,0.480059,0.002606,0.311610,0.620000,0.860000,0.480000,0.000000,-0.100000,0.480059
246,-1.575944,-0.800314,-1.612515,0.479683,-0.001970,0.129889,0.620000,0.860000,0.480000,0.000000,-0.100000,0.479683
247,-1.576163,-0.805106,-1.611216,0.479352,-0.005226,-0.023480,0.620000,0.840000,0.480000,0.000000,-0.100000,0.479352
248,-1.576409,-0.809894,-1.611451,0.479070,-0.007426,-0.151449,0.600000,0.840000,0.480000,0.100000,-0.100000,0.479070
249,-1.576678,-0.814677,-1.612966,0.485833,-0.008804,-0.257274,0.600000,0.840000,0.480000,0.000000,-0.100000,0.485833
250,-1.576971,-0.819528,-1.615538,0.485633,-0.009552,-0.344749,0.600000,0.840000,0.480000,0.000000,-0.100000,0.485633
251,-1.577284,-0.824375,-1.618986,0.485463,-0.009826,-0.416344,0.600000,0.840000,0.480000,0.000000,-0.100000,0.485463
252,-1.577616,-0.829219,-1.623149,0.485316,-0.009757,-0.474608,0.600000,0.820000,0.900000,0.000000,0.100000,0.485316
253,-1.577967,-0.834060,-1.627895,0.484917,-0.003633,-0.273134,0.580000,0.820000,0.900000,0.000000,0.100000,0.484917
254,-1.578280,-0.838900,-1.630627,0.484544,0.000928,-0.100016,0.580000,0.820000,0.900000,0.000000,0.100000,0.484544
255,-1.578560,-0.843737,-1.631627,0.484213,0.004201,0.046560,0.580000,0.820000,0.900000,0.000000,0.100000,0.484213
256,-1.578813,-0.848573,-1.631161,0.483929,0.006442,0.169271,0.580000,0.820000,0.880000,0.000000,0.100000,0.483929
257,-1.579040,-0.853407,-1.629469,0.483687,0.007874,0.271099,0.580000,0.800000,0.880000,0.000000,0.100000,0.483687
258,-1.579246,-0.858240,-1.626758,0.483483,0.008686,0.354988,0.560000,0.800000,0.880000,0.000000,0.100000,0.483483
259,-1.579429,-0.863072,-1.623208,0.483309,0.009034,0.423671,0.560000,0.800000,0.880000,0.000000,0.100000,0.483309
260,-1.579592,-0.867903,-1.618971,0.483156,0.009043,0.479587,0.560000,0.800000,0.880000,0.000000,0.100000,0.483156
261,-1.579735,-0.872734,-1.614175,0.483018,0.008811,0.524866,0.580000,0.800000,0.880000,0.000000,0.100000,0.483018
262,-1.579856,-0.877563,-1.608926,0.482890,0.008415,0.561336,0.580000,0.780000,0.860000,0.000000,0.100000,0.482890
263,-1.579956,-0.882392,-1.603313,0.482768,0.007915,0.590551,0.600000,0.780000,0.860000,0.000000,0.100000,0.482768
264,-1.580034,-0.887220,-1.597408,0.482646,0.007356,0.613819,0.600000,0.780000,0.860000,0.000000,0.100000,0.482646
265,-1.580089,-0.892046,-1.591269,0.482525,0.006771,0.632235,0.600000,0.780000,0.860000,0.000000,0.100000,0.482525
266,-1.580120,-0.896872,-1.584947,0.482400,0.006183,0.646708,0.620000,0.780000,0.860000,0.000000,0.100000,0.482400
267,-1.580126,-0.901696,-1.578480,0.482272,0.005611,0.657990,0.600000,0.760000,0.860000,0.000000,0.100000,0.482272
268,-1.580107,-0.906519,-1.571900,0.482139,0.005067,0.666701,0.600000,0.760000,0.860000,0.000000,0.100000,0.482139
269,-1.580062,-0.911341,-1.565233,0.482001,0.004556,0.673352,0.600000,0.760000,0.860000,0.000000,0.100000,0.482001
270,-1.579989,-0.916160,-1.558500,0.481858,0.004085,0.678356,0.580000,0.760000,0.900000,0.000000,0.100000,0.481858
271,-1.579889,-0.920978,-1.551716,0.481711,0.003654,0.682054,0.580000,0.760000,0.400000,0.000000,-0.100000,0.481711
272,-1.579761,-0.925794,-1.544895,0.481290,-0.002547,0.436132,0.580000,0.740000,0.400000,0.000000,-0.100000,0.481290
273,-1.579662,-0.930606,-1.540534,0.480904,-0.006993,0.226534,0.580000,0.740000,0.400000,0.000000,-0.100000,0.480904
274,-1.579586,-0.935415,-1.538269,0.480572,-0.010010,0.050510,0.580000,0.780000,0.400000,0.000000,-0.100000,0.480572
275,-1.579530,-0.940221,-1.537764,0.480299,-0.011899,-0.095668,0.580000,0.780000,0.880000,0.100000,0.100000,0.480299
276,-1.579490,-0.945025,-1.538720,0.486911,-0.007028,0.036153,0.580000,0.780000,0.880000,0.000000,0.100000,0.486911
277,-1.579404,-0.949894,-1.538359,0.486556,-0.003317,0.149638,0.580000,0.780000,0.880000,0.000000,0.100000,0.486556
278,-1.579280,-0.954758,-1.536862,0.486238,-0.000549,0.246185,0.580000,0.760000,0.860000,0.000000,0.100000,0.486238
279,-1.579120,-0.959618,-1.534401,0.485956,0.001459,0.327539,0.580000,0.760000,0.860000,0.000000,0.100000,0.485956
280,-1.578929,-0.964474,-1.531125,0.485706,0.002863,0.395561,0.600000,0.760000,0.860000,0.000000,0.100000,0.485706
281,-1.578707,-0.969326,-1.527170,0.485483,0.003794,0.452067,0.600000,0.760000,0.860000,0.000000,0.100000,0.485483
282,-1.578458,-0.974174,-1.522649,0.485281,0.004361,0.498741,0.600000,0.760000,0.860000,0.000000,0.100000,0.485281
283,-1.578181,-0.979019,-1.517662,0.485096,0.004655,0.537092,0.620000,0.740000,0.860000,0.000000,0.100000,0.485096
284,-1.577877,-0.983861,-1.512291,0.484922,0.004744,0.568449,0.600000,0.740000,0.360000,0.000000,-0.100000,0.484922
285,-1.577546,-0.988699,-1.506606,0.484516,-0.001151,0.344264,0.600000,0.740000,0.840000,0.000000,0.100000,0.484516
286,-1.577246,-0.993535,-1.503163,0.484245,0.000523,0.406744,0.600000,0.740000,0.840000,0.000000,0.100000,0.484245
287,-1.576914,-0.998366,-1.499096,0.484000,0.001716,0.459003,0.600000,0.740000,0.840000,0.000000,0.100000,0.484000
288,-1.576550,-1.003193,-1.494506,0.483778,0.002530,0.502456,0.580000,0.720000,0.840000,0.000000,0.100000,0.483778
289,-1.576156,-1.008014,-1.489481,0.483574,0.003053,0.538394,0.580000,0.720000,0.340000,0.000000,-0.100000,0.483574
290,-1.575733,-1.012832,-1.484098,0.483170,-0.002509,0.317218,0.580000,0.720000,0.340000,0.000000,-0.100000,0.483170
291,-1.575340,-1.017647,-1.480925,0.482806,-0.006479,0.129328,0.580000,0.720000,0.840000,0.000000,0.100000,0.482806
292,-1.574971,-1.022462,-1.479632,0.482463,-0.003213,0.226254,0.580000,0.720000,0.840000,0.000000,0.100000,0.482463
293,-1.574563,-1.027269,-1.477370,0.482157,-0.000767,0.308487,0.560000,0.720000,0.820000,0.000000,0.100000,0.482157
294,-1.574121,-1.032071,-1.474285,0.481884,0.001018,0.377647,0.580000,0.700000,0.820000,0.000000,0.100000,0.481884
295,-1.573647,-1.036866,-1.470508,0.481640,0.002280,0.435398,0.580000,0.700000,0.320000,0.000000,-0.100000,0.481640
296,-1.573142,-1.041656,-1.466154,0.481249,-0.002761,0.231243,0.600000,0.700000,0.820000,0.000000,0.100000,0.481249
297,-1.572667,-1.046445,-1.463842,0.480947,-0.000390,0.312859,0.600000,0.700000,0.820000,0.000000,0.100000,0.480947
298,-1.572157,-1.051227,-1.460713,0.480679,0.001332,0.381390,0.620000,0.700000,0.820000,0.000000,0.100000,0.480679
299,-1.571616,-1.056004,-1.456899,0.480439,0.002542,0.438528,0.620000,0.680000,0.800000,0.000000,0.100000,0.480439
300,-1.571045,-1.060774,-1.452514,0.480223,0.003352,0.485883,0.620000,0.680000,0.800000,0.000000,0.100000,0.480223
301,-1.570445,-1.065539,-1.447655,0.480025,0.003855,0.524917,0.620000,0.680000,0.300000,0.000000,-0.100000,0.480025
302,-1.569817,-1.070298,-1.442406,0.479622,-0.001731,0.306400,0.600000,0.680000,0.800000,0.000000,0.100000,0.479622
303,-1.569220,-1.075057,-1.439342,0.479340,0.000198,0.374786,0.600000,0.680000,0.800000,0.000000,0.100000,0.479340
304,-1.568590,-1.079809,-1.435594,0.479089,0.001589,0.432005,0.600000,0.680000,0.800000,0.000000,0.100000,0.479089
305,-1.567928,-1.084554,-1.431274,0.478861,0.002558,0.479581,0.600000,0.660000,0.800000,0.000000,0.100000,0.478861
306,-1.567237,-1.089292,-1.426478,0.478654,0.003198,0.518920,0.600000,0.660000,0.800000,0.000000,0.100000,0.478654
307,-1.566517,-1.094024,-1.421289,0.478462,0.003588,0.551283,0.580000,0.660000,0.780000,0.000000,0.100000,0.478462
308,-1.565769,-1.098750,-1.415776,0.478282,0.003789,0.577779,0.580000,0.660000,0.780000,0.000000,0.100000,0.478282
309,-1.564993,-1.103470,-1.409998,0.478109,0.003852,0.599369,0.580000,0.660000,0.780000,0.000000,0.100000,0.478109
310,-1.564189,-1.108183,-1.404005,0.477943,0.003815,0.616875,0.580000,0.660000,0.780000,0.000000,0.100000,0.477943
311,-1.563358,-1.112890,-1.397836,0.477779,0.003709,0.630998,0.560000,0.640000,0.780000,0.000000,0.100000,0.477779
312,-1.562499,-1.117590,-1.391526,0.477618,0.003557,0.642330,0.560000,0.640000,0.260000,0.000000,-0.100000,0.477618
313,-1.561613,-1.122283,-1.385103,0.477201,-0.002446,0.402265,0.560000,0.640000,0.780000,0.000000,0.100000,0.477201
314,-1.560756,-1.126978,-1.381080,0.476928,-0.000815,0.451762,0.560000,0.640000,0.780000,0.000000,0.100000,0.476928
315,-1.559864,-1.131663,-1.376562,0.476680,0.000395,0.493274,0.560000,0.640000,0.780000,0.000000,0.100000,0.476680
316,-1.558940,-1.136339,-1.371630,0.476452,0.001273,0.527892,0.540000,0.640000,0.780000,0.000000,0.100000,0.476452
317,-1.557985,-1.141007,-1.366351,0.476240,0.001890,0.556612,0.540000,0.640000,0.780000,0.000000,0.100000,0.476240
318,-1.557000,-1.145667,-1.360785,0.476042,0.002305,0.580324,0.540000,0.620000,0.240000,0.000000,-0.100000,0.476042
319,-1.555985,-1.150318,-1.354981,0.475631,-0.003290,0.349371,0.580000,0.620000,0.760000,0.000000,0.100000,0.475631
320,-1.554998,-1.154971,-1.351488,0.475342,-0.001320,0.407809,0.580000,0.620000,0.760000,0.000000,0.100000,0.475342
321,-1.553977,-1.159613,-1.347410,0.475082,0.000149,0.456907,0.560000,0.620000,0.760000,0.000000,0.100000,0.475082
322,-1.552923,-1.164245,-1.342841,0.474845,0.001221,0.497900,0.560000,0.620000,0.760000,0.000000,0.100000,0.474845
323,-1.551838,-1.168868,-1.337862,0.474628,0.001980,0.531937,0.560000,0.620000,0.760000,0.000000,0.100000,0.474628
324,-1.550723,-1.173482,-1.332542,0.474426,0.002497,0.560057,0.560000,0.600000,0.760000,0.000000,0.100000,0.474426
325,-1.549579,-1.178086,-1.326942,0.474235,0.002827,0.583179,0.560000,0.600000,0.760000,0.000000,0.100000,0.474235
326,-1.548407,-1.182681,-1.321110,0.474054,0.003016,0.602102,0.540000,0.600000,0.760000,0.000000,0.100000,0.474054
327,-1.547206,-1.187268,-1.315089,0.473879,0.003102,0.617519,0.540000,0.600000,0.760000,0.000000,0.100000,0.473879
328,-1.545978,-1.191844,-1.308914,0.473709,0.003111,0.630017,0.540000,0.600000,0.760000,0.000000,0.100000,0.473709
329,-1.544721,-1.196412,-1.302613,0.473541,0.003067,0.640097,0.540000,0.600000,0.740000,0.000000,0.100000,0.473541
330,-1.543437,-1.200970,-1.296213,0.473375,0.002988,0.648183,0.540000,0.600000,0.740000,0.000000,0.100000,0.473375
331,-1.542125,-1.205518,-1.289731,0.473210,0.002885,0.654628,0.520000,0.580000,0.740000,0.000000,0.100000,0.473210
332,-1.540784,-1.210057,-1.283184,0.473045,0.002770,0.659730,0.520000,0.580000,0.740000,0.000000,0.100000,0.473045
333,-1.539416,-1.214585,-1.276587,0.472879,0.002650,0.663735,0.520000,0.580000,0.740000,0.000000,0.100000,0.472879
334,-1.538019,-1.219103,-1.269950,0.472713,0.002529,0.666849,0.520000,0.580000,0.740000,0.000000,0.100000,0.472713
335,-1.536594,-1.223610,-1.263281,0.472546,0.002413,0.669241,0.520000,0.580000,0.740000,0.000000,0.100000,0.472546
336,-1.535141,-1.228107,-1.256589,0.472378,0.002303,0.671052,0.500000,0.580000,0.740000,0.000000,0.100000,0.472378
337,-1.533659,-1.232592,-1.249878,0.472209,0.002201,0.672397,0.500000,0.580000,0.740000,0.000000,0.100000,0.472209
338,-1.532149,-1.237066,-1.243154,0.472040,0.002108,0.673369,0.540000,0.580000,0.740000,0.000000,0.100000,0.472040
339,-1.530610,-1.241529,-1.236421,0.471869,0.002024,0.674046,0.540000,0.560000,0.740000,0.000000,0.100000,0.471869
340,-1.529042,-1.245979,-1.229680,0.471697,0.001950,0.674490,0.540000,0.560000,0.740000,0.000000,0.100000,0.471697
341,-1.527446,-1.250418,-1.222935,0.471524,0.001885,0.674752,0.520000,0.560000,0.740000,0.000000,0.100000,0.471524
342,-1.525821,-1.254844,-1.216188,0.471351,0.001828,0.674872,0.520000,0.560000,0.740000,0.000000,0.100000,0.471351
343,-1.524167,-1.259258,-1.209439,0.471177,0.001780,0.674883,0.520000,0.560000,0.740000,0.000000,0.100000,0.471177
344,-1.522484,-1.263659,-1.202690,0.471003,0.001740,0.674812,0.520000,0.560000,0.740000,0.000000,0.100000,0.471003
345,-1.520773,-1.268048,-1.195942,0.470828,0.001706,0.674679,0.520000,0.560000,0.740000,0.000000,0.100000,0.470828
346,-1.519033,-1.272423,-1.189195,0.470652,0.001678,0.674501,0.520000,0.560000,0.740000,0.000000,0.100000,0.470652
347,-1.517265,-1.276785,-1.182450,0.470476,0.001657,0.674290,0.500000,0.540000,0.740000,0.000000,0.100000,0.470476
348,-1.515468,-1.281133,-1.175707,0.470301,0.001640,0.674057,0.500000,0.540000,0.740000,0.000000,0.100000,0.470301
349,-1.513643,-1.285467,-1.168967,0.470124,0.001627,0.673809,0.500000,0.540000,0.740000,0.000000,0.100000,0.470124
350,-1.511789,-1.289787,-1.162229,0.469948,0.001619,0.673552,0.500000,0.540000,0.740000,0.000000,0.100000,0.469948
351,-1.509907,-1.294094,-1.155493,0.469772,0.001614,0.673290,0.500000,0.540000,0.740000,0.000000,0.100000,0.469772
352,-1.507997,-1.298386,-1.148760,0.469595,0.001612,0.673027,0.500000,0.540000,0.740000,0.000000,0.100000,0.469595
353,-1.506059,-1.302663,-1.142030,0.469419,0.001613,0.672765,0.480000,0.540000,0.740000,0.000000,0.100000,0.469419
354,-1.504093,-1.306925,-1.135302,0.469242,0.001615,0.672506,0.480000,0.540000,0.740000,0.000000,0.100000,0.469242
355,-1.502099,-1.311173,-1.128577,0.469066,0.001620,0.672250,0.480000,0.540000,0.740000,0.000000,0.100000,0.469066
356,-1.500077,-1.315406,-1.121855,0.468889,0.001627,0.671998,0.480000,0.520000,0.740000,0.000000,0.100000,0.468889
357,-1.498027,-1.319623,-1.115135,0.468713,0.001635,0.671751,0.480000,0.520000,0.740000,0.000000,0.100000,0.468713
358,-1.495950,-1.323824,-1.108417,0.468537,0.001644,0.671509,0.480000,0.520000,0.740000,0.000000,0.100000,0.468537
359,-1.493845,-1.328011,-1.101702,0.468361,0.001654,0.671272,0.480000,0.560000,0.740000,0.000000,0.100000,0.468361
360,-1.491713,-1.332181,-1.094990,0.468185,0.001665,0.671039,0.460000,0.560000,0.740000,0.000000,0.100000,0.468185
361,-1.489553,-1.336335,-1.088279,0.468009,0.001676,0.670811,0.460000,0.560000,0.740000,0.000000,0.100000,0.468009
362,-1.487367,-1.340473,-1.081571,0.467834,0.001689,0.670587,0.460000,0.560000,0.740000,0.000000,0.100000,0.467834
363,-1.485153,-1.344595,-1.074865,0.467658,0.001702,0.670366,0.460000,0.560000,0.740000,0.000000,0.100000,0.467658
364,-1.482913,-1.348700,-1.068161,0.467483,0.001715,0.670149,0.460000,0.560000,0.740000,0.000000,0.100000,0.467483
365,-1.480646,-1.352788,-1.061460,0.467308,0.001728,0.669936,0.460000,0.560000,0.740000,0.000000,0.100000,0.467308
366,-1.478352,-1.356859,-1.054761,0.467134,0.001742,0.669725,0.460000,0.560000,0.740000,0.000000,0.100000,0.467134
367,-1.476032,-1.360914,-1.048063,0.466959,0.001756,0.669516,0.440000,0.560000,0.740000,0.000000,0.100000,0.466959
368,-1.473686,-1.364951,-1.041368,0.466785,0.001771,0.669310,0.440000,0.560000,0.740000,0.000000,0.100000,0.466785
369,-1.471313,-1.368971,-1.034675,0.466611,0.001785,0.669106,0.440000,0.560000,0.740000,0.000000,0.100000,0.466611
370,-1.468914,-1.372973,-1.027984,0.466437,0.001800,0.668903,0.440000,0.540000,0.740000,0.000000,0.100000,0.466437
371,-1.466489,-1.376958,-1.021295,0.466263,0.001814,0.668703,0.440000,0.540000,0.740000,0.000000,0.100000,0.466263
372,-1.464039,-1.380925,-1.014608,0.466089,0.001829,0.668503,0.440000,0.540000,0.740000,0.000000,0.100000,0.466089
373,-1.461563,-1.384873,-1.007923,0.465916,0.001844,0.668305,0.440000,0.540000,0.740000,0.000000,0.100000,0.465916
374,-1.459061,-1.388804,-1.001240,0.465743,0.001858,0.668108,0.420000,0.540000,0.740000,0.000000,0.100000,0.465743
375,-1.456534,-1.392716,-0.994559,0.465570,0.001873,0.667912,0.420000,0.540000,0.760000,0.000000,0.100000,0.465570
376,-1.453981,-1.396610,-0.987880,0.465398,0.001888,0.667717,0.420000,0.540000,0.760000,0.000000,0.100000,0.465398
377,-1.451403,-1.400485,-0.981203,0.465225,0.001903,0.667522,0.420000,0.540000,0.760000,0.000000,0.100000,0.465225
378,-1.448801,-1.404341,-0.974527,0.465053,0.001918,0.667329,0.420000,0.540000,0.760000,0.000000,0.100000,0.465053
379,-1.446173,-1.408178,-0.967854,0.464881,0.001932,0.667135,0.420000,0.540000,0.760000,0.000000,0.100000,0.464881
380,-1.443521,-1.411996,-0.961183,0.464709,0.001947,0.666943,0.420000,0.540000,0.760000,0.000000,0.100000,0.464709
381,-1.440845,-1.415795,-0.954513,0.464538,0.001962,0.666750,0.420000,0.540000,0.760000,0.000000,0.100000,0.464538
382,-1.438144,-1.419575,-0.947846,0.464366,0.001977,0.666559,0.400000,0.540000,0.760000,0.000000,0.100000,0.464366
383,-1.435418,-1.423335,-0.941180,0.464195,0.001991,0.666367,0.400000,0.540000,0.760000,0.000000,0.100000,0.464195
384,-1.432669,-1.427075,-0.934517,0.464024,0.002006,0.666176,0.400000,0.540000,0.760000,0.000000,0.100000,0.464024
385,-1.429895,-1.430795,-0.927855,0.463854,0.002021,0.665986,0.400000,0.520000,0.760000,0.000000,0.100000,0.463854
386,-1.427098,-1.434495,-0.921195,0.463683,0.002035,0.665795,0.400000,0.520000,0.780000,0.000000,0.100000,0.463683
387,-1.424277,-1.438175,-0.914537,0.463513,0.002050,0.665605,0.400000,0.520000,0.780000,0.000000,0.100000,0.463513
388,-1.421433,-1.441835,-0.907881,0.463343,0.002064,0.665416,0.400000,0.520000,0.780000,0.000000,0.100000,0.463343
389,-1.418565,-1.445475,-0.901227,0.463173,0.002079,0.665226,0.400000,0.520000,0.780000,0.000000,0.100000,0.463173
390,-1.415674,-1.449093,-0.894574,0.463004,0.002093,0.665037,0.400000,0.520000,0.780000,0.000000,0.100000,0.463004
391,-1.412760,-1.452691,-0.887924,0.462834,0.002108,0.664848,0.380000,0.520000,0.780000,0.000000,0.100000,0.462834
392,-1.409823,-1.456269,-0.881276,0.462665,0.002122,0.664659,0.380000,0.520000,0.780000,0.000000,0.100000,0.462665
393,-1.406864,-1.459825,-0.874629,0.462496,0.002137,0.664470,0.380000,0.520000,0.800000,0.000000,0.100000,0.462496
394,-1.403881,-1.463360,-0.867984,0.462327,0.002151,0.664282,0.380000,0.520000,0.800000,0.000000,0.100000,0.462327
395,-1.400877,-1.466874,-0.861342,0.462159,0.002165,0.664093,0.380000,0.520000,0.800000,0.000000,0.100000,0.462159
396,-1.397849,-1.470366,-0.854701,0.461990,0.002179,0.663905,0.380000,0.520000,0.800000,0.000000,0.100000,0.461990
397,-1.394800,-1.473837,-0.848062,0.461822,0.002194,0.663718,0.380000,0.520000,0.800000,0.000000,0.100000,0.461822
398,-1.391729,-1.477286,-0.841424,0.461654,0.002208,0.663530,0.380000,0.520000,0.820000,0.000000,0.100000,0.461654
399,-1.388636,-1.480713,-0.834789,0.461487,0.002222,0.663343,0.380000,0.520000,0.820000,0.000000,0.100000,0.461487
400,-1.385522,-1.484119,-0.828156,0.461319,0.002236,0.663155,0.380000,0.520000,0.820000,0.000000,0.100000,0.461319
401,-1.382386,-1.487502,-0.821524,0.461152,0.002250,0.662968,0.360000,0.520000,0.820000,0.000000,0.100000,0.461152
402,-1.379228,-1.490863,-0.814894,0.460985,0.002264,0.662781,0.360000,0.520000,0.820000,0.000000,0.100000,0.460985
403,-1.376050,-1.494202,-0.808267,0.460818,0.002278,0.662595,0.400000,0.520000,0.840000,0.000000,0.100000,0.460818
404,-1.372850,-1.497519,-0.801641,0.460651,0.002292,0.662408,0.400000,0.520000,0.840000,0.000000,0.100000,0.460651
405,-1.369630,-1.500812,-0.795017,0.460485,0.002306,0.662222,0.400000,0.520000,0.840000,0.000000,0.100000,0.460485
406,-1.366388,-1.504083,-0.788394,0.460319,0.002320,0.662036,0.400000,0.520000,0.840000,0.000000,0.100000,0.460319
407,-1.363127,-1.507332,-0.781774,0.460153,0.002334,0.661850,0.400000,0.520000,0.860000,0.000000,0.100000,0.460153
408,-1.359845,-1.510557,-0.775155,0.459987,0.002348,0.661664,0.400000,0.520000,0.860000,0.000000,0.100000,0.459987
409,-1.356543,-1.513760,-0.768539,0.459821,0.002362,0.661478,0.400000,0.520000,0.860000,0.000000,0.100000,0.459821
410,-1.353220,-1.516939,-0.761924,0.459656,0.002376,0.661293,0.400000,0.520000,0.880000,0.000000,0.100000,0.459656
411,-1.349878,-1.520095,-0.755311,0.459491,0.002390,0.661108,0.400000,0.520000,0.880000,0.000000,0.100000,0.459491
412,-1.346517,-1.523227,-0.748700,0.459326,0.002403,0.660923,0.400000,0.520000,0.880000,0.000000,0.100000,0.459326
413,-1.343135,-1.526336,-0.742091,0.459161,0.002417,0.660738,0.400000,0.520000,0.900000,0.000000,0.100000,0.459161
414,-1.339735,-1.529421,-0.735483,0.458997,0.002431,0.660553,0.400000,0.520000,0.900000,0.000000,0.100000,0.458997
415,-1.336315,-1.532483,-0.728878,0.458832,0.002444,0.660369,0.380000,0.520000,0.920000,0.000000,0.100000,0.458832
416,-1.332876,-1.535521,-0.722274,0.458668,0.002458,0.660185,0.380000,0.520000,0.920000,0.000000,0.100000,0.458668
417,-1.329419,-1.538535,-0.715672,0.458504,0.002472,0.660000,0.380000,0.520000,0.920000,0.000000,0.100000,0.458504
418,-1.325942,-1.541524,-0.709072,0.458340,0.002485,0.659816,0.380000,0.520000,0.940000,0.000000,0.100000,0.458340
419,-1.322447,-1.544490,-0.702474,0.458177,0.002499,0.659633,0.380000,0.520000,0.940000,0.000000,0.100000,0.458177
420,-1.318934,-1.547431,-0.695878,0.458013,0.002512,0.659449,0.380000,0.520000,0.960000,0.000000,0.100000,0.458013
421,-1.315403,-1.550348,-0.689283,0.457850,0.002526,0.659266,0.380000,0.520000,0.960000,0.000000,0.100000,0.457850
422,-1.311854,-1.553240,-0.682691,0.457687,0.002539,0.659082,0.380000,0.520000,0.980000,0.000000,0.100000,0.457687
423,-1.308287,-1.556108,-0.676100,0.457524,0.002553,0.658899,0.380000,0.520000,1.000000,0.000000,0.100000,0.457524
424,-1.304702,-1.558951,-0.669511,0.457362,0.002566,0.658716,0.380000,0.520000,1.000000,0.000000,0.100000,0.457362
425,-1.301100,-1.561769,-0.662924,0.457200,0.002579,0.658534,0.380000,0.520000,1.000000,0.000000,0.100000,0.457200
426,-1.297480,-1.564563,-0.656338,0.457037,0.002593,0.658351,0.380000,0.520000,1.000000,0.000000,0.100000,0.457037
427,-1.293843,-1.567331,-0.649755,0.456875,0.002606,0.658169,0.380000,0.520000,1.000000,0.000000,0.100000,0.456875
428,-1.290190,-1.570074,-0.643173,0.456714,0.002619,0.657987,0.380000,0.520000,1.000000,0.000000,0.100000,0.456714
429,-1.286520,-1.572793,-0.636593,0.456552,0.002632,0.657805,0.380000,0.520000,1.000000,0.000000,0.100000,0.456552
430,-1.282833,-1.575485,-0.630015,0.456391,0.002646,0.657623,0.380000,0.520000,1.000000,0.000000,0.100000,0.456391
431,-1.279129,-1.578153,-0.623439,0.456230,0.002659,0.657441,0.380000,0.520000,1.000000,0.000000,0.100000,0.456230
432,-1.275410,-1.580795,-0.616865,0.456069,0.002672,0.657260,0.360000,0.520000,1.000000,0.000000,0.100000,0.456069
433,-1.271674,-1.583411,-0.610292,0.455908,0.002685,0.657078,0.360000,0.520000,1.000000,0.000000,0.100000,0.455908
434,-1.267923,-1.586002,-0.603721,0.455747,0.002698,0.656897,0.360000,0.520000,1.000000,0.000000,0.100000,0.455747
435,-1.264156,-1.588567,-0.597152,0.455587,0.002711,0.656716,0.360000,0.520000,1.000000,0.000000,0.100000,0.455587
436,-1.260373,-1.591107,-0.590585,0.455427,0.002724,0.656536,0.360000,0.520000,1.000000,0.000000,0.100000,0.455427
437,-1.256575,-1.593620,-0.584020,0.455267,0.002737,0.656355,0.360000,0.520000,1.000000,0.000000,0.100000,0.455267
438,-1.252762,-1.596107,-0.577456,0.455107,0.002750,0.656175,0.360000,0.520000,1.000000,0.000000,0.100000,0.455107
439,-1.248934,-1.598569,-0.570894,0.454947,0.002763,0.655994,0.360000,0.540000,1.000000,0.000000,0.100000,0.454947
440,-1.245091,-1.601004,-0.564335,0.454788,0.002776,0.655814,0.360000,0.540000,1.000000,0.000000,0.100000,0.454788
441,-1.241233,-1.603413,-0.557776,0.454629,0.002789,0.655634,0.360000,0.540000,1.000000,0.000000,0.100000,0.454629
442,-1.237361,-1.605796,-0.551220,0.454470,0.002802,0.655455,0.360000,0.540000,1.000000,0.000000,0.100000,0.454470
443,-1.233475,-1.608152,-0.544666,0.454311,0.002815,0.655275,0.360000,0.540000,1.000000,0.000000,0.100000,0.454311
444,-1.229575,-1.610482,-0.538113,0.454152,0.002827,0.655096,0.360000,0.540000,1.000000,0.000000,0.100000,0.454152
445,-1.225660,-1.612785,-0.531562,0.453994,0.002840,0.654916,0.360000,0.540000,1.000000,0.000000,0.100000,0.453994
446,-1.221732,-1.615062,-0.525013,0.453835,0.002853,0.654737,0.360000,0.540000,1.000000,0.000000,0.100000,0.453835
447,-1.217791,-1.617312,-0.518465,0.453677,0.002866,0.654558,0.360000,0.540000,1.000000,0.000000,0.100000,0.453677
448,-1.213836,-1.619535,-0.511920,0.453519,0.002878,0.654380,0.360000,0.540000,1.000000,0.000000,0.100000,0.453519
449,-1.209868,-1.621732,-0.505376,0.453362,0.002891,0.654201,0.360000,0.560000,1.000000,0.000000,0.100000,0.453362
450,-1.205888,-1.623901,-0.498834,0.453204,0.002904,0.654023,0.360000,0.560000,1.000000,0.000000,0.100000,0.453204
451,-1.201894,-1.626044,-0.492294,0.453047,0.002916,0.653845,0.360000,0.560000,1.000000,0.000000,0.100000,0.453047
452,-1.197888,-1.628160,-0.485755,0.452890,0.002929,0.653667,0.360000,0.560000,1.000000,0.000000,0.100000,0.452890
453,-1.193869,-1.630248,-0.479219,0.452733,0.002941,0.653489,0.360000,0.560000,1.000000,0.000000,0.100000,0.452733
454,-1.189838,-1.632310,-0.472684,0.452576,0.002954,0.653311,0.360000,0.560000,1.000000,0.000000,0.100000,0.452576
455,-1.185795,-1.634344,-0.466151,0.452420,0.002966,0.653134,0.360000,0.580000,1.000000,0.000000,0.100000,0.452420
456,-1.181740,-1.636351,-0.459619,0.452263,0.002979,0.652956,0.360000,0.580000,1.000000,0.000000,0.100000,0.452263
457,-1.177674,-1.638330,-0.453090,0.452107,0.002991,0.652779,0.360000,0.580000,1.000000,0.000000,0.100000,0.452107
458,-1.173596,-1.640282,-0.446562,0.451951,0.003004,0.652602,0.360000,0.580000,1.000000,0.000000,0.100000,0.451951
459,-1.169506,-1.642207,-0.440036,0.451795,0.003016,0.652425,0.360000,0.580000,1.000000,0.000000,0.100000,0.451795
460,-1.165406,-1.644104,-0.433512,0.451640,0.003028,0.652248,0.360000,0.600000,1.000000,0.000000,0.100000,0.451640
461,-1.161295,-1.645974,-0.426989,0.451484,0.003041,0.652072,0.360000,0.600000,1.000000,0.000000,0.100000,0.451484
462,-1.157173,-1.647816,-0.420468,0.451329,0.003053,0.651896,0.360000,0.600000,1.000000,0.000000,0.100000,0.451329
463,-1.153040,-1.649630,-0.413949,0.451174,0.003065,0.651719,0.360000,0.600000,1.000000,0.000000,0.100000,0.451174
464,-1.148897,-1.651417,-0.407432,0.451019,0.003077,0.651543,0.360000,0.620000,1.000000,0.000000,0.100000,0.451019
465,-1.144744,-1.653176,-0.400917,0.450864,0.003090,0.651368,0.360000,0.620000,1.000000,0.000000,0.100000,0.450864
466,-1.140581,-1.654907,-0.394403,0.450710,0.003102,0.651192,0.360000,0.620000,1.000000,0.000000,0.100000,0.450710
467,-1.136408,-1.656610,-0.387891,0.450555,0.003114,0.651016,0.360000,0.640000,1.000000,0.000000,0.100000,0.450555
468,-1.132225,-1.658286,-0.381381,0.450401,0.003126,0.650841,0.360000,0.640000,1.000000,0.000000,0.100000,0.450401
469,-1.128033,-1.659933,-0.374873,0.450247,0.003138,0.650666,0.360000,0.640000,1.000000,0.000000,0.100000,0.450247
470,-1.123832,-1.661553,-0.368366,0.450093,0.003150,0.650491,0.360000,0.660000,1.000000,0.000000,0.100000,0.450093
471,-1.119621,-1.663144,-0.361861,0.449940,0.003162,0.650316,0.360000,0.660000,1.000000,0.000000,0.100000,0.449940
472,-1.115402,-1.664707,-0.355358,0.449786,0.003174,0.650141,0.360000,0.660000,1.000000,0.000000,0.100000,0.449786
473,-1.111174,-1.666242,-0.348856,0.449633,0.003186,0.649967,0.360000,0.680000,1.000000,0.000000,0.100000,0.449633
474,-1.106938,-1.667749,-0.342357,0.449480,0.003198,0.649792,0.360000,0.680000,1.000000,0.000000,0.100000,0.449480
475,-1.102693,-1.669228,-0.335859,0.449327,0.003210,0.649618,0.360000,0.700000,1.000000,0.000000,0.100000,0.449327
476,-1.098440,-1.670679,-0.329363,0.449174,0.003222,0.649444,0.360000,0.700000,1.000000,0.000000,0.100000,0.449174
477,-1.094180,-1.672101,-0.322868,0.449022,0.003234,0.649270,0.360000,0.720000,1.000000,0.000000,0.100000,0.449022
478,-1.089911,-1.673495,-0.316376,0.448870,0.003246,0.649097,0.360000,0.720000,1.000000,0.000000,0.100000,0.448870
479,-1.085635,-1.674861,-0.309885,0.448717,0.003258,0.648923,0.360000,0.740000,1.000000,0.000000,0.100000,0.448717
480,-1.081352,-1.676198,-0.303395,0.448565,0.003270,0.648750,0.380000,0.740000,1.000000,0.000000,0.100000,0.448565
481,-1.077061,-1.677507,-0.296908,0.448414,0.003281,0.648576,0.380000,0.760000,1.000000,0.000000,0.100000,0.448414
482,-1.072764,-1.678788,-0.290422,0.448262,0.003293,0.648403,0.380000,0.760000,1.000000,0.000000,0.100000,0.448262
483,-1.068459,-1.680040,-0.283938,0.448110,0.003305,0.648231,0.380000,0.780000,1.000000,0.000000,0.100000,0.448110
484,-1.064148,-1.681263,-0.277456,0.447959,0.003316,0.648058,0.380000,0.800000,1.000000,0.000000,0.100000,0.447959
485,-1.059831,-1.682458,-0.270975,0.447808,0.003328,0.647885,0.380000,0.800000,1.000000,0.000000,0.100000,0.447808
486,-1.055508,-1.683625,-0.264496,0.447657,0.003340,0.647713,0.380000,0.820000,1.000000,0.000000,0.100000,0.447657
487,-1.051178,-1.684763,-0.258019,0.447506,0.003351,0.647541,0.380000,0.840000,1.000000,0.000000,0.100000,0.447506
488,-1.046842,-1.685872,-0.251544,0.447356,0.003363,0.647369,0.380000,0.860000,1.000000,0.000000,0.100000,0.447356
489,-1.042501,-1.686953,-0.245070,0.447205,0.003375,0.647197,0.380000,0.880000,1.000000,0.000000,0.100000,0.447205
490,-1.038155,-1.688006,-0.238598,0.447055,0.003386,0.647025,0.380000,0.900000,1.000000,0.000000,0.100000,0.447055
491,-1.033803,-1.689029,-0.232128,0.446905,0.003398,0.646853,0.400000,0.920000,1.000000,0.000000,0.100000,0.446905
492,-1.029446,-1.690024,-0.225659,0.446755,0.003409,0.646682,0.400000,0.940000,1.000000,0.000000,0.100000,0.446755
493,-1.025084,-1.690991,-0.219193,0.446606,0.003421,0.646510,0.400000,0.960000,1.000000,0.000000,0.100000,0.446606
494,-1.020717,-1.691928,-0.212727,0.446456,0.003432,0.646339,0.400000,0.980000,1.000000,0.000000,0.100000,0.446456
495,-1.016346,-1.692838,-0.206264,0.446307,0.003444,0.646168,0.400000,1.000000,1.000000,0.000000,0.100000,0.446307
496,-1.011971,-1.693718,-0.199802,0.446157,0.003455,0.645998,0.400000,1.000000,1.000000,0.000000,0.100000,0.446157
497,-1.007591,-1.694570,-0.193342,0.446008,0.003466,0.645827,0.400000,1.000000,1.000000,0.000000,0.100000,0.446008
498,-1.003207,-1.695392,-0.186884,0.445860,0.003478,0.645656,0.400000,1.000000,1.000000,0.000000,0.100000,0.445860
499,-0.998820,-1.696187,-0.180428,0.445711,0.003489,0.645486,0.420000,1.000000,1.000000,0.000000,0.100000,0.445711
500,-0.994429,-1.696952,-0.173973,0.445562,0.003500,0.645316,0.420000,1.000000,1.000000,0.000000,0.100000,0.445562
501,-0.990034,-1.697689,-0.167520,0.445414,0.003512,0.645146,0.420000,1.000000,1.000000,0.000000,0.100000,0.445414
502,-0.985637,-1.698397,-0.161068,0.445266,0.003523,0.644976,0.420000,1.000000,1.000000,0.000000,0.100000,0.445266
503,-0.981236,-1.699076,-0.154618,0.445118,0.003534,0.644806,0.420000,1.000000,1.000000,0.000000,0.100000,0.445118
504,-0.976832,-1.699727,-0.148170,0.444970,0.003545,0.644637,0.420000,1.000000,1.000000,0.000000,0.100000,0.444970
505,-0.972426,-1.700349,-0.141724,0.444823,0.003557,0.644467,0.440000,1.000000,0.980000,0.000000,0.100000,0.444823
506,-0.968018,-1.700942,-0.135279,0.444675,0.003568,0.644298,0.440000,1.000000,0.960000,0.000000,0.100000,0.444675
507,-0.963607,-1.701506,-0.128836,0.444528,0.003579,0.644129,0.440000,1.000000,0.940000,0.000000,0.100000,0.444528
508,-0.959194,-1.702042,-0.122395,0.444381,0.003590,0.643960,0.440000,1.000000,0.900000,0.000000,0.100000,0.444381
509,-0.954779,-1.702549,-0.115955,0.444234,0.003601,0.643791,0.460000,1.000000,0.880000,0.000000,0.100000,0.444234
510,-0.950362,-1.703027,-0.109517,0.444087,0.003612,0.643623,0.460000,1.000000,0.860000,0.000000,0.100000,0.444087
511,-0.945944,-1.703476,-0.103081,0.443940,0.003623,0.643454,0.460000,1.000000,0.840000,0.000000,0.100000,0.443940
512,-0.941524,-1.703897,-0.096647,0.443794,0.003634,0.643286,0.460000,1.000000,0.820000,0.000000,0.100000,0.443794
513,-0.937104,-1.704289,-0.090214,0.443647,0.003645,0.643118,0.480000,1.000000,0.800000,0.000000,0.100000,0.443647
514,-0.932682,-1.704653,-0.083783,0.443501,0.003656,0.642950,0.480000,1.000000,0.780000,0.000000,0.100000,0.443501
515,-0.928259,-1.704987,-0.077353,0.443355,0.003667,0.642782,0.480000,1.000000,0.780000,0.000000,0.100000,0.443355
516,-0.923836,-1.705293,-0.070925,0.443210,0.003678,0.642614,0.500000,1.000000,0.760000,0.000000,0.100000,0.443210
517,-0.919413,-1.705571,-0.064499,0.443064,0.003689,0.642447,0.500000,1.000000,0.740000,0.100000,0.100000,0.443064
518,-0.914989,-1.705820,-0.058075,0.449918,0.003700,0.642279,0.500000,1.000000,0.720000,0.100000,0.100000,0.449918
519,-0.910495,-1.706044,-0.051652,0.456770,0.003669,0.644107,0.520000,1.000000,0.700000,0.100000,0.100000,0.456770
520,-0.905932,-1.706243,-0.045211,0.463619,0.003594,0.647444,0.520000,1.000000,0.700000,0.100000,0.100000,0.463619
521,-0.901299,-1.706417,-0.038736,0.470465,0.003473,0.651918,0.520000,1.000000,0.680000,0.100000,0.100000,0.470465
522,-0.896596,-1.706564,-0.032217,0.477308,0.003309,0.657245,0.540000,1.000000,0.660000,0.100000,0.100000,0.477308
523,-0.891824,-1.706685,-0.025645,0.484148,0.003100,0.663205,0.540000,1.000000,0.660000,0.000000,0.100000,0.484148
524,-0.886984,-1.706778,-0.019013,0.483983,0.002850,0.669630,0.560000,1.000000,0.640000,0.000000,0.100000,0.483983
525,-0.882144,-1.706841,-0.012316,0.483817,0.002605,0.674643,0.560000,1.000000,0.640000,0.000000,0.100000,0.483817
526,-0.877306,-1.706875,-0.005570,0.483648,0.002371,0.678511,0.580000,1.000000,0.620000,0.000000,0.100000,0.483648
527,-0.872470,-1.706878,0.001215,0.483478,0.002151,0.681454,0.580000,1.000000,0.600000,0.000000,0.100000,0.483478
528,-0.867635,-1.706851,0.008030,0.483305,0.001949,0.683656,0.600000,1.000000,0.600000,0.000000,0.100000,0.483305
529,-0.862802,-1.706793,0.014866,0.483130,0.001764,0.685265,0.600000,1.000000,0.580000,0.000000,0.100000,0.483130
530,-0.857972,-1.706703,0.021719,0.482953,0.001597,0.686404,0.620000,1.000000,0.580000,0.000000,0.100000,0.482953
531,-0.853143,-1.706582,0.028583,0.482774,0.001449,0.687172,0.620000,1.000000,0.560000,0.000000,0.100000,0.482774
532,-0.848318,-1.706430,0.035455,0.482593,0.001317,0.687650,0.640000,1.000000,0.560000,0.000000,0.100000,0.482593
533,-0.843496,-1.706246,0.042331,0.482411,0.001202,0.687903,0.660000,1.000000,0.540000,0.000000,0.100000,0.482411
534,-0.838676,-1.706029,0.049210,0.482228,0.001102,0.687983,0.680000,1.000000,0.540000,0.000000,0.100000,0.482228
535,-0.833861,-1.705781,0.056090,0.482043,0.001016,0.687933,0.680000,1.000000,0.520000,0.000000,0.100000,0.482043
536,-0.829048,-1.705501,0.062969,0.481857,0.000942,0.687785,0.700000,1.000000,0.520000,0.000000,0.100000,0.481857
537,-0.824240,-1.705188,0.069847,0.481670,0.000880,0.687566,0.720000,1.000000,0.520000,0.000000,0.100000,0.481670
538,-0.819435,-1.704843,0.076723,0.481483,0.000829,0.687297,0.740000,1.000000,0.500000,0.100000,0.100000,0.481483
539,-0.814635,-1.704466,0.083596,0.488294,0.000786,0.686993,0.760000,1.000000,0.500000,0.000000,0.100000,0.488294
540,-0.809770,-1.704050,0.090466,0.488103,0.000701,0.688491,0.780000,1.000000,0.480000,0.000000,-0.200000,0.488103
541,-0.804910,-1.703602,0.097351,0.486850,-0.007240,0.353354,0.800000,1.000000,0.480000,0.000000,-0.200000,0.486850
542,-0.800057,-1.703201,0.100884,0.485702,-0.013083,0.056793,0.820000,1.000000,0.480000,0.000000,-0.200000,0.485702
543,-0.795212,-1.702842,0.101452,0.484698,-0.017129,-0.200238,0.820000,1.000000,0.480000,0.100000,-0.200000,0.484698
544,-0.790372,-1.702522,0.099450,0.490846,-0.019694,-0.419164,0.820000,1.000000,0.480000,0.100000,-0.200000,0.490846
545,-0.785469,-1.702230,0.095258,0.497127,-0.021078,-0.603698,0.800000,1.000000,0.480000,0.100000,-0.200000,0.497127
546,-0.780500,-1.701967,0.089221,0.503518,-0.021525,-0.758481,0.780000,1.000000,0.480000,0.100000,-0.200000,0.503518
547,-0.775466,-1.701733,0.081636,0.509991,-0.021244,-0.888021,0.760000,1.000000,0.500000,0.100000,0.100000,0.509991
548,-0.770365,-1.701529,0.072756,0.516633,-0.012029,-0.638202,0.740000,1.000000,0.500000,0.100000,0.100000,0.516633
549,-0.765204,-1.701273,0.066374,0.523236,-0.004838,-0.417028,0.720000,1.000000,0.500000,0.100000,0.100000,0.523236
550,-0.759980,-1.700975,0.062204,0.529848,0.000597,-0.224606,0.720000,1.000000,0.520000,0.100000,0.100000,0.529848
551,-0.754692,-1.700639,0.059958,0.536494,0.004550,-0.059173,0.700000,1.000000,0.520000,0.000000,0.100000,0.536494
552,-0.749339,-1.700272,0.059366,0.536183,0.007282,0.081981,0.700000,1.000000,0.520000,0.000000,0.100000,0.536183
553,-0.743991,-1.699882,0.060186,0.535917,0.009018,0.201769,0.720000,1.000000,0.520000,0.000000,0.100000,0.535917
554,-0.738647,-1.699469,0.062203,0.535691,0.009974,0.302667,0.720000,1.000000,0.500000,0.000000,0.100000,0.535691
555,-0.733307,-1.699037,0.065230,0.535498,0.010329,0.387106,0.720000,1.000000,0.500000,0.000000,0.100000,0.535498
556,-0.727970,-1.698585,0.069101,0.535331,0.010233,0.457358,0.740000,1.000000,0.500000,0.000000,0.100000,0.535331
557,-0.722637,-1.698113,0.073675,0.535182,0.009808,0.515481,0.760000,1.000000,0.500000,0.000000,0.100000,0.535182
558,-0.717307,-1.697621,0.078830,0.535043,0.009151,0.563310,0.760000,1.000000,0.480000,0.000000,-0.200000,0.535043
559,-0.711980,-1.697109,0.084463,0.533815,0.000547,0.269106,0.780000,1.000000,0.480000,0.000000,-0.200000,0.533815
560,-0.706661,-1.696653,0.087154,0.532652,-0.005977,0.002725,0.800000,1.000000,0.480000,0.000000,-0.200000,0.532652
561,-0.701350,-1.696249,0.087181,0.531597,-0.010688,-0.233758,0.800000,1.000000,0.480000,0.100000,-0.200000,0.531597
562,-0.696045,-1.695892,0.084843,0.537663,-0.013864,-0.440264,0.780000,1.000000,0.480000,0.100000,-0.200000,0.537663
563,-0.690676,-1.695575,0.080441,0.543844,-0.015762,-0.618832,0.780000,1.000000,0.480000,0.100000,-0.200000,0.543844
564,-0.685242,-1.695295,0.074252,0.550121,-0.016612,-0.772291,0.760000,1.000000,0.480000,0.100000,-0.200000,0.550121
565,-0.679744,-1.695052,0.066530,0.556474,-0.016614,-0.903667,0.740000,1.000000,0.500000,0.100000,0.100000,0.556474
566,-0.674180,-1.694848,0.057493,0.563106,-0.007496,-0.654752,0.720000,1.000000,0.500000,0.100000,0.100000,0.563106
567,-0.668554,-1.694600,0.050945,0.569706,-0.000461,-0.433454,0.700000,1.000000,0.520000,0.100000,0.100000,0.569706
568,-0.662864,-1.694314,0.046611,0.576320,0.004771,-0.239553,0.700000,1.000000,0.520000,0.100000,0.100000,0.576320
569,-0.657110,-1.693998,0.044215,0.582971,0.008480,-0.071330,0.700000,1.000000,0.520000,0.000000,0.100000,0.582971
570,-0.651289,-1.693655,0.043502,0.582669,0.010929,0.073670,0.700000,1.000000,0.520000,0.000000,0.100000,0.582669
571,-0.645473,-1.693293,0.044239,0.582413,0.012343,0.198093,0.700000,1.000000,0.520000,0.000000,0.100000,0.582413
572,-0.639660,-1.692912,0.046220,0.582198,0.012939,0.304126,0.700000,1.000000,0.520000,0.000000,0.100000,0.582198
573,-0.633850,-1.692514,0.049261,0.582018,0.012903,0.393933,0.700000,1.000000,0.520000,0.000000,0.100000,0.582018
574,-0.628043,-1.692098,0.053200,0.581862,0.012391,0.469559,0.720000,1.000000,0.500000,0.000000,0.100000,0.581862
575,-0.622240,-1.691665,0.057896,0.581721,0.011530,0.532886,0.720000,1.000000,0.500000,0.000000,0.100000,0.581721
576,-0.616439,-1.691213,0.063225,0.581590,0.010424,0.585620,0.740000,1.000000,0.500000,0.000000,0.100000,0.581590
577,-0.610641,-1.690742,0.069081,0.581460,0.009158,0.629282,0.760000,1.000000,0.480000,0.000000,-0.200000,0.581460
578,-0.604847,-1.690249,0.075374,0.580235,-0.000004,0.331593,0.780000,1.000000,0.480000,0.000000,-0.200000,0.580235
579,-0.599061,-1.689812,0.078690,0.579063,-0.006922,0.059074,0.780000,1.000000,0.480000,0.000000,-0.200000,0.579063
580,-0.593283,-1.689426,0.079280,0.577990,-0.011870,-0.185795,0.800000,1.000000,0.480000,0.000000,-0.200000,0.577990
581,-0.587511,-1.689087,0.077422,0.577036,-0.015134,-0.402402,0.780000,1.000000,0.480000,0.100000,-0.200000,0.577036
582,-0.581747,-1.688791,0.073398,0.583197,-0.016998,-0.591510,0.780000,1.000000,0.480000,0.100000,-0.200000,0.583197
583,-0.575918,-1.688533,0.067483,0.589457,-0.017702,-0.755625,0.760000,1.000000,0.480000,0.100000,-0.200000,0.589457
584,-0.570025,-1.688312,0.059927,0.595792,-0.017460,-0.897379,0.740000,1.000000,0.480000,0.100000,-0.200000,0.595792
585,-0.564067,-1.688130,0.050953,0.602179,-0.016456,-1.019446,0.720000,1.000000,0.500000,0.100000,0.100000,0.602179
586,-0.558045,-1.687987,0.040759,0.608826,-0.006402,-0.763140,0.700000,1.000000,0.520000,0.100000,0.100000,0.608826
587,-0.551959,-1.687803,0.033127,0.615422,0.001393,-0.532529,0.680000,1.000000,0.520000,0.100000,0.100000,0.615422
588,-0.545809,-1.687586,0.027802,0.622022,0.007212,-0.327988,0.680000,1.000000,0.520000,0.100000,0.100000,0.622022
589,-0.539593,-1.687341,0.024522,0.628657,0.011342,-0.148355,0.660000,1.000000,0.540000,0.000000,0.100000,0.628657
590,-0.533311,-1.687073,0.023039,0.628339,0.014057,0.008348,0.660000,1.000000,0.540000,0.000000,0.100000,0.628339
591,-0.527032,-1.686788,0.023122,0.628072,0.015588,0.144517,0.660000,1.000000,0.540000,0.000000,0.100000,0.628072
592,-0.520757,-1.686487,0.024567,0.627853,0.016170,0.262050,0.680000,1.000000,0.520000,0.000000,0.100000,0.627853
593,-0.514484,-1.686171,0.027188,0.627672,0.016006,0.362884,0.680000,1.000000,0.520000,0.000000,0.100000,0.627672
594,-0.508214,-1.685840,0.030817,0.627519,0.015270,0.448891,0.680000,1.000000,0.520000,0.000000,0.100000,0.627519
595,-0.501947,-1.685494,0.035306,0.627386,0.014105,0.521836,0.700000,1.000000,0.520000,0.000000,0.100000,0.627386
596,-0.495682,-1.685132,0.040524,0.627262,0.012633,0.583351,0.700000,1.000000,0.500000,0.000000,0.100000,0.627262
597,-0.489419,-1.684751,0.046357,0.627140,0.010951,0.634928,0.720000,1.000000,0.500000,0.000000,0.100000,0.627140
598,-0.483160,-1.684351,0.052707,0.627013,0.009140,0.677910,0.740000,1.000000,0.480000,0.000000,-0.200000,0.627013
599,-0.476903,-1.683930,0.059486,0.625792,-0.000555,0.379208,0.760000,1.000000,0.480000,0.000000,-0.200000,0.625792
600,-0.470656,-1.683563,0.063278,0.624613,-0.007856,0.103257,0.760000,1.000000,0.480000,0.000000,-0.200000,0.624613
601,-0.464417,-1.683247,0.064310,0.623527,-0.013039,-0.147184,0.760000,1.000000,0.480000,0.000000,-0.200000,0.623527
602,-0.458187,-1.682976,0.062839,0.622555,-0.016398,-0.371104,0.760000,1.000000,0.480000,0.100000,-0.200000,0.622555
603,-0.451963,-1.682749,0.059128,0.628698,-0.018222,-0.568802,0.760000,1.000000,0.480000,0.100000,-0.200000,0.628698
604,-0.445676,-1.682559,0.053440,0.634940,-0.018762,-0.742139,0.740000,1.000000,0.480000,0.100000,-0.200000,0.634940
605,-0.439326,-1.682407,0.046018,0.641257,-0.018245,-0.893295,0.720000,1.000000,0.500000,0.100000,0.100000,0.641257
606,-0.432912,-1.682295,0.037085,0.647912,-0.008398,-0.662417,0.700000,1.000000,0.500000,0.100000,0.100000,0.647912
607,-0.426434,-1.682138,0.030461,0.654521,-0.000722,-0.452824,0.700000,1.000000,0.520000,0.100000,0.100000,0.654521
608,-0.419892,-1.681946,0.025933,0.661132,0.005047,-0.265073,0.680000,1.000000,0.520000,0.100000,0.100000,0.661132
609,-0.413284,-1.681724,0.023282,0.667771,0.009172,-0.098460,0.680000,1.000000,0.520000,0.000000,0.100000,0.667771
610,-0.406610,-1.681477,0.022297,0.667452,0.011906,0.048425,0.680000,1.000000,0.520000,0.000000,0.100000,0.667452
611,-0.399940,-1.681209,0.022782,0.667178,0.013468,0.177326,0.680000,1.000000,0.520000,0.000000,0.100000,0.667178
612,-0.393273,-1.680923,0.024555,0.666945,0.014077,0.289708,0.680000,1.000000,0.520000,0.000000,0.100000,0.666945
613,-0.386609,-1.680618,0.027452,0.666746,0.013927,0.387107,0.700000,1.000000,0.520000,0.000000,0.100000,0.666746
614,-0.379948,-1.680296,0.031323,0.666571,0.013182,0.471042,0.700000,1.000000,0.500000,0.000000,0.100000,0.666571
615,-0.373290,-1.679956,0.036034,0.666413,0.011983,0.542976,0.720000,1.000000,0.500000,0.000000,0.100000,0.666413
616,-0.366634,-1.679596,0.041463,0.666261,0.010450,0.604284,0.720000,1.000000,0.500000,0.000000,0.100000,0.666261
617,-0.359982,-1.679215,0.047506,0.666109,0.008680,0.656240,0.740000,1.000000,0.480000,0.000000,-0.200000,0.666109
618,-0.353332,-1.678812,0.054069,0.664894,-0.001117,0.363365,0.760000,1.000000,0.480000,0.000000,-0.200000,0.664894
619,-0.346692,-1.678464,0.057702,0.663718,-0.008453,0.091398,0.760000,1.000000,0.480000,0.000000,-0.200000,0.663718
620,-0.340061,-1.678166,0.058616,0.662632,-0.013603,-0.156943,0.760000,1.000000,0.480000,0.000000,-0.200000,0.662632
621,-0.333438,-1.677913,0.057047,0.661656,-0.016861,-0.380526,0.760000,1.000000,0.480000,0.100000,-0.200000,0.661656
622,-0.326823,-1.677704,0.053242,0.667792,-0.018518,-0.579414,0.760000,1.000000,0.480000,0.100000,-0.200000,0.667792
623,-0.320145,-1.677534,0.047447,0.674021,-0.018822,-0.755102,0.740000,1.000000,0.480000,0.100000,-0.200000,0.674021
624,-0.313403,-1.677402,0.039896,0.680322,-0.018003,-0.909416,0.720000,1.000000,0.480000,0.100000,-0.200000,0.680322
625,-0.306598,-1.677311,0.030802,0.686667,-0.016260,-1.044359,0.700000,1.000000,0.500000,0.100000,0.100000,0.686667
626,-0.299730,-1.677262,0.020359,0.693326,-0.005299,-0.799693,0.680000,1.000000,0.520000,0.100000,0.100000,0.693326
627,-0.292797,-1.677174,0.012362,0.699921,0.003266,-0.575870,0.680000,1.000000,0.520000,0.100000,0.100000,0.699921
628,-0.285798,-1.677054,0.006603,0.706509,0.009710,-0.373788,0.660000,1.000000,0.540000,0.100000,0.100000,0.706509
629,-0.278734,-1.676911,0.002865,0.713127,0.014309,-0.193013,0.660000,1.000000,0.540000,0.000000,0.100000,0.713127
630,-0.271603,-1.676747,0.000935,0.712792,0.017332,-0.032347,0.660000,1.000000,0.540000,0.000000,0.100000,0.712792
631,-0.264476,-1.676567,0.000611,0.712510,0.019008,0.109908,0.660000,1.000000,0.540000,0.000000,0.100000,0.712510
632,-0.257351,-1.676373,0.001711,0.712278,0.019576,0.235076,0.660000,1.000000,0.540000,0.000000,0.100000,0.712278
633,-0.250228,-1.676165,0.004061,0.712089,0.019250,0.344574,0.660000,1.000000,0.540000,0.000000,0.100000,0.712089
634,-0.243108,-1.675943,0.007507,0.711931,0.018214,0.439828,0.660000,1.000000,0.520000,0.000000,0.100000,0.711931
635,-0.235990,-1.675708,0.011905,0.711795,0.016629,0.522228,0.680000,1.000000,0.520000,0.000000,0.100000,0.711795
636,-0.228875,-1.675457,0.017128,0.711669,0.014631,0.593105,0.680000,1.000000,0.520000,0.000000,0.100000,0.711669
637,-0.221762,-1.675189,0.023059,0.711543,0.012335,0.653718,0.700000,1.000000,0.500000,0.000000,0.100000,0.711543
638,-0.214651,-1.674901,0.029596,0.711409,0.009838,0.705242,0.720000,1.000000,0.500000,0.000000,0.100000,0.711409
639,-0.207543,-1.674592,0.036648,0.711260,0.007217,0.748764,0.720000,1.000000,0.480000,0.000000,-0.200000,0.711260
640,-0.200438,-1.674260,0.044136,0.710039,-0.003345,0.448138,0.740000,1.000000,0.480000,0.000000,-0.200000,0.710039
641,-0.193343,-1.673980,0.048617,0.708850,-0.011238,0.167045,0.760000,1.000000,0.480000,0.000000,-0.200000,0.708850
642,-0.186257,-1.673747,0.050288,0.707748,-0.016745,-0.091536,0.760000,1.000000,0.480000,0.000000,-0.200000,0.707748
643,-0.179180,-1.673559,0.049372,0.706762,-0.020168,-0.326174,0.760000,1.000000,0.480000,0.100000,-0.200000,0.706762
644,-0.172111,-1.673412,0.046111,0.712892,-0.021810,-0.536612,0.760000,1.000000,0.480000,0.100000,-0.200000,0.712892
645,-0.164980,-1.673301,0.040745,0.719124,-0.021942,-0.723872,0.740000,1.000000,0.480000,0.100000,-0.200000,0.719124
646,-0.157786,-1.673227,0.033506,0.725432,-0.020806,-0.889486,0.720000,1.000000,0.480000,0.100000,-0.200000,0.725432
647,-0.150529,-1.673192,0.024611,0.731789,-0.018623,-1.035213,0.700000,1.000000,0.500000,0.100000,0.100000,0.731789
648,-0.143208,-1.673198,0.014259,0.738468,-0.007109,-0.800517,0.680000,1.000000,0.520000,0.100000,0.100000,0.738468
649,-0.135823,-1.673164,0.006254,0.745071,0.001967,-0.583724,0.660000,1.000000,0.520000,0.100000,0.100000,0.745071
650,-0.128373,-1.673098,0.000416,0.751660,0.008863,-0.386074,0.660000,1.000000,0.540000,0.100000,0.100000,0.751660
651,-0.120856,-1.673006,-0.003444,0.758270,0.013848,-0.207553,0.660000,1.000000,0.540000,0.100000,0.100000,0.758270
652,-0.113273,-1.672894,-0.005520,0.764923,0.017179,-0.047389,0.640000,1.000000,0.540000,0.000000,0.100000,0.764923
653,-0.105623,-1.672764,-0.005994,0.764625,0.019098,0.095593,0.640000,1.000000,0.540000,0.000000,0.100000,0.764625
654,-0.097976,-1.672619,-0.005038,0.764376,0.019818,0.222728,0.640000,1.000000,0.540000,0.000000,0.100000,0.764376
655,-0.090331,-1.672459,-0.002811,0.764170,0.019552,0.335130,0.660000,1.000000,0.540000,0.000000,0.100000,0.764170
656,-0.082689,-1.672285,0.000541,0.763997,0.018489,0.433959,0.660000,1.000000,0.520000,0.000000,0.100000,0.763997
657,-0.075049,-1.672096,0.004880,0.763846,0.016795,0.520378,0.660000,1.000000,0.520000,0.000000,0.100000,0.763846
658,-0.067412,-1.671891,0.010084,0.763706,0.014613,0.595525,0.680000,1.000000,0.520000,0.000000,0.100000,0.763706
659,-0.059776,-1.671668,0.016039,0.763565,0.012067,0.660498,0.700000,1.000000,0.500000,0.000000,0.100000,0.763565
660,-0.052144,-1.671425,0.022644,0.763414,0.009261,0.716343,0.700000,1.000000,0.500000,0.000000,0.100000,0.763414
661,-0.044514,-1.671159,0.029808,0.763245,0.006283,0.764047,0.720000,1.000000,0.480000,0.000000,-0.200000,0.763245
662,-0.036886,-1.670869,0.037448,0.762024,-0.004719,0.465609,0.740000,1.000000,0.480000,0.000000,-0.200000,0.762024
663,-0.029270,-1.670631,0.042104,0.760829,-0.012911,0.184876,0.740000,1.000000,0.480000,0.000000,-0.200000,0.760829
664,-0.021663,-1.670440,0.043953,0.759720,-0.018575,-0.075132,0.760000,1.000000,0.480000,0.000000,-0.200000,0.759720
665,-0.014065,-1.670291,0.043202,0.758725,-0.022016,-0.312822,0.760000,1.000000,0.480000,0.100000,-0.200000,0.758725
666,-0.006475,-1.670184,0.040074,0.764848,-0.023540,-0.527693,0.740000,1.000000,0.480000,0.100000,-0.200000,0.764848
667,0.001177,-1.670112,0.034797,0.771072,-0.023423,-0.720386,0.740000,1.000000,0.480000,0.100000,-0.200000,0.771072
668,0.008891,-1.670078,0.027593,0.777373,-0.021916,-0.892085,0.720000,1.000000,0.480000,0.100000,-0.200000,0.777373
669,0.016668,-1.670083,0.018672,0.783719,-0.019247,-1.044235,0.700000,1.000000,0.500000,0.100000,0.100000,0.783719
670,0.024507,-1.670129,0.008230,0.790407,-0.007139,-0.815782,0.680000,1.000000,0.520000,0.100000,0.100000,0.790407
671,0.032412,-1.670135,0.000072,0.797011,0.002459,-0.603068,0.660000,1.000000,0.520000,0.100000,0.100000,0.797011
672,0.040382,-1.670110,-0.005959,0.803592,0.009795,-0.407516,0.660000,1.000000,0.540000,0.100000,0.100000,0.803592
673,0.048418,-1.670060,-0.010034,0.810191,0.015130,-0.229384,0.640000,1.000000,0.540000,0.100000,0.100000,0.810191
674,0.056521,-1.669990,-0.012328,0.816831,0.018718,-0.068203,0.640000,1.000000,0.540000,0.000000,0.100000,0.816831
675,0.064691,-1.669904,-0.013010,0.816521,0.020797,0.076905,0.640000,1.000000,0.540000,0.000000,0.100000,0.816521
676,0.072858,-1.669802,-0.012241,0.816262,0.021581,0.207031,0.640000,1.000000,0.540000,0.000000,0.100000,0.816262
677,0.081023,-1.669686,-0.010171,0.816048,0.021284,0.323075,0.640000,1.000000,0.540000,0.000000,0.100000,0.816048
678,0.089185,-1.669556,-0.006940,0.815869,0.020103,0.426002,0.660000,1.000000,0.540000,0.000000,0.100000,0.815869
679,0.097345,-1.669412,-0.002680,0.815714,0.018208,0.516800,0.660000,1.000000,0.520000,0.000000,0.100000,0.815714
680,0.105503,-1.669251,0.002488,0.815570,0.015751,0.596458,0.680000,1.000000,0.520000,0.000000,0.100000,0.815570
681,0.113658,-1.669074,0.008453,0.815425,0.012864,0.665944,0.680000,1.000000,0.520000,0.000000,0.100000,0.815425
682,0.121811,-1.668876,0.015112,0.815269,0.009660,0.726202,0.700000,1.000000,0.500000,0.000000,0.100000,0.815269
683,0.129961,-1.668656,0.022374,0.815092,0.006235,0.778138,0.720000,1.000000,0.500000,0.000000,0.100000,0.815092
684,0.138109,-1.668412,0.030156,0.814887,0.002672,0.822614,0.720000,1.000000,0.480000,0.000000,-0.200000,0.814887
685,0.146253,-1.668139,0.038382,0.813650,-0.008942,0.519151,0.740000,1.000000,0.480000,0.000000,-0.200000,0.813650
686,0.154387,-1.667916,0.043573,0.812439,-0.017541,0.232456,0.760000,1.000000,0.460000,0.000000,-0.200000,0.812439
687,0.162511,-1.667738,0.045898,0.811321,-0.023413,-0.034419,0.760000,1.000000,0.460000,0.000000,-0.200000,0.811321
688,0.170627,-1.667599,0.045554,0.810325,-0.026871,-0.279782,0.740000,1.000000,0.460000,0.100000,-0.200000,0.810325
689,0.178734,-1.667499,0.042756,0.816458,-0.028235,-0.502975,0.740000,1.000000,0.460000,0.100000,-0.200000,0.816458
690,0.186903,-1.667432,0.037726,0.822701,-0.027794,-0.704341,0.740000,1.000000,0.480000,0.100000,-0.200000,0.822701
691,0.195135,-1.667399,0.030683,0.829027,-0.025815,-0.884823,0.740000,1.000000,0.480000,0.100000,-0.200000,0.829027
692,0.203429,-1.667403,0.021834,0.835403,-0.022538,-1.045634,0.720000,1.000000,0.480000,0.100000,-0.200000,0.835403
693,0.211786,-1.667446,0.011378,0.841790,-0.018182,-1.188156,0.700000,1.000000,0.500000,0.100000,0.100000,0.841790
694,0.220205,-1.667532,-0.000503,0.848487,-0.004460,-0.951186,0.660000,1.000000,0.520000,0.100000,0.100000,0.848487
695,0.228690,-1.667581,-0.010015,0.855070,0.006504,-0.728766,0.660000,1.000000,0.540000,0.100000,0.100000,0.855070
696,0.237241,-1.667601,-0.017303,0.861615,0.014962,-0.522679,0.640000,1.000000,0.540000,0.100000,0.100000,0.861615
697,0.245858,-1.667601,-0.022530,0.868174,0.021180,-0.333479,0.640000,1.000000,0.560000,0.100000,0.100000,0.868174
698,0.254543,-1.667585,-0.025865,0.874778,0.025422,-0.160932,0.620000,1.000000,0.560000,0.000000,0.100000,0.874778
699,0.263294,-1.667557,-0.027474,0.874440,0.027942,-0.004355,0.620000,1.000000,0.560000,0.000000,0.100000,0.874440
700,0.272043,-1.667518,-0.027517,0.874166,0.028957,0.137266,0.620000,1.000000,0.560000,0.000000,0.100000,0.874166
701,0.280789,-1.667469,-0.026145,0.873950,0.028702,0.264687,0.620000,1.000000,0.560000,0.000000,0.100000,0.873950
702,0.289533,-1.667410,-0.023498,0.873783,0.027389,0.378741,0.640000,1.000000,0.560000,0.000000,0.100000,0.873783
703,0.298275,-1.667342,-0.019710,0.873649,0.025209,0.480295,0.640000,1.000000,0.540000,0.000000,0.100000,0.873649
704,0.307015,-1.667262,-0.014908,0.873536,0.022332,0.570224,0.640000,1.000000,0.540000,0.000000,0.100000,0.873536
705,0.315753,-1.667169,-0.009205,0.873428,0.018908,0.649403,0.640000,1.000000,0.540000,0.000000,0.100000,0.873428
706,0.324488,-1.667060,-0.002711,0.873312,0.015068,0.718701,0.620000,1.000000,0.520000,0.000000,0.100000,0.873312
707,0.333222,-1.666933,0.004476,0.873175,0.010925,0.778970,0.620000,1.000000,0.520000,0.000000,0.100000,0.873175
708,0.341953,-1.666785,0.012265,0.873007,0.006577,0.831042,0.620000,1.000000,0.500000,0.000000,0.100000,0.873007
709,0.350682,-1.666612,0.020576,0.872799,0.002108,0.875722,0.600000,1.000000,0.480000,0.000000,-0.100000,0.872799
710,0.359407,-1.666411,0.029333,0.872370,-0.008306,0.661779,0.600000,1.000000,0.480000,0.000000,-0.100000,0.872370
711,0.368130,-1.666239,0.035951,0.871917,-0.016221,0.462892,0.620000,1.000000,0.480000,0.000000,-0.100000,0.871917
712,0.376849,-1.666087,0.040580,0.871488,-0.021918,0.279804,0.620000,1.000000,0.460000,0.000000,-0.100000,0.871488
713,0.385566,-1.665953,0.043378,0.871107,-0.025674,0.112548,0.640000,1.000000,0.460000,0.000000,-0.100000,0.871107
714,0.394280,-1.665832,0.044503,0.870788,-0.027755,-0.039287,0.640000,1.000000,0.460000,0.000000,-0.100000,0.870788
715,0.402991,-1.665721,0.044110,0.870531,-0.028408,-0.176359,0.640000,1.000000,0.460000,0.000000,-0.100000,0.870531
716,0.411701,-1.665621,0.042347,0.870329,-0.027861,-0.299459,0.640000,1.000000,0.460000,0.100000,-0.100000,0.870329
717,0.420408,-1.665531,0.039352,0.877170,-0.026318,-0.409437,0.620000,1.000000,0.460000,0.100000,-0.100000,0.877170
718,0.429183,-1.665449,0.035258,0.884039,-0.023951,-0.507422,0.620000,1.000000,0.460000,0.100000,-0.100000,0.884039
719,0.438026,-1.665377,0.030184,0.890922,-0.020903,-0.594438,0.600000,1.000000,0.480000,0.100000,-0.100000,0.890922
720,0.446938,-1.665317,0.024239,0.897803,-0.017302,-0.671461,0.600000,1.000000,0.600000,0.100000,0.100000,0.897803
721,0.455917,-1.665272,0.017525,0.904444,-0.007406,-0.489125,0.580000,1.000000,0.600000,0.100000,0.100000,0.904444
722,0.464962,-1.665188,0.012633,0.911047,0.000304,-0.318346,0.580000,1.000000,0.600000,0.100000,0.100000,0.911047
723,0.474072,-1.665070,0.009450,0.917650,0.006041,-0.159887,0.580000,1.000000,0.620000,0.000000,0.100000,0.917650
724,0.483247,-1.664923,0.007851,0.917274,0.010020,-0.013916,0.580000,0.980000,0.620000,0.000000,0.100000,0.917274
725,0.492419,-1.664750,0.007712,0.916932,0.012439,0.119833,0.580000,0.980000,0.620000,0.000000,0.100000,0.916932
726,0.501587,-1.664555,0.008910,0.916625,0.013511,0.241622,0.580000,0.960000,0.620000,0.000000,0.100000,0.916625
727,0.510752,-1.664339,0.011326,0.916351,0.013432,0.351889,0.580000,0.960000,0.600000,0.000000,0.100000,0.916351
728,0.519913,-1.664100,0.014845,0.916102,0.012384,0.451183,0.580000,0.960000,0.600000,0.000000,0.100000,0.916102
729,0.529071,-1.663841,0.019357,0.915867,0.010530,0.540119,0.600000,0.940000,0.600000,0.000000,0.100000,0.915867
730,0.538226,-1.663558,0.024758,0.915635,0.008019,0.619351,0.600000,0.940000,0.580000,0.000000,0.100000,0.915635
731,0.547378,-1.663251,0.030952,0.915395,0.004981,0.689556,0.620000,0.940000,0.580000,0.000000,0.100000,0.915395
732,0.556526,-1.662918,0.037847,0.915137,0.001533,0.751417,0.620000,0.920000,0.560000,0.000000,0.100000,0.915137
733,0.565670,-1.662557,0.045362,0.914851,-0.002224,0.805615,0.620000,0.920000,0.560000,0.000000,0.100000,0.914851
734,0.574810,-1.662164,0.053418,0.914529,-0.006202,0.852819,0.620000,0.920000,0.540000,0.000000,0.100000,0.914529
735,0.583945,-1.661738,0.061946,0.914163,-0.010324,0.893679,0.600000,0.940000,0.540000,0.000000,0.100000,0.914163
736,0.593076,-1.661275,0.070883,0.913749,-0.014527,0.928816,0.600000,0.940000,0.520000,0.000000,0.100000,0.913749
737,0.602201,-1.660772,0.080171,0.913283,-0.018755,0.958821,0.580000,0.940000,0.520000,0.000000,0.100000,0.913283
738,0.611319,-1.660228,0.089759,0.912761,-0.022964,0.984246,0.600000,0.920000,0.500000,0.000000,0.100000,0.912761
739,0.620431,-1.659639,0.099602,0.912182,-0.027116,1.005604,0.620000,0.960000,0.480000,0.000000,-0.100000,0.912182
740,0.629534,-1.659001,0.109658,0.911534,-0.037131,0.768877,0.660000,0.960000,0.480000,0.000000,-0.100000,0.911534
741,0.638636,-1.658373,0.117346,0.910925,-0.044386,0.550616,0.680000,0.940000,0.460000,0.000000,-0.100000,0.910925
742,0.647734,-1.657747,0.122853,0.910400,-0.049214,0.350644,0.660000,0.940000,0.460000,0.000000,-0.100000,0.910400
743,0.656830,-1.657120,0.126359,0.909982,-0.051933,0.168291,0.660000,0.940000,0.460000,0.000000,-0.100000,0.909982
744,0.665923,-1.656488,0.128042,0.909676,-0.052840,0.002672,0.660000,0.920000,0.460000,0.000000,-0.100000,0.909676
745,0.675012,-1.655851,0.128069,0.909474,-0.052209,-0.147162,0.640000,0.920000,0.460000,0.000000,-0.100000,0.909474
746,0.684099,-1.655207,0.126597,0.909363,-0.050288,-0.282149,0.640000,0.900000,0.460000,0.100000,-0.100000,0.909363
747,0.693184,-1.654558,0.123776,0.916324,-0.047301,-0.403190,0.640000,0.900000,0.460000,0.100000,-0.100000,0.916324
748,0.702335,-1.653896,0.119744,0.923333,-0.043446,-0.511330,0.620000,0.900000,0.460000,0.100000,-0.100000,0.923333
749,0.711554,-1.653224,0.114630,0.930369,-0.038880,-0.607566,0.620000,0.880000,0.460000,0.100000,-0.100000,0.930369
750,0.720841,-1.652546,0.108555,0.937410,-0.033744,-0.692843,0.620000,0.880000,0.460000,0.100000,-0.100000,0.937410
751,0.730197,-1.651866,0.101626,0.944438,-0.028160,-0.768069,0.600000,0.880000,1.000000,0.100000,0.100000,0.944438
752,0.739621,-1.651188,0.093946,0.951141,-0.016447,-0.586720,0.600000,0.820000,1.000000,0.100000,0.100000,0.951141
753,0.749106,-1.650460,0.088078,0.957768,-0.007064,-0.414491,0.600000,0.820000,1.000000,0.100000,0.100000,0.957768
754,0.758653,-1.649688,0.083933,0.964366,0.000183,-0.252718,0.580000,0.800000,1.000000,0.100000,0.100000,0.964366
755,0.768262,-1.648877,0.081406,0.970968,0.005496,-0.102062,0.580000,0.800000,1.000000,0.000000,0.100000,0.970968
756,0.777935,-1.648033,0.080386,0.970590,0.009077,0.037299,0.560000,0.800000,1.000000,0.000000,0.100000,0.970590
757,0.787603,-1.647163,0.080759,0.970244,0.011121,0.165513,0.560000,0.780000,1.000000,0.000000,0.100000,0.970244
758,0.797264,-1.646270,0.082414,0.969930,0.011830,0.282766,0.560000,0.780000,1.000000,0.000000,0.100000,0.969930
759,0.806921,-1.645353,0.085241,0.969643,0.011392,0.389396,0.540000,0.760000,1.000000,0.000000,0.100000,0.969643
760,0.816573,-1.644414,0.089135,0.969375,0.009981,0.485845,0.540000,0.760000,1.000000,0.000000,0.100000,0.969375
761,0.826219,-1.643452,0.093994,0.969115,0.007758,0.572623,0.520000,0.760000,1.000000,0.000000,0.100000,0.969115
762,0.835860,-1.642465,0.099720,0.968852,0.004865,0.650282,0.520000,0.740000,1.000000,0.000000,0.100000,0.968852
763,0.845496,-1.641452,0.106223,0.968575,0.001432,0.719405,0.540000,0.780000,1.000000,0.000000,0.100000,0.968575
764,0.855125,-1.640411,0.113417,0.968272,-0.002426,0.780588,0.560000,0.780000,1.000000,0.000000,0.100000,0.968272
765,0.864749,-1.639339,0.121223,0.967933,-0.006607,0.834436,0.580000,0.760000,1.000000,0.000000,0.100000,0.967933
766,0.874365,-1.638234,0.129567,0.967551,-0.011023,0.881549,0.560000,0.760000,1.000000,0.000000,0.100000,0.967551
767,0.883974,-1.637093,0.138383,0.967118,-0.015597,0.922517,0.560000,0.740000,1.000000,0.000000,0.100000,0.967118
768,0.893574,-1.635914,0.147608,0.966628,-0.020262,0.957911,0.540000,0.780000,1.000000,0.000000,0.100000,0.966628
769,0.903165,-1.634693,0.157187,0.966077,-0.024962,0.988277,0.540000,0.780000,1.000000,0.000000,0.100000,0.966077
770,0.912745,-1.633427,0.167070,0.965463,-0.029651,1.014132,0.520000,0.780000,1.000000,0.000000,0.100000,0.965463
771,0.922315,-1.632114,0.177211,0.964784,-0.034287,1.035961,0.560000,0.760000,1.000000,0.000000,0.100000,0.964784
772,0.931872,-1.630751,0.187571,0.964038,-0.038840,1.054212,0.560000,0.760000,1.000000,0.000000,0.100000,0.964038
773,0.941416,-1.629334,0.198113,0.963227,-0.043282,1.069298,0.540000,0.760000,1.000000,0.000000,0.100000,0.963227
774,0.950945,-1.627863,0.208806,0.962352,-0.047593,1.081595,0.540000,0.740000,1.000000,0.000000,0.100000,0.962352
775,0.960458,-1.626334,0.219622,0.961414,-0.051755,1.091442,0.520000,0.740000,1.000000,0.000000,0.100000,0.961414
776,0.969954,-1.624744,0.230536,0.960415,-0.055757,1.099148,0.520000,0.740000,1.000000,0.000000,0.100000,0.960415
777,0.979432,-1.623093,0.241528,0.959358,-0.059589,1.104985,0.580000,0.720000,1.000000,0.000000,0.100000,0.959358
778,0.988889,-1.621376,0.252577,0.958245,-0.063245,1.109198,0.580000,0.760000,1.000000,0.000000,0.100000,0.958245
779,0.998326,-1.619594,0.263669,0.957080,-0.066722,1.112006,0.580000,0.760000,1.000000,0.000000,0.100000,0.957080
780,1.007740,-1.617744,0.274789,0.955866,-0.070016,1.113598,0.560000,0.760000,1.000000,0.000000,0.100000,0.955866
781,1.017130,-1.615824,0.285925,0.954606,-0.073128,1.114146,0.560000,0.740000,1.000000,0.000000,0.100000,0.954606
782,1.026494,-1.613833,0.297067,0.953302,-0.076059,1.113798,0.540000,0.740000,1.000000,0.000000,0.100000,0.953302
783,1.035832,-1.611770,0.308205,0.951958,-0.078811,1.112686,0.540000,0.740000,1.000000,0.000000,0.100000,0.951958
784,1.045143,-1.609633,0.319332,0.950578,-0.081387,1.110924,0.540000,0.740000,1.000000,0.000000,0.100000,0.950578
785,1.054423,-1.607422,0.330441,0.949164,-0.083791,1.108614,0.520000,0.720000,1.000000,0.000000,0.100000,0.949164
786,1.063673,-1.605135,0.341527,0.947718,-0.086027,1.105843,0.520000,0.720000,1.000000,0.000000,0.100000,0.947718
787,1.072891,-1.602771,0.352586,0.946245,-0.088100,1.102688,0.520000,0.760000,1.000000,0.000000,0.100000,0.946245
788,1.082076,-1.600330,0.363612,0.944746,-0.090015,1.099218,0.540000,0.760000,1.000000,0.000000,0.100000,0.944746
789,1.091226,-1.597812,0.374605,0.943224,-0.091778,1.095491,0.540000,0.740000,1.000000,0.000000,0.100000,0.943224
790,1.100340,-1.595215,0.385560,0.941681,-0.093393,1.091559,0.540000,0.740000,1.000000,0.000000,0.100000,0.941681
791,1.109416,-1.592539,0.396475,0.940120,-0.094867,1.087465,0.520000,0.740000,1.000000,0.000000,0.100000,0.940120
792,1.118455,-1.589783,0.407350,0.938543,-0.096205,1.083251,0.520000,0.740000,1.000000,0.000000,0.100000,0.938543
793,1.127453,-1.586948,0.418182,0.936952,-0.097414,1.078948,0.540000,0.740000,1.000000,0.000000,0.100000,0.936952
794,1.136411,-1.584033,0.428972,0.935349,-0.098497,1.074588,0.540000,0.720000,1.000000,0.000000,0.100000,0.935349
795,1.145327,-1.581039,0.439718,0.933735,-0.099462,1.070196,0.540000,0.720000,1.000000,0.000000,0.100000,0.933735
796,1.154199,-1.577964,0.450420,0.932113,-0.100314,1.065795,0.520000,0.720000,1.000000,0.000000,0.100000,0.932113
797,1.163027,-1.574809,0.461078,0.930484,-0.101059,1.061404,0.520000,0.720000,1.000000,0.000000,0.100000,0.930484
798,1.171810,-1.571574,0.471692,0.928849,-0.101700,1.057040,0.560000,0.700000,1.000000,0.000000,0.100000,0.928849
799,1.180546,-1.568260,0.482262,0.927210,-0.102245,1.052717,0.560000,0.700000,1.000000,0.000000,0.100000,0.927210
800,1.189235,-1.564865,0.492789,0.925568,-0.102698,1.048448,0.540000,0.700000,1.000000,0.000000,0.100000,0.925568
801,1.197876,-1.561391,0.503274,0.923924,-0.103064,1.044245,0.540000,0.740000,1.000000,0.000000,0.100000,0.923924
802,1.206466,-1.557838,0.513716,0.922279,-0.103347,1.040116,0.540000,0.740000,1.000000,0.000000,0.100000,0.922279
803,1.215006,-1.554206,0.524117,0.920635,-0.103554,1.036069,0.520000,0.740000,1.000000,0.000000,0.100000,0.920635
804,1.223495,-1.550495,0.534478,0.918992,-0.103687,1.032111,0.520000,0.740000,1.000000,0.000000,0.100000,0.918992
805,1.231932,-1.546706,0.544799,0.917350,-0.103752,1.028247,0.520000,0.720000,1.000000,0.000000,0.100000,0.917350
806,1.240315,-1.542839,0.555082,0.915712,-0.103753,1.024482,0.500000,0.720000,1.000000,0.000000,0.100000,0.915712
807,1.248644,-1.538895,0.565326,0.914078,-0.103694,1.020820,0.500000,0.720000,1.000000,0.000000,0.100000,0.914078
808,1.256918,-1.534874,0.575535,0.912447,-0.103578,1.017264,0.540000,0.720000,1.000000,0.000000,0.100000,0.912447
809,1.265136,-1.530777,0.585707,0.910822,-0.103411,1.013816,0.540000,0.720000,1.000000,0.000000,0.100000,0.910822
810,1.273298,-1.526604,0.595845,0.909201,-0.103195,1.010478,0.520000,0.720000,1.000000,0.000000,0.100000,0.909201
811,1.281402,-1.522355,0.605950,0.907587,-0.102933,1.007250,0.520000,0.700000,1.000000,0.000000,0.100000,0.907587
812,1.289449,-1.518032,0.616023,0.905979,-0.102630,1.004134,0.520000,0.700000,1.000000,0.000000,0.100000,0.905979
813,1.297436,-1.513635,0.626064,0.904377,-0.102289,1.001129,0.520000,0.700000,1.000000,0.000000,0.100000,0.904377
814,1.305364,-1.509165,0.636075,0.902783,-0.101912,0.998235,0.500000,0.700000,1.000000,0.000000,0.100000,0.902783
815,1.313232,-1.504622,0.646058,0.901196,-0.101503,0.995452,0.500000,0.700000,1.000000,0.000000,0.100000,0.901196
816,1.321038,-1.500006,0.656012,0.899617,-0.101065,0.992779,0.500000,0.700000,1.000000,0.000000,0.100000,0.899617
817,1.328784,-1.495320,0.665940,0.898045,-0.100599,0.990214,0.500000,0.700000,1.000000,0.000000,0.100000,0.898045
818,1.336467,-1.490563,0.675842,0.896482,-0.100109,0.987755,0.520000,0.740000,1.000000,0.000000,0.100000,0.896482
819,1.344087,-1.485736,0.685720,0.894927,-0.099598,0.985401,0.520000,0.740000,1.000000,0.000000,0.100000,0.894927
820,1.351644,-1.480840,0.695574,0.893380,-0.099066,0.983150,0.520000,0.740000,1.000000,0.000000,0.100000,0.893380
821,1.359138,-1.475875,0.705405,0.891842,-0.098518,0.981000,0.520000,0.740000,1.000000,0.000000,0.100000,0.891842
822,1.366566,-1.470843,0.715215,0.890313,-0.097953,0.978947,0.500000,0.740000,1.000000,0.000000,0.100000,0.890313
823,1.373930,-1.465744,0.725005,0.888792,-0.097376,0.976990,0.500000,0.740000,1.000000,0.000000,0.100000,0.888792
824,1.381228,-1.460579,0.734775,0.887280,-0.096787,0.975126,0.500000,0.740000,1.000000,0.000000,0.100000,0.887280
825,1.388461,-1.455349,0.744526,0.885777,-0.096187,0.973352,0.500000,0.720000,1.000000,0.000000,0.100000,0.885777
826,1.395627,-1.450054,0.754259,0.884283,-0.095580,0.971665,0.500000,0.720000,1.000000,0.000000,0.100000,0.884283
827,1.402726,-1.444695,0.763976,0.882797,-0.094966,0.970062,0.480000,0.720000,1.000000,0.000000,0.100000,0.882797
828,1.409757,-1.439274,0.773677,0.881321,-0.094346,0.968540,0.480000,0.720000,1.000000,0.000000,0.100000,0.881321
829,1.416721,-1.433791,0.783362,0.879853,-0.093722,0.967096,0.480000,0.720000,1.000000,0.000000,0.100000,0.879853
830,1.423616,-1.428246,0.793033,0.878394,-0.093095,0.965726,0.480000,0.720000,1.000000,0.000000,0.100000,0.878394
831,1.430443,-1.422641,0.802690,0.876944,-0.092467,0.964428,0.480000,0.720000,1.000000,0.000000,0.100000,0.876944
832,1.437201,-1.416976,0.812334,0.875503,-0.091837,0.963198,0.460000,0.720000,1.000000,0.000000,0.100000,0.875503
833,1.443890,-1.411252,0.821966,0.874070,-0.091208,0.962033,0.500000,0.720000,1.000000,0.000000,0.100000,0.874070
834,1.450508,-1.405471,0.831587,0.872646,-0.090580,0.960929,0.500000,0.720000,1.000000,0.000000,0.100000,0.872646
835,1.457057,-1.399632,0.841196,0.871231,-0.089953,0.959884,0.500000,0.720000,1.000000,0.000000,0.100000,0.871231
836,1.463535,-1.393737,0.850795,0.869823,-0.089329,0.958895,0.500000,0.720000,1.000000,0.000000,0.100000,0.869823
837,1.469942,-1.387787,0.860384,0.868425,-0.088708,0.957958,0.500000,0.720000,1.000000,0.000000,0.100000,0.868425
838,1.476277,-1.381782,0.869963,0.867034,-0.088091,0.957070,0.500000,0.720000,1.000000,0.000000,0.100000,0.867034
839,1.482542,-1.375723,0.879534,0.865652,-0.087478,0.956229,0.480000,0.720000,1.000000,0.000000,0.100000,0.865652
840,1.488734,-1.369611,0.889096,0.864278,-0.086869,0.955431,0.480000,0.720000,1.000000,0.000000,0.100000,0.864278
841,1.494855,-1.363448,0.898651,0.862912,-0.086266,0.954673,0.480000,0.720000,1.000000,0.000000,0.100000,0.862912
842,1.500903,-1.357233,0.908197,0.861554,-0.085668,0.953954,0.480000,0.720000,1.000000,0.000000,0.100000,0.861554
843,1.506878,-1.350967,0.917737,0.860203,-0.085076,0.953270,0.480000,0.720000,1.000000,0.000000,0.100000,0.860203
844,1.512781,-1.344652,0.927270,0.858861,-0.084490,0.952618,0.480000,0.720000,1.000000,0.000000,0.100000,0.858861
845,1.518610,-1.338288,0.936796,0.857526,-0.083910,0.951996,0.480000,0.720000,1.000000,0.000000,0.100000,0.857526
846,1.524366,-1.331877,0.946316,0.856198,-0.083336,0.951402,0.480000,0.720000,1.000000,0.000000,0.100000,0.856198
847,1.530048,-1.325418,0.955830,0.854878,-0.082769,0.950834,0.460000,0.740000,1.000000,0.000000,0.100000,0.854878
848,1.535656,-1.318913,0.965338,0.853565,-0.082209,0.950289,0.460000,0.740000,1.000000,0.000000,0.100000,0.853565
849,1.541190,-1.312362,0.974841,0.852259,-0.081655,0.949765,0.460000,0.740000,1.000000,0.000000,0.100000,0.852259
850,1.546650,-1.305767,0.984339,0.850961,-0.081108,0.949260,0.460000,0.740000,1.000000,0.000000,0.100000,0.850961
851,1.552034,-1.299128,0.993831,0.849670,-0.080568,0.948773,0.460000,0.740000,1.000000,0.000000,0.100000,0.849670
852,1.557344,-1.292447,1.003319,0.848385,-0.080034,0.948301,0.500000,0.740000,1.000000,0.000000,0.100000,0.848385
853,1.562580,-1.285723,1.012802,0.847107,-0.079508,0.947843,0.500000,0.740000,1.000000,0.000000,0.100000,0.847107
854,1.567739,-1.278958,1.022281,0.845836,-0.078988,0.947398,0.500000,0.740000,1.000000,0.000000,0.100000,0.845836
855,1.572824,-1.272152,1.031754,0.844572,-0.078474,0.946963,0.500000,0.760000,1.000000,0.000000,0.100000,0.844572
856,1.577832,-1.265307,1.041224,0.843314,-0.077968,0.946538,0.500000,0.760000,1.000000,0.000000,0.100000,0.843314
857,1.582765,-1.258422,1.050689,0.842063,-0.077467,0.946121,0.500000,0.760000,1.000000,0.000000,0.100000,0.842063
858,1.587623,-1.251500,1.060151,0.840818,-0.076974,0.945711,0.500000,0.740000,1.000000,0.000000,0.100000,0.840818
859,1.592403,-1.244541,1.069608,0.839580,-0.076486,0.945307,0.500000,0.740000,1.000000,0.000000,0.100000,0.839580
860,1.597108,-1.237545,1.079061,0.838347,-0.076005,0.944908,0.500000,0.720000,1.000000,0.000000,0.100000,0.838347
861,1.601736,-1.230514,1.088510,0.837121,-0.075530,0.944513,0.500000,0.720000,1.000000,0.000000,0.100000,0.837121
862,1.606288,-1.223448,1.097955,0.835901,-0.075060,0.944121,0.500000,0.700000,1.000000,0.000000,0.100000,0.835901
863,1.610763,-1.216348,1.107396,0.834687,-0.074597,0.943731,0.500000,0.700000,1.000000,0.000000,0.100000,0.834687
864,1.615162,-1.209215,1.116834,0.833479,-0.074140,0.943343,0.500000,0.720000,1.000000,0.000000,0.100000,0.833479
865,1.619483,-1.202049,1.126267,0.832277,-0.073688,0.942956,0.500000,0.720000,1.000000,0.000000,0.100000,0.832277
866,1.623727,-1.194852,1.135697,0.831080,-0.073241,0.942569,0.500000,0.720000,1.000000,0.000000,0.100000,0.831080
867,1.627894,-1.187624,1.145122,0.829889,-0.072800,0.942182,0.500000,0.740000,1.000000,0.000000,0.100000,0.829889
868,1.631984,-1.180367,1.154544,0.828704,-0.072364,0.941795,0.500000,0.740000,1.000000,0.000000,0.100000,0.828704
869,1.635997,-1.173080,1.163962,0.827525,-0.071933,0.941406,0.500000,0.740000,1.000000,0.000000,0.100000,0.827525
870,1.639932,-1.165765,1.173376,0.826351,-0.071507,0.941016,0.500000,0.760000,1.000000,0.000000,0.100000,0.826351
871,1.643790,-1.158422,1.182786,0.825182,-0.071086,0.940625,0.500000,0.760000,1.000000,0.000000,0.100000,0.825182
872,1.647570,-1.151053,1.192193,0.824019,-0.070669,0.940231,0.500000,0.740000,1.000000,0.000000,0.100000,0.824019
873,1.651272,-1.143657,1.201595,0.822861,-0.070257,0.939836,0.500000,0.740000,1.000000,0.000000,0.100000,0.822861
874,1.654897,-1.136237,1.210993,0.821709,-0.069850,0.939438,0.500000,0.720000,1.000000,0.000000,0.100000,0.821709
875,1.658444,-1.128792,1.220388,0.820562,-0.069446,0.939038,0.500000,0.720000,1.000000,0.000000,0.100000,0.820562
876,1.661913,-1.121323,1.229778,0.819420,-0.069047,0.938635,0.500000,0.700000,1.000000,0.000000,0.100000,0.819420
877,1.665304,-1.113832,1.239164,0.818283,-0.068652,0.938229,0.500000,0.700000,1.000000,0.000000,0.100000,0.818283
878,1.668618,-1.106318,1.248547,0.817151,-0.068262,0.937820,0.500000,0.720000,1.000000,0.000000,0.100000,0.817151
879,1.671853,-1.098783,1.257925,0.816025,-0.067874,0.937409,0.500000,0.740000,1.000000,0.000000,0.100000,0.816025
880,1.675010,-1.091228,1.267299,0.814903,-0.067491,0.936995,0.500000,0.740000,1.000000,0.000000,0.100000,0.814903
881,1.678090,-1.083653,1.276669,0.813786,-0.067111,0.936578,0.500000,0.760000,1.000000,0.000000,0.100000,0.813786
882,1.681091,-1.076060,1.286035,0.812675,-0.066735,0.936158,0.500000,0.780000,1.000000,0.000000,0.100000,0.812675
883,1.684015,-1.068448,1.295396,0.811568,-0.066363,0.935735,0.520000,0.780000,1.000000,0.000000,0.100000,0.811568
884,1.686860,-1.060818,1.304754,0.810466,-0.065993,0.935309,0.520000,0.760000,1.000000,0.000000,0.100000,0.810466
885,1.689628,-1.053172,1.314107,0.809368,-0.065628,0.934881,0.520000,0.760000,1.000000,0.000000,0.100000,0.809368
886,1.692318,-1.045510,1.323455,0.808276,-0.065265,0.934450,0.520000,0.740000,1.000000,0.000000,0.100000,0.808276
887,1.694929,-1.037833,1.332800,0.807188,-0.064905,0.934016,0.520000,0.740000,1.000000,0.000000,0.100000,0.807188
888,1.697463,-1.030142,1.342140,0.806105,-0.064549,0.933580,0.520000,0.740000,1.000000,0.000000,0.100000,0.806105
889,1.699919,-1.022437,1.351476,0.805027,-0.064196,0.933141,0.540000,0.740000,1.000000,0.000000,0.100000,0.805027
890,1.702297,-1.014719,1.360807,0.803953,-0.063845,0.932700,0.540000,0.760000,1.000000,0.000000,0.100000,0.803953
891,1.704597,-1.006989,1.370134,0.802884,-0.063498,0.932257,0.540000,0.800000,1.000000,0.000000,0.100000,0.802884
892,1.706820,-0.999248,1.379457,0.801819,-0.063153,0.931811,0.520000,0.820000,1.000000,0.000000,0.100000,0.801819
893,1.708965,-0.991496,1.388775,0.800759,-0.062811,0.931363,0.520000,0.820000,1.000000,0.000000,0.100000,0.800759
894,1.711032,-0.983735,1.398089,0.799704,-0.062472,0.930914,0.500000,0.800000,1.000000,0.000000,0.100000,0.799704
895,1.713022,-0.975964,1.407398,0.798652,-0.062135,0.930462,0.500000,0.800000,1.000000,0.000000,0.100000,0.798652
896,1.714934,-0.968185,1.416702,0.797606,-0.061801,0.930009,0.480000,0.800000,1.000000,0.000000,0.100000,0.797606
897,1.716769,-0.960398,1.426002,0.796563,-0.061470,0.929554,0.480000,0.780000,1.000000,0.000000,0.100000,0.796563
898,1.718526,-0.952605,1.435298,0.795525,-0.061141,0.929097,0.500000,0.780000,1.000000,0.000000,0.100000,0.795525
899,1.720207,-0.944805,1.444589,0.794491,-0.060814,0.928639,0.500000,0.840000,1.000000,0.000000,0.100000,0.794491
900,1.721810,-0.937000,1.453875,0.793462,-0.060490,0.928179,0.500000,0.880000,1.000000,0.000000,0.100000,0.793462
901,1.723337,-0.929190,1.463157,0.792437,-0.060169,0.927718,0.520000,0.920000,1.000000,0.000000,0.100000,0.792437
902,1.724786,-0.921376,1.472434,0.791416,-0.059850,0.927255,0.520000,0.920000,1.000000,0.000000,0.100000,0.791416
903,1.726159,-0.913559,1.481707,0.790399,-0.059533,0.926791,0.520000,0.900000,1.000000,0.000000,0.100000,0.790399
904,1.727455,-0.905739,1.490975,0.789387,-0.059218,0.926327,0.540000,0.900000,1.000000,0.000000,0.100000,0.789387
905,1.728675,-0.897918,1.500238,0.788378,-0.058906,0.925861,0.540000,0.900000,1.000000,0.000000,0.100000,0.788378
906,1.729818,-0.890095,1.509497,0.787374,-0.058596,0.925394,0.520000,0.920000,1.000000,0.000000,0.100000,0.787374
907,1.730885,-0.882272,1.518751,0.786374,-0.058288,0.924926,0.520000,1.000000,1.000000,0.000000,0.100000,0.786374
908,1.731877,-0.874449,1.528000,0.785377,-0.057982,0.924458,0.500000,1.000000,1.000000,0.000000,0.100000,0.785377
909,1.732792,-0.866628,1.537244,0.784385,-0.057679,0.923989,0.500000,1.000000,1.000000,0.000000,0.100000,0.784385
910,1.733631,-0.858808,1.546484,0.783397,-0.057378,0.923519,0.500000,1.000000,1.000000,0.000000,0.100000,0.783397
911,1.734396,-0.850990,1.555719,0.782413,-0.057078,0.923048,0.500000,1.000000,1.000000,0.000000,0.100000,0.782413
912,1.735084,-0.843175,1.564950,0.781433,-0.056781,0.922577,0.500000,1.000000,1.000000,0.000000,0.100000,0.781433
913,1.735698,-0.835364,1.574176,0.780457,-0.056486,0.922105,0.520000,1.000000,1.000000,0.000000,0.100000,0.780457
914,1.736236,-0.827558,1.583397,0.779484,-0.056193,0.921633,0.520000,1.000000,1.000000,0.000000,0.100000,0.779484
915,1.736700,-0.819757,1.592613,0.778516,-0.055902,0.921160,0.540000,1.000000,0.980000,0.000000,0.100000,0.778516
916,1.737089,-0.811961,1.601825,0.777551,-0.055612,0.920687,0.560000,1.000000,0.960000,0.000000,0.100000,0.777551
917,1.737404,-0.804172,1.611032,0.776591,-0.055325,0.920214,0.560000,1.000000,0.820000,0.000000,0.100000,0.776591
918,1.737644,-0.796390,1.620234,0.775634,-0.055040,0.919740,0.560000,1.000000,0.800000,0.000000,0.100000,0.775634
919,1.737810,-0.788616,1.629431,0.774681,-0.054757,0.919266,0.540000,1.000000,0.800000,0.000000,0.100000,0.774681
920,1.737903,-0.780851,1.638624,0.773731,-0.054475,0.918791,0.540000,1.000000,0.780000,0.000000,0.100000,0.773731
921,1.737922,-0.773094,1.647812,0.772785,-0.054196,0.918317,0.520000,1.000000,0.760000,0.000000,0.100000,0.772785
922,1.737868,-0.765347,1.656995,0.771843,-0.053918,0.917842,0.520000,1.000000,0.740000,0.000000,0.100000,0.771843
923,1.737741,-0.757611,1.666173,0.770905,-0.053642,0.917368,0.520000,1.000000,0.740000,0.000000,0.100000,0.770905
924,1.737540,-0.749886,1.675347,0.769971,-0.053368,0.916893,0.540000,1.000000,0.620000,0.000000,0.100000,0.769971
925,1.737268,-0.742173,1.684516,0.769040,-0.053096,0.916418,0.560000,1.000000,0.700000,0.000000,0.100000,0.769040
926,1.736923,-0.734472,1.693680,0.768112,-0.052826,0.915942,0.600000,1.000000,0.600000,0.000000,0.100000,0.768112
927,1.736505,-0.726784,1.702839,0.767188,-0.052557,0.915467,0.600000,1.000000,0.600000,0.000000,0.100000,0.767188
928,1.736016,-0.719110,1.711994,0.766268,-0.052290,0.914992,0.600000,1.000000,0.580000,0.000000,0.100000,0.766268
929,1.735456,-0.711450,1.721144,0.765352,-0.052025,0.914517,0.600000,1.000000,0.580000,0.000000,0.100000,0.765352
930,1.734824,-0.703804,1.730289,0.764439,-0.051762,0.914042,0.580000,1.000000,0.560000,0.000000,0.100000,0.764439
931,1.734121,-0.696175,1.739430,0.763529,-0.051500,0.913567,0.580000,1.000000,0.560000,0.000000,0.100000,0.763529
932,1.733347,-0.688561,1.748565,0.762623,-0.051240,0.913092,0.560000,1.000000,0.540000,0.000000,0.100000,0.762623
933,1.732503,-0.680965,1.757696,0.761720,-0.050982,0.912617,0.600000,1.000000,0.540000,0.000000,0.100000,0.761720
934,1.731588,-0.673386,1.766822,0.760821,-0.050725,0.912142,0.640000,1.000000,0.520000,0.000000,0.100000,0.760821
935,1.730604,-0.665824,1.775944,0.759925,-0.050470,0.911667,0.680000,1.000000,0.520000,0.000000,0.100000,0.759925
936,1.729550,-0.658282,1.785061,0.759033,-0.050217,0.911192,0.700000,1.000000,0.500000,0.000000,0.100000,0.759033
937,1.728427,-0.650758,1.794172,0.758144,-0.049966,0.910717,0.700000,1.000000,0.500000,0.000000,0.100000,0.758144
938,1.727234,-0.643254,1.803280,0.757258,-0.049716,0.910243,0.680000,1.000000,0.480000,0.000000,-0.100000,0.757258
939,1.725973,-0.635771,1.812382,0.756546,-0.055362,0.657660,0.680000,1.000000,0.480000,0.000000,-0.100000,0.756546
940,1.724701,-0.628293,1.818959,0.755973,-0.058678,0.431413,0.680000,1.000000,0.480000,0.000000,-0.100000,0.755973
941,1.723413,-0.620820,1.823273,0.755551,-0.060037,0.229376,0.660000,1.000000,0.460000,0.000000,-0.100000,0.755551
942,1.722107,-0.613354,1.825567,0.755274,-0.059777,0.049490,0.680000,1.000000,0.460000,0.000000,-0.100000,0.755274
943,1.720782,-0.605895,1.826061,0.755125,-0.058197,-0.110116,0.680000,1.000000,0.460000,0.000000,-0.100000,0.755125
944,1.719438,-0.598441,1.824960,0.755082,-0.055563,-0.251105,0.700000,1.000000,0.460000,0.100000,-0.200000,0.755082
945,1.718078,-0.590993,1.822449,0.761487,-0.054965,-0.497310,0.680000,1.000000,0.460000,0.100000,-0.100000,0.761487
946,1.716714,-0.583481,1.817476,0.768682,-0.049757,-0.592211,0.660000,1.000000,0.460000,0.100000,-0.100000,0.768682
947,1.715319,-0.575906,1.811554,0.775886,-0.044279,-0.674342,0.640000,1.000000,0.460000,0.100000,-0.100000,0.775886
948,1.713899,-0.568265,1.804811,0.783078,-0.038633,-0.744997,0.620000,1.000000,0.460000,0.100000,-0.100000,0.783078
949,1.712459,-0.560558,1.797361,0.790241,-0.032902,-0.805429,0.620000,1.000000,0.460000,0.100000,-0.100000,0.790241
950,1.711005,-0.552784,1.789306,0.797364,-0.027153,-0.856829,0.620000,1.000000,0.540000,0.100000,0.100000,0.797364
951,1.709541,-0.544941,1.780738,0.804077,-0.015736,-0.656296,0.620000,1.000000,0.560000,0.100000,0.100000,0.804077
952,1.708019,-0.537044,1.774175,0.810713,-0.006602,-0.468286,0.600000,1.000000,0.560000,0.100000,0.100000,0.810713
953,1.706447,-0.529091,1.769492,0.817322,0.000465,-0.294273,0.600000,1.000000,0.560000,0.100000,0.100000,0.817322
954,1.704829,-0.521079,1.766549,0.823938,0.005689,-0.134757,0.600000,1.000000,0.560000,0.000000,0.100000,0.823938
955,1.703170,-0.513008,1.765202,0.823580,0.009294,0.010414,0.580000,1.000000,0.560000,0.000000,0.100000,0.823580
956,1.701488,-0.504945,1.765306,0.823257,0.011486,0.141826,0.580000,1.000000,0.560000,0.000000,0.100000,0.823257
957,1.699784,-0.496890,1.766724,0.822971,0.012477,0.260025,0.580000,1.000000,0.540000,0.000000,0.100000,0.822971
958,1.698060,-0.488842,1.769325,0.822716,0.012462,0.365720,0.560000,1.000000,0.540000,0.000000,0.100000,0.822716
959,1.696315,-0.480801,1.772982,0.822485,0.011616,0.459713,0.580000,1.000000,0.540000,0.000000,0.100000,0.822485
960,1.694549,-0.472767,1.777579,0.822269,0.010095,0.542849,0.600000,1.000000,0.540000,0.000000,0.100000,0.822269
961,1.692762,-0.464741,1.783007,0.822057,0.008037,0.615987,0.640000,1.000000,0.520000,0.000000,0.100000,0.822057
962,1.690952,-0.456721,1.789167,0.821841,0.005562,0.679980,0.680000,1.000000,0.520000,0.000000,0.100000,0.821841
963,1.689118,-0.448710,1.795967,0.821610,0.002774,0.735660,0.720000,1.000000,0.500000,0.000000,0.100000,0.821610
964,1.687256,-0.440708,1.803324,0.821358,-0.000237,0.783832,0.780000,1.000000,0.500000,0.000000,0.100000,0.821358
965,1.685366,-0.432715,1.811162,0.821078,-0.003397,0.825260,0.840000,1.000000,0.500000,0.000000,0.100000,0.821078
966,1.683444,-0.424732,1.819415,0.820765,-0.006641,0.860664,0.840000,1.000000,0.480000,0.000000,-0.200000,0.820765
967,1.681489,-0.416760,1.828021,0.819485,-0.018009,0.544656,0.820000,1.000000,0.480000,0.000000,-0.200000,0.819485
968,1.679578,-0.408789,1.833468,0.818264,-0.026248,0.247548,0.820000,1.000000,0.460000,0.000000,-0.200000,0.818264
969,1.677707,-0.400819,1.835943,0.817164,-0.031675,-0.027952,0.820000,1.000000,0.460000,0.000000,-0.200000,0.817164
970,1.675871,-0.392850,1.835664,0.816213,-0.034624,-0.280475,0.800000,1.000000,0.460000,0.100000,-0.200000,0.816213
971,1.674069,-0.384882,1.832859,0.822411,-0.035433,-0.509625,0.800000,1.000000,0.460000,0.100000,-0.200000,0.822411
972,1.672280,-0.376847,1.827763,0.828735,-0.034414,-0.715911,0.800000,1.000000,0.460000,0.100000,-0.200000,0.828735
973,1.670507,-0.368744,1.820604,0.835150,-0.031843,-0.900434,0.780000,1.000000,0.460000,0.100000,-0.200000,0.835150
974,1.668751,-0.360573,1.811599,0.841620,-0.027973,-1.064518,0.780000,1.000000,0.460000,0.100000,-0.200000,0.841620
975,1.667016,-0.352333,1.800954,0.848103,-0.023029,-1.209630,0.780000,1.000000,0.480000,0.100000,-0.200000,0.848103
976,1.665305,-0.344023,1.788858,0.854558,-0.017209,-1.337319,0.780000,1.000000,0.560000,0.100000,0.100000,0.854558
977,1.663624,-0.335642,1.775485,0.861260,-0.002211,-1.086702,0.760000,1.000000,0.560000,0.100000,0.100000,0.861260
978,1.661895,-0.327205,1.764618,0.867818,0.009832,-0.850896,0.720000,1.000000,0.580000,0.100000,0.100000,0.867818
979,1.660127,-0.318708,1.756109,0.874325,0.019180,-0.632002,0.700000,1.000000,0.580000,0.100000,0.100000,0.874325
980,1.658328,-0.310150,1.749789,0.880843,0.026109,-0.430725,0.680000,1.000000,0.580000,0.100000,0.100000,0.880843
981,1.656503,-0.301529,1.745481,0.887409,0.030900,-0.246877,0.680000,1.000000,0.580000,0.100000,0.100000,0.887409
982,1.654656,-0.292844,1.743013,0.894044,0.033822,-0.079760,0.680000,1.000000,0.580000,0.000000,0.100000,0.894044
983,1.652791,-0.284093,1.742215,0.893751,0.035123,0.071569,0.680000,1.000000,0.580000,0.000000,0.100000,0.893751
984,1.650920,-0.275347,1.742931,0.893529,0.035020,0.208199,0.680000,1.000000,0.580000,0.000000,0.100000,0.893529
985,1.649045,-0.266604,1.745013,0.893368,0.033740,0.330950,0.700000,1.000000,0.560000,0.000000,0.100000,0.893368
986,1.647164,-0.257864,1.748322,0.893254,0.031488,0.440672,0.700000,1.000000,0.560000,0.000000,0.100000,0.893254
987,1.645276,-0.249127,1.752729,0.893170,0.028447,0.538221,0.700000,1.000000,0.560000,0.000000,0.100000,0.893170
988,1.643381,-0.240394,1.758111,0.893099,0.024781,0.624452,0.700000,1.000000,0.540000,0.000000,0.100000,0.893099
989,1.641474,-0.231666,1.764356,0.893026,0.020634,0.700216,0.680000,1.000000,0.540000,0.000000,0.100000,0.893026
990,1.639554,-0.222942,1.771358,0.892937,0.016130,0.766358,0.680000,1.000000,0.540000,0.000000,0.100000,0.892937
991,1.637617,-0.214224,1.779021,0.892818,0.011378,0.823712,0.660000,1.000000,0.520000,0.000000,0.100000,0.892818
992,1.635660,-0.205512,1.787258,0.892658,0.006471,0.873092,0.700000,1.000000,0.520000,0.000000,0.100000,0.892658
993,1.633679,-0.196807,1.795989,0.892450,0.001488,0.915288,0.760000,1.000000,0.500000,0.000000,0.100000,0.892450
994,1.631672,-0.188112,1.805142,0.892187,-0.003506,0.951052,0.840000,1.000000,0.500000,0.000000,0.100000,0.892187
995,1.629634,-0.179425,1.814653,0.891864,-0.008457,0.981098,0.920000,1.000000,0.480000,0.000000,-0.200000,0.891864
996,1.627563,-0.170750,1.824464,0.890548,-0.021411,0.660075,1.000000,1.000000,0.480000,0.000000,-0.200000,0.890548
997,1.625536,-0.162076,1.831065,0.889272,-0.030919,0.355520,1.000000,1.000000,0.460000,0.000000,-0.200000,0.889272
998,1.623546,-0.153403,1.834620,0.888117,-0.037290,0.070484,1.000000,1.000000,0.460000,0.000000,-0.200000,0.888117
999,1.621590,-0.144732,1.835325,0.887120,-0.040865,-0.193312,1.000000,1.000000,0.460000,0.000000,-0.200000,0.887120
