step,x,y,mu,vx,vy,omega,lidar_l,lidar_c,lidar_r,throttle,steering,reward
0,-1.575676,-1.640628,-2.525143,0.000000,0.000000,0.000000,0.180000,0.180000,0.160000,0.100000,-1.000000,0.000000
1,-1.575676,-1.640628,-2.525143,0.007000,0.000000,0.000000,0.180000,0.180000,0.160000,0.100000,-1.000000,0.007000
2,-1.575733,-1.640668,-2.525143,0.014000,0.000000,0.000000,0.180000,0.180000,0.160000,0.100000,-1.000000,0.014000
3,-1.575847,-1.640749,-2.525143,0.012635,-0.005371,-0.229722,0.180000,0.180000,0.160000,0.100000,-1.000000,0.012635
4,-1.575981,-1.640779,-2.527440,0.014456,-0.013642,-0.130547,0.200000,0.180000,0.160000,0.100000,-1.000000,0.014456
5,-1.576178,-1.640750,-2.528746,0.018464,-0.007716,-0.594771,0.200000,0.180000,0.160000,0.100000,-1.000000,0.018464
6,-1.576374,-1.640793,-2.534693,0.023814,-0.016534,-0.259800,0.200000,0.180000,0.160000,0.100000,-1.000000,0.023814
7,-1.576664,-1.640793,-2.537291,0.026136,-0.012580,-0.726427,0.200000,0.180000,0.160000,0.100000,-1.000000,0.026136
8,-1.576950,-1.640838,-2.544556,0.030956,-0.021285,-0.426882,0.200000,0.180000,0.160000,0.100000,-1.000000,0.030956
9,-1.577326,-1.640836,-2.548824,0.033981,-0.017852,-0.826197,0.200000,0.180000,0.160000,0.100000,-1.000000,0.033981
10,-1.577707,-1.640878,-2.557086,0.038344,-0.025797,-0.589363,0.200000,0.180000,0.160000,0.100000,-1.000000,0.038344
11,-1.578169,-1.640875,-2.562980,0.041704,-0.023224,-0.926226,0.200000,0.180000,0.160000,0.100000,-1.000000,0.041704
12,-1.578646,-1.640908,-2.572242,0.045867,-0.029787,-0.767228,0.200000,0.180000,0.180000,0.100000,-1.000000,0.045867
13,-1.579193,-1.640905,-2.579915,0.049446,-0.028652,-1.019612,0.200000,0.180000,0.180000,0.100000,-1.000000,0.049446
14,-1.579764,-1.640926,-2.590111,0.053473,-0.033471,-0.952181,0.180000,0.160000,0.180000,0.100000,-1.000000,0.053473
15,-1.580394,-1.640921,-2.599632,0.057212,-0.033962,-1.113680,0.180000,0.160000,0.180000,0.100000,-1.000000,0.057212
16,-1.581060,-1.640925,-2.610769,0.061152,-0.037174,-1.128214,0.180000,0.160000,0.180000,0.100000,-1.000000,0.061152
17,-1.581775,-1.640914,-2.622051,0.064996,-0.038811,-1.224822,0.180000,0.160000,0.180000,0.100000,-1.000000,0.064996
18,-1.582532,-1.640900,-2.634300,0.068903,-0.041150,-1.281770,0.180000,0.160000,0.180000,0.100000,-1.000000,0.068903
19,-1.583334,-1.640875,-2.647117,0.072800,-0.043167,-1.353740,0.180000,0.160000,0.180000,0.100000,-1.000000,0.072800
20,-1.584180,-1.640840,-2.660655,0.076713,-0.045245,-1.420158,0.180000,0.160000,0.180000,0.100000,-1.000000,0.076713
21,-1.585069,-1.640794,-2.674856,0.080636,-0.047265,-1.487219,0.180000,0.160000,0.180000,0.100000,-1.000000,0.080636
22,-1.586002,-1.640735,-2.689728,0.084568,-0.049253,-1.553404,0.180000,0.160000,0.180000,0.100000,-1.000000,0.084568
23,-1.586978,-1.640661,-2.705263,0.088510,-0.051204,-1.618947,0.180000,0.160000,0.200000,0.100000,-1.000000,0.088510
24,-1.587997,-1.640571,-2.721452,0.092462,-0.053116,-1.683782,0.180000,0.160000,0.200000,0.100000,-1.000000,0.092462
25,-1.589058,-1.640463,-2.738290,0.096422,-0.054987,-1.747878,0.180000,0.140000,0.180000,0.100000,-1.000000,0.096422
26,-1.590160,-1.640336,-2.755769,0.100391,-0.056815,-1.811200,0.180000,0.140000,0.180000,0.100000,-1.000000,0.100391
27,-1.591304,-1.640187,-2.773881,0.104368,-0.058600,-1.873714,0.180000,0.140000,0.180000,0.100000,-1.000000,0.104368
28,-1.592489,-1.640015,-2.792618,0.108353,-0.060338,-1.935386,0.180000,0.160000,0.180000,0.100000,-1.000000,0.108353
29,-1.593713,-1.639819,-2.811972,0.112344,-0.062029,-1.996181,0.180000,0.160000,0.180000,0.100000,-1.000000,0.112344
30,-1.594977,-1.639596,-2.831933,0.116341,-0.063671,-2.056065,0.180000,0.160000,0.160000,0.100000,-1.000000,0.116341
31,-1.596279,-1.639344,-2.852494,0.120343,-0.065262,-2.115003,0.180000,0.180000,0.160000,0.100000,-1.000000,0.120343
32,-1.597619,-1.639061,-2.873644,0.124349,-0.066802,-2.172961,0.180000,0.180000,0.160000,0.100000,-1.000000,0.124349
33,-1.598995,-1.638746,-2.895374,0.128358,-0.068287,-2.229905,0.180000,0.180000,0.160000,0.100000,-1.000000,0.128358
34,-1.600406,-1.638397,-2.917673,0.132369,-0.069718,-2.285802,0.180000,0.180000,0.160000,0.100000,-1.000000,0.132369
35,-1.601851,-1.638011,-2.940531,0.136380,-0.071092,-2.340617,0.180000,0.180000,0.140000,0.100000,-1.000000,0.136380
36,-1.603330,-1.637587,-2.963937,0.140391,-0.072408,-2.394318,0.160000,0.160000,0.140000,0.100000,-1.000000,0.140391
37,-1.604839,-1.637122,-2.987880,0.144399,-0.073665,-2.446873,0.200000,0.160000,0.140000,0.100000,-1.000000,0.144399
38,-1.606379,-1.636615,-3.012349,0.148404,-0.074862,-2.498250,0.200000,0.160000,0.140000,0.100000,-1.000000,0.148404
39,-1.607947,-1.636064,-3.037331,0.152403,-0.075998,-2.548418,0.200000,0.160000,0.140000,0.100000,-1.000000,0.152403
40,-1.609542,-1.635467,-3.062815,0.156395,-0.077072,-2.597348,0.200000,0.160000,0.140000,0.100000,-1.000000,0.156395
41,-1.611162,-1.634822,-3.088789,0.160378,-0.078082,-2.645011,0.200000,0.160000,0.140000,0.100000,-1.000000,0.160378
42,-1.612805,-1.634127,-3.115239,0.164351,-0.079028,-2.691379,0.220000,0.160000,0.160000,0.100000,-1.000000,0.164351
43,-1.614468,-1.633380,-3.142153,0.168311,-0.079910,-2.736426,0.220000,0.160000,0.160000,0.100000,-1.000000,0.168311
44,-1.616151,-1.632580,-3.169517,0.172256,-0.080726,-2.780126,0.220000,0.160000,0.160000,0.100000,-1.000000,0.172256
45,-1.617850,-1.631725,-3.197318,0.176185,-0.081476,-2.822456,0.220000,0.160000,0.160000,0.100000,-1.000000,0.176185
46,-1.619564,-1.630813,-3.225543,0.180096,-0.082160,-2.863393,0.220000,0.160000,0.160000,0.100000,-1.000000,0.180096
47,-1.621290,-1.629844,-3.254177,0.183986,-0.082778,-2.902919,0.220000,0.160000,0.160000,0.100000,-1.000000,0.183986
48,-1.623025,-1.628814,-3.283206,0.187853,-0.083329,-2.941013,0.260000,0.160000,0.160000,0.100000,-1.000000,0.187853
49,-1.624767,-1.627724,-3.312616,0.191695,-0.083813,-2.977659,0.260000,0.200000,0.160000,0.100000,-1.000000,0.191695
50,-1.626514,-1.626572,-3.342393,0.195510,-0.084231,-3.012842,0.260000,0.200000,0.160000,0.100000,-1.000000,0.195510
51,-1.628261,-1.625357,-3.372521,0.199296,-0.084583,-3.046550,0.260000,0.200000,0.140000,0.100000,-1.000000,0.199296
52,-1.630008,-1.624077,-3.402987,0.203050,-0.084870,-3.078772,0.280000,0.200000,0.140000,0.100000,-1.000000,0.203050
53,-1.631750,-1.622733,-3.433774,0.206771,-0.085091,-3.109500,0.280000,0.200000,0.140000,0.100000,-1.000000,0.206771
54,-1.633485,-1.621322,-3.464869,0.210456,-0.085248,-3.138727,0.280000,0.200000,0.140000,0.100000,-1.000000,0.210456
55,-1.635210,-1.619845,-3.496257,0.214102,-0.085341,-3.166451,0.280000,0.200000,0.140000,0.100000,-1.000000,0.214102
56,-1.636921,-1.618301,-3.527921,0.217709,-0.085372,-3.192670,0.300000,0.200000,0.140000,0.100000,-1.000000,0.217709
57,-1.638616,-1.616690,-3.559848,0.221273,-0.085341,-3.217384,0.300000,0.200000,0.140000,0.100000,-1.000000,0.221273
58,-1.640292,-1.615012,-3.592022,0.224793,-0.085251,-3.240598,0.300000,0.200000,0.180000,0.100000,-1.000000,0.224793
59,-1.641944,-1.613266,-3.624428,0.228266,-0.085102,-3.262318,0.320000,0.240000,0.180000,0.100000,-1.000000,0.228266
60,-1.643571,-1.611452,-3.657051,0.231691,-0.084896,-3.282553,0.320000,0.240000,0.180000,0.100000,-1.000000,0.231691
61,-1.645168,-1.609571,-3.689876,0.235066,-0.084634,-3.301313,0.340000,0.240000,0.180000,0.100000,-1.000000,0.235066
62,-1.646733,-1.607624,-3.722890,0.238389,-0.084319,-3.318612,0.340000,0.260000,0.180000,0.100000,-1.000000,0.238389
63,-1.648262,-1.605610,-3.756076,0.241658,-0.083953,-3.334466,0.360000,0.260000,0.180000,0.100000,-1.000000,0.241658
64,-1.649753,-1.603531,-3.789420,0.244872,-0.083537,-3.348894,0.380000,0.260000,0.180000,0.100000,-1.000000,0.244872
65,-1.651201,-1.601387,-3.822909,0.248029,-0.083073,-3.361916,0.400000,0.260000,0.180000,0.100000,-1.000000,0.248029
66,-1.652605,-1.599180,-3.856528,0.251128,-0.082564,-3.373556,0.420000,0.280000,0.180000,0.100000,-1.000000,0.251128
67,-1.653960,-1.596910,-3.890264,0.254167,-0.082013,-3.383839,0.440000,0.280000,0.180000,0.100000,-1.000000,0.254167
68,-1.655264,-1.594579,-3.924102,0.257146,-0.081421,-3.392792,0.480000,0.280000,0.180000,0.100000,-1.000000,0.257146
69,-1.656513,-1.592189,-3.958030,0.260062,-0.080791,-3.400445,0.500000,0.300000,0.220000,0.100000,-1.000000,0.260062
70,-1.657705,-1.589740,-3.992035,0.262916,-0.080126,-3.406830,0.540000,0.300000,0.240000,0.100000,-0.900000,0.262916
71,-1.658837,-1.587236,-4.026103,0.267034,-0.079424,-3.411817,0.600000,0.320000,0.240000,0.100000,-0.900000,0.267034
72,-1.659915,-1.584667,-4.060221,0.271043,-0.078673,-3.418193,0.620000,0.320000,0.240000,0.100000,-0.900000,0.271043
73,-1.660935,-1.582035,-4.094403,0.274947,-0.077878,-3.425308,0.620000,0.340000,0.240000,0.100000,-0.900000,0.274947
74,-1.661893,-1.579343,-4.128656,0.278752,-0.077039,-3.432685,0.660000,0.360000,0.240000,0.100000,-0.900000,0.278752
75,-1.662787,-1.576592,-4.162983,0.282461,-0.076160,-3.439975,0.760000,0.380000,0.260000,0.100000,-0.900000,0.282461
76,-1.663612,-1.573786,-4.197383,0.286077,-0.075242,-3.446921,0.920000,0.400000,0.260000,0.200000,-0.900000,0.286077
77,-1.664366,-1.570925,-4.231852,0.296601,-0.074288,-3.453333,1.000000,0.420000,0.260000,0.300000,-0.900000,0.296601
78,-1.665079,-1.567952,-4.266385,0.313951,-0.073048,-3.465683,1.000000,0.440000,0.280000,0.300000,-0.900000,0.313951
79,-1.665774,-1.564804,-4.301042,0.331070,-0.071273,-3.487201,1.000000,0.480000,0.280000,0.300000,-0.900000,0.331070
80,-1.666444,-1.561485,-4.335914,0.347979,-0.068980,-3.513395,1.000000,0.520000,0.300000,0.300000,-0.800000,0.347979
81,-1.667082,-1.557995,-4.371048,0.365896,-0.066197,-3.541971,1.000000,0.560000,0.300000,0.300000,-0.800000,0.365896
82,-1.667683,-1.554326,-4.406468,0.383550,-0.062942,-3.573995,1.000000,0.600000,0.320000,0.300000,-0.800000,0.383550
83,-1.668238,-1.550479,-4.442208,0.400952,-0.059203,-3.606973,1.000000,0.600000,0.320000,0.300000,-0.800000,0.400952
84,-1.668738,-1.546457,-4.478278,0.418105,-0.054971,-3.639146,1.000000,0.640000,0.340000,0.300000,-0.800000,0.418105
85,-1.669173,-1.542262,-4.514669,0.435003,-0.050244,-3.669266,1.000000,0.740000,0.360000,0.300000,-0.700000,0.435003
86,-1.669535,-1.537898,-4.551362,0.452818,-0.044960,-3.693775,1.000000,0.920000,0.380000,0.300000,-0.700000,0.452818
87,-1.669817,-1.533357,-4.588299,0.470308,-0.039222,-3.718506,1.000000,1.000000,0.420000,0.300000,-0.600000,0.470308
88,-1.670010,-1.528641,-4.625484,0.488749,-0.032595,-3.724260,1.000000,1.000000,0.440000,0.300000,-0.600000,0.488749
89,-1.670109,-1.523744,-4.662727,0.506774,-0.025638,-3.734089,0.740000,1.000000,0.480000,0.100000,-0.500000,0.506774
90,-1.670105,-1.518669,-4.700068,0.511729,-0.017462,-3.709832,0.660000,1.000000,0.540000,0.100000,-0.400000,0.511729
91,-1.669993,-1.513550,-4.737166,0.517585,-0.008166,-3.621048,0.600000,1.000000,0.580000,0.100000,-0.300000,0.517585
92,-1.669784,-1.508378,-4.773377,0.524102,0.002471,-3.450179,0.560000,1.000000,0.560000,0.100000,-0.300000,0.524102
93,-1.669489,-1.503145,-4.807879,0.529981,0.011520,-3.309674,0.520000,1.000000,0.580000,0.100000,-0.300000,0.529981
94,-1.669098,-1.497859,-4.840975,0.535364,0.019300,-3.192634,0.480000,1.000000,0.680000,0.100000,-0.100000,0.535364
95,-1.668603,-1.492525,-4.872902,0.541835,0.031584,-2.857389,0.460000,1.000000,0.780000,0.100000,0.100000,0.541835
96,-1.668049,-1.487125,-4.901476,0.547378,0.046437,-2.344105,0.420000,1.000000,0.920000,0.100000,0.300000,0.547378
97,-1.667476,-1.481662,-4.924917,0.551013,0.060721,-1.749595,0.420000,1.000000,1.000000,0.100000,0.500000,0.551013
98,-1.666907,-1.476148,-4.942413,0.552705,0.072429,-1.143818,0.400000,1.000000,1.000000,0.100000,0.500000,0.552705
99,-1.666352,-1.470601,-4.953851,0.554797,0.080761,-0.563351,0.400000,1.000000,1.000000,0.100000,0.500000,0.554797
100,-1.665810,-1.465021,-4.959484,0.557443,0.085930,-0.014453,0.380000,1.000000,1.000000,0.100000,0.500000,0.557443
101,-1.665280,-1.459406,-4.959629,0.560707,0.088217,0.496875,0.380000,1.000000,1.000000,0.100000,0.500000,0.560707
102,-1.664763,-1.453753,-4.954660,0.564585,0.087962,0.965186,0.380000,1.000000,1.000000,0.100000,0.500000,0.564585
103,-1.664262,-1.448061,-4.945008,0.569009,0.085551,1.386057,0.400000,1.000000,1.000000,0.100000,0.500000,0.569009
104,-1.663783,-1.442327,-4.931148,0.573871,0.081382,1.756742,0.400000,1.000000,1.000000,0.100000,0.500000,0.573871
105,-1.663332,-1.436549,-4.913580,0.579043,0.075833,2.076784,0.420000,1.000000,1.000000,0.100000,0.500000,0.579043
106,-1.662918,-1.430723,-4.892812,0.584390,0.069232,2.348214,0.420000,1.000000,0.900000,0.100000,0.300000,0.584390
107,-1.662550,-1.424850,-4.869330,0.592363,0.058007,2.410847,0.440000,1.000000,0.800000,0.100000,0.100000,0.592363
108,-1.662197,-1.418909,-4.845222,0.601065,0.041639,2.208758,0.460000,1.000000,0.720000,0.100000,0.000000,0.601065
109,-1.661814,-1.412896,-4.823134,0.608954,0.025247,1.915818,0.480000,1.000000,0.640000,0.100000,-0.200000,0.608954
110,-1.661392,-1.406816,-4.803976,0.614910,0.008279,1.499113,0.500000,1.000000,0.600000,0.100000,-0.300000,0.614910
111,-1.660912,-1.400685,-4.788985,0.619615,-0.006431,1.060974,0.520000,1.000000,0.580000,0.100000,-0.300000,0.619615
112,-1.660374,-1.394512,-4.778375,0.624264,-0.018060,0.641847,0.520000,1.000000,0.560000,0.100000,-0.300000,0.624264
113,-1.659782,-1.388295,-4.771957,0.629007,-0.026790,0.248442,0.540000,1.000000,0.540000,0.100000,-0.400000,0.629007
114,-1.659140,-1.382032,-4.769472,0.632818,-0.033794,-0.154660,0.540000,1.000000,0.540000,0.100000,-0.400000,0.632818
115,-1.658442,-1.375733,-4.771019,0.636869,-0.038302,-0.529213,0.540000,1.000000,0.540000,0.100000,-0.400000,0.636869
116,-1.657686,-1.369398,-4.776311,0.641182,-0.040574,-0.872202,0.520000,1.000000,0.560000,0.100000,-0.300000,0.641182
117,-1.656872,-1.363025,-4.785033,0.646913,-0.039487,-1.122316,0.520000,1.000000,0.580000,0.100000,-0.300000,0.646913
118,-1.656008,-1.356601,-4.796256,0.652786,-0.037058,-1.340815,0.500000,1.000000,0.600000,0.100000,-0.300000,0.652786
119,-1.655092,-1.350128,-4.809664,0.658743,-0.033541,-1.530317,0.480000,1.000000,0.640000,0.100000,-0.200000,0.658743
120,-1.654119,-1.343604,-4.824967,0.665725,-0.026777,-1.591934,0.460000,1.000000,0.680000,0.100000,-0.100000,0.665725
121,-1.653105,-1.337019,-4.840887,0.673141,-0.017208,-1.516088,0.460000,1.000000,0.720000,0.100000,0.000000,0.673141
122,-1.652071,-1.330365,-4.856048,0.680364,-0.005916,-1.319539,0.440000,1.000000,0.780000,0.100000,0.100000,0.680364
123,-1.651039,-1.323640,-4.869243,0.686938,0.005836,-1.031433,0.420000,1.000000,0.840000,0.100000,0.200000,0.686938
124,-1.650023,-1.316846,-4.879557,0.692626,0.016957,-0.681357,0.420000,1.000000,0.900000,0.100000,0.300000,0.692626
125,-1.649038,-1.309988,-4.886371,0.697348,0.026628,-0.295341,0.400000,1.000000,0.920000,0.100000,0.300000,0.697348
126,-1.648093,-1.303074,-4.889324,0.702234,0.033382,0.065647,0.400000,1.000000,0.900000,0.100000,0.300000,0.702234
127,-1.647186,-1.296102,-4.888668,0.707335,0.037493,0.398405,0.400000,1.000000,0.900000,0.100000,0.300000,0.707335
128,-1.646314,-1.289073,-4.884684,0.712663,0.039258,0.701289,0.400000,1.000000,0.900000,0.100000,0.300000,0.712663
129,-1.645479,-1.281984,-4.877671,0.718194,0.038985,0.973915,0.400000,1.000000,0.900000,0.100000,0.300000,0.718194
130,-1.644682,-1.274836,-4.867932,0.723888,0.036974,1.216880,0.420000,1.000000,0.860000,0.100000,0.200000,0.723888
131,-1.643926,-1.267627,-4.855763,0.730696,0.031260,1.335479,0.420000,1.000000,0.820000,0.100000,0.200000,0.730696
132,-1.643191,-1.260351,-4.842408,0.737449,0.025153,1.436888,0.440000,1.000000,0.780000,0.100000,0.100000,0.737449
133,-1.642485,-1.253006,-4.828039,0.744734,0.015881,1.399618,0.440000,1.000000,0.720000,0.100000,0.000000,0.744734
134,-1.641783,-1.245590,-4.814043,0.751909,0.004537,1.234302,0.460000,1.000000,0.700000,0.100000,-0.100000,0.751909
135,-1.641065,-1.238105,-4.801700,0.758479,-0.007485,0.968837,0.460000,1.000000,0.660000,0.100000,-0.100000,0.758479
136,-1.640314,-1.230557,-4.792012,0.764986,-0.016789,0.725432,0.480000,1.000000,0.640000,0.100000,-0.200000,0.764986
137,-1.639538,-1.222945,-4.784757,0.770715,-0.025976,0.406445,0.480000,1.000000,0.620000,0.100000,-0.200000,0.770715
138,-1.638722,-1.215277,-4.780693,0.776559,-0.032321,0.112005,0.480000,1.000000,0.620000,0.100000,-0.200000,0.776559
139,-1.637870,-1.207551,-4.779573,0.782558,-0.036133,-0.156832,0.480000,1.000000,0.620000,0.100000,-0.200000,0.782558
140,-1.636984,-1.199767,-4.781141,0.788718,-0.037731,-0.400147,0.480000,1.000000,0.620000,0.100000,-0.200000,0.788718
141,-1.636065,-1.191925,-4.785143,0.795024,-0.037425,-0.618738,0.480000,1.000000,0.640000,0.100000,-0.200000,0.795024
142,-1.635114,-1.184023,-4.791330,0.801445,-0.035507,-0.813838,0.460000,1.000000,0.660000,0.100000,-0.100000,0.801445
143,-1.634128,-1.176061,-4.799468,0.808598,-0.029427,-0.866551,0.460000,1.000000,0.680000,0.100000,-0.100000,0.808598
144,-1.633132,-1.168032,-4.808134,0.815696,-0.023388,-0.911173,0.440000,1.000000,0.700000,0.100000,-0.100000,0.815696
145,-1.632119,-1.159934,-4.817246,0.822733,-0.017433,-0.948739,0.440000,1.000000,0.740000,0.100000,0.000000,0.822733
146,-1.631085,-1.151770,-4.826733,0.829840,-0.008530,-0.849080,0.420000,1.000000,0.760000,0.100000,0.000000,0.829840
147,-1.630053,-1.143536,-4.835224,0.836854,-0.001053,-0.757428,0.420000,1.000000,0.780000,0.100000,0.100000,0.836854
148,-1.629017,-1.135232,-4.842798,0.843430,0.008023,-0.551300,0.400000,1.000000,0.780000,0.100000,0.100000,0.843430
149,-1.628000,-1.126859,-4.848311,0.850000,0.014849,-0.361565,0.400000,1.000000,0.760000,0.100000,0.000000,0.850000
150,-1.626996,-1.118417,-4.851927,0.856885,0.016692,-0.316243,0.400000,1.000000,0.760000,0.100000,0.000000,0.856885
151,-1.625969,-1.109908,-4.855089,0.863769,0.018053,-0.275505,0.400000,1.000000,0.760000,0.100000,0.000000,0.863769
152,-1.624919,-1.101333,-4.857844,0.870656,0.019003,-0.238955,0.380000,1.000000,0.740000,0.100000,0.000000,0.870656
153,-1.623845,-1.092690,-4.860234,0.877546,0.019603,-0.206226,0.380000,1.000000,0.740000,0.100000,0.000000,0.877546
154,-1.622747,-1.083982,-4.862296,0.884440,0.019908,-0.176979,0.380000,1.000000,0.740000,0.100000,0.000000,0.884440
155,-1.621623,-1.075207,-4.864066,0.891338,0.019965,-0.150900,0.380000,1.000000,0.740000,0.100000,0.000000,0.891338
156,-1.620473,-1.066366,-4.865575,0.898240,0.019815,-0.127702,0.380000,1.000000,0.740000,0.100000,0.000000,0.898240
157,-1.619298,-1.057458,-4.866852,0.905146,0.019495,-0.107120,0.380000,1.000000,0.760000,0.100000,0.000000,0.905146
158,-1.618098,-1.048485,-4.867923,0.912055,0.019037,-0.088909,0.380000,1.000000,0.760000,0.100000,0.000000,0.912055
159,-1.616874,-1.039445,-4.868812,0.918967,0.018467,-0.072845,0.360000,1.000000,0.780000,0.100000,0.100000,0.918967
160,-1.615624,-1.030338,-4.869541,0.925633,0.020836,0.070702,0.360000,1.000000,0.780000,0.100000,0.100000,0.925633
161,-1.614382,-1.021163,-4.868834,0.932346,0.021774,0.201229,0.360000,1.000000,0.780000,0.100000,0.100000,0.932346
162,-1.613144,-1.011920,-4.866821,0.939102,0.021477,0.319463,0.360000,1.000000,0.780000,0.100000,0.100000,0.939102
163,-1.611912,-1.002608,-4.863627,0.945890,0.020120,0.426179,0.360000,1.000000,0.780000,0.100000,0.100000,0.945890
164,-1.610686,-0.993226,-4.859365,0.952699,0.017865,0.522167,0.440000,1.000000,0.760000,0.100000,0.000000,0.952699
165,-1.609467,-0.983776,-4.854143,0.959715,0.011798,0.477527,0.460000,1.000000,0.760000,0.100000,0.000000,0.959715
166,-1.608228,-0.974258,-4.849368,0.966693,0.006529,0.435295,0.460000,1.000000,0.740000,0.100000,0.000000,0.966693
167,-1.606973,-0.964673,-4.845015,0.973642,0.001985,0.395545,0.460000,1.000000,0.720000,0.100000,0.000000,0.973642
168,-1.605705,-0.955020,-4.841060,0.980569,-0.001906,0.358294,0.460000,1.000000,0.720000,0.100000,0.000000,0.980569
169,-1.604428,-0.945297,-4.837477,0.987480,-0.005209,0.323515,0.460000,1.000000,0.720000,0.100000,0.000000,0.987480
170,-1.603144,-0.935506,-4.834242,0.994380,-0.007985,0.291150,0.460000,1.000000,0.700000,0.100000,-0.100000,0.994380
171,-1.601856,-0.925646,-4.831330,1.000972,-0.013263,0.133936,0.460000,1.000000,0.700000,0.100000,-0.100000,1.000972
172,-1.600537,-0.915723,-4.829991,1.007597,-0.016714,-0.011510,0.460000,1.000000,0.700000,0.100000,-0.100000,1.007597
173,-1.599188,-0.905736,-4.830106,1.014261,-0.018544,-0.145386,0.460000,1.000000,0.720000,0.100000,0.000000,1.014261
174,-1.597813,-0.895685,-4.831560,1.021200,-0.015911,-0.138227,0.440000,1.000000,0.720000,0.100000,0.000000,1.021200
175,-1.596441,-0.885565,-4.832942,1.028133,-0.013515,-0.130888,0.440000,1.000000,0.720000,0.100000,0.000000,1.028133
176,-1.595070,-0.875374,-4.834251,1.035061,-0.011341,-0.123469,0.440000,1.000000,0.740000,0.100000,0.000000,1.035061
177,-1.593699,-0.865114,-4.835485,1.041983,-0.009376,-0.116051,0.440000,1.000000,0.740000,0.100000,0.000000,1.041983
178,-1.592327,-0.854785,-4.836646,1.048901,-0.007606,-0.108704,0.440000,1.000000,0.760000,0.100000,0.000000,1.048901
179,-1.590952,-0.844386,-4.837733,1.055816,-0.006016,-0.101483,0.440000,1.000000,0.740000,0.100000,0.000000,1.055816
180,-1.589572,-0.833918,-4.838748,1.062727,-0.004595,-0.094436,0.420000,1.000000,0.740000,0.100000,0.000000,1.062727
181,-1.588187,-0.823381,-4.839692,1.069635,-0.003330,-0.087600,0.420000,1.000000,0.720000,0.100000,0.000000,1.069635
182,-1.586796,-0.812776,-4.840568,1.076540,-0.002208,-0.081002,0.420000,1.000000,0.720000,0.100000,0.000000,1.076540
183,-1.585398,-0.802101,-4.841378,1.083443,-0.001220,-0.074666,0.420000,1.000000,0.700000,0.100000,-0.100000,1.083443
184,-1.583992,-0.791359,-4.842125,1.090053,-0.003339,-0.196300,0.420000,1.000000,0.700000,0.100000,-0.100000,1.090053
185,-1.582549,-0.780554,-4.844088,1.096683,-0.004042,-0.308877,0.420000,1.000000,0.700000,0.100000,-0.100000,1.096683
186,-1.581069,-0.769687,-4.847177,1.103328,-0.003490,-0.412604,0.400000,1.000000,0.680000,0.100000,-0.100000,1.103328
187,-1.579551,-0.758759,-4.851303,1.109979,-0.001835,-0.507778,0.400000,1.000000,0.680000,0.100000,-0.100000,1.109979
188,-1.577996,-0.747769,-4.856380,1.116627,0.000785,-0.594754,0.400000,1.000000,0.680000,0.100000,-0.100000,1.116627
189,-1.576402,-0.736717,-4.862328,1.123259,0.004240,-0.673928,0.380000,1.000000,0.720000,0.100000,0.000000,1.123259
190,-1.574766,-0.725604,-4.869067,1.130122,0.011428,-0.616733,0.380000,1.000000,0.740000,0.100000,0.000000,1.130122
191,-1.573115,-0.714423,-4.875235,1.136943,0.017618,-0.562554,0.380000,1.000000,0.780000,0.100000,0.100000,1.136943
192,-1.571446,-0.703176,-4.880860,1.143438,0.025876,-0.384008,0.360000,1.000000,0.800000,0.100000,0.100000,1.143438
193,-1.569784,-0.691860,-4.884700,1.149965,0.031736,-0.216467,0.360000,1.000000,0.820000,0.100000,0.200000,1.149965
194,-1.568125,-0.680476,-4.886865,1.155800,0.037926,0.046793,0.360000,1.000000,0.840000,0.100000,0.200000,1.155800
195,-1.566492,-0.669028,-4.886397,1.161775,0.040899,0.294968,0.360000,1.000000,0.860000,0.100000,0.200000,1.161775
196,-1.564883,-0.657515,-4.883447,1.167891,0.040946,0.527089,0.360000,1.000000,0.840000,0.100000,0.200000,1.167891
197,-1.563299,-0.645936,-4.878176,1.174127,0.038358,0.742633,0.360000,1.000000,0.820000,0.100000,0.200000,1.174127
198,-1.561739,-0.634293,-4.870750,1.180446,0.033423,0.941393,0.440000,1.000000,0.800000,0.100000,0.100000,1.180446
199,-1.560208,-0.622583,-4.861336,1.187492,0.023729,1.008324,0.440000,1.000000,0.780000,0.100000,0.100000,1.187492
200,-1.558680,-0.610805,-4.851253,1.194441,0.013722,1.067267,0.460000,1.000000,0.740000,0.100000,0.000000,1.194441
201,-1.557163,-0.598956,-4.840580,1.201466,0.000435,0.987999,0.460000,1.000000,0.720000,0.100000,0.000000,1.201466
202,-1.555631,-0.587040,-4.830700,1.208347,-0.011273,0.911560,0.460000,1.000000,0.680000,0.100000,-0.100000,1.208347
203,-1.554093,-0.575054,-4.821585,1.214787,-0.024443,0.713130,0.460000,1.000000,0.660000,0.100000,-0.100000,1.214787
204,-1.552526,-0.563005,-4.814453,1.221197,-0.034658,0.524465,0.480000,1.000000,0.660000,0.100000,-0.100000,1.221197
205,-1.550937,-0.550892,-4.809209,1.227634,-0.042152,0.346338,0.480000,1.000000,0.640000,0.100000,-0.200000,1.227634
206,-1.549331,-0.538714,-4.805745,1.233394,-0.049690,0.070985,0.480000,1.000000,0.640000,0.100000,-0.200000,1.233394
207,-1.547686,-0.526480,-4.805035,1.239321,-0.053618,-0.189991,0.480000,1.000000,0.640000,0.100000,-0.200000,1.239321
208,-1.546006,-0.514190,-4.806935,1.245427,-0.054235,-0.435478,0.460000,1.000000,0.660000,0.100000,-0.100000,1.245427
209,-1.544290,-0.501842,-4.811290,1.252388,-0.049144,-0.549149,0.460000,1.000000,0.680000,0.100000,-0.100000,1.252388
210,-1.542565,-0.489428,-4.816782,1.259377,-0.042893,-0.653190,0.460000,1.000000,0.700000,0.100000,-0.100000,1.259377
211,-1.540826,-0.476947,-4.823314,1.266365,-0.035645,-0.747968,0.440000,1.000000,0.720000,0.000000,0.000000,1.266365
212,-1.539070,-0.464401,-4.830793,1.266495,-0.024484,-0.702811,0.440000,1.000000,0.740000,0.000000,0.000000,1.266495
213,-1.537330,-0.451854,-4.837821,1.266530,-0.014455,-0.657745,0.420000,1.000000,0.780000,0.000000,0.100000,1.266530
214,-1.535602,-0.439306,-4.844399,1.266119,-0.002636,-0.490619,0.420000,1.000000,0.800000,0.000000,0.100000,1.266119
215,-1.533910,-0.426758,-4.849305,1.265660,0.006548,-0.330035,0.420000,1.000000,0.840000,0.000000,0.200000,1.265660
216,-1.532247,-0.414211,-4.852605,1.264414,0.015616,-0.077769,0.400000,1.000000,0.860000,0.000000,0.200000,1.264414
217,-1.530635,-0.401669,-4.853383,1.263233,0.021204,0.164134,0.400000,1.000000,0.860000,0.000000,0.200000,1.263233
218,-1.529069,-0.389133,-4.851742,1.262141,0.023586,0.393790,0.400000,1.000000,0.860000,0.100000,0.200000,1.262141
219,-1.527550,-0.376601,-4.847804,1.268140,0.023054,0.609867,0.400000,1.000000,0.840000,0.000000,0.200000,1.268140
220,-1.526066,-0.364004,-4.841705,1.267206,0.019868,0.811607,0.400000,1.000000,0.840000,0.000000,0.200000,1.267206
221,-1.524629,-0.351413,-4.833589,1.266302,0.014349,0.998348,0.400000,1.000000,0.800000,0.000000,0.100000,1.266302
222,-1.523241,-0.338825,-4.823606,1.266108,0.004208,1.059411,0.500000,1.000000,0.780000,0.000000,0.100000,1.266108
223,-1.521877,-0.326238,-4.813011,1.265795,-0.006185,1.112861,0.520000,1.000000,0.760000,0.000000,0.000000,1.265795
224,-1.520544,-0.313650,-4.801883,1.265590,-0.019759,1.029531,0.520000,1.000000,0.720000,0.000000,0.000000,1.265590
225,-1.519216,-0.301062,-4.791588,1.265250,-0.031601,0.949097,0.520000,1.000000,0.700000,0.000000,-0.100000,1.265250
226,-1.517900,-0.288474,-4.782097,1.264523,-0.044822,0.744236,0.540000,1.000000,0.680000,0.000000,-0.100000,1.264523
227,-1.516572,-0.275891,-4.774654,1.263807,-0.054852,0.549604,0.540000,1.000000,0.680000,0.000000,-0.100000,1.263807
228,-1.515238,-0.263312,-4.769158,1.263158,-0.061965,0.365840,0.540000,1.000000,0.660000,0.000000,-0.100000,1.263158
229,-1.513903,-0.250736,-4.765500,1.262614,-0.066436,0.193158,0.540000,1.000000,0.660000,0.100000,-0.100000,1.262614
230,-1.512569,-0.238163,-4.763568,1.269191,-0.068531,0.031518,0.540000,1.000000,0.660000,0.000000,-0.100000,1.269191
231,-1.511236,-0.225522,-4.763253,1.268888,-0.068526,-0.119155,0.540000,1.000000,0.660000,0.000000,-0.100000,1.268888
232,-1.509906,-0.212885,-4.764445,1.268699,-0.066631,-0.259249,0.540000,1.000000,0.660000,0.000000,-0.100000,1.268699
233,-1.508581,-0.200250,-4.767037,1.268606,-0.063074,-0.388997,0.540000,1.000000,0.680000,0.000000,-0.100000,1.268606
234,-1.507258,-0.187617,-4.770927,1.268586,-0.058070,-0.508635,0.520000,1.000000,0.680000,0.000000,-0.100000,1.268586
235,-1.505936,-0.174987,-4.776013,1.268613,-0.051819,-0.618398,0.520000,1.000000,0.700000,0.000000,-0.100000,1.268613
236,-1.504612,-0.162359,-4.782197,1.268658,-0.044511,-0.718534,0.520000,1.000000,0.720000,0.000000,0.000000,1.268658
237,-1.503283,-0.149735,-4.789383,1.268840,-0.033254,-0.678192,0.500000,1.000000,0.740000,0.000000,0.000000,1.268840
238,-1.501976,-0.137109,-4.796165,1.268928,-0.023071,-0.637515,0.500000,1.000000,0.760000,0.000000,0.000000,1.268928
239,-1.500684,-0.124484,-4.802540,1.268938,-0.013915,-0.596917,0.480000,1.000000,0.780000,0.000000,0.100000,1.268938
240,-1.499403,-0.111859,-4.808509,1.268519,-0.002860,-0.433808,0.480000,1.000000,0.820000,0.000000,0.200000,1.268519
241,-1.498157,-0.099235,-4.812847,1.267268,0.007888,-0.181204,0.460000,1.000000,0.820000,0.000000,0.200000,1.267268
242,-1.496965,-0.086618,-4.814659,1.266048,0.015082,0.062496,0.460000,1.000000,0.820000,0.000000,0.200000,1.266048
243,-1.495822,-0.074008,-4.814034,1.264899,0.018977,0.295090,0.460000,1.000000,0.820000,0.000000,0.200000,1.264899
244,-1.494728,-0.061405,-4.811083,1.263834,0.019851,0.514979,0.460000,1.000000,0.800000,0.000000,0.100000,1.263834
245,-1.493680,-0.048809,-4.805933,1.263580,0.015459,0.612583,0.460000,1.000000,0.800000,0.000000,0.100000,1.263580
246,-1.492653,-0.036214,-4.799808,1.263314,0.010077,0.701677,0.460000,1.000000,0.780000,0.000000,0.100000,1.263314
247,-1.491651,-0.023620,-4.792791,1.263019,0.003861,0.782541,0.480000,1.000000,0.780000,0.100000,0.100000,1.263019
248,-1.490675,-0.011028,-4.784965,1.269674,-0.003047,0.855502,0.480000,1.000000,0.760000,0.000000,0.000000,1.269674
249,-1.489724,0.001633,-4.776410,1.269510,-0.013600,0.791910,0.480000,1.000000,0.760000,0.000000,0.000000,1.269510
250,-1.488776,0.014294,-4.768491,1.269265,-0.022818,0.730330,0.500000,1.000000,0.740000,0.000000,0.000000,1.269265
251,-1.487836,0.026954,-4.761188,1.268961,-0.030794,0.671040,0.500000,1.000000,0.720000,0.000000,0.000000,1.268961
252,-1.486910,0.039613,-4.754478,1.268616,-0.037622,0.614225,0.500000,1.000000,0.700000,0.000000,-0.100000,1.268616
253,-1.486000,0.052272,-4.748335,1.267993,-0.046411,0.430795,0.520000,1.000000,0.700000,0.000000,-0.100000,1.267993
254,-1.485081,0.064927,-4.744027,1.267434,-0.052480,0.257601,0.520000,1.000000,0.680000,0.000000,-0.100000,1.267434
255,-1.484155,0.077579,-4.741451,1.266965,-0.056084,0.094888,0.520000,1.000000,0.680000,0.000000,-0.100000,1.266965
256,-1.483226,0.090227,-4.740502,1.266597,-0.057477,-0.057324,0.520000,1.000000,0.680000,0.000000,-0.100000,1.266597
257,-1.482296,0.102872,-4.741076,1.266330,-0.056898,-0.199137,0.520000,1.000000,0.680000,0.000000,-0.100000,1.266330
258,-1.481364,0.115513,-4.743067,1.266151,-0.054576,-0.330723,0.500000,1.000000,0.680000,0.000000,-0.100000,1.266151
259,-1.480430,0.128152,-4.746374,1.266043,-0.050728,-0.452283,0.500000,1.000000,0.660000,0.000000,-0.100000,1.266043
260,-1.479493,0.140788,-4.750897,1.265984,-0.045556,-0.564041,0.500000,1.000000,0.640000,0.000000,-0.200000,1.265984
261,-1.478550,0.153421,-4.756538,1.265245,-0.041927,-0.780659,0.480000,1.000000,0.640000,0.000000,-0.200000,1.265245
262,-1.477573,0.166043,-4.764344,1.264587,-0.035801,-0.981026,0.480000,1.000000,0.620000,0.000000,-0.200000,1.264587
263,-1.476559,0.178653,-4.774154,1.263951,-0.027495,-1.164870,0.460000,1.000000,0.640000,0.000000,-0.200000,1.263951
264,-1.475504,0.191251,-4.785803,1.263274,-0.017316,-1.332145,0.440000,1.000000,0.660000,0.000000,-0.100000,1.263274
265,-1.474405,0.203837,-4.799125,1.263198,-0.002908,-1.369846,0.440000,1.000000,0.700000,0.000000,-0.100000,1.263198
266,-1.473282,0.216419,-4.812823,1.262900,0.011246,-1.400550,0.420000,1.000000,0.740000,0.100000,0.000000,1.262900
267,-1.472127,0.228996,-4.826829,1.269606,0.028119,-1.295042,0.400000,1.000000,0.800000,0.000000,0.100000,1.269606
268,-1.470957,0.241641,-4.839779,1.268785,0.045870,-1.068104,0.400000,1.000000,0.840000,0.000000,0.200000,1.268785
269,-1.469800,0.254284,-4.850460,1.267130,0.062367,-0.747666,0.380000,1.000000,0.880000,0.000000,0.300000,1.267130
270,-1.468674,0.266921,-4.857937,1.264561,0.075920,-0.365124,0.380000,1.000000,0.920000,0.000000,0.300000,1.264561
271,-1.467591,0.279543,-4.861588,1.262276,0.084285,0.005671,0.380000,1.000000,0.940000,0.100000,0.400000,1.262276
272,-1.466548,0.292151,-4.861531,1.266207,0.088950,0.410471,0.380000,1.000000,0.960000,0.000000,0.400000,1.266207
273,-1.465546,0.304804,-4.857426,1.263557,0.088571,0.798395,0.380000,1.000000,0.940000,0.000000,0.400000,1.263557
274,-1.464596,0.317435,-4.849443,1.261293,0.083531,1.165840,0.380000,1.000000,0.900000,0.100000,0.300000,1.261293
275,-1.463701,0.330044,-4.837784,1.267485,0.072935,1.452390,0.380000,1.000000,0.860000,0.000000,0.200000,1.267485
276,-1.462839,0.342711,-4.823260,1.267761,0.057038,1.621431,0.400000,1.000000,0.820000,0.000000,0.200000,1.267761
277,-1.462003,0.355373,-4.807046,1.267857,0.039800,1.772057,0.400000,1.000000,0.760000,0.000000,0.000000,1.267857
278,-1.461201,0.368033,-4.789325,1.268425,0.015652,1.654090,0.420000,1.000000,0.720000,0.000000,0.000000,1.268425
279,-1.460382,0.380692,-4.772784,1.268547,-0.005825,1.537411,0.440000,1.000000,0.680000,0.000000,-0.100000,1.268547
280,-1.459558,0.393350,-4.757410,1.267940,-0.027613,1.302069,0.440000,1.000000,0.660000,0.000000,-0.100000,1.267940
281,-1.458712,0.406005,-4.744390,1.267122,-0.045452,1.074692,0.460000,1.000000,0.620000,0.000000,-0.200000,1.267122
282,-1.457852,0.418655,-4.733643,1.265467,-0.062027,0.753949,0.460000,1.000000,0.620000,0.000000,-0.200000,1.265467
283,-1.456963,0.431293,-4.726103,1.263923,-0.073928,0.444962,0.480000,1.000000,0.600000,0.000000,-0.300000,1.263923
284,-1.456051,0.443921,-4.721654,1.261569,-0.083337,0.071015,0.480000,1.000000,0.600000,0.100000,-0.300000,1.261569
285,-1.455100,0.456529,-4.720943,1.266568,-0.087818,-0.288194,0.480000,1.000000,0.600000,0.000000,-0.300000,1.266568
286,-1.454114,0.469186,-4.723825,1.264941,-0.087743,-0.629522,0.480000,1.000000,0.600000,0.000000,-0.300000,1.264941
287,-1.453092,0.481825,-4.730121,1.263658,-0.083496,-0.950954,0.460000,1.000000,0.620000,0.000000,-0.200000,1.263658
288,-1.452033,0.494445,-4.739630,1.263654,-0.073346,-1.158345,0.440000,1.000000,0.640000,0.000000,-0.200000,1.263654
289,-1.450956,0.507057,-4.751214,1.263689,-0.061109,-1.347561,0.440000,1.000000,0.660000,0.000000,-0.100000,1.263689
290,-1.449854,0.519660,-4.764689,1.264312,-0.044273,-1.397004,0.420000,1.000000,0.700000,0.000000,-0.100000,1.264312
291,-1.448751,0.532263,-4.778659,1.264692,-0.027676,-1.438037,0.400000,1.000000,0.740000,0.000000,0.000000,1.264692
292,-1.447638,0.544864,-4.793040,1.264953,-0.008343,-1.340116,0.380000,1.000000,0.780000,0.000000,0.100000,1.264953
293,-1.446535,0.557465,-4.806441,1.264531,0.011605,-1.123689,0.380000,1.000000,0.780000,0.000000,0.100000,1.264531
294,-1.445463,0.570066,-4.817678,1.263921,0.027935,-0.913709,0.360000,1.000000,0.780000,0.000000,0.100000,1.263921
295,-1.444413,0.582664,-4.826815,1.263234,0.040877,-0.712358,0.360000,1.000000,0.760000,0.000000,0.000000,1.263234
296,-1.443377,0.595261,-4.833938,1.262806,0.047667,-0.650191,0.360000,1.000000,0.760000,0.100000,0.000000,1.262806
297,-1.442319,0.607853,-4.840440,1.269360,0.053336,-0.591099,0.340000,1.000000,0.760000,0.000000,0.000000,1.269360
298,-1.441227,0.620511,-4.846351,1.268907,0.058038,-0.535381,0.340000,1.000000,0.800000,0.000000,0.100000,1.268907
299,-1.440107,0.633164,-4.851705,1.268256,0.064859,-0.352057,0.340000,1.000000,0.800000,0.000000,0.100000,1.268256
300,-1.438988,0.645814,-4.855226,1.267717,0.069048,-0.179854,0.340000,1.000000,0.780000,0.000000,0.100000,1.267717
301,-1.437867,0.658460,-4.857024,1.267303,0.070871,-0.018694,0.320000,1.000000,0.780000,0.000000,0.100000,1.267303
302,-1.436742,0.671103,-4.857211,1.267015,0.070585,0.131613,0.320000,1.000000,0.760000,0.000000,0.000000,1.267015
303,-1.435612,0.683742,-4.855895,1.266971,0.065366,0.140234,0.320000,1.000000,0.760000,0.000000,0.000000,1.266971
304,-1.434447,0.696375,-4.854493,1.266926,0.060295,0.146997,0.320000,1.000000,0.740000,0.000000,0.000000,1.266926
305,-1.433249,0.709002,-4.853023,1.266877,0.055390,0.152036,0.400000,1.000000,0.740000,0.000000,0.000000,1.266877
306,-1.432022,0.721624,-4.851502,1.266825,0.050666,0.155489,0.400000,1.000000,0.720000,0.000000,0.000000,1.266825
307,-1.430767,0.734240,-4.849947,1.266766,0.046136,0.157493,0.400000,1.000000,0.720000,0.000000,0.000000,1.266766
308,-1.429487,0.746851,-4.848372,1.266702,0.041809,0.158184,0.400000,0.980000,0.700000,0.000000,-0.100000,1.266702
309,-1.428184,0.759458,-4.846791,1.266236,0.034878,0.037349,0.400000,0.980000,0.700000,0.000000,-0.100000,1.266236
310,-1.426833,0.772053,-4.846417,1.265737,0.029766,-0.078311,0.400000,0.960000,0.680000,0.000000,-0.100000,1.265737
311,-1.425437,0.784636,-4.847200,1.265220,0.026325,-0.188206,0.400000,0.960000,0.680000,0.000000,-0.100000,1.265220
312,-1.423997,0.797209,-4.849082,1.264690,0.024408,-0.291935,0.400000,0.940000,0.680000,0.000000,-0.100000,1.264690
313,-1.422515,0.809771,-4.852002,1.264149,0.023864,-0.389250,0.380000,0.940000,0.700000,0.000000,-0.100000,1.264149
314,-1.420993,0.822323,-4.855894,1.263594,0.024549,-0.480027,0.380000,0.920000,0.720000,0.000000,0.000000,1.263594
315,-1.419428,0.834864,-4.860694,1.263340,0.029268,-0.438305,0.380000,0.960000,0.720000,0.000000,0.000000,1.263340
316,-1.417851,0.847402,-4.865078,1.263076,0.033223,-0.398490,0.380000,0.940000,0.700000,0.100000,-0.100000,1.263076
317,-1.416258,0.859937,-4.869062,1.269462,0.033571,-0.485025,0.360000,0.940000,0.700000,0.000000,-0.100000,1.269462
318,-1.414609,0.872528,-4.873913,1.268821,0.035013,-0.565745,0.360000,0.920000,0.680000,0.000000,-0.100000,1.268821
319,-1.412914,0.885107,-4.879570,1.268147,0.037388,-0.640430,0.360000,0.920000,0.680000,0.000000,-0.100000,1.268147
320,-1.411173,0.897674,-4.885974,1.267431,0.040574,-0.709178,0.340000,0.900000,0.660000,0.000000,-0.100000,1.267431
321,-1.409383,0.910228,-4.893066,1.266665,0.044462,-0.772144,0.340000,0.900000,0.680000,0.000000,-0.100000,1.266665
322,-1.407544,0.922769,-4.900788,1.265839,0.048945,-0.829530,0.340000,0.880000,0.680000,0.000000,-0.100000,1.265839
323,-1.405655,0.935295,-4.909083,1.264944,0.053927,-0.881573,0.320000,0.880000,0.660000,0.000000,-0.100000,1.264944
324,-1.403711,0.947806,-4.917899,1.263973,0.059319,-0.928538,0.320000,0.860000,0.660000,0.000000,-0.100000,1.263973
325,-1.401713,0.960300,-4.927184,1.262918,0.065041,-0.970713,0.320000,0.860000,0.640000,0.100000,-0.200000,1.262918
326,-1.399656,0.972778,-4.936891,1.267960,0.068902,-1.098958,0.300000,0.860000,0.660000,0.000000,-0.100000,1.267960
327,-1.397505,0.985293,-4.947881,1.266689,0.076373,-1.127777,0.300000,0.840000,0.660000,0.000000,-0.100000,1.266689
328,-1.395292,0.997788,-4.959159,1.265301,0.083864,-1.152742,0.280000,0.840000,0.660000,0.000000,-0.100000,1.265301
329,-1.393015,1.010263,-4.970686,1.263793,0.091328,-1.174209,0.280000,0.820000,0.640000,0.000000,-0.200000,1.263793
330,-1.390670,1.022715,-4.982428,1.261337,0.096734,-1.277790,0.280000,0.820000,0.640000,0.100000,-0.200000,1.261337
331,-1.388237,1.035129,-4.995206,1.265711,0.103188,-1.373293,0.260000,0.820000,0.660000,0.000000,-0.100000,1.265711
332,-1.385696,1.047571,-5.008939,1.263728,0.112629,-1.377784,0.260000,0.800000,0.660000,0.000000,-0.100000,1.263728
333,-1.383080,1.059986,-5.022717,1.261593,0.121723,-1.380250,0.240000,0.800000,0.640000,0.100000,-0.200000,1.261593
334,-1.380387,1.072371,-5.036519,1.265466,0.128620,-1.459948,0.240000,0.800000,0.640000,0.000000,-0.200000,1.265466
335,-1.377576,1.084777,-5.051119,1.262129,0.136356,-1.533669,0.240000,0.780000,0.660000,0.100000,-0.100000,1.262129
336,-1.374668,1.097134,-5.066455,1.266420,0.146497,-1.524633,0.220000,0.780000,0.660000,0.000000,-0.100000,1.266420
337,-1.371651,1.109520,-5.081702,1.263549,0.156254,-1.515377,0.220000,0.780000,0.640000,0.000000,-0.200000,1.263549
338,-1.368547,1.121868,-5.096855,1.259662,0.163842,-1.576878,0.220000,0.760000,0.680000,0.100000,-0.100000,1.259662
339,-1.365341,1.134159,-5.112624,1.263415,0.173547,-1.563447,0.200000,0.760000,0.660000,0.000000,-0.100000,1.263415
340,-1.362017,1.146471,-5.128259,1.260022,0.182851,-1.550358,0.200000,0.760000,0.660000,0.100000,-0.100000,1.260022
341,-1.358599,1.158736,-5.143762,1.263492,0.191640,-1.537246,0.200000,0.760000,0.640000,0.000000,-0.200000,1.263492
342,-1.355057,1.171015,-5.159135,1.258953,0.198598,-1.587661,0.180000,0.740000,0.640000,0.100000,-0.200000,1.258953
343,-1.351409,1.183227,-5.175011,1.261196,0.205933,-1.634275,0.180000,0.740000,0.620000,0.100000,-0.200000,1.261196
344,-1.347623,1.195432,-5.191354,1.263215,0.213729,-1.677854,0.180000,0.740000,0.660000,0.000000,-0.100000,1.263215
345,-1.343699,1.207628,-5.208133,1.258894,0.223320,-1.659526,0.160000,0.740000,0.660000,0.100000,-0.100000,1.258894
346,-1.339675,1.219764,-5.224728,1.261438,0.232340,-1.641851,0.160000,0.720000,0.640000,0.100000,-0.200000,1.261438
347,-1.335516,1.231897,-5.241146,1.262961,0.239684,-1.679886,0.160000,0.720000,0.640000,0.100000,-0.200000,1.262961
348,-1.331214,1.244011,-5.257945,1.264261,0.247394,-1.715673,0.140000,0.720000,0.620000,0.000000,-0.200000,1.264261
349,-1.326769,1.256102,-5.275102,1.258333,0.255435,-1.749336,0.140000,0.720000,0.620000,0.100000,-0.200000,1.258333
350,-1.322216,1.268108,-5.292595,1.259169,0.263628,-1.780556,0.140000,0.720000,0.620000,0.100000,-0.200000,1.259169
351,-1.317519,1.280085,-5.310401,1.259769,0.272088,-1.809959,0.120000,0.700000,0.600000,0.100000,-0.300000,1.259769
352,-1.312675,1.292028,-5.328501,1.259123,0.280239,-1.861129,0.120000,0.700000,0.600000,0.100000,-0.300000,1.259123
353,-1.307686,1.303923,-5.347112,1.258178,0.288907,-1.909376,0.120000,0.700000,0.600000,0.100000,-0.300000,1.258178
354,-1.302552,1.315768,-5.366206,1.256922,0.298046,-1.954800,0.100000,0.700000,0.580000,0.100000,-0.300000,1.256922
355,-1.297273,1.327558,-5.385754,1.255346,0.307614,-1.997523,0.100000,0.700000,0.580000,0.100000,-0.300000,1.255346
356,-1.291849,1.339289,-5.405729,1.253442,0.317568,-2.037674,0.140000,0.700000,0.580000,0.100000,-0.300000,1.253442
357,-1.286280,1.350959,-5.426106,1.251200,0.327869,-2.075396,0.080000,0.700000,0.560000,0.100000,-0.300000,1.251200
358,-1.280568,1.362564,-5.446859,1.248614,0.338482,-2.110834,0.120000,0.700000,0.560000,0.100000,-0.300000,1.248614
359,-1.274712,1.374099,-5.467968,1.245676,0.349370,-2.144137,0.120000,0.700000,0.560000,0.100000,-0.300000,1.245676
360,-1.268713,1.385562,-5.489409,1.242382,0.360500,-2.175454,0.160000,0.700000,0.560000,0.100000,-0.300000,1.242382
361,-1.262573,1.396948,-5.511164,1.238725,0.371841,-2.204933,0.100000,0.700000,0.540000,0.100000,-0.400000,1.238725
362,-1.256291,1.408253,-5.533213,1.233710,0.383357,-2.233048,0.140000,0.700000,0.540000,0.100000,-0.400000,1.233710
363,-1.249877,1.419468,-5.555544,1.228325,0.395020,-2.258934,0.140000,0.700000,0.540000,0.100000,-0.400000,1.228325
364,-1.243332,1.430587,-5.578133,1.222569,0.406798,-2.282747,0.140000,0.720000,0.540000,0.100000,-0.400000,1.222569
365,-1.236657,1.441608,-5.600960,1.216443,0.418656,-2.304643,0.120000,0.720000,0.540000,0.100000,-0.400000,1.216443
366,-1.229855,1.452528,-5.624007,1.209946,0.430565,-2.324769,0.120000,0.720000,0.520000,0.100000,-0.400000,1.209946
367,-1.222928,1.463342,-5.647254,1.203080,0.442495,-2.343267,0.200000,0.740000,0.520000,0.100000,-0.400000,1.203080
368,-1.215877,1.474047,-5.670687,1.195849,0.454419,-2.360270,0.180000,0.740000,0.520000,0.100000,-0.400000,1.195849
369,-1.208705,1.484641,-5.694290,1.188254,0.466313,-2.375906,0.180000,0.760000,0.520000,0.100000,-0.400000,1.188254
370,-1.201414,1.495118,-5.718049,1.180299,0.478152,-2.390295,0.180000,0.760000,0.520000,0.100000,-0.400000,1.180299
371,-1.194007,1.505477,-5.741952,1.171987,0.489914,-2.403548,0.160000,0.780000,0.520000,0.100000,-0.400000,1.171987
372,-1.186486,1.515714,-5.765987,1.163324,0.501579,-2.415771,0.160000,0.800000,0.520000,0.100000,-0.400000,1.163324
373,-1.178854,1.525826,-5.790145,1.154314,0.513127,-2.427060,1.000000,0.820000,0.520000,0.300000,-0.400000,1.154314
374,-1.171115,1.535809,-5.814416,1.158962,0.524540,-2.437507,1.000000,0.840000,0.520000,0.300000,-0.400000,1.158962
375,-1.163145,1.545725,-5.838791,1.163273,0.536161,-2.447564,1.000000,0.860000,0.520000,0.300000,-0.400000,1.163273
376,-1.154947,1.555567,-5.863266,1.167241,0.547977,-2.457244,1.000000,0.880000,0.520000,0.300000,-0.400000,1.167241
377,-1.146523,1.565329,-5.887839,1.170863,0.559978,-2.466563,1.000000,0.920000,0.520000,0.300000,-0.400000,1.170863
378,-1.137874,1.575007,-5.912504,1.174133,0.572152,-2.475536,1.000000,0.940000,0.520000,0.300000,-0.400000,1.174133
379,-1.129003,1.584593,-5.937260,1.177046,0.584487,-2.484179,1.000000,1.000000,0.520000,0.300000,-0.400000,1.177046
380,-1.119911,1.594082,-5.962102,1.179600,0.596973,-2.492508,1.000000,1.000000,0.540000,0.300000,-0.400000,1.179600
381,-1.110602,1.603470,-5.987027,1.181788,0.609597,-2.500540,1.000000,1.000000,0.540000,0.300000,-0.400000,1.181788
382,-1.101078,1.612749,-6.012032,1.183610,0.622348,-2.508292,0.660000,1.000000,0.540000,0.100000,-0.400000,1.183610
383,-1.091341,1.621916,-6.037115,1.171060,0.635215,-2.515780,0.560000,1.000000,0.540000,0.100000,-0.400000,1.171060
384,-1.081531,1.630929,-6.062273,1.158136,0.647820,-2.522814,0.520000,1.000000,0.560000,0.100000,-0.300000,1.158136
385,-1.071650,1.639788,-6.087501,1.145809,0.659936,-2.538650,0.480000,1.000000,0.560000,0.100000,-0.300000,1.145809
386,-1.061694,1.648489,-6.112887,1.133069,0.671886,-2.554449,0.460000,1.000000,0.580000,0.100000,-0.300000,1.133069
387,-1.051666,1.657031,-6.138432,1.119916,0.683660,-2.570245,0.440000,1.000000,0.580000,0.100000,-0.300000,1.119916
388,-1.041570,1.665411,-6.164134,1.106351,0.695243,-2.586068,0.420000,1.000000,0.600000,0.100000,-0.300000,1.106351
389,-1.031411,1.673629,-6.189995,1.092377,0.706625,-2.601948,0.400000,1.000000,0.620000,0.100000,-0.200000,1.092377
390,-1.021192,1.681681,-6.216015,1.078972,0.717697,-2.621935,0.380000,1.000000,0.640000,0.100000,-0.200000,1.078972
391,-1.010908,1.689566,-6.242234,1.065134,0.728603,-2.642387,0.380000,1.000000,0.660000,0.100000,-0.100000,1.065134
392,-1.000564,1.697282,-6.268658,1.051839,0.739400,-2.660440,0.360000,1.000000,0.700000,0.100000,-0.100000,1.051839
393,-0.990154,1.704828,-6.295262,1.038124,0.749996,-2.679485,0.360000,1.000000,0.720000,0.100000,0.000000,1.038124
394,-0.979683,1.712202,-6.322057,1.024936,0.760639,-2.688676,0.360000,1.000000,0.760000,0.100000,0.000000,1.024936
395,-0.969146,1.719404,-6.348944,1.011395,0.770969,-2.699574,0.340000,1.000000,0.820000,0.100000,0.200000,1.011395
396,-0.958547,1.726432,-6.375940,0.999128,0.782269,-2.657644,0.340000,1.000000,0.880000,0.100000,0.300000,0.999128
397,-0.947874,1.733296,-6.402516,0.987415,0.793884,-2.569718,0.340000,1.000000,0.920000,0.100000,0.300000,0.987415
398,-0.937125,1.740003,-6.428213,0.976148,0.804139,-2.489191,0.340000,1.000000,0.900000,0.100000,0.300000,0.976148
399,-0.926304,1.746549,-6.453105,0.965314,0.813163,-2.415033,0.320000,1.000000,0.920000,0.100000,0.300000,0.965314
400,-0.915415,1.752931,-6.477255,0.954902,0.821067,-2.346394,0.320000,1.000000,1.000000,0.100000,0.500000,0.954902
401,-0.904462,1.759146,-6.500719,0.944820,0.831372,-2.136058,0.320000,1.000000,1.000000,0.100000,0.500000,0.944820
402,-0.893442,1.765225,-6.522080,0.936416,0.839143,-1.938881,0.320000,1.000000,1.000000,0.100000,0.500000,0.936416
403,-0.882358,1.771162,-6.541469,0.929635,0.844644,-1.752020,0.320000,1.000000,1.000000,0.100000,0.500000,0.929635
404,-0.871213,1.776954,-6.558989,0.924428,0.848089,-1.573137,0.320000,0.820000,1.000000,0.100000,0.500000,0.924428
405,-0.860008,1.782597,-6.574720,0.920756,0.849647,-1.400279,0.320000,0.800000,1.000000,0.100000,0.500000,0.920756
406,-0.848747,1.788089,-6.588723,0.918584,0.849455,-1.231772,0.320000,0.780000,1.000000,0.100000,0.500000,0.918584
407,-0.837432,1.793427,-6.601041,0.917884,0.847618,-1.066149,0.320000,0.760000,1.000000,0.100000,0.500000,0.917884
408,-0.826063,1.798609,-6.611702,0.918629,0.844216,-0.902092,0.320000,0.760000,1.000000,0.100000,0.500000,0.918629
409,-0.814645,1.803636,-6.620723,0.920800,0.839310,-0.738382,0.340000,0.740000,1.000000,0.100000,0.500000,0.920800
410,-0.803177,1.808506,-6.628107,0.924377,0.832938,-0.573865,0.340000,0.740000,1.000000,0.100000,0.500000,0.924377
411,-0.791661,1.813220,-6.633846,0.929345,0.825122,-0.407415,0.340000,0.740000,1.000000,0.100000,0.500000,0.929345
412,-0.780099,1.817776,-6.637920,0.935689,0.815865,-0.237911,0.340000,0.740000,1.000000,0.100000,0.500000,0.935689
413,-0.768490,1.822177,-6.640299,0.943398,0.805155,-0.064213,0.340000,0.740000,1.000000,0.100000,0.500000,0.943398
414,-0.756837,1.826423,-6.640941,0.952457,0.792961,0.114863,0.360000,0.760000,1.000000,0.100000,0.500000,0.952457
415,-0.745139,1.830515,-6.639792,0.962853,0.779237,0.300563,0.360000,0.760000,1.000000,0.100000,0.500000,0.962853
416,-0.733396,1.834456,-6.636787,0.974572,0.763918,0.494210,0.360000,0.900000,1.000000,0.100000,0.500000,0.974572
417,-0.721608,1.838248,-6.631845,0.987595,0.746921,0.697218,0.360000,0.920000,1.000000,0.100000,0.500000,0.987595
418,-0.709774,1.841893,-6.624873,1.001899,0.728144,0.911101,0.380000,0.940000,1.000000,0.100000,0.500000,1.001899
419,-0.697895,1.845397,-6.615762,1.017455,0.707462,1.137469,0.380000,0.980000,1.000000,0.100000,0.500000,1.017455
420,-0.685968,1.848762,-6.604387,1.034222,0.684728,1.378016,0.400000,1.000000,1.000000,0.100000,0.500000,1.034222
421,-0.673993,1.851994,-6.590607,1.052147,0.659770,1.634475,0.400000,1.000000,1.000000,0.100000,0.500000,1.052147
422,-0.661968,1.855099,-6.574262,1.071159,0.632391,1.908550,0.480000,1.000000,1.000000,0.100000,0.500000,1.071159
423,-0.649892,1.858082,-6.555176,1.091164,0.602370,2.201792,0.500000,1.000000,0.960000,0.100000,0.400000,1.091164
424,-0.637764,1.860953,-6.533158,1.112981,0.566843,2.403488,0.520000,1.000000,0.740000,0.100000,0.000000,1.112981
425,-0.625577,1.863692,-6.509124,1.133499,0.523645,2.380668,0.540000,1.000000,0.640000,0.100000,-0.200000,1.133499
426,-0.613357,1.866256,-6.485317,1.150956,0.480032,2.333335,0.560000,1.000000,0.620000,0.100000,-0.200000,1.150956
427,-0.601118,1.868648,-6.461984,1.167164,0.436872,2.278692,0.600000,1.000000,0.620000,0.100000,-0.200000,1.167164
428,-0.588856,1.870872,-6.439197,1.182144,0.394370,2.214607,0.620000,1.000000,0.540000,0.100000,-0.400000,1.182144
429,-0.576565,1.872931,-6.417051,1.193972,0.352849,2.142219,0.740000,1.000000,0.480000,0.100000,-0.500000,1.193972
430,-0.564261,1.874834,-6.395628,1.203706,0.312701,2.064189,0.780000,1.000000,0.440000,0.100000,-0.600000,1.203706
431,-0.551950,1.876591,-6.374987,1.211462,0.274234,1.981944,0.800000,1.000000,0.400000,0.100000,-0.600000,1.211462
432,-0.539635,1.878211,-6.355167,1.218213,0.237180,1.873809,0.840000,1.000000,0.360000,0.200000,-0.700000,1.218213
433,-0.527313,1.879700,-6.336429,1.230153,0.202466,1.759907,0.880000,1.000000,0.340000,0.200000,-0.800000,1.230153
434,-0.514922,1.881067,-6.318830,1.240454,0.170223,1.642076,0.920000,1.000000,0.320000,0.200000,-0.800000,1.240454
435,-0.502464,1.882327,-6.302409,1.249997,0.139922,1.493100,0.980000,1.000000,0.300000,0.300000,-0.800000,1.249997
436,-0.489940,1.883485,-6.287478,1.265845,0.111962,1.314338,1.000000,1.000000,0.280000,0.300000,-0.900000,1.265845
437,-0.477277,1.884550,-6.274335,1.280386,0.087322,1.138242,1.000000,1.000000,0.280000,0.300000,-0.900000,1.280386
438,-0.464481,1.885537,-6.262952,1.294456,0.065254,0.938109,1.000000,1.000000,0.260000,0.300000,-0.900000,1.294456
439,-0.451552,1.886451,-6.253571,1.308150,0.046039,0.718178,1.000000,1.000000,0.260000,0.300000,-0.900000,1.308150
440,-0.438490,1.887299,-6.246389,1.321571,0.029899,0.483055,1.000000,1.000000,0.240000,0.300000,-0.900000,1.321571
441,-0.425294,1.888084,-6.241559,1.334811,0.017000,0.237448,1.000000,1.000000,0.240000,0.300000,-0.900000,1.334811
442,-0.411965,1.888809,-6.239184,1.347954,0.007449,-0.014004,1.000000,0.980000,0.240000,0.300000,-0.900000,1.347954
443,-0.398502,1.889476,-6.239325,1.361060,0.001297,-0.266848,1.000000,0.960000,0.240000,0.300000,-0.900000,1.361060
444,-0.384905,1.890086,-6.241993,1.374167,-0.001461,-0.516882,1.000000,0.960000,0.240000,0.300000,-0.900000,1.374167
445,-0.371174,1.890637,-6.247162,1.387287,-0.000877,-0.760217,1.000000,0.940000,0.240000,0.300000,-0.900000,1.387287
446,-0.357310,1.891128,-6.254764,1.400406,0.002944,-0.993320,1.000000,0.940000,0.240000,0.300000,-0.900000,1.400406
447,-0.343312,1.891556,-6.264697,1.413488,0.009858,-1.213082,1.000000,0.920000,0.260000,0.300000,-0.900000,1.413488
448,-0.329182,1.891916,-6.276828,1.426476,0.019679,-1.416875,1.000000,1.000000,0.260000,0.300000,-0.900000,1.426476
449,-0.314918,1.892203,-6.290997,1.439299,0.032190,-1.602610,1.000000,1.000000,0.260000,0.300000,-0.900000,1.439299
450,-0.300523,1.892413,-6.307023,1.451878,0.047150,-1.768788,1.000000,1.000000,0.280000,0.300000,-0.900000,1.451878
451,-0.285997,1.892538,-6.324711,1.464132,0.064296,-1.914508,1.000000,1.000000,0.300000,0.300000,-0.800000,1.464132
452,-0.271342,1.892572,-6.343856,1.476706,0.082687,-2.068086,1.000000,1.000000,0.320000,0.300000,-0.800000,1.476706
453,-0.256552,1.892502,-6.364537,1.488789,0.103148,-2.201047,0.960000,1.000000,0.340000,0.200000,-0.800000,1.488789
454,-0.241630,1.892321,-6.386547,1.493299,0.125405,-2.313756,0.820000,1.000000,0.340000,0.200000,-0.800000,1.493299
455,-0.226647,1.892027,-6.409685,1.497167,0.149010,-2.406271,0.780000,1.000000,0.320000,0.100000,-0.800000,1.497167
456,-0.211607,1.891617,-6.433747,1.493339,0.173681,-2.479804,0.740000,1.000000,0.300000,0.100000,-0.800000,1.493339
457,-0.196582,1.891094,-6.458545,1.488779,0.198961,-2.535028,0.720000,1.000000,0.300000,0.100000,-0.800000,1.488779
458,-0.181575,1.890456,-6.483896,1.483473,0.224588,-2.573620,0.680000,1.000000,0.340000,0.000000,-0.800000,1.483473
459,-0.166591,1.889699,-6.509632,1.470422,0.250328,-2.597286,0.660000,1.000000,0.400000,0.000000,-0.600000,1.470422
460,-0.151700,1.888837,-6.535605,1.458295,0.274711,-2.652425,0.640000,1.000000,0.520000,0.000000,-0.400000,1.458295
461,-0.136893,1.887855,-6.562129,1.447292,0.298915,-2.712276,0.600000,1.000000,0.720000,0.000000,0.000000,1.447292
462,-0.122156,1.886744,-6.589252,1.439006,0.327500,-2.588203,0.580000,1.000000,0.740000,0.000000,0.000000,1.439006
463,-0.107448,1.885530,-6.615134,1.430353,0.353356,-2.477655,0.560000,1.000000,0.740000,0.000000,0.000000,1.430353
464,-0.092774,1.884210,-6.639910,1.421423,0.376799,-2.378816,0.540000,1.000000,0.880000,0.000000,0.300000,1.421423
465,-0.078139,1.882777,-6.663699,1.411514,0.406290,-1.939874,0.520000,1.000000,0.960000,0.000000,0.400000,1.411514
466,-0.063524,1.881307,-6.683097,1.401724,0.430867,-1.427427,0.520000,1.000000,0.940000,0.000000,0.400000,1.401724
467,-0.048936,1.879818,-6.697372,1.393939,0.447377,-0.939780,0.500000,1.000000,0.940000,0.000000,0.400000,1.393939
468,-0.034374,1.878304,-6.706769,1.388326,0.456432,-0.474196,0.500000,1.000000,1.000000,0.000000,0.500000,1.388326
469,-0.019842,1.876758,-6.711511,1.383485,0.460651,0.061392,0.500000,1.000000,0.980000,0.000000,0.500000,1.383485
470,-0.005344,1.875202,-6.710897,1.381237,0.457230,0.582737,0.500000,1.000000,0.980000,0.000000,0.500000,1.381237
471,0.009121,1.873633,-6.705070,1.381459,0.446557,1.092000,0.500000,1.000000,0.960000,0.000000,0.400000,1.381459
472,0.023553,1.872051,-6.694150,1.385380,0.426716,1.494915,0.500000,1.000000,0.880000,0.000000,0.300000,1.385380
473,0.037958,1.870428,-6.679201,1.391843,0.398814,1.771641,0.500000,1.000000,0.860000,0.000000,0.200000,1.391843
474,0.052337,1.868739,-6.661484,1.399407,0.364813,1.926924,0.520000,1.000000,0.840000,0.000000,0.200000,1.399407
475,0.066689,1.866960,-6.642215,1.406819,0.329473,2.086501,0.520000,1.000000,0.760000,0.000000,0.000000,1.406819
476,0.081018,1.865102,-6.621350,1.413525,0.288267,2.051523,0.540000,1.000000,0.740000,0.000000,0.000000,1.413525
477,0.095309,1.863132,-6.600835,1.419268,0.248477,2.009013,0.540000,1.000000,0.740000,0.000000,0.000000,1.419268
478,0.109568,1.861059,-6.580745,1.424088,0.210339,1.958015,0.560000,1.000000,0.620000,0.000000,-0.200000,1.424088
479,0.123800,1.858895,-6.561165,1.426426,0.171264,1.777762,0.560000,1.000000,0.560000,0.000000,-0.300000,1.426426
480,0.137986,1.856628,-6.543387,1.426745,0.135067,1.550885,0.640000,1.000000,0.540000,0.000000,-0.400000,1.426745
481,0.152121,1.854262,-6.527878,1.425149,0.102655,1.290657,0.660000,1.000000,0.540000,0.000000,-0.400000,1.425149
482,0.166197,1.851806,-6.514972,1.422837,0.074645,1.009659,0.660000,1.000000,0.520000,0.000000,-0.400000,1.422837
483,0.180216,1.849264,-6.504875,1.420010,0.051232,0.713092,0.680000,1.000000,0.500000,0.000000,-0.500000,1.420010
484,0.194181,1.846641,-6.497744,1.415819,0.032414,0.402253,0.760000,1.000000,0.500000,0.100000,-0.500000,1.415819
485,0.208084,1.843943,-6.493722,1.418435,0.018306,0.084721,0.760000,1.000000,0.480000,0.100000,-0.500000,1.418435
486,0.221993,1.841158,-6.492874,1.420974,0.008850,-0.234130,0.760000,1.000000,0.480000,0.100000,-0.500000,1.420974
487,0.235910,1.838287,-6.495216,1.423508,0.003957,-0.549216,0.740000,1.000000,0.460000,0.100000,-0.500000,1.423508
488,0.249835,1.835330,-6.500708,1.426066,0.003470,-0.855904,0.740000,1.000000,0.460000,0.100000,-0.500000,1.426066
489,0.263767,1.832286,-6.509267,1.428634,0.007176,-1.150072,0.720000,1.000000,0.460000,0.100000,-0.500000,1.428634
490,0.277706,1.829153,-6.520768,1.431157,0.014808,-1.428177,0.700000,1.000000,0.520000,0.000000,-0.400000,1.431157
491,0.291650,1.825929,-6.535049,1.427635,0.026369,-1.674205,0.680000,1.000000,0.580000,0.000000,-0.300000,1.427635
492,0.305542,1.822627,-6.551791,1.424980,0.041763,-1.863171,0.660000,1.000000,0.560000,0.000000,-0.300000,1.424980
493,0.319391,1.819248,-6.570423,1.421959,0.059231,-2.032918,0.640000,1.000000,0.560000,0.000000,-0.300000,1.421959
494,0.333196,1.815787,-6.590752,1.418476,0.078450,-2.183857,0.560000,1.000000,0.620000,0.000000,-0.200000,1.418476
495,0.346953,1.812240,-6.612591,1.415471,0.100535,-2.256294,0.540000,1.000000,0.620000,0.000000,-0.200000,1.415471
496,0.360672,1.808613,-6.635154,1.411858,0.122854,-2.317806,0.520000,1.000000,0.600000,0.000000,-0.300000,1.411858
497,0.374348,1.804899,-6.658332,1.406589,0.144051,-2.422077,0.500000,1.000000,0.680000,0.000000,-0.100000,1.406589
498,0.387964,1.801085,-6.682553,1.402497,0.169136,-2.381102,0.480000,1.000000,0.660000,0.000000,-0.100000,1.402497
499,0.401543,1.797190,-6.706364,1.397822,0.192756,-2.341924,0.460000,1.000000,0.740000,0.000000,0.000000,1.397822
500,0.415080,1.793207,-6.729783,1.393141,0.217506,-2.198610,0.460000,1.000000,0.720000,0.000000,0.000000,1.393141
501,0.428584,1.789152,-6.751769,1.388194,0.239321,-2.067913,0.440000,1.000000,0.800000,0.000000,0.100000,1.388194
502,0.442050,1.785018,-6.772448,1.383168,0.261395,-1.825273,0.420000,1.000000,0.860000,0.000000,0.200000,1.383168
503,0.455488,1.780825,-6.790701,1.377926,0.282249,-1.472659,0.420000,1.000000,0.860000,0.000000,0.200000,1.377926
504,0.468902,1.776595,-6.805427,1.373436,0.297374,-1.143925,0.400000,1.000000,0.840000,0.000000,0.200000,1.373436
505,0.482289,1.772321,-6.816867,1.369812,0.307326,-0.835961,0.400000,1.000000,0.840000,0.000000,0.200000,1.369812
506,0.495646,1.767999,-6.825226,1.367106,0.312594,-0.545568,0.380000,1.000000,0.820000,0.000000,0.200000,1.367106
507,0.508970,1.763624,-6.830682,1.365326,0.313601,-0.269790,0.380000,1.000000,0.820000,0.000000,0.200000,1.365326
508,0.522260,1.759194,-6.833380,1.364446,0.310707,-0.006088,0.380000,1.000000,0.800000,0.000000,0.100000,1.364446
509,0.535515,1.754709,-6.833441,1.364630,0.301329,0.123855,0.380000,1.000000,0.800000,0.000000,0.100000,1.364630
510,0.548723,1.750141,-6.832202,1.365197,0.290427,0.251133,0.360000,1.000000,0.780000,0.000000,0.100000,1.365197
511,0.561884,1.745495,-6.829691,1.366106,0.278095,0.375822,0.360000,1.000000,0.780000,0.000000,0.100000,1.366106
512,0.575001,1.740771,-6.825933,1.367313,0.264429,0.497831,0.360000,1.000000,0.760000,0.000000,0.000000,1.367313
513,0.588075,1.735973,-6.820954,1.368470,0.247085,0.512611,0.360000,1.000000,0.760000,0.000000,0.000000,1.368470
514,0.601093,1.731086,-6.815828,1.369577,0.230042,0.525795,0.360000,1.000000,0.740000,0.000000,0.000000,1.369577
515,0.614060,1.726112,-6.810570,1.370626,0.213341,0.537067,0.340000,1.000000,0.740000,0.000000,0.000000,1.370626
516,0.626978,1.721058,-6.805200,1.371612,0.197028,0.546146,0.400000,1.000000,0.720000,0.000000,0.000000,1.371612
517,0.639849,1.715927,-6.799738,1.372527,0.181147,0.552792,0.400000,1.000000,0.700000,0.000000,-0.100000,1.372527
518,0.652679,1.710723,-6.794210,1.372745,0.163656,0.467591,0.400000,1.000000,0.700000,0.000000,-0.100000,1.372745
519,0.665453,1.705437,-6.789534,1.372753,0.147873,0.379567,0.380000,1.000000,0.680000,0.000000,-0.100000,1.372753
520,0.678175,1.700072,-6.785739,1.372582,0.133804,0.289607,0.380000,0.980000,0.680000,0.000000,-0.100000,1.372582
521,0.690848,1.694634,-6.782843,1.372260,0.121438,0.198625,0.380000,0.980000,0.660000,0.000000,-0.100000,1.372260
522,0.703475,1.689125,-6.780856,1.371815,0.110744,0.107519,0.380000,0.960000,0.660000,0.000000,-0.100000,1.371815
523,0.716058,1.683549,-6.779781,1.371269,0.101674,0.017130,0.360000,0.960000,0.640000,0.000000,-0.200000,1.371269
524,0.728598,1.677910,-6.779610,1.369784,0.092391,-0.147612,0.360000,0.940000,0.640000,0.000000,-0.200000,1.369784
525,0.741083,1.672198,-6.781086,1.368178,0.085603,-0.309790,0.360000,0.920000,0.620000,0.000000,-0.200000,1.368178
526,0.753512,1.666416,-6.784184,1.366470,0.081194,-0.467771,0.340000,0.920000,0.660000,0.000000,-0.100000,1.366470
527,0.765888,1.660565,-6.788862,1.365503,0.080986,-0.536269,0.340000,0.900000,0.640000,0.000000,-0.200000,1.365503
528,0.778226,1.654659,-6.794224,1.363653,0.079725,-0.685233,0.380000,0.900000,0.640000,0.000000,-0.200000,1.363653
529,0.790510,1.648685,-6.801077,1.361705,0.080469,-0.827164,0.320000,0.900000,0.620000,0.000000,-0.200000,1.361705
530,0.802740,1.642643,-6.809348,1.359647,0.083050,-0.961311,0.360000,0.880000,0.620000,0.000000,-0.200000,1.359647
531,0.814914,1.636533,-6.818961,1.357460,0.087296,-1.087154,0.360000,0.880000,0.600000,0.000000,-0.300000,1.357460
532,0.827032,1.630353,-6.829833,1.354097,0.091824,-1.256219,0.340000,0.880000,0.600000,0.000000,-0.300000,1.354097
533,0.839077,1.624099,-6.842395,1.350532,0.098387,-1.414552,0.380000,0.860000,0.600000,0.000000,-0.300000,1.350532
534,0.851048,1.617768,-6.856541,1.346723,0.106780,-1.561552,0.320000,0.860000,0.580000,0.000000,-0.300000,1.346723
535,0.862940,1.611360,-6.872156,1.342630,0.116796,-1.696935,0.320000,0.860000,0.620000,0.000000,-0.200000,1.342630
536,0.874753,1.604873,-6.889125,1.339229,0.129389,-1.771358,0.300000,0.860000,0.600000,0.000000,-0.300000,1.339229
537,0.886498,1.598309,-6.906839,1.334473,0.141410,-1.885085,0.300000,0.860000,0.640000,0.000000,-0.200000,1.334473
538,0.898157,1.591663,-6.925690,1.330343,0.155585,-1.942551,0.280000,0.860000,0.640000,0.000000,-0.200000,1.330343
539,0.909740,1.584937,-6.945115,1.325828,0.170036,-1.993348,0.280000,0.860000,0.640000,0.000000,-0.200000,1.325828
540,0.921243,1.578130,-6.965049,1.320917,0.184675,-2.038187,0.260000,0.860000,0.620000,0.000000,-0.200000,1.320917
541,0.932662,1.571238,-6.985431,1.315603,0.199428,-2.077745,0.260000,0.860000,0.620000,0.000000,-0.200000,1.315603
542,0.943994,1.564263,-7.006208,1.309883,0.214230,-2.112659,0.260000,0.860000,0.660000,0.000000,-0.100000,1.309883
543,0.955233,1.557202,-7.027335,1.304636,0.230500,-2.080551,0.240000,0.880000,0.660000,0.000000,-0.100000,1.304636
544,0.966392,1.550061,-7.048140,1.299096,0.245806,-2.050424,0.240000,0.880000,0.660000,0.000000,-0.100000,1.299096
545,0.977466,1.542838,-7.068645,1.293290,0.260217,-2.022222,0.220000,0.880000,0.640000,0.000000,-0.200000,1.293290
546,0.988451,1.535533,-7.088867,1.286339,0.272571,-2.048200,0.220000,0.880000,0.680000,0.000000,-0.100000,1.286339
547,0.999326,1.528142,-7.109349,1.279956,0.286053,-2.021988,0.200000,0.900000,0.680000,0.000000,-0.100000,1.279956
548,1.010104,1.520669,-7.129569,1.273356,0.298769,-1.997654,0.240000,0.900000,0.680000,0.000000,-0.100000,1.273356
549,1.020780,1.513113,-7.149545,1.266557,0.310771,-1.975099,0.240000,0.920000,0.680000,0.000000,-0.100000,1.266557
550,1.031350,1.505474,-7.169296,1.259574,0.322106,-1.954223,0.220000,0.920000,0.680000,0.100000,-0.100000,1.259574
551,1.041811,1.497754,-7.188838,1.259423,0.332816,-1.934934,0.220000,1.000000,0.680000,0.100000,-0.100000,1.259423
552,1.052203,1.489899,-7.208188,1.259115,0.343104,-1.917185,0.220000,1.000000,0.680000,0.100000,-0.100000,1.259115
553,1.062520,1.481908,-7.227360,1.258659,0.353001,-1.900873,0.200000,1.000000,0.680000,0.100000,-0.100000,1.258659
554,1.072761,1.473783,-7.246368,1.258061,0.362534,-1.885901,0.200000,1.000000,0.680000,0.100000,-0.100000,1.258061
555,1.082920,1.465524,-7.265227,1.257328,0.371729,-1.872186,0.180000,1.000000,0.680000,0.100000,-0.100000,1.257328
556,1.092993,1.457132,-7.283949,1.256465,0.380608,-1.859649,0.180000,1.000000,0.680000,0.100000,-0.100000,1.256465
557,1.102978,1.448608,-7.302546,1.255475,0.389193,-1.848220,0.180000,1.000000,0.680000,0.100000,-0.100000,1.255475
558,1.112871,1.439953,-7.321028,1.254363,0.397504,-1.837837,0.160000,1.000000,0.680000,0.100000,-0.100000,1.254363
559,1.122668,1.431169,-7.339406,1.253133,0.405558,-1.828441,0.200000,1.000000,0.680000,0.100000,-0.100000,1.253133
560,1.132366,1.422256,-7.357691,1.251787,0.413373,-1.819981,0.180000,1.000000,0.680000,0.100000,-0.100000,1.251787
561,1.141961,1.413217,-7.375890,1.250327,0.420964,-1.812407,0.180000,1.000000,0.680000,0.100000,-0.100000,1.250327
562,1.151451,1.404052,-7.394015,1.248755,0.428345,-1.805678,0.180000,1.000000,0.680000,0.100000,-0.100000,1.248755
563,1.160833,1.394764,-7.412071,1.247073,0.435531,-1.799753,0.160000,1.000000,0.680000,0.100000,-0.100000,1.247073
564,1.170103,1.385354,-7.430069,1.245283,0.442533,-1.794597,0.160000,1.000000,0.680000,0.100000,-0.100000,1.245283
565,1.179259,1.375824,-7.448015,1.243385,0.449364,-1.790175,0.160000,1.000000,0.680000,0.100000,-0.100000,1.243385
566,1.188298,1.366175,-7.465917,1.241380,0.456034,-1.786459,0.140000,1.000000,0.680000,0.100000,-0.100000,1.241380
567,1.197216,1.356410,-7.483781,1.239269,0.462553,-1.783421,0.180000,1.000000,0.680000,0.100000,-0.100000,1.239269
568,1.206012,1.346530,-7.501615,1.237052,0.468932,-1.781035,0.160000,1.000000,0.680000,0.100000,-0.100000,1.237052
569,1.214683,1.336538,-7.519426,1.234728,0.475179,-1.779278,0.160000,1.000000,0.680000,0.100000,-0.100000,1.234728
570,1.223225,1.326436,-7.537219,1.232298,0.481304,-1.778130,0.160000,1.000000,0.700000,0.100000,-0.100000,1.232298
571,1.231637,1.316225,-7.555000,1.229762,0.487313,-1.777571,0.140000,1.000000,0.700000,0.100000,-0.100000,1.229762
572,1.239917,1.305909,-7.572776,1.227118,0.493215,-1.777583,0.140000,1.000000,0.780000,0.100000,0.100000,1.227118
573,1.248060,1.295488,-7.590551,1.225850,0.501294,-1.680755,0.120000,1.000000,0.780000,0.100000,0.100000,1.225850
574,1.256092,1.284958,-7.607359,1.224937,0.508011,-1.589140,0.120000,1.000000,0.780000,0.100000,0.100000,1.224937
575,1.264009,1.274319,-7.623250,1.224388,0.513466,-1.501890,0.120000,1.000000,0.800000,0.100000,0.100000,1.224388
576,1.271808,1.263574,-7.638269,1.224210,0.517745,-1.418280,0.140000,1.000000,0.800000,0.100000,0.100000,1.224210
577,1.279486,1.252724,-7.652452,1.224409,0.520918,-1.337685,0.180000,1.000000,0.800000,0.100000,0.100000,1.224409
578,1.287040,1.241770,-7.665829,1.224988,0.523047,-1.259554,0.200000,1.000000,0.820000,0.100000,0.200000,1.224988
579,1.294470,1.230715,-7.678424,1.226255,0.526106,-1.101231,0.220000,1.000000,0.820000,0.100000,0.200000,1.226255
580,1.301792,1.219560,-7.689437,1.228339,0.527137,-0.947889,0.240000,1.000000,0.820000,0.100000,0.200000,1.228339
581,1.309004,1.208306,-7.698916,1.231233,0.526251,-0.798115,0.260000,1.000000,0.820000,0.100000,0.200000,1.231233
582,1.316105,1.196954,-7.706897,1.234930,0.523534,-0.650676,0.280000,1.000000,0.820000,0.100000,0.200000,1.234930
583,1.323094,1.185505,-7.713403,1.239421,0.519049,-0.504475,0.300000,1.000000,0.820000,0.100000,0.200000,1.239421
584,1.329970,1.173961,-7.718448,1.244692,0.512843,-0.358527,0.320000,1.000000,0.820000,0.100000,0.200000,1.244692
585,1.336733,1.162321,-7.722033,1.250729,0.504948,-0.211936,0.340000,1.000000,0.820000,0.100000,0.200000,1.250729
586,1.343384,1.150587,-7.724153,1.257515,0.495381,-0.063883,0.360000,1.000000,0.800000,0.100000,0.100000,1.257515
587,1.349924,1.138759,-7.724792,1.264737,0.482198,0.003010,0.380000,1.000000,0.800000,0.000000,0.100000,1.264737
588,1.356335,1.126838,-7.724762,1.265274,0.468394,0.072943,0.400000,1.000000,0.780000,0.000000,0.100000,1.265274
589,1.362611,1.114894,-7.724032,1.266124,0.453908,0.145278,0.420000,1.000000,0.760000,0.000000,0.000000,1.266124
590,1.368752,1.102928,-7.722579,1.266646,0.437309,0.159259,0.440000,1.000000,0.760000,0.000000,0.000000,1.266646
591,1.374747,1.090944,-7.720987,1.267206,0.420748,0.174590,0.480000,1.000000,0.740000,0.000000,0.000000,1.267206
592,1.380598,1.078941,-7.719241,1.267803,0.404225,0.191188,0.480000,1.000000,0.740000,0.000000,0.000000,1.267803
593,1.386306,1.066921,-7.717329,1.268439,0.387739,0.208945,0.480000,1.000000,0.720000,0.000000,0.000000,1.268439
594,1.391876,1.054883,-7.715240,1.269112,0.371294,0.227732,0.460000,1.000000,0.700000,0.000000,-0.100000,1.269112
595,1.397308,1.042828,-7.712962,1.269009,0.353786,0.199901,0.460000,1.000000,0.700000,0.000000,-0.100000,1.269009
596,1.402594,1.030761,-7.710963,1.268779,0.336885,0.170997,0.440000,1.000000,0.680000,0.000000,-0.100000,1.268779
597,1.407737,1.018683,-7.709253,1.268432,0.320615,0.140930,0.440000,1.000000,0.680000,0.000000,-0.100000,1.268432
598,1.412739,1.006593,-7.707844,1.267974,0.305000,0.109629,0.460000,1.000000,0.660000,0.000000,-0.100000,1.267974
599,1.417603,0.994493,-7.706748,1.267412,0.290063,0.077048,0.480000,1.000000,0.660000,0.000000,-0.100000,1.267412
600,1.422332,0.982381,-7.705977,1.266753,0.275826,0.043168,0.500000,1.000000,0.640000,0.000000,-0.200000,1.266753
601,1.426928,0.970259,-7.705545,1.265077,0.261417,-0.030123,0.520000,1.000000,0.640000,0.000000,-0.200000,1.265077
602,1.431384,0.958134,-7.705847,1.263223,0.248176,-0.106129,0.540000,1.000000,0.620000,0.000000,-0.200000,1.263223
603,1.435703,0.946007,-7.706908,1.261205,0.236127,-0.184469,0.560000,1.000000,0.620000,0.100000,-0.200000,1.261205
604,1.439887,0.933877,-7.708753,1.266035,0.225284,-0.264696,0.560000,1.000000,0.620000,0.000000,-0.200000,1.266035
605,1.443949,0.921676,-7.711400,1.263724,0.215695,-0.346839,0.580000,1.000000,0.620000,0.000000,-0.200000,1.263724
606,1.447879,0.909473,-7.714868,1.261279,0.207321,-0.429813,0.580000,1.000000,0.620000,0.100000,-0.200000,1.261279
607,1.451681,0.897270,-7.719166,1.265708,0.200147,-0.513064,0.580000,1.000000,0.600000,0.000000,-0.300000,1.265708
608,1.455366,0.884996,-7.724297,1.262012,0.193552,-0.624719,0.580000,1.000000,0.600000,0.100000,-0.300000,1.262012
609,1.458917,0.872733,-7.730544,1.265149,0.188432,-0.736032,0.580000,1.000000,0.600000,0.000000,-0.300000,1.265149
610,1.462345,0.860409,-7.737904,1.261123,0.184819,-0.846833,0.580000,1.000000,0.700000,0.100000,-0.100000,1.261123
611,1.465641,0.848097,-7.746373,1.265829,0.184743,-0.863804,0.560000,1.000000,0.700000,0.000000,-0.100000,1.265829
612,1.468838,0.835710,-7.755011,1.263505,0.184943,-0.880294,0.560000,1.000000,0.720000,0.000000,0.000000,1.263505
613,1.471926,0.823320,-7.763814,1.261741,0.187529,-0.801145,0.540000,1.000000,0.720000,0.100000,0.000000,1.261741
614,1.474930,0.810923,-7.771825,1.267102,0.188994,-0.726210,0.540000,1.000000,0.820000,0.000000,0.200000,1.267102
615,1.477854,0.798449,-7.779087,1.265180,0.195402,-0.403818,0.540000,1.000000,0.920000,0.000000,0.300000,1.265180
616,1.480749,0.785979,-7.783125,1.262942,0.199980,0.009635,0.540000,1.000000,0.940000,0.100000,0.400000,1.262942
617,1.483638,0.773523,-7.783029,1.267398,0.200975,0.480416,0.520000,1.000000,0.920000,0.000000,0.300000,1.267398
618,1.486541,0.761024,-7.778225,1.267089,0.194199,0.849935,0.520000,1.000000,0.900000,0.000000,0.300000,1.267089
619,1.489436,0.748536,-7.769726,1.267489,0.183017,1.199164,0.500000,1.000000,0.880000,0.000000,0.300000,1.267489
620,1.492327,0.736060,-7.757734,1.268426,0.167882,1.527121,0.500000,1.000000,0.760000,0.000000,0.000000,1.268426
621,1.495217,0.723596,-7.742463,1.270853,0.140851,1.472861,0.500000,1.000000,0.640000,0.000000,-0.200000,1.270853
622,1.498031,0.711123,-7.727734,1.271267,0.112228,1.268290,0.540000,1.000000,0.620000,0.000000,-0.200000,1.271267
623,1.500745,0.698653,-7.715051,1.271094,0.087054,1.050791,0.580000,1.000000,0.600000,0.000000,-0.300000,1.271094
624,1.503367,0.686185,-7.704543,1.269462,0.064517,0.785599,0.620000,1.000000,0.600000,0.000000,-0.300000,1.269462
625,1.505895,0.673728,-7.696687,1.267488,0.045936,0.511973,0.600000,1.000000,0.580000,0.000000,-0.300000,1.267488
626,1.508334,0.661281,-7.691568,1.265308,0.031298,0.234932,0.580000,1.000000,0.560000,0.000000,-0.300000,1.265308
627,1.510689,0.648845,-7.689218,1.263026,0.020518,-0.040885,0.580000,1.000000,0.560000,0.100000,-0.300000,1.263026
628,1.512963,0.636420,-7.689627,1.267717,0.013445,-0.311385,0.560000,1.000000,0.560000,0.000000,-0.300000,1.267717
629,1.515170,0.623936,-7.692741,1.265419,0.009903,-0.573244,0.560000,1.000000,0.560000,0.000000,-0.300000,1.265419
630,1.517299,0.611461,-7.698473,1.263142,0.009646,-0.823466,0.540000,1.000000,0.640000,0.100000,-0.200000,1.263142
631,1.519351,0.598997,-7.706708,1.268896,0.013974,-0.992526,0.540000,1.000000,0.640000,0.000000,-0.200000,1.268896
632,1.521351,0.586466,-7.716633,1.267592,0.020246,-1.148732,0.540000,1.000000,0.660000,0.000000,-0.100000,1.267592
633,1.523287,0.573937,-7.728121,1.266952,0.030572,-1.188355,0.520000,1.000000,0.760000,0.000000,0.000000,1.266952
634,1.525181,0.561407,-7.740004,1.266452,0.043877,-1.094439,0.520000,1.000000,0.860000,0.000000,0.200000,1.266452
635,1.527057,0.548874,-7.750949,1.264798,0.060752,-0.773243,0.500000,1.000000,0.880000,0.000000,0.300000,1.264798
636,1.528963,0.536356,-7.758681,1.262217,0.074653,-0.390278,0.500000,1.000000,0.980000,0.100000,0.500000,1.262217
637,1.530907,0.523862,-7.762584,1.264666,0.084832,0.044297,0.480000,1.000000,0.980000,0.000000,0.500000,1.264666
638,1.532906,0.511345,-7.762141,1.260504,0.089520,0.468939,0.480000,1.000000,0.980000,0.100000,0.500000,1.260504
639,1.534953,0.498876,-7.757451,1.263775,0.088992,0.878653,0.460000,1.000000,0.960000,0.000000,0.400000,1.263775
640,1.537057,0.486382,-7.748665,1.261597,0.082968,1.242191,0.460000,1.000000,0.940000,0.100000,0.400000,1.261597
641,1.539208,0.473924,-7.736243,1.266687,0.072800,1.580957,0.500000,1.000000,0.820000,0.000000,0.200000,1.266687
642,1.541419,0.461430,-7.720433,1.267070,0.055327,1.741019,0.540000,1.000000,0.800000,0.000000,0.100000,1.267070
643,1.543655,0.448946,-7.703023,1.267845,0.033839,1.760222,0.580000,1.000000,0.680000,0.000000,-0.100000,1.267845
644,1.545896,0.436462,-7.685421,1.267834,0.007502,1.528540,0.560000,1.000000,0.660000,0.000000,-0.100000,1.267834
645,1.548097,0.423976,-7.670136,1.267405,-0.014778,1.299321,0.560000,1.000000,0.640000,0.000000,-0.200000,1.267405
646,1.550269,0.411489,-7.657142,1.265928,-0.035378,0.982244,0.540000,1.000000,0.620000,0.000000,-0.200000,1.265928
647,1.552397,0.399005,-7.647320,1.264389,-0.051219,0.672270,0.580000,1.000000,0.620000,0.000000,-0.200000,1.264389
648,1.554491,0.386525,-7.640597,1.262938,-0.062562,0.373197,0.620000,1.000000,0.600000,0.100000,-0.300000,1.262938
649,1.556554,0.374049,-7.636865,1.267644,-0.071514,0.010809,0.640000,1.000000,0.600000,0.000000,-0.300000,1.267644
650,1.558586,0.361516,-7.636757,1.265651,-0.075729,-0.337125,0.620000,1.000000,0.600000,0.000000,-0.300000,1.265651
651,1.560574,0.348994,-7.640128,1.263981,-0.075530,-0.667962,0.620000,1.000000,0.600000,0.000000,-0.300000,1.263981
652,1.562519,0.336482,-7.646808,1.262601,-0.071307,-0.979272,0.600000,1.000000,0.680000,0.100000,-0.100000,1.262601
653,1.564418,0.323979,-7.656601,1.270097,-0.058546,-1.058322,0.600000,1.000000,0.680000,0.000000,-0.100000,1.270097
654,1.566334,0.311410,-7.667184,1.270487,-0.045387,-1.128524,0.580000,1.000000,0.680000,0.000000,-0.100000,1.270487
655,1.568248,0.298842,-7.678469,1.270743,-0.032015,-1.189876,0.560000,1.000000,0.780000,0.000000,0.100000,1.270743
656,1.570152,0.286274,-7.690368,1.270551,-0.012759,-0.995135,0.540000,1.000000,0.800000,0.000000,0.100000,1.270551
657,1.572095,0.273717,-7.700319,1.270155,0.003191,-0.804353,0.520000,1.000000,0.800000,0.000000,0.100000,1.270155
658,1.574071,0.261170,-7.708363,1.269649,0.016014,-0.619841,0.500000,1.000000,0.820000,0.000000,0.200000,1.269649
659,1.576072,0.248631,-7.714561,1.268329,0.028251,-0.343644,0.500000,1.000000,0.820000,0.000000,0.200000,1.268329
660,1.578114,0.236110,-7.717998,1.267078,0.036564,-0.077492,0.500000,1.000000,0.820000,0.000000,0.200000,1.267078
661,1.580194,0.223606,-7.718773,1.265952,0.041235,0.176330,0.500000,1.000000,0.820000,0.000000,0.200000,1.265952
662,1.582309,0.211118,-7.717009,1.264971,0.042575,0.416222,0.520000,1.000000,0.820000,0.000000,0.200000,1.264971
663,1.584458,0.198645,-7.712847,1.264125,0.040905,0.641091,0.500000,1.000000,0.800000,0.000000,0.100000,1.264125
664,1.586641,0.186187,-7.706436,1.264088,0.033885,0.736281,0.480000,1.000000,0.780000,0.000000,0.100000,1.264088
665,1.588835,0.173733,-7.699073,1.264029,0.026036,0.822406,0.480000,1.000000,0.780000,0.000000,0.100000,1.264029
666,1.591042,0.161284,-7.690849,1.263922,0.017515,0.899808,0.460000,1.000000,0.760000,0.000000,0.000000,1.263922
667,1.593268,0.148841,-7.681851,1.263943,0.005406,0.838200,0.460000,1.000000,0.740000,0.000000,0.000000,1.263943
668,1.595486,0.136398,-7.673469,1.263852,-0.005314,0.777799,0.460000,1.000000,0.720000,0.000000,0.000000,1.263852
669,1.597703,0.123955,-7.665691,1.263674,-0.014732,0.719034,0.500000,1.000000,0.720000,0.000000,0.000000,1.263674
670,1.599923,0.111514,-7.658501,1.263432,-0.022933,0.662224,0.540000,1.000000,0.700000,0.000000,-0.100000,1.263432
671,1.602152,0.099076,-7.651879,1.262853,-0.032990,0.479925,0.540000,1.000000,0.700000,0.100000,-0.100000,1.262853
672,1.604364,0.086638,-7.647079,1.269303,-0.040293,0.307049,0.520000,1.000000,0.680000,0.000000,-0.100000,1.269303
673,1.606577,0.074133,-7.644009,1.268813,-0.045120,0.144282,0.520000,1.000000,0.680000,0.000000,-0.100000,1.268813
674,1.608781,0.061630,-7.642566,1.268405,-0.047675,-0.008435,0.500000,1.000000,0.680000,0.000000,-0.100000,1.268405
675,1.610976,0.049128,-7.642650,1.268081,-0.048195,-0.151075,0.500000,1.000000,0.680000,0.000000,-0.100000,1.268081
676,1.613165,0.036628,-7.644161,1.267838,-0.046907,-0.283719,0.480000,1.000000,0.660000,0.000000,-0.100000,1.267838
677,1.615347,0.024130,-7.646998,1.267661,-0.044027,-0.406516,0.480000,1.000000,0.660000,0.000000,-0.100000,1.267661
678,1.617521,0.011634,-7.651064,1.267531,-0.039758,-0.519657,0.460000,1.000000,0.660000,0.000000,-0.100000,1.267531
679,1.619686,-0.000862,-7.656260,1.267427,-0.034294,-0.623367,0.460000,1.000000,0.680000,0.000000,-0.100000,1.267427
680,1.621840,-0.013356,-7.662494,1.267324,-0.027811,-0.717902,0.440000,1.000000,0.680000,0.000000,-0.100000,1.267324
681,1.623979,-0.025851,-7.669673,1.267198,-0.020478,-0.803558,0.440000,1.000000,0.680000,0.000000,-0.100000,1.267198
682,1.626100,-0.038346,-7.677708,1.267026,-0.012447,-0.880671,0.420000,1.000000,0.680000,0.000000,-0.100000,1.267026
683,1.628199,-0.050842,-7.686515,1.266786,-0.003859,-0.949620,0.420000,1.000000,0.700000,0.000000,-0.100000,1.266786
684,1.630272,-0.063339,-7.696011,1.266457,0.005156,-1.010829,0.400000,1.000000,0.700000,0.000000,-0.100000,1.266457
685,1.632316,-0.075837,-7.706120,1.266024,0.014486,-1.064758,0.400000,1.000000,0.720000,0.000000,0.000000,1.266024
686,1.634324,-0.088338,-7.716767,1.265733,0.027040,-0.982983,0.380000,1.000000,0.720000,0.000000,0.000000,1.265733
687,1.636323,-0.100840,-7.726597,1.265330,0.037934,-0.904357,0.380000,1.000000,0.740000,0.000000,0.000000,1.265330
688,1.638307,-0.113342,-7.735641,1.264850,0.047293,-0.829164,0.360000,1.000000,0.740000,0.000000,0.000000,1.264850
689,1.640270,-0.125846,-7.743932,1.264322,0.055239,-0.757552,0.360000,1.000000,0.740000,0.000000,0.000000,1.264322
690,1.642208,-0.138352,-7.751508,1.263767,0.061891,-0.689570,0.340000,1.000000,0.740000,0.000000,0.000000,1.263767
691,1.644116,-0.150860,-7.758403,1.263204,0.067359,-0.625204,0.340000,1.000000,0.720000,0.000000,0.000000,1.263204
692,1.645992,-0.163371,-7.764655,1.262646,0.071750,-0.564397,0.340000,1.000000,0.700000,0.100000,-0.100000,1.262646
693,1.647833,-0.175883,-7.770299,1.268691,0.072387,-0.625718,0.320000,1.000000,0.700000,0.000000,-0.100000,1.268691
694,1.649615,-0.188465,-7.776557,1.267690,0.073811,-0.683248,0.320000,1.000000,0.680000,0.000000,-0.100000,1.267690
695,1.651331,-0.201047,-7.783389,1.266638,0.075879,-0.736640,0.300000,1.000000,0.700000,0.000000,-0.100000,1.266638
696,1.652982,-0.213628,-7.790755,1.265530,0.078513,-0.785969,0.300000,1.000000,0.700000,0.000000,-0.100000,1.265530
697,1.654565,-0.226208,-7.798615,1.264362,0.081635,-0.831346,0.300000,1.000000,0.720000,0.000000,0.000000,1.264362
698,1.656080,-0.238787,-7.806929,1.263547,0.087941,-0.754655,0.300000,1.000000,0.720000,0.000000,0.000000,1.263547
699,1.657552,-0.251367,-7.814475,1.262747,0.092978,-0.682379,0.300000,1.000000,0.740000,0.100000,0.000000,1.262747
700,1.658980,-0.263948,-7.821299,1.268976,0.096864,-0.614331,0.300000,1.000000,0.740000,0.000000,0.000000,1.268976
701,1.660363,-0.276600,-7.827442,1.268244,0.099776,-0.550604,0.280000,1.000000,0.760000,0.000000,0.000000,1.268244
702,1.661697,-0.289251,-7.832948,1.267557,0.101744,-0.490692,0.280000,1.000000,0.740000,0.000000,0.000000,1.267557
703,1.662981,-0.301903,-7.837855,1.266921,0.102861,-0.434433,0.280000,1.000000,0.740000,0.000000,0.000000,1.266921
704,1.664213,-0.314554,-7.842200,1.266337,0.103213,-0.381677,0.280000,1.000000,0.720000,0.000000,0.000000,1.266337
705,1.665395,-0.327204,-7.846016,1.265806,0.102880,-0.332288,0.280000,1.000000,0.720000,0.000000,0.000000,1.265806
706,1.666524,-0.339853,-7.849339,1.265327,0.101938,-0.286140,0.280000,1.000000,0.700000,0.000000,-0.100000,1.265327
707,1.667602,-0.352502,-7.852201,1.264414,0.097868,-0.353802,0.280000,1.000000,0.680000,0.000000,-0.100000,1.264414
708,1.668604,-0.365144,-7.855739,1.263457,0.094798,-0.418891,0.280000,1.000000,0.680000,0.000000,-0.100000,1.263457
709,1.669529,-0.377780,-7.859928,1.262458,0.092655,-0.481139,0.280000,1.000000,0.680000,0.100000,-0.100000,1.262458
710,1.670381,-0.390410,-7.864739,1.268418,0.091365,-0.540346,0.280000,1.000000,0.680000,0.000000,-0.100000,1.268418
711,1.671158,-0.403103,-7.870142,1.267335,0.090913,-0.596721,0.280000,1.000000,0.700000,0.000000,-0.100000,1.267335
712,1.671862,-0.415790,-7.876110,1.266207,0.091173,-0.649801,0.280000,1.000000,0.700000,0.000000,-0.100000,1.266207
713,1.672494,-0.428469,-7.882608,1.265032,0.092072,-0.699549,0.280000,1.000000,0.720000,0.000000,0.000000,1.265032
714,1.673052,-0.441141,-7.889603,1.264251,0.096239,-0.630562,0.280000,1.000000,0.720000,0.000000,0.000000,1.264251
715,1.673563,-0.453809,-7.895909,1.263508,0.099339,-0.565649,0.260000,1.000000,0.720000,0.000000,0.000000,1.263508
716,1.674026,-0.466475,-7.901565,1.262810,0.101473,-0.504628,0.260000,1.000000,0.700000,0.100000,-0.100000,1.262810
717,1.674439,-0.479137,-7.906612,1.268689,0.100114,-0.559486,0.260000,0.980000,0.700000,0.000000,-0.100000,1.268689
718,1.674772,-0.491859,-7.912206,1.267524,0.099543,-0.611866,0.260000,0.980000,0.680000,0.000000,-0.100000,1.267524
719,1.675028,-0.504571,-7.918325,1.266315,0.099638,-0.661294,0.260000,1.000000,0.680000,0.000000,-0.100000,1.266315
720,1.675208,-0.517272,-7.924938,1.265058,0.100333,-0.707728,0.260000,1.000000,0.660000,0.000000,-0.100000,1.265058
721,1.675312,-0.529962,-7.932015,1.263751,0.101565,-0.751165,0.260000,0.980000,0.680000,0.000000,-0.100000,1.263751
722,1.675339,-0.542640,-7.939527,1.262392,0.103274,-0.791634,0.240000,0.980000,0.700000,0.100000,-0.100000,1.262392
723,1.675289,-0.555306,-7.947443,1.267977,0.105402,-0.829188,0.240000,0.960000,0.700000,0.000000,-0.100000,1.267977
724,1.675156,-0.568029,-7.955735,1.266503,0.107978,-0.864328,0.240000,0.960000,0.700000,0.000000,-0.100000,1.266503
725,1.674943,-0.580738,-7.964378,1.264967,0.110873,-0.896690,0.240000,1.000000,0.680000,0.000000,-0.100000,1.264967
726,1.674652,-0.593433,-7.973345,1.263367,0.114039,-0.926386,0.240000,0.980000,0.680000,0.000000,-0.100000,1.263367
727,1.674279,-0.606112,-7.982609,1.261701,0.117432,-0.953539,0.220000,0.980000,0.660000,0.100000,-0.100000,1.261701
728,1.673826,-0.618776,-7.992145,1.266967,0.121010,-0.978278,0.220000,0.960000,0.680000,0.000000,-0.100000,1.266967
729,1.673279,-0.631491,-8.001927,1.265163,0.124832,-1.001183,0.220000,0.960000,0.720000,0.000000,0.000000,1.265163
730,1.672649,-0.644189,-8.011939,1.263777,0.131348,-0.911713,0.220000,0.940000,0.700000,0.000000,-0.100000,1.263777
731,1.671958,-0.656876,-8.021056,1.261938,0.133909,-0.935693,0.200000,0.940000,0.700000,0.100000,-0.100000,1.261938
732,1.671180,-0.669542,-8.030413,1.267041,0.136652,-0.957750,0.200000,0.920000,0.680000,0.000000,-0.100000,1.267041
733,1.670301,-0.682256,-8.039991,1.265084,0.139640,-0.978404,0.200000,0.920000,0.680000,0.000000,-0.100000,1.265084
734,1.669334,-0.694946,-8.049775,1.263065,0.142753,-0.997280,0.200000,0.960000,0.700000,0.100000,-0.100000,1.263065
735,1.668277,-0.707613,-8.059748,1.267985,0.145964,-1.014477,0.180000,0.940000,0.700000,0.000000,-0.100000,1.267985
736,1.667115,-0.720324,-8.069892,1.265844,0.149347,-1.030519,0.180000,0.940000,0.680000,0.000000,-0.100000,1.265844
737,1.665862,-0.733009,-8.080198,1.263639,0.152784,-1.045039,0.180000,0.920000,0.660000,0.000000,-0.100000,1.263639
738,1.664517,-0.745666,-8.090648,1.261371,0.156253,-1.058134,0.180000,0.920000,0.660000,0.100000,-0.100000,1.261371
739,1.663078,-0.758294,-8.101229,1.266042,0.159736,-1.069903,0.180000,0.920000,0.680000,0.000000,-0.100000,1.266042
740,1.661529,-0.770960,-8.111928,1.263653,0.163320,-1.080851,0.160000,0.900000,0.680000,0.000000,-0.100000,1.263653
741,1.659884,-0.783596,-8.122737,1.261201,0.166887,-1.090615,0.160000,0.900000,0.660000,0.100000,-0.100000,1.261201
742,1.658144,-0.796198,-8.133643,1.265690,0.170424,-1.099284,0.220000,0.880000,0.660000,0.000000,-0.100000,1.265690
743,1.656289,-0.808834,-8.144636,1.263121,0.174025,-1.107342,0.220000,0.880000,0.640000,0.100000,-0.200000,1.263121
744,1.654336,-0.821434,-8.155709,1.266611,0.176071,-1.178684,0.220000,0.880000,0.720000,0.000000,0.000000,1.266611
745,1.652253,-0.834051,-8.167496,1.264399,0.182828,-1.083328,0.200000,0.860000,0.700000,0.000000,-0.100000,1.264399
746,1.650093,-0.846642,-8.178329,1.261702,0.185823,-1.090484,0.200000,0.860000,0.700000,0.100000,-0.100000,1.261702
747,1.647834,-0.859194,-8.189234,1.265956,0.188776,-1.096846,0.200000,0.840000,0.680000,0.000000,-0.100000,1.265956
748,1.645451,-0.871770,-8.200203,1.263161,0.191787,-1.102841,0.200000,0.880000,0.680000,0.000000,-0.100000,1.263161
749,1.642969,-0.884302,-8.211231,1.260318,0.194741,-1.108123,0.180000,0.880000,0.660000,0.100000,-0.100000,1.260318
750,1.640386,-0.896791,-8.222312,1.264428,0.197631,-1.112747,0.180000,0.880000,0.660000,0.000000,-0.100000,1.264428
751,1.637677,-0.909299,-8.233440,1.261492,0.200561,-1.117117,0.180000,0.860000,0.640000,0.100000,-0.200000,1.261492
752,1.634867,-0.921759,-8.244611,1.264619,0.202052,-1.179200,0.180000,0.860000,0.640000,0.000000,-0.200000,1.264619
753,1.631920,-0.934222,-8.256403,1.260604,0.204329,-1.238984,0.160000,0.840000,0.660000,0.100000,-0.100000,1.260604
754,1.628863,-0.946621,-8.268793,1.264332,0.208594,-1.237578,0.160000,0.840000,0.660000,0.000000,-0.100000,1.264332
755,1.625677,-0.959033,-8.281169,1.261004,0.212787,-1.236145,0.220000,0.840000,0.640000,0.100000,-0.200000,1.261004
756,1.622389,-0.971391,-8.293530,1.263724,0.215474,-1.290766,0.140000,0.840000,0.640000,0.000000,-0.200000,1.263724
757,1.618961,-0.983744,-8.306438,1.259293,0.218827,-1.343162,0.200000,0.820000,0.660000,0.100000,-0.100000,1.259293
758,1.615424,-0.996027,-8.319869,1.262597,0.223988,-1.337036,0.200000,0.820000,0.660000,0.100000,-0.100000,1.262597
759,1.611753,-1.008313,-8.333240,1.265839,0.228998,-1.331129,0.180000,0.820000,0.640000,0.000000,-0.200000,1.265839
760,1.607948,-1.020602,-8.346551,1.261119,0.232608,-1.379169,0.180000,0.800000,0.640000,0.100000,-0.200000,1.261119
761,1.604034,-1.032814,-8.360343,1.263235,0.236663,-1.424660,0.180000,0.800000,0.640000,0.000000,-0.200000,1.263235
762,1.599977,-1.045009,-8.374589,1.258183,0.241245,-1.468143,0.160000,0.800000,0.620000,0.100000,-0.200000,1.258183
763,1.595812,-1.057123,-8.389271,1.259956,0.246188,-1.509148,0.160000,0.800000,0.620000,0.100000,-0.200000,1.259956
764,1.591502,-1.069216,-8.404362,1.261549,0.251582,-1.548234,0.160000,0.780000,0.640000,0.100000,-0.200000,1.261549
765,1.587048,-1.081285,-8.419844,1.262955,0.257396,-1.585444,0.140000,0.780000,0.640000,0.100000,-0.200000,1.262955
766,1.582450,-1.093326,-8.435699,1.264169,0.263600,-1.620833,0.140000,0.840000,0.640000,0.000000,-0.200000,1.264169
767,1.577706,-1.105336,-8.451907,1.258182,0.270163,-1.654465,0.180000,0.820000,0.620000,0.100000,-0.200000,1.258182
768,1.572856,-1.117256,-8.468452,1.258990,0.276917,-1.685995,0.180000,0.820000,0.620000,0.100000,-0.200000,1.258990
769,1.567861,-1.129140,-8.485312,1.259591,0.283972,-1.715963,0.180000,0.820000,0.620000,0.100000,-0.200000,1.259591
770,1.562719,-1.140984,-8.502471,1.259978,0.291303,-1.744453,0.160000,0.820000,0.600000,0.100000,-0.300000,1.259978
771,1.557430,-1.152785,-8.519916,1.259148,0.298399,-1.792491,0.160000,0.820000,0.600000,0.100000,-0.300000,1.259148
772,1.551998,-1.164530,-8.537841,1.258043,0.305990,-1.838116,0.160000,0.820000,0.600000,0.100000,-0.300000,1.258043
773,1.546421,-1.176215,-8.556222,1.256655,0.314038,-1.881386,0.140000,0.820000,0.620000,0.100000,-0.200000,1.256655
774,1.540702,-1.187836,-8.575036,1.255973,0.322946,-1.903581,0.140000,0.820000,0.620000,0.100000,-0.200000,1.255973
775,1.534836,-1.199402,-8.594072,1.255041,0.332000,-1.924744,0.140000,0.820000,0.620000,0.100000,-0.200000,1.255041
776,1.528824,-1.210908,-8.613319,1.253856,0.341184,-1.944969,0.120000,0.820000,0.620000,0.100000,-0.200000,1.253856
777,1.522666,-1.222351,-8.632769,1.252416,0.350485,-1.964347,0.120000,0.820000,0.600000,0.100000,-0.300000,1.252416
778,1.516364,-1.233727,-8.652412,1.249721,0.359532,-1.998271,0.120000,0.840000,0.600000,0.100000,-0.300000,1.249721
779,1.509921,-1.245023,-8.672395,1.246718,0.368859,-2.030463,0.100000,0.840000,0.600000,0.100000,-0.300000,1.246718
780,1.503340,-1.256236,-8.692700,1.243402,0.378440,-2.061017,0.140000,0.840000,0.600000,0.100000,-0.300000,1.243402
781,1.496622,-1.267362,-8.713310,1.239768,0.388246,-2.090034,0.140000,0.840000,0.580000,0.100000,-0.300000,1.239768
782,1.489767,-1.278398,-8.734210,1.235810,0.398252,-2.117613,0.120000,0.860000,0.580000,0.100000,-0.300000,1.235810
783,1.482777,-1.289340,-8.755386,1.231525,0.408433,-2.143852,0.120000,0.860000,0.580000,0.100000,-0.300000,1.231525
784,1.475653,-1.300184,-8.776825,1.226909,0.418766,-2.168850,0.120000,0.880000,0.580000,0.100000,-0.300000,1.226909
785,1.468399,-1.310928,-8.798513,1.221959,0.429229,-2.192702,0.100000,0.880000,0.580000,0.100000,-0.300000,1.221959
786,1.461014,-1.321568,-8.820440,1.216671,0.439800,-2.215501,0.180000,0.900000,0.620000,0.100000,-0.200000,1.216671
787,1.453501,-1.332100,-8.842595,1.212033,0.450648,-2.229268,0.180000,0.900000,0.620000,0.100000,-0.200000,1.212033
788,1.445855,-1.342529,-8.864888,1.207084,0.461473,-2.243010,0.180000,0.920000,0.620000,0.100000,-0.200000,1.207084
789,1.438078,-1.352850,-8.887318,1.201822,0.472271,-2.256773,0.160000,0.940000,0.620000,0.100000,-0.200000,1.201822
790,1.430172,-1.363059,-8.909886,1.196245,0.483037,-2.270596,0.160000,0.960000,0.620000,0.100000,-0.200000,1.196245
791,1.422140,-1.373154,-8.932592,1.190351,0.493767,-2.284518,0.140000,0.980000,0.620000,0.100000,-0.200000,1.190351
792,1.413982,-1.383131,-8.955437,1.184138,0.504455,-2.298573,0.340000,1.000000,0.640000,0.100000,-0.200000,1.184138
793,1.405703,-1.392986,-8.978423,1.177603,0.515099,-2.312793,0.340000,1.000000,0.640000,0.100000,-0.200000,1.177603
794,1.397304,-1.402716,-9.001551,1.170744,0.525694,-2.327207,0.320000,1.000000,0.640000,0.100000,-0.200000,1.170744
795,1.388789,-1.412317,-9.024823,1.163559,0.536235,-2.341842,0.320000,1.000000,0.640000,0.100000,-0.200000,1.163559
796,1.380160,-1.421787,-9.048241,1.156043,0.546720,-2.356724,0.320000,1.000000,0.640000,0.100000,-0.200000,1.156043
797,1.371419,-1.431122,-9.071808,1.148196,0.557142,-2.371874,0.300000,1.000000,0.660000,0.100000,-0.100000,1.148196
798,1.362571,-1.440319,-9.095527,1.140979,0.567779,-2.375306,0.300000,1.000000,0.660000,0.100000,-0.100000,1.140979
799,1.353610,-1.449381,-9.119280,1.133486,0.578212,-2.379962,0.300000,1.000000,0.660000,0.100000,-0.100000,1.133486
800,1.344539,-1.458304,-9.143080,1.125715,0.588451,-2.385796,0.280000,1.000000,0.680000,0.100000,-0.100000,1.125715
801,1.335362,-1.467086,-9.166938,1.117662,0.598507,-2.392768,0.280000,1.000000,0.680000,0.100000,-0.100000,1.117662
802,1.326081,-1.475724,-9.190865,1.109325,0.608388,-2.400841,0.280000,1.000000,0.700000,0.100000,-0.100000,1.109325
803,1.316700,-1.484213,-9.214874,1.100700,0.618101,-2.409981,0.260000,1.000000,0.720000,0.100000,0.000000,1.100700
804,1.307222,-1.492552,-9.238974,1.092701,0.628117,-2.400293,0.260000,1.000000,0.720000,0.100000,0.000000,1.092701
805,1.297643,-1.500743,-9.262977,1.084522,0.637756,-2.392771,0.260000,1.000000,0.740000,0.100000,0.000000,1.084522
806,1.287967,-1.508785,-9.286904,1.076162,0.647045,-2.387277,0.240000,1.000000,0.760000,0.100000,0.000000,1.076162
807,1.278197,-1.516673,-9.310777,1.067616,0.656007,-2.383693,0.240000,1.000000,0.780000,0.100000,0.100000,1.067616
808,1.268336,-1.524405,-9.334614,1.059704,0.665382,-2.351201,0.240000,1.000000,0.820000,0.100000,0.200000,1.059704
809,1.258382,-1.531986,-9.358126,1.052414,0.675263,-2.273459,0.240000,1.000000,0.840000,0.100000,0.200000,1.052414
810,1.248331,-1.539424,-9.380861,1.045446,0.684004,-2.201479,0.240000,1.000000,0.860000,0.100000,0.200000,1.045446
811,1.238186,-1.546717,-9.402875,1.038799,0.691704,-2.134484,0.260000,1.000000,0.900000,0.100000,0.300000,1.038799
812,1.227952,-1.553860,-9.424220,1.032797,0.699981,-2.006302,0.260000,1.000000,0.940000,0.100000,0.400000,1.032797
813,1.217628,-1.560865,-9.444283,1.027392,0.708705,-1.796534,0.260000,1.000000,0.980000,0.100000,0.500000,1.027392
814,1.207218,-1.567751,-9.462249,1.022573,0.717416,-1.490206,0.260000,1.000000,1.000000,0.100000,0.500000,1.022573
815,1.196731,-1.574537,-9.477151,1.019995,0.722545,-1.199355,0.260000,1.000000,1.000000,0.100000,0.500000,1.019995
816,1.186167,-1.581218,-9.489144,1.019583,0.724412,-0.919622,0.280000,1.000000,1.000000,0.100000,0.500000,1.019583
817,1.175526,-1.587792,-9.498340,1.021268,0.723256,-0.647277,0.280000,1.000000,1.000000,0.100000,0.500000,1.021268
818,1.164809,-1.594254,-9.504813,1.024982,0.719249,-0.379071,0.280000,1.000000,1.000000,0.100000,0.500000,1.024982
819,1.154017,-1.600604,-9.508604,1.030661,0.712507,-0.112107,0.300000,1.000000,1.000000,0.100000,0.500000,1.030661
820,1.143150,-1.606841,-9.509725,1.038242,0.703093,0.156262,0.300000,1.000000,1.000000,0.100000,0.500000,1.038242
821,1.132209,-1.612966,-9.508162,1.047658,0.691027,0.428511,0.320000,1.000000,1.000000,0.100000,0.500000,1.047658
822,1.121193,-1.618979,-9.503877,1.058843,0.676287,0.707000,0.340000,1.000000,1.000000,0.100000,0.500000,1.058843
823,1.110103,-1.624885,-9.496807,1.071718,0.658812,0.993994,0.360000,1.000000,0.960000,0.100000,0.400000,1.071718
824,1.098940,-1.630684,-9.486867,1.087030,0.635985,1.183904,0.380000,1.000000,0.920000,0.100000,0.300000,1.087030
825,1.087696,-1.636357,-9.475028,1.103351,0.609280,1.297916,0.400000,1.000000,0.860000,0.100000,0.200000,1.103351
826,1.076370,-1.641888,-9.462049,1.119647,0.579949,1.355474,0.420000,1.000000,0.820000,0.100000,0.200000,1.119647
827,1.064965,-1.647267,-9.448494,1.135830,0.550157,1.422194,0.440000,1.000000,0.760000,0.100000,0.000000,1.135830
828,1.053480,-1.652497,-9.434272,1.150544,0.517750,1.409267,0.480000,1.000000,0.720000,0.100000,0.000000,1.150544
829,1.041926,-1.657565,-9.420180,1.164728,0.485585,1.397762,0.500000,1.000000,0.680000,0.100000,-0.100000,1.164728
830,1.030301,-1.662475,-9.406202,1.177498,0.453139,1.363228,0.540000,1.000000,0.640000,0.100000,-0.200000,1.177498
831,1.018612,-1.667224,-9.392570,1.188706,0.420948,1.313611,0.560000,1.000000,0.620000,0.100000,-0.200000,1.188706
832,1.006867,-1.671814,-9.379434,1.199284,0.389498,1.258249,0.600000,1.000000,0.580000,0.100000,-0.300000,1.199284
833,0.995063,-1.676249,-9.366851,1.208267,0.358807,1.191439,0.640000,1.000000,0.560000,0.100000,-0.300000,1.208267
834,0.983208,-1.680530,-9.354937,1.216646,0.329148,1.115042,0.680000,1.000000,0.540000,0.100000,-0.400000,1.216646
835,0.971301,-1.684663,-9.343786,1.223461,0.300749,1.030585,0.720000,1.000000,0.520000,0.100000,-0.400000,1.223461
836,0.959350,-1.688650,-9.333481,1.229727,0.273672,0.933315,0.760000,1.000000,0.500000,0.100000,-0.500000,1.229727
837,0.947353,-1.692497,-9.324147,1.234514,0.248327,0.831862,0.800000,1.000000,0.480000,0.100000,-0.500000,1.234514
838,0.935320,-1.696207,-9.315829,1.238831,0.224560,0.715776,0.840000,1.000000,0.460000,0.200000,-0.500000,1.238831
839,0.923250,-1.699787,-9.308671,1.249710,0.202565,0.585230,0.880000,1.000000,0.460000,0.200000,-0.500000,1.249710
840,0.911071,-1.703247,-9.302819,1.260189,0.182504,0.440116,0.900000,1.000000,0.440000,0.200000,-0.600000,1.260189
841,0.898785,-1.706591,-9.298418,1.269380,0.164888,0.295589,0.940000,1.000000,0.440000,0.200000,-0.600000,1.269380
842,0.886400,-1.709827,-9.295462,1.278271,0.149366,0.138802,0.960000,1.000000,0.420000,0.200000,-0.600000,1.278271
843,0.873917,-1.712956,-9.294074,1.286898,0.136079,-0.028186,0.980000,1.000000,0.420000,0.300000,-0.600000,1.286898
844,0.861335,-1.715983,-9.294356,1.302293,0.125135,-0.203008,1.000000,1.000000,0.420000,0.300000,-0.600000,1.302293
845,0.848585,-1.718917,-9.296386,1.317485,0.116640,-0.383818,1.000000,1.000000,0.420000,0.300000,-0.600000,1.317485
846,0.835668,-1.721761,-9.300224,1.332494,0.110664,-0.567916,0.980000,1.000000,0.420000,0.300000,-0.600000,1.332494
847,0.822584,-1.724514,-9.305903,1.347332,0.107247,-0.752649,0.980000,1.000000,0.400000,0.300000,-0.600000,1.347332
848,0.809333,-1.727177,-9.313429,1.361998,0.106391,-0.935496,0.960000,1.000000,0.420000,0.200000,-0.600000,1.361998
849,0.795916,-1.729748,-9.322784,1.369479,0.108070,-1.114147,0.920000,1.000000,0.420000,0.200000,-0.600000,1.369479
850,0.782402,-1.732217,-9.333926,1.376754,0.112135,-1.285867,0.900000,1.000000,0.420000,0.200000,-0.600000,1.376754
851,0.768793,-1.734583,-9.346785,1.383791,0.118472,-1.448983,0.860000,1.000000,0.420000,0.200000,-0.600000,1.383791
852,0.755089,-1.736842,-9.361274,1.390551,0.126949,-1.602160,0.820000,1.000000,0.440000,0.200000,-0.600000,1.390551
853,0.741293,-1.738992,-9.377296,1.396988,0.137419,-1.744408,0.780000,1.000000,0.440000,0.100000,-0.600000,1.396988
854,0.727404,-1.741027,-9.394740,1.396053,0.149725,-1.875074,0.760000,1.000000,0.460000,0.100000,-0.500000,1.396053
855,0.713494,-1.742943,-9.413491,1.395661,0.163328,-2.002695,0.720000,1.000000,0.480000,0.100000,-0.500000,1.395661
856,0.699557,-1.744734,-9.433518,1.394792,0.178410,-2.118092,0.680000,1.000000,0.500000,0.000000,-0.500000,1.394792
857,0.685594,-1.746396,-9.454699,1.386401,0.194787,-2.221533,0.660000,1.000000,0.520000,0.000000,-0.400000,1.386401
858,0.671678,-1.747928,-9.476914,1.378455,0.212110,-2.312730,0.620000,1.000000,0.560000,0.000000,-0.300000,1.378455
859,0.657802,-1.749328,-9.500041,1.370946,0.230530,-2.379208,0.600000,1.000000,0.600000,0.000000,-0.300000,1.370946
860,0.643958,-1.750596,-9.523833,1.362830,0.249347,-2.438019,0.560000,1.000000,0.660000,0.000000,-0.100000,1.362830
861,0.630150,-1.751730,-9.548214,1.355992,0.270554,-2.400134,0.540000,1.000000,0.720000,0.000000,0.000000,1.355992
862,0.616360,-1.752745,-9.572215,1.349341,0.292643,-2.277662,0.520000,1.000000,0.800000,0.000000,0.100000,1.349341
863,0.602583,-1.753657,-9.594992,1.342723,0.314969,-2.052763,0.500000,1.000000,0.900000,0.000000,0.300000,1.342723
864,0.588816,-1.754487,-9.615519,1.335123,0.339185,-1.599935,0.480000,1.000000,1.000000,0.000000,0.500000,1.335123
865,0.575064,-1.755286,-9.631519,1.326236,0.360001,-1.019890,0.480000,1.000000,1.000000,0.000000,0.500000,1.326236
866,0.561345,-1.756087,-9.641717,1.319319,0.372567,-0.454969,0.460000,1.000000,1.000000,0.000000,0.500000,1.319319
867,0.547659,-1.756886,-9.646267,1.314560,0.377306,0.094476,0.460000,1.000000,1.000000,0.000000,0.500000,1.314560
868,0.534006,-1.757679,-9.645322,1.311992,0.374633,0.628899,0.460000,1.000000,1.000000,0.000000,0.500000,1.311992
869,0.520384,-1.758464,-9.639033,1.311514,0.364939,1.148923,0.480000,1.000000,1.000000,0.000000,0.500000,1.311514
870,0.506793,-1.759242,-9.627544,1.312910,0.348594,1.654671,0.480000,1.000000,1.000000,0.000000,0.500000,1.312910
871,0.493231,-1.760012,-9.610997,1.315866,0.325957,2.145076,0.500000,1.000000,0.940000,0.000000,0.400000,1.315866
872,0.479696,-1.760779,-9.589547,1.321406,0.295500,2.535743,0.520000,1.000000,0.840000,0.000000,0.200000,1.321406
873,0.466176,-1.761527,-9.564189,1.329187,0.255163,2.670920,0.540000,1.000000,0.740000,0.000000,0.000000,1.329187
874,0.452659,-1.762207,-9.537480,1.335851,0.209507,2.591121,0.580000,1.000000,0.660000,0.000000,-0.100000,1.335851
875,0.439149,-1.762786,-9.511569,1.340403,0.164678,2.428157,0.600000,1.000000,0.580000,0.000000,-0.300000,1.340403
876,0.425653,-1.763265,-9.487287,1.341662,0.121668,2.172684,0.640000,1.000000,0.540000,0.000000,-0.400000,1.341662
877,0.412187,-1.763641,-9.465560,1.340613,0.082887,1.876243,0.680000,1.000000,0.500000,0.000000,-0.500000,1.340613
878,0.398758,-1.763923,-9.446798,1.337538,0.049004,1.551778,0.700000,1.000000,0.480000,0.000000,-0.500000,1.337538
879,0.385375,-1.764118,-9.431280,1.333724,0.020210,1.202817,0.740000,1.000000,0.460000,0.100000,-0.500000,1.333724
880,0.372037,-1.764233,-9.419252,1.336450,-0.003323,0.836759,0.760000,1.000000,0.440000,0.100000,-0.600000,1.336450
881,0.358672,-1.764274,-9.410884,1.337972,-0.021459,0.467170,0.780000,1.000000,0.420000,0.100000,-0.600000,1.337972
882,0.345291,-1.764245,-9.406213,1.339462,-0.034456,0.092817,0.780000,1.000000,0.420000,0.100000,-0.600000,1.339462
883,0.331892,-1.764149,-9.405285,1.341055,-0.042378,-0.280021,0.780000,1.000000,0.420000,0.100000,-0.600000,1.341055
884,0.318476,-1.763987,-9.408085,1.342830,-0.045368,-0.645543,0.780000,1.000000,0.420000,0.100000,-0.600000,1.342830
885,0.305042,-1.763758,-9.414540,1.344801,-0.043641,-0.998414,0.760000,1.000000,0.440000,0.100000,-0.600000,1.344801
886,0.291590,-1.763459,-9.424524,1.346929,-0.037474,-1.333800,0.740000,1.000000,0.440000,0.100000,-0.600000,1.346929
887,0.278121,-1.763088,-9.437862,1.349127,-0.027198,-1.647459,0.720000,1.000000,0.460000,0.100000,-0.500000,1.349127
888,0.264634,-1.762639,-9.454337,1.352314,-0.013175,-1.935450,0.680000,1.000000,0.480000,0.000000,-0.500000,1.352314
889,0.251121,-1.762108,-9.473691,1.348293,0.004186,-2.196172,0.660000,1.000000,0.520000,0.000000,-0.400000,1.348293
890,0.237652,-1.761490,-9.495653,1.345009,0.024712,-2.410729,0.620000,1.000000,0.560000,0.000000,-0.300000,1.345009
891,0.224218,-1.760784,-9.519760,1.342300,0.048259,-2.557674,0.580000,1.000000,0.620000,0.000000,-0.200000,1.342300
892,0.210810,-1.759992,-9.545337,1.339917,0.074514,-2.613593,0.560000,1.000000,0.680000,0.000000,-0.100000,1.339917
893,0.197418,-1.759120,-9.571473,1.337520,0.102852,-2.558007,0.520000,1.000000,0.760000,0.000000,0.000000,1.337520
894,0.184037,-1.758183,-9.597053,1.334736,0.132178,-2.380829,0.500000,1.000000,0.880000,0.000000,0.300000,1.334736
895,0.170660,-1.757197,-9.620861,1.329544,0.165453,-1.894134,0.480000,1.000000,1.000000,0.000000,0.500000,1.329544
896,0.157297,-1.756229,-9.639803,1.322251,0.193074,-1.341869,0.460000,1.000000,1.000000,0.000000,0.500000,1.322251
897,0.143967,-1.755294,-9.653222,1.315640,0.212848,-0.792736,0.460000,1.000000,1.000000,0.000000,0.500000,1.315640
898,0.130671,-1.754388,-9.661149,1.310063,0.225032,-0.251766,0.460000,1.000000,1.000000,0.000000,0.500000,1.310063
899,0.117407,-1.753508,-9.663667,1.305721,0.229944,0.277059,0.440000,1.000000,1.000000,0.000000,0.500000,1.305721
900,0.104177,-1.752652,-9.660896,1.302674,0.227950,0.790282,0.440000,1.000000,1.000000,0.000000,0.500000,1.302674
901,0.090978,-1.751821,-9.652993,1.300853,0.219461,1.284425,0.460000,1.000000,1.000000,0.000000,0.500000,1.300853
902,0.077810,-1.751016,-9.640149,1.300079,0.204932,1.755504,0.460000,1.000000,1.000000,0.000000,0.500000,1.300079
903,0.064672,-1.750239,-9.622594,1.300081,0.184874,2.198689,0.480000,1.000000,1.000000,0.000000,0.500000,1.300081
904,0.051561,-1.749497,-9.600607,1.300516,0.159860,2.608293,0.480000,1.000000,0.940000,0.000000,0.400000,1.300516
905,0.038477,-1.748796,-9.574524,1.302269,0.129415,2.930601,0.500000,1.000000,0.820000,0.000000,0.200000,1.302269
906,0.025407,-1.748133,-9.545218,1.305691,0.091508,3.019912,0.540000,1.000000,0.720000,0.000000,0.000000,1.305691
907,0.012335,-1.747473,-9.515019,1.308309,0.048335,2.840312,0.560000,1.000000,0.640000,0.000000,-0.200000,1.308309
908,-0.000739,-1.746775,-9.486616,1.308122,0.005378,2.484661,0.600000,1.000000,0.580000,0.000000,-0.300000,1.308122
909,-0.013798,-1.746020,-9.461769,1.305795,-0.032649,2.069416,0.640000,1.000000,0.540000,0.000000,-0.400000,1.305795
910,-0.026835,-1.745211,-9.441075,1.301706,-0.064860,1.615306,0.680000,1.000000,0.520000,0.000000,-0.400000,1.301706
911,-0.039840,-1.744350,-9.424922,1.297361,-0.090407,1.153430,0.700000,1.000000,0.500000,0.000000,-0.500000,1.297361
912,-0.052813,-1.743445,-9.413388,1.292031,-0.109785,0.674662,0.720000,1.000000,0.480000,0.100000,-0.500000,1.292031
913,-0.065745,-1.742494,-9.406641,1.294091,-0.122668,0.198397,0.740000,1.000000,0.480000,0.100000,-0.500000,1.294091
914,-0.078706,-1.741502,-9.404657,1.296724,-0.129327,-0.268699,0.740000,1.000000,0.480000,0.100000,-0.500000,1.296724
915,-0.091697,-1.740470,-9.407344,1.300010,-0.130016,-0.721352,0.720000,1.000000,0.480000,0.100000,-0.500000,1.300010
916,-0.104718,-1.739397,-9.414558,1.303930,-0.125059,-1.154614,0.700000,1.000000,0.480000,0.000000,-0.500000,1.303930
917,-0.117769,-1.738279,-9.426104,1.301379,-0.114836,-1.563694,0.680000,1.000000,0.500000,0.000000,-0.500000,1.301379
918,-0.130781,-1.737114,-9.441741,1.299188,-0.099885,-1.944158,0.660000,1.000000,0.540000,0.000000,-0.400000,1.299188
919,-0.143754,-1.735895,-9.461182,1.298321,-0.079991,-2.259255,0.620000,1.000000,0.560000,0.000000,-0.300000,1.298321
920,-0.156700,-1.734623,-9.483775,1.298454,-0.055462,-2.477791,0.580000,1.000000,0.620000,0.000000,-0.200000,1.298454
921,-0.169629,-1.733304,-9.508553,1.299078,-0.026973,-2.572094,0.560000,1.000000,0.680000,0.000000,-0.100000,1.299078
922,-0.182552,-1.731948,-9.534274,1.299560,0.004259,-2.527820,0.520000,1.000000,0.740000,0.000000,0.000000,1.299560
923,-0.195474,-1.730570,-9.559552,1.299308,0.036501,-2.349235,0.500000,1.000000,0.840000,0.000000,0.200000,1.299308
924,-0.208399,-1.729186,-9.583044,1.297134,0.069960,-1.963179,0.460000,1.000000,0.820000,0.000000,0.200000,1.297134
925,-0.221318,-1.727832,-9.602676,1.294582,0.097226,-1.583833,0.460000,1.000000,0.820000,0.000000,0.200000,1.294582
926,-0.234232,-1.726498,-9.618514,1.291996,0.118569,-1.217231,0.440000,1.000000,0.900000,0.000000,0.300000,1.291996
927,-0.247138,-1.725174,-9.630687,1.288604,0.136325,-0.782331,0.420000,1.000000,1.000000,0.000000,0.500000,1.288604
928,-0.260031,-1.723874,-9.638510,1.283407,0.149826,-0.281146,0.420000,1.000000,1.000000,0.000000,0.500000,1.283407
929,-0.272891,-1.722616,-9.641321,1.278947,0.156735,0.210703,0.420000,1.000000,1.000000,0.000000,0.500000,1.278947
930,-0.285718,-1.721399,-9.639214,1.275314,0.157379,0.688137,0.420000,1.000000,1.000000,0.000000,0.500000,1.275314
931,-0.298514,-1.720223,-9.632333,1.272491,0.152148,1.146319,0.420000,1.000000,1.000000,0.000000,0.500000,1.272491
932,-0.311279,-1.719090,-9.620870,1.270361,0.141488,1.580380,0.420000,1.000000,0.960000,0.000000,0.400000,1.270361
933,-0.324015,-1.718002,-9.605066,1.269959,0.124999,1.946500,0.440000,1.000000,0.880000,0.000000,0.300000,1.269959
934,-0.336733,-1.716955,-9.585601,1.270927,0.102959,2.208469,0.440000,1.000000,0.800000,0.000000,0.100000,1.270927
935,-0.349443,-1.715936,-9.563516,1.273158,0.073141,2.207421,0.460000,1.000000,0.720000,0.000000,0.000000,1.273158
936,-0.362154,-1.714900,-9.541442,1.274634,0.041837,2.071299,0.480000,1.000000,0.700000,0.000000,-0.100000,1.274634
937,-0.374862,-1.713831,-9.520729,1.274864,0.011181,1.824393,0.500000,1.000000,0.700000,0.000000,-0.100000,1.274864
938,-0.387563,-1.712721,-9.502485,1.274499,-0.015056,1.577891,0.520000,1.000000,0.680000,0.000000,-0.100000,1.274499
939,-0.400258,-1.711582,-9.486706,1.273760,-0.037020,1.336894,0.540000,1.000000,0.680000,0.000000,-0.100000,1.273760
940,-0.412948,-1.710424,-9.473337,1.272824,-0.054943,1.104860,0.540000,1.000000,0.660000,0.000000,-0.100000,1.272824
941,-0.425634,-1.709257,-9.462289,1.271831,-0.069103,0.883833,0.560000,1.000000,0.640000,0.000000,-0.200000,1.271831
942,-0.438318,-1.708090,-9.453450,1.270154,-0.082386,0.564415,0.560000,1.000000,0.620000,0.000000,-0.200000,1.270154
943,-0.450991,-1.706902,-9.447806,1.268707,-0.091114,0.259455,0.580000,1.000000,0.620000,0.000000,-0.200000,1.268707
944,-0.463653,-1.705699,-9.445212,1.267557,-0.095654,-0.029558,0.580000,1.000000,0.620000,0.000000,-0.200000,1.267557
945,-0.476307,-1.704484,-9.445507,1.266726,-0.096386,-0.301803,0.580000,1.000000,0.620000,0.000000,-0.200000,1.266726
946,-0.488951,-1.703258,-9.448525,1.266193,-0.093691,-0.556812,0.560000,1.000000,0.620000,0.000000,-0.200000,1.266193
947,-0.501587,-1.702020,-9.454093,1.265910,-0.087946,-0.794275,0.560000,1.000000,0.600000,0.000000,-0.300000,1.265910
948,-0.514215,-1.700770,-9.462036,1.264795,-0.081671,-1.106058,0.540000,1.000000,0.580000,0.000000,-0.300000,1.264795
949,-0.526824,-1.699483,-9.473097,1.263898,-0.071849,-1.395098,0.520000,1.000000,0.580000,0.000000,-0.300000,1.263898
950,-0.539413,-1.698155,-9.487048,1.263093,-0.058918,-1.659955,0.500000,1.000000,0.580000,0.100000,-0.300000,1.263093
951,-0.551983,-1.696781,-9.503647,1.269241,-0.043315,-1.899603,0.480000,1.000000,0.620000,0.000000,-0.200000,1.269241
952,-0.564602,-1.695349,-9.522643,1.269211,-0.023257,-2.025214,0.460000,1.000000,0.660000,0.000000,-0.100000,1.269211
953,-0.577211,-1.693877,-9.542895,1.269435,0.000191,-2.015118,0.440000,1.000000,0.740000,0.000000,0.000000,1.269435
954,-0.589817,-1.692383,-9.563047,1.269294,0.025419,-1.868906,0.420000,1.000000,0.800000,0.000000,0.100000,1.269294
955,-0.602424,-1.690886,-9.581736,1.268321,0.050454,-1.604922,0.400000,1.000000,0.780000,0.000000,0.100000,1.268321
956,-0.615030,-1.689401,-9.597785,1.267084,0.071033,-1.351573,0.400000,1.000000,0.760000,0.000000,0.000000,1.267084
957,-0.627634,-1.687920,-9.611301,1.265987,0.084430,-1.241206,0.380000,1.000000,0.820000,0.000000,0.200000,1.265987
958,-0.640231,-1.686402,-9.623713,1.263893,0.101459,-0.894909,0.380000,1.000000,0.820000,0.000000,0.200000,1.263893
959,-0.652821,-1.684899,-9.632662,1.262042,0.113447,-0.564241,0.360000,1.000000,0.820000,0.100000,0.200000,1.262042
960,-0.665404,-1.683404,-9.638304,1.267547,0.120787,-0.250651,0.360000,1.000000,0.800000,0.000000,0.100000,1.267547
961,-0.678047,-1.681898,-9.640811,1.267074,0.121044,-0.078418,0.360000,1.000000,0.800000,0.000000,0.100000,1.267074
962,-0.690683,-1.680365,-9.641595,1.266822,0.119109,0.082584,0.360000,1.000000,0.780000,0.000000,0.100000,1.266822
963,-0.703311,-1.678803,-9.640769,1.266770,0.115229,0.232843,0.360000,1.000000,0.780000,0.000000,0.100000,1.266770
964,-0.715931,-1.677213,-9.638441,1.266889,0.109638,0.372726,0.360000,0.980000,0.760000,0.000000,0.000000,1.266889
965,-0.728544,-1.675598,-9.634713,1.267161,0.099546,0.373936,0.360000,0.960000,0.760000,0.000000,0.000000,1.267161
966,-0.741145,-1.673931,-9.630974,1.267396,0.089907,0.372757,0.340000,0.960000,0.740000,0.000000,0.000000,1.267396
967,-0.753735,-1.672217,-9.627246,1.267594,0.080738,0.369346,0.340000,0.940000,0.740000,0.000000,0.000000,1.267594
968,-0.766314,-1.670458,-9.623553,1.267755,0.072051,0.363889,0.340000,0.940000,0.720000,0.000000,0.000000,1.267755
969,-0.778884,-1.668661,-9.619914,1.267880,0.063855,0.356588,0.340000,0.920000,0.720000,0.000000,0.000000,1.267880
970,-0.791446,-1.666829,-9.616348,1.267970,0.056153,0.347658,0.340000,0.920000,0.700000,0.000000,-0.100000,1.267970
971,-0.804001,-1.664966,-9.612872,1.267594,0.046221,0.220741,0.340000,0.900000,0.700000,0.000000,-0.100000,1.267594
972,-0.816540,-1.663050,-9.610664,1.267151,0.038312,0.097673,0.340000,0.900000,0.680000,0.000000,-0.100000,1.267151
973,-0.829064,-1.661085,-9.609687,1.266666,0.032293,-0.020612,0.340000,0.880000,0.700000,0.000000,-0.100000,1.266666
974,-0.841574,-1.659073,-9.609894,1.266157,0.028020,-0.133418,0.340000,0.880000,0.700000,0.000000,-0.100000,1.266157
975,-0.854071,-1.657018,-9.611228,1.265632,0.025345,-0.240251,0.340000,0.860000,0.720000,0.000000,0.000000,1.265632
976,-0.866555,-1.654921,-9.613630,1.265434,0.027040,-0.215908,0.320000,0.860000,0.720000,0.000000,0.000000,1.265434
977,-0.879035,-1.652811,-9.615789,1.265239,0.028344,-0.192914,0.320000,0.840000,0.720000,0.000000,0.000000,1.265239
978,-0.891511,-1.650687,-9.617719,1.265048,0.029293,-0.171270,0.320000,0.840000,0.700000,0.000000,-0.100000,1.265048
979,-0.903983,-1.648549,-9.619431,1.264511,0.027024,-0.274970,0.320000,0.820000,0.700000,0.000000,-0.100000,1.264511
980,-0.916441,-1.646368,-9.622181,1.263960,0.026145,-0.372428,0.380000,0.820000,0.680000,0.000000,-0.100000,1.263960
981,-0.928887,-1.644146,-9.625905,1.263395,0.026512,-0.463492,0.300000,0.800000,0.680000,0.000000,-0.100000,1.263395
982,-0.941319,-1.641882,-9.630540,1.262809,0.027985,-0.548114,0.380000,0.800000,0.660000,0.100000,-0.100000,1.262809
983,-0.953738,-1.639576,-9.636021,1.269194,0.030433,-0.626335,0.380000,0.780000,0.660000,0.000000,-0.100000,1.269194
984,-0.966212,-1.637212,-9.642285,1.268541,0.033780,-0.698563,0.360000,0.780000,0.640000,0.000000,-0.200000,1.268541
985,-0.978671,-1.634804,-9.649270,1.267048,0.035604,-0.861274,0.360000,0.760000,0.640000,0.000000,-0.200000,1.267048
986,-0.991103,-1.632331,-9.657883,1.265493,0.039337,-1.012995,0.340000,0.760000,0.620000,0.000000,-0.200000,1.265493
987,-1.003506,-1.629790,-9.668013,1.263849,0.044762,-1.153372,0.340000,0.740000,0.620000,0.000000,-0.200000,1.263849
988,-1.015881,-1.627181,-9.679547,1.262083,0.051670,-1.282303,0.340000,0.740000,0.620000,0.100000,-0.200000,1.262083
989,-1.028224,-1.624500,-9.692370,1.267161,0.059860,-1.399905,0.320000,0.740000,0.620000,0.000000,-0.200000,1.267161
990,-1.040603,-1.621727,-9.706369,1.265049,0.069256,-1.507082,0.320000,0.720000,0.620000,0.000000,-0.200000,1.265049
991,-1.052948,-1.618877,-9.721440,1.262711,0.079583,-1.603641,0.300000,0.720000,0.600000,0.100000,-0.300000,1.262711
992,-1.065256,-1.615947,-9.737476,1.266094,0.089370,-1.746153,0.300000,0.720000,0.600000,0.000000,-0.300000,1.266094
993,-1.077578,-1.612902,-9.754938,1.262177,0.100668,-1.876307,0.280000,0.700000,0.580000,0.100000,-0.300000,1.262177
994,-1.089844,-1.609763,-9.773701,1.264911,0.113149,-1.993676,0.280000,0.700000,0.580000,0.000000,-0.300000,1.264911
995,-1.102118,-1.606501,-9.793637,1.260253,0.126787,-2.099639,0.260000,0.700000,0.600000,0.100000,-0.300000,1.260253
996,-1.114330,-1.603140,-9.814634,1.262163,0.141264,-2.194087,0.260000,0.680000,0.600000,0.100000,-0.300000,1.262163
997,-1.126542,-1.599650,-9.836575,1.263606,0.156595,-2.278666,0.240000,0.680000,0.580000,0.000000,-0.300000,1.263606
998,-1.138748,-1.596027,-9.859361,1.257550,0.172659,-2.354184,0.240000,0.680000,0.580000,0.100000,-0.300000,1.257550
999,-1.150882,-1.592299,-9.882903,1.257967,0.189156,-2.420742,0.220000,0.680000,0.580000,0.100000,-0.300000,1.257967
