step,x,y,mu,vx,vy,omega,lidar_l,lidar_c,lidar_r,throttle,steering,reward
0,-0.536051,-1.503023,1.199479,0.000000,0.000000,0.000000,0.060000,0.060000,0.060000,0.200000,-0.800000,0.000000
1,-0.536051,-1.503023,1.199479,0.014000,0.000000,0.000000,0.060000,0.060000,0.060000,0.000000,-0.800000,0.014000
2,-0.536000,-1.502893,1.199479,0.006994,-0.006805,-0.291038,0.060000,0.060000,0.060000,0.000000,-0.800000,0.006994
3,-0.535912,-1.502853,1.196568,0.007013,-0.006784,-0.291038,0.060000,0.060000,0.060000,0.000000,-0.800000,0.007013
4,-0.535823,-1.502812,1.193658,0.007033,-0.006764,-0.291038,0.060000,0.060000,0.060000,0.000000,-0.800000,0.007033
5,-0.535734,-1.502772,1.190748,0.007053,-0.006744,-0.291038,0.060000,0.060000,0.060000,0.000000,-0.800000,0.007053
6,-0.535645,-1.502731,1.187837,0.007072,-0.006723,-0.291038,0.060000,0.060000,0.060000,0.000000,-0.800000,0.007072
7,-0.535556,-1.502691,1.184927,0.007092,-0.006702,-0.291038,0.060000,0.060000,0.060000,0.000000,-0.800000,0.007092
8,-0.535468,-1.502650,1.182017,0.007111,-0.006682,-0.291038,0.060000,0.060000,0.060000,0.000000,-0.800000,0.007111
9,-0.535379,-1.502610,1.179106,0.007131,-0.006661,-0.291038,0.060000,0.060000,0.060000,0.000000,-0.800000,0.007131
10,-0.535290,-1.502569,1.176196,0.007150,-0.006640,-0.291038,0.060000,0.060000,0.060000,0.000000,-0.800000,0.007150
11,-0.535201,-1.502529,1.173285,0.007170,-0.006620,-0.291038,0.060000,0.060000,0.060000,0.000000,-0.800000,0.007170
12,-0.535112,-1.502488,1.170375,0.007189,-0.006599,-0.291038,0.060000,0.060000,0.060000,0.000000,-0.800000,0.007189
13,-0.535024,-1.502448,1.167465,0.007208,-0.006578,-0.291038,0.060000,0.060000,0.060000,0.000000,-0.800000,0.007208
14,-0.534935,-1.502407,1.164554,0.007227,-0.006557,-0.291038,0.060000,0.060000,0.060000,0.000000,-0.800000,0.007227
15,-0.534846,-1.502367,1.161644,0.007246,-0.006536,-0.291038,0.060000,0.060000,0.060000,0.000000,-0.800000,0.007246
16,-0.534757,-1.502326,1.158734,0.007265,-0.006515,-0.291038,0.060000,0.060000,0.060000,0.000000,-0.800000,0.007265
17,-0.534669,-1.502286,1.155823,0.007284,-0.006493,-0.291038,0.060000,0.060000,0.060000,0.000000,-0.800000,0.007284
18,-0.534580,-1.502245,1.152913,0.007303,-0.006472,-0.291038,0.060000,0.060000,0.060000,0.000000,-0.800000,0.007303
19,-0.534491,-1.502205,1.150002,0.007322,-0.006451,-0.291038,0.060000,0.060000,0.060000,0.000000,-0.800000,0.007322
20,-0.534402,-1.502164,1.147092,0.007341,-0.006430,-0.291038,0.060000,0.060000,0.060000,0.000000,-0.800000,0.007341
21,-0.534313,-1.502124,1.144182,0.007359,-0.006408,-0.291038,0.060000,0.060000,0.060000,0.000000,-0.800000,0.007359
22,-0.534225,-1.502083,1.141271,0.007378,-0.006387,-0.291038,0.060000,0.060000,0.060000,0.000000,-0.800000,0.007378
23,-0.534136,-1.502043,1.138361,0.007397,-0.006365,-0.291038,0.060000,0.060000,0.060000,0.000000,-0.800000,0.007397
24,-0.534047,-1.502002,1.135450,0.007415,-0.006344,-0.291038,0.060000,0.060000,0.060000,0.000000,-0.800000,0.007415
25,-0.533958,-1.501962,1.132540,0.007434,-0.006322,-0.291038,0.060000,0.060000,0.060000,0.000000,-0.800000,0.007434
26,-0.533869,-1.501922,1.129630,0.007452,-0.006301,-0.291038,0.060000,0.060000,0.060000,0.000000,-0.800000,0.007452
27,-0.533781,-1.501881,1.126719,0.007470,-0.006279,-0.291038,0.060000,0.060000,0.060000,0.000000,-0.800000,0.007470
28,-0.533692,-1.501841,1.123809,0.007489,-0.006257,-0.291038,0.060000,0.060000,0.060000,0.000000,-0.800000,0.007489
29,-0.533603,-1.501800,1.120899,0.007507,-0.006235,-0.291038,0.060000,0.060000,0.060000,0.000000,-0.800000,0.007507
30,-0.533514,-1.501760,1.117988,0.007525,-0.006214,-0.291038,0.060000,0.060000,0.060000,0.000000,-0.800000,0.007525
31,-0.533425,-1.501719,1.115078,0.007543,-0.006192,-0.291038,0.060000,0.060000,0.060000,0.000000,-0.800000,0.007543
32,-0.533337,-1.501679,1.112167,0.007561,-0.006170,-0.291038,0.060000,0.060000,0.060000,0.000000,-0.800000,0.007561
33,-0.533248,-1.501638,1.109257,0.007579,-0.006148,-0.291038,0.060000,0.060000,0.060000,0.000000,-0.800000,0.007579
34,-0.533159,-1.501598,1.106347,0.007597,-0.006126,-0.291038,0.080000,0.060000,0.060000,0.000000,-0.800000,0.007597
35,-0.533070,-1.501557,1.103436,0.007615,-0.006104,-0.291038,0.080000,0.060000,0.060000,0.000000,-0.800000,0.007615
36,-0.532981,-1.501517,1.100526,0.007633,-0.006081,-0.291038,0.080000,0.060000,0.060000,0.000000,-0.800000,0.007633
37,-0.532893,-1.501476,1.097615,0.007650,-0.006059,-0.291038,0.080000,0.060000,0.060000,0.000000,-0.800000,0.007650
38,-0.532804,-1.501436,1.094705,0.007668,-0.006037,-0.291038,0.080000,0.060000,0.060000,0.000000,-0.800000,0.007668
39,-0.532715,-1.501395,1.091795,0.007685,-0.006015,-0.291038,0.080000,0.060000,0.060000,0.000000,-0.800000,0.007685
40,-0.532626,-1.501355,1.088884,0.007703,-0.005992,-0.291038,0.080000,0.060000,0.060000,0.000000,-0.800000,0.007703
41,-0.532537,-1.501314,1.085974,0.007720,-0.005970,-0.291038,0.080000,0.060000,0.060000,0.000000,-0.800000,0.007720
42,-0.532449,-1.501274,1.083064,0.007738,-0.005947,-0.291038,0.080000,0.060000,0.060000,0.000000,-0.800000,0.007738
43,-0.532360,-1.501233,1.080153,0.007755,-0.005925,-0.291038,0.080000,0.060000,0.060000,0.000000,-0.800000,0.007755
44,-0.532271,-1.501193,1.077243,0.007772,-0.005902,-0.291038,0.080000,0.060000,0.060000,0.000000,-0.800000,0.007772
45,-0.532182,-1.501152,1.074332,0.007789,-0.005880,-0.291038,0.080000,0.060000,0.060000,0.000000,-0.800000,0.007789
46,-0.532093,-1.501112,1.071422,0.007807,-0.005857,-0.291038,0.080000,0.060000,0.060000,0.000000,-0.800000,0.007807
47,-0.532005,-1.501071,1.068512,0.007824,-0.005834,-0.291038,0.080000,0.060000,0.060000,0.000000,-0.800000,0.007824
48,-0.531916,-1.501031,1.065601,0.007841,-0.005812,-0.291038,0.080000,0.060000,0.060000,0.000000,-0.800000,0.007841
49,-0.531827,-1.500990,1.062691,0.007857,-0.005789,-0.291038,0.080000,0.060000,0.060000,0.000000,-0.800000,0.007857
50,-0.531738,-1.500950,1.059781,0.007874,-0.005766,-0.291038,0.080000,0.060000,0.060000,0.000000,-0.800000,0.007874
51,-0.531649,-1.500909,1.056870,0.007891,-0.005743,-0.291038,0.080000,0.060000,0.060000,0.000000,-0.800000,0.007891
52,-0.531561,-1.500869,1.053960,0.007908,-0.005720,-0.291038,0.080000,0.060000,0.060000,0.000000,-0.800000,0.007908
53,-0.531472,-1.500828,1.051049,0.007924,-0.005697,-0.291038,0.080000,0.060000,0.060000,0.000000,-0.800000,0.007924
54,-0.531383,-1.500788,1.048139,0.007941,-0.005674,-0.291038,0.080000,0.060000,0.060000,0.000000,-0.800000,0.007941
55,-0.531294,-1.500747,1.045229,0.007958,-0.005651,-0.291038,0.080000,0.060000,0.060000,0.000000,-0.800000,0.007958
56,-0.531205,-1.500707,1.042318,0.007974,-0.005628,-0.291038,0.080000,0.060000,0.060000,0.000000,-0.800000,0.007974
57,-0.531117,-1.500667,1.039408,0.007990,-0.005604,-0.291038,0.080000,0.060000,0.060000,0.000000,-0.800000,0.007990
58,-0.531028,-1.500626,1.036497,0.008007,-0.005581,-0.291038,0.080000,0.060000,0.060000,0.000000,-0.800000,0.008007
59,-0.530939,-1.500586,1.033587,0.008023,-0.005558,-0.291038,0.080000,0.060000,0.060000,0.000000,-0.800000,0.008023
60,-0.530850,-1.500545,1.030677,0.008039,-0.005535,-0.291038,0.080000,0.060000,0.060000,0.000000,-0.800000,0.008039
61,-0.530761,-1.500505,1.027766,0.008055,-0.005511,-0.291038,0.080000,0.060000,0.060000,0.000000,-0.800000,0.008055
62,-0.530673,-1.500464,1.024856,0.008071,-0.005488,-0.291038,0.080000,0.060000,0.060000,0.000000,-0.800000,0.008071
63,-0.530584,-1.500424,1.021946,0.008087,-0.005464,-0.291038,0.080000,0.060000,0.060000,0.000000,-0.800000,0.008087
64,-0.530495,-1.500383,1.019035,0.008103,-0.005441,-0.291038,0.080000,0.060000,0.060000,0.000000,-0.800000,0.008103
65,-0.530406,-1.500343,1.016125,0.008119,-0.005417,-0.291038,0.080000,0.060000,0.060000,0.000000,-0.800000,0.008119
66,-0.530317,-1.500302,1.013214,0.008135,-0.005393,-0.291038,0.080000,0.060000,0.060000,0.000000,-0.800000,0.008135
67,-0.530229,-1.500262,1.010304,0.008150,-0.005370,-0.291038,0.080000,0.060000,0.060000,0.000000,-0.800000,0.008150
68,-0.530140,-1.500221,1.007394,0.008166,-0.005346,-0.291038,0.080000,0.060000,0.060000,0.000000,-0.800000,0.008166
69,-0.530051,-1.500181,1.004483,0.008181,-0.005322,-0.291038,0.080000,0.060000,0.060000,0.000000,-0.800000,0.008181
70,-0.529962,-1.500140,1.001573,0.008197,-0.005298,-0.291038,0.080000,0.060000,0.060000,0.000000,-0.800000,0.008197
71,-0.529873,-1.500100,0.998662,0.008212,-0.005275,-0.291038,0.080000,0.060000,0.060000,0.000000,-0.800000,0.008212
72,-0.529784,-1.500059,0.995752,0.008228,-0.005251,-0.291038,0.080000,0.060000,0.060000,0.000000,-0.800000,0.008228
73,-0.529696,-1.500019,0.992842,0.008243,-0.005227,-0.291038,0.080000,0.060000,0.060000,0.000000,-0.800000,0.008243
74,-0.529607,-1.499978,0.989931,0.008258,-0.005203,-0.291038,0.080000,0.060000,0.060000,0.200000,-0.800000,0.008258
75,-0.529518,-1.499938,0.987021,0.022273,-0.005179,-0.291038,0.080000,0.060000,0.060000,0.200000,-0.800000,0.022273
76,-0.529352,-1.499780,0.984111,0.031711,-0.014956,-0.218493,0.080000,0.060000,0.060000,0.200000,-0.800000,0.031711
77,-0.529052,-1.499599,0.981926,0.041728,-0.012722,-0.680496,0.080000,0.060000,0.060000,0.200000,-0.800000,0.041728
78,-0.528714,-1.499323,0.975121,0.052929,-0.021162,-0.512186,0.080000,0.060000,0.060000,0.200000,-0.800000,0.052929
79,-0.528242,-1.499003,0.969999,0.063110,-0.022070,-0.803511,0.080000,0.060000,0.060000,0.200000,-0.800000,0.063110
80,-0.527703,-1.498608,0.961964,0.073757,-0.027321,-0.836758,0.080000,0.060000,0.060000,0.200000,-0.800000,0.073757
81,-0.527058,-1.498159,0.953596,0.084251,-0.030466,-0.985261,0.080000,0.060000,0.040000,0.200000,-0.800000,0.084251
82,-0.526321,-1.497648,0.943743,0.094831,-0.034078,-1.099460,0.080000,0.060000,0.040000,0.000000,-0.800000,0.094831
83,-0.525489,-1.497080,0.932749,0.091431,-0.037493,-1.217609,0.080000,0.060000,0.040000,0.000000,-0.800000,0.091431
84,-0.524643,-1.496569,0.920573,0.089211,-0.039979,-1.280088,0.080000,0.060000,0.040000,0.000000,-0.800000,0.089211
85,-0.523785,-1.496101,0.907772,0.087833,-0.041536,-1.316439,0.080000,0.060000,0.040000,0.000000,-0.800000,0.087833
86,-0.522917,-1.495664,0.894608,0.086998,-0.042463,-1.337801,0.080000,0.060000,0.040000,0.000000,-0.800000,0.086998
87,-0.522041,-1.495252,0.881230,0.086491,-0.043003,-1.350234,0.080000,0.060000,0.040000,0.000000,-0.800000,0.086491
88,-0.521159,-1.494858,0.867727,0.086180,-0.043315,-1.357361,0.080000,0.060000,0.040000,0.000000,-0.800000,0.086180
89,-0.520272,-1.494480,0.854154,0.085985,-0.043491,-1.361352,0.080000,0.060000,0.040000,0.000000,-0.800000,0.085985
90,-0.519379,-1.494118,0.840540,0.085857,-0.043589,-1.363498,0.080000,0.060000,0.040000,0.000000,-0.800000,0.085857
91,-0.518482,-1.493769,0.826905,0.085769,-0.043640,-1.364561,0.080000,0.060000,0.040000,0.000000,-0.800000,0.085769
92,-0.517580,-1.493433,0.813259,0.085704,-0.043664,-1.364989,0.080000,0.060000,0.040000,0.000000,-0.800000,0.085704
93,-0.516674,-1.493111,0.799610,0.085653,-0.043673,-1.365045,0.080000,0.060000,0.040000,0.000000,-0.800000,0.085653
94,-0.515763,-1.492801,0.785959,0.085610,-0.043672,-1.364884,0.100000,0.060000,0.040000,0.000000,-0.800000,0.085610
95,-0.514849,-1.492504,0.772310,0.085572,-0.043665,-1.364597,0.100000,0.060000,0.040000,0.000000,-0.800000,0.085572
96,-0.513932,-1.492219,0.758664,0.085537,-0.043656,-1.364235,0.100000,0.060000,0.040000,0.000000,-0.800000,0.085537
97,-0.513011,-1.491948,0.745022,0.085503,-0.043645,-1.363830,0.100000,0.060000,0.040000,0.000000,-0.800000,0.085503
98,-0.512086,-1.491689,0.731384,0.085470,-0.043632,-1.363400,0.100000,0.060000,0.040000,0.000000,-0.800000,0.085470
99,-0.511159,-1.491443,0.717750,0.085438,-0.043619,-1.362957,0.100000,0.060000,0.040000,0.000000,-0.800000,0.085438
100,-0.510228,-1.491210,0.704120,0.085406,-0.043606,-1.362505,0.100000,0.060000,0.040000,0.000000,-0.800000,0.085406
101,-0.509295,-1.490989,0.690495,0.085374,-0.043592,-1.362048,0.100000,0.060000,0.040000,0.000000,-0.800000,0.085374
102,-0.508359,-1.490781,0.676875,0.085343,-0.043579,-1.361589,0.120000,0.060000,0.040000,0.000000,-0.800000,0.085343
103,-0.507421,-1.490586,0.663259,0.085311,-0.043565,-1.361129,0.120000,0.060000,0.040000,0.000000,-0.800000,0.085311
104,-0.506480,-1.490404,0.649647,0.085280,-0.043551,-1.360669,0.120000,0.060000,0.040000,0.000000,-0.800000,0.085280
105,-0.505538,-1.490235,0.636041,0.085249,-0.043538,-1.360209,0.120000,0.060000,0.040000,0.000000,-0.800000,0.085249
106,-0.504593,-1.490079,0.622439,0.085218,-0.043524,-1.359749,0.120000,0.060000,0.040000,0.000000,-0.800000,0.085218
107,-0.503647,-1.489936,0.608841,0.085186,-0.043510,-1.359289,0.140000,0.060000,0.040000,0.000000,-0.800000,0.085186
108,-0.502700,-1.489806,0.595248,0.085155,-0.043496,-1.358830,0.140000,0.060000,0.040000,0.000000,-0.800000,0.085155
109,-0.501751,-1.489688,0.581660,0.085124,-0.043483,-1.358372,0.140000,0.060000,0.040000,0.000000,-0.800000,0.085124
110,-0.500801,-1.489584,0.568076,0.085093,-0.043469,-1.357914,0.160000,0.060000,0.040000,0.000000,-0.800000,0.085093
111,-0.499849,-1.489493,0.554497,0.085062,-0.043455,-1.357456,0.160000,0.080000,0.060000,0.000000,-0.800000,0.085062
112,-0.498897,-1.489414,0.540922,0.085031,-0.043442,-1.357000,0.180000,0.080000,0.060000,0.000000,-0.800000,0.085031
113,-0.497945,-1.489349,0.527353,0.085001,-0.043428,-1.356543,0.180000,0.080000,0.060000,0.000000,-0.800000,0.085001
114,-0.496992,-1.489296,0.513787,0.084970,-0.043415,-1.356088,0.200000,0.080000,0.060000,0.000000,-0.800000,0.084970
115,-0.496038,-1.489257,0.500226,0.084939,-0.043401,-1.355633,0.220000,0.080000,0.060000,0.000000,-0.800000,0.084939
116,-0.495085,-1.489230,0.486670,0.084908,-0.043387,-1.355179,0.240000,0.080000,0.060000,0.200000,-0.800000,0.084908
117,-0.494132,-1.489217,0.473118,0.098878,-0.043374,-1.354725,0.260000,0.080000,0.060000,0.200000,-0.800000,0.098878
118,-0.493054,-1.489152,0.459571,0.111246,-0.044649,-1.424450,0.300000,0.080000,0.060000,0.200000,-0.800000,0.111246
119,-0.491859,-1.489059,0.445326,0.122938,-0.046647,-1.511504,0.340000,0.080000,0.060000,0.200000,-0.800000,0.122938
120,-0.490548,-1.488950,0.430211,0.134294,-0.048936,-1.606948,0.400000,0.080000,0.060000,0.200000,-0.800000,0.134294
121,-0.489124,-1.488835,0.414142,0.145470,-0.051320,-1.706411,0.480000,0.080000,0.060000,0.200000,-0.800000,0.145470
122,-0.487585,-1.488719,0.397078,0.156543,-0.053693,-1.807554,0.660000,0.100000,0.060000,0.200000,-0.800000,0.156543
123,-0.485934,-1.488609,0.379002,0.167559,-0.055992,-1.908990,1.000000,0.100000,0.060000,0.200000,-0.800000,0.167559
124,-0.484170,-1.488509,0.359912,0.178542,-0.058173,-2.009819,1.000000,0.100000,0.060000,0.200000,-0.800000,0.178542
125,-0.482294,-1.488425,0.339814,0.189506,-0.060206,-2.109417,1.000000,0.100000,0.060000,0.200000,-0.800000,0.189506
126,-0.480307,-1.488361,0.318720,0.200460,-0.062068,-2.207320,1.000000,0.100000,0.060000,0.200000,-0.800000,0.200460
127,-0.478209,-1.488322,0.296647,0.211406,-0.063738,-2.303168,1.000000,0.120000,0.060000,0.200000,-0.800000,0.211406
128,-0.476001,-1.488314,0.273615,0.222347,-0.065203,-2.396665,1.000000,0.120000,0.060000,0.200000,-0.800000,0.222347
129,-0.473684,-1.488341,0.249648,0.233279,-0.066447,-2.487563,1.000000,0.140000,0.060000,0.200000,-0.800000,0.233279
130,-0.471259,-1.488408,0.224773,0.244201,-0.067460,-2.575644,1.000000,0.140000,0.060000,0.200000,-0.800000,0.244201
131,-0.468728,-1.488522,0.199016,0.255106,-0.068230,-2.660716,1.000000,0.160000,0.060000,0.200000,-0.800000,0.255106
132,-0.466093,-1.488686,0.172409,0.265990,-0.068748,-2.742608,1.000000,0.200000,0.080000,0.400000,-0.800000,0.265990
133,-0.463354,-1.488907,0.144983,0.290846,-0.069006,-2.821165,1.000000,0.220000,0.080000,0.400000,-0.800000,0.290846
134,-0.460377,-1.489170,0.116771,0.315474,-0.068664,-2.910164,1.000000,0.280000,0.080000,0.400000,-0.800000,0.315474
135,-0.457163,-1.489484,0.087670,0.339929,-0.067679,-3.002800,1.000000,0.380000,0.080000,0.400000,-0.800000,0.339929
136,-0.453718,-1.489861,0.057642,0.364235,-0.066008,-3.095029,1.000000,0.560000,0.100000,0.400000,-0.800000,0.364235
137,-0.450044,-1.490310,0.026691,0.388396,-0.063612,-3.184299,1.000000,1.000000,0.100000,0.200000,-0.800000,0.388396
138,-0.446144,-1.490842,-0.005152,0.398405,-0.060460,-3.268930,1.000000,1.000000,0.100000,0.200000,-0.600000,0.398405
139,-0.442163,-1.491467,-0.037841,0.410993,-0.056078,-3.299429,0.980000,1.000000,0.120000,0.200000,-0.600000,0.410993
140,-0.438077,-1.492183,-0.070835,0.423274,-0.051662,-3.329576,0.900000,1.000000,0.140000,0.200000,-0.800000,0.423274
141,-0.433892,-1.492998,-0.104131,0.432745,-0.047788,-3.385748,0.840000,1.000000,0.160000,0.200000,-0.800000,0.432745
142,-0.429637,-1.493923,-0.137988,0.442063,-0.043640,-3.432597,0.780000,1.000000,0.180000,0.200000,-0.800000,0.442063
143,-0.425319,-1.494963,-0.172314,0.451209,-0.039233,-3.471177,0.740000,1.000000,0.220000,0.200000,-0.800000,0.451209
144,-0.420941,-1.496124,-0.207026,0.460169,-0.034581,-3.502342,0.700000,1.000000,0.280000,0.200000,-0.600000,0.460169
145,-0.416508,-1.497408,-0.242049,0.471247,-0.029467,-3.516769,0.660000,1.000000,0.360000,0.200000,-0.600000,0.471247
146,-0.412004,-1.498824,-0.277217,0.482040,-0.024204,-3.531013,0.620000,1.000000,0.560000,0.200000,-0.600000,0.482040
147,-0.407434,-1.500376,-0.312527,0.492551,-0.018777,-3.544688,0.600000,1.000000,1.000000,0.000000,-0.600000,0.492551
148,-0.402805,-1.502069,-0.347974,0.488780,-0.013180,-3.557501,0.560000,1.000000,1.000000,0.000000,-0.600000,0.488780
149,-0.398255,-1.503859,-0.383549,0.484765,-0.007946,-3.562491,0.540000,0.960000,1.000000,0.200000,-0.600000,0.484765
150,-0.393789,-1.505747,-0.419174,0.494520,-0.003089,-3.561016,0.520000,0.880000,1.000000,0.200000,-0.600000,0.494520
151,-0.389285,-1.507788,-0.454784,0.504027,0.001929,-3.560529,0.500000,0.820000,1.000000,0.200000,-0.600000,0.504027
152,-0.384748,-1.509985,-0.490390,0.513288,0.007110,-3.560580,0.480000,0.760000,1.000000,0.400000,-0.600000,0.513288
153,-0.380187,-1.512339,-0.525995,0.536302,0.012455,-3.560807,0.460000,0.700000,1.000000,0.200000,-0.600000,0.536302
154,-0.375486,-1.514924,-0.561603,0.545048,0.018515,-3.566046,0.460000,0.660000,1.000000,0.200000,-0.600000,0.545048
155,-0.370774,-1.517670,-0.597264,0.553522,0.024743,-3.570032,0.440000,0.620000,1.000000,0.200000,-0.600000,0.553522
156,-0.366058,-1.520579,-0.632964,0.561723,0.031131,-3.572699,0.420000,0.600000,1.000000,0.200000,-0.600000,0.561723
157,-0.361345,-1.523650,-0.668691,0.569648,0.037670,-3.574005,0.420000,0.560000,1.000000,0.200000,-0.600000,0.569648
158,-0.356642,-1.526886,-0.704431,0.577294,0.044352,-3.573925,0.400000,0.540000,0.980000,0.200000,-0.600000,0.577294
159,-0.351956,-1.530287,-0.740170,0.584660,0.051166,-3.572452,0.380000,0.500000,0.900000,0.200000,-0.600000,0.584660
160,-0.347294,-1.533852,-0.775895,0.591744,0.058101,-3.569591,0.380000,0.480000,0.820000,0.200000,-0.600000,0.591744
161,-0.342663,-1.537582,-0.811591,0.598545,0.065146,-3.565357,0.360000,0.460000,0.740000,0.200000,-0.600000,0.598545
162,-0.338070,-1.541475,-0.847244,0.605064,0.072288,-3.559774,0.360000,0.440000,0.700000,0.200000,-0.600000,0.605064
163,-0.333523,-1.545531,-0.882842,0.611300,0.079516,-3.552873,0.360000,0.420000,0.640000,0.200000,-0.600000,0.611300
164,-0.329027,-1.549749,-0.918371,0.617253,0.086816,-3.544690,0.340000,0.420000,0.600000,0.200000,-0.600000,0.617253
165,-0.324590,-1.554127,-0.953818,0.622927,0.094175,-3.535265,0.340000,0.400000,0.560000,0.200000,-0.600000,0.622927
166,-0.320217,-1.558663,-0.989171,0.628322,0.101582,-3.524641,0.340000,0.380000,0.540000,0.000000,-0.600000,0.628322
167,-0.315917,-1.563355,-1.024417,0.619441,0.109022,-3.512865,0.320000,0.380000,0.500000,0.000000,-0.600000,0.619441
168,-0.311767,-1.568081,-1.059546,0.610288,0.115944,-3.497711,0.320000,0.360000,0.480000,0.000000,-0.600000,0.610288
169,-0.307770,-1.572836,-1.094523,0.600890,0.122333,-3.479663,0.320000,0.340000,0.460000,0.000000,-0.600000,0.600890
170,-0.303927,-1.577615,-1.129319,0.591272,0.128181,-3.459129,0.300000,0.340000,0.440000,0.000000,-0.600000,0.591272
171,-0.300242,-1.582413,-1.163911,0.581460,0.133480,-3.436454,0.300000,0.340000,0.420000,0.000000,-0.600000,0.581460
172,-0.296715,-1.587225,-1.198275,0.571479,0.138225,-3.411931,0.300000,0.320000,0.400000,0.000000,-0.600000,0.571479
173,-0.293348,-1.592045,-1.232394,0.561355,0.142414,-3.385809,0.300000,0.320000,0.380000,0.000000,-0.600000,0.561355
174,-0.290141,-1.596867,-1.266253,0.551114,0.146045,-3.358300,0.300000,0.300000,0.360000,0.000000,-0.600000,0.551114
175,-0.287095,-1.601687,-1.299836,0.540778,0.149119,-3.329583,0.280000,0.300000,0.360000,0.000000,-0.600000,0.540778
176,-0.284211,-1.606498,-1.333131,0.530372,0.151640,-3.299813,0.280000,0.300000,0.340000,0.000000,-0.600000,0.530372
177,-0.281488,-1.611296,-1.366129,0.519919,0.153611,-3.269121,0.280000,0.280000,0.320000,-0.200000,-0.600000,0.519919
178,-0.278928,-1.616074,-1.398821,0.495440,0.155037,-3.237620,0.280000,0.280000,0.320000,-0.200000,-0.600000,0.495440
179,-0.276552,-1.620690,-1.431197,0.470954,0.155437,-3.204202,0.280000,0.280000,0.300000,-0.200000,-0.600000,0.470954
180,-0.274358,-1.625138,-1.463239,0.446500,0.154826,-3.169143,0.280000,0.280000,0.300000,-0.200000,-0.600000,0.446500
181,-0.272339,-1.629411,-1.494930,0.422113,0.153224,-3.132661,0.280000,0.260000,0.300000,-0.200000,-0.600000,0.422113
182,-0.270491,-1.633503,-1.526257,0.397828,0.150652,-3.094930,0.280000,0.260000,0.280000,-0.200000,-0.600000,0.397828
183,-0.268809,-1.637411,-1.557206,0.373678,0.147132,-3.056081,0.280000,0.260000,0.280000,-0.200000,-0.600000,0.373678
184,-0.267287,-1.641127,-1.587767,0.349692,0.142690,-3.016205,0.280000,0.260000,0.280000,-0.200000,-0.600000,0.349692
185,-0.265920,-1.644648,-1.617929,0.325899,0.137352,-2.975351,0.280000,0.260000,0.260000,-0.200000,-0.600000,0.325899
186,-0.264701,-1.647968,-1.647683,0.302325,0.131146,-2.933527,0.280000,0.260000,0.260000,0.200000,-0.600000,0.302325
187,-0.263626,-1.651083,-1.677018,0.306996,0.124102,-2.890687,0.280000,0.260000,0.260000,0.200000,-0.600000,0.306996
188,-0.262718,-1.654267,-1.705925,0.311947,0.117114,-2.847555,0.280000,0.240000,0.260000,0.000000,-0.600000,0.311947
189,-0.261977,-1.657516,-1.734400,0.303173,0.110192,-2.804300,0.280000,0.240000,0.240000,0.000000,-0.600000,0.303173
190,-0.261384,-1.660687,-1.762443,0.294661,0.102921,-2.760219,0.280000,0.240000,0.240000,0.000000,-0.600000,0.294661
191,-0.260935,-1.663775,-1.790046,0.286421,0.095323,-2.715164,0.280000,0.240000,0.240000,0.000000,-0.600000,0.286421
192,-0.260627,-1.666778,-1.817197,0.278462,0.087419,-2.668963,0.280000,0.240000,0.240000,0.000000,-0.600000,0.278462
193,-0.260459,-1.669692,-1.843887,0.270791,0.079233,-2.621405,0.280000,0.240000,0.240000,0.000000,-0.600000,0.270791
194,-0.260426,-1.672513,-1.870101,0.263417,0.070793,-2.572247,0.280000,0.240000,0.240000,0.000000,-0.600000,0.263417
195,-0.260526,-1.675239,-1.895823,0.256350,0.062128,-2.521205,0.300000,0.240000,0.220000,0.200000,-0.600000,0.256350
196,-0.260756,-1.677867,-1.921035,0.263599,0.053274,-2.467965,0.300000,0.240000,0.220000,0.200000,-0.600000,0.263599
197,-0.261160,-1.680526,-1.945715,0.271164,0.044659,-2.415581,0.300000,0.240000,0.220000,0.200000,-0.600000,0.271164
198,-0.261738,-1.683212,-1.969871,0.279031,0.036320,-2.365583,0.300000,0.240000,0.220000,0.200000,-0.600000,0.279031
199,-0.262487,-1.685925,-1.993527,0.287185,0.028305,-2.319868,0.300000,0.240000,0.220000,0.200000,-0.600000,0.287185
200,-0.263407,-1.688660,-2.016725,0.295608,0.020668,-2.280609,0.300000,0.240000,0.220000,0.200000,-0.600000,0.295608
201,-0.264496,-1.691416,-2.039531,0.304283,0.013471,-2.250077,0.320000,0.240000,0.220000,0.200000,-0.600000,0.304283
202,-0.265750,-1.694191,-2.062032,0.313189,0.006778,-2.230350,0.320000,0.240000,0.220000,0.200000,-0.600000,0.313189
203,-0.267168,-1.696985,-2.084336,0.322308,0.000647,-2.222989,0.320000,0.240000,0.220000,0.000000,-0.600000,0.322308
204,-0.268746,-1.699795,-2.106566,0.317622,-0.004874,-2.228755,0.320000,0.240000,0.220000,0.000000,-0.600000,0.317622
205,-0.270409,-1.702502,-2.128853,0.313159,-0.010142,-2.237746,0.340000,0.240000,0.220000,0.000000,-0.600000,0.313159
206,-0.272153,-1.705104,-2.151231,0.308923,-0.015121,-2.249770,0.340000,0.240000,0.220000,0.000000,-0.600000,0.308923
207,-0.273974,-1.707605,-2.173728,0.304916,-0.019785,-2.264486,0.340000,0.240000,0.220000,0.000000,-0.600000,0.304916
208,-0.275866,-1.710004,-2.196373,0.301140,-0.024111,-2.281418,0.360000,0.240000,0.200000,0.000000,-0.600000,0.301140
209,-0.277825,-1.712304,-2.219187,0.297594,-0.028086,-2.299976,0.360000,0.240000,0.200000,0.000000,-0.600000,0.297594
210,-0.279846,-1.714506,-2.242187,0.294276,-0.031705,-2.319507,0.380000,0.260000,0.200000,0.000000,-0.600000,0.294276
211,-0.281925,-1.716613,-2.265382,0.291181,-0.034970,-2.339341,0.380000,0.260000,0.200000,0.000000,-0.600000,0.291181
212,-0.284057,-1.718627,-2.288776,0.288302,-0.037891,-2.358845,0.400000,0.260000,0.200000,0.000000,-0.600000,0.288302
213,-0.286239,-1.720549,-2.312364,0.285629,-0.040484,-2.377463,0.400000,0.260000,0.200000,0.000000,-0.600000,0.285629
214,-0.288467,-1.722382,-2.336139,0.283150,-0.042769,-2.394746,0.420000,0.260000,0.200000,0.000000,-0.600000,0.283150
215,-0.290737,-1.724127,-2.360086,0.280853,-0.044770,-2.410366,0.440000,0.260000,0.200000,0.000000,-0.600000,0.280853
216,-0.293046,-1.725788,-2.384190,0.278723,-0.046512,-2.424113,0.460000,0.280000,0.220000,0.000000,-0.600000,0.278723
217,-0.295391,-1.727364,-2.408431,0.276746,-0.048021,-2.435886,0.480000,0.280000,0.220000,0.000000,-0.600000,0.276746
218,-0.297768,-1.728860,-2.432790,0.274907,-0.049323,-2.445674,0.520000,0.280000,0.220000,0.200000,-0.600000,0.274907
219,-0.300176,-1.730275,-2.457246,0.287192,-0.050443,-2.453536,0.540000,0.280000,0.220000,0.200000,-0.600000,0.287192
220,-0.302721,-1.731699,-2.481782,0.299367,-0.051235,-2.480463,0.580000,0.300000,0.220000,0.200000,-0.600000,0.299367
221,-0.305400,-1.733130,-2.506586,0.311458,-0.051708,-2.520015,0.620000,0.300000,0.220000,0.200000,-0.600000,0.311458
222,-0.308214,-1.734561,-2.531787,0.323479,-0.051871,-2.567694,0.680000,0.320000,0.220000,0.200000,-0.600000,0.323479
223,-0.311163,-1.735988,-2.557464,0.335435,-0.051730,-2.620376,0.740000,0.320000,0.220000,0.200000,-0.600000,0.335435
224,-0.314246,-1.737407,-2.583667,0.347325,-0.051288,-2.675880,0.740000,0.340000,0.220000,0.200000,-0.600000,0.347325
225,-0.317465,-1.738810,-2.610426,0.359148,-0.050548,-2.732666,0.720000,0.340000,0.220000,0.200000,-0.600000,0.359148
226,-0.320817,-1.740194,-2.637753,0.370897,-0.049508,-2.789640,0.840000,0.360000,0.240000,0.400000,-0.600000,0.370897
227,-0.324304,-1.741551,-2.665649,0.396564,-0.048170,-2.846009,1.000000,0.380000,0.240000,0.400000,-0.600000,0.396564
228,-0.328050,-1.742940,-2.694109,0.422047,-0.046160,-2.912323,1.000000,0.400000,0.240000,0.400000,-0.600000,0.422047
229,-0.332055,-1.744350,-2.723233,0.447356,-0.043438,-2.984030,1.000000,0.420000,0.240000,0.400000,-0.600000,0.447356
230,-0.336319,-1.745770,-2.753073,0.472485,-0.039965,-3.057983,1.000000,0.440000,0.260000,0.400000,-0.600000,0.472485
231,-0.340843,-1.747190,-2.783653,0.497422,-0.035712,-3.131955,1.000000,0.480000,0.260000,0.400000,-0.600000,0.497422
232,-0.345627,-1.748598,-2.814972,0.522147,-0.030654,-3.204349,1.000000,0.520000,0.260000,0.200000,-0.600000,0.522147
233,-0.350671,-1.749983,-2.847016,0.532635,-0.024769,-3.274008,1.000000,0.560000,0.280000,0.200000,-0.600000,0.532635
234,-0.355840,-1.751293,-2.879756,0.542889,-0.018545,-3.334057,1.000000,0.620000,0.280000,0.200000,-0.600000,0.542889
235,-0.361131,-1.752519,-2.913096,0.552887,-0.012003,-3.385729,1.000000,0.700000,0.300000,0.200000,-0.600000,0.552887
236,-0.366544,-1.753654,-2.946954,0.562610,-0.005162,-3.430029,1.000000,0.680000,0.320000,0.200000,-0.600000,0.562610
237,-0.372074,-1.754692,-2.981254,0.572044,0.001960,-3.467789,1.000000,0.740000,0.340000,0.200000,-0.600000,0.572044
238,-0.377718,-1.755624,-3.015932,0.581174,0.009343,-3.499706,1.000000,0.940000,0.360000,0.200000,-0.600000,0.581174
239,-0.383472,-1.756446,-3.050929,0.589990,0.016969,-3.526370,1.000000,0.940000,0.380000,0.200000,-0.600000,0.589990
240,-0.389332,-1.757149,-3.086193,0.598480,0.024819,-3.548286,1.000000,1.000000,0.400000,0.200000,-0.600000,0.598480
241,-0.395294,-1.757728,-3.121675,0.606637,0.032874,-3.565890,1.000000,1.000000,0.440000,0.200000,-0.600000,0.606637
242,-0.401353,-1.758177,-3.157334,0.614455,0.041115,-3.579565,0.700000,1.000000,0.480000,0.200000,-0.600000,0.614455
243,-0.407503,-1.758492,-3.193130,0.621929,0.049524,-3.589648,0.640000,1.000000,0.540000,0.200000,-0.400000,0.621929
244,-0.413739,-1.758666,-3.229026,0.631280,0.058770,-3.566950,0.600000,1.000000,0.600000,0.200000,-0.600000,0.631280
245,-0.420079,-1.758700,-3.264696,0.638039,0.067354,-3.571863,0.560000,1.000000,0.660000,0.200000,-0.400000,0.638039
246,-0.426494,-1.758585,-3.300415,0.646615,0.076521,-3.553958,0.520000,1.000000,0.640000,0.400000,-0.400000,0.646615
247,-0.433000,-1.758318,-3.335954,0.668811,0.085636,-3.538596,0.480000,1.000000,0.740000,0.200000,-0.400000,0.668811
248,-0.439728,-1.757867,-3.371340,0.676632,0.095268,-3.528196,0.460000,1.000000,0.900000,0.200000,-0.400000,0.676632
249,-0.446533,-1.757253,-3.406622,0.684067,0.104892,-3.519180,0.440000,1.000000,0.900000,0.200000,-0.400000,0.684067
250,-0.453410,-1.756474,-3.441814,0.691122,0.114519,-3.511308,0.420000,1.000000,0.960000,0.200000,-0.400000,0.691122
251,-0.460350,-1.755524,-3.476927,0.697800,0.124160,-3.504388,0.400000,1.000000,1.000000,0.200000,-0.400000,0.697800
252,-0.467348,-1.754400,-3.511971,0.704106,0.133819,-3.498265,0.380000,0.800000,1.000000,0.200000,-0.400000,0.704106
253,-0.474396,-1.753099,-3.546953,0.710044,0.143500,-3.492810,0.360000,0.620000,1.000000,0.200000,-0.400000,0.710044
254,-0.481487,-1.751617,-3.581882,0.715614,0.153206,-3.487919,0.340000,0.580000,1.000000,0.000000,-0.400000,0.715614
255,-0.488614,-1.749953,-3.616761,0.706820,0.162938,-3.483507,0.340000,0.540000,1.000000,0.200000,-0.400000,0.706820
256,-0.495644,-1.748169,-3.651596,0.711661,0.172161,-3.478097,0.320000,0.500000,1.000000,0.200000,-0.400000,0.711661
257,-0.502696,-1.746197,-3.686377,0.716163,0.181405,-3.473186,0.320000,0.460000,1.000000,0.200000,-0.400000,0.716163
258,-0.509761,-1.744037,-3.721109,0.720327,0.190668,-3.468711,0.300000,0.440000,1.000000,0.200000,-0.400000,0.720327
259,-0.516832,-1.741688,-3.755796,0.724153,0.199948,-3.464621,0.300000,0.420000,1.000000,0.200000,-0.400000,0.724153
260,-0.523902,-1.739148,-3.790442,0.727643,0.209240,-3.460872,0.280000,0.400000,1.000000,0.200000,-0.400000,0.727643
261,-0.530965,-1.736419,-3.825051,0.730799,0.218542,-3.457430,0.280000,0.380000,1.000000,0.000000,-0.400000,0.730799
262,-0.538011,-1.733498,-3.859625,0.719620,0.227848,-3.454264,0.260000,0.360000,1.000000,0.000000,-0.400000,0.719620
263,-0.544930,-1.730480,-3.894168,0.708105,0.236633,-3.450601,0.260000,0.340000,0.580000,0.200000,-0.600000,0.708105
264,-0.551716,-1.727367,-3.928674,0.708390,0.245407,-3.424593,0.260000,0.320000,0.540000,0.000000,-0.400000,0.708390
265,-0.558455,-1.724082,-3.962920,0.696305,0.253427,-3.421058,0.240000,0.300000,0.500000,0.000000,-0.600000,0.696305
266,-0.565053,-1.720711,-3.997130,0.682066,0.261492,-3.393034,0.240000,0.300000,0.460000,0.000000,-0.600000,0.682066
267,-0.571501,-1.717277,-4.031061,0.667614,0.268823,-3.363800,0.240000,0.280000,0.420000,0.000000,-0.600000,0.667614
268,-0.577793,-1.713785,-4.064699,0.652984,0.275419,-3.333541,0.240000,0.280000,0.400000,0.000000,-0.600000,0.652984
269,-0.583930,-1.710239,-4.098034,0.638209,0.281282,-3.302416,0.220000,0.260000,0.380000,0.000000,-0.600000,0.638209
270,-0.589907,-1.706645,-4.131058,0.623318,0.286417,-3.270559,0.220000,0.260000,0.360000,0.000000,-0.600000,0.623318
271,-0.595723,-1.703009,-4.163764,0.608343,0.290827,-3.238084,0.220000,0.240000,0.340000,0.000000,-0.600000,0.608343
272,-0.601377,-1.699335,-4.196145,0.593313,0.294521,-3.205087,0.220000,0.240000,0.320000,0.000000,-0.600000,0.593313
273,-0.606868,-1.695629,-4.228195,0.578256,0.297506,-3.171652,0.200000,0.240000,0.300000,0.000000,-0.600000,0.578256
274,-0.612192,-1.691896,-4.259912,0.563198,0.299792,-3.137850,0.200000,0.220000,0.280000,-0.200000,-0.600000,0.563198
275,-0.617351,-1.688141,-4.291290,0.534166,0.301389,-3.103740,0.200000,0.220000,0.280000,-0.200000,-0.600000,0.534166
276,-0.622285,-1.684498,-4.322328,0.505182,0.301862,-3.069108,0.200000,0.220000,0.260000,-0.200000,-0.600000,0.505182
277,-0.626998,-1.680974,-4.353019,0.476283,0.301233,-3.034098,0.200000,0.200000,0.260000,-0.200000,-0.600000,0.476283
278,-0.631493,-1.677574,-4.383360,0.447505,0.299529,-2.998835,0.200000,0.200000,0.240000,-0.200000,-0.600000,0.447505
279,-0.635773,-1.674307,-4.413348,0.418880,0.296775,-2.963428,0.180000,0.200000,0.240000,-0.200000,-0.600000,0.418880
280,-0.639843,-1.671179,-4.442983,0.390441,0.292998,-2.927969,0.180000,0.200000,0.220000,-0.200000,-0.600000,0.390441
281,-0.643707,-1.668195,-4.472262,0.362214,0.288229,-2.892542,0.180000,0.180000,0.220000,-0.200000,-0.600000,0.362214
282,-0.647368,-1.665362,-4.501188,0.334227,0.282495,-2.857222,0.180000,0.180000,0.220000,-0.200000,-0.600000,0.334227
283,-0.650831,-1.662686,-4.529760,0.306504,0.275826,-2.822076,0.180000,0.180000,0.200000,0.000000,-0.600000,0.306504
284,-0.654100,-1.660173,-4.557981,0.293065,0.268253,-2.787166,0.180000,0.180000,0.200000,0.000000,-0.600000,0.293065
285,-0.657201,-1.657690,-4.585852,0.279935,0.260199,-2.752315,0.180000,0.180000,0.200000,0.000000,-0.600000,0.279935
286,-0.660136,-1.655241,-4.613375,0.267119,0.251680,-2.717518,0.180000,0.180000,0.200000,0.000000,-0.600000,0.267119
287,-0.662904,-1.652832,-4.640551,0.254626,0.242716,-2.682766,0.180000,0.180000,0.180000,0.000000,-0.600000,0.254626
288,-0.665508,-1.650467,-4.667378,0.242462,0.233325,-2.648051,0.180000,0.180000,0.180000,0.000000,-0.600000,0.242462
289,-0.667948,-1.648149,-4.693859,0.230631,0.223524,-2.613360,0.180000,0.160000,0.180000,0.000000,-0.600000,0.230631
290,-0.670225,-1.645885,-4.719992,0.219138,0.213331,-2.578678,0.180000,0.160000,0.180000,0.000000,-0.600000,0.219138
291,-0.672342,-1.643677,-4.745779,0.207987,0.202764,-2.543984,0.180000,0.160000,0.180000,0.000000,-0.600000,0.207987
292,-0.674299,-1.641531,-4.771219,0.197180,0.191839,-2.509252,0.180000,0.160000,0.160000,0.000000,-0.600000,0.197180
293,-0.676098,-1.639450,-4.796311,0.186720,0.180574,-2.474447,0.180000,0.160000,0.160000,0.000000,-0.600000,0.186720
294,-0.677741,-1.637438,-4.821056,0.176608,0.168985,-2.439520,0.180000,0.160000,0.160000,0.000000,-0.600000,0.176608
295,-0.679229,-1.635499,-4.845451,0.166845,0.157090,-2.404407,0.180000,0.160000,0.160000,0.000000,-0.600000,0.166845
296,-0.680565,-1.633637,-4.869495,0.157432,0.144904,-2.369013,0.180000,0.160000,0.160000,0.000000,-0.600000,0.157432
297,-0.681750,-1.631855,-4.893185,0.148371,0.132446,-2.333197,0.180000,0.160000,0.160000,0.000000,-0.600000,0.148371
298,-0.682786,-1.630157,-4.916517,0.139662,0.119735,-2.296749,0.180000,0.160000,0.160000,0.000000,-0.600000,0.139662
299,-0.683675,-1.628547,-4.939485,0.131309,0.106792,-2.259328,0.180000,0.160000,0.160000,0.000000,-0.600000,0.131309
300,-0.684420,-1.627027,-4.962078,0.123318,0.093642,-2.220371,0.180000,0.160000,0.160000,0.000000,-0.600000,0.123318
301,-0.685023,-1.625601,-4.984282,0.115699,0.080319,-2.178896,0.180000,0.160000,0.160000,0.000000,-0.600000,0.115699
302,-0.685486,-1.624271,-5.006071,0.108478,0.066878,-2.133103,0.180000,0.160000,0.140000,0.000000,-0.600000,0.108478
303,-0.685812,-1.623039,-5.027402,0.101704,0.053408,-2.079567,0.180000,0.160000,0.140000,0.000000,-0.600000,0.101704
304,-0.686005,-1.621906,-5.048197,0.095474,0.040071,-2.011651,0.180000,0.160000,0.140000,0.000000,-0.600000,0.095474
305,-0.686068,-1.620873,-5.068314,0.089974,0.027163,-1.917127,0.180000,0.160000,0.140000,0.000000,-0.600000,0.089974
306,-0.686009,-1.619935,-5.087485,0.085479,0.015112,-1.777878,0.200000,0.160000,0.140000,0.000000,-0.600000,0.085479
307,-0.685837,-1.619084,-5.105264,0.082183,0.004262,-1.580277,0.200000,0.160000,0.140000,0.000000,-0.600000,0.082183
308,-0.685562,-1.618309,-5.121067,0.079947,-0.005481,-1.332652,0.200000,0.160000,0.140000,0.000000,-0.600000,0.079947
309,-0.685194,-1.617597,-5.134393,0.078400,-0.014359,-1.065236,0.200000,0.160000,0.140000,0.000000,-0.600000,0.078400
310,-0.684742,-1.616940,-5.145046,0.077241,-0.021754,-0.839993,0.200000,0.160000,0.140000,0.000000,-0.600000,0.077241
311,-0.684220,-1.616330,-5.153446,0.076356,-0.025202,-0.783216,0.200000,0.160000,0.140000,0.000000,-0.600000,0.076356
312,-0.683666,-1.615747,-5.161278,0.075863,-0.025900,-0.812259,0.200000,0.160000,0.140000,0.000000,-0.600000,0.075863
313,-0.683104,-1.615176,-5.169400,0.075684,-0.026261,-0.816777,0.200000,0.160000,0.140000,0.000000,-0.600000,0.075684
314,-0.682534,-1.614613,-5.177568,0.075606,-0.026382,-0.819767,0.200000,0.160000,0.140000,0.000000,-0.600000,0.075606
315,-0.681959,-1.614056,-5.185766,0.075572,-0.026431,-0.820631,0.200000,0.160000,0.140000,0.000000,-0.600000,0.075572
316,-0.681379,-1.613504,-5.193972,0.075554,-0.026448,-0.820967,0.200000,0.160000,0.140000,0.000000,-0.600000,0.075554
317,-0.680795,-1.612956,-5.202182,0.075542,-0.026453,-0.821038,0.200000,0.160000,0.140000,0.000000,-0.600000,0.075542
318,-0.680206,-1.612414,-5.210392,0.075533,-0.026453,-0.821018,0.200000,0.160000,0.140000,0.000000,-0.600000,0.075533
319,-0.679613,-1.611877,-5.218602,0.075525,-0.026452,-0.820961,0.200000,0.160000,0.140000,0.000000,-0.600000,0.075525
320,-0.679015,-1.611345,-5.226812,0.075517,-0.026450,-0.820890,0.200000,0.160000,0.140000,0.000000,-0.600000,0.075517
321,-0.678414,-1.610818,-5.235021,0.075510,-0.026448,-0.820813,0.200000,0.160000,0.140000,0.000000,-0.600000,0.075510
322,-0.677808,-1.610295,-5.243229,0.075502,-0.026445,-0.820734,0.220000,0.160000,0.140000,0.000000,-0.600000,0.075502
323,-0.677197,-1.609778,-5.251436,0.075494,-0.026443,-0.820655,0.220000,0.160000,0.140000,0.000000,-0.600000,0.075494
324,-0.676583,-1.609266,-5.259643,0.075487,-0.026441,-0.820575,0.220000,0.160000,0.140000,0.000000,-0.600000,0.075487
325,-0.675964,-1.608759,-5.267849,0.075479,-0.026438,-0.820495,0.220000,0.160000,0.140000,0.000000,-0.600000,0.075479
326,-0.675342,-1.608257,-5.276054,0.075472,-0.026436,-0.820415,0.220000,0.160000,0.140000,0.000000,-0.600000,0.075472
327,-0.674715,-1.607760,-5.284258,0.075464,-0.026433,-0.820335,0.220000,0.160000,0.140000,0.000000,-0.600000,0.075464
328,-0.674084,-1.607269,-5.292461,0.075456,-0.026431,-0.820255,0.220000,0.160000,0.140000,0.000000,-0.600000,0.075456
329,-0.673450,-1.606782,-5.300664,0.075449,-0.026428,-0.820175,0.220000,0.160000,0.140000,0.000000,-0.600000,0.075449
330,-0.672811,-1.606301,-5.308865,0.075441,-0.026426,-0.820095,0.220000,0.160000,0.140000,0.000000,-0.600000,0.075441
331,-0.672169,-1.605826,-5.317066,0.075434,-0.026423,-0.820015,0.220000,0.160000,0.140000,0.000000,-0.600000,0.075434
332,-0.671522,-1.605355,-5.325266,0.075426,-0.026421,-0.819935,0.220000,0.160000,0.140000,0.000000,-0.600000,0.075426
333,-0.670872,-1.604890,-5.333466,0.075419,-0.026418,-0.819856,0.220000,0.160000,0.140000,0.000000,-0.600000,0.075419
334,-0.670219,-1.604431,-5.341664,0.075411,-0.026416,-0.819776,0.240000,0.160000,0.140000,0.000000,-0.600000,0.075411
335,-0.669561,-1.603977,-5.349862,0.075403,-0.026414,-0.819696,0.240000,0.160000,0.140000,0.000000,-0.600000,0.075403
336,-0.668900,-1.603528,-5.358059,0.075396,-0.026411,-0.819616,0.240000,0.160000,0.140000,0.000000,-0.600000,0.075396
337,-0.668236,-1.603085,-5.366255,0.075388,-0.026409,-0.819537,0.240000,0.160000,0.140000,0.000000,-0.600000,0.075388
338,-0.667567,-1.602647,-5.374451,0.075381,-0.026406,-0.819457,0.240000,0.160000,0.140000,0.000000,-0.600000,0.075381
339,-0.666896,-1.602215,-5.382645,0.075373,-0.026404,-0.819377,0.240000,0.160000,0.140000,0.000000,-0.600000,0.075373
340,-0.666221,-1.601788,-5.390839,0.075366,-0.026401,-0.819298,0.240000,0.160000,0.140000,0.000000,-0.600000,0.075366
341,-0.665542,-1.601367,-5.399032,0.075358,-0.026399,-0.819218,0.240000,0.160000,0.140000,0.000000,-0.600000,0.075358
342,-0.664860,-1.600951,-5.407224,0.075351,-0.026397,-0.819138,0.260000,0.160000,0.140000,0.000000,-0.600000,0.075351
343,-0.664175,-1.600542,-5.415415,0.075343,-0.026394,-0.819059,0.260000,0.160000,0.140000,0.000000,-0.600000,0.075343
344,-0.663487,-1.600137,-5.423606,0.075336,-0.026392,-0.818979,0.260000,0.160000,0.140000,0.000000,-0.600000,0.075336
345,-0.662795,-1.599739,-5.431796,0.075328,-0.026389,-0.818900,0.260000,0.160000,0.140000,0.000000,-0.600000,0.075328
346,-0.662100,-1.599346,-5.439985,0.075320,-0.026387,-0.818820,0.260000,0.160000,0.140000,0.000000,-0.600000,0.075320
347,-0.661402,-1.598959,-5.448173,0.075313,-0.026384,-0.818741,0.260000,0.180000,0.140000,0.000000,-0.600000,0.075313
348,-0.660701,-1.598578,-5.456360,0.075305,-0.026382,-0.818662,0.260000,0.180000,0.140000,0.000000,-0.600000,0.075305
349,-0.659997,-1.598203,-5.464547,0.075298,-0.026379,-0.818582,0.280000,0.180000,0.140000,0.000000,-0.600000,0.075298
350,-0.659290,-1.597833,-5.472733,0.075290,-0.026377,-0.818503,0.280000,0.180000,0.140000,0.000000,-0.600000,0.075290
351,-0.658580,-1.597469,-5.480918,0.075283,-0.026375,-0.818424,0.280000,0.180000,0.140000,0.000000,-0.600000,0.075283
352,-0.657867,-1.597111,-5.489102,0.075275,-0.026372,-0.818344,0.280000,0.180000,0.140000,0.000000,-0.600000,0.075275
353,-0.657151,-1.596759,-5.497286,0.075268,-0.026370,-0.818265,0.280000,0.180000,0.140000,0.000000,-0.600000,0.075268
354,-0.656433,-1.596413,-5.505468,0.075260,-0.026367,-0.818186,0.300000,0.180000,0.140000,0.200000,-0.600000,0.075260
355,-0.655711,-1.596073,-5.513650,0.089253,-0.026365,-0.818107,0.300000,0.180000,0.140000,0.200000,-0.600000,0.089253
356,-0.654887,-1.595641,-5.521831,0.101961,-0.028081,-0.900532,0.300000,0.180000,0.140000,0.200000,-0.600000,0.101961
357,-0.653955,-1.595141,-5.530837,0.114347,-0.030438,-0.990451,0.300000,0.180000,0.140000,0.200000,-0.600000,0.114347
358,-0.652912,-1.594582,-5.540741,0.126615,-0.032948,-1.084883,0.320000,0.180000,0.140000,0.000000,-0.600000,0.126615
359,-0.651757,-1.593969,-5.551590,0.124837,-0.035462,-1.180879,0.320000,0.180000,0.140000,0.000000,-0.600000,0.124837
360,-0.650591,-1.593399,-5.563399,0.123712,-0.037198,-1.230716,0.320000,0.180000,0.140000,0.000000,-0.600000,0.123712
361,-0.649415,-1.592863,-5.575706,0.123005,-0.038317,-1.257707,0.340000,0.180000,0.140000,0.000000,-0.600000,0.123005
362,-0.648231,-1.592355,-5.588283,0.122555,-0.039013,-1.272904,0.340000,0.180000,0.140000,0.000000,-0.600000,0.122555
363,-0.647040,-1.591870,-5.601012,0.122262,-0.039438,-1.281653,0.360000,0.200000,0.140000,0.000000,-0.600000,0.122262
364,-0.645843,-1.591405,-5.613828,0.122065,-0.039693,-1.286702,0.360000,0.200000,0.140000,0.000000,-0.600000,0.122065
365,-0.644639,-1.590959,-5.626695,0.121927,-0.039843,-1.289564,0.380000,0.200000,0.140000,0.000000,-0.600000,0.121927
366,-0.643430,-1.590530,-5.639591,0.121823,-0.039930,-1.291112,0.400000,0.200000,0.140000,0.000000,-0.600000,0.121823
367,-0.642216,-1.590119,-5.652502,0.121742,-0.039978,-1.291865,0.420000,0.200000,0.140000,0.000000,-0.600000,0.121742
368,-0.640997,-1.589724,-5.665421,0.121674,-0.040002,-1.292137,0.440000,0.200000,0.140000,0.000000,-0.600000,0.121674
369,-0.639773,-1.589345,-5.678342,0.121613,-0.040011,-1.292117,0.460000,0.200000,0.140000,0.000000,-0.600000,0.121613
370,-0.638545,-1.588982,-5.691263,0.121558,-0.040012,-1.291918,0.480000,0.200000,0.140000,0.000000,-0.600000,0.121558
371,-0.637313,-1.588636,-5.704183,0.121506,-0.040008,-1.291613,0.500000,0.220000,0.140000,0.000000,-0.600000,0.121506
372,-0.636077,-1.588306,-5.717099,0.121455,-0.040000,-1.291242,0.520000,0.220000,0.140000,0.200000,-0.600000,0.121455
373,-0.634838,-1.587992,-5.730011,0.135406,-0.039991,-1.290832,0.560000,0.220000,0.160000,0.200000,-0.600000,0.135406
374,-0.633476,-1.587621,-5.742919,0.148543,-0.040914,-1.344970,0.580000,0.220000,0.160000,0.200000,-0.600000,0.148543
375,-0.631991,-1.587208,-5.756369,0.161303,-0.042327,-1.417981,0.640000,0.220000,0.160000,0.200000,-0.600000,0.161303
376,-0.630384,-1.586763,-5.770549,0.173868,-0.043955,-1.499208,0.680000,0.240000,0.160000,0.200000,-0.600000,0.173868
377,-0.628653,-1.586293,-5.785541,0.186323,-0.045645,-1.584322,0.740000,0.240000,0.160000,0.200000,-0.600000,0.186323
378,-0.626798,-1.585805,-5.801384,0.198712,-0.047308,-1.671184,0.840000,0.240000,0.160000,0.400000,-0.600000,0.198712
379,-0.624818,-1.585303,-5.818096,0.225061,-0.048888,-1.758590,0.940000,0.260000,0.160000,0.200000,-0.600000,0.225061
380,-0.622587,-1.584731,-5.835682,0.237068,-0.050469,-1.869761,1.000000,0.260000,0.160000,0.200000,-0.600000,0.237068
381,-0.620232,-1.584160,-5.854380,0.249135,-0.051831,-1.971574,1.000000,0.260000,0.160000,0.200000,-0.600000,0.249135
382,-0.617750,-1.583596,-5.874095,0.261238,-0.052960,-2.066960,1.000000,0.280000,0.160000,0.200000,-0.600000,0.261238
383,-0.615143,-1.583042,-5.894765,0.273359,-0.053849,-2.157535,1.000000,0.300000,0.160000,0.400000,-0.600000,0.273359
384,-0.612409,-1.582505,-5.916340,0.299484,-0.054494,-2.244216,1.000000,0.300000,0.180000,0.400000,-0.600000,0.299484
385,-0.609418,-1.581940,-5.938782,0.325412,-0.054749,-2.344067,1.000000,0.320000,0.180000,0.400000,-0.600000,0.325412
386,-0.606170,-1.581357,-5.962223,0.351199,-0.054517,-2.450143,1.000000,0.340000,0.180000,0.400000,-0.600000,0.351199
387,-0.602666,-1.580766,-5.986725,0.376871,-0.053721,-2.558380,1.000000,0.360000,0.180000,0.400000,-0.600000,0.376871
388,-0.598904,-1.580179,-6.012308,0.402434,-0.052297,-2.666214,1.000000,0.400000,0.180000,0.400000,-0.600000,0.402434
389,-0.594887,-1.579606,-6.038971,0.427885,-0.050188,-2.771923,1.000000,0.440000,0.200000,0.400000,-0.600000,0.427885
390,-0.590614,-1.579058,-6.066690,0.453209,-0.047349,-2.874296,1.000000,0.500000,0.200000,0.400000,-0.600000,0.453209
391,-0.586086,-1.578547,-6.095433,0.478389,-0.043740,-2.972456,1.000000,0.560000,0.220000,0.400000,-0.600000,0.478389
392,-0.581304,-1.578084,-6.125157,0.503399,-0.039330,-3.065756,1.000000,0.660000,0.220000,0.200000,-0.600000,0.503399
393,-0.576271,-1.577680,-6.155815,0.514213,-0.034092,-3.153719,1.000000,0.820000,0.240000,0.200000,-0.600000,0.514213
394,-0.571127,-1.577365,-6.187352,0.524836,-0.028482,-3.229590,1.000000,1.000000,0.240000,0.200000,-0.600000,0.524836
395,-0.565876,-1.577146,-6.219648,0.535240,-0.022522,-3.295081,1.000000,1.000000,0.260000,0.200000,-0.600000,0.535240
396,-0.560520,-1.577031,-6.252599,0.545404,-0.016231,-3.351569,0.960000,1.000000,0.280000,0.200000,-0.600000,0.545404
397,-0.555063,-1.577027,-6.286114,0.555306,-0.009629,-3.400171,0.880000,1.000000,0.300000,0.200000,-0.600000,0.555306
398,-0.549510,-1.577139,-6.320116,0.564931,-0.002736,-3.441806,0.800000,1.000000,0.340000,0.200000,-0.600000,0.564931
399,-0.543866,-1.577375,-6.354534,0.574262,0.004431,-3.477238,0.740000,1.000000,0.380000,0.200000,-0.600000,0.574262
400,-0.538135,-1.577740,-6.389307,0.583288,0.011853,-3.507107,0.680000,1.000000,0.440000,0.200000,-0.600000,0.583288
401,-0.532322,-1.578240,-6.424378,0.591997,0.019512,-3.531960,0.640000,1.000000,0.500000,0.200000,-0.600000,0.591997
402,-0.526434,-1.578880,-6.459697,0.600380,0.027388,-3.552268,0.600000,1.000000,0.620000,0.200000,-0.600000,0.600380
403,-0.520475,-1.579665,-6.495220,0.608430,0.035463,-3.568439,0.560000,1.000000,0.760000,0.200000,-0.400000,0.608430
404,-0.514452,-1.580599,-6.530904,0.618421,0.044602,-3.543052,0.540000,1.000000,1.000000,0.200000,-0.400000,0.618421
405,-0.508348,-1.581683,-6.566335,0.628001,0.053607,-3.521918,0.500000,1.000000,1.000000,0.000000,-0.400000,0.628001
406,-0.502168,-1.582922,-6.601554,0.623190,0.062521,-3.504221,0.480000,0.940000,1.000000,0.200000,-0.400000,0.623190
407,-0.496054,-1.584279,-6.636596,0.632010,0.070841,-3.485694,0.460000,0.860000,1.000000,0.200000,-0.400000,0.632010
408,-0.489879,-1.585802,-6.671453,0.640485,0.079122,-3.469944,0.440000,0.780000,1.000000,0.200000,-0.400000,0.640485
409,-0.483651,-1.587494,-6.706153,0.648626,0.087389,-3.456495,0.420000,0.720000,1.000000,0.200000,-0.400000,0.648626
410,-0.477378,-1.589360,-6.740718,0.656438,0.095658,-3.444961,0.400000,0.660000,1.000000,0.200000,-0.400000,0.656438
411,-0.471066,-1.591402,-6.775167,0.663927,0.103943,-3.435025,0.400000,0.620000,1.000000,0.200000,-0.400000,0.663927
412,-0.464723,-1.593622,-6.809517,0.671097,0.112254,-3.426429,0.380000,0.580000,1.000000,0.200000,-0.400000,0.671097
413,-0.458357,-1.596022,-6.843782,0.677950,0.120599,-3.418960,0.360000,0.540000,1.000000,0.200000,-0.400000,0.677950
414,-0.451974,-1.598606,-6.877971,0.684489,0.128983,-3.412440,0.360000,0.520000,1.000000,0.200000,-0.400000,0.684489
415,-0.445581,-1.601373,-6.912096,0.690714,0.137411,-3.406722,0.340000,0.480000,1.000000,0.200000,-0.400000,0.690714
416,-0.439188,-1.604325,-6.946163,0.696627,0.145884,-3.401683,0.340000,0.460000,0.900000,0.200000,-0.400000,0.696627
417,-0.432799,-1.607462,-6.980180,0.702228,0.154404,-3.397222,0.320000,0.440000,0.820000,0.200000,-0.400000,0.702228
418,-0.426423,-1.610786,-7.014152,0.707518,0.162970,-3.393252,0.320000,0.420000,0.740000,0.200000,-0.400000,0.707518
419,-0.420068,-1.614296,-7.048085,0.712497,0.171582,-3.389702,0.300000,0.400000,0.680000,0.200000,-0.400000,0.712497
420,-0.413739,-1.617992,-7.081982,0.717165,0.180236,-3.386513,0.300000,0.380000,0.620000,0.000000,-0.400000,0.717165
421,-0.407445,-1.621873,-7.115847,0.707522,0.188930,-3.383635,0.300000,0.360000,0.580000,0.200000,-0.600000,0.707522
422,-0.401287,-1.625836,-7.149683,0.709636,0.197507,-3.364422,0.280000,0.360000,0.540000,0.200000,-0.400000,0.709636
423,-0.395187,-1.629965,-7.183327,0.713405,0.205569,-3.361137,0.280000,0.340000,0.500000,0.000000,-0.400000,0.713405
424,-0.389142,-1.634276,-7.216939,0.702891,0.213662,-3.358148,0.280000,0.320000,0.460000,0.000000,-0.400000,0.702891
425,-0.383244,-1.638655,-7.250520,0.692091,0.221273,-3.354573,0.260000,0.320000,0.440000,0.000000,-0.600000,0.692091
426,-0.377494,-1.643098,-7.284066,0.679130,0.228885,-3.329771,0.260000,0.300000,0.420000,0.000000,-0.600000,0.679130
427,-0.371903,-1.647581,-7.317364,0.665961,0.235827,-3.303415,0.260000,0.300000,0.400000,0.000000,-0.600000,0.665961
428,-0.366472,-1.652099,-7.350398,0.652612,0.242098,-3.275726,0.260000,0.280000,0.380000,0.000000,-0.600000,0.652612
429,-0.361202,-1.656647,-7.383155,0.639115,0.247696,-3.246894,0.240000,0.280000,0.360000,0.000000,-0.600000,0.639115
430,-0.356095,-1.661219,-7.415624,0.625498,0.252621,-3.217081,0.240000,0.260000,0.340000,0.000000,-0.600000,0.625498
431,-0.351153,-1.665810,-7.447795,0.611789,0.256878,-3.186426,0.240000,0.260000,0.320000,0.000000,-0.600000,0.611789
432,-0.346376,-1.670415,-7.479659,0.598016,0.260470,-3.155047,0.240000,0.260000,0.300000,0.200000,-0.600000,0.598016
433,-0.341765,-1.675029,-7.511209,0.598205,0.263404,-3.123047,0.220000,0.240000,0.300000,0.200000,-0.600000,0.598205
434,-0.337274,-1.679778,-7.542440,0.598382,0.266144,-3.091076,0.220000,0.240000,0.280000,0.200000,-0.600000,0.598382
435,-0.332906,-1.684658,-7.573351,0.598556,0.268691,-3.059141,0.220000,0.240000,0.280000,0.200000,-0.600000,0.598556
436,-0.328666,-1.689665,-7.603942,0.598735,0.271046,-3.027245,0.220000,0.220000,0.260000,0.000000,-0.600000,0.598735
437,-0.324559,-1.694796,-7.634215,0.584925,0.273210,-2.995394,0.220000,0.220000,0.260000,0.000000,-0.600000,0.584925
438,-0.320617,-1.699908,-7.664168,0.571133,0.274745,-2.963055,0.220000,0.220000,0.240000,0.000000,-0.600000,0.571133
439,-0.316842,-1.704999,-7.693799,0.557381,0.275660,-2.930292,0.200000,0.200000,0.240000,0.000000,-0.600000,0.557381
440,-0.313231,-1.710062,-7.723102,0.543688,0.275966,-2.897162,0.200000,0.200000,0.220000,0.000000,-0.600000,0.543688
441,-0.309786,-1.715092,-7.752074,0.530076,0.275673,-2.863714,0.200000,0.200000,0.220000,0.000000,-0.600000,0.530076
442,-0.306504,-1.720085,-7.780711,0.516561,0.274792,-2.829989,0.200000,0.200000,0.220000,0.000000,-0.600000,0.516561
443,-0.303385,-1.725035,-7.809011,0.503163,0.273337,-2.796025,0.200000,0.200000,0.200000,0.000000,-0.600000,0.503163
444,-0.300428,-1.729939,-7.836971,0.489897,0.271320,-2.761851,0.200000,0.180000,0.200000,0.000000,-0.600000,0.489897
445,-0.297632,-1.734791,-7.864589,0.476779,0.268753,-2.727494,0.200000,0.180000,0.200000,0.000000,-0.600000,0.476779
446,-0.294995,-1.739587,-7.891864,0.463823,0.265652,-2.692976,0.200000,0.180000,0.180000,0.000000,-0.600000,0.463823
447,-0.292517,-1.744323,-7.918794,0.451042,0.262029,-2.658316,0.180000,0.180000,0.180000,0.000000,-0.600000,0.451042
448,-0.290194,-1.748993,-7.945377,0.438449,0.257899,-2.623529,0.180000,0.180000,0.180000,0.000000,-0.600000,0.438449
449,-0.288026,-1.753595,-7.971612,0.426056,0.253275,-2.588626,0.180000,0.160000,0.180000,0.000000,-0.600000,0.426056
450,-0.286011,-1.758123,-7.997499,0.413872,0.248173,-2.553619,0.180000,0.160000,0.160000,0.000000,-0.600000,0.413872
451,-0.284146,-1.762574,-8.023035,0.401908,0.242607,-2.518513,0.180000,0.160000,0.160000,0.000000,-0.600000,0.401908
452,-0.282431,-1.766944,-8.048220,0.390171,0.236592,-2.483313,0.180000,0.160000,0.160000,0.000000,-0.600000,0.390171
453,-0.280863,-1.771229,-8.073053,0.378670,0.230142,-2.448021,0.180000,0.160000,0.160000,0.000000,-0.600000,0.378670
454,-0.279439,-1.775426,-8.097533,0.367411,0.223272,-2.412637,0.180000,0.160000,0.160000,0.000000,-0.600000,0.367411
455,-0.278158,-1.779530,-8.121660,0.356401,0.215996,-2.377158,0.180000,0.160000,0.140000,0.000000,-0.600000,0.356401
456,-0.277018,-1.783538,-8.145431,0.345645,0.208330,-2.341578,0.180000,0.140000,0.140000,-0.200000,-0.600000,0.345645
457,-0.276016,-1.787447,-8.168847,0.321148,0.200287,-2.305891,0.180000,0.140000,0.140000,-0.200000,-0.600000,0.321148
458,-0.275106,-1.791121,-8.191906,0.296910,0.191544,-2.269934,0.180000,0.140000,0.140000,0.000000,-0.600000,0.296910
459,-0.274283,-1.794557,-8.214605,0.286941,0.182125,-2.233752,0.180000,0.140000,0.140000,0.000000,-0.600000,0.286941
460,-0.273592,-1.797885,-8.236943,0.277256,0.172383,-2.197384,0.180000,0.140000,0.140000,0.000000,-0.600000,0.277256
461,-0.273029,-1.801101,-8.258917,0.267857,0.162332,-2.160794,0.180000,0.140000,0.120000,0.000000,-0.600000,0.267857
462,-0.272592,-1.804202,-8.280525,0.258745,0.151987,-2.123930,0.180000,0.140000,0.120000,0.000000,-0.600000,0.258745
463,-0.272279,-1.807187,-8.301764,0.249920,0.141364,-2.086732,0.180000,0.140000,0.120000,0.000000,-0.600000,0.249920
464,-0.272086,-1.810052,-8.322631,0.241384,0.130480,-2.049120,0.180000,0.140000,0.120000,0.000000,-0.600000,0.241384
465,-0.272013,-1.812795,-8.343123,0.233136,0.119350,-2.010991,0.180000,0.140000,0.120000,0.000000,-0.600000,0.233136
466,-0.272054,-1.815413,-8.363232,0.225180,0.107995,-1.972211,0.180000,0.140000,0.120000,0.000000,-0.600000,0.225180
467,-0.272209,-1.817906,-8.382955,0.217515,0.096434,-1.932605,0.180000,0.140000,0.120000,0.000000,-0.600000,0.217515
468,-0.272474,-1.820270,-8.402281,0.210145,0.084692,-1.891942,0.180000,0.140000,0.120000,0.000000,-0.600000,0.210145
469,-0.272847,-1.822505,-8.421200,0.203075,0.072799,-1.849921,0.180000,0.140000,0.120000,0.000000,-0.600000,0.203075
470,-0.273324,-1.824609,-8.439699,0.196312,0.060793,-1.806151,0.180000,0.140000,0.120000,0.000000,-0.600000,0.196312
471,-0.273903,-1.826581,-8.457761,0.189869,0.048723,-1.760145,0.180000,0.120000,0.120000,0.000000,-0.600000,0.189869
472,-0.274580,-1.828421,-8.475362,0.183763,0.036659,-1.711342,0.180000,0.120000,0.120000,0.000000,-0.600000,0.183763
473,-0.275351,-1.830128,-8.492476,0.178022,0.024696,-1.659220,0.180000,0.120000,0.120000,0.000000,-0.600000,0.178022
474,-0.276214,-1.831705,-8.509068,0.172682,0.012976,-1.603622,0.180000,0.120000,0.100000,0.000000,-0.600000,0.172682
475,-0.277163,-1.833153,-8.525104,0.167791,0.001698,-1.545501,0.180000,0.120000,0.100000,0.000000,-0.600000,0.167791
476,-0.278193,-1.834478,-8.540559,0.163405,-0.008851,-1.488264,0.200000,0.120000,0.100000,0.000000,-0.600000,0.163405
477,-0.279298,-1.835686,-8.555442,0.159577,-0.018296,-1.439212,0.200000,0.120000,0.100000,0.000000,-0.600000,0.159577
478,-0.280467,-1.836787,-8.569834,0.156343,-0.026228,-1.408544,0.200000,0.140000,0.100000,0.000000,-0.600000,0.156343
479,-0.281691,-1.837794,-8.583919,0.153711,-0.032384,-1.402675,0.200000,0.140000,0.100000,0.000000,-0.600000,0.153711
480,-0.282957,-1.838724,-8.597946,0.151651,-0.036827,-1.417217,0.200000,0.140000,0.100000,0.000000,-0.600000,0.151651
481,-0.284255,-1.839590,-8.612118,0.150097,-0.039887,-1.440899,0.200000,0.140000,0.100000,0.000000,-0.600000,0.150097
482,-0.285577,-1.840406,-8.626527,0.148955,-0.041947,-1.464573,0.220000,0.140000,0.100000,0.000000,-0.600000,0.148955
483,-0.286917,-1.841180,-8.641173,0.148128,-0.043318,-1.484086,0.220000,0.140000,0.100000,0.000000,-0.600000,0.148128
484,-0.288272,-1.841918,-8.656014,0.147529,-0.044226,-1.498634,0.220000,0.140000,0.100000,0.000000,-0.600000,0.147529
485,-0.289640,-1.842626,-8.671000,0.147090,-0.044825,-1.508840,0.220000,0.140000,0.100000,0.000000,-0.600000,0.147090
486,-0.291019,-1.843306,-8.686088,0.146762,-0.045218,-1.515693,0.240000,0.140000,0.100000,0.000000,-0.600000,0.146762
487,-0.292409,-1.843960,-8.701245,0.146510,-0.045473,-1.520109,0.240000,0.140000,0.100000,0.000000,-0.600000,0.146510
488,-0.293808,-1.844589,-8.716446,0.146309,-0.045635,-1.522814,0.240000,0.140000,0.100000,0.000000,-0.600000,0.146309
489,-0.295216,-1.845194,-8.731675,0.146142,-0.045737,-1.524341,0.260000,0.140000,0.100000,0.000000,-0.600000,0.146142
490,-0.296632,-1.845776,-8.746918,0.145999,-0.045798,-1.525067,0.260000,0.140000,0.100000,0.000000,-0.600000,0.145999
491,-0.298057,-1.846335,-8.762169,0.145871,-0.045831,-1.525253,0.280000,0.140000,0.100000,0.000000,-0.600000,0.145871
492,-0.299489,-1.846871,-8.777421,0.145754,-0.045846,-1.525076,0.300000,0.140000,0.100000,0.000000,-0.600000,0.145754
493,-0.300928,-1.847384,-8.792672,0.145644,-0.045849,-1.524657,0.300000,0.140000,0.100000,0.000000,-0.600000,0.145644
494,-0.302374,-1.847875,-8.807919,0.145539,-0.045844,-1.524076,0.320000,0.160000,0.100000,0.000000,-0.600000,0.145539
495,-0.303826,-1.848343,-8.823159,0.145437,-0.045833,-1.523387,0.340000,0.160000,0.100000,0.000000,-0.600000,0.145437
496,-0.305285,-1.848788,-8.838393,0.145338,-0.045819,-1.522628,0.360000,0.160000,0.120000,0.000000,-0.600000,0.145338
497,-0.306749,-1.849211,-8.853619,0.145240,-0.045803,-1.521822,0.380000,0.160000,0.120000,0.000000,-0.600000,0.145240
498,-0.308218,-1.849611,-8.868838,0.145143,-0.045785,-1.520986,0.400000,0.160000,0.120000,0.000000,-0.600000,0.145143
499,-0.309693,-1.849988,-8.884048,0.145047,-0.045766,-1.520130,0.440000,0.160000,0.120000,0.000000,-0.600000,0.145047
500,-0.311172,-1.850342,-8.899249,0.144952,-0.045746,-1.519261,0.460000,0.160000,0.120000,0.200000,-0.600000,0.144952
501,-0.312655,-1.850673,-8.914441,0.158857,-0.045726,-1.518385,0.500000,0.180000,0.120000,0.200000,-0.600000,0.158857
502,-0.314265,-1.851050,-8.929625,0.172088,-0.046388,-1.563995,0.560000,0.180000,0.120000,0.200000,-0.600000,0.172088
503,-0.315999,-1.851460,-8.945265,0.184965,-0.047428,-1.629187,0.620000,0.180000,0.120000,0.000000,-0.600000,0.184965
504,-0.317859,-1.851893,-8.961557,0.183637,-0.048644,-1.703716,0.700000,0.180000,0.120000,0.200000,-0.600000,0.183637
505,-0.319719,-1.852278,-8.978594,0.196626,-0.049596,-1.750603,0.720000,0.200000,0.120000,0.200000,-0.600000,0.196626
506,-0.321707,-1.852679,-8.996100,0.209377,-0.050650,-1.814339,0.720000,0.200000,0.120000,0.200000,-0.600000,0.209377
507,-0.323822,-1.853089,-9.014244,0.221980,-0.051718,-1.886471,0.720000,0.200000,0.120000,0.200000,-0.600000,0.221980
508,-0.326064,-1.853500,-9.033108,0.234485,-0.052735,-1.962827,0.880000,0.220000,0.120000,0.400000,-0.600000,0.234485
509,-0.328432,-1.853908,-9.052737,0.260920,-0.053652,-2.041142,0.980000,0.220000,0.120000,0.200000,-0.600000,0.260920
510,-0.331058,-1.854357,-9.073148,0.273044,-0.054424,-2.140647,0.980000,0.240000,0.120000,0.200000,-0.600000,0.273044
511,-0.333809,-1.854786,-9.094555,0.285180,-0.054981,-2.233090,1.000000,0.240000,0.140000,0.200000,-0.600000,0.285180
512,-0.336685,-1.855191,-9.116885,0.297311,-0.055309,-2.320205,1.000000,0.260000,0.140000,0.200000,-0.600000,0.297311
513,-0.339686,-1.855565,-9.140087,0.309423,-0.055397,-2.403008,1.000000,0.280000,0.140000,0.200000,-0.600000,0.309423
514,-0.342811,-1.855902,-9.164118,0.321505,-0.055236,-2.482106,1.000000,0.300000,0.140000,0.400000,-0.600000,0.321505
515,-0.346060,-1.856197,-9.188939,0.347547,-0.054817,-2.557861,1.000000,0.340000,0.140000,0.400000,-0.600000,0.347547
516,-0.349567,-1.856476,-9.214517,0.373400,-0.053873,-2.644140,1.000000,0.360000,0.160000,0.400000,-0.600000,0.373400
517,-0.353332,-1.856729,-9.240959,0.399095,-0.052332,-2.735563,1.000000,0.420000,0.160000,0.400000,-0.600000,0.399095
518,-0.357351,-1.856944,-9.268314,0.424641,-0.050134,-2.828689,1.000000,0.480000,0.160000,0.400000,-0.600000,0.424641
519,-0.361624,-1.857110,-9.296601,0.450035,-0.047229,-2.921215,1.000000,0.600000,0.180000,0.400000,-0.600000,0.450035
520,-0.366147,-1.857217,-9.325813,0.475265,-0.043575,-3.011537,1.000000,0.680000,0.180000,0.200000,-0.600000,0.475265
521,-0.370920,-1.857253,-9.355929,0.486312,-0.039136,-3.098514,1.000000,0.680000,0.200000,0.200000,-0.600000,0.486312
522,-0.375798,-1.857197,-9.386914,0.497196,-0.034345,-3.174213,1.000000,0.920000,0.200000,0.200000,-0.600000,0.497196
523,-0.380780,-1.857042,-9.418656,0.507891,-0.029217,-3.240258,1.000000,0.940000,0.220000,0.200000,-0.600000,0.507891
524,-0.385860,-1.856781,-9.451059,0.518377,-0.023765,-3.297928,1.000000,1.000000,0.240000,0.200000,-0.600000,0.518377
525,-0.391036,-1.856407,-9.484038,0.528634,-0.018005,-3.348251,1.000000,1.000000,0.280000,0.200000,-0.600000,0.528634
526,-0.396302,-1.855914,-9.517520,0.538644,-0.011951,-3.392058,0.860000,1.000000,0.300000,0.200000,-0.600000,0.538644
527,-0.401655,-1.855296,-9.551441,0.548394,-0.005617,-3.430032,0.720000,1.000000,0.360000,0.200000,-0.600000,0.548394
528,-0.407088,-1.854548,-9.585741,0.557869,0.000981,-3.462746,0.680000,1.000000,0.420000,0.200000,-0.600000,0.557869
529,-0.412596,-1.853664,-9.620369,0.567059,0.007830,-3.490679,0.640000,1.000000,0.520000,0.200000,-0.400000,0.567059
530,-0.418173,-1.852638,-9.655275,0.578372,0.016291,-3.455322,0.600000,1.000000,0.640000,0.200000,-0.600000,0.578372
531,-0.423841,-1.851476,-9.689829,0.586901,0.023333,-3.477595,0.560000,1.000000,0.640000,0.200000,-0.600000,0.586901
532,-0.429567,-1.850163,-9.724605,0.595134,0.030595,-3.496038,0.540000,1.000000,0.820000,0.200000,-0.400000,0.595134
533,-0.435343,-1.848698,-9.759565,0.605362,0.039004,-3.470530,0.520000,1.000000,0.900000,0.200000,-0.400000,0.605362
534,-0.441188,-1.847077,-9.794270,0.615212,0.047291,-3.449560,0.500000,1.000000,0.980000,0.000000,-0.400000,0.615212
535,-0.447096,-1.845296,-9.828766,0.610700,0.055501,-3.432254,0.480000,1.000000,1.000000,0.000000,-0.400000,0.610700
536,-0.452930,-1.843406,-9.863088,0.605849,0.063139,-3.414012,0.460000,1.000000,1.000000,0.000000,-0.400000,0.605849
537,-0.458683,-1.841407,-9.897229,0.600690,0.070226,-3.395095,0.440000,0.700000,1.000000,0.200000,-0.400000,0.600690
538,-0.464352,-1.839298,-9.931180,0.609250,0.076781,-3.375695,0.420000,0.660000,1.000000,0.200000,-0.400000,0.609250
539,-0.470052,-1.837015,-9.964936,0.617552,0.083344,-3.359127,0.400000,0.620000,1.000000,0.200000,-0.400000,0.617552
540,-0.475777,-1.834554,-9.998528,0.625600,0.089933,-3.344959,0.400000,0.580000,1.000000,0.000000,-0.400000,0.625600
541,-0.481520,-1.831913,-10.031977,0.619397,0.096560,-3.332831,0.380000,0.540000,1.000000,0.200000,-0.400000,0.619397
542,-0.487157,-1.829172,-10.065306,0.626946,0.102716,-3.319865,0.380000,0.520000,1.000000,0.200000,-0.400000,0.626946
543,-0.492798,-1.826249,-10.098504,0.634268,0.108926,-3.308634,0.360000,0.500000,1.000000,0.200000,-0.400000,0.634268
544,-0.498434,-1.823143,-10.131591,0.641363,0.115199,-3.298902,0.360000,0.460000,1.000000,0.200000,-0.400000,0.641363
545,-0.504059,-1.819854,-10.164580,0.648232,0.121538,-3.290465,0.340000,0.440000,1.000000,0.200000,-0.400000,0.648232
546,-0.509667,-1.816382,-10.197484,0.654874,0.127949,-3.283149,0.340000,0.420000,1.000000,0.200000,-0.400000,0.654874
547,-0.515249,-1.812726,-10.230316,0.661287,0.134433,-3.276802,0.320000,0.420000,0.760000,0.200000,-0.400000,0.661287
548,-0.520799,-1.808888,-10.263084,0.667470,0.140994,-3.271296,0.320000,0.400000,0.620000,0.200000,-0.400000,0.667470
549,-0.526311,-1.804868,-10.295797,0.673421,0.147631,-3.266516,0.320000,0.380000,0.580000,0.200000,-0.600000,0.673421
550,-0.531778,-1.800668,-10.328462,0.677168,0.154552,-3.253517,0.300000,0.360000,0.540000,0.200000,-0.400000,0.677168
551,-0.537182,-1.796304,-10.360997,0.682657,0.161208,-3.249881,0.300000,0.360000,0.520000,0.200000,-0.400000,0.682657
552,-0.542527,-1.791762,-10.393496,0.687915,0.167941,-3.246724,0.300000,0.340000,0.480000,0.000000,-0.600000,0.687915
553,-0.547807,-1.787044,-10.425963,0.676995,0.175049,-3.231101,0.280000,0.340000,0.460000,0.000000,-0.600000,0.676995
554,-0.552932,-1.782287,-10.458274,0.665858,0.181607,-3.213021,0.280000,0.320000,0.440000,0.000000,-0.600000,0.665858
555,-0.557900,-1.777496,-10.490404,0.654530,0.187606,-3.192807,0.280000,0.300000,0.400000,0.000000,-0.600000,0.654530
556,-0.562710,-1.772676,-10.522332,0.643036,0.193036,-3.170734,0.280000,0.300000,0.380000,0.000000,-0.600000,0.643036
557,-0.567359,-1.767832,-10.554040,0.631402,0.197894,-3.147042,0.260000,0.300000,0.380000,0.000000,-0.600000,0.631402
558,-0.571846,-1.762969,-10.585510,0.619652,0.202176,-3.121937,0.260000,0.280000,0.360000,0.000000,-0.600000,0.619652
559,-0.576171,-1.758093,-10.616730,0.607809,0.205882,-3.095598,0.260000,0.280000,0.340000,0.000000,-0.600000,0.607809
560,-0.580331,-1.753207,-10.647686,0.595898,0.209013,-3.068178,0.260000,0.260000,0.320000,0.000000,-0.600000,0.595898
561,-0.584328,-1.748318,-10.678367,0.583941,0.211571,-3.039813,0.240000,0.260000,0.320000,0.000000,-0.600000,0.583941
562,-0.588159,-1.743429,-10.708765,0.571960,0.213560,-3.010617,0.240000,0.260000,0.300000,0.000000,-0.600000,0.571960
563,-0.591826,-1.738548,-10.738872,0.559975,0.214985,-2.980693,0.240000,0.240000,0.300000,0.000000,-0.600000,0.559975
564,-0.595327,-1.733677,-10.768679,0.548007,0.215853,-2.950127,0.240000,0.240000,0.280000,0.000000,-0.600000,0.548007
565,-0.598663,-1.728823,-10.798180,0.536075,0.216172,-2.918996,0.240000,0.240000,0.280000,0.000000,-0.600000,0.536075
566,-0.601834,-1.723990,-10.827370,0.524198,0.215948,-2.887367,0.240000,0.240000,0.260000,0.000000,-0.600000,0.524198
567,-0.604841,-1.719184,-10.856243,0.512393,0.215192,-2.855297,0.240000,0.220000,0.260000,-0.200000,-0.600000,0.512393
568,-0.607683,-1.714409,-10.884796,0.486676,0.213914,-2.822836,0.220000,0.220000,0.240000,-0.200000,-0.600000,0.486676
569,-0.610347,-1.709808,-10.913025,0.461060,0.211703,-2.789369,0.220000,0.220000,0.240000,-0.200000,-0.600000,0.461060
570,-0.612837,-1.705388,-10.940918,0.435573,0.208580,-2.755046,0.220000,0.220000,0.240000,-0.200000,-0.600000,0.435573
571,-0.615158,-1.701152,-10.968469,0.410242,0.204567,-2.719996,0.220000,0.220000,0.220000,-0.200000,-0.600000,0.410242
572,-0.617314,-1.697107,-10.995669,0.385089,0.199686,-2.684329,0.220000,0.200000,0.220000,-0.200000,-0.600000,0.385089
573,-0.619310,-1.693256,-11.022512,0.360138,0.193960,-2.648135,0.220000,0.200000,0.220000,-0.200000,-0.600000,0.360138
574,-0.621152,-1.689604,-11.048994,0.335409,0.187415,-2.611491,0.220000,0.200000,0.220000,-0.200000,-0.600000,0.335409
575,-0.622845,-1.686154,-11.075108,0.310920,0.180076,-2.574460,0.220000,0.200000,0.200000,0.000000,-0.600000,0.310920
576,-0.624393,-1.682912,-11.100853,0.300689,0.171969,-2.537093,0.220000,0.200000,0.200000,0.000000,-0.600000,0.300689
577,-0.625787,-1.679741,-11.126224,0.290735,0.163494,-2.499463,0.220000,0.200000,0.200000,0.000000,-0.600000,0.290735
578,-0.627029,-1.676645,-11.151219,0.281065,0.154666,-2.461519,0.220000,0.200000,0.200000,0.000000,-0.600000,0.281065
579,-0.628121,-1.673629,-11.175834,0.271682,0.145502,-2.423196,0.220000,0.200000,0.200000,0.000000,-0.600000,0.271682
580,-0.629066,-1.670695,-11.200066,0.262589,0.136020,-2.384408,0.220000,0.200000,0.180000,0.000000,-0.600000,0.262589
581,-0.629864,-1.667848,-11.223910,0.253792,0.126236,-2.345050,0.220000,0.180000,0.180000,0.000000,-0.600000,0.253792
582,-0.630520,-1.665090,-11.247360,0.245293,0.116170,-2.304985,0.220000,0.180000,0.180000,0.000000,-0.600000,0.245293
583,-0.631034,-1.662425,-11.270410,0.237097,0.105841,-2.264036,0.220000,0.180000,0.180000,0.000000,-0.600000,0.237097
584,-0.631409,-1.659856,-11.293051,0.229207,0.095271,-2.221974,0.220000,0.180000,0.180000,0.000000,-0.600000,0.229207
585,-0.631648,-1.657385,-11.315270,0.221629,0.084485,-2.178500,0.220000,0.180000,0.180000,0.000000,-0.600000,0.221629
586,-0.631753,-1.655016,-11.337055,0.214369,0.073513,-2.133226,0.220000,0.180000,0.180000,0.000000,-0.600000,0.214369
587,-0.631728,-1.652750,-11.358388,0.207438,0.062391,-2.085649,0.220000,0.180000,0.180000,0.000000,-0.600000,0.207438
588,-0.631575,-1.650589,-11.379244,0.200848,0.051164,-2.035133,0.220000,0.180000,0.180000,0.000000,-0.600000,0.200848
589,-0.631298,-1.648535,-11.399595,0.194615,0.039891,-1.980911,0.220000,0.180000,0.160000,0.000000,-0.600000,0.194615
590,-0.630900,-1.646588,-11.419405,0.188764,0.028649,-1.922135,0.220000,0.180000,0.160000,0.000000,-0.600000,0.188764
591,-0.630384,-1.644750,-11.438626,0.183325,0.017545,-1.858075,0.240000,0.180000,0.160000,0.000000,-0.600000,0.183325
592,-0.629757,-1.643019,-11.457207,0.178335,0.006722,-1.788582,0.240000,0.180000,0.160000,0.000000,-0.600000,0.178335
593,-0.629023,-1.641392,-11.475092,0.173832,-0.003627,-1.715003,0.240000,0.180000,0.160000,0.000000,-0.600000,0.173832
594,-0.628189,-1.639866,-11.492242,0.169854,-0.013245,-1.641574,0.240000,0.180000,0.160000,0.000000,-0.600000,0.169854
595,-0.627263,-1.638436,-11.508658,0.166421,-0.021811,-1.576490,0.240000,0.180000,0.160000,0.000000,-0.600000,0.166421
596,-0.626256,-1.637093,-11.524423,0.163536,-0.028996,-1.530292,0.240000,0.180000,0.160000,0.000000,-0.600000,0.163536
597,-0.625181,-1.635828,-11.539726,0.161179,-0.034605,-1.509534,0.240000,0.180000,0.160000,0.000000,-0.600000,0.161179
598,-0.624050,-1.634628,-11.554821,0.159310,-0.038705,-1.510988,0.260000,0.180000,0.160000,0.000000,-0.600000,0.159310
599,-0.622877,-1.633483,-11.569931,0.157867,-0.041576,-1.524848,0.260000,0.180000,0.160000,0.000000,-0.600000,0.157867
600,-0.621670,-1.632383,-11.585180,0.156776,-0.043542,-1.542214,0.260000,0.180000,0.160000,0.000000,-0.600000,0.156776
601,-0.620436,-1.631322,-11.600602,0.155960,-0.044876,-1.558153,0.260000,0.180000,0.160000,0.000000,-0.600000,0.155960
602,-0.619180,-1.630295,-11.616183,0.155349,-0.045777,-1.570888,0.260000,0.180000,0.160000,0.000000,-0.600000,0.155349
603,-0.617904,-1.629297,-11.631892,0.154887,-0.046382,-1.580280,0.260000,0.180000,0.160000,0.000000,-0.600000,0.154887
604,-0.616611,-1.628327,-11.647695,0.154530,-0.046786,-1.586831,0.280000,0.180000,0.160000,0.000000,-0.600000,0.154530
605,-0.615301,-1.627383,-11.663563,0.154248,-0.047054,-1.591177,0.280000,0.200000,0.160000,0.000000,-0.600000,0.154248
606,-0.613976,-1.626463,-11.679475,0.154017,-0.047229,-1.593898,0.280000,0.200000,0.160000,0.000000,-0.600000,0.154017
607,-0.612637,-1.625568,-11.695414,0.153821,-0.047341,-1.595452,0.300000,0.200000,0.160000,0.000000,-0.600000,0.153821
608,-0.611284,-1.624696,-11.711369,0.153651,-0.047409,-1.596186,0.300000,0.200000,0.160000,0.000000,-0.600000,0.153651
609,-0.609918,-1.623848,-11.727330,0.153497,-0.047448,-1.596350,0.300000,0.200000,0.160000,0.000000,-0.600000,0.153497
610,-0.608540,-1.623023,-11.743294,0.153355,-0.047466,-1.596119,0.320000,0.200000,0.160000,0.000000,-0.600000,0.153355
611,-0.607149,-1.622221,-11.759255,0.153221,-0.047471,-1.595618,0.320000,0.200000,0.160000,0.000000,-0.600000,0.153221
612,-0.605746,-1.621443,-11.775211,0.153093,-0.047467,-1.594932,0.340000,0.200000,0.160000,0.000000,-0.600000,0.153093
613,-0.604333,-1.620688,-11.791161,0.152969,-0.047456,-1.594121,0.340000,0.200000,0.160000,0.000000,-0.600000,0.152969
614,-0.602908,-1.619956,-11.807102,0.152848,-0.047441,-1.593225,0.360000,0.200000,0.160000,0.000000,-0.600000,0.152848
615,-0.601473,-1.619248,-11.823034,0.152728,-0.047424,-1.592273,0.360000,0.220000,0.160000,0.000000,-0.600000,0.152728
616,-0.600027,-1.618564,-11.838957,0.152611,-0.047404,-1.591282,0.380000,0.220000,0.160000,0.000000,-0.600000,0.152611
617,-0.598572,-1.617903,-11.854870,0.152494,-0.047382,-1.590266,0.380000,0.220000,0.160000,0.000000,-0.600000,0.152494
618,-0.597108,-1.617266,-11.870772,0.152378,-0.047360,-1.589234,0.400000,0.220000,0.160000,0.000000,-0.600000,0.152378
619,-0.595635,-1.616653,-11.886665,0.152263,-0.047337,-1.588192,0.420000,0.220000,0.160000,0.000000,-0.600000,0.152263
620,-0.594153,-1.616064,-11.902547,0.152149,-0.047314,-1.587144,0.440000,0.220000,0.160000,0.000000,-0.600000,0.152149
621,-0.592663,-1.615499,-11.918418,0.152035,-0.047291,-1.586092,0.460000,0.220000,0.160000,0.000000,-0.600000,0.152035
622,-0.591165,-1.614959,-11.934279,0.151921,-0.047267,-1.585040,0.480000,0.240000,0.160000,0.000000,-0.600000,0.151921
623,-0.589660,-1.614443,-11.950129,0.151808,-0.047244,-1.583988,0.500000,0.240000,0.160000,0.000000,-0.600000,0.151808
624,-0.588148,-1.613951,-11.965969,0.151695,-0.047220,-1.582936,0.540000,0.240000,0.180000,0.200000,-0.600000,0.151695
625,-0.586630,-1.613483,-11.981799,0.165583,-0.047196,-1.581886,0.580000,0.240000,0.180000,0.200000,-0.600000,0.165583
626,-0.584989,-1.612963,-11.997617,0.178831,-0.047793,-1.625407,0.600000,0.260000,0.180000,0.200000,-0.600000,0.178831
627,-0.583224,-1.612403,-12.013872,0.191731,-0.048736,-1.688499,0.660000,0.260000,0.180000,0.200000,-0.600000,0.191731
628,-0.581337,-1.611811,-12.030757,0.204427,-0.049839,-1.761145,0.700000,0.260000,0.180000,0.200000,-0.600000,0.204427
629,-0.579324,-1.611197,-12.048368,0.216994,-0.050981,-1.838670,0.780000,0.280000,0.180000,0.200000,-0.600000,0.216994
630,-0.577187,-1.610565,-12.066755,0.229474,-0.052085,-1.918602,0.860000,0.280000,0.180000,0.400000,-0.600000,0.229474
631,-0.574923,-1.609923,-12.085941,0.255893,-0.053095,-1.999499,0.980000,0.280000,0.180000,0.200000,-0.600000,0.255893
632,-0.572408,-1.609211,-12.105936,0.268000,-0.053982,-2.101397,1.000000,0.300000,0.180000,0.400000,-0.600000,0.268000
633,-0.569767,-1.608504,-12.126950,0.294127,-0.054656,-2.195712,1.000000,0.300000,0.180000,0.400000,-0.600000,0.294127
634,-0.566873,-1.607747,-12.148907,0.320061,-0.054981,-2.301146,1.000000,0.320000,0.200000,0.400000,-0.600000,0.320061
635,-0.563724,-1.606952,-12.171918,0.345858,-0.054847,-2.411533,1.000000,0.340000,0.200000,0.400000,-0.600000,0.345858
636,-0.560321,-1.606129,-12.196034,0.371544,-0.054170,-2.523272,1.000000,0.360000,0.200000,0.400000,-0.600000,0.371544
637,-0.556661,-1.605290,-12.221266,0.397126,-0.052879,-2.634078,1.000000,0.380000,0.200000,0.400000,-0.600000,0.397126
638,-0.552745,-1.604444,-12.247607,0.422601,-0.050917,-2.742402,1.000000,0.400000,0.200000,0.400000,-0.600000,0.422601
639,-0.548572,-1.603603,-12.275031,0.447955,-0.048233,-2.847146,1.000000,0.440000,0.220000,0.400000,-0.600000,0.447955
640,-0.544143,-1.602778,-12.303503,0.473171,-0.044787,-2.947500,1.000000,0.480000,0.220000,0.400000,-0.600000,0.473171
641,-0.539457,-1.601981,-12.332978,0.498225,-0.040545,-3.042863,1.000000,0.540000,0.240000,0.400000,-0.600000,0.498225
642,-0.534516,-1.601223,-12.363406,0.523089,-0.035479,-3.132786,1.000000,0.620000,0.240000,0.400000,-0.600000,0.523089
643,-0.529321,-1.600516,-12.394734,0.547732,-0.029569,-3.216946,1.000000,0.720000,0.260000,0.200000,-0.600000,0.547732
644,-0.523874,-1.599872,-12.426903,0.558122,-0.022797,-3.295120,1.000000,0.880000,0.260000,0.200000,-0.600000,0.558122
645,-0.518315,-1.599322,-12.459855,0.568251,-0.015663,-3.361598,1.000000,1.000000,0.280000,0.200000,-0.600000,0.568251
646,-0.512648,-1.598874,-12.493471,0.578092,-0.008193,-3.417983,1.000000,1.000000,0.300000,0.200000,-0.600000,0.578092
647,-0.506877,-1.598534,-12.527650,0.587626,-0.000412,-3.465586,0.940000,1.000000,0.320000,0.200000,-0.600000,0.587626
648,-0.501005,-1.598311,-12.562306,0.596834,0.007656,-3.505492,0.840000,1.000000,0.360000,0.200000,-0.600000,0.596834
649,-0.495037,-1.598210,-12.597361,0.605702,0.015986,-3.538606,0.760000,1.000000,0.380000,0.200000,-0.600000,0.605702
650,-0.488978,-1.598238,-12.632747,0.614218,0.024555,-3.565691,0.700000,1.000000,0.440000,0.200000,-0.600000,0.614218
651,-0.482833,-1.598401,-12.668404,0.622372,0.033340,-3.587395,0.660000,1.000000,0.500000,0.200000,-0.600000,0.622372
652,-0.476608,-1.598703,-12.704278,0.630156,0.042319,-3.604276,0.620000,1.000000,0.580000,0.200000,-0.600000,0.630156
653,-0.470308,-1.599150,-12.740321,0.637565,0.051468,-3.616817,0.580000,1.000000,0.700000,0.200000,-0.400000,0.637565
654,-0.463939,-1.599747,-12.776489,0.646810,0.061426,-3.597240,0.540000,1.000000,0.880000,0.200000,-0.400000,0.646810
655,-0.457485,-1.600495,-12.812462,0.655625,0.071285,-3.580629,0.500000,1.000000,1.000000,0.200000,-0.400000,0.655625
656,-0.450953,-1.601401,-12.848268,0.664022,0.081078,-3.566433,0.480000,1.000000,1.000000,0.200000,-0.400000,0.664022
657,-0.444349,-1.602469,-12.883932,0.672014,0.090829,-3.554214,0.460000,0.900000,1.000000,0.200000,-0.400000,0.672014
658,-0.437681,-1.603705,-12.919474,0.679611,0.100556,-3.543624,0.440000,0.820000,1.000000,0.200000,-0.400000,0.679611
659,-0.430957,-1.605111,-12.954911,0.686818,0.110275,-3.534384,0.420000,0.740000,1.000000,0.200000,-0.400000,0.686818
660,-0.424183,-1.606693,-12.990254,0.693643,0.119996,-3.526267,0.400000,0.680000,1.000000,0.200000,-0.400000,0.693643
661,-0.417367,-1.608452,-13.025517,0.700089,0.129727,-3.519089,0.380000,0.620000,1.000000,0.200000,-0.400000,0.700089
662,-0.410516,-1.610392,-13.060708,0.706160,0.139473,-3.512701,0.380000,0.580000,1.000000,0.200000,-0.400000,0.706160
663,-0.403638,-1.612514,-13.095835,0.711860,0.149237,-3.506981,0.360000,0.540000,1.000000,0.200000,-0.400000,0.711860
664,-0.396740,-1.614822,-13.130905,0.717191,0.159022,-3.501828,0.340000,0.520000,1.000000,0.200000,-0.400000,0.717191
665,-0.389830,-1.617315,-13.165923,0.722155,0.168826,-3.497160,0.340000,0.480000,1.000000,0.200000,-0.400000,0.722155
666,-0.382916,-1.619996,-13.200895,0.726753,0.178650,-3.492912,0.320000,0.460000,0.940000,0.200000,-0.400000,0.726753
667,-0.376004,-1.622866,-13.235824,0.730988,0.188492,-3.489027,0.320000,0.440000,0.840000,0.200000,-0.400000,0.730988
668,-0.369102,-1.625924,-13.270714,0.734861,0.198347,-3.485462,0.300000,0.420000,0.760000,0.200000,-0.400000,0.734861
669,-0.362218,-1.629171,-13.305569,0.738373,0.208212,-3.482180,0.300000,0.400000,0.680000,0.200000,-0.400000,0.738373
670,-0.355358,-1.632606,-13.340390,0.741525,0.218083,-3.479152,0.300000,0.380000,0.620000,0.000000,-0.400000,0.741525
671,-0.348531,-1.636230,-13.375182,0.730320,0.227954,-3.476355,0.280000,0.360000,0.580000,0.000000,-0.600000,0.730320
672,-0.341840,-1.639940,-13.409946,0.716857,0.237772,-3.452687,0.280000,0.340000,0.540000,0.000000,-0.400000,0.716857
673,-0.335298,-1.643715,-13.444472,0.704984,0.246362,-3.449071,0.280000,0.320000,0.500000,0.000000,-0.400000,0.704984
674,-0.328900,-1.647566,-13.478963,0.692804,0.254424,-3.445175,0.260000,0.320000,0.460000,0.000000,-0.400000,0.692804
675,-0.322650,-1.651491,-13.513415,0.680340,0.261954,-3.441107,0.260000,0.300000,0.440000,0.000000,-0.600000,0.680340
676,-0.316550,-1.655483,-13.547826,0.665748,0.269547,-3.411484,0.260000,0.300000,0.400000,0.000000,-0.600000,0.665748
677,-0.310609,-1.659519,-13.581941,0.650966,0.276391,-3.380856,0.240000,0.280000,0.380000,0.000000,-0.600000,0.650966
678,-0.304829,-1.663594,-13.615749,0.636026,0.282487,-3.349384,0.240000,0.280000,0.360000,0.000000,-0.600000,0.636026
679,-0.299211,-1.667702,-13.649243,0.620963,0.287841,-3.317202,0.240000,0.260000,0.340000,0.000000,-0.600000,0.620963
680,-0.293757,-1.671838,-13.682415,0.605807,0.292456,-3.284423,0.240000,0.260000,0.340000,0.000000,-0.600000,0.605807
681,-0.288469,-1.675996,-13.715259,0.590589,0.296340,-3.251145,0.220000,0.260000,0.320000,0.000000,-0.600000,0.590589
682,-0.283347,-1.680170,-13.747771,0.575336,0.299502,-3.217450,0.220000,0.240000,0.300000,0.000000,-0.600000,0.575336
683,-0.278392,-1.684356,-13.779945,0.560077,0.301951,-3.183409,0.220000,0.240000,0.280000,0.000000,-0.600000,0.560077
684,-0.273605,-1.688547,-13.811779,0.544839,0.303698,-3.149082,0.220000,0.240000,0.280000,0.200000,-0.600000,0.544839
685,-0.268985,-1.692739,-13.843270,0.543646,0.304756,-3.114518,0.220000,0.220000,0.260000,0.000000,-0.600000,0.543646
686,-0.264494,-1.697059,-13.874415,0.528523,0.305585,-3.080005,0.220000,0.220000,0.260000,0.000000,-0.600000,0.528523
687,-0.260170,-1.701369,-13.905215,0.513478,0.305745,-3.045301,0.220000,0.220000,0.240000,0.000000,-0.600000,0.513478
688,-0.256014,-1.705664,-13.935668,0.498531,0.305250,-3.010441,0.200000,0.200000,0.240000,0.000000,-0.600000,0.498531
689,-0.252026,-1.709937,-13.965773,0.483704,0.304115,-2.975456,0.200000,0.200000,0.240000,0.000000,-0.600000,0.483704
690,-0.248204,-1.714185,-13.995527,0.469016,0.302354,-2.940370,0.200000,0.200000,0.220000,0.000000,-0.600000,0.469016
691,-0.244549,-1.718401,-14.024931,0.454484,0.299983,-2.905204,0.200000,0.200000,0.220000,0.000000,-0.600000,0.454484
692,-0.241059,-1.722581,-14.053983,0.440127,0.297016,-2.869976,0.200000,0.200000,0.220000,0.000000,-0.600000,0.440127
693,-0.237733,-1.726721,-14.082683,0.425959,0.293471,-2.834700,0.200000,0.180000,0.200000,0.000000,-0.600000,0.425959
694,-0.234571,-1.730814,-14.111030,0.411996,0.289362,-2.799387,0.200000,0.180000,0.200000,0.000000,-0.600000,0.411996
695,-0.231570,-1.734857,-14.139024,0.398251,0.284708,-2.764046,0.200000,0.180000,0.200000,0.000000,-0.600000,0.398251
696,-0.228731,-1.738845,-14.166664,0.384737,0.279524,-2.728682,0.200000,0.180000,0.180000,0.000000,-0.600000,0.384737
697,-0.226050,-1.742773,-14.193951,0.371464,0.273826,-2.693301,0.200000,0.180000,0.180000,0.000000,-0.600000,0.371464
698,-0.223527,-1.746637,-14.220884,0.358444,0.267632,-2.657903,0.180000,0.180000,0.180000,0.000000,-0.600000,0.358444
699,-0.221160,-1.750433,-14.247463,0.345685,0.260959,-2.622488,0.180000,0.180000,0.180000,0.000000,-0.600000,0.345685
700,-0.218947,-1.754156,-14.273688,0.333196,0.253822,-2.587054,0.180000,0.160000,0.180000,0.000000,-0.600000,0.333196
701,-0.216886,-1.757802,-14.299559,0.320985,0.246238,-2.551595,0.180000,0.160000,0.160000,0.000000,-0.600000,0.320985
702,-0.214975,-1.761368,-14.325075,0.309059,0.238224,-2.516106,0.180000,0.160000,0.160000,0.000000,-0.600000,0.309059
703,-0.213212,-1.764849,-14.350236,0.297422,0.229796,-2.480575,0.180000,0.160000,0.160000,0.000000,-0.600000,0.297422
704,-0.211595,-1.768242,-14.375041,0.286080,0.220970,-2.444990,0.180000,0.160000,0.160000,0.000000,-0.600000,0.286080
705,-0.210121,-1.771543,-14.399491,0.275037,0.211762,-2.409334,0.180000,0.160000,0.160000,0.000000,-0.600000,0.275037
706,-0.208789,-1.774748,-14.423585,0.264296,0.202187,-2.373584,0.180000,0.160000,0.160000,0.000000,-0.600000,0.264296
707,-0.207596,-1.777855,-14.447320,0.253861,0.192262,-2.337714,0.180000,0.160000,0.140000,0.000000,-0.600000,0.253861
708,-0.206540,-1.780859,-14.470698,0.243734,0.182002,-2.301688,0.180000,0.160000,0.140000,0.000000,-0.600000,0.243734
709,-0.205619,-1.783758,-14.493714,0.233915,0.171422,-2.265461,0.180000,0.160000,0.140000,0.000000,-0.600000,0.233915
710,-0.204829,-1.786548,-14.516369,0.224407,0.160538,-2.228974,0.180000,0.160000,0.140000,0.000000,-0.600000,0.224407
711,-0.204168,-1.789227,-14.538659,0.215210,0.149365,-2.192149,0.180000,0.140000,0.140000,0.000000,-0.600000,0.215210
712,-0.203634,-1.791792,-14.560580,0.206325,0.137920,-2.154881,0.180000,0.140000,0.140000,0.000000,-0.600000,0.206325
713,-0.203224,-1.794240,-14.582129,0.197753,0.126219,-2.117029,0.180000,0.140000,0.140000,0.000000,-0.600000,0.197753
714,-0.202936,-1.796568,-14.603299,0.189495,0.114280,-2.078393,0.180000,0.140000,0.140000,0.000000,-0.600000,0.189495
715,-0.202767,-1.798774,-14.624083,0.181552,0.102123,-2.038694,0.200000,0.140000,0.140000,0.000000,-0.600000,0.181552
716,-0.202714,-1.800857,-14.644470,0.173930,0.089771,-1.997524,0.200000,0.140000,0.140000,0.000000,-0.600000,0.173930
717,-0.202774,-1.802813,-14.664445,0.166634,0.077253,-1.954283,0.200000,0.140000,0.120000,0.000000,-0.600000,0.166634
718,-0.202945,-1.804642,-14.683988,0.159677,0.064605,-1.908074,0.200000,0.140000,0.120000,0.000000,-0.600000,0.159677
719,-0.203224,-1.806342,-14.703069,0.153077,0.051881,-1.857537,0.200000,0.140000,0.120000,0.000000,-0.600000,0.153077
720,-0.203607,-1.807912,-14.721644,0.146868,0.039156,-1.800634,0.200000,0.140000,0.120000,0.000000,-0.600000,0.146868
721,-0.204090,-1.809353,-14.739651,0.141100,0.026541,-1.734421,0.200000,0.140000,0.120000,0.000000,-0.600000,0.141100
722,-0.204671,-1.810666,-14.756995,0.135848,0.014203,-1.655051,0.200000,0.140000,0.120000,0.000000,-0.600000,0.135848
723,-0.205345,-1.811854,-14.773545,0.131207,0.002378,-1.558775,0.220000,0.140000,0.120000,0.000000,-0.600000,0.131207
724,-0.206105,-1.812924,-14.789133,0.127270,-0.008612,-1.445362,0.220000,0.140000,0.120000,0.000000,-0.600000,0.127270
725,-0.206946,-1.813883,-14.803587,0.124085,-0.018325,-1.325297,0.220000,0.140000,0.120000,0.000000,-0.600000,0.124085
726,-0.207857,-1.814745,-14.816840,0.121621,-0.026133,-1.226908,0.220000,0.140000,0.120000,0.000000,-0.600000,0.121621
727,-0.208825,-1.815527,-14.829109,0.119791,-0.031465,-1.181984,0.220000,0.140000,0.120000,0.000000,-0.600000,0.119791
728,-0.209831,-1.816248,-14.840929,0.118504,-0.034569,-1.183634,0.220000,0.160000,0.120000,0.000000,-0.600000,0.118504
729,-0.210862,-1.816928,-14.852765,0.117652,-0.036292,-1.199898,0.220000,0.160000,0.120000,0.000000,-0.600000,0.117652
730,-0.211908,-1.817578,-14.864764,0.117109,-0.037266,-1.214467,0.240000,0.160000,0.120000,0.000000,-0.600000,0.117109
731,-0.212965,-1.818205,-14.876909,0.116765,-0.037825,-1.224339,0.240000,0.160000,0.120000,0.000000,-0.600000,0.116765
732,-0.214031,-1.818812,-14.889152,0.116543,-0.038147,-1.230383,0.240000,0.160000,0.120000,0.000000,-0.600000,0.116543
733,-0.215106,-1.819403,-14.901456,0.116396,-0.038333,-1.233888,0.240000,0.160000,0.120000,0.000000,-0.600000,0.116396
734,-0.216188,-1.819978,-14.913795,0.116292,-0.038438,-1.235819,0.260000,0.160000,0.120000,0.000000,-0.600000,0.116292
735,-0.217277,-1.820538,-14.926153,0.116214,-0.038495,-1.236803,0.260000,0.160000,0.120000,0.000000,-0.600000,0.116214
736,-0.218373,-1.821083,-14.938521,0.116152,-0.038524,-1.237222,0.260000,0.160000,0.120000,0.000000,-0.600000,0.116152
737,-0.219476,-1.821615,-14.950893,0.116099,-0.038537,-1.237306,0.260000,0.160000,0.120000,0.000000,-0.600000,0.116099
738,-0.220584,-1.822132,-14.963266,0.116051,-0.038540,-1.237193,0.280000,0.160000,0.120000,0.000000,-0.600000,0.116051
739,-0.221699,-1.822635,-14.975638,0.116007,-0.038538,-1.236963,0.280000,0.160000,0.120000,0.000000,-0.600000,0.116007
740,-0.222819,-1.823124,-14.988008,0.115964,-0.038532,-1.236664,0.300000,0.160000,0.120000,0.000000,-0.600000,0.115964
741,-0.223945,-1.823599,-15.000375,0.115923,-0.038524,-1.236325,0.300000,0.160000,0.120000,0.000000,-0.600000,0.115923
742,-0.225076,-1.824060,-15.012738,0.115882,-0.038515,-1.235962,0.300000,0.160000,0.120000,0.000000,-0.600000,0.115882
743,-0.226213,-1.824506,-15.025097,0.115842,-0.038505,-1.235586,0.320000,0.160000,0.120000,0.000000,-0.600000,0.115842
744,-0.227355,-1.824939,-15.037453,0.115802,-0.038495,-1.235202,0.320000,0.180000,0.120000,0.000000,-0.600000,0.115802
745,-0.228501,-1.825357,-15.049805,0.115762,-0.038484,-1.234813,0.340000,0.180000,0.120000,0.000000,-0.600000,0.115762
746,-0.229652,-1.825760,-15.062153,0.115722,-0.038474,-1.234422,0.340000,0.180000,0.120000,0.000000,-0.600000,0.115722
747,-0.230808,-1.826150,-15.074498,0.115683,-0.038463,-1.234030,0.360000,0.180000,0.120000,0.200000,-0.600000,0.115683
748,-0.231968,-1.826524,-15.086838,0.129643,-0.038453,-1.233637,0.380000,0.180000,0.120000,0.200000,-0.600000,0.129643
749,-0.233246,-1.826966,-15.099174,0.142747,-0.039448,-1.290233,0.400000,0.180000,0.140000,0.200000,-0.600000,0.142747
750,-0.234643,-1.827459,-15.112077,0.155472,-0.040960,-1.365273,0.420000,0.180000,0.140000,0.200000,-0.600000,0.155472
751,-0.236159,-1.827992,-15.125729,0.168005,-0.042694,-1.448158,0.440000,0.180000,0.140000,0.200000,-0.600000,0.168005
752,-0.237797,-1.828560,-15.140211,0.180433,-0.044490,-1.534694,0.460000,0.200000,0.140000,0.200000,-0.600000,0.180433
753,-0.239558,-1.829155,-15.155558,0.192802,-0.046258,-1.622829,0.480000,0.200000,0.140000,0.200000,-0.600000,0.192802
754,-0.241442,-1.829773,-15.171786,0.205134,-0.047942,-1.711414,0.520000,0.200000,0.140000,0.200000,-0.600000,0.205134
755,-0.243450,-1.830408,-15.188900,0.217443,-0.049505,-1.799738,0.580000,0.200000,0.140000,0.200000,-0.600000,0.217443
756,-0.245584,-1.831057,-15.206898,0.229734,-0.050919,-1.887327,0.640000,0.200000,0.140000,0.200000,-0.600000,0.229734
757,-0.247843,-1.831714,-15.225771,0.242011,-0.052164,-1.973842,0.720000,0.220000,0.140000,0.200000,-0.600000,0.242011
758,-0.250229,-1.832374,-15.245509,0.254273,-0.053224,-2.059026,0.780000,0.220000,0.140000,0.200000,-0.600000,0.254273
759,-0.252743,-1.833032,-15.266100,0.266518,-0.054084,-2.142673,0.780000,0.220000,0.140000,0.000000,-0.600000,0.266518
760,-0.255383,-1.833683,-15.287526,0.264743,-0.054732,-2.224610,0.760000,0.240000,0.140000,0.200000,-0.600000,0.264743
761,-0.258023,-1.834264,-15.309772,0.277174,-0.055239,-2.284848,1.000000,0.240000,0.140000,0.200000,-0.600000,0.277174
762,-0.260792,-1.834830,-15.332621,0.289525,-0.055552,-2.349654,1.000000,0.260000,0.140000,0.200000,-0.600000,0.289525
763,-0.263690,-1.835374,-15.356117,0.301805,-0.055658,-2.416741,1.000000,0.280000,0.160000,0.200000,-0.600000,0.301805
764,-0.266715,-1.835892,-15.380285,0.314021,-0.055543,-2.484634,1.000000,0.300000,0.160000,0.400000,-0.600000,0.314021
765,-0.269867,-1.836377,-15.405131,0.340171,-0.055194,-2.552347,1.000000,0.320000,0.160000,0.400000,-0.600000,0.340171
766,-0.273278,-1.836864,-15.430655,0.366107,-0.054353,-2.633607,1.000000,0.340000,0.160000,0.400000,-0.600000,0.366107
767,-0.276948,-1.837344,-15.456991,0.391870,-0.052940,-2.721918,1.000000,0.380000,0.160000,0.400000,-0.600000,0.391870
768,-0.280875,-1.837804,-15.484210,0.417476,-0.050892,-2.813197,1.000000,0.420000,0.180000,0.400000,-0.600000,0.417476
769,-0.285059,-1.838234,-15.512342,0.442928,-0.048155,-2.904750,1.000000,0.460000,0.180000,0.400000,-0.600000,0.442928
770,-0.289497,-1.838623,-15.541389,0.468216,-0.044683,-2.994725,1.000000,0.540000,0.200000,0.400000,-0.600000,0.468216
771,-0.294189,-1.838959,-15.571337,0.493324,-0.040439,-3.081811,1.000000,0.660000,0.200000,0.200000,-0.600000,0.493324
772,-0.299131,-1.839230,-15.602155,0.504228,-0.035393,-3.165068,1.000000,0.740000,0.220000,0.200000,-0.600000,0.504228
773,-0.304183,-1.839410,-15.633805,0.514942,-0.029995,-3.237120,1.000000,0.720000,0.220000,0.200000,-0.600000,0.514942
774,-0.309340,-1.839493,-15.666177,0.525440,-0.024263,-3.299550,1.000000,1.000000,0.240000,0.200000,-0.600000,0.525440
775,-0.314600,-1.839470,-15.699172,0.535702,-0.018214,-3.353619,1.000000,1.000000,0.260000,0.200000,-0.600000,0.535702
776,-0.319959,-1.839335,-15.732708,0.545709,-0.011864,-3.400347,1.000000,1.000000,0.280000,0.200000,-0.600000,0.545709
777,-0.325411,-1.839081,-15.766712,0.555445,-0.005230,-3.440566,0.800000,1.000000,0.320000,0.200000,-0.600000,0.555445
778,-0.330953,-1.838703,-15.801117,0.564896,0.001672,-3.474968,0.740000,1.000000,0.360000,0.200000,-0.600000,0.564896
779,-0.336579,-1.838194,-15.835867,0.574049,0.008826,-3.504132,0.680000,1.000000,0.420000,0.200000,-0.600000,0.574049
780,-0.342284,-1.837549,-15.870908,0.582895,0.016215,-3.528553,0.640000,1.000000,0.500000,0.200000,-0.600000,0.582895
781,-0.348062,-1.836764,-15.906194,0.591424,0.023822,-3.548656,0.600000,1.000000,0.620000,0.200000,-0.600000,0.591424
782,-0.353907,-1.835833,-15.941681,0.599629,0.031630,-3.564809,0.580000,1.000000,0.700000,0.200000,-0.400000,0.599629
783,-0.359814,-1.834752,-15.977329,0.609803,0.040573,-3.536674,0.540000,1.000000,0.680000,0.200000,-0.400000,0.609803
784,-0.365800,-1.833520,-16.012695,0.619569,0.049365,-3.513334,0.520000,1.000000,0.960000,0.200000,-0.400000,0.619569
785,-0.371858,-1.832132,-16.047829,0.628949,0.058054,-3.493863,0.500000,1.000000,1.000000,0.000000,-0.400000,0.628949
786,-0.377981,-1.830583,-16.082767,0.623958,0.066677,-3.477535,0.460000,1.000000,1.000000,0.000000,-0.400000,0.623958
787,-0.384032,-1.828919,-16.117543,0.618614,0.074728,-3.460298,0.460000,0.880000,1.000000,0.200000,-0.400000,0.618614
788,-0.390004,-1.827141,-16.152146,0.626948,0.082223,-3.442409,0.440000,0.720000,1.000000,0.200000,-0.400000,0.626948
789,-0.396018,-1.825189,-16.186570,0.634984,0.089714,-3.427042,0.420000,0.660000,1.000000,0.200000,-0.400000,0.634984
790,-0.402068,-1.823061,-16.220840,0.642727,0.097215,-3.413800,0.400000,0.620000,1.000000,0.200000,-0.400000,0.642727
791,-0.408145,-1.820754,-16.254978,0.650182,0.104740,-3.402351,0.380000,0.580000,1.000000,0.200000,-0.400000,0.650182
792,-0.414243,-1.818267,-16.289002,0.657351,0.112298,-3.392424,0.380000,0.540000,1.000000,0.200000,-0.400000,0.657351
793,-0.420354,-1.815598,-16.322926,0.664236,0.119898,-3.383789,0.360000,0.520000,1.000000,0.200000,-0.400000,0.664236
794,-0.426471,-1.812745,-16.356764,0.670839,0.127545,-3.376255,0.360000,0.500000,1.000000,0.200000,-0.400000,0.670839
795,-0.432587,-1.809708,-16.390526,0.677160,0.135242,-3.369660,0.340000,0.460000,1.000000,0.200000,-0.400000,0.677160
796,-0.438695,-1.806486,-16.424223,0.683200,0.142993,-3.363869,0.340000,0.440000,1.000000,0.200000,-0.400000,0.683200
797,-0.444787,-1.803079,-16.457862,0.688959,0.150799,-3.358767,0.320000,0.420000,1.000000,0.200000,-0.400000,0.688959
798,-0.450856,-1.799486,-16.491449,0.694436,0.158659,-3.354254,0.320000,0.400000,0.680000,0.200000,-0.400000,0.694436
799,-0.456896,-1.795709,-16.524992,0.699630,0.166574,-3.350250,0.320000,0.380000,0.620000,0.000000,-0.400000,0.699630
800,-0.462899,-1.791748,-16.558494,0.690543,0.174542,-3.346684,0.300000,0.380000,0.580000,0.200000,-0.600000,0.690543
801,-0.468765,-1.787709,-16.591961,0.693227,0.182362,-3.328731,0.300000,0.360000,0.540000,0.200000,-0.400000,0.693227
802,-0.474571,-1.783505,-16.625249,0.697603,0.189745,-3.324802,0.280000,0.340000,0.500000,0.000000,-0.400000,0.697603
803,-0.480319,-1.779120,-16.658497,0.687721,0.197174,-3.321257,0.280000,0.340000,0.480000,0.000000,-0.400000,0.687721
804,-0.485920,-1.774670,-16.691709,0.677579,0.204141,-3.317073,0.280000,0.320000,0.440000,0.000000,-0.600000,0.677579
805,-0.491373,-1.770159,-16.724880,0.665289,0.211083,-3.293511,0.280000,0.320000,0.420000,0.000000,-0.600000,0.665289
806,-0.496668,-1.765611,-16.757815,0.652806,0.217393,-3.268305,0.260000,0.300000,0.400000,0.000000,-0.600000,0.652806
807,-0.501802,-1.761031,-16.790498,0.640161,0.223067,-3.241682,0.260000,0.300000,0.380000,0.000000,-0.600000,0.640161
808,-0.506775,-1.756424,-16.822915,0.627381,0.228104,-3.213835,0.260000,0.280000,0.360000,0.000000,-0.600000,0.627381
809,-0.511585,-1.751795,-16.855053,0.614493,0.232504,-3.184931,0.260000,0.280000,0.340000,0.000000,-0.600000,0.614493
810,-0.516231,-1.747149,-16.886903,0.601523,0.236270,-3.155113,0.240000,0.260000,0.340000,0.200000,-0.600000,0.601523
811,-0.520712,-1.742492,-16.918454,0.602498,0.239406,-3.124503,0.240000,0.260000,0.320000,0.200000,-0.600000,0.602498
812,-0.525077,-1.737698,-16.949699,0.603443,0.242379,-3.093934,0.240000,0.260000,0.300000,0.200000,-0.600000,0.603443
813,-0.529320,-1.732771,-16.980638,0.604366,0.245188,-3.063412,0.240000,0.240000,0.300000,0.000000,-0.600000,0.604366
814,-0.533439,-1.727714,-17.011272,0.591273,0.247834,-3.032940,0.240000,0.240000,0.280000,0.000000,-0.600000,0.591273
815,-0.537392,-1.722667,-17.041602,0.578170,0.249868,-3.001823,0.220000,0.240000,0.280000,-0.200000,-0.600000,0.578170
816,-0.541179,-1.717634,-17.071620,0.551079,0.251297,-2.970144,0.220000,0.220000,0.260000,-0.200000,-0.600000,0.551079
817,-0.544772,-1.712758,-17.101321,0.524018,0.251693,-2.937397,0.220000,0.220000,0.260000,-0.200000,-0.600000,0.524018
818,-0.548174,-1.708044,-17.130695,0.497022,0.251075,-2.903776,0.220000,0.220000,0.240000,-0.200000,-0.600000,0.497022
819,-0.551391,-1.703498,-17.159733,0.470125,0.249462,-2.869446,0.220000,0.220000,0.240000,-0.200000,-0.600000,0.470125
820,-0.554426,-1.699127,-17.188427,0.443355,0.246876,-2.834548,0.220000,0.220000,0.240000,-0.200000,-0.600000,0.443355
821,-0.557285,-1.694934,-17.216773,0.416742,0.243343,-2.799203,0.220000,0.200000,0.220000,-0.200000,-0.600000,0.416742
822,-0.559972,-1.690925,-17.244765,0.390312,0.238885,-2.763519,0.220000,0.200000,0.220000,-0.200000,-0.600000,0.390312
823,-0.562492,-1.687106,-17.272400,0.364088,0.233530,-2.727588,0.220000,0.200000,0.220000,-0.200000,-0.600000,0.364088
824,-0.564850,-1.683480,-17.299676,0.338094,0.227304,-2.691493,0.220000,0.200000,0.200000,-0.200000,-0.600000,0.338094
825,-0.567052,-1.680052,-17.326591,0.312349,0.220233,-2.655309,0.200000,0.200000,0.200000,0.000000,-0.600000,0.312349
826,-0.569102,-1.676827,-17.353144,0.300871,0.212346,-2.619104,0.200000,0.200000,0.200000,0.000000,-0.600000,0.300871
827,-0.570996,-1.673668,-17.379335,0.289682,0.204045,-2.582800,0.200000,0.180000,0.200000,0.000000,-0.600000,0.289682
828,-0.572736,-1.670581,-17.405163,0.278786,0.195349,-2.546372,0.200000,0.180000,0.200000,0.000000,-0.600000,0.278786
829,-0.574322,-1.667570,-17.430627,0.268189,0.186273,-2.509788,0.200000,0.180000,0.180000,0.000000,-0.600000,0.268189
830,-0.575758,-1.664637,-17.455725,0.257894,0.176833,-2.473007,0.200000,0.180000,0.180000,0.000000,-0.600000,0.257894
831,-0.577044,-1.661787,-17.480455,0.247906,0.167046,-2.435977,0.200000,0.180000,0.180000,0.000000,-0.600000,0.247906
832,-0.578184,-1.659023,-17.504814,0.238228,0.156928,-2.398630,0.200000,0.180000,0.180000,0.000000,-0.600000,0.238228
833,-0.579180,-1.656350,-17.528801,0.228862,0.146496,-2.360877,0.200000,0.180000,0.180000,0.000000,-0.600000,0.228862
834,-0.580033,-1.653770,-17.552410,0.219811,0.135768,-2.322601,0.220000,0.180000,0.180000,0.000000,-0.600000,0.219811
835,-0.580746,-1.651287,-17.575636,0.211078,0.124760,-2.283646,0.220000,0.180000,0.180000,0.000000,-0.600000,0.211078
836,-0.581322,-1.648903,-17.598472,0.202665,0.113492,-2.243796,0.220000,0.180000,0.160000,0.000000,-0.600000,0.202665
837,-0.581762,-1.646623,-17.620910,0.194576,0.101985,-2.202756,0.220000,0.180000,0.160000,0.000000,-0.600000,0.194576
838,-0.582070,-1.644447,-17.642938,0.186816,0.090263,-2.160107,0.220000,0.180000,0.160000,0.000000,-0.600000,0.186816
839,-0.582248,-1.642380,-17.664539,0.179394,0.078356,-2.115254,0.220000,0.180000,0.160000,0.000000,-0.600000,0.179394
840,-0.582299,-1.640423,-17.685691,0.172321,0.066301,-2.067339,0.220000,0.180000,0.160000,0.000000,-0.600000,0.172321
841,-0.582226,-1.638579,-17.706365,0.165615,0.054146,-2.015120,0.220000,0.180000,0.160000,0.000000,-0.600000,0.165615
842,-0.582032,-1.636847,-17.726516,0.159305,0.041960,-1.956823,0.220000,0.180000,0.160000,0.000000,-0.600000,0.159305
843,-0.581720,-1.635229,-17.746084,0.153432,0.029836,-1.890005,0.220000,0.180000,0.160000,0.000000,-0.600000,0.153432
844,-0.581295,-1.633725,-17.764984,0.148053,0.017909,-1.811596,0.220000,0.180000,0.160000,0.000000,-0.600000,0.148053
845,-0.580762,-1.632332,-17.783100,0.143241,0.006360,-1.718544,0.240000,0.180000,0.160000,0.000000,-0.600000,0.143241
846,-0.580125,-1.631048,-17.800285,0.139068,-0.004568,-1.609835,0.240000,0.180000,0.160000,0.000000,-0.600000,0.139068
847,-0.579393,-1.629865,-17.816384,0.135579,-0.014557,-1.490698,0.240000,0.180000,0.160000,0.000000,-0.600000,0.135579
848,-0.578574,-1.628775,-17.831291,0.132766,-0.023163,-1.378137,0.240000,0.180000,0.160000,0.000000,-0.600000,0.132766
849,-0.577680,-1.627766,-17.845072,0.130574,-0.029835,-1.299854,0.240000,0.180000,0.160000,0.000000,-0.600000,0.130574
850,-0.576727,-1.626824,-17.858071,0.128925,-0.034312,-1.271377,0.240000,0.180000,0.160000,0.000000,-0.600000,0.128925
851,-0.575734,-1.625933,-17.870784,0.127742,-0.037018,-1.276153,0.240000,0.180000,0.160000,0.000000,-0.600000,0.127742
852,-0.574714,-1.625080,-17.883546,0.126930,-0.038614,-1.290649,0.260000,0.180000,0.160000,0.000000,-0.600000,0.126930
853,-0.573675,-1.624255,-17.896452,0.126386,-0.039563,-1.303879,0.260000,0.180000,0.160000,0.000000,-0.600000,0.126386
854,-0.572620,-1.623454,-17.909491,0.126021,-0.040133,-1.313366,0.260000,0.180000,0.160000,0.000000,-0.600000,0.126021
855,-0.571553,-1.622673,-17.922625,0.125773,-0.040477,-1.319516,0.260000,0.180000,0.160000,0.000000,-0.600000,0.125773
856,-0.570474,-1.621910,-17.935820,0.125599,-0.040683,-1.323270,0.260000,0.180000,0.160000,0.000000,-0.600000,0.125599
857,-0.569385,-1.621164,-17.949053,0.125470,-0.040804,-1.325437,0.280000,0.180000,0.160000,0.000000,-0.600000,0.125470
858,-0.568286,-1.620434,-17.962307,0.125370,-0.040874,-1.326590,0.280000,0.180000,0.160000,0.000000,-0.600000,0.125370
859,-0.567177,-1.619720,-17.975573,0.125288,-0.040912,-1.327106,0.280000,0.180000,0.160000,0.000000,-0.600000,0.125288
860,-0.566059,-1.619022,-17.988844,0.125216,-0.040930,-1.327224,0.280000,0.180000,0.160000,0.000000,-0.600000,0.125216
861,-0.564933,-1.618339,-18.002116,0.125152,-0.040936,-1.327097,0.300000,0.180000,0.160000,0.000000,-0.600000,0.125152
862,-0.563798,-1.617672,-18.015387,0.125092,-0.040934,-1.326818,0.300000,0.200000,0.160000,0.000000,-0.600000,0.125092
863,-0.562654,-1.617021,-18.028655,0.125034,-0.040928,-1.326446,0.300000,0.200000,0.160000,0.000000,-0.600000,0.125034
864,-0.561502,-1.616385,-18.041920,0.124978,-0.040919,-1.326016,0.320000,0.200000,0.160000,0.000000,-0.600000,0.124978
865,-0.560343,-1.615764,-18.055180,0.124923,-0.040908,-1.325550,0.320000,0.200000,0.160000,0.000000,-0.600000,0.124923
866,-0.559176,-1.615160,-18.068436,0.124869,-0.040896,-1.325064,0.320000,0.200000,0.160000,0.000000,-0.600000,0.124869
867,-0.558001,-1.614571,-18.081686,0.124816,-0.040883,-1.324564,0.340000,0.200000,0.160000,0.000000,-0.600000,0.124816
868,-0.556819,-1.613998,-18.094932,0.124762,-0.040870,-1.324057,0.340000,0.200000,0.160000,0.000000,-0.600000,0.124762
869,-0.555630,-1.613441,-18.108172,0.124709,-0.040857,-1.323545,0.360000,0.200000,0.160000,0.000000,-0.600000,0.124709
870,-0.554434,-1.612900,-18.121408,0.124657,-0.040844,-1.323031,0.360000,0.200000,0.160000,0.000000,-0.600000,0.124657
871,-0.553232,-1.612376,-18.134638,0.124604,-0.040830,-1.322516,0.380000,0.200000,0.160000,0.000000,-0.600000,0.124604
872,-0.552024,-1.611867,-18.147863,0.124551,-0.040817,-1.322000,0.380000,0.220000,0.160000,0.000000,-0.600000,0.124551
873,-0.550809,-1.611375,-18.161083,0.124499,-0.040803,-1.321484,0.400000,0.220000,0.160000,0.000000,-0.600000,0.124499
874,-0.549588,-1.610899,-18.174298,0.124446,-0.040790,-1.320969,0.420000,0.220000,0.160000,0.000000,-0.600000,0.124446
875,-0.548362,-1.610439,-18.187508,0.124394,-0.040776,-1.320454,0.420000,0.220000,0.160000,0.000000,-0.600000,0.124394
876,-0.547130,-1.609996,-18.200712,0.124342,-0.040763,-1.319940,0.440000,0.220000,0.160000,0.000000,-0.600000,0.124342
877,-0.545893,-1.609570,-18.213912,0.124289,-0.040749,-1.319426,0.460000,0.220000,0.160000,0.000000,-0.600000,0.124289
878,-0.544651,-1.609160,-18.227106,0.124237,-0.040736,-1.318913,0.480000,0.220000,0.160000,0.000000,-0.600000,0.124237
879,-0.543404,-1.608766,-18.240295,0.124185,-0.040722,-1.318401,0.500000,0.240000,0.160000,0.000000,-0.600000,0.124185
880,-0.542153,-1.608390,-18.253479,0.124134,-0.040709,-1.317890,0.520000,0.240000,0.160000,0.200000,-0.600000,0.124134
881,-0.540897,-1.608030,-18.266658,0.138082,-0.040695,-1.317379,0.560000,0.240000,0.160000,0.200000,-0.600000,0.138082
882,-0.539520,-1.607609,-18.279832,0.151233,-0.041584,-1.370390,0.580000,0.240000,0.160000,0.200000,-0.600000,0.151233
883,-0.538022,-1.607144,-18.293536,0.164010,-0.042951,-1.442448,0.620000,0.240000,0.160000,0.200000,-0.600000,0.164010
884,-0.536402,-1.606643,-18.307960,0.176589,-0.044529,-1.522890,0.660000,0.260000,0.180000,0.200000,-0.600000,0.176589
885,-0.534660,-1.606114,-18.323189,0.189056,-0.046170,-1.607328,0.720000,0.260000,0.180000,0.200000,-0.600000,0.189056
886,-0.532793,-1.605564,-18.339262,0.201456,-0.047784,-1.693584,0.780000,0.260000,0.180000,0.200000,-0.600000,0.201456
887,-0.530802,-1.604996,-18.356198,0.213812,-0.049314,-1.780428,0.880000,0.280000,0.180000,0.400000,-0.600000,0.213812
888,-0.528685,-1.604418,-18.374003,0.240139,-0.050721,-1.867096,0.980000,0.280000,0.180000,0.200000,-0.600000,0.240139
889,-0.526318,-1.603770,-18.392674,0.252159,-0.052039,-1.975280,1.000000,0.280000,0.180000,0.200000,-0.600000,0.252159
890,-0.523825,-1.603124,-18.412426,0.264228,-0.053127,-2.074744,1.000000,0.300000,0.180000,0.400000,-0.600000,0.264228
891,-0.521207,-1.602487,-18.433174,0.290322,-0.053974,-2.167956,1.000000,0.320000,0.180000,0.400000,-0.600000,0.290322
892,-0.518333,-1.601806,-18.454853,0.316228,-0.054460,-2.273321,1.000000,0.320000,0.180000,0.400000,-0.600000,0.316228
893,-0.515205,-1.601093,-18.477587,0.342001,-0.054484,-2.384188,1.000000,0.340000,0.200000,0.400000,-0.600000,0.342001
894,-0.511821,-1.600358,-18.501428,0.367670,-0.053961,-2.496720,1.000000,0.360000,0.200000,0.400000,-0.600000,0.367670
895,-0.508180,-1.599611,-18.526396,0.393240,-0.052825,-2.608509,1.000000,0.380000,0.200000,0.400000,-0.600000,0.393240
896,-0.504284,-1.598863,-18.552481,0.418709,-0.051018,-2.717939,1.000000,0.420000,0.200000,0.400000,-0.600000,0.418709
897,-0.500131,-1.598125,-18.579660,0.444064,-0.048491,-2.823869,1.000000,0.460000,0.220000,0.400000,-0.600000,0.444064
898,-0.495722,-1.597408,-18.607899,0.469287,-0.045204,-2.925464,1.000000,0.500000,0.220000,0.400000,-0.600000,0.469287
899,-0.491057,-1.596724,-18.637153,0.494355,-0.041123,-3.022103,1.000000,0.560000,0.240000,0.400000,-0.600000,0.494355
900,-0.486138,-1.596084,-18.667374,0.519239,-0.036219,-3.113323,1.000000,0.660000,0.240000,0.200000,-0.600000,0.519239
901,-0.480966,-1.595500,-18.698508,0.529911,-0.030472,-3.198788,1.000000,0.780000,0.260000,0.200000,-0.600000,0.529911
902,-0.475681,-1.595003,-18.730496,0.540369,-0.024351,-3.272175,1.000000,0.980000,0.260000,0.200000,-0.600000,0.540369
903,-0.470287,-1.594603,-18.763217,0.550587,-0.017880,-3.335170,1.000000,1.000000,0.280000,0.200000,-0.600000,0.550587
904,-0.464786,-1.594307,-18.796569,0.560542,-0.011083,-3.389140,0.980000,1.000000,0.300000,0.200000,-0.600000,0.560542
905,-0.459182,-1.594120,-18.830460,0.570215,-0.003980,-3.435202,0.880000,1.000000,0.340000,0.200000,-0.600000,0.570215
906,-0.453481,-1.594051,-18.864812,0.579590,0.003409,-3.474279,0.800000,1.000000,0.360000,0.400000,-0.600000,0.579590
907,-0.447685,-1.594106,-18.899555,0.602651,0.011061,-3.507145,0.740000,1.000000,0.400000,0.200000,-0.600000,0.602651
908,-0.441660,-1.594296,-18.934627,0.611372,0.019506,-3.539052,0.680000,1.000000,0.460000,0.200000,-0.600000,0.611372
909,-0.435552,-1.594622,-18.970017,0.619737,0.028187,-3.565034,0.640000,1.000000,0.520000,0.200000,-0.400000,0.619737
910,-0.429366,-1.595086,-19.005668,0.630042,0.038045,-3.544426,0.600000,1.000000,0.620000,0.200000,-0.600000,0.630042
911,-0.423083,-1.595690,-19.041112,0.637639,0.046951,-3.562027,0.560000,1.000000,0.760000,0.200000,-0.400000,0.637639
912,-0.416734,-1.596443,-19.076732,0.647096,0.056727,-3.545577,0.520000,1.000000,0.980000,0.200000,-0.400000,0.647096
913,-0.410301,-1.597348,-19.112188,0.656132,0.066420,-3.531776,0.500000,1.000000,1.000000,0.200000,-0.400000,0.656132
914,-0.403792,-1.598410,-19.147506,0.664758,0.076062,-3.520118,0.480000,0.960000,1.000000,0.200000,-0.400000,0.664758
915,-0.397214,-1.599634,-19.182707,0.672986,0.085675,-3.510203,0.460000,0.860000,1.000000,0.200000,-0.400000,0.672986
916,-0.390574,-1.601026,-19.217809,0.680824,0.095279,-3.501711,0.440000,0.780000,1.000000,0.200000,-0.400000,0.680824
917,-0.383880,-1.602588,-19.252826,0.688279,0.104886,-3.494385,0.420000,0.720000,1.000000,0.200000,-0.400000,0.688279
918,-0.377137,-1.604324,-19.287770,0.695356,0.114507,-3.488020,0.400000,0.660000,1.000000,0.200000,-0.400000,0.695356
919,-0.370355,-1.606238,-19.322650,0.702058,0.124151,-3.482447,0.380000,0.620000,1.000000,0.200000,-0.400000,0.702058
920,-0.363540,-1.608331,-19.357474,0.708390,0.133821,-3.477532,0.380000,0.580000,1.000000,0.200000,-0.400000,0.708390
921,-0.356699,-1.610607,-19.392250,0.714353,0.143521,-3.473163,0.360000,0.540000,1.000000,0.200000,-0.400000,0.714353
922,-0.349841,-1.613068,-19.426981,0.719949,0.153252,-3.469250,0.340000,0.500000,1.000000,0.200000,-0.400000,0.719949
923,-0.342972,-1.615714,-19.461674,0.725181,0.163014,-3.465722,0.340000,0.480000,1.000000,0.200000,-0.400000,0.725181
924,-0.336100,-1.618546,-19.496331,0.730049,0.172807,-3.462520,0.320000,0.460000,0.920000,0.200000,-0.400000,0.730049
925,-0.329233,-1.621567,-19.530956,0.734555,0.182627,-3.459595,0.320000,0.420000,0.820000,0.200000,-0.400000,0.734555
926,-0.322378,-1.624775,-19.565552,0.738700,0.192471,-3.456909,0.300000,0.400000,0.740000,0.200000,-0.400000,0.738700
927,-0.315541,-1.628171,-19.600121,0.742484,0.202336,-3.454433,0.300000,0.380000,0.660000,0.000000,-0.400000,0.742484
928,-0.308731,-1.631756,-19.634666,0.731910,0.212216,-3.452143,0.300000,0.380000,0.620000,0.000000,-0.400000,0.731910
929,-0.302054,-1.635429,-19.669187,0.720975,0.221585,-3.449101,0.280000,0.360000,0.560000,0.000000,-0.600000,0.720975
930,-0.295514,-1.639186,-19.703678,0.707799,0.230899,-3.425704,0.280000,0.340000,0.520000,0.000000,-0.400000,0.707799
931,-0.289124,-1.643006,-19.737935,0.696235,0.239017,-3.421827,0.260000,0.320000,0.480000,0.000000,-0.400000,0.696235
932,-0.282878,-1.646902,-19.772153,0.684384,0.246619,-3.417656,0.260000,0.320000,0.460000,0.000000,-0.400000,0.684384
933,-0.276780,-1.650869,-19.806330,0.672266,0.253703,-3.413296,0.260000,0.300000,0.420000,0.000000,-0.600000,0.672266
934,-0.270833,-1.654902,-19.840463,0.658034,0.260850,-3.383932,0.260000,0.300000,0.400000,0.000000,-0.600000,0.658034
935,-0.265045,-1.658977,-19.874302,0.643626,0.267269,-3.353549,0.240000,0.280000,0.380000,0.000000,-0.600000,0.643626
936,-0.259419,-1.663089,-19.907838,0.629075,0.272961,-3.322304,0.240000,0.280000,0.360000,0.000000,-0.600000,0.629075
937,-0.253955,-1.667233,-19.941061,0.614410,0.277929,-3.290330,0.240000,0.260000,0.340000,0.000000,-0.600000,0.614410
938,-0.248656,-1.671403,-19.973964,0.599664,0.282180,-3.257741,0.240000,0.260000,0.320000,0.000000,-0.600000,0.599664
939,-0.243522,-1.675594,-20.006542,0.584864,0.285720,-3.224633,0.220000,0.240000,0.320000,0.000000,-0.600000,0.584864
940,-0.238554,-1.679800,-20.038788,0.570038,0.288558,-3.191088,0.220000,0.240000,0.300000,0.000000,-0.600000,0.570038
941,-0.233753,-1.684016,-20.070699,0.555213,0.290703,-3.157177,0.220000,0.240000,0.280000,0.000000,-0.600000,0.555213
942,-0.229120,-1.688236,-20.102270,0.540414,0.292166,-3.122959,0.220000,0.240000,0.280000,0.000000,-0.600000,0.540414
943,-0.224655,-1.692456,-20.133500,0.525666,0.292959,-3.088485,0.220000,0.220000,0.260000,0.000000,-0.600000,0.525666
944,-0.220358,-1.696669,-20.164385,0.510991,0.293094,-3.053798,0.220000,0.220000,0.260000,0.000000,-0.600000,0.510991
945,-0.216228,-1.700870,-20.194923,0.496412,0.292584,-3.018935,0.220000,0.220000,0.240000,0.000000,-0.600000,0.496412
946,-0.212267,-1.705055,-20.225112,0.481947,0.291443,-2.983927,0.200000,0.200000,0.240000,0.000000,-0.600000,0.481947
947,-0.208473,-1.709217,-20.254952,0.467617,0.289686,-2.948800,0.200000,0.200000,0.240000,0.000000,-0.600000,0.467617
948,-0.204846,-1.713353,-20.284440,0.453440,0.287327,-2.913575,0.200000,0.200000,0.220000,0.000000,-0.600000,0.453440
949,-0.201385,-1.717456,-20.313575,0.439432,0.284382,-2.878269,0.200000,0.200000,0.220000,0.000000,-0.600000,0.439432
950,-0.198089,-1.721522,-20.342358,0.425609,0.280867,-2.842899,0.200000,0.200000,0.220000,0.000000,-0.600000,0.425609
951,-0.194957,-1.725546,-20.370787,0.411986,0.276797,-2.807474,0.200000,0.180000,0.200000,0.000000,-0.600000,0.411986
952,-0.191988,-1.729524,-20.398862,0.398576,0.272188,-2.772003,0.200000,0.180000,0.200000,0.000000,-0.600000,0.398576
953,-0.189181,-1.733450,-20.426582,0.385391,0.267057,-2.736493,0.200000,0.180000,0.200000,0.000000,-0.600000,0.385391
954,-0.186535,-1.737321,-20.453947,0.372444,0.261420,-2.700945,0.200000,0.180000,0.180000,0.000000,-0.600000,0.372444
955,-0.184047,-1.741131,-20.480956,0.359743,0.255294,-2.665363,0.200000,0.180000,0.180000,0.000000,-0.600000,0.359743
956,-0.181717,-1.744876,-20.507610,0.347299,0.248693,-2.629743,0.200000,0.180000,0.180000,0.000000,-0.600000,0.347299
957,-0.179542,-1.748553,-20.533907,0.335120,0.241636,-2.594083,0.200000,0.180000,0.180000,0.000000,-0.600000,0.335120
958,-0.177521,-1.752156,-20.559848,0.323214,0.234138,-2.558374,0.180000,0.160000,0.180000,0.000000,-0.600000,0.323214
959,-0.175652,-1.755683,-20.585432,0.311586,0.226216,-2.522609,0.180000,0.160000,0.160000,0.000000,-0.600000,0.311586
960,-0.173932,-1.759128,-20.610658,0.300244,0.217885,-2.486774,0.180000,0.160000,0.160000,0.000000,-0.600000,0.300244
961,-0.172361,-1.762488,-20.635526,0.289191,0.209161,-2.450852,0.180000,0.160000,0.160000,0.000000,-0.600000,0.289191
962,-0.170935,-1.765760,-20.660034,0.278433,0.200060,-2.414822,0.180000,0.160000,0.160000,0.000000,-0.600000,0.278433
963,-0.169652,-1.768940,-20.684182,0.267972,0.190599,-2.378656,0.180000,0.160000,0.160000,0.000000,-0.600000,0.267972
964,-0.168511,-1.772024,-20.707969,0.257812,0.180791,-2.342320,0.180000,0.160000,0.160000,0.000000,-0.600000,0.257812
965,-0.167509,-1.775009,-20.731392,0.247955,0.170654,-2.305768,0.180000,0.160000,0.160000,0.000000,-0.600000,0.247955
966,-0.166643,-1.777892,-20.754450,0.238402,0.160203,-2.268944,0.180000,0.160000,0.140000,0.000000,-0.600000,0.238402
967,-0.165911,-1.780669,-20.777139,0.229157,0.149454,-2.231771,0.180000,0.160000,0.140000,0.000000,-0.600000,0.229157
968,-0.165311,-1.783338,-20.799457,0.220219,0.138422,-2.194152,0.180000,0.160000,0.140000,0.000000,-0.600000,0.220219
969,-0.164840,-1.785897,-20.821398,0.211590,0.127125,-2.155954,0.180000,0.160000,0.140000,0.000000,-0.600000,0.211590
970,-0.164496,-1.788341,-20.842958,0.203272,0.115580,-2.116997,0.200000,0.160000,0.140000,0.000000,-0.600000,0.203272
971,-0.164276,-1.790669,-20.864128,0.195267,0.103808,-2.077032,0.200000,0.160000,0.140000,0.000000,-0.600000,0.195267
972,-0.164176,-1.792878,-20.884898,0.187579,0.091831,-2.035710,0.200000,0.160000,0.140000,0.000000,-0.600000,0.187579
973,-0.164196,-1.794966,-20.905255,0.180213,0.079677,-1.992533,0.200000,0.160000,0.140000,0.000000,-0.600000,0.180213
974,-0.164331,-1.796932,-20.925181,0.173179,0.067379,-1.946785,0.200000,0.140000,0.140000,0.000000,-0.600000,0.173179
975,-0.164579,-1.798774,-20.944649,0.166493,0.054985,-1.897428,0.200000,0.140000,0.140000,0.000000,-0.600000,0.166493
976,-0.164936,-1.800490,-20.963623,0.160180,0.042557,-1.842977,0.200000,0.140000,0.140000,0.000000,-0.600000,0.160180
977,-0.165400,-1.802082,-20.982053,0.154275,0.030189,-1.781376,0.200000,0.140000,0.140000,0.000000,-0.600000,0.154275
978,-0.165966,-1.803548,-20.999866,0.148835,0.018012,-1.710040,0.200000,0.160000,0.140000,0.000000,-0.600000,0.148835
979,-0.166630,-1.804892,-21.016967,0.143929,0.006219,-1.626435,0.200000,0.160000,0.120000,0.000000,-0.600000,0.143929
980,-0.167388,-1.806118,-21.033231,0.139637,-0.004926,-1.530029,0.220000,0.160000,0.120000,0.000000,-0.600000,0.139637
981,-0.168231,-1.807232,-21.048531,0.136020,-0.015050,-1.426540,0.220000,0.160000,0.120000,0.000000,-0.600000,0.136020
982,-0.169152,-1.808244,-21.062797,0.133093,-0.023650,-1.333234,0.220000,0.160000,0.120000,0.000000,-0.600000,0.133093
983,-0.170139,-1.809167,-21.076129,0.130817,-0.030175,-1.275448,0.220000,0.160000,0.120000,0.000000,-0.600000,0.130817
984,-0.171176,-1.810020,-21.088884,0.129121,-0.034492,-1.262071,0.220000,0.160000,0.120000,0.000000,-0.600000,0.129121
985,-0.172247,-1.810820,-21.101504,0.127918,-0.037111,-1.274011,0.220000,0.160000,0.120000,0.000000,-0.600000,0.127918
986,-0.173341,-1.811580,-21.114244,0.127100,-0.038673,-1.291091,0.220000,0.160000,0.120000,0.000000,-0.600000,0.127100
987,-0.174451,-1.812310,-21.127155,0.126554,-0.039610,-1.305146,0.240000,0.160000,0.120000,0.000000,-0.600000,0.126554
988,-0.175574,-1.813015,-21.140207,0.126189,-0.040177,-1.314883,0.240000,0.160000,0.120000,0.000000,-0.600000,0.126189
989,-0.176708,-1.813699,-21.153356,0.125940,-0.040519,-1.321106,0.240000,0.160000,0.120000,0.000000,-0.600000,0.125940
990,-0.177852,-1.814364,-21.166567,0.125765,-0.040725,-1.324881,0.240000,0.160000,0.120000,0.000000,-0.600000,0.125765
991,-0.179005,-1.815010,-21.179816,0.125636,-0.040846,-1.327055,0.260000,0.160000,0.120000,0.000000,-0.600000,0.125636
992,-0.180166,-1.815640,-21.193086,0.125536,-0.040916,-1.328209,0.260000,0.160000,0.120000,0.000000,-0.600000,0.125536
993,-0.181335,-1.816254,-21.206368,0.125453,-0.040954,-1.328725,0.260000,0.160000,0.120000,0.000000,-0.600000,0.125453
994,-0.182512,-1.816850,-21.219655,0.125382,-0.040972,-1.328844,0.260000,0.160000,0.120000,0.000000,-0.600000,0.125382
995,-0.183697,-1.817431,-21.232944,0.125317,-0.040978,-1.328715,0.280000,0.160000,0.120000,0.000000,-0.600000,0.125317
996,-0.184888,-1.817995,-21.246231,0.125256,-0.040976,-1.328435,0.280000,0.160000,0.120000,0.000000,-0.600000,0.125256
997,-0.186087,-1.818543,-21.259515,0.125198,-0.040970,-1.328061,0.300000,0.160000,0.120000,0.000000,-0.600000,0.125198
998,-0.187292,-1.819074,-21.272796,0.125142,-0.040961,-1.327629,0.300000,0.160000,0.120000,0.000000,-0.600000,0.125142
999,-0.188504,-1.819590,-21.286072,0.125087,-0.040950,-1.327161,0.300000,0.180000,0.120000,0.000000,-0.600000,0.125087
