step,x,y,mu,vx,vy,omega,lidar_l,lidar_c,lidar_r,throttle,steering,reward
0,-0.225393,1.589436,-3.041074,0.000000,0.000000,0.000000,0.980000,0.320000,0.080000,0.100000,-1.000000,0.000000
1,-0.225393,1.589436,-3.041074,0.007000,0.000000,0.000000,0.980000,0.320000,0.080000,0.100000,-1.000000,0.007000
2,-0.225462,1.589429,-3.041074,0.014000,0.000000,0.000000,0.980000,0.320000,0.080000,0.100000,-1.000000,0.014000
3,-0.225601,1.589415,-3.041074,0.012635,-0.005371,-0.229722,0.980000,0.320000,0.080000,0.100000,-1.000000,0.012635
4,-0.225733,1.589456,-3.043371,0.014456,-0.013642,-0.130547,0.980000,0.340000,0.080000,0.100000,-1.000000,0.014456
5,-0.225890,1.589577,-3.044677,0.018464,-0.007716,-0.594771,0.980000,0.340000,0.080000,0.100000,-1.000000,0.018464
6,-0.226081,1.589636,-3.050624,0.023814,-0.016534,-0.259800,0.980000,0.360000,0.080000,0.100000,-1.000000,0.023814
7,-0.226333,1.589779,-3.053222,0.026136,-0.012580,-0.726427,0.980000,0.380000,0.080000,0.100000,-1.000000,0.026136
8,-0.226605,1.589881,-3.060487,0.030956,-0.021285,-0.426882,0.940000,0.400000,0.080000,0.100000,-1.000000,0.030956
9,-0.226930,1.590068,-3.064756,0.033981,-0.017852,-0.826197,0.940000,0.420000,0.080000,0.100000,-1.000000,0.033981
10,-0.227283,1.590220,-3.073017,0.038344,-0.025797,-0.589363,0.940000,0.480000,0.080000,0.100000,-1.000000,0.038344
11,-0.227683,1.590451,-3.078911,0.041704,-0.023224,-0.926226,0.940000,0.520000,0.100000,0.100000,-1.000000,0.041704
12,-0.228114,1.590657,-3.088173,0.045867,-0.029787,-0.767228,0.940000,1.000000,0.100000,0.100000,-1.000000,0.045867
13,-0.228588,1.590930,-3.095846,0.049446,-0.028652,-1.019612,0.960000,1.000000,0.100000,0.100000,-1.000000,0.049446
14,-0.229095,1.591194,-3.106042,0.053473,-0.033471,-0.952181,0.940000,1.000000,0.100000,0.100000,-1.000000,0.053473
15,-0.229641,1.591509,-3.115564,0.057212,-0.033962,-1.113680,0.920000,1.000000,0.100000,0.100000,-1.000000,0.057212
16,-0.230222,1.591834,-3.126700,0.061152,-0.037174,-1.128214,0.880000,1.000000,0.100000,0.100000,-1.000000,0.061152
17,-0.230839,1.592196,-3.137983,0.064996,-0.038811,-1.224822,0.880000,1.000000,0.100000,0.100000,-1.000000,0.064996
18,-0.231490,1.592582,-3.150231,0.068903,-0.041150,-1.281770,0.880000,1.000000,0.120000,0.100000,-1.000000,0.068903
19,-0.232176,1.593000,-3.163048,0.072800,-0.043167,-1.353740,0.880000,1.000000,0.120000,0.100000,-1.000000,0.072800
20,-0.232894,1.593447,-3.176586,0.076713,-0.045245,-1.420158,0.880000,1.000000,0.120000,0.100000,-1.000000,0.076713
21,-0.233645,1.593926,-3.190787,0.080636,-0.047265,-1.487219,0.840000,1.000000,0.120000,0.100000,-1.000000,0.080636
22,-0.234427,1.594437,-3.205660,0.084568,-0.049253,-1.553404,0.820000,1.000000,0.140000,0.100000,-1.000000,0.084568
23,-0.235240,1.594983,-3.221194,0.088510,-0.051204,-1.618947,0.780000,1.000000,0.140000,0.100000,-1.000000,0.088510
24,-0.236081,1.595564,-3.237383,0.092462,-0.053116,-1.683782,0.760000,1.000000,0.160000,0.100000,-1.000000,0.092462
25,-0.236951,1.596181,-3.254221,0.096422,-0.054987,-1.747878,0.740000,1.000000,0.160000,0.100000,-1.000000,0.096422
26,-0.237847,1.596836,-3.271700,0.100391,-0.056815,-1.811200,0.700000,1.000000,0.180000,0.100000,-1.000000,0.100391
27,-0.238769,1.597529,-3.289812,0.104368,-0.058600,-1.873714,0.680000,1.000000,0.200000,0.100000,-1.000000,0.104368
28,-0.239715,1.598263,-3.308549,0.108353,-0.060338,-1.935386,0.660000,1.000000,0.220000,0.100000,-1.000000,0.108353
29,-0.240683,1.599038,-3.327903,0.112344,-0.062029,-1.996181,0.640000,1.000000,0.260000,0.100000,-1.000000,0.112344
30,-0.241672,1.599856,-3.347865,0.116341,-0.063671,-2.056065,0.620000,0.980000,0.300000,0.100000,-1.000000,0.116341
31,-0.242680,1.600717,-3.368425,0.120343,-0.065262,-2.115003,0.600000,0.960000,0.340000,0.100000,-1.000000,0.120343
32,-0.243706,1.601624,-3.389575,0.124349,-0.066802,-2.172961,0.580000,0.960000,0.420000,0.100000,-1.000000,0.124349
33,-0.244748,1.602577,-3.411305,0.128358,-0.068287,-2.229905,0.560000,0.920000,0.540000,0.100000,-1.000000,0.128358
34,-0.245803,1.603577,-3.433604,0.132369,-0.069718,-2.285802,0.540000,0.940000,1.000000,0.100000,-1.000000,0.132369
35,-0.246870,1.604626,-3.456462,0.136380,-0.071092,-2.340617,0.520000,0.900000,1.000000,0.100000,-1.000000,0.136380
36,-0.247946,1.605724,-3.479868,0.140391,-0.072408,-2.394318,0.500000,0.860000,1.000000,0.100000,-1.000000,0.140391
37,-0.249030,1.606873,-3.503811,0.144399,-0.073665,-2.446873,0.500000,0.860000,1.000000,0.100000,-1.000000,0.144399
38,-0.250120,1.608073,-3.528280,0.148404,-0.074862,-2.498250,0.480000,0.840000,1.000000,0.100000,-1.000000,0.148404
39,-0.251212,1.609326,-3.553262,0.152403,-0.075998,-2.548418,0.460000,0.800000,1.000000,0.100000,-1.000000,0.152403
40,-0.252304,1.610633,-3.578747,0.156395,-0.077072,-2.597348,0.460000,0.740000,1.000000,0.100000,-1.000000,0.156395
41,-0.253395,1.611993,-3.604720,0.160378,-0.078082,-2.645011,0.440000,0.700000,1.000000,0.100000,-1.000000,0.160378
42,-0.254481,1.613408,-3.631170,0.164351,-0.079028,-2.691379,0.420000,0.660000,1.000000,0.100000,-1.000000,0.164351
43,-0.255560,1.614879,-3.658084,0.168311,-0.079910,-2.736426,0.420000,0.640000,0.980000,0.100000,-1.000000,0.168311
44,-0.256629,1.616405,-3.685448,0.172256,-0.080726,-2.780126,0.400000,0.600000,0.980000,0.100000,-1.000000,0.172256
45,-0.257685,1.617987,-3.713250,0.176185,-0.081476,-2.822456,0.400000,0.580000,0.940000,0.100000,-1.000000,0.176185
46,-0.258726,1.619625,-3.741474,0.180096,-0.082160,-2.863393,0.380000,0.540000,0.920000,0.100000,-1.000000,0.180096
47,-0.259749,1.621320,-3.770108,0.183986,-0.082778,-2.902919,0.380000,0.520000,0.920000,0.100000,-1.000000,0.183986
48,-0.260750,1.623071,-3.799137,0.187853,-0.083329,-2.941013,0.360000,0.500000,0.880000,0.100000,-1.000000,0.187853
49,-0.261728,1.624879,-3.828547,0.191695,-0.083813,-2.977659,0.360000,0.480000,0.840000,0.100000,-1.000000,0.191695
50,-0.262678,1.626743,-3.858324,0.195510,-0.084231,-3.012842,0.360000,0.460000,0.840000,0.100000,-1.000000,0.195510
51,-0.263599,1.628662,-3.888452,0.199296,-0.084583,-3.046550,0.340000,0.440000,0.780000,0.100000,-1.000000,0.199296
52,-0.264487,1.630637,-3.918918,0.203050,-0.084870,-3.078772,0.340000,0.440000,0.720000,0.100000,-1.000000,0.203050
53,-0.265339,1.632666,-3.949706,0.206771,-0.085091,-3.109500,0.340000,0.420000,0.680000,0.100000,-1.000000,0.206771
54,-0.266152,1.634749,-3.980801,0.210456,-0.085248,-3.138727,0.320000,0.400000,0.640000,0.100000,-1.000000,0.210456
55,-0.266924,1.636884,-4.012188,0.214102,-0.085341,-3.166451,0.320000,0.380000,0.600000,0.100000,-1.000000,0.214102
56,-0.267651,1.639071,-4.043852,0.217709,-0.085372,-3.192670,0.320000,0.380000,0.560000,0.100000,-1.000000,0.217709
57,-0.268331,1.641309,-4.075779,0.221273,-0.085341,-3.217384,0.300000,0.360000,0.520000,0.100000,-1.000000,0.221273
58,-0.268960,1.643595,-4.107953,0.224793,-0.085251,-3.240598,0.300000,0.360000,0.500000,0.100000,-1.000000,0.224793
59,-0.269536,1.645930,-4.140359,0.228266,-0.085102,-3.262318,0.300000,0.340000,0.480000,0.100000,-1.000000,0.228266
60,-0.270056,1.648310,-4.172982,0.231691,-0.084896,-3.282553,0.300000,0.340000,0.460000,0.100000,-1.000000,0.231691
61,-0.270518,1.650734,-4.205808,0.235066,-0.084634,-3.301313,0.300000,0.320000,0.440000,0.100000,-1.000000,0.235066
62,-0.270918,1.653200,-4.238821,0.238389,-0.084319,-3.318612,0.280000,0.320000,0.420000,0.100000,-1.000000,0.238389
63,-0.271255,1.655706,-4.272007,0.241658,-0.083953,-3.334466,0.280000,0.320000,0.400000,0.100000,-1.000000,0.241658
64,-0.271526,1.658250,-4.305351,0.244872,-0.083537,-3.348894,0.280000,0.300000,0.380000,0.100000,-1.000000,0.244872
65,-0.271728,1.660829,-4.338840,0.248029,-0.083073,-3.361916,0.280000,0.300000,0.380000,0.100000,-1.000000,0.248029
66,-0.271860,1.663441,-4.372460,0.251128,-0.082564,-3.373556,0.280000,0.300000,0.360000,0.100000,-1.000000,0.251128
67,-0.271918,1.666084,-4.406195,0.254167,-0.082013,-3.383839,0.280000,0.300000,0.340000,0.100000,-1.000000,0.254167
68,-0.271903,1.668755,-4.440034,0.257146,-0.081421,-3.392792,0.280000,0.280000,0.340000,0.100000,-1.000000,0.257146
69,-0.271810,1.671451,-4.473961,0.260062,-0.080791,-3.400445,0.280000,0.280000,0.320000,0.100000,-1.000000,0.260062
70,-0.271639,1.674168,-4.507966,0.262916,-0.080126,-3.406830,0.280000,0.280000,0.320000,0.100000,-1.000000,0.262916
71,-0.271388,1.676906,-4.542034,0.265706,-0.079427,-3.411980,0.280000,0.280000,0.300000,0.100000,-1.000000,0.265706
72,-0.271056,1.679659,-4.576154,0.268432,-0.078699,-3.415930,0.280000,0.260000,0.300000,0.100000,-1.000000,0.268432
73,-0.270641,1.682425,-4.610313,0.271092,-0.077943,-3.418717,0.280000,0.260000,0.300000,0.100000,-1.000000,0.271092
74,-0.270142,1.685201,-4.644500,0.273687,-0.077161,-3.420380,0.280000,0.260000,0.280000,0.100000,-1.000000,0.273687
75,-0.269558,1.687984,-4.678704,0.276217,-0.076358,-3.420958,0.280000,0.260000,0.280000,0.100000,-1.000000,0.276217
76,-0.268888,1.690771,-4.712914,0.278680,-0.075534,-3.420492,0.280000,0.260000,0.280000,0.100000,-1.000000,0.278680
77,-0.268131,1.693557,-4.747119,0.281077,-0.074694,-3.419025,0.280000,0.260000,0.260000,0.100000,-1.000000,0.281077
78,-0.267287,1.696340,-4.781309,0.283408,-0.073838,-3.416600,0.280000,0.260000,0.260000,0.100000,-1.000000,0.283408
79,-0.266355,1.699117,-4.815475,0.285673,-0.072971,-3.413261,0.280000,0.260000,0.260000,0.100000,-1.000000,0.285673
80,-0.265335,1.701883,-4.849608,0.287873,-0.072094,-3.409053,0.280000,0.260000,0.260000,0.100000,-1.000000,0.287873
81,-0.264227,1.704636,-4.883698,0.290007,-0.071210,-3.404020,0.280000,0.240000,0.260000,0.100000,-1.000000,0.290007
82,-0.263031,1.707372,-4.917738,0.292076,-0.070321,-3.398210,0.280000,0.240000,0.240000,0.100000,-1.000000,0.292076
83,-0.261747,1.710088,-4.951720,0.294082,-0.069430,-3.391668,0.280000,0.240000,0.240000,0.100000,-1.000000,0.294082
84,-0.260375,1.712781,-4.985637,0.296023,-0.068538,-3.384440,0.300000,0.240000,0.240000,0.100000,-1.000000,0.296023
85,-0.258917,1.715446,-5.019482,0.297902,-0.067648,-3.376573,0.300000,0.240000,0.240000,0.100000,-1.000000,0.297902
86,-0.257371,1.718081,-5.053247,0.299719,-0.066762,-3.368113,0.300000,0.240000,0.240000,0.100000,-1.000000,0.299719
87,-0.255740,1.720683,-5.086928,0.301476,-0.065881,-3.359106,0.300000,0.260000,0.240000,0.100000,-1.000000,0.301476
88,-0.254024,1.723248,-5.120519,0.303172,-0.065008,-3.349597,0.320000,0.260000,0.240000,0.100000,-1.000000,0.303172
89,-0.252224,1.725772,-5.154015,0.304810,-0.064144,-3.339633,0.320000,0.260000,0.240000,0.100000,-1.000000,0.304810
90,-0.250341,1.728254,-5.187412,0.306390,-0.063290,-3.329256,0.340000,0.260000,0.220000,0.100000,-1.000000,0.306390
91,-0.248377,1.730689,-5.220704,0.307914,-0.062449,-3.318511,0.340000,0.260000,0.220000,0.100000,-1.000000,0.307914
92,-0.246333,1.733075,-5.253889,0.309383,-0.061621,-3.307441,0.340000,0.260000,0.220000,0.100000,-1.000000,0.309383
93,-0.244210,1.735409,-5.286964,0.310798,-0.060808,-3.296088,0.360000,0.260000,0.220000,0.100000,-1.000000,0.310798
94,-0.242011,1.737687,-5.319925,0.312160,-0.060011,-3.284493,0.380000,0.260000,0.220000,0.100000,-1.000000,0.312160
95,-0.239736,1.739908,-5.352770,0.313472,-0.059230,-3.272694,0.380000,0.260000,0.220000,0.100000,-1.000000,0.313472
96,-0.237388,1.742067,-5.385497,0.314734,-0.058468,-3.260732,0.380000,0.280000,0.220000,0.100000,-1.000000,0.314734
97,-0.234969,1.744164,-5.418104,0.315948,-0.057723,-3.248642,0.360000,0.280000,0.220000,0.100000,-1.000000,0.315948
98,-0.232480,1.746194,-5.450590,0.317115,-0.056998,-3.236461,0.360000,0.280000,0.220000,0.100000,-1.000000,0.317115
99,-0.229925,1.748156,-5.482955,0.318237,-0.056292,-3.224222,0.380000,0.300000,0.240000,0.100000,-1.000000,0.318237
100,-0.227304,1.750047,-5.515197,0.319315,-0.055607,-3.211959,0.400000,0.300000,0.240000,0.100000,-1.000000,0.319315
101,-0.224621,1.751866,-5.547317,0.320351,-0.054941,-3.199702,0.440000,0.300000,0.240000,0.100000,-1.000000,0.320351
102,-0.221878,1.753609,-5.579314,0.321345,-0.054297,-3.187481,0.460000,0.320000,0.240000,0.100000,-1.000000,0.321345
103,-0.219077,1.755274,-5.611189,0.322301,-0.053673,-3.175324,0.500000,0.320000,0.240000,0.100000,-1.000000,0.322301
104,-0.216220,1.756861,-5.642942,0.323218,-0.053070,-3.163256,0.540000,0.340000,0.240000,0.100000,-1.000000,0.323218
105,-0.213311,1.758366,-5.674574,0.324099,-0.052488,-3.151302,0.600000,0.340000,0.240000,0.100000,-1.000000,0.324099
106,-0.210352,1.759789,-5.706087,0.324944,-0.051926,-3.139484,0.680000,0.360000,0.260000,0.100000,-1.000000,0.324944
107,-0.207345,1.761126,-5.737482,0.325756,-0.051386,-3.127823,0.780000,0.340000,0.260000,0.100000,-1.000000,0.325756
108,-0.204294,1.762378,-5.768760,0.326535,-0.050865,-3.116339,0.820000,0.340000,0.260000,0.100000,-1.000000,0.326535
109,-0.201201,1.763542,-5.799924,0.327283,-0.050365,-3.105048,0.820000,0.340000,0.260000,0.100000,-1.000000,0.327283
110,-0.198069,1.764616,-5.830974,0.328001,-0.049884,-3.093966,0.980000,0.340000,0.280000,0.100000,-1.000000,0.328001
111,-0.194901,1.765601,-5.861914,0.328690,-0.049423,-3.083107,0.960000,0.380000,0.280000,0.100000,-1.000000,0.328690
112,-0.191699,1.766494,-5.892745,0.329352,-0.048980,-3.072483,1.000000,0.400000,0.280000,0.100000,-1.000000,0.329352
113,-0.188467,1.767295,-5.923470,0.329987,-0.048557,-3.062105,1.000000,0.420000,0.300000,0.100000,-1.000000,0.329987
114,-0.185208,1.768002,-5.954091,0.330598,-0.048151,-3.051982,1.000000,0.460000,0.300000,0.100000,-1.000000,0.330598
115,-0.181923,1.768614,-5.984611,0.331184,-0.047762,-3.042122,1.000000,0.500000,0.320000,0.100000,-1.000000,0.331184
116,-0.178618,1.769132,-6.015032,0.331747,-0.047391,-3.032530,1.000000,0.560000,0.320000,0.100000,-1.000000,0.331747
117,-0.175293,1.769554,-6.045357,0.332289,-0.047036,-3.023212,1.000000,0.620000,0.320000,0.100000,-1.000000,0.332289
118,-0.171953,1.769880,-6.075589,0.332809,-0.046696,-3.014171,1.000000,0.700000,0.320000,0.100000,-1.000000,0.332809
119,-0.168600,1.770109,-6.105731,0.333309,-0.046372,-3.005410,1.000000,0.800000,0.300000,0.100000,-1.000000,0.333309
120,-0.165238,1.770241,-6.135785,0.333791,-0.046063,-2.996928,1.000000,0.800000,0.320000,0.100000,-1.000000,0.333791
121,-0.161868,1.770275,-6.165754,0.334254,-0.045767,-2.988728,1.000000,0.900000,0.320000,0.100000,-1.000000,0.334254
122,-0.158495,1.770212,-6.195642,0.334700,-0.045485,-2.980806,1.000000,0.940000,0.360000,0.100000,-1.000000,0.334700
123,-0.155121,1.770052,-6.225450,0.335129,-0.045216,-2.973162,1.000000,1.000000,0.380000,0.100000,-1.000000,0.335129
124,-0.151749,1.769794,-6.255181,0.335543,-0.044960,-2.965792,1.000000,1.000000,0.400000,0.100000,-1.000000,0.335543
125,-0.148383,1.769439,-6.284839,0.335941,-0.044715,-2.958694,0.880000,1.000000,0.440000,0.100000,-1.000000,0.335941
126,-0.145024,1.768986,-6.314426,0.336325,-0.044481,-2.951862,0.700000,1.000000,0.480000,0.100000,-1.000000,0.336325
127,-0.141676,1.768436,-6.343945,0.336696,-0.044258,-2.945292,0.640000,1.000000,0.520000,0.100000,-1.000000,0.336696
128,-0.138342,1.767790,-6.373398,0.337054,-0.044045,-2.938978,0.600000,1.000000,0.580000,0.100000,-1.000000,0.337054
129,-0.135025,1.767048,-6.402788,0.337399,-0.043842,-2.932914,0.580000,1.000000,0.660000,0.100000,-1.000000,0.337399
130,-0.131728,1.766210,-6.432117,0.337732,-0.043647,-2.927095,0.540000,1.000000,0.740000,0.100000,-1.000000,0.337732
131,-0.128452,1.765277,-6.461388,0.338054,-0.043462,-2.921512,0.520000,1.000000,0.760000,0.100000,-1.000000,0.338054
132,-0.125202,1.764250,-6.490603,0.338365,-0.043284,-2.916160,0.480000,1.000000,0.780000,0.100000,-1.000000,0.338365
133,-0.121980,1.763130,-6.519764,0.338666,-0.043115,-2.911031,0.460000,1.000000,0.920000,0.100000,-1.000000,0.338666
134,-0.118789,1.761917,-6.548875,0.338958,-0.042953,-2.906118,0.440000,1.000000,0.900000,0.100000,-1.000000,0.338958
135,-0.115631,1.760612,-6.577936,0.339240,-0.042797,-2.901413,0.420000,1.000000,0.980000,0.100000,-1.000000,0.339240
136,-0.112510,1.759217,-6.606950,0.339513,-0.042648,-2.896908,0.400000,1.000000,1.000000,0.100000,-1.000000,0.339513
137,-0.109427,1.757733,-6.635919,0.339777,-0.042505,-2.892596,0.400000,0.840000,1.000000,0.100000,-1.000000,0.339777
138,-0.106385,1.756160,-6.664845,0.340033,-0.042369,-2.888470,0.380000,0.660000,1.000000,0.100000,-1.000000,0.340033
139,-0.103387,1.754500,-6.693730,0.340282,-0.042237,-2.884521,0.360000,0.620000,1.000000,0.100000,-1.000000,0.340282
140,-0.100435,1.752755,-6.722575,0.340523,-0.042111,-2.880742,0.360000,0.580000,1.000000,0.100000,-1.000000,0.340523
141,-0.097533,1.750925,-6.751382,0.340757,-0.041989,-2.877126,0.280000,0.540000,1.000000,0.100000,-1.000000,0.340757
142,-0.094681,1.749013,-6.780154,0.340984,-0.041873,-2.873666,0.280000,0.520000,1.000000,0.100000,-1.000000,0.340984
143,-0.091884,1.747019,-6.808890,0.341204,-0.041760,-2.870354,0.260000,0.480000,1.000000,0.100000,-1.000000,0.341204
144,-0.089142,1.744946,-6.837594,0.341418,-0.041652,-2.867183,0.260000,0.460000,1.000000,0.100000,-1.000000,0.341418
145,-0.086458,1.742794,-6.866266,0.341626,-0.041547,-2.864147,0.260000,0.440000,1.000000,0.100000,-1.000000,0.341626
146,-0.083835,1.740566,-6.894907,0.341828,-0.041446,-2.861240,0.240000,0.420000,1.000000,0.100000,-1.000000,0.341828
147,-0.081275,1.738264,-6.923520,0.342025,-0.041349,-2.858454,0.240000,0.400000,1.000000,0.100000,-1.000000,0.342025
148,-0.078779,1.735889,-6.952104,0.342216,-0.041255,-2.855785,0.240000,0.380000,1.000000,0.100000,-1.000000,0.342216
149,-0.076351,1.733443,-6.980662,0.342402,-0.041163,-2.853225,0.220000,0.360000,0.800000,0.100000,-1.000000,0.342402
150,-0.073991,1.730928,-7.009194,0.342584,-0.041075,-2.850769,0.220000,0.340000,0.620000,0.100000,-1.000000,0.342584
151,-0.071701,1.728347,-7.037702,0.342760,-0.040990,-2.848412,0.220000,0.340000,0.580000,0.100000,-1.000000,0.342760
152,-0.069485,1.725701,-7.066186,0.342931,-0.040907,-2.846150,0.200000,0.320000,0.540000,0.100000,-1.000000,0.342931
153,-0.067343,1.722992,-7.094648,0.343099,-0.040826,-2.843975,0.200000,0.320000,0.500000,0.100000,-1.000000,0.343099
154,-0.065277,1.720222,-7.123087,0.343261,-0.040748,-2.841885,0.200000,0.240000,0.460000,0.100000,-1.000000,0.343261
155,-0.063289,1.717394,-7.151506,0.343420,-0.040672,-2.839875,0.200000,0.240000,0.440000,0.100000,-1.000000,0.343420
156,-0.061380,1.714510,-7.179905,0.343575,-0.040599,-2.837940,0.200000,0.220000,0.420000,0.100000,-1.000000,0.343575
157,-0.059553,1.711573,-7.208284,0.343725,-0.040527,-2.836077,0.180000,0.220000,0.400000,0.100000,-1.000000,0.343725
158,-0.057808,1.708583,-7.236645,0.343872,-0.040457,-2.834281,0.180000,0.220000,0.380000,0.100000,-1.000000,0.343872
159,-0.056148,1.705545,-7.264988,0.344015,-0.040390,-2.832550,0.180000,0.200000,0.360000,0.100000,-1.000000,0.344015
160,-0.054572,1.702460,-7.293313,0.344155,-0.040323,-2.830879,0.180000,0.200000,0.340000,0.100000,-1.000000,0.344155
161,-0.053084,1.699331,-7.321622,0.344291,-0.040259,-2.829265,0.180000,0.200000,0.320000,0.100000,-1.000000,0.344291
162,-0.051683,1.696160,-7.349915,0.344424,-0.040196,-2.827707,0.160000,0.180000,0.300000,0.100000,-1.000000,0.344424
163,-0.050372,1.692950,-7.378192,0.344553,-0.040135,-2.826199,0.160000,0.180000,0.300000,0.100000,-1.000000,0.344553
164,-0.049150,1.689704,-7.406454,0.344680,-0.040076,-2.824741,0.160000,0.180000,0.220000,0.100000,-1.000000,0.344680
165,-0.048020,1.686423,-7.434701,0.344803,-0.040018,-2.823330,0.160000,0.180000,0.220000,0.100000,-1.000000,0.344803
166,-0.046982,1.683111,-7.462935,0.344923,-0.039961,-2.821963,0.160000,0.160000,0.200000,0.100000,-1.000000,0.344923
167,-0.046036,1.679770,-7.491154,0.345041,-0.039906,-2.820638,0.160000,0.160000,0.200000,0.100000,-1.000000,0.345041
168,-0.045185,1.676402,-7.519361,0.345155,-0.039852,-2.819353,0.160000,0.160000,0.200000,0.100000,-1.000000,0.345155
169,-0.044428,1.673011,-7.547554,0.345267,-0.039799,-2.818106,0.140000,0.160000,0.180000,0.100000,-1.000000,0.345267
170,-0.043766,1.669599,-7.575735,0.345376,-0.039747,-2.816896,0.140000,0.160000,0.180000,0.100000,-1.000000,0.345376
171,-0.043199,1.666169,-7.603904,0.345482,-0.039697,-2.815721,0.140000,0.140000,0.180000,0.100000,-1.000000,0.345482
172,-0.042729,1.662724,-7.632061,0.345586,-0.039648,-2.814578,0.140000,0.140000,0.160000,0.100000,-1.000000,0.345586
173,-0.042355,1.659265,-7.660207,0.345688,-0.039600,-2.813468,0.140000,0.140000,0.160000,0.100000,-1.000000,0.345688
174,-0.042078,1.655797,-7.688342,0.345787,-0.039553,-2.812388,0.140000,0.140000,0.160000,0.100000,-1.000000,0.345787
175,-0.041898,1.652321,-7.716466,0.345883,-0.039507,-2.811337,0.140000,0.140000,0.140000,0.100000,-1.000000,0.345883
176,-0.041815,1.648841,-7.744579,0.345978,-0.039463,-2.810314,0.140000,0.120000,0.140000,0.100000,-1.000000,0.345978
177,-0.041830,1.645358,-7.772682,0.346070,-0.039419,-2.809318,0.140000,0.120000,0.140000,0.100000,-1.000000,0.346070
178,-0.041941,1.641877,-7.800775,0.346160,-0.039377,-2.808348,0.120000,0.120000,0.140000,0.100000,-1.000000,0.346160
179,-0.042150,1.638400,-7.828859,0.346248,-0.039335,-2.807402,0.120000,0.120000,0.120000,0.100000,-1.000000,0.346248
180,-0.042457,1.634928,-7.856933,0.346333,-0.039294,-2.806481,0.120000,0.120000,0.120000,0.100000,-1.000000,0.346333
181,-0.042860,1.631466,-7.884998,0.346417,-0.039254,-2.805583,0.120000,0.120000,0.120000,0.100000,-1.000000,0.346417
182,-0.043360,1.628016,-7.913054,0.346499,-0.039216,-2.804707,0.120000,0.120000,0.120000,0.100000,-1.000000,0.346499
183,-0.043956,1.624580,-7.941101,0.346578,-0.039178,-2.803853,0.120000,0.120000,0.120000,0.100000,-1.000000,0.346578
184,-0.044648,1.621161,-7.969139,0.346656,-0.039141,-2.803020,0.120000,0.100000,0.100000,0.100000,-1.000000,0.346656
185,-0.045435,1.617763,-7.997169,0.346732,-0.039104,-2.802207,0.120000,0.100000,0.100000,0.100000,-1.000000,0.346732
186,-0.046317,1.614387,-8.025191,0.346806,-0.039069,-2.801414,0.120000,0.100000,0.100000,0.100000,-1.000000,0.346806
187,-0.047292,1.611036,-8.053206,0.346879,-0.039034,-2.800640,0.120000,0.100000,0.100000,0.100000,-1.000000,0.346879
188,-0.048361,1.607713,-8.081212,0.346950,-0.039001,-2.799885,0.120000,0.100000,0.100000,0.100000,-1.000000,0.346950
189,-0.049523,1.604421,-8.109211,0.347019,-0.038968,-2.799147,0.120000,0.100000,0.100000,0.100000,-1.000000,0.347019
190,-0.050776,1.601161,-8.137202,0.347086,-0.038935,-2.798427,0.120000,0.100000,0.100000,0.100000,-1.000000,0.347086
191,-0.052120,1.597937,-8.165187,0.347152,-0.038904,-2.797724,0.100000,0.100000,0.080000,0.100000,-1.000000,0.347152
192,-0.053553,1.594752,-8.193164,0.347216,-0.038873,-2.797038,0.100000,0.100000,0.080000,0.100000,-1.000000,0.347216
193,-0.055075,1.591607,-8.221134,0.347279,-0.038843,-2.796367,0.100000,0.080000,0.080000,0.100000,-1.000000,0.347279
194,-0.056684,1.588505,-8.249098,0.347340,-0.038814,-2.795713,0.100000,0.080000,0.080000,0.100000,-1.000000,0.347340
195,-0.058380,1.585449,-8.277055,0.347400,-0.038785,-2.795074,0.100000,0.080000,0.080000,0.100000,-1.000000,0.347400
196,-0.060160,1.582440,-8.305006,0.347459,-0.038757,-2.794450,0.100000,0.080000,0.080000,0.100000,-1.000000,0.347459
197,-0.062023,1.579482,-8.332950,0.347516,-0.038730,-2.793840,0.100000,0.080000,0.080000,0.100000,-1.000000,0.347516
198,-0.063968,1.576576,-8.360889,0.347572,-0.038704,-2.793245,0.100000,0.080000,0.080000,0.100000,-1.000000,0.347572
199,-0.065994,1.573726,-8.388821,0.347626,-0.038678,-2.792664,0.100000,0.080000,0.080000,0.100000,-1.000000,0.347626
200,-0.068099,1.570932,-8.416748,0.347679,-0.038652,-2.792096,0.100000,0.080000,0.060000,0.100000,-1.000000,0.347679
201,-0.070280,1.568197,-8.444669,0.347731,-0.038627,-2.791541,0.100000,0.080000,0.060000,0.100000,-1.000000,0.347731
202,-0.072538,1.565524,-8.472584,0.347782,-0.038603,-2.791000,0.100000,0.080000,0.060000,0.100000,-1.000000,0.347782
203,-0.074869,1.562915,-8.500494,0.347831,-0.038579,-2.790471,0.100000,0.080000,0.060000,0.100000,-1.000000,0.347831
204,-0.077272,1.560371,-8.528399,0.347880,-0.038556,-2.789955,0.100000,0.080000,0.060000,0.100000,-1.000000,0.347880
205,-0.079746,1.557895,-8.556298,0.347927,-0.038534,-2.789450,0.100000,0.080000,0.060000,0.100000,-1.000000,0.347927
206,-0.082288,1.555488,-8.584193,0.347973,-0.038512,-2.788958,0.100000,0.060000,0.060000,0.100000,-1.000000,0.347973
207,-0.084896,1.553152,-8.612082,0.348018,-0.038490,-2.788477,0.100000,0.060000,0.060000,0.100000,-1.000000,0.348018
208,-0.087568,1.550890,-8.639967,0.348062,-0.038469,-2.788007,0.100000,0.060000,0.060000,0.100000,-1.000000,0.348062
209,-0.090302,1.548702,-8.667847,0.348105,-0.038449,-2.787548,0.100000,0.060000,0.060000,0.100000,-1.000000,0.348105
210,-0.093097,1.546591,-8.695723,0.348147,-0.038429,-2.787100,0.120000,0.060000,0.060000,0.100000,-1.000000,0.348147
211,-0.095949,1.544558,-8.723594,0.348188,-0.038409,-2.786663,0.120000,0.060000,0.060000,0.100000,-1.000000,0.348188
212,-0.098858,1.542606,-8.751460,0.348228,-0.038390,-2.786236,0.120000,0.060000,0.040000,0.100000,-1.000000,0.348228
213,-0.101819,1.540734,-8.779323,0.348267,-0.038372,-2.785819,0.120000,0.060000,0.040000,0.100000,-1.000000,0.348267
214,-0.104832,1.538946,-8.807181,0.348305,-0.038353,-2.785411,0.120000,0.060000,0.040000,0.100000,-1.000000,0.348305
215,-0.107894,1.537242,-8.835035,0.348342,-0.038336,-2.785014,0.120000,0.060000,0.040000,0.100000,-1.000000,0.348342
216,-0.111002,1.535623,-8.862885,0.348378,-0.038318,-2.784625,0.120000,0.060000,0.040000,0.100000,-1.000000,0.348378
217,-0.114154,1.534091,-8.890731,0.348414,-0.038301,-2.784246,0.120000,0.060000,0.040000,0.100000,-1.000000,0.348414
218,-0.117348,1.532647,-8.918574,0.348449,-0.038285,-2.783876,0.120000,0.060000,0.040000,0.100000,-1.000000,0.348449
219,-0.120581,1.531293,-8.946413,0.348483,-0.038269,-2.783515,0.120000,0.060000,0.040000,0.100000,-1.000000,0.348483
220,-0.123851,1.530028,-8.974248,0.348516,-0.038253,-2.783162,0.120000,0.060000,0.040000,0.100000,-1.000000,0.348516
221,-0.127155,1.528855,-9.002079,0.348548,-0.038238,-2.782817,0.100000,0.060000,0.040000,0.100000,-1.000000,0.348548
222,-0.130491,1.527774,-9.029908,0.348580,-0.038223,-2.782480,0.100000,0.060000,0.040000,0.100000,-1.000000,0.348580
223,-0.133855,1.526786,-9.057732,0.348611,-0.038208,-2.782152,0.100000,0.060000,0.040000,0.100000,-1.000000,0.348611
224,-0.137246,1.525891,-9.085554,0.348641,-0.038194,-2.781831,0.100000,0.080000,0.040000,0.100000,-1.000000,0.348641
225,-0.140661,1.525091,-9.113372,0.348670,-0.038180,-2.781518,0.100000,0.080000,0.040000,0.100000,-1.000000,0.348670
226,-0.144097,1.524386,-9.141187,0.348699,-0.038166,-2.781212,0.100000,0.080000,0.040000,0.100000,-1.000000,0.348699
227,-0.147552,1.523777,-9.168999,0.348727,-0.038153,-2.780913,0.100000,0.080000,0.040000,0.100000,-1.000000,0.348727
228,-0.151022,1.523264,-9.196809,0.348754,-0.038140,-2.780622,0.080000,0.100000,0.040000,0.100000,-1.000000,0.348754
229,-0.154506,1.522847,-9.224615,0.348781,-0.038127,-2.780337,0.080000,0.080000,0.040000,0.100000,-1.000000,0.348781
230,-0.158000,1.522528,-9.252418,0.348808,-0.038115,-2.780059,0.080000,0.080000,0.040000,0.100000,-1.000000,0.348808
231,-0.161501,1.522305,-9.280219,0.348833,-0.038102,-2.779788,0.080000,0.080000,0.040000,0.100000,-1.000000,0.348833
232,-0.165008,1.522179,-9.308017,0.348858,-0.038091,-2.779523,0.080000,0.080000,0.040000,0.100000,-1.000000,0.348858
233,-0.168517,1.522151,-9.335812,0.348883,-0.038079,-2.779264,0.080000,0.080000,0.060000,0.100000,-1.000000,0.348883
234,-0.172026,1.522221,-9.363605,0.348906,-0.038068,-2.779011,1.000000,0.080000,0.060000,0.100000,-1.000000,0.348906
235,-0.175532,1.522387,-9.391395,0.348930,-0.038057,-2.778764,1.000000,0.060000,0.060000,0.100000,-1.000000,0.348930
236,-0.179032,1.522651,-9.419182,0.348952,-0.038046,-2.778523,1.000000,0.060000,0.060000,0.100000,-1.000000,0.348952
237,-0.182524,1.523012,-9.446968,0.348975,-0.038035,-2.778288,0.960000,0.060000,0.060000,0.100000,-1.000000,0.348975
238,-0.186004,1.523470,-9.474750,0.348996,-0.038025,-2.778058,0.940000,0.060000,0.060000,0.100000,-1.000000,0.348996
239,-0.189471,1.524024,-9.502531,0.349018,-0.038015,-2.777834,0.920000,0.060000,0.060000,0.100000,-1.000000,0.349018
240,-0.192921,1.524674,-9.530309,0.349038,-0.038005,-2.777614,0.880000,0.060000,0.060000,0.100000,-1.000000,0.349038
241,-0.196352,1.525420,-9.558085,0.349059,-0.037996,-2.777400,0.820000,0.060000,0.060000,0.100000,-1.000000,0.349059
242,-0.199761,1.526260,-9.585859,0.349079,-0.037986,-2.777191,0.780000,0.060000,0.060000,0.100000,-1.000000,0.349079
243,-0.203146,1.527195,-9.613631,0.349098,-0.037977,-2.776987,0.740000,0.040000,0.040000,0.100000,-1.000000,0.349098
244,-0.206503,1.528223,-9.641401,0.349117,-0.037968,-2.776788,0.720000,0.040000,0.040000,0.100000,-1.000000,0.349117
245,-0.209831,1.529344,-9.669169,0.349135,-0.037959,-2.776593,0.680000,0.040000,0.040000,0.100000,-1.000000,0.349135
246,-0.213127,1.530558,-9.696935,0.349153,-0.037951,-2.776403,0.660000,0.040000,0.040000,0.100000,-1.000000,0.349153
247,-0.216388,1.531862,-9.724699,0.349171,-0.037943,-2.776217,0.620000,0.040000,0.040000,0.100000,-1.000000,0.349171
248,-0.219612,1.533256,-9.752461,0.349188,-0.037934,-2.776036,0.600000,0.040000,0.040000,0.100000,-1.000000,0.349188
249,-0.222796,1.534739,-9.780222,0.349205,-0.037926,-2.775859,0.580000,0.960000,0.040000,0.100000,-1.000000,0.349205
250,-0.225937,1.536310,-9.807980,0.349222,-0.037919,-2.775686,0.560000,0.900000,0.020000,0.100000,-1.000000,0.349222
251,-0.229035,1.537967,-9.835737,0.349238,-0.037911,-2.775517,0.540000,0.020000,0.020000,0.100000,-1.000000,0.349238
252,-0.232085,1.539710,-9.863492,0.349253,-0.037904,-2.775352,0.520000,0.880000,0.020000,0.100000,-1.000000,0.349253
253,-0.235086,1.541536,-9.891246,0.349269,-0.037896,-2.775190,0.520000,0.820000,0.020000,0.100000,-1.000000,0.349269
254,-0.238035,1.543446,-9.918998,0.349284,-0.037889,-2.775033,0.500000,0.780000,0.020000,0.100000,-1.000000,0.349284
255,-0.240930,1.545436,-9.946748,0.349298,-0.037882,-2.774879,0.480000,0.740000,0.020000,0.100000,-1.000000,0.349298
256,-0.243769,1.547506,-9.974497,0.349313,-0.037876,-2.774729,0.480000,0.700000,1.000000,0.100000,-1.000000,0.349313
257,-0.246549,1.549654,-10.002244,0.349327,-0.037869,-2.774582,0.460000,0.660000,1.000000,0.100000,-1.000000,0.349327
258,-0.249269,1.551878,-10.029990,0.349340,-0.037863,-2.774438,0.440000,0.640000,0.960000,0.100000,-1.000000,0.349340
259,-0.251927,1.554177,-10.057734,0.349354,-0.037856,-2.774298,0.440000,0.620000,0.960000,0.100000,-1.000000,0.349354
260,-0.254520,1.556549,-10.085477,0.349367,-0.037850,-2.774162,0.420000,0.580000,0.940000,0.100000,-1.000000,0.349367
261,-0.257046,1.558992,-10.113219,0.349380,-0.037844,-2.774028,0.420000,0.560000,0.940000,0.100000,-1.000000,0.349380
262,-0.259504,1.561504,-10.140959,0.349392,-0.037838,-2.773897,0.420000,0.540000,0.880000,0.100000,-1.000000,0.349392
263,-0.261891,1.564083,-10.168698,0.349404,-0.037833,-2.773770,0.400000,0.520000,0.860000,0.100000,-1.000000,0.349404
264,-0.264205,1.566727,-10.196436,0.349416,-0.037827,-2.773645,0.400000,0.500000,0.860000,0.100000,-1.000000,0.349416
265,-0.266446,1.569435,-10.224172,0.349428,-0.037821,-2.773523,0.380000,0.500000,0.800000,0.100000,-1.000000,0.349428
266,-0.268611,1.572204,-10.251907,0.349439,-0.037816,-2.773404,0.380000,0.480000,0.760000,0.100000,-1.000000,0.349439
267,-0.270698,1.575032,-10.279642,0.349450,-0.037811,-2.773288,0.380000,0.460000,0.720000,0.100000,-1.000000,0.349450
268,-0.272707,1.577916,-10.307374,0.349461,-0.037806,-2.773174,0.360000,0.440000,0.680000,0.100000,-1.000000,0.349461
269,-0.274634,1.580856,-10.335106,0.349472,-0.037801,-2.773063,0.360000,0.440000,0.640000,0.100000,-1.000000,0.349472
270,-0.276480,1.583847,-10.362837,0.349482,-0.037796,-2.772955,0.360000,0.420000,0.600000,0.100000,-1.000000,0.349482
271,-0.278242,1.586889,-10.390566,0.349492,-0.037791,-2.772849,0.360000,0.420000,0.580000,0.100000,-1.000000,0.349492
272,-0.279919,1.589979,-10.418295,0.349502,-0.037786,-2.772745,0.340000,0.400000,0.560000,0.100000,-1.000000,0.349502
273,-0.281509,1.593114,-10.446022,0.349512,-0.037782,-2.772644,0.340000,0.400000,0.540000,0.100000,-1.000000,0.349512
274,-0.283013,1.596291,-10.473749,0.349521,-0.037777,-2.772546,0.340000,0.380000,0.520000,0.100000,-1.000000,0.349521
275,-0.284427,1.599510,-10.501474,0.349530,-0.037773,-2.772449,0.340000,0.380000,0.500000,0.100000,-1.000000,0.349530
276,-0.285752,1.602766,-10.529199,0.349539,-0.037769,-2.772355,0.320000,0.360000,0.480000,0.100000,-1.000000,0.349539
277,-0.286987,1.606058,-10.556922,0.349548,-0.037765,-2.772263,0.320000,0.360000,0.460000,0.100000,-1.000000,0.349548
278,-0.288129,1.609383,-10.584645,0.349557,-0.037761,-2.772172,0.320000,0.360000,0.440000,0.100000,-1.000000,0.349557
279,-0.289180,1.612738,-10.612367,0.349565,-0.037757,-2.772085,0.320000,0.340000,0.420000,0.100000,-1.000000,0.349565
280,-0.290136,1.616122,-10.640087,0.349574,-0.037753,-2.771999,0.320000,0.340000,0.420000,0.100000,-1.000000,0.349574
281,-0.290999,1.619530,-10.667807,0.349582,-0.037749,-2.771915,0.320000,0.340000,0.400000,0.100000,-1.000000,0.349582
282,-0.291767,1.622961,-10.695527,0.349589,-0.037745,-2.771832,0.320000,0.320000,0.380000,0.100000,-1.000000,0.349589
283,-0.292440,1.626413,-10.723245,0.349597,-0.037742,-2.771752,0.300000,0.320000,0.380000,0.100000,-1.000000,0.349597
284,-0.293017,1.629881,-10.750962,0.349605,-0.037738,-2.771674,0.300000,0.320000,0.360000,0.100000,-1.000000,0.349605
285,-0.293497,1.633365,-10.778679,0.349612,-0.037735,-2.771597,0.300000,0.320000,0.360000,0.100000,-1.000000,0.349612
286,-0.293881,1.636860,-10.806395,0.349619,-0.037731,-2.771522,0.300000,0.300000,0.340000,0.100000,-1.000000,0.349619
287,-0.294168,1.640365,-10.834110,0.349626,-0.037728,-2.771449,0.300000,0.300000,0.340000,0.100000,-1.000000,0.349626
288,-0.294358,1.643876,-10.861825,0.349633,-0.037725,-2.771378,0.300000,0.300000,0.340000,0.100000,-1.000000,0.349633
289,-0.294450,1.647392,-10.889539,0.349640,-0.037722,-2.771308,0.300000,0.300000,0.320000,0.100000,-1.000000,0.349640
290,-0.294445,1.650908,-10.917252,0.349646,-0.037719,-2.771240,0.300000,0.300000,0.320000,0.100000,-1.000000,0.349646
291,-0.294343,1.654424,-10.944964,0.349653,-0.037716,-2.771173,0.300000,0.280000,0.320000,0.100000,-1.000000,0.349653
292,-0.294143,1.657935,-10.972676,0.349659,-0.037713,-2.771108,0.300000,0.280000,0.300000,0.100000,-1.000000,0.349659
293,-0.293846,1.661439,-11.000387,0.349665,-0.037710,-2.771044,0.300000,0.280000,0.300000,0.100000,-1.000000,0.349665
294,-0.293452,1.664934,-11.028097,0.349671,-0.037707,-2.770982,0.300000,0.280000,0.300000,0.100000,-1.000000,0.349671
295,-0.292961,1.668417,-11.055807,0.349677,-0.037704,-2.770921,0.300000,0.280000,0.280000,0.100000,-1.000000,0.349677
296,-0.292374,1.671884,-11.083516,0.349683,-0.037701,-2.770862,0.300000,0.280000,0.280000,0.100000,-1.000000,0.349683
297,-0.291692,1.675334,-11.111225,0.349688,-0.037699,-2.770804,0.300000,0.280000,0.280000,0.100000,-1.000000,0.349688
298,-0.290914,1.678764,-11.138933,0.349694,-0.037696,-2.770747,0.300000,0.260000,0.280000,0.100000,-1.000000,0.349694
299,-0.290041,1.682172,-11.166640,0.349699,-0.037694,-2.770692,0.300000,0.260000,0.260000,0.100000,-1.000000,0.349699
300,-0.289074,1.685553,-11.194347,0.349704,-0.037691,-2.770637,0.300000,0.260000,0.260000,0.100000,-1.000000,0.349704
301,-0.288014,1.688907,-11.222054,0.349709,-0.037689,-2.770585,0.300000,0.260000,0.260000,0.100000,-1.000000,0.349709
302,-0.286862,1.692230,-11.249760,0.349714,-0.037687,-2.770533,0.300000,0.260000,0.260000,0.100000,-1.000000,0.349714
303,-0.285618,1.695520,-11.277465,0.349719,-0.037684,-2.770482,0.320000,0.260000,0.260000,0.100000,-1.000000,0.349719
304,-0.284283,1.698775,-11.305170,0.349724,-0.037682,-2.770433,0.320000,0.260000,0.260000,0.100000,-1.000000,0.349724
305,-0.282858,1.701991,-11.332874,0.349728,-0.037680,-2.770385,0.320000,0.260000,0.240000,0.100000,-1.000000,0.349728
306,-0.281345,1.705166,-11.360578,0.349733,-0.037678,-2.770337,0.320000,0.260000,0.240000,0.100000,-1.000000,0.349733
307,-0.279745,1.708299,-11.388281,0.349737,-0.037676,-2.770291,0.320000,0.260000,0.240000,0.100000,-1.000000,0.349737
308,-0.278059,1.711386,-11.415984,0.349742,-0.037674,-2.770246,0.340000,0.260000,0.240000,0.100000,-1.000000,0.349742
309,-0.276287,1.714425,-11.443687,0.349746,-0.037672,-2.770202,0.340000,0.260000,0.240000,0.100000,-1.000000,0.349746
310,-0.274432,1.717414,-11.471389,0.349750,-0.037670,-2.770159,0.340000,0.260000,0.240000,0.100000,-1.000000,0.349750
311,-0.272496,1.720350,-11.499090,0.349754,-0.037668,-2.770117,0.340000,0.260000,0.240000,0.100000,-1.000000,0.349754
312,-0.270478,1.723232,-11.526791,0.349758,-0.037666,-2.770076,0.360000,0.260000,0.240000,0.100000,-1.000000,0.349758
313,-0.268381,1.726057,-11.554492,0.349762,-0.037664,-2.770036,0.360000,0.260000,0.240000,0.100000,-1.000000,0.349762
314,-0.266207,1.728822,-11.582193,0.349766,-0.037662,-2.769997,0.380000,0.280000,0.240000,0.100000,-1.000000,0.349766
315,-0.263958,1.731527,-11.609893,0.349769,-0.037661,-2.769958,0.380000,0.280000,0.240000,0.100000,-1.000000,0.349769
316,-0.261634,1.734168,-11.637592,0.349773,-0.037659,-2.769921,0.400000,0.280000,0.240000,0.100000,-1.000000,0.349773
317,-0.259238,1.736744,-11.665291,0.349776,-0.037657,-2.769884,0.400000,0.280000,0.240000,0.100000,-1.000000,0.349776
318,-0.256771,1.739252,-11.692990,0.349780,-0.037656,-2.769848,0.380000,0.280000,0.240000,0.100000,-1.000000,0.349780
319,-0.254236,1.741691,-11.720689,0.349783,-0.037654,-2.769813,0.380000,0.280000,0.240000,0.100000,-1.000000,0.349783
320,-0.251635,1.744060,-11.748387,0.349786,-0.037653,-2.769779,0.380000,0.300000,0.240000,0.100000,-1.000000,0.349786
321,-0.248968,1.746355,-11.776085,0.349790,-0.037651,-2.769746,0.400000,0.300000,0.240000,0.100000,-1.000000,0.349790
322,-0.246239,1.748575,-11.803782,0.349793,-0.037650,-2.769713,0.420000,0.300000,0.240000,0.100000,-1.000000,0.349793
323,-0.243450,1.750719,-11.831479,0.349796,-0.037648,-2.769681,0.440000,0.300000,0.240000,0.100000,-1.000000,0.349796
324,-0.240603,1.752786,-11.859176,0.349799,-0.037647,-2.769650,0.460000,0.320000,0.240000,0.100000,-1.000000,0.349799
325,-0.237699,1.754772,-11.886872,0.349802,-0.037645,-2.769619,0.500000,0.320000,0.240000,0.100000,-1.000000,0.349802
326,-0.234741,1.756677,-11.914569,0.349805,-0.037644,-2.769590,0.520000,0.340000,0.240000,0.100000,-1.000000,0.349805
327,-0.231732,1.758500,-11.942265,0.349808,-0.037643,-2.769560,0.580000,0.340000,0.240000,0.100000,-1.000000,0.349808
328,-0.228673,1.760239,-11.969960,0.349810,-0.037641,-2.769532,0.640000,0.360000,0.240000,0.100000,-1.000000,0.349810
329,-0.225568,1.761892,-11.997656,0.349813,-0.037640,-2.769504,0.700000,0.360000,0.240000,0.100000,-1.000000,0.349813
330,-0.222418,1.763459,-12.025351,0.349816,-0.037639,-2.769477,0.800000,0.360000,0.260000,0.100000,-1.000000,0.349816
331,-0.219225,1.764938,-12.053045,0.349818,-0.037638,-2.769450,0.840000,0.340000,0.260000,0.100000,-1.000000,0.349818
332,-0.215993,1.766328,-12.080740,0.349821,-0.037637,-2.769424,0.840000,0.340000,0.260000,0.100000,-1.000000,0.349821
333,-0.212724,1.767628,-12.108434,0.349823,-0.037635,-2.769399,0.980000,0.340000,0.260000,0.100000,-1.000000,0.349823
334,-0.209419,1.768837,-12.136128,0.349825,-0.037634,-2.769374,0.980000,0.360000,0.280000,0.100000,-1.000000,0.349825
335,-0.206083,1.769954,-12.163822,0.349828,-0.037633,-2.769350,1.000000,0.380000,0.280000,0.100000,-1.000000,0.349828
336,-0.202717,1.770978,-12.191515,0.349830,-0.037632,-2.769326,1.000000,0.400000,0.280000,0.100000,-1.000000,0.349830
337,-0.199324,1.771909,-12.219209,0.349832,-0.037631,-2.769303,1.000000,0.420000,0.300000,0.100000,-1.000000,0.349832
338,-0.195906,1.772745,-12.246902,0.349834,-0.037630,-2.769281,1.000000,0.460000,0.300000,0.100000,-1.000000,0.349834
339,-0.192467,1.773487,-12.274594,0.349837,-0.037629,-2.769259,1.000000,0.500000,0.320000,0.100000,-1.000000,0.349837
340,-0.189008,1.774133,-12.302287,0.349839,-0.037628,-2.769237,1.000000,0.540000,0.320000,0.100000,-1.000000,0.349839
341,-0.185533,1.774682,-12.329979,0.349841,-0.037627,-2.769216,1.000000,0.600000,0.340000,0.100000,-1.000000,0.349841
342,-0.182043,1.775136,-12.357672,0.349843,-0.037626,-2.769195,1.000000,0.680000,0.320000,0.100000,-1.000000,0.349843
343,-0.178543,1.775493,-12.385363,0.349845,-0.037625,-2.769175,1.000000,0.780000,0.320000,0.100000,-1.000000,0.349845
344,-0.175034,1.775752,-12.413055,0.349846,-0.037624,-2.769155,1.000000,0.800000,0.300000,0.100000,-1.000000,0.349846
345,-0.171519,1.775915,-12.440747,0.349848,-0.037623,-2.769136,1.000000,0.800000,0.320000,0.100000,-1.000000,0.349848
346,-0.168001,1.775980,-12.468438,0.349850,-0.037623,-2.769117,1.000000,0.940000,0.340000,0.100000,-1.000000,0.349850
347,-0.164482,1.775948,-12.496129,0.349852,-0.037622,-2.769099,1.000000,0.940000,0.360000,0.100000,-1.000000,0.349852
348,-0.160966,1.775818,-12.523820,0.349854,-0.037621,-2.769081,1.000000,1.000000,0.380000,0.100000,-1.000000,0.349854
349,-0.157455,1.775591,-12.551511,0.349855,-0.037620,-2.769063,1.000000,1.000000,0.400000,0.100000,-1.000000,0.349855
350,-0.153951,1.775267,-12.579202,0.349857,-0.037619,-2.769046,0.860000,1.000000,0.440000,0.100000,-1.000000,0.349857
351,-0.150457,1.774846,-12.606892,0.349859,-0.037619,-2.769029,0.700000,1.000000,0.480000,0.100000,-1.000000,0.349859
352,-0.146977,1.774328,-12.634582,0.349860,-0.037618,-2.769013,0.660000,1.000000,0.520000,0.100000,-1.000000,0.349860
353,-0.143512,1.773714,-12.662273,0.349862,-0.037617,-2.768997,0.620000,1.000000,0.580000,0.100000,-1.000000,0.349862
354,-0.140066,1.773005,-12.689963,0.349863,-0.037616,-2.768981,0.580000,1.000000,0.640000,0.100000,-1.000000,0.349863
355,-0.136640,1.772200,-12.717652,0.349865,-0.037616,-2.768966,0.540000,1.000000,0.740000,0.100000,-1.000000,0.349865
356,-0.133238,1.771301,-12.745342,0.349866,-0.037615,-2.768951,0.520000,1.000000,0.760000,0.100000,-1.000000,0.349866
357,-0.129862,1.770308,-12.773032,0.349868,-0.037614,-2.768936,0.500000,1.000000,0.760000,0.100000,-1.000000,0.349868
358,-0.126515,1.769222,-12.800721,0.349869,-0.037614,-2.768922,0.480000,1.000000,0.920000,0.100000,-1.000000,0.349869
359,-0.123199,1.768044,-12.828410,0.349870,-0.037613,-2.768908,0.460000,1.000000,0.920000,0.100000,-1.000000,0.349870
360,-0.119918,1.766774,-12.856099,0.349872,-0.037613,-2.768894,0.440000,1.000000,0.980000,0.100000,-1.000000,0.349872
361,-0.116672,1.765414,-12.883788,0.349873,-0.037612,-2.768881,0.420000,1.000000,0.980000,0.100000,-1.000000,0.349873
362,-0.113466,1.763965,-12.911477,0.349874,-0.037611,-2.768868,0.400000,0.980000,1.000000,0.100000,-1.000000,0.349874
363,-0.110300,1.762427,-12.939166,0.349875,-0.037611,-2.768855,0.380000,0.800000,1.000000,0.100000,-1.000000,0.349875
364,-0.107179,1.760803,-12.966854,0.349877,-0.037610,-2.768843,0.380000,0.640000,1.000000,0.100000,-1.000000,0.349877
365,-0.104104,1.759092,-12.994543,0.349878,-0.037610,-2.768831,0.360000,0.600000,1.000000,0.100000,-1.000000,0.349878
366,-0.101077,1.757297,-13.022231,0.349879,-0.037609,-2.768819,0.360000,0.560000,1.000000,0.100000,-1.000000,0.349879
367,-0.098101,1.755419,-13.049919,0.349880,-0.037609,-2.768807,0.280000,0.540000,1.000000,0.100000,-1.000000,0.349880
368,-0.095178,1.753460,-13.077607,0.349881,-0.037608,-2.768796,0.280000,0.500000,1.000000,0.100000,-1.000000,0.349881
369,-0.092311,1.751420,-13.105295,0.349882,-0.037608,-2.768785,0.260000,0.480000,1.000000,0.100000,-1.000000,0.349882
370,-0.089501,1.749301,-13.132983,0.349883,-0.037607,-2.768774,0.260000,0.460000,1.000000,0.100000,-1.000000,0.349883
371,-0.086751,1.747106,-13.160671,0.349884,-0.037607,-2.768763,0.260000,0.440000,1.000000,0.100000,-1.000000,0.349884
372,-0.084062,1.744835,-13.188358,0.349885,-0.037606,-2.768753,0.240000,0.420000,1.000000,0.100000,-1.000000,0.349885
373,-0.081438,1.742491,-13.216046,0.349886,-0.037606,-2.768743,0.240000,0.400000,1.000000,0.100000,-1.000000,0.349886
374,-0.078879,1.740075,-13.243733,0.349887,-0.037605,-2.768733,0.240000,0.380000,1.000000,0.100000,-1.000000,0.349887
375,-0.076388,1.737589,-13.271421,0.349888,-0.037605,-2.768723,0.220000,0.360000,0.780000,0.100000,-1.000000,0.349888
376,-0.073968,1.735035,-13.299108,0.349889,-0.037604,-2.768713,0.220000,0.360000,0.620000,0.100000,-1.000000,0.349889
377,-0.071618,1.732415,-13.326795,0.349890,-0.037604,-2.768704,0.220000,0.340000,0.580000,0.100000,-1.000000,0.349890
378,-0.069342,1.729731,-13.354482,0.349891,-0.037604,-2.768695,0.220000,0.320000,0.540000,0.100000,-1.000000,0.349891
379,-0.067141,1.726985,-13.382169,0.349892,-0.037603,-2.768686,0.200000,0.320000,0.500000,0.100000,-1.000000,0.349892
380,-0.065018,1.724179,-13.409856,0.349892,-0.037603,-2.768678,0.200000,0.300000,0.480000,0.100000,-1.000000,0.349892
381,-0.062972,1.721316,-13.437543,0.349893,-0.037602,-2.768669,0.200000,0.240000,0.440000,0.100000,-1.000000,0.349893
382,-0.061007,1.718397,-13.465229,0.349894,-0.037602,-2.768661,0.200000,0.240000,0.420000,0.100000,-1.000000,0.349894
383,-0.059123,1.715424,-13.492916,0.349895,-0.037602,-2.768653,0.200000,0.220000,0.400000,0.100000,-1.000000,0.349895
384,-0.057322,1.712401,-13.520602,0.349896,-0.037601,-2.768645,0.180000,0.220000,0.380000,0.100000,-1.000000,0.349896
385,-0.055606,1.709329,-13.548289,0.349896,-0.037601,-2.768637,0.180000,0.220000,0.360000,0.100000,-1.000000,0.349896
386,-0.053975,1.706210,-13.575975,0.349897,-0.037601,-2.768630,0.180000,0.200000,0.340000,0.100000,-1.000000,0.349897
387,-0.052431,1.703048,-13.603662,0.349898,-0.037600,-2.768622,0.180000,0.200000,0.320000,0.100000,-1.000000,0.349898
388,-0.050975,1.699844,-13.631348,0.349898,-0.037600,-2.768615,0.180000,0.200000,0.320000,0.100000,-1.000000,0.349898
389,-0.049609,1.696601,-13.659034,0.349899,-0.037600,-2.768608,0.160000,0.180000,0.300000,0.100000,-1.000000,0.349899
390,-0.048333,1.693321,-13.686720,0.349900,-0.037599,-2.768601,0.160000,0.180000,0.280000,0.100000,-1.000000,0.349900
391,-0.047148,1.690008,-13.714406,0.349900,-0.037599,-2.768595,0.160000,0.180000,0.220000,0.100000,-1.000000,0.349900
392,-0.046055,1.686663,-13.742092,0.349901,-0.037599,-2.768588,0.160000,0.180000,0.220000,0.100000,-1.000000,0.349901
393,-0.045056,1.683288,-13.769778,0.349902,-0.037598,-2.768582,0.160000,0.160000,0.200000,0.100000,-1.000000,0.349902
394,-0.044150,1.679888,-13.797464,0.349902,-0.037598,-2.768575,0.160000,0.160000,0.200000,0.100000,-1.000000,0.349902
395,-0.043338,1.676463,-13.825149,0.349903,-0.037598,-2.768569,0.160000,0.160000,0.180000,0.100000,-1.000000,0.349903
396,-0.042622,1.673018,-13.852835,0.349903,-0.037598,-2.768563,0.140000,0.160000,0.180000,0.100000,-1.000000,0.349903
397,-0.042001,1.669554,-13.880521,0.349904,-0.037597,-2.768557,0.140000,0.160000,0.180000,0.100000,-1.000000,0.349904
398,-0.041477,1.666074,-13.908206,0.349905,-0.037597,-2.768552,0.140000,0.140000,0.160000,0.100000,-1.000000,0.349905
399,-0.041049,1.662581,-13.935892,0.349905,-0.037597,-2.768546,0.140000,0.140000,0.160000,0.100000,-1.000000,0.349905
400,-0.040718,1.659077,-13.963577,0.349906,-0.037597,-2.768541,0.140000,0.140000,0.160000,0.100000,-1.000000,0.349906
401,-0.040484,1.655566,-13.991263,0.349906,-0.037596,-2.768535,0.140000,0.140000,0.160000,0.100000,-1.000000,0.349906
402,-0.040347,1.652049,-14.018948,0.349907,-0.037596,-2.768530,0.140000,0.140000,0.140000,0.100000,-1.000000,0.349907
403,-0.040308,1.648530,-14.046633,0.349907,-0.037596,-2.768525,0.140000,0.120000,0.140000,0.100000,-1.000000,0.349907
404,-0.040366,1.645012,-14.074319,0.349908,-0.037596,-2.768520,0.140000,0.120000,0.140000,0.100000,-1.000000,0.349908
405,-0.040521,1.641496,-14.102004,0.349908,-0.037595,-2.768515,0.120000,0.120000,0.140000,0.100000,-1.000000,0.349908
406,-0.040774,1.637986,-14.129689,0.349909,-0.037595,-2.768510,0.120000,0.120000,0.120000,0.100000,-1.000000,0.349909
407,-0.041124,1.634484,-14.157374,0.349909,-0.037595,-2.768506,0.120000,0.120000,0.120000,0.100000,-1.000000,0.349909
408,-0.041570,1.630993,-14.185059,0.349909,-0.037595,-2.768501,0.120000,0.120000,0.120000,0.100000,-1.000000,0.349909
409,-0.042113,1.627516,-14.212744,0.349910,-0.037595,-2.768497,0.120000,0.120000,0.120000,0.100000,-1.000000,0.349910
410,-0.042752,1.624055,-14.240429,0.349910,-0.037594,-2.768492,0.120000,0.100000,0.120000,0.100000,-1.000000,0.349910
411,-0.043487,1.620614,-14.268114,0.349911,-0.037594,-2.768488,0.120000,0.100000,0.100000,0.100000,-1.000000,0.349911
412,-0.044317,1.617194,-14.295799,0.349911,-0.037594,-2.768484,0.120000,0.100000,0.100000,0.100000,-1.000000,0.349911
413,-0.045240,1.613798,-14.323484,0.349911,-0.037594,-2.768480,0.120000,0.100000,0.100000,0.100000,-1.000000,0.349911
414,-0.046258,1.610429,-14.351169,0.349912,-0.037594,-2.768476,0.120000,0.100000,0.100000,0.100000,-1.000000,0.349912
415,-0.047369,1.607089,-14.378853,0.349912,-0.037593,-2.768472,0.120000,0.100000,0.100000,0.100000,-1.000000,0.349912
416,-0.048571,1.603782,-14.406538,0.349913,-0.037593,-2.768468,0.120000,0.100000,0.100000,0.100000,-1.000000,0.349913
417,-0.049865,1.600509,-14.434223,0.349913,-0.037593,-2.768465,0.120000,0.100000,0.100000,0.100000,-1.000000,0.349913
418,-0.051248,1.597273,-14.461907,0.349913,-0.037593,-2.768461,0.100000,0.100000,0.080000,0.100000,-1.000000,0.349913
419,-0.052721,1.594077,-14.489592,0.349914,-0.037593,-2.768457,0.100000,0.100000,0.080000,0.100000,-1.000000,0.349914
420,-0.054282,1.590923,-14.517277,0.349914,-0.037593,-2.768454,0.100000,0.080000,0.080000,0.100000,-1.000000,0.349914
421,-0.055929,1.587813,-14.544961,0.349914,-0.037592,-2.768451,0.100000,0.080000,0.080000,0.100000,-1.000000,0.349914
422,-0.057662,1.584750,-14.572646,0.349915,-0.037592,-2.768447,0.100000,0.080000,0.080000,0.100000,-1.000000,0.349915
423,-0.059479,1.581736,-14.600330,0.349915,-0.037592,-2.768444,0.100000,0.080000,0.080000,0.100000,-1.000000,0.349915
424,-0.061378,1.578773,-14.628015,0.349915,-0.037592,-2.768441,0.100000,0.080000,0.080000,0.100000,-1.000000,0.349915
425,-0.063359,1.575864,-14.655699,0.349916,-0.037592,-2.768438,0.100000,0.080000,0.080000,0.100000,-1.000000,0.349916
426,-0.065420,1.573011,-14.683383,0.349916,-0.037592,-2.768435,0.100000,0.080000,0.060000,0.100000,-1.000000,0.349916
427,-0.067559,1.570217,-14.711068,0.349916,-0.037592,-2.768432,0.100000,0.080000,0.060000,0.100000,-1.000000,0.349916
428,-0.069774,1.567482,-14.738752,0.349916,-0.037592,-2.768429,0.100000,0.080000,0.060000,0.100000,-1.000000,0.349916
429,-0.072065,1.564810,-14.766436,0.349917,-0.037591,-2.768426,0.100000,0.080000,0.060000,0.100000,-1.000000,0.349917
430,-0.074428,1.562202,-14.794121,0.349917,-0.037591,-2.768423,0.100000,0.080000,0.060000,0.100000,-1.000000,0.349917
431,-0.076863,1.559661,-14.821805,0.349917,-0.037591,-2.768421,0.100000,0.080000,0.060000,0.100000,-1.000000,0.349917
432,-0.079367,1.557188,-14.849489,0.349917,-0.037591,-2.768418,0.100000,0.080000,0.060000,0.100000,-1.000000,0.349917
433,-0.081938,1.554786,-14.877173,0.349918,-0.037591,-2.768415,0.100000,0.060000,0.060000,0.100000,-1.000000,0.349918
434,-0.084575,1.552455,-14.904857,0.349918,-0.037591,-2.768413,0.100000,0.060000,0.060000,0.100000,-1.000000,0.349918
435,-0.087276,1.550198,-14.932541,0.349918,-0.037591,-2.768410,0.100000,0.060000,0.060000,0.100000,-1.000000,0.349918
436,-0.090038,1.548017,-14.960226,0.349918,-0.037591,-2.768408,0.100000,0.060000,0.060000,0.100000,-1.000000,0.349918
437,-0.092859,1.545914,-14.987910,0.349919,-0.037590,-2.768406,0.120000,0.060000,0.060000,0.100000,-1.000000,0.349919
438,-0.095738,1.543889,-15.015594,0.349919,-0.037590,-2.768403,0.120000,0.060000,0.060000,0.100000,-1.000000,0.349919
439,-0.098671,1.541944,-15.043278,0.349919,-0.037590,-2.768401,0.120000,0.060000,0.040000,0.100000,-1.000000,0.349919
440,-0.101657,1.540082,-15.070962,0.349919,-0.037590,-2.768399,0.120000,0.060000,0.040000,0.100000,-1.000000,0.349919
441,-0.104694,1.538303,-15.098646,0.349919,-0.037590,-2.768397,0.120000,0.060000,0.040000,0.100000,-1.000000,0.349919
442,-0.107778,1.536608,-15.126330,0.349920,-0.037590,-2.768395,0.120000,0.060000,0.040000,0.100000,-1.000000,0.349920
443,-0.110909,1.535000,-15.154014,0.349920,-0.037590,-2.768393,0.120000,0.060000,0.040000,0.100000,-1.000000,0.349920
444,-0.114082,1.533479,-15.181698,0.349920,-0.037590,-2.768391,0.120000,0.060000,0.040000,0.100000,-1.000000,0.349920
445,-0.117297,1.532046,-15.209381,0.349920,-0.037590,-2.768389,0.120000,0.060000,0.040000,0.100000,-1.000000,0.349920
446,-0.120550,1.530703,-15.237065,0.349920,-0.037590,-2.768387,0.120000,0.060000,0.040000,0.100000,-1.000000,0.349920
447,-0.123839,1.529451,-15.264749,0.349921,-0.037590,-2.768385,0.120000,0.060000,0.040000,0.100000,-1.000000,0.349921
448,-0.127161,1.528290,-15.292433,0.349921,-0.037589,-2.768383,0.100000,0.060000,0.040000,0.100000,-1.000000,0.349921
449,-0.130514,1.527221,-15.320117,0.349921,-0.037589,-2.768381,0.100000,0.060000,0.040000,0.100000,-1.000000,0.349921
450,-0.133896,1.526246,-15.347801,0.349921,-0.037589,-2.768380,0.100000,0.060000,0.040000,0.100000,-1.000000,0.349921
451,-0.137303,1.525364,-15.375485,0.349921,-0.037589,-2.768378,0.100000,0.080000,0.040000,0.100000,-1.000000,0.349921
452,-0.140733,1.524577,-15.403168,0.349921,-0.037589,-2.768376,0.100000,0.080000,0.040000,0.100000,-1.000000,0.349921
453,-0.144184,1.523886,-15.430852,0.349922,-0.037589,-2.768375,0.100000,0.080000,0.040000,0.100000,-1.000000,0.349922
454,-0.147652,1.523290,-15.458536,0.349922,-0.037589,-2.768373,0.100000,0.080000,0.040000,0.100000,-1.000000,0.349922
455,-0.151136,1.522791,-15.486220,0.349922,-0.037589,-2.768372,0.080000,0.100000,0.040000,0.100000,-1.000000,0.349922
456,-0.154632,1.522388,-15.513903,0.349922,-0.037589,-2.768370,0.080000,0.080000,0.040000,0.100000,-1.000000,0.349922
457,-0.158138,1.522082,-15.541587,0.349922,-0.037589,-2.768369,0.080000,0.080000,0.040000,0.100000,-1.000000,0.349922
458,-0.161651,1.521873,-15.569271,0.349922,-0.037589,-2.768367,0.080000,0.080000,0.040000,0.100000,-1.000000,0.349922
459,-0.165169,1.521761,-15.596954,0.349922,-0.037589,-2.768366,0.080000,0.080000,0.040000,0.100000,-1.000000,0.349922
460,-0.168688,1.521747,-15.624638,0.349923,-0.037589,-2.768364,0.080000,0.080000,0.060000,0.100000,-1.000000,0.349923
461,-0.172207,1.521831,-15.652322,0.349923,-0.037589,-2.768363,1.000000,0.080000,0.060000,0.100000,-1.000000,0.349923
462,-0.175721,1.522011,-15.680005,0.349923,-0.037588,-2.768362,1.000000,0.060000,0.060000,0.100000,-1.000000,0.349923
463,-0.179230,1.522289,-15.707689,0.349923,-0.037588,-2.768360,1.000000,0.060000,0.060000,0.100000,-1.000000,0.349923
464,-0.182729,1.522664,-15.735372,0.349923,-0.037588,-2.768359,0.940000,0.060000,0.060000,0.100000,-1.000000,0.349923
465,-0.186217,1.523136,-15.763056,0.349923,-0.037588,-2.768358,0.940000,0.060000,0.060000,0.100000,-1.000000,0.349923
466,-0.189690,1.523704,-15.790740,0.349923,-0.037588,-2.768357,0.920000,0.060000,0.060000,0.100000,-1.000000,0.349923
467,-0.193146,1.524368,-15.818423,0.349923,-0.037588,-2.768355,0.860000,0.060000,0.060000,0.100000,-1.000000,0.349923
468,-0.196583,1.525127,-15.846107,0.349924,-0.037588,-2.768354,0.820000,0.060000,0.060000,0.100000,-1.000000,0.349924
469,-0.199997,1.525981,-15.873790,0.349924,-0.037588,-2.768353,0.780000,0.060000,0.060000,0.100000,-1.000000,0.349924
470,-0.203386,1.526930,-15.901474,0.349924,-0.037588,-2.768352,0.740000,0.040000,0.040000,0.100000,-1.000000,0.349924
471,-0.206748,1.527971,-15.929157,0.349924,-0.037588,-2.768351,0.700000,0.040000,0.040000,0.100000,-1.000000,0.349924
472,-0.210079,1.529106,-15.956841,0.349924,-0.037588,-2.768350,0.680000,0.040000,0.040000,0.100000,-1.000000,0.349924
473,-0.213378,1.530332,-15.984524,0.349924,-0.037588,-2.768349,0.660000,0.040000,0.040000,0.100000,-1.000000,0.349924
474,-0.216642,1.531649,-16.012208,0.349924,-0.037588,-2.768348,0.620000,0.040000,0.040000,0.100000,-1.000000,0.349924
475,-0.219868,1.533056,-16.039891,0.349924,-0.037588,-2.768347,0.600000,0.040000,0.040000,0.100000,-1.000000,0.349924
476,-0.223053,1.534552,-16.067575,0.349924,-0.037588,-2.768346,0.580000,0.960000,0.040000,0.100000,-1.000000,0.349924
477,-0.226196,1.536135,-16.095258,0.349924,-0.037588,-2.768345,0.560000,0.900000,0.020000,0.100000,-1.000000,0.349924
478,-0.229295,1.537805,-16.122942,0.349925,-0.037588,-2.768344,0.540000,0.020000,0.020000,0.100000,-1.000000,0.349925
479,-0.232345,1.539559,-16.150625,0.349925,-0.037588,-2.768343,0.520000,0.860000,0.020000,0.100000,-1.000000,0.349925
480,-0.235346,1.541398,-16.178309,0.349925,-0.037588,-2.768342,0.520000,0.820000,0.020000,0.100000,-1.000000,0.349925
481,-0.238295,1.543319,-16.205992,0.349925,-0.037588,-2.768341,0.500000,0.780000,0.020000,0.100000,-1.000000,0.349925
482,-0.241190,1.545321,-16.233675,0.349925,-0.037588,-2.768341,0.480000,0.740000,0.020000,0.100000,-1.000000,0.349925
483,-0.244028,1.547402,-16.261359,0.349925,-0.037587,-2.768340,0.480000,0.700000,1.000000,0.100000,-1.000000,0.349925
484,-0.246807,1.549561,-16.289042,0.349925,-0.037587,-2.768339,0.460000,0.660000,1.000000,0.100000,-1.000000,0.349925
485,-0.249526,1.551796,-16.316726,0.349925,-0.037587,-2.768338,0.440000,0.640000,0.960000,0.100000,-1.000000,0.349925
486,-0.252182,1.554105,-16.344409,0.349925,-0.037587,-2.768337,0.440000,0.620000,0.960000,0.100000,-1.000000,0.349925
487,-0.254772,1.556487,-16.372092,0.349925,-0.037587,-2.768337,0.420000,0.580000,0.940000,0.100000,-1.000000,0.349925
488,-0.257296,1.558940,-16.399776,0.349925,-0.037587,-2.768336,0.420000,0.560000,0.940000,0.100000,-1.000000,0.349925
489,-0.259751,1.561462,-16.427459,0.349925,-0.037587,-2.768335,0.420000,0.540000,0.860000,0.100000,-1.000000,0.349925
490,-0.262135,1.564050,-16.455142,0.349925,-0.037587,-2.768335,0.400000,0.520000,0.860000,0.100000,-1.000000,0.349925
491,-0.264447,1.566704,-16.482826,0.349926,-0.037587,-2.768334,0.400000,0.500000,0.840000,0.100000,-1.000000,0.349926
492,-0.266684,1.569421,-16.510509,0.349926,-0.037587,-2.768333,0.380000,0.480000,0.800000,0.100000,-1.000000,0.349926
493,-0.268846,1.572198,-16.538192,0.349926,-0.037587,-2.768333,0.380000,0.480000,0.740000,0.100000,-1.000000,0.349926
494,-0.270929,1.575035,-16.565876,0.349926,-0.037587,-2.768332,0.380000,0.460000,0.700000,0.100000,-1.000000,0.349926
495,-0.272933,1.577928,-16.593559,0.349926,-0.037587,-2.768331,0.360000,0.440000,0.680000,0.100000,-1.000000,0.349926
496,-0.274857,1.580875,-16.621242,0.349926,-0.037587,-2.768331,0.360000,0.440000,0.640000,0.100000,-1.000000,0.349926
497,-0.276698,1.583874,-16.648926,0.349926,-0.037587,-2.768330,0.360000,0.420000,0.600000,0.100000,-1.000000,0.349926
498,-0.278455,1.586924,-16.676609,0.349926,-0.037587,-2.768330,0.360000,0.420000,0.580000,0.100000,-1.000000,0.349926
499,-0.280127,1.590020,-16.704292,0.349926,-0.037587,-2.768329,0.340000,0.400000,0.560000,0.100000,-1.000000,0.349926
500,-0.281713,1.593162,-16.731976,0.349926,-0.037587,-2.768328,0.340000,0.400000,0.540000,0.100000,-1.000000,0.349926
501,-0.283212,1.596347,-16.759659,0.349926,-0.037587,-2.768328,0.340000,0.380000,0.500000,0.100000,-1.000000,0.349926
502,-0.284621,1.599571,-16.787342,0.349926,-0.037587,-2.768327,0.340000,0.380000,0.500000,0.100000,-1.000000,0.349926
503,-0.285941,1.602834,-16.815025,0.349926,-0.037587,-2.768327,0.320000,0.360000,0.480000,0.100000,-1.000000,0.349926
504,-0.287170,1.606132,-16.842709,0.349926,-0.037587,-2.768326,0.320000,0.360000,0.460000,0.100000,-1.000000,0.349926
505,-0.288307,1.609462,-16.870392,0.349926,-0.037587,-2.768326,0.320000,0.360000,0.440000,0.100000,-1.000000,0.349926
506,-0.289352,1.612823,-16.898075,0.349926,-0.037587,-2.768325,0.320000,0.340000,0.420000,0.100000,-1.000000,0.349926
507,-0.290303,1.616212,-16.925758,0.349926,-0.037587,-2.768325,0.320000,0.340000,0.420000,0.100000,-1.000000,0.349926
508,-0.291160,1.619625,-16.953442,0.349926,-0.037587,-2.768324,0.320000,0.340000,0.400000,0.100000,-1.000000,0.349926
509,-0.291923,1.623061,-16.981125,0.349927,-0.037587,-2.768324,0.320000,0.320000,0.380000,0.100000,-1.000000,0.349927
510,-0.292589,1.626517,-17.008808,0.349927,-0.037587,-2.768323,0.300000,0.320000,0.380000,0.100000,-1.000000,0.349927
511,-0.293160,1.629989,-17.036491,0.349927,-0.037587,-2.768323,0.300000,0.320000,0.360000,0.100000,-1.000000,0.349927
512,-0.293635,1.633477,-17.064175,0.349927,-0.037587,-2.768323,0.300000,0.320000,0.360000,0.100000,-1.000000,0.349927
513,-0.294013,1.636976,-17.091858,0.349927,-0.037587,-2.768322,0.300000,0.300000,0.340000,0.100000,-1.000000,0.349927
514,-0.294294,1.640484,-17.119541,0.349927,-0.037587,-2.768322,0.300000,0.300000,0.340000,0.100000,-1.000000,0.349927
515,-0.294477,1.643998,-17.147224,0.349927,-0.037587,-2.768321,0.300000,0.300000,0.340000,0.100000,-1.000000,0.349927
516,-0.294564,1.647517,-17.174908,0.349927,-0.037587,-2.768321,0.300000,0.300000,0.320000,0.100000,-1.000000,0.349927
517,-0.294553,1.651036,-17.202591,0.349927,-0.037587,-2.768321,0.300000,0.280000,0.320000,0.100000,-1.000000,0.349927
518,-0.294444,1.654554,-17.230274,0.349927,-0.037587,-2.768320,0.300000,0.280000,0.300000,0.100000,-1.000000,0.349927
519,-0.294238,1.658067,-17.257957,0.349927,-0.037587,-2.768320,0.300000,0.280000,0.300000,0.100000,-1.000000,0.349927
520,-0.293935,1.661573,-17.285640,0.349927,-0.037587,-2.768320,0.300000,0.280000,0.300000,0.100000,-1.000000,0.349927
521,-0.293535,1.665070,-17.313324,0.349927,-0.037587,-2.768319,0.300000,0.280000,0.300000,0.100000,-1.000000,0.349927
522,-0.293039,1.668554,-17.341007,0.349927,-0.037587,-2.768319,0.300000,0.280000,0.280000,0.100000,-1.000000,0.349927
523,-0.292446,1.672023,-17.368690,0.349927,-0.037587,-2.768319,0.300000,0.280000,0.280000,0.100000,-1.000000,0.349927
524,-0.291757,1.675475,-17.396373,0.349927,-0.037586,-2.768318,0.300000,0.280000,0.280000,0.100000,-1.000000,0.349927
525,-0.290974,1.678906,-17.424056,0.349927,-0.037586,-2.768318,0.300000,0.260000,0.280000,0.100000,-1.000000,0.349927
526,-0.290095,1.682314,-17.451739,0.349927,-0.037586,-2.768318,0.300000,0.260000,0.260000,0.100000,-1.000000,0.349927
527,-0.289123,1.685696,-17.479423,0.349927,-0.037586,-2.768317,0.300000,0.260000,0.260000,0.100000,-1.000000,0.349927
528,-0.288057,1.689050,-17.507106,0.349927,-0.037586,-2.768317,0.300000,0.260000,0.260000,0.100000,-1.000000,0.349927
529,-0.286898,1.692374,-17.534789,0.349927,-0.037586,-2.768317,0.300000,0.260000,0.260000,0.100000,-1.000000,0.349927
530,-0.285649,1.695664,-17.562472,0.349927,-0.037586,-2.768316,0.320000,0.260000,0.260000,0.100000,-1.000000,0.349927
531,-0.284308,1.698918,-17.590155,0.349927,-0.037586,-2.768316,0.320000,0.260000,0.260000,0.100000,-1.000000,0.349927
532,-0.282878,1.702134,-17.617839,0.349927,-0.037586,-2.768316,0.320000,0.260000,0.240000,0.100000,-1.000000,0.349927
533,-0.281360,1.705309,-17.645522,0.349927,-0.037586,-2.768316,0.320000,0.260000,0.240000,0.100000,-1.000000,0.349927
534,-0.279754,1.708440,-17.673205,0.349927,-0.037586,-2.768315,0.320000,0.260000,0.240000,0.100000,-1.000000,0.349927
535,-0.278063,1.711527,-17.700888,0.349927,-0.037586,-2.768315,0.340000,0.260000,0.240000,0.100000,-1.000000,0.349927
536,-0.276286,1.714565,-17.728571,0.349927,-0.037586,-2.768315,0.340000,0.260000,0.240000,0.100000,-1.000000,0.349927
537,-0.274426,1.717552,-17.756254,0.349927,-0.037586,-2.768315,0.340000,0.260000,0.240000,0.100000,-1.000000,0.349927
538,-0.272484,1.720488,-17.783937,0.349927,-0.037586,-2.768314,0.360000,0.260000,0.240000,0.100000,-1.000000,0.349927
539,-0.270462,1.723368,-17.811621,0.349927,-0.037586,-2.768314,0.360000,0.260000,0.240000,0.100000,-1.000000,0.349927
540,-0.268360,1.726191,-17.839304,0.349927,-0.037586,-2.768314,0.360000,0.260000,0.240000,0.100000,-1.000000,0.349927
541,-0.266182,1.728955,-17.866987,0.349927,-0.037586,-2.768314,0.380000,0.280000,0.240000,0.100000,-1.000000,0.349927
542,-0.263927,1.731658,-17.894670,0.349928,-0.037586,-2.768314,0.380000,0.280000,0.240000,0.100000,-1.000000,0.349928
543,-0.261599,1.734297,-17.922353,0.349928,-0.037586,-2.768313,0.400000,0.280000,0.240000,0.100000,-1.000000,0.349928
544,-0.259198,1.736870,-17.950036,0.349928,-0.037586,-2.768313,0.400000,0.280000,0.240000,0.100000,-1.000000,0.349928
545,-0.256728,1.739377,-17.977719,0.349928,-0.037586,-2.768313,0.380000,0.280000,0.240000,0.100000,-1.000000,0.349928
546,-0.254188,1.741813,-18.005403,0.349928,-0.037586,-2.768313,0.380000,0.280000,0.240000,0.100000,-1.000000,0.349928
547,-0.251583,1.744179,-18.033086,0.349928,-0.037586,-2.768313,0.380000,0.300000,0.240000,0.100000,-1.000000,0.349928
548,-0.248912,1.746472,-18.060769,0.349928,-0.037586,-2.768312,0.400000,0.300000,0.240000,0.100000,-1.000000,0.349928
549,-0.246180,1.748690,-18.088452,0.349928,-0.037586,-2.768312,0.420000,0.300000,0.240000,0.100000,-1.000000,0.349928
550,-0.243387,1.750831,-18.116135,0.349928,-0.037586,-2.768312,0.440000,0.300000,0.240000,0.100000,-1.000000,0.349928
551,-0.240536,1.752894,-18.143818,0.349928,-0.037586,-2.768312,0.460000,0.320000,0.240000,0.100000,-1.000000,0.349928
552,-0.237628,1.754878,-18.171501,0.349928,-0.037586,-2.768312,0.500000,0.320000,0.240000,0.100000,-1.000000,0.349928
553,-0.234667,1.756780,-18.199184,0.349928,-0.037586,-2.768312,0.540000,0.340000,0.240000,0.100000,-1.000000,0.349928
554,-0.231655,1.758600,-18.226867,0.349928,-0.037586,-2.768311,0.580000,0.340000,0.240000,0.100000,-1.000000,0.349928
555,-0.228593,1.760335,-18.254551,0.349928,-0.037586,-2.768311,0.640000,0.360000,0.240000,0.100000,-1.000000,0.349928
556,-0.225485,1.761985,-18.282234,0.349928,-0.037586,-2.768311,0.700000,0.360000,0.240000,0.100000,-1.000000,0.349928
557,-0.222332,1.763549,-18.309917,0.349928,-0.037586,-2.768311,0.800000,0.360000,0.260000,0.100000,-1.000000,0.349928
558,-0.219136,1.765024,-18.337600,0.349928,-0.037586,-2.768311,0.840000,0.340000,0.260000,0.100000,-1.000000,0.349928
559,-0.215902,1.766411,-18.365283,0.349928,-0.037586,-2.768311,0.840000,0.340000,0.260000,0.100000,-1.000000,0.349928
560,-0.212630,1.767707,-18.392966,0.349928,-0.037586,-2.768310,0.980000,0.340000,0.260000,0.100000,-1.000000,0.349928
561,-0.209323,1.768913,-18.420649,0.349928,-0.037586,-2.768310,0.980000,0.360000,0.280000,0.100000,-1.000000,0.349928
562,-0.205985,1.770026,-18.448332,0.349928,-0.037586,-2.768310,1.000000,0.380000,0.280000,0.100000,-1.000000,0.349928
563,-0.202616,1.771047,-18.476015,0.349928,-0.037586,-2.768310,1.000000,0.400000,0.280000,0.100000,-1.000000,0.349928
564,-0.199221,1.771974,-18.503699,0.349928,-0.037586,-2.768310,1.000000,0.440000,0.300000,0.100000,-1.000000,0.349928
565,-0.195802,1.772807,-18.531382,0.349928,-0.037586,-2.768310,1.000000,0.460000,0.300000,0.100000,-1.000000,0.349928
566,-0.192361,1.773544,-18.559065,0.349928,-0.037586,-2.768310,1.000000,0.500000,0.320000,0.100000,-1.000000,0.349928
567,-0.188900,1.774186,-18.586748,0.349928,-0.037586,-2.768310,1.000000,0.560000,0.320000,0.100000,-1.000000,0.349928
568,-0.185424,1.774733,-18.614431,0.349928,-0.037586,-2.768309,1.000000,0.620000,0.340000,0.100000,-1.000000,0.349928
569,-0.181933,1.775182,-18.642114,0.349928,-0.037586,-2.768309,1.000000,0.680000,0.320000,0.100000,-1.000000,0.349928
570,-0.178431,1.775535,-18.669797,0.349928,-0.037586,-2.768309,1.000000,0.800000,0.320000,0.100000,-1.000000,0.349928
571,-0.174921,1.775791,-18.697480,0.349928,-0.037586,-2.768309,1.000000,0.800000,0.300000,0.100000,-1.000000,0.349928
572,-0.171405,1.775950,-18.725163,0.349928,-0.037586,-2.768309,1.000000,0.800000,0.320000,0.100000,-1.000000,0.349928
573,-0.167887,1.776011,-18.752846,0.349928,-0.037586,-2.768309,1.000000,0.940000,0.340000,0.100000,-1.000000,0.349928
574,-0.164367,1.775975,-18.780530,0.349928,-0.037586,-2.768309,1.000000,0.940000,0.360000,0.100000,-1.000000,0.349928
575,-0.160850,1.775841,-18.808213,0.349928,-0.037586,-2.768309,1.000000,1.000000,0.380000,0.100000,-1.000000,0.349928
576,-0.157339,1.775610,-18.835896,0.349928,-0.037586,-2.768309,1.000000,1.000000,0.400000,0.100000,-1.000000,0.349928
577,-0.153835,1.775282,-18.863579,0.349928,-0.037586,-2.768309,0.860000,1.000000,0.440000,0.100000,-1.000000,0.349928
578,-0.150341,1.774857,-18.891262,0.349928,-0.037586,-2.768308,0.700000,1.000000,0.480000,0.100000,-1.000000,0.349928
579,-0.146860,1.774336,-18.918945,0.349928,-0.037586,-2.768308,0.640000,1.000000,0.520000,0.100000,-1.000000,0.349928
580,-0.143395,1.773718,-18.946628,0.349928,-0.037586,-2.768308,0.620000,1.000000,0.580000,0.100000,-1.000000,0.349928
581,-0.139949,1.773005,-18.974311,0.349928,-0.037586,-2.768308,0.580000,1.000000,0.640000,0.100000,-1.000000,0.349928
582,-0.136524,1.772197,-19.001994,0.349928,-0.037586,-2.768308,0.540000,1.000000,0.740000,0.100000,-1.000000,0.349928
583,-0.133122,1.771294,-19.029677,0.349928,-0.037586,-2.768308,0.520000,1.000000,0.760000,0.100000,-1.000000,0.349928
584,-0.129747,1.770297,-19.057360,0.349928,-0.037586,-2.768308,0.500000,1.000000,0.760000,0.100000,-1.000000,0.349928
585,-0.126400,1.769207,-19.085043,0.349928,-0.037586,-2.768308,0.480000,1.000000,0.920000,0.100000,-1.000000,0.349928
586,-0.123085,1.768025,-19.112727,0.349928,-0.037586,-2.768308,0.460000,1.000000,0.920000,0.100000,-1.000000,0.349928
587,-0.119804,1.766752,-19.140410,0.349928,-0.037586,-2.768308,0.440000,1.000000,0.980000,0.100000,-1.000000,0.349928
588,-0.116560,1.765389,-19.168093,0.349928,-0.037586,-2.768308,0.420000,1.000000,0.980000,0.100000,-1.000000,0.349928
589,-0.113354,1.763936,-19.195776,0.349928,-0.037586,-2.768308,0.400000,0.860000,1.000000,0.100000,-1.000000,0.349928
590,-0.110190,1.762395,-19.223459,0.349928,-0.037586,-2.768307,0.380000,0.800000,1.000000,0.100000,-1.000000,0.349928
591,-0.107070,1.760767,-19.251142,0.349928,-0.037586,-2.768307,0.380000,0.640000,1.000000,0.100000,-1.000000,0.349928
592,-0.103996,1.759053,-19.278825,0.349928,-0.037586,-2.768307,0.360000,0.600000,1.000000,0.100000,-1.000000,0.349928
593,-0.100971,1.757255,-19.306508,0.349928,-0.037586,-2.768307,0.360000,0.560000,1.000000,0.100000,-1.000000,0.349928
594,-0.097996,1.755374,-19.334191,0.349928,-0.037586,-2.768307,0.280000,0.540000,1.000000,0.100000,-1.000000,0.349928
595,-0.095075,1.753411,-19.361874,0.349928,-0.037586,-2.768307,0.280000,0.500000,1.000000,0.100000,-1.000000,0.349928
596,-0.092209,1.751368,-19.389557,0.349928,-0.037586,-2.768307,0.260000,0.480000,1.000000,0.100000,-1.000000,0.349928
597,-0.089401,1.749246,-19.417240,0.349928,-0.037586,-2.768307,0.260000,0.460000,1.000000,0.100000,-1.000000,0.349928
598,-0.086653,1.747048,-19.444923,0.349928,-0.037586,-2.768307,0.260000,0.440000,1.000000,0.100000,-1.000000,0.349928
599,-0.083966,1.744774,-19.472606,0.349928,-0.037586,-2.768307,0.240000,0.420000,1.000000,0.100000,-1.000000,0.349928
600,-0.081344,1.742427,-19.500290,0.349928,-0.037586,-2.768307,0.240000,0.400000,1.000000,0.100000,-1.000000,0.349928
601,-0.078787,1.740008,-19.527973,0.349928,-0.037586,-2.768307,0.240000,0.380000,1.000000,0.100000,-1.000000,0.349928
602,-0.076299,1.737520,-19.555656,0.349928,-0.037586,-2.768307,0.220000,0.360000,0.660000,0.100000,-1.000000,0.349928
603,-0.073880,1.734963,-19.583339,0.349928,-0.037586,-2.768307,0.220000,0.360000,0.620000,0.100000,-1.000000,0.349928
604,-0.071533,1.732341,-19.611022,0.349928,-0.037586,-2.768307,0.220000,0.340000,0.580000,0.100000,-1.000000,0.349928
605,-0.069260,1.729654,-19.638705,0.349928,-0.037586,-2.768307,0.220000,0.320000,0.540000,0.100000,-1.000000,0.349928
606,-0.067061,1.726906,-19.666388,0.349928,-0.037586,-2.768307,0.200000,0.320000,0.500000,0.100000,-1.000000,0.349928
607,-0.064940,1.724097,-19.694071,0.349928,-0.037586,-2.768306,0.200000,0.240000,0.480000,0.100000,-1.000000,0.349928
608,-0.062897,1.721232,-19.721754,0.349928,-0.037586,-2.768306,0.200000,0.240000,0.440000,0.100000,-1.000000,0.349928
609,-0.060934,1.718310,-19.749437,0.349928,-0.037586,-2.768306,0.200000,0.240000,0.420000,0.100000,-1.000000,0.349928
610,-0.059053,1.715336,-19.777120,0.349928,-0.037586,-2.768306,0.200000,0.220000,0.400000,0.100000,-1.000000,0.349928
611,-0.057255,1.712310,-19.804803,0.349928,-0.037586,-2.768306,0.180000,0.220000,0.380000,0.100000,-1.000000,0.349928
612,-0.055542,1.709236,-19.832486,0.349928,-0.037586,-2.768306,0.180000,0.220000,0.360000,0.100000,-1.000000,0.349928
613,-0.053914,1.706116,-19.860169,0.349928,-0.037586,-2.768306,0.180000,0.200000,0.340000,0.100000,-1.000000,0.349928
614,-0.052373,1.702952,-19.887852,0.349928,-0.037586,-2.768306,0.180000,0.200000,0.320000,0.100000,-1.000000,0.349928
615,-0.050920,1.699746,-19.915536,0.349928,-0.037586,-2.768306,0.180000,0.200000,0.320000,0.100000,-1.000000,0.349928
616,-0.049557,1.696502,-19.943219,0.349928,-0.037586,-2.768306,0.160000,0.180000,0.300000,0.100000,-1.000000,0.349928
617,-0.048283,1.693221,-19.970902,0.349928,-0.037586,-2.768306,0.160000,0.180000,0.280000,0.100000,-1.000000,0.349928
618,-0.047102,1.689906,-19.998585,0.349928,-0.037586,-2.768306,0.160000,0.180000,0.220000,0.100000,-1.000000,0.349928
619,-0.046012,1.686559,-20.026268,0.349928,-0.037586,-2.768306,0.160000,0.180000,0.220000,0.100000,-1.000000,0.349928
620,-0.045016,1.683184,-20.053951,0.349928,-0.037586,-2.768306,0.160000,0.160000,0.200000,0.100000,-1.000000,0.349928
621,-0.044113,1.679782,-20.081634,0.349928,-0.037586,-2.768306,0.160000,0.160000,0.200000,0.100000,-1.000000,0.349928
622,-0.043305,1.676357,-20.109317,0.349928,-0.037586,-2.768306,0.160000,0.160000,0.180000,0.100000,-1.000000,0.349928
623,-0.042591,1.672910,-20.137000,0.349928,-0.037586,-2.768306,0.140000,0.160000,0.180000,0.100000,-1.000000,0.349928
624,-0.041974,1.669446,-20.164683,0.349928,-0.037586,-2.768306,0.140000,0.160000,0.180000,0.100000,-1.000000,0.349928
625,-0.041453,1.665965,-20.192366,0.349928,-0.037586,-2.768306,0.140000,0.140000,0.160000,0.100000,-1.000000,0.349928
626,-0.041028,1.662471,-20.220049,0.349928,-0.037586,-2.768306,0.140000,0.140000,0.160000,0.100000,-1.000000,0.349928
627,-0.040700,1.658967,-20.247732,0.349928,-0.037586,-2.768306,0.140000,0.140000,0.160000,0.100000,-1.000000,0.349928
628,-0.040469,1.655455,-20.275415,0.349928,-0.037586,-2.768306,0.140000,0.140000,0.160000,0.100000,-1.000000,0.349928
629,-0.040336,1.651938,-20.303098,0.349928,-0.037586,-2.768306,0.140000,0.140000,0.140000,0.100000,-1.000000,0.349928
630,-0.040300,1.648419,-20.330781,0.349928,-0.037586,-2.768306,0.140000,0.120000,0.140000,0.100000,-1.000000,0.349928
631,-0.040361,1.644900,-20.358464,0.349928,-0.037586,-2.768306,0.140000,0.120000,0.140000,0.100000,-1.000000,0.349928
632,-0.040520,1.641384,-20.386148,0.349928,-0.037586,-2.768306,0.120000,0.120000,0.140000,0.100000,-1.000000,0.349928
633,-0.040776,1.637874,-20.413831,0.349928,-0.037586,-2.768306,0.120000,0.120000,0.120000,0.100000,-1.000000,0.349928
634,-0.041129,1.634373,-20.441514,0.349928,-0.037586,-2.768306,0.120000,0.120000,0.120000,0.100000,-1.000000,0.349928
635,-0.041579,1.630882,-20.469197,0.349928,-0.037586,-2.768305,0.120000,0.120000,0.120000,0.100000,-1.000000,0.349928
636,-0.042125,1.627405,-20.496880,0.349928,-0.037586,-2.768305,0.120000,0.120000,0.120000,0.100000,-1.000000,0.349928
637,-0.042767,1.623945,-20.524563,0.349928,-0.037586,-2.768305,0.120000,0.100000,0.120000,0.100000,-1.000000,0.349928
638,-0.043505,1.620504,-20.552246,0.349928,-0.037586,-2.768305,0.120000,0.100000,0.100000,0.100000,-1.000000,0.349928
639,-0.044338,1.617084,-20.579929,0.349928,-0.037586,-2.768305,0.120000,0.100000,0.100000,0.100000,-1.000000,0.349928
640,-0.045265,1.613689,-20.607612,0.349928,-0.037586,-2.768305,0.120000,0.100000,0.100000,0.100000,-1.000000,0.349928
641,-0.046286,1.610321,-20.635295,0.349928,-0.037586,-2.768305,0.120000,0.100000,0.100000,0.100000,-1.000000,0.349928
642,-0.047399,1.606983,-20.662978,0.349928,-0.037586,-2.768305,0.120000,0.100000,0.100000,0.100000,-1.000000,0.349928
643,-0.048605,1.603676,-20.690661,0.349928,-0.037586,-2.768305,0.120000,0.100000,0.100000,0.100000,-1.000000,0.349928
644,-0.049901,1.600404,-20.718344,0.349928,-0.037586,-2.768305,0.120000,0.100000,0.100000,0.100000,-1.000000,0.349928
645,-0.051288,1.597170,-20.746027,0.349928,-0.037586,-2.768305,0.100000,0.100000,0.080000,0.100000,-1.000000,0.349928
646,-0.052764,1.593974,-20.773710,0.349928,-0.037586,-2.768305,0.100000,0.100000,0.080000,0.100000,-1.000000,0.349928
647,-0.054327,1.590821,-20.801393,0.349928,-0.037586,-2.768305,0.100000,0.080000,0.080000,0.100000,-1.000000,0.349928
648,-0.055978,1.587713,-20.829076,0.349928,-0.037586,-2.768305,0.100000,0.080000,0.080000,0.100000,-1.000000,0.349928
649,-0.057713,1.584651,-20.856759,0.349928,-0.037586,-2.768305,0.100000,0.080000,0.080000,0.100000,-1.000000,0.349928
650,-0.059533,1.581639,-20.884442,0.349928,-0.037586,-2.768305,0.100000,0.080000,0.080000,0.100000,-1.000000,0.349928
651,-0.061435,1.578678,-20.912126,0.349928,-0.037586,-2.768305,0.100000,0.080000,0.080000,0.100000,-1.000000,0.349928
652,-0.063419,1.575771,-20.939809,0.349928,-0.037586,-2.768305,0.100000,0.080000,0.080000,0.100000,-1.000000,0.349928
653,-0.065482,1.572920,-20.967492,0.349928,-0.037586,-2.768305,0.100000,0.080000,0.060000,0.100000,-1.000000,0.349928
654,-0.067624,1.570127,-20.995175,0.349928,-0.037586,-2.768305,0.100000,0.080000,0.060000,0.100000,-1.000000,0.349928
655,-0.069842,1.567394,-21.022858,0.349928,-0.037586,-2.768305,0.100000,0.080000,0.060000,0.100000,-1.000000,0.349928
656,-0.072135,1.564724,-21.050541,0.349928,-0.037586,-2.768305,0.100000,0.080000,0.060000,0.100000,-1.000000,0.349928
657,-0.074500,1.562118,-21.078224,0.349928,-0.037586,-2.768305,0.100000,0.080000,0.060000,0.100000,-1.000000,0.349928
658,-0.076937,1.559579,-21.105907,0.349928,-0.037586,-2.768305,0.100000,0.080000,0.060000,0.100000,-1.000000,0.349928
659,-0.079444,1.557109,-21.133590,0.349928,-0.037586,-2.768305,0.100000,0.080000,0.060000,0.100000,-1.000000,0.349928
660,-0.082017,1.554708,-21.161273,0.349928,-0.037586,-2.768305,0.100000,0.060000,0.060000,0.100000,-1.000000,0.349928
661,-0.084657,1.552380,-21.188956,0.349928,-0.037586,-2.768305,0.100000,0.060000,0.060000,0.100000,-1.000000,0.349928
662,-0.087359,1.550126,-21.216639,0.349928,-0.037586,-2.768305,0.100000,0.060000,0.060000,0.100000,-1.000000,0.349928
663,-0.090123,1.547947,-21.244322,0.349928,-0.037586,-2.768305,0.100000,0.060000,0.060000,0.100000,-1.000000,0.349928
664,-0.092947,1.545846,-21.272005,0.349928,-0.037586,-2.768305,0.120000,0.060000,0.060000,0.100000,-1.000000,0.349928
665,-0.095827,1.543823,-21.299688,0.349928,-0.037586,-2.768305,0.120000,0.060000,0.060000,0.100000,-1.000000,0.349928
666,-0.098762,1.541882,-21.327371,0.349928,-0.037586,-2.768305,0.120000,0.060000,0.040000,0.100000,-1.000000,0.349928
667,-0.101750,1.540022,-21.355054,0.349928,-0.037586,-2.768305,0.120000,0.060000,0.040000,0.100000,-1.000000,0.349928
668,-0.104788,1.538245,-21.382737,0.349928,-0.037586,-2.768305,0.120000,0.060000,0.040000,0.100000,-1.000000,0.349928
669,-0.107874,1.536554,-21.410420,0.349928,-0.037586,-2.768305,0.120000,0.060000,0.040000,0.100000,-1.000000,0.349928
670,-0.111006,1.534948,-21.438103,0.349928,-0.037586,-2.768305,0.120000,0.060000,0.040000,0.100000,-1.000000,0.349928
671,-0.114181,1.533430,-21.465787,0.349928,-0.037586,-2.768305,0.120000,0.060000,0.040000,0.100000,-1.000000,0.349928
672,-0.117397,1.532000,-21.493470,0.349928,-0.037586,-2.768305,0.120000,0.060000,0.040000,0.100000,-1.000000,0.349928
673,-0.120651,1.530660,-21.521153,0.349928,-0.037586,-2.768305,0.120000,0.060000,0.040000,0.100000,-1.000000,0.349928
674,-0.123941,1.529410,-21.548836,0.349928,-0.037586,-2.768305,0.120000,0.060000,0.040000,0.100000,-1.000000,0.349928
675,-0.127265,1.528252,-21.576519,0.349928,-0.037586,-2.768305,0.100000,0.060000,0.040000,0.100000,-1.000000,0.349928
676,-0.130619,1.527186,-21.604202,0.349928,-0.037586,-2.768305,0.100000,0.060000,0.040000,0.100000,-1.000000,0.349928
677,-0.134001,1.526214,-21.631885,0.349928,-0.037586,-2.768305,0.100000,0.060000,0.040000,0.100000,-1.000000,0.349928
678,-0.137409,1.525335,-21.659568,0.349928,-0.037586,-2.768305,0.100000,0.080000,0.040000,0.100000,-1.000000,0.349928
679,-0.140841,1.524552,-21.687251,0.349928,-0.037586,-2.768305,0.100000,0.080000,0.040000,0.100000,-1.000000,0.349928
680,-0.144292,1.523863,-21.714934,0.349928,-0.037586,-2.768305,0.100000,0.080000,0.040000,0.100000,-1.000000,0.349928
681,-0.147761,1.523270,-21.742617,0.349928,-0.037586,-2.768305,0.100000,0.080000,0.040000,0.100000,-1.000000,0.349928
682,-0.151245,1.522774,-21.770300,0.349928,-0.037586,-2.768305,0.080000,0.100000,0.040000,0.100000,-1.000000,0.349928
683,-0.154742,1.522374,-21.797983,0.349928,-0.037586,-2.768305,0.080000,0.080000,0.040000,0.100000,-1.000000,0.349928
684,-0.158248,1.522071,-21.825666,0.349928,-0.037586,-2.768305,0.080000,0.080000,0.040000,0.100000,-1.000000,0.349928
685,-0.161762,1.521866,-21.853349,0.349928,-0.037586,-2.768305,0.080000,0.080000,0.040000,0.100000,-1.000000,0.349928
686,-0.165279,1.521757,-21.881032,0.349928,-0.037586,-2.768305,0.080000,0.080000,0.040000,0.100000,-1.000000,0.349928
687,-0.168799,1.521746,-21.908715,0.349928,-0.037586,-2.768305,0.080000,0.080000,0.060000,0.100000,-1.000000,0.349928
688,-0.172317,1.521833,-21.936398,0.349928,-0.037586,-2.768305,1.000000,0.080000,0.060000,0.100000,-1.000000,0.349928
689,-0.175832,1.522016,-21.964081,0.349928,-0.037586,-2.768305,1.000000,0.060000,0.060000,0.100000,-1.000000,0.349928
690,-0.179340,1.522298,-21.991764,0.349928,-0.037586,-2.768305,1.000000,0.060000,0.060000,0.100000,-1.000000,0.349928
691,-0.182839,1.522676,-22.019447,0.349928,-0.037586,-2.768305,0.940000,0.060000,0.060000,0.100000,-1.000000,0.349928
692,-0.186326,1.523150,-22.047131,0.349928,-0.037586,-2.768305,0.940000,0.060000,0.060000,0.100000,-1.000000,0.349928
693,-0.189799,1.523721,-22.074814,0.349928,-0.037586,-2.768305,0.920000,0.060000,0.060000,0.100000,-1.000000,0.349928
694,-0.193255,1.524388,-22.102497,0.349928,-0.037586,-2.768305,0.860000,0.060000,0.060000,0.100000,-1.000000,0.349928
695,-0.196690,1.525151,-22.130180,0.349928,-0.037586,-2.768305,0.820000,0.060000,0.060000,0.100000,-1.000000,0.349928
696,-0.200104,1.526008,-22.157863,0.349928,-0.037586,-2.768305,0.780000,0.060000,0.060000,0.100000,-1.000000,0.349928
697,-0.203492,1.526959,-22.185546,0.349928,-0.037586,-2.768305,0.740000,0.040000,0.040000,0.100000,-1.000000,0.349928
698,-0.206853,1.528004,-22.213229,0.349928,-0.037586,-2.768305,0.700000,0.040000,0.040000,0.100000,-1.000000,0.349928
699,-0.210184,1.529141,-22.240912,0.349928,-0.037586,-2.768305,0.680000,0.040000,0.040000,0.100000,-1.000000,0.349928
700,-0.213481,1.530370,-22.268595,0.349928,-0.037586,-2.768305,0.660000,0.040000,0.040000,0.100000,-1.000000,0.349928
701,-0.216744,1.531690,-22.296278,0.349928,-0.037586,-2.768305,0.620000,0.040000,0.040000,0.100000,-1.000000,0.349928
702,-0.219969,1.533100,-22.323961,0.349928,-0.037586,-2.768305,0.600000,0.040000,0.040000,0.100000,-1.000000,0.349928
703,-0.223153,1.534599,-22.351644,0.349928,-0.037586,-2.768305,0.580000,0.960000,0.040000,0.100000,-1.000000,0.349928
704,-0.226295,1.536185,-22.379327,0.349928,-0.037586,-2.768305,0.560000,0.900000,0.020000,0.100000,-1.000000,0.349928
705,-0.229392,1.537857,-22.407010,0.349928,-0.037586,-2.768305,0.540000,0.020000,0.020000,0.100000,-1.000000,0.349928
706,-0.232441,1.539614,-22.434693,0.349928,-0.037586,-2.768305,0.520000,0.860000,0.020000,0.100000,-1.000000,0.349928
707,-0.235440,1.541456,-22.462376,0.349928,-0.037586,-2.768305,0.520000,0.820000,0.020000,0.100000,-1.000000,0.349928
708,-0.238387,1.543379,-22.490059,0.349928,-0.037586,-2.768305,0.500000,0.780000,0.020000,0.100000,-1.000000,0.349928
709,-0.241280,1.545383,-22.517742,0.349928,-0.037586,-2.768305,0.480000,0.740000,0.020000,0.100000,-1.000000,0.349928
710,-0.244117,1.547467,-22.545425,0.349928,-0.037586,-2.768305,0.480000,0.700000,1.000000,0.100000,-1.000000,0.349928
711,-0.246894,1.549628,-22.573108,0.349928,-0.037586,-2.768305,0.460000,0.660000,1.000000,0.100000,-1.000000,0.349928
712,-0.249611,1.551866,-22.600791,0.349928,-0.037586,-2.768305,0.440000,0.640000,0.960000,0.100000,-1.000000,0.349928
713,-0.252265,1.554178,-22.628475,0.349928,-0.037586,-2.768305,0.440000,0.600000,0.960000,0.100000,-1.000000,0.349928
714,-0.254853,1.556562,-22.656158,0.349928,-0.037586,-2.768305,0.420000,0.580000,0.940000,0.100000,-1.000000,0.349928
715,-0.257375,1.559017,-22.683841,0.349928,-0.037586,-2.768305,0.420000,0.560000,0.940000,0.100000,-1.000000,0.349928
716,-0.259828,1.561541,-22.711524,0.349928,-0.037586,-2.768305,0.400000,0.540000,0.860000,0.100000,-1.000000,0.349928
717,-0.262210,1.564132,-22.739207,0.349928,-0.037586,-2.768305,0.400000,0.520000,0.860000,0.100000,-1.000000,0.349928
718,-0.264519,1.566788,-22.766890,0.349928,-0.037586,-2.768305,0.400000,0.500000,0.840000,0.100000,-1.000000,0.349928
719,-0.266754,1.569506,-22.794573,0.349928,-0.037586,-2.768305,0.380000,0.480000,0.800000,0.100000,-1.000000,0.349928
720,-0.268913,1.572286,-22.822256,0.349928,-0.037586,-2.768305,0.380000,0.480000,0.740000,0.100000,-1.000000,0.349928
721,-0.270994,1.575124,-22.849939,0.349928,-0.037586,-2.768305,0.380000,0.460000,0.700000,0.100000,-1.000000,0.349928
722,-0.272996,1.578019,-22.877622,0.349928,-0.037586,-2.768305,0.360000,0.440000,0.660000,0.100000,-1.000000,0.349928
723,-0.274917,1.580968,-22.905305,0.349928,-0.037586,-2.768305,0.360000,0.440000,0.640000,0.100000,-1.000000,0.349928
724,-0.276755,1.583969,-22.932988,0.349928,-0.037586,-2.768305,0.360000,0.420000,0.600000,0.100000,-1.000000,0.349928
725,-0.278510,1.587019,-22.960671,0.349928,-0.037586,-2.768305,0.360000,0.420000,0.580000,0.100000,-1.000000,0.349928
726,-0.280179,1.590118,-22.988354,0.349928,-0.037586,-2.768305,0.340000,0.400000,0.560000,0.100000,-1.000000,0.349928
727,-0.281762,1.593261,-23.016037,0.349928,-0.037586,-2.768305,0.340000,0.400000,0.540000,0.100000,-1.000000,0.349928
728,-0.283258,1.596447,-23.043720,0.349928,-0.037586,-2.768305,0.340000,0.380000,0.500000,0.100000,-1.000000,0.349928
729,-0.284665,1.599673,-23.071403,0.349928,-0.037586,-2.768305,0.340000,0.380000,0.480000,0.100000,-1.000000,0.349928
730,-0.285982,1.602936,-23.099086,0.349928,-0.037586,-2.768305,0.320000,0.360000,0.480000,0.100000,-1.000000,0.349928
731,-0.287208,1.606235,-23.126769,0.349928,-0.037586,-2.768305,0.320000,0.360000,0.460000,0.100000,-1.000000,0.349928
732,-0.288342,1.609567,-23.154452,0.349928,-0.037586,-2.768305,0.320000,0.360000,0.440000,0.100000,-1.000000,0.349928
733,-0.289384,1.612929,-23.182135,0.349928,-0.037586,-2.768305,0.320000,0.340000,0.420000,0.100000,-1.000000,0.349928
734,-0.290332,1.616318,-23.209818,0.349928,-0.037586,-2.768305,0.320000,0.340000,0.420000,0.100000,-1.000000,0.349928
735,-0.291186,1.619732,-23.237502,0.349928,-0.037586,-2.768305,0.320000,0.340000,0.400000,0.100000,-1.000000,0.349928
736,-0.291946,1.623169,-23.265185,0.349928,-0.037586,-2.768305,0.320000,0.320000,0.380000,0.100000,-1.000000,0.349928
737,-0.292610,1.626625,-23.292868,0.349928,-0.037586,-2.768305,0.300000,0.320000,0.380000,0.100000,-1.000000,0.349928
738,-0.293177,1.630098,-23.320551,0.349928,-0.037586,-2.768305,0.300000,0.320000,0.360000,0.100000,-1.000000,0.349928
739,-0.293649,1.633586,-23.348234,0.349928,-0.037586,-2.768305,0.300000,0.300000,0.360000,0.100000,-1.000000,0.349928
740,-0.294024,1.637085,-23.375917,0.349928,-0.037586,-2.768305,0.300000,0.300000,0.340000,0.100000,-1.000000,0.349928
741,-0.294302,1.640594,-23.403600,0.349928,-0.037586,-2.768304,0.300000,0.300000,0.340000,0.100000,-1.000000,0.349928
742,-0.294482,1.644108,-23.431283,0.349928,-0.037586,-2.768304,0.300000,0.300000,0.340000,0.100000,-1.000000,0.349928
743,-0.294566,1.647627,-23.458966,0.349928,-0.037586,-2.768304,0.300000,0.300000,0.320000,0.100000,-1.000000,0.349928
744,-0.294551,1.651146,-23.486649,0.349928,-0.037586,-2.768304,0.300000,0.280000,0.320000,0.100000,-1.000000,0.349928
745,-0.294440,1.654664,-23.514332,0.349928,-0.037586,-2.768304,0.300000,0.280000,0.300000,0.100000,-1.000000,0.349928
746,-0.294231,1.658177,-23.542015,0.349928,-0.037586,-2.768304,0.300000,0.280000,0.300000,0.100000,-1.000000,0.349928
747,-0.293925,1.661683,-23.569698,0.349928,-0.037586,-2.768304,0.300000,0.280000,0.300000,0.100000,-1.000000,0.349928
748,-0.293522,1.665179,-23.597381,0.349928,-0.037586,-2.768304,0.300000,0.280000,0.300000,0.100000,-1.000000,0.349928
749,-0.293022,1.668663,-23.625064,0.349928,-0.037586,-2.768304,0.300000,0.280000,0.280000,0.100000,-1.000000,0.349928
750,-0.292427,1.672132,-23.652747,0.349928,-0.037586,-2.768304,0.300000,0.280000,0.280000,0.100000,-1.000000,0.349928
751,-0.291735,1.675583,-23.680430,0.349928,-0.037586,-2.768304,0.300000,0.280000,0.280000,0.100000,-1.000000,0.349928
752,-0.290948,1.679013,-23.708113,0.349928,-0.037586,-2.768304,0.300000,0.260000,0.280000,0.100000,-1.000000,0.349928
753,-0.290067,1.682420,-23.735796,0.349928,-0.037586,-2.768304,0.300000,0.260000,0.260000,0.100000,-1.000000,0.349928
754,-0.289091,1.685802,-23.763479,0.349928,-0.037586,-2.768304,0.300000,0.260000,0.260000,0.100000,-1.000000,0.349928
755,-0.288022,1.689155,-23.791162,0.349928,-0.037586,-2.768304,0.300000,0.260000,0.260000,0.100000,-1.000000,0.349928
756,-0.286861,1.692477,-23.818845,0.349928,-0.037586,-2.768304,0.300000,0.260000,0.260000,0.100000,-1.000000,0.349928
757,-0.285609,1.695766,-23.846528,0.349928,-0.037586,-2.768304,0.320000,0.260000,0.260000,0.100000,-1.000000,0.349928
758,-0.284265,1.699019,-23.874212,0.349928,-0.037586,-2.768304,0.320000,0.260000,0.260000,0.100000,-1.000000,0.349928
759,-0.282833,1.702234,-23.901895,0.349928,-0.037586,-2.768304,0.320000,0.260000,0.240000,0.100000,-1.000000,0.349928
760,-0.281312,1.705407,-23.929578,0.349928,-0.037586,-2.768304,0.320000,0.260000,0.240000,0.100000,-1.000000,0.349928
761,-0.279703,1.708538,-23.957261,0.349928,-0.037586,-2.768304,0.320000,0.260000,0.240000,0.100000,-1.000000,0.349928
762,-0.278009,1.711622,-23.984944,0.349928,-0.037586,-2.768304,0.340000,0.260000,0.240000,0.100000,-1.000000,0.349928
763,-0.276229,1.714659,-24.012627,0.349928,-0.037586,-2.768304,0.340000,0.260000,0.240000,0.100000,-1.000000,0.349928
764,-0.274367,1.717645,-24.040310,0.349928,-0.037586,-2.768304,0.340000,0.260000,0.240000,0.100000,-1.000000,0.349928
765,-0.272422,1.720579,-24.067993,0.349928,-0.037586,-2.768304,0.360000,0.260000,0.240000,0.100000,-1.000000,0.349928
766,-0.270398,1.723457,-24.095676,0.349928,-0.037586,-2.768304,0.360000,0.260000,0.240000,0.100000,-1.000000,0.349928
767,-0.268294,1.726279,-24.123359,0.349928,-0.037586,-2.768304,0.360000,0.260000,0.240000,0.100000,-1.000000,0.349928
768,-0.266113,1.729041,-24.151042,0.349928,-0.037586,-2.768304,0.380000,0.280000,0.240000,0.100000,-1.000000,0.349928
769,-0.263856,1.731741,-24.178725,0.349928,-0.037586,-2.768304,0.380000,0.280000,0.240000,0.100000,-1.000000,0.349928
770,-0.261525,1.734378,-24.206408,0.349928,-0.037586,-2.768304,0.400000,0.280000,0.240000,0.100000,-1.000000,0.349928
771,-0.259122,1.736950,-24.234091,0.349928,-0.037586,-2.768304,0.400000,0.280000,0.240000,0.100000,-1.000000,0.349928
772,-0.256649,1.739454,-24.261774,0.349928,-0.037586,-2.768304,0.380000,0.280000,0.240000,0.100000,-1.000000,0.349928
773,-0.254108,1.741889,-24.289457,0.349928,-0.037586,-2.768304,0.380000,0.280000,0.240000,0.100000,-1.000000,0.349928
774,-0.251500,1.744252,-24.317140,0.349928,-0.037586,-2.768304,0.380000,0.300000,0.240000,0.100000,-1.000000,0.349928
775,-0.248828,1.746543,-24.344823,0.349928,-0.037586,-2.768304,0.400000,0.300000,0.240000,0.100000,-1.000000,0.349928
776,-0.246094,1.748758,-24.372506,0.349928,-0.037586,-2.768304,0.420000,0.300000,0.240000,0.100000,-1.000000,0.349928
777,-0.243299,1.750897,-24.400189,0.349928,-0.037586,-2.768304,0.440000,0.300000,0.240000,0.100000,-1.000000,0.349928
778,-0.240446,1.752958,-24.427872,0.349928,-0.037586,-2.768304,0.460000,0.320000,0.240000,0.100000,-1.000000,0.349928
779,-0.237537,1.754939,-24.455555,0.349928,-0.037586,-2.768304,0.500000,0.320000,0.240000,0.100000,-1.000000,0.349928
780,-0.234574,1.756839,-24.483239,0.349928,-0.037586,-2.768304,0.540000,0.340000,0.240000,0.100000,-1.000000,0.349928
781,-0.231560,1.758656,-24.510922,0.349928,-0.037586,-2.768304,0.580000,0.340000,0.240000,0.100000,-1.000000,0.349928
782,-0.228497,1.760388,-24.538605,0.349928,-0.037586,-2.768304,0.640000,0.360000,0.240000,0.100000,-1.000000,0.349928
783,-0.225387,1.762036,-24.566288,0.349928,-0.037586,-2.768304,0.700000,0.360000,0.260000,0.100000,-1.000000,0.349928
784,-0.222232,1.763597,-24.593971,0.349928,-0.037586,-2.768304,0.800000,0.360000,0.260000,0.100000,-1.000000,0.349928
785,-0.219036,1.765069,-24.621654,0.349928,-0.037586,-2.768304,0.840000,0.340000,0.260000,0.100000,-1.000000,0.349928
786,-0.215800,1.766453,-24.649337,0.349928,-0.037586,-2.768304,0.840000,0.340000,0.260000,0.100000,-1.000000,0.349928
787,-0.212527,1.767747,-24.677020,0.349928,-0.037586,-2.768304,0.980000,0.340000,0.260000,0.100000,-1.000000,0.349928
788,-0.209219,1.768949,-24.704703,0.349928,-0.037586,-2.768304,0.980000,0.360000,0.280000,0.100000,-1.000000,0.349928
789,-0.205880,1.770060,-24.732386,0.349928,-0.037586,-2.768304,1.000000,0.380000,0.280000,0.100000,-1.000000,0.349928
790,-0.202511,1.771078,-24.760069,0.349928,-0.037586,-2.768304,1.000000,0.400000,0.280000,0.100000,-1.000000,0.349928
791,-0.199115,1.772002,-24.787752,0.349928,-0.037586,-2.768304,1.000000,0.440000,0.300000,0.100000,-1.000000,0.349928
792,-0.195695,1.772831,-24.815435,0.349928,-0.037586,-2.768304,1.000000,0.460000,0.300000,0.100000,-1.000000,0.349928
793,-0.192253,1.773566,-24.843118,0.349928,-0.037586,-2.768304,1.000000,0.500000,0.320000,0.100000,-1.000000,0.349928
794,-0.188792,1.774205,-24.870801,0.349928,-0.037586,-2.768304,1.000000,0.560000,0.320000,0.100000,-1.000000,0.349928
795,-0.185315,1.774748,-24.898484,0.349928,-0.037586,-2.768304,1.000000,0.620000,0.340000,0.100000,-1.000000,0.349928
796,-0.181824,1.775195,-24.926167,0.349928,-0.037586,-2.768304,1.000000,0.700000,0.320000,0.100000,-1.000000,0.349928
797,-0.178322,1.775545,-24.953850,0.349928,-0.037586,-2.768304,1.000000,0.800000,0.320000,0.100000,-1.000000,0.349928
798,-0.174811,1.775798,-24.981533,0.349928,-0.037586,-2.768304,1.000000,0.800000,0.300000,0.100000,-1.000000,0.349928
799,-0.171295,1.775953,-25.009216,0.349928,-0.037586,-2.768304,1.000000,0.820000,0.320000,0.100000,-1.000000,0.349928
800,-0.167776,1.776011,-25.036899,0.349928,-0.037586,-2.768304,1.000000,0.940000,0.340000,0.100000,-1.000000,0.349928
801,-0.164257,1.775972,-25.064582,0.349928,-0.037586,-2.768304,1.000000,0.940000,0.360000,0.100000,-1.000000,0.349928
802,-0.160740,1.775835,-25.092265,0.349928,-0.037586,-2.768304,1.000000,1.000000,0.380000,0.100000,-1.000000,0.349928
803,-0.157229,1.775601,-25.119949,0.349928,-0.037586,-2.768304,1.000000,1.000000,0.400000,0.100000,-1.000000,0.349928
804,-0.153725,1.775270,-25.147632,0.349928,-0.037586,-2.768304,0.860000,1.000000,0.440000,0.100000,-1.000000,0.349928
805,-0.150232,1.774842,-25.175315,0.349928,-0.037586,-2.768304,0.700000,1.000000,0.480000,0.100000,-1.000000,0.349928
806,-0.146752,1.774318,-25.202998,0.349928,-0.037586,-2.768304,0.640000,1.000000,0.520000,0.100000,-1.000000,0.349928
807,-0.143287,1.773697,-25.230681,0.349928,-0.037586,-2.768304,0.600000,1.000000,0.580000,0.100000,-1.000000,0.349928
808,-0.139842,1.772981,-25.258364,0.349928,-0.037586,-2.768304,0.580000,1.000000,0.640000,0.100000,-1.000000,0.349928
809,-0.136417,1.772170,-25.286047,0.349928,-0.037586,-2.768304,0.540000,1.000000,0.740000,0.100000,-1.000000,0.349928
810,-0.133016,1.771264,-25.313730,0.349928,-0.037586,-2.768304,0.520000,1.000000,0.760000,0.100000,-1.000000,0.349928
811,-0.129642,1.770264,-25.341413,0.349928,-0.037586,-2.768304,0.500000,1.000000,0.760000,0.100000,-1.000000,0.349928
812,-0.126296,1.769172,-25.369096,0.349928,-0.037586,-2.768304,0.480000,1.000000,0.920000,0.100000,-1.000000,0.349928
813,-0.122982,1.767987,-25.396779,0.349928,-0.037586,-2.768304,0.460000,1.000000,0.920000,0.100000,-1.000000,0.349928
814,-0.119702,1.766711,-25.424462,0.349928,-0.037586,-2.768304,0.440000,1.000000,0.980000,0.100000,-1.000000,0.349928
815,-0.116459,1.765345,-25.452145,0.349928,-0.037586,-2.768304,0.420000,1.000000,0.980000,0.100000,-1.000000,0.349928
816,-0.113255,1.763889,-25.479828,0.349928,-0.037586,-2.768304,0.400000,0.860000,1.000000,0.100000,-1.000000,0.349928
817,-0.110092,1.762345,-25.507511,0.349928,-0.037586,-2.768304,0.380000,0.800000,1.000000,0.100000,-1.000000,0.349928
818,-0.106973,1.760715,-25.535194,0.349928,-0.037586,-2.768304,0.380000,0.640000,1.000000,0.100000,-1.000000,0.349928
819,-0.103901,1.758998,-25.562877,0.349928,-0.037586,-2.768304,0.360000,0.600000,1.000000,0.100000,-1.000000,0.349928
820,-0.100877,1.757197,-25.590560,0.349928,-0.037586,-2.768304,0.360000,0.560000,1.000000,0.100000,-1.000000,0.349928
821,-0.097904,1.755313,-25.618243,0.349928,-0.037586,-2.768304,0.280000,0.540000,1.000000,0.100000,-1.000000,0.349928
822,-0.094984,1.753348,-25.645926,0.349928,-0.037586,-2.768304,0.280000,0.500000,1.000000,0.100000,-1.000000,0.349928
823,-0.092120,1.751303,-25.673609,0.349928,-0.037586,-2.768304,0.260000,0.480000,1.000000,0.100000,-1.000000,0.349928
824,-0.089314,1.749179,-25.701292,0.349928,-0.037586,-2.768304,0.260000,0.460000,1.000000,0.100000,-1.000000,0.349928
825,-0.086568,1.746978,-25.728976,0.349928,-0.037586,-2.768304,0.260000,0.440000,1.000000,0.100000,-1.000000,0.349928
826,-0.083883,1.744702,-25.756659,0.349928,-0.037586,-2.768304,0.240000,0.420000,1.000000,0.100000,-1.000000,0.349928
827,-0.081263,1.742353,-25.784342,0.349928,-0.037586,-2.768304,0.240000,0.400000,1.000000,0.100000,-1.000000,0.349928
828,-0.078708,1.739932,-25.812025,0.349928,-0.037586,-2.768304,0.240000,0.380000,1.000000,0.100000,-1.000000,0.349928
829,-0.076222,1.737441,-25.839708,0.349928,-0.037586,-2.768304,0.220000,0.360000,0.660000,0.100000,-1.000000,0.349928
830,-0.073806,1.734882,-25.867391,0.349928,-0.037586,-2.768304,0.220000,0.340000,0.620000,0.100000,-1.000000,0.349928
831,-0.071461,1.732258,-25.895074,0.349928,-0.037586,-2.768304,0.220000,0.340000,0.580000,0.100000,-1.000000,0.349928
832,-0.069190,1.729569,-25.922757,0.349928,-0.037586,-2.768304,0.220000,0.320000,0.540000,0.100000,-1.000000,0.349928
833,-0.066994,1.726819,-25.950440,0.349928,-0.037586,-2.768304,0.200000,0.320000,0.500000,0.100000,-1.000000,0.349928
834,-0.064875,1.724009,-25.978123,0.349928,-0.037586,-2.768304,0.200000,0.240000,0.480000,0.100000,-1.000000,0.349928
835,-0.062834,1.721141,-26.005806,0.349928,-0.037586,-2.768304,0.200000,0.240000,0.440000,0.100000,-1.000000,0.349928
836,-0.060874,1.718218,-26.033489,0.349928,-0.037586,-2.768304,0.200000,0.240000,0.420000,0.100000,-1.000000,0.349928
837,-0.058996,1.715242,-26.061172,0.349928,-0.037586,-2.768304,0.180000,0.220000,0.400000,0.100000,-1.000000,0.349928
838,-0.057200,1.712215,-26.088855,0.349928,-0.037586,-2.768304,0.180000,0.220000,0.380000,0.100000,-1.000000,0.349928
839,-0.055489,1.709139,-26.116538,0.349928,-0.037586,-2.768304,0.180000,0.220000,0.360000,0.100000,-1.000000,0.349928
840,-0.053864,1.706018,-26.144221,0.349928,-0.037586,-2.768304,0.180000,0.200000,0.340000,0.100000,-1.000000,0.349928
841,-0.052326,1.702852,-26.171904,0.349928,-0.037586,-2.768304,0.180000,0.200000,0.320000,0.100000,-1.000000,0.349928
842,-0.050876,1.699645,-26.199587,0.349928,-0.037586,-2.768304,0.180000,0.200000,0.320000,0.100000,-1.000000,0.349928
843,-0.049515,1.696400,-26.227270,0.349928,-0.037586,-2.768304,0.160000,0.180000,0.300000,0.100000,-1.000000,0.349928
844,-0.048245,1.693118,-26.254953,0.349928,-0.037586,-2.768304,0.160000,0.180000,0.280000,0.100000,-1.000000,0.349928
845,-0.047066,1.689801,-26.282636,0.349928,-0.037586,-2.768304,0.160000,0.180000,0.220000,0.100000,-1.000000,0.349928
846,-0.045979,1.686454,-26.310319,0.349928,-0.037586,-2.768304,0.160000,0.180000,0.220000,0.100000,-1.000000,0.349928
847,-0.044986,1.683078,-26.338002,0.349928,-0.037586,-2.768304,0.160000,0.160000,0.200000,0.100000,-1.000000,0.349928
848,-0.044086,1.679675,-26.365686,0.349928,-0.037586,-2.768304,0.160000,0.160000,0.200000,0.100000,-1.000000,0.349928
849,-0.043281,1.676249,-26.393369,0.349928,-0.037586,-2.768304,0.160000,0.160000,0.180000,0.100000,-1.000000,0.349928
850,-0.042571,1.672802,-26.421052,0.349928,-0.037586,-2.768304,0.140000,0.160000,0.180000,0.100000,-1.000000,0.349928
851,-0.041956,1.669337,-26.448735,0.349928,-0.037586,-2.768304,0.140000,0.140000,0.180000,0.100000,-1.000000,0.349928
852,-0.041438,1.665856,-26.476418,0.349928,-0.037586,-2.768304,0.140000,0.140000,0.160000,0.100000,-1.000000,0.349928
853,-0.041016,1.662362,-26.504101,0.349928,-0.037586,-2.768304,0.140000,0.140000,0.160000,0.100000,-1.000000,0.349928
854,-0.040691,1.658857,-26.531784,0.349928,-0.037586,-2.768304,0.140000,0.140000,0.160000,0.100000,-1.000000,0.349928
855,-0.040464,1.655345,-26.559467,0.349928,-0.037586,-2.768304,0.140000,0.140000,0.160000,0.100000,-1.000000,0.349928
856,-0.040333,1.651828,-26.587150,0.349928,-0.037586,-2.768304,0.140000,0.140000,0.140000,0.100000,-1.000000,0.349928
857,-0.040300,1.648309,-26.614833,0.349928,-0.037586,-2.768304,0.140000,0.120000,0.140000,0.100000,-1.000000,0.349928
858,-0.040364,1.644790,-26.642516,0.349928,-0.037586,-2.768304,0.140000,0.120000,0.140000,0.100000,-1.000000,0.349928
859,-0.040526,1.641275,-26.670199,0.349928,-0.037586,-2.768304,0.120000,0.120000,0.140000,0.200000,-1.000000,0.349928
860,-0.040785,1.637765,-26.697882,0.356928,-0.037586,-2.768304,0.120000,0.120000,0.120000,0.200000,-1.000000,0.356928
861,-0.041141,1.634193,-26.725565,0.363916,-0.037334,-2.771837,0.120000,0.120000,0.120000,0.200000,-1.000000,0.363916
862,-0.041594,1.630563,-26.753283,0.370887,-0.036841,-2.777717,0.120000,0.120000,0.120000,0.200000,-1.000000,0.370887
863,-0.042147,1.626877,-26.781061,0.377833,-0.036119,-2.784944,0.120000,0.120000,0.120000,0.200000,-1.000000,0.377833
864,-0.042799,1.623138,-26.808910,0.384750,-0.035181,-2.792686,0.120000,0.100000,0.120000,0.200000,-1.000000,0.384750
865,-0.043554,1.619349,-26.836837,0.391632,-0.034038,-2.800265,0.120000,0.100000,0.100000,0.200000,-1.000000,0.391632
866,-0.044412,1.615513,-26.864840,0.398471,-0.032702,-2.807132,0.120000,0.100000,0.100000,0.200000,-1.000000,0.398471
867,-0.045375,1.611632,-26.892911,0.405263,-0.031185,-2.812855,0.120000,0.100000,0.100000,0.200000,-1.000000,0.405263
868,-0.046444,1.607711,-26.921039,0.412002,-0.029499,-2.817097,0.120000,0.100000,0.100000,0.200000,-1.000000,0.412002
869,-0.047621,1.603752,-26.949210,0.418683,-0.027656,-2.819600,0.120000,0.100000,0.100000,0.200000,-1.000000,0.418683
870,-0.048907,1.599758,-26.977406,0.425300,-0.025668,-2.820179,0.100000,0.100000,0.100000,0.200000,-1.000000,0.425300
871,-0.050305,1.595733,-27.005608,0.431849,-0.023548,-2.818700,0.100000,0.100000,0.080000,0.200000,-1.000000,0.431849
872,-0.051814,1.591680,-27.033795,0.438326,-0.021306,-2.815081,0.100000,0.080000,0.080000,0.200000,-1.000000,0.438326
873,-0.053437,1.587603,-27.061946,0.444728,-0.018956,-2.809277,0.100000,0.080000,0.080000,0.200000,-1.000000,0.444728
874,-0.055175,1.583504,-27.090039,0.451051,-0.016510,-2.801276,0.100000,0.080000,0.080000,0.200000,-1.000000,0.451051
875,-0.057028,1.579389,-27.118052,0.457293,-0.013980,-2.791093,0.100000,0.080000,0.080000,0.200000,-1.000000,0.457293
876,-0.058998,1.575259,-27.145962,0.463452,-0.011379,-2.778767,0.100000,0.080000,0.080000,0.200000,-1.000000,0.463452
877,-0.061085,1.571120,-27.173750,0.469526,-0.008717,-2.764352,0.100000,0.080000,0.060000,0.200000,-1.000000,0.469526
878,-0.063290,1.566974,-27.201394,0.475516,-0.006006,-2.747920,0.100000,0.080000,0.060000,0.200000,-1.000000,0.475516
879,-0.065613,1.562824,-27.228873,0.481420,-0.003260,-2.729555,0.080000,0.060000,0.060000,0.200000,-1.000000,0.481420
880,-0.068056,1.558676,-27.256168,0.487238,-0.000487,-2.709350,0.080000,0.060000,0.060000,0.200000,-1.000000,0.487238
881,-0.070618,1.554531,-27.283262,0.492972,0.002300,-2.687407,0.080000,0.060000,0.060000,0.200000,-1.000000,0.492972
882,-0.073299,1.550394,-27.310136,0.498623,0.005091,-2.663835,0.080000,0.060000,0.060000,0.200000,-1.000000,0.498623
883,-0.076100,1.546269,-27.336774,0.504192,0.007876,-2.638747,0.080000,0.060000,0.040000,0.200000,-1.000000,0.504192
884,-0.079020,1.542158,-27.363162,0.509681,0.010646,-2.612258,0.080000,0.060000,0.040000,0.200000,-1.000000,0.509681
885,-0.082059,1.538065,-27.389284,0.515093,0.013391,-2.584490,0.060000,0.040000,0.040000,0.200000,-1.000000,0.515093
886,-0.085217,1.533993,-27.415129,0.520429,0.016103,-2.555563,0.060000,0.040000,0.040000,0.200000,-1.000000,0.520429
887,-0.088494,1.529947,-27.440685,0.525694,0.018774,-2.525600,0.060000,0.040000,0.040000,0.200000,-1.000000,0.525694
888,-0.091888,1.525929,-27.465941,0.530890,0.021397,-2.494724,0.060000,0.040000,0.040000,0.200000,-1.000000,0.530890
889,-0.095400,1.521941,-27.490888,0.536021,0.023964,-2.463056,0.060000,0.040000,0.020000,0.200000,-1.000000,0.536021
890,-0.099029,1.517989,-27.515519,0.541090,0.026469,-2.430719,0.040000,0.040000,0.020000,0.200000,-1.000000,0.541090
891,-0.102773,1.514074,-27.539826,0.546100,0.028907,-2.397833,0.040000,0.020000,0.020000,0.200000,-1.000000,0.546100
892,-0.106632,1.510199,-27.563804,0.551056,0.031273,-2.364517,0.040000,0.020000,0.020000,0.200000,-1.000000,0.551056
893,-0.110605,1.506368,-27.587449,0.555960,0.033563,-2.330887,0.020000,0.020000,0.020000,0.200000,-1.000000,0.555960
894,-0.114691,1.502583,-27.610758,0.560818,0.035774,-2.297057,0.020000,0.020000,0.020000,0.200000,-1.000000,0.560818
