step,x,y,mu,vx,vy,omega,lidar_l,lidar_c,lidar_r,throttle,steering,reward
0,-1.173164,1.976163,-0.596898,0.000000,0.000000,0.000000,0.440000,0.620000,1.000000,0.150000,0.700000,0.000000
1,-1.173164,1.976163,-0.596898,0.010500,0.000000,0.000000,0.440000,0.620000,1.000000,0.150000,0.700000,0.010500
2,-1.173077,1.976104,-0.596898,0.014817,0.007341,0.313982,0.440000,0.620000,1.000000,0.150000,0.700000,0.014817
3,-1.172913,1.976082,-0.593758,0.027908,0.009728,-0.083227,0.440000,0.620000,1.000000,0.150000,0.700000,0.027908
4,-1.172627,1.976006,-0.594590,0.032886,0.008823,0.560502,0.440000,0.620000,1.000000,0.150000,0.700000,0.032886
5,-1.172305,1.975895,-0.588985,0.042474,0.016383,0.287914,0.440000,0.620000,1.000000,0.150000,0.700000,0.042474
6,-1.171861,1.975795,-0.586106,0.049909,0.015247,0.675129,0.440000,0.620000,1.000000,0.150000,0.700000,0.049909
7,-1.171361,1.975646,-0.579355,0.058752,0.021243,0.557895,0.440000,0.640000,1.000000,0.150000,0.700000,0.058752
8,-1.170753,1.975503,-0.573776,0.066879,0.022250,0.763462,0.440000,0.640000,1.000000,0.150000,0.700000,0.066879
9,-1.170071,1.975326,-0.566141,0.075375,0.025806,0.801461,0.440000,0.640000,1.000000,0.150000,0.700000,0.075375
10,-1.169296,1.975140,-0.558126,0.083752,0.028259,0.905539,0.440000,0.660000,1.000000,0.150000,0.700000,0.083752
11,-1.168436,1.974936,-0.549071,0.092181,0.030924,0.991434,0.440000,0.660000,1.000000,0.150000,0.700000,0.092181
12,-1.167488,1.974719,-0.539157,0.100618,0.033487,1.079392,0.440000,0.680000,1.000000,0.150000,0.700000,0.100618
13,-1.166453,1.974490,-0.528363,0.109069,0.035986,1.166547,0.460000,0.680000,1.000000,0.150000,0.700000,0.109069
14,-1.165330,1.974250,-0.516697,0.117533,0.038413,1.252984,0.460000,0.700000,1.000000,0.150000,0.700000,0.117533
15,-1.164118,1.974004,-0.504168,0.126010,0.040763,1.338652,0.460000,0.720000,1.000000,0.150000,0.700000,0.126010
16,-1.162818,1.973752,-0.490781,0.134499,0.043032,1.423493,0.460000,0.720000,1.000000,0.150000,0.700000,0.134499
17,-1.161429,1.973498,-0.476546,0.143001,0.045213,1.507447,0.480000,0.740000,1.000000,0.150000,0.700000,0.143001
18,-1.159950,1.973243,-0.461472,0.151513,0.047302,1.590450,0.480000,0.780000,1.000000,0.150000,0.700000,0.151513
19,-1.158383,1.972992,-0.445567,0.160036,0.049293,1.672439,0.480000,0.800000,1.000000,0.150000,0.700000,0.160036
20,-1.156727,1.972747,-0.428843,0.168567,0.051180,1.753351,0.500000,0.920000,1.000000,0.150000,0.700000,0.168567
21,-1.154981,1.972512,-0.411309,0.177104,0.052958,1.833121,0.500000,0.960000,1.000000,0.150000,0.700000,0.177104
22,-1.153146,1.972289,-0.392978,0.185647,0.054623,1.911682,0.500000,1.000000,1.000000,0.150000,0.700000,0.185647
23,-1.151222,1.972083,-0.373861,0.194192,0.056169,1.988969,0.520000,1.000000,1.000000,0.150000,0.700000,0.194192
24,-1.149209,1.971897,-0.353972,0.202737,0.057591,2.064916,0.540000,1.000000,1.000000,0.150000,0.700000,0.202737
25,-1.147107,1.971734,-0.333322,0.211280,0.058885,2.139457,0.540000,1.000000,1.000000,0.150000,0.700000,0.211280
26,-1.144918,1.971599,-0.311928,0.219816,0.060045,2.212524,0.560000,1.000000,0.620000,0.150000,0.200000,0.219816
27,-1.142642,1.971496,-0.289803,0.233093,0.049986,1.810086,0.580000,1.000000,0.400000,0.150000,0.200000,0.233093
28,-1.140265,1.971309,-0.271702,0.245627,0.041587,1.502027,0.580000,1.000000,0.300000,0.150000,0.200000,0.245627
29,-1.137788,1.971050,-0.256681,0.257519,0.035190,1.285266,0.600000,1.000000,0.260000,0.150000,0.200000,0.257519
30,-1.135207,1.970737,-0.243829,0.268915,0.030622,1.144136,0.620000,1.000000,0.240000,0.150000,0.200000,0.268915
31,-1.132524,1.970385,-0.232387,0.279961,0.027452,1.057471,0.620000,1.000000,0.220000,0.150000,0.200000,0.279961
32,-1.129736,1.970007,-0.221813,0.290774,0.025255,1.007284,0.640000,1.000000,0.200000,0.150000,0.200000,0.290774
33,-1.126844,1.969614,-0.211740,0.301429,0.023712,0.981036,0.640000,1.000000,0.180000,0.150000,0.200000,0.301429
34,-1.123847,1.969212,-0.201929,0.311978,0.022601,0.970570,0.660000,1.000000,0.180000,0.150000,0.200000,0.311978
35,-1.120746,1.968808,-0.192224,0.322452,0.021773,0.970646,0.660000,1.000000,0.160000,0.150000,0.200000,0.322452
36,-1.117539,1.968406,-0.182517,0.332870,0.021124,0.977867,0.680000,1.000000,0.160000,0.150000,0.200000,0.332870
37,-1.114227,1.968009,-0.172739,0.343248,0.020584,0.989993,0.680000,1.000000,0.160000,0.150000,0.200000,0.343248
38,-1.110810,1.967622,-0.162839,0.353592,0.020104,1.005519,0.700000,1.000000,0.140000,0.150000,0.200000,0.353592
39,-1.107289,1.967247,-0.152784,0.363910,0.019648,1.023416,0.700000,1.000000,0.140000,0.150000,0.200000,0.363910
40,-1.103662,1.966888,-0.142549,0.374203,0.019192,1.042967,0.720000,1.000000,0.140000,0.150000,0.100000,0.374203
41,-1.099931,1.966546,-0.132120,0.384988,0.015701,0.934712,0.720000,1.000000,0.140000,0.150000,0.100000,0.384988
42,-1.096094,1.966194,-0.122773,0.395656,0.013104,0.855708,0.740000,1.000000,0.140000,0.150000,-1.000000,0.395656
43,-1.092151,1.965840,-0.114216,0.397856,0.005621,0.561980,0.840000,1.000000,0.120000,0.150000,-1.000000,0.397856
44,-1.088192,1.965442,-0.108596,0.399988,-0.000895,0.277948,0.860000,1.000000,0.120000,0.150000,-1.000000,0.399988
45,-1.084216,1.965000,-0.105816,0.402099,-0.006525,0.006263,0.860000,1.000000,0.120000,0.150000,-1.000000,0.402099
46,-1.080225,1.964510,-0.105754,0.404227,-0.011345,-0.251104,0.860000,1.000000,0.120000,0.150000,-1.000000,0.404227
47,-1.076217,1.963971,-0.108265,0.406399,-0.015427,-0.492804,0.860000,1.000000,0.140000,0.150000,-1.000000,0.406399
48,-1.072194,1.963378,-0.113193,0.408635,-0.018841,-0.718042,0.840000,1.000000,0.140000,0.150000,-1.000000,0.408635
49,-1.068155,1.962730,-0.120373,0.410945,-0.021650,-0.926498,0.820000,1.000000,0.140000,0.150000,-1.000000,0.410945
50,-1.064101,1.962021,-0.129638,0.413335,-0.023910,-1.118244,0.720000,1.000000,0.140000,0.150000,0.100000,0.413335
51,-1.060033,1.961250,-0.140821,0.423479,-0.014281,-0.806378,0.700000,1.000000,0.160000,0.150000,0.200000,0.423479
52,-1.055860,1.960514,-0.148884,0.432695,-0.005031,-0.466211,0.700000,1.000000,0.160000,0.150000,0.200000,0.432695
53,-1.051589,1.959822,-0.153546,0.441963,0.002283,-0.165067,0.700000,1.000000,0.180000,0.150000,0.200000,0.441963
54,-1.047218,1.959169,-0.155197,0.451343,0.007842,0.096142,0.680000,1.000000,0.180000,0.150000,0.200000,0.451343
55,-1.042746,1.958549,-0.154236,0.460856,0.011872,0.319422,0.680000,1.000000,0.180000,0.150000,0.200000,0.460856
56,-1.038174,1.957958,-0.151041,0.470502,0.014611,0.508581,0.700000,1.000000,0.180000,0.150000,0.200000,0.470502
57,-1.033501,1.957395,-0.145956,0.480265,0.016288,0.668175,0.700000,1.000000,0.180000,0.150000,0.200000,0.480265
58,-1.028726,1.956857,-0.139274,0.490121,0.017103,0.802776,0.700000,1.000000,0.180000,0.150000,0.200000,0.490121
59,-1.023848,1.956346,-0.131246,0.500048,0.017228,0.916574,0.800000,1.000000,0.180000,0.150000,-1.000000,0.500048
60,-1.018868,1.955863,-0.122080,0.502288,0.008140,0.642814,0.820000,1.000000,0.160000,0.150000,-1.000000,0.502288
61,-1.013873,1.955332,-0.115652,0.504433,0.000414,0.369363,0.820000,1.000000,0.160000,0.150000,-1.000000,0.504433
62,-1.008862,1.954754,-0.111959,0.506539,-0.006030,0.100639,0.820000,1.000000,0.160000,0.150000,-1.000000,0.506539
63,-1.003835,1.954128,-0.110952,0.508648,-0.011279,-0.159697,0.820000,1.000000,0.160000,0.150000,-1.000000,0.508648
64,-0.998792,1.953453,-0.112549,0.510794,-0.015424,-0.408676,0.820000,1.000000,0.160000,0.150000,-1.000000,0.510794
65,-0.993734,1.952726,-0.116636,0.512997,-0.018560,-0.643981,0.820000,1.000000,0.180000,0.150000,-1.000000,0.512997
66,-0.988660,1.951944,-0.123076,0.515267,-0.020783,-0.863913,0.800000,1.000000,0.180000,0.150000,-1.000000,0.515267
67,-0.983572,1.951106,-0.131715,0.517608,-0.022184,-1.067348,0.800000,1.000000,0.200000,0.150000,-1.000000,0.517608
68,-0.978470,1.950206,-0.142388,0.520015,-0.022852,-1.253685,0.780000,1.000000,0.200000,0.150000,-1.000000,0.520015
69,-0.973355,1.949242,-0.154925,0.522479,-0.022869,-1.422773,0.760000,1.000000,0.220000,0.150000,-1.000000,0.522479
70,-0.968228,1.948210,-0.169153,0.524989,-0.022314,-1.574832,0.660000,1.000000,0.240000,0.150000,0.200000,0.524989
71,-0.963090,1.947106,-0.184901,0.534329,-0.008595,-1.168777,0.640000,1.000000,0.260000,0.150000,0.200000,0.534329
72,-0.957854,1.946039,-0.196589,0.543548,0.002463,-0.791160,0.620000,1.000000,0.300000,0.150000,0.200000,0.543548
73,-0.952518,1.945001,-0.204501,0.552783,0.011021,-0.447667,0.620000,1.000000,0.320000,0.150000,0.200000,0.552783
74,-0.947083,1.943987,-0.208977,0.562116,0.017308,-0.140776,0.600000,1.000000,0.340000,0.150000,0.200000,0.562116
75,-0.941549,1.942990,-0.210385,0.571588,0.021595,0.129679,0.600000,1.000000,0.340000,0.150000,0.200000,0.571588
76,-0.935914,1.942007,-0.209088,0.581207,0.024168,0.365686,0.600000,1.000000,0.340000,0.150000,0.200000,0.581207
77,-0.930178,1.941037,-0.205431,0.590961,0.025307,0.570265,0.600000,1.000000,0.340000,0.150000,0.200000,0.590961
78,-0.924341,1.940080,-0.199729,0.600825,0.025263,0.746861,0.600000,1.000000,0.340000,0.150000,0.200000,0.600825
79,-0.918402,1.939135,-0.192260,0.610770,0.024256,0.898953,0.620000,1.000000,0.320000,0.150000,0.200000,0.610770
80,-0.912361,1.938206,-0.183271,0.620766,0.022474,1.029836,0.700000,1.000000,0.300000,0.150000,0.200000,0.620766
81,-0.906216,1.937296,-0.172972,0.630784,0.020070,1.142515,0.720000,1.000000,0.300000,0.150000,0.100000,0.630784
82,-0.899968,1.936408,-0.161547,0.641431,0.014304,1.117104,0.720000,1.000000,0.280000,0.150000,0.100000,0.641431
83,-0.893614,1.935517,-0.150376,0.651971,0.009173,1.094980,0.740000,1.000000,0.280000,0.150000,-1.000000,0.651971
84,-0.887154,1.934631,-0.139426,0.654146,-0.001953,0.796526,0.760000,1.000000,0.260000,0.150000,-1.000000,0.654146
85,-0.880679,1.933703,-0.131461,0.656216,-0.011085,0.495452,0.760000,1.000000,0.260000,0.150000,-1.000000,0.656216
86,-0.874188,1.932733,-0.126507,0.658257,-0.018295,0.196863,0.760000,1.000000,0.260000,0.150000,-1.000000,0.658257
87,-0.867681,1.931721,-0.124538,0.660328,-0.023680,-0.094745,0.760000,1.000000,0.260000,0.150000,-1.000000,0.660328
88,-0.861158,1.930666,-0.125485,0.662468,-0.027354,-0.375444,0.760000,1.000000,0.260000,0.150000,-1.000000,0.662468
89,-0.854620,1.929565,-0.129240,0.664697,-0.029449,-0.641867,0.760000,1.000000,0.260000,0.150000,-1.000000,0.664697
90,-0.848066,1.928417,-0.135658,0.667021,-0.030103,-0.891248,0.740000,1.000000,0.280000,0.150000,-1.000000,0.667021
91,-0.841498,1.927216,-0.144571,0.669432,-0.029465,-1.121453,0.740000,1.000000,0.300000,0.150000,-1.000000,0.669432
92,-0.834916,1.925960,-0.155785,0.671910,-0.027681,-1.331009,0.720000,1.000000,0.320000,0.150000,0.100000,0.671910
93,-0.828321,1.924644,-0.169096,0.682202,-0.014202,-1.061621,0.700000,1.000000,0.340000,0.150000,0.200000,0.682202
94,-0.821620,1.923356,-0.179712,0.691498,-0.001510,-0.733596,0.680000,1.000000,0.380000,0.150000,0.200000,0.691498
95,-0.814819,1.922105,-0.187048,0.700765,0.008387,-0.425279,0.680000,1.000000,0.400000,0.100000,0.200000,0.700765
96,-0.807918,1.920884,-0.191301,0.706587,0.015706,-0.140253,0.660000,1.000000,0.420000,0.100000,0.200000,0.706587
97,-0.800952,1.919695,-0.192703,0.712515,0.020689,0.120040,0.660000,1.000000,0.420000,0.100000,0.200000,0.712515
98,-0.793919,1.918534,-0.191503,0.718566,0.023619,0.355163,0.660000,1.000000,0.420000,0.100000,0.200000,0.718566
99,-0.786819,1.917398,-0.187951,0.724739,0.024780,0.565695,0.660000,1.000000,0.420000,0.100000,0.200000,0.724739
100,-0.779653,1.916287,-0.182294,0.731014,0.024439,0.752866,0.660000,1.000000,0.420000,0.100000,0.200000,0.731014
101,-0.772420,1.915202,-0.174765,0.737364,0.022844,0.918279,0.680000,1.000000,0.400000,0.100000,0.200000,0.737364
102,-0.765119,1.914145,-0.165583,0.743758,0.020213,1.063733,0.680000,1.000000,0.380000,0.100000,0.200000,0.743758
103,-0.757750,1.913119,-0.154945,0.750164,0.016741,1.191099,0.700000,1.000000,0.380000,0.100000,0.200000,0.750164
104,-0.750312,1.912126,-0.143034,0.756553,0.012592,1.302240,0.700000,1.000000,0.360000,0.100000,0.200000,0.756553
105,-0.742806,1.911172,-0.130012,0.762896,0.007908,1.398956,0.720000,1.000000,0.340000,0.100000,0.100000,0.762896
106,-0.735231,1.910262,-0.116022,0.769844,0.000044,1.364869,0.740000,1.000000,0.320000,0.100000,-1.000000,0.769844
107,-0.727584,1.909371,-0.102374,0.768409,-0.013894,1.039518,0.760000,1.000000,0.300000,0.100000,-1.000000,0.768409
108,-0.719955,1.908448,-0.091978,0.766841,-0.025169,0.707884,0.860000,1.000000,0.300000,0.100000,-1.000000,0.766841
109,-0.712342,1.907493,-0.084900,0.765250,-0.033860,0.375709,0.880000,1.000000,0.300000,0.100000,-1.000000,0.765250
110,-0.704746,1.906506,-0.081143,0.763722,-0.040080,0.048208,0.880000,1.000000,0.300000,0.100000,-1.000000,0.763722
111,-0.697166,1.905488,-0.080660,0.762313,-0.043974,-0.269849,0.880000,1.000000,0.300000,0.100000,-1.000000,0.762313
112,-0.689603,1.904435,-0.083359,0.761052,-0.045714,-0.574116,0.880000,1.000000,0.300000,0.100000,-1.000000,0.761052
113,-0.682057,1.903346,-0.089100,0.759945,-0.045494,-0.860724,0.860000,1.000000,0.320000,0.100000,-1.000000,0.759945
114,-0.674528,1.902217,-0.097707,0.758973,-0.043524,-1.126379,0.840000,1.000000,0.320000,0.100000,-1.000000,0.758973
115,-0.667017,1.901043,-0.108971,0.758106,-0.040023,-1.368490,0.820000,1.000000,0.340000,0.100000,-1.000000,0.758106
116,-0.659525,1.899821,-0.122656,0.757299,-0.035213,-1.585278,0.720000,1.000000,0.360000,0.100000,0.100000,0.757299
117,-0.652052,1.898545,-0.138509,0.764253,-0.018445,-1.311150,0.700000,1.000000,0.400000,0.100000,0.200000,0.764253
118,-0.644508,1.897307,-0.151620,0.770106,-0.002920,-0.974792,0.680000,1.000000,0.420000,0.100000,0.200000,0.770106
119,-0.636899,1.896115,-0.161368,0.775853,0.009371,-0.652461,0.660000,1.000000,0.460000,0.100000,0.200000,0.775853
120,-0.629227,1.894961,-0.167893,0.781614,0.018642,-0.349156,0.640000,1.000000,0.480000,0.100000,0.200000,0.781614
121,-0.621489,1.893839,-0.171384,0.787465,0.025153,-0.067846,0.640000,1.000000,0.500000,0.100000,0.200000,0.787465
122,-0.613687,1.892743,-0.172063,0.793445,0.029194,0.190093,0.640000,1.000000,0.500000,0.100000,0.200000,0.793445
123,-0.605820,1.891673,-0.170162,0.799563,0.031062,0.424420,0.640000,1.000000,0.500000,0.100000,0.200000,0.799563
124,-0.597887,1.890625,-0.165918,0.805807,0.031051,0.635655,0.640000,1.000000,0.500000,0.100000,0.200000,0.805807
125,-0.589888,1.889600,-0.159561,0.812151,0.029437,0.824797,0.660000,1.000000,0.480000,0.100000,0.200000,0.812151
126,-0.581823,1.888600,-0.151313,0.818561,0.026475,0.993142,0.660000,1.000000,0.460000,0.100000,0.200000,0.818561
127,-0.573691,1.887628,-0.141382,0.825000,0.022392,1.142161,0.760000,1.000000,0.440000,0.100000,-1.000000,0.825000
128,-0.565492,1.886687,-0.129960,0.823807,0.008216,0.880919,0.760000,1.000000,0.420000,0.100000,-1.000000,0.823807
129,-0.557313,1.885701,-0.121151,0.822440,-0.003560,0.608754,0.780000,1.000000,0.420000,0.100000,-1.000000,0.822440
130,-0.549153,1.884672,-0.115063,0.820988,-0.012964,0.331197,0.780000,1.000000,0.400000,0.100000,-1.000000,0.820988
131,-0.541012,1.883601,-0.111751,0.819525,-0.020062,0.053319,0.800000,1.000000,0.400000,0.100000,-1.000000,0.819525
132,-0.532891,1.882487,-0.111218,0.818102,-0.024957,-0.220263,0.780000,1.000000,0.400000,0.100000,-1.000000,0.818102
133,-0.524788,1.881331,-0.113421,0.816753,-0.027776,-0.485385,0.780000,1.000000,0.420000,0.100000,-1.000000,0.816753
134,-0.516704,1.880131,-0.118275,0.815492,-0.028674,-0.738359,0.780000,1.000000,0.420000,0.100000,-1.000000,0.815492
135,-0.508640,1.878884,-0.125658,0.814313,-0.027823,-0.976019,0.760000,1.000000,0.440000,0.100000,-1.000000,0.814313
136,-0.500596,1.877587,-0.135419,0.813199,-0.025407,-1.195779,0.740000,1.000000,0.480000,0.100000,-1.000000,0.813199
137,-0.492573,1.876238,-0.147376,0.812121,-0.021620,-1.395692,0.720000,1.000000,0.500000,0.100000,0.100000,0.812121
138,-0.484571,1.874831,-0.161333,0.818876,-0.006421,-1.136810,0.700000,1.000000,0.520000,0.100000,0.200000,0.818876
139,-0.476499,1.873452,-0.172701,0.824634,0.007802,-0.808975,0.680000,1.000000,0.520000,0.100000,0.200000,0.824634
140,-0.468362,1.872112,-0.180791,0.830361,0.018743,-0.497008,0.680000,1.000000,0.520000,0.100000,0.200000,0.830361
141,-0.460160,1.870804,-0.185761,0.836153,0.026647,-0.204640,0.680000,1.000000,0.500000,0.100000,0.200000,0.836153
142,-0.451893,1.869521,-0.187808,0.842068,0.031796,0.066079,0.660000,1.000000,0.500000,0.100000,0.200000,0.842068
143,-0.443561,1.868261,-0.187147,0.848127,0.034493,0.314335,0.660000,1.000000,0.500000,0.100000,0.200000,0.848127
144,-0.435164,1.867022,-0.184003,0.854327,0.035037,0.540158,0.660000,1.000000,0.480000,0.100000,0.200000,0.854327
145,-0.426701,1.865803,-0.178602,0.860646,0.033721,0.744130,0.680000,1.000000,0.480000,0.100000,0.200000,0.860646
146,-0.418171,1.864606,-0.171161,0.867050,0.030817,0.927186,0.680000,1.000000,0.480000,0.100000,0.200000,0.867050
147,-0.409575,1.863433,-0.161889,0.873500,0.026578,1.090489,0.680000,1.000000,0.460000,0.100000,0.200000,0.873500
148,-0.400911,1.862288,-0.150984,0.879953,0.021227,1.235351,0.700000,1.000000,0.460000,0.100000,0.200000,0.879953
149,-0.392180,1.861174,-0.138630,0.886368,0.014965,1.363186,0.720000,1.000000,0.460000,0.100000,0.100000,0.886368
150,-0.383381,1.860097,-0.124998,0.893386,0.005217,1.357876,0.720000,1.000000,0.440000,0.100000,0.100000,0.893386
151,-0.374510,1.859035,-0.111420,0.900235,-0.003884,1.350604,0.740000,1.000000,0.440000,0.100000,-1.000000,0.900235
152,-0.365568,1.857996,-0.097914,0.898733,-0.019619,1.032578,0.760000,1.000000,0.440000,0.100000,-1.000000,0.898733
153,-0.356643,1.856922,-0.087588,0.897091,-0.032278,0.705639,0.780000,1.000000,0.420000,0.100000,-1.000000,0.897091
154,-0.347734,1.855816,-0.080531,0.895436,-0.041912,0.375619,0.780000,1.000000,0.420000,0.100000,-1.000000,0.895436
155,-0.338843,1.854677,-0.076775,0.893862,-0.048612,0.047875,0.800000,1.000000,0.420000,0.100000,-1.000000,0.893862
156,-0.329968,1.853507,-0.076297,0.892432,-0.052514,-0.272628,0.800000,1.000000,0.400000,0.100000,-1.000000,0.892432
157,-0.321110,1.852303,-0.079023,0.891177,-0.053788,-0.581281,0.780000,1.000000,0.400000,0.100000,-1.000000,0.891177
158,-0.312268,1.851064,-0.084836,0.890099,-0.052636,-0.873856,0.780000,1.000000,0.400000,0.100000,-1.000000,0.890099
159,-0.303444,1.849785,-0.093574,0.889174,-0.049288,-1.146593,0.760000,1.000000,0.380000,0.100000,-1.000000,0.889174
160,-0.294637,1.848463,-0.105040,0.888358,-0.043990,-1.396340,0.740000,1.000000,0.380000,0.100000,-1.000000,0.888358
161,-0.285848,1.847095,-0.119004,0.887593,-0.037003,-1.620690,0.720000,1.000000,0.380000,0.100000,0.100000,0.887593
162,-0.277079,1.845673,-0.135210,0.894596,-0.017974,-1.364079,0.680000,1.000000,0.400000,0.100000,0.200000,0.894596
163,-0.268239,1.844289,-0.148851,0.900463,-0.000337,-1.037644,0.680000,1.000000,0.440000,0.100000,0.200000,0.900463
164,-0.259334,1.842951,-0.159228,0.906190,0.013685,-0.720854,0.660000,1.000000,0.460000,0.100000,0.200000,0.906190
165,-0.250366,1.841649,-0.166436,0.911912,0.024291,-0.418713,0.640000,1.000000,0.480000,0.100000,0.200000,0.911912
166,-0.241332,1.840378,-0.170623,0.917718,0.031734,-0.134445,0.640000,1.000000,0.500000,0.100000,0.200000,0.917718
167,-0.232234,1.839132,-0.171968,0.923657,0.036301,0.130131,0.640000,1.000000,0.520000,0.100000,0.200000,0.923657
168,-0.223072,1.837909,-0.170666,0.929746,0.038291,0.374212,0.640000,1.000000,0.520000,0.100000,0.200000,0.929746
169,-0.213844,1.836708,-0.166924,0.935976,0.038005,0.597680,0.640000,1.000000,0.520000,0.100000,0.200000,0.935976
170,-0.204552,1.835527,-0.160948,0.942319,0.035736,0.800872,0.640000,1.000000,0.500000,0.100000,0.200000,0.942319
171,-0.195193,1.834370,-0.152939,0.948737,0.031758,0.984428,0.640000,1.000000,0.480000,0.100000,0.200000,0.948737
172,-0.185768,1.833238,-0.143095,0.955186,0.026328,1.149205,0.660000,1.000000,0.460000,0.100000,0.200000,0.955186
173,-0.176276,1.832137,-0.131602,0.961618,0.019676,1.296226,0.680000,1.000000,0.440000,0.100000,0.200000,0.961618
174,-0.166717,1.831070,-0.118640,0.967987,0.012012,1.426641,0.680000,1.000000,0.420000,0.100000,0.200000,0.967987
175,-0.157091,1.830044,-0.104374,0.974250,0.003519,1.541697,0.700000,1.000000,0.400000,0.100000,0.200000,0.974250
176,-0.147398,1.829063,-0.088957,0.980367,-0.005640,1.642701,0.720000,1.000000,0.380000,0.100000,0.100000,0.980367
177,-0.137638,1.828136,-0.072530,0.987017,-0.017965,1.618189,0.840000,1.000000,0.360000,0.100000,-1.000000,0.987017
178,-0.127807,1.827242,-0.056348,0.985266,-0.036929,1.271972,0.880000,1.000000,0.360000,0.100000,-1.000000,0.985266
179,-0.117991,1.826318,-0.043628,0.983348,-0.052209,0.914611,1.000000,1.000000,0.340000,0.100000,-1.000000,0.983348
180,-0.108190,1.825368,-0.034482,0.981436,-0.063834,0.552224,1.000000,1.000000,0.340000,0.100000,-1.000000,0.981436
181,-0.098403,1.824392,-0.028960,0.979660,-0.071881,0.190420,1.000000,1.000000,0.320000,0.100000,-1.000000,0.979660
182,-0.088631,1.823389,-0.027056,0.978112,-0.076482,-0.165543,1.000000,1.000000,0.340000,0.100000,-1.000000,0.978112
183,-0.078874,1.822360,-0.028711,0.976836,-0.077809,-0.510650,1.000000,1.000000,0.340000,0.100000,-1.000000,0.976836
184,-0.069132,1.821302,-0.033818,0.975840,-0.076079,-0.840101,1.000000,1.000000,0.340000,0.100000,-1.000000,0.975840
185,-0.059405,1.820212,-0.042219,0.975091,-0.071547,-1.149370,1.000000,1.000000,0.360000,0.100000,-1.000000,0.975091
186,-0.049693,1.819085,-0.053712,0.974529,-0.064501,-1.434366,1.000000,1.000000,0.360000,0.100000,-1.000000,0.974529
187,-0.039997,1.817918,-0.068056,0.974070,-0.055252,-1.691660,0.940000,1.000000,0.400000,0.100000,-1.000000,0.974070
188,-0.030316,1.816704,-0.084973,0.973620,-0.044126,-1.918717,0.800000,1.000000,0.420000,0.100000,-1.000000,0.973620
189,-0.020653,1.815438,-0.104160,0.973079,-0.031451,-2.114087,0.760000,1.000000,0.460000,0.100000,-1.000000,0.973079
190,-0.011007,1.814114,-0.125301,0.972351,-0.017550,-2.277461,0.740000,1.000000,0.500000,0.100000,-1.000000,0.972351
191,-0.001382,1.812725,-0.148075,0.971352,-0.002725,-2.409589,0.620000,1.000000,0.560000,0.100000,0.200000,0.971352
192,0.008221,1.811265,-0.172171,0.976995,0.024710,-2.000263,0.600000,1.000000,0.640000,0.100000,0.200000,0.976995
193,0.017889,1.809834,-0.192174,0.982211,0.047215,-1.599517,0.560000,1.000000,0.640000,0.100000,0.200000,0.982211
194,0.027621,1.808422,-0.208169,0.987300,0.064974,-1.214839,0.560000,1.000000,0.640000,0.100000,0.200000,0.987300
195,0.037415,1.807017,-0.220317,0.992480,0.078264,-0.850750,0.540000,1.000000,0.620000,0.100000,0.200000,0.992480
196,0.047271,1.805612,-0.228825,0.997896,0.087429,-0.509459,0.540000,1.000000,0.640000,0.100000,0.200000,0.997896
197,0.057188,1.804200,-0.233919,1.003625,0.092842,-0.191627,0.520000,1.000000,0.680000,0.100000,0.200000,1.003625
198,0.067166,1.802777,-0.235836,1.009695,0.094886,0.102967,0.520000,1.000000,0.700000,0.100000,0.200000,1.009695
199,0.077205,1.801340,-0.234806,1.016093,0.093936,0.374924,0.520000,1.000000,0.700000,0.100000,0.200000,1.016093
200,0.087306,1.799890,-0.231057,1.022779,0.090353,0.624928,0.520000,1.000000,0.700000,0.100000,0.200000,1.022779
201,0.097469,1.798427,-0.224807,1.029691,0.084477,0.853603,0.520000,1.000000,0.660000,0.100000,0.200000,1.029691
202,0.107695,1.796955,-0.216271,1.036760,0.076629,1.061505,0.520000,1.000000,0.640000,0.100000,0.200000,1.036760
203,0.117985,1.795479,-0.205656,1.043905,0.067108,1.249169,0.540000,1.000000,0.600000,0.100000,0.200000,1.043905
204,0.128342,1.794004,-0.193165,1.051049,0.056189,1.417202,0.620000,1.000000,0.560000,0.100000,0.200000,1.051049
205,0.138764,1.792538,-0.178993,1.058115,0.044126,1.566360,0.640000,1.000000,0.540000,0.100000,0.200000,1.058115
206,0.149255,1.791088,-0.163329,1.065032,0.031143,1.697600,0.640000,1.000000,0.540000,0.100000,0.200000,1.065032
207,0.159814,1.789663,-0.146353,1.071737,0.017443,1.812087,0.660000,1.000000,0.540000,0.100000,0.200000,1.071737
208,0.170442,1.788273,-0.128232,1.078177,0.003200,1.911164,0.780000,1.000000,0.520000,0.100000,-1.000000,1.078177
209,0.181140,1.786926,-0.109121,1.076753,-0.020930,1.590329,1.000000,1.000000,0.520000,0.100000,-1.000000,1.076753
210,0.191821,1.785545,-0.093217,1.074946,-0.041172,1.250371,1.000000,0.980000,0.520000,0.100000,-1.000000,1.074946
211,0.202485,1.784135,-0.080714,1.072970,-0.057462,0.898042,1.000000,0.980000,0.500000,0.100000,-1.000000,1.072970
212,0.213133,1.782697,-0.071733,1.071004,-0.069805,0.539475,1.000000,0.880000,0.500000,0.100000,-1.000000,1.071004
213,0.223766,1.781233,-0.066338,1.069190,-0.078264,0.180314,1.000000,0.880000,0.500000,0.100000,-1.000000,1.069190
214,0.234382,1.779743,-0.064535,1.067622,-0.082957,-0.174144,1.000000,0.860000,0.480000,0.100000,-1.000000,1.067622
215,0.244983,1.778227,-0.066277,1.066349,-0.084053,-0.518833,1.000000,0.860000,0.480000,0.100000,-1.000000,1.066349
216,0.255567,1.776682,-0.071465,1.065374,-0.081768,-0.848877,1.000000,0.840000,0.460000,0.100000,-1.000000,1.065374
217,0.266135,1.775106,-0.079954,1.064662,-0.076363,-1.159633,1.000000,0.920000,0.460000,0.100000,-1.000000,1.064662
218,0.276687,1.773494,-0.091550,1.064145,-0.068136,-1.446831,1.000000,0.920000,0.440000,0.100000,-1.000000,1.064145
219,0.287222,1.771843,-0.106018,1.063728,-0.057419,-1.706789,1.000000,0.900000,0.440000,0.100000,-1.000000,1.063728
220,0.297738,1.770146,-0.123086,1.063303,-0.044563,-1.936671,1.000000,0.980000,0.480000,0.100000,-1.000000,1.063303
221,0.308236,1.768399,-0.142453,1.062757,-0.029929,-2.134696,1.000000,0.980000,0.520000,0.100000,-1.000000,1.062757
222,0.318714,1.766594,-0.163800,1.061981,-0.013875,-2.300251,1.000000,0.960000,0.560000,0.100000,-1.000000,1.061981
223,0.329169,1.764725,-0.186803,1.060879,0.003255,-2.433845,0.660000,1.000000,0.560000,0.100000,0.200000,1.060879
224,0.339599,1.762787,-0.211141,1.066397,0.032941,-2.032289,0.640000,1.000000,0.540000,0.100000,0.200000,1.066397
225,0.350095,1.760874,-0.231464,1.071458,0.057375,-1.637747,0.600000,1.000000,0.620000,0.100000,0.200000,1.071458
226,0.360656,1.758974,-0.247841,1.076381,0.076738,-1.257518,0.520000,1.000000,0.600000,0.100000,0.200000,1.076381
227,0.371279,1.757078,-0.260417,1.081404,0.091312,-0.895992,0.500000,1.000000,0.600000,0.100000,0.200000,1.081404
228,0.381963,1.755176,-0.269376,1.086683,0.101443,-0.555319,0.500000,1.000000,0.580000,0.100000,0.200000,1.086683
229,0.392708,1.753262,-0.274930,1.092308,0.107504,-0.236156,0.500000,1.000000,0.580000,0.100000,0.200000,1.092308
230,0.403513,1.751331,-0.277291,1.098314,0.109881,0.061674,0.480000,1.000000,0.560000,0.100000,0.200000,1.098314
231,0.414377,1.749381,-0.276674,1.104692,0.108950,0.338689,0.560000,1.000000,0.560000,0.100000,0.200000,1.104692
232,0.425302,1.747412,-0.273288,1.111402,0.105073,0.595442,0.560000,0.980000,0.560000,0.100000,0.150000,1.111402
233,0.436287,1.745424,-0.267333,1.118737,0.097160,0.770995,0.560000,0.980000,0.540000,0.100000,0.150000,1.118737
234,0.447334,1.743405,-0.259623,1.126178,0.087730,0.931535,0.560000,0.960000,0.540000,0.100000,0.100000,1.126178
235,0.458443,1.741362,-0.250308,1.133892,0.075490,1.012314,0.560000,0.920000,0.520000,0.100000,0.100000,1.133892
236,0.469616,1.739285,-0.240185,1.141522,0.062994,1.083848,1.000000,0.900000,0.520000,0.100000,-1.000000,1.141522
237,0.480853,1.737181,-0.229346,1.140699,0.044418,0.892890,1.000000,0.880000,0.500000,0.100000,-1.000000,1.140699
238,0.492062,1.735021,-0.220417,1.139596,0.028398,0.684342,1.000000,0.880000,0.500000,0.100000,-1.000000,1.139596
239,0.503245,1.732806,-0.213574,1.138298,0.015043,0.462659,1.000000,0.860000,0.500000,0.100000,-1.000000,1.138298
240,0.514401,1.730540,-0.208947,1.136881,0.004405,0.232322,1.000000,0.860000,0.480000,0.100000,-1.000000,1.136881
241,0.525532,1.728225,-0.206624,1.135412,-0.003512,-0.002296,1.000000,0.840000,0.480000,0.100000,-1.000000,1.135412
242,0.536637,1.725862,-0.206647,1.133938,-0.008752,-0.237022,1.000000,0.840000,0.460000,0.100000,-1.000000,1.133938
243,0.547717,1.723449,-0.209017,1.132490,-0.011404,-0.467939,1.000000,0.820000,0.460000,0.100000,-1.000000,1.132490
244,0.558772,1.720988,-0.213697,1.131080,-0.011591,-0.691437,1.000000,0.820000,0.480000,0.100000,-1.000000,1.131080
245,0.569801,1.718476,-0.220611,1.129699,-0.009472,-0.904266,1.000000,0.820000,0.520000,0.100000,-1.000000,1.129699
246,0.580803,1.715911,-0.229654,1.128325,-0.005234,-1.103598,1.000000,0.800000,0.500000,0.100000,-1.000000,1.128325
247,0.591779,1.713292,-0.240690,1.126925,0.000916,-1.287080,1.000000,0.800000,0.500000,0.100000,-1.000000,1.126925
248,0.602725,1.710614,-0.253561,1.125455,0.008754,-1.452891,1.000000,0.800000,0.500000,0.100000,-1.000000,1.125455
249,0.613642,1.707876,-0.268089,1.123869,0.018050,-1.599771,1.000000,0.820000,0.480000,0.100000,-1.000000,1.123869
250,0.624527,1.705073,-0.284087,1.122119,0.028567,-1.727024,1.000000,0.820000,0.560000,0.100000,-1.000000,1.122119
251,0.635378,1.702202,-0.301357,1.120162,0.040074,-1.834487,1.000000,0.860000,0.540000,0.100000,-1.000000,1.120162
252,0.646194,1.699260,-0.319702,1.117960,0.052346,-1.922467,1.000000,0.860000,0.540000,0.100000,-1.000000,1.117960
253,0.656972,1.696243,-0.338927,1.115484,0.065170,-1.991662,1.000000,0.860000,0.520000,0.100000,-1.000000,1.115484
254,0.667709,1.693149,-0.358844,1.112712,0.078349,-2.043063,1.000000,0.840000,0.600000,0.100000,-1.000000,1.112712
255,0.678402,1.689975,-0.379274,1.109633,0.091697,-2.077864,1.000000,0.840000,0.580000,0.100000,-1.000000,1.109633
256,0.689049,1.686719,-0.400053,1.106246,0.105049,-2.097377,1.000000,0.880000,0.660000,0.100000,-1.000000,1.106246
257,0.699647,1.683378,-0.421027,1.102557,0.118256,-2.102964,0.500000,0.880000,0.660000,0.100000,0.100000,1.102557
258,0.710194,1.679951,-0.442056,1.106819,0.138039,-1.802742,0.380000,0.880000,0.640000,0.100000,0.050000,1.106819
259,0.720788,1.676464,-0.460084,1.111268,0.152112,-1.593789,0.380000,0.920000,0.640000,0.100000,0.100000,1.111268
260,0.731421,1.672892,-0.476021,1.115723,0.164835,-1.336911,0.360000,0.920000,0.620000,0.100000,0.100000,1.115723
261,0.742093,1.669245,-0.489391,1.120451,0.174167,-1.100426,0.360000,0.920000,0.620000,0.100000,0.100000,1.120451
262,0.752801,1.665515,-0.500395,1.125509,0.180479,-0.881546,0.340000,0.920000,0.660000,0.100000,0.150000,1.125509
263,0.763542,1.661698,-0.509210,1.130748,0.185628,-0.612166,0.340000,0.920000,0.640000,0.100000,0.100000,1.130748
264,0.774320,1.657807,-0.515332,1.136648,0.185997,-0.425882,0.380000,0.900000,0.640000,0.100000,0.100000,1.136648
265,0.785127,1.653824,-0.519591,1.142904,0.184272,-0.250548,0.320000,0.900000,0.640000,0.100000,0.100000,1.142904
266,0.795962,1.649748,-0.522096,1.149495,0.180657,-0.085044,0.420000,0.900000,0.620000,0.100000,0.050000,1.149495
267,0.806827,1.645582,-0.522947,1.156384,0.173885,0.009461,0.420000,0.880000,0.620000,0.100000,0.050000,1.156384
268,0.817714,1.641313,-0.522852,1.163435,0.166350,0.099069,0.520000,0.880000,0.600000,0.100000,0.000000,1.163435
269,0.828624,1.636944,-0.521861,1.170484,0.156810,0.126895,0.460000,0.860000,0.600000,0.100000,0.000000,1.170484
270,0.839553,1.632469,-0.520592,1.177566,0.147376,0.152134,1.000000,0.840000,0.580000,0.100000,-1.000000,1.177566
271,0.850502,1.627890,-0.519071,1.176265,0.136429,0.104106,1.000000,0.840000,0.580000,0.100000,-1.000000,1.176265
272,0.861392,1.623240,-0.518030,1.174885,0.126255,0.046250,1.000000,0.820000,0.560000,0.100000,-1.000000,1.174885
273,0.872224,1.618519,-0.517568,1.173423,0.116948,-0.020546,1.000000,0.820000,0.560000,0.100000,-1.000000,1.173423
274,0.883000,1.613730,-0.517773,1.171882,0.108591,-0.095207,1.000000,0.800000,0.560000,0.100000,-1.000000,1.171882
275,0.893720,1.608873,-0.518725,1.170264,0.101247,-0.176504,1.000000,0.800000,0.540000,0.100000,-1.000000,1.170264
276,0.904386,1.603950,-0.520490,1.168574,0.094964,-0.263094,1.000000,0.780000,0.540000,0.100000,-1.000000,1.168574
277,0.914996,1.598963,-0.523121,1.166815,0.089773,-0.353564,1.000000,0.780000,0.520000,0.100000,-1.000000,1.166815
278,0.925552,1.593911,-0.526657,1.164991,0.085686,-0.446473,1.000000,0.780000,0.520000,0.100000,-1.000000,1.164991
279,0.936054,1.588796,-0.531121,1.163104,0.082697,-0.540387,1.000000,0.760000,0.500000,0.100000,-1.000000,1.163104
280,0.946502,1.583618,-0.536525,1.161154,0.080786,-0.633923,1.000000,0.760000,0.500000,0.100000,-1.000000,1.161154
281,0.956895,1.578377,-0.542865,1.159141,0.079918,-0.725776,1.000000,0.760000,0.500000,0.100000,-1.000000,1.159141
282,0.967233,1.573074,-0.550122,1.157061,0.080044,-0.814744,1.000000,0.740000,0.480000,0.100000,-1.000000,1.157061
283,0.977515,1.567707,-0.558270,1.154911,0.081103,-0.899753,1.000000,0.740000,0.520000,0.100000,-1.000000,1.154911
284,0.987740,1.562277,-0.567267,1.152683,0.083027,-0.979870,1.000000,0.740000,0.520000,0.100000,-1.000000,1.152683
285,0.997907,1.556783,-0.577066,1.150373,0.085738,-1.054313,1.000000,0.720000,0.500000,0.100000,-1.000000,1.150373
286,1.008016,1.551226,-0.587609,1.147972,0.089152,-1.122456,1.000000,0.720000,0.500000,0.100000,-1.000000,1.147972
287,1.018064,1.545604,-0.598834,1.145474,0.093184,-1.183823,1.000000,0.720000,0.540000,0.100000,-1.000000,1.145474
288,1.028051,1.539917,-0.610672,1.142874,0.097744,-1.238090,1.000000,0.720000,0.520000,0.100000,-1.000000,1.142874
289,1.037975,1.534164,-0.623053,1.140167,0.102743,-1.285069,1.000000,0.720000,0.520000,0.100000,-1.000000,1.140167
290,1.047834,1.528345,-0.635903,1.137348,0.108091,-1.324699,1.000000,0.700000,0.520000,0.100000,-1.000000,1.137348
291,1.057626,1.522460,-0.649150,1.134418,0.113703,-1.357030,1.000000,0.700000,0.500000,0.100000,-1.000000,1.134418
292,1.067350,1.516508,-0.662721,1.131375,0.119493,-1.382209,1.000000,0.700000,0.500000,0.100000,-1.000000,1.131375
293,1.077004,1.510489,-0.676543,1.128223,0.125383,-1.400460,1.000000,0.700000,0.500000,0.100000,-1.000000,1.128223
294,1.086586,1.504403,-0.690547,1.124966,0.131298,-1.412074,1.000000,0.700000,0.480000,0.100000,-1.000000,1.124966
295,1.096095,1.498250,-0.704668,1.121609,0.137166,-1.417394,1.000000,0.700000,0.520000,0.100000,-1.000000,1.121609
296,1.105528,1.492029,-0.718842,1.118162,0.142923,-1.416797,1.000000,0.700000,0.520000,0.100000,-1.000000,1.118162
297,1.114884,1.485742,-0.733010,1.114633,0.148510,-1.410691,1.000000,0.700000,0.520000,0.100000,-1.000000,1.114633
298,1.124162,1.479387,-0.747117,1.111033,0.153872,-1.399499,1.000000,0.700000,0.500000,0.100000,-1.000000,1.111033
299,1.133358,1.472966,-0.761112,1.107374,0.158961,-1.383653,1.000000,0.700000,0.500000,0.100000,-1.000000,1.107374
300,1.142473,1.466479,-0.774949,1.103668,0.163736,-1.363592,1.000000,0.700000,0.500000,0.100000,-1.000000,1.103668
301,1.151504,1.459927,-0.788584,1.099929,0.168159,-1.339750,1.000000,0.680000,0.540000,0.100000,-1.000000,1.099929
302,1.160449,1.453310,-0.801982,1.096168,0.172198,-1.312558,1.000000,0.680000,0.540000,0.100000,-1.000000,1.096168
303,1.169309,1.446629,-0.815108,1.092400,0.175827,-1.282441,1.000000,0.680000,0.540000,0.100000,-1.000000,1.092400
304,1.178080,1.439884,-0.827932,1.088637,0.179025,-1.249814,1.000000,0.680000,0.520000,0.100000,-1.000000,1.088637
305,1.186762,1.433077,-0.840430,1.084891,0.181775,-1.215082,1.000000,0.680000,0.520000,0.100000,-1.000000,1.084891
306,1.195354,1.426208,-0.852581,1.081174,0.184065,-1.178642,1.000000,0.680000,0.520000,0.100000,-1.000000,1.081174
307,1.203854,1.419278,-0.864367,1.077496,0.185889,-1.140879,1.000000,0.680000,0.520000,0.100000,-1.000000,1.077496
308,1.212263,1.412288,-0.875776,1.073866,0.187241,-1.102169,1.000000,0.680000,0.500000,0.100000,-1.000000,1.073866
309,1.220578,1.405240,-0.886798,1.070294,0.188124,-1.062877,1.000000,0.680000,0.500000,0.100000,-1.000000,1.070294
310,1.228799,1.398133,-0.897427,1.066786,0.188542,-1.023360,1.000000,0.680000,0.500000,0.100000,-1.000000,1.066786
311,1.236926,1.390969,-0.907660,1.063348,0.188503,-0.983967,1.000000,0.680000,0.500000,0.100000,-1.000000,1.063348
312,1.244957,1.383750,-0.917500,1.059985,0.188019,-0.945034,1.000000,0.680000,0.480000,0.100000,-1.000000,1.059985
313,1.252893,1.376476,-0.926950,1.056701,0.187105,-0.906892,1.000000,0.680000,0.480000,0.100000,-1.000000,1.056701
314,1.260732,1.369147,-0.936019,1.053497,0.185779,-0.869859,1.000000,0.680000,0.480000,0.100000,-1.000000,1.053497
315,1.268475,1.361766,-0.944718,1.050375,0.184064,-0.834246,1.000000,0.660000,0.480000,0.100000,-1.000000,1.050375
316,1.276122,1.354333,-0.953060,1.047333,0.181983,-0.800348,1.000000,0.660000,0.480000,0.100000,-1.000000,1.047333
317,1.283671,1.346850,-0.961064,1.044372,0.179562,-0.768452,1.000000,0.660000,0.460000,0.100000,-1.000000,1.044372
318,1.291124,1.339316,-0.968748,1.041487,0.176832,-0.738826,1.000000,0.660000,0.460000,0.100000,-1.000000,1.041487
319,1.298480,1.331734,-0.976136,1.038677,0.173823,-0.711723,1.000000,0.660000,0.460000,0.100000,-1.000000,1.038677
320,1.305739,1.324104,-0.983254,1.035937,0.170569,-0.687374,1.000000,0.660000,0.460000,0.100000,-1.000000,1.035937
321,1.312901,1.316427,-0.990127,1.033263,0.167104,-0.665988,1.000000,0.640000,0.440000,0.100000,-1.000000,1.033263
322,1.319966,1.308705,-0.996787,1.030649,0.163466,-0.647749,1.000000,0.640000,0.440000,0.100000,-1.000000,1.030649
323,1.326935,1.300938,-1.003265,1.028090,0.159690,-0.632809,1.000000,0.640000,0.440000,0.100000,-1.000000,1.028090
324,1.333808,1.293127,-1.009593,1.025580,0.155815,-0.621289,1.000000,0.640000,0.440000,0.100000,-1.000000,1.025580
325,1.340586,1.285274,-1.015806,1.023115,0.151879,-0.613273,1.000000,0.640000,0.420000,0.100000,-1.000000,1.023115
326,1.347268,1.277378,-1.021938,1.020686,0.147920,-0.608808,1.000000,0.620000,0.420000,0.050000,-1.000000,1.020686
327,1.353855,1.269442,-1.028027,1.014790,0.143974,-0.607898,1.000000,0.620000,0.420000,0.050000,-1.000000,1.014790
328,1.360329,1.261497,-1.034106,1.008922,0.140045,-0.609945,1.000000,0.700000,0.420000,0.050000,-1.000000,1.008922
329,1.366691,1.253542,-1.040205,1.003075,0.136161,-0.614920,1.000000,0.700000,0.400000,0.050000,-1.000000,1.003075
330,1.372941,1.245579,-1.046354,0.997248,0.132352,-0.622759,1.000000,0.700000,0.400000,0.050000,-1.000000,0.997248
331,1.379081,1.237610,-1.052582,0.991435,0.128643,-0.633363,1.000000,0.680000,0.400000,0.050000,-1.000000,0.991435
332,1.385109,1.229634,-1.058915,0.985634,0.125058,-0.646599,1.000000,0.680000,0.400000,0.050000,-1.000000,0.985634
333,1.391027,1.221654,-1.065381,0.979841,0.121618,-0.662302,1.000000,0.680000,0.400000,0.050000,-1.000000,0.979841
334,1.396835,1.213669,-1.072004,0.974052,0.118342,-0.680280,1.000000,0.680000,0.380000,0.050000,-1.000000,0.974052
335,1.402534,1.205682,-1.078807,0.968266,0.115247,-0.700313,1.000000,0.680000,0.380000,0.050000,-1.000000,0.968266
336,1.408124,1.197692,-1.085810,0.962480,0.112344,-0.722161,1.000000,0.680000,0.380000,0.050000,-1.000000,0.962480
337,1.413605,1.189701,-1.093032,0.956691,0.109644,-0.745565,1.000000,0.680000,0.380000,0.100000,-1.000000,0.956691
338,1.418977,1.181709,-1.100488,0.954398,0.107154,-0.770257,1.000000,0.680000,0.380000,0.100000,-1.000000,0.954398
339,1.424257,1.173687,-1.108190,0.952098,0.104916,-0.796536,1.000000,0.680000,0.360000,0.100000,-1.000000,0.952098
340,1.429445,1.165635,-1.116156,0.949789,0.102936,-0.824056,1.000000,0.680000,0.360000,0.100000,-1.000000,0.949789
341,1.434541,1.157554,-1.124396,0.947469,0.101219,-0.852466,1.000000,0.680000,0.360000,0.100000,-1.000000,0.947469
342,1.439544,1.149445,-1.132921,0.945135,0.099765,-0.881417,1.000000,0.700000,0.360000,0.050000,-1.000000,0.945135
343,1.444455,1.141308,-1.141735,0.939286,0.098568,-0.910571,1.000000,0.700000,0.360000,0.050000,-1.000000,0.939286
344,1.449259,1.133177,-1.150841,0.933420,0.097581,-0.939020,1.000000,0.700000,0.360000,0.050000,-1.000000,0.933420
345,1.453956,1.125051,-1.160231,0.927536,0.096786,-0.966527,1.000000,0.700000,0.360000,0.050000,-1.000000,0.927536
346,1.458546,1.116933,-1.169896,0.921635,0.096168,-0.992885,1.000000,0.700000,0.360000,0.050000,-1.000000,0.921635
347,1.463028,1.108823,-1.179825,0.915715,0.095709,-1.017911,1.000000,0.720000,0.360000,0.050000,-1.000000,0.915715
348,1.467402,1.100721,-1.190004,0.909778,0.095391,-1.041453,1.000000,0.720000,0.340000,0.050000,-1.000000,0.909778
349,1.471669,1.092630,-1.200419,0.903822,0.095193,-1.063389,1.000000,0.740000,0.340000,0.050000,-1.000000,0.903822
350,1.475828,1.084549,-1.211052,0.897849,0.095097,-1.083623,1.000000,0.740000,0.340000,0.050000,-1.000000,0.897849
351,1.479879,1.076480,-1.221889,0.891858,0.095083,-1.102090,1.000000,0.880000,0.340000,0.050000,-1.000000,0.891858
352,1.483821,1.068424,-1.232910,0.885851,0.095131,-1.118748,1.000000,0.900000,0.340000,0.050000,-1.000000,0.885851
353,1.487655,1.060382,-1.244097,0.879828,0.095223,-1.133584,1.000000,1.000000,0.340000,0.050000,-1.000000,0.879828
354,1.491381,1.052354,-1.255433,0.873791,0.095341,-1.146607,1.000000,1.000000,0.340000,0.050000,-1.000000,0.873791
355,1.494997,1.044343,-1.266899,0.867741,0.095468,-1.157847,1.000000,1.000000,0.340000,0.050000,-1.000000,0.867741
356,1.498505,1.036349,-1.278477,0.861680,0.095587,-1.167355,1.000000,1.000000,0.340000,0.050000,-1.000000,0.861680
357,1.501903,1.028373,-1.290151,0.855609,0.095684,-1.175199,1.000000,1.000000,0.340000,0.050000,-1.000000,0.855609
358,1.505193,1.020417,-1.301903,0.849531,0.095745,-1.181461,1.000000,1.000000,0.340000,0.050000,-1.000000,0.849531
359,1.508373,1.012481,-1.313718,0.843446,0.095756,-1.186239,0.960000,1.000000,0.340000,0.100000,-1.000000,0.843446
360,1.511443,1.004567,-1.325580,0.840857,0.095707,-1.189639,0.880000,1.000000,0.360000,0.100000,-1.000000,0.840857
361,1.514413,0.996643,-1.337476,0.838266,0.095645,-1.192460,0.860000,1.000000,0.360000,0.100000,-1.000000,0.838266
362,1.517282,0.988708,-1.349401,0.835674,0.095564,-1.194739,0.840000,1.000000,0.360000,0.100000,-1.000000,0.835674
363,1.520049,0.980765,-1.361348,0.833080,0.095461,-1.196519,0.840000,1.000000,0.440000,0.100000,-1.000000,0.833080
364,1.522715,0.972815,-1.373314,0.830487,0.095332,-1.197843,0.840000,1.000000,0.440000,0.100000,-1.000000,0.830487
365,1.525279,0.964859,-1.385292,0.827894,0.095175,-1.198760,0.840000,1.000000,0.440000,0.100000,-1.000000,0.827894
366,1.527741,0.956897,-1.397280,0.825303,0.094987,-1.199319,0.820000,1.000000,0.440000,0.100000,-1.000000,0.825303
367,1.530102,0.948932,-1.409273,0.822713,0.094767,-1.199569,0.780000,1.000000,0.460000,0.100000,-1.000000,0.822713
368,1.532360,0.940965,-1.421268,0.820127,0.094512,-1.199563,0.740000,1.000000,0.460000,0.100000,-1.000000,0.820127
369,1.534517,0.932996,-1.433264,0.817543,0.094222,-1.199352,0.720000,1.000000,0.460000,0.100000,0.100000,0.817543
370,1.536571,0.925027,-1.445258,0.823272,0.100128,-0.932422,0.680000,1.000000,0.480000,0.100000,0.200000,0.823272
371,1.538595,0.916984,-1.454582,0.828624,0.106398,-0.567824,0.660000,1.000000,0.480000,0.100000,0.200000,0.828624
372,1.540613,0.908877,-1.460260,0.834412,0.109337,-0.234287,0.660000,1.000000,0.480000,0.100000,0.200000,0.834412
373,1.542620,0.900705,-1.462603,0.840628,0.109372,0.070432,0.660000,1.000000,0.480000,0.100000,0.200000,0.840628
374,1.544615,0.892465,-1.461899,0.847231,0.106900,0.348372,0.660000,1.000000,0.480000,0.100000,0.200000,0.847231
375,1.546598,0.884160,-1.458415,0.854161,0.102287,0.601159,0.680000,1.000000,0.460000,0.100000,0.200000,0.854161
376,1.548573,0.875787,-1.452403,0.861345,0.095873,0.830004,0.700000,1.000000,0.460000,0.100000,0.200000,0.861345
377,1.550542,0.867347,-1.444103,0.868703,0.087966,1.035826,0.740000,1.000000,0.440000,0.100000,-1.000000,0.868703
378,1.552512,0.858840,-1.433745,0.868141,0.071506,0.905339,0.760000,1.000000,0.440000,0.100000,-1.000000,0.868141
379,1.554407,0.850338,-1.424692,0.867321,0.056635,0.753189,0.740000,1.000000,0.420000,0.100000,-1.000000,0.867321
380,1.556230,0.841840,-1.417160,0.866286,0.043468,0.583064,0.740000,1.000000,0.420000,0.100000,-1.000000,0.866286
381,1.557985,0.833345,-1.411329,0.865085,0.032077,0.398973,0.720000,1.000000,0.400000,0.100000,0.100000,0.865085
382,1.559675,0.824855,-1.407339,0.871997,0.029396,0.500146,0.720000,1.000000,0.400000,0.100000,0.100000,0.871997
383,1.561384,0.816299,-1.402338,0.878926,0.026050,0.589752,0.720000,1.000000,0.400000,0.100000,0.100000,0.878926
384,1.563115,0.807678,-1.396440,0.885858,0.022167,0.668843,0.760000,1.000000,0.380000,0.100000,-1.000000,0.885858
385,1.564870,0.798992,-1.389752,0.884555,0.010855,0.438793,0.800000,1.000000,0.380000,0.100000,-1.000000,0.884555
386,1.566569,0.790311,-1.385364,0.883160,0.001736,0.201939,0.820000,1.000000,0.380000,0.100000,-1.000000,0.883160
387,1.568215,0.781634,-1.383345,0.881728,-0.005230,-0.037181,0.840000,1.000000,0.380000,0.100000,-1.000000,0.881728
388,1.569807,0.772961,-1.383716,0.880302,-0.010116,-0.274380,0.840000,1.000000,0.380000,0.100000,-1.000000,0.880302
389,1.571344,0.764293,-1.386460,0.878908,-0.013024,-0.505849,0.840000,1.000000,0.360000,0.100000,-1.000000,0.878908
390,1.572827,0.755629,-1.391519,0.877558,-0.014083,-0.728203,0.820000,1.000000,0.380000,0.100000,-1.000000,0.877558
391,1.574254,0.746969,-1.398801,0.876249,-0.013439,-0.938514,0.800000,1.000000,0.380000,0.100000,-1.000000,0.876249
392,1.575621,0.738313,-1.408186,0.874968,-0.011254,-1.134358,0.760000,1.000000,0.380000,0.100000,-1.000000,0.874968
393,1.576926,0.729660,-1.419530,0.873690,-0.007702,-1.313846,0.740000,1.000000,0.380000,0.100000,-1.000000,0.873690
394,1.578167,0.721012,-1.432668,0.872388,-0.002958,-1.475642,0.700000,1.000000,0.380000,0.100000,0.200000,0.872388
395,1.579339,0.712367,-1.447424,0.878095,0.014427,-1.121681,0.660000,1.000000,0.400000,0.100000,0.200000,0.878095
396,1.580563,0.703670,-1.458641,0.883709,0.028034,-0.781973,0.640000,1.000000,0.400000,0.100000,0.200000,0.883709
397,1.581830,0.694920,-1.466461,0.889371,0.038102,-0.461086,0.620000,1.000000,0.400000,0.100000,0.200000,0.889371
398,1.583135,0.686114,-1.471072,0.895170,0.044925,-0.161653,0.620000,1.000000,0.400000,0.100000,0.200000,0.895170
399,1.584474,0.677252,-1.472688,0.901151,0.048824,0.115109,0.620000,1.000000,0.400000,0.100000,0.200000,0.901151
400,1.585842,0.668332,-1.471537,0.907322,0.050128,0.368932,0.620000,1.000000,0.400000,0.100000,0.200000,0.907322
401,1.587240,0.659353,-1.467848,0.913668,0.049162,0.600136,0.620000,1.000000,0.400000,0.100000,0.200000,0.913668
402,1.588668,0.650315,-1.461847,0.920152,0.046237,0.809388,0.640000,1.000000,0.400000,0.100000,0.200000,0.920152
403,1.590128,0.641218,-1.453753,0.926729,0.041641,0.997582,0.680000,1.000000,0.380000,0.100000,0.200000,0.926729
404,1.591624,0.632063,-1.443777,0.933348,0.035640,1.165767,0.700000,1.000000,0.380000,0.100000,0.200000,0.933348
405,1.593160,0.622850,-1.432119,0.939957,0.028473,1.315129,0.720000,1.000000,0.360000,0.100000,0.100000,0.939957
406,1.594741,0.613580,-1.418968,0.947166,0.017554,1.327211,0.720000,1.000000,0.360000,0.100000,0.100000,0.947166
407,1.596347,0.604244,-1.405696,0.954196,0.007182,1.334950,0.700000,1.000000,0.340000,0.100000,0.200000,0.954196
408,1.597986,0.594843,-1.392346,0.960351,0.000010,1.453324,0.700000,1.000000,0.340000,0.100000,0.200000,0.960351
409,1.599691,0.585392,-1.377813,0.966390,-0.007911,1.557898,0.780000,1.000000,0.320000,0.100000,-1.000000,0.966390
410,1.601467,0.575893,-1.362234,0.964806,-0.026301,1.228139,0.800000,1.000000,0.320000,0.100000,-1.000000,0.964806
411,1.603207,0.566399,-1.349953,0.963035,-0.041230,0.886691,0.780000,1.000000,0.300000,0.100000,-1.000000,0.963035
412,1.604914,0.556912,-1.341086,0.961232,-0.052722,0.539677,0.780000,1.000000,0.300000,0.100000,-1.000000,0.961232
413,1.606590,0.547433,-1.335689,0.959523,-0.060849,0.192707,0.780000,1.000000,0.300000,0.100000,-1.000000,0.959523
414,1.608233,0.537960,-1.333762,0.957991,-0.065733,-0.148991,0.780000,1.000000,0.280000,0.100000,-1.000000,0.957991
415,1.609844,0.528493,-1.335252,0.956684,-0.067539,-0.480485,0.780000,1.000000,0.280000,0.100000,-1.000000,0.956684
416,1.611420,0.519033,-1.340057,0.955612,-0.066472,-0.797121,0.760000,1.000000,0.280000,0.100000,-1.000000,0.955612
417,1.612958,0.509578,-1.348028,0.954750,-0.062771,-1.094585,0.740000,1.000000,0.280000,0.100000,-1.000000,0.954750
418,1.614455,0.500128,-1.358974,0.954050,-0.056706,-1.369038,0.740000,1.000000,0.280000,0.100000,-1.000000,0.954050
419,1.615907,0.490681,-1.372664,0.953441,-0.048566,-1.617309,0.740000,1.000000,0.360000,0.100000,-1.000000,0.953441
420,1.617307,0.481238,-1.388837,0.952840,-0.038653,-1.837084,0.720000,1.000000,0.380000,0.100000,0.100000,0.952840
421,1.618651,0.471797,-1.407208,0.959939,-0.016619,-1.571433,0.720000,1.000000,0.380000,0.100000,0.100000,0.959939
422,1.620051,0.462298,-1.422922,0.966658,0.001845,-1.313082,0.700000,1.000000,0.400000,0.100000,0.200000,0.966658
423,1.621493,0.452740,-1.436053,0.972334,0.018982,-0.978950,0.660000,1.000000,0.400000,0.100000,0.200000,0.972334
424,1.622987,0.443130,-1.445843,0.977951,0.032236,-0.657276,0.640000,1.000000,0.500000,0.100000,0.200000,0.977951
425,1.624526,0.433467,-1.452415,0.983637,0.041851,-0.351989,0.620000,1.000000,0.500000,0.100000,0.200000,0.983637
426,1.626103,0.423749,-1.455935,0.989469,0.048117,-0.065435,0.620000,1.000000,0.500000,0.100000,0.200000,0.989469
427,1.627715,0.413975,-1.456590,0.995484,0.051346,0.201190,0.620000,1.000000,0.500000,0.100000,0.200000,0.995484
428,1.629360,0.404143,-1.454578,1.001686,0.051860,0.447450,0.640000,1.000000,0.580000,0.100000,0.200000,1.001686
429,1.631037,0.394254,-1.450103,1.008051,0.049976,0.673384,0.640000,1.000000,0.480000,0.100000,0.200000,1.008051
430,1.632746,0.384307,-1.443369,1.014541,0.045999,0.879334,0.660000,1.000000,0.480000,0.100000,0.200000,1.014541
431,1.634492,0.374303,-1.434576,1.021105,0.040216,1.065845,0.640000,1.000000,0.460000,0.100000,0.200000,1.021105
432,1.636277,0.364241,-1.423918,1.027689,0.032894,1.233631,0.640000,1.000000,0.460000,0.100000,0.200000,1.027689
433,1.638107,0.354123,-1.411581,1.034234,0.024278,1.383558,0.620000,1.000000,0.440000,0.100000,0.200000,1.034234
434,1.639986,0.343950,-1.397746,1.040685,0.014589,1.516639,0.640000,1.000000,0.420000,0.100000,0.200000,1.040685
435,1.641922,0.333723,-1.382579,1.046990,0.004024,1.634017,0.720000,1.000000,0.420000,0.100000,0.100000,1.046990
436,1.643920,0.323446,-1.366239,1.053806,-0.009921,1.622465,0.720000,1.000000,0.400000,0.100000,0.100000,1.053806
437,1.645964,0.313107,-1.350015,1.060353,-0.023041,1.608838,0.700000,1.000000,0.380000,0.100000,0.200000,1.060353
438,1.648061,0.302711,-1.333926,1.065904,-0.032883,1.700680,0.720000,1.000000,0.380000,0.100000,0.100000,1.065904
439,1.650242,0.292272,-1.316919,1.071993,-0.045744,1.676827,0.860000,1.000000,0.360000,0.100000,-1.000000,1.071993
440,1.652492,0.281781,-1.300151,1.069761,-0.066053,1.299225,1.000000,1.000000,0.360000,0.100000,-1.000000,1.069761
441,1.654716,0.271296,-1.287159,1.067453,-0.082066,0.911700,1.000000,1.000000,0.340000,0.100000,-1.000000,1.067453
442,1.656915,0.260818,-1.278042,1.065269,-0.093813,0.520212,1.000000,1.000000,0.260000,0.100000,-1.000000,1.065269
443,1.659091,0.250348,-1.272840,1.063358,-0.101387,0.130256,1.000000,1.000000,0.320000,0.100000,-1.000000,1.063358
444,1.661244,0.239886,-1.271537,1.061815,-0.104929,-0.252924,1.000000,1.000000,0.320000,0.100000,-1.000000,1.061815
445,1.663371,0.229430,-1.274066,1.060679,-0.104633,-0.624189,1.000000,1.000000,0.320000,0.100000,-1.000000,1.060679
446,1.665472,0.218981,-1.280308,1.059939,-0.100743,-0.978444,1.000000,0.980000,0.320000,0.100000,-1.000000,1.059939
447,1.667543,0.208537,-1.290093,1.059536,-0.093550,-1.310692,1.000000,0.980000,0.320000,0.100000,-1.000000,1.059536
448,1.669579,0.198097,-1.303200,1.059375,-0.083386,-1.616229,1.000000,1.000000,0.320000,0.100000,-1.000000,1.059375
449,1.671576,0.187660,-1.319362,1.059335,-0.070623,-1.890942,1.000000,1.000000,0.400000,0.100000,-1.000000,1.059335
450,1.673528,0.177224,-1.338271,1.059280,-0.055652,-2.131679,0.860000,1.000000,0.420000,0.100000,-1.000000,1.059280
451,1.675427,0.166788,-1.359588,1.059069,-0.038876,-2.336557,0.740000,1.000000,0.420000,0.100000,-1.000000,1.059069
452,1.677267,0.156351,-1.382954,1.058574,-0.020690,-2.505122,0.640000,1.000000,0.520000,0.100000,0.200000,1.058574
453,1.679041,0.145913,-1.408005,1.064615,0.010687,-2.118407,0.580000,1.000000,0.540000,0.100000,0.200000,1.064615
454,1.680872,0.135425,-1.429189,1.070036,0.036943,-1.732300,0.580000,1.000000,0.640000,0.100000,0.200000,1.070036
455,1.682747,0.124884,-1.446512,1.075171,0.058184,-1.355578,0.560000,1.000000,0.660000,0.100000,0.200000,1.075171
456,1.684658,0.114287,-1.460068,1.080281,0.074628,-0.994123,0.560000,1.000000,0.660000,0.100000,0.200000,1.080281
457,1.686593,0.103633,-1.470009,1.085549,0.086575,-0.651372,0.540000,1.000000,0.680000,0.100000,0.200000,1.085549
458,1.688547,0.092920,-1.476523,1.091092,0.094372,-0.328960,0.540000,1.000000,0.680000,0.100000,0.200000,1.091092
459,1.690513,0.082146,-1.479812,1.096965,0.098388,-0.027378,0.540000,1.000000,0.680000,0.100000,0.200000,1.096965
460,1.692490,0.071311,-1.480086,1.103180,0.098992,0.253489,0.520000,1.000000,0.680000,0.100000,0.200000,1.103180
461,1.694475,0.060414,-1.477551,1.109711,0.096548,0.513991,0.520000,1.000000,0.680000,0.100000,0.200000,1.109711
462,1.696470,0.049455,-1.472411,1.116509,0.091403,0.754506,0.500000,1.000000,0.660000,0.100000,0.200000,1.116509
463,1.698476,0.038434,-1.464866,1.123504,0.083890,0.975352,0.500000,1.000000,0.640000,0.100000,0.200000,1.123504
464,1.700498,0.027351,-1.455113,1.130618,0.074323,1.176801,0.540000,1.000000,0.640000,0.100000,0.200000,1.130618
465,1.702541,0.016206,-1.443345,1.137766,0.063000,1.359147,0.560000,1.000000,0.620000,0.100000,0.200000,1.137766
466,1.704612,0.005001,-1.429753,1.144861,0.050197,1.522792,0.600000,1.000000,0.600000,0.100000,0.200000,1.144861
467,1.706719,-0.006264,-1.414525,1.151824,0.036169,1.668322,0.660000,1.000000,0.580000,0.100000,0.200000,1.151824
468,1.708869,-0.017585,-1.397842,1.158577,0.021149,1.796554,0.740000,1.000000,0.560000,0.100000,-1.000000,1.158577
469,1.711071,-0.028962,-1.379877,1.157453,-0.003933,1.511743,1.000000,1.000000,0.540000,0.100000,-1.000000,1.157453
470,1.713229,-0.040334,-1.364759,1.155901,-0.025243,1.205331,1.000000,0.940000,0.520000,0.100000,-1.000000,1.155901
471,1.715346,-0.051700,-1.352706,1.154114,-0.042666,0.883847,1.000000,0.900000,0.500000,0.100000,-1.000000,1.154114
472,1.717427,-0.063060,-1.343867,1.152264,-0.056160,0.553384,1.000000,0.900000,0.500000,0.100000,-1.000000,1.152264
473,1.719472,-0.074413,-1.338334,1.150492,-0.065749,0.219605,1.000000,0.900000,0.500000,0.100000,-1.000000,1.150492
474,1.721483,-0.085760,-1.336137,1.148895,-0.071518,-0.112184,1.000000,0.880000,0.480000,0.100000,-1.000000,1.148895
475,1.723458,-0.097101,-1.337259,1.147532,-0.073607,-0.436956,1.000000,0.880000,0.480000,0.100000,-1.000000,1.147532
476,1.725398,-0.108435,-1.341629,1.146416,-0.072205,-0.749929,1.000000,0.860000,0.480000,0.100000,-1.000000,1.146416
477,1.727299,-0.119763,-1.349128,1.145524,-0.067550,-1.046585,1.000000,0.860000,0.480000,0.100000,-1.000000,1.145524
478,1.729159,-0.131087,-1.359594,1.144800,-0.059922,-1.322774,1.000000,0.860000,0.500000,0.100000,-1.000000,1.144800
479,1.730973,-0.142406,-1.372822,1.144163,-0.049634,-1.574865,1.000000,0.900000,0.500000,0.100000,-1.000000,1.144163
480,1.732736,-0.153722,-1.388570,1.143513,-0.037027,-1.799947,1.000000,0.940000,0.520000,0.100000,-1.000000,1.143513
481,1.734444,-0.165035,-1.406570,1.142744,-0.022457,-1.996013,1.000000,0.940000,0.520000,0.100000,-1.000000,1.142744
482,1.736091,-0.176345,-1.426530,1.141753,-0.006283,-2.162067,1.000000,0.920000,0.540000,0.100000,-1.000000,1.141753
483,1.737670,-0.187653,-1.448151,1.140443,0.011145,-2.298131,1.000000,0.980000,0.560000,0.100000,-1.000000,1.140443
484,1.739176,-0.198958,-1.471132,1.138735,0.029490,-2.405138,0.620000,0.980000,0.580000,0.100000,0.150000,1.138735
485,1.740603,-0.210260,-1.495183,1.144151,0.058858,-2.039308,0.580000,1.000000,0.620000,0.100000,0.200000,1.144151
486,1.742054,-0.221624,-1.515576,1.148761,0.084031,-1.642495,0.540000,1.000000,0.640000,0.100000,0.200000,1.148761
487,1.743527,-0.233048,-1.532001,1.153328,0.103793,-1.262030,0.520000,1.000000,0.620000,0.100000,0.200000,1.153328
488,1.745011,-0.244532,-1.544622,1.158091,0.118473,-0.901155,0.500000,1.000000,0.620000,0.100000,0.200000,1.158091
489,1.746499,-0.256078,-1.553633,1.163205,0.128448,-0.561067,0.500000,1.000000,0.600000,0.100000,0.200000,1.163205
490,1.747983,-0.267686,-1.559244,1.168753,0.134115,-0.241719,0.480000,1.000000,0.600000,0.100000,0.200000,1.168753
491,1.749459,-0.279358,-1.561661,1.174765,0.135868,0.057537,0.480000,1.000000,0.580000,0.100000,0.200000,1.174765
492,1.750925,-0.291092,-1.561086,1.181224,0.134086,0.337490,0.500000,1.000000,0.580000,0.100000,0.200000,1.181224
493,1.752380,-0.302891,-1.557711,1.188083,0.129129,0.598797,0.500000,1.000000,0.560000,0.100000,0.200000,1.188083
494,1.753827,-0.314754,-1.551723,1.195270,0.121340,0.841861,0.520000,1.000000,0.560000,0.100000,0.200000,1.195270
495,1.755268,-0.326681,-1.543304,1.202695,0.111046,1.066814,0.520000,0.980000,0.540000,0.100000,0.150000,1.202695
496,1.756709,-0.338673,-1.532636,1.210607,0.097109,1.211454,1.000000,0.940000,0.540000,0.100000,-1.000000,1.210607
497,1.758141,-0.350733,-1.520522,1.210256,0.075457,1.058120,1.000000,0.940000,0.540000,0.100000,-1.000000,1.210256
498,1.759503,-0.362783,-1.509940,1.209533,0.056122,0.882912,1.000000,0.920000,0.520000,0.100000,-1.000000,1.209533
499,1.760799,-0.374822,-1.501111,1.208513,0.039295,0.689543,1.000000,0.920000,0.520000,0.100000,-1.000000,1.208513
500,1.762032,-0.386850,-1.494216,1.207275,0.025110,0.482070,1.000000,0.900000,0.500000,0.100000,-1.000000,1.207275
501,1.763206,-0.398868,-1.489395,1.205893,0.013649,0.264681,1.000000,0.860000,0.500000,0.100000,-1.000000,1.205893
502,1.764323,-0.410876,-1.486748,1.204433,0.004942,0.041546,1.000000,0.820000,0.480000,0.100000,-1.000000,1.204433
503,1.765383,-0.422874,-1.486333,1.202944,-0.001032,-0.183296,1.000000,0.820000,0.480000,0.100000,-1.000000,1.202944
504,1.766388,-0.434861,-1.488166,1.201460,-0.004340,-0.406004,1.000000,0.820000,0.460000,0.100000,-1.000000,1.201460
505,1.767336,-0.446838,-1.492226,1.199995,-0.005087,-0.622998,1.000000,0.860000,0.460000,0.100000,-1.000000,1.199995
506,1.768227,-0.458805,-1.498456,1.198548,-0.003417,-0.831014,1.000000,0.840000,0.460000,0.100000,-1.000000,1.198548
507,1.769059,-0.470762,-1.506766,1.197099,0.000495,-1.027159,1.000000,0.840000,0.480000,0.100000,-1.000000,1.197099
508,1.769830,-0.482708,-1.517038,1.195618,0.006449,-1.208973,1.000000,0.820000,0.480000,0.100000,-1.000000,1.195618
509,1.770537,-0.494643,-1.529127,1.194064,0.014227,-1.374480,1.000000,0.820000,0.500000,0.100000,-1.000000,1.194064
510,1.771177,-0.506568,-1.542872,1.192392,0.023596,-1.522229,1.000000,0.840000,0.500000,0.100000,-1.000000,1.192392
511,1.771745,-0.518480,-1.558094,1.190554,0.034317,-1.651304,1.000000,0.840000,0.520000,0.100000,-1.000000,1.190554
512,1.772240,-0.530381,-1.574607,1.188507,0.046152,-1.761310,1.000000,0.820000,0.540000,0.100000,-1.000000,1.188507
513,1.772656,-0.542267,-1.592221,1.186210,0.058867,-1.852332,1.000000,0.820000,0.520000,0.100000,-1.000000,1.186210
514,1.772990,-0.554139,-1.610744,1.183633,0.072236,-1.924860,1.000000,0.840000,0.520000,0.100000,-1.000000,1.183633
515,1.773239,-0.565995,-1.629992,1.180752,0.086048,-1.979708,1.000000,0.840000,0.500000,0.100000,-1.000000,1.180752
516,1.773400,-0.577833,-1.649790,1.177554,0.100105,-2.017927,1.000000,0.920000,0.540000,0.100000,-1.000000,1.177554
517,1.773469,-0.589651,-1.669969,1.174036,0.114227,-2.040721,1.000000,0.900000,0.580000,0.100000,-1.000000,1.174036
518,1.773443,-0.601446,-1.690376,1.170204,0.128250,-2.049373,1.000000,0.900000,0.580000,0.100000,-1.000000,1.170204
519,1.773320,-0.613218,-1.710870,1.166071,0.142028,-2.045188,1.000000,0.880000,0.580000,0.100000,-1.000000,1.166071
520,1.773099,-0.624963,-1.731322,1.161659,0.155430,-2.029450,1.000000,0.920000,0.560000,0.100000,-1.000000,1.161659
521,1.772776,-0.636678,-1.751616,1.156995,0.168342,-2.003392,0.520000,0.920000,0.620000,0.100000,0.100000,1.156995
522,1.772351,-0.648362,-1.771650,1.160492,0.186213,-1.730928,0.420000,0.960000,0.620000,0.100000,0.100000,1.160492
523,1.771861,-0.660106,-1.788959,1.164206,0.200210,-1.481551,0.480000,0.940000,0.600000,0.100000,0.100000,1.164206
524,1.771296,-0.671905,-1.803775,1.168229,0.210764,-1.251969,0.400000,0.940000,0.600000,0.100000,0.100000,1.168229
525,1.770649,-0.683758,-1.816295,1.172622,0.218243,-1.039151,0.400000,0.940000,0.620000,0.100000,0.100000,1.172622
526,1.769916,-0.695663,-1.826686,1.177418,0.222966,-0.840472,0.380000,0.920000,0.660000,0.100000,0.150000,1.177418
527,1.769093,-0.707618,-1.835091,1.182504,0.226711,-0.589049,0.380000,0.920000,0.640000,0.100000,0.100000,1.182504
528,1.768193,-0.719625,-1.840981,1.188278,0.225845,-0.416375,0.440000,0.900000,0.640000,0.100000,0.100000,1.188278
529,1.767197,-0.731680,-1.845145,1.194454,0.222993,-0.251997,0.440000,0.900000,0.620000,0.100000,0.050000,1.194454
530,1.766108,-0.743782,-1.847665,1.200958,0.216937,-0.154122,0.440000,0.880000,0.620000,0.100000,0.000000,1.200958
531,1.764912,-0.755927,-1.849206,1.207500,0.208748,-0.112201,0.500000,0.880000,0.600000,0.100000,0.000000,1.207500
532,1.763601,-0.768111,-1.850328,1.214142,0.200379,-0.072064,0.500000,0.860000,0.600000,0.100000,0.000000,1.214142
533,1.762177,-0.780334,-1.851049,1.220871,0.191862,-0.033871,0.500000,0.860000,0.580000,0.100000,0.000000,1.220871
534,1.760643,-0.792597,-1.851388,1.227679,0.183229,0.002222,0.500000,0.840000,0.580000,0.100000,-0.050000,1.227679
535,1.759004,-0.804901,-1.851365,1.234285,0.173391,-0.012064,1.000000,0.840000,0.560000,0.100000,-1.000000,1.234285
536,1.757253,-0.817241,-1.851486,1.232725,0.163898,-0.036538,1.000000,0.820000,0.560000,0.100000,-1.000000,1.232725
537,1.755413,-0.829540,-1.851851,1.231128,0.154870,-0.068856,1.000000,0.820000,0.540000,0.100000,-1.000000,1.231128
538,1.753486,-0.841798,-1.852540,1.229486,0.146394,-0.108594,1.000000,0.800000,0.560000,0.100000,-1.000000,1.229486
539,1.751474,-0.854015,-1.853626,1.227794,0.138548,-0.155187,1.000000,0.800000,0.560000,0.100000,-1.000000,1.227794
540,1.749378,-0.866192,-1.855178,1.226049,0.131402,-0.207943,1.000000,0.780000,0.560000,0.100000,-1.000000,1.226049
541,1.747199,-0.878328,-1.857257,1.224247,0.125012,-0.266063,1.000000,0.780000,0.540000,0.100000,-1.000000,1.224247
542,1.744939,-0.890425,-1.859918,1.222388,0.119423,-0.328660,1.000000,0.760000,0.540000,0.100000,-1.000000,1.222388
543,1.742599,-0.902482,-1.863204,1.220470,0.114670,-0.394781,1.000000,0.760000,0.520000,0.100000,-1.000000,1.220470
544,1.740178,-0.914499,-1.867152,1.218495,0.110771,-0.463435,1.000000,0.760000,0.520000,0.100000,-1.000000,1.218495
545,1.737679,-0.926477,-1.871787,1.216461,0.107733,-0.533615,1.000000,0.740000,0.500000,0.100000,-1.000000,1.216461
546,1.735102,-0.938414,-1.877123,1.214367,0.105553,-0.604324,1.000000,0.740000,0.500000,0.100000,-1.000000,1.214367
547,1.732446,-0.950310,-1.883166,1.212211,0.104212,-0.674599,1.000000,0.720000,0.500000,0.100000,-1.000000,1.212211
548,1.729713,-0.962166,-1.889912,1.209992,0.103683,-0.743527,1.000000,0.760000,0.520000,0.100000,-1.000000,1.209992
549,1.726901,-0.973980,-1.897347,1.207705,0.103929,-0.810267,1.000000,0.740000,0.520000,0.100000,-1.000000,1.207705
550,1.724011,-0.985753,-1.905450,1.205349,0.104904,-0.874057,1.000000,0.740000,0.500000,0.100000,-1.000000,1.205349
551,1.721043,-0.997482,-1.914190,1.202918,0.106554,-0.934230,1.000000,0.740000,0.500000,0.100000,-1.000000,1.202918
552,1.717997,-1.009168,-1.923533,1.200409,0.108822,-0.990219,1.000000,0.720000,0.480000,0.100000,-1.000000,1.200409
553,1.714871,-1.020809,-1.933435,1.197818,0.111642,-1.041559,1.000000,0.720000,0.480000,0.100000,-1.000000,1.197818
554,1.711666,-1.032404,-1.943851,1.195142,0.114948,-1.087888,0.980000,0.720000,0.540000,0.100000,-1.000000,1.195142
555,1.708380,-1.043952,-1.954729,1.192379,0.118670,-1.128944,0.980000,0.700000,0.540000,0.100000,-1.000000,1.192379
556,1.705014,-1.055452,-1.966019,1.189526,0.122740,-1.164559,0.980000,0.700000,0.520000,0.100000,-1.000000,1.189526
557,1.701567,-1.066903,-1.977664,1.186583,0.127087,-1.194655,0.980000,0.700000,0.520000,0.100000,-1.000000,1.186583
558,1.698038,-1.078303,-1.989611,1.183551,0.131642,-1.219232,0.980000,0.680000,0.500000,0.100000,-1.000000,1.183551
559,1.694428,-1.089651,-2.001803,1.180432,0.136338,-1.238362,0.980000,0.680000,0.500000,0.100000,-1.000000,1.180432
560,1.690735,-1.100946,-2.014187,1.177229,0.141112,-1.252178,0.980000,0.680000,0.500000,0.100000,-1.000000,1.177229
561,1.686959,-1.112185,-2.026709,1.173947,0.145902,-1.260864,0.980000,0.660000,0.480000,0.100000,-1.000000,1.173947
562,1.683101,-1.123368,-2.039317,1.170592,0.150651,-1.264647,0.980000,0.660000,0.480000,0.100000,-1.000000,1.170592
563,1.679159,-1.134492,-2.051964,1.167171,0.155305,-1.263788,0.980000,0.700000,0.460000,0.100000,-1.000000,1.167171
564,1.675134,-1.145558,-2.064602,1.163692,0.159815,-1.258578,0.980000,0.700000,0.500000,0.100000,-1.000000,1.163692
565,1.671025,-1.156562,-2.077187,1.160163,0.164135,-1.249323,0.980000,0.700000,0.500000,0.100000,-1.000000,1.160163
566,1.666833,-1.167504,-2.089681,1.156595,0.168227,-1.236348,0.980000,0.680000,0.480000,0.100000,-1.000000,1.156595
567,1.662559,-1.178381,-2.102044,1.152998,0.172053,-1.219984,0.980000,0.680000,0.480000,0.100000,-1.000000,1.152998
568,1.658201,-1.189194,-2.114244,1.149381,0.175581,-1.200570,0.980000,0.680000,0.500000,0.100000,-1.000000,1.149381
569,1.653760,-1.199940,-2.126250,1.145755,0.178786,-1.178447,0.980000,0.660000,0.500000,0.100000,-1.000000,1.145755
570,1.649237,-1.210618,-2.138034,1.142130,0.181644,-1.153954,0.980000,0.660000,0.500000,0.100000,-1.000000,1.142130
571,1.644633,-1.221226,-2.149574,1.138515,0.184137,-1.127430,0.980000,0.660000,0.480000,0.100000,-1.000000,1.138515
572,1.639946,-1.231764,-2.160848,1.134921,0.186250,-1.099208,0.980000,0.660000,0.480000,0.100000,-1.000000,1.134921
573,1.635179,-1.242231,-2.171840,1.131355,0.187974,-1.069620,0.980000,0.640000,0.480000,0.100000,-1.000000,1.131355
574,1.630332,-1.252625,-2.182536,1.127827,0.189302,-1.038988,0.980000,0.640000,0.460000,0.100000,-1.000000,1.127827
575,1.625404,-1.262945,-2.192926,1.124342,0.190231,-1.007630,0.980000,0.640000,0.460000,0.100000,-1.000000,1.124342
576,1.620398,-1.273190,-2.203002,1.120907,0.190762,-0.975858,0.980000,0.640000,0.440000,0.100000,-1.000000,1.120907
577,1.615313,-1.283360,-2.212761,1.117528,0.190899,-0.943975,0.980000,0.620000,0.440000,0.100000,-1.000000,1.117528
578,1.610151,-1.293454,-2.222201,1.114209,0.190651,-0.912278,0.980000,0.620000,0.480000,0.100000,-1.000000,1.114209
579,1.604911,-1.303470,-2.231324,1.110953,0.190028,-0.881053,0.980000,0.620000,0.460000,0.100000,-1.000000,1.110953
580,1.599596,-1.313409,-2.240134,1.107762,0.189043,-0.850580,0.980000,0.600000,0.460000,0.100000,-1.000000,1.107762
581,1.594205,-1.323269,-2.248640,1.104639,0.187714,-0.821127,0.980000,0.600000,0.460000,0.100000,-1.000000,1.104639
582,1.588740,-1.333051,-2.256851,1.101582,0.186059,-0.792953,0.980000,0.600000,0.440000,0.100000,-1.000000,1.101582
583,1.583201,-1.342753,-2.264781,1.098592,0.184100,-0.766303,0.980000,0.580000,0.440000,0.100000,-1.000000,1.098592
584,1.577590,-1.352375,-2.272444,1.095668,0.181861,-0.741407,0.980000,0.580000,0.440000,0.100000,-1.000000,1.095668
585,1.571906,-1.361918,-2.279858,1.092807,0.179367,-0.718483,0.960000,0.580000,0.420000,0.100000,-1.000000,1.092807
586,1.566152,-1.371380,-2.287043,1.090006,0.176646,-0.697729,0.960000,0.580000,0.420000,0.100000,-1.000000,1.090006
587,1.560328,-1.380761,-2.294020,1.087262,0.173728,-0.679323,0.960000,0.560000,0.420000,0.100000,-1.000000,1.087262
588,1.554435,-1.390062,-2.300813,1.084571,0.170642,-0.663422,0.960000,0.560000,0.400000,0.100000,-1.000000,1.084571
589,1.548474,-1.399282,-2.307447,1.081929,0.167421,-0.650159,0.960000,0.560000,0.400000,0.100000,-1.000000,1.081929
590,1.542445,-1.408420,-2.313949,1.079332,0.164095,-0.639640,0.960000,0.540000,0.400000,0.100000,-1.000000,1.079332
591,1.536351,-1.417478,-2.320345,1.076775,0.160697,-0.631943,0.940000,0.540000,0.380000,0.100000,-1.000000,1.076775
592,1.530191,-1.426455,-2.326665,1.074253,0.157260,-0.627116,0.940000,0.540000,0.380000,0.100000,-1.000000,1.074253
593,1.523967,-1.435351,-2.332936,1.071761,0.153816,-0.625174,0.940000,0.520000,0.380000,0.100000,-1.000000,1.071761
594,1.517679,-1.444166,-2.339188,1.069296,0.150394,-0.626101,0.940000,0.520000,0.360000,0.100000,-1.000000,1.069296
595,1.511329,-1.452899,-2.345449,1.066851,0.147026,-0.629846,0.920000,0.520000,0.360000,0.100000,-1.000000,1.066851
596,1.504918,-1.461552,-2.351747,1.064423,0.143739,-0.636328,0.920000,0.500000,0.360000,0.100000,-1.000000,1.064423
597,1.498445,-1.470124,-2.358110,1.062007,0.140561,-0.645430,0.920000,0.500000,0.340000,0.100000,-1.000000,1.062007
598,1.491914,-1.478615,-2.364565,1.059600,0.137516,-0.657007,0.920000,0.540000,0.340000,0.100000,-1.000000,1.059600
599,1.485323,-1.487025,-2.371135,1.057198,0.134626,-0.670884,0.920000,0.480000,0.380000,0.100000,-1.000000,1.057198
600,1.478674,-1.495354,-2.377844,1.054797,0.131911,-0.686862,0.920000,0.540000,0.320000,0.100000,-1.000000,1.054797
601,1.471968,-1.503602,-2.384712,1.052395,0.129388,-0.704719,0.920000,0.540000,0.360000,0.100000,-1.000000,1.052395
602,1.465206,-1.511769,-2.391759,1.049988,0.127070,-0.724212,0.900000,0.520000,0.360000,0.100000,-1.000000,1.049988
603,1.458388,-1.519855,-2.399002,1.047574,0.124970,-0.745088,0.900000,0.520000,0.360000,0.100000,-1.000000,1.047574
604,1.451515,-1.527859,-2.406452,1.045149,0.123095,-0.767081,0.900000,0.520000,0.340000,0.100000,-1.000000,1.045149
605,1.444589,-1.535782,-2.414123,1.042713,0.121449,-0.789919,0.900000,0.500000,0.340000,0.100000,-1.000000,1.042713
606,1.437609,-1.543623,-2.422022,1.040263,0.120035,-0.813332,0.900000,0.500000,0.340000,0.100000,-1.000000,1.040263
607,1.430576,-1.551382,-2.430156,1.037796,0.118853,-0.837050,0.900000,0.500000,0.320000,0.100000,-1.000000,1.037796
608,1.423492,-1.559058,-2.438526,1.035312,0.117898,-0.860812,0.920000,0.500000,0.320000,0.100000,-1.000000,1.035312
609,1.416356,-1.566651,-2.447134,1.032809,0.117164,-0.884368,0.920000,0.480000,0.320000,0.100000,-1.000000,1.032809
610,1.409170,-1.574161,-2.455978,1.030285,0.116644,-0.907482,0.920000,0.480000,0.320000,0.100000,-1.000000,1.030285
611,1.401933,-1.581587,-2.465053,1.027739,0.116326,-0.929934,0.920000,0.480000,0.300000,0.100000,-1.000000,1.027739
612,1.394648,-1.588929,-2.474352,1.025171,0.116198,-0.951526,0.940000,0.480000,0.300000,0.100000,-1.000000,1.025171
613,1.387314,-1.596186,-2.483868,1.022580,0.116246,-0.972079,0.940000,0.480000,0.300000,0.100000,-1.000000,1.022580
614,1.379932,-1.603357,-2.493588,1.019965,0.116456,-0.991436,0.960000,0.460000,0.300000,0.100000,-1.000000,1.019965
615,1.372503,-1.610442,-2.503503,1.017325,0.116810,-1.009465,0.960000,0.460000,0.280000,0.100000,-1.000000,1.017325
616,1.365027,-1.617440,-2.513597,1.014662,0.117292,-1.026056,0.980000,0.460000,0.280000,0.100000,-1.000000,1.014662
617,1.357506,-1.624350,-2.523858,1.011975,0.117884,-1.041124,1.000000,0.460000,0.280000,0.050000,-1.000000,1.011975
618,1.349939,-1.631173,-2.534269,1.005764,0.118568,-1.054606,1.000000,0.460000,0.280000,0.050000,-1.000000,1.005764
619,1.342356,-1.637886,-2.544815,0.999531,0.119278,-1.065899,1.000000,0.460000,0.260000,0.050000,-1.000000,0.999531
620,1.334759,-1.644490,-2.555474,0.993278,0.119991,-1.075046,1.000000,0.460000,0.260000,0.050000,-1.000000,0.993278
621,1.327148,-1.650983,-2.566225,0.987006,0.120685,-1.082112,1.000000,0.440000,0.260000,0.050000,-1.000000,0.987006
622,1.319524,-1.657367,-2.577046,0.980720,0.121340,-1.087183,1.000000,0.440000,0.260000,0.050000,-1.000000,0.980720
623,1.311887,-1.663639,-2.587918,0.974421,0.121937,-1.090360,1.000000,0.440000,0.260000,0.050000,-1.000000,0.974421
624,1.304240,-1.669800,-2.598821,0.968113,0.122460,-1.091762,1.000000,0.440000,0.240000,0.050000,-1.000000,0.968113
625,1.296583,-1.675849,-2.609739,0.961798,0.122893,-1.091517,1.000000,0.440000,0.240000,0.050000,-1.000000,0.961798
626,1.288917,-1.681786,-2.620654,0.955479,0.123224,-1.089766,1.000000,0.440000,0.240000,0.050000,-1.000000,0.955479
627,1.281243,-1.687610,-2.631552,0.949160,0.123441,-1.086659,1.000000,0.440000,0.240000,0.050000,-1.000000,0.949160
628,1.273562,-1.693321,-2.642418,0.942843,0.123534,-1.082350,1.000000,0.440000,0.240000,0.050000,-1.000000,0.942843
629,1.265875,-1.698919,-2.653242,0.936531,0.123497,-1.077001,1.000000,0.440000,0.220000,0.050000,-1.000000,0.936531
630,1.258184,-1.704403,-2.664012,0.930226,0.123323,-1.070773,1.000000,0.440000,0.220000,0.050000,-1.000000,0.930226
631,1.250489,-1.709774,-2.674719,0.923932,0.123008,-1.063832,1.000000,0.440000,0.220000,0.050000,-1.000000,0.923932
632,1.242793,-1.715031,-2.685358,0.917651,0.122550,-1.056344,1.000000,0.440000,0.220000,0.050000,-1.000000,0.917651
633,1.235095,-1.720174,-2.695921,0.911385,0.121949,-1.048471,1.000000,0.440000,0.260000,0.050000,-1.000000,0.911385
634,1.227397,-1.725203,-2.706406,0.905136,0.121205,-1.040375,1.000000,0.440000,0.200000,0.050000,-1.000000,0.905136
635,1.219700,-1.730118,-2.716810,0.898905,0.120321,-1.032214,1.000000,0.440000,0.260000,0.050000,-1.000000,0.898905
636,1.212006,-1.734919,-2.727132,0.892694,0.119300,-1.024142,1.000000,0.440000,0.260000,0.050000,-1.000000,0.892694
637,1.204315,-1.739606,-2.737373,0.886504,0.118148,-1.016304,1.000000,0.440000,0.260000,0.050000,-1.000000,0.886504
638,1.196629,-1.744179,-2.747536,0.880337,0.116872,-1.008842,1.000000,0.440000,0.260000,0.050000,-1.000000,0.880337
639,1.188949,-1.748638,-2.757625,0.874192,0.115477,-1.001888,1.000000,0.440000,0.260000,0.050000,-1.000000,0.874192
640,1.181276,-1.752984,-2.767644,0.868070,0.113973,-0.995566,1.000000,0.440000,0.240000,0.050000,-1.000000,0.868070
641,1.173612,-1.757215,-2.777599,0.861972,0.112368,-0.989990,1.000000,0.440000,0.240000,0.050000,-1.000000,0.861972
642,1.165957,-1.761334,-2.787499,0.855897,0.110672,-0.985263,1.000000,0.440000,0.240000,0.050000,-1.000000,0.855897
643,1.158312,-1.765340,-2.797352,0.849846,0.108896,-0.981476,1.000000,0.440000,0.240000,0.050000,-1.000000,0.849846
644,1.150680,-1.769233,-2.807167,0.843817,0.107048,-0.978712,1.000000,0.460000,0.240000,0.050000,-1.000000,0.843817
645,1.143061,-1.773014,-2.816954,0.837811,0.105142,-0.977036,1.000000,0.460000,0.240000,0.050000,-1.000000,0.837811
646,1.135456,-1.776683,-2.826724,0.831826,0.103186,-0.976503,1.000000,0.460000,0.240000,0.050000,-1.000000,0.831826
647,1.127866,-1.780240,-2.836489,0.825862,0.101192,-0.977154,1.000000,0.460000,0.240000,0.050000,-1.000000,0.825862
648,1.120293,-1.783686,-2.846261,0.819919,0.099171,-0.979016,1.000000,0.460000,0.240000,0.050000,-1.000000,0.819919
649,1.112737,-1.787021,-2.856051,0.813994,0.097133,-0.982103,1.000000,0.480000,0.220000,0.050000,-1.000000,0.813994
650,1.105200,-1.790246,-2.865872,0.808089,0.095088,-0.986415,1.000000,0.480000,0.220000,0.050000,-1.000000,0.808089
651,1.097684,-1.793361,-2.875736,0.802200,0.093046,-0.991938,1.000000,0.480000,0.220000,0.050000,-1.000000,0.802200
652,1.090188,-1.796366,-2.885655,0.796328,0.091015,-0.998646,1.000000,0.500000,0.220000,0.050000,-1.000000,0.796328
653,1.082714,-1.799263,-2.895642,0.790471,0.089003,-1.006501,1.000000,0.500000,0.220000,0.050000,-1.000000,0.790471
654,1.075264,-1.802051,-2.905707,0.784629,0.087018,-1.015454,1.000000,0.520000,0.220000,0.050000,-1.000000,0.784629
655,1.067839,-1.804731,-2.915861,0.778801,0.085067,-1.025444,1.000000,0.520000,0.220000,0.050000,-1.000000,0.778801
656,1.060439,-1.807303,-2.926116,0.772985,0.083155,-1.036404,1.000000,0.540000,0.220000,0.050000,-1.000000,0.772985
657,1.053065,-1.809768,-2.936480,0.767182,0.081288,-1.048256,1.000000,0.560000,0.220000,0.050000,-1.000000,0.767182
658,1.045720,-1.812126,-2.946962,0.761390,0.079469,-1.060918,1.000000,0.580000,0.220000,0.050000,-1.000000,0.761390
659,1.038403,-1.814379,-2.957572,0.755608,0.077701,-1.074302,1.000000,0.600000,0.220000,0.050000,-1.000000,0.755608
660,1.031117,-1.816525,-2.968315,0.749836,0.075987,-1.088316,1.000000,0.620000,0.220000,0.050000,-1.000000,0.749836
661,1.023862,-1.818566,-2.979198,0.744073,0.074328,-1.102868,1.000000,0.660000,0.220000,0.050000,-1.000000,0.744073
662,1.016639,-1.820503,-2.990226,0.738319,0.072725,-1.117863,1.000000,0.700000,0.220000,0.050000,-1.000000,0.738319
663,1.009450,-1.822335,-3.001405,0.732574,0.071177,-1.133207,1.000000,0.740000,0.220000,0.050000,-1.000000,0.732574
664,1.002296,-1.824064,-3.012737,0.726836,0.069683,-1.148810,1.000000,0.800000,0.220000,0.050000,-1.000000,0.726836
665,0.995177,-1.825689,-3.024225,0.721106,0.068243,-1.164584,1.000000,0.860000,0.240000,0.050000,-1.000000,0.721106
666,0.988096,-1.827211,-3.035871,0.715383,0.066852,-1.180446,1.000000,0.940000,0.240000,0.050000,-1.000000,0.715383
667,0.981052,-1.828630,-3.047676,0.709667,0.065510,-1.196317,1.000000,1.000000,0.240000,0.050000,-1.000000,0.709667
668,0.974048,-1.829948,-3.059639,0.703958,0.064213,-1.212125,1.000000,1.000000,0.240000,0.050000,-1.000000,0.703958
669,0.967085,-1.831164,-3.071760,0.698255,0.062957,-1.227806,1.000000,1.000000,0.240000,0.050000,-1.000000,0.698255
670,0.960163,-1.832280,-3.084038,0.692560,0.061738,-1.243301,1.000000,1.000000,0.240000,0.050000,-1.000000,0.692560
671,0.953285,-1.833294,-3.096471,0.686872,0.060553,-1.258560,1.000000,1.000000,0.260000,0.050000,-1.000000,0.686872
672,0.946450,-1.834209,-3.109057,0.681190,0.059397,-1.273541,1.000000,1.000000,0.260000,0.050000,-1.000000,0.681190
673,0.939661,-1.835024,-3.121792,0.675515,0.058267,-1.288210,0.960000,1.000000,0.260000,0.100000,-1.000000,0.675515
674,0.932919,-1.835741,-3.134674,0.673348,0.057157,-1.302540,0.920000,1.000000,0.280000,0.100000,-1.000000,0.673348
675,0.926190,-1.836359,-3.147700,0.671188,0.056126,-1.317353,0.900000,1.000000,0.280000,0.100000,-1.000000,0.671188
676,0.919475,-1.836879,-3.160873,0.669034,0.055175,-1.332500,0.860000,1.000000,0.280000,0.100000,-1.000000,0.669034
677,0.912775,-1.837302,-3.174198,0.666885,0.054301,-1.347840,0.840000,1.000000,0.300000,0.100000,-1.000000,0.666885
678,0.906092,-1.837627,-3.187676,0.664741,0.053503,-1.363240,0.820000,1.000000,0.320000,0.100000,-1.000000,0.664741
679,0.899427,-1.837855,-3.201309,0.662600,0.052779,-1.378574,0.800000,1.000000,0.320000,0.100000,-1.000000,0.662600
680,0.892781,-1.837987,-3.215095,0.660462,0.052123,-1.393728,0.760000,1.000000,0.340000,0.100000,-1.000000,0.660462
681,0.886156,-1.838021,-3.229032,0.658326,0.051534,-1.408597,0.740000,1.000000,0.360000,0.100000,-1.000000,0.658326
682,0.879553,-1.837960,-3.243118,0.656191,0.051005,-1.423090,0.720000,1.000000,0.380000,0.100000,0.100000,0.656191
683,0.872973,-1.837802,-3.257349,0.662171,0.058467,-1.097779,0.700000,1.000000,0.400000,0.100000,0.200000,0.662171
684,0.866328,-1.837618,-3.268327,0.667592,0.065885,-0.698859,0.680000,1.000000,0.420000,0.100000,0.200000,0.667592
685,0.859623,-1.837428,-3.275315,0.673330,0.070251,-0.340129,0.680000,1.000000,0.440000,0.100000,0.200000,0.673330
686,0.852856,-1.837227,-3.278716,0.679401,0.071996,-0.019663,0.680000,1.000000,0.440000,0.100000,0.200000,0.679401
687,0.846027,-1.837011,-3.278913,0.685780,0.071542,0.265075,0.680000,1.000000,0.440000,0.100000,0.200000,0.685780
688,0.839136,-1.836781,-3.276262,0.692419,0.069279,0.516711,0.680000,1.000000,0.440000,0.100000,0.200000,0.692419
689,0.832181,-1.836538,-3.271095,0.699261,0.065563,0.737770,0.680000,1.000000,0.420000,0.100000,0.200000,0.699261
690,0.825163,-1.836285,-3.263717,0.706243,0.060705,0.930680,0.700000,1.000000,0.420000,0.100000,0.200000,0.706243
691,0.818079,-1.836027,-3.254411,0.713304,0.054971,1.097835,0.700000,1.000000,0.400000,0.100000,0.200000,0.713304
692,0.810929,-1.835770,-3.243432,0.720389,0.048589,1.241656,0.720000,1.000000,0.380000,0.100000,0.100000,0.720389
693,0.803713,-1.835521,-3.231016,0.728001,0.038761,1.236971,0.740000,1.000000,0.360000,0.100000,-1.000000,0.728001
694,0.796428,-1.835257,-3.218646,0.727034,0.024459,1.001565,0.760000,1.000000,0.360000,0.100000,-1.000000,0.727034
695,0.789160,-1.834941,-3.208630,0.725842,0.012193,0.751420,0.780000,1.000000,0.340000,0.100000,-1.000000,0.725842
696,0.781910,-1.834577,-3.201116,0.724505,0.001949,0.492317,0.780000,1.000000,0.340000,0.100000,-1.000000,0.724505
697,0.774677,-1.834165,-3.196193,0.723096,-0.006321,0.229544,0.800000,1.000000,0.320000,0.100000,-1.000000,0.723096
698,0.767460,-1.833708,-3.193898,0.721671,-0.012696,-0.032124,0.800000,1.000000,0.320000,0.100000,-1.000000,0.721671
699,0.760260,-1.833204,-3.194219,0.720275,-0.017278,-0.288425,0.800000,1.000000,0.320000,0.100000,-1.000000,0.720275
700,0.753076,-1.832652,-3.197103,0.718932,-0.020192,-0.535616,0.780000,1.000000,0.340000,0.100000,-1.000000,0.718932
701,0.745909,-1.832052,-3.202459,0.717656,-0.021577,-0.770493,0.780000,1.000000,0.340000,0.100000,-1.000000,0.717656
702,0.738759,-1.831400,-3.210164,0.716445,-0.021582,-0.990417,0.760000,1.000000,0.360000,0.100000,-1.000000,0.716445
703,0.731626,-1.830694,-3.220068,0.715286,-0.020364,-1.193351,0.740000,1.000000,0.360000,0.100000,-1.000000,0.715286
704,0.724511,-1.829930,-3.232002,0.714161,-0.018078,-1.377868,0.720000,1.000000,0.380000,0.100000,0.100000,0.714161
705,0.717415,-1.829105,-3.245781,0.720866,-0.004544,-1.101043,0.700000,1.000000,0.400000,0.100000,0.200000,0.720866
706,0.710250,-1.828310,-3.256791,0.726606,0.008146,-0.761584,0.680000,1.000000,0.440000,0.100000,0.200000,0.726606
707,0.703023,-1.827556,-3.264407,0.732346,0.017823,-0.443118,0.680000,1.000000,0.440000,0.100000,0.200000,0.732346
708,0.695733,-1.826835,-3.268838,0.738172,0.024747,-0.148972,0.660000,1.000000,0.460000,0.100000,0.200000,0.738172
709,0.688379,-1.826144,-3.270328,0.744131,0.029213,0.119387,0.660000,1.000000,0.460000,0.100000,0.200000,0.744131
710,0.680962,-1.825479,-3.269134,0.750235,0.031528,0.361825,0.660000,1.000000,0.460000,0.100000,0.200000,0.750235
711,0.673480,-1.824837,-3.265516,0.756477,0.031991,0.579095,0.660000,1.000000,0.460000,0.100000,0.200000,0.756477
712,0.665934,-1.824219,-3.259725,0.762831,0.030888,0.772488,0.680000,1.000000,0.440000,0.100000,0.200000,0.762831
713,0.658323,-1.823627,-3.252000,0.769265,0.028479,0.943611,0.680000,1.000000,0.440000,0.100000,0.200000,0.769265
714,0.650645,-1.823063,-3.242564,0.775742,0.024995,1.094233,0.700000,1.000000,0.420000,0.100000,0.200000,0.775742
715,0.642902,-1.822529,-3.231621,0.782225,0.020639,1.226196,0.720000,1.000000,0.400000,0.100000,0.100000,0.782225
716,0.635093,-1.822032,-3.219359,0.789339,0.012782,1.221378,0.720000,1.000000,0.400000,0.100000,0.100000,0.789339
717,0.627214,-1.821546,-3.207146,0.796322,0.005522,1.214982,0.740000,1.000000,0.380000,0.100000,-1.000000,0.796322
718,0.619264,-1.821079,-3.194996,0.794950,-0.008071,0.913328,0.760000,1.000000,0.360000,0.100000,-1.000000,0.794950
719,0.611330,-1.820574,-3.185862,0.793447,-0.019089,0.604545,0.780000,1.000000,0.360000,0.100000,-1.000000,0.793447
720,0.603412,-1.820033,-3.179817,0.791914,-0.027601,0.294253,0.800000,1.000000,0.340000,0.100000,-1.000000,0.791914
721,0.595509,-1.819454,-3.176874,0.790425,-0.033707,-0.012444,0.800000,1.000000,0.340000,0.100000,-1.000000,0.790425
722,0.587622,-1.818838,-3.176999,0.789032,-0.037542,-0.310902,0.800000,1.000000,0.360000,0.100000,-1.000000,0.789032
723,0.579750,-1.818184,-3.180108,0.787761,-0.039267,-0.596928,0.780000,1.000000,0.360000,0.100000,-1.000000,0.787761
724,0.571893,-1.817488,-3.186077,0.786615,-0.039064,-0.866827,0.780000,1.000000,0.360000,0.100000,-1.000000,0.786615
725,0.564052,-1.816748,-3.194745,0.785580,-0.037134,-1.117473,0.760000,1.000000,0.380000,0.100000,-1.000000,0.785580
726,0.556227,-1.815960,-3.205920,0.784625,-0.033684,-1.346410,0.740000,1.000000,0.400000,0.100000,-1.000000,0.784625
727,0.548419,-1.815119,-3.219384,0.783713,-0.028927,-1.551929,0.720000,1.000000,0.420000,0.100000,0.100000,0.783713
728,0.540628,-1.814222,-3.234904,0.790580,-0.012460,-1.279336,0.700000,1.000000,0.440000,0.100000,0.200000,0.790580
729,0.532768,-1.813361,-3.247697,0.796381,0.002815,-0.941934,0.680000,1.000000,0.460000,0.100000,0.200000,0.796381
730,0.524846,-1.812546,-3.257116,0.802105,0.014778,-0.619542,0.660000,1.000000,0.480000,0.100000,0.200000,0.802105
731,0.516861,-1.811768,-3.263312,0.807865,0.023658,-0.316671,0.640000,1.000000,0.500000,0.100000,0.200000,0.807865
732,0.508814,-1.811022,-3.266478,0.813733,0.029729,-0.035910,0.640000,1.000000,0.520000,0.100000,0.200000,0.813733
733,0.500703,-1.810303,-3.266838,0.819742,0.033290,0.221608,0.640000,1.000000,0.520000,0.100000,0.200000,0.819742
734,0.492528,-1.809610,-3.264621,0.825897,0.034645,0.455767,0.640000,1.000000,0.520000,0.100000,0.200000,0.825897
735,0.484289,-1.808940,-3.260064,0.832182,0.034092,0.667120,0.640000,1.000000,0.500000,0.100000,0.200000,0.832182
736,0.475985,-1.808295,-3.253393,0.838566,0.031911,0.856635,0.660000,1.000000,0.500000,0.100000,0.200000,0.838566
737,0.467616,-1.807677,-3.244826,0.845013,0.028359,1.025549,0.660000,1.000000,0.480000,0.100000,0.200000,0.845013
738,0.459182,-1.807088,-3.234571,0.851482,0.023668,1.175259,0.680000,1.000000,0.460000,0.100000,0.200000,0.851482
739,0.450682,-1.806533,-3.222818,0.857933,0.018044,1.307265,0.700000,1.000000,0.440000,0.100000,0.200000,0.857933
740,0.442116,-1.806017,-3.209746,0.864327,0.011665,1.423116,0.720000,1.000000,0.420000,0.100000,0.100000,0.864327
741,0.433485,-1.805544,-3.195514,0.871310,0.001939,1.406844,0.740000,1.000000,0.400000,0.100000,-1.000000,0.871310
742,0.424783,-1.805094,-3.181446,0.869888,-0.013987,1.093069,0.760000,1.000000,0.400000,0.100000,-1.000000,0.869888
743,0.416097,-1.804608,-3.170515,0.868297,-0.026947,0.769436,0.780000,1.000000,0.380000,0.100000,-1.000000,0.868297
744,0.407425,-1.804087,-3.162821,0.866663,-0.036986,0.441875,0.800000,1.000000,0.380000,0.100000,-1.000000,0.866663
745,0.398769,-1.803534,-3.158402,0.865084,-0.044191,0.115807,0.800000,1.000000,0.360000,0.100000,-1.000000,0.865084
746,0.390126,-1.802946,-3.157244,0.863627,-0.048690,-0.203766,0.800000,1.000000,0.360000,0.100000,-1.000000,0.863627
747,0.381499,-1.802324,-3.159282,0.862330,-0.050644,-0.512223,0.800000,1.000000,0.380000,0.100000,-1.000000,0.862330
748,0.372886,-1.801666,-3.164404,0.861201,-0.050247,-0.805333,0.780000,1.000000,0.380000,0.100000,-1.000000,0.861201
749,0.364288,-1.800967,-3.172457,0.860224,-0.047717,-1.079337,0.760000,1.000000,0.400000,0.100000,-1.000000,0.860224
750,0.355704,-1.800224,-3.183251,0.859361,-0.043290,-1.331072,0.740000,1.000000,0.400000,0.100000,-1.000000,0.859361
751,0.347136,-1.799434,-3.196561,0.858562,-0.037213,-1.558105,0.720000,1.000000,0.420000,0.100000,0.100000,0.858562
752,0.338584,-1.798591,-3.212142,0.865547,-0.019096,-1.303664,0.700000,1.000000,0.460000,0.100000,0.200000,0.865547
753,0.329963,-1.797790,-3.225179,0.871418,-0.002269,-0.980510,0.680000,1.000000,0.480000,0.100000,0.200000,0.871418
754,0.321281,-1.797040,-3.234984,0.877163,0.011083,-0.667694,0.660000,1.000000,0.500000,0.100000,0.200000,0.877163
755,0.312538,-1.796332,-3.241661,0.882908,0.021162,-0.370119,0.640000,1.000000,0.500000,0.100000,0.200000,0.882908
756,0.303732,-1.795661,-3.245362,0.888735,0.028219,-0.090909,0.640000,1.000000,0.520000,0.100000,0.200000,0.888735
757,0.294863,-1.795021,-3.246271,0.894689,0.032536,0.168214,0.640000,1.000000,0.520000,0.100000,0.200000,0.894689
758,0.285931,-1.794410,-3.244589,0.900782,0.034410,0.406544,0.640000,1.000000,0.520000,0.100000,0.200000,0.900782
759,0.276935,-1.793826,-3.240524,0.907005,0.034135,0.624069,0.640000,1.000000,0.520000,0.100000,0.200000,0.907005
760,0.267876,-1.793270,-3.234283,0.913332,0.031993,0.821241,0.660000,1.000000,0.500000,0.100000,0.200000,0.913332
761,0.258752,-1.792743,-3.226071,0.919724,0.028252,0.998817,0.660000,1.000000,0.500000,0.100000,0.200000,0.919724
762,0.249564,-1.792248,-3.216083,0.926140,0.023157,1.157772,0.680000,1.000000,0.480000,0.100000,0.200000,0.926140
763,0.240311,-1.791790,-3.204505,0.932536,0.016930,1.299236,0.700000,1.000000,0.460000,0.100000,0.200000,0.932536
764,0.230994,-1.791373,-3.191512,0.938870,0.009767,1.424448,0.720000,1.000000,0.440000,0.100000,0.100000,0.938870
765,0.221612,-1.791002,-3.177268,0.945794,-0.000866,1.418890,0.740000,1.000000,0.420000,0.100000,-1.000000,0.945794
766,0.212160,-1.790656,-3.163079,0.944323,-0.017972,1.106179,0.760000,1.000000,0.400000,0.100000,-1.000000,0.944323
767,0.202723,-1.790273,-3.152017,0.942677,-0.031864,0.782385,0.780000,1.000000,0.400000,0.100000,-1.000000,0.942677
768,0.193300,-1.789856,-3.144193,0.940991,-0.042567,0.453472,0.800000,1.000000,0.380000,0.100000,-1.000000,0.940991
769,0.183891,-1.789406,-3.139659,0.939372,-0.050157,0.124926,0.800000,1.000000,0.380000,0.100000,-1.000000,0.939372
770,0.174497,-1.788923,-3.138409,0.937894,-0.054753,-0.198164,0.800000,1.000000,0.380000,0.100000,-1.000000,0.937894
771,0.165116,-1.788405,-3.140391,0.936595,-0.056517,-0.511045,0.800000,1.000000,0.380000,0.100000,-1.000000,0.936595
772,0.155749,-1.787851,-3.145502,0.935485,-0.055644,-0.809312,0.800000,1.000000,0.400000,0.100000,-1.000000,0.935485
773,0.146397,-1.787258,-3.153595,0.934541,-0.052363,-1.088972,0.780000,1.000000,0.400000,0.100000,-1.000000,0.934541
774,0.137058,-1.786622,-3.164484,0.933721,-0.046925,-1.346567,0.760000,1.000000,0.420000,0.100000,-1.000000,0.933721
775,0.127734,-1.785939,-3.177950,0.932964,-0.039599,-1.579335,0.720000,1.000000,0.440000,0.100000,0.100000,0.932964
776,0.118425,-1.785205,-3.193743,0.939992,-0.020110,-1.334027,0.700000,1.000000,0.460000,0.100000,0.200000,0.939992
777,0.109048,-1.784514,-3.207084,0.945881,-0.002003,-1.016615,0.680000,1.000000,0.480000,0.100000,0.200000,0.945881
778,0.099611,-1.783875,-3.217250,0.951620,0.012426,-0.707186,0.660000,1.000000,0.500000,0.100000,0.200000,0.951620
779,0.090113,-1.783279,-3.224322,0.957343,0.023365,-0.410682,0.640000,1.000000,0.520000,0.100000,0.200000,0.957343
780,0.080553,-1.782721,-3.228428,0.963142,0.031057,-0.130383,0.640000,1.000000,0.520000,0.100000,0.200000,0.963142
781,0.070931,-1.782195,-3.229732,0.969067,0.035780,0.131754,0.640000,1.000000,0.540000,0.100000,0.200000,0.969067
782,0.061246,-1.781699,-3.228415,0.975136,0.037828,0.374741,0.640000,1.000000,0.520000,0.100000,0.200000,0.975136
783,0.051499,-1.781230,-3.224667,0.981343,0.037498,0.598258,0.640000,1.000000,0.520000,0.100000,0.200000,0.981343
784,0.041688,-1.780789,-3.218685,0.987660,0.035079,0.802436,0.660000,1.000000,0.520000,0.100000,0.200000,0.987660
785,0.031814,-1.780378,-3.210660,0.994048,0.030849,0.987714,0.660000,1.000000,0.500000,0.100000,0.200000,0.994048
786,0.021876,-1.780000,-3.200783,1.000463,0.025065,1.154758,0.680000,1.000000,0.480000,0.100000,0.200000,1.000463
787,0.011874,-1.779659,-3.189236,1.006855,0.017964,1.304414,0.700000,1.000000,0.460000,0.100000,0.200000,1.006855
788,0.001808,-1.779358,-3.176192,1.013175,0.009762,1.437677,0.720000,1.000000,0.460000,0.100000,0.100000,1.013175
789,-0.008321,-1.779106,-3.161815,1.020077,-0.002037,1.440752,0.740000,1.000000,0.440000,0.100000,-1.000000,1.020077
790,-0.018519,-1.778879,-3.147407,1.018578,-0.020478,1.130951,0.760000,1.000000,0.420000,0.100000,-1.000000,1.018578
791,-0.028704,-1.778615,-3.136098,1.016888,-0.035473,0.808654,0.800000,1.000000,0.400000,0.100000,-1.000000,1.016888
792,-0.038874,-1.778316,-3.128011,1.015153,-0.047025,0.479866,0.800000,1.000000,0.400000,0.100000,-1.000000,1.015153
793,-0.049031,-1.777984,-3.123213,1.013490,-0.055194,0.150134,0.820000,1.000000,0.400000,0.100000,-1.000000,1.013490
794,-0.059175,-1.777618,-3.121711,1.011979,-0.060088,-0.175371,0.820000,1.000000,0.400000,0.100000,-1.000000,1.011979
795,-0.069304,-1.777219,-3.123465,1.010665,-0.061863,-0.491792,0.820000,1.000000,0.400000,0.100000,-1.000000,1.010665
796,-0.079421,-1.776783,-3.128383,1.009557,-0.060715,-0.794578,0.800000,1.000000,0.400000,0.100000,-1.000000,1.009557
797,-0.089523,-1.776309,-3.136329,1.008633,-0.056875,-1.079535,0.780000,1.000000,0.420000,0.100000,-1.000000,1.008633
798,-0.099612,-1.775794,-3.147124,1.007842,-0.050608,-1.342945,0.760000,1.000000,0.420000,0.100000,-1.000000,1.007842
799,-0.109688,-1.775232,-3.160553,1.007119,-0.042199,-1.581730,0.740000,1.000000,0.440000,0.100000,-1.000000,1.007119
800,-0.119749,-1.774619,-3.176371,1.006383,-0.031950,-1.793609,0.700000,1.000000,0.460000,0.100000,0.200000,1.006383
801,-0.129796,-1.773950,-3.194307,1.012501,-0.008073,-1.460131,0.680000,1.000000,0.500000,0.100000,0.200000,1.012501
802,-0.139903,-1.773336,-3.208908,1.018269,0.011598,-1.128437,0.640000,1.000000,0.520000,0.100000,0.200000,1.018269
803,-0.150070,-1.772767,-3.220192,1.023891,0.027191,-0.805285,0.640000,1.000000,0.540000,0.100000,0.200000,1.023891
804,-0.160299,-1.772234,-3.228245,1.029520,0.038910,-0.495453,0.620000,1.000000,0.560000,0.100000,0.200000,1.029520
805,-0.170589,-1.771730,-3.233200,1.035262,0.047022,-0.202029,0.620000,1.000000,0.580000,0.100000,0.200000,1.035262
806,-0.180941,-1.771252,-3.235220,1.041173,0.051824,0.073192,0.600000,1.000000,0.580000,0.100000,0.200000,1.041173
807,-0.191356,-1.770794,-3.234488,1.047273,0.053632,0.329316,0.620000,1.000000,0.580000,0.100000,0.200000,1.047273
808,-0.201833,-1.770357,-3.231195,1.053553,0.052763,0.566025,0.620000,1.000000,0.580000,0.100000,0.200000,1.053553
809,-0.212374,-1.769939,-3.225535,1.059980,0.049531,0.783366,0.620000,1.000000,0.560000,0.100000,0.200000,1.059980
810,-0.222978,-1.769544,-3.217701,1.066509,0.044233,0.981624,0.620000,1.000000,0.540000,0.100000,0.200000,1.066509
811,-0.233645,-1.769174,-3.207885,1.073082,0.037152,1.161263,0.640000,1.000000,0.520000,0.100000,0.200000,1.073082
812,-0.244377,-1.768834,-3.196272,1.079640,0.028550,1.322911,0.660000,1.000000,0.500000,0.100000,0.200000,1.079640
813,-0.255173,-1.768529,-3.183043,1.086123,0.018668,1.467359,0.680000,1.000000,0.480000,0.100000,0.200000,1.086123
814,-0.266033,-1.768266,-3.168370,1.092474,0.007723,1.595553,0.700000,1.000000,0.460000,0.100000,0.200000,1.092474
815,-0.276956,-1.768050,-3.152414,1.098639,-0.004091,1.708577,0.740000,1.000000,0.440000,0.100000,-1.000000,1.098639
816,-0.287941,-1.767891,-3.135328,1.097084,-0.026399,1.388620,0.760000,1.000000,0.420000,0.100000,-1.000000,1.097084
817,-0.298913,-1.767695,-3.121442,1.095244,-0.044822,1.052336,0.800000,1.000000,0.420000,0.100000,-1.000000,1.095244
818,-0.309872,-1.767468,-3.110919,1.093311,-0.059318,0.706125,1.000000,1.000000,0.400000,0.050000,-1.000000,1.093311
819,-0.320819,-1.767210,-3.103857,1.087942,-0.069912,0.355859,1.000000,1.000000,0.400000,0.050000,-1.000000,1.087942
820,-0.331717,-1.766922,-3.100299,1.082755,-0.076666,0.006643,1.000000,1.000000,0.400000,0.050000,-1.000000,1.082755
821,-0.342567,-1.766603,-3.100232,1.077822,-0.079738,-0.336290,1.000000,1.000000,0.400000,0.050000,-1.000000,1.077822
822,-0.353369,-1.766252,-3.103595,1.073171,-0.079337,-0.667919,1.000000,1.000000,0.400000,0.050000,-1.000000,1.073171
823,-0.364123,-1.765867,-3.110275,1.068788,-0.075716,-0.983437,1.000000,1.000000,0.400000,0.050000,-1.000000,1.068788
824,-0.374829,-1.765445,-3.120109,1.064625,-0.069171,-1.278331,1.000000,1.000000,0.420000,0.050000,-1.000000,1.064625
825,-0.385488,-1.764982,-3.132892,1.060603,-0.060033,-1.548560,1.000000,1.000000,0.440000,0.050000,-1.000000,1.060603
826,-0.396099,-1.764474,-3.148378,1.056627,-0.048656,-1.790781,0.840000,1.000000,0.460000,0.100000,-1.000000,1.056627
827,-0.406661,-1.763916,-3.166286,1.056091,-0.035409,-2.002595,0.700000,1.000000,0.480000,0.100000,0.200000,1.056091
828,-0.417210,-1.763301,-3.186312,1.062323,-0.008429,-1.662793,0.660000,1.000000,0.500000,0.100000,0.200000,1.062323
829,-0.427819,-1.762742,-3.202940,1.068092,0.014046,-1.322027,0.640000,1.000000,0.540000,0.100000,0.200000,1.068092
830,-0.438489,-1.762227,-3.216160,1.073642,0.032110,-0.987772,0.620000,1.000000,0.560000,0.100000,0.200000,1.073642
831,-0.449219,-1.761748,-3.226038,1.079163,0.045952,-0.665405,0.600000,1.000000,0.580000,0.100000,0.200000,1.079163
832,-0.460011,-1.761295,-3.232692,1.084786,0.055830,-0.358449,0.600000,1.000000,0.600000,0.100000,0.200000,1.084786
833,-0.470865,-1.760864,-3.236276,1.090593,0.062044,-0.068996,0.580000,1.000000,0.620000,0.100000,0.200000,1.090593
834,-0.481780,-1.760451,-3.236966,1.096620,0.064916,0.201863,0.580000,1.000000,0.600000,0.100000,0.200000,1.096620
835,-0.492759,-1.760053,-3.234947,1.102866,0.064778,0.453662,0.580000,1.000000,0.600000,0.100000,0.200000,1.102866
836,-0.503800,-1.759670,-3.230411,1.109305,0.061956,0.686306,0.600000,1.000000,0.580000,0.100000,0.200000,1.109305
837,-0.514904,-1.759303,-3.223548,1.115890,0.056767,0.899912,0.600000,1.000000,0.580000,0.100000,0.200000,1.115890
838,-0.526072,-1.758955,-3.214549,1.122562,0.049512,1.094745,0.620000,1.000000,0.580000,0.100000,0.200000,1.122562
839,-0.537304,-1.758631,-3.203601,1.129254,0.040476,1.271204,0.620000,1.000000,0.560000,0.100000,0.200000,1.129254
840,-0.548600,-1.758335,-3.190889,1.135898,0.029926,1.429839,1.000000,1.000000,0.520000,0.050000,-1.000000,1.135898
841,-0.559959,-1.758074,-3.176591,1.131326,0.008817,1.174183,1.000000,0.960000,0.500000,0.050000,-1.000000,1.131326
842,-0.571269,-1.757766,-3.164849,1.126440,-0.008946,0.900174,1.000000,0.960000,0.500000,0.050000,-1.000000,1.126440
843,-0.582528,-1.757415,-3.155847,1.121380,-0.023296,0.613571,1.000000,0.940000,0.480000,0.050000,-1.000000,1.121380
844,-0.593738,-1.757022,-3.149711,1.116267,-0.034231,0.319893,1.000000,0.940000,0.480000,0.050000,-1.000000,1.116267
845,-0.604897,-1.756589,-3.146513,1.111196,-0.041808,0.024358,1.000000,0.920000,0.460000,0.050000,-1.000000,1.111196
846,-0.616007,-1.756117,-3.146269,1.106234,-0.046139,-0.268111,1.000000,0.920000,0.460000,0.050000,-1.000000,1.106234
847,-0.627067,-1.755603,-3.148950,1.101412,-0.047384,-0.552891,1.000000,0.900000,0.480000,0.050000,-1.000000,1.101412
848,-0.638077,-1.755049,-3.154479,1.096735,-0.045746,-0.825677,1.000000,0.900000,0.480000,0.050000,-1.000000,1.096735
849,-0.649038,-1.754450,-3.162736,1.092177,-0.041464,-1.082551,1.000000,0.900000,0.480000,0.050000,-1.000000,1.092177
850,-0.659948,-1.753804,-3.173561,1.087694,-0.034809,-1.320078,1.000000,0.880000,0.460000,0.050000,-1.000000,1.087694
851,-0.670809,-1.753109,-3.186762,1.083222,-0.026075,-1.535436,1.000000,0.880000,0.460000,0.050000,-1.000000,1.083222
852,-0.681618,-1.752359,-3.202116,1.078691,-0.015567,-1.726535,1.000000,0.900000,0.440000,0.050000,-1.000000,1.078691
853,-0.692376,-1.751551,-3.219382,1.074027,-0.003595,-1.892100,1.000000,0.900000,0.460000,0.050000,-1.000000,1.074027
854,-0.703081,-1.750681,-3.238303,1.069159,0.009537,-2.031687,1.000000,0.900000,0.480000,0.050000,-1.000000,1.069159
855,-0.713732,-1.749743,-3.258620,1.064025,0.023536,-2.145628,1.000000,0.880000,0.540000,0.050000,-1.000000,1.064025
856,-0.724326,-1.748735,-3.280076,1.058576,0.038131,-2.234902,0.600000,0.920000,0.580000,0.100000,0.100000,1.058576
857,-0.734864,-1.747651,-3.302425,1.064262,0.062085,-1.915407,0.580000,0.920000,0.660000,0.100000,0.150000,1.064262
858,-0.745468,-1.746560,-3.321579,1.069356,0.082893,-1.561206,0.560000,0.900000,0.660000,0.100000,0.100000,1.069356
859,-0.756137,-1.745461,-3.337191,1.074767,0.097680,-1.288195,0.460000,0.900000,0.660000,0.100000,0.100000,1.074767
860,-0.766870,-1.744330,-3.350073,1.080275,0.108876,-1.036163,0.540000,0.900000,0.640000,0.100000,0.100000,1.080275
861,-0.777664,-1.743160,-3.360435,1.085963,0.116862,-0.803589,0.440000,0.880000,0.660000,0.100000,0.100000,1.085963
862,-0.788519,-1.741943,-3.368471,1.091880,0.121988,-0.588705,0.440000,0.920000,0.700000,0.100000,0.150000,1.091880
863,-0.799432,-1.740675,-3.374358,1.097812,0.126088,-0.325017,0.500000,0.920000,0.700000,0.100000,0.150000,1.097812
864,-0.810405,-1.739370,-3.377608,1.104096,0.127148,-0.080100,0.420000,0.900000,0.680000,0.100000,0.150000,1.104096
865,-0.821437,-1.738024,-3.378409,1.110717,0.125504,0.147405,0.500000,0.900000,0.680000,0.100000,0.150000,1.110717
866,-0.832529,-1.736639,-3.376935,1.117642,0.121461,0.358582,0.500000,0.880000,0.660000,0.100000,0.100000,1.117642
867,-0.843680,-1.735214,-3.373349,1.125024,0.113770,0.488661,0.500000,0.880000,0.660000,0.100000,0.100000,1.125024
868,-0.854891,-1.733737,-3.368462,1.132513,0.105043,0.608504,0.500000,0.820000,0.660000,0.100000,0.100000,1.132513
869,-0.866162,-1.732213,-3.362377,1.140067,0.095437,0.718262,0.500000,0.820000,0.640000,0.100000,0.050000,1.140067
870,-0.877495,-1.730648,-3.355195,1.147721,0.083570,0.752491,0.980000,0.800000,0.640000,0.100000,-1.000000,1.147721
871,-0.888889,-1.729031,-3.347670,1.146840,0.067821,0.605590,0.960000,0.800000,0.620000,0.100000,-1.000000,1.146840
872,-0.900253,-1.727348,-3.341614,1.145746,0.054077,0.443768,0.940000,0.780000,0.620000,0.100000,-1.000000,1.145746
873,-0.911590,-1.725602,-3.337176,1.144487,0.042438,0.270300,0.940000,0.780000,0.600000,0.100000,-1.000000,1.144487
874,-0.922899,-1.723794,-3.334473,1.143107,0.032966,0.088606,0.920000,0.760000,0.600000,0.100000,-1.000000,1.143107
875,-0.934181,-1.721926,-3.333587,1.141647,0.025678,-0.097885,0.920000,0.760000,0.580000,0.100000,-1.000000,1.141647
876,-0.945437,-1.720000,-3.334566,1.140137,0.020556,-0.285834,0.900000,0.740000,0.580000,0.100000,-1.000000,1.140137
877,-0.956666,-1.718015,-3.337424,1.138598,0.017545,-0.472067,0.900000,0.740000,0.580000,0.100000,-1.000000,1.138598
878,-0.967868,-1.715972,-3.342145,1.137038,0.016557,-0.653643,0.880000,0.740000,0.560000,0.100000,-1.000000,1.137038
879,-0.979044,-1.713869,-3.348681,1.135455,0.017480,-0.827906,0.880000,0.720000,0.560000,0.100000,-1.000000,1.135455
880,-0.990192,-1.711705,-3.356960,1.133838,0.020175,-0.992532,0.880000,0.720000,0.540000,0.100000,-1.000000,1.133838
881,-1.001311,-1.709479,-3.366886,1.132166,0.024486,-1.145565,0.860000,0.700000,0.600000,0.100000,-1.000000,1.132166
882,-1.012402,-1.707189,-3.378341,1.130415,0.030243,-1.285452,0.860000,0.700000,0.600000,0.100000,-1.000000,1.130415
883,-1.023461,-1.704832,-3.391196,1.128555,0.037267,-1.411048,0.860000,0.740000,0.600000,0.100000,-1.000000,1.128555
884,-1.034489,-1.702405,-3.405306,1.126556,0.045374,-1.521623,0.860000,0.720000,0.580000,0.100000,-1.000000,1.126556
885,-1.045484,-1.699906,-3.420523,1.124392,0.054380,-1.616829,0.860000,0.720000,0.580000,0.100000,-1.000000,1.124392
886,-1.056443,-1.697333,-3.436691,1.122037,0.064105,-1.696673,0.860000,0.720000,0.560000,0.100000,-1.000000,1.122037
887,-1.067364,-1.694684,-3.453658,1.119471,0.074376,-1.761459,0.860000,0.700000,0.560000,0.100000,-1.000000,1.119471
888,-1.078247,-1.691954,-3.471272,1.116680,0.085026,-1.811738,0.860000,0.700000,0.540000,0.100000,-1.000000,1.116680
889,-1.089087,-1.689144,-3.489390,1.113657,0.095902,-1.848240,0.860000,0.700000,0.580000,0.100000,-1.000000,1.113657
890,-1.099884,-1.686250,-3.507872,1.110398,0.106860,-1.871828,0.860000,0.700000,0.580000,0.100000,-1.000000,1.110398
891,-1.110634,-1.683270,-3.526590,1.106909,0.117769,-1.883441,0.860000,0.700000,0.560000,0.100000,-1.000000,1.106909
892,-1.121335,-1.680205,-3.545425,1.103199,0.128513,-1.884060,0.860000,0.680000,0.560000,0.100000,-1.000000,1.103199
893,-1.131985,-1.677052,-3.564265,1.099284,0.138983,-1.874668,0.860000,0.680000,0.540000,0.100000,-1.000000,1.099284
894,-1.142580,-1.673810,-3.583012,1.095182,0.149087,-1.856232,0.880000,0.680000,0.540000,0.100000,-1.000000,1.095182
895,-1.153119,-1.670479,-3.601574,1.090916,0.158742,-1.829683,0.880000,0.680000,0.580000,0.100000,-1.000000,1.090916
896,-1.163599,-1.667059,-3.619871,1.086511,0.167876,-1.795907,0.880000,0.680000,0.560000,0.100000,-1.000000,1.086511
897,-1.174018,-1.663548,-3.637830,1.081994,0.176428,-1.755740,0.880000,0.680000,0.560000,0.100000,-1.000000,1.081994
898,-1.184373,-1.659948,-3.655388,1.077392,0.184347,-1.709966,0.860000,0.660000,0.540000,0.100000,-1.000000,1.077392
899,-1.194662,-1.656258,-3.672487,1.072735,0.191588,-1.659315,0.840000,0.660000,0.540000,0.100000,-1.000000,1.072735
900,-1.204883,-1.652479,-3.689080,1.068050,0.198119,-1.604469,0.840000,0.660000,0.540000,0.100000,-1.000000,1.068050
901,-1.215033,-1.648611,-3.705125,1.063364,0.203910,-1.546066,0.840000,0.660000,0.520000,0.100000,-1.000000,1.063364
902,-1.225112,-1.644655,-3.720586,1.058704,0.208943,-1.484702,0.840000,0.660000,0.560000,0.100000,-1.000000,1.058704
903,-1.235117,-1.640611,-3.735433,1.054093,0.213203,-1.420938,0.840000,0.660000,0.560000,0.100000,-1.000000,1.054093
904,-1.245046,-1.636479,-3.749642,1.049555,0.216682,-1.355303,0.860000,0.640000,0.560000,0.100000,-1.000000,1.049555
905,-1.254898,-1.632262,-3.763195,1.045110,0.219379,-1.288304,0.860000,0.640000,0.540000,0.100000,-1.000000,1.045110
906,-1.264672,-1.627959,-3.776078,1.040774,0.221296,-1.220425,0.860000,0.640000,0.540000,0.100000,-1.000000,1.040774
907,-1.274366,-1.623572,-3.788282,1.036565,0.222441,-1.152135,0.860000,0.640000,0.540000,0.100000,-1.000000,1.036565
908,-1.283979,-1.619102,-3.799804,1.032493,0.222828,-1.083890,0.860000,0.640000,0.520000,0.100000,-1.000000,1.032493
909,-1.293510,-1.614549,-3.810643,1.028569,0.222472,-1.016139,0.860000,0.620000,0.520000,0.100000,-1.000000,1.028569
910,-1.302958,-1.609914,-3.820804,1.024800,0.221396,-0.949328,0.860000,0.620000,0.520000,0.100000,-1.000000,1.024800
911,-1.312322,-1.605199,-3.830297,1.021191,0.219625,-0.883900,0.860000,0.620000,0.500000,0.100000,-1.000000,1.021191
912,-1.321602,-1.600405,-3.839136,1.017742,0.217189,-0.820297,0.860000,0.620000,0.500000,0.100000,-1.000000,1.017742
913,-1.330798,-1.595532,-3.847339,1.014454,0.214121,-0.758965,0.860000,0.600000,0.500000,0.100000,-1.000000,1.014454
914,-1.339908,-1.590582,-3.854929,1.011322,0.210461,-0.700349,0.840000,0.600000,0.480000,0.100000,-1.000000,1.011322
915,-1.348932,-1.585556,-3.861933,1.008343,0.206249,-0.644898,0.840000,0.600000,0.480000,0.100000,-1.000000,1.008343
916,-1.357871,-1.580455,-3.868382,1.005508,0.201532,-0.593058,0.840000,0.600000,0.480000,0.100000,-1.000000,1.005508
917,-1.366725,-1.575279,-3.874312,1.002810,0.196359,-0.545269,0.840000,0.580000,0.480000,0.100000,-1.000000,1.002810
918,-1.375493,-1.570031,-3.879765,1.000236,0.190784,-0.501964,0.820000,0.580000,0.460000,0.100000,-1.000000,1.000236
919,-1.384175,-1.564712,-3.884784,0.997777,0.184863,-0.463557,0.820000,0.580000,0.460000,0.100000,-1.000000,0.997777
920,-1.392773,-1.559321,-3.889420,0.995420,0.178656,-0.430438,0.820000,0.560000,0.460000,0.100000,-1.000000,0.995420
921,-1.401286,-1.553862,-3.893724,0.993152,0.172225,-0.402963,0.800000,0.560000,0.440000,0.100000,-1.000000,0.993152
922,-1.409715,-1.548334,-3.897754,0.990960,0.165635,-0.381442,0.800000,0.540000,0.440000,0.100000,-1.000000,0.990960
923,-1.418060,-1.542740,-3.901568,0.988832,0.158952,-0.366127,0.780000,0.540000,0.440000,0.100000,-1.000000,0.988832
924,-1.426323,-1.537080,-3.905230,0.986755,0.152242,-0.357203,0.780000,0.540000,0.420000,0.100000,-1.000000,0.986755
925,-1.434503,-1.531356,-3.908802,0.984718,0.145571,-0.354775,0.760000,0.520000,0.420000,0.100000,-1.000000,0.984718
926,-1.442602,-1.525568,-3.912349,0.982710,0.139005,-0.358861,0.760000,0.520000,0.420000,0.100000,-1.000000,0.982710
927,-1.450620,-1.519719,-3.915938,0.980722,0.132605,-0.369382,0.740000,0.520000,0.400000,0.100000,-1.000000,0.980722
928,-1.458559,-1.513810,-3.919632,0.978744,0.126433,-0.386162,0.740000,0.500000,0.400000,0.100000,-1.000000,0.978744
929,-1.466418,-1.507841,-3.923494,0.976770,0.120541,-0.408923,0.740000,0.500000,0.400000,0.100000,-1.000000,0.976770
930,-1.474198,-1.501813,-3.927583,0.974793,0.114982,-0.437293,0.720000,0.500000,0.380000,0.100000,-1.000000,0.974793
931,-1.481900,-1.495729,-3.931956,0.972808,0.109799,-0.470811,0.720000,0.480000,0.380000,0.100000,-1.000000,0.972808
932,-1.489525,-1.489589,-3.936664,0.970811,0.105029,-0.508937,0.700000,0.480000,0.380000,0.100000,-1.000000,0.970811
933,-1.497073,-1.483393,-3.941753,0.968798,0.100705,-0.551066,0.700000,0.480000,0.360000,0.100000,-1.000000,0.968798
934,-1.504544,-1.477144,-3.947264,0.966767,0.096849,-0.596542,0.700000,0.460000,0.360000,0.100000,-1.000000,0.966767
935,-1.511938,-1.470842,-3.953229,0.964714,0.093478,-0.644675,0.680000,0.460000,0.360000,0.100000,-1.000000,0.964714
936,-1.519257,-1.464487,-3.959676,0.962639,0.090601,-0.694756,0.680000,0.460000,0.360000,0.100000,-1.000000,0.962639
937,-1.526499,-1.458080,-3.966624,0.960538,0.088220,-0.746077,0.680000,0.460000,0.340000,0.100000,-1.000000,0.960538
938,-1.533664,-1.451623,-3.974084,0.958410,0.086329,-0.797943,0.680000,0.440000,0.340000,0.100000,-1.000000,0.958410
939,-1.540753,-1.445116,-3.982064,0.956253,0.084919,-0.849686,0.680000,0.440000,0.340000,0.100000,-1.000000,0.956253
940,-1.547765,-1.438559,-3.990561,0.954065,0.083972,-0.900679,0.680000,0.440000,0.340000,0.100000,-1.000000,0.954065
941,-1.554700,-1.431952,-3.999567,0.951842,0.083466,-0.950342,0.680000,0.440000,0.320000,0.100000,-1.000000,0.951842
942,-1.561556,-1.425297,-4.009071,0.949584,0.083376,-0.998155,0.680000,0.420000,0.320000,0.100000,-1.000000,0.949584
943,-1.568333,-1.418594,-4.019052,0.947288,0.083671,-1.043659,0.680000,0.420000,0.320000,0.100000,-1.000000,0.947288
944,-1.575031,-1.411843,-4.029489,0.944952,0.084320,-1.086461,0.680000,0.420000,0.320000,0.100000,-1.000000,0.944952
945,-1.581648,-1.405045,-4.040354,0.942573,0.085287,-1.126237,0.680000,0.420000,0.300000,0.100000,-1.000000,0.942573
946,-1.588184,-1.398199,-4.051616,0.940150,0.086535,-1.162727,0.700000,0.420000,0.300000,0.100000,-1.000000,0.940150
947,-1.594637,-1.391308,-4.063243,0.937681,0.088027,-1.195737,0.700000,0.420000,0.300000,0.100000,-1.000000,0.937681
948,-1.601007,-1.384370,-4.075201,0.935167,0.089726,-1.225135,0.720000,0.420000,0.300000,0.100000,-1.000000,0.935167
949,-1.607291,-1.377388,-4.087452,0.932606,0.091593,-1.250845,0.720000,0.420000,0.300000,0.100000,-1.000000,0.932606
950,-1.613490,-1.370360,-4.099960,0.929998,0.093592,-1.272846,0.740000,0.400000,0.280000,0.100000,-1.000000,0.929998
951,-1.619602,-1.363288,-4.112689,0.927345,0.095686,-1.291161,0.760000,0.400000,0.280000,0.100000,-1.000000,0.927345
952,-1.625626,-1.356173,-4.125600,0.924647,0.097842,-1.305859,0.780000,0.400000,0.280000,0.100000,-1.000000,0.924647
953,-1.631561,-1.349015,-4.138659,0.921907,0.100026,-1.317040,0.800000,0.400000,0.280000,0.100000,-1.000000,0.921907
954,-1.637404,-1.341815,-4.151829,0.919127,0.102206,-1.324840,0.820000,0.400000,0.280000,0.100000,-1.000000,0.919127
955,-1.643157,-1.334574,-4.165078,0.916309,0.104355,-1.329418,0.860000,0.400000,0.280000,0.100000,-1.000000,0.916309
956,-1.648816,-1.327292,-4.178372,0.913459,0.106445,-1.330957,0.880000,0.400000,0.280000,0.100000,-1.000000,0.913459
957,-1.654382,-1.319971,-4.191682,0.910578,0.108451,-1.329654,0.920000,0.400000,0.260000,0.100000,-1.000000,0.910578
958,-1.659853,-1.312612,-4.204978,0.907672,0.110353,-1.325722,0.920000,0.400000,0.260000,0.100000,-1.000000,0.907672
959,-1.665228,-1.305215,-4.218235,0.904745,0.112130,-1.319384,0.900000,0.400000,0.260000,0.100000,-1.000000,0.904745
960,-1.670506,-1.297782,-4.231429,0.901801,0.113765,-1.310868,0.900000,0.400000,0.260000,0.100000,-1.000000,0.901801
961,-1.675687,-1.290313,-4.244538,0.898845,0.115244,-1.300409,0.880000,0.400000,0.260000,0.100000,-1.000000,0.898845
962,-1.680769,-1.282810,-4.257542,0.895882,0.116554,-1.288243,0.920000,0.400000,0.260000,0.100000,-1.000000,0.895882
963,-1.685752,-1.275274,-4.270424,0.892915,0.117686,-1.274606,1.000000,0.380000,0.260000,0.050000,-1.000000,0.892915
964,-1.690635,-1.267707,-4.283170,0.886450,0.118631,-1.259736,1.000000,0.380000,0.240000,0.050000,-1.000000,0.886450
965,-1.695402,-1.260140,-4.295768,0.879990,0.119328,-1.243218,1.000000,0.360000,0.240000,0.050000,-1.000000,0.879990
966,-1.700055,-1.252576,-4.308200,0.873543,0.119770,-1.225357,1.000000,0.360000,0.240000,0.050000,-1.000000,0.873543
967,-1.704591,-1.245015,-4.320454,0.867111,0.119954,-1.206451,1.000000,0.360000,0.240000,0.050000,-1.000000,0.867111
968,-1.709012,-1.237460,-4.332518,0.860700,0.119879,-1.186794,1.000000,0.340000,0.240000,0.050000,-1.000000,0.860700
969,-1.713317,-1.229911,-4.344386,0.854315,0.119547,-1.166674,1.000000,0.340000,0.240000,0.050000,-1.000000,0.854315
970,-1.717506,-1.222370,-4.356053,0.847958,0.118964,-1.146369,1.000000,0.320000,0.240000,0.050000,-1.000000,0.847958
971,-1.721579,-1.214838,-4.367516,0.841633,0.118136,-1.126151,1.000000,0.320000,0.240000,0.050000,-1.000000,0.841633
972,-1.725536,-1.207316,-4.378778,0.835342,0.117072,-1.106280,1.000000,0.320000,0.240000,0.050000,-1.000000,0.835342
973,-1.729377,-1.199807,-4.389841,0.829087,0.115783,-1.087008,1.000000,0.320000,0.220000,0.050000,-1.000000,0.829087
974,-1.733103,-1.192311,-4.400711,0.822870,0.114283,-1.068572,1.000000,0.320000,0.220000,0.050000,-1.000000,0.822870
975,-1.736715,-1.184829,-4.411397,0.816691,0.112586,-1.051198,1.000000,0.320000,0.220000,0.050000,-1.000000,0.816691
976,-1.740211,-1.177363,-4.421909,0.810550,0.110707,-1.035096,1.000000,0.320000,0.220000,0.050000,-1.000000,0.810550
977,-1.743593,-1.169914,-4.432259,0.804449,0.108663,-1.020461,1.000000,0.320000,0.220000,0.050000,-1.000000,0.804449
978,-1.746862,-1.162483,-4.442464,0.798385,0.106473,-1.007468,1.000000,0.320000,0.220000,0.050000,-1.000000,0.798385
979,-1.750017,-1.155073,-4.452539,0.792359,0.104154,-0.996277,1.000000,0.320000,0.220000,0.050000,-1.000000,0.792359
980,-1.753059,-1.147683,-4.462502,0.786370,0.101727,-0.987023,1.000000,0.320000,0.220000,0.050000,-1.000000,0.786370
981,-1.755990,-1.140315,-4.472372,0.780415,0.099210,-0.979820,1.000000,0.320000,0.220000,0.050000,-1.000000,0.780415
982,-1.758808,-1.132970,-4.482170,0.774494,0.096622,-0.974759,1.000000,0.320000,0.220000,0.050000,-1.000000,0.774494
983,-1.761517,-1.125650,-4.491918,0.768604,0.093984,-0.971905,1.000000,0.340000,0.220000,0.050000,-1.000000,0.768604
984,-1.764114,-1.118356,-4.501637,0.762744,0.091313,-0.971297,1.000000,0.340000,0.220000,0.050000,-1.000000,0.762744
985,-1.766603,-1.111088,-4.511350,0.756913,0.088628,-0.972950,1.000000,0.340000,0.220000,0.050000,-1.000000,0.756913
986,-1.768983,-1.103848,-4.521079,0.751108,0.085946,-0.976850,1.000000,0.360000,0.220000,0.050000,-1.000000,0.751108
987,-1.771255,-1.096638,-4.530848,0.745327,0.083284,-0.982958,1.000000,0.360000,0.220000,0.050000,-1.000000,0.745327
988,-1.773420,-1.089457,-4.540677,0.739568,0.080656,-0.991210,1.000000,0.360000,0.220000,0.050000,-1.000000,0.739568
989,-1.775478,-1.082308,-4.550589,0.733831,0.078076,-1.001518,1.000000,0.380000,0.220000,0.050000,-1.000000,0.733831
990,-1.777431,-1.075191,-4.560604,0.728113,0.075555,-1.013772,1.000000,0.400000,0.220000,0.050000,-1.000000,0.728113
991,-1.779279,-1.068108,-4.570742,0.722413,0.073106,-1.027841,1.000000,0.420000,0.200000,0.050000,-1.000000,0.722413
992,-1.781022,-1.061060,-4.581021,0.716729,0.070735,-1.043578,1.000000,0.440000,0.200000,0.050000,-1.000000,0.716729
993,-1.782662,-1.054047,-4.591456,0.711060,0.068452,-1.060821,1.000000,0.460000,0.200000,0.050000,-1.000000,0.711060
994,-1.784200,-1.047071,-4.602065,0.705405,0.066261,-1.079398,1.000000,0.480000,0.180000,0.050000,-1.000000,0.705405
995,-1.785635,-1.040132,-4.612859,0.699763,0.064166,-1.099128,1.000000,0.520000,0.180000,0.050000,-1.000000,0.699763
996,-1.786969,-1.033233,-4.623850,0.694133,0.062169,-1.119824,1.000000,0.580000,0.180000,0.050000,-1.000000,0.694133
997,-1.788202,-1.026374,-4.635048,0.688513,0.060272,-1.141302,1.000000,0.640000,0.160000,0.050000,-1.000000,0.688513
998,-1.789335,-1.019556,-4.646461,0.682904,0.058473,-1.163374,1.000000,0.660000,0.160000,0.050000,-1.000000,0.682904
999,-1.790368,-1.012780,-4.658095,0.677304,0.056771,-1.185863,1.000000,0.660000,0.160000,0.050000,-1.000000,0.677304
