step,x,y,mu,vx,vy,omega,lidar_l,lidar_c,lidar_r,throttle,steering,reward
0,-0.379746,-1.804564,-1.851521,0.000000,0.000000,0.000000,0.160000,0.140000,0.120000,0.100000,-1.000000,0.000000
1,-0.379746,-1.804564,-1.851521,0.007000,0.000000,0.000000,0.160000,0.140000,0.120000,0.100000,-1.000000,0.007000
2,-0.379765,-1.804631,-1.851521,0.014000,0.000000,0.000000,0.160000,0.140000,0.120000,0.100000,-1.000000,0.014000
3,-0.379804,-1.804765,-1.851521,0.012635,-0.005371,-0.229722,0.160000,0.140000,0.120000,0.100000,-1.000000,0.012635
4,-0.379891,-1.804872,-1.853818,0.014456,-0.013642,-0.130547,0.160000,0.140000,0.120000,0.100000,-1.000000,0.014456
5,-0.380062,-1.804973,-1.855124,0.018464,-0.007716,-0.594771,0.160000,0.140000,0.120000,0.100000,-1.000000,0.018464
6,-0.380188,-1.805128,-1.861071,0.023814,-0.016534,-0.259800,0.160000,0.140000,0.120000,0.100000,-1.000000,0.023814
7,-0.380414,-1.805309,-1.863669,0.026136,-0.012580,-0.726427,0.160000,0.140000,0.120000,0.100000,-1.000000,0.026136
8,-0.380610,-1.805523,-1.870934,0.030956,-0.021285,-0.426882,0.160000,0.140000,0.120000,0.100000,-1.000000,0.030956
9,-0.380905,-1.805756,-1.875203,0.033981,-0.017852,-0.826197,0.160000,0.140000,0.120000,0.100000,-1.000000,0.033981
10,-0.381177,-1.806026,-1.883465,0.038344,-0.025797,-0.589363,0.160000,0.140000,0.120000,0.100000,-1.000000,0.038344
11,-0.381541,-1.806312,-1.889358,0.041704,-0.023224,-0.926226,0.160000,0.140000,0.120000,0.100000,-1.000000,0.041704
12,-0.381892,-1.806635,-1.898620,0.045867,-0.029787,-0.767228,0.160000,0.140000,0.120000,0.100000,-1.000000,0.045867
13,-0.382322,-1.806974,-1.906293,0.049446,-0.028652,-1.019612,0.160000,0.140000,0.120000,0.100000,-1.000000,0.049446
14,-0.382755,-1.807346,-1.916489,0.053473,-0.033471,-0.952181,0.160000,0.140000,0.120000,0.100000,-1.000000,0.053473
15,-0.383251,-1.807736,-1.926011,0.057212,-0.033962,-1.113680,0.160000,0.140000,0.120000,0.100000,-1.000000,0.057212
16,-0.383769,-1.808154,-1.937147,0.061152,-0.037174,-1.128214,0.160000,0.140000,0.120000,0.100000,-1.000000,0.061152
17,-0.384335,-1.808592,-1.948430,0.064996,-0.038811,-1.224822,0.160000,0.140000,0.120000,0.100000,-1.000000,0.064996
18,-0.384935,-1.809053,-1.960678,0.068903,-0.041150,-1.281770,0.160000,0.140000,0.120000,0.100000,-1.000000,0.068903
19,-0.385578,-1.809534,-1.973495,0.072800,-0.043167,-1.353740,0.160000,0.140000,0.120000,0.100000,-1.000000,0.072800
20,-0.386260,-1.810034,-1.987033,0.076713,-0.045245,-1.420158,0.160000,0.140000,0.120000,0.100000,-1.000000,0.076713
21,-0.386984,-1.810553,-2.001234,0.080636,-0.047265,-1.487219,0.160000,0.140000,0.120000,0.100000,-1.000000,0.080636
22,-0.387750,-1.811089,-2.016107,0.084568,-0.049253,-1.553404,0.160000,0.140000,0.120000,0.100000,-1.000000,0.084568
23,-0.388559,-1.811640,-2.031641,0.088510,-0.051204,-1.618947,0.180000,0.140000,0.120000,0.100000,-1.000000,0.088510
24,-0.389411,-1.812205,-2.047830,0.092462,-0.053116,-1.683782,0.180000,0.140000,0.120000,0.100000,-1.000000,0.092462
25,-0.390307,-1.812782,-2.064668,0.096422,-0.054987,-1.747878,0.180000,0.140000,0.120000,0.100000,-1.000000,0.096422
26,-0.391249,-1.813371,-2.082147,0.100391,-0.056815,-1.811200,0.180000,0.140000,0.120000,0.100000,-1.000000,0.100391
27,-0.392235,-1.813968,-2.100259,0.104368,-0.058600,-1.873714,0.180000,0.140000,0.120000,0.100000,-1.000000,0.104368
28,-0.393268,-1.814573,-2.118996,0.108353,-0.060338,-1.935386,0.180000,0.140000,0.120000,0.100000,-1.000000,0.108353
29,-0.394348,-1.815183,-2.138350,0.112344,-0.062029,-1.996181,0.180000,0.140000,0.120000,0.100000,-1.000000,0.112344
30,-0.395475,-1.815797,-2.158312,0.116341,-0.063671,-2.056065,0.200000,0.140000,0.120000,0.100000,-1.000000,0.116341
31,-0.396650,-1.816413,-2.178872,0.120343,-0.065262,-2.115003,0.200000,0.140000,0.120000,0.100000,-1.000000,0.120343
32,-0.397873,-1.817027,-2.200022,0.124349,-0.066802,-2.172961,0.200000,0.140000,0.120000,0.100000,-1.000000,0.124349
33,-0.399145,-1.817640,-2.221752,0.128358,-0.068287,-2.229905,0.200000,0.140000,0.120000,0.100000,-1.000000,0.128358
34,-0.400466,-1.818247,-2.244051,0.132369,-0.069718,-2.285802,0.220000,0.140000,0.120000,0.100000,-1.000000,0.132369
35,-0.401836,-1.818847,-2.266909,0.136380,-0.071092,-2.340617,0.220000,0.140000,0.120000,0.100000,-1.000000,0.136380
36,-0.403256,-1.819438,-2.290315,0.140391,-0.072408,-2.394318,0.220000,0.140000,0.120000,0.100000,-1.000000,0.140391
37,-0.404726,-1.820016,-2.314258,0.144399,-0.073665,-2.446873,0.240000,0.160000,0.120000,0.100000,-1.000000,0.144399
38,-0.406246,-1.820581,-2.338727,0.148404,-0.074862,-2.498250,0.240000,0.160000,0.120000,0.100000,-1.000000,0.148404
39,-0.407815,-1.821128,-2.363709,0.152403,-0.075998,-2.548418,0.260000,0.160000,0.120000,0.100000,-1.000000,0.152403
40,-0.409434,-1.821656,-2.389194,0.156395,-0.077072,-2.597348,0.280000,0.160000,0.120000,0.100000,-1.000000,0.156395
41,-0.411103,-1.822163,-2.415167,0.160378,-0.078082,-2.645011,0.280000,0.160000,0.120000,0.100000,-1.000000,0.160378
42,-0.412820,-1.822644,-2.441617,0.164351,-0.079028,-2.691379,0.300000,0.160000,0.120000,0.100000,-1.000000,0.164351
43,-0.414586,-1.823098,-2.468531,0.168311,-0.079910,-2.736426,0.320000,0.180000,0.120000,0.100000,-1.000000,0.168311
44,-0.416400,-1.823523,-2.495895,0.172256,-0.080726,-2.780126,0.360000,0.180000,0.140000,0.100000,-1.000000,0.172256
45,-0.418262,-1.823915,-2.523697,0.176185,-0.081476,-2.822456,0.380000,0.180000,0.140000,0.100000,-1.000000,0.176185
46,-0.420170,-1.824271,-2.551921,0.180096,-0.082160,-2.863393,0.440000,0.200000,0.140000,0.100000,-1.000000,0.180096
47,-0.422124,-1.824590,-2.580555,0.183986,-0.082778,-2.902919,0.480000,0.200000,0.140000,0.100000,-1.000000,0.183986
48,-0.424122,-1.824868,-2.609584,0.187853,-0.083329,-2.941013,0.560000,0.200000,0.140000,0.100000,-1.000000,0.187853
49,-0.426164,-1.825103,-2.638994,0.191695,-0.083813,-2.977659,0.640000,0.220000,0.140000,0.100000,-1.000000,0.191695
50,-0.428247,-1.825292,-2.668771,0.195510,-0.084231,-3.012842,0.640000,0.220000,0.140000,0.100000,-1.000000,0.195510
51,-0.430371,-1.825432,-2.698899,0.199296,-0.084583,-3.046550,0.640000,0.240000,0.160000,0.100000,-1.000000,0.199296
52,-0.432535,-1.825521,-2.729365,0.203050,-0.084870,-3.078772,0.900000,0.260000,0.160000,0.100000,-1.000000,0.203050
53,-0.434735,-1.825557,-2.760153,0.206771,-0.085091,-3.109500,0.900000,0.280000,0.160000,0.100000,-1.000000,0.206771
54,-0.436971,-1.825537,-2.791248,0.210456,-0.085248,-3.138727,0.980000,0.300000,0.160000,0.100000,-1.000000,0.210456
55,-0.439240,-1.825459,-2.822635,0.214102,-0.085341,-3.166451,1.000000,0.320000,0.180000,0.100000,-1.000000,0.214102
56,-0.441541,-1.825320,-2.854299,0.217709,-0.085372,-3.192670,1.000000,0.360000,0.180000,0.100000,-1.000000,0.217709
57,-0.443871,-1.825118,-2.886226,0.221273,-0.085341,-3.217384,1.000000,0.400000,0.180000,0.100000,-1.000000,0.221273
58,-0.446227,-1.824851,-2.918400,0.224793,-0.085251,-3.240598,1.000000,0.460000,0.200000,0.100000,-1.000000,0.224793
59,-0.448608,-1.824518,-2.950806,0.228266,-0.085102,-3.262318,1.000000,0.540000,0.200000,0.100000,-1.000000,0.228266
60,-0.451011,-1.824115,-2.983429,0.231691,-0.084896,-3.282553,1.000000,0.620000,0.220000,0.100000,-1.000000,0.231691
61,-0.453432,-1.823641,-3.016255,0.235066,-0.084634,-3.301313,1.000000,0.620000,0.240000,0.100000,-1.000000,0.235066
62,-0.455870,-1.823096,-3.049268,0.238389,-0.084319,-3.318612,1.000000,0.680000,0.240000,0.100000,-1.000000,0.238389
63,-0.458322,-1.822476,-3.082454,0.241658,-0.083953,-3.334466,1.000000,0.880000,0.260000,0.100000,-1.000000,0.241658
64,-0.460784,-1.821780,-3.115799,0.244872,-0.083537,-3.348894,1.000000,0.880000,0.300000,0.100000,-1.000000,0.244872
65,-0.463253,-1.821009,-3.149287,0.248029,-0.083073,-3.361916,1.000000,0.960000,0.320000,0.100000,-1.000000,0.248029
66,-0.465727,-1.820159,-3.182907,0.251128,-0.082564,-3.373556,1.000000,1.000000,0.360000,0.100000,-1.000000,0.251128
67,-0.468202,-1.819230,-3.216642,0.254167,-0.082013,-3.383839,1.000000,1.000000,0.400000,0.100000,-1.000000,0.254167
68,-0.470675,-1.818222,-3.250481,0.257146,-0.081421,-3.392792,0.680000,1.000000,0.460000,0.100000,-1.000000,0.257146
69,-0.473143,-1.817133,-3.284408,0.260062,-0.080791,-3.400445,0.640000,1.000000,0.520000,0.100000,-1.000000,0.260062
70,-0.475602,-1.815963,-3.318413,0.262916,-0.080126,-3.406830,0.600000,1.000000,0.600000,0.100000,-1.000000,0.262916
71,-0.478049,-1.814712,-3.352481,0.265706,-0.079427,-3.411980,0.560000,1.000000,0.600000,0.100000,-1.000000,0.265706
72,-0.480481,-1.813379,-3.386601,0.268432,-0.078699,-3.415930,0.520000,1.000000,0.680000,0.100000,-1.000000,0.268432
73,-0.482895,-1.811964,-3.420760,0.271092,-0.077943,-3.418717,0.500000,1.000000,0.860000,0.100000,-1.000000,0.271092
74,-0.485286,-1.810468,-3.454947,0.273687,-0.077161,-3.420380,0.480000,1.000000,0.900000,0.100000,-1.000000,0.273687
75,-0.487651,-1.808890,-3.489151,0.276217,-0.076358,-3.420958,0.460000,1.000000,0.940000,0.100000,-1.000000,0.276217
76,-0.489988,-1.807232,-3.523361,0.278680,-0.075534,-3.420492,0.440000,1.000000,1.000000,0.100000,-1.000000,0.278680
77,-0.492293,-1.805492,-3.557566,0.281077,-0.074694,-3.419025,0.420000,1.000000,1.000000,0.100000,-1.000000,0.281077
78,-0.494562,-1.803673,-3.591756,0.283408,-0.073838,-3.416600,0.400000,0.660000,1.000000,0.100000,-1.000000,0.283408
79,-0.496793,-1.801775,-3.625922,0.285673,-0.072971,-3.413261,0.400000,0.620000,1.000000,0.100000,-1.000000,0.285673
80,-0.498981,-1.799800,-3.660055,0.287873,-0.072094,-3.409053,0.380000,0.580000,1.000000,0.100000,-1.000000,0.287873
81,-0.501124,-1.797747,-3.694145,0.290007,-0.071210,-3.404020,0.360000,0.540000,1.000000,0.100000,-1.000000,0.290007
82,-0.503219,-1.795619,-3.728185,0.292076,-0.070321,-3.398210,0.360000,0.500000,1.000000,0.100000,-1.000000,0.292076
83,-0.505262,-1.793416,-3.762167,0.294082,-0.069430,-3.391668,0.340000,0.480000,1.000000,0.100000,-1.000000,0.294082
84,-0.507251,-1.791141,-3.796084,0.296023,-0.068538,-3.384440,0.340000,0.460000,1.000000,0.100000,-1.000000,0.296023
85,-0.509182,-1.788795,-3.829929,0.297902,-0.067648,-3.376573,0.320000,0.440000,1.000000,0.100000,-1.000000,0.297902
86,-0.511053,-1.786381,-3.863694,0.299719,-0.066762,-3.368113,0.320000,0.420000,1.000000,0.100000,-1.000000,0.299719
87,-0.512861,-1.783898,-3.897375,0.301476,-0.065881,-3.359106,0.300000,0.400000,1.000000,0.100000,-1.000000,0.301476
88,-0.514603,-1.781351,-3.930966,0.303172,-0.065008,-3.349597,0.300000,0.380000,0.640000,0.100000,-1.000000,0.303172
89,-0.516277,-1.778741,-3.964462,0.304810,-0.064144,-3.339633,0.300000,0.360000,0.580000,0.100000,-1.000000,0.304810
90,-0.517880,-1.776070,-3.997859,0.306390,-0.063290,-3.329256,0.280000,0.360000,0.540000,0.100000,-1.000000,0.306390
91,-0.519410,-1.773341,-4.031151,0.307914,-0.062449,-3.318511,0.280000,0.340000,0.520000,0.100000,-1.000000,0.307914
92,-0.520864,-1.770556,-4.064336,0.309383,-0.061621,-3.307441,0.280000,0.340000,0.480000,0.100000,-1.000000,0.309383
93,-0.522240,-1.767718,-4.097411,0.310798,-0.060808,-3.296088,0.280000,0.320000,0.460000,0.100000,-1.000000,0.310798
94,-0.523536,-1.764828,-4.130372,0.312160,-0.060011,-3.284493,0.260000,0.320000,0.440000,0.100000,-1.000000,0.312160
95,-0.524751,-1.761891,-4.163217,0.313472,-0.059230,-3.272694,0.260000,0.300000,0.420000,0.100000,-1.000000,0.313472
96,-0.525882,-1.758908,-4.195944,0.314734,-0.058468,-3.260732,0.260000,0.300000,0.400000,0.100000,-1.000000,0.314734
97,-0.526928,-1.755882,-4.228551,0.315948,-0.057723,-3.248642,0.260000,0.280000,0.380000,0.100000,-1.000000,0.315948
98,-0.527886,-1.752817,-4.261037,0.317115,-0.056998,-3.236461,0.260000,0.280000,0.360000,0.100000,-1.000000,0.317115
99,-0.528757,-1.749715,-4.293402,0.318237,-0.056292,-3.224222,0.260000,0.280000,0.340000,0.100000,-1.000000,0.318237
100,-0.529537,-1.746578,-4.325644,0.319315,-0.055607,-3.211959,0.240000,0.260000,0.340000,0.100000,-1.000000,0.319315
101,-0.530227,-1.743411,-4.357764,0.320351,-0.054941,-3.199702,0.240000,0.260000,0.320000,0.100000,-1.000000,0.320351
102,-0.530824,-1.740216,-4.389761,0.321345,-0.054297,-3.187481,0.240000,0.260000,0.300000,0.100000,-1.000000,0.321345
103,-0.531328,-1.736997,-4.421636,0.322301,-0.053673,-3.175324,0.240000,0.240000,0.300000,0.100000,-1.000000,0.322301
104,-0.531737,-1.733755,-4.453389,0.323218,-0.053070,-3.163256,0.240000,0.240000,0.280000,0.100000,-1.000000,0.323218
105,-0.532052,-1.730495,-4.485021,0.324099,-0.052488,-3.151302,0.240000,0.240000,0.280000,0.100000,-1.000000,0.324099
106,-0.532271,-1.727219,-4.516534,0.324944,-0.051926,-3.139484,0.240000,0.240000,0.260000,0.100000,-1.000000,0.324944
107,-0.532394,-1.723931,-4.547929,0.325756,-0.051386,-3.127823,0.240000,0.240000,0.260000,0.100000,-1.000000,0.325756
108,-0.532421,-1.720633,-4.579207,0.326535,-0.050865,-3.116339,0.240000,0.220000,0.260000,0.100000,-1.000000,0.326535
109,-0.532350,-1.717329,-4.610371,0.327283,-0.050365,-3.105048,0.240000,0.220000,0.240000,0.100000,-1.000000,0.327283
110,-0.532183,-1.714022,-4.641421,0.328001,-0.049884,-3.093966,0.220000,0.220000,0.240000,0.100000,-1.000000,0.328001
111,-0.531918,-1.710715,-4.672361,0.328690,-0.049423,-3.083107,0.220000,0.220000,0.240000,0.100000,-1.000000,0.328690
112,-0.531555,-1.707411,-4.703192,0.329352,-0.048980,-3.072483,0.220000,0.220000,0.220000,0.100000,-1.000000,0.329352
113,-0.531096,-1.704113,-4.733917,0.329987,-0.048557,-3.062105,0.220000,0.220000,0.220000,0.100000,-1.000000,0.329987
114,-0.530539,-1.700824,-4.764538,0.330598,-0.048151,-3.051982,0.220000,0.220000,0.220000,0.100000,-1.000000,0.330598
115,-0.529886,-1.697548,-4.795058,0.331184,-0.047762,-3.042122,0.220000,0.200000,0.220000,0.100000,-1.000000,0.331184
116,-0.529137,-1.694287,-4.825479,0.331747,-0.047391,-3.032530,0.220000,0.200000,0.220000,0.100000,-1.000000,0.331747
117,-0.528291,-1.691044,-4.855804,0.332289,-0.047036,-3.023212,0.220000,0.200000,0.200000,0.100000,-1.000000,0.332289
118,-0.527351,-1.687822,-4.886036,0.332809,-0.046696,-3.014171,0.220000,0.200000,0.200000,0.100000,-1.000000,0.332809
119,-0.526316,-1.684625,-4.916178,0.333309,-0.046372,-3.005410,0.240000,0.200000,0.200000,0.100000,-1.000000,0.333309
120,-0.525187,-1.681455,-4.946232,0.333791,-0.046063,-2.996928,0.240000,0.200000,0.200000,0.100000,-1.000000,0.333791
121,-0.523966,-1.678314,-4.976202,0.334254,-0.045767,-2.988728,0.240000,0.200000,0.200000,0.100000,-1.000000,0.334254
122,-0.522652,-1.675207,-5.006089,0.334700,-0.045485,-2.980806,0.240000,0.200000,0.200000,0.100000,-1.000000,0.334700
123,-0.521248,-1.672135,-5.035897,0.335129,-0.045216,-2.973162,0.240000,0.200000,0.180000,0.100000,-1.000000,0.335129
124,-0.519754,-1.669101,-5.065628,0.335543,-0.044960,-2.965792,0.240000,0.200000,0.180000,0.100000,-1.000000,0.335543
125,-0.518171,-1.666108,-5.095286,0.335941,-0.044715,-2.958694,0.240000,0.200000,0.180000,0.100000,-1.000000,0.335941
126,-0.516501,-1.663159,-5.124873,0.336325,-0.044481,-2.951862,0.240000,0.200000,0.180000,0.100000,-1.000000,0.336325
127,-0.514746,-1.660256,-5.154392,0.336696,-0.044258,-2.945292,0.240000,0.200000,0.180000,0.100000,-1.000000,0.336696
128,-0.512905,-1.657402,-5.183845,0.337054,-0.044045,-2.938978,0.260000,0.200000,0.180000,0.100000,-1.000000,0.337054
129,-0.510982,-1.654599,-5.213235,0.337399,-0.043842,-2.932914,0.260000,0.200000,0.180000,0.100000,-1.000000,0.337399
130,-0.508978,-1.651850,-5.242564,0.337732,-0.043647,-2.927095,0.260000,0.200000,0.180000,0.100000,-1.000000,0.337732
131,-0.506893,-1.649157,-5.271835,0.338054,-0.043462,-2.921512,0.260000,0.200000,0.180000,0.100000,-1.000000,0.338054
132,-0.504731,-1.646523,-5.301050,0.338365,-0.043284,-2.916160,0.280000,0.200000,0.180000,0.100000,-1.000000,0.338365
133,-0.502492,-1.643949,-5.330211,0.338666,-0.043115,-2.911031,0.280000,0.200000,0.180000,0.100000,-1.000000,0.338666
134,-0.500179,-1.641438,-5.359322,0.338958,-0.042953,-2.906118,0.300000,0.200000,0.180000,0.100000,-1.000000,0.338958
135,-0.497793,-1.638992,-5.388383,0.339240,-0.042797,-2.901413,0.300000,0.200000,0.160000,0.100000,-1.000000,0.339240
136,-0.495336,-1.636614,-5.417397,0.339513,-0.042648,-2.896908,0.320000,0.200000,0.160000,0.100000,-1.000000,0.339513
137,-0.492812,-1.634305,-5.446366,0.339777,-0.042505,-2.892596,0.320000,0.200000,0.160000,0.100000,-1.000000,0.339777
138,-0.490220,-1.632066,-5.475292,0.340033,-0.042369,-2.888470,0.340000,0.220000,0.160000,0.100000,-1.000000,0.340033
139,-0.487564,-1.629901,-5.504177,0.340282,-0.042237,-2.884521,0.360000,0.220000,0.160000,0.100000,-1.000000,0.340282
140,-0.484846,-1.627811,-5.533022,0.340523,-0.042111,-2.880742,0.380000,0.220000,0.160000,0.100000,-1.000000,0.340523
141,-0.482068,-1.625798,-5.561829,0.340757,-0.041989,-2.877126,0.400000,0.220000,0.180000,0.100000,-1.000000,0.340757
142,-0.479231,-1.623863,-5.590601,0.340984,-0.041873,-2.873666,0.420000,0.220000,0.180000,0.100000,-1.000000,0.340984
143,-0.476340,-1.622007,-5.619337,0.341204,-0.041760,-2.870354,0.460000,0.240000,0.180000,0.100000,-1.000000,0.341204
144,-0.473395,-1.620234,-5.648041,0.341418,-0.041652,-2.867183,0.500000,0.240000,0.180000,0.100000,-1.000000,0.341418
145,-0.470400,-1.618544,-5.676713,0.341626,-0.041547,-2.864147,0.540000,0.240000,0.180000,0.100000,-1.000000,0.341626
146,-0.467356,-1.616938,-5.705354,0.341828,-0.041446,-2.861240,0.600000,0.260000,0.180000,0.100000,-1.000000,0.341828
147,-0.464266,-1.615418,-5.733967,0.342025,-0.041349,-2.858454,0.680000,0.260000,0.180000,0.100000,-1.000000,0.342025
148,-0.461133,-1.613985,-5.762551,0.342216,-0.041255,-2.855785,0.780000,0.280000,0.180000,0.100000,-1.000000,0.342216
149,-0.457959,-1.612641,-5.791109,0.342402,-0.041163,-2.853225,0.920000,0.280000,0.180000,0.100000,-1.000000,0.342402
150,-0.454747,-1.611386,-5.819641,0.342584,-0.041075,-2.850769,1.000000,0.300000,0.180000,0.100000,-1.000000,0.342584
151,-0.451499,-1.610222,-5.848149,0.342760,-0.040990,-2.848412,1.000000,0.320000,0.200000,0.100000,-1.000000,0.342760
152,-0.448218,-1.609149,-5.876633,0.342931,-0.040907,-2.846150,1.000000,0.340000,0.200000,0.100000,-1.000000,0.342931
153,-0.444906,-1.608168,-5.905095,0.343099,-0.040826,-2.843975,1.000000,0.360000,0.200000,0.100000,-1.000000,0.343099
154,-0.441567,-1.607281,-5.933534,0.343261,-0.040748,-2.841885,1.000000,0.380000,0.200000,0.100000,-1.000000,0.343261
155,-0.438202,-1.606488,-5.961953,0.343420,-0.040672,-2.839875,1.000000,0.400000,0.220000,0.100000,-1.000000,0.343420
156,-0.434815,-1.605790,-5.990352,0.343575,-0.040599,-2.837940,1.000000,0.440000,0.220000,0.100000,-1.000000,0.343575
157,-0.431409,-1.605187,-6.018731,0.343725,-0.040527,-2.836077,1.000000,0.480000,0.220000,0.100000,-1.000000,0.343725
158,-0.427985,-1.604679,-6.047092,0.343872,-0.040457,-2.834281,1.000000,0.540000,0.240000,0.100000,-1.000000,0.343872
159,-0.424547,-1.604268,-6.075435,0.344015,-0.040390,-2.832550,1.000000,0.600000,0.240000,0.100000,-1.000000,0.344015
160,-0.421098,-1.603954,-6.103760,0.344155,-0.040323,-2.830879,1.000000,0.700000,0.260000,0.100000,-1.000000,0.344155
161,-0.417639,-1.603737,-6.132069,0.344291,-0.040259,-2.829265,1.000000,0.820000,0.260000,0.100000,-1.000000,0.344291
162,-0.414175,-1.603616,-6.160362,0.344424,-0.040196,-2.827707,1.000000,1.000000,0.280000,0.100000,-1.000000,0.344424
163,-0.410707,-1.603593,-6.188639,0.344553,-0.040135,-2.826199,1.000000,1.000000,0.300000,0.100000,-1.000000,0.344553
164,-0.407239,-1.603668,-6.216901,0.344680,-0.040076,-2.824741,1.000000,1.000000,0.320000,0.100000,-1.000000,0.344680
165,-0.403774,-1.603839,-6.245148,0.344803,-0.040018,-2.823330,0.920000,1.000000,0.340000,0.100000,-1.000000,0.344803
166,-0.400313,-1.604108,-6.273382,0.344923,-0.039961,-2.821963,0.840000,1.000000,0.360000,0.100000,-1.000000,0.344923
167,-0.396860,-1.604474,-6.301601,0.345041,-0.039906,-2.820638,0.780000,1.000000,0.400000,0.100000,-1.000000,0.345041
168,-0.393417,-1.604936,-6.329808,0.345155,-0.039852,-2.819353,0.720000,1.000000,0.420000,0.100000,-1.000000,0.345155
169,-0.389988,-1.605495,-6.358001,0.345267,-0.039799,-2.818106,0.680000,1.000000,0.460000,0.100000,-1.000000,0.345267
170,-0.386575,-1.606150,-6.386182,0.345376,-0.039747,-2.816896,0.640000,1.000000,0.520000,0.100000,-1.000000,0.345376
171,-0.383180,-1.606901,-6.414351,0.345482,-0.039697,-2.815721,0.600000,1.000000,0.600000,0.100000,-1.000000,0.345482
172,-0.379807,-1.607746,-6.442508,0.345586,-0.039648,-2.814578,0.580000,1.000000,0.680000,0.100000,-1.000000,0.345586
173,-0.376458,-1.608686,-6.470654,0.345688,-0.039600,-2.813468,0.540000,1.000000,0.800000,0.100000,-1.000000,0.345688
174,-0.373135,-1.609719,-6.498789,0.345787,-0.039553,-2.812388,0.520000,1.000000,0.980000,0.100000,-1.000000,0.345787
175,-0.369842,-1.610845,-6.526913,0.345883,-0.039507,-2.811337,0.500000,1.000000,1.000000,0.100000,-1.000000,0.345883
176,-0.366581,-1.612063,-6.555026,0.345978,-0.039463,-2.810314,0.480000,1.000000,1.000000,0.100000,-1.000000,0.345978
177,-0.363354,-1.613372,-6.583129,0.346070,-0.039419,-2.809318,0.460000,0.920000,1.000000,0.100000,-1.000000,0.346070
178,-0.360164,-1.614772,-6.611222,0.346160,-0.039377,-2.808348,0.440000,0.840000,1.000000,0.100000,-1.000000,0.346160
179,-0.357014,-1.616260,-6.639306,0.346248,-0.039335,-2.807402,0.420000,0.780000,1.000000,0.100000,-1.000000,0.346248
180,-0.353906,-1.617835,-6.667380,0.346333,-0.039294,-2.806481,0.400000,0.720000,1.000000,0.100000,-1.000000,0.346333
181,-0.350843,-1.619498,-6.695445,0.346417,-0.039254,-2.805583,0.400000,0.660000,1.000000,0.100000,-1.000000,0.346417
182,-0.347826,-1.621246,-6.723501,0.346499,-0.039216,-2.804707,0.380000,0.620000,1.000000,0.100000,-1.000000,0.346499
183,-0.344859,-1.623077,-6.751548,0.346578,-0.039178,-2.803853,0.360000,0.580000,1.000000,0.100000,-1.000000,0.346578
184,-0.341943,-1.624991,-6.779586,0.346656,-0.039141,-2.803020,0.360000,0.560000,1.000000,0.100000,-1.000000,0.346656
185,-0.339081,-1.626986,-6.807616,0.346732,-0.039104,-2.802207,0.340000,0.520000,1.000000,0.100000,-1.000000,0.346732
186,-0.336276,-1.629061,-6.835638,0.346806,-0.039069,-2.801414,0.340000,0.500000,1.000000,0.100000,-1.000000,0.346806
187,-0.333529,-1.631214,-6.863653,0.346879,-0.039034,-2.800640,0.320000,0.480000,1.000000,0.100000,-1.000000,0.346879
188,-0.330842,-1.633442,-6.891659,0.346950,-0.039001,-2.799885,0.320000,0.460000,1.000000,0.100000,-1.000000,0.346950
189,-0.328218,-1.635746,-6.919658,0.347019,-0.038968,-2.799147,0.320000,0.440000,0.900000,0.100000,-1.000000,0.347019
190,-0.325659,-1.638122,-6.947649,0.347086,-0.038935,-2.798427,0.300000,0.420000,0.820000,0.100000,-1.000000,0.347086
191,-0.323167,-1.640568,-6.975634,0.347152,-0.038904,-2.797724,0.300000,0.400000,0.740000,0.100000,-1.000000,0.347152
192,-0.320743,-1.643084,-7.003611,0.347216,-0.038873,-2.797038,0.280000,0.380000,0.680000,0.100000,-1.000000,0.347216
193,-0.318390,-1.645667,-7.031581,0.347279,-0.038843,-2.796367,0.280000,0.360000,0.640000,0.100000,-1.000000,0.347279
194,-0.316110,-1.648315,-7.059545,0.347340,-0.038814,-2.795713,0.280000,0.360000,0.600000,0.100000,-1.000000,0.347340
195,-0.313903,-1.651025,-7.087502,0.347400,-0.038785,-2.795074,0.280000,0.340000,0.560000,0.100000,-1.000000,0.347400
196,-0.311773,-1.653797,-7.115453,0.347459,-0.038757,-2.794450,0.260000,0.340000,0.520000,0.100000,-1.000000,0.347459
197,-0.309721,-1.656627,-7.143397,0.347516,-0.038730,-2.793840,0.260000,0.320000,0.480000,0.100000,-1.000000,0.347516
198,-0.307748,-1.659514,-7.171336,0.347572,-0.038704,-2.793245,0.260000,0.300000,0.460000,0.100000,-1.000000,0.347572
199,-0.305855,-1.662455,-7.199268,0.347626,-0.038678,-2.792664,0.260000,0.300000,0.440000,0.100000,-1.000000,0.347626
200,-0.304045,-1.665448,-7.227195,0.347679,-0.038652,-2.792096,0.240000,0.300000,0.420000,0.100000,-1.000000,0.347679
201,-0.302319,-1.668490,-7.255116,0.347731,-0.038627,-2.791541,0.240000,0.280000,0.400000,0.100000,-1.000000,0.347731
202,-0.300678,-1.671580,-7.283031,0.347782,-0.038603,-2.791000,0.240000,0.280000,0.380000,0.100000,-1.000000,0.347782
203,-0.299123,-1.674715,-7.310941,0.347831,-0.038579,-2.790471,0.240000,0.260000,0.360000,0.100000,-1.000000,0.347831
204,-0.297656,-1.677892,-7.338846,0.347880,-0.038556,-2.789955,0.240000,0.260000,0.340000,0.100000,-1.000000,0.347880
205,-0.296278,-1.681110,-7.366745,0.347927,-0.038534,-2.789450,0.220000,0.260000,0.340000,0.100000,-1.000000,0.347927
206,-0.294989,-1.684364,-7.394640,0.347973,-0.038512,-2.788958,0.220000,0.240000,0.320000,0.100000,-1.000000,0.347973
207,-0.293792,-1.687654,-7.422529,0.348018,-0.038490,-2.788477,0.220000,0.240000,0.300000,0.100000,-1.000000,0.348018
208,-0.292686,-1.690976,-7.450414,0.348062,-0.038469,-2.788007,0.220000,0.240000,0.300000,0.100000,-1.000000,0.348062
209,-0.291673,-1.694328,-7.478294,0.348105,-0.038449,-2.787548,0.220000,0.220000,0.280000,0.100000,-1.000000,0.348105
210,-0.290753,-1.697708,-7.506170,0.348147,-0.038429,-2.787100,0.220000,0.220000,0.280000,0.100000,-1.000000,0.348147
211,-0.289928,-1.701112,-7.534041,0.348188,-0.038409,-2.786663,0.200000,0.220000,0.260000,0.100000,-1.000000,0.348188
212,-0.289198,-1.704538,-7.561907,0.348228,-0.038390,-2.786236,0.200000,0.220000,0.260000,0.100000,-1.000000,0.348228
213,-0.288562,-1.707983,-7.589770,0.348267,-0.038372,-2.785819,0.200000,0.220000,0.240000,0.100000,-1.000000,0.348267
214,-0.288023,-1.711445,-7.617628,0.348305,-0.038353,-2.785411,0.200000,0.200000,0.240000,0.100000,-1.000000,0.348305
215,-0.287581,-1.714921,-7.645482,0.348342,-0.038336,-2.785014,0.200000,0.200000,0.240000,0.100000,-1.000000,0.348342
216,-0.287235,-1.718408,-7.673332,0.348378,-0.038318,-2.784625,0.200000,0.200000,0.220000,0.100000,-1.000000,0.348378
217,-0.286986,-1.721904,-7.701178,0.348414,-0.038301,-2.784246,0.200000,0.200000,0.220000,0.100000,-1.000000,0.348414
218,-0.286834,-1.725406,-7.729021,0.348449,-0.038285,-2.783876,0.200000,0.200000,0.220000,0.100000,-1.000000,0.348449
219,-0.286780,-1.728911,-7.756860,0.348483,-0.038269,-2.783515,0.200000,0.180000,0.200000,0.100000,-1.000000,0.348483
220,-0.286822,-1.732417,-7.784695,0.348516,-0.038253,-2.783162,0.200000,0.180000,0.200000,0.100000,-1.000000,0.348516
221,-0.286963,-1.735920,-7.812526,0.348548,-0.038238,-2.782817,0.180000,0.180000,0.200000,0.100000,-1.000000,0.348548
222,-0.287200,-1.739418,-7.840355,0.348580,-0.038223,-2.782480,0.180000,0.180000,0.200000,0.100000,-1.000000,0.348580
223,-0.287535,-1.742909,-7.868179,0.348611,-0.038208,-2.782152,0.180000,0.180000,0.180000,0.100000,-1.000000,0.348611
224,-0.287967,-1.746389,-7.896001,0.348641,-0.038194,-2.781831,0.180000,0.180000,0.180000,0.100000,-1.000000,0.348641
225,-0.288495,-1.749857,-7.923819,0.348670,-0.038180,-2.781518,0.180000,0.180000,0.180000,0.100000,-1.000000,0.348670
226,-0.289119,-1.753308,-7.951634,0.348699,-0.038166,-2.781212,0.180000,0.160000,0.180000,0.100000,-1.000000,0.348699
227,-0.289839,-1.756741,-7.979447,0.348727,-0.038153,-2.780913,0.180000,0.160000,0.160000,0.100000,-1.000000,0.348727
228,-0.290654,-1.760154,-8.007256,0.348754,-0.038140,-2.780622,0.180000,0.160000,0.160000,0.100000,-1.000000,0.348754
229,-0.291563,-1.763542,-8.035062,0.348781,-0.038127,-2.780337,0.180000,0.160000,0.160000,0.100000,-1.000000,0.348781
230,-0.292566,-1.766904,-8.062865,0.348808,-0.038115,-2.780059,0.180000,0.160000,0.160000,0.100000,-1.000000,0.348808
231,-0.293662,-1.770237,-8.090666,0.348833,-0.038102,-2.779788,0.180000,0.160000,0.160000,0.100000,-1.000000,0.348833
232,-0.294851,-1.773539,-8.118464,0.348858,-0.038091,-2.779523,0.180000,0.160000,0.160000,0.100000,-1.000000,0.348858
233,-0.296130,-1.776807,-8.146259,0.348883,-0.038079,-2.779264,0.180000,0.160000,0.140000,0.100000,-1.000000,0.348883
234,-0.297500,-1.780038,-8.174052,0.348906,-0.038068,-2.779011,0.180000,0.160000,0.140000,0.100000,-1.000000,0.348906
235,-0.298959,-1.783230,-8.201842,0.348930,-0.038057,-2.778764,0.180000,0.160000,0.140000,0.100000,-1.000000,0.348930
236,-0.300506,-1.786381,-8.229629,0.348952,-0.038046,-2.778523,0.180000,0.160000,0.140000,0.100000,-1.000000,0.348952
237,-0.302141,-1.789487,-8.257415,0.348975,-0.038035,-2.778288,0.180000,0.140000,0.140000,0.100000,-1.000000,0.348975
238,-0.303860,-1.792547,-8.285197,0.348996,-0.038025,-2.778058,0.180000,0.140000,0.140000,0.100000,-1.000000,0.348996
239,-0.305665,-1.795559,-8.312978,0.349018,-0.038015,-2.777834,0.180000,0.140000,0.140000,0.100000,-1.000000,0.349018
240,-0.307552,-1.798520,-8.340756,0.349038,-0.038005,-2.777614,0.200000,0.140000,0.140000,0.100000,-1.000000,0.349038
241,-0.309520,-1.801427,-8.368532,0.349059,-0.037996,-2.777400,0.200000,0.140000,0.140000,0.100000,-1.000000,0.349059
242,-0.311569,-1.804278,-8.396306,0.349079,-0.037986,-2.777191,0.200000,0.140000,0.120000,0.100000,-1.000000,0.349079
243,-0.313696,-1.807072,-8.424078,0.349098,-0.037977,-2.776987,0.200000,0.140000,0.120000,0.100000,-1.000000,0.349098
244,-0.315900,-1.809806,-8.451848,0.349117,-0.037968,-2.776788,0.200000,0.140000,0.120000,0.100000,-1.000000,0.349117
245,-0.318179,-1.812478,-8.479616,0.349135,-0.037959,-2.776593,0.200000,0.140000,0.120000,0.100000,-1.000000,0.349135
246,-0.320531,-1.815086,-8.507382,0.349153,-0.037951,-2.776403,0.220000,0.140000,0.120000,0.100000,-1.000000,0.349153
247,-0.322955,-1.817627,-8.535146,0.349171,-0.037943,-2.776217,0.220000,0.140000,0.120000,0.100000,-1.000000,0.349171
248,-0.325448,-1.820101,-8.562908,0.349188,-0.037934,-2.776036,0.220000,0.140000,0.120000,0.100000,-1.000000,0.349188
249,-0.328010,-1.822505,-8.590669,0.349205,-0.037926,-2.775859,0.220000,0.140000,0.120000,0.100000,-1.000000,0.349205
250,-0.330637,-1.824836,-8.618427,0.349222,-0.037919,-2.775686,0.240000,0.140000,0.120000,0.100000,-1.000000,0.349222
251,-0.333327,-1.827094,-8.646184,0.349238,-0.037911,-2.775517,0.240000,0.160000,0.120000,0.100000,-1.000000,0.349238
252,-0.336080,-1.829277,-8.673939,0.349253,-0.037904,-2.775352,0.260000,0.160000,0.120000,0.100000,-1.000000,0.349253
253,-0.338892,-1.831383,-8.701693,0.349269,-0.037896,-2.775190,0.260000,0.160000,0.120000,0.100000,-1.000000,0.349269
254,-0.341761,-1.833410,-8.729445,0.349284,-0.037889,-2.775033,0.280000,0.160000,0.120000,0.100000,-1.000000,0.349284
255,-0.344686,-1.835357,-8.757195,0.349298,-0.037882,-2.774879,0.300000,0.160000,0.120000,0.100000,-1.000000,0.349298
256,-0.347664,-1.837221,-8.784944,0.349313,-0.037876,-2.774729,0.320000,0.160000,0.120000,0.100000,-1.000000,0.349313
257,-0.350692,-1.839003,-8.812691,0.349327,-0.037869,-2.774582,0.360000,0.160000,0.120000,0.100000,-1.000000,0.349327
258,-0.353769,-1.840700,-8.840437,0.349340,-0.037863,-2.774438,0.380000,0.160000,0.120000,0.100000,-1.000000,0.349340
259,-0.356891,-1.842312,-8.868181,0.349354,-0.037856,-2.774298,0.420000,0.180000,0.120000,0.100000,-1.000000,0.349354
260,-0.360057,-1.843836,-8.895924,0.349367,-0.037850,-2.774162,0.480000,0.180000,0.120000,0.100000,-1.000000,0.349367
261,-0.363265,-1.845272,-8.923666,0.349380,-0.037844,-2.774028,0.560000,0.180000,0.120000,0.100000,-1.000000,0.349380
262,-0.366511,-1.846618,-8.951406,0.349392,-0.037838,-2.773897,0.680000,0.200000,0.120000,0.100000,-1.000000,0.349392
263,-0.369793,-1.847875,-8.979145,0.349404,-0.037833,-2.773770,0.680000,0.200000,0.120000,0.100000,-1.000000,0.349404
264,-0.373109,-1.849039,-9.006883,0.349416,-0.037827,-2.773645,0.680000,0.200000,0.120000,0.100000,-1.000000,0.349416
265,-0.376456,-1.850112,-9.034619,0.349428,-0.037821,-2.773523,0.940000,0.220000,0.120000,0.100000,-1.000000,0.349428
266,-0.379831,-1.851091,-9.062355,0.349439,-0.037816,-2.773404,0.940000,0.240000,0.140000,0.100000,-1.000000,0.349439
267,-0.383233,-1.851976,-9.090089,0.349450,-0.037811,-2.773288,1.000000,0.240000,0.140000,0.100000,-1.000000,0.349450
268,-0.386658,-1.852767,-9.117821,0.349461,-0.037806,-2.773174,1.000000,0.260000,0.140000,0.100000,-1.000000,0.349461
269,-0.390103,-1.853462,-9.145553,0.349472,-0.037801,-2.773063,1.000000,0.300000,0.140000,0.100000,-1.000000,0.349472
270,-0.393567,-1.854062,-9.173284,0.349482,-0.037796,-2.772955,1.000000,0.320000,0.140000,0.100000,-1.000000,0.349482
271,-0.397046,-1.854566,-9.201013,0.349492,-0.037791,-2.772849,1.000000,0.360000,0.160000,0.100000,-1.000000,0.349492
272,-0.400537,-1.854973,-9.228742,0.349502,-0.037786,-2.772745,1.000000,0.400000,0.160000,0.100000,-1.000000,0.349502
273,-0.404039,-1.855283,-9.256469,0.349512,-0.037782,-2.772644,1.000000,0.460000,0.160000,0.100000,-1.000000,0.349512
274,-0.407548,-1.855496,-9.284196,0.349521,-0.037777,-2.772546,1.000000,0.540000,0.180000,0.100000,-1.000000,0.349521
275,-0.411062,-1.855612,-9.311921,0.349530,-0.037773,-2.772449,1.000000,0.640000,0.180000,0.100000,-1.000000,0.349530
276,-0.414577,-1.855630,-9.339646,0.349539,-0.037769,-2.772355,1.000000,0.640000,0.180000,0.100000,-1.000000,0.349539
277,-0.418092,-1.855551,-9.367369,0.349548,-0.037765,-2.772263,1.000000,0.640000,0.200000,0.100000,-1.000000,0.349548
278,-0.421604,-1.855374,-9.395092,0.349557,-0.037761,-2.772172,1.000000,0.920000,0.220000,0.100000,-1.000000,0.349557
279,-0.425109,-1.855101,-9.422814,0.349565,-0.037757,-2.772085,1.000000,0.900000,0.240000,0.100000,-1.000000,0.349565
280,-0.428605,-1.854730,-9.450534,0.349574,-0.037753,-2.771999,1.000000,0.980000,0.240000,0.100000,-1.000000,0.349574
281,-0.432090,-1.854263,-9.478254,0.349582,-0.037749,-2.771915,1.000000,1.000000,0.280000,0.100000,-1.000000,0.349582
282,-0.435561,-1.853699,-9.505974,0.349589,-0.037745,-2.771832,1.000000,1.000000,0.300000,0.100000,-1.000000,0.349589
283,-0.439014,-1.853039,-9.533692,0.349597,-0.037742,-2.771752,0.820000,1.000000,0.340000,0.100000,-1.000000,0.349597
284,-0.442449,-1.852284,-9.561409,0.349605,-0.037738,-2.771674,0.700000,1.000000,0.380000,0.100000,-1.000000,0.349605
285,-0.445861,-1.851434,-9.589126,0.349612,-0.037735,-2.771597,0.660000,1.000000,0.440000,0.100000,-1.000000,0.349612
286,-0.449248,-1.850489,-9.616842,0.349619,-0.037731,-2.771522,0.640000,1.000000,0.520000,0.100000,-1.000000,0.349619
287,-0.452608,-1.849452,-9.644557,0.349626,-0.037728,-2.771449,0.600000,1.000000,0.620000,0.100000,-1.000000,0.349626
288,-0.455938,-1.848321,-9.672272,0.349633,-0.037725,-2.771378,0.580000,1.000000,0.600000,0.100000,-1.000000,0.349633
289,-0.459235,-1.847099,-9.699986,0.349640,-0.037722,-2.771308,0.560000,1.000000,0.600000,0.100000,-1.000000,0.349640
290,-0.462498,-1.845786,-9.727699,0.349646,-0.037719,-2.771240,0.540000,1.000000,0.880000,0.100000,-1.000000,0.349646
291,-0.465722,-1.844383,-9.755411,0.349653,-0.037716,-2.771173,0.520000,1.000000,0.880000,0.100000,-1.000000,0.349653
292,-0.468907,-1.842891,-9.783123,0.349659,-0.037713,-2.771108,0.500000,1.000000,0.960000,0.100000,-1.000000,0.349659
293,-0.472049,-1.841311,-9.810834,0.349665,-0.037710,-2.771044,0.480000,1.000000,1.000000,0.100000,-1.000000,0.349665
294,-0.475147,-1.839646,-9.838544,0.349671,-0.037707,-2.770982,0.460000,1.000000,1.000000,0.100000,-1.000000,0.349671
295,-0.478197,-1.837894,-9.866254,0.349677,-0.037704,-2.770921,0.440000,1.000000,1.000000,0.100000,-1.000000,0.349677
296,-0.481197,-1.836059,-9.893963,0.349683,-0.037701,-2.770862,0.440000,0.780000,1.000000,0.100000,-1.000000,0.349683
297,-0.484145,-1.834142,-9.921672,0.349688,-0.037699,-2.770804,0.420000,0.660000,1.000000,0.100000,-1.000000,0.349688
298,-0.487040,-1.832144,-9.949380,0.349694,-0.037696,-2.770747,0.400000,0.620000,1.000000,0.100000,-1.000000,0.349694
299,-0.489878,-1.830066,-9.977088,0.349699,-0.037694,-2.770692,0.400000,0.580000,1.000000,0.100000,-1.000000,0.349699
300,-0.492657,-1.827910,-10.004794,0.349704,-0.037691,-2.770637,0.380000,0.560000,1.000000,0.100000,-1.000000,0.349704
301,-0.495375,-1.825678,-10.032501,0.349709,-0.037689,-2.770585,0.380000,0.540000,1.000000,0.100000,-1.000000,0.349709
302,-0.498031,-1.823372,-10.060207,0.349714,-0.037687,-2.770533,0.360000,0.520000,1.000000,0.100000,-1.000000,0.349714
303,-0.500622,-1.820993,-10.087912,0.349719,-0.037684,-2.770482,0.360000,0.500000,1.000000,0.100000,-1.000000,0.349719
304,-0.503146,-1.818543,-10.115617,0.349724,-0.037682,-2.770433,0.360000,0.480000,1.000000,0.100000,-1.000000,0.349724
305,-0.505601,-1.816025,-10.143321,0.349728,-0.037680,-2.770385,0.340000,0.460000,1.000000,0.100000,-1.000000,0.349728
306,-0.507986,-1.813439,-10.171025,0.349733,-0.037678,-2.770337,0.340000,0.440000,1.000000,0.100000,-1.000000,0.349733
307,-0.510298,-1.810788,-10.198728,0.349737,-0.037676,-2.770291,0.340000,0.420000,1.000000,0.100000,-1.000000,0.349737
308,-0.512536,-1.808074,-10.226431,0.349742,-0.037674,-2.770246,0.320000,0.400000,0.760000,0.100000,-1.000000,0.349742
309,-0.514698,-1.805299,-10.254134,0.349746,-0.037672,-2.770202,0.320000,0.400000,0.620000,0.100000,-1.000000,0.349746
310,-0.516782,-1.802465,-10.281836,0.349750,-0.037670,-2.770159,0.320000,0.380000,0.580000,0.100000,-1.000000,0.349750
311,-0.518787,-1.799575,-10.309537,0.349754,-0.037668,-2.770117,0.300000,0.380000,0.560000,0.100000,-1.000000,0.349754
312,-0.520711,-1.796630,-10.337238,0.349758,-0.037666,-2.770076,0.300000,0.360000,0.520000,0.100000,-1.000000,0.349758
313,-0.522553,-1.793633,-10.364939,0.349762,-0.037664,-2.770036,0.300000,0.360000,0.500000,0.100000,-1.000000,0.349762
314,-0.524311,-1.790586,-10.392640,0.349766,-0.037662,-2.769997,0.300000,0.340000,0.480000,0.100000,-1.000000,0.349766
315,-0.525984,-1.787491,-10.420340,0.349769,-0.037661,-2.769958,0.280000,0.340000,0.460000,0.100000,-1.000000,0.349769
316,-0.527571,-1.784352,-10.448039,0.349773,-0.037659,-2.769921,0.280000,0.320000,0.440000,0.100000,-1.000000,0.349773
317,-0.529070,-1.781169,-10.475738,0.349776,-0.037657,-2.769884,0.280000,0.320000,0.420000,0.100000,-1.000000,0.349776
318,-0.530481,-1.777946,-10.503437,0.349780,-0.037656,-2.769848,0.280000,0.300000,0.400000,0.100000,-1.000000,0.349780
319,-0.531802,-1.774686,-10.531136,0.349783,-0.037654,-2.769813,0.280000,0.300000,0.380000,0.100000,-1.000000,0.349783
320,-0.533032,-1.771390,-10.558834,0.349786,-0.037653,-2.769779,0.260000,0.300000,0.380000,0.100000,-1.000000,0.349786
321,-0.534170,-1.768061,-10.586532,0.349790,-0.037651,-2.769746,0.260000,0.280000,0.360000,0.100000,-1.000000,0.349790
322,-0.535216,-1.764702,-10.614229,0.349793,-0.037650,-2.769713,0.260000,0.280000,0.340000,0.100000,-1.000000,0.349793
323,-0.536168,-1.761315,-10.641926,0.349796,-0.037648,-2.769681,0.260000,0.280000,0.340000,0.100000,-1.000000,0.349796
324,-0.537027,-1.757903,-10.669623,0.349799,-0.037647,-2.769650,0.260000,0.280000,0.320000,0.100000,-1.000000,0.349799
325,-0.537790,-1.754469,-10.697320,0.349802,-0.037645,-2.769619,0.260000,0.260000,0.320000,0.100000,-1.000000,0.349802
326,-0.538458,-1.751015,-10.725016,0.349805,-0.037644,-2.769590,0.260000,0.260000,0.300000,0.100000,-1.000000,0.349805
327,-0.539030,-1.747543,-10.752712,0.349808,-0.037643,-2.769560,0.240000,0.260000,0.300000,0.100000,-1.000000,0.349808
328,-0.539506,-1.744057,-10.780407,0.349810,-0.037641,-2.769532,0.240000,0.260000,0.280000,0.100000,-1.000000,0.349810
329,-0.539885,-1.740560,-10.808103,0.349813,-0.037640,-2.769504,0.240000,0.240000,0.280000,0.100000,-1.000000,0.349813
330,-0.540168,-1.737053,-10.835798,0.349816,-0.037639,-2.769477,0.240000,0.240000,0.280000,0.100000,-1.000000,0.349816
331,-0.540353,-1.733539,-10.863492,0.349818,-0.037638,-2.769450,0.240000,0.240000,0.260000,0.100000,-1.000000,0.349818
332,-0.540440,-1.730022,-10.891187,0.349821,-0.037637,-2.769424,0.240000,0.240000,0.260000,0.100000,-1.000000,0.349821
333,-0.540430,-1.726503,-10.918881,0.349823,-0.037635,-2.769399,0.240000,0.240000,0.260000,0.100000,-1.000000,0.349823
334,-0.540323,-1.722987,-10.946575,0.349825,-0.037634,-2.769374,0.240000,0.220000,0.240000,0.100000,-1.000000,0.349825
335,-0.540119,-1.719474,-10.974269,0.349828,-0.037633,-2.769350,0.240000,0.220000,0.240000,0.100000,-1.000000,0.349828
336,-0.539817,-1.715969,-11.001962,0.349830,-0.037632,-2.769326,0.240000,0.220000,0.240000,0.100000,-1.000000,0.349830
337,-0.539418,-1.712473,-11.029656,0.349832,-0.037631,-2.769303,0.240000,0.220000,0.240000,0.100000,-1.000000,0.349832
338,-0.538923,-1.708989,-11.057349,0.349834,-0.037630,-2.769281,0.240000,0.220000,0.220000,0.100000,-1.000000,0.349834
339,-0.538331,-1.705521,-11.085041,0.349837,-0.037629,-2.769259,0.240000,0.220000,0.220000,0.100000,-1.000000,0.349837
340,-0.537644,-1.702070,-11.112734,0.349839,-0.037628,-2.769237,0.240000,0.220000,0.220000,0.100000,-1.000000,0.349839
341,-0.536861,-1.698640,-11.140426,0.349841,-0.037627,-2.769216,0.240000,0.220000,0.220000,0.100000,-1.000000,0.349841
342,-0.535984,-1.695232,-11.168119,0.349843,-0.037626,-2.769195,0.240000,0.200000,0.200000,0.100000,-1.000000,0.349843
343,-0.535013,-1.691850,-11.195810,0.349845,-0.037625,-2.769175,0.240000,0.200000,0.200000,0.100000,-1.000000,0.349845
344,-0.533948,-1.688497,-11.223502,0.349846,-0.037624,-2.769155,0.240000,0.200000,0.200000,0.100000,-1.000000,0.349846
345,-0.532791,-1.685174,-11.251194,0.349848,-0.037623,-2.769136,0.240000,0.200000,0.200000,0.100000,-1.000000,0.349848
346,-0.531543,-1.681884,-11.278885,0.349850,-0.037623,-2.769117,0.240000,0.200000,0.200000,0.100000,-1.000000,0.349850
347,-0.530203,-1.678630,-11.306576,0.349852,-0.037622,-2.769099,0.240000,0.200000,0.200000,0.100000,-1.000000,0.349852
348,-0.528775,-1.675415,-11.334267,0.349854,-0.037621,-2.769081,0.240000,0.200000,0.200000,0.100000,-1.000000,0.349854
349,-0.527257,-1.672240,-11.361958,0.349855,-0.037620,-2.769063,0.240000,0.200000,0.180000,0.100000,-1.000000,0.349855
350,-0.525653,-1.669108,-11.389649,0.349857,-0.037619,-2.769046,0.240000,0.200000,0.180000,0.100000,-1.000000,0.349857
351,-0.523962,-1.666022,-11.417339,0.349859,-0.037619,-2.769029,0.260000,0.200000,0.180000,0.100000,-1.000000,0.349859
352,-0.522187,-1.662984,-11.445030,0.349860,-0.037618,-2.769013,0.260000,0.200000,0.180000,0.100000,-1.000000,0.349860
353,-0.520328,-1.659997,-11.472720,0.349862,-0.037617,-2.768997,0.260000,0.200000,0.180000,0.100000,-1.000000,0.349862
354,-0.518387,-1.657062,-11.500410,0.349863,-0.037616,-2.768981,0.260000,0.200000,0.180000,0.100000,-1.000000,0.349863
355,-0.516366,-1.654181,-11.528099,0.349865,-0.037616,-2.768966,0.260000,0.200000,0.180000,0.100000,-1.000000,0.349865
356,-0.514265,-1.651358,-11.555789,0.349866,-0.037615,-2.768951,0.280000,0.200000,0.180000,0.100000,-1.000000,0.349866
357,-0.512087,-1.648594,-11.583479,0.349868,-0.037614,-2.768936,0.280000,0.200000,0.180000,0.100000,-1.000000,0.349868
358,-0.509834,-1.645891,-11.611168,0.349869,-0.037614,-2.768922,0.280000,0.200000,0.180000,0.100000,-1.000000,0.349869
359,-0.507507,-1.643252,-11.638857,0.349870,-0.037613,-2.768908,0.300000,0.200000,0.180000,0.100000,-1.000000,0.349870
360,-0.505107,-1.640678,-11.666546,0.349872,-0.037613,-2.768894,0.300000,0.200000,0.180000,0.100000,-1.000000,0.349872
361,-0.502637,-1.638172,-11.694235,0.349873,-0.037612,-2.768881,0.320000,0.200000,0.180000,0.100000,-1.000000,0.349873
362,-0.500099,-1.635735,-11.721924,0.349874,-0.037611,-2.768868,0.320000,0.200000,0.160000,0.100000,-1.000000,0.349874
363,-0.497494,-1.633369,-11.749613,0.349875,-0.037611,-2.768855,0.340000,0.220000,0.160000,0.100000,-1.000000,0.349875
364,-0.494825,-1.631076,-11.777301,0.349877,-0.037610,-2.768843,0.360000,0.220000,0.160000,0.100000,-1.000000,0.349877
365,-0.492093,-1.628858,-11.804990,0.349878,-0.037610,-2.768831,0.360000,0.220000,0.160000,0.100000,-1.000000,0.349878
366,-0.489301,-1.626716,-11.832678,0.349879,-0.037609,-2.768819,0.380000,0.220000,0.180000,0.100000,-1.000000,0.349879
367,-0.486450,-1.624653,-11.860366,0.349880,-0.037609,-2.768807,0.400000,0.220000,0.180000,0.100000,-1.000000,0.349880
368,-0.483544,-1.622669,-11.888054,0.349881,-0.037608,-2.768796,0.440000,0.240000,0.180000,0.100000,-1.000000,0.349881
369,-0.480583,-1.620766,-11.915742,0.349882,-0.037608,-2.768785,0.460000,0.240000,0.180000,0.100000,-1.000000,0.349882
370,-0.477572,-1.618947,-11.943430,0.349883,-0.037607,-2.768774,0.500000,0.240000,0.180000,0.100000,-1.000000,0.349883
371,-0.474511,-1.617211,-11.971118,0.349884,-0.037607,-2.768763,0.560000,0.240000,0.180000,0.100000,-1.000000,0.349884
372,-0.471403,-1.615560,-11.998805,0.349885,-0.037606,-2.768753,0.620000,0.260000,0.180000,0.100000,-1.000000,0.349885
373,-0.468250,-1.613996,-12.026493,0.349886,-0.037606,-2.768743,0.700000,0.260000,0.180000,0.100000,-1.000000,0.349886
374,-0.465056,-1.612520,-12.054180,0.349887,-0.037605,-2.768733,0.820000,0.280000,0.180000,0.100000,-1.000000,0.349887
375,-0.461822,-1.611133,-12.081868,0.349888,-0.037605,-2.768723,0.960000,0.280000,0.180000,0.100000,-1.000000,0.349888
376,-0.458550,-1.609837,-12.109555,0.349889,-0.037604,-2.768713,1.000000,0.300000,0.180000,0.100000,-1.000000,0.349889
377,-0.455244,-1.608631,-12.137242,0.349890,-0.037604,-2.768704,1.000000,0.320000,0.200000,0.100000,-1.000000,0.349890
378,-0.451906,-1.607517,-12.164929,0.349891,-0.037604,-2.768695,1.000000,0.340000,0.200000,0.100000,-1.000000,0.349891
379,-0.448538,-1.606496,-12.192616,0.349892,-0.037603,-2.768686,1.000000,0.360000,0.200000,0.100000,-1.000000,0.349892
380,-0.445144,-1.605568,-12.220303,0.349892,-0.037603,-2.768678,1.000000,0.380000,0.200000,0.100000,-1.000000,0.349892
381,-0.441725,-1.604735,-12.247990,0.349893,-0.037602,-2.768669,1.000000,0.400000,0.200000,0.100000,-1.000000,0.349893
382,-0.438284,-1.603997,-12.275676,0.349894,-0.037602,-2.768661,1.000000,0.440000,0.220000,0.100000,-1.000000,0.349894
383,-0.434824,-1.603355,-12.303363,0.349895,-0.037602,-2.768653,1.000000,0.480000,0.220000,0.100000,-1.000000,0.349895
384,-0.431348,-1.602808,-12.331049,0.349896,-0.037601,-2.768645,1.000000,0.540000,0.240000,0.100000,-1.000000,0.349896
385,-0.427857,-1.602358,-12.358736,0.349896,-0.037601,-2.768637,1.000000,0.600000,0.240000,0.100000,-1.000000,0.349896
386,-0.424356,-1.602004,-12.386422,0.349897,-0.037601,-2.768630,1.000000,0.680000,0.260000,0.100000,-1.000000,0.349897
387,-0.420846,-1.601748,-12.414109,0.349898,-0.037600,-2.768622,1.000000,0.820000,0.260000,0.100000,-1.000000,0.349898
388,-0.417331,-1.601589,-12.441795,0.349898,-0.037600,-2.768615,1.000000,0.980000,0.280000,0.100000,-1.000000,0.349898
389,-0.413812,-1.601527,-12.469481,0.349899,-0.037600,-2.768608,1.000000,1.000000,0.300000,0.100000,-1.000000,0.349899
390,-0.410293,-1.601563,-12.497167,0.349900,-0.037599,-2.768601,1.000000,1.000000,0.300000,0.100000,-1.000000,0.349900
391,-0.406777,-1.601696,-12.524853,0.349900,-0.037599,-2.768595,0.940000,1.000000,0.320000,0.100000,-1.000000,0.349900
392,-0.403265,-1.601927,-12.552539,0.349901,-0.037599,-2.768588,0.860000,1.000000,0.360000,0.100000,-1.000000,0.349901
393,-0.399761,-1.602254,-12.580225,0.349902,-0.037598,-2.768582,0.800000,1.000000,0.380000,0.100000,-1.000000,0.349902
394,-0.396268,-1.602679,-12.607911,0.349902,-0.037598,-2.768575,0.740000,1.000000,0.420000,0.100000,-1.000000,0.349902
395,-0.392787,-1.603200,-12.635596,0.349903,-0.037598,-2.768569,0.700000,1.000000,0.460000,0.100000,-1.000000,0.349903
396,-0.389323,-1.603817,-12.663282,0.349903,-0.037598,-2.768563,0.660000,1.000000,0.500000,0.100000,-1.000000,0.349903
397,-0.385876,-1.604530,-12.690968,0.349904,-0.037597,-2.768557,0.620000,1.000000,0.560000,0.100000,-1.000000,0.349904
398,-0.382451,-1.605337,-12.718653,0.349905,-0.037597,-2.768552,0.580000,1.000000,0.640000,0.100000,-1.000000,0.349905
399,-0.379050,-1.606240,-12.746339,0.349905,-0.037597,-2.768546,0.560000,1.000000,0.760000,0.100000,-1.000000,0.349905
400,-0.375674,-1.607236,-12.774024,0.349906,-0.037597,-2.768541,0.520000,1.000000,0.900000,0.100000,-1.000000,0.349906
401,-0.372328,-1.608325,-12.801710,0.349906,-0.037596,-2.768535,0.500000,1.000000,1.000000,0.100000,-1.000000,0.349906
402,-0.369013,-1.609507,-12.829395,0.349907,-0.037596,-2.768530,0.480000,1.000000,1.000000,0.100000,-1.000000,0.349907
403,-0.365732,-1.610780,-12.857080,0.349907,-0.037596,-2.768525,0.460000,0.960000,1.000000,0.100000,-1.000000,0.349907
404,-0.362488,-1.612143,-12.884766,0.349908,-0.037596,-2.768520,0.440000,0.880000,1.000000,0.100000,-1.000000,0.349908
405,-0.359282,-1.613595,-12.912451,0.349908,-0.037595,-2.768515,0.440000,0.800000,1.000000,0.100000,-1.000000,0.349908
406,-0.356118,-1.615136,-12.940136,0.349909,-0.037595,-2.768510,0.420000,0.740000,1.000000,0.100000,-1.000000,0.349909
407,-0.352998,-1.616763,-12.967821,0.349909,-0.037595,-2.768506,0.400000,0.700000,1.000000,0.100000,-1.000000,0.349909
408,-0.349924,-1.618477,-12.995506,0.349909,-0.037595,-2.768501,0.380000,0.640000,1.000000,0.100000,-1.000000,0.349909
409,-0.346898,-1.620274,-13.023191,0.349910,-0.037595,-2.768497,0.380000,0.600000,1.000000,0.100000,-1.000000,0.349910
410,-0.343924,-1.622155,-13.050876,0.349910,-0.037594,-2.768492,0.360000,0.580000,1.000000,0.100000,-1.000000,0.349910
411,-0.341003,-1.624118,-13.078561,0.349911,-0.037594,-2.768488,0.360000,0.540000,1.000000,0.100000,-1.000000,0.349911
412,-0.338137,-1.626160,-13.106246,0.349911,-0.037594,-2.768484,0.340000,0.520000,1.000000,0.100000,-1.000000,0.349911
413,-0.335329,-1.628281,-13.133931,0.349911,-0.037594,-2.768480,0.340000,0.480000,1.000000,0.100000,-1.000000,0.349911
414,-0.332580,-1.630479,-13.161616,0.349912,-0.037594,-2.768476,0.320000,0.460000,1.000000,0.100000,-1.000000,0.349912
415,-0.329894,-1.632753,-13.189300,0.349912,-0.037593,-2.768472,0.320000,0.440000,0.940000,0.100000,-1.000000,0.349912
416,-0.327271,-1.635100,-13.216985,0.349913,-0.037593,-2.768468,0.300000,0.420000,0.860000,0.100000,-1.000000,0.349913
417,-0.324715,-1.637518,-13.244670,0.349913,-0.037593,-2.768465,0.300000,0.400000,0.780000,0.100000,-1.000000,0.349913
418,-0.322226,-1.640006,-13.272354,0.349913,-0.037593,-2.768461,0.300000,0.400000,0.720000,0.100000,-1.000000,0.349913
419,-0.319807,-1.642563,-13.300039,0.349914,-0.037593,-2.768457,0.280000,0.380000,0.660000,0.100000,-1.000000,0.349914
420,-0.317460,-1.645185,-13.327724,0.349914,-0.037593,-2.768454,0.280000,0.360000,0.620000,0.100000,-1.000000,0.349914
421,-0.315186,-1.647871,-13.355408,0.349914,-0.037592,-2.768451,0.280000,0.360000,0.580000,0.100000,-1.000000,0.349914
422,-0.312988,-1.650619,-13.383093,0.349915,-0.037592,-2.768447,0.280000,0.340000,0.540000,0.100000,-1.000000,0.349915
423,-0.310866,-1.653427,-13.410777,0.349915,-0.037592,-2.768444,0.260000,0.320000,0.500000,0.100000,-1.000000,0.349915
424,-0.308823,-1.656293,-13.438462,0.349915,-0.037592,-2.768441,0.260000,0.320000,0.480000,0.100000,-1.000000,0.349915
425,-0.306860,-1.659214,-13.466146,0.349916,-0.037592,-2.768438,0.260000,0.300000,0.460000,0.100000,-1.000000,0.349916
426,-0.304979,-1.662188,-13.493830,0.349916,-0.037592,-2.768435,0.260000,0.300000,0.440000,0.100000,-1.000000,0.349916
427,-0.303181,-1.665213,-13.521515,0.349916,-0.037592,-2.768432,0.240000,0.280000,0.400000,0.100000,-1.000000,0.349916
428,-0.301467,-1.668287,-13.549199,0.349916,-0.037592,-2.768429,0.240000,0.280000,0.400000,0.100000,-1.000000,0.349916
429,-0.299839,-1.671407,-13.576883,0.349917,-0.037591,-2.768426,0.240000,0.280000,0.380000,0.100000,-1.000000,0.349917
430,-0.298298,-1.674571,-13.604568,0.349917,-0.037591,-2.768423,0.240000,0.260000,0.360000,0.100000,-1.000000,0.349917
431,-0.296845,-1.677776,-13.632252,0.349917,-0.037591,-2.768421,0.240000,0.260000,0.340000,0.100000,-1.000000,0.349917
432,-0.295481,-1.681021,-13.659936,0.349917,-0.037591,-2.768418,0.220000,0.260000,0.320000,0.100000,-1.000000,0.349917
433,-0.294208,-1.684301,-13.687620,0.349918,-0.037591,-2.768415,0.220000,0.240000,0.320000,0.100000,-1.000000,0.349918
434,-0.293026,-1.687616,-13.715304,0.349918,-0.037591,-2.768413,0.220000,0.240000,0.300000,0.100000,-1.000000,0.349918
435,-0.291936,-1.690963,-13.742988,0.349918,-0.037591,-2.768410,0.220000,0.240000,0.300000,0.100000,-1.000000,0.349918
436,-0.290939,-1.694338,-13.770673,0.349918,-0.037591,-2.768408,0.220000,0.220000,0.280000,0.100000,-1.000000,0.349918
437,-0.290036,-1.697739,-13.798357,0.349919,-0.037590,-2.768406,0.220000,0.220000,0.280000,0.100000,-1.000000,0.349919
438,-0.289228,-1.701164,-13.826041,0.349919,-0.037590,-2.768403,0.200000,0.220000,0.260000,0.100000,-1.000000,0.349919
439,-0.288514,-1.704611,-13.853725,0.349919,-0.037590,-2.768401,0.200000,0.220000,0.260000,0.100000,-1.000000,0.349919
440,-0.287897,-1.708075,-13.881409,0.349919,-0.037590,-2.768399,0.200000,0.220000,0.240000,0.100000,-1.000000,0.349919
441,-0.287375,-1.711556,-13.909093,0.349919,-0.037590,-2.768397,0.200000,0.200000,0.240000,0.100000,-1.000000,0.349919
442,-0.286950,-1.715049,-13.936777,0.349920,-0.037590,-2.768395,0.200000,0.200000,0.240000,0.100000,-1.000000,0.349920
443,-0.286622,-1.718553,-13.964461,0.349920,-0.037590,-2.768393,0.200000,0.200000,0.220000,0.100000,-1.000000,0.349920
444,-0.286391,-1.722065,-13.992145,0.349920,-0.037590,-2.768391,0.200000,0.200000,0.220000,0.100000,-1.000000,0.349920
445,-0.286257,-1.725582,-14.019828,0.349920,-0.037590,-2.768389,0.200000,0.200000,0.220000,0.100000,-1.000000,0.349920
446,-0.286221,-1.729101,-14.047512,0.349920,-0.037590,-2.768387,0.200000,0.180000,0.200000,0.100000,-1.000000,0.349920
447,-0.286282,-1.732620,-14.075196,0.349921,-0.037590,-2.768385,0.200000,0.180000,0.200000,0.100000,-1.000000,0.349921
448,-0.286440,-1.736136,-14.102880,0.349921,-0.037589,-2.768383,0.180000,0.180000,0.200000,0.100000,-1.000000,0.349921
449,-0.286696,-1.739646,-14.130564,0.349921,-0.037589,-2.768381,0.180000,0.180000,0.180000,0.100000,-1.000000,0.349921
450,-0.287049,-1.743147,-14.158248,0.349921,-0.037589,-2.768380,0.180000,0.180000,0.180000,0.100000,-1.000000,0.349921
451,-0.287498,-1.746638,-14.185932,0.349921,-0.037589,-2.768378,0.180000,0.180000,0.180000,0.100000,-1.000000,0.349921
452,-0.288044,-1.750115,-14.213615,0.349921,-0.037589,-2.768376,0.180000,0.180000,0.180000,0.100000,-1.000000,0.349921
453,-0.288686,-1.753575,-14.241299,0.349922,-0.037589,-2.768375,0.180000,0.160000,0.180000,0.100000,-1.000000,0.349922
454,-0.289424,-1.757016,-14.268983,0.349922,-0.037589,-2.768373,0.180000,0.160000,0.160000,0.100000,-1.000000,0.349922
455,-0.290257,-1.760436,-14.296667,0.349922,-0.037589,-2.768372,0.180000,0.160000,0.160000,0.100000,-1.000000,0.349922
456,-0.291183,-1.763831,-14.324350,0.349922,-0.037589,-2.768370,0.180000,0.160000,0.160000,0.100000,-1.000000,0.349922
457,-0.292204,-1.767199,-14.352034,0.349922,-0.037589,-2.768369,0.180000,0.160000,0.160000,0.100000,-1.000000,0.349922
458,-0.293317,-1.770537,-14.379718,0.349922,-0.037589,-2.768367,0.180000,0.160000,0.160000,0.100000,-1.000000,0.349922
459,-0.294523,-1.773844,-14.407401,0.349922,-0.037589,-2.768366,0.180000,0.160000,0.160000,0.100000,-1.000000,0.349922
460,-0.295819,-1.777116,-14.435085,0.349923,-0.037589,-2.768364,0.180000,0.160000,0.140000,0.100000,-1.000000,0.349923
461,-0.297205,-1.780351,-14.462769,0.349923,-0.037589,-2.768363,0.180000,0.160000,0.140000,0.100000,-1.000000,0.349923
462,-0.298681,-1.783546,-14.490452,0.349923,-0.037588,-2.768362,0.180000,0.160000,0.140000,0.100000,-1.000000,0.349923
463,-0.300244,-1.786699,-14.518136,0.349923,-0.037588,-2.768360,0.180000,0.160000,0.140000,0.100000,-1.000000,0.349923
464,-0.301894,-1.789807,-14.545819,0.349923,-0.037588,-2.768359,0.180000,0.140000,0.140000,0.100000,-1.000000,0.349923
465,-0.303630,-1.792869,-14.573503,0.349923,-0.037588,-2.768358,0.180000,0.140000,0.140000,0.100000,-1.000000,0.349923
466,-0.305449,-1.795882,-14.601187,0.349923,-0.037588,-2.768357,0.180000,0.140000,0.140000,0.100000,-1.000000,0.349923
467,-0.307351,-1.798843,-14.628870,0.349923,-0.037588,-2.768355,0.200000,0.140000,0.140000,0.100000,-1.000000,0.349923
468,-0.309335,-1.801750,-14.656554,0.349924,-0.037588,-2.768354,0.200000,0.140000,0.140000,0.100000,-1.000000,0.349924
469,-0.311398,-1.804601,-14.684237,0.349924,-0.037588,-2.768353,0.200000,0.140000,0.120000,0.100000,-1.000000,0.349924
470,-0.313539,-1.807394,-14.711921,0.349924,-0.037588,-2.768352,0.200000,0.140000,0.120000,0.100000,-1.000000,0.349924
471,-0.315757,-1.810127,-14.739604,0.349924,-0.037588,-2.768351,0.200000,0.140000,0.120000,0.100000,-1.000000,0.349924
472,-0.318050,-1.812797,-14.767288,0.349924,-0.037588,-2.768350,0.200000,0.140000,0.120000,0.100000,-1.000000,0.349924
473,-0.320415,-1.815403,-14.794971,0.349924,-0.037588,-2.768349,0.220000,0.140000,0.120000,0.100000,-1.000000,0.349924
474,-0.322852,-1.817942,-14.822655,0.349924,-0.037588,-2.768348,0.220000,0.140000,0.120000,0.100000,-1.000000,0.349924
475,-0.325358,-1.820413,-14.850338,0.349924,-0.037588,-2.768347,0.220000,0.140000,0.120000,0.100000,-1.000000,0.349924
476,-0.327932,-1.822813,-14.878022,0.349924,-0.037588,-2.768346,0.220000,0.140000,0.120000,0.100000,-1.000000,0.349924
477,-0.330571,-1.825142,-14.905705,0.349924,-0.037588,-2.768345,0.240000,0.140000,0.120000,0.100000,-1.000000,0.349924
478,-0.333273,-1.827396,-14.933389,0.349925,-0.037588,-2.768344,0.240000,0.160000,0.120000,0.100000,-1.000000,0.349925
479,-0.336037,-1.829575,-14.961072,0.349925,-0.037588,-2.768343,0.260000,0.160000,0.120000,0.100000,-1.000000,0.349925
480,-0.338860,-1.831676,-14.988756,0.349925,-0.037588,-2.768342,0.280000,0.160000,0.120000,0.100000,-1.000000,0.349925
481,-0.341741,-1.833699,-15.016439,0.349925,-0.037588,-2.768341,0.280000,0.160000,0.120000,0.100000,-1.000000,0.349925
482,-0.344676,-1.835641,-15.044122,0.349925,-0.037588,-2.768341,0.300000,0.160000,0.120000,0.100000,-1.000000,0.349925
483,-0.347663,-1.837501,-15.071806,0.349925,-0.037587,-2.768340,0.320000,0.160000,0.120000,0.100000,-1.000000,0.349925
484,-0.350701,-1.839277,-15.099489,0.349925,-0.037587,-2.768339,0.360000,0.160000,0.120000,0.100000,-1.000000,0.349925
485,-0.353787,-1.840969,-15.127173,0.349925,-0.037587,-2.768338,0.380000,0.160000,0.120000,0.100000,-1.000000,0.349925
486,-0.356919,-1.842575,-15.154856,0.349925,-0.037587,-2.768337,0.440000,0.180000,0.120000,0.100000,-1.000000,0.349925
487,-0.360094,-1.844093,-15.182539,0.349925,-0.037587,-2.768337,0.500000,0.180000,0.120000,0.100000,-1.000000,0.349925
488,-0.363310,-1.845523,-15.210223,0.349925,-0.037587,-2.768336,0.580000,0.180000,0.120000,0.100000,-1.000000,0.349925
489,-0.366564,-1.846864,-15.237906,0.349925,-0.037587,-2.768335,0.680000,0.200000,0.120000,0.100000,-1.000000,0.349925
490,-0.369854,-1.848114,-15.265589,0.349925,-0.037587,-2.768335,0.680000,0.200000,0.120000,0.100000,-1.000000,0.349925
491,-0.373177,-1.849272,-15.293273,0.349926,-0.037587,-2.768334,0.680000,0.220000,0.120000,0.100000,-1.000000,0.349926
492,-0.376531,-1.850338,-15.320956,0.349926,-0.037587,-2.768333,0.940000,0.220000,0.120000,0.100000,-1.000000,0.349926
493,-0.379914,-1.851310,-15.348639,0.349926,-0.037587,-2.768333,0.940000,0.240000,0.140000,0.100000,-1.000000,0.349926
494,-0.383322,-1.852189,-15.376323,0.349926,-0.037587,-2.768332,1.000000,0.260000,0.140000,0.100000,-1.000000,0.349926
495,-0.386753,-1.852973,-15.404006,0.349926,-0.037587,-2.768331,1.000000,0.260000,0.140000,0.100000,-1.000000,0.349926
496,-0.390204,-1.853662,-15.431689,0.349926,-0.037587,-2.768331,1.000000,0.300000,0.140000,0.100000,-1.000000,0.349926
497,-0.393673,-1.854255,-15.459373,0.349926,-0.037587,-2.768330,1.000000,0.320000,0.140000,0.100000,-1.000000,0.349926
498,-0.397157,-1.854751,-15.487056,0.349926,-0.037587,-2.768330,1.000000,0.360000,0.160000,0.100000,-1.000000,0.349926
499,-0.400654,-1.855151,-15.514739,0.349926,-0.037587,-2.768329,1.000000,0.400000,0.160000,0.100000,-1.000000,0.349926
500,-0.404160,-1.855454,-15.542423,0.349926,-0.037587,-2.768328,1.000000,0.460000,0.160000,0.100000,-1.000000,0.349926
501,-0.407674,-1.855660,-15.570106,0.349926,-0.037587,-2.768328,1.000000,0.560000,0.180000,0.100000,-1.000000,0.349926
502,-0.411191,-1.855769,-15.597789,0.349926,-0.037587,-2.768327,1.000000,0.640000,0.180000,0.100000,-1.000000,0.349926
503,-0.414711,-1.855780,-15.625472,0.349926,-0.037587,-2.768327,1.000000,0.640000,0.200000,0.100000,-1.000000,0.349926
504,-0.418229,-1.855694,-15.653156,0.349926,-0.037587,-2.768326,1.000000,0.660000,0.200000,0.100000,-1.000000,0.349926
505,-0.421744,-1.855510,-15.680839,0.349926,-0.037587,-2.768326,1.000000,0.920000,0.220000,0.100000,-1.000000,0.349926
506,-0.425252,-1.855229,-15.708522,0.349926,-0.037587,-2.768325,1.000000,0.900000,0.240000,0.100000,-1.000000,0.349926
507,-0.428751,-1.854851,-15.736205,0.349926,-0.037587,-2.768325,1.000000,0.980000,0.260000,0.100000,-1.000000,0.349926
508,-0.432238,-1.854377,-15.763889,0.349926,-0.037587,-2.768324,1.000000,1.000000,0.280000,0.100000,-1.000000,0.349926
509,-0.435711,-1.853806,-15.791572,0.349927,-0.037587,-2.768324,1.000000,1.000000,0.300000,0.100000,-1.000000,0.349927
510,-0.439167,-1.853139,-15.819255,0.349927,-0.037587,-2.768323,0.820000,1.000000,0.340000,0.100000,-1.000000,0.349927
511,-0.442602,-1.852377,-15.846938,0.349927,-0.037587,-2.768323,0.700000,1.000000,0.380000,0.100000,-1.000000,0.349927
512,-0.446016,-1.851520,-15.874622,0.349927,-0.037587,-2.768323,0.660000,1.000000,0.440000,0.100000,-1.000000,0.349927
513,-0.449404,-1.850569,-15.902305,0.349927,-0.037587,-2.768322,0.620000,1.000000,0.520000,0.100000,-1.000000,0.349927
514,-0.452765,-1.849524,-15.929988,0.349927,-0.037587,-2.768322,0.600000,1.000000,0.620000,0.100000,-1.000000,0.349927
515,-0.456096,-1.848387,-15.957671,0.349927,-0.037587,-2.768321,0.580000,1.000000,0.600000,0.100000,-1.000000,0.349927
516,-0.459394,-1.847158,-15.985355,0.349927,-0.037587,-2.768321,0.560000,1.000000,0.600000,0.100000,-1.000000,0.349927
517,-0.462656,-1.845838,-16.013038,0.349927,-0.037587,-2.768321,0.540000,1.000000,0.880000,0.100000,-1.000000,0.349927
518,-0.465881,-1.844429,-16.040721,0.349927,-0.037587,-2.768320,0.520000,1.000000,0.880000,0.100000,-1.000000,0.349927
519,-0.469065,-1.842931,-16.068404,0.349927,-0.037587,-2.768320,0.500000,1.000000,0.960000,0.100000,-1.000000,0.349927
520,-0.472207,-1.841345,-16.096087,0.349927,-0.037587,-2.768320,0.480000,1.000000,1.000000,0.100000,-1.000000,0.349927
521,-0.475304,-1.839672,-16.123771,0.349927,-0.037587,-2.768319,0.460000,1.000000,1.000000,0.100000,-1.000000,0.349927
522,-0.478353,-1.837915,-16.151454,0.349927,-0.037587,-2.768319,0.440000,1.000000,1.000000,0.100000,-1.000000,0.349927
523,-0.481353,-1.836074,-16.179137,0.349927,-0.037587,-2.768319,0.440000,0.780000,1.000000,0.100000,-1.000000,0.349927
524,-0.484300,-1.834151,-16.206820,0.349927,-0.037586,-2.768318,0.420000,0.660000,1.000000,0.100000,-1.000000,0.349927
525,-0.487193,-1.832147,-16.234503,0.349927,-0.037586,-2.768318,0.400000,0.620000,1.000000,0.100000,-1.000000,0.349927
526,-0.490030,-1.830063,-16.262187,0.349927,-0.037586,-2.768318,0.400000,0.580000,1.000000,0.100000,-1.000000,0.349927
527,-0.492807,-1.827902,-16.289870,0.349927,-0.037586,-2.768317,0.380000,0.560000,1.000000,0.100000,-1.000000,0.349927
528,-0.495524,-1.825665,-16.317553,0.349927,-0.037586,-2.768317,0.380000,0.540000,1.000000,0.100000,-1.000000,0.349927
529,-0.498178,-1.823353,-16.345236,0.349927,-0.037586,-2.768317,0.360000,0.520000,1.000000,0.100000,-1.000000,0.349927
530,-0.500767,-1.820969,-16.372919,0.349927,-0.037586,-2.768316,0.360000,0.500000,1.000000,0.100000,-1.000000,0.349927
531,-0.503288,-1.818514,-16.400602,0.349927,-0.037586,-2.768316,0.360000,0.480000,1.000000,0.100000,-1.000000,0.349927
532,-0.505741,-1.815990,-16.428286,0.349927,-0.037586,-2.768316,0.340000,0.460000,1.000000,0.100000,-1.000000,0.349927
533,-0.508123,-1.813399,-16.455969,0.349927,-0.037586,-2.768316,0.340000,0.440000,1.000000,0.100000,-1.000000,0.349927
534,-0.510433,-1.810744,-16.483652,0.349927,-0.037586,-2.768315,0.320000,0.420000,1.000000,0.100000,-1.000000,0.349927
535,-0.512668,-1.808025,-16.511335,0.349927,-0.037586,-2.768315,0.320000,0.400000,0.760000,0.100000,-1.000000,0.349927
536,-0.514827,-1.805246,-16.539018,0.349927,-0.037586,-2.768315,0.320000,0.400000,0.620000,0.100000,-1.000000,0.349927
537,-0.516908,-1.802408,-16.566701,0.349927,-0.037586,-2.768315,0.320000,0.380000,0.580000,0.100000,-1.000000,0.349927
538,-0.518910,-1.799513,-16.594384,0.349927,-0.037586,-2.768314,0.300000,0.380000,0.560000,0.100000,-1.000000,0.349927
539,-0.520831,-1.796564,-16.622068,0.349927,-0.037586,-2.768314,0.300000,0.360000,0.520000,0.100000,-1.000000,0.349927
540,-0.522670,-1.793563,-16.649751,0.349927,-0.037586,-2.768314,0.300000,0.340000,0.500000,0.100000,-1.000000,0.349927
541,-0.524424,-1.790513,-16.677434,0.349927,-0.037586,-2.768314,0.300000,0.340000,0.480000,0.100000,-1.000000,0.349927
542,-0.526094,-1.787415,-16.705117,0.349928,-0.037586,-2.768314,0.280000,0.340000,0.460000,0.100000,-1.000000,0.349928
543,-0.527678,-1.784271,-16.732800,0.349928,-0.037586,-2.768313,0.280000,0.320000,0.440000,0.100000,-1.000000,0.349928
544,-0.529173,-1.781086,-16.760483,0.349928,-0.037586,-2.768313,0.280000,0.320000,0.420000,0.100000,-1.000000,0.349928
545,-0.530580,-1.777860,-16.788166,0.349928,-0.037586,-2.768313,0.280000,0.300000,0.400000,0.100000,-1.000000,0.349928
546,-0.531897,-1.774596,-16.815850,0.349928,-0.037586,-2.768313,0.280000,0.300000,0.380000,0.100000,-1.000000,0.349928
547,-0.533124,-1.771297,-16.843533,0.349928,-0.037586,-2.768313,0.260000,0.300000,0.380000,0.100000,-1.000000,0.349928
548,-0.534258,-1.767966,-16.871216,0.349928,-0.037586,-2.768312,0.260000,0.280000,0.360000,0.100000,-1.000000,0.349928
549,-0.535300,-1.764604,-16.898899,0.349928,-0.037586,-2.768312,0.260000,0.280000,0.340000,0.100000,-1.000000,0.349928
550,-0.536249,-1.761215,-16.926582,0.349928,-0.037586,-2.768312,0.260000,0.280000,0.340000,0.100000,-1.000000,0.349928
551,-0.537103,-1.757801,-16.954265,0.349928,-0.037586,-2.768312,0.260000,0.260000,0.320000,0.100000,-1.000000,0.349928
552,-0.537862,-1.754364,-16.981948,0.349928,-0.037586,-2.768312,0.260000,0.260000,0.320000,0.100000,-1.000000,0.349928
553,-0.538526,-1.750908,-17.009631,0.349928,-0.037586,-2.768312,0.260000,0.260000,0.300000,0.100000,-1.000000,0.349928
554,-0.539094,-1.747435,-17.037315,0.349928,-0.037586,-2.768311,0.240000,0.260000,0.300000,0.100000,-1.000000,0.349928
555,-0.539566,-1.743947,-17.064998,0.349928,-0.037586,-2.768311,0.240000,0.260000,0.280000,0.100000,-1.000000,0.349928
556,-0.539941,-1.740448,-17.092681,0.349928,-0.037586,-2.768311,0.240000,0.240000,0.280000,0.100000,-1.000000,0.349928
557,-0.540219,-1.736939,-17.120364,0.349928,-0.037586,-2.768311,0.240000,0.240000,0.280000,0.100000,-1.000000,0.349928
558,-0.540400,-1.733425,-17.148047,0.349928,-0.037586,-2.768311,0.240000,0.240000,0.260000,0.100000,-1.000000,0.349928
559,-0.540483,-1.729906,-17.175730,0.349928,-0.037586,-2.768311,0.240000,0.240000,0.260000,0.100000,-1.000000,0.349928
560,-0.540469,-1.726387,-17.203413,0.349928,-0.037586,-2.768310,0.240000,0.240000,0.260000,0.100000,-1.000000,0.349928
561,-0.540358,-1.722869,-17.231096,0.349928,-0.037586,-2.768310,0.240000,0.220000,0.240000,0.100000,-1.000000,0.349928
562,-0.540149,-1.719356,-17.258779,0.349928,-0.037586,-2.768310,0.240000,0.220000,0.240000,0.100000,-1.000000,0.349928
563,-0.539843,-1.715850,-17.286462,0.349928,-0.037586,-2.768310,0.240000,0.220000,0.240000,0.100000,-1.000000,0.349928
564,-0.539441,-1.712354,-17.314146,0.349928,-0.037586,-2.768310,0.240000,0.220000,0.240000,0.100000,-1.000000,0.349928
565,-0.538941,-1.708870,-17.341829,0.349928,-0.037586,-2.768310,0.240000,0.220000,0.220000,0.100000,-1.000000,0.349928
566,-0.538345,-1.705401,-17.369512,0.349928,-0.037586,-2.768310,0.240000,0.220000,0.220000,0.100000,-1.000000,0.349928
567,-0.537654,-1.701950,-17.397195,0.349928,-0.037586,-2.768310,0.240000,0.220000,0.220000,0.100000,-1.000000,0.349928
568,-0.536867,-1.698520,-17.424878,0.349928,-0.037586,-2.768309,0.240000,0.220000,0.220000,0.100000,-1.000000,0.349928
569,-0.535986,-1.695113,-17.452561,0.349928,-0.037586,-2.768309,0.240000,0.200000,0.200000,0.100000,-1.000000,0.349928
570,-0.535011,-1.691731,-17.480244,0.349928,-0.037586,-2.768309,0.240000,0.200000,0.200000,0.100000,-1.000000,0.349928
571,-0.533942,-1.688378,-17.507927,0.349928,-0.037586,-2.768309,0.240000,0.200000,0.200000,0.100000,-1.000000,0.349928
572,-0.532781,-1.685055,-17.535610,0.349928,-0.037586,-2.768309,0.240000,0.200000,0.200000,0.100000,-1.000000,0.349928
573,-0.531529,-1.681766,-17.563293,0.349928,-0.037586,-2.768309,0.240000,0.200000,0.200000,0.100000,-1.000000,0.349928
574,-0.530186,-1.678513,-17.590977,0.349928,-0.037586,-2.768309,0.240000,0.200000,0.200000,0.100000,-1.000000,0.349928
575,-0.528753,-1.675299,-17.618660,0.349928,-0.037586,-2.768309,0.240000,0.200000,0.200000,0.100000,-1.000000,0.349928
576,-0.527232,-1.672125,-17.646343,0.349928,-0.037586,-2.768309,0.240000,0.200000,0.180000,0.100000,-1.000000,0.349928
577,-0.525624,-1.668994,-17.674026,0.349928,-0.037586,-2.768309,0.240000,0.200000,0.180000,0.100000,-1.000000,0.349928
578,-0.523930,-1.665910,-17.701709,0.349928,-0.037586,-2.768308,0.260000,0.200000,0.180000,0.100000,-1.000000,0.349928
579,-0.522151,-1.662873,-17.729392,0.349928,-0.037586,-2.768308,0.260000,0.200000,0.180000,0.100000,-1.000000,0.349928
580,-0.520288,-1.659887,-17.757075,0.349928,-0.037586,-2.768308,0.260000,0.200000,0.180000,0.100000,-1.000000,0.349928
581,-0.518344,-1.656953,-17.784758,0.349928,-0.037586,-2.768308,0.260000,0.200000,0.180000,0.100000,-1.000000,0.349928
582,-0.516319,-1.654075,-17.812441,0.349928,-0.037586,-2.768308,0.260000,0.200000,0.180000,0.100000,-1.000000,0.349928
583,-0.514215,-1.651253,-17.840124,0.349928,-0.037586,-2.768308,0.280000,0.200000,0.180000,0.100000,-1.000000,0.349928
584,-0.512034,-1.648491,-17.867807,0.349928,-0.037586,-2.768308,0.280000,0.200000,0.180000,0.100000,-1.000000,0.349928
585,-0.509778,-1.645790,-17.895490,0.349928,-0.037586,-2.768308,0.280000,0.200000,0.180000,0.100000,-1.000000,0.349928
586,-0.507447,-1.643153,-17.923174,0.349928,-0.037586,-2.768308,0.300000,0.200000,0.180000,0.100000,-1.000000,0.349928
587,-0.505045,-1.640581,-17.950857,0.349928,-0.037586,-2.768308,0.300000,0.200000,0.180000,0.100000,-1.000000,0.349928
588,-0.502572,-1.638077,-17.978540,0.349928,-0.037586,-2.768308,0.320000,0.200000,0.180000,0.100000,-1.000000,0.349928
589,-0.500031,-1.635642,-18.006223,0.349928,-0.037586,-2.768308,0.320000,0.200000,0.160000,0.100000,-1.000000,0.349928
590,-0.497423,-1.633279,-18.033906,0.349928,-0.037586,-2.768307,0.340000,0.220000,0.160000,0.100000,-1.000000,0.349928
591,-0.494751,-1.630988,-18.061589,0.349928,-0.037586,-2.768307,0.360000,0.220000,0.160000,0.100000,-1.000000,0.349928
592,-0.492016,-1.628773,-18.089272,0.349928,-0.037586,-2.768307,0.360000,0.220000,0.160000,0.100000,-1.000000,0.349928
593,-0.489222,-1.626634,-18.116955,0.349928,-0.037586,-2.768307,0.380000,0.220000,0.180000,0.100000,-1.000000,0.349928
594,-0.486369,-1.624573,-18.144638,0.349928,-0.037586,-2.768307,0.420000,0.220000,0.180000,0.100000,-1.000000,0.349928
595,-0.483460,-1.622592,-18.172321,0.349928,-0.037586,-2.768307,0.440000,0.240000,0.180000,0.100000,-1.000000,0.349928
596,-0.480497,-1.620692,-18.200004,0.349928,-0.037586,-2.768307,0.480000,0.240000,0.180000,0.100000,-1.000000,0.349928
597,-0.477483,-1.618874,-18.227687,0.349928,-0.037586,-2.768307,0.520000,0.240000,0.180000,0.100000,-1.000000,0.349928
598,-0.474420,-1.617141,-18.255370,0.349928,-0.037586,-2.768307,0.560000,0.240000,0.180000,0.100000,-1.000000,0.349928
599,-0.471310,-1.615494,-18.283053,0.349928,-0.037586,-2.768307,0.620000,0.260000,0.180000,0.100000,-1.000000,0.349928
600,-0.468156,-1.613933,-18.310737,0.349928,-0.037586,-2.768307,0.700000,0.260000,0.180000,0.100000,-1.000000,0.349928
601,-0.464960,-1.612460,-18.338420,0.349928,-0.037586,-2.768307,0.820000,0.280000,0.180000,0.100000,-1.000000,0.349928
602,-0.461724,-1.611076,-18.366103,0.349928,-0.037586,-2.768307,0.980000,0.280000,0.180000,0.100000,-1.000000,0.349928
603,-0.458451,-1.609782,-18.393786,0.349928,-0.037586,-2.768307,1.000000,0.300000,0.180000,0.100000,-1.000000,0.349928
604,-0.455143,-1.608580,-18.421469,0.349928,-0.037586,-2.768307,1.000000,0.320000,0.200000,0.100000,-1.000000,0.349928
605,-0.451804,-1.607469,-18.449152,0.349928,-0.037586,-2.768307,1.000000,0.340000,0.200000,0.100000,-1.000000,0.349928
606,-0.448435,-1.606451,-18.476835,0.349928,-0.037586,-2.768307,1.000000,0.360000,0.200000,0.100000,-1.000000,0.349928
607,-0.445039,-1.605527,-18.504518,0.349928,-0.037586,-2.768306,1.000000,0.380000,0.200000,0.100000,-1.000000,0.349928
608,-0.441619,-1.604697,-18.532201,0.349928,-0.037586,-2.768306,1.000000,0.400000,0.220000,0.100000,-1.000000,0.349928
609,-0.438177,-1.603962,-18.559884,0.349928,-0.037586,-2.768306,1.000000,0.440000,0.220000,0.100000,-1.000000,0.349928
610,-0.434716,-1.603323,-18.587567,0.349928,-0.037586,-2.768306,1.000000,0.480000,0.220000,0.100000,-1.000000,0.349928
611,-0.431239,-1.602779,-18.615250,0.349928,-0.037586,-2.768306,1.000000,0.540000,0.240000,0.100000,-1.000000,0.349928
612,-0.427748,-1.602333,-18.642933,0.349928,-0.037586,-2.768306,1.000000,0.600000,0.240000,0.100000,-1.000000,0.349928
613,-0.424246,-1.601983,-18.670616,0.349928,-0.037586,-2.768306,1.000000,0.700000,0.260000,0.100000,-1.000000,0.349928
614,-0.420735,-1.601730,-18.698299,0.349928,-0.037586,-2.768306,1.000000,0.820000,0.260000,0.100000,-1.000000,0.349928
615,-0.417219,-1.601574,-18.725983,0.349928,-0.037586,-2.768306,1.000000,1.000000,0.280000,0.100000,-1.000000,0.349928
616,-0.413701,-1.601516,-18.753666,0.349928,-0.037586,-2.768306,1.000000,1.000000,0.300000,0.100000,-1.000000,0.349928
617,-0.410181,-1.601555,-18.781349,0.349928,-0.037586,-2.768306,1.000000,1.000000,0.300000,0.100000,-1.000000,0.349928
618,-0.406665,-1.601691,-18.809032,0.349928,-0.037586,-2.768306,0.920000,1.000000,0.320000,0.100000,-1.000000,0.349928
619,-0.403153,-1.601925,-18.836715,0.349928,-0.037586,-2.768306,0.860000,1.000000,0.360000,0.100000,-1.000000,0.349928
620,-0.399649,-1.602256,-18.864398,0.349928,-0.037586,-2.768306,0.800000,1.000000,0.380000,0.100000,-1.000000,0.349928
621,-0.396156,-1.602684,-18.892081,0.349928,-0.037586,-2.768306,0.740000,1.000000,0.420000,0.100000,-1.000000,0.349928
622,-0.392676,-1.603208,-18.919764,0.349928,-0.037586,-2.768306,0.700000,1.000000,0.460000,0.100000,-1.000000,0.349928
623,-0.389211,-1.603828,-18.947447,0.349928,-0.037586,-2.768306,0.660000,1.000000,0.500000,0.100000,-1.000000,0.349928
624,-0.385766,-1.604544,-18.975130,0.349928,-0.037586,-2.768306,0.620000,1.000000,0.560000,0.100000,-1.000000,0.349928
625,-0.382341,-1.605356,-19.002813,0.349928,-0.037586,-2.768306,0.580000,1.000000,0.640000,0.100000,-1.000000,0.349928
626,-0.378940,-1.606261,-19.030496,0.349928,-0.037586,-2.768306,0.560000,1.000000,0.760000,0.100000,-1.000000,0.349928
627,-0.375566,-1.607261,-19.058179,0.349928,-0.037586,-2.768306,0.520000,1.000000,0.900000,0.100000,-1.000000,0.349928
628,-0.372220,-1.608353,-19.085862,0.349928,-0.037586,-2.768306,0.500000,1.000000,1.000000,0.100000,-1.000000,0.349928
629,-0.368906,-1.609538,-19.113545,0.349928,-0.037586,-2.768306,0.480000,1.000000,1.000000,0.100000,-1.000000,0.349928
630,-0.365626,-1.610814,-19.141228,0.349928,-0.037586,-2.768306,0.460000,0.960000,1.000000,0.100000,-1.000000,0.349928
631,-0.362383,-1.612180,-19.168911,0.349928,-0.037586,-2.768306,0.440000,0.880000,1.000000,0.100000,-1.000000,0.349928
632,-0.359178,-1.613635,-19.196595,0.349928,-0.037586,-2.768306,0.420000,0.800000,1.000000,0.100000,-1.000000,0.349928
633,-0.356015,-1.615179,-19.224278,0.349928,-0.037586,-2.768306,0.420000,0.740000,1.000000,0.100000,-1.000000,0.349928
634,-0.352896,-1.616810,-19.251961,0.349928,-0.037586,-2.768306,0.400000,0.700000,1.000000,0.100000,-1.000000,0.349928
635,-0.349824,-1.618526,-19.279644,0.349928,-0.037586,-2.768305,0.380000,0.640000,1.000000,0.100000,-1.000000,0.349928
636,-0.346800,-1.620326,-19.307327,0.349928,-0.037586,-2.768305,0.380000,0.600000,1.000000,0.100000,-1.000000,0.349928
637,-0.343827,-1.622210,-19.335010,0.349928,-0.037586,-2.768305,0.360000,0.580000,1.000000,0.100000,-1.000000,0.349928
638,-0.340908,-1.624175,-19.362693,0.349928,-0.037586,-2.768305,0.360000,0.540000,1.000000,0.100000,-1.000000,0.349928
639,-0.338043,-1.626221,-19.390376,0.349928,-0.037586,-2.768305,0.340000,0.520000,1.000000,0.100000,-1.000000,0.349928
640,-0.335237,-1.628344,-19.418059,0.349928,-0.037586,-2.768305,0.340000,0.480000,1.000000,0.100000,-1.000000,0.349928
641,-0.332491,-1.630545,-19.445742,0.349928,-0.037586,-2.768305,0.320000,0.460000,1.000000,0.100000,-1.000000,0.349928
642,-0.329806,-1.632821,-19.473425,0.349928,-0.037586,-2.768305,0.320000,0.440000,0.940000,0.100000,-1.000000,0.349928
643,-0.327185,-1.635170,-19.501108,0.349928,-0.037586,-2.768305,0.300000,0.420000,0.860000,0.100000,-1.000000,0.349928
644,-0.324631,-1.637591,-19.528791,0.349928,-0.037586,-2.768305,0.300000,0.400000,0.780000,0.100000,-1.000000,0.349928
645,-0.322144,-1.640082,-19.556474,0.349928,-0.037586,-2.768305,0.300000,0.400000,0.720000,0.100000,-1.000000,0.349928
646,-0.319728,-1.642640,-19.584157,0.349928,-0.037586,-2.768305,0.280000,0.380000,0.660000,0.100000,-1.000000,0.349928
647,-0.317383,-1.645265,-19.611840,0.349928,-0.037586,-2.768305,0.280000,0.360000,0.620000,0.100000,-1.000000,0.349928
648,-0.315112,-1.647953,-19.639523,0.349928,-0.037586,-2.768305,0.280000,0.360000,0.580000,0.100000,-1.000000,0.349928
649,-0.312916,-1.650703,-19.667206,0.349928,-0.037586,-2.768305,0.280000,0.340000,0.540000,0.100000,-1.000000,0.349928
650,-0.310796,-1.653513,-19.694889,0.349928,-0.037586,-2.768305,0.260000,0.320000,0.500000,0.100000,-1.000000,0.349928
651,-0.308756,-1.656381,-19.722573,0.349928,-0.037586,-2.768305,0.260000,0.320000,0.480000,0.100000,-1.000000,0.349928
652,-0.306796,-1.659304,-19.750256,0.349928,-0.037586,-2.768305,0.260000,0.300000,0.460000,0.100000,-1.000000,0.349928
653,-0.304917,-1.662280,-19.777939,0.349928,-0.037586,-2.768305,0.260000,0.300000,0.440000,0.100000,-1.000000,0.349928
654,-0.303121,-1.665307,-19.805622,0.349928,-0.037586,-2.768305,0.240000,0.280000,0.400000,0.100000,-1.000000,0.349928
655,-0.301410,-1.668382,-19.833305,0.349928,-0.037586,-2.768305,0.240000,0.280000,0.380000,0.100000,-1.000000,0.349928
656,-0.299785,-1.671504,-19.860988,0.349928,-0.037586,-2.768305,0.240000,0.280000,0.380000,0.100000,-1.000000,0.349928
657,-0.298247,-1.674669,-19.888671,0.349928,-0.037586,-2.768305,0.240000,0.260000,0.360000,0.100000,-1.000000,0.349928
658,-0.296796,-1.677876,-19.916354,0.349928,-0.037586,-2.768305,0.240000,0.260000,0.340000,0.100000,-1.000000,0.349928
659,-0.295436,-1.681122,-19.944037,0.349928,-0.037586,-2.768305,0.220000,0.260000,0.320000,0.100000,-1.000000,0.349928
660,-0.294165,-1.684404,-19.971720,0.349928,-0.037586,-2.768305,0.220000,0.240000,0.320000,0.100000,-1.000000,0.349928
661,-0.292986,-1.687720,-19.999403,0.349928,-0.037586,-2.768305,0.220000,0.240000,0.300000,0.100000,-1.000000,0.349928
662,-0.291899,-1.691067,-20.027086,0.349928,-0.037586,-2.768305,0.220000,0.240000,0.300000,0.100000,-1.000000,0.349928
663,-0.290905,-1.694443,-20.054769,0.349928,-0.037586,-2.768305,0.220000,0.220000,0.280000,0.100000,-1.000000,0.349928
664,-0.290006,-1.697846,-20.082452,0.349928,-0.037586,-2.768305,0.220000,0.220000,0.280000,0.100000,-1.000000,0.349928
665,-0.289200,-1.701272,-20.110135,0.349928,-0.037586,-2.768305,0.200000,0.220000,0.260000,0.100000,-1.000000,0.349928
666,-0.288490,-1.704719,-20.137818,0.349928,-0.037586,-2.768305,0.200000,0.220000,0.260000,0.100000,-1.000000,0.349928
667,-0.287875,-1.708184,-20.165501,0.349928,-0.037586,-2.768305,0.200000,0.200000,0.240000,0.100000,-1.000000,0.349928
668,-0.287357,-1.711665,-20.193184,0.349928,-0.037586,-2.768305,0.200000,0.200000,0.240000,0.100000,-1.000000,0.349928
669,-0.286935,-1.715159,-20.220867,0.349928,-0.037586,-2.768305,0.200000,0.200000,0.240000,0.100000,-1.000000,0.349928
670,-0.286610,-1.718663,-20.248550,0.349928,-0.037586,-2.768305,0.200000,0.200000,0.220000,0.100000,-1.000000,0.349928
671,-0.286382,-1.722175,-20.276234,0.349928,-0.037586,-2.768305,0.200000,0.200000,0.220000,0.100000,-1.000000,0.349928
672,-0.286251,-1.725692,-20.303917,0.349928,-0.037586,-2.768305,0.200000,0.200000,0.220000,0.100000,-1.000000,0.349928
673,-0.286218,-1.729212,-20.331600,0.349928,-0.037586,-2.768305,0.200000,0.180000,0.200000,0.100000,-1.000000,0.349928
674,-0.286282,-1.732731,-20.359283,0.349928,-0.037586,-2.768305,0.200000,0.180000,0.200000,0.100000,-1.000000,0.349928
675,-0.286444,-1.736246,-20.386966,0.349928,-0.037586,-2.768305,0.180000,0.180000,0.200000,0.100000,-1.000000,0.349928
676,-0.286703,-1.739756,-20.414649,0.349928,-0.037586,-2.768305,0.180000,0.180000,0.180000,0.100000,-1.000000,0.349928
677,-0.287059,-1.743257,-20.442332,0.349928,-0.037586,-2.768305,0.180000,0.180000,0.180000,0.100000,-1.000000,0.349928
678,-0.287511,-1.746748,-20.470015,0.349928,-0.037586,-2.768305,0.180000,0.180000,0.180000,0.100000,-1.000000,0.349928
679,-0.288060,-1.750224,-20.497698,0.349928,-0.037586,-2.768305,0.180000,0.180000,0.180000,0.100000,-1.000000,0.349928
680,-0.288706,-1.753684,-20.525381,0.349928,-0.037586,-2.768305,0.180000,0.160000,0.180000,0.100000,-1.000000,0.349928
681,-0.289446,-1.757124,-20.553064,0.349928,-0.037586,-2.768305,0.180000,0.160000,0.160000,0.100000,-1.000000,0.349928
682,-0.290282,-1.760543,-20.580747,0.349928,-0.037586,-2.768305,0.180000,0.160000,0.160000,0.100000,-1.000000,0.349928
683,-0.291212,-1.763937,-20.608430,0.349928,-0.037586,-2.768305,0.180000,0.160000,0.160000,0.100000,-1.000000,0.349928
684,-0.292235,-1.767305,-20.636113,0.349928,-0.037586,-2.768305,0.180000,0.160000,0.160000,0.100000,-1.000000,0.349928
685,-0.293351,-1.770642,-20.663796,0.349928,-0.037586,-2.768305,0.180000,0.160000,0.160000,0.100000,-1.000000,0.349928
686,-0.294560,-1.773948,-20.691479,0.349928,-0.037586,-2.768305,0.180000,0.160000,0.160000,0.100000,-1.000000,0.349928
687,-0.295859,-1.777219,-20.719162,0.349928,-0.037586,-2.768305,0.180000,0.160000,0.140000,0.100000,-1.000000,0.349928
688,-0.297248,-1.780452,-20.746845,0.349928,-0.037586,-2.768305,0.180000,0.160000,0.140000,0.100000,-1.000000,0.349928
689,-0.298727,-1.783646,-20.774528,0.349928,-0.037586,-2.768305,0.180000,0.160000,0.140000,0.100000,-1.000000,0.349928
690,-0.300293,-1.786798,-20.802211,0.349928,-0.037586,-2.768305,0.180000,0.160000,0.140000,0.100000,-1.000000,0.349928
691,-0.301946,-1.789905,-20.829895,0.349928,-0.037586,-2.768305,0.180000,0.140000,0.140000,0.100000,-1.000000,0.349928
692,-0.303684,-1.792965,-20.857578,0.349928,-0.037586,-2.768305,0.180000,0.140000,0.140000,0.100000,-1.000000,0.349928
693,-0.305506,-1.795976,-20.885261,0.349928,-0.037586,-2.768305,0.180000,0.140000,0.140000,0.100000,-1.000000,0.349928
694,-0.307411,-1.798936,-20.912944,0.349928,-0.037586,-2.768305,0.200000,0.140000,0.140000,0.100000,-1.000000,0.349928
695,-0.309397,-1.801841,-20.940627,0.349928,-0.037586,-2.768305,0.200000,0.140000,0.140000,0.100000,-1.000000,0.349928
696,-0.311463,-1.804691,-20.968310,0.349928,-0.037586,-2.768305,0.200000,0.140000,0.120000,0.100000,-1.000000,0.349928
697,-0.313606,-1.807482,-20.995993,0.349928,-0.037586,-2.768305,0.200000,0.140000,0.120000,0.100000,-1.000000,0.349928
698,-0.315826,-1.810212,-21.023676,0.349928,-0.037586,-2.768305,0.200000,0.140000,0.120000,0.100000,-1.000000,0.349928
699,-0.318121,-1.812881,-21.051359,0.349928,-0.037586,-2.768305,0.200000,0.140000,0.120000,0.100000,-1.000000,0.349928
700,-0.320489,-1.815484,-21.079042,0.349928,-0.037586,-2.768305,0.220000,0.140000,0.120000,0.100000,-1.000000,0.349928
701,-0.322928,-1.818022,-21.106725,0.349928,-0.037586,-2.768305,0.220000,0.140000,0.120000,0.100000,-1.000000,0.349928
702,-0.325437,-1.820490,-21.134408,0.349928,-0.037586,-2.768305,0.220000,0.140000,0.120000,0.100000,-1.000000,0.349928
703,-0.328012,-1.822889,-21.162091,0.349928,-0.037586,-2.768305,0.240000,0.140000,0.120000,0.100000,-1.000000,0.349928
704,-0.330654,-1.825215,-21.189774,0.349928,-0.037586,-2.768305,0.240000,0.140000,0.120000,0.100000,-1.000000,0.349928
705,-0.333358,-1.827467,-21.217457,0.349928,-0.037586,-2.768305,0.240000,0.160000,0.120000,0.100000,-1.000000,0.349928
706,-0.336124,-1.829643,-21.245140,0.349928,-0.037586,-2.768305,0.260000,0.160000,0.120000,0.100000,-1.000000,0.349928
707,-0.338949,-1.831742,-21.272823,0.349928,-0.037586,-2.768305,0.280000,0.160000,0.120000,0.100000,-1.000000,0.349928
708,-0.341831,-1.833762,-21.300506,0.349928,-0.037586,-2.768305,0.280000,0.160000,0.120000,0.100000,-1.000000,0.349928
709,-0.344768,-1.835701,-21.328189,0.349928,-0.037586,-2.768305,0.300000,0.160000,0.120000,0.100000,-1.000000,0.349928
710,-0.347757,-1.837559,-21.355872,0.349928,-0.037586,-2.768305,0.320000,0.160000,0.120000,0.100000,-1.000000,0.349928
711,-0.350797,-1.839333,-21.383555,0.349928,-0.037586,-2.768305,0.360000,0.160000,0.120000,0.100000,-1.000000,0.349928
712,-0.353884,-1.841022,-21.411238,0.349928,-0.037586,-2.768305,0.400000,0.160000,0.120000,0.100000,-1.000000,0.349928
713,-0.357017,-1.842625,-21.438922,0.349928,-0.037586,-2.768305,0.440000,0.180000,0.120000,0.100000,-1.000000,0.349928
714,-0.360194,-1.844141,-21.466605,0.349928,-0.037586,-2.768305,0.500000,0.180000,0.120000,0.100000,-1.000000,0.349928
715,-0.363411,-1.845568,-21.494288,0.349928,-0.037586,-2.768305,0.580000,0.180000,0.120000,0.100000,-1.000000,0.349928
716,-0.366666,-1.846905,-21.521971,0.349928,-0.037586,-2.768305,0.680000,0.200000,0.120000,0.100000,-1.000000,0.349928
717,-0.369957,-1.848152,-21.549654,0.349928,-0.037586,-2.768305,0.680000,0.200000,0.120000,0.100000,-1.000000,0.349928
718,-0.373282,-1.849308,-21.577337,0.349928,-0.037586,-2.768305,0.680000,0.220000,0.120000,0.100000,-1.000000,0.349928
719,-0.376637,-1.850371,-21.605020,0.349928,-0.037586,-2.768305,0.940000,0.220000,0.120000,0.100000,-1.000000,0.349928
720,-0.380020,-1.851340,-21.632703,0.349928,-0.037586,-2.768305,0.940000,0.240000,0.140000,0.100000,-1.000000,0.349928
721,-0.383429,-1.852216,-21.660386,0.349928,-0.037586,-2.768305,1.000000,0.260000,0.140000,0.100000,-1.000000,0.349928
722,-0.386860,-1.852997,-21.688069,0.349928,-0.037586,-2.768305,1.000000,0.280000,0.140000,0.100000,-1.000000,0.349928
723,-0.390312,-1.853683,-21.715752,0.349928,-0.037586,-2.768305,1.000000,0.300000,0.140000,0.100000,-1.000000,0.349928
724,-0.393782,-1.854273,-21.743435,0.349928,-0.037586,-2.768305,1.000000,0.320000,0.140000,0.100000,-1.000000,0.349928
725,-0.397266,-1.854766,-21.771118,0.349928,-0.037586,-2.768305,1.000000,0.360000,0.160000,0.100000,-1.000000,0.349928
726,-0.400763,-1.855163,-21.798801,0.349928,-0.037586,-2.768305,1.000000,0.400000,0.160000,0.100000,-1.000000,0.349928
727,-0.404270,-1.855463,-21.826484,0.349928,-0.037586,-2.768305,1.000000,0.480000,0.160000,0.100000,-1.000000,0.349928
728,-0.407784,-1.855666,-21.854167,0.349928,-0.037586,-2.768305,1.000000,0.560000,0.180000,0.100000,-1.000000,0.349928
729,-0.411301,-1.855771,-21.881850,0.349928,-0.037586,-2.768305,1.000000,0.640000,0.180000,0.100000,-1.000000,0.349928
730,-0.414821,-1.855779,-21.909533,0.349928,-0.037586,-2.768305,1.000000,0.640000,0.200000,0.100000,-1.000000,0.349928
731,-0.418339,-1.855690,-21.937216,0.349928,-0.037586,-2.768305,1.000000,0.660000,0.200000,0.100000,-1.000000,0.349928
732,-0.421854,-1.855503,-21.964899,0.349928,-0.037586,-2.768305,1.000000,0.920000,0.220000,0.100000,-1.000000,0.349928
733,-0.425362,-1.855220,-21.992582,0.349928,-0.037586,-2.768305,1.000000,0.900000,0.240000,0.100000,-1.000000,0.349928
734,-0.428860,-1.854839,-22.020265,0.349928,-0.037586,-2.768305,1.000000,0.980000,0.260000,0.100000,-1.000000,0.349928
735,-0.432347,-1.854361,-22.047949,0.349928,-0.037586,-2.768305,1.000000,1.000000,0.280000,0.100000,-1.000000,0.349928
736,-0.435819,-1.853787,-22.075632,0.349928,-0.037586,-2.768305,1.000000,1.000000,0.300000,0.100000,-1.000000,0.349928
737,-0.439275,-1.853117,-22.103315,0.349928,-0.037586,-2.768305,0.820000,1.000000,0.340000,0.100000,-1.000000,0.349928
738,-0.442710,-1.852352,-22.130998,0.349928,-0.037586,-2.768305,0.700000,1.000000,0.380000,0.100000,-1.000000,0.349928
739,-0.446122,-1.851492,-22.158681,0.349928,-0.037586,-2.768305,0.660000,1.000000,0.440000,0.100000,-1.000000,0.349928
740,-0.449510,-1.850538,-22.186364,0.349928,-0.037586,-2.768305,0.620000,1.000000,0.520000,0.100000,-1.000000,0.349928
741,-0.452870,-1.849491,-22.214047,0.349928,-0.037586,-2.768304,0.600000,1.000000,0.620000,0.100000,-1.000000,0.349928
742,-0.456200,-1.848351,-22.241730,0.349928,-0.037586,-2.768304,0.580000,1.000000,0.600000,0.100000,-1.000000,0.349928
743,-0.459496,-1.847119,-22.269413,0.349928,-0.037586,-2.768304,0.560000,1.000000,0.600000,0.100000,-1.000000,0.349928
744,-0.462758,-1.845796,-22.297096,0.349928,-0.037586,-2.768304,0.520000,1.000000,0.880000,0.100000,-1.000000,0.349928
745,-0.465981,-1.844384,-22.324779,0.349928,-0.037586,-2.768304,0.520000,1.000000,0.880000,0.100000,-1.000000,0.349928
746,-0.469165,-1.842883,-22.352462,0.349928,-0.037586,-2.768304,0.500000,1.000000,0.960000,0.100000,-1.000000,0.349928
747,-0.472305,-1.841294,-22.380145,0.349928,-0.037586,-2.768304,0.480000,1.000000,1.000000,0.100000,-1.000000,0.349928
748,-0.475400,-1.839619,-22.407828,0.349928,-0.037586,-2.768304,0.460000,1.000000,1.000000,0.100000,-1.000000,0.349928
749,-0.478448,-1.837859,-22.435511,0.349928,-0.037586,-2.768304,0.440000,1.000000,1.000000,0.100000,-1.000000,0.349928
750,-0.481446,-1.836016,-22.463194,0.349928,-0.037586,-2.768304,0.440000,0.680000,1.000000,0.100000,-1.000000,0.349928
751,-0.484392,-1.834090,-22.490877,0.349928,-0.037586,-2.768304,0.420000,0.660000,1.000000,0.100000,-1.000000,0.349928
752,-0.487283,-1.832083,-22.518560,0.349928,-0.037586,-2.768304,0.400000,0.620000,1.000000,0.100000,-1.000000,0.349928
753,-0.490118,-1.829997,-22.546243,0.349928,-0.037586,-2.768304,0.400000,0.580000,1.000000,0.100000,-1.000000,0.349928
754,-0.492893,-1.827833,-22.573926,0.349928,-0.037586,-2.768304,0.380000,0.560000,1.000000,0.100000,-1.000000,0.349928
755,-0.495608,-1.825594,-22.601609,0.349928,-0.037586,-2.768304,0.380000,0.540000,1.000000,0.100000,-1.000000,0.349928
756,-0.498260,-1.823280,-22.629292,0.349928,-0.037586,-2.768304,0.360000,0.520000,1.000000,0.100000,-1.000000,0.349928
757,-0.500847,-1.820893,-22.656976,0.349928,-0.037586,-2.768304,0.360000,0.500000,1.000000,0.100000,-1.000000,0.349928
758,-0.503366,-1.818436,-22.684659,0.349928,-0.037586,-2.768304,0.360000,0.480000,1.000000,0.100000,-1.000000,0.349928
759,-0.505817,-1.815910,-22.712342,0.349928,-0.037586,-2.768304,0.340000,0.460000,1.000000,0.100000,-1.000000,0.349928
760,-0.508197,-1.813318,-22.740025,0.349928,-0.037586,-2.768304,0.340000,0.440000,1.000000,0.100000,-1.000000,0.349928
761,-0.510504,-1.810660,-22.767708,0.349928,-0.037586,-2.768304,0.320000,0.420000,1.000000,0.100000,-1.000000,0.349928
762,-0.512737,-1.807939,-22.795391,0.349928,-0.037586,-2.768304,0.320000,0.400000,0.760000,0.100000,-1.000000,0.349928
763,-0.514894,-1.805158,-22.823074,0.349928,-0.037586,-2.768304,0.320000,0.400000,0.620000,0.100000,-1.000000,0.349928
764,-0.516972,-1.802318,-22.850757,0.349928,-0.037586,-2.768304,0.320000,0.380000,0.580000,0.100000,-1.000000,0.349928
765,-0.518972,-1.799422,-22.878440,0.349928,-0.037586,-2.768304,0.300000,0.380000,0.560000,0.100000,-1.000000,0.349928
766,-0.520890,-1.796471,-22.906123,0.349928,-0.037586,-2.768304,0.300000,0.360000,0.520000,0.100000,-1.000000,0.349928
767,-0.522726,-1.793469,-22.933806,0.349928,-0.037586,-2.768304,0.300000,0.340000,0.500000,0.100000,-1.000000,0.349928
768,-0.524478,-1.790417,-22.961489,0.349928,-0.037586,-2.768304,0.300000,0.340000,0.480000,0.100000,-1.000000,0.349928
769,-0.526145,-1.787317,-22.989172,0.349928,-0.037586,-2.768304,0.280000,0.340000,0.460000,0.100000,-1.000000,0.349928
770,-0.527726,-1.784172,-23.016855,0.349928,-0.037586,-2.768304,0.280000,0.320000,0.440000,0.100000,-1.000000,0.349928
771,-0.529219,-1.780985,-23.044538,0.349928,-0.037586,-2.768304,0.280000,0.320000,0.420000,0.100000,-1.000000,0.349928
772,-0.530623,-1.777758,-23.072221,0.349928,-0.037586,-2.768304,0.280000,0.300000,0.400000,0.100000,-1.000000,0.349928
773,-0.531937,-1.774494,-23.099904,0.349928,-0.037586,-2.768304,0.280000,0.300000,0.380000,0.100000,-1.000000,0.349928
774,-0.533161,-1.771194,-23.127587,0.349928,-0.037586,-2.768304,0.260000,0.300000,0.380000,0.100000,-1.000000,0.349928
775,-0.534293,-1.767861,-23.155270,0.349928,-0.037586,-2.768304,0.260000,0.280000,0.360000,0.100000,-1.000000,0.349928
776,-0.535331,-1.764499,-23.182953,0.349928,-0.037586,-2.768304,0.260000,0.280000,0.340000,0.100000,-1.000000,0.349928
777,-0.536277,-1.761108,-23.210636,0.349928,-0.037586,-2.768304,0.260000,0.280000,0.340000,0.100000,-1.000000,0.349928
778,-0.537128,-1.757694,-23.238319,0.349928,-0.037586,-2.768304,0.260000,0.260000,0.320000,0.100000,-1.000000,0.349928
779,-0.537885,-1.754256,-23.266002,0.349928,-0.037586,-2.768304,0.260000,0.260000,0.320000,0.100000,-1.000000,0.349928
780,-0.538546,-1.750800,-23.293686,0.349928,-0.037586,-2.768304,0.260000,0.260000,0.300000,0.100000,-1.000000,0.349928
781,-0.539111,-1.747326,-23.321369,0.349928,-0.037586,-2.768304,0.240000,0.260000,0.300000,0.100000,-1.000000,0.349928
782,-0.539580,-1.743838,-23.349052,0.349928,-0.037586,-2.768304,0.240000,0.260000,0.280000,0.100000,-1.000000,0.349928
783,-0.539951,-1.740338,-23.376735,0.349928,-0.037586,-2.768304,0.240000,0.240000,0.280000,0.100000,-1.000000,0.349928
784,-0.540226,-1.736829,-23.404418,0.349928,-0.037586,-2.768304,0.240000,0.240000,0.280000,0.100000,-1.000000,0.349928
785,-0.540404,-1.733315,-23.432101,0.349928,-0.037586,-2.768304,0.240000,0.240000,0.260000,0.100000,-1.000000,0.349928
786,-0.540485,-1.729796,-23.459784,0.349928,-0.037586,-2.768304,0.240000,0.240000,0.260000,0.100000,-1.000000,0.349928
787,-0.540468,-1.726277,-23.487467,0.349928,-0.037586,-2.768304,0.240000,0.240000,0.260000,0.100000,-1.000000,0.349928
788,-0.540353,-1.722759,-23.515150,0.349928,-0.037586,-2.768304,0.240000,0.220000,0.240000,0.100000,-1.000000,0.349928
789,-0.540141,-1.719246,-23.542833,0.349928,-0.037586,-2.768304,0.240000,0.220000,0.240000,0.100000,-1.000000,0.349928
790,-0.539832,-1.715740,-23.570516,0.349928,-0.037586,-2.768304,0.240000,0.220000,0.240000,0.100000,-1.000000,0.349928
791,-0.539427,-1.712244,-23.598199,0.349928,-0.037586,-2.768304,0.240000,0.220000,0.240000,0.100000,-1.000000,0.349928
792,-0.538924,-1.708761,-23.625882,0.349928,-0.037586,-2.768304,0.240000,0.220000,0.220000,0.100000,-1.000000,0.349928
793,-0.538326,-1.705293,-23.653565,0.349928,-0.037586,-2.768304,0.240000,0.220000,0.220000,0.100000,-1.000000,0.349928
794,-0.537631,-1.701843,-23.681248,0.349928,-0.037586,-2.768304,0.240000,0.220000,0.220000,0.100000,-1.000000,0.349928
795,-0.536841,-1.698413,-23.708931,0.349928,-0.037586,-2.768304,0.240000,0.220000,0.220000,0.100000,-1.000000,0.349928
796,-0.535957,-1.695006,-23.736614,0.349928,-0.037586,-2.768304,0.240000,0.200000,0.200000,0.100000,-1.000000,0.349928
797,-0.534979,-1.691626,-23.764297,0.349928,-0.037586,-2.768304,0.240000,0.200000,0.200000,0.100000,-1.000000,0.349928
798,-0.533907,-1.688273,-23.791980,0.349928,-0.037586,-2.768304,0.240000,0.200000,0.200000,0.100000,-1.000000,0.349928
799,-0.532744,-1.684952,-23.819663,0.349928,-0.037586,-2.768304,0.240000,0.200000,0.200000,0.100000,-1.000000,0.349928
800,-0.531488,-1.681664,-23.847346,0.349928,-0.037586,-2.768304,0.240000,0.200000,0.200000,0.100000,-1.000000,0.349928
801,-0.530142,-1.678412,-23.875029,0.349928,-0.037586,-2.768304,0.240000,0.200000,0.200000,0.100000,-1.000000,0.349928
802,-0.528707,-1.675199,-23.902713,0.349928,-0.037586,-2.768304,0.240000,0.200000,0.200000,0.100000,-1.000000,0.349928
803,-0.527183,-1.672026,-23.930396,0.349928,-0.037586,-2.768304,0.240000,0.200000,0.180000,0.100000,-1.000000,0.349928
804,-0.525572,-1.668897,-23.958079,0.349928,-0.037586,-2.768304,0.240000,0.200000,0.180000,0.100000,-1.000000,0.349928
805,-0.523875,-1.665814,-23.985762,0.349928,-0.037586,-2.768304,0.260000,0.200000,0.180000,0.100000,-1.000000,0.349928
806,-0.522094,-1.662779,-24.013445,0.349928,-0.037586,-2.768304,0.260000,0.200000,0.180000,0.100000,-1.000000,0.349928
807,-0.520229,-1.659794,-24.041128,0.349928,-0.037586,-2.768304,0.260000,0.200000,0.180000,0.100000,-1.000000,0.349928
808,-0.518282,-1.656862,-24.068811,0.349928,-0.037586,-2.768304,0.260000,0.200000,0.180000,0.100000,-1.000000,0.349928
809,-0.516255,-1.653985,-24.096494,0.349928,-0.037586,-2.768304,0.260000,0.200000,0.180000,0.100000,-1.000000,0.349928
810,-0.514148,-1.651166,-24.124177,0.349928,-0.037586,-2.768304,0.280000,0.200000,0.180000,0.100000,-1.000000,0.349928
811,-0.511965,-1.648406,-24.151860,0.349928,-0.037586,-2.768304,0.280000,0.200000,0.180000,0.100000,-1.000000,0.349928
812,-0.509706,-1.645707,-24.179543,0.349928,-0.037586,-2.768304,0.280000,0.200000,0.180000,0.100000,-1.000000,0.349928
813,-0.507373,-1.643072,-24.207226,0.349928,-0.037586,-2.768304,0.300000,0.200000,0.180000,0.100000,-1.000000,0.349928
814,-0.504968,-1.640502,-24.234909,0.349928,-0.037586,-2.768304,0.300000,0.200000,0.180000,0.100000,-1.000000,0.349928
815,-0.502493,-1.638000,-24.262592,0.349928,-0.037586,-2.768304,0.320000,0.200000,0.180000,0.100000,-1.000000,0.349928
816,-0.499950,-1.635567,-24.290275,0.349928,-0.037586,-2.768304,0.320000,0.200000,0.160000,0.100000,-1.000000,0.349928
817,-0.497340,-1.633206,-24.317958,0.349928,-0.037586,-2.768304,0.340000,0.220000,0.160000,0.100000,-1.000000,0.349928
818,-0.494666,-1.630918,-24.345641,0.349928,-0.037586,-2.768304,0.360000,0.220000,0.160000,0.100000,-1.000000,0.349928
819,-0.491930,-1.628705,-24.373324,0.349928,-0.037586,-2.768304,0.360000,0.220000,0.160000,0.100000,-1.000000,0.349928
820,-0.489133,-1.626568,-24.401007,0.349928,-0.037586,-2.768304,0.380000,0.220000,0.180000,0.100000,-1.000000,0.349928
821,-0.486279,-1.624509,-24.428690,0.349928,-0.037586,-2.768304,0.420000,0.220000,0.180000,0.100000,-1.000000,0.349928
822,-0.483368,-1.622531,-24.456373,0.349928,-0.037586,-2.768304,0.440000,0.240000,0.180000,0.100000,-1.000000,0.349928
823,-0.480404,-1.620633,-24.484056,0.349928,-0.037586,-2.768304,0.480000,0.240000,0.180000,0.100000,-1.000000,0.349928
824,-0.477388,-1.618819,-24.511739,0.349928,-0.037586,-2.768304,0.520000,0.240000,0.180000,0.100000,-1.000000,0.349928
825,-0.474324,-1.617089,-24.539423,0.349928,-0.037586,-2.768304,0.560000,0.240000,0.180000,0.100000,-1.000000,0.349928
826,-0.471212,-1.615444,-24.567106,0.349928,-0.037586,-2.768304,0.620000,0.260000,0.180000,0.100000,-1.000000,0.349928
827,-0.468057,-1.613886,-24.594789,0.349928,-0.037586,-2.768304,0.700000,0.260000,0.180000,0.100000,-1.000000,0.349928
828,-0.464859,-1.612415,-24.622472,0.349928,-0.037586,-2.768304,0.820000,0.280000,0.180000,0.100000,-1.000000,0.349928
829,-0.461622,-1.611034,-24.650155,0.349928,-0.037586,-2.768304,0.980000,0.280000,0.180000,0.100000,-1.000000,0.349928
830,-0.458348,-1.609743,-24.677838,0.349928,-0.037586,-2.768304,1.000000,0.300000,0.180000,0.100000,-1.000000,0.349928
831,-0.455039,-1.608543,-24.705521,0.349928,-0.037586,-2.768304,1.000000,0.320000,0.200000,0.100000,-1.000000,0.349928
832,-0.451699,-1.607436,-24.733204,0.349928,-0.037586,-2.768304,1.000000,0.340000,0.200000,0.100000,-1.000000,0.349928
833,-0.448329,-1.606421,-24.760887,0.349928,-0.037586,-2.768304,1.000000,0.360000,0.200000,0.100000,-1.000000,0.349928
834,-0.444932,-1.605499,-24.788570,0.349928,-0.037586,-2.768304,1.000000,0.380000,0.200000,0.100000,-1.000000,0.349928
835,-0.441511,-1.604672,-24.816253,0.349928,-0.037586,-2.768304,1.000000,0.400000,0.220000,0.100000,-1.000000,0.349928
836,-0.438069,-1.603941,-24.843936,0.349928,-0.037586,-2.768304,1.000000,0.440000,0.220000,0.100000,-1.000000,0.349928
837,-0.434607,-1.603304,-24.871619,0.349928,-0.037586,-2.768304,1.000000,0.480000,0.220000,0.100000,-1.000000,0.349928
838,-0.431130,-1.602764,-24.899302,0.349928,-0.037586,-2.768304,1.000000,0.540000,0.240000,0.100000,-1.000000,0.349928
839,-0.427638,-1.602320,-24.926985,0.349928,-0.037586,-2.768304,1.000000,0.600000,0.240000,0.100000,-1.000000,0.349928
840,-0.424136,-1.601973,-24.954668,0.349928,-0.037586,-2.768304,1.000000,0.700000,0.260000,0.100000,-1.000000,0.349928
841,-0.420626,-1.601723,-24.982351,0.349928,-0.037586,-2.768304,1.000000,0.820000,0.260000,0.100000,-1.000000,0.349928
842,-0.417109,-1.601571,-25.010034,0.349928,-0.037586,-2.768304,1.000000,1.000000,0.280000,0.100000,-1.000000,0.349928
843,-0.413590,-1.601515,-25.037717,0.349928,-0.037586,-2.768304,1.000000,1.000000,0.300000,0.100000,-1.000000,0.349928
844,-0.410071,-1.601557,-25.065400,0.349928,-0.037586,-2.768304,1.000000,1.000000,0.300000,0.100000,-1.000000,0.349928
845,-0.406555,-1.601697,-25.093083,0.349928,-0.037586,-2.768304,0.920000,1.000000,0.340000,0.100000,-1.000000,0.349928
846,-0.403043,-1.601934,-25.120766,0.349928,-0.037586,-2.768304,0.860000,1.000000,0.360000,0.100000,-1.000000,0.349928
847,-0.399540,-1.602268,-25.148449,0.349928,-0.037586,-2.768304,0.780000,1.000000,0.380000,0.100000,-1.000000,0.349928
848,-0.396047,-1.602699,-25.176133,0.349928,-0.037586,-2.768304,0.740000,1.000000,0.420000,0.100000,-1.000000,0.349928
849,-0.392567,-1.603226,-25.203816,0.349928,-0.037586,-2.768304,0.700000,1.000000,0.460000,0.100000,-1.000000,0.349928
850,-0.389103,-1.603849,-25.231499,0.349928,-0.037586,-2.768304,0.640000,1.000000,0.500000,0.100000,-1.000000,0.349928
851,-0.385658,-1.604568,-25.259182,0.349928,-0.037586,-2.768304,0.620000,1.000000,0.580000,0.100000,-1.000000,0.349928
852,-0.382234,-1.605382,-25.286865,0.349928,-0.037586,-2.768304,0.580000,1.000000,0.660000,0.100000,-1.000000,0.349928
853,-0.378834,-1.606291,-25.314548,0.349928,-0.037586,-2.768304,0.560000,1.000000,0.760000,0.100000,-1.000000,0.349928
854,-0.375460,-1.607293,-25.342231,0.349928,-0.037586,-2.768304,0.520000,1.000000,0.920000,0.100000,-1.000000,0.349928
855,-0.372116,-1.608389,-25.369914,0.349928,-0.037586,-2.768304,0.500000,1.000000,1.000000,0.100000,-1.000000,0.349928
856,-0.368803,-1.609576,-25.397597,0.349928,-0.037586,-2.768304,0.480000,1.000000,1.000000,0.100000,-1.000000,0.349928
857,-0.365524,-1.610855,-25.425280,0.349928,-0.037586,-2.768304,0.460000,0.960000,1.000000,0.100000,-1.000000,0.349928
858,-0.362282,-1.612224,-25.452963,0.349928,-0.037586,-2.768304,0.440000,0.860000,1.000000,0.100000,-1.000000,0.349928
859,-0.359079,-1.613682,-25.480646,0.349928,-0.037586,-2.768304,0.420000,0.800000,1.000000,0.100000,-1.000000,0.349928
860,-0.355917,-1.615229,-25.508329,0.349928,-0.037586,-2.768304,0.420000,0.740000,1.000000,0.100000,-1.000000,0.349928
861,-0.352800,-1.616862,-25.536012,0.349928,-0.037586,-2.768304,0.400000,0.680000,1.000000,0.100000,-1.000000,0.349928
862,-0.349729,-1.618581,-25.563695,0.349928,-0.037586,-2.768304,0.380000,0.640000,1.000000,0.100000,-1.000000,0.349928
863,-0.346706,-1.620384,-25.591378,0.349928,-0.037586,-2.768304,0.380000,0.600000,1.000000,0.100000,-1.000000,0.349928
864,-0.343735,-1.622270,-25.619061,0.349928,-0.037586,-2.768304,0.360000,0.580000,1.000000,0.100000,-1.000000,0.349928
865,-0.340817,-1.624238,-25.646744,0.349928,-0.037586,-2.768304,0.360000,0.540000,1.000000,0.100000,-1.000000,0.349928
866,-0.337955,-1.626286,-25.674427,0.349928,-0.037586,-2.768304,0.340000,0.520000,1.000000,0.100000,-1.000000,0.349928
867,-0.335150,-1.628412,-25.702110,0.349928,-0.037586,-2.768304,0.340000,0.480000,1.000000,0.100000,-1.000000,0.349928
868,-0.332406,-1.630615,-25.729793,0.349928,-0.037586,-2.768304,0.320000,0.460000,1.000000,0.100000,-1.000000,0.349928
869,-0.329723,-1.632893,-25.757476,0.349928,-0.037586,-2.768304,0.320000,0.440000,0.940000,0.100000,-1.000000,0.349928
870,-0.327105,-1.635245,-25.785160,0.349928,-0.037586,-2.768304,0.300000,0.420000,0.860000,0.100000,-1.000000,0.349928
871,-0.324552,-1.637668,-25.812843,0.349928,-0.037586,-2.768304,0.300000,0.400000,0.780000,0.100000,-1.000000,0.349928
872,-0.322068,-1.640161,-25.840526,0.349928,-0.037586,-2.768304,0.300000,0.400000,0.720000,0.100000,-1.000000,0.349928
873,-0.319653,-1.642721,-25.868209,0.349928,-0.037586,-2.768304,0.280000,0.380000,0.660000,0.100000,-1.000000,0.349928
874,-0.317311,-1.645348,-25.895892,0.349928,-0.037586,-2.768304,0.280000,0.360000,0.620000,0.100000,-1.000000,0.349928
875,-0.315042,-1.648038,-25.923575,0.349928,-0.037586,-2.768304,0.280000,0.340000,0.580000,0.100000,-1.000000,0.349928
876,-0.312848,-1.650790,-25.951258,0.349928,-0.037586,-2.768304,0.280000,0.340000,0.540000,0.100000,-1.000000,0.349928
877,-0.310731,-1.653602,-25.978941,0.349928,-0.037586,-2.768304,0.260000,0.320000,0.500000,0.100000,-1.000000,0.349928
878,-0.308693,-1.656471,-26.006624,0.349928,-0.037586,-2.768304,0.260000,0.320000,0.480000,0.100000,-1.000000,0.349928
879,-0.306736,-1.659396,-26.034307,0.349928,-0.037586,-2.768304,0.260000,0.300000,0.460000,0.100000,-1.000000,0.349928
880,-0.304859,-1.662374,-26.061990,0.349928,-0.037586,-2.768304,0.260000,0.300000,0.420000,0.100000,-1.000000,0.349928
881,-0.303066,-1.665402,-26.089673,0.349928,-0.037586,-2.768304,0.240000,0.280000,0.400000,0.100000,-1.000000,0.349928
882,-0.301358,-1.668479,-26.117356,0.349928,-0.037586,-2.768304,0.240000,0.280000,0.380000,0.100000,-1.000000,0.349928
883,-0.299735,-1.671602,-26.145039,0.349928,-0.037586,-2.768304,0.240000,0.280000,0.380000,0.100000,-1.000000,0.349928
884,-0.298200,-1.674769,-26.172722,0.349928,-0.037586,-2.768304,0.240000,0.260000,0.360000,0.100000,-1.000000,0.349928
885,-0.296753,-1.677977,-26.200405,0.349928,-0.037586,-2.768304,0.240000,0.260000,0.340000,0.100000,-1.000000,0.349928
886,-0.295395,-1.681224,-26.228088,0.349928,-0.037586,-2.768304,0.220000,0.260000,0.320000,0.100000,-1.000000,0.349928
887,-0.294127,-1.684507,-26.255771,0.349928,-0.037586,-2.768304,0.220000,0.240000,0.320000,0.100000,-1.000000,0.349928
888,-0.292951,-1.687824,-26.283454,0.349928,-0.037586,-2.768304,0.220000,0.240000,0.300000,0.100000,-1.000000,0.349928
889,-0.291867,-1.691172,-26.311137,0.349928,-0.037586,-2.768304,0.220000,0.240000,0.300000,0.100000,-1.000000,0.349928
890,-0.290876,-1.694549,-26.338820,0.349928,-0.037586,-2.768304,0.220000,0.220000,0.280000,0.100000,-1.000000,0.349928
891,-0.289979,-1.697952,-26.366503,0.349928,-0.037586,-2.768304,0.220000,0.220000,0.280000,0.100000,-1.000000,0.349928
892,-0.289176,-1.701379,-26.394186,0.349928,-0.037586,-2.768304,0.200000,0.220000,0.260000,0.100000,-1.000000,0.349928
893,-0.288469,-1.704827,-26.421870,0.349928,-0.037586,-2.768304,0.200000,0.220000,0.260000,0.100000,-1.000000,0.349928
894,-0.287858,-1.708293,-26.449553,0.349928,-0.037586,-2.768304,0.200000,0.200000,0.240000,0.100000,-1.000000,0.349928
895,-0.287342,-1.711774,-26.477236,0.349928,-0.037586,-2.768304,0.200000,0.200000,0.240000,0.100000,-1.000000,0.349928
896,-0.286923,-1.715268,-26.504919,0.349928,-0.037586,-2.768304,0.200000,0.200000,0.220000,0.100000,-1.000000,0.349928
897,-0.286601,-1.718773,-26.532602,0.349928,-0.037586,-2.768304,0.200000,0.200000,0.220000,0.100000,-1.000000,0.349928
898,-0.286376,-1.722285,-26.560285,0.349928,-0.037586,-2.768304,0.200000,0.200000,0.220000,0.100000,-1.000000,0.349928
899,-0.286249,-1.725802,-26.587968,0.349928,-0.037586,-2.768304,0.200000,0.200000,0.220000,0.100000,-1.000000,0.349928
900,-0.286219,-1.729322,-26.615651,0.349928,-0.037586,-2.768304,0.200000,0.180000,0.200000,0.100000,-1.000000,0.349928
901,-0.286286,-1.732841,-26.643334,0.349928,-0.037586,-2.768304,0.200000,0.180000,0.200000,0.100000,-1.000000,0.349928
902,-0.286451,-1.736356,-26.671017,0.349928,-0.037586,-2.768304,0.180000,0.180000,0.200000,0.100000,-1.000000,0.349928
903,-0.286712,-1.739866,-26.698700,0.349928,-0.037586,-2.768304,0.180000,0.180000,0.180000,0.100000,-1.000000,0.349928
904,-0.287071,-1.743367,-26.726383,0.349928,-0.037586,-2.768304,0.180000,0.180000,0.180000,0.100000,-1.000000,0.349928
905,-0.287527,-1.746857,-26.754066,0.349928,-0.037586,-2.768304,0.180000,0.180000,0.180000,0.100000,-1.000000,0.349928
906,-0.288079,-1.750332,-26.781749,0.349928,-0.037586,-2.768304,0.180000,0.180000,0.180000,0.100000,-1.000000,0.349928
907,-0.288727,-1.753792,-26.809432,0.349928,-0.037586,-2.768304,0.180000,0.160000,0.180000,0.100000,-1.000000,0.349928
908,-0.289471,-1.757232,-26.837115,0.349928,-0.037586,-2.768304,0.180000,0.160000,0.160000,0.100000,-1.000000,0.349928
909,-0.290309,-1.760650,-26.864798,0.349928,-0.037586,-2.768304,0.180000,0.160000,0.160000,0.100000,-1.000000,0.349928
910,-0.291242,-1.764043,-26.892481,0.349928,-0.037586,-2.768304,0.180000,0.160000,0.160000,0.100000,-1.000000,0.349928
911,-0.292269,-1.767410,-26.920164,0.349928,-0.037586,-2.768304,0.180000,0.160000,0.160000,0.100000,-1.000000,0.349928
912,-0.293388,-1.770746,-26.947847,0.349928,-0.037586,-2.768304,0.180000,0.160000,0.160000,0.100000,-1.000000,0.349928
913,-0.294599,-1.774051,-26.975530,0.349928,-0.037586,-2.768304,0.180000,0.160000,0.160000,0.100000,-1.000000,0.349928
914,-0.295901,-1.777320,-27.003213,0.349928,-0.037586,-2.768304,0.180000,0.160000,0.140000,0.100000,-1.000000,0.349928
915,-0.297293,-1.780553,-27.030896,0.349928,-0.037586,-2.768304,0.180000,0.160000,0.140000,0.100000,-1.000000,0.349928
916,-0.298774,-1.783745,-27.058580,0.349928,-0.037586,-2.768304,0.180000,0.160000,0.140000,0.100000,-1.000000,0.349928
917,-0.300343,-1.786896,-27.086263,0.349928,-0.037586,-2.768304,0.180000,0.160000,0.140000,0.100000,-1.000000,0.349928
918,-0.301999,-1.790002,-27.113946,0.349928,-0.037586,-2.768304,0.180000,0.140000,0.140000,0.100000,-1.000000,0.349928
919,-0.303739,-1.793060,-27.141629,0.349928,-0.037586,-2.768304,0.180000,0.140000,0.140000,0.100000,-1.000000,0.349928
920,-0.305564,-1.796070,-27.169312,0.349928,-0.037586,-2.768304,0.180000,0.140000,0.140000,0.100000,-1.000000,0.349928
921,-0.307472,-1.799027,-27.196995,0.349928,-0.037586,-2.768304,0.200000,0.140000,0.140000,0.100000,-1.000000,0.349928
922,-0.309460,-1.801931,-27.224678,0.349928,-0.037586,-2.768304,0.200000,0.140000,0.140000,0.100000,-1.000000,0.349928
923,-0.311528,-1.804779,-27.252361,0.349928,-0.037586,-2.768304,0.200000,0.140000,0.120000,0.100000,-1.000000,0.349928
924,-0.313675,-1.807568,-27.280044,0.349928,-0.037586,-2.768304,0.200000,0.140000,0.120000,0.100000,-1.000000,0.349928
925,-0.315897,-1.810297,-27.307727,0.349928,-0.037586,-2.768304,0.200000,0.140000,0.120000,0.100000,-1.000000,0.349928
926,-0.318194,-1.812963,-27.335410,0.349928,-0.037586,-2.768304,0.200000,0.140000,0.120000,0.100000,-1.000000,0.349928
927,-0.320565,-1.815565,-27.363093,0.349928,-0.037586,-2.768304,0.220000,0.140000,0.120000,0.100000,-1.000000,0.349928
928,-0.323006,-1.818100,-27.390776,0.349928,-0.037586,-2.768304,0.220000,0.140000,0.120000,0.100000,-1.000000,0.349928
929,-0.325516,-1.820566,-27.418459,0.349928,-0.037586,-2.768304,0.220000,0.140000,0.120000,0.100000,-1.000000,0.349928
930,-0.328094,-1.822962,-27.446142,0.349928,-0.037586,-2.768304,0.240000,0.140000,0.120000,0.100000,-1.000000,0.349928
931,-0.330737,-1.825286,-27.473825,0.349928,-0.037586,-2.768304,0.240000,0.140000,0.120000,0.100000,-1.000000,0.349928
932,-0.333444,-1.827536,-27.501508,0.349928,-0.037586,-2.768304,0.240000,0.160000,0.120000,0.100000,-1.000000,0.349928
933,-0.336211,-1.829710,-27.529191,0.349928,-0.037586,-2.768304,0.260000,0.160000,0.120000,0.100000,-1.000000,0.349928
934,-0.339038,-1.831806,-27.556874,0.349928,-0.037586,-2.768304,0.280000,0.160000,0.120000,0.100000,-1.000000,0.349928
935,-0.341922,-1.833824,-27.584557,0.349928,-0.037586,-2.768304,0.280000,0.160000,0.120000,0.100000,-1.000000,0.349928
936,-0.344860,-1.835761,-27.612240,0.349928,-0.037586,-2.768304,0.300000,0.160000,0.120000,0.100000,-1.000000,0.349928
937,-0.347851,-1.837616,-27.639923,0.349928,-0.037586,-2.768304,0.320000,0.160000,0.120000,0.100000,-1.000000,0.349928
938,-0.350893,-1.839387,-27.667607,0.349928,-0.037586,-2.768304,0.360000,0.160000,0.120000,0.100000,-1.000000,0.349928
939,-0.353982,-1.841073,-27.695290,0.349928,-0.037586,-2.768304,0.400000,0.160000,0.120000,0.100000,-1.000000,0.349928
940,-0.357116,-1.842674,-27.722973,0.349928,-0.037586,-2.768304,0.440000,0.180000,0.120000,0.100000,-1.000000,0.349928
941,-0.360294,-1.844187,-27.750656,0.349928,-0.037586,-2.768304,0.500000,0.180000,0.120000,0.100000,-1.000000,0.349928
942,-0.363512,-1.845611,-27.778339,0.349928,-0.037586,-2.768304,0.580000,0.180000,0.120000,0.100000,-1.000000,0.349928
943,-0.366769,-1.846946,-27.806022,0.349928,-0.037586,-2.768304,0.680000,0.200000,0.120000,0.100000,-1.000000,0.349928
944,-0.370061,-1.848190,-27.833705,0.349928,-0.037586,-2.768304,0.680000,0.200000,0.120000,0.100000,-1.000000,0.349928
945,-0.373386,-1.849342,-27.861388,0.349928,-0.037586,-2.768304,0.680000,0.220000,0.120000,0.100000,-1.000000,0.349928
946,-0.376742,-1.850402,-27.889071,0.349928,-0.037586,-2.768304,0.940000,0.220000,0.120000,0.100000,-1.000000,0.349928
947,-0.380126,-1.851369,-27.916754,0.349928,-0.037586,-2.768304,0.940000,0.240000,0.140000,0.100000,-1.000000,0.349928
948,-0.383536,-1.852242,-27.944437,0.349928,-0.037586,-2.768304,1.000000,0.260000,0.140000,0.100000,-1.000000,0.349928
949,-0.386968,-1.853020,-27.972120,0.349928,-0.037586,-2.768304,1.000000,0.280000,0.140000,0.100000,-1.000000,0.349928
950,-0.390420,-1.853703,-27.999803,0.349928,-0.037586,-2.768304,1.000000,0.300000,0.140000,0.100000,-1.000000,0.349928
951,-0.393891,-1.854289,-28.027486,0.349928,-0.037586,-2.768304,1.000000,0.320000,0.140000,0.100000,-1.000000,0.349928
952,-0.397376,-1.854780,-28.055169,0.349928,-0.037586,-2.768304,1.000000,0.360000,0.160000,0.100000,-1.000000,0.349928
953,-0.400873,-1.855174,-28.082852,0.349928,-0.037586,-2.768304,1.000000,0.400000,0.160000,0.100000,-1.000000,0.349928
954,-0.404380,-1.855471,-28.110535,0.349928,-0.037586,-2.768304,1.000000,0.480000,0.160000,0.100000,-1.000000,0.349928
955,-0.407894,-1.855671,-28.138218,0.349928,-0.037586,-2.768304,1.000000,0.560000,0.180000,0.100000,-1.000000,0.349928
956,-0.411411,-1.855773,-28.165901,0.349928,-0.037586,-2.768304,1.000000,0.640000,0.180000,0.100000,-1.000000,0.349928
957,-0.414931,-1.855778,-28.193584,0.349928,-0.037586,-2.768304,1.000000,0.640000,0.200000,0.100000,-1.000000,0.349928
958,-0.418449,-1.855686,-28.221267,0.349928,-0.037586,-2.768304,1.000000,0.680000,0.200000,0.100000,-1.000000,0.349928
959,-0.421963,-1.855496,-28.248950,0.349928,-0.037586,-2.768304,1.000000,0.920000,0.220000,0.100000,-1.000000,0.349928
960,-0.425471,-1.855209,-28.276633,0.349928,-0.037586,-2.768304,1.000000,0.900000,0.240000,0.100000,-1.000000,0.349928
961,-0.428969,-1.854825,-28.304317,0.349928,-0.037586,-2.768304,1.000000,0.980000,0.260000,0.100000,-1.000000,0.349928
962,-0.432456,-1.854345,-28.332000,0.349928,-0.037586,-2.768304,1.000000,1.000000,0.280000,0.100000,-1.000000,0.349928
963,-0.435928,-1.853768,-28.359683,0.349928,-0.037586,-2.768304,1.000000,1.000000,0.300000,0.100000,-1.000000,0.349928
964,-0.439382,-1.853095,-28.387366,0.349928,-0.037586,-2.768304,0.820000,1.000000,0.340000,0.100000,-1.000000,0.349928
965,-0.442817,-1.852327,-28.415049,0.349928,-0.037586,-2.768304,0.700000,1.000000,0.380000,0.100000,-1.000000,0.349928
966,-0.446229,-1.851464,-28.442732,0.349928,-0.037586,-2.768304,0.660000,1.000000,0.440000,0.100000,-1.000000,0.349928
967,-0.449616,-1.850507,-28.470415,0.349928,-0.037586,-2.768304,0.620000,1.000000,0.540000,0.100000,-1.000000,0.349928
968,-0.452975,-1.849456,-28.498098,0.349928,-0.037586,-2.768304,0.600000,1.000000,0.620000,0.100000,-1.000000,0.349928
969,-0.456303,-1.848313,-28.525781,0.349928,-0.037586,-2.768304,0.580000,1.000000,0.600000,0.100000,-1.000000,0.349928
970,-0.459599,-1.847079,-28.553464,0.349928,-0.037586,-2.768304,0.560000,1.000000,0.620000,0.100000,-1.000000,0.349928
971,-0.462859,-1.845753,-28.581147,0.349928,-0.037586,-2.768304,0.520000,1.000000,0.880000,0.100000,-1.000000,0.349928
972,-0.466082,-1.844338,-28.608830,0.349928,-0.037586,-2.768304,0.500000,1.000000,0.880000,0.100000,-1.000000,0.349928
973,-0.469264,-1.842834,-28.636513,0.349928,-0.037586,-2.768304,0.500000,1.000000,0.960000,0.100000,-1.000000,0.349928
974,-0.472403,-1.841243,-28.664196,0.349928,-0.037586,-2.768304,0.480000,1.000000,1.000000,0.100000,-1.000000,0.349928
975,-0.475496,-1.839565,-28.691879,0.349928,-0.037586,-2.768304,0.460000,1.000000,1.000000,0.100000,-1.000000,0.349928
976,-0.478543,-1.837803,-28.719562,0.349928,-0.037586,-2.768304,0.440000,1.000000,1.000000,0.100000,-1.000000,0.349928
977,-0.481539,-1.835957,-28.747245,0.349928,-0.037586,-2.768304,0.440000,0.680000,1.000000,0.100000,-1.000000,0.349928
978,-0.484483,-1.834028,-28.774928,0.349928,-0.037586,-2.768304,0.420000,0.660000,1.000000,0.100000,-1.000000,0.349928
979,-0.487373,-1.832019,-28.802611,0.349928,-0.037586,-2.768304,0.400000,0.620000,1.000000,0.100000,-1.000000,0.349928
980,-0.490205,-1.829931,-28.830294,0.349928,-0.037586,-2.768304,0.400000,0.580000,1.000000,0.100000,-1.000000,0.349928
981,-0.492979,-1.827765,-28.857977,0.349928,-0.037586,-2.768304,0.380000,0.560000,1.000000,0.100000,-1.000000,0.349928
982,-0.495692,-1.825523,-28.885660,0.349928,-0.037586,-2.768304,0.380000,0.540000,1.000000,0.100000,-1.000000,0.349928
983,-0.498342,-1.823206,-28.913343,0.349928,-0.037586,-2.768304,0.360000,0.520000,1.000000,0.100000,-1.000000,0.349928
984,-0.500927,-1.820818,-28.941027,0.349928,-0.037586,-2.768304,0.360000,0.480000,1.000000,0.100000,-1.000000,0.349928
985,-0.503444,-1.818358,-28.968710,0.349928,-0.037586,-2.768304,0.360000,0.480000,1.000000,0.100000,-1.000000,0.349928
986,-0.505893,-1.815830,-28.996393,0.349928,-0.037586,-2.768304,0.340000,0.460000,1.000000,0.100000,-1.000000,0.349928
987,-0.508270,-1.813235,-29.024076,0.349928,-0.037586,-2.768304,0.340000,0.440000,1.000000,0.100000,-1.000000,0.349928
988,-0.510575,-1.810576,-29.051759,0.349928,-0.037586,-2.768304,0.320000,0.420000,1.000000,0.100000,-1.000000,0.349928
989,-0.512806,-1.807853,-29.079442,0.349928,-0.037586,-2.768304,0.320000,0.400000,0.760000,0.100000,-1.000000,0.349928
990,-0.514960,-1.805070,-29.107125,0.349928,-0.037586,-2.768304,0.320000,0.400000,0.620000,0.100000,-1.000000,0.349928
991,-0.517036,-1.802229,-29.134808,0.349928,-0.037586,-2.768304,0.320000,0.380000,0.580000,0.100000,-1.000000,0.349928
992,-0.519033,-1.799330,-29.162491,0.349928,-0.037586,-2.768304,0.300000,0.380000,0.560000,0.100000,-1.000000,0.349928
993,-0.520949,-1.796378,-29.190174,0.349928,-0.037586,-2.768304,0.300000,0.360000,0.520000,0.100000,-1.000000,0.349928
994,-0.522782,-1.793374,-29.217857,0.349928,-0.037586,-2.768304,0.300000,0.340000,0.500000,0.100000,-1.000000,0.349928
995,-0.524532,-1.790320,-29.245540,0.349928,-0.037586,-2.768304,0.300000,0.340000,0.480000,0.100000,-1.000000,0.349928
996,-0.526196,-1.787219,-29.273223,0.349928,-0.037586,-2.768304,0.280000,0.340000,0.460000,0.100000,-1.000000,0.349928
997,-0.527774,-1.784073,-29.300906,0.349928,-0.037586,-2.768304,0.280000,0.320000,0.440000,0.100000,-1.000000,0.349928
998,-0.529264,-1.780885,-29.328589,0.349928,-0.037586,-2.768304,0.280000,0.320000,0.420000,0.100000,-1.000000,0.349928
999,-0.530666,-1.777657,-29.356272,0.349928,-0.037586,-2.768304,0.280000,0.300000,0.400000,0.100000,-1.000000,0.349928
