step,x,y,mu,vx,vy,omega,lidar_l,lidar_c,lidar_r,throttle,steering,reward
0,-0.857651,1.764780,1.546595,0.000000,0.000000,0.000000,0.220000,0.200000,0.200000,0.200000,-0.800000,0.000000
1,-0.857651,1.764780,1.546595,0.014000,0.000000,0.000000,0.220000,0.200000,0.200000,0.200000,-0.800000,0.014000
2,-0.857647,1.764920,1.546595,0.020994,-0.006805,-0.291038,0.220000,0.200000,0.200000,0.200000,-0.800000,0.020994
3,-0.857574,1.765128,1.543685,0.031560,-0.014163,-0.236585,0.220000,0.200000,0.200000,0.200000,-0.800000,0.031560
4,-0.857424,1.765440,1.541319,0.041526,-0.012598,-0.670422,0.220000,0.200000,0.200000,0.200000,-0.800000,0.041526
5,-0.857286,1.765851,1.534615,0.052654,-0.021058,-0.507613,0.220000,0.200000,0.200000,0.200000,-0.800000,0.052654
6,-0.857056,1.766370,1.529539,0.062825,-0.021940,-0.801232,0.220000,0.200000,0.200000,0.200000,-0.800000,0.062825
7,-0.856811,1.766988,1.521526,0.073472,-0.027230,-0.832627,0.220000,0.200000,0.200000,0.200000,-0.800000,0.073472
8,-0.856503,1.767709,1.513200,0.083962,-0.030361,-0.982195,0.220000,0.200000,0.200000,0.200000,-0.800000,0.083962
9,-0.856152,1.768530,1.503378,0.094541,-0.033981,-1.096142,0.220000,0.200000,0.200000,0.200000,-0.800000,0.094541
10,-0.855749,1.769450,1.492417,0.105140,-0.037400,-1.214365,0.220000,0.200000,0.200000,0.200000,-0.800000,0.105140
11,-0.855294,1.770469,1.480273,0.115770,-0.040703,-1.330996,0.220000,0.200000,0.200000,0.200000,-0.800000,0.115770
12,-0.854784,1.771585,1.466963,0.126430,-0.043879,-1.446115,0.220000,0.200000,0.200000,0.200000,-0.800000,0.126430
13,-0.854216,1.772797,1.452502,0.137119,-0.046914,-1.559598,0.220000,0.200000,0.200000,0.200000,-0.800000,0.137119
14,-0.853588,1.774103,1.436906,0.147839,-0.049799,-1.671307,0.220000,0.200000,0.200000,0.200000,-0.800000,0.147839
15,-0.852898,1.775502,1.420193,0.158587,-0.052522,-1.781095,0.220000,0.200000,0.200000,0.200000,-0.800000,0.158587
16,-0.852140,1.776991,1.402382,0.169362,-0.055071,-1.888815,0.220000,0.200000,0.200000,0.200000,-0.800000,0.169362
17,-0.851314,1.778568,1.383494,0.180162,-0.057436,-1.994318,0.220000,0.200000,0.180000,0.200000,-0.900000,0.180162
18,-0.850414,1.780232,1.363551,0.189418,-0.060082,-2.117836,0.220000,0.180000,0.180000,0.200000,-0.900000,0.189418
19,-0.849436,1.781962,1.342372,0.198810,-0.062474,-2.232643,0.220000,0.180000,0.180000,0.200000,-0.900000,0.198810
20,-0.848377,1.783757,1.320046,0.208315,-0.064593,-2.340616,0.220000,0.180000,0.180000,0.200000,-0.900000,0.208315
21,-0.847235,1.785614,1.296640,0.217910,-0.066435,-2.442727,0.220000,0.180000,0.180000,0.200000,-0.900000,0.217910
22,-0.846005,1.787532,1.272212,0.227577,-0.067997,-2.539505,0.220000,0.180000,0.180000,0.200000,-0.900000,0.227577
23,-0.844686,1.789507,1.246817,0.237300,-0.069278,-2.631252,0.220000,0.180000,0.180000,0.200000,-0.900000,0.237300
24,-0.843274,1.791536,1.220505,0.247062,-0.070278,-2.718140,0.220000,0.180000,0.180000,0.200000,-0.900000,0.247062
25,-0.841766,1.793616,1.193323,0.256850,-0.070995,-2.800266,0.240000,0.180000,0.180000,0.200000,-0.900000,0.256850
26,-0.840159,1.795742,1.165321,0.266650,-0.071428,-2.877684,0.240000,0.180000,0.180000,0.200000,-0.900000,0.266650
27,-0.838451,1.797910,1.136544,0.276449,-0.071579,-2.950420,0.240000,0.180000,0.180000,0.200000,-0.900000,0.276449
28,-0.836638,1.800117,1.107040,0.286235,-0.071446,-3.018482,0.240000,0.180000,0.180000,0.200000,-0.900000,0.286235
29,-0.834719,1.802357,1.076855,0.295994,-0.071031,-3.081876,0.240000,0.180000,0.160000,0.200000,-0.900000,0.295994
30,-0.832690,1.804627,1.046036,0.305715,-0.070335,-3.140602,0.260000,0.200000,0.160000,0.200000,-0.900000,0.305715
31,-0.830550,1.806920,1.014630,0.315385,-0.069360,-3.194665,0.260000,0.200000,0.160000,0.200000,-0.900000,0.315385
32,-0.828296,1.809232,0.982684,0.324992,-0.068109,-3.244076,0.260000,0.200000,0.160000,0.200000,-0.900000,0.324992
33,-0.825926,1.811558,0.950243,0.334525,-0.066587,-3.288851,0.280000,0.200000,0.160000,0.200000,-0.900000,0.334525
34,-0.823439,1.813893,0.917354,0.343972,-0.064799,-3.329018,0.280000,0.200000,0.160000,0.200000,-0.900000,0.343972
35,-0.820834,1.816230,0.884064,0.353322,-0.062751,-3.364615,0.300000,0.200000,0.160000,0.200000,-0.900000,0.353322
36,-0.818108,1.818565,0.850418,0.362563,-0.060451,-3.395690,0.320000,0.200000,0.160000,0.200000,-0.900000,0.362563
37,-0.815262,1.820891,0.816461,0.371686,-0.057907,-3.422304,0.320000,0.200000,0.160000,0.200000,-0.900000,0.371686
38,-0.812295,1.823203,0.782238,0.380681,-0.055130,-3.444527,0.340000,0.220000,0.160000,0.200000,-0.900000,0.380681
39,-0.809206,1.825495,0.747793,0.389539,-0.052129,-3.462441,0.360000,0.220000,0.160000,0.200000,-0.900000,0.389539
40,-0.805996,1.827762,0.713168,0.398250,-0.048916,-3.476141,0.400000,0.220000,0.160000,0.200000,-0.900000,0.398250
41,-0.802664,1.829997,0.678407,0.406808,-0.045504,-3.485729,0.440000,0.220000,0.160000,0.200000,-0.900000,0.406808
42,-0.799211,1.832196,0.643550,0.415205,-0.041907,-3.491317,0.480000,0.240000,0.180000,0.200000,-0.900000,0.415205
43,-0.795638,1.834352,0.608636,0.423434,-0.038138,-3.493026,0.520000,0.240000,0.180000,0.200000,-0.900000,0.423434
44,-0.791946,1.836460,0.573706,0.431492,-0.034213,-3.490985,0.600000,0.260000,0.180000,0.200000,-0.900000,0.431492
45,-0.788136,1.838515,0.538796,0.439372,-0.030147,-3.485327,0.700000,0.260000,0.180000,0.200000,-0.900000,0.439372
46,-0.784210,1.840510,0.503943,0.447072,-0.025956,-3.476193,0.760000,0.280000,0.180000,0.200000,-0.900000,0.447072
47,-0.780170,1.842442,0.469181,0.454589,-0.021656,-3.463729,0.760000,0.280000,0.180000,0.200000,-0.900000,0.454589
48,-0.776017,1.844304,0.434544,0.461922,-0.017264,-3.448082,1.000000,0.300000,0.180000,0.200000,-0.900000,0.461922
49,-0.771755,1.846092,0.400063,0.469070,-0.012796,-3.429405,1.000000,0.320000,0.200000,0.200000,-0.800000,0.469070
50,-0.767384,1.847801,0.365769,0.476887,-0.008765,-3.429055,1.000000,0.360000,0.200000,0.200000,-0.800000,0.476887
51,-0.762900,1.849425,0.331478,0.484533,-0.004573,-3.426433,1.000000,0.380000,0.200000,0.200000,-0.800000,0.484533
52,-0.758303,1.850959,0.297214,0.492004,-0.000235,-3.421513,1.000000,0.420000,0.200000,0.200000,-0.800000,0.492004
53,-0.753598,1.852397,0.262999,0.499297,0.004234,-3.414295,1.000000,0.460000,0.220000,0.200000,-0.800000,0.499297
54,-0.748788,1.853736,0.228856,0.506408,0.008820,-3.404800,1.000000,0.520000,0.220000,0.200000,-0.800000,0.506408
55,-0.743876,1.854971,0.194808,0.513337,0.013506,-3.393062,1.000000,0.600000,0.240000,0.200000,-0.700000,0.513337
56,-0.738866,1.856097,0.160877,0.521006,0.017911,-3.394871,1.000000,0.720000,0.240000,0.200000,-0.700000,0.521006
57,-0.733752,1.857109,0.126929,0.528494,0.022487,-3.395187,1.000000,0.720000,0.260000,0.200000,-0.700000,0.528494
58,-0.728538,1.858001,0.092977,0.535797,0.027224,-3.393941,1.000000,0.800000,0.280000,0.200000,-0.700000,0.535797
59,-0.723228,1.858769,0.059037,0.542912,0.032108,-3.391089,1.000000,1.000000,0.300000,0.200000,-0.600000,0.542912
60,-0.717827,1.859410,0.025126,0.550839,0.036956,-3.393891,1.000000,1.000000,0.320000,0.200000,-0.600000,0.550839
61,-0.712330,1.859918,-0.008812,0.558565,0.041983,-3.396070,0.940000,1.000000,0.340000,0.200000,-0.600000,0.558565
62,-0.706741,1.860288,-0.042773,0.566088,0.047181,-3.397508,0.860000,1.000000,0.380000,0.200000,-0.600000,0.566088
63,-0.701065,1.860518,-0.076748,0.573401,0.052542,-3.398110,0.700000,1.000000,0.420000,0.200000,-0.500000,0.573401
64,-0.695308,1.860602,-0.110729,0.581569,0.058131,-3.394530,0.660000,1.000000,0.480000,0.200000,-0.400000,0.581569
65,-0.689463,1.860537,-0.144675,0.590640,0.064362,-3.369923,0.620000,1.000000,0.560000,0.200000,-0.200000,0.590640
66,-0.683526,1.860322,-0.178374,0.601619,0.073579,-3.220658,0.580000,1.000000,0.660000,0.200000,0.000000,0.601619
67,-0.677475,1.859979,-0.210580,0.613218,0.087326,-2.853661,0.560000,1.000000,0.680000,0.200000,0.000000,0.613218
68,-0.671295,1.859551,-0.239117,0.624694,0.097974,-2.541366,0.520000,1.000000,0.680000,0.200000,0.000000,0.624694
69,-0.664994,1.859024,-0.264531,0.636171,0.106077,-2.272605,0.500000,1.000000,0.880000,0.200000,0.500000,0.636171
70,-0.658576,1.858384,-0.287257,0.643646,0.121489,-1.636142,0.500000,1.000000,1.000000,0.200000,0.700000,0.643646
71,-0.652059,1.857726,-0.303618,0.649644,0.132726,-1.021423,0.480000,1.000000,1.000000,0.200000,0.700000,0.649644
72,-0.645463,1.857050,-0.313832,0.656383,0.140120,-0.421141,0.400000,1.000000,1.000000,0.200000,0.700000,0.656383
73,-0.638787,1.856356,-0.318044,0.663994,0.143785,0.160511,0.480000,1.000000,1.000000,0.200000,0.700000,0.663994
74,-0.632031,1.855646,-0.316439,0.672523,0.143886,0.718643,0.480000,1.000000,1.000000,0.200000,0.700000,0.672523
75,-0.625192,1.854920,-0.309252,0.681934,0.140642,1.247438,0.480000,1.000000,1.000000,0.200000,0.700000,0.681934
76,-0.618268,1.854185,-0.296778,0.692124,0.134337,1.740130,0.480000,1.000000,1.000000,0.200000,0.700000,0.692124
77,-0.611256,1.853445,-0.279377,0.702928,0.125312,2.189482,0.500000,1.000000,1.000000,0.200000,0.700000,0.702928
78,-0.604154,1.852711,-0.257482,0.714144,0.113951,2.588929,0.500000,1.000000,0.860000,0.200000,0.400000,0.714144
79,-0.596958,1.851995,-0.231592,0.729461,0.097869,2.815460,0.520000,1.000000,0.680000,0.200000,0.000000,0.729461
80,-0.589633,1.851273,-0.203438,0.746171,0.070889,2.561195,0.540000,1.000000,0.600000,0.200000,-0.200000,0.746171
81,-0.582182,1.850460,-0.177826,0.760320,0.044414,2.189190,0.560000,1.000000,0.600000,0.200000,-0.200000,0.760320
82,-0.574620,1.849552,-0.155934,0.773726,0.021529,1.808789,0.580000,1.000000,0.600000,0.200000,-0.200000,0.773726
83,-0.566944,1.848563,-0.137846,0.786662,0.002276,1.432139,0.600000,1.000000,0.580000,0.200000,-0.200000,0.786662
84,-0.559149,1.847505,-0.123525,0.799360,-0.013402,1.068486,0.620000,1.000000,0.560000,0.200000,-0.200000,0.799360
85,-0.551232,1.846387,-0.112840,0.811999,-0.025653,0.724135,0.720000,1.000000,0.540000,0.200000,-0.300000,0.811999
86,-0.543193,1.845218,-0.105599,0.823675,-0.036227,0.337286,0.720000,1.000000,0.520000,0.200000,-0.300000,0.823675
87,-0.535040,1.843989,-0.102226,0.835529,-0.043437,-0.028112,0.740000,1.000000,0.520000,0.200000,-0.300000,0.835529
88,-0.526773,1.842704,-0.102507,0.847617,-0.047520,-0.369182,0.720000,1.000000,0.520000,0.200000,-0.300000,0.847617
89,-0.518390,1.841364,-0.106199,0.859948,-0.048744,-0.684291,0.720000,1.000000,0.540000,0.200000,-0.300000,0.859948
90,-0.509890,1.839968,-0.113042,0.872497,-0.047392,-0.972750,0.700000,1.000000,0.560000,0.200000,-0.200000,0.872497
91,-0.501275,1.838513,-0.122769,0.886225,-0.041600,-1.142786,0.700000,1.000000,0.540000,0.200000,-0.300000,0.886225
92,-0.492530,1.837015,-0.134197,0.898937,-0.036805,-1.384615,0.680000,1.000000,0.540000,0.200000,-0.300000,0.898937
93,-0.483671,1.835447,-0.148043,0.911689,-0.030156,-1.601663,0.660000,1.000000,0.520000,0.200000,-0.300000,0.911689
94,-0.474698,1.833804,-0.164060,0.924403,-0.021892,-1.795119,0.560000,1.000000,0.520000,0.200000,-0.300000,0.924403
95,-0.465614,1.832079,-0.182011,0.937002,-0.012228,-1.966481,0.540000,1.000000,0.580000,0.200000,-0.200000,0.937002
96,-0.456421,1.830262,-0.201676,0.950433,0.000693,-2.029840,0.520000,1.000000,0.660000,0.100000,0.000000,0.950433
97,-0.447108,1.828365,-0.221974,0.957342,0.019503,-1.835331,0.500000,1.000000,0.780000,0.100000,0.200000,0.957342
98,-0.437726,1.826448,-0.240327,0.962694,0.040324,-1.446788,0.480000,1.000000,0.920000,0.100000,0.500000,0.962694
99,-0.428280,1.824548,-0.254795,0.964758,0.059118,-0.968300,0.460000,1.000000,1.000000,0.100000,0.700000,0.964758
100,-0.418795,1.822689,-0.264478,0.964970,0.072704,-0.508706,0.460000,1.000000,0.980000,0.100000,0.700000,0.964970
101,-0.409291,1.820868,-0.269565,0.965430,0.081849,-0.053787,0.460000,1.000000,0.980000,0.100000,0.700000,0.965430
102,-0.399767,1.819086,-0.270103,0.966260,0.086731,0.390299,0.440000,1.000000,0.980000,0.100000,0.700000,0.966260
103,-0.390223,1.817343,-0.266200,0.967510,0.087581,0.817698,0.440000,1.000000,0.960000,0.100000,0.600000,0.967510
104,-0.380659,1.815643,-0.258023,0.970164,0.084866,1.230701,0.460000,1.000000,0.960000,0.100000,0.600000,0.970164
105,-0.371062,1.813988,-0.245716,0.973176,0.078626,1.615191,0.460000,1.000000,0.960000,0.100000,0.600000,0.973176
106,-0.361431,1.812384,-0.229564,0.976429,0.069236,1.966961,0.460000,1.000000,0.940000,0.100000,0.600000,0.976429
107,-0.351765,1.810836,-0.209895,0.979774,0.057092,2.282872,0.560000,1.000000,0.820000,0.100000,0.400000,0.979774
108,-0.342063,1.809353,-0.187066,0.985364,0.041587,2.518184,0.580000,1.000000,0.700000,0.100000,0.000000,0.985364
109,-0.332304,1.807929,-0.161884,0.993328,0.014777,2.302539,0.600000,1.000000,0.620000,0.100000,-0.100000,0.993328
110,-0.322477,1.806474,-0.138859,1.000081,-0.011053,1.988217,0.620000,1.000000,0.560000,0.100000,-0.200000,1.000081
111,-0.312588,1.804980,-0.118977,1.005524,-0.034593,1.601465,0.640000,1.000000,0.520000,0.100000,-0.300000,1.005524
112,-0.302645,1.803443,-0.102962,1.009732,-0.054824,1.166478,0.660000,1.000000,0.500000,0.100000,-0.400000,1.009732
113,-0.292657,1.801860,-0.091297,1.012878,-0.071015,0.704862,0.680000,1.000000,0.480000,0.100000,-0.400000,1.012878
114,-0.282635,1.800229,-0.084249,1.016278,-0.082276,0.253983,0.680000,1.000000,0.460000,0.100000,-0.400000,1.016278
115,-0.272578,1.798554,-0.081709,1.020075,-0.088840,-0.180745,0.680000,1.000000,0.460000,0.100000,-0.400000,1.020075
116,-0.262484,1.796836,-0.083516,1.024331,-0.090998,-0.594909,0.680000,1.000000,0.480000,0.100000,-0.400000,1.024331
117,-0.252352,1.795075,-0.089465,1.029037,-0.089092,-0.984843,0.660000,1.000000,0.500000,0.100000,-0.400000,1.029037
118,-0.242182,1.793268,-0.099314,1.034126,-0.083495,-1.347462,0.640000,1.000000,0.520000,0.100000,-0.300000,1.034126
119,-0.231975,1.791412,-0.112788,1.040671,-0.073096,-1.615624,0.620000,1.000000,0.560000,0.100000,-0.200000,1.040671
120,-0.221717,1.789514,-0.128944,1.048248,-0.058156,-1.755122,0.600000,1.000000,0.600000,0.100000,-0.200000,1.048248
121,-0.211396,1.787590,-0.146496,1.055601,-0.042581,-1.876562,0.580000,1.000000,0.660000,0.100000,0.000000,1.055601
122,-0.201015,1.785628,-0.165261,1.063305,-0.020642,-1.728226,0.560000,1.000000,0.720000,0.100000,0.100000,1.063305
123,-0.190561,1.783675,-0.182544,1.070097,0.001236,-1.472174,0.540000,1.000000,0.820000,0.100000,0.400000,1.070097
124,-0.180036,1.781744,-0.197265,1.073662,0.023271,-1.060005,0.520000,1.000000,0.800000,0.100000,0.200000,1.073662
125,-0.169462,1.779868,-0.207865,1.079212,0.038285,-0.738244,0.500000,1.000000,0.800000,0.100000,0.200000,1.079212
126,-0.158823,1.778016,-0.215248,1.084818,0.049301,-0.430403,0.500000,1.000000,0.780000,0.100000,0.200000,1.084818
127,-0.148120,1.776180,-0.219552,1.090576,0.056599,-0.139050,0.500000,1.000000,0.780000,0.100000,0.200000,1.090576
128,-0.137352,1.774357,-0.220942,1.096533,0.060492,0.134370,0.500000,1.000000,0.800000,0.100000,0.200000,1.096533
129,-0.126521,1.772545,-0.219599,1.102701,0.061302,0.389148,0.480000,1.000000,0.800000,0.100000,0.200000,1.102701
130,-0.115625,1.770741,-0.215707,1.109060,0.059353,0.625037,0.480000,1.000000,0.780000,0.100000,0.200000,1.109060
131,-0.104665,1.768947,-0.209457,1.115571,0.054961,0.842059,0.500000,1.000000,0.760000,0.100000,0.100000,1.115571
132,-0.093638,1.767165,-0.201036,1.122838,0.045628,0.920598,0.500000,1.000000,0.740000,0.100000,0.100000,1.122838
133,-0.082545,1.765370,-0.191830,1.130040,0.035923,0.990076,0.500000,1.000000,0.720000,0.100000,0.100000,1.130040
134,-0.071384,1.763568,-0.181929,1.137155,0.025950,1.051073,0.500000,1.000000,0.720000,0.100000,0.100000,1.137155
135,-0.060153,1.761766,-0.171419,1.144163,0.015802,1.104207,0.520000,1.000000,0.700000,0.100000,0.000000,1.144163
136,-0.048852,1.759970,-0.160377,1.151226,0.002497,1.019152,0.520000,1.000000,0.700000,0.100000,0.000000,1.151226
137,-0.037483,1.758156,-0.150185,1.158138,-0.009175,0.937490,0.520000,1.000000,0.700000,0.100000,0.000000,1.158138
138,-0.026046,1.756332,-0.140810,1.164937,-0.019339,0.859648,0.540000,1.000000,0.680000,0.100000,0.000000,1.164937
139,-0.014539,1.754506,-0.132214,1.171655,-0.028117,0.785846,0.540000,1.000000,0.680000,0.100000,0.000000,1.171655
140,-0.002962,1.752683,-0.124355,1.178317,-0.035627,0.716159,0.540000,1.000000,0.660000,0.100000,0.000000,1.178317
141,0.008686,1.750868,-0.117194,1.184943,-0.041984,0.650563,0.540000,1.000000,0.660000,0.100000,0.000000,1.184943
142,0.020405,1.749065,-0.110688,1.191550,-0.047291,0.588970,0.540000,1.000000,0.660000,0.100000,0.000000,1.191550
143,0.032196,1.747279,-0.104798,1.198151,-0.051649,0.531253,0.560000,1.000000,0.640000,0.100000,-0.100000,1.198151
144,0.044057,1.745512,-0.099486,1.204542,-0.058198,0.346833,0.560000,1.000000,0.640000,0.100000,-0.100000,1.204542
145,0.055985,1.743736,-0.096018,1.211032,-0.062271,0.174510,0.560000,1.000000,0.620000,0.100000,-0.100000,1.211032
146,0.067980,1.741956,-0.094272,1.217637,-0.064117,0.013988,0.640000,1.000000,0.620000,0.100000,-0.100000,1.217637
147,0.080042,1.740171,-0.094133,1.224355,-0.063967,-0.135119,0.640000,1.000000,0.600000,0.100000,-0.200000,1.224355
148,0.092171,1.738383,-0.095484,1.230486,-0.064758,-0.389323,0.640000,1.000000,0.600000,0.100000,-0.200000,1.230486
149,0.104358,1.736566,-0.099377,1.236813,-0.062467,-0.626656,0.640000,1.000000,0.580000,0.100000,-0.200000,1.236813
150,0.116604,1.734717,-0.105644,1.243295,-0.057411,-0.846823,0.620000,1.000000,0.580000,0.100000,-0.200000,1.243295
151,0.128907,1.732835,-0.114112,1.249874,-0.049898,-1.049705,0.600000,1.000000,0.580000,0.100000,-0.200000,1.249874
152,0.141267,1.730916,-0.124609,1.256481,-0.040226,-1.235328,0.500000,1.000000,0.620000,0.100000,-0.100000,1.256481
153,0.153685,1.728955,-0.136962,1.263721,-0.025932,-1.286519,0.480000,1.000000,0.660000,-1.000000,0.000000,1.263721
154,0.166168,1.726973,-0.149827,1.193919,-0.008585,-1.199029,0.480000,1.000000,0.700000,0.100000,0.000000,1.193919
155,0.177961,1.725106,-0.161818,1.200900,0.005967,-1.108064,0.460000,1.000000,0.680000,0.100000,0.000000,1.200900
156,0.189822,1.723230,-0.172898,1.207711,0.018747,-1.020712,0.440000,1.000000,0.660000,0.100000,0.000000,1.207711
157,0.201752,1.721337,-0.183105,1.214395,0.029886,-0.937410,0.440000,1.000000,0.660000,0.100000,0.000000,1.214395
158,0.213747,1.719420,-0.192479,1.220989,0.039516,-0.858374,0.420000,1.000000,0.680000,0.100000,0.000000,1.220989
159,0.225807,1.717472,-0.201063,1.227522,0.047764,-0.783666,0.420000,1.000000,0.720000,0.100000,0.100000,1.227522
160,0.237930,1.715488,-0.208900,1.233778,0.057782,-0.583572,0.420000,1.000000,0.700000,0.100000,0.000000,1.233778
161,0.250120,1.713495,-0.214736,1.240311,0.061879,-0.526082,0.400000,1.000000,0.700000,0.100000,0.000000,1.240311
162,0.262370,1.711457,-0.219996,1.246854,0.065119,-0.472224,0.400000,1.000000,0.680000,0.100000,0.000000,1.246854
163,0.274680,1.709371,-0.224719,1.253414,0.067584,-0.421843,0.400000,1.000000,0.680000,0.100000,0.000000,1.253414
164,0.287050,1.707237,-0.228937,1.259995,0.069351,-0.374787,0.380000,1.000000,0.660000,0.100000,0.000000,1.259995
165,0.299478,1.705053,-0.232685,1.266600,0.070490,-0.330906,0.380000,1.000000,0.660000,-1.000000,0.000000,1.266600
166,0.311965,1.702818,-0.235994,1.196229,0.071066,-0.290059,0.440000,1.000000,0.700000,0.100000,0.000000,1.196229
167,0.323762,1.700712,-0.238895,1.202901,0.070694,-0.249976,0.440000,1.000000,0.720000,0.100000,0.100000,1.202901
168,0.335617,1.698553,-0.241394,1.209456,0.072968,-0.081941,0.440000,1.000000,0.700000,0.100000,0.000000,1.209456
169,0.347535,1.696370,-0.242214,1.216271,0.070090,-0.056891,0.440000,1.000000,0.700000,0.100000,0.000000,1.216271
170,0.359511,1.694133,-0.242783,1.223105,0.067082,-0.034402,0.440000,1.000000,0.680000,0.100000,0.000000,1.223105
171,0.371545,1.691844,-0.243127,1.229954,0.063978,-0.014326,0.420000,1.000000,0.680000,0.100000,0.000000,1.229954
172,0.383637,1.689504,-0.243270,1.236816,0.060809,0.003485,0.420000,1.000000,0.660000,0.100000,0.000000,1.236816
173,0.395787,1.687115,-0.243235,1.243687,0.057601,0.019172,0.420000,1.000000,0.660000,0.100000,0.000000,1.243687
174,0.407997,1.684679,-0.243043,1.250566,0.054380,0.032878,0.420000,1.000000,0.640000,0.100000,-0.100000,1.250566
175,0.420266,1.682197,-0.242715,1.257036,0.048394,-0.073820,0.420000,1.000000,0.640000,0.100000,-0.100000,1.257036
176,0.432584,1.679645,-0.243453,1.263469,0.044005,-0.176082,0.420000,1.000000,0.620000,-1.000000,-0.100000,1.263469
177,0.444952,1.677027,-0.245214,1.192874,0.041099,-0.273442,0.400000,1.000000,0.620000,0.100000,-0.100000,1.192874
178,0.456624,1.674530,-0.247948,1.199267,0.039221,-0.363358,0.400000,1.000000,0.600000,0.100000,-0.200000,1.199267
179,0.468346,1.671967,-0.251582,1.204831,0.036360,-0.540156,0.400000,0.980000,0.660000,0.100000,0.000000,1.204831
180,0.480105,1.669320,-0.256983,1.211511,0.040817,-0.489048,0.380000,0.980000,0.660000,0.100000,0.000000,1.211511
181,0.491926,1.666635,-0.261874,1.218186,0.044477,-0.441041,0.380000,0.960000,0.660000,0.100000,0.000000,1.218186
182,0.503808,1.663911,-0.266284,1.224863,0.047413,-0.396045,0.380000,0.960000,0.640000,0.100000,-0.100000,1.224863
183,0.515750,1.661145,-0.270244,1.231170,0.046844,-0.475914,0.360000,0.960000,0.640000,0.100000,-0.100000,1.231170
184,0.527740,1.658310,-0.275004,1.237447,0.047301,-0.550779,0.360000,0.940000,0.620000,0.100000,-0.100000,1.237447
185,0.539778,1.655405,-0.280511,1.243689,0.048686,-0.620640,0.420000,0.940000,0.620000,0.100000,-0.100000,1.243689
186,0.551863,1.652430,-0.286718,1.249890,0.050904,-0.685558,0.420000,0.920000,0.620000,0.100000,-0.100000,1.249890
187,0.563996,1.649383,-0.293573,1.256042,0.053866,-0.745645,0.400000,0.920000,0.680000,0.100000,0.000000,1.256042
188,0.576175,1.646264,-0.301030,1.262506,0.060356,-0.678328,0.400000,0.900000,0.660000,0.100000,0.000000,1.262506
189,0.588411,1.643097,-0.307813,1.268961,0.065747,-0.614942,0.400000,0.900000,0.660000,-1.000000,0.000000,1.268961
190,0.600703,1.639879,-0.313963,1.198419,0.070138,-0.555350,0.380000,0.940000,0.640000,0.100000,-0.100000,1.198419
191,0.612318,1.636845,-0.319516,1.204490,0.070206,-0.614618,0.380000,0.920000,0.640000,0.100000,-0.100000,1.204490
192,0.623974,1.633728,-0.325662,1.210522,0.071021,-0.670264,0.380000,0.920000,0.640000,0.100000,-0.100000,1.210522
193,0.635670,1.630528,-0.332365,1.216510,0.072513,-0.722302,0.360000,0.920000,0.700000,0.100000,0.000000,1.216510
194,0.647406,1.627244,-0.339588,1.222860,0.077398,-0.651784,0.360000,0.900000,0.700000,0.100000,0.000000,1.222860
195,0.659194,1.623901,-0.346106,1.229228,0.081252,-0.585866,0.360000,0.900000,0.680000,0.100000,0.000000,1.229228
196,0.671033,1.620495,-0.351964,1.235623,0.084175,-0.524289,0.340000,0.880000,0.680000,0.100000,0.000000,1.235623
197,0.682922,1.617026,-0.357207,1.242051,0.086260,-0.466814,0.340000,0.880000,0.660000,0.100000,0.000000,1.242051
198,0.694860,1.613491,-0.361875,1.248517,0.087591,-0.413216,0.340000,0.860000,0.660000,0.100000,0.000000,1.248517
199,0.706847,1.609890,-0.366008,1.255022,0.088247,-0.363292,0.320000,0.860000,0.640000,0.100000,-0.100000,1.255022
200,0.718882,1.606222,-0.369640,1.261109,0.085633,-0.430889,0.320000,0.860000,0.640000,0.100000,-0.100000,1.261109
201,0.730950,1.602465,-0.373949,1.267156,0.084006,-0.495555,0.320000,0.840000,0.620000,-1.000000,-0.100000,1.267156
202,0.743053,1.598618,-0.378905,1.196162,0.083296,-0.557104,0.300000,0.840000,0.620000,0.100000,-0.100000,1.196162
203,0.754474,1.594967,-0.384476,1.202132,0.082770,-0.611447,0.300000,0.820000,0.600000,0.100000,-0.200000,1.202132
204,0.765929,1.591225,-0.390590,1.207226,0.081033,-0.745226,0.300000,0.820000,0.600000,0.100000,-0.200000,1.207226
205,0.777400,1.587378,-0.398043,1.212237,0.080969,-0.872925,0.280000,0.860000,0.580000,0.100000,-0.200000,1.212237
206,0.788889,1.583426,-0.406772,1.217155,0.082456,-0.993925,0.280000,0.840000,0.620000,0.100000,-0.100000,1.217155
207,0.800393,1.579368,-0.416711,1.222795,0.087375,-1.022131,0.440000,0.840000,0.620000,0.100000,-0.100000,1.222795
208,0.811928,1.575217,-0.426933,1.228352,0.092495,-1.047672,0.260000,0.840000,0.600000,0.100000,-0.200000,1.228352
209,0.823492,1.570973,-0.437409,1.232989,0.095828,-1.154305,0.420000,0.820000,0.600000,0.100000,-0.200000,1.232989
210,0.835067,1.566618,-0.448952,1.237488,0.100384,-1.254096,0.300000,0.820000,0.580000,0.100000,-0.200000,1.237488
211,0.846652,1.562151,-0.461493,1.241829,0.106049,-1.347006,0.400000,0.820000,0.580000,0.100000,-0.200000,1.241829
212,0.858243,1.557571,-0.474963,1.245992,0.112715,-1.433115,0.340000,0.820000,0.560000,0.100000,-0.200000,1.245992
213,0.869839,1.552876,-0.489294,1.249958,0.120278,-1.512595,0.380000,0.800000,0.560000,0.100000,-0.200000,1.249958
214,0.881437,1.548062,-0.504420,1.253705,0.128639,-1.585697,0.320000,0.800000,0.600000,0.100000,-0.200000,1.253705
215,0.893035,1.543129,-0.520277,1.257216,0.137708,-1.652729,0.360000,0.800000,0.580000,0.100000,-0.200000,1.257216
216,0.904628,1.538074,-0.536805,1.260473,0.147400,-1.714039,0.300000,0.800000,0.580000,0.100000,-0.200000,1.260473
217,0.916214,1.532895,-0.553945,1.263461,0.157638,-1.770003,0.300000,0.800000,0.600000,-1.000000,-0.200000,1.263461
218,0.927788,1.527589,-0.571645,1.189164,0.168353,-1.821013,0.280000,0.800000,0.600000,0.100000,-0.200000,1.189164
219,0.938700,1.522572,-0.589855,1.191571,0.177785,-1.860606,0.280000,0.800000,0.600000,0.100000,-0.200000,1.191571
220,0.949591,1.517421,-0.608461,1.193717,0.187497,-1.896867,0.320000,0.800000,0.580000,0.100000,-0.200000,1.193717
221,0.960458,1.512136,-0.627430,1.195596,0.197448,-1.930091,0.260000,0.800000,0.580000,0.100000,-0.200000,1.195596
222,0.971296,1.506716,-0.646731,1.197202,0.207605,-1.960563,0.260000,0.800000,0.620000,0.100000,-0.100000,1.197202
223,0.982101,1.501158,-0.666336,1.199418,0.219347,-1.928192,0.240000,0.800000,0.620000,0.100000,-0.100000,1.199418
224,0.992885,1.495469,-0.685618,1.201457,0.230443,-1.898102,0.240000,0.800000,0.600000,0.100000,-0.200000,1.201457
225,1.003644,1.489646,-0.704599,1.202434,0.239661,-1.924989,0.280000,0.800000,0.600000,0.100000,-0.200000,1.202434
226,1.014357,1.483683,-0.723849,1.203157,0.249048,-1.950048,0.220000,0.800000,0.600000,0.100000,-0.200000,1.203157
227,1.025021,1.477581,-0.743350,1.203622,0.258580,-1.973449,0.260000,0.800000,0.640000,0.100000,-0.100000,1.203622
228,1.035632,1.471339,-0.763084,1.204735,0.269394,-1.945875,0.200000,0.800000,0.640000,0.100000,-0.100000,1.204735
229,1.046201,1.464959,-0.782543,1.205694,0.279672,-1.920328,0.240000,0.800000,0.640000,0.100000,-0.100000,1.205694
230,1.056723,1.458441,-0.801746,1.206511,0.289456,-1.896641,0.240000,0.800000,0.620000,0.100000,-0.100000,1.206511
231,1.067194,1.451785,-0.820713,1.207197,0.298782,-1.874664,0.220000,0.820000,0.620000,0.100000,-0.100000,1.207197
232,1.077609,1.444989,-0.839459,1.207760,0.307684,-1.854264,0.220000,0.820000,0.620000,0.100000,-0.100000,1.207760
233,1.087965,1.438055,-0.858002,1.208210,0.316193,-1.835320,0.220000,0.820000,0.620000,0.100000,-0.100000,1.208210
234,1.098258,1.430982,-0.876355,1.208552,0.324337,-1.817727,0.200000,0.820000,0.620000,0.100000,-0.100000,1.208552
235,1.108485,1.423771,-0.894532,1.208793,0.332140,-1.801387,0.200000,0.820000,0.620000,0.100000,-0.100000,1.208793
236,1.118641,1.416422,-0.912546,1.208939,0.339627,-1.786213,0.200000,0.900000,0.600000,0.100000,-0.200000,1.208939
237,1.128723,1.408936,-0.930408,1.208062,0.346011,-1.806587,0.180000,0.900000,0.600000,0.100000,-0.200000,1.208062
238,1.138716,1.401317,-0.948474,1.206993,0.352550,-1.826308,0.180000,0.920000,0.600000,0.100000,-0.200000,1.206993
239,1.148616,1.393565,-0.966737,1.205730,0.359232,-1.845422,0.220000,0.920000,0.600000,0.100000,-0.200000,1.205730
240,1.158421,1.385682,-0.985192,1.204270,0.366046,-1.863974,0.200000,0.940000,0.600000,0.100000,-0.200000,1.204270
241,1.168128,1.377669,-1.003831,1.202610,0.372980,-1.882009,0.200000,0.960000,0.600000,0.100000,-0.200000,1.202610
242,1.177733,1.369527,-1.022651,1.200746,0.380027,-1.899571,0.180000,0.960000,0.600000,0.100000,-0.200000,1.200746
243,1.187234,1.361260,-1.041647,1.198676,0.387176,-1.916704,0.180000,0.980000,0.600000,0.100000,-0.200000,1.198676
244,1.196627,1.352867,-1.060814,1.196398,0.394418,-1.933451,0.180000,1.000000,0.600000,0.100000,-0.200000,1.196398
245,1.205909,1.344350,-1.080149,1.193908,0.401746,-1.949851,0.160000,1.000000,0.600000,0.100000,-0.200000,1.193908
246,1.215079,1.335713,-1.099647,1.191205,0.409151,-1.965945,0.160000,1.000000,0.600000,0.100000,-0.200000,1.191205
247,1.224131,1.326956,-1.119307,1.188285,0.416626,-1.981771,0.160000,1.000000,0.600000,0.100000,-0.200000,1.188285
248,1.233065,1.318081,-1.139124,1.185146,0.424165,-1.997367,0.140000,1.000000,0.600000,0.100000,-0.200000,1.185146
249,1.241876,1.309092,-1.159098,1.181785,0.431760,-2.012768,0.660000,1.000000,0.600000,0.100000,-0.200000,1.181785
250,1.250562,1.299989,-1.179226,1.178200,0.439405,-2.028009,0.660000,1.000000,0.600000,0.100000,-0.200000,1.178200
251,1.259120,1.290776,-1.199506,1.174389,0.447094,-2.043123,0.640000,1.000000,0.600000,0.100000,-0.200000,1.174389
252,1.267547,1.281454,-1.219937,1.170348,0.454822,-2.058141,0.640000,1.000000,0.600000,0.100000,-0.200000,1.170348
253,1.275841,1.272027,-1.240518,1.166075,0.462583,-2.073094,0.620000,1.000000,0.620000,0.100000,-0.100000,1.166075
254,1.283998,1.262497,-1.261249,1.162523,0.470822,-2.068792,0.620000,1.000000,0.620000,0.100000,-0.100000,1.162523
255,1.292024,1.252858,-1.281937,1.158816,0.478858,-2.065533,0.560000,1.000000,0.620000,0.100000,-0.100000,1.158816
256,1.299915,1.243114,-1.302593,1.154954,0.486705,-2.063271,0.500000,1.000000,0.700000,0.100000,0.000000,1.154954
257,1.307669,1.233267,-1.323225,1.151798,0.495185,-2.027373,0.460000,1.000000,0.720000,0.100000,0.100000,1.151798
258,1.315292,1.223314,-1.343499,1.149300,0.504417,-1.937082,0.440000,1.000000,0.720000,0.100000,0.100000,1.149300
259,1.322796,1.213253,-1.362870,1.147087,0.512392,-1.852526,0.420000,1.000000,0.740000,0.100000,0.100000,1.147087
260,1.330178,1.203087,-1.381395,1.145165,0.519212,-1.772837,0.420000,1.000000,0.740000,0.100000,0.100000,1.145165
261,1.337433,1.192818,-1.399124,1.143543,0.524966,-1.697281,0.400000,1.000000,0.760000,0.100000,0.100000,1.143543
262,1.344559,1.182447,-1.416096,1.142224,0.529728,-1.625230,0.400000,1.000000,0.760000,0.100000,0.100000,1.142224
263,1.351553,1.171978,-1.432349,1.141214,0.533563,-1.556141,0.400000,1.000000,0.780000,0.100000,0.200000,1.141214
264,1.358413,1.161411,-1.447910,1.140895,0.538271,-1.414941,0.400000,1.000000,0.780000,0.100000,0.200000,1.140895
265,1.365153,1.150748,-1.462059,1.141289,0.541233,-1.279267,0.400000,1.000000,0.800000,0.100000,0.200000,1.141289
266,1.371772,1.139990,-1.474852,1.142395,0.542560,-1.147808,0.400000,1.000000,0.800000,0.100000,0.200000,1.142395
267,1.378267,1.129138,-1.486330,1.144209,0.542342,-1.019431,0.400000,1.000000,0.900000,0.100000,0.500000,1.144209
268,1.384637,1.118195,-1.496525,1.144425,0.548472,-0.558619,0.400000,1.000000,0.920000,0.100000,0.500000,1.144425
269,1.390955,1.107189,-1.502111,1.147303,0.548988,-0.114126,0.420000,1.000000,0.920000,0.100000,0.500000,1.147303
270,1.397220,1.096120,-1.503252,1.152740,0.544229,0.319092,0.440000,1.000000,0.900000,0.100000,0.500000,1.152740
271,1.403428,1.084986,-1.500061,1.160592,0.534438,0.745619,0.460000,1.000000,0.880000,0.100000,0.500000,1.160592
272,1.409579,1.073787,-1.492605,1.170679,0.519769,1.169407,0.480000,1.000000,0.760000,0.100000,0.100000,1.170679
273,1.415675,1.062522,-1.480911,1.184403,0.491133,1.201437,0.480000,1.000000,0.740000,0.100000,0.100000,1.184403
274,1.421630,1.051166,-1.468896,1.197919,0.462379,1.238907,0.460000,1.000000,0.700000,0.100000,0.000000,1.197919
275,1.427448,1.039720,-1.456507,1.210525,0.432330,1.232128,0.460000,1.000000,0.680000,0.100000,0.000000,1.210525
276,1.433124,1.028186,-1.444186,1.222727,0.402637,1.226112,0.500000,1.000000,0.660000,0.100000,0.000000,1.222727
277,1.438662,1.016565,-1.431925,1.234536,0.373354,1.220385,0.540000,1.000000,0.620000,0.100000,-0.100000,1.234536
278,1.444068,1.004856,-1.419721,1.245125,0.343586,1.173375,0.600000,1.000000,0.600000,0.100000,-0.200000,1.245125
279,1.449339,0.993063,-1.407987,1.254261,0.314206,1.096926,0.660000,1.000000,0.580000,0.100000,-0.200000,1.254261
280,1.454473,0.981196,-1.397018,1.262840,0.286138,1.011331,0.680000,1.000000,0.560000,0.100000,-0.200000,1.262840
281,1.459474,0.969252,-1.386905,1.270896,0.259549,0.916104,0.680000,1.000000,0.540000,-1.000000,-0.300000,1.270896
282,1.464350,0.957232,-1.377744,1.200472,0.234223,0.794694,0.660000,1.000000,0.540000,0.100000,-0.300000,1.200472
283,1.468952,0.945900,-1.369797,1.206562,0.211185,0.668697,0.660000,1.000000,0.520000,0.100000,-0.300000,1.206562
284,1.473430,0.934499,-1.363110,1.212236,0.190071,0.531139,0.720000,1.000000,0.500000,0.100000,-0.400000,1.212236
285,1.477790,0.923029,-1.357798,1.216532,0.170867,0.376306,0.760000,1.000000,0.500000,0.100000,-0.400000,1.216532
286,1.482031,0.911500,-1.354035,1.220491,0.153884,0.210642,0.780000,1.000000,0.480000,0.100000,-0.400000,1.220491
287,1.486159,0.899912,-1.351929,1.224162,0.139229,0.036124,0.780000,1.000000,0.480000,0.100000,-0.400000,1.224162
288,1.490176,0.888264,-1.351568,1.227588,0.126972,-0.144971,0.760000,1.000000,0.480000,0.100000,-0.400000,1.227588
289,1.494085,0.876558,-1.353017,1.230808,0.117152,-0.330196,0.760000,1.000000,0.460000,0.100000,-0.400000,1.230808
290,1.497888,0.864794,-1.356319,1.233852,0.109769,-0.517072,0.740000,1.000000,0.460000,0.100000,-0.400000,1.233852
291,1.501587,0.852972,-1.361490,1.236739,0.104793,-0.703192,0.740000,1.000000,0.460000,0.100000,-0.400000,1.236739
292,1.505182,0.841092,-1.368522,1.239475,0.102162,-0.886321,0.740000,1.000000,0.460000,0.100000,-0.400000,1.239475
293,1.508673,0.829155,-1.377385,1.242059,0.101790,-1.064461,0.720000,1.000000,0.460000,0.100000,-0.400000,1.242059
294,1.512059,0.817162,-1.388030,1.244476,0.103566,-1.235901,0.720000,1.000000,0.460000,0.100000,-0.400000,1.244476
295,1.515339,0.805113,-1.400389,1.246702,0.107366,-1.399240,0.700000,1.000000,0.460000,0.100000,-0.400000,1.246702
296,1.518511,0.793008,-1.414381,1.248708,0.113051,-1.553402,0.700000,1.000000,0.480000,0.100000,-0.400000,1.248708
297,1.521573,0.780850,-1.429915,1.250457,0.120475,-1.697631,0.680000,1.000000,0.480000,0.100000,-0.400000,1.250457
298,1.524522,0.768638,-1.446892,1.251911,0.129487,-1.831471,0.640000,1.000000,0.500000,0.100000,-0.400000,1.251911
299,1.527354,0.756375,-1.465206,1.253028,0.139937,-1.954740,0.600000,1.000000,0.600000,0.100000,-0.200000,1.253028
300,1.530066,0.744062,-1.484754,1.255841,0.153203,-2.002218,0.560000,1.000000,0.620000,0.100000,-0.100000,1.255841
301,1.532672,0.731682,-1.504776,1.259150,0.168513,-1.969141,0.540000,1.000000,0.740000,0.100000,0.100000,1.259150
302,1.535184,0.719229,-1.524467,1.262660,0.188506,-1.702262,0.500000,1.000000,0.880000,0.100000,0.500000,1.262660
303,1.537652,0.706703,-1.541490,1.262416,0.211824,-1.138406,0.480000,1.000000,1.000000,0.100000,0.700000,1.262416
304,1.540139,0.694147,-1.552874,1.260954,0.227840,-0.576345,0.480000,1.000000,1.000000,0.100000,0.700000,1.260954
305,1.542643,0.681580,-1.558637,1.260660,0.236699,-0.019297,0.480000,1.000000,1.000000,0.100000,0.700000,1.260660
306,1.545163,0.669003,-1.558830,1.261693,0.238596,0.528346,0.480000,1.000000,1.000000,0.100000,0.700000,1.261693
307,1.547700,0.656416,-1.553547,1.264077,0.233771,1.061983,0.500000,1.000000,1.000000,-1.000000,0.700000,1.264077
308,1.550255,0.643817,-1.542927,1.190709,0.222523,1.576388,0.520000,1.000000,1.000000,0.100000,0.700000,1.190709
309,1.552812,0.631976,-1.527163,1.195438,0.206173,2.072841,0.540000,1.000000,1.000000,0.100000,0.700000,1.195438
310,1.555393,0.620123,-1.506435,1.200922,0.184511,2.536346,0.560000,1.000000,0.800000,0.100000,0.200000,1.200922
311,1.558006,0.608258,-1.481071,1.212551,0.150959,2.654408,0.560000,1.000000,0.660000,0.100000,0.000000,1.212551
312,1.560596,0.596316,-1.454527,1.223432,0.111896,2.520750,0.560000,1.000000,0.520000,0.100000,-0.300000,1.223432
313,1.563127,0.584294,-1.429320,1.230583,0.072038,2.208200,0.640000,1.000000,0.500000,0.100000,-0.400000,1.230583
314,1.565575,0.572213,-1.407238,1.235556,0.036637,1.854211,0.680000,1.000000,0.480000,0.100000,-0.400000,1.235556
315,1.567949,0.560082,-1.388696,1.239698,0.006346,1.476479,0.660000,1.000000,0.460000,0.100000,-0.400000,1.239698
316,1.570256,0.547902,-1.373931,1.243338,-0.018654,1.083954,0.660000,1.000000,0.440000,0.100000,-0.500000,1.243338
317,1.572505,0.535672,-1.363091,1.245709,-0.038514,0.675765,0.700000,1.000000,0.440000,0.100000,-0.500000,1.245709
318,1.574697,0.523403,-1.356334,1.248088,-0.053029,0.264724,0.760000,1.000000,0.420000,0.100000,-0.500000,1.248088
319,1.576835,0.511095,-1.353686,1.250647,-0.062296,-0.142574,0.740000,1.000000,0.420000,0.100000,-0.500000,1.250647
320,1.578921,0.498748,-1.355112,1.253489,-0.066491,-0.540252,0.740000,1.000000,0.420000,0.100000,-0.500000,1.253489
321,1.580954,0.486361,-1.360515,1.256642,-0.065857,-0.923046,0.720000,1.000000,0.420000,0.100000,-0.500000,1.256642
322,1.582933,0.473934,-1.369745,1.260072,-0.060699,-1.286240,0.720000,1.000000,0.420000,0.100000,-0.500000,1.260072
323,1.584855,0.461466,-1.382608,1.263689,-0.051370,-1.625701,0.680000,1.000000,0.420000,-1.000000,-0.500000,1.263689
324,1.586714,0.448956,-1.398865,1.190360,-0.038260,-1.938000,0.640000,1.000000,0.520000,0.100000,-0.300000,1.190360
325,1.588374,0.437163,-1.418245,1.196257,-0.021502,-2.140555,0.580000,1.000000,0.520000,0.100000,-0.300000,1.196257
326,1.589979,0.425306,-1.439650,1.201818,-0.003027,-2.318542,0.560000,1.000000,0.640000,0.100000,-0.100000,1.201818
327,1.591521,0.413388,-1.462836,1.208637,0.021522,-2.273869,0.560000,1.000000,0.760000,0.100000,0.100000,1.208637
328,1.593037,0.401395,-1.485574,1.214627,0.050335,-1.977690,0.540000,1.000000,0.880000,0.100000,0.500000,1.214627
329,1.594572,0.389335,-1.505351,1.216222,0.079135,-1.493259,0.540000,1.000000,0.920000,0.100000,0.500000,1.216222
330,1.596157,0.377251,-1.520284,1.217726,0.101610,-1.002222,0.540000,1.000000,0.940000,0.100000,0.600000,1.217726
331,1.597787,0.365141,-1.530306,1.218442,0.117838,-0.511176,0.520000,1.000000,0.960000,0.100000,0.600000,1.218442
332,1.599458,0.353014,-1.535418,1.219640,0.127995,-0.024301,0.520000,1.000000,0.980000,0.100000,0.700000,1.219640
333,1.601168,0.340870,-1.535661,1.220479,0.132065,0.443693,0.500000,1.000000,0.960000,0.100000,0.600000,1.220479
334,1.602917,0.328719,-1.531224,1.222967,0.130822,0.904921,0.500000,1.000000,0.960000,0.100000,0.600000,1.222967
335,1.604708,0.316551,-1.522175,1.226085,0.124277,1.344863,0.480000,1.000000,0.920000,0.100000,0.500000,1.226085
336,1.606545,0.304365,-1.508726,1.230832,0.112571,1.747452,0.480000,1.000000,0.900000,0.100000,0.500000,1.230832
337,1.608432,0.292150,-1.491251,1.235872,0.096510,2.118135,0.480000,1.000000,0.860000,0.100000,0.400000,1.235872
338,1.610376,0.279907,-1.470070,1.242165,0.075796,2.419004,0.540000,1.000000,0.820000,0.100000,0.400000,1.242165
339,1.612379,0.267625,-1.445880,1.248186,0.052199,2.684715,0.560000,1.000000,0.780000,0.100000,0.200000,1.248186
340,1.614452,0.255305,-1.419033,1.255882,0.022507,2.757293,0.540000,1.000000,0.740000,0.100000,0.100000,1.255882
341,1.616574,0.242925,-1.391460,1.263310,-0.009720,2.692827,0.560000,1.000000,0.620000,-1.000000,-0.100000,1.263310
342,1.618731,0.230477,-1.364532,1.192474,-0.045551,2.381131,0.640000,1.000000,0.580000,0.100000,-0.200000,1.192474
343,1.620728,0.218712,-1.340720,1.197113,-0.076331,1.976247,0.620000,1.000000,0.560000,0.100000,-0.200000,1.197113
344,1.622715,0.206882,-1.320958,1.201471,-0.101284,1.583565,0.620000,1.000000,0.480000,0.100000,-0.400000,1.201471
345,1.624704,0.194990,-1.305122,1.203716,-0.123543,1.085927,0.720000,1.000000,0.460000,0.100000,-0.400000,1.203716
346,1.626672,0.183051,-1.294263,1.206357,-0.139414,0.596473,0.860000,1.000000,0.460000,0.100000,-0.400000,1.206357
347,1.628625,0.171065,-1.288298,1.209633,-0.149129,0.120196,1.000000,1.000000,0.440000,0.100000,-0.500000,1.209633
348,1.630564,0.159032,-1.287096,1.212474,-0.153739,-0.371387,1.000000,1.000000,0.440000,0.100000,-0.500000,1.212474
349,1.632482,0.146962,-1.290810,1.216135,-0.152514,-0.845219,1.000000,1.000000,0.440000,0.100000,-0.500000,1.216135
350,1.634377,0.134853,-1.299262,1.220562,-0.145806,-1.296726,1.000000,1.000000,0.520000,0.100000,-0.300000,1.220562
351,1.636246,0.122703,-1.312230,1.228050,-0.131353,-1.607018,0.780000,1.000000,0.520000,0.100000,-0.300000,1.228050
352,1.638116,0.110495,-1.328300,1.235718,-0.113741,-1.891877,0.680000,1.000000,0.520000,0.100000,-0.300000,1.235718
353,1.639980,0.098226,-1.347219,1.243369,-0.093391,-2.149817,0.580000,1.000000,0.620000,0.100000,-0.100000,1.243369
354,1.641826,0.085895,-1.368717,1.252321,-0.065287,-2.147421,0.520000,1.000000,0.640000,0.100000,-0.100000,1.252321
355,1.643700,0.073496,-1.390191,1.260593,-0.038500,-2.138005,0.520000,1.000000,0.660000,0.100000,0.000000,1.260593
356,1.645585,0.061026,-1.411571,1.268281,-0.010004,-1.992721,0.500000,1.000000,0.680000,-1.000000,0.000000,1.268281
357,1.647497,0.048487,-1.431498,1.198343,0.015423,-1.850359,0.500000,1.000000,0.700000,0.100000,0.000000,1.198343
358,1.649314,0.036641,-1.450002,1.204935,0.036459,-1.704841,0.500000,1.000000,0.720000,0.100000,0.100000,1.204935
359,1.651128,0.024724,-1.467050,1.210861,0.057742,-1.441960,0.480000,1.000000,0.740000,0.100000,0.100000,1.210861
360,1.652956,0.012740,-1.481470,1.216642,0.074983,-1.192881,0.480000,1.000000,0.760000,0.100000,0.100000,1.216642
361,1.654788,0.000689,-1.493399,1.222418,0.088495,-0.958704,0.460000,1.000000,0.780000,0.100000,0.200000,1.222418
362,1.656616,-0.011430,-1.502986,1.227586,0.101284,-0.624864,0.460000,1.000000,0.780000,0.100000,0.200000,1.227586
363,1.658458,-0.023609,-1.509234,1.233059,0.109554,-0.308523,0.440000,1.000000,0.800000,0.100000,0.200000,1.233059
364,1.660310,-0.035849,-1.512320,1.238896,0.113667,-0.010267,0.440000,1.000000,0.800000,0.100000,0.200000,1.238896
365,1.662169,-0.048150,-1.512422,1.245112,0.113988,0.269845,0.420000,1.000000,0.800000,0.100000,0.200000,1.245112
366,1.664033,-0.060514,-1.509724,1.251679,0.110875,0.531941,0.420000,1.000000,0.780000,0.100000,0.200000,1.251679
367,1.665904,-0.072940,-1.504404,1.258544,0.104676,0.776140,0.400000,1.000000,0.780000,0.100000,0.200000,1.258544
368,1.667783,-0.085428,-1.496643,1.265632,0.095727,1.002466,0.400000,1.000000,0.760000,-1.000000,0.100000,1.265632
369,1.669676,-0.097978,-1.486618,1.196449,0.081427,1.085788,0.380000,1.000000,0.740000,0.100000,0.100000,1.196449
370,1.671493,-0.109832,-1.475760,1.204193,0.067327,1.156435,0.400000,1.000000,0.720000,0.100000,0.100000,1.204193
371,1.673306,-0.121756,-1.464196,1.211797,0.053082,1.218303,0.420000,1.000000,0.700000,0.100000,0.000000,1.211797
372,1.675123,-0.133748,-1.452013,1.219318,0.035740,1.141256,0.440000,1.000000,0.680000,0.100000,0.000000,1.219318
373,1.676923,-0.145813,-1.440600,1.226599,0.020150,1.064688,0.480000,1.000000,0.660000,0.100000,0.000000,1.226599
374,1.678715,-0.157949,-1.429954,1.233685,0.006226,0.989541,0.500000,1.000000,0.640000,0.100000,-0.100000,1.233685
375,1.680509,-0.170155,-1.420058,1.240242,-0.008982,0.794343,0.540000,1.000000,0.620000,0.100000,-0.100000,1.240242
376,1.682282,-0.182431,-1.412115,1.246710,-0.021152,0.606850,0.560000,1.000000,0.620000,0.100000,-0.100000,1.246710
377,1.684043,-0.194775,-1.406046,1.253159,-0.030492,0.428362,0.600000,0.980000,0.600000,0.100000,-0.200000,1.253159
378,1.685798,-0.207186,-1.401763,1.258877,-0.039667,0.155058,1.000000,0.980000,0.600000,0.100000,-0.200000,1.258877
379,1.687525,-0.219663,-1.400212,1.264724,-0.045132,-0.105598,1.000000,0.960000,0.600000,-1.000000,-0.200000,1.264724
380,1.689227,-0.232203,-1.401268,1.193724,-0.047169,-0.352115,1.000000,0.960000,0.600000,0.100000,-0.200000,1.193724
381,1.690776,-0.244049,-1.404789,1.199906,-0.046210,-0.583544,1.000000,0.940000,0.600000,0.100000,-0.200000,1.199906
382,1.692303,-0.255959,-1.410625,1.206211,-0.042592,-0.798320,1.000000,0.940000,0.600000,0.100000,-0.200000,1.206211
383,1.693806,-0.267935,-1.418608,1.212595,-0.036606,-0.996269,1.000000,0.920000,0.600000,0.100000,-0.200000,1.212595
384,1.695283,-0.279976,-1.428570,1.219000,-0.028535,-1.177430,1.000000,0.920000,0.620000,0.100000,-0.100000,1.219000
385,1.696728,-0.292083,-1.440345,1.226060,-0.015960,-1.226959,1.000000,0.960000,0.600000,0.100000,-0.200000,1.226060
386,1.698165,-0.304260,-1.452614,1.232235,-0.006000,-1.381887,0.520000,0.980000,0.580000,0.100000,-0.200000,1.232235
387,1.699558,-0.316504,-1.466433,1.238275,0.005429,-1.521491,0.500000,0.960000,0.580000,0.100000,-0.200000,1.238275
388,1.700902,-0.328814,-1.481648,1.244120,0.018106,-1.646420,0.480000,0.960000,0.580000,0.100000,-0.200000,1.244120
389,1.702190,-0.341189,-1.498112,1.249714,0.031831,-1.757487,0.460000,0.980000,0.600000,0.100000,-0.200000,1.249714
390,1.703415,-0.353630,-1.515687,1.255009,0.046425,-1.855637,0.440000,0.960000,0.620000,0.100000,-0.100000,1.255009
391,1.704570,-0.366136,-1.534244,1.260731,0.064110,-1.840019,0.420000,1.000000,0.640000,0.100000,-0.100000,1.260731
392,1.705671,-0.378711,-1.552644,1.266093,0.080928,-1.822912,0.400000,0.980000,0.660000,-1.000000,0.000000,1.266093
393,1.706710,-0.391355,-1.570873,1.194481,0.099811,-1.681424,0.380000,0.980000,0.660000,0.100000,0.000000,1.194481
394,1.707708,-0.403300,-1.587687,1.199681,0.114594,-1.543769,0.360000,1.000000,0.640000,0.100000,-0.100000,1.199681
395,1.708651,-0.415315,-1.603125,1.204341,0.124468,-1.531704,0.360000,1.000000,0.620000,0.100000,-0.100000,1.204341
396,1.709505,-0.427392,-1.618442,1.208843,0.133907,-1.519610,0.340000,1.000000,0.660000,0.100000,0.000000,1.208843
397,1.710267,-0.439531,-1.633638,1.213683,0.145521,-1.397001,0.340000,1.000000,0.680000,0.100000,0.000000,1.213683
398,1.710957,-0.451735,-1.647608,1.218524,0.155250,-1.283450,0.320000,1.000000,0.720000,0.100000,0.100000,1.218524
399,1.711570,-0.464003,-1.660442,1.223394,0.166283,-1.049588,0.320000,1.000000,0.700000,0.100000,0.000000,1.223394
400,1.712131,-0.476337,-1.670938,1.228521,0.171089,-0.958507,0.300000,1.000000,0.680000,0.100000,0.000000,1.228521
401,1.712605,-0.488732,-1.680523,1.233753,0.174664,-0.873015,0.300000,1.000000,0.680000,0.100000,0.000000,1.233753
402,1.712990,-0.501186,-1.689254,1.239098,0.177121,-0.792564,0.300000,1.000000,0.660000,0.100000,0.000000,1.239098
403,1.713285,-0.513700,-1.697179,1.244563,0.178558,-0.716695,0.300000,1.000000,0.680000,0.100000,0.000000,1.244563
404,1.713487,-0.526271,-1.704346,1.250151,0.179066,-0.645028,0.300000,1.000000,0.700000,0.100000,0.000000,1.250151
405,1.713598,-0.538900,-1.710796,1.255862,0.178726,-0.577252,0.280000,1.000000,0.720000,0.100000,0.100000,1.255862
406,1.713615,-0.551585,-1.716569,1.261783,0.180492,-0.389943,0.280000,1.000000,0.700000,0.100000,0.000000,1.261783
407,1.713568,-0.564331,-1.720468,1.267944,0.177011,-0.335768,0.280000,1.000000,0.700000,-1.000000,0.000000,1.267944
408,1.713427,-0.577133,-1.723826,1.197212,0.173030,-0.284527,0.280000,1.000000,0.680000,0.100000,0.000000,1.197212
409,1.713313,-0.589229,-1.726671,1.203597,0.167965,-0.235079,0.280000,1.000000,0.680000,0.100000,0.000000,1.203597
410,1.713103,-0.601380,-1.729022,1.210079,0.162559,-0.188522,0.280000,0.980000,0.660000,0.100000,0.000000,1.210079
411,1.712802,-0.613585,-1.730907,1.216647,0.156857,-0.144859,0.280000,0.980000,0.660000,0.100000,0.000000,1.216647
412,1.712411,-0.625846,-1.732356,1.223294,0.150906,-0.104093,0.280000,0.960000,0.640000,0.100000,-0.100000,1.223294
413,1.711932,-0.638163,-1.733397,1.229428,0.142493,-0.162671,0.280000,0.960000,0.640000,0.100000,-0.100000,1.229428
414,1.711348,-0.650525,-1.735024,1.235502,0.135124,-0.221306,0.360000,0.940000,0.620000,0.100000,-0.100000,1.235502
415,1.710661,-0.662935,-1.737237,1.241524,0.128774,-0.279579,0.360000,0.940000,0.620000,0.100000,-0.100000,1.241524
416,1.709874,-0.675392,-1.740032,1.247497,0.123411,-0.337099,0.340000,0.920000,0.640000,0.100000,-0.100000,1.247497
417,1.708990,-0.687897,-1.743403,1.253426,0.118999,-0.393515,0.340000,0.920000,0.660000,0.100000,0.000000,1.253426
418,1.708009,-0.700449,-1.747339,1.259824,0.118001,-0.341283,0.340000,0.900000,0.660000,0.100000,0.000000,1.259824
419,1.706958,-0.713059,-1.750751,1.266286,0.116445,-0.292619,0.340000,0.900000,0.640000,-1.000000,-0.100000,1.266286
420,1.705838,-0.725726,-1.753678,1.195298,0.111884,-0.354776,0.340000,0.880000,0.640000,0.100000,-0.100000,1.195298
421,1.704764,-0.737683,-1.757225,1.201270,0.107757,-0.411548,0.400000,0.880000,0.620000,0.100000,-0.100000,1.201270
422,1.703596,-0.749687,-1.761341,1.207206,0.104513,-0.466680,0.320000,0.860000,0.620000,0.100000,-0.100000,1.207206
423,1.702336,-0.761738,-1.766008,1.213106,0.102103,-0.519926,0.400000,0.860000,0.600000,0.100000,-0.200000,1.213106
424,1.700985,-0.773837,-1.771207,1.218116,0.098683,-0.647806,0.480000,0.840000,0.600000,0.100000,-0.200000,1.218116
425,1.699527,-0.785971,-1.777685,1.223036,0.096933,-0.771324,0.380000,0.840000,0.580000,0.100000,-0.200000,1.223036
426,1.697963,-0.798140,-1.785398,1.227861,0.096756,-0.889699,0.380000,0.840000,0.620000,0.100000,-0.100000,1.227861
427,1.696294,-0.810343,-1.794295,1.233424,0.099946,-0.921134,0.440000,0.820000,0.600000,0.100000,-0.200000,1.233424
428,1.694535,-0.822592,-1.803506,1.238080,0.101568,-1.030905,0.360000,0.820000,0.600000,0.100000,-0.200000,1.238080
429,1.692668,-0.834873,-1.813816,1.242612,0.104511,-1.134611,0.420000,0.800000,0.580000,0.100000,-0.200000,1.242612
430,1.690692,-0.847185,-1.825162,1.247006,0.108669,-1.232032,0.340000,0.840000,0.580000,0.100000,-0.200000,1.247006
431,1.688606,-0.859528,-1.837482,1.251243,0.113934,-1.323079,0.400000,0.840000,0.600000,0.100000,-0.200000,1.251243
432,1.686407,-0.871898,-1.850713,1.255305,0.120204,-1.407778,0.400000,0.820000,0.600000,0.100000,-0.200000,1.255305
433,1.684094,-0.884295,-1.864791,1.259171,0.127379,-1.486252,0.380000,0.820000,0.580000,0.100000,-0.200000,1.259171
434,1.681665,-0.896715,-1.879653,1.262825,0.135364,-1.558695,0.380000,0.820000,0.580000,0.100000,-0.200000,1.262825
435,1.679116,-0.909157,-1.895240,1.266247,0.144072,-1.625367,0.360000,0.800000,0.640000,-1.000000,-0.100000,1.266247
436,1.676445,-0.921618,-1.911494,1.193277,0.155178,-1.611385,0.360000,0.800000,0.640000,0.100000,-0.100000,1.193277
437,1.673920,-0.933384,-1.927608,1.197134,0.164245,-1.592302,0.280000,0.800000,0.620000,0.100000,-0.100000,1.197134
438,1.671278,-0.945175,-1.943531,1.200858,0.172862,-1.574085,0.340000,0.780000,0.620000,0.100000,-0.100000,1.200858
439,1.668515,-0.956988,-1.959271,1.204461,0.181060,-1.556714,0.260000,0.820000,0.600000,0.100000,-0.200000,1.204461
440,1.665628,-0.968821,-1.974839,1.207071,0.187369,-1.604268,0.320000,0.820000,0.600000,0.100000,-0.200000,1.207071
441,1.662605,-0.980657,-1.990881,1.209484,0.194141,-1.648774,0.320000,0.820000,0.580000,0.100000,-0.200000,1.209484
442,1.659445,-0.992492,-2.007369,1.211690,0.201332,-1.690376,0.300000,0.820000,0.620000,0.100000,-0.100000,1.211690
443,1.656146,-1.004324,-2.024273,1.214571,0.210314,-1.668809,0.300000,0.800000,0.600000,0.100000,-0.200000,1.214571
444,1.652716,-1.016163,-2.040961,1.216438,0.217486,-1.706761,0.280000,0.800000,0.600000,0.100000,-0.200000,1.216438
445,1.649144,-1.027993,-2.058028,1.218091,0.225001,-1.742331,0.280000,0.800000,0.640000,0.100000,-0.100000,1.218091
446,1.645429,-1.039810,-2.075452,1.220423,0.234126,-1.720044,0.280000,0.800000,0.620000,0.100000,-0.100000,1.220423
447,1.641578,-1.051625,-2.092652,1.222634,0.242804,-1.699106,0.260000,0.800000,0.620000,0.100000,-0.100000,1.222634
448,1.637588,-1.063434,-2.109643,1.224734,0.251066,-1.679425,0.260000,0.780000,0.620000,0.100000,-0.100000,1.224734
449,1.633458,-1.075234,-2.126437,1.226732,0.258942,-1.660915,0.240000,0.780000,0.600000,0.100000,-0.200000,1.226732
450,1.629187,-1.087022,-2.143047,1.227725,0.265327,-1.691878,0.240000,0.780000,0.600000,0.100000,-0.200000,1.227725
451,1.624769,-1.098780,-2.159965,1.228521,0.272001,-1.721303,0.240000,0.780000,0.580000,0.100000,-0.200000,1.228521
452,1.620204,-1.110505,-2.177178,1.229115,0.278940,-1.749269,0.220000,0.780000,0.620000,0.100000,-0.100000,1.229115
453,1.615492,-1.122195,-2.194671,1.230419,0.287179,-1.730717,0.220000,0.820000,0.620000,0.100000,-0.100000,1.230419
454,1.610634,-1.133859,-2.211978,1.231622,0.295055,-1.713351,0.220000,0.820000,0.600000,0.100000,-0.200000,1.231622
455,1.605632,-1.145494,-2.229112,1.231810,0.301609,-1.739236,0.200000,0.820000,0.600000,0.100000,-0.200000,1.231810
456,1.600482,-1.157083,-2.246504,1.231800,0.308389,-1.764004,0.200000,0.820000,0.600000,0.100000,-0.200000,1.231800
457,1.595184,-1.168623,-2.264144,1.231588,0.315380,-1.787719,0.200000,0.820000,0.580000,0.100000,-0.200000,1.231588
458,1.589738,-1.180111,-2.282021,1.231169,0.322563,-1.810447,0.180000,0.820000,0.580000,0.100000,-0.200000,1.231169
459,1.584145,-1.191543,-2.300126,1.230541,0.329924,-1.832254,0.180000,0.820000,0.580000,0.100000,-0.200000,1.230541
460,1.578405,-1.202917,-2.318448,1.229699,0.337446,-1.853206,0.220000,0.820000,0.620000,0.100000,-0.100000,1.229699
461,1.572519,-1.214229,-2.336980,1.229571,0.345955,-1.837548,0.200000,0.820000,0.620000,0.100000,-0.100000,1.229571
462,1.566486,-1.225487,-2.355356,1.229331,0.354138,-1.823089,0.200000,0.820000,0.600000,0.100000,-0.200000,1.229331
463,1.560307,-1.236689,-2.373587,1.228050,0.361242,-1.842964,0.200000,0.840000,0.600000,0.100000,-0.200000,1.228050
464,1.553983,-1.247819,-2.392016,1.226561,0.368487,-1.862215,0.180000,0.840000,0.600000,0.100000,-0.200000,1.226561
465,1.547515,-1.258873,-2.410639,1.224860,0.375860,-1.880892,0.180000,0.840000,0.600000,0.100000,-0.200000,1.224860
466,1.540905,-1.269848,-2.429448,1.222945,0.383351,-1.899044,0.180000,0.840000,0.580000,0.100000,-0.200000,1.222945
467,1.534153,-1.280742,-2.448438,1.220812,0.390950,-1.916720,0.160000,0.840000,0.580000,0.100000,-0.200000,1.220812
468,1.527260,-1.291550,-2.467605,1.218459,0.398647,-1.933967,0.240000,0.860000,0.580000,0.100000,-0.200000,1.218459
469,1.520228,-1.302269,-2.486945,1.215883,0.406435,-1.950830,0.240000,0.860000,0.580000,0.100000,-0.200000,1.215883
470,1.513057,-1.312896,-2.506453,1.213081,0.414303,-1.967353,0.220000,0.860000,0.580000,0.100000,-0.200000,1.213081
471,1.505750,-1.323428,-2.526127,1.210051,0.422244,-1.983578,0.220000,0.880000,0.580000,0.100000,-0.200000,1.210051
472,1.498308,-1.333862,-2.545962,1.206789,0.430252,-1.999547,1.000000,0.880000,0.560000,0.100000,-0.200000,1.206789
473,1.490732,-1.344194,-2.565958,1.203293,0.438317,-2.015299,1.000000,0.900000,0.560000,0.100000,-0.200000,1.203293
474,1.483024,-1.354421,-2.586111,1.199561,0.446435,-2.030872,1.000000,0.920000,0.560000,0.100000,-0.200000,1.199561
475,1.475186,-1.364540,-2.606420,1.195590,0.454598,-2.046301,1.000000,0.920000,0.620000,0.100000,-0.100000,1.195590
476,1.467220,-1.374548,-2.626883,1.192329,0.463288,-2.040763,1.000000,0.940000,0.620000,0.100000,-0.100000,1.192329
477,1.459123,-1.384450,-2.647290,1.188911,0.471760,-2.036301,1.000000,0.960000,0.620000,0.100000,-0.100000,1.188911
478,1.450895,-1.394244,-2.667653,1.185336,0.480027,-2.032865,1.000000,0.980000,0.620000,0.100000,-0.100000,1.185336
479,1.442539,-1.403925,-2.687982,1.181605,0.488105,-2.030411,1.000000,1.000000,0.620000,0.100000,-0.100000,1.181605
480,1.434057,-1.413490,-2.708286,1.177718,0.496004,-2.028900,1.000000,1.000000,0.620000,0.100000,-0.100000,1.177718
481,1.425450,-1.422937,-2.728575,1.173673,0.503737,-2.028294,1.000000,1.000000,0.620000,0.100000,-0.100000,1.173673
482,1.416722,-1.432261,-2.748858,1.169472,0.511315,-2.028562,1.000000,1.000000,0.620000,0.100000,-0.100000,1.169472
483,1.407875,-1.441461,-2.769144,1.165111,0.518748,-2.029672,1.000000,1.000000,0.620000,0.100000,-0.100000,1.165111
484,1.398910,-1.450533,-2.789440,1.160591,0.526044,-2.031599,1.000000,1.000000,0.620000,0.100000,-0.100000,1.160591
485,1.389831,-1.459473,-2.809756,1.155910,0.533214,-2.034317,0.440000,1.000000,0.640000,0.100000,-0.100000,1.155910
486,1.380640,-1.468280,-2.830099,1.151066,0.540264,-2.037805,0.400000,1.000000,0.640000,0.100000,-0.100000,1.151066
487,1.371339,-1.476951,-2.850478,1.146056,0.547203,-2.042042,0.380000,1.000000,0.640000,0.100000,-0.100000,1.146056
488,1.361931,-1.485482,-2.870898,1.140880,0.554037,-2.047011,0.380000,1.000000,0.640000,0.100000,-0.100000,1.140880
489,1.352419,-1.493871,-2.891368,1.135534,0.560772,-2.052694,0.360000,1.000000,0.660000,0.100000,0.000000,1.135534
490,1.342806,-1.502116,-2.911895,1.130913,0.568006,-2.033794,0.360000,1.000000,0.660000,0.100000,0.000000,1.130913
491,1.333087,-1.510222,-2.932233,1.126251,0.574862,-2.016697,0.360000,1.000000,0.680000,0.100000,0.000000,1.126251
492,1.323265,-1.518186,-2.952400,1.121550,0.581366,-2.001273,0.360000,1.000000,0.680000,0.100000,0.000000,1.121550
493,1.313343,-1.526005,-2.972413,1.116808,0.587541,-1.987410,0.340000,1.000000,0.700000,0.100000,0.000000,1.116808
494,1.303324,-1.533677,-2.992287,1.112024,0.593410,-1.975003,0.340000,1.000000,0.700000,0.100000,0.000000,1.112024
495,1.293210,-1.541199,-3.012037,1.107199,0.598994,-1.963962,0.340000,1.000000,0.720000,0.100000,0.100000,1.107199
496,1.283005,-1.548569,-3.031676,1.103108,0.605196,-1.916315,0.340000,1.000000,0.740000,0.100000,0.100000,1.103108
497,1.272704,-1.555795,-3.050840,1.099192,0.610712,-1.871399,0.340000,1.000000,0.760000,0.100000,0.100000,1.099192
498,1.262311,-1.562873,-3.069554,1.095451,0.615588,-1.828902,0.340000,1.000000,0.760000,0.100000,0.100000,1.095451
499,1.251828,-1.569801,-3.087843,1.091887,0.619867,-1.788547,0.340000,1.000000,0.780000,0.100000,0.200000,1.091887
500,1.241258,-1.576578,-3.105728,1.089056,0.624883,-1.694526,0.340000,1.000000,0.800000,0.100000,0.200000,1.089056
501,1.230598,-1.583213,-3.122673,1.086743,0.628725,-1.604427,0.340000,1.000000,0.820000,0.100000,0.400000,1.086743
502,1.219852,-1.589705,-3.138718,1.084630,0.635796,-1.332500,0.340000,1.000000,0.840000,0.100000,0.400000,1.084630
503,1.209024,-1.596094,-3.152043,1.084257,0.639590,-1.073193,0.340000,1.000000,0.860000,0.100000,0.400000,1.084257
504,1.198115,-1.602376,-3.162774,1.085579,0.640367,-0.822832,0.340000,1.000000,0.880000,0.100000,0.500000,1.085579
505,1.187126,-1.608548,-3.171003,1.087454,0.641042,-0.461956,0.360000,1.000000,0.880000,0.100000,0.500000,1.087454
506,1.176068,-1.614636,-3.175622,1.091740,0.637632,-0.109806,0.360000,1.000000,0.880000,0.100000,0.500000,1.091740
507,1.164940,-1.620637,-3.176720,1.098331,0.630338,0.237924,0.380000,1.000000,0.860000,0.100000,0.400000,1.098331
508,1.153742,-1.626551,-3.174341,1.108162,0.616585,0.469824,0.380000,1.000000,0.840000,0.100000,0.400000,1.108162
509,1.142464,-1.632351,-3.169643,1.119299,0.600489,0.708776,0.400000,1.000000,0.820000,0.100000,0.400000,1.119299
510,1.131107,-1.638039,-3.162555,1.131683,0.581980,0.956428,0.420000,1.000000,0.780000,0.100000,0.200000,1.131683
511,1.119671,-1.643621,-3.152991,1.145539,0.556666,1.030527,0.440000,1.000000,0.740000,0.100000,0.100000,1.145539
512,1.108153,-1.649056,-3.142686,1.158960,0.529424,1.056397,0.480000,1.000000,0.720000,0.100000,0.100000,1.158960
513,1.096557,-1.654338,-3.132122,1.172211,0.502081,1.087496,0.500000,1.000000,0.680000,0.100000,0.000000,1.172211
514,1.084883,-1.659470,-3.121247,1.184553,0.473611,1.081038,0.520000,1.000000,0.660000,0.100000,0.000000,1.184553
515,1.073137,-1.664446,-3.110436,1.196553,0.445418,1.076075,0.560000,1.000000,0.620000,0.100000,-0.100000,1.196553
516,1.061316,-1.669271,-3.099676,1.207347,0.416820,1.041859,0.600000,1.000000,0.600000,0.100000,-0.200000,1.207347
517,1.049428,-1.673941,-3.089257,1.216745,0.388467,0.988492,0.620000,1.000000,0.580000,0.100000,-0.200000,1.216745
518,1.037480,-1.678457,-3.079372,1.225660,0.360977,0.929540,0.660000,1.000000,0.560000,0.100000,-0.200000,1.225660
519,1.025472,-1.682822,-3.070077,1.234111,0.334464,0.864349,0.680000,1.000000,0.540000,0.100000,-0.300000,1.234111
520,1.013401,-1.687040,-3.061433,1.241131,0.308827,0.782827,0.720000,1.000000,0.520000,0.100000,-0.300000,1.241131
521,1.001277,-1.691112,-3.053605,1.247702,0.284485,0.692042,0.760000,1.000000,0.500000,0.100000,-0.400000,1.247702
522,0.989098,-1.695042,-3.046684,1.252858,0.261569,0.591106,0.780000,1.000000,0.480000,0.100000,-0.400000,1.252858
523,0.976874,-1.698833,-3.040773,1.257612,0.240210,0.479242,0.820000,1.000000,0.480000,0.100000,-0.400000,1.257612
524,0.964603,-1.702489,-3.035981,1.261996,0.220556,0.356779,0.840000,1.000000,0.460000,0.100000,-0.400000,1.261996
525,0.952286,-1.706013,-3.032413,1.266039,0.202741,0.224417,0.880000,1.000000,0.460000,-1.000000,-0.400000,1.266039
526,0.939922,-1.709407,-3.030169,1.192775,0.186882,0.083220,0.900000,1.000000,0.440000,0.100000,-0.500000,1.192775
527,0.928276,-1.712591,-3.029337,1.195255,0.173006,-0.052044,0.900000,1.000000,0.440000,0.100000,-0.500000,1.195255
528,0.916592,-1.715649,-3.029857,1.197507,0.160961,-0.194650,0.920000,1.000000,0.440000,0.100000,-0.500000,1.197507
529,0.904872,-1.718584,-3.031804,1.199555,0.150806,-0.342978,0.920000,1.000000,0.420000,0.100000,-0.500000,1.199555
530,0.893113,-1.721397,-3.035234,1.201415,0.142574,-0.495255,0.920000,1.000000,0.420000,0.100000,-0.500000,1.201415
531,0.881319,-1.724090,-3.040186,1.203102,0.136277,-0.649643,0.900000,1.000000,0.420000,0.100000,-0.500000,1.203102
532,0.869487,-1.726664,-3.046683,1.204624,0.131901,-0.804310,0.900000,1.000000,0.420000,0.100000,-0.500000,1.204624
533,0.857620,-1.729119,-3.054726,1.205982,0.129410,-0.957500,0.880000,1.000000,0.420000,0.100000,-0.500000,1.205982
534,0.845718,-1.731454,-3.064301,1.207172,0.128747,-1.107587,0.840000,1.000000,0.440000,0.100000,-0.500000,1.207172
535,0.833782,-1.733670,-3.075377,1.208182,0.129839,-1.253125,0.820000,1.000000,0.440000,0.100000,-0.500000,1.208182
536,0.821813,-1.735765,-3.087908,1.208995,0.132598,-1.392872,0.800000,1.000000,0.440000,0.100000,-0.500000,1.208995
537,0.809811,-1.737738,-3.101836,1.209591,0.136924,-1.525813,0.760000,1.000000,0.460000,0.100000,-0.400000,1.209591
538,0.797779,-1.739587,-3.117095,1.210961,0.142745,-1.649581,0.740000,1.000000,0.480000,0.100000,-0.400000,1.210961
539,0.785708,-1.741310,-3.133590,1.212061,0.149907,-1.765523,0.700000,1.000000,0.480000,0.100000,-0.400000,1.212061
540,0.773600,-1.742906,-3.151246,1.212863,0.158295,-1.873412,0.680000,1.000000,0.500000,0.100000,-0.400000,1.212863
541,0.761457,-1.744372,-3.169980,1.213335,0.167798,-1.973193,0.640000,1.000000,0.540000,0.100000,-0.300000,1.213335
542,0.749281,-1.745705,-3.189712,1.214493,0.178682,-2.048706,0.620000,1.000000,0.560000,0.100000,-0.200000,1.214493
543,0.737064,-1.746906,-3.210199,1.216298,0.191146,-2.080081,0.600000,1.000000,0.600000,0.100000,-0.200000,1.216298
544,0.724798,-1.747979,-3.231000,1.217761,0.203735,-2.108351,0.580000,1.000000,0.640000,0.100000,-0.100000,1.217761
545,0.712487,-1.748921,-3.252083,1.219765,0.217887,-2.071018,0.540000,1.000000,0.700000,0.100000,0.000000,1.219765
546,0.700124,-1.749741,-3.272793,1.222125,0.233448,-1.942770,0.520000,1.000000,0.760000,0.100000,0.100000,1.222125
547,0.687702,-1.750457,-3.292221,1.224597,0.249791,-1.705639,0.520000,1.000000,0.820000,0.100000,0.400000,1.224597
548,0.675220,-1.751089,-3.309277,1.224814,0.270206,-1.164807,0.500000,1.000000,0.900000,0.100000,0.500000,1.224814
549,0.662693,-1.751709,-3.320925,1.225064,0.284672,-0.592962,0.480000,1.000000,0.940000,0.100000,0.600000,1.225064
550,0.650131,-1.752325,-3.326855,1.225683,0.292494,-0.009883,0.480000,1.000000,0.980000,0.100000,0.700000,1.225683
551,0.637545,-1.752942,-3.326954,1.226917,0.293278,0.566752,0.480000,1.000000,0.980000,0.100000,0.700000,1.226917
552,0.624945,-1.753563,-3.321286,1.229897,0.287130,1.130468,0.500000,1.000000,0.940000,0.100000,0.600000,1.229897
553,0.612331,-1.754190,-3.309982,1.235674,0.274098,1.667986,0.500000,1.000000,0.880000,0.100000,0.500000,1.235674
554,0.599690,-1.754821,-3.293302,1.244110,0.253976,2.147272,0.520000,1.000000,0.800000,0.100000,0.200000,1.244110
555,0.587008,-1.755452,-3.271829,1.256730,0.221400,2.297784,0.540000,1.000000,0.720000,0.100000,0.100000,1.256730
556,0.574260,-1.756015,-3.248851,1.269049,0.185242,2.317978,0.560000,1.000000,0.660000,-1.000000,0.000000,1.269049
557,0.561444,-1.756498,-3.225671,1.203206,0.147690,2.225029,0.600000,1.000000,0.600000,0.100000,-0.200000,1.203206
558,0.549330,-1.756959,-3.203421,1.211782,0.111033,1.990378,0.620000,1.000000,0.560000,0.100000,-0.200000,1.211782
559,0.537167,-1.757319,-3.183517,1.219356,0.078193,1.733383,0.660000,1.000000,0.520000,0.100000,-0.300000,1.219356
560,0.524951,-1.757589,-3.166184,1.225143,0.048576,1.424456,0.680000,1.000000,0.500000,0.100000,-0.400000,1.225143
561,0.512692,-1.757773,-3.151939,1.229298,0.023020,1.081835,0.720000,1.000000,0.480000,0.100000,-0.400000,1.229298
562,0.500397,-1.757876,-3.141121,1.233084,0.002188,0.727352,0.740000,1.000000,0.460000,0.100000,-0.400000,1.233084
563,0.488066,-1.757904,-3.133847,1.236709,-0.013890,0.368033,0.740000,1.000000,0.440000,0.100000,-0.500000,1.236709
564,0.475698,-1.757861,-3.130167,1.239265,-0.025525,-0.000630,0.760000,1.000000,0.440000,0.100000,-0.500000,1.239265
565,0.463303,-1.757747,-3.130173,1.241921,-0.032528,-0.364689,0.760000,1.000000,0.440000,0.100000,-0.500000,1.241921
566,0.450881,-1.757564,-3.133820,1.244736,-0.035072,-0.718773,0.740000,1.000000,0.460000,0.100000,-0.400000,1.244736
567,0.438432,-1.757310,-3.141008,1.248822,-0.032987,-1.040797,0.720000,1.000000,0.460000,0.100000,-0.400000,1.248822
568,0.425943,-1.756987,-3.151416,1.253023,-0.027144,-1.343422,0.700000,1.000000,0.480000,0.100000,-0.400000,1.253023
569,0.413416,-1.756593,-3.164850,1.257253,-0.017876,-1.624096,0.680000,1.000000,0.500000,0.100000,-0.400000,1.257253
570,0.400851,-1.756122,-3.181091,1.261404,-0.005532,-1.880993,0.660000,1.000000,0.520000,0.100000,-0.300000,1.261404
571,0.388249,-1.755568,-3.199901,1.266481,0.010568,-2.068873,0.620000,1.000000,0.560000,-1.000000,-0.200000,1.266481
572,0.375600,-1.754936,-3.220590,1.195219,0.030226,-2.159086,0.600000,1.000000,0.600000,0.100000,-0.200000,1.195219
573,0.363661,-1.754294,-3.242180,1.200484,0.048527,-2.227187,0.580000,1.000000,0.640000,0.100000,-0.100000,1.200484
574,0.351668,-1.753571,-3.264452,1.206019,0.069419,-2.180504,0.540000,1.000000,0.720000,0.100000,0.100000,1.206019
575,0.339614,-1.752782,-3.286257,1.211097,0.094887,-1.881095,0.520000,1.000000,0.780000,0.100000,0.200000,1.211097
576,0.327493,-1.751975,-3.305068,1.215254,0.118294,-1.490888,0.500000,1.000000,0.860000,0.100000,0.400000,1.215254
577,0.315310,-1.751165,-3.319977,1.217404,0.139242,-0.988286,0.480000,1.000000,0.940000,0.100000,0.600000,1.217404
578,0.303082,-1.750375,-3.329860,1.217845,0.154413,-0.465352,0.480000,1.000000,1.000000,0.100000,0.700000,1.217845
579,0.290829,-1.749612,-3.334514,1.218023,0.162967,0.043040,0.480000,1.000000,1.000000,0.100000,0.700000,1.218023
580,0.278563,-1.748876,-3.334083,1.219035,0.165437,0.541287,0.480000,1.000000,1.000000,0.100000,0.700000,1.219035
581,0.266281,-1.748168,-3.328670,1.220907,0.162078,1.023758,0.480000,1.000000,1.000000,0.100000,0.700000,1.220907
582,0.253983,-1.747490,-3.318433,1.223565,0.153214,1.484528,0.480000,1.000000,0.960000,0.100000,0.600000,1.223565
583,0.241669,-1.746846,-3.303587,1.227890,0.139324,1.920971,0.500000,1.000000,0.880000,0.100000,0.500000,1.227890
584,0.229326,-1.746240,-3.284378,1.233769,0.120389,2.308446,0.520000,1.000000,0.800000,0.100000,0.200000,1.233769
585,0.216943,-1.745676,-3.261293,1.243117,0.092178,2.431160,0.540000,1.000000,0.720000,0.100000,0.100000,1.243117
586,0.204490,-1.745107,-3.236982,1.252320,0.060700,2.407529,0.560000,1.000000,0.660000,0.100000,0.000000,1.252320
587,0.191966,-1.744518,-3.212906,1.260647,0.027966,2.250180,0.580000,1.000000,0.600000,0.100000,-0.200000,1.260647
588,0.179372,-1.743899,-3.190405,1.266801,-0.005765,1.906898,0.620000,1.000000,0.560000,-1.000000,-0.200000,1.266801
589,0.166722,-1.743223,-3.171336,1.195328,-0.034151,1.559741,0.640000,1.000000,0.540000,0.100000,-0.300000,1.195328
590,0.154784,-1.742527,-3.155738,1.199532,-0.057352,1.148480,0.660000,1.000000,0.520000,0.100000,-0.300000,1.199532
591,0.142798,-1.741783,-3.144253,1.203730,-0.075057,0.742487,0.680000,1.000000,0.500000,0.100000,-0.400000,1.203730
592,0.130763,-1.741001,-3.136828,1.207014,-0.088473,0.304014,0.700000,1.000000,0.500000,0.100000,-0.400000,1.207014
593,0.118689,-1.740174,-3.133788,1.210679,-0.096432,-0.123447,0.700000,1.000000,0.500000,0.100000,-0.400000,1.210679
594,0.106575,-1.739304,-3.135023,1.214809,-0.099203,-0.535208,0.700000,1.000000,0.500000,0.100000,-0.400000,1.214809
595,0.094420,-1.738392,-3.140375,1.219409,-0.097107,-0.927275,0.680000,1.000000,0.500000,0.100000,-0.400000,1.219409
596,0.082225,-1.737435,-3.149648,1.224416,-0.090515,-1.296139,0.660000,1.000000,0.520000,0.100000,-0.300000,1.224416
597,0.069989,-1.736432,-3.162609,1.230885,-0.078420,-1.578359,0.640000,1.000000,0.540000,0.100000,-0.300000,1.230885
598,0.057699,-1.735389,-3.178393,1.237395,-0.063431,-1.834973,0.620000,1.000000,0.560000,0.100000,-0.200000,1.237395
599,0.045357,-1.734300,-3.196742,1.244801,-0.043739,-1.971139,0.580000,1.000000,0.600000,0.100000,-0.200000,1.244801
600,0.032952,-1.733177,-3.216454,1.251834,-0.023226,-2.089789,0.560000,1.000000,0.660000,0.100000,0.000000,1.251834
601,0.020486,-1.732009,-3.237352,1.259185,0.003735,-1.942230,0.540000,1.000000,0.700000,0.100000,0.000000,1.259185
602,0.007948,-1.730842,-3.256774,1.265977,0.027671,-1.799266,0.520000,1.000000,0.760000,-1.000000,0.100000,1.265977
603,-0.004660,-1.729662,-3.274767,1.194992,0.051670,-1.538793,0.500000,1.000000,0.840000,0.100000,0.400000,1.194992
604,-0.016572,-1.728588,-3.290155,1.197894,0.074791,-1.081245,0.480000,1.000000,0.900000,0.100000,0.500000,1.197894
605,-0.028530,-1.727554,-3.300967,1.199795,0.092393,-0.610007,0.460000,1.000000,0.960000,0.100000,0.600000,1.199795
606,-0.040523,-1.726562,-3.307067,1.200976,0.104191,-0.141998,0.460000,1.000000,0.960000,0.100000,0.600000,1.200976
607,-0.052540,-1.725612,-3.308487,1.202629,0.110383,0.318159,0.460000,1.000000,0.940000,0.100000,0.600000,1.202629
608,-0.064582,-1.724703,-3.305305,1.204826,0.111199,0.764590,0.460000,1.000000,0.940000,0.100000,0.600000,1.204826
609,-0.076651,-1.723836,-3.297660,1.207556,0.106932,1.191667,0.460000,1.000000,0.920000,0.100000,0.500000,1.207556
610,-0.088746,-1.723015,-3.285743,1.211837,0.097749,1.585823,0.480000,1.000000,0.900000,0.100000,0.500000,1.211837
611,-0.100879,-1.722242,-3.269885,1.216399,0.084332,1.950061,0.480000,1.000000,0.840000,0.100000,0.400000,1.216399
612,-0.113051,-1.721522,-3.250384,1.222228,0.066411,2.249454,0.500000,1.000000,0.780000,0.100000,0.200000,1.222228
613,-0.125273,-1.720855,-3.227890,1.230041,0.041867,2.355578,0.520000,1.000000,0.720000,0.100000,0.100000,1.230041
614,-0.137564,-1.720212,-3.204334,1.237865,0.014214,2.321355,0.560000,1.000000,0.660000,0.100000,0.000000,1.237865
615,-0.149927,-1.719578,-3.181120,1.245064,-0.014834,2.152996,0.580000,1.000000,0.620000,0.100000,-0.100000,1.245064
616,-0.162362,-1.718938,-3.159590,1.251212,-0.043340,1.871409,0.600000,1.000000,0.580000,0.100000,-0.200000,1.251212
617,-0.174864,-1.718279,-3.140876,1.256155,-0.069504,1.503397,0.640000,1.000000,0.560000,0.100000,-0.200000,1.256155
618,-0.187426,-1.717593,-3.125842,1.260986,-0.090218,1.146020,0.660000,1.000000,0.540000,0.100000,-0.300000,1.260986
619,-0.200049,-1.716890,-3.114382,1.264913,-0.107581,0.725084,0.680000,1.000000,0.520000,-1.000000,-0.300000,1.264913
620,-0.212722,-1.716158,-3.107131,1.192212,-0.119212,0.317374,0.700000,1.000000,0.500000,0.100000,-0.400000,1.192212
621,-0.224679,-1.715378,-3.103957,1.195897,-0.126216,-0.134823,0.700000,1.000000,0.500000,0.100000,-0.400000,1.195897
622,-0.236677,-1.714566,-3.105306,1.200217,-0.127807,-0.568962,0.700000,1.000000,0.520000,0.100000,-0.300000,1.200217
623,-0.248717,-1.713725,-3.110995,1.206342,-0.122818,-0.916387,0.680000,1.000000,0.520000,0.100000,-0.300000,1.206342
624,-0.260813,-1.712866,-3.120159,1.212889,-0.113945,-1.240292,0.660000,1.000000,0.540000,0.100000,-0.300000,1.212889
625,-0.272963,-1.711987,-3.132562,1.219720,-0.101600,-1.539453,0.640000,1.000000,0.560000,0.100000,-0.200000,1.219720
626,-0.285169,-1.711081,-3.147957,1.227672,-0.083809,-1.710399,0.620000,1.000000,0.580000,0.100000,-0.200000,1.227672
627,-0.297440,-1.710165,-3.165061,1.235428,-0.064755,-1.863076,0.580000,1.000000,0.600000,0.100000,-0.200000,1.235428
628,-0.309776,-1.709228,-3.183691,1.242888,-0.044690,-1.997637,0.560000,1.000000,0.640000,0.100000,-0.100000,1.242888
629,-0.322175,-1.708258,-3.203668,1.250594,-0.020989,-1.992465,0.520000,1.000000,0.700000,0.100000,0.000000,1.250594
630,-0.334644,-1.707273,-3.223592,1.257879,0.004637,-1.851124,0.500000,1.000000,0.720000,0.100000,0.100000,1.257879
631,-0.347184,-1.706289,-3.242104,1.264256,0.030171,-1.594500,0.480000,1.000000,0.720000,-1.000000,0.100000,1.264256
632,-0.359793,-1.705320,-3.258049,1.193305,0.051475,-1.346556,0.460000,1.000000,0.700000,0.100000,0.000000,1.193305
633,-0.371705,-1.704445,-3.271514,1.199491,0.064590,-1.232303,0.460000,1.000000,0.720000,0.100000,0.100000,1.199491
634,-0.383683,-1.703531,-3.283837,1.205342,0.078816,-0.995494,0.440000,1.000000,0.780000,0.100000,0.200000,1.205342
635,-0.395726,-1.702603,-3.293792,1.210538,0.092238,-0.661166,0.440000,1.000000,0.820000,0.100000,0.400000,1.210538
636,-0.407831,-1.701679,-3.300404,1.213836,0.104224,-0.213258,0.420000,1.000000,0.840000,0.100000,0.400000,1.213836
637,-0.419982,-1.700789,-3.302536,1.217616,0.110645,0.221518,0.420000,1.000000,0.860000,0.100000,0.400000,1.217616
638,-0.432178,-1.699930,-3.300321,1.221939,0.111795,0.638877,0.420000,1.000000,0.860000,0.100000,0.400000,1.221939
639,-0.444420,-1.699102,-3.293932,1.226785,0.108023,1.035100,0.420000,1.000000,0.840000,0.100000,0.400000,1.226785
640,-0.456710,-1.698308,-3.283581,1.232067,0.099720,1.406835,0.440000,1.000000,0.800000,0.100000,0.200000,1.232067
641,-0.469048,-1.697552,-3.269513,1.239822,0.083482,1.587300,0.440000,1.000000,0.740000,0.100000,0.100000,1.239822
642,-0.481451,-1.696798,-3.253640,1.248029,0.062821,1.623524,0.460000,1.000000,0.700000,0.100000,0.000000,1.248029
643,-0.493923,-1.696027,-3.237405,1.255916,0.039657,1.522604,0.460000,1.000000,0.660000,0.100000,0.000000,1.255916
644,-0.506463,-1.695220,-3.222179,1.263385,0.018790,1.421600,0.480000,1.000000,0.620000,-1.000000,-0.100000,1.263385
645,-0.519071,-1.694390,-3.207963,1.193093,-0.002624,1.204417,0.500000,1.000000,0.600000,0.100000,-0.200000,1.193093
646,-0.530974,-1.693573,-3.195919,1.198757,-0.021623,0.896252,0.500000,1.000000,0.580000,0.100000,-0.200000,1.198757
647,-0.542932,-1.692706,-3.186956,1.204349,-0.036311,0.595588,0.520000,1.000000,0.560000,0.100000,-0.200000,1.204349
648,-0.554947,-1.691797,-3.181000,1.209998,-0.046902,0.306104,0.520000,1.000000,0.560000,0.100000,-0.200000,1.209998
649,-0.567019,-1.690852,-3.177939,1.215788,-0.053661,0.030260,0.520000,1.000000,0.560000,0.100000,-0.200000,1.215788
650,-0.579149,-1.689874,-3.177637,1.221761,-0.056879,-0.230390,0.520000,0.980000,0.560000,0.100000,-0.200000,1.221761
651,-0.591338,-1.688865,-3.179940,1.227920,-0.056863,-0.474910,0.520000,0.980000,0.560000,0.100000,-0.200000,1.227920
652,-0.603587,-1.687826,-3.184690,1.234244,-0.053923,-0.702762,0.500000,0.960000,0.580000,0.100000,-0.200000,1.234244
653,-0.615894,-1.686756,-3.191717,1.240689,-0.048366,-0.913673,0.500000,0.960000,0.580000,0.100000,-0.200000,1.240689
654,-0.628261,-1.685651,-3.200854,1.247197,-0.040490,-1.107558,0.480000,0.940000,0.620000,0.100000,-0.100000,1.247197
655,-0.640688,-1.684508,-3.211929,1.254384,-0.027852,-1.167710,0.480000,0.940000,0.640000,0.100000,-0.100000,1.254384
656,-0.653181,-1.683349,-3.223607,1.261419,-0.015050,-1.219999,0.460000,0.980000,0.660000,0.100000,0.000000,1.261419
657,-0.665740,-1.682165,-3.235807,1.268466,0.000889,-1.134086,0.440000,0.960000,0.700000,-1.000000,0.000000,1.268466
658,-0.678370,-1.680981,-3.247147,1.198319,0.015028,-1.050691,0.440000,0.960000,0.720000,0.100000,0.100000,1.198319
659,-0.690302,-1.679868,-3.257654,1.204705,0.029542,-0.840156,0.420000,0.940000,0.720000,0.100000,0.100000,1.204705
660,-0.702302,-1.678766,-3.266056,1.211046,0.040918,-0.640052,0.420000,0.940000,0.700000,0.100000,0.000000,1.211046
661,-0.714370,-1.677669,-3.272456,1.217659,0.046375,-0.580720,0.400000,0.920000,0.700000,0.100000,0.000000,1.217659
662,-0.726503,-1.676540,-3.278264,1.224263,0.050890,-0.524956,0.400000,0.920000,0.680000,0.100000,0.000000,1.224263
663,-0.738700,-1.675376,-3.283513,1.230868,0.054550,-0.472647,0.400000,0.900000,0.680000,0.100000,0.000000,1.230868
664,-0.750963,-1.674175,-3.288240,1.237481,0.057436,-0.423665,0.380000,0.900000,0.700000,0.100000,0.000000,1.237481
665,-0.763288,-1.672935,-3.292476,1.244107,0.059623,-0.377880,0.380000,0.880000,0.720000,0.100000,0.100000,1.244107
666,-0.775678,-1.671654,-3.296255,1.250563,0.064241,-0.204280,0.380000,0.880000,0.720000,0.100000,0.100000,1.250563
667,-0.788133,-1.670363,-3.298298,1.257135,0.066526,-0.042071,0.380000,0.920000,0.720000,0.100000,0.100000,1.257135
668,-0.800654,-1.669058,-3.298719,1.263824,0.066715,0.109065,0.380000,0.860000,0.700000,-1.000000,0.000000,1.263824
669,-0.813241,-1.667739,-3.297628,1.193761,0.061963,0.118371,0.360000,0.840000,0.700000,0.100000,0.000000,1.193761
670,-0.825130,-1.666496,-3.296444,1.200713,0.057233,0.126261,0.360000,0.840000,0.680000,0.100000,0.000000,1.200713
671,-0.837082,-1.665210,-3.295182,1.207662,0.052668,0.132303,0.360000,0.820000,0.680000,0.100000,0.000000,1.207662
672,-0.849097,-1.663882,-3.293859,1.214607,0.048278,0.136668,0.360000,0.820000,0.660000,0.100000,0.000000,1.214607
673,-0.861176,-1.662517,-3.292492,1.221547,0.044071,0.139522,0.440000,0.820000,0.660000,0.100000,0.000000,1.221547
674,-0.873318,-1.661117,-3.291097,1.228481,0.040054,0.141026,0.440000,0.800000,0.640000,0.100000,-0.100000,1.228481
675,-0.885526,-1.659683,-3.289686,1.235015,0.033414,0.020826,0.440000,0.800000,0.640000,0.100000,-0.100000,1.235015
676,-0.897790,-1.658191,-3.289478,1.241519,0.028542,-0.094008,0.440000,0.780000,0.620000,0.100000,-0.100000,1.241519
677,-0.910112,-1.656644,-3.290418,1.248006,0.025304,-0.202975,0.440000,0.780000,0.620000,0.100000,-0.100000,1.248006
678,-0.922492,-1.655044,-3.292448,1.254481,0.023566,-0.305760,0.900000,0.760000,0.600000,0.100000,-0.200000,1.254481
679,-0.934929,-1.653392,-3.295506,1.260150,0.020942,-0.498468,0.900000,0.760000,0.620000,0.100000,-0.100000,1.260150
680,-0.947414,-1.651667,-3.300490,1.266597,0.023097,-0.582631,0.880000,0.740000,0.640000,-1.000000,-0.100000,1.266597
681,-0.959957,-1.649891,-3.306317,1.196014,0.026232,-0.660395,0.880000,0.780000,0.660000,0.100000,0.000000,1.196014
682,-0.971798,-1.648188,-3.312921,1.202718,0.032587,-0.602100,0.860000,0.760000,0.640000,0.100000,-0.100000,1.202718
683,-0.983705,-1.646459,-3.318942,1.209066,0.035038,-0.672302,0.860000,0.760000,0.640000,0.100000,-0.100000,1.209066
684,-0.995668,-1.644671,-3.325665,1.215372,0.038246,-0.736901,0.860000,0.740000,0.620000,0.100000,-0.100000,1.215372
685,-1.007686,-1.642822,-3.333034,1.221628,0.042119,-0.796122,0.840000,0.740000,0.620000,0.100000,-0.100000,1.221628
686,-1.019759,-1.640911,-3.340995,1.227824,0.046572,-0.850215,0.840000,0.720000,0.600000,0.100000,-0.200000,1.227824
687,-1.031886,-1.638935,-3.349497,1.233151,0.049321,-0.993730,0.820000,0.720000,0.600000,0.100000,-0.200000,1.233151
688,-1.044054,-1.636873,-3.359434,1.238388,0.053725,-1.127376,0.820000,0.720000,0.580000,0.100000,-0.200000,1.238388
689,-1.056262,-1.634721,-3.370708,1.243507,0.059619,-1.251039,0.820000,0.700000,0.560000,0.100000,-0.200000,1.243507
690,-1.068507,-1.632477,-3.383218,1.248478,0.066841,-1.364797,0.820000,0.700000,0.560000,0.100000,-0.200000,1.248478
691,-1.080789,-1.630139,-3.396866,1.253269,0.075239,-1.468885,0.800000,0.680000,0.580000,0.100000,-0.200000,1.253269
692,-1.093106,-1.627702,-3.411555,1.257851,0.084671,-1.563669,0.800000,0.680000,0.580000,0.100000,-0.200000,1.257851
693,-1.105454,-1.625164,-3.427192,1.262194,0.095002,-1.649612,0.800000,0.680000,0.560000,0.100000,-0.200000,1.262194
694,-1.117833,-1.622519,-3.443688,1.266271,0.106113,-1.727251,0.800000,0.660000,0.560000,-1.000000,-0.200000,1.266271
695,-1.130238,-1.619765,-3.460961,1.193058,0.117894,-1.797168,0.800000,0.660000,0.540000,0.100000,-0.300000,1.193058
696,-1.141935,-1.617138,-3.478932,1.195516,0.127476,-1.900383,0.800000,0.660000,0.540000,0.100000,-0.300000,1.195516
697,-1.153638,-1.614384,-3.497936,1.197653,0.138054,-1.994745,0.800000,0.640000,0.520000,0.100000,-0.300000,1.197653
698,-1.165344,-1.611500,-3.517884,1.199439,0.149511,-2.080670,0.800000,0.640000,0.560000,0.100000,-0.200000,1.199439
699,-1.177049,-1.608483,-3.538690,1.201864,0.162752,-2.115400,0.800000,0.640000,0.540000,0.100000,-0.300000,1.201864
700,-1.188762,-1.605336,-3.559844,1.202911,0.175151,-2.187105,0.800000,0.640000,0.540000,0.100000,-0.300000,1.202911
701,-1.200465,-1.602051,-3.581715,1.203547,0.188159,-2.252082,0.800000,0.620000,0.540000,0.100000,-0.300000,1.203547
702,-1.212155,-1.598625,-3.604236,1.203753,0.201693,-2.310872,0.800000,0.620000,0.520000,0.100000,-0.300000,1.203753
703,-1.223828,-1.595057,-3.627345,1.203511,0.215678,-2.364016,0.820000,0.620000,0.520000,0.100000,-0.300000,1.203511
704,-1.235478,-1.591346,-3.650985,1.202807,0.230046,-2.412043,0.800000,0.620000,0.540000,0.100000,-0.300000,1.202807
705,-1.247100,-1.587489,-3.675105,1.201630,0.244735,-2.455462,0.780000,0.620000,0.540000,0.100000,-0.300000,1.201630
706,-1.258691,-1.583485,-3.699660,1.199968,0.259690,-2.494754,0.780000,0.620000,0.540000,0.100000,-0.300000,1.199968
707,-1.270246,-1.579334,-3.724608,1.197815,0.274859,-2.530368,0.780000,0.620000,0.520000,0.100000,-0.300000,1.197815
708,-1.281758,-1.575034,-3.749911,1.195163,0.290198,-2.562722,0.800000,0.620000,0.520000,0.100000,-0.300000,1.195163
709,-1.293224,-1.570585,-3.775538,1.192009,0.305666,-2.592198,0.820000,0.620000,0.520000,0.100000,-0.300000,1.192009
710,-1.304639,-1.565987,-3.801460,1.188347,0.321225,-2.619147,0.820000,0.620000,0.520000,0.100000,-0.300000,1.188347
711,-1.315997,-1.561240,-3.827652,1.184176,0.336842,-2.643886,0.840000,0.620000,0.500000,0.100000,-0.400000,1.184176
712,-1.327293,-1.556345,-3.854091,1.178497,0.352430,-2.669094,0.860000,0.620000,0.500000,0.100000,-0.400000,1.178497
713,-1.338515,-1.551308,-3.880782,1.172302,0.368041,-2.691554,0.900000,0.620000,0.500000,0.100000,-0.400000,1.172302
714,-1.349658,-1.546130,-3.907697,1.165595,0.383636,-2.711566,0.920000,0.620000,0.500000,0.100000,-0.400000,1.165595
715,-1.360718,-1.540813,-3.934813,1.158379,0.399176,-2.729404,0.960000,0.620000,0.480000,0.100000,-0.400000,1.158379
716,-1.371689,-1.535359,-3.962107,1.150658,0.414629,-2.745317,0.980000,0.620000,0.480000,0.100000,-0.400000,1.150658
717,-1.382567,-1.529769,-3.989560,1.142438,0.429964,-2.759531,1.000000,0.640000,0.480000,0.100000,-0.400000,1.142438
718,-1.393349,-1.524045,-4.017155,1.133727,0.445152,-2.772250,1.000000,0.640000,0.480000,0.100000,-0.400000,1.133727
719,-1.404030,-1.518191,-4.044878,1.124529,0.460166,-2.783656,1.000000,0.660000,0.480000,0.100000,-0.400000,1.124529
720,-1.414605,-1.512208,-4.072715,1.114855,0.474983,-2.793915,1.000000,0.660000,0.480000,0.100000,-0.400000,1.114855
721,-1.425071,-1.506099,-4.100654,1.104710,0.489579,-2.803175,1.000000,0.660000,0.480000,0.100000,-0.400000,1.104710
722,-1.435423,-1.499867,-4.128685,1.094105,0.503935,-2.811569,1.000000,0.640000,0.480000,0.100000,-0.400000,1.094105
723,-1.445658,-1.493514,-4.156801,1.083049,0.518030,-2.819215,1.000000,0.620000,0.480000,0.100000,-0.400000,1.083049
724,-1.455771,-1.487045,-4.184993,1.071550,0.531847,-2.826219,1.000000,0.640000,0.480000,0.100000,-0.400000,1.071550
725,-1.465760,-1.480462,-4.213255,1.059619,0.545368,-2.832677,1.000000,0.660000,0.480000,0.100000,-0.400000,1.059619
726,-1.475620,-1.473769,-4.241582,1.047265,0.558578,-2.838673,1.000000,0.680000,0.480000,0.100000,-0.400000,1.047265
727,-1.485349,-1.466970,-4.269969,1.034498,0.571462,-2.844283,1.000000,0.700000,0.480000,0.100000,-0.400000,1.034498
728,-1.494942,-1.460068,-4.298412,1.021330,0.584006,-2.849575,1.000000,0.720000,0.480000,0.100000,-0.400000,1.021330
729,-1.504397,-1.453066,-4.326908,1.007770,0.596197,-2.854609,1.000000,0.740000,0.480000,0.100000,-0.400000,1.007770
730,-1.513711,-1.445970,-4.355454,0.993829,0.608023,-2.859440,1.000000,0.780000,0.480000,0.100000,-0.400000,0.993829
731,-1.522881,-1.438782,-4.384048,0.979519,0.619471,-2.864113,1.000000,0.820000,0.500000,0.100000,-0.400000,0.979519
732,-1.531903,-1.431508,-4.412689,0.964849,0.630531,-2.868674,1.000000,0.880000,0.500000,0.100000,-0.400000,0.964849
733,-1.540776,-1.424151,-4.441376,0.949832,0.641193,-2.873158,1.000000,0.940000,0.500000,0.100000,-0.400000,0.949832
734,-1.549497,-1.416716,-4.470107,0.934478,0.651446,-2.877601,1.000000,1.000000,0.520000,0.200000,-0.300000,0.934478
735,-1.558063,-1.409207,-4.498883,0.926754,0.661024,-2.893031,1.000000,1.000000,0.520000,0.200000,-0.300000,0.926754
736,-1.566487,-1.401551,-4.527814,0.918651,0.670505,-2.908650,1.000000,1.000000,0.520000,0.200000,-0.300000,0.918651
737,-1.574764,-1.393751,-4.556900,0.910167,0.679881,-2.924466,1.000000,1.000000,0.500000,0.200000,-0.400000,0.910167
738,-1.582890,-1.385812,-4.586145,0.900347,0.689408,-2.928956,0.860000,1.000000,0.500000,0.200000,-0.400000,0.900347
739,-1.590863,-1.377748,-4.615435,0.890216,0.698677,-2.933501,0.620000,1.000000,0.500000,0.200000,-0.400000,0.890216
740,-1.598678,-1.369564,-4.644770,0.879781,0.707681,-2.938113,0.580000,1.000000,0.500000,0.200000,-0.400000,0.879781
741,-1.606334,-1.361264,-4.674151,0.869048,0.716410,-2.942801,0.540000,1.000000,0.520000,0.200000,-0.300000,0.869048
742,-1.613825,-1.352854,-4.703579,0.858976,0.724571,-2.959763,0.520000,1.000000,0.540000,0.200000,-0.300000,0.858976
743,-1.621146,-1.344329,-4.733176,0.848541,0.732571,-2.976938,0.500000,1.000000,0.580000,0.200000,-0.200000,0.848541
744,-1.628294,-1.335693,-4.762946,0.838719,0.740236,-3.001273,0.480000,1.000000,0.620000,0.200000,-0.100000,0.838719
745,-1.635263,-1.326942,-4.792958,0.829473,0.747779,-3.026862,0.460000,1.000000,0.660000,0.200000,0.000000,0.829473
746,-1.642049,-1.318073,-4.823227,0.820780,0.755383,-3.046949,0.440000,1.000000,0.720000,0.200000,0.100000,0.820780
747,-1.648648,-1.309080,-4.853697,0.812632,0.763200,-3.053629,0.440000,1.000000,0.800000,0.200000,0.200000,0.812632
748,-1.655060,-1.299959,-4.884233,0.805031,0.771357,-3.037408,0.420000,1.000000,0.900000,0.200000,0.500000,0.805031
749,-1.661283,-1.290709,-4.914607,0.798183,0.783014,-2.855948,0.400000,1.000000,0.900000,0.200000,0.500000,0.798183
750,-1.667350,-1.281317,-4.943166,0.792557,0.792731,-2.686548,0.400000,1.000000,0.900000,0.200000,0.500000,0.792557
751,-1.673255,-1.271788,-4.970032,0.788120,0.800720,-2.526759,0.400000,1.000000,1.000000,0.200000,0.700000,0.788120
752,-1.678989,-1.262127,-4.995299,0.782735,0.811595,-2.184561,0.380000,1.000000,1.000000,0.200000,0.700000,0.782735
753,-1.684598,-1.252345,-5.017145,0.780191,0.819254,-1.859525,0.380000,1.000000,1.000000,0.200000,0.700000,0.780191
754,-1.690072,-1.242444,-5.035740,0.780387,0.824032,-1.546898,0.380000,1.000000,1.000000,0.200000,0.700000,0.780387
755,-1.695405,-1.232427,-5.051209,0.783235,0.826178,-1.242618,0.380000,0.960000,1.000000,0.200000,0.700000,0.783235
756,-1.700594,-1.222294,-5.063635,0.788658,0.825873,-0.943165,0.380000,0.820000,1.000000,0.200000,0.700000,0.788658
757,-1.705635,-1.212047,-5.073067,0.796591,0.823234,-0.645419,0.380000,0.820000,1.000000,0.200000,0.700000,0.796591
758,-1.710527,-1.201688,-5.079521,0.806975,0.818327,-0.346541,0.380000,0.920000,1.000000,0.200000,0.700000,0.806975
759,-1.715268,-1.191219,-5.082987,0.819760,0.811166,-0.043875,0.400000,0.920000,1.000000,0.200000,0.700000,0.819760
760,-1.719860,-1.180640,-5.083425,0.834896,0.801721,0.265121,0.400000,0.940000,1.000000,0.200000,0.700000,0.834896
761,-1.724304,-1.169952,-5.080774,0.852333,0.789918,0.582927,0.400000,0.960000,1.000000,0.200000,0.700000,0.852333
762,-1.728604,-1.159156,-5.074945,0.872020,0.775636,0.911985,0.420000,0.980000,1.000000,0.200000,0.700000,0.872020
763,-1.732764,-1.148252,-5.065825,0.893895,0.758710,1.254692,0.420000,1.000000,1.000000,0.200000,0.700000,0.893895
764,-1.736788,-1.137240,-5.053278,0.917884,0.738926,1.613366,0.440000,1.000000,1.000000,0.200000,0.700000,0.917884
765,-1.740683,-1.126118,-5.037145,0.943893,0.716020,1.990165,0.440000,1.000000,0.960000,0.200000,0.600000,0.943893
766,-1.744457,-1.114888,-5.017243,0.973543,0.687202,2.281123,0.460000,1.000000,0.940000,0.100000,0.600000,0.973543
767,-1.748090,-1.103539,-4.994432,0.997151,0.655690,2.598554,0.480000,1.000000,0.740000,0.100000,0.100000,0.997151
768,-1.751613,-1.092137,-4.968446,1.022010,0.613004,2.590093,0.580000,1.000000,0.720000,0.100000,0.100000,1.022010
769,-1.754955,-1.080697,-4.942545,1.045683,0.570057,2.585507,0.600000,1.000000,0.660000,0.100000,0.000000,1.045683
770,-1.758120,-1.069216,-4.916690,1.067328,0.526341,2.560248,0.640000,1.000000,0.520000,0.100000,-0.300000,1.067328
771,-1.761108,-1.057696,-4.891088,1.084816,0.482316,2.518382,0.660000,1.000000,0.420000,0.100000,-0.500000,1.084816
772,-1.763926,-1.046164,-4.865904,1.099103,0.439151,2.493013,0.700000,1.000000,0.360000,0.100000,-0.600000,1.099103
773,-1.766585,-1.034630,-4.840974,1.111325,0.396677,2.475123,0.820000,1.000000,0.320000,0.100000,-0.600000,1.111325
774,-1.769094,-1.023100,-4.816222,1.122425,0.354464,2.440691,0.860000,1.000000,0.280000,0.100000,-0.700000,1.122425
775,-1.771457,-1.011569,-4.791816,1.131547,0.313382,2.409626,0.920000,1.000000,0.240000,0.100000,-0.700000,1.131547
776,-1.773683,-1.000041,-4.767719,1.139576,0.272974,2.353055,1.000000,1.000000,0.220000,0.100000,-0.800000,1.139576
777,-1.775778,-0.988511,-4.744189,1.145730,0.234308,2.294109,1.000000,1.000000,0.200000,0.100000,-0.800000,1.145730
778,-1.777756,-0.976985,-4.721248,1.150843,0.196893,2.200881,1.000000,0.840000,0.180000,0.100000,-0.900000,1.150843
779,-1.779623,-0.965460,-4.699239,1.154239,0.161937,2.101642,1.000000,0.820000,0.160000,0.100000,-0.900000,1.154239
780,-1.781394,-0.953940,-4.678222,1.156711,0.128850,1.964156,1.000000,0.620000,0.160000,0.100000,-0.900000,1.156711
781,-1.783076,-0.942423,-4.658581,1.158320,0.098079,1.789417,1.000000,0.600000,0.140000,0.100000,-0.900000,1.158320
782,-1.784679,-0.930910,-4.640687,1.159162,0.070019,1.580447,1.000000,0.600000,0.140000,0.100000,-0.900000,1.159162
783,-1.786208,-0.919398,-4.624882,1.159367,0.044993,1.341801,1.000000,0.580000,0.140000,0.100000,-0.900000,1.159367
784,-1.787669,-0.907888,-4.611464,1.159081,0.023246,1.078950,1.000000,0.500000,0.120000,0.100000,-1.000000,1.159081
785,-1.789068,-0.896380,-4.600675,1.157834,0.005722,0.830964,1.000000,0.440000,0.120000,0.100000,-1.000000,1.157834
786,-1.790416,-0.884880,-4.592365,1.156391,-0.008637,0.569794,1.000000,0.400000,0.120000,0.100000,-1.000000,1.156391
787,-1.791715,-0.873389,-4.586667,1.154860,-0.019790,0.300606,1.000000,0.380000,0.120000,0.100000,-1.000000,1.154860
788,-1.792966,-0.861907,-4.583661,1.153326,-0.027753,0.028335,1.000000,0.360000,0.100000,0.100000,-1.000000,1.153326
789,-1.794172,-0.850433,-4.583378,1.151851,-0.032596,-0.242356,1.000000,0.360000,0.100000,0.100000,-1.000000,1.151851
790,-1.795330,-0.838968,-4.585801,1.150468,-0.034436,-0.507097,1.000000,0.360000,0.100000,0.100000,-1.000000,1.150468
791,-1.796441,-0.827512,-4.590872,1.149185,-0.033434,-0.761843,1.000000,0.360000,0.100000,0.100000,-1.000000,1.149185
792,-1.797502,-0.816065,-4.598491,1.147986,-0.029788,-1.002928,1.000000,0.380000,0.100000,0.100000,-1.000000,1.147986
793,-1.798511,-0.804625,-4.608520,1.146833,-0.023727,-1.227142,1.000000,0.400000,0.100000,0.100000,-1.000000,1.146833
794,-1.799464,-0.793194,-4.620791,1.145673,-0.015509,-1.431824,1.000000,0.460000,0.100000,0.100000,-1.000000,1.145673
795,-1.800358,-0.781771,-4.635110,1.144443,-0.005403,-1.614947,1.000000,0.480000,0.100000,0.100000,-1.000000,1.144443
796,-1.801187,-0.770357,-4.651259,1.143075,0.006307,-1.775183,1.000000,0.460000,0.100000,0.100000,-1.000000,1.143075
797,-1.801949,-0.758951,-4.669011,1.141506,0.019340,-1.911911,1.000000,0.460000,0.120000,0.100000,-1.000000,1.141506
798,-1.802637,-0.747555,-4.688130,1.139675,0.033419,-2.025188,1.000000,0.440000,0.120000,0.100000,-1.000000,1.139675
799,-1.803247,-0.736170,-4.708382,1.137533,0.048280,-2.115654,1.000000,0.440000,0.120000,0.100000,-1.000000,1.137533
800,-1.803776,-0.724797,-4.729538,1.135041,0.063674,-2.184411,1.000000,0.620000,0.120000,0.100000,-1.000000,1.135041
801,-1.804218,-0.713437,-4.751383,1.132175,0.079373,-2.232893,1.000000,0.620000,0.140000,0.100000,-0.900000,1.132175
802,-1.804570,-0.702093,-4.773711,1.129551,0.094399,-2.295646,1.000000,0.620000,0.140000,0.100000,-0.900000,1.129551
803,-1.804820,-0.690761,-4.796668,1.126525,0.109714,-2.341365,1.000000,1.000000,0.140000,0.100000,-0.900000,1.126525
804,-1.804964,-0.679443,-4.820082,1.123091,0.125145,-2.371498,1.000000,1.000000,0.160000,0.100000,-0.900000,1.123091
805,-1.805002,-0.668143,-4.843797,1.119252,0.140533,-2.387514,0.980000,1.000000,0.180000,0.100000,-0.900000,1.119252
806,-1.804928,-0.656863,-4.867672,1.115019,0.155738,-2.390848,0.920000,1.000000,0.200000,0.100000,-0.800000,1.115019
807,-1.804742,-0.645606,-4.891580,1.111120,0.169944,-2.412527,0.900000,1.000000,0.220000,0.100000,-0.800000,1.111120
808,-1.804434,-0.634370,-4.915705,1.106838,0.184077,-2.424203,0.860000,1.000000,0.260000,0.100000,-0.700000,1.106838
809,-1.804002,-0.623158,-4.939947,1.102977,0.197444,-2.452190,0.820000,1.000000,0.320000,0.100000,-0.600000,1.102977
810,-1.803437,-0.611967,-4.964469,1.099596,0.210381,-2.491970,0.800000,1.000000,0.340000,0.100000,-0.600000,1.099596
811,-1.802732,-0.600794,-4.989389,1.095803,0.223497,-2.524819,0.760000,1.000000,0.340000,0.100000,-0.600000,1.095803
812,-1.801885,-0.589642,-5.014637,1.091598,0.236716,-2.551319,0.680000,1.000000,0.320000,0.100000,-0.600000,1.091598
813,-1.800896,-0.578516,-5.040150,1.086986,0.249968,-2.572030,0.640000,1.000000,0.320000,0.100000,-0.600000,1.086986
814,-1.799763,-0.567420,-5.065871,1.081974,0.263188,-2.587477,0.620000,1.000000,0.500000,0.100000,-0.400000,1.081974
815,-1.798487,-0.556359,-5.091746,1.078469,0.275845,-2.618446,0.600000,1.000000,0.500000,0.100000,-0.400000,1.078469
816,-1.797055,-0.545319,-5.117930,1.074536,0.288609,-2.646221,0.600000,1.000000,0.480000,0.100000,-0.400000,1.074536
817,-1.795468,-0.534307,-5.144392,1.070173,0.301439,-2.671111,0.580000,1.000000,1.000000,0.100000,0.700000,1.070173
818,-1.793725,-0.523326,-5.171103,1.063310,0.329697,-2.034844,0.560000,1.000000,1.000000,0.100000,0.700000,1.063310
819,-1.791973,-0.512332,-5.191452,1.057959,0.350755,-1.404710,0.540000,0.960000,1.000000,0.100000,0.700000,1.057959
820,-1.790209,-0.501327,-5.205499,1.054562,0.364824,-0.782655,0.540000,0.920000,1.000000,0.100000,0.700000,1.054562
821,-1.788430,-0.490311,-5.213325,1.053395,0.372123,-0.169934,0.540000,0.900000,1.000000,0.100000,0.700000,1.053395
822,-1.786635,-0.479284,-5.215025,1.054587,0.372866,0.432649,0.520000,0.900000,1.000000,0.100000,0.700000,1.054587
823,-1.784823,-0.468246,-5.210698,1.058126,0.367253,1.024393,0.520000,0.900000,1.000000,0.100000,0.700000,1.058126
824,-1.782991,-0.457196,-5.200454,1.063873,0.355471,1.604208,0.540000,0.920000,1.000000,0.100000,0.700000,1.063873
825,-1.781142,-0.446133,-5.184412,1.071578,0.337712,2.169984,0.540000,0.940000,1.000000,0.100000,0.700000,1.071578
826,-1.779278,-0.435053,-5.162712,1.080881,0.314193,2.717807,0.540000,0.980000,1.000000,0.100000,0.700000,1.080881
827,-1.777402,-0.423955,-5.135534,1.091330,0.285198,3.241097,0.560000,1.000000,1.000000,0.100000,0.700000,1.091330
828,-1.775521,-0.412833,-5.103123,1.102384,0.251131,3.729937,0.640000,1.000000,0.380000,0.100000,-0.600000,1.102384
829,-1.773644,-0.401683,-5.065824,1.113065,0.198219,3.557855,0.660000,1.000000,0.380000,0.100000,-0.600000,1.113065
830,-1.771651,-0.390555,-5.030245,1.121455,0.148100,3.327071,0.680000,1.000000,0.360000,0.100000,-0.600000,1.121455
831,-1.769553,-0.379439,-4.996975,1.127749,0.101551,3.038080,0.720000,1.000000,0.360000,0.100000,-0.600000,1.127749
832,-1.767362,-0.368330,-4.966594,1.132238,0.059229,2.696917,0.740000,1.000000,0.280000,0.100000,-0.700000,1.132238
833,-1.765088,-0.357222,-4.939625,1.134417,0.022099,2.332953,0.760000,1.000000,0.240000,0.100000,-0.700000,1.134417
834,-1.762747,-0.346120,-4.916295,1.135549,-0.010185,1.935113,0.800000,1.000000,0.220000,0.100000,-0.800000,1.135549
835,-1.760348,-0.335021,-4.896944,1.135200,-0.036831,1.537152,0.820000,1.000000,0.200000,0.100000,-0.800000,1.135200
836,-1.757903,-0.323929,-4.881573,1.134511,-0.058558,1.122532,0.840000,1.000000,0.200000,0.100000,-0.800000,1.134511
837,-1.755415,-0.312844,-4.870347,1.133761,-0.075329,0.698759,0.840000,1.000000,0.200000,0.100000,-0.800000,1.133761
838,-1.752888,-0.301766,-4.863360,1.133170,-0.087185,0.272585,0.840000,1.000000,0.200000,0.100000,-0.800000,1.133170
839,-1.750322,-0.290695,-4.860634,1.132895,-0.094237,-0.149759,0.840000,1.000000,0.200000,0.100000,-0.800000,1.132895
840,-1.747717,-0.279629,-4.862131,1.133022,-0.096662,-0.562368,0.840000,1.000000,0.220000,0.100000,-0.800000,1.133022
841,-1.745070,-0.268570,-4.867755,1.133569,-0.094695,-0.959527,0.820000,1.000000,0.240000,0.100000,-0.700000,1.133569
842,-1.742381,-0.257517,-4.877350,1.135374,-0.089072,-1.354566,0.820000,1.000000,0.260000,0.100000,-0.700000,1.135374
843,-1.739638,-0.246464,-4.890896,1.137487,-0.079473,-1.722808,0.780000,1.000000,0.260000,0.100000,-0.700000,1.137487
844,-1.736836,-0.235411,-4.908124,1.139764,-0.066299,-2.059592,0.760000,1.000000,0.240000,0.100000,-0.700000,1.139764
845,-1.733969,-0.224360,-4.928720,1.142030,-0.049985,-2.361257,0.740000,1.000000,0.240000,0.100000,-0.700000,1.142030
846,-1.731029,-0.213313,-4.952333,1.144095,-0.030981,-2.625533,0.700000,1.000000,0.220000,0.100000,-0.800000,1.144095
847,-1.728009,-0.202274,-4.978588,1.144901,-0.009277,-2.832232,0.680000,1.000000,0.220000,0.100000,-0.800000,1.144901
848,-1.724908,-0.191252,-5.006910,1.145137,0.014009,-3.001465,0.640000,1.000000,0.380000,0.100000,-0.600000,1.145137
849,-1.721718,-0.180253,-5.036925,1.146476,0.037720,-3.168138,0.620000,1.000000,0.880000,0.100000,0.500000,1.146476
850,-1.718420,-0.169267,-5.068606,1.147792,0.078217,-2.638631,0.580000,1.000000,0.860000,0.100000,0.400000,1.147792
851,-1.715150,-0.158237,-5.094993,1.149420,0.111746,-2.105295,0.560000,1.000000,1.000000,0.100000,0.700000,1.149420
852,-1.711896,-0.147156,-5.116046,1.147837,0.138590,-1.569958,0.560000,0.960000,1.000000,0.100000,0.700000,1.147837
853,-1.708662,-0.136056,-5.131745,1.146498,0.159006,-1.029690,0.540000,0.920000,1.000000,0.100000,0.700000,1.146498
854,-1.705446,-0.124937,-5.142042,1.145764,0.173078,-0.490379,0.520000,0.880000,1.000000,0.100000,0.700000,1.145764
855,-1.702246,-0.113800,-5.146946,1.145881,0.180954,0.042688,0.520000,0.860000,1.000000,0.100000,0.700000,1.145881
856,-1.699063,-0.102644,-5.146519,1.146978,0.182836,0.564389,0.520000,0.860000,1.000000,0.100000,0.700000,1.146978
857,-1.695898,-0.091469,-5.140875,1.149071,0.178984,1.069390,0.520000,0.860000,1.000000,0.100000,0.700000,1.149071
858,-1.692752,-0.080274,-5.130181,1.152072,0.169719,1.551856,0.520000,0.880000,1.000000,0.100000,0.700000,1.152072
859,-1.689628,-0.069055,-5.114663,1.155804,0.155435,2.005338,0.520000,0.900000,1.000000,0.100000,0.700000,1.155804
860,-1.686533,-0.057811,-5.094609,1.160014,0.136599,2.422979,0.540000,0.940000,1.000000,0.100000,0.700000,1.160014
861,-1.683474,-0.046539,-5.070379,1.164395,0.113750,2.798160,0.540000,1.000000,1.000000,0.100000,0.700000,1.164395
862,-1.680460,-0.035235,-5.042398,1.168617,0.087480,3.125533,0.560000,1.000000,0.840000,0.100000,0.400000,1.168617
863,-1.677500,-0.023895,-5.011142,1.175767,0.057251,3.352921,0.580000,1.000000,0.760000,0.100000,0.100000,1.175767
864,-1.674587,-0.012490,-4.977613,1.184663,0.018418,3.238030,0.600000,1.000000,0.740000,0.100000,0.100000,1.184663
865,-1.671659,-0.001009,-4.945233,1.192122,-0.017314,3.125595,0.620000,1.000000,0.560000,0.100000,-0.200000,1.192122
866,-1.668740,0.010550,-4.913977,1.197159,-0.057766,2.693985,0.660000,1.000000,0.460000,0.100000,-0.400000,1.197159
867,-1.665777,0.022164,-4.887037,1.199225,-0.093919,2.179815,0.680000,1.000000,0.400000,0.100000,-0.500000,1.199225
868,-1.662768,0.033810,-4.865239,1.199856,-0.123563,1.647448,0.700000,1.000000,0.360000,0.100000,-0.600000,1.199856
869,-1.659720,0.045481,-4.848765,1.199567,-0.146415,1.111959,0.720000,1.000000,0.360000,0.100000,-0.600000,1.199567
870,-1.656639,0.057166,-4.837645,1.199773,-0.162616,0.577232,0.720000,1.000000,0.340000,0.100000,-0.600000,1.199773
871,-1.653527,0.068867,-4.831873,1.200750,-0.172311,0.048944,0.720000,1.000000,0.340000,0.100000,-0.600000,1.200750
872,-1.650384,0.080583,-4.831383,1.202653,-0.175711,-0.467726,0.720000,1.000000,0.360000,0.100000,-0.600000,1.202653
873,-1.647212,0.092316,-4.836060,1.205518,-0.173087,-0.967688,0.700000,1.000000,0.380000,0.100000,-0.600000,1.205518
874,-1.644007,0.104066,-4.845737,1.209273,-0.164773,-1.445608,0.680000,1.000000,0.400000,0.100000,-0.500000,1.209273
875,-1.640766,0.115832,-4.860193,1.214927,-0.150777,-1.878983,0.660000,1.000000,0.440000,0.100000,-0.500000,1.214927
876,-1.637486,0.127627,-4.878983,1.221021,-0.132153,-2.279188,0.640000,1.000000,0.500000,0.100000,-0.400000,1.221021
877,-1.634158,0.139449,-4.901775,1.228503,-0.108434,-2.598761,0.600000,1.000000,0.600000,0.100000,-0.200000,1.228503
878,-1.630780,0.151310,-4.927763,1.237878,-0.077428,-2.695741,0.580000,1.000000,0.620000,0.100000,-0.100000,1.237878
879,-1.627378,0.163237,-4.954720,1.246912,-0.043606,-2.647235,0.560000,1.000000,0.600000,0.100000,-0.200000,1.246912
880,-1.623963,0.175237,-4.981192,1.254319,-0.014820,-2.718972,0.520000,1.000000,0.760000,0.100000,0.100000,1.254319
881,-1.620489,0.187291,-5.008382,1.261101,0.022139,-2.414565,0.500000,1.000000,1.000000,0.100000,0.700000,1.261101
882,-1.617022,0.199418,-5.032528,1.261200,0.057344,-1.969594,0.480000,1.000000,1.000000,0.100000,0.700000,1.261200
883,-1.613597,0.211570,-5.052224,1.260752,0.086411,-1.504035,0.460000,1.000000,1.000000,0.100000,0.700000,1.260752
884,-1.610210,0.223744,-5.067264,1.260183,0.109239,-1.026338,0.460000,0.960000,1.000000,0.100000,0.700000,1.260183
885,-1.606855,0.235940,-5.077527,1.259841,0.125830,-0.543798,0.440000,0.920000,1.000000,0.100000,0.700000,1.259841
886,-1.603532,0.248157,-5.082965,1.259984,0.136268,-0.062892,0.440000,0.900000,1.000000,0.100000,0.700000,1.259984
887,-1.600239,0.260396,-5.083594,1.260765,0.140714,0.410363,0.440000,0.900000,1.000000,0.100000,0.700000,1.260765
888,-1.596977,0.272655,-5.079491,1.262242,0.139400,0.870109,0.440000,0.900000,1.000000,0.100000,0.700000,1.262242
889,-1.593748,0.284937,-5.070790,1.264376,0.132625,1.310447,0.440000,0.900000,1.000000,-1.000000,0.700000,1.264376
890,-1.590555,0.297242,-5.057685,1.190046,0.120760,1.725388,0.440000,1.000000,1.000000,0.100000,0.700000,1.190046
891,-1.587663,0.308849,-5.040431,1.193099,0.105445,2.113047,0.440000,1.000000,1.000000,0.100000,0.700000,1.193099
892,-1.584817,0.320483,-5.019301,1.196286,0.086243,2.463192,0.440000,1.000000,1.000000,0.100000,0.700000,1.196286
893,-1.582025,0.332148,-4.994669,1.199349,0.063686,2.771682,0.460000,1.000000,0.940000,0.100000,0.600000,1.199349
894,-1.579296,0.343844,-4.966952,1.203025,0.038493,3.043680,0.480000,1.000000,0.940000,0.100000,0.600000,1.203025
895,-1.576639,0.355584,-4.936515,1.206061,0.010933,3.272834,0.500000,1.000000,0.800000,0.100000,0.200000,1.206061
896,-1.574065,0.367367,-4.903787,1.212633,-0.022639,3.284257,0.520000,1.000000,0.660000,0.100000,0.000000,1.212633
897,-1.571536,0.379229,-4.870944,1.218764,-0.060876,3.039540,0.540000,1.000000,0.560000,0.100000,-0.200000,1.218764
898,-1.569011,0.391167,-4.840549,1.222621,-0.099629,2.597126,0.560000,1.000000,0.480000,0.100000,-0.400000,1.222621
899,-1.566460,0.403166,-4.814578,1.223775,-0.134301,2.062089,0.680000,1.000000,0.440000,0.100000,-0.500000,1.223775
900,-1.563875,0.415203,-4.793957,1.223790,-0.162243,1.509526,0.700000,1.000000,0.420000,0.100000,-0.500000,1.223790
901,-1.561261,0.427268,-4.778862,1.224258,-0.183019,0.959696,0.720000,1.000000,0.400000,0.100000,-0.500000,1.224258
902,-1.558622,0.439362,-4.769265,1.225548,-0.196796,0.417986,0.740000,1.000000,0.400000,0.100000,-0.500000,1.225548
903,-1.555960,0.451486,-4.765085,1.227887,-0.203803,-0.111317,0.740000,1.000000,0.400000,0.100000,-0.500000,1.227887
904,-1.553279,0.463640,-4.766198,1.231370,-0.204325,-0.624519,0.740000,1.000000,0.420000,0.100000,-0.500000,1.231370
905,-1.550576,0.475826,-4.772443,1.235969,-0.198696,-1.118025,0.720000,1.000000,0.420000,0.100000,-0.500000,1.235969
906,-1.547851,0.488044,-4.783623,1.241549,-0.187297,-1.587887,0.700000,1.000000,0.460000,0.100000,-0.400000,1.241549
907,-1.545099,0.500295,-4.799502,1.249169,-0.169404,-1.979949,0.660000,1.000000,0.480000,0.100000,-0.400000,1.249169
908,-1.542324,0.512592,-4.819302,1.257121,-0.147319,-2.341790,0.640000,1.000000,0.540000,0.100000,-0.300000,1.257121
909,-1.539518,0.524934,-4.842720,1.266311,-0.119649,-2.588125,0.600000,1.000000,0.600000,-1.000000,-0.200000,1.266311
910,-1.536686,0.537334,-4.868601,1.198981,-0.087385,-2.694121,0.560000,1.000000,0.700000,0.100000,0.000000,1.198981
911,-1.533958,0.549042,-4.895542,1.208212,-0.051148,-2.521860,0.460000,1.000000,0.780000,0.100000,0.200000,1.208212
912,-1.531254,0.560829,-4.920761,1.214956,-0.014569,-2.177850,0.440000,1.000000,0.760000,0.100000,0.100000,1.214956
913,-1.528598,0.572686,-4.942539,1.221685,0.014907,-1.903529,0.420000,1.000000,0.820000,0.100000,0.400000,1.221685
914,-1.525956,0.584614,-4.961574,1.224971,0.043857,-1.466360,0.400000,1.000000,0.820000,0.100000,0.400000,1.224971
915,-1.523361,0.596594,-4.976238,1.228003,0.066903,-1.022326,0.400000,1.000000,0.820000,0.100000,0.400000,1.228003
916,-1.520804,0.608623,-4.986461,1.231099,0.084090,-0.579243,0.380000,1.000000,0.860000,0.100000,0.400000,1.231099
917,-1.518281,0.620703,-4.992254,1.234490,0.095564,-0.143499,0.380000,1.000000,0.880000,0.100000,0.500000,1.234490
918,-1.515790,0.632831,-4.993689,1.237181,0.102076,0.302259,0.380000,1.000000,0.860000,0.100000,0.400000,1.237181
919,-1.513336,0.645000,-4.990666,1.241530,0.102576,0.707796,0.360000,1.000000,0.860000,0.100000,0.400000,1.241530
920,-1.510912,0.657219,-4.983588,1.246344,0.098241,1.092343,0.360000,1.000000,0.840000,0.100000,0.400000,1.246344
921,-1.508519,0.669491,-4.972665,1.251532,0.089459,1.452538,0.440000,1.000000,0.840000,0.100000,0.400000,1.251532
922,-1.506163,0.681815,-4.958139,1.256949,0.076653,1.785406,0.440000,1.000000,0.740000,0.100000,0.100000,1.256949
923,-1.503849,0.694193,-4.940285,1.265189,0.053673,1.806479,0.460000,1.000000,0.740000,-1.000000,0.100000,1.265189
924,-1.501513,0.706639,-4.922221,1.195971,0.031483,1.820241,0.460000,1.000000,0.740000,0.100000,0.100000,1.195971
925,-1.499330,0.718402,-4.904018,1.203331,0.011441,1.819597,0.480000,1.000000,0.720000,0.100000,0.100000,1.203331
926,-1.497150,0.730237,-4.885822,1.210272,-0.007658,1.814205,0.480000,1.000000,0.700000,0.100000,0.000000,1.210272
927,-1.494986,0.742145,-4.867680,1.217008,-0.028892,1.674244,0.500000,0.980000,0.660000,0.100000,0.000000,1.217008
928,-1.492819,0.754124,-4.850938,1.223398,-0.047479,1.541412,0.500000,0.980000,0.620000,0.100000,-0.100000,1.223398
929,-1.490659,0.766175,-4.835524,1.229246,-0.066618,1.288768,0.520000,0.960000,0.620000,0.100000,-0.100000,1.229246
930,-1.488488,0.778292,-4.822636,1.235027,-0.081882,1.050155,0.540000,0.920000,0.600000,0.100000,-0.200000,1.235027
931,-1.486315,0.790478,-4.812134,1.240143,-0.096221,0.713642,0.540000,0.900000,0.600000,0.100000,-0.200000,1.240143
932,-1.484123,0.802722,-4.804998,1.245525,-0.105917,0.393769,1.000000,0.900000,0.580000,0.100000,-0.200000,1.245525
933,-1.481916,0.815025,-4.801060,1.251251,-0.111323,0.091468,1.000000,0.880000,0.580000,0.100000,-0.200000,1.251251
934,-1.479699,0.827390,-4.800146,1.257349,-0.112802,-0.192994,1.000000,0.880000,0.560000,0.100000,-0.200000,1.257349
935,-1.477474,0.839816,-4.802075,1.263804,-0.110713,-0.459643,1.000000,0.860000,0.560000,-1.000000,-0.200000,1.263804
936,-1.475239,0.852305,-4.806672,1.193571,-0.105406,-0.708558,1.000000,0.860000,0.560000,0.100000,-0.200000,1.193571
937,-1.473066,0.864088,-4.813758,1.200630,-0.097463,-0.938675,1.000000,0.840000,0.580000,0.100000,-0.200000,1.200630
938,-1.470882,0.875934,-4.823144,1.207847,-0.087173,-1.150253,1.000000,0.840000,0.600000,0.100000,-0.200000,1.207847
939,-1.468680,0.887842,-4.834647,1.215129,-0.074846,-1.343324,1.000000,0.860000,0.600000,0.100000,-0.200000,1.215129
940,-1.466455,0.899811,-4.848080,1.222378,-0.060776,-1.517975,1.000000,0.860000,0.580000,0.100000,-0.200000,1.222378
941,-1.464200,0.911841,-4.863260,1.229500,-0.045240,-1.674451,1.000000,0.860000,0.580000,0.100000,-0.200000,1.229500
942,-1.461904,0.923928,-4.880004,1.236406,-0.028494,-1.813241,1.000000,0.840000,0.620000,0.100000,-0.100000,1.236406
943,-1.459561,0.936071,-4.898137,1.243686,-0.008000,-1.816560,0.420000,0.840000,0.620000,0.100000,-0.100000,1.243686
944,-1.457185,0.948279,-4.916302,1.250542,0.011614,-1.814813,0.400000,0.860000,0.620000,0.100000,-0.100000,1.250542
945,-1.454767,0.960549,-4.934450,1.256993,0.030356,-1.808959,0.380000,0.860000,0.620000,0.100000,-0.100000,1.256993
946,-1.452294,0.972877,-4.952540,1.263060,0.048247,-1.799884,0.380000,0.860000,0.640000,0.100000,-0.100000,1.263060
947,-1.449759,0.985260,-4.970539,1.268766,0.065317,-1.788363,0.360000,0.840000,0.620000,-1.000000,-0.100000,1.268766
948,-1.447151,0.997694,-4.988422,1.197133,0.081600,-1.775050,0.340000,0.840000,0.620000,0.100000,-0.100000,1.197133
949,-1.444674,1.009435,-5.006173,1.202196,0.095540,-1.753098,0.340000,0.840000,0.640000,0.100000,-0.100000,1.202196
950,-1.442107,1.021218,-5.023704,1.207000,0.108732,-1.731336,0.320000,0.840000,0.640000,0.100000,-0.100000,1.207000
951,-1.439445,1.033041,-5.041017,1.211568,0.121229,-1.709967,0.320000,0.820000,0.620000,0.100000,-0.100000,1.211568
952,-1.436682,1.044900,-5.058117,1.215919,0.133078,-1.689136,0.300000,0.820000,0.660000,0.100000,0.000000,1.215919
953,-1.433813,1.056791,-5.075008,1.220545,0.146946,-1.556895,0.300000,0.820000,0.640000,0.100000,-0.100000,1.220545
954,-1.430858,1.068724,-5.090577,1.224625,0.156190,-1.542809,0.280000,0.820000,0.640000,0.100000,-0.100000,1.224625
955,-1.427787,1.080681,-5.106005,1.228565,0.165028,-1.529096,0.280000,0.800000,0.660000,0.100000,0.000000,1.228565
956,-1.424600,1.092660,-5.121296,1.232913,0.175905,-1.412294,0.280000,0.800000,0.660000,0.100000,0.000000,1.232913
957,-1.421311,1.104672,-5.135419,1.237299,0.185006,-1.303880,0.260000,0.800000,0.640000,0.100000,-0.100000,1.237299
958,-1.417919,1.116714,-5.148458,1.241178,0.190235,-1.299868,0.260000,0.780000,0.680000,0.100000,0.000000,1.241178
959,-1.414401,1.128768,-5.161457,1.245573,0.197567,-1.200084,0.240000,0.780000,0.680000,0.100000,0.000000,1.245573
960,-1.410773,1.140846,-5.173458,1.250070,0.203467,-1.106601,0.240000,0.780000,0.660000,0.100000,0.000000,1.250070
961,-1.407034,1.152947,-5.184524,1.254685,0.208065,-1.018680,0.240000,0.780000,0.660000,0.100000,0.000000,1.254685
962,-1.403181,1.165067,-5.194710,1.259431,0.211470,-0.935698,0.220000,0.760000,0.640000,0.100000,-0.100000,1.259431
963,-1.399212,1.177206,-5.204067,1.263690,0.211716,-0.945512,0.220000,0.760000,0.640000,-1.000000,-0.100000,1.263690
964,-1.395113,1.189345,-5.213523,1.190926,0.212139,-0.955116,0.220000,0.740000,0.620000,0.100000,-0.100000,1.190926
965,-1.391252,1.200809,-5.223074,1.195138,0.211630,-0.960965,0.220000,0.740000,0.620000,0.100000,-0.100000,1.195138
966,-1.387257,1.212270,-5.232683,1.199343,0.211265,-0.966820,0.200000,0.740000,0.600000,0.100000,-0.200000,1.199343
967,-1.383127,1.223727,-5.242352,1.202637,0.209800,-1.025788,0.200000,0.720000,0.640000,0.100000,-0.100000,1.202637
968,-1.378858,1.235164,-5.252609,1.206729,0.210370,-1.029608,0.200000,0.720000,0.640000,0.100000,-0.100000,1.206729
969,-1.374456,1.246595,-5.262906,1.210807,0.211032,-1.033426,0.180000,0.720000,0.620000,0.100000,-0.100000,1.210807
970,-1.369920,1.258018,-5.273240,1.214868,0.211783,-1.037234,0.180000,0.720000,0.620000,0.100000,-0.100000,1.214868
971,-1.365252,1.269432,-5.283612,1.218913,0.212622,-1.041026,0.220000,0.700000,0.600000,0.100000,-0.200000,1.218913
972,-1.360450,1.280836,-5.294022,1.222040,0.212284,-1.098717,0.220000,0.700000,0.600000,0.100000,-0.200000,1.222040
973,-1.355510,1.292213,-5.305010,1.225051,0.212693,-1.154883,0.260000,0.700000,0.600000,0.100000,-0.200000,1.225051
974,-1.350432,1.303562,-5.316558,1.227940,0.213816,-1.209364,0.200000,0.680000,0.580000,0.100000,-0.200000,1.227940
975,-1.345216,1.314883,-5.328652,1.230701,0.215618,-1.262029,0.240000,0.680000,0.580000,0.100000,-0.200000,1.230701
976,-1.339862,1.326172,-5.341272,1.233326,0.218064,-1.312778,0.240000,0.680000,0.580000,0.100000,-0.200000,1.233326
977,-1.334371,1.337428,-5.354400,1.235808,0.221119,-1.361539,0.980000,0.680000,0.560000,0.100000,-0.200000,1.235808
978,-1.328742,1.348650,-5.368015,1.238140,0.224746,-1.408270,0.220000,0.660000,0.560000,0.100000,-0.200000,1.238140
979,-1.322975,1.359834,-5.382098,1.240313,0.228911,-1.452950,0.980000,0.660000,0.540000,0.100000,-0.300000,1.240313
980,-1.317070,1.370980,-5.396628,1.241314,0.232937,-1.522974,1.000000,0.660000,0.540000,0.100000,-0.300000,1.241314
981,-1.311029,1.382071,-5.411857,1.242091,0.237768,-1.589987,1.000000,0.660000,0.540000,0.100000,-0.300000,1.242091
982,-1.304852,1.393106,-5.427757,1.242631,0.243353,-1.653893,1.000000,0.660000,0.540000,0.100000,-0.300000,1.242631
983,-1.298538,1.404082,-5.444296,1.242920,0.249641,-1.714641,1.000000,0.660000,0.520000,0.100000,-0.300000,1.242920
984,-1.292089,1.414996,-5.461443,1.242947,0.256583,-1.772226,1.000000,0.640000,0.520000,0.100000,-0.300000,1.242947
985,-1.285504,1.425846,-5.479165,1.242700,0.264129,-1.826676,1.000000,0.640000,0.520000,0.100000,-0.300000,1.242700
986,-1.278784,1.436628,-5.497432,1.242166,0.272231,-1.878053,1.000000,0.640000,0.500000,0.100000,-0.400000,1.242166
987,-1.271930,1.447339,-5.516212,1.240324,0.280698,-1.932658,1.000000,0.640000,0.500000,0.100000,-0.400000,1.240324
988,-1.264947,1.457967,-5.535539,1.238163,0.289696,-1.983674,1.000000,0.640000,0.500000,0.100000,-0.400000,1.238163
989,-1.257837,1.468510,-5.555376,1.235671,0.299175,-2.031203,1.000000,0.640000,0.500000,0.100000,-0.400000,1.235671
990,-1.250602,1.478964,-5.575688,1.232841,0.309081,-2.075369,1.000000,0.660000,0.480000,0.100000,-0.400000,1.232841
991,-1.243241,1.489326,-5.596441,1.229664,0.319366,-2.116314,1.000000,0.660000,0.480000,0.100000,-0.400000,1.229664
992,-1.235757,1.499592,-5.617604,1.226134,0.329982,-2.154195,1.000000,0.660000,0.480000,0.100000,-0.400000,1.226134
993,-1.228150,1.509759,-5.639146,1.222245,0.340884,-2.189177,1.000000,0.660000,0.480000,0.100000,-0.400000,1.222245
994,-1.220423,1.519823,-5.661038,1.217992,0.352030,-2.221431,1.000000,0.660000,0.480000,0.100000,-0.400000,1.217992
995,-1.212577,1.529782,-5.683252,1.213373,0.363378,-2.251129,1.000000,0.680000,0.480000,0.100000,-0.400000,1.213373
996,-1.204614,1.539632,-5.705764,1.208385,0.374891,-2.278442,1.000000,0.680000,0.480000,0.100000,-0.400000,1.208385
997,-1.196535,1.549369,-5.728548,1.203027,0.386533,-2.303539,1.000000,0.700000,0.460000,0.100000,-0.400000,1.203027
998,-1.188344,1.558991,-5.751584,1.197298,0.398270,-2.326585,1.000000,0.700000,0.460000,0.100000,-0.400000,1.197298
999,-1.180042,1.568493,-5.774849,1.191199,0.410070,-2.347737,1.000000,0.720000,0.460000,0.100000,-0.400000,1.191199
