step,x,y,mu,vx,vy,omega,lidar_l,lidar_c,lidar_r,throttle,steering,reward
0,-0.157894,1.808926,1.814979,0.000000,0.000000,0.000000,0.160000,0.160000,0.200000,0.600000,-0.600000,0.000000
1,-0.157894,1.808926,1.814979,0.042000,0.000000,0.000000,0.160000,0.160000,0.200000,0.600000,-0.600000,0.042000
2,-0.157995,1.809333,1.814979,0.078731,-0.007701,-0.329379,0.160000,0.160000,0.200000,0.400000,-0.800000,0.078731
3,-0.158111,1.810116,1.811686,0.100101,-0.015267,-0.539508,0.160000,0.160000,0.200000,0.600000,-0.800000,0.100101
4,-0.158202,1.811124,1.806291,0.135794,-0.021796,-0.762878,0.160000,0.160000,0.200000,0.600000,-0.800000,0.135794
5,-0.158306,1.812496,1.798662,0.171621,-0.027763,-0.984822,0.160000,0.160000,0.180000,0.600000,-0.800000,0.171621
6,-0.158424,1.814230,1.788814,0.207573,-0.033150,-1.201573,0.160000,0.160000,0.180000,0.600000,-0.600000,0.207573
7,-0.158549,1.816328,1.776798,0.246078,-0.037406,-1.392886,0.160000,0.160000,0.180000,0.000000,-0.600000,0.246078
8,-0.158686,1.818814,1.762869,0.242621,-0.040967,-1.583814,0.160000,0.160000,0.180000,0.000000,-0.600000,0.242621
9,-0.158747,1.821273,1.747031,0.239616,-0.044027,-1.735478,0.160000,0.160000,0.180000,0.000000,-0.600000,0.239616
10,-0.158734,1.823710,1.729676,0.237038,-0.046599,-1.854016,0.160000,0.160000,0.180000,0.000000,-0.600000,0.237038
11,-0.158649,1.826124,1.711136,0.234841,-0.048722,-1.945206,0.160000,0.160000,0.160000,0.000000,-0.600000,0.234841
12,-0.158495,1.828517,1.691684,0.232976,-0.050447,-2.014320,0.160000,0.140000,0.160000,0.000000,-0.600000,0.232976
13,-0.158275,1.830891,1.671541,0.231387,-0.051833,-2.065975,0.140000,0.140000,0.160000,0.000000,-0.600000,0.231387
14,-0.157992,1.833245,1.650881,0.230026,-0.052936,-2.104062,0.140000,0.140000,0.160000,0.000000,-0.600000,0.230026
15,-0.157648,1.835581,1.629840,0.228848,-0.053808,-2.131744,0.140000,0.140000,0.160000,0.000000,-0.600000,0.228848
16,-0.157246,1.837897,1.608523,0.227817,-0.054493,-2.151531,0.140000,0.140000,0.160000,0.000000,-0.600000,0.227817
17,-0.156788,1.840194,1.587008,0.226902,-0.055028,-2.165372,0.140000,0.140000,0.140000,0.000000,-0.600000,0.226902
18,-0.156274,1.842472,1.565354,0.226078,-0.055444,-2.174755,0.140000,0.140000,0.140000,0.000000,-0.600000,0.226078
19,-0.155708,1.844729,1.543606,0.225327,-0.055765,-2.180809,0.140000,0.140000,0.140000,0.000000,-0.600000,0.225327
20,-0.155089,1.846967,1.521798,0.224633,-0.056011,-2.184382,0.140000,0.140000,0.140000,0.000000,-0.600000,0.224633
21,-0.154419,1.849183,1.499954,0.223985,-0.056198,-2.186106,0.140000,0.140000,0.140000,0.000000,-0.600000,0.223985
22,-0.153700,1.851377,1.478093,0.223372,-0.056339,-2.186453,0.140000,0.120000,0.140000,0.000000,-0.600000,0.223372
23,-0.152933,1.853549,1.456229,0.222788,-0.056443,-2.185776,0.140000,0.120000,0.140000,0.000000,-0.600000,0.222788
24,-0.152117,1.855698,1.434371,0.222228,-0.056518,-2.184337,0.140000,0.120000,0.120000,0.000000,-0.600000,0.222228
25,-0.151255,1.857823,1.412528,0.221687,-0.056571,-2.182331,0.140000,0.120000,0.120000,0.000000,-0.600000,0.221687
26,-0.150347,1.859923,1.390704,0.221161,-0.056606,-2.179904,0.140000,0.120000,0.120000,0.000000,-0.600000,0.221161
27,-0.149394,1.861997,1.368905,0.220648,-0.056627,-2.177165,0.140000,0.120000,0.120000,0.000000,-0.600000,0.220648
28,-0.148397,1.864045,1.347134,0.220146,-0.056638,-2.174195,0.140000,0.120000,0.120000,0.000000,-0.600000,0.220146
29,-0.147356,1.866066,1.325392,0.219653,-0.056639,-2.171057,0.140000,0.120000,0.120000,0.000000,-0.600000,0.219653
30,-0.146273,1.868059,1.303681,0.219168,-0.056634,-2.167797,0.140000,0.120000,0.120000,0.200000,-0.600000,0.219168
31,-0.145148,1.870024,1.282003,0.232691,-0.056623,-2.164450,0.140000,0.120000,0.120000,0.000000,-0.600000,0.232691
32,-0.143943,1.872093,1.260359,0.231829,-0.056749,-2.191634,0.140000,0.120000,0.120000,0.000000,-0.600000,0.231829
33,-0.142694,1.874127,1.238442,0.231053,-0.056841,-2.209111,0.140000,0.120000,0.120000,0.000000,-0.800000,0.231053
34,-0.141403,1.876126,1.216351,0.227026,-0.059164,-2.316388,0.140000,0.120000,0.100000,0.200000,-0.800000,0.227026
35,-0.140060,1.878050,1.193187,0.237361,-0.061294,-2.403596,0.140000,0.120000,0.100000,0.000000,-0.800000,0.237361
36,-0.138615,1.880030,1.169151,0.233762,-0.063008,-2.492519,0.140000,0.120000,0.100000,-0.200000,-0.800000,0.233762
37,-0.137122,1.881935,1.144226,0.216473,-0.064586,-2.563269,0.140000,0.120000,0.100000,-0.200000,-0.800000,0.216473
38,-0.135638,1.883639,1.118593,0.199823,-0.066199,-2.596741,0.140000,0.120000,0.100000,-0.200000,-0.800000,0.199823
39,-0.134169,1.885147,1.092626,0.183895,-0.067678,-2.595733,0.140000,0.120000,0.100000,-0.200000,-0.800000,0.183895
40,-0.132722,1.886468,1.066669,0.168759,-0.068849,-2.563154,0.140000,0.120000,0.100000,0.000000,-0.800000,0.168759
41,-0.131304,1.887613,1.041037,0.168448,-0.069545,-2.502891,0.160000,0.120000,0.100000,0.000000,-0.800000,0.168448
42,-0.129853,1.888716,1.016008,0.168058,-0.069940,-2.467460,0.160000,0.120000,0.100000,0.200000,-0.800000,0.168058
43,-0.128373,1.889776,0.991334,0.181632,-0.070145,-2.446501,0.160000,0.120000,0.100000,0.200000,-0.800000,0.181632
44,-0.126792,1.890911,0.966869,0.194449,-0.070464,-2.471982,0.160000,0.120000,0.100000,0.200000,-0.800000,0.194449
45,-0.125107,1.892112,0.942149,0.206786,-0.070872,-2.520190,0.160000,0.120000,0.100000,-0.200000,-0.800000,0.206786
46,-0.123318,1.893367,0.916947,0.190802,-0.071305,-2.580045,0.160000,0.120000,0.100000,-0.200000,-0.800000,0.190802
47,-0.121592,1.894448,0.891146,0.175619,-0.071708,-2.588988,0.180000,0.120000,0.100000,0.000000,-0.800000,0.175619
48,-0.119930,1.895364,0.865257,0.175252,-0.071883,-2.556363,0.180000,0.120000,0.100000,0.000000,-0.800000,0.175252
49,-0.118246,1.896232,0.839693,0.174836,-0.071942,-2.535359,0.180000,0.120000,0.100000,0.000000,-0.800000,0.174836
50,-0.116544,1.897053,0.814339,0.174393,-0.071933,-2.521142,0.200000,0.120000,0.100000,0.000000,-0.800000,0.174393
51,-0.114823,1.897827,0.789128,0.173936,-0.071887,-2.510826,0.200000,0.120000,0.100000,0.000000,-0.800000,0.173936
52,-0.113088,1.898555,0.764020,0.173473,-0.071820,-2.502738,0.220000,0.120000,0.100000,0.000000,-0.800000,0.173473
53,-0.111338,1.899237,0.738992,0.173008,-0.071742,-2.495928,0.220000,0.120000,0.100000,0.000000,-0.800000,0.173008
54,-0.109576,1.899872,0.714033,0.172543,-0.071659,-2.489854,0.240000,0.140000,0.100000,0.000000,-0.800000,0.172543
55,-0.107803,1.900460,0.689134,0.172081,-0.071573,-2.484215,0.220000,0.140000,0.100000,0.200000,-0.800000,0.172081
56,-0.106020,1.901002,0.664292,0.185622,-0.071487,-2.478842,0.220000,0.140000,0.100000,0.200000,-0.800000,0.185622
57,-0.104118,1.901584,0.639504,0.198444,-0.071609,-2.510631,0.220000,0.140000,0.100000,0.000000,-0.800000,0.198444
58,-0.102098,1.902193,0.614398,0.196803,-0.071860,-2.561078,0.220000,0.140000,0.100000,0.000000,-0.800000,0.196803
59,-0.100076,1.902741,0.588787,0.195363,-0.072141,-2.593094,0.220000,0.160000,0.100000,0.000000,-0.800000,0.195363
60,-0.098050,1.903226,0.562856,0.194082,-0.072410,-2.613059,0.220000,0.160000,0.100000,0.000000,-0.800000,0.194082
61,-0.096023,1.903649,0.536725,0.192925,-0.072650,-2.625027,0.220000,0.160000,0.100000,0.000000,-0.800000,0.192925
62,-0.093993,1.904011,0.510475,0.191869,-0.072852,-2.631622,0.240000,0.160000,0.120000,0.000000,-0.800000,0.191869
63,-0.091963,1.904313,0.484159,0.190893,-0.073015,-2.634565,0.280000,0.180000,0.120000,0.200000,-0.800000,0.190893
64,-0.089934,1.904555,0.457813,0.203984,-0.073141,-2.634996,0.340000,0.180000,0.120000,0.000000,-0.800000,0.203984
65,-0.087781,1.904801,0.431463,0.202529,-0.073292,-2.666029,0.440000,0.200000,0.120000,0.200000,-0.800000,0.202529
66,-0.085635,1.904982,0.404803,0.215215,-0.073456,-2.685150,0.660000,0.200000,0.120000,0.000000,-0.800000,0.215215
67,-0.083367,1.905154,0.377951,0.213488,-0.073595,-2.725323,0.720000,0.220000,0.120000,0.200000,-0.800000,0.213488
68,-0.081111,1.905258,0.350698,0.225918,-0.073762,-2.751260,0.720000,0.200000,0.120000,0.200000,-0.800000,0.225918
69,-0.078736,1.905342,0.323186,0.238008,-0.073849,-2.793960,0.880000,0.200000,0.140000,0.200000,-0.800000,0.238008
70,-0.076245,1.905397,0.295246,0.249850,-0.073828,-2.845854,0.960000,0.200000,0.140000,0.200000,-0.800000,0.249850
71,-0.073640,1.905418,0.266787,0.261497,-0.073669,-2.902554,0.960000,0.200000,0.140000,0.200000,-0.800000,0.261497
72,-0.070923,1.905397,0.237762,0.272984,-0.073347,-2.961382,1.000000,0.200000,0.140000,0.200000,-0.800000,0.272984
73,-0.068097,1.905327,0.208148,0.284333,-0.072836,-3.020613,1.000000,0.180000,0.160000,0.200000,-0.600000,0.284333
74,-0.065165,1.905202,0.177942,0.299055,-0.069438,-2.964515,1.000000,0.220000,0.160000,-0.200000,-0.600000,0.299055
75,-0.062098,1.905048,0.148297,0.285100,-0.066560,-2.941185,1.000000,0.260000,0.160000,0.000000,-0.600000,0.285100
76,-0.059180,1.904811,0.118885,0.285199,-0.064273,-2.891978,1.000000,0.320000,0.180000,0.000000,-0.600000,0.285199
77,-0.056272,1.904511,0.089965,0.285042,-0.062414,-2.849543,1.000000,0.420000,0.180000,0.000000,-0.600000,0.285042
78,-0.053377,1.904145,0.061470,0.284681,-0.060905,-2.812638,1.000000,0.600000,0.180000,0.000000,-0.600000,0.284681
79,-0.050498,1.903712,0.033343,0.284158,-0.059684,-2.780297,1.000000,0.700000,0.180000,0.000000,-0.400000,0.284158
80,-0.047639,1.903210,0.005540,0.286510,-0.053677,-2.536858,1.000000,0.680000,0.180000,0.000000,-0.400000,0.286510
81,-0.044771,1.902689,-0.019828,0.288082,-0.049229,-2.352747,1.000000,0.840000,0.180000,0.400000,-0.600000,0.288082
82,-0.041900,1.902140,-0.043356,0.314025,-0.050300,-2.399466,1.000000,0.840000,0.180000,0.600000,-0.600000,0.314025
83,-0.038785,1.901501,-0.067350,0.353777,-0.050774,-2.470285,1.000000,0.920000,0.160000,0.400000,-0.600000,0.353777
84,-0.035289,1.900757,-0.092053,0.379274,-0.050336,-2.567059,1.000000,1.000000,0.160000,0.400000,-0.600000,0.379274
85,-0.031559,1.899907,-0.117724,0.404675,-0.049202,-2.666789,1.000000,1.000000,0.180000,0.400000,-0.600000,0.404675
86,-0.027598,1.898943,-0.144392,0.429975,-0.047337,-2.766684,0.940000,1.000000,0.220000,0.400000,-0.400000,0.429975
87,-0.023411,1.897856,-0.172059,0.457981,-0.041749,-2.738269,0.820000,1.000000,0.240000,0.400000,-0.400000,0.457981
88,-0.018970,1.896660,-0.199441,0.485516,-0.036338,-2.735222,0.780000,1.000000,0.300000,0.400000,-0.400000,0.485516
89,-0.014283,1.895342,-0.226793,0.512667,-0.030869,-2.749244,0.660000,1.000000,0.360000,0.400000,-0.600000,0.512667
90,-0.009357,1.893889,-0.254286,0.536915,-0.027117,-2.857816,0.640000,1.000000,0.480000,0.400000,-0.600000,0.536915
91,-0.004229,1.892276,-0.282864,0.561035,-0.022406,-2.959241,0.600000,1.000000,0.660000,0.200000,-0.600000,0.561035
92,0.001096,1.890495,-0.312456,0.570985,-0.016738,-3.053383,0.580000,1.000000,0.640000,0.200000,-0.600000,0.570985
93,0.006478,1.888580,-0.342990,0.580745,-0.010595,-3.135128,0.560000,1.000000,0.800000,0.200000,-0.600000,0.580745
94,0.011912,1.886527,-0.374342,0.590285,-0.004015,-3.205920,0.540000,1.000000,0.800000,0.200000,-0.600000,0.590285
95,0.017391,1.884332,-0.406401,0.599577,0.002964,-3.266997,0.520000,1.000000,0.880000,0.400000,-0.600000,0.599577
96,0.022910,1.881989,-0.439071,0.622600,0.010311,-3.319430,0.500000,1.000000,0.960000,0.400000,-0.600000,0.622600
97,0.028589,1.879435,-0.472265,0.645320,0.018517,-3.368562,0.480000,1.000000,1.000000,0.400000,-0.600000,0.645320
98,0.034420,1.876665,-0.505951,0.667703,0.027574,-3.413979,0.460000,0.880000,1.000000,0.400000,-0.600000,0.667703
99,0.040395,1.873670,-0.540090,0.689716,0.037469,-3.455403,0.440000,0.740000,1.000000,0.400000,-0.400000,0.689716
100,0.046503,1.870445,-0.574644,0.713558,0.048898,-3.462118,0.440000,0.620000,1.000000,0.200000,-0.400000,0.713558
101,0.052758,1.866977,-0.609266,0.722909,0.060854,-3.471777,0.420000,0.600000,1.000000,0.200000,-0.400000,0.722909
102,0.059035,1.863339,-0.643983,0.731761,0.072835,-3.480075,0.400000,0.560000,1.000000,0.200000,-0.400000,0.731761
103,0.065324,1.859528,-0.678784,0.740121,0.084850,-3.487195,0.400000,0.540000,1.000000,0.000000,-0.400000,0.740121
104,0.071617,1.855541,-0.713656,0.733992,0.096907,-3.493287,0.380000,0.500000,1.000000,0.000000,-0.400000,0.733992
105,0.077800,1.851469,-0.748589,0.727381,0.108469,-3.495913,0.380000,0.480000,1.000000,0.000000,-0.400000,0.727381
106,0.083868,1.847313,-0.783548,0.720311,0.119530,-3.495792,0.360000,0.460000,1.000000,0.200000,-0.400000,0.720311
107,0.089814,1.843076,-0.818506,0.726808,0.130087,-3.493499,0.360000,0.440000,1.000000,0.200000,-0.400000,0.726808
108,0.095730,1.838658,-0.853441,0.732897,0.140675,-3.491425,0.340000,0.420000,0.820000,0.000000,-0.600000,0.732897
109,0.101608,1.834061,-0.888355,0.722581,0.151409,-3.484647,0.340000,0.400000,0.680000,0.000000,-0.600000,0.722581
110,0.107341,1.829408,-0.923202,0.711879,0.161586,-3.473663,0.320000,0.400000,0.560000,0.000000,-0.600000,0.711879
111,0.112924,1.824705,-0.957938,0.700821,0.171181,-3.459101,0.320000,0.380000,0.540000,0.000000,-0.400000,0.700821
112,0.118355,1.819957,-0.992529,0.691389,0.179893,-3.453555,0.320000,0.360000,0.500000,0.000000,-0.600000,0.691389
113,0.123641,1.815151,-1.027065,0.679699,0.188427,-3.433446,0.300000,0.360000,0.480000,0.000000,-0.400000,0.679699
114,0.128770,1.810309,-1.061399,0.669664,0.195961,-3.426854,0.300000,0.340000,0.460000,0.000000,-0.400000,0.669664
115,0.133746,1.805418,-1.095668,0.659361,0.202996,-3.419910,0.300000,0.320000,0.420000,0.000000,-0.400000,0.659361
116,0.138567,1.800483,-1.129867,0.648812,0.209532,-3.412721,0.300000,0.320000,0.400000,0.000000,-0.400000,0.648812
117,0.143231,1.795510,-1.163994,0.638035,0.215570,-3.405376,0.280000,0.320000,0.380000,0.000000,-0.400000,0.638035
118,0.147736,1.790503,-1.198048,0.627051,0.221113,-3.397946,0.280000,0.300000,0.380000,0.200000,-0.400000,0.627051
119,0.152078,1.785468,-1.232027,0.629880,0.226160,-3.390491,0.240000,0.300000,0.360000,0.000000,-0.400000,0.629880
120,0.156305,1.780279,-1.265932,0.618544,0.231225,-3.383524,0.240000,0.280000,0.340000,0.000000,-0.400000,0.618544
121,0.160367,1.775073,-1.299768,0.607039,0.235796,-3.376572,0.240000,0.280000,0.320000,-0.200000,-0.400000,0.607039
122,0.164264,1.769856,-1.333533,0.581384,0.239876,-3.369675,0.220000,0.280000,0.320000,-0.200000,-0.400000,0.581384
123,0.167962,1.764768,-1.367230,0.555591,0.242965,-3.362604,0.220000,0.260000,0.300000,-0.200000,-0.400000,0.555591
124,0.171465,1.759818,-1.400856,0.529697,0.245069,-3.355511,0.220000,0.260000,0.300000,-0.400000,-0.400000,0.529697
125,0.174776,1.755012,-1.434411,0.489736,0.246198,-3.348520,0.220000,0.260000,0.280000,-0.400000,-0.400000,0.489736
126,0.177881,1.750495,-1.467896,0.449738,0.245866,-3.341834,0.220000,0.260000,0.280000,-0.400000,-0.400000,0.449738
127,0.180789,1.746274,-1.501315,0.409751,0.244092,-3.335724,0.220000,0.240000,0.260000,0.000000,-0.400000,0.409751
128,0.183508,1.742356,-1.534672,0.397823,0.240893,-3.330430,0.220000,0.240000,0.260000,0.000000,-0.400000,0.397823
129,0.186059,1.738467,-1.567976,0.386013,0.237267,-3.325147,0.220000,0.240000,0.260000,0.000000,-0.400000,0.386013
130,0.188443,1.734614,-1.601228,0.374337,0.233221,-3.319836,0.220000,0.240000,0.240000,0.000000,-0.400000,0.374337
131,0.190660,1.730801,-1.634426,0.362808,0.228764,-3.314453,0.220000,0.240000,0.240000,-0.200000,-0.400000,0.362808
132,0.192712,1.727035,-1.667571,0.337439,0.223902,-3.308945,0.220000,0.240000,0.240000,-0.200000,-0.400000,0.337439
133,0.194615,1.723460,-1.700660,0.312239,0.218157,-3.303917,0.220000,0.240000,0.240000,-0.200000,-0.400000,0.312239
134,0.196374,1.720081,-1.733699,0.287234,0.211543,-3.299379,0.220000,0.220000,0.220000,-0.200000,-0.400000,0.287234
135,0.197995,1.716904,-1.766693,0.262453,0.204075,-3.295335,0.220000,0.200000,0.220000,0.000000,-0.400000,0.262453
136,0.199486,1.713933,-1.799646,0.251923,0.195768,-3.291776,0.220000,0.180000,0.220000,0.000000,-0.400000,0.251923
137,0.200821,1.711035,-1.832564,0.241681,0.187122,-3.287493,0.220000,0.180000,0.220000,0.000000,-0.400000,0.241681
138,0.202003,1.708216,-1.865439,0.231742,0.178151,-3.282266,0.220000,0.180000,0.220000,0.000000,-0.400000,0.231742
139,0.203035,1.705481,-1.898262,0.222120,0.168871,-3.275809,0.220000,0.180000,0.220000,0.000000,-0.400000,0.222120
140,0.203920,1.702835,-1.931020,0.212829,0.159298,-3.267741,0.220000,0.180000,0.220000,0.000000,-0.400000,0.212829
141,0.204660,1.700282,-1.963697,0.203887,0.149454,-3.257550,0.220000,0.180000,0.220000,0.000000,-0.400000,0.203887
142,0.205260,1.697826,-1.996273,0.195310,0.139364,-3.244533,0.240000,0.180000,0.200000,0.000000,-0.400000,0.195310
143,0.205723,1.695472,-2.028718,0.187117,0.129058,-3.227719,0.240000,0.180000,0.200000,0.000000,-0.400000,0.187117
144,0.206054,1.693223,-2.060995,0.179332,0.118575,-3.205742,0.240000,0.180000,0.200000,0.000000,-0.400000,0.179332
145,0.206256,1.691082,-2.093053,0.171981,0.107966,-3.176682,0.240000,0.180000,0.200000,0.000000,-0.400000,0.171981
146,0.206333,1.689053,-2.124820,0.165099,0.097300,-3.137851,0.260000,0.180000,0.200000,0.200000,-0.600000,0.165099
147,0.206292,1.687137,-2.156198,0.170709,0.086713,-3.083479,0.260000,0.180000,0.200000,0.200000,-0.600000,0.170709
148,0.206072,1.685235,-2.187033,0.176795,0.076351,-3.023024,0.280000,0.200000,0.180000,0.200000,-0.600000,0.176795
149,0.205673,1.683351,-2.217263,0.183356,0.066234,-2.955938,0.280000,0.200000,0.160000,0.200000,-0.600000,0.183356
150,0.205097,1.681489,-2.246822,0.190386,0.056378,-2.882063,0.280000,0.200000,0.160000,0.200000,-0.600000,0.190386
151,0.204346,1.679651,-2.275643,0.197870,0.046793,-2.801760,0.300000,0.200000,0.160000,0.200000,-0.400000,0.197870
152,0.203420,1.677841,-2.303661,0.208234,0.038961,-2.652907,0.320000,0.200000,0.160000,0.200000,-0.600000,0.208234
153,0.202317,1.676032,-2.330190,0.216465,0.029768,-2.569083,0.320000,0.200000,0.160000,0.200000,-0.600000,0.216465
154,0.201042,1.674257,-2.355881,0.225074,0.020891,-2.484154,0.340000,0.200000,0.160000,0.200000,-0.600000,0.225074
155,0.199599,1.672518,-2.380722,0.234030,0.012368,-2.401438,0.360000,0.220000,0.160000,0.400000,-0.400000,0.234030
156,0.197989,1.670814,-2.404737,0.259962,0.006556,-2.227102,0.380000,0.220000,0.160000,0.400000,-0.600000,0.259962
157,0.196108,1.669019,-2.427008,0.283269,-0.001015,-2.183772,0.380000,0.220000,0.160000,0.400000,-0.600000,0.283269
158,0.193962,1.667170,-2.448845,0.306763,-0.007584,-2.167270,0.380000,0.220000,0.160000,0.400000,-0.600000,0.306763
159,0.191553,1.665270,-2.470518,0.330412,-0.013081,-2.178701,0.380000,0.220000,0.160000,0.400000,-0.600000,0.330412
160,0.188884,1.663317,-2.492305,0.354185,-0.017489,-2.215491,0.380000,0.220000,0.160000,0.400000,-0.600000,0.354185
161,0.185957,1.661315,-2.514460,0.378060,-0.020827,-2.272867,0.380000,0.220000,0.160000,0.400000,-0.600000,0.378060
162,0.182774,1.659265,-2.537189,0.402012,-0.023125,-2.345480,0.360000,0.240000,0.160000,0.200000,-0.600000,0.402012
163,0.179334,1.657171,-2.560643,0.412018,-0.024413,-2.428421,0.380000,0.240000,0.160000,0.400000,-0.600000,0.412018
164,0.175756,1.655114,-2.584928,0.436091,-0.025104,-2.509964,0.420000,0.240000,0.160000,0.200000,-0.600000,0.436091
165,0.171921,1.653023,-2.610027,0.446170,-0.024829,-2.596716,0.460000,0.260000,0.160000,0.200000,-0.600000,0.446170
166,0.167949,1.650975,-2.635994,0.456263,-0.024010,-2.678767,0.520000,0.260000,0.180000,0.200000,-0.600000,0.456263
167,0.163841,1.648976,-2.662782,0.466346,-0.022678,-2.755932,0.620000,0.260000,0.180000,0.200000,-0.600000,0.466346
168,0.159597,1.647028,-2.690341,0.476395,-0.020857,-2.828141,0.780000,0.280000,0.180000,0.200000,-0.600000,0.476395
169,0.155219,1.645139,-2.718623,0.486388,-0.018572,-2.895405,1.000000,0.300000,0.180000,0.400000,-0.400000,0.486388
170,0.150708,1.643311,-2.747577,0.512858,-0.013964,-2.877264,1.000000,0.300000,0.180000,0.400000,-0.400000,0.512858
171,0.145919,1.641471,-2.776349,0.539029,-0.009052,-2.875659,1.000000,0.320000,0.180000,0.400000,-0.400000,0.539029
172,0.140852,1.639631,-2.805106,0.564924,-0.003738,-2.886032,1.000000,0.340000,0.180000,0.400000,-0.400000,0.564924
173,0.135507,1.637801,-2.833966,0.590552,0.002056,-2.905056,1.000000,0.340000,0.200000,0.400000,-0.400000,0.590552
174,0.129885,1.635993,-2.863017,0.615910,0.008389,-2.930246,1.000000,0.320000,0.200000,0.400000,-0.400000,0.615910
175,0.123986,1.634219,-2.892319,0.640991,0.015307,-2.959720,1.000000,0.320000,0.200000,0.400000,-0.400000,0.640991
176,0.117812,1.632489,-2.921917,0.665782,0.022848,-2.992029,1.000000,0.320000,0.200000,0.400000,-0.400000,0.665782
177,0.111364,1.630815,-2.951837,0.690264,0.031041,-3.026050,1.000000,0.360000,0.220000,0.400000,-0.400000,0.690264
178,0.104644,1.629208,-2.982097,0.714418,0.039910,-3.060911,1.000000,0.400000,0.220000,0.200000,-0.200000,0.714418
179,0.097654,1.627680,-3.012706,0.726390,0.052643,-2.960351,1.000000,0.500000,0.240000,0.200000,-0.200000,0.726390
180,0.090518,1.626224,-3.042310,0.737912,0.064300,-2.875575,1.000000,0.620000,0.240000,0.400000,-0.200000,0.737912
181,0.083239,1.624853,-3.071066,0.763050,0.075084,-2.803522,1.000000,0.860000,0.260000,0.400000,-0.200000,0.763050
182,0.075680,1.623566,-3.099101,0.787852,0.085601,-2.744889,1.000000,1.000000,0.260000,0.200000,-0.200000,0.787852
183,0.067845,1.622376,-3.126550,0.798342,0.095975,-2.697060,0.940000,1.000000,0.280000,0.400000,-0.200000,0.798342
184,0.059877,1.621296,-3.153520,0.822534,0.105862,-2.655652,0.860000,1.000000,0.280000,0.200000,-0.400000,0.822534
185,0.051640,1.620336,-3.180077,0.830356,0.113932,-2.700918,0.820000,1.000000,0.260000,0.200000,-0.200000,0.830356
186,0.043298,1.619517,-3.207086,0.839981,0.124178,-2.666999,0.760000,1.000000,0.260000,0.200000,-0.200000,0.839981
187,0.034835,1.618828,-3.233756,0.849327,0.134086,-2.637403,0.720000,1.000000,0.240000,0.200000,-0.200000,0.849327
188,0.026255,1.618274,-3.260130,0.858408,0.143711,-2.611534,0.680000,1.000000,0.240000,0.200000,-0.200000,0.858408
189,0.017561,1.617862,-3.286246,0.867236,0.153101,-2.588902,0.660000,1.000000,0.280000,0.200000,-0.200000,0.867236
190,0.008758,1.617597,-3.312135,0.875822,0.162295,-2.569102,0.620000,1.000000,0.320000,0.200000,-0.400000,0.875822
191,-0.000148,1.617484,-3.337826,0.882120,0.170106,-2.604038,0.600000,1.000000,0.360000,0.200000,-0.400000,0.882120
192,-0.009132,1.617536,-3.363866,0.888142,0.178274,-2.636601,0.580000,1.000000,0.440000,0.200000,-0.200000,0.888142
193,-0.018188,1.617755,-3.390232,0.895922,0.187883,-2.619652,0.560000,1.000000,0.560000,0.200000,-0.200000,0.895922
194,-0.027334,1.618139,-3.416428,0.903454,0.197355,-2.604876,0.540000,1.000000,0.740000,0.200000,-0.200000,0.903454
195,-0.036565,1.618691,-3.442477,0.910743,0.206717,-2.592047,0.520000,1.000000,1.000000,0.200000,-0.200000,0.910743
196,-0.045876,1.619416,-3.468398,0.917792,0.215989,-2.580971,0.500000,0.960000,1.000000,0.200000,-0.200000,0.917792
197,-0.055261,1.620317,-3.494207,0.924603,0.225189,-2.571483,0.480000,0.880000,1.000000,0.200000,-0.400000,0.924603
198,-0.064716,1.621396,-3.519922,0.929161,0.233569,-2.596178,0.460000,0.840000,1.000000,0.200000,-0.400000,0.929161
199,-0.074213,1.622658,-3.545884,0.933433,0.242215,-2.619299,0.460000,0.780000,1.000000,0.200000,-0.400000,0.933433
200,-0.083748,1.624103,-3.572077,0.937414,0.251107,-2.640918,0.440000,0.740000,1.000000,0.200000,-0.400000,0.937414
201,-0.093315,1.625733,-3.598486,0.941095,0.260226,-2.661110,0.420000,0.680000,1.000000,0.000000,-0.200000,0.941095
202,-0.102908,1.627549,-3.625097,0.932475,0.270139,-2.655052,0.420000,0.660000,1.000000,0.000000,-0.200000,0.932475
203,-0.112420,1.629492,-3.651648,0.923589,0.279589,-2.649884,0.400000,0.620000,1.000000,0.200000,-0.400000,0.923589
204,-0.121845,1.631562,-3.678147,0.926453,0.288140,-2.665112,0.400000,0.580000,1.000000,0.200000,-0.200000,0.926453
205,-0.131281,1.633821,-3.704798,0.931029,0.297266,-2.661512,0.380000,0.560000,1.000000,0.200000,-0.200000,0.931029
206,-0.140740,1.636278,-3.731413,0.935360,0.306387,-2.658981,0.380000,0.540000,1.000000,0.200000,-0.200000,0.935360
207,-0.150218,1.638934,-3.758003,0.939443,0.315510,-2.657457,0.360000,0.500000,0.960000,0.200000,-0.400000,0.939443
208,-0.159707,1.641791,-3.784577,0.941293,0.324335,-2.670015,0.360000,0.480000,0.920000,0.000000,-0.400000,0.941293
209,-0.169185,1.644839,-3.811277,0.928859,0.333276,-2.681830,0.340000,0.460000,0.920000,0.000000,-0.400000,0.928859
210,-0.178536,1.647992,-3.838096,0.916137,0.341915,-2.692265,0.340000,0.440000,0.840000,0.000000,-0.400000,0.916137
211,-0.187757,1.651247,-3.865018,0.903139,0.350234,-2.701489,0.320000,0.440000,0.780000,0.000000,-0.400000,0.903139
212,-0.196845,1.654600,-3.892033,0.889877,0.358218,-2.709654,0.320000,0.420000,0.720000,0.000000,-0.400000,0.889877
213,-0.205797,1.658049,-3.919130,0.876361,0.365854,-2.716896,0.320000,0.400000,0.660000,0.200000,-0.400000,0.876361
214,-0.214609,1.661589,-3.946299,0.876605,0.373128,-2.723338,0.300000,0.380000,0.620000,0.200000,-0.400000,0.876605
215,-0.223375,1.665319,-3.973532,0.876622,0.380437,-2.729513,0.300000,0.380000,0.580000,0.200000,-0.400000,0.876622
216,-0.232091,1.669238,-4.000827,0.876411,0.387771,-2.735437,0.300000,0.360000,0.560000,0.000000,-0.400000,0.876411
217,-0.240751,1.673343,-4.028182,0.861971,0.395124,-2.741128,0.280000,0.340000,0.520000,0.000000,-0.400000,0.861971
218,-0.249261,1.677525,-4.055593,0.847302,0.402081,-2.746250,0.280000,0.340000,0.500000,0.000000,-0.400000,0.847302
219,-0.257619,1.681780,-4.083055,0.832415,0.408635,-2.750889,0.280000,0.320000,0.460000,0.000000,-0.400000,0.832415
220,-0.265822,1.686104,-4.110564,0.817325,0.414777,-2.755125,0.260000,0.320000,0.440000,-0.200000,-0.400000,0.817325
221,-0.273868,1.690493,-4.138116,0.788043,0.420500,-2.759027,0.260000,0.300000,0.420000,-0.200000,-0.400000,0.788043
222,-0.281679,1.694825,-4.165706,0.758580,0.425394,-2.762473,0.260000,0.300000,0.400000,-0.200000,-0.400000,0.758580
223,-0.289257,1.699094,-4.193331,0.728963,0.429454,-2.765601,0.260000,0.280000,0.380000,-0.200000,-0.400000,0.728963
224,-0.296602,1.703293,-4.220987,0.699216,0.432675,-2.768531,0.240000,0.280000,0.360000,-0.200000,-0.400000,0.699216
225,-0.303716,1.707416,-4.248672,0.669362,0.435057,-2.771366,0.240000,0.280000,0.360000,-0.200000,-0.400000,0.669362
226,-0.310601,1.711457,-4.276386,0.639426,0.436599,-2.774197,0.240000,0.260000,0.340000,-0.200000,-0.400000,0.639426
227,-0.317259,1.715409,-4.304127,0.609431,0.437299,-2.777105,0.240000,0.260000,0.320000,-0.200000,-0.400000,0.609431
228,-0.323692,1.719267,-4.331899,0.579401,0.437160,-2.780159,0.240000,0.260000,0.320000,-0.200000,-0.400000,0.579401
229,-0.329903,1.723023,-4.359700,0.549358,0.436182,-2.783420,0.240000,0.240000,0.300000,-0.200000,-0.400000,0.549358
230,-0.335894,1.726672,-4.387534,0.519326,0.434367,-2.786944,0.220000,0.240000,0.280000,-0.400000,-0.400000,0.519326
231,-0.341668,1.730207,-4.415404,0.475327,0.431719,-2.790777,0.220000,0.240000,0.280000,-0.400000,-0.400000,0.475327
232,-0.347187,1.733489,-4.443312,0.431382,0.427842,-2.795175,0.220000,0.240000,0.280000,-0.200000,-0.400000,0.431382
233,-0.352458,1.736510,-4.471263,0.401522,0.422743,-2.800226,0.220000,0.220000,0.260000,-0.400000,-0.400000,0.401522
234,-0.357522,1.739399,-4.499266,0.357783,0.416823,-2.805727,0.220000,0.220000,0.260000,0.000000,-0.400000,0.357783
235,-0.362353,1.742015,-4.527323,0.342184,0.409691,-2.811999,0.220000,0.220000,0.240000,0.000000,-0.400000,0.342184
236,-0.367010,1.744624,-4.555443,0.326760,0.402142,-2.818467,0.220000,0.220000,0.240000,0.000000,-0.400000,0.326760
237,-0.371492,1.747223,-4.583627,0.311521,0.394180,-2.825131,0.220000,0.220000,0.240000,0.000000,-0.400000,0.311521
238,-0.375801,1.749806,-4.611879,0.296481,0.385810,-2.831994,0.220000,0.220000,0.240000,0.000000,-0.400000,0.296481
239,-0.379938,1.752369,-4.640199,0.281651,0.377036,-2.839056,0.220000,0.200000,0.220000,-0.200000,-0.400000,0.281651
240,-0.383901,1.754906,-4.668589,0.253043,0.367863,-2.846317,0.220000,0.200000,0.220000,-0.200000,-0.400000,0.253043
241,-0.387687,1.757273,-4.697052,0.224667,0.357898,-2.854143,0.220000,0.200000,0.220000,0.000000,-0.400000,0.224667
242,-0.391300,1.759465,-4.725594,0.210547,0.347147,-2.862548,0.220000,0.200000,0.220000,0.000000,-0.400000,0.210547
243,-0.394744,1.761616,-4.754219,0.196704,0.336012,-2.871163,0.220000,0.200000,0.220000,0.000000,-0.400000,0.196704
244,-0.398018,1.763722,-4.782931,0.183151,0.324502,-2.879990,0.220000,0.200000,0.200000,0.000000,-0.400000,0.183151
245,-0.401126,1.765777,-4.811731,0.169900,0.312621,-2.889028,0.220000,0.200000,0.200000,0.000000,-0.400000,0.169900
246,-0.404069,1.767778,-4.840621,0.156963,0.300377,-2.898281,0.220000,0.200000,0.200000,0.000000,-0.400000,0.156963
247,-0.406847,1.769719,-4.869604,0.144353,0.287777,-2.907747,0.220000,0.200000,0.200000,0.000000,-0.400000,0.144353
248,-0.409463,1.771595,-4.898681,0.132080,0.274828,-2.917430,0.220000,0.200000,0.200000,0.000000,-0.400000,0.132080
249,-0.411919,1.773402,-4.927856,0.120157,0.261540,-2.927330,0.220000,0.200000,0.200000,0.000000,-0.400000,0.120157
250,-0.414217,1.775135,-4.957129,0.108596,0.247919,-2.937450,0.220000,0.200000,0.200000,0.000000,-0.400000,0.108596
251,-0.416360,1.776790,-4.986504,0.097409,0.233975,-2.947792,0.220000,0.200000,0.180000,0.000000,-0.400000,0.097409
252,-0.418348,1.778361,-5.015981,0.086607,0.219716,-2.958359,0.240000,0.200000,0.180000,0.000000,-0.400000,0.086607
253,-0.420186,1.779844,-5.045565,0.076203,0.205153,-2.969155,0.240000,0.200000,0.180000,-0.200000,-0.400000,0.076203
254,-0.421875,1.781235,-5.075257,0.052207,0.190294,-2.980183,0.240000,0.200000,0.180000,-0.200000,-0.400000,0.052207
255,-0.423469,1.782399,-5.105058,0.028632,0.174745,-2.991966,0.240000,0.200000,0.180000,0.000000,-0.400000,0.028632
256,-0.424974,1.783332,-5.134978,0.019503,0.158520,-3.004319,0.260000,0.200000,0.180000,0.000000,-0.400000,0.019503
257,-0.426340,1.784160,-5.165021,0.010840,0.142033,-3.016863,0.260000,0.200000,0.180000,0.000000,-0.400000,0.010840
258,-0.427570,1.784878,-5.195190,0.002658,0.125299,-3.029533,0.260000,0.200000,0.180000,0.200000,-0.400000,0.002658
259,-0.428667,1.785484,-5.225485,0.008968,0.108336,-3.042136,0.280000,0.200000,0.180000,0.200000,-0.400000,0.008968
260,-0.429567,1.786094,-5.255907,0.015769,0.091536,-3.055365,0.280000,0.200000,0.180000,0.200000,-0.400000,0.015769
261,-0.430269,1.786702,-5.286460,0.023361,0.075626,-3.038683,0.300000,0.220000,0.180000,0.200000,-0.400000,0.023361
262,-0.430777,1.787309,-5.316847,0.036131,0.071001,-2.548014,0.300000,0.220000,0.180000,0.200000,-0.400000,0.036131
263,-0.431156,1.788010,-5.342327,0.045445,0.057235,-2.455291,0.320000,0.220000,0.180000,0.400000,-0.400000,0.045445
264,-0.431351,1.788714,-5.366880,0.070856,0.047647,-2.190370,0.320000,0.220000,0.180000,0.400000,-0.400000,0.070856
265,-0.431297,1.789566,-5.388784,0.095870,0.036656,-1.999846,0.340000,0.220000,0.180000,0.400000,-0.600000,0.095870
266,-0.430983,1.790543,-5.408782,0.118592,0.023962,-1.896075,0.340000,0.220000,0.180000,0.400000,-0.600000,0.118592
267,-0.430406,1.791607,-5.427743,0.141806,0.011981,-1.782339,0.360000,0.240000,0.180000,0.400000,-0.600000,0.141806
268,-0.429567,1.792756,-5.445566,0.165373,0.000724,-1.675207,0.360000,0.240000,0.180000,0.400000,-0.600000,0.165373
269,-0.428465,1.793989,-5.462318,0.189201,-0.009536,-1.596675,0.380000,0.240000,0.180000,0.400000,-0.600000,0.189201
270,-0.427106,1.795309,-5.478285,0.213231,-0.018386,-1.569515,0.380000,0.240000,0.180000,0.400000,-0.600000,0.213231
271,-0.425495,1.796718,-5.493980,0.237427,-0.025612,-1.601430,0.400000,0.240000,0.180000,0.400000,-0.600000,0.237427
272,-0.423641,1.798223,-5.509995,0.261770,-0.031345,-1.680356,0.400000,0.240000,0.180000,0.400000,-0.600000,0.261770
273,-0.421549,1.799827,-5.526798,0.286245,-0.035835,-1.788504,0.420000,0.240000,0.180000,0.400000,-0.600000,0.286245
274,-0.419221,1.801531,-5.544683,0.310836,-0.039274,-1.912254,0.420000,0.240000,0.180000,0.400000,-0.600000,0.310836
275,-0.416658,1.803333,-5.563806,0.335525,-0.041775,-2.043053,0.440000,0.240000,0.180000,0.400000,-0.600000,0.335525
276,-0.413859,1.805230,-5.584236,0.360290,-0.043395,-2.175769,0.460000,0.260000,0.180000,0.400000,-0.600000,0.360290
277,-0.410821,1.807216,-5.605994,0.385107,-0.044158,-2.307288,0.480000,0.260000,0.200000,0.200000,-0.600000,0.385107
278,-0.407543,1.809284,-5.629067,0.395949,-0.044070,-2.435655,0.480000,0.260000,0.200000,0.400000,-0.600000,0.395949
279,-0.404133,1.811344,-5.653423,0.420854,-0.043463,-2.551204,0.480000,0.260000,0.200000,0.200000,-0.400000,0.420854
280,-0.400476,1.813471,-5.678936,0.434491,-0.039279,-2.547229,0.460000,0.280000,0.200000,0.200000,-0.400000,0.434491
281,-0.396677,1.815617,-5.704408,0.447848,-0.035345,-2.552083,0.480000,0.280000,0.200000,0.200000,-0.400000,0.447848
282,-0.392735,1.817770,-5.729929,0.460962,-0.031554,-2.563435,0.540000,0.280000,0.200000,0.200000,-0.400000,0.460962
283,-0.388647,1.819924,-5.755563,0.473858,-0.027824,-2.579577,0.600000,0.300000,0.200000,0.200000,-0.400000,0.473858
284,-0.384413,1.822070,-5.781359,0.486554,-0.024094,-2.599230,0.680000,0.300000,0.200000,0.200000,-0.400000,0.486554
285,-0.380031,1.824199,-5.807351,0.499062,-0.020315,-2.621423,0.800000,0.320000,0.200000,0.200000,-0.400000,0.499062
286,-0.375502,1.826304,-5.833565,0.511389,-0.016449,-2.645408,0.960000,0.320000,0.200000,0.400000,-0.400000,0.511389
287,-0.370825,1.828379,-5.860019,0.537537,-0.012466,-2.670600,0.940000,0.340000,0.200000,0.400000,-0.400000,0.537537
288,-0.365872,1.830473,-5.886725,0.563476,-0.007956,-2.703872,1.000000,0.360000,0.200000,0.200000,-0.400000,0.563476
289,-0.360644,1.832575,-5.913764,0.575201,-0.002867,-2.742696,1.000000,0.380000,0.220000,0.400000,-0.200000,0.575201
290,-0.355270,1.834625,-5.941191,0.602900,0.006673,-2.597650,1.000000,0.400000,0.220000,0.400000,-0.200000,0.602900
291,-0.349612,1.836710,-5.967168,0.630176,0.015251,-2.487091,1.000000,0.440000,0.220000,0.400000,-0.200000,0.630176
292,-0.343670,1.838813,-5.992038,0.657115,0.023177,-2.402583,1.000000,0.420000,0.220000,0.400000,-0.400000,0.657115
293,-0.337442,1.840922,-6.016064,0.681601,0.027478,-2.475062,1.000000,0.420000,0.240000,0.400000,-0.400000,0.681601
294,-0.330940,1.842986,-6.040815,0.705935,0.032709,-2.545854,1.000000,0.400000,0.240000,0.400000,-0.200000,0.705935
295,-0.324166,1.844998,-6.066273,0.732246,0.041891,-2.484990,1.000000,0.400000,0.240000,0.400000,-0.200000,0.732246
296,-0.317105,1.846983,-6.091123,0.758263,0.050813,-2.437697,1.000000,0.440000,0.240000,0.400000,-0.200000,0.758263
297,-0.309759,1.848929,-6.115500,0.784011,0.059606,-2.401191,1.000000,0.500000,0.260000,0.400000,-0.200000,0.784011
298,-0.302128,1.850825,-6.139512,0.809504,0.068373,-2.373360,1.000000,0.560000,0.260000,0.400000,-0.200000,0.809504
299,-0.294214,1.852661,-6.163246,0.834750,0.077195,-2.352571,1.000000,0.660000,0.280000,0.400000,-0.200000,0.834750
300,-0.286019,1.854426,-6.186772,0.859754,0.086141,-2.337545,1.000000,0.800000,0.280000,0.400000,-0.200000,0.859754
301,-0.277544,1.856111,-6.210147,0.884516,0.095264,-2.327262,1.000000,0.880000,0.300000,0.400000,-0.200000,0.884516
302,-0.268792,1.857707,-6.233420,0.909034,0.104611,-2.320903,1.000000,0.860000,0.300000,0.400000,-0.200000,0.909034
303,-0.259765,1.859204,-6.256629,0.933303,0.114220,-2.317800,1.000000,1.000000,0.320000,0.400000,0.000000,0.933303
304,-0.250466,1.860593,-6.279807,0.958581,0.128816,-2.116730,1.000000,1.000000,0.340000,0.400000,-0.200000,0.958581
305,-0.240885,1.861914,-6.300974,0.982447,0.137014,-2.127594,1.000000,1.000000,0.340000,0.400000,-0.200000,0.982447
306,-0.231037,1.863109,-6.322250,1.006102,0.145672,-2.139675,1.000000,1.000000,0.340000,0.400000,-0.200000,1.006102
307,-0.220927,1.864172,-6.343647,1.029532,0.154798,-2.152736,0.940000,1.000000,0.320000,0.400000,-0.200000,1.029532
308,-0.210557,1.865095,-6.365174,1.052723,0.164401,-2.166576,0.800000,1.000000,0.300000,0.200000,-0.200000,1.052723
309,-0.199930,1.865871,-6.386840,1.061662,0.174487,-2.181022,0.780000,1.000000,0.300000,0.200000,-0.200000,1.061662
310,-0.189190,1.866508,-6.408650,1.070333,0.184697,-2.194660,0.740000,1.000000,0.320000,0.200000,-0.200000,1.070333
311,-0.178340,1.867001,-6.430597,1.078733,0.195029,-2.207592,0.720000,1.000000,0.340000,0.200000,-0.200000,1.078733
312,-0.167383,1.867346,-6.452672,1.086860,0.205480,-2.219911,0.680000,1.000000,0.380000,0.200000,-0.200000,1.086860
313,-0.156324,1.867538,-6.474872,1.094708,0.216048,-2.231699,0.660000,1.000000,0.440000,0.200000,-0.200000,1.094708
314,-0.145166,1.867573,-6.497189,1.102276,0.226731,-2.243034,0.640000,1.000000,0.500000,0.200000,-0.200000,1.102276
315,-0.133913,1.867448,-6.519619,1.109560,0.237528,-2.253984,0.620000,1.000000,0.600000,0.200000,-0.400000,1.109560
316,-0.122569,1.867158,-6.542159,1.114534,0.247621,-2.299458,0.600000,1.000000,0.740000,0.200000,-0.200000,1.114534
317,-0.111162,1.866698,-6.565153,1.121174,0.258989,-2.308881,0.580000,1.000000,0.740000,0.000000,-0.200000,1.121174
318,-0.099672,1.866065,-6.588242,1.113510,0.270449,-2.318151,0.560000,1.000000,0.740000,0.000000,-0.200000,1.113510
319,-0.088239,1.865301,-6.611424,1.105537,0.281625,-2.326643,0.540000,1.000000,0.880000,0.200000,-0.200000,1.105537
320,-0.076866,1.864403,-6.634690,1.111262,0.292515,-2.334538,0.520000,1.000000,0.880000,0.200000,-0.200000,1.111262
321,-0.065425,1.863323,-6.658035,1.116696,0.303495,-2.342533,0.500000,1.000000,0.940000,0.400000,-0.200000,1.116696
322,-0.053923,1.862058,-6.681461,1.135834,0.314563,-2.350651,0.500000,1.000000,0.940000,0.400000,-0.200000,1.135834
323,-0.042233,1.860553,-6.704967,1.154674,0.326099,-2.359379,0.480000,1.000000,1.000000,0.400000,-0.200000,1.154674
324,-0.030363,1.858801,-6.728561,1.173201,0.338103,-2.368662,0.460000,1.000000,1.000000,0.400000,-0.200000,1.173201
325,-0.018319,1.856798,-6.752248,1.191401,0.350575,-2.378453,0.460000,0.820000,1.000000,0.200000,-0.400000,1.191401
326,-0.006107,1.854539,-6.776032,1.193269,0.363137,-2.404949,0.440000,0.780000,1.000000,0.200000,-0.400000,1.193269
327,0.006123,1.852093,-6.800082,1.194732,0.375976,-2.429507,0.440000,0.740000,1.000000,0.200000,-0.400000,1.194732
328,0.018368,1.849457,-6.824377,1.195784,0.389062,-2.452249,0.420000,0.700000,1.000000,0.200000,-0.400000,1.195784
329,0.030621,1.846632,-6.848899,1.196419,0.402369,-2.473298,0.420000,0.600000,1.000000,0.200000,-0.400000,1.196419
330,0.042878,1.843615,-6.873632,1.196634,0.415869,-2.492772,0.400000,0.580000,1.000000,0.000000,-0.200000,1.196634
331,0.055134,1.840408,-6.898560,1.184399,0.429721,-2.502885,0.400000,0.560000,1.000000,0.000000,-0.200000,1.184399
332,0.067286,1.837080,-6.923589,1.171763,0.443252,-2.513161,0.380000,0.520000,1.000000,-0.200000,-0.200000,1.171763
333,0.079330,1.833632,-6.948720,1.144730,0.456461,-2.523681,0.380000,0.500000,1.000000,-0.200000,-0.200000,1.144730
334,0.091153,1.830154,-6.973957,1.117306,0.468961,-2.534466,0.360000,0.480000,1.000000,0.000000,-0.200000,1.117306
335,0.102752,1.826650,-6.999302,1.103506,0.480751,-2.545647,0.360000,0.460000,1.000000,0.000000,-0.200000,1.103506
336,0.114233,1.823033,-7.024758,1.089345,0.492222,-2.557284,0.340000,0.460000,1.000000,0.000000,-0.200000,1.089345
337,0.125590,1.819304,-7.050331,1.074827,0.503371,-2.569414,0.340000,0.440000,1.000000,0.000000,-0.200000,1.074827
338,0.136822,1.815468,-7.076025,1.059955,0.514197,-2.582067,0.340000,0.420000,1.000000,0.000000,-0.200000,1.059955
339,0.147924,1.811526,-7.101846,1.044733,0.524700,-2.595269,0.320000,0.400000,1.000000,0.000000,-0.200000,1.044733
340,0.158893,1.807482,-7.127799,1.029164,0.534877,-2.609039,0.320000,0.400000,0.780000,-0.200000,-0.200000,1.029164
341,0.169726,1.803338,-7.153889,0.999253,0.544726,-2.623396,0.320000,0.380000,0.660000,-0.200000,-0.200000,0.999253
342,0.180330,1.799206,-7.180123,0.969000,0.553853,-2.638550,0.300000,0.360000,0.620000,-0.200000,-0.200000,0.969000
343,0.190705,1.795090,-7.206509,0.938419,0.562256,-2.654540,0.300000,0.360000,0.600000,-0.200000,-0.200000,0.938419
344,0.200850,1.790996,-7.233054,0.907521,0.569932,-2.671397,0.300000,0.340000,0.560000,0.000000,-0.200000,0.907521
345,0.210765,1.786931,-7.259768,0.890320,0.576878,-2.689143,0.280000,0.340000,0.460000,0.000000,-0.400000,0.890320
346,0.220529,1.782784,-7.286659,0.870891,0.583809,-2.693556,0.280000,0.320000,0.440000,0.000000,-0.200000,0.870891
347,0.230133,1.778576,-7.313595,0.853184,0.589890,-2.712627,0.280000,0.320000,0.420000,-0.200000,-0.200000,0.853184
348,0.239581,1.774295,-7.340721,0.821198,0.595623,-2.732302,0.280000,0.300000,0.400000,-0.200000,-0.400000,0.821198
349,0.248802,1.770066,-7.368044,0.787004,0.600984,-2.736589,0.260000,0.300000,0.400000,-0.200000,-0.400000,0.787004
350,0.257791,1.765914,-7.395410,0.752636,0.605422,-2.740953,0.260000,0.300000,0.380000,-0.200000,-0.400000,0.752636
351,0.266552,1.761845,-7.422820,0.718120,0.608933,-2.745456,0.260000,0.280000,0.360000,-0.200000,-0.400000,0.718120
352,0.275085,1.757866,-7.450274,0.683480,0.611513,-2.750151,0.260000,0.280000,0.340000,-0.200000,-0.200000,0.683480
353,0.283393,1.753983,-7.477776,0.650669,0.612700,-2.774767,0.260000,0.280000,0.340000,-0.200000,-0.200000,0.650669
354,0.291482,1.750182,-7.505523,0.617672,0.613121,-2.800255,0.260000,0.260000,0.320000,-0.200000,-0.200000,0.617672
355,0.299354,1.746470,-7.533526,0.584507,0.612761,-2.826606,0.240000,0.260000,0.320000,-0.200000,-0.200000,0.584507
356,0.307011,1.742853,-7.561792,0.551191,0.611608,-2.853813,0.240000,0.260000,0.300000,-0.200000,-0.200000,0.551191
357,0.314456,1.739336,-7.590330,0.517739,0.609647,-2.881864,0.240000,0.240000,0.300000,-0.200000,-0.200000,0.517739
358,0.321691,1.735926,-7.619149,0.484173,0.606862,-2.910746,0.240000,0.240000,0.280000,-0.200000,-0.200000,0.484173
359,0.328719,1.732630,-7.648256,0.450512,0.603240,-2.940445,0.240000,0.240000,0.280000,-0.200000,-0.200000,0.450512
360,0.335545,1.729452,-7.677661,0.416776,0.598762,-2.970943,0.240000,0.240000,0.260000,-0.400000,-0.200000,0.416776
361,0.342171,1.726399,-7.707370,0.368990,0.593413,-3.002222,0.240000,0.240000,0.260000,-0.400000,-0.200000,0.368990
362,0.348580,1.723615,-7.737392,0.321178,0.586754,-3.034609,0.240000,0.240000,0.260000,-0.200000,-0.200000,0.321178
363,0.354781,1.721108,-7.767738,0.287375,0.578763,-3.068046,0.240000,0.220000,0.240000,-0.400000,-0.200000,0.287375
364,0.360795,1.718744,-7.798419,0.239622,0.569843,-3.102158,0.240000,0.220000,0.240000,-0.400000,-0.200000,0.239622
365,0.366618,1.716667,-7.829440,0.191949,0.559546,-3.137207,0.240000,0.220000,0.240000,-0.200000,-0.200000,0.191949
366,0.372259,1.714886,-7.860813,0.158400,0.547848,-3.173110,0.240000,0.220000,0.240000,-0.200000,-0.200000,0.158400
367,0.377726,1.713264,-7.892544,0.125023,0.535163,-3.209549,0.240000,0.220000,0.240000,-0.200000,-0.200000,0.125023
368,0.383026,1.711809,-7.924639,0.091853,0.521476,-3.246484,0.240000,0.220000,0.220000,-0.200000,-0.200000,0.091853
369,0.388163,1.710524,-7.957104,0.058932,0.506771,-3.283874,0.240000,0.220000,0.220000,-0.200000,-0.200000,0.058932
370,0.393143,1.709417,-7.989943,0.026299,0.491033,-3.321674,0.240000,0.220000,0.220000,-0.200000,-0.200000,0.026299
371,0.397972,1.708490,-8.023159,-0.006001,0.474251,-3.359836,0.240000,0.220000,0.220000,-0.200000,-0.400000,-0.006001
372,0.402657,1.707751,-8.056758,-0.039826,0.457017,-3.372357,0.260000,0.220000,0.220000,-0.200000,-0.400000,-0.039826
373,0.407214,1.707221,-8.090481,-0.073125,0.438664,-3.385142,0.260000,0.220000,0.220000,-0.200000,-0.400000,-0.073125
374,0.411650,1.706904,-8.124333,-0.105858,0.419200,-3.398163,0.260000,0.220000,0.220000,-0.200000,-0.400000,-0.105858
375,0.415972,1.706804,-8.158314,-0.137983,0.398637,-3.411400,0.260000,0.220000,0.220000,-0.200000,-0.400000,-0.137983
376,0.420189,1.706926,-8.192428,-0.169459,0.376986,-3.424835,0.280000,0.220000,0.220000,0.000000,-0.400000,-0.169459
377,0.424307,1.707273,-8.226677,-0.186243,0.354263,-3.438459,0.280000,0.240000,0.220000,0.000000,-0.400000,-0.186243
378,0.428285,1.707718,-8.261061,-0.202295,0.330954,-3.452178,0.300000,0.240000,0.220000,0.200000,-0.400000,-0.202295
379,0.432125,1.708265,-8.295583,-0.203588,0.307081,-3.465988,0.300000,0.240000,0.220000,0.200000,-0.400000,-0.203588
380,0.435771,1.708793,-8.330243,-0.204098,0.283145,-3.479785,0.320000,0.240000,0.220000,0.200000,-0.400000,-0.204098
381,0.439223,1.709309,-8.365041,-0.203814,0.259171,-3.493559,0.320000,0.240000,0.220000,0.200000,-0.400000,-0.203814
382,0.442481,1.709819,-8.399976,-0.202730,0.235189,-3.507296,0.300000,0.260000,0.220000,0.200000,-0.400000,-0.202730
383,0.445543,1.710330,-8.435049,-0.200838,0.211228,-3.520983,0.300000,0.260000,0.220000,0.200000,-0.400000,-0.200838
384,0.448412,1.710850,-8.470259,-0.198131,0.187315,-3.534605,0.300000,0.260000,0.220000,0.200000,-0.400000,-0.198131
385,0.451085,1.711384,-8.505605,-0.194605,0.163482,-3.548150,0.320000,0.280000,0.220000,0.200000,-0.400000,-0.194605
386,0.453565,1.711940,-8.541087,-0.190256,0.139759,-3.561605,0.340000,0.280000,0.240000,0.200000,-0.400000,-0.190256
387,0.455853,1.712524,-8.576703,-0.185081,0.116177,-3.574960,0.360000,0.300000,0.240000,0.200000,-0.400000,-0.185081
388,0.457948,1.713144,-8.612452,-0.179077,0.092767,-3.588214,0.400000,0.300000,0.240000,0.200000,-0.400000,-0.179077
389,0.459853,1.713805,-8.648335,-0.164544,0.087778,-2.822248,0.420000,0.320000,0.240000,0.200000,-0.400000,-0.164544
390,0.461642,1.714332,-8.676557,-0.156863,0.066352,-2.835907,0.460000,0.320000,0.240000,0.400000,-0.400000,-0.156863
391,0.463243,1.714913,-8.704916,-0.126880,0.063354,-2.070307,0.480000,0.340000,0.260000,0.400000,-0.400000,-0.126880
392,0.464615,1.715273,-8.725619,-0.104033,0.043950,-2.084137,0.520000,0.340000,0.260000,0.400000,-0.400000,-0.104033
393,0.465694,1.715606,-8.746461,-0.073081,0.043232,-1.318127,0.540000,0.340000,0.260000,0.400000,-0.400000,-0.073081
394,0.466534,1.715728,-8.759642,-0.049492,0.025480,-1.331607,0.560000,0.340000,0.260000,0.400000,-0.400000,-0.049492
395,0.467081,1.715833,-8.772958,-0.017960,0.026262,-0.564318,0.580000,0.320000,0.260000,0.600000,-0.400000,-0.017960
396,0.467383,1.715734,-8.778601,0.020039,0.009291,-0.576575,0.600000,0.320000,0.260000,0.600000,-0.400000,0.020039
397,0.467279,1.715539,-8.784367,0.061447,0.000169,-0.243512,0.600000,0.320000,0.260000,0.600000,-0.400000,0.061447
398,0.466787,1.715170,-8.786802,0.100736,-0.010161,-0.319549,0.600000,0.320000,0.260000,0.600000,-0.400000,0.100736
399,0.465918,1.714652,-8.789997,0.140582,-0.015141,-0.534358,0.600000,0.320000,0.260000,0.600000,-0.400000,0.140582
400,0.464696,1.713940,-8.795341,0.180669,-0.019705,-0.706315,0.600000,0.320000,0.260000,0.600000,-0.400000,0.180669
401,0.463119,1.713036,-8.802404,0.220851,-0.023733,-0.870910,0.600000,0.320000,0.260000,0.600000,-0.400000,0.220851
402,0.461187,1.711941,-8.811113,0.261094,-0.027219,-1.031518,0.600000,0.320000,0.260000,0.600000,-0.400000,0.261094
403,0.458895,1.710660,-8.821428,0.301385,-0.030109,-1.188908,0.600000,0.320000,0.260000,0.600000,-0.400000,0.301385
404,0.456243,1.709198,-8.833318,0.341715,-0.032334,-1.343174,0.600000,0.320000,0.260000,0.400000,-0.400000,0.341715
405,0.453226,1.707561,-8.846749,0.368073,-0.033821,-1.494162,0.580000,0.320000,0.260000,0.400000,-0.400000,0.368073
406,0.449958,1.705833,-8.861691,0.394509,-0.034611,-1.633085,0.600000,0.320000,0.260000,0.400000,-0.400000,0.394509
407,0.446438,1.704020,-8.878022,0.420989,-0.034714,-1.762624,0.640000,0.320000,0.280000,0.400000,-0.400000,0.420989
408,0.442661,1.702128,-8.895648,0.447483,-0.034133,-1.884493,0.680000,0.340000,0.280000,0.400000,-0.400000,0.447483
409,0.438626,1.700164,-8.914493,0.473965,-0.032860,-1.999799,0.760000,0.340000,0.280000,0.400000,-0.400000,0.473965
410,0.434329,1.698135,-8.934491,0.500408,-0.030886,-2.109270,0.860000,0.340000,0.280000,0.400000,-0.400000,0.500408
411,0.429769,1.696052,-8.955584,0.526787,-0.028198,-2.213381,0.980000,0.360000,0.280000,0.400000,-0.200000,0.526787
412,0.424943,1.693921,-8.977717,0.555225,-0.020111,-2.112683,1.000000,0.360000,0.280000,0.400000,-0.200000,0.555225
413,0.419850,1.691702,-8.998844,0.583291,-0.012915,-2.041800,1.000000,0.380000,0.280000,0.400000,-0.400000,0.583291
414,0.414485,1.689410,-9.019262,0.608881,-0.010272,-2.162776,1.000000,0.400000,0.280000,0.400000,-0.400000,0.608881
415,0.408849,1.687102,-9.040890,0.634405,-0.006619,-2.276373,1.000000,0.400000,0.280000,0.400000,-0.200000,0.634405
416,0.402942,1.684788,-9.063654,0.662006,0.001861,-2.218855,1.000000,0.420000,0.280000,0.400000,-0.200000,0.662006
417,0.396755,1.682431,-9.085842,0.689301,0.009897,-2.177607,1.000000,0.440000,0.260000,0.400000,-0.200000,0.689301
418,0.390288,1.680046,-9.107618,0.716327,0.017671,-2.148915,1.000000,0.480000,0.260000,0.400000,-0.200000,0.716327
419,0.383537,1.677644,-9.129108,0.743111,0.025324,-2.130009,1.000000,0.500000,0.240000,0.400000,-0.200000,0.743111
420,0.376502,1.675237,-9.150408,0.769666,0.032966,-2.118798,1.000000,0.520000,0.260000,0.400000,-0.200000,0.769666
421,0.369182,1.672834,-9.171596,0.796001,0.040684,-2.113678,1.000000,0.520000,0.260000,0.400000,-0.200000,0.796001
422,0.361578,1.670446,-9.192732,0.822121,0.048548,-2.113404,1.000000,0.520000,0.260000,0.400000,-0.200000,0.822121
423,0.353689,1.668083,-9.213866,0.848025,0.056618,-2.116994,1.000000,0.500000,0.260000,0.400000,-0.200000,0.848025
424,0.345515,1.665754,-9.235036,0.873711,0.064939,-2.123664,1.000000,0.500000,0.260000,0.400000,-0.200000,0.873711
425,0.337057,1.663468,-9.256273,0.899174,0.073553,-2.132785,1.000000,0.560000,0.280000,0.600000,-0.200000,0.899174
426,0.328316,1.661235,-9.277601,0.938407,0.082492,-2.143845,1.000000,0.620000,0.280000,0.400000,-0.200000,0.938407
427,0.319154,1.659043,-9.299039,0.963401,0.092140,-2.158632,1.000000,0.700000,0.280000,0.400000,-0.200000,0.963401
428,0.309712,1.656921,-9.320626,0.988137,0.102175,-2.174256,1.000000,0.840000,0.300000,0.400000,-0.200000,0.988137
429,0.299990,1.654877,-9.342368,1.012605,0.112615,-2.190483,1.000000,1.000000,0.300000,0.400000,0.000000,1.012605
430,0.289991,1.652921,-9.364273,1.038051,0.128193,-2.005360,0.980000,1.000000,0.320000,0.400000,0.000000,1.038051
431,0.279707,1.651014,-9.384327,1.063388,0.141757,-1.840281,0.920000,1.000000,0.320000,0.200000,-0.200000,1.063388
432,0.269140,1.649168,-9.402729,1.073316,0.149329,-1.872981,0.880000,1.000000,0.340000,0.200000,-0.200000,1.073316
433,0.258442,1.647438,-9.421459,1.083038,0.157249,-1.903634,0.840000,1.000000,0.360000,0.200000,-0.200000,1.083038
434,0.247617,1.645830,-9.440496,1.092546,0.165495,-1.932386,0.800000,1.000000,0.360000,0.200000,-0.200000,1.092546
435,0.236667,1.644347,-9.459819,1.101831,0.174050,-1.959376,0.760000,1.000000,0.380000,0.200000,-0.200000,1.101831
436,0.225594,1.642993,-9.479413,1.110886,0.182896,-1.984741,0.740000,1.000000,0.400000,0.200000,-0.200000,1.110886
437,0.214402,1.641774,-9.499261,1.119703,0.192017,-2.008610,0.700000,1.000000,0.400000,0.200000,-0.200000,1.119703
438,0.203093,1.640692,-9.519347,1.128275,0.201399,-2.031107,0.680000,1.000000,0.380000,0.200000,-0.200000,1.128275
439,0.191671,1.639753,-9.539658,1.136595,0.211027,-2.052350,0.660000,1.000000,0.380000,0.200000,-0.200000,1.136595
440,0.180138,1.638959,-9.560181,1.144656,0.220891,-2.072451,0.640000,1.000000,0.360000,0.400000,-0.200000,1.144656
441,0.168498,1.638315,-9.580906,1.166453,0.230978,-2.091515,0.600000,1.000000,0.380000,0.200000,-0.200000,1.166453
442,0.156616,1.637848,-9.601821,1.173981,0.241627,-2.110584,0.580000,1.000000,0.420000,0.200000,-0.200000,1.173981
443,0.144634,1.637537,-9.622927,1.181221,0.252487,-2.128703,0.560000,1.000000,0.480000,0.200000,-0.200000,1.181221
444,0.132556,1.637387,-9.644214,1.188170,0.263548,-2.145971,0.540000,1.000000,0.560000,0.200000,-0.200000,1.188170
445,0.120386,1.637401,-9.665674,1.194820,0.274801,-2.162482,0.540000,1.000000,0.660000,0.200000,-0.200000,1.194820
446,0.108127,1.637582,-9.687298,1.201167,0.286238,-2.178322,0.520000,1.000000,0.820000,0.400000,-0.200000,1.201167
447,0.095784,1.637935,-9.709082,1.221205,0.297853,-2.193575,0.500000,1.000000,1.000000,0.400000,-0.200000,1.221205
448,0.083227,1.638502,-9.731017,1.240929,0.309993,-2.208957,0.480000,0.960000,1.000000,0.400000,-0.200000,1.240929
449,0.070460,1.639287,-9.753107,1.260325,0.322658,-2.224432,0.480000,0.900000,1.000000,0.200000,-0.200000,1.260325
450,0.057490,1.640297,-9.775351,1.265376,0.335846,-2.239968,0.460000,0.840000,1.000000,0.200000,-0.200000,1.265376
451,0.044452,1.641489,-9.797751,1.270065,0.349197,-2.255013,0.440000,0.800000,1.000000,0.000000,-0.200000,1.270065
452,0.031352,1.642865,-9.820301,1.260388,0.362703,-2.269646,0.440000,0.760000,1.000000,0.200000,-0.200000,1.260388
453,0.018324,1.644374,-9.842997,1.264337,0.375999,-2.283510,0.420000,0.720000,1.000000,0.200000,-0.200000,1.264337
454,0.005243,1.646073,-9.865833,1.267919,0.389435,-2.297154,0.400000,0.680000,1.000000,0.000000,-0.200000,1.267919
455,-0.007885,1.647964,-9.888804,1.257128,0.403008,-2.310637,0.400000,0.640000,1.000000,0.200000,-0.200000,1.257128
456,-0.020931,1.649986,-9.911910,1.259957,0.416348,-2.323706,0.380000,0.600000,1.000000,0.200000,-0.200000,1.259957
457,-0.034014,1.652205,-9.935148,1.262412,0.429814,-2.336751,0.380000,0.580000,1.000000,0.200000,-0.200000,1.262412
458,-0.047129,1.654621,-9.958515,1.264487,0.443400,-2.349812,0.360000,0.560000,1.000000,0.000000,-0.200000,1.264487
459,-0.060271,1.657237,-9.982013,1.252175,0.457103,-2.362929,0.360000,0.520000,1.000000,0.200000,-0.200000,1.252175
460,-0.073315,1.659980,-10.005642,1.253470,0.470554,-2.375969,0.340000,0.500000,1.000000,0.200000,-0.200000,1.253470
461,-0.086376,1.662924,-10.029402,1.254376,0.484114,-2.389155,0.340000,0.480000,0.980000,0.200000,-0.200000,1.254376
462,-0.099448,1.666072,-10.053294,1.254887,0.497779,-2.402513,0.340000,0.460000,0.960000,0.200000,-0.200000,1.254887
463,-0.112526,1.669423,-10.077319,1.254995,0.511545,-2.416070,0.320000,0.440000,0.900000,0.200000,-0.200000,1.254995
464,-0.125603,1.672979,-10.101480,1.254695,0.525409,-2.429850,0.320000,0.420000,0.820000,0.200000,-0.200000,1.254695
465,-0.138676,1.676740,-10.125778,1.253980,0.539367,-2.443875,0.300000,0.420000,0.760000,0.200000,-0.200000,1.253980
466,-0.151737,1.680706,-10.150217,1.252842,0.553413,-2.458165,0.300000,0.400000,0.700000,0.000000,-0.200000,1.252842
467,-0.164783,1.684878,-10.174798,1.237273,0.567545,-2.472741,0.300000,0.380000,0.660000,0.000000,-0.200000,1.237273
468,-0.177705,1.689159,-10.199526,1.221268,0.581386,-2.487644,0.280000,0.360000,0.620000,-0.400000,-0.200000,1.221268
469,-0.190499,1.693548,-10.224402,1.176827,0.594930,-2.502920,0.280000,0.360000,0.580000,-0.400000,-0.200000,1.176827
470,-0.202967,1.697840,-10.249432,1.131954,0.607424,-2.518783,0.280000,0.340000,0.540000,-0.200000,-0.200000,1.131954
471,-0.215111,1.702029,-10.274619,1.100666,0.618865,-2.535362,0.260000,0.320000,0.500000,-0.400000,-0.200000,1.100666
472,-0.227026,1.706212,-10.299973,1.054983,0.629621,-2.552599,0.260000,0.320000,0.480000,-0.400000,-0.200000,1.054983
473,-0.238620,1.710276,-10.325499,1.008916,0.639311,-2.570726,0.260000,0.300000,0.460000,-0.400000,-0.200000,1.008916
474,-0.249896,1.714213,-10.351206,0.962483,0.647927,-2.589814,0.240000,0.300000,0.420000,-0.400000,-0.200000,0.962483
475,-0.260858,1.718016,-10.377104,0.915703,0.655461,-2.609920,0.240000,0.280000,0.400000,-0.200000,-0.200000,0.915703
476,-0.271508,1.721676,-10.403204,0.882594,0.661905,-2.631086,0.240000,0.280000,0.380000,-0.200000,-0.200000,0.882594
477,-0.281927,1.725303,-10.429514,0.849176,0.667630,-2.653065,0.240000,0.280000,0.380000,-0.200000,-0.200000,0.849176
478,-0.292116,1.728889,-10.456045,0.815459,0.672625,-2.675866,0.240000,0.260000,0.360000,-0.200000,-0.200000,0.815459
479,-0.302076,1.732430,-10.482804,0.781456,0.676877,-2.699493,0.220000,0.260000,0.340000,-0.400000,-0.200000,0.781456
480,-0.311808,1.735919,-10.509799,0.733179,0.680374,-2.723946,0.220000,0.240000,0.320000,-0.400000,-0.200000,0.733179
481,-0.321248,1.739226,-10.537038,0.684641,0.682711,-2.749534,0.220000,0.240000,0.320000,-0.400000,-0.200000,0.684641
482,-0.330400,1.742343,-10.564533,0.635864,0.683871,-2.776250,0.220000,0.240000,0.300000,-0.200000,-0.200000,0.635864
483,-0.339270,1.745263,-10.592296,0.600873,0.683835,-2.804084,0.220000,0.240000,0.280000,-0.200000,-0.200000,0.600873
484,-0.347918,1.748106,-10.620337,0.565694,0.682980,-2.832697,0.220000,0.220000,0.280000,-0.200000,-0.200000,0.565694
485,-0.356346,1.750866,-10.648664,0.530343,0.681289,-2.862077,0.200000,0.220000,0.260000,-0.400000,-0.200000,0.530343
486,-0.364556,1.753537,-10.677285,0.480841,0.678743,-2.892210,0.200000,0.220000,0.260000,-0.400000,-0.200000,0.480841
487,-0.372507,1.755980,-10.706207,0.431208,0.674915,-2.923387,0.200000,0.220000,0.260000,-0.400000,-0.200000,0.431208
488,-0.380206,1.758187,-10.735440,0.381476,0.669781,-2.955569,0.200000,0.220000,0.240000,-0.400000,-0.200000,0.381476
489,-0.387660,1.760151,-10.764996,0.331680,0.663313,-2.988707,0.200000,0.200000,0.240000,-0.400000,-0.200000,0.331680
490,-0.394875,1.761864,-10.794883,0.281857,0.655486,-3.022752,0.200000,0.200000,0.240000,-0.200000,-0.200000,0.281857
491,-0.401861,1.763319,-10.825111,0.246046,0.646272,-3.057643,0.200000,0.200000,0.220000,-0.200000,-0.200000,0.246046
492,-0.408647,1.764648,-10.855687,0.210288,0.636068,-3.093091,0.200000,0.200000,0.220000,-0.200000,-0.200000,0.210288
493,-0.415239,1.765843,-10.886618,0.174619,0.624853,-3.129065,0.200000,0.200000,0.220000,0.000000,-0.200000,0.174619
494,-0.421640,1.766900,-10.917909,0.153073,0.612606,-3.165536,0.200000,0.200000,0.220000,0.000000,-0.200000,0.153073
495,-0.427866,1.767950,-10.949564,0.131687,0.599747,-3.202279,0.200000,0.200000,0.220000,0.000000,-0.200000,0.131687
496,-0.433918,1.768990,-10.981587,0.110488,0.586267,-3.239285,0.200000,0.200000,0.200000,0.000000,-0.200000,0.110488
497,-0.439796,1.770013,-11.013980,0.089505,0.572155,-3.276544,0.200000,0.200000,0.200000,0.000000,-0.200000,0.089505
498,-0.445500,1.771013,-11.046745,0.068766,0.557405,-3.314046,0.200000,0.200000,0.200000,0.000000,-0.200000,0.068766
499,-0.451031,1.771985,-11.079886,0.048303,0.542010,-3.351779,0.220000,0.200000,0.200000,0.000000,-0.200000,0.048303
500,-0.456392,1.772923,-11.113403,0.028145,0.525963,-3.389731,0.220000,0.200000,0.200000,0.000000,-0.200000,0.028145
501,-0.461582,1.773820,-11.147301,0.008327,0.509260,-3.427887,0.220000,0.200000,0.200000,0.000000,-0.200000,0.008327
502,-0.466603,1.774672,-11.181580,-0.011119,0.491900,-3.466233,0.220000,0.200000,0.200000,0.000000,-0.200000,-0.011119
503,-0.471458,1.775473,-11.216242,-0.030158,0.473878,-3.504752,0.220000,0.200000,0.200000,0.000000,-0.200000,-0.030158
504,-0.476148,1.776216,-11.251289,-0.048753,0.455197,-3.543426,0.220000,0.200000,0.180000,0.000000,-0.200000,-0.048753
505,-0.480675,1.776895,-11.286724,-0.066869,0.435857,-3.582237,0.240000,0.200000,0.180000,0.000000,-0.200000,-0.066869
506,-0.485042,1.777506,-11.322546,-0.084468,0.415862,-3.621165,0.240000,0.200000,0.180000,0.000000,-0.200000,-0.084468
507,-0.489252,1.778042,-11.358758,-0.101512,0.395218,-3.660187,0.240000,0.200000,0.180000,0.000000,-0.200000,-0.101512
508,-0.493307,1.778497,-11.395360,-0.117961,0.373930,-3.699281,0.260000,0.200000,0.180000,0.000000,-0.200000,-0.117961
509,-0.497210,1.778866,-11.432352,-0.133776,0.352010,-3.738423,0.260000,0.200000,0.180000,0.000000,-0.200000,-0.133776
510,-0.500966,1.779143,-11.469737,-0.148917,0.329469,-3.777593,0.260000,0.200000,0.180000,0.200000,-0.200000,-0.148917
511,-0.504577,1.779322,-11.507513,-0.149342,0.306319,-3.816768,0.280000,0.220000,0.180000,0.000000,-0.200000,-0.149342
512,-0.507979,1.779521,-11.545680,-0.163012,0.283104,-3.855854,0.300000,0.220000,0.200000,0.000000,-0.200000,-0.163012
513,-0.511245,1.779611,-11.584239,-0.175905,0.259321,-3.894906,0.300000,0.220000,0.200000,0.200000,-0.200000,-0.175905
514,-0.514378,1.779588,-11.623188,-0.173980,0.234991,-3.933913,0.320000,0.220000,0.200000,0.200000,-0.200000,-0.173980
515,-0.517302,1.779560,-11.662527,-0.171198,0.210679,-3.972755,0.340000,0.240000,0.200000,0.200000,-0.200000,-0.171198
516,-0.520016,1.779518,-11.702255,-0.167539,0.186422,-4.011396,0.360000,0.240000,0.200000,0.200000,-0.200000,-0.167539
517,-0.522522,1.779454,-11.742368,-0.162987,0.162258,-4.049797,0.400000,0.260000,0.200000,0.200000,-0.200000,-0.162987
518,-0.524820,1.779360,-11.782866,-0.157525,0.138227,-4.087923,0.420000,0.260000,0.200000,0.200000,-0.200000,-0.157525
519,-0.526911,1.779228,-11.823746,-0.151141,0.114372,-4.125738,0.480000,0.280000,0.200000,0.200000,-0.200000,-0.151141
520,-0.528798,1.779048,-11.865003,-0.139894,0.110114,-3.334364,0.520000,0.280000,0.220000,0.200000,-0.200000,-0.139894
521,-0.530577,1.778987,-11.898347,-0.131529,0.088043,-3.372424,0.580000,0.300000,0.220000,0.400000,-0.200000,-0.131529
522,-0.532155,1.778863,-11.932071,-0.104532,0.085595,-2.581223,0.580000,0.300000,0.220000,0.400000,-0.200000,-0.104532
523,-0.533504,1.778933,-11.957883,-0.080704,0.065486,-2.619174,0.580000,0.320000,0.220000,0.400000,-0.200000,-0.080704
524,-0.534541,1.779009,-11.984075,-0.052451,0.065350,-1.827033,0.600000,0.340000,0.240000,0.400000,-0.200000,-0.052451
525,-0.535338,1.779266,-12.002345,-0.027610,0.046946,-1.864147,0.660000,0.340000,0.240000,0.400000,-0.200000,-0.027610
526,-0.535823,1.779516,-12.020987,0.001487,0.048376,-1.069484,0.700000,0.360000,0.240000,0.600000,-0.200000,0.001487
527,-0.536061,1.779937,-12.031682,0.040980,0.030740,-1.107979,0.740000,0.360000,0.240000,0.600000,-0.200000,0.040980
528,-0.535865,1.780410,-12.042761,0.081709,0.018656,-0.917056,0.800000,0.360000,0.240000,0.600000,-0.200000,0.081709
529,-0.535251,1.780980,-12.051932,0.122926,0.008599,-0.666914,0.840000,0.360000,0.240000,0.600000,-0.200000,0.122926
530,-0.534223,1.781660,-12.058601,0.164204,0.000020,-0.508945,0.860000,0.360000,0.240000,0.600000,-0.200000,0.164204
531,-0.532788,1.782459,-12.063690,0.205550,-0.005622,-0.487413,0.880000,0.380000,0.240000,0.600000,-0.400000,0.205550
532,-0.530960,1.783400,-12.068565,0.244778,-0.012944,-0.686956,0.900000,0.380000,0.240000,0.600000,-0.200000,0.244778
533,-0.528747,1.784455,-12.075434,0.286459,-0.014597,-0.706584,0.940000,0.380000,0.240000,0.600000,-0.400000,0.286459
534,-0.526152,1.785677,-12.082500,0.325903,-0.019880,-0.924424,0.980000,0.380000,0.240000,0.600000,-0.400000,0.325903
535,-0.523175,1.787017,-12.091744,0.365551,-0.023952,-1.126101,1.000000,0.380000,0.240000,0.600000,-0.400000,0.365551
536,-0.519814,1.788474,-12.103005,0.405357,-0.026862,-1.314530,1.000000,0.380000,0.240000,0.400000,-0.200000,0.405357
537,-0.516068,1.790046,-12.116151,0.433445,-0.024152,-1.300460,1.000000,0.400000,0.240000,0.400000,-0.200000,0.433445
538,-0.512060,1.791714,-12.129155,0.461388,-0.021726,-1.304043,1.000000,0.400000,0.240000,0.400000,-0.200000,0.461388
539,-0.507788,1.793471,-12.142196,0.489220,-0.019404,-1.319659,1.000000,0.420000,0.240000,0.600000,-0.200000,0.489220
540,-0.503250,1.795308,-12.155392,0.530959,-0.017059,-1.343613,1.000000,0.420000,0.240000,0.600000,-0.200000,0.530959
541,-0.498314,1.797273,-12.168828,0.572599,-0.014442,-1.378925,1.000000,0.420000,0.240000,0.400000,-0.200000,0.572599
542,-0.492979,1.799356,-12.182618,0.600147,-0.011437,-1.421778,1.000000,0.440000,0.240000,0.400000,-0.200000,0.600147
543,-0.487371,1.801497,-12.196835,0.627617,-0.008145,-1.465307,1.000000,0.440000,0.260000,0.400000,-0.200000,0.627617
544,-0.481489,1.803688,-12.211488,0.655004,-0.004529,-1.509113,1.000000,0.460000,0.260000,0.400000,-0.200000,0.655004
545,-0.475331,1.805922,-12.226580,0.682300,-0.000560,-1.552880,1.000000,0.480000,0.260000,0.400000,-0.200000,0.682300
546,-0.468897,1.808191,-12.242108,0.709498,0.003786,-1.596359,1.000000,0.500000,0.260000,0.400000,-0.200000,0.709498
547,-0.462183,1.810487,-12.258072,0.736590,0.008532,-1.639348,1.000000,0.500000,0.260000,0.400000,-0.200000,0.736590
548,-0.455191,1.812803,-12.274465,0.763564,0.013697,-1.681686,1.000000,0.520000,0.260000,0.400000,-0.200000,0.763564
549,-0.447918,1.815132,-12.291282,0.790411,0.019296,-1.723241,1.000000,0.500000,0.260000,0.400000,-0.200000,0.790411
550,-0.440363,1.817465,-12.308515,0.817118,0.025346,-1.763906,1.000000,0.500000,0.260000,0.400000,-0.200000,0.817118
551,-0.432527,1.819793,-12.326154,0.843673,0.031859,-1.803594,1.000000,0.480000,0.260000,0.400000,-0.200000,0.843673
552,-0.424408,1.822110,-12.344190,0.870064,0.038846,-1.842237,1.000000,0.480000,0.280000,0.200000,-0.200000,0.870064
553,-0.416007,1.824406,-12.362612,0.882278,0.046318,-1.879782,1.000000,0.500000,0.280000,0.200000,-0.200000,0.882278
554,-0.407460,1.826645,-12.381410,0.894302,0.053974,-1.913686,1.000000,0.540000,0.280000,0.200000,-0.200000,0.894302
555,-0.398769,1.828820,-12.400547,0.906131,0.061800,-1.944413,1.000000,0.600000,0.280000,0.400000,-0.200000,0.906131
556,-0.389934,1.830926,-12.419991,0.931757,0.069785,-1.972362,1.000000,0.660000,0.300000,0.400000,-0.200000,0.931757
557,-0.380818,1.832975,-12.439714,0.957176,0.078249,-2.000143,1.000000,0.760000,0.300000,0.400000,-0.200000,0.957176
558,-0.371422,1.834960,-12.459716,0.982372,0.087203,-2.027609,1.000000,0.880000,0.300000,0.200000,-0.200000,0.982372
559,-0.361747,1.836873,-12.479992,0.993332,0.096654,-2.054645,1.000000,0.940000,0.320000,0.400000,0.000000,0.993332
560,-0.351934,1.838693,-12.500538,1.019262,0.111131,-1.871160,1.000000,0.940000,0.340000,0.200000,0.000000,1.019262
561,-0.341836,1.840472,-12.519250,1.031094,0.123630,-1.707563,1.000000,1.000000,0.340000,0.200000,0.000000,1.031094
562,-0.331595,1.842193,-12.536326,1.042892,0.134093,-1.559538,1.000000,1.000000,0.360000,0.200000,0.000000,1.042892
563,-0.321211,1.843847,-12.551921,1.054708,0.142764,-1.424774,1.000000,1.000000,0.360000,0.400000,0.000000,1.054708
564,-0.310686,1.845427,-12.566169,1.080579,0.149853,-1.301341,1.000000,1.000000,0.380000,0.400000,0.000000,1.080579
565,-0.299880,1.846927,-12.579182,1.106529,0.155796,-1.188208,1.000000,1.000000,0.380000,0.400000,-0.200000,1.106529
566,-0.288796,1.848343,-12.591064,1.131134,0.156850,-1.248952,1.000000,1.000000,0.380000,0.400000,-0.200000,1.131134
567,-0.277449,1.849632,-12.603554,1.155634,0.158943,-1.309108,0.960000,1.000000,0.360000,0.400000,0.000000,1.155634
568,-0.265842,1.850791,-12.616645,1.181439,0.165994,-1.200323,0.940000,1.000000,0.360000,0.400000,-0.200000,1.181439
569,-0.253959,1.851855,-12.628648,1.205884,0.168106,-1.263886,0.820000,1.000000,0.340000,0.400000,-0.200000,1.205884
570,-0.241819,1.852782,-12.641287,1.230198,0.171304,-1.326384,0.800000,1.000000,0.340000,0.400000,-0.200000,1.230198
571,-0.229423,1.853570,-12.654551,1.254361,0.175575,-1.387532,0.780000,1.000000,0.320000,0.400000,-0.200000,1.254361
572,-0.216774,1.854214,-12.668426,1.278356,0.180903,-1.447088,0.760000,1.000000,0.320000,0.000000,-0.200000,1.278356
573,-0.203872,1.854711,-12.682897,1.274161,0.187269,-1.504859,0.740000,1.000000,0.340000,0.000000,-0.200000,1.274161
574,-0.190999,1.855090,-12.697946,1.269757,0.194129,-1.558428,0.720000,1.000000,0.360000,0.000000,-0.200000,1.269757
575,-0.178157,1.855348,-12.713530,1.265135,0.201414,-1.607988,0.700000,1.000000,0.380000,0.400000,-0.200000,1.265135
576,-0.165347,1.855486,-12.729610,1.288288,0.209061,-1.653756,0.680000,1.000000,0.420000,0.000000,-0.200000,1.288288
577,-0.152296,1.855455,-12.746147,1.283212,0.217581,-1.698111,0.660000,1.000000,0.460000,0.000000,-0.200000,1.283212
578,-0.139281,1.855301,-12.763128,1.277884,0.226379,-1.738909,0.640000,1.000000,0.500000,0.000000,-0.200000,1.277884
579,-0.126306,1.855023,-12.780518,1.272301,0.235402,-1.776414,0.620000,1.000000,0.580000,0.000000,-0.200000,1.272301
580,-0.113374,1.854620,-12.798282,1.266459,0.244602,-1.810890,0.600000,1.000000,0.660000,0.200000,-0.200000,1.266459
581,-0.100486,1.854089,-12.816391,1.274355,0.253936,-1.842594,0.580000,1.000000,0.740000,0.000000,-0.200000,1.274355
582,-0.087510,1.853397,-12.834817,1.267988,0.263675,-1.872669,0.560000,1.000000,0.720000,0.000000,-0.200000,1.267988
583,-0.074585,1.852576,-12.853543,1.261347,0.273483,-1.900360,0.560000,1.000000,0.720000,0.200000,-0.200000,1.261347
584,-0.061714,1.851626,-12.872547,1.268434,0.283329,-1.925906,0.540000,1.000000,0.860000,0.000000,-0.200000,1.268434
585,-0.048765,1.850504,-12.891806,1.261248,0.293501,-1.950293,0.520000,1.000000,0.840000,0.200000,-0.400000,1.261248
586,-0.035876,1.849253,-12.911309,1.265773,0.303045,-1.999331,0.500000,1.000000,0.840000,0.200000,-0.200000,1.265773
587,-0.022940,1.847825,-12.931302,1.271960,0.313793,-2.020418,0.500000,1.000000,0.900000,0.000000,-0.200000,1.271960
588,-0.009938,1.846217,-12.951506,1.263853,0.324806,-2.040674,0.480000,1.000000,0.900000,0.200000,-0.200000,1.263853
589,0.002995,1.844479,-12.971913,1.269443,0.335740,-2.059581,0.480000,1.000000,0.960000,0.000000,0.000000,1.269443
590,0.015985,1.842555,-12.992509,1.262391,0.349376,-1.972435,0.460000,1.000000,0.960000,0.200000,-0.200000,1.262391
591,0.028924,1.840519,-13.012233,1.267687,0.359122,-1.991326,0.440000,1.000000,1.000000,0.200000,-0.200000,1.267687
592,0.041910,1.838292,-13.032146,1.272712,0.369120,-2.009734,0.440000,0.880000,1.000000,0.200000,-0.200000,1.272712
593,0.054939,1.835874,-13.052244,1.277461,0.379362,-2.027699,0.420000,0.760000,1.000000,0.200000,-0.200000,1.277461
594,0.068007,1.833263,-13.072521,1.281926,0.389838,-2.045265,0.420000,0.720000,1.000000,0.200000,-0.200000,1.281926
595,0.081109,1.830458,-13.092973,1.286101,0.400542,-2.062471,0.400000,0.700000,1.000000,0.200000,-0.200000,1.286101
596,0.094240,1.827457,-13.113598,1.289977,0.411465,-2.079360,0.400000,0.660000,1.000000,0.200000,-0.200000,1.289977
597,0.107397,1.824258,-13.134392,1.293550,0.422600,-2.095970,0.380000,0.560000,1.000000,0.200000,-0.200000,1.293550
598,0.120575,1.820862,-13.155351,1.296812,0.433939,-2.112340,0.380000,0.540000,1.000000,0.000000,-0.200000,1.296812
599,0.133769,1.817266,-13.176475,1.285755,0.445477,-2.128508,0.360000,0.520000,1.000000,0.000000,-0.200000,1.285755
600,0.146859,1.813550,-13.197760,1.274374,0.456873,-2.144262,0.360000,0.500000,1.000000,0.000000,-0.200000,1.274374
601,0.159843,1.809716,-13.219203,1.262669,0.468117,-2.159701,0.360000,0.480000,1.000000,0.200000,-0.200000,1.262669
602,0.172716,1.805765,-13.240800,1.264643,0.479200,-2.174914,0.340000,0.460000,1.000000,0.200000,-0.200000,1.264643
603,0.185586,1.801611,-13.262549,1.266297,0.490452,-2.190125,0.340000,0.440000,1.000000,0.000000,-0.400000,1.266297
604,0.198448,1.797253,-13.284450,1.251662,0.501834,-2.206868,0.320000,0.440000,1.000000,0.000000,-0.400000,1.251662
605,0.211175,1.792797,-13.306519,1.236688,0.513038,-2.222148,0.320000,0.420000,1.000000,0.000000,-0.400000,1.236688
606,0.223767,1.788245,-13.328740,1.221384,0.524039,-2.236104,0.320000,0.400000,1.000000,0.000000,-0.400000,1.221384
607,0.236219,1.783600,-13.351101,1.205758,0.534814,-2.248868,0.300000,0.380000,1.000000,0.000000,-0.200000,1.205758
608,0.248530,1.778863,-13.373590,1.191773,0.545252,-2.264245,0.300000,0.380000,1.000000,0.200000,-0.200000,1.191773
609,0.260710,1.774025,-13.396232,1.191464,0.555487,-2.279800,0.300000,0.360000,1.000000,0.000000,-0.200000,1.191464
610,0.272851,1.768983,-13.419030,1.176832,0.565856,-2.295542,0.280000,0.340000,0.700000,0.000000,-0.200000,1.176832
611,0.284855,1.763845,-13.441986,1.161870,0.576010,-2.311529,0.280000,0.340000,0.660000,0.000000,-0.200000,1.161870
612,0.296720,1.758612,-13.465101,1.146578,0.585943,-2.327798,0.280000,0.320000,0.560000,0.000000,-0.200000,1.146578
613,0.308444,1.753287,-13.488379,1.130957,0.595649,-2.344379,0.260000,0.320000,0.540000,-0.200000,-0.200000,1.130957
614,0.320024,1.747875,-13.511823,1.101007,0.605122,-2.361303,0.260000,0.300000,0.500000,-0.200000,-0.200000,1.101007
615,0.331375,1.742490,-13.535436,1.070730,0.614005,-2.378725,0.260000,0.300000,0.480000,-0.200000,-0.200000,1.070730
616,0.342498,1.737140,-13.559223,1.040133,0.622291,-2.396697,0.240000,0.280000,0.460000,-0.200000,-0.200000,1.040133
617,0.353392,1.731827,-13.583190,1.009224,0.629974,-2.415263,0.240000,0.280000,0.440000,-0.200000,-0.200000,1.009224
618,0.364059,1.726558,-13.607343,0.978012,0.637045,-2.434459,0.240000,0.260000,0.420000,-0.200000,-0.200000,0.978012
619,0.374499,1.721339,-13.631687,0.946505,0.643497,-2.454318,0.220000,0.260000,0.340000,-0.400000,-0.200000,0.946505
620,0.384712,1.716173,-13.656230,0.900711,0.649322,-2.474864,0.220000,0.260000,0.320000,-0.200000,-0.200000,0.900711
621,0.394636,1.711192,-13.680979,0.868640,0.654149,-2.496375,0.220000,0.240000,0.320000,-0.200000,-0.200000,0.868640
622,0.404335,1.706275,-13.705943,0.836308,0.658331,-2.518614,0.220000,0.240000,0.300000,-0.200000,-0.200000,0.836308
623,0.413811,1.701430,-13.731129,0.803724,0.661857,-2.541592,0.220000,0.220000,0.280000,-0.400000,-0.200000,0.803724
624,0.423066,1.696660,-13.756545,0.756899,0.664715,-2.565319,0.200000,0.220000,0.280000,-0.400000,-0.200000,0.756899
625,0.432049,1.692102,-13.782198,0.709844,0.666523,-2.590105,0.200000,0.220000,0.260000,-0.400000,-0.200000,0.709844
626,0.440766,1.687763,-13.808099,0.662576,0.667268,-2.615959,0.200000,0.220000,0.260000,-0.400000,-0.400000,0.662576
627,0.449222,1.683649,-13.834259,0.613193,0.667428,-2.621623,0.200000,0.200000,0.240000,-0.400000,-0.200000,0.613193
628,0.457422,1.679787,-13.860475,0.565692,0.665810,-2.649679,0.200000,0.200000,0.240000,-0.400000,-0.200000,0.565692
629,0.465372,1.676164,-13.886972,0.518047,0.663087,-2.678776,0.200000,0.200000,0.220000,-0.400000,-0.200000,0.518047
630,0.473079,1.672787,-13.913759,0.470282,0.659238,-2.708898,0.180000,0.200000,0.220000,-0.400000,-0.200000,0.470282
631,0.480549,1.669661,-13.940848,0.422423,0.654242,-2.740021,0.180000,0.180000,0.220000,-0.400000,-0.200000,0.422423
632,0.487790,1.666794,-13.968249,0.374496,0.648076,-2.772114,0.180000,0.180000,0.200000,-0.400000,-0.200000,0.374496
633,0.494808,1.664192,-13.995970,0.326531,0.640715,-2.805142,0.180000,0.180000,0.200000,-0.400000,-0.200000,0.326531
634,0.501611,1.661861,-14.024021,0.278560,0.632133,-2.839061,0.180000,0.180000,0.200000,-0.400000,-0.200000,0.278560
635,0.508206,1.659807,-14.052412,0.230616,0.622307,-2.873822,0.180000,0.180000,0.200000,-0.400000,-0.200000,0.230616
636,0.514602,1.658036,-14.081150,0.182736,0.611208,-2.909369,0.180000,0.180000,0.200000,-0.400000,-0.400000,0.182736
637,0.520807,1.656554,-14.110244,0.133049,0.599407,-2.920099,0.180000,0.180000,0.180000,-0.200000,-0.400000,0.133049
638,0.526835,1.655385,-14.139445,0.097645,0.586194,-2.931345,0.180000,0.180000,0.180000,-0.200000,-0.400000,0.097645
639,0.532695,1.654395,-14.168758,0.062563,0.571974,-2.942937,0.180000,0.180000,0.180000,-0.200000,-0.400000,0.062563
640,0.538392,1.653589,-14.198188,0.027834,0.556749,-2.954857,0.180000,0.180000,0.180000,-0.400000,-0.200000,0.027834
641,0.543932,1.652972,-14.227736,-0.018607,0.539916,-2.993011,0.180000,0.180000,0.180000,-0.400000,-0.200000,-0.018607
642,0.549326,1.652669,-14.257666,-0.064754,0.521727,-3.031599,0.200000,0.180000,0.180000,-0.200000,-0.200000,-0.064754
643,0.554583,1.652685,-14.287982,-0.096557,0.502156,-3.070559,0.200000,0.180000,0.180000,-0.200000,-0.200000,-0.096557
644,0.559693,1.652885,-14.318688,-0.127962,0.481602,-3.109744,0.200000,0.180000,0.180000,-0.200000,-0.400000,-0.127962
645,0.564661,1.653274,-14.349785,-0.160819,0.460660,-3.123172,0.200000,0.180000,0.180000,0.000000,-0.400000,-0.160819
646,0.569503,1.653874,-14.381017,-0.179084,0.438695,-3.136819,0.200000,0.180000,0.180000,0.000000,-0.400000,-0.179084
647,0.574192,1.654552,-14.412385,-0.196721,0.416149,-3.150589,0.220000,0.180000,0.180000,0.000000,-0.400000,-0.196721
648,0.578732,1.655315,-14.443891,-0.213707,0.393036,-3.164477,0.220000,0.180000,0.180000,0.000000,-0.400000,-0.213707
649,0.583124,1.656165,-14.475536,-0.230016,0.369372,-3.178477,0.220000,0.180000,0.180000,0.000000,-0.400000,-0.230016
650,0.587372,1.657109,-14.507321,-0.245626,0.345174,-3.192588,0.240000,0.180000,0.180000,0.000000,-0.400000,-0.245626
651,0.591478,1.658150,-14.539246,-0.260514,0.320459,-3.206808,0.240000,0.200000,0.180000,0.000000,-0.400000,-0.260514
652,0.595447,1.659293,-14.571315,-0.274656,0.295247,-3.221138,0.240000,0.200000,0.180000,0.000000,-0.400000,-0.274656
653,0.599281,1.660543,-14.603526,-0.288030,0.269557,-3.235578,0.260000,0.200000,0.180000,0.000000,-0.400000,-0.288030
654,0.602984,1.661904,-14.635882,-0.300614,0.243408,-3.250135,0.260000,0.200000,0.180000,0.200000,-0.400000,-0.300614
655,0.606559,1.663380,-14.668383,-0.298384,0.216824,-3.264814,0.280000,0.200000,0.180000,0.200000,-0.400000,-0.298384
656,0.609940,1.664854,-14.701031,-0.295320,0.190278,-3.279514,0.300000,0.220000,0.180000,0.200000,-0.400000,-0.295320
657,0.613127,1.666333,-14.733826,-0.291415,0.163800,-3.294234,0.300000,0.220000,0.180000,0.200000,-0.400000,-0.291415
658,0.616119,1.667823,-14.766769,-0.286663,0.137417,-3.308977,0.320000,0.220000,0.200000,0.200000,-0.200000,-0.286663
659,0.618918,1.669331,-14.799858,-0.279180,0.110563,-3.349261,0.340000,0.240000,0.200000,0.200000,-0.400000,-0.279180
660,0.621507,1.670852,-14.833351,-0.272730,0.084453,-3.364028,0.360000,0.240000,0.200000,0.400000,-0.200000,-0.272730
661,0.623904,1.672403,-14.866991,-0.245609,0.077315,-2.575419,0.380000,0.240000,0.200000,0.400000,-0.400000,-0.245609
662,0.626118,1.673718,-14.892746,-0.223444,0.054243,-2.590614,0.400000,0.260000,0.200000,0.400000,-0.400000,-0.223444
663,0.628045,1.674972,-14.918652,-0.192988,0.049934,-1.826538,0.440000,0.260000,0.200000,0.400000,-0.400000,-0.192988
664,0.629758,1.675991,-14.936917,-0.162040,0.047888,-1.062970,0.440000,0.260000,0.220000,0.600000,-0.400000,-0.162040
665,0.631254,1.676776,-14.947547,-0.124392,0.029426,-1.079062,0.440000,0.280000,0.220000,0.600000,-0.400000,-0.124392
666,0.632358,1.677421,-14.958337,-0.078848,0.029566,-0.315709,0.420000,0.280000,0.220000,0.600000,-0.400000,-0.078848
667,0.633137,1.677741,-14.961494,-0.040787,0.012568,-0.332241,0.420000,0.280000,0.220000,0.600000,-0.400000,-0.040787
668,0.633522,1.677926,-14.964817,-0.002670,-0.004310,-0.347957,0.420000,0.280000,0.220000,0.600000,-0.400000,-0.002670
669,0.633512,1.677976,-14.968296,0.039345,-0.004320,-0.347957,0.420000,0.280000,0.220000,0.600000,-0.400000,0.039345
670,0.633192,1.677743,-14.971776,0.080774,-0.010671,-0.158862,0.420000,0.280000,0.220000,0.600000,-0.400000,0.080774
671,0.632522,1.677279,-14.973365,0.120577,-0.013549,-0.491310,0.420000,0.280000,0.220000,0.600000,-0.400000,0.120577
672,0.631537,1.676572,-14.978278,0.160755,-0.018176,-0.645582,0.420000,0.280000,0.220000,0.600000,-0.400000,0.160755
673,0.630217,1.675635,-14.984734,0.200974,-0.022287,-0.805050,0.420000,0.280000,0.220000,0.600000,-0.400000,0.200974
674,0.628563,1.674472,-14.992784,0.241233,-0.025929,-0.963566,0.420000,0.280000,0.220000,0.600000,-0.400000,0.241233
675,0.626572,1.673086,-15.002420,0.281530,-0.029040,-1.120204,0.420000,0.280000,0.220000,0.600000,-0.400000,0.281530
676,0.624240,1.671482,-15.013622,0.321862,-0.031544,-1.274495,0.420000,0.280000,0.220000,0.400000,-0.400000,0.321862
677,0.621565,1.669665,-15.026367,0.348223,-0.033358,-1.426043,0.420000,0.280000,0.220000,0.400000,-0.400000,0.348223
678,0.618651,1.667730,-15.040627,0.374670,-0.034499,-1.565382,0.440000,0.300000,0.220000,0.400000,-0.400000,0.374670
679,0.615494,1.665682,-15.056281,0.401169,-0.034978,-1.695444,0.460000,0.300000,0.220000,0.400000,-0.200000,0.401169
680,0.612092,1.663527,-15.073235,0.429790,-0.029726,-1.601218,0.480000,0.300000,0.220000,0.400000,-0.200000,0.429790
681,0.608455,1.661218,-15.089248,0.458099,-0.025395,-1.545353,0.500000,0.300000,0.220000,0.400000,-0.200000,0.458099
682,0.604576,1.658768,-15.104701,0.486181,-0.021632,-1.516039,0.520000,0.300000,0.220000,0.400000,-0.200000,0.486181
683,0.600450,1.656188,-15.119861,0.514089,-0.018185,-1.505323,0.540000,0.300000,0.220000,0.400000,-0.200000,0.514089
684,0.596072,1.653487,-15.134915,0.541857,-0.014872,-1.507842,0.560000,0.320000,0.220000,0.400000,-0.400000,0.541857
685,0.591438,1.650674,-15.149993,0.567324,-0.015304,-1.679999,0.600000,0.320000,0.220000,0.400000,-0.200000,0.567324
686,0.586544,1.647800,-15.166793,0.595029,-0.010702,-1.676915,0.620000,0.320000,0.220000,0.400000,-0.200000,0.595029
687,0.581389,1.644826,-15.183562,0.622581,-0.006141,-1.682777,0.680000,0.320000,0.220000,0.400000,-0.400000,0.622581
688,0.575969,1.641762,-15.200390,0.647815,-0.004971,-1.843102,0.680000,0.320000,0.220000,0.400000,-0.400000,0.647815
689,0.570284,1.638657,-15.218821,0.673045,-0.002520,-1.992506,0.680000,0.340000,0.220000,0.400000,-0.400000,0.673045
690,0.564331,1.635517,-15.238746,0.698228,0.001171,-2.131316,0.660000,0.340000,0.220000,0.400000,-0.200000,0.698228
691,0.558108,1.632349,-15.260059,0.725494,0.009498,-2.113059,0.680000,0.340000,0.220000,0.400000,-0.200000,0.725494
692,0.551610,1.629122,-15.281190,0.752501,0.017690,-2.102820,0.820000,0.360000,0.220000,0.200000,-0.200000,0.752501
693,0.544833,1.625846,-15.302218,0.765264,0.025859,-2.098863,1.000000,0.360000,0.220000,0.400000,-0.200000,0.765264
694,0.537904,1.622588,-15.323207,0.791797,0.033765,-2.096280,1.000000,0.340000,0.220000,0.400000,-0.200000,0.791797
695,0.530692,1.619303,-15.344169,0.818107,0.041797,-2.098288,1.000000,0.340000,0.220000,0.400000,-0.200000,0.818107
696,0.523195,1.616001,-15.365152,0.844195,0.050017,-2.103929,1.000000,0.320000,0.220000,0.400000,-0.200000,0.844195
697,0.515412,1.612692,-15.386192,0.870059,0.058475,-2.112443,1.000000,0.320000,0.220000,0.400000,-0.200000,0.870059
698,0.507343,1.609386,-15.407316,0.895695,0.067215,-2.123221,1.000000,0.300000,0.220000,0.400000,0.000000,0.895695
699,0.498987,1.606092,-15.428548,0.922200,0.081514,-1.911465,1.000000,0.320000,0.220000,0.400000,0.000000,0.922200
700,0.490347,1.602765,-15.447663,0.948569,0.093669,-1.725059,1.000000,0.320000,0.220000,0.200000,0.000000,0.948569
701,0.481422,1.599418,-15.464914,0.960876,0.103976,-1.559731,1.000000,0.340000,0.220000,0.200000,0.000000,0.960876
702,0.472346,1.596097,-15.480511,0.973176,0.112392,-1.410697,1.000000,0.360000,0.220000,0.200000,0.000000,0.973176
703,0.463119,1.592807,-15.494618,0.985509,0.119155,-1.275561,1.000000,0.360000,0.220000,0.200000,-0.200000,0.985509
704,0.453739,1.589556,-15.507373,0.996539,0.120237,-1.333348,1.000000,0.360000,0.220000,0.200000,0.000000,0.996539
705,0.444213,1.586392,-15.520707,1.008851,0.126286,-1.207087,1.000000,0.380000,0.220000,0.600000,-0.200000,1.008851
706,0.434536,1.583273,-15.532778,1.047852,0.126853,-1.268114,1.000000,0.400000,0.220000,0.000000,0.000000,1.047852
707,0.424439,1.580198,-15.545459,1.046149,0.132865,-1.150698,1.000000,0.400000,0.220000,0.600000,-0.200000,1.046149
708,0.414330,1.577194,-15.556966,1.085126,0.133257,-1.215800,1.000000,0.420000,0.220000,0.600000,-0.200000,1.085126
709,0.403803,1.574244,-15.569124,1.124018,0.134943,-1.281662,1.000000,0.440000,0.220000,0.200000,0.000000,1.124018
710,0.392858,1.571352,-15.581941,1.136181,0.142113,-1.168886,1.000000,0.460000,0.220000,0.600000,-0.200000,1.136181
711,0.381765,1.568514,-15.593629,1.175008,0.143835,-1.238409,1.000000,0.500000,0.220000,0.600000,-0.200000,1.175008
712,0.370255,1.565745,-15.606013,1.213717,0.146913,-1.307843,1.000000,0.500000,0.200000,0.200000,-0.200000,1.213717
713,0.358331,1.563048,-15.619092,1.224284,0.151354,-1.376675,1.000000,0.500000,0.200000,0.200000,-0.200000,1.224284
714,0.346271,1.560454,-15.632859,1.234683,0.156672,-1.441977,1.000000,0.480000,0.180000,0.200000,-0.200000,1.234683
715,0.334076,1.557965,-15.647278,1.244898,0.162815,-1.503738,1.000000,0.480000,0.180000,0.200000,-0.200000,1.244898
716,0.321749,1.555585,-15.662316,1.254915,0.169731,-1.561989,1.000000,0.460000,0.160000,0.200000,-0.200000,1.254915
717,0.309290,1.553317,-15.677936,1.264717,0.177373,-1.616803,1.000000,0.460000,0.140000,0.200000,-0.200000,1.264717
718,0.296702,1.551164,-15.694104,1.274290,0.185693,-1.668283,1.000000,0.440000,0.140000,0.000000,-0.200000,1.274290
719,0.283986,1.549131,-15.710787,1.269619,0.194647,-1.716557,1.000000,1.000000,0.120000,0.000000,0.000000,1.269619
720,0.271284,1.547220,-15.727952,1.266140,0.207694,-1.598331,1.000000,1.000000,0.120000,0.200000,0.000000,1.266140
721,0.258584,1.545397,-15.743935,1.276684,0.218708,-1.488741,0.980000,1.000000,0.120000,0.000000,0.000000,1.276684
722,0.245747,1.543670,-15.758823,1.273289,0.228173,-1.386847,0.940000,1.000000,0.120000,0.000000,0.000000,1.273289
723,0.232914,1.542039,-15.772691,1.269986,0.235959,-1.291527,0.920000,1.000000,0.120000,0.200000,-0.200000,1.269986
724,0.220088,1.540506,-15.785607,1.279254,0.239004,-1.339432,0.900000,1.000000,0.140000,0.200000,-0.200000,1.279254
725,0.207149,1.539115,-15.799001,1.288365,0.242751,-1.385955,0.880000,1.000000,0.140000,0.200000,-0.200000,1.288365
726,0.194098,1.537869,-15.812860,1.297310,0.247174,-1.431014,0.860000,1.000000,0.140000,0.200000,-0.200000,1.297310
727,0.180938,1.536769,-15.827171,1.306077,0.252250,-1.474552,0.840000,1.000000,0.140000,0.200000,-0.200000,1.306077
728,0.167669,1.535818,-15.841916,1.314656,0.257953,-1.516528,0.800000,1.000000,0.140000,0.200000,-0.200000,1.314656
729,0.154296,1.535017,-15.857081,1.323036,0.264258,-1.556924,0.780000,1.000000,0.160000,0.200000,0.000000,1.323036
730,0.140820,1.534369,-15.872651,1.332772,0.274231,-1.463496,0.760000,1.000000,0.160000,0.200000,0.000000,1.332772
731,0.127223,1.533849,-15.887286,1.342607,0.282881,-1.375856,0.740000,1.000000,0.180000,0.200000,0.000000,1.342607
732,0.113508,1.533461,-15.901044,1.352562,0.290311,-1.293235,0.740000,1.000000,0.180000,0.200000,0.000000,1.352562
733,0.099676,1.533207,-15.913976,1.362651,0.296614,-1.214985,0.720000,1.000000,0.200000,0.400000,-0.200000,1.362651
734,0.085731,1.533091,-15.926126,1.385274,0.299105,-1.258721,0.700000,1.000000,0.220000,0.200000,0.000000,1.385274
735,0.071559,1.533169,-15.938714,1.395345,0.305301,-1.183024,0.700000,1.000000,0.240000,0.400000,0.000000,1.395345
736,0.057278,1.533388,-15.950544,1.419567,0.310461,-1.110897,0.680000,1.000000,0.260000,0.400000,0.000000,1.419567
737,0.042752,1.533784,-15.961653,1.443947,0.314875,-1.041709,0.660000,1.000000,0.240000,0.400000,0.000000,1.443947
738,0.027984,1.534360,-15.972070,1.468488,0.318571,-0.975152,0.660000,1.000000,0.240000,0.400000,0.000000,1.468488
739,0.012977,1.535118,-15.981821,1.493198,0.321574,-0.910965,0.640000,1.000000,0.220000,0.400000,-0.200000,1.493198
740,-0.002268,1.536061,-15.990931,1.516454,0.321212,-0.964093,0.640000,1.000000,0.200000,0.400000,-0.200000,1.516454
741,-0.017727,1.537210,-16.000572,1.539543,0.321939,-1.017452,0.620000,1.000000,0.200000,0.400000,-0.200000,1.539543
742,-0.033396,1.538569,-16.010746,1.562454,0.323766,-1.070804,0.620000,1.000000,0.180000,0.400000,-0.200000,1.562454
743,-0.049275,1.540137,-16.021455,1.585172,0.326697,-1.123922,0.600000,1.000000,0.180000,0.400000,-0.200000,1.585172
744,-0.065362,1.541918,-16.032694,1.607682,0.330734,-1.176591,0.600000,1.000000,0.160000,0.400000,-0.200000,1.607682
745,-0.081654,1.543913,-16.044460,1.629969,0.335875,-1.228612,0.580000,1.000000,0.140000,0.400000,-0.200000,1.629969
746,-0.098148,1.546124,-16.056746,1.652014,0.342113,-1.279805,0.580000,1.000000,0.140000,0.200000,-0.200000,1.652014
747,-0.114843,1.548555,-16.069544,1.659801,0.349441,-1.330013,0.560000,0.980000,1.000000,0.200000,0.000000,1.659801
748,-0.131604,1.551158,-16.082844,1.668918,0.360439,-1.257880,0.560000,0.980000,1.000000,0.200000,0.000000,1.668918
749,-0.148454,1.553915,-16.095423,1.678147,0.370161,-1.189330,0.540000,0.960000,1.000000,0.400000,-0.200000,1.678147
750,-0.165390,1.556828,-16.107316,1.699875,0.376025,-1.237920,0.540000,0.920000,1.000000,0.600000,-0.200000,1.699875
751,-0.182513,1.559973,-16.119695,1.735345,0.382957,-1.285750,0.520000,0.880000,1.000000,0.200000,-0.200000,1.735345
752,-0.199949,1.563409,-16.132553,1.742537,0.391167,-1.333331,0.500000,0.860000,1.000000,0.200000,-0.200000,1.742537
753,-0.217439,1.567023,-16.145886,1.749430,0.400216,-1.379222,0.500000,0.820000,1.000000,0.200000,-0.200000,1.749430
754,-0.234979,1.570817,-16.159678,1.756011,0.410070,-1.423403,0.480000,0.800000,1.000000,0.200000,-0.200000,1.756011
755,-0.252568,1.574793,-16.173912,1.762266,0.420694,-1.465873,0.480000,0.760000,1.000000,0.200000,-0.200000,1.762266
756,-0.270202,1.578951,-16.188571,1.768182,0.432055,-1.506648,0.460000,0.740000,1.000000,0.200000,-0.200000,1.768182
757,-0.287878,1.583295,-16.203638,1.773746,0.444117,-1.545758,0.460000,0.720000,1.000000,0.200000,-0.200000,1.773746
758,-0.305593,1.587825,-16.219095,1.778945,0.456848,-1.583248,0.440000,0.680000,0.980000,0.000000,-0.200000,1.778945
759,-0.323344,1.592542,-16.234928,1.769766,0.470215,-1.619171,0.440000,0.660000,0.940000,0.000000,-0.200000,1.769766
760,-0.341005,1.597378,-16.251119,1.760197,0.483926,-1.653111,0.420000,0.640000,0.920000,0.000000,-0.200000,1.760197
761,-0.358575,1.602333,-16.267650,1.750234,0.497936,-1.685216,0.420000,0.600000,0.900000,0.000000,-0.200000,1.750234
762,-0.376051,1.607406,-16.284503,1.739870,0.512202,-1.715635,0.400000,0.580000,0.880000,0.000000,-0.200000,1.739870
763,-0.393429,1.612596,-16.301659,1.729102,0.526686,-1.744516,0.400000,0.560000,0.840000,0.000000,-0.200000,1.729102
764,-0.410708,1.617903,-16.319104,1.717926,0.541352,-1.772003,0.380000,0.540000,0.820000,0.000000,-0.200000,1.717926
765,-0.427884,1.623327,-16.336824,1.706337,0.556167,-1.798234,0.380000,0.520000,0.820000,0.000000,-0.200000,1.706337
766,-0.444954,1.628867,-16.354806,1.694332,0.571101,-1.823346,0.360000,0.500000,0.760000,0.000000,-0.200000,1.694332
767,-0.461917,1.634521,-16.373040,1.681909,0.586126,-1.847466,0.360000,0.480000,0.760000,0.000000,-0.200000,1.681909
768,-0.478768,1.640288,-16.391515,1.669063,0.601216,-1.870716,0.340000,0.460000,0.740000,0.000000,-0.200000,1.669063
769,-0.495506,1.646167,-16.410222,1.655792,0.616348,-1.893211,0.340000,0.440000,0.720000,0.000000,-0.200000,1.655792
770,-0.512128,1.652158,-16.429154,1.642093,0.631499,-1.915061,0.320000,0.440000,0.660000,0.000000,-0.200000,1.642093
771,-0.528630,1.658258,-16.448304,1.627964,0.646651,-1.936366,0.320000,0.420000,0.640000,0.000000,-0.200000,1.627964
772,-0.545010,1.664465,-16.467668,1.613401,0.661784,-1.957220,0.300000,0.400000,0.620000,0.000000,-0.200000,1.613401
773,-0.561265,1.670778,-16.487240,1.598403,0.676881,-1.977713,0.300000,0.380000,0.620000,0.000000,-0.200000,1.598403
774,-0.577394,1.677196,-16.507017,1.582966,0.691926,-1.997925,0.300000,0.380000,0.600000,-0.200000,-0.200000,1.582966
775,-0.593392,1.683716,-16.526997,1.553087,0.706905,-2.017933,0.280000,0.360000,0.560000,-0.400000,-0.200000,1.553087
776,-0.609162,1.690233,-16.547176,1.508766,0.721499,-2.037748,0.280000,0.340000,0.540000,-0.200000,-0.200000,1.508766
777,-0.624610,1.696640,-16.567553,1.478006,0.735385,-2.057451,0.260000,0.340000,0.500000,-0.400000,-0.200000,1.478006
778,-0.639829,1.703037,-16.588128,1.432818,0.748853,-2.077186,0.260000,0.320000,0.480000,-0.400000,-0.200000,1.432818
779,-0.654729,1.709311,-16.608900,1.387205,0.761577,-2.097060,0.260000,0.300000,0.460000,-0.400000,-0.200000,1.387205
780,-0.669312,1.715457,-16.629870,1.341178,0.773542,-2.117189,0.240000,0.300000,0.420000,-0.400000,-0.200000,1.341178
781,-0.683580,1.721469,-16.651042,1.294745,0.784732,-2.137673,0.240000,0.280000,0.400000,-0.400000,-0.200000,1.294745
782,-0.697535,1.727339,-16.672419,1.247917,0.795131,-2.158600,0.240000,0.280000,0.380000,-0.200000,-0.200000,1.247917
783,-0.711181,1.733063,-16.694005,1.214701,0.804724,-2.180046,0.220000,0.260000,0.360000,-0.400000,-0.200000,1.214701
784,-0.724596,1.738749,-16.715806,1.167107,0.813814,-2.201938,0.220000,0.260000,0.360000,-0.400000,-0.200000,1.167107
785,-0.737707,1.744276,-16.737825,1.119139,0.822067,-2.224459,0.220000,0.240000,0.340000,-0.400000,-0.200000,1.119139
786,-0.750517,1.749637,-16.760069,1.070806,0.829466,-2.247655,0.220000,0.240000,0.320000,-0.400000,-0.200000,1.070806
787,-0.763029,1.754824,-16.782546,1.022119,0.835994,-2.271566,0.200000,0.240000,0.300000,-0.400000,-0.200000,1.022119
788,-0.775247,1.759833,-16.805262,0.973089,0.841634,-2.296225,0.200000,0.220000,0.300000,-0.400000,-0.200000,0.973089
789,-0.787174,1.764655,-16.828224,0.923725,0.846365,-2.321657,0.200000,0.220000,0.280000,-0.400000,-0.200000,0.923725
790,-0.798816,1.769285,-16.851441,0.874041,0.850167,-2.347880,0.200000,0.220000,0.260000,-0.400000,-0.200000,0.874041
791,-0.810175,1.773716,-16.874919,0.824049,0.853020,-2.374906,0.200000,0.200000,0.260000,-0.400000,-0.200000,0.824049
792,-0.821258,1.777942,-16.898668,0.773762,0.854899,-2.402745,0.180000,0.200000,0.240000,-0.400000,-0.200000,0.773762
793,-0.832067,1.781955,-16.922696,0.723195,0.855782,-2.431397,0.180000,0.200000,0.240000,-0.400000,-0.200000,0.723195
794,-0.842609,1.785751,-16.947010,0.672366,0.855642,-2.460861,0.180000,0.200000,0.240000,-0.400000,-0.200000,0.672366
795,-0.852889,1.789321,-16.971618,0.621290,0.854454,-2.491129,0.180000,0.180000,0.220000,-0.400000,-0.200000,0.621290
796,-0.862912,1.792660,-16.996530,0.569989,0.852189,-2.522191,0.180000,0.180000,0.220000,-0.400000,-0.200000,0.569989
797,-0.872684,1.795761,-17.021752,0.518482,0.848818,-2.554031,0.180000,0.180000,0.200000,-0.400000,-0.200000,0.518482
798,-0.882211,1.798618,-17.047292,0.466792,0.844311,-2.586629,0.180000,0.180000,0.200000,-0.400000,-0.200000,0.466792
799,-0.891500,1.801224,-17.073158,0.414946,0.838637,-2.619962,0.180000,0.180000,0.200000,-0.400000,-0.200000,0.414946
800,-0.900557,1.803574,-17.099358,0.362969,0.831763,-2.654005,0.160000,0.160000,0.200000,-0.200000,-0.200000,0.362969
801,-0.909389,1.805661,-17.125898,0.324892,0.823657,-2.688726,0.160000,0.160000,0.180000,-0.200000,-0.200000,0.324892
802,-0.918024,1.807618,-17.152785,0.286746,0.814659,-2.723913,0.160000,0.160000,0.180000,-0.200000,-0.200000,0.286746
803,-0.926466,1.809439,-17.180024,0.248556,0.804744,-2.759550,0.160000,0.160000,0.180000,-0.200000,-0.200000,0.248556
804,-0.934720,1.811120,-17.207620,0.210352,0.793884,-2.795621,0.160000,0.160000,0.180000,-0.200000,-0.200000,0.210352
805,-0.942788,1.812653,-17.235576,0.172163,0.782055,-2.832107,0.160000,0.160000,0.180000,-0.200000,-0.200000,0.172163
806,-0.950676,1.814036,-17.263897,0.134020,0.769232,-2.868989,0.160000,0.160000,0.160000,-0.200000,-0.400000,0.134020
807,-0.958387,1.815262,-17.292587,0.094052,0.755991,-2.880449,0.160000,0.160000,0.160000,-0.200000,-0.400000,0.094052
808,-0.965933,1.816307,-17.321391,0.054379,0.741629,-2.892222,0.160000,0.160000,0.160000,-0.200000,-0.400000,0.054379
809,-0.973319,1.817166,-17.350314,0.015035,0.726146,-2.904296,0.180000,0.160000,0.160000,-0.200000,-0.200000,0.015035
810,-0.980552,1.817835,-17.379357,-0.022043,0.708935,-2.942599,0.180000,0.160000,0.160000,-0.200000,-0.200000,-0.022043
811,-0.987627,1.818328,-17.408783,-0.058893,0.690653,-2.981188,0.180000,0.160000,0.160000,-0.200000,-0.200000,-0.058893
812,-0.994552,1.818639,-17.438594,-0.095470,0.671279,-3.020043,0.180000,0.160000,0.160000,0.000000,-0.200000,-0.095470
813,-1.001331,1.818765,-17.468795,-0.117729,0.650794,-3.059144,0.180000,0.160000,0.160000,0.000000,-0.400000,-0.117729
814,-1.007944,1.818838,-17.499386,-0.141522,0.630208,-3.072414,0.180000,0.160000,0.160000,0.000000,-0.400000,-0.141522
815,-1.014403,1.818837,-17.530110,-0.164768,0.608887,-3.085839,0.180000,0.160000,0.160000,0.000000,-0.400000,-0.164768
816,-1.020711,1.818755,-17.560969,-0.187439,0.586841,-3.099415,0.180000,0.160000,0.160000,0.000000,-0.400000,-0.187439
817,-1.026869,1.818589,-17.591963,-0.209509,0.564083,-3.113137,0.200000,0.160000,0.160000,0.000000,-0.400000,-0.209509
818,-1.032881,1.818334,-17.623094,-0.230949,0.540624,-3.127000,0.200000,0.160000,0.160000,0.000000,-0.400000,-0.230949
819,-1.038749,1.817985,-17.654364,-0.251732,0.516477,-3.141000,0.200000,0.160000,0.160000,0.000000,-0.400000,-0.251732
820,-1.044477,1.817538,-17.685774,-0.271831,0.491659,-3.155132,0.220000,0.160000,0.160000,-0.200000,-0.400000,-0.271831
821,-1.050068,1.816988,-17.717326,-0.305218,0.466183,-3.169394,0.220000,0.180000,0.160000,0.000000,-0.400000,-0.305218
822,-1.055585,1.816204,-17.749020,-0.323867,0.439628,-3.183856,0.220000,0.180000,0.160000,0.000000,-0.400000,-0.323867
823,-1.060972,1.815309,-17.780858,-0.341737,0.412448,-3.198444,0.240000,0.180000,0.160000,0.000000,-0.400000,-0.341737
824,-1.066232,1.814298,-17.812843,-0.358800,0.384663,-3.213156,0.240000,0.180000,0.160000,0.000000,-0.400000,-0.358800
825,-1.071369,1.813168,-17.844974,-0.375029,0.356292,-3.227993,0.260000,0.180000,0.160000,0.000000,-0.400000,-0.375029
826,-1.076388,1.811914,-17.877254,-0.390399,0.327356,-3.242955,0.260000,0.200000,0.160000,0.000000,-0.400000,-0.390399
827,-1.081292,1.810533,-17.909684,-0.404882,0.297879,-3.258044,0.280000,0.200000,0.160000,0.200000,-0.400000,-0.404882
828,-1.086086,1.809021,-17.942264,-0.404453,0.267884,-3.273263,0.300000,0.200000,0.180000,0.200000,-0.400000,-0.404453
829,-1.090687,1.807485,-17.974997,-0.403085,0.237851,-3.288540,0.320000,0.220000,0.180000,0.200000,-0.400000,-0.403085
830,-1.095097,1.805917,-18.007882,-0.400769,0.207811,-3.303878,0.340000,0.220000,0.180000,0.200000,-0.400000,-0.400769
831,-1.099317,1.804313,-18.040921,-0.397494,0.177796,-3.319278,0.360000,0.220000,0.180000,0.200000,-0.400000,-0.397494
832,-1.103348,1.802665,-18.074114,-0.393254,0.147837,-3.334745,0.400000,0.240000,0.180000,0.200000,-0.400000,-0.393254
833,-1.107191,1.800968,-18.107461,-0.388039,0.117969,-3.350282,0.420000,0.240000,0.180000,0.400000,-0.400000,-0.388039
834,-1.110848,1.799215,-18.140964,-0.367844,0.088226,-3.365897,0.460000,0.260000,0.200000,0.400000,-0.400000,-0.367844
835,-1.114215,1.797491,-18.174623,-0.338962,0.077326,-2.602423,0.520000,0.260000,0.200000,0.400000,-0.400000,-0.338962
836,-1.117345,1.795977,-18.200647,-0.316822,0.051775,-2.618385,0.560000,0.280000,0.200000,0.400000,-0.400000,-0.316822
837,-1.120182,1.794475,-18.226831,-0.286321,0.044975,-1.855206,0.620000,0.300000,0.200000,0.400000,-0.400000,-0.286321
838,-1.122770,1.793170,-18.245383,-0.255299,0.041161,-1.092489,0.660000,0.300000,0.220000,0.600000,-0.400000,-0.255299
839,-1.125105,1.792059,-18.256308,-0.217594,0.021657,-1.109360,0.700000,0.300000,0.220000,0.600000,-0.400000,-0.217594
840,-1.127030,1.791022,-18.267402,-0.171974,0.020752,-0.347061,0.740000,0.320000,0.220000,0.600000,-0.400000,-0.171974
841,-1.128581,1.790250,-18.270872,-0.133888,0.003449,-0.364537,0.740000,0.320000,0.220000,0.600000,-0.400000,-0.133888
842,-1.129720,1.789546,-18.274518,-0.091903,0.002961,-0.364537,0.760000,0.320000,0.220000,0.600000,-0.400000,-0.091903
843,-1.130508,1.789071,-18.278163,-0.049914,0.002626,-0.364537,0.780000,0.320000,0.220000,0.600000,-0.400000,-0.049914
844,-1.130942,1.788823,-18.281808,-0.007924,0.002444,-0.364537,0.780000,0.320000,0.220000,0.600000,-0.200000,-0.007924
845,-1.131022,1.788801,-18.285454,0.034067,0.002415,-0.364537,0.800000,0.320000,0.220000,0.600000,-0.200000,0.034067
846,-1.130747,1.789004,-18.289099,0.076273,-0.003794,0.040558,0.820000,0.320000,0.220000,0.600000,-0.400000,0.076273
847,-1.130081,1.789377,-18.288693,0.115195,-0.008868,-0.379226,0.820000,0.320000,0.220000,0.600000,-0.400000,0.115195
848,-1.129058,1.789915,-18.292486,0.154894,-0.015027,-0.562922,0.820000,0.320000,0.220000,0.600000,-0.400000,0.154894
849,-1.127664,1.790606,-18.298115,0.194863,-0.019936,-0.738710,0.840000,0.320000,0.220000,0.600000,-0.400000,0.194863
850,-1.125900,1.791457,-18.305502,0.234970,-0.024092,-0.906919,0.880000,0.340000,0.220000,0.600000,-0.400000,0.234970
851,-1.123764,1.792467,-18.314571,0.275165,-0.027584,-1.069970,0.900000,0.340000,0.220000,0.600000,-0.400000,0.275165
852,-1.121257,1.793633,-18.325271,0.315422,-0.030399,-1.228881,0.960000,0.340000,0.220000,0.600000,-0.200000,0.315422
853,-1.118374,1.794949,-18.337560,0.357827,-0.027423,-1.167336,1.000000,0.340000,0.220000,0.600000,-0.200000,0.357827
854,-1.115120,1.796463,-18.349233,0.399949,-0.025222,-1.155399,1.000000,0.340000,0.220000,0.600000,-0.200000,0.399949
855,-1.111490,1.798160,-18.360787,0.441897,-0.023327,-1.171735,1.000000,0.360000,0.220000,0.600000,-0.200000,0.441897
856,-1.107479,1.800029,-18.372504,0.483724,-0.021447,-1.205032,1.000000,0.360000,0.220000,0.600000,-0.200000,0.483724
857,-1.103083,1.802060,-18.384555,0.525458,-0.019388,-1.248907,1.000000,0.360000,0.220000,0.600000,-0.200000,0.525458
858,-1.098299,1.804243,-18.397044,0.567113,-0.017013,-1.299517,1.000000,0.360000,0.220000,0.400000,-0.200000,0.567113
859,-1.093125,1.806569,-18.410039,0.594691,-0.014217,-1.354412,1.000000,0.380000,0.220000,0.400000,-0.200000,0.594691
860,-1.087683,1.808971,-18.423583,0.622203,-0.011092,-1.407762,1.000000,0.380000,0.220000,0.400000,-0.200000,0.622203
861,-1.081971,1.811441,-18.437661,0.649642,-0.007613,-1.459661,1.000000,0.380000,0.220000,0.400000,-0.200000,0.649642
862,-1.075987,1.813972,-18.452257,0.676998,-0.003757,-1.510165,1.000000,0.400000,0.220000,0.400000,-0.200000,0.676998
863,-1.069730,1.816557,-18.467359,0.704262,0.000495,-1.559299,1.000000,0.400000,0.220000,0.400000,-0.200000,0.704262
864,-1.063197,1.819188,-18.482952,0.731425,0.005161,-1.607073,1.000000,0.420000,0.240000,0.400000,-0.200000,0.731425
865,-1.056388,1.821858,-18.499023,0.758475,0.010256,-1.653489,1.000000,0.420000,0.240000,0.400000,-0.200000,0.758475
866,-1.049299,1.824559,-18.515558,0.785401,0.015796,-1.698540,1.000000,0.440000,0.240000,0.400000,-0.200000,0.785401
867,-1.041931,1.827283,-18.532543,0.812191,0.021793,-1.742221,1.000000,0.460000,0.240000,0.400000,-0.200000,0.812191
868,-1.034282,1.830022,-18.549965,0.838832,0.028257,-1.784525,1.000000,0.480000,0.240000,0.400000,-0.200000,0.838832
869,-1.026351,1.832767,-18.567810,0.865311,0.035201,-1.825447,1.000000,0.500000,0.240000,0.200000,-0.200000,0.865311
870,-1.018137,1.835511,-18.586065,0.877614,0.042632,-1.864985,1.000000,0.520000,0.240000,0.200000,-0.200000,0.877614
871,-1.009774,1.838209,-18.604715,0.889731,0.050255,-1.900609,1.000000,0.540000,0.240000,0.200000,-0.200000,0.889731
872,-1.001264,1.840853,-18.623721,0.901653,0.058053,-1.932820,1.000000,0.580000,0.240000,0.600000,-0.200000,0.901653
873,-0.992607,1.843438,-18.643049,0.941376,0.066013,-1.962053,1.000000,0.620000,0.240000,0.400000,-0.200000,0.941376
874,-0.983528,1.846014,-18.662670,0.966889,0.074779,-1.993241,1.000000,0.680000,0.260000,0.400000,-0.200000,0.966889
875,-0.974167,1.848545,-18.682602,0.992172,0.084047,-2.023636,1.000000,0.740000,0.260000,0.400000,-0.200000,0.992172
876,-0.964522,1.851023,-18.702838,1.017210,0.093823,-2.053187,1.000000,0.820000,0.260000,0.400000,-0.200000,1.017210
877,-0.954597,1.853438,-18.723370,1.041988,0.104113,-2.081857,1.000000,0.900000,0.260000,0.400000,-0.200000,1.041988
878,-0.944391,1.855782,-18.744189,1.066492,0.114921,-2.109624,1.000000,0.900000,0.280000,0.200000,0.000000,1.066492
879,-0.933906,1.858047,-18.765285,1.077971,0.130942,-1.935818,1.000000,0.880000,0.280000,0.200000,0.000000,1.077971
880,-0.923275,1.860259,-18.784643,1.089337,0.144620,-1.778966,1.000000,1.000000,0.280000,0.400000,0.000000,1.089337
881,-0.912498,1.862409,-18.802433,1.114663,0.156240,-1.636560,1.000000,1.000000,0.300000,0.400000,0.000000,1.114663
882,-0.901437,1.864494,-18.818799,1.140000,0.166345,-1.507051,1.000000,1.000000,0.300000,0.400000,0.000000,1.140000
883,-0.890094,1.866508,-18.833869,1.165382,0.175099,-1.388423,1.000000,1.000000,0.300000,0.400000,0.000000,1.165382
884,-0.878469,1.868441,-18.847753,1.190835,0.182635,-1.279062,1.000000,1.000000,0.320000,0.400000,0.000000,1.190835
885,-0.866564,1.870289,-18.860544,1.216378,0.189065,-1.177668,0.860000,1.000000,0.320000,0.400000,0.000000,1.216378
886,-0.854380,1.872046,-18.872321,1.242025,0.194482,-1.083192,0.820000,1.000000,0.320000,0.400000,0.000000,1.242025
887,-0.841919,1.873708,-18.883152,1.267786,0.198963,-0.994786,0.820000,1.000000,0.340000,0.400000,0.000000,1.267786
888,-0.829181,1.875270,-18.893100,1.293670,0.202576,-0.911760,0.800000,1.000000,0.340000,0.400000,0.000000,1.293670
889,-0.816169,1.876731,-18.902218,1.319680,0.205379,-0.833549,0.780000,1.000000,0.340000,0.400000,0.000000,1.319680
890,-0.802882,1.878087,-18.910553,1.345820,0.207421,-0.759695,0.760000,1.000000,0.360000,0.400000,0.000000,1.345820
891,-0.789323,1.879337,-18.918150,1.372089,0.208749,-0.689819,0.760000,1.000000,0.360000,0.400000,0.000000,1.372089
892,-0.775491,1.880479,-18.925049,1.398488,0.209402,-0.623612,0.740000,1.000000,0.360000,0.400000,0.000000,1.398488
893,-0.761388,1.881513,-18.931285,1.425016,0.209417,-0.560820,0.740000,1.000000,0.360000,0.400000,0.000000,1.425016
894,-0.747014,1.882436,-18.936893,1.451668,0.208828,-0.501235,0.740000,1.000000,0.380000,0.400000,0.000000,1.451668
895,-0.732371,1.883251,-18.941905,1.478441,0.207665,-0.444686,0.720000,1.000000,0.380000,0.400000,-0.200000,1.478441
896,-0.717458,1.883955,-18.946352,1.503838,0.202412,-0.542776,0.720000,1.000000,0.380000,0.400000,0.000000,1.503838
897,-0.702294,1.884516,-18.951780,1.530546,0.202577,-0.485013,0.720000,1.000000,0.380000,0.400000,0.000000,1.530546
898,-0.686862,1.884970,-18.956630,1.557363,0.202111,-0.430277,0.700000,1.000000,0.400000,0.400000,-0.200000,1.557363
899,-0.671162,1.885315,-18.960933,1.582817,0.197363,-0.536108,0.700000,1.000000,0.400000,0.400000,0.000000,1.582817
900,-0.655212,1.885517,-18.966294,1.609545,0.198340,-0.479969,0.700000,1.000000,0.400000,0.400000,-0.200000,1.609545
901,-0.638995,1.885612,-18.971094,1.634920,0.194842,-0.588796,0.700000,1.000000,0.420000,0.400000,0.000000,1.634920
902,-0.622530,1.885564,-18.976981,1.661544,0.197239,-0.531275,0.680000,1.000000,0.420000,0.400000,-0.200000,1.661544
903,-0.605799,1.885409,-18.982294,1.686822,0.195001,-0.641850,0.680000,1.000000,0.440000,0.400000,-0.200000,1.686822
904,-0.588821,1.885109,-18.988713,1.711901,0.194852,-0.751070,0.660000,1.000000,0.460000,0.400000,-0.200000,1.711901
905,-0.571597,1.884664,-18.996223,1.736770,0.196776,-0.858176,0.740000,1.000000,0.460000,0.400000,-0.200000,1.736770
906,-0.554128,1.884073,-19.004805,1.761412,0.200743,-0.962512,0.640000,1.000000,0.500000,0.400000,-0.200000,1.761412
907,-0.536416,1.883333,-19.014430,1.785806,0.206712,-1.063521,0.720000,1.000000,0.520000,0.400000,-0.200000,1.785806
908,-0.518461,1.882441,-19.025066,1.809926,0.214633,-1.160751,0.700000,1.000000,0.560000,0.400000,-0.200000,1.809926
909,-0.500265,1.881394,-19.036673,1.833740,0.224448,-1.253851,0.600000,1.000000,0.540000,0.000000,0.000000,1.833740
910,-0.481830,1.880188,-19.049212,1.830639,0.240051,-1.173245,0.660000,1.000000,0.520000,0.400000,-0.200000,1.830639
911,-0.463411,1.878910,-19.060944,1.854090,0.249890,-1.259480,0.660000,1.000000,0.500000,0.000000,0.000000,1.854090
912,-0.444758,1.877463,-19.073539,1.850649,0.265246,-1.180167,0.560000,1.000000,0.480000,0.400000,-0.200000,1.850649
913,-0.426125,1.875939,-19.085340,1.873749,0.275042,-1.260323,0.620000,1.000000,0.540000,0.200000,0.000000,1.873749
914,-0.407264,1.874236,-19.097944,1.883983,0.290100,-1.182766,0.620000,1.000000,0.620000,0.400000,-0.200000,1.883983
915,-0.388289,1.872416,-19.109771,1.906746,0.300006,-1.258291,0.600000,1.000000,0.700000,0.000000,0.000000,1.906746
916,-0.369091,1.870409,-19.122354,1.902660,0.314969,-1.182936,0.580000,1.000000,0.840000,0.400000,-0.200000,1.902660
917,-0.349920,1.868316,-19.134184,1.925097,0.324758,-1.253575,0.580000,1.000000,0.940000,0.000000,0.000000,1.925097
918,-0.330531,1.866027,-19.146719,1.920709,0.339375,-1.180478,0.560000,1.000000,0.920000,0.400000,-0.200000,1.920709
919,-0.311172,1.863648,-19.158524,1.942836,0.349022,-1.246801,0.560000,1.000000,0.900000,0.400000,0.000000,1.942836
920,-0.291603,1.861066,-19.170992,1.966162,0.363283,-1.176106,0.540000,1.000000,1.000000,0.400000,-0.200000,1.966162
921,-0.271800,1.858301,-19.182753,1.987989,0.373171,-1.239934,0.520000,1.000000,1.000000,0.400000,-0.200000,1.987989
922,-0.251793,1.855325,-19.195153,2.009451,0.384503,-1.301704,0.520000,1.000000,1.000000,0.200000,-0.200000,2.009451
923,-0.231584,1.852136,-19.208170,2.016522,0.397245,-1.361289,0.500000,1.000000,1.000000,0.200000,-0.200000,2.016522
924,-0.211308,1.848778,-19.221782,2.023178,0.411136,-1.417979,0.500000,1.000000,1.000000,0.000000,0.000000,2.023178
925,-0.190966,1.845250,-19.235962,2.016999,0.428985,-1.348952,0.480000,1.000000,1.000000,0.000000,0.000000,2.016999
926,-0.170667,1.841622,-19.249452,2.010865,0.445020,-1.283587,0.480000,0.920000,1.000000,0.000000,0.000000,2.010865
927,-0.150412,1.837892,-19.262288,2.004808,0.459367,-1.221556,0.460000,0.880000,1.000000,0.400000,-0.200000,2.004808
928,-0.130205,1.834059,-19.274503,2.025206,0.469605,-1.270852,0.440000,0.860000,1.000000,0.000000,-0.200000,2.025206
929,-0.109818,1.829988,-19.287212,2.017238,0.481033,-1.318908,0.440000,0.820000,1.000000,0.000000,-0.200000,2.017238
930,-0.089508,1.825795,-19.300401,2.008887,0.493198,-1.364606,0.420000,0.700000,1.000000,0.000000,-0.200000,2.008887
931,-0.069278,1.821481,-19.314047,2.000143,0.506037,-1.408014,0.420000,0.680000,1.000000,0.000000,-0.200000,2.000143
932,-0.049128,1.817045,-19.328127,1.990998,0.519489,-1.449220,0.400000,0.640000,1.000000,0.000000,-0.200000,1.990998
933,-0.029063,1.812488,-19.342619,1.981442,0.533496,-1.488323,0.400000,0.620000,1.000000,0.000000,-0.200000,1.981442
934,-0.009083,1.807809,-19.357502,1.971468,0.548004,-1.525433,0.380000,0.600000,1.000000,0.000000,-0.200000,1.971468
935,0.010808,1.803008,-19.372757,1.961068,0.562959,-1.560670,0.380000,0.580000,1.000000,0.000000,-0.200000,1.961068
936,0.030608,1.798086,-19.388363,1.950234,0.578314,-1.594158,0.360000,0.560000,1.000000,0.000000,-0.200000,1.950234
937,0.050314,1.793043,-19.404305,1.938960,0.594022,-1.626024,0.360000,0.540000,1.000000,0.000000,-0.200000,1.938960
938,0.069925,1.787879,-19.420565,1.927239,0.610041,-1.656398,0.340000,0.520000,1.000000,0.000000,-0.200000,1.927239
939,0.089437,1.782595,-19.437129,1.915066,0.626331,-1.685408,0.340000,0.480000,1.000000,0.000000,-0.200000,1.915066
940,0.108848,1.777192,-19.453983,1.902436,0.642854,-1.713179,0.340000,0.480000,1.000000,0.000000,-0.200000,1.902436
941,0.128155,1.771670,-19.471115,1.889342,0.659576,-1.739836,0.320000,0.460000,1.000000,0.000000,-0.200000,1.889342
942,0.147356,1.766031,-19.488514,1.875781,0.676464,-1.765497,0.320000,0.440000,1.000000,0.000000,-0.200000,1.875781
943,0.166447,1.760274,-19.506168,1.861746,0.693491,-1.790278,0.300000,0.420000,1.000000,0.000000,-0.200000,1.861746
944,0.185427,1.754403,-19.524071,1.847235,0.710627,-1.814287,0.300000,0.400000,1.000000,0.000000,-0.200000,1.847235
945,0.204292,1.748416,-19.542214,1.832241,0.727848,-1.837628,0.280000,0.380000,1.000000,0.000000,-0.200000,1.832241
946,0.223040,1.742317,-19.560590,1.816760,0.745129,-1.860400,0.280000,0.360000,1.000000,0.000000,-0.200000,1.816760
947,0.241668,1.736106,-19.579194,1.800789,0.762450,-1.882694,0.260000,0.360000,1.000000,0.000000,-0.200000,1.800789
948,0.260174,1.729786,-19.598021,1.784322,0.779788,-1.904598,0.260000,0.340000,1.000000,-0.200000,-0.200000,1.784322
949,0.278555,1.723357,-19.617067,1.753354,0.797125,-1.926191,0.260000,0.320000,1.000000,-0.200000,-0.200000,1.753354
950,0.296707,1.716919,-19.636329,1.721884,0.814154,-1.947479,0.240000,0.320000,1.000000,-0.200000,-0.200000,1.721884
951,0.314631,1.710476,-19.655804,1.689912,0.830853,-1.968571,0.240000,0.300000,1.000000,-0.200000,-0.200000,1.689912
952,0.332325,1.704031,-19.675490,1.657440,0.847201,-1.989566,0.240000,0.280000,0.620000,-0.400000,-0.200000,1.657440
953,0.349789,1.697589,-19.695385,1.610470,0.863179,-2.010554,0.220000,0.280000,0.500000,-0.400000,0.000000,1.610470
954,0.366929,1.691258,-19.715491,1.564893,0.879106,-2.004506,0.220000,0.260000,0.480000,-0.600000,-0.200000,1.564893
955,0.383764,1.685034,-19.735536,1.503163,0.893307,-2.025850,0.200000,0.260000,0.460000,-0.600000,-0.200000,1.503163
956,0.400191,1.679042,-19.755795,1.440963,0.906504,-2.047528,0.200000,0.240000,0.440000,-0.600000,-0.200000,1.440963
957,0.416214,1.673289,-19.776270,1.378306,0.918676,-2.069657,0.200000,0.240000,0.420000,-0.600000,-0.200000,1.378306
958,0.431836,1.667784,-19.796966,1.315203,0.929799,-2.092336,0.200000,0.220000,0.400000,-0.600000,-0.200000,1.315203
959,0.447063,1.662534,-19.817890,1.251664,0.939853,-2.115650,0.180000,0.220000,0.380000,-0.400000,-0.200000,1.251664
960,0.461900,1.657547,-19.839046,1.201703,0.948815,-2.139670,0.180000,0.200000,0.360000,-0.400000,-0.200000,1.201703
961,0.476429,1.652713,-19.860443,1.151329,0.956968,-2.164306,0.180000,0.200000,0.340000,-0.400000,-0.200000,1.151329
962,0.490652,1.648041,-19.882086,1.100550,0.964292,-2.189589,0.180000,0.200000,0.320000,-0.400000,-0.200000,1.100550
963,0.504573,1.643535,-19.903982,1.049373,0.970765,-2.215543,0.160000,0.180000,0.320000,-0.400000,-0.200000,1.049373
964,0.518196,1.639202,-19.926137,0.997808,0.976362,-2.242187,0.160000,0.180000,0.300000,-0.400000,-0.200000,0.997808
965,0.531524,1.635049,-19.948559,0.945864,0.981059,-2.269535,0.160000,0.180000,0.280000,-0.400000,-0.200000,0.945864
966,0.544562,1.631083,-19.971255,0.893550,0.984830,-2.297596,0.160000,0.180000,0.280000,-0.400000,-0.200000,0.893550
967,0.557313,1.627309,-19.994231,0.840880,0.987647,-2.326376,0.160000,0.160000,0.260000,-0.600000,-0.200000,0.840880
968,0.569782,1.623735,-20.017494,0.773865,0.989484,-2.355873,0.140000,0.160000,0.260000,-0.600000,-0.200000,0.773865
969,0.581919,1.620495,-20.041053,0.706522,0.989976,-2.386272,0.140000,0.160000,0.240000,-0.400000,-0.200000,0.706522
970,0.593731,1.617597,-20.064916,0.652871,0.989089,-2.417558,0.140000,0.160000,0.240000,-0.400000,-0.200000,0.652871
971,0.605276,1.614919,-20.089091,0.598937,0.987121,-2.449532,0.140000,0.140000,0.240000,-0.400000,-0.200000,0.598937
972,0.616558,1.612465,-20.113587,0.544739,0.984041,-2.482181,0.140000,0.140000,0.220000,-0.400000,-0.400000,0.544739
973,0.627584,1.610244,-20.138408,0.488384,0.980390,-2.490744,0.140000,0.140000,0.220000,-0.400000,-0.200000,0.488384
974,0.638360,1.608281,-20.163316,0.433955,0.974807,-2.524711,0.140000,0.140000,0.220000,-0.400000,-0.200000,0.433955
975,0.648891,1.606562,-20.188563,0.379336,0.968021,-2.559286,0.140000,0.140000,0.200000,-0.400000,-0.200000,0.379336
976,0.659183,1.605094,-20.214156,0.324558,0.959994,-2.594447,0.140000,0.140000,0.200000,-0.400000,-0.200000,0.324558
977,0.669245,1.603882,-20.240100,0.269651,0.950689,-2.630167,0.140000,0.180000,0.200000,-0.400000,-0.200000,0.269651
978,0.679081,1.602934,-20.266402,0.214649,0.940067,-2.666419,0.140000,0.180000,0.200000,-0.400000,-0.200000,0.214649
979,0.688699,1.602254,-20.293066,0.159587,0.928088,-2.703172,0.140000,0.180000,0.200000,-0.400000,-0.200000,0.159587
980,0.698108,1.601849,-20.320098,0.104506,0.914714,-2.740398,0.140000,0.180000,0.180000,-0.400000,-0.200000,0.104506
981,0.707314,1.601725,-20.347502,0.049448,0.899904,-2.778066,0.140000,0.180000,0.180000,-0.400000,-0.200000,0.049448
982,0.716325,1.601887,-20.375283,-0.005542,0.883620,-2.816144,0.140000,0.180000,0.180000,-0.400000,-0.200000,-0.005542
983,0.725150,1.602340,-20.403444,-0.060414,0.865824,-2.854603,0.140000,0.180000,0.180000,-0.400000,-0.400000,-0.060414
984,0.733796,1.603091,-20.431990,-0.117019,0.847085,-2.867441,0.140000,0.180000,0.180000,-0.200000,-0.400000,-0.117019
985,0.742280,1.604162,-20.460664,-0.159195,0.826734,-2.880608,0.140000,0.180000,0.180000,0.000000,-0.400000,-0.159195
986,0.750605,1.605420,-20.489470,-0.186895,0.805167,-2.894012,0.140000,0.180000,0.180000,0.000000,-0.400000,-0.186895
987,0.758766,1.606728,-20.518411,-0.214082,0.782788,-2.907576,0.140000,0.180000,0.180000,0.000000,-0.400000,-0.214082
988,0.766766,1.608092,-20.547486,-0.240726,0.759603,-2.921294,0.160000,0.180000,0.180000,0.000000,-0.400000,-0.240726
989,0.774606,1.609517,-20.576699,-0.266799,0.735622,-2.935163,0.160000,0.180000,0.180000,0.000000,-0.400000,-0.266799
990,0.782288,1.611007,-20.606051,-0.292273,0.710853,-2.949180,0.160000,0.180000,0.180000,0.000000,-0.400000,-0.292273
991,0.789814,1.612567,-20.635543,-0.317120,0.685306,-2.963342,0.160000,0.180000,0.180000,0.000000,-0.400000,-0.317120
992,0.797186,1.614202,-20.665176,-0.341309,0.658992,-2.977645,0.160000,0.180000,0.180000,0.200000,-0.400000,-0.341309
993,0.804407,1.615916,-20.694953,-0.350813,0.631925,-2.992086,0.180000,0.180000,0.180000,0.000000,-0.400000,-0.350813
994,0.811441,1.617579,-20.724873,-0.373601,0.604530,-3.006601,0.180000,0.200000,0.180000,0.000000,-0.400000,-0.373601
995,0.818328,1.619330,-20.754939,-0.395656,0.576411,-3.021250,0.180000,0.200000,0.180000,0.000000,-0.400000,-0.395656
996,0.825072,1.621175,-20.785152,-0.416950,0.547582,-3.036031,0.200000,0.200000,0.180000,0.000000,-0.400000,-0.416950
997,0.831675,1.623116,-20.815512,-0.437454,0.518059,-3.050941,0.200000,0.200000,0.180000,0.000000,-0.400000,-0.437454
998,0.838140,1.625159,-20.846022,-0.457137,0.487860,-3.065979,0.200000,0.200000,0.200000,0.000000,-0.400000,-0.457137
999,0.844471,1.627308,-20.876681,-0.475973,0.457004,-3.081144,0.220000,0.220000,0.200000,0.000000,-0.400000,-0.475973
