step,x,y,mu,vx,vy,omega,lidar_l,lidar_c,lidar_r,throttle,steering,reward
0,-1.533069,0.324159,2.413410,0.000000,0.000000,0.000000,0.380000,0.240000,0.200000,0.600000,-0.800000,0.000000
1,-1.533069,0.324159,2.413410,0.042000,0.000000,0.000000,0.380000,0.240000,0.200000,0.600000,-0.800000,0.042000
2,-1.533383,0.324438,2.413410,0.076993,-0.006805,-0.291038,0.380000,0.240000,0.200000,0.600000,-1.000000,0.076993
3,-1.533912,0.325002,2.410500,0.110789,-0.013094,-0.456856,0.380000,0.240000,0.200000,0.600000,-1.000000,0.110789
4,-1.534650,0.325839,2.405931,0.144670,-0.018451,-0.651704,0.380000,0.240000,0.200000,0.400000,-1.000000,0.144670
5,-1.535598,0.326946,2.399414,0.164636,-0.023463,-0.840489,0.380000,0.240000,0.200000,0.400000,-1.000000,0.164636
6,-1.536653,0.328232,2.391009,0.184725,-0.028168,-1.020053,0.380000,0.240000,0.200000,0.400000,-1.000000,0.184725
7,-1.537812,0.329698,2.380809,0.204938,-0.032479,-1.192466,0.400000,0.240000,0.200000,0.400000,-0.800000,0.204938
8,-1.539072,0.331346,2.368884,0.226999,-0.037315,-1.399667,0.400000,0.240000,0.200000,0.200000,-0.800000,0.226999
9,-1.540437,0.333198,2.354887,0.235256,-0.041542,-1.595303,0.400000,0.240000,0.200000,0.200000,-0.800000,0.235256
10,-1.541804,0.335157,2.338934,0.243779,-0.045338,-1.772736,0.420000,0.240000,0.200000,0.200000,-0.800000,0.243779
11,-1.543172,0.337226,2.321207,0.252551,-0.048680,-1.934919,0.440000,0.260000,0.200000,0.200000,-0.800000,0.252551
12,-1.544538,0.339405,2.301858,0.261551,-0.051565,-2.083925,0.460000,0.260000,0.200000,0.200000,-0.800000,0.261551
13,-1.545901,0.341696,2.281018,0.270752,-0.053998,-2.221315,0.480000,0.260000,0.200000,0.200000,-0.800000,0.270752
14,-1.547257,0.344101,2.258805,0.280128,-0.055990,-2.348312,0.480000,0.260000,0.200000,0.200000,-0.800000,0.280128
15,-1.548603,0.346621,2.235322,0.289649,-0.057554,-2.465905,0.480000,0.280000,0.200000,0.200000,-0.800000,0.289649
16,-1.549936,0.349256,2.210663,0.299289,-0.058705,-2.574900,0.460000,0.280000,0.200000,0.200000,-0.800000,0.299289
17,-1.551252,0.352007,2.184914,0.309021,-0.059454,-2.675962,0.460000,0.280000,0.200000,0.200000,-0.800000,0.309021
18,-1.552547,0.354875,2.158155,0.318820,-0.059813,-2.769643,0.500000,0.300000,0.200000,0.200000,-0.800000,0.318820
19,-1.553816,0.357861,2.130458,0.328662,-0.059794,-2.856398,0.560000,0.300000,0.200000,0.200000,-0.800000,0.328662
20,-1.555054,0.360963,2.101894,0.338525,-0.059408,-2.936611,0.660000,0.320000,0.220000,0.200000,-0.800000,0.338525
21,-1.556256,0.364183,2.072528,0.348386,-0.058664,-3.010601,0.760000,0.340000,0.220000,0.000000,-0.600000,0.348386
22,-1.557417,0.367520,2.042422,0.347043,-0.056356,-3.026642,0.920000,0.340000,0.220000,0.000000,-0.600000,0.347043
23,-1.558492,0.370867,2.012156,0.345603,-0.054306,-3.034220,0.920000,0.360000,0.220000,0.000000,-0.600000,0.345603
24,-1.559477,0.374224,1.981813,0.344072,-0.052500,-3.035357,1.000000,0.400000,0.240000,0.200000,-0.600000,0.344072
25,-1.560371,0.377588,1.951460,0.356454,-0.050924,-3.031583,1.000000,0.420000,0.240000,0.200000,-0.600000,0.356454
26,-1.561222,0.381087,1.921144,0.368610,-0.049226,-3.039648,1.000000,0.460000,0.240000,0.200000,-0.600000,0.368610
27,-1.562025,0.384718,1.890747,0.380569,-0.047365,-3.056118,1.000000,0.440000,0.260000,0.200000,-0.600000,0.380569
28,-1.562773,0.388479,1.860186,0.392349,-0.045313,-3.078453,1.000000,0.440000,0.260000,0.200000,-0.600000,0.392349
29,-1.563458,0.392369,1.829402,0.403960,-0.043049,-3.104757,1.000000,0.440000,0.280000,0.200000,-0.600000,0.403960
30,-1.564075,0.396384,1.798354,0.415408,-0.040557,-3.133593,1.000000,0.500000,0.280000,0.200000,-0.600000,0.415408
31,-1.564617,0.400523,1.767018,0.426692,-0.037825,-3.163865,1.000000,0.560000,0.300000,0.400000,-0.600000,0.426692
32,-1.565078,0.404782,1.735380,0.451812,-0.034844,-3.194728,1.000000,0.660000,0.320000,0.200000,-0.600000,0.451812
33,-1.565474,0.409296,1.703432,0.462704,-0.031141,-3.234332,1.000000,0.820000,0.320000,0.200000,-0.600000,0.462704
34,-1.565778,0.413923,1.671089,0.473413,-0.027168,-3.271362,1.000000,0.880000,0.340000,0.200000,-0.600000,0.473413
35,-1.565981,0.418661,1.638375,0.483930,-0.022928,-3.305790,1.000000,0.960000,0.380000,0.400000,-0.600000,0.483930
36,-1.566079,0.423505,1.605318,0.508245,-0.018422,-3.337600,1.000000,0.960000,0.400000,0.400000,-0.600000,0.508245
37,-1.566071,0.428590,1.571942,0.532315,-0.013144,-3.373478,1.000000,1.000000,0.420000,0.400000,-0.600000,0.532315
38,-1.565945,0.433914,1.538207,0.556120,-0.007077,-3.411418,0.800000,1.000000,0.400000,0.400000,-0.600000,0.556120
39,-1.565693,0.439470,1.504093,0.579639,-0.000211,-3.449882,0.740000,1.000000,0.400000,0.200000,-0.600000,0.579639
40,-1.565305,0.445253,1.469594,0.588847,0.007460,-3.487692,0.680000,1.000000,0.440000,0.200000,-0.600000,0.588847
41,-1.564784,0.451119,1.434717,0.597730,0.015390,-3.519277,0.640000,1.000000,0.520000,0.200000,-0.600000,0.597730
42,-1.564126,0.457062,1.399524,0.606278,0.023560,-3.545296,0.520000,1.000000,0.620000,0.200000,-0.600000,0.606278
43,-1.563325,0.463076,1.364071,0.614481,0.031946,-3.566312,0.480000,1.000000,0.780000,0.200000,-0.400000,0.614481
44,-1.562376,0.469156,1.328408,0.624623,0.041450,-3.543384,0.460000,1.000000,0.840000,0.200000,-0.400000,0.624623
45,-1.561279,0.475319,1.292974,0.634335,0.050816,-3.524399,0.440000,1.000000,0.920000,0.200000,-0.400000,0.634335
46,-1.560028,0.481558,1.257730,0.643639,0.060088,-3.508583,0.420000,1.000000,0.900000,0.200000,-0.400000,0.643639
47,-1.558618,0.487867,1.222644,0.652547,0.069300,-3.495329,0.400000,1.000000,0.980000,0.200000,-0.400000,0.652547
48,-1.557043,0.494237,1.187691,0.661073,0.078478,-3.484157,0.380000,0.780000,1.000000,0.000000,-0.400000,0.661073
49,-1.555299,0.500662,1.152849,0.655225,0.087645,-3.474686,0.360000,0.720000,1.000000,0.200000,-0.400000,0.655225
50,-1.553441,0.507006,1.118103,0.663013,0.096278,-3.463799,0.340000,0.660000,1.000000,0.200000,-0.600000,0.663013
51,-1.551407,0.513389,1.083465,0.668384,0.104758,-3.461423,0.340000,0.620000,1.000000,0.200000,-0.400000,0.668384
52,-1.549203,0.519786,1.048850,0.675497,0.113396,-3.452716,0.320000,0.580000,1.000000,0.200000,-0.400000,0.675497
53,-1.546818,0.526207,1.014323,0.682279,0.122061,-3.445119,0.320000,0.460000,1.000000,0.000000,-0.600000,0.682279
54,-1.544251,0.532645,0.979872,0.672709,0.130783,-3.437407,0.300000,0.440000,1.000000,0.200000,-0.600000,0.672709
55,-1.541589,0.538960,0.945498,0.676828,0.138985,-3.425861,0.300000,0.400000,1.000000,0.200000,-0.600000,0.676828
56,-1.538754,0.545261,0.911239,0.680662,0.147172,-3.412925,0.280000,0.380000,1.000000,0.200000,-0.600000,0.680662
57,-1.535746,0.551542,0.877110,0.684217,0.155329,-3.398690,0.280000,0.360000,1.000000,0.200000,-0.600000,0.684217
58,-1.532566,0.557796,0.843123,0.687500,0.163441,-3.383245,0.260000,0.340000,0.720000,0.000000,-0.600000,0.687500
59,-1.529213,0.564017,0.809291,0.676516,0.171494,-3.366671,0.260000,0.340000,0.660000,0.000000,-0.400000,0.676516
60,-1.525786,0.570096,0.775624,0.667218,0.178658,-3.360646,0.260000,0.320000,0.620000,0.000000,-0.400000,0.667218
61,-1.522274,0.576044,0.742018,0.657667,0.185351,-3.354065,0.240000,0.300000,0.560000,0.000000,-0.400000,0.657667
62,-1.518678,0.581854,0.708477,0.647882,0.191572,-3.347054,0.240000,0.300000,0.520000,0.000000,-0.400000,0.647882
63,-1.515005,0.587525,0.675006,0.637882,0.197323,-3.339718,0.240000,0.280000,0.420000,-0.200000,-0.400000,0.637882
64,-1.511258,0.593051,0.641609,0.613687,0.202605,-3.332143,0.220000,0.280000,0.400000,-0.400000,-0.400000,0.613687
65,-1.507554,0.598347,0.608288,0.575310,0.206913,-3.323717,0.220000,0.260000,0.360000,-0.400000,-0.400000,0.575310
66,-1.504016,0.603333,0.575051,0.536785,0.209753,-3.314184,0.220000,0.260000,0.340000,-0.400000,-0.400000,0.536785
67,-1.500652,0.608013,0.541909,0.498164,0.211137,-3.304001,0.220000,0.240000,0.320000,-0.400000,-0.400000,0.498164
68,-1.497473,0.612391,0.508869,0.459500,0.211086,-3.293549,0.220000,0.240000,0.320000,-0.400000,-0.400000,0.459500
69,-1.494489,0.616473,0.475933,0.420841,0.209617,-3.283149,0.200000,0.240000,0.300000,0.000000,-0.600000,0.420841
70,-1.491708,0.620264,0.443102,0.408387,0.207399,-3.245497,0.200000,0.220000,0.280000,0.000000,-0.600000,0.408387
71,-1.488908,0.623889,0.410647,0.396081,0.204607,-3.207716,0.200000,0.220000,0.280000,0.000000,-0.600000,0.396081
72,-1.486093,0.627346,0.378570,0.383942,0.201258,-3.169807,0.200000,0.220000,0.260000,0.000000,-0.400000,0.383942
73,-1.483270,0.630635,0.346872,0.373832,0.196705,-3.160075,0.200000,0.200000,0.260000,-0.200000,-0.600000,0.373832
74,-1.480423,0.633756,0.315271,0.348042,0.192457,-3.121780,0.200000,0.200000,0.240000,-0.200000,-0.600000,0.348042
75,-1.477711,0.636665,0.284053,0.322456,0.187240,-3.083238,0.200000,0.200000,0.240000,-0.200000,-0.400000,0.322456
76,-1.475140,0.639366,0.253221,0.298941,0.180398,-3.073801,0.200000,0.200000,0.220000,-0.200000,-0.400000,0.298941
77,-1.472698,0.641861,0.222483,0.275653,0.172794,-3.064182,0.180000,0.200000,0.220000,-0.200000,-0.400000,0.275653
78,-1.470391,0.644155,0.191841,0.252618,0.164443,-3.054262,0.180000,0.180000,0.220000,-0.200000,-0.600000,0.252618
79,-1.468224,0.646251,0.161298,0.228019,0.156047,-3.014732,0.180000,0.180000,0.220000,-0.200000,-0.600000,0.228019
80,-1.466224,0.648157,0.131151,0.203739,0.146807,-2.975138,0.180000,0.180000,0.200000,-0.200000,-0.600000,0.203739
81,-1.464396,0.649879,0.101399,0.179798,0.136757,-2.935449,0.180000,0.180000,0.200000,-0.200000,-0.600000,0.179798
82,-1.462746,0.651421,0.072045,0.156215,0.125933,-2.895582,0.180000,0.180000,0.200000,-0.200000,-0.600000,0.156215
83,-1.461279,0.652790,0.043089,0.133011,0.114373,-2.855348,0.180000,0.180000,0.200000,-0.200000,-0.600000,0.133011
84,-1.459999,0.653990,0.014536,0.110206,0.102120,-2.814332,0.180000,0.180000,0.180000,0.000000,-0.600000,0.110206
85,-1.458912,0.655027,-0.013608,0.101828,0.089231,-2.771552,0.180000,0.180000,0.180000,0.000000,-0.600000,0.101828
86,-1.457882,0.655905,-0.041323,0.093951,0.076209,-2.722597,0.180000,0.180000,0.180000,0.200000,-0.600000,0.093951
87,-1.456911,0.656628,-0.068549,0.100666,0.063205,-2.661509,0.200000,0.180000,0.180000,0.200000,-0.600000,0.100666
88,-1.455864,0.657190,-0.095164,0.108081,0.050759,-2.580583,0.200000,0.180000,0.180000,0.200000,-0.600000,0.108081
89,-1.454740,0.657592,-0.120970,0.116227,0.038939,-2.476778,0.200000,0.180000,0.180000,0.200000,-0.800000,0.116227
90,-1.453539,0.657839,-0.145738,0.122786,0.027561,-2.357970,0.200000,0.180000,0.180000,0.200000,-0.800000,0.122786
91,-1.452284,0.657933,-0.169317,0.129831,0.016388,-2.233064,0.200000,0.180000,0.180000,0.200000,-0.800000,0.129831
92,-1.450977,0.657876,-0.191648,0.137326,0.005448,-2.104622,0.200000,0.180000,0.180000,0.400000,-0.800000,0.137326
93,-1.449618,0.657668,-0.212694,0.159222,-0.005189,-1.978005,0.200000,0.180000,0.180000,0.400000,-0.800000,0.159222
94,-1.448073,0.657281,-0.232474,0.181277,-0.015095,-1.879474,0.200000,0.180000,0.160000,0.200000,-0.800000,0.181277
95,-1.446343,0.656716,-0.251269,0.189471,-0.023841,-1.828553,0.200000,0.180000,0.160000,0.200000,-0.800000,0.189471
96,-1.444568,0.656014,-0.269555,0.197921,-0.031480,-1.819455,0.200000,0.180000,0.160000,0.200000,-0.800000,0.197921
97,-1.442744,0.655184,-0.287749,0.206610,-0.037914,-1.853352,0.200000,0.180000,0.160000,0.200000,-0.800000,0.206610
98,-1.440870,0.654234,-0.306283,0.215526,-0.043240,-1.921331,0.200000,0.180000,0.160000,0.200000,-0.800000,0.215526
99,-1.438946,0.653172,-0.325496,0.224658,-0.047646,-2.011023,0.200000,0.160000,0.160000,0.200000,-0.800000,0.224658
100,-1.436969,0.652002,-0.345606,0.233993,-0.051304,-2.112098,0.200000,0.160000,0.160000,0.200000,-0.800000,0.233993
101,-1.434941,0.650726,-0.366727,0.243511,-0.054341,-2.217598,0.200000,0.160000,0.160000,0.200000,-0.800000,0.243511
102,-1.432863,0.649346,-0.388903,0.253190,-0.056845,-2.323285,0.200000,0.160000,0.160000,0.200000,-0.800000,0.253190
103,-1.430736,0.647860,-0.412136,0.263006,-0.058872,-2.426705,0.200000,0.160000,0.160000,0.200000,-0.800000,0.263006
104,-1.428562,0.646267,-0.436403,0.272934,-0.060466,-2.526487,0.220000,0.160000,0.160000,-0.200000,-0.800000,0.272934
105,-1.426344,0.644565,-0.461668,0.254952,-0.061652,-2.621891,0.220000,0.160000,0.160000,0.200000,-0.800000,0.254952
106,-1.424336,0.642878,-0.487887,0.265406,-0.063106,-2.683743,0.220000,0.160000,0.160000,-0.200000,-0.800000,0.265406
107,-1.422287,0.641076,-0.514724,0.247871,-0.064140,-2.750586,0.220000,0.160000,0.140000,0.200000,-0.800000,0.247871
108,-1.420446,0.639298,-0.542230,0.258790,-0.065425,-2.785997,0.220000,0.160000,0.140000,0.200000,-0.800000,0.258790
109,-1.418566,0.637402,-0.570090,0.269642,-0.066304,-2.833250,0.240000,0.180000,0.140000,0.000000,-0.600000,0.269642
110,-1.416654,0.635388,-0.598423,0.269878,-0.064278,-2.778713,0.240000,0.180000,0.140000,0.000000,-0.600000,0.269878
111,-1.414787,0.633337,-0.626210,0.269855,-0.062658,-2.733595,0.240000,0.180000,0.140000,0.000000,-0.600000,0.269855
112,-1.412967,0.631248,-0.653546,0.269630,-0.061362,-2.695855,0.260000,0.180000,0.140000,0.000000,-0.600000,0.269630
113,-1.411200,0.629121,-0.680504,0.269247,-0.060326,-2.663957,0.260000,0.180000,0.140000,0.000000,-0.600000,0.269247
114,-1.409487,0.626958,-0.707144,0.268740,-0.059501,-2.636728,0.260000,0.180000,0.140000,0.000000,-0.600000,0.268740
115,-1.407830,0.624760,-0.733511,0.268137,-0.058846,-2.613263,0.280000,0.180000,0.140000,0.000000,-0.600000,0.268137
116,-1.406232,0.622528,-0.759644,0.267458,-0.058328,-2.592855,0.300000,0.180000,0.140000,0.000000,-0.600000,0.267458
117,-1.404695,0.620263,-0.785572,0.266721,-0.057922,-2.574943,0.300000,0.180000,0.140000,0.000000,-0.600000,0.266721
118,-1.403219,0.617967,-0.811322,0.265939,-0.057606,-2.559081,0.320000,0.180000,0.140000,0.000000,-0.600000,0.265939
119,-1.401805,0.615642,-0.836913,0.265123,-0.057364,-2.544908,0.340000,0.200000,0.140000,0.000000,-0.600000,0.265123
120,-1.400456,0.613289,-0.862362,0.264283,-0.057181,-2.532133,0.360000,0.200000,0.140000,0.000000,-0.600000,0.264283
121,-1.399170,0.610910,-0.887683,0.263424,-0.057045,-2.520518,0.380000,0.200000,0.140000,0.000000,-0.600000,0.263424
122,-1.397950,0.608507,-0.912888,0.262554,-0.056947,-2.509869,0.400000,0.200000,0.160000,0.200000,-0.600000,0.262554
123,-1.396795,0.606081,-0.937987,0.275676,-0.056880,-2.500025,0.420000,0.200000,0.160000,0.000000,-0.600000,0.275676
124,-1.395623,0.603522,-0.962987,0.274513,-0.056755,-2.515203,0.420000,0.220000,0.160000,0.000000,-0.600000,0.274513
125,-1.394522,0.600944,-0.988139,0.273391,-0.056644,-2.524532,0.420000,0.220000,0.160000,0.000000,-0.600000,0.273391
126,-1.393490,0.598350,-1.013385,0.272299,-0.056549,-2.529481,0.420000,0.220000,0.160000,0.000000,-0.600000,0.272299
127,-1.392530,0.595740,-1.038679,0.271230,-0.056472,-2.531163,0.420000,0.240000,0.160000,0.200000,-0.600000,0.271230
128,-1.391640,0.593116,-1.063991,0.284180,-0.056413,-2.530423,0.480000,0.240000,0.160000,0.200000,-0.600000,0.284180
129,-1.390754,0.590357,-1.089295,0.296888,-0.056256,-2.550758,0.560000,0.260000,0.160000,0.000000,-0.600000,0.296888
130,-1.389878,0.587466,-1.114803,0.295413,-0.055955,-2.584689,0.680000,0.260000,0.160000,0.000000,-0.600000,0.295413
131,-1.389079,0.584567,-1.140650,0.293996,-0.055674,-2.608472,0.680000,0.280000,0.160000,0.200000,-0.600000,0.293996
132,-1.388359,0.581663,-1.166734,0.306622,-0.055419,-2.624426,0.680000,0.300000,0.180000,0.200000,-0.600000,0.306622
133,-1.387663,0.578625,-1.192979,0.319068,-0.055004,-2.653998,0.960000,0.300000,0.180000,0.200000,-0.600000,0.319068
134,-1.386998,0.575457,-1.219519,0.331368,-0.054399,-2.692480,0.960000,0.320000,0.180000,0.200000,-0.400000,0.331368
135,-1.386368,0.572158,-1.246443,0.346586,-0.049347,-2.555454,1.000000,0.360000,0.180000,0.200000,-0.400000,0.346586
136,-1.385731,0.568716,-1.271998,0.361147,-0.045346,-2.468278,1.000000,0.380000,0.180000,0.400000,-0.600000,0.361147
137,-1.385102,0.565131,-1.296681,0.386337,-0.045357,-2.557549,1.000000,0.400000,0.200000,0.200000,-0.400000,0.386337
138,-1.384492,0.561289,-1.322256,0.400321,-0.041457,-2.518187,1.000000,0.400000,0.200000,0.200000,-0.400000,0.400321
139,-1.383910,0.557307,-1.347438,0.413960,-0.037976,-2.497785,1.000000,0.380000,0.200000,0.200000,-0.400000,0.413960
140,-1.383363,0.553186,-1.372416,0.427324,-0.034752,-2.491109,1.000000,0.380000,0.220000,0.400000,-0.400000,0.427324
141,-1.382861,0.548928,-1.397327,0.454457,-0.031669,-2.494476,1.000000,0.400000,0.220000,0.400000,-0.400000,0.454457
142,-1.382389,0.544397,-1.422272,0.481327,-0.028341,-2.515985,1.000000,0.460000,0.240000,0.400000,-0.400000,0.481327
143,-1.381957,0.539595,-1.447432,0.507970,-0.024650,-2.549802,1.000000,0.540000,0.240000,0.400000,-0.400000,0.507970
144,-1.381577,0.534523,-1.472930,0.534399,-0.020507,-2.591910,1.000000,0.640000,0.260000,0.400000,-0.400000,0.534399
145,-1.381258,0.529185,-1.498849,0.560619,-0.015842,-2.639465,1.000000,0.640000,0.260000,0.400000,-0.400000,0.560619
146,-1.381014,0.523582,-1.525243,0.586624,-0.010602,-2.690398,1.000000,0.620000,0.280000,0.400000,-0.400000,0.586624
147,-1.380852,0.517717,-1.552147,0.612403,-0.004743,-2.743179,1.000000,0.900000,0.300000,0.400000,-0.400000,0.612403
148,-1.380786,0.511593,-1.579579,0.637940,0.001773,-2.796653,1.000000,0.900000,0.320000,0.400000,-0.400000,0.637940
149,-1.380824,0.505214,-1.607546,0.663214,0.008974,-2.849945,1.000000,1.000000,0.360000,0.400000,-0.400000,0.663214
150,-1.380978,0.498583,-1.636045,0.688205,0.016884,-2.902386,0.940000,1.000000,0.340000,0.400000,-0.200000,0.688205
151,-1.381258,0.491704,-1.665069,0.715067,0.029115,-2.799805,0.880000,1.000000,0.340000,0.400000,-0.400000,0.715067
152,-1.381641,0.484558,-1.693067,0.739298,0.037382,-2.857222,0.840000,1.000000,0.320000,0.200000,-0.200000,0.739298
153,-1.382172,0.477175,-1.721639,0.751385,0.049544,-2.780710,0.800000,1.000000,0.340000,0.200000,-0.200000,0.751385
154,-1.382811,0.469672,-1.749446,0.763065,0.060811,-2.715854,0.760000,1.000000,0.400000,0.200000,-0.200000,0.763065
155,-1.383569,0.462054,-1.776605,0.774387,0.071345,-2.660543,0.720000,1.000000,0.480000,0.200000,-0.400000,0.774387
156,-1.384453,0.454328,-1.803210,0.783262,0.078929,-2.713602,0.620000,1.000000,0.580000,0.400000,-0.400000,0.783262
157,-1.385489,0.446524,-1.830346,0.805866,0.086952,-2.762035,0.600000,1.000000,0.560000,0.400000,-0.400000,0.805866
158,-1.386717,0.438512,-1.857967,0.828181,0.095826,-2.808899,0.560000,1.000000,0.560000,0.400000,-0.200000,0.828181
159,-1.388143,0.430298,-1.886056,0.852285,0.107592,-2.766317,0.540000,1.000000,0.840000,0.200000,-0.400000,0.852285
160,-1.389763,0.421862,-1.913719,0.859946,0.117440,-2.811974,0.520000,1.000000,0.820000,0.200000,-0.400000,0.859946
161,-1.391549,0.413368,-1.941839,0.867253,0.127684,-2.853277,0.500000,1.000000,1.000000,0.200000,-0.400000,0.867253
162,-1.393503,0.404823,-1.970371,0.874191,0.138289,-2.890601,0.480000,0.940000,1.000000,0.200000,-0.400000,0.874191
163,-1.395630,0.396232,-1.999277,0.880747,0.149225,-2.924296,0.480000,0.880000,1.000000,0.000000,-0.400000,0.880747
164,-1.397932,0.387600,-2.028520,0.872909,0.160463,-2.954689,0.460000,0.820000,1.000000,0.000000,-0.400000,0.872909
165,-1.400350,0.379061,-2.058067,0.864667,0.171512,-2.980304,0.380000,0.780000,1.000000,0.000000,-0.400000,0.864667
166,-1.402883,0.370617,-2.087870,0.856028,0.182333,-3.001799,0.380000,0.740000,1.000000,0.000000,-0.200000,0.856028
167,-1.405530,0.362275,-2.117888,0.849048,0.194022,-2.971375,0.360000,0.700000,1.000000,0.000000,-0.400000,0.849048
168,-1.408290,0.354014,-2.147602,0.839703,0.203937,-2.987212,0.360000,0.660000,1.000000,0.000000,-0.400000,0.839703
169,-1.411160,0.345864,-2.177474,0.830009,0.213555,-3.000414,0.340000,0.620000,1.000000,0.000000,-0.200000,0.830009
170,-1.414137,0.337827,-2.207478,0.822003,0.223685,-2.975749,0.340000,0.520000,1.000000,0.200000,-0.200000,0.822003
171,-1.417226,0.329888,-2.237236,0.827720,0.233151,-2.953723,0.320000,0.500000,1.000000,0.200000,-0.400000,0.827720
172,-1.420510,0.321940,-2.266773,0.831174,0.241791,-2.963168,0.320000,0.480000,1.000000,0.200000,-0.400000,0.831174
173,-1.423983,0.314012,-2.296405,0.834336,0.250542,-2.971979,0.300000,0.460000,0.940000,0.000000,-0.400000,0.834336
174,-1.427646,0.306107,-2.326124,0.823205,0.259392,-2.980198,0.300000,0.440000,0.860000,-0.200000,-0.400000,0.823205
175,-1.431401,0.298336,-2.355926,0.797774,0.267877,-2.987006,0.300000,0.420000,0.800000,-0.200000,-0.400000,0.797774
176,-1.435145,0.290800,-2.385797,0.772055,0.275531,-2.991858,0.280000,0.420000,0.740000,-0.200000,-0.400000,0.772055
177,-1.438874,0.283499,-2.415715,0.746080,0.282340,-2.995129,0.280000,0.400000,0.700000,0.000000,-0.400000,0.746080
178,-1.442580,0.276435,-2.445666,0.733878,0.288294,-2.997140,0.280000,0.380000,0.660000,0.000000,-0.400000,0.733878
179,-1.446364,0.269518,-2.475638,0.721482,0.293837,-2.998630,0.260000,0.360000,0.620000,-0.400000,-0.400000,0.721482
180,-1.450222,0.262750,-2.505624,0.680906,0.298963,-2.999686,0.260000,0.360000,0.580000,-0.400000,-0.400000,0.680906
181,-1.453924,0.256300,-2.535621,0.640160,0.302772,-2.999708,0.260000,0.340000,0.560000,-0.400000,-0.400000,0.640160
182,-1.457461,0.250166,-2.565618,0.599285,0.305266,-2.999072,0.260000,0.280000,0.540000,-0.400000,-0.400000,0.599285
183,-1.460825,0.244341,-2.595609,0.558326,0.306449,-2.998106,0.240000,0.280000,0.440000,-0.400000,-0.400000,0.558326
184,-1.464005,0.238823,-2.625590,0.517322,0.306327,-2.997088,0.240000,0.280000,0.420000,-0.400000,-0.400000,0.517322
185,-1.466993,0.233606,-2.655561,0.476314,0.304911,-2.996267,0.240000,0.260000,0.400000,-0.400000,-0.400000,0.476314
186,-1.469780,0.228685,-2.685523,0.435341,0.302209,-2.995858,0.240000,0.260000,0.400000,-0.400000,-0.400000,0.435341
187,-1.472358,0.224055,-2.715482,0.394441,0.298234,-2.996057,0.240000,0.260000,0.380000,-0.400000,-0.400000,0.394441
188,-1.474717,0.219709,-2.745443,0.353650,0.292998,-2.997040,0.240000,0.240000,0.360000,-0.400000,-0.400000,0.353650
189,-1.476849,0.215641,-2.775413,0.313004,0.286512,-2.998969,0.220000,0.240000,0.360000,-0.400000,-0.400000,0.313004
190,-1.478746,0.211845,-2.805403,0.272540,0.278790,-3.001992,0.220000,0.240000,0.340000,-0.400000,-0.400000,0.272540
191,-1.480399,0.208314,-2.835423,0.232290,0.269845,-3.006244,0.220000,0.240000,0.340000,-0.400000,-0.400000,0.232290
192,-1.481800,0.205041,-2.865485,0.192291,0.259690,-3.011844,0.220000,0.240000,0.320000,-0.200000,-0.400000,0.192291
193,-1.482942,0.202019,-2.895603,0.166575,0.248336,-3.018885,0.220000,0.240000,0.320000,0.000000,-0.400000,0.166575
194,-1.483953,0.199204,-2.925792,0.155182,0.236221,-3.026732,0.220000,0.220000,0.300000,0.000000,-0.400000,0.155182
195,-1.484963,0.196565,-2.956060,0.144136,0.223778,-3.034686,0.220000,0.220000,0.300000,0.000000,-0.400000,0.144136
196,-1.485967,0.194099,-2.986406,0.133450,0.211016,-3.042719,0.220000,0.220000,0.300000,0.000000,-0.400000,0.133450
197,-1.486959,0.191808,-3.016834,0.123136,0.197947,-3.050788,0.220000,0.220000,0.240000,0.000000,-0.400000,0.123136
198,-1.487935,0.189691,-3.047342,0.113205,0.184581,-3.058831,0.220000,0.220000,0.240000,0.000000,-0.400000,0.113205
199,-1.488888,0.187747,-3.077930,0.103670,0.170931,-3.066746,0.220000,0.220000,0.240000,0.000000,-0.400000,0.103670
200,-1.489814,0.185975,-3.108597,0.094544,0.157011,-3.074360,0.220000,0.220000,0.240000,0.000000,-0.400000,0.094544
201,-1.490707,0.184375,-3.139341,0.085841,0.142839,-3.081350,0.240000,0.220000,0.240000,0.000000,-0.400000,0.085841
202,-1.491562,0.182944,-3.170154,0.077577,0.128442,-3.087064,0.240000,0.220000,0.220000,0.000000,-0.600000,0.077577
203,-1.492374,0.181682,-3.201025,0.067982,0.114702,-3.054233,0.240000,0.220000,0.220000,0.000000,-0.600000,0.067982
204,-1.493121,0.180578,-3.231567,0.058876,0.100688,-3.019927,0.240000,0.220000,0.220000,0.200000,-0.400000,0.058876
205,-1.493798,0.179628,-3.261767,0.066178,0.085919,-3.005585,0.240000,0.220000,0.220000,0.200000,-0.400000,0.066178
206,-1.494558,0.178854,-3.291822,0.074460,0.072583,-2.937728,0.240000,0.220000,0.220000,0.200000,-0.400000,0.074460
207,-1.495403,0.178248,-3.321200,0.083972,0.061274,-2.790205,0.240000,0.220000,0.220000,0.200000,-0.400000,0.083972
208,-1.496339,0.177795,-3.349102,0.094403,0.051275,-2.591657,0.240000,0.220000,0.220000,0.200000,-0.400000,0.094403
209,-1.497368,0.177488,-3.375018,0.105379,0.041753,-2.375548,0.260000,0.220000,0.220000,0.200000,-0.400000,0.105379
210,-1.498490,0.177326,-3.398774,0.116732,0.032375,-2.154931,0.260000,0.220000,0.220000,0.400000,-0.400000,0.116732
211,-1.499701,0.177309,-3.420323,0.142384,0.023037,-1.934774,0.260000,0.220000,0.220000,0.400000,-0.400000,0.142384
212,-1.501133,0.177480,-3.439671,0.168063,0.013558,-1.744467,0.260000,0.220000,0.200000,0.400000,-0.600000,0.168063
213,-1.502780,0.177844,-3.457116,0.191269,0.002441,-1.669609,0.260000,0.220000,0.200000,0.400000,-0.400000,0.191269
214,-1.504605,0.178414,-3.473812,0.217421,-0.005296,-1.527854,0.260000,0.220000,0.200000,0.400000,-0.600000,0.217421
215,-1.506644,0.179173,-3.489090,0.240982,-0.014116,-1.540441,0.260000,0.220000,0.200000,0.400000,-0.600000,0.240982
216,-1.508861,0.180126,-3.504495,0.264763,-0.021384,-1.598305,0.260000,0.220000,0.200000,0.400000,-0.600000,0.264763
217,-1.511261,0.181266,-3.520478,0.288735,-0.027225,-1.691348,0.260000,0.220000,0.200000,0.400000,-0.600000,0.288735
218,-1.513842,0.182587,-3.537391,0.312873,-0.031821,-1.806778,0.260000,0.220000,0.200000,0.200000,-0.600000,0.312873
219,-1.516607,0.184087,-3.555459,0.323155,-0.035313,-1.934417,0.260000,0.220000,0.200000,0.200000,-0.600000,0.323155
220,-1.519423,0.185710,-3.574803,0.333629,-0.038064,-2.057563,0.280000,0.220000,0.200000,0.200000,-0.600000,0.333629
221,-1.522292,0.187456,-3.595379,0.344269,-0.040140,-2.174961,0.280000,0.220000,0.200000,0.400000,-0.600000,0.344269
222,-1.525210,0.189326,-3.617128,0.369044,-0.041597,-2.286018,0.280000,0.220000,0.200000,0.200000,-0.600000,0.369044
223,-1.528300,0.191385,-3.639988,0.379846,-0.042172,-2.400462,0.280000,0.220000,0.180000,0.200000,-0.600000,0.379846
224,-1.531435,0.193571,-3.663993,0.390721,-0.042213,-2.506039,0.280000,0.220000,0.180000,0.200000,-0.600000,0.390721
225,-1.534611,0.195887,-3.689054,0.401639,-0.041752,-2.603465,0.280000,0.220000,0.180000,0.200000,-0.600000,0.401639
226,-1.537823,0.198334,-3.715088,0.412572,-0.040819,-2.693400,0.300000,0.220000,0.180000,0.200000,-0.600000,0.412572
227,-1.541067,0.200915,-3.742022,0.423492,-0.039438,-2.776437,0.300000,0.220000,0.180000,0.200000,-0.600000,0.423492
228,-1.544338,0.203633,-3.769787,0.434374,-0.037631,-2.853102,0.300000,0.220000,0.180000,0.200000,-0.600000,0.434374
229,-1.547632,0.206491,-3.798318,0.445196,-0.035417,-2.923852,0.320000,0.220000,0.180000,0.200000,-0.400000,0.445196
230,-1.550941,0.209489,-3.827556,0.458674,-0.030201,-2.877337,0.320000,0.220000,0.180000,0.200000,-0.600000,0.458674
231,-1.554299,0.212628,-3.856329,0.469115,-0.027700,-2.946155,0.340000,0.220000,0.180000,0.200000,-0.600000,0.469115
232,-1.557661,0.215912,-3.885791,0.479466,-0.024789,-3.009460,0.340000,0.220000,0.180000,0.000000,-0.600000,0.479466
233,-1.561020,0.219342,-3.915886,0.475706,-0.021487,-3.067548,0.360000,0.220000,0.180000,0.000000,-0.600000,0.475706
234,-1.564271,0.222822,-3.946561,0.471851,-0.018288,-3.113779,0.380000,0.220000,0.180000,0.200000,-0.400000,0.471851
235,-1.567409,0.226350,-3.977699,0.484510,-0.013114,-3.059511,0.400000,0.220000,0.180000,0.200000,-0.600000,0.484510
236,-1.570560,0.230033,-4.008294,0.494286,-0.010111,-3.099747,0.420000,0.240000,0.180000,0.200000,-0.400000,0.494286
237,-1.573683,0.233866,-4.039291,0.506464,-0.004975,-3.061346,0.460000,0.240000,0.180000,0.200000,-0.400000,0.506464
238,-1.576801,0.237857,-4.069905,0.518351,-0.000017,-3.033231,0.480000,0.240000,0.180000,0.200000,-0.400000,0.518351
239,-1.579907,0.242007,-4.100237,0.529976,0.004841,-3.013222,0.540000,0.240000,0.180000,0.200000,-0.400000,0.529976
240,-1.582992,0.246317,-4.130369,0.541360,0.009659,-2.999651,0.540000,0.260000,0.180000,0.200000,-0.400000,0.541360
241,-1.586049,0.250786,-4.160366,0.552516,0.014485,-2.991218,0.540000,0.260000,0.180000,0.200000,-0.400000,0.552516
242,-1.589069,0.255414,-4.190278,0.563453,0.019357,-2.986897,0.540000,0.260000,0.180000,0.200000,-0.400000,0.563453
243,-1.592047,0.260202,-4.220147,0.574179,0.024303,-2.985867,0.620000,0.280000,0.180000,0.200000,-0.400000,0.574179
244,-1.594975,0.265147,-4.250006,0.584695,0.029348,-2.987463,0.760000,0.280000,0.180000,0.200000,-0.400000,0.584695
245,-1.597846,0.270249,-4.279880,0.595003,0.034511,-2.991142,1.000000,0.300000,0.180000,0.200000,-0.200000,0.595003
246,-1.600653,0.275506,-4.309792,0.607279,0.043254,-2.848975,1.000000,0.320000,0.180000,0.200000,-0.400000,0.607279
247,-1.603430,0.280924,-4.338282,0.617068,0.047764,-2.863831,1.000000,0.340000,0.180000,0.200000,-0.400000,0.617068
248,-1.606130,0.286493,-4.366920,0.626686,0.052501,-2.879038,1.000000,0.340000,0.180000,0.200000,-0.400000,0.626686
249,-1.608746,0.292212,-4.395710,0.636127,0.057464,-2.894409,1.000000,0.380000,0.200000,0.200000,-0.400000,0.636127
250,-1.611273,0.298078,-4.424654,0.645382,0.062654,-2.909787,1.000000,0.400000,0.200000,0.200000,-0.200000,0.645382
251,-1.613705,0.304089,-4.453752,0.656593,0.070756,-2.810025,1.000000,0.440000,0.200000,0.200000,-0.200000,0.656593
252,-1.616069,0.310256,-4.481852,0.667560,0.078108,-2.724710,1.000000,0.480000,0.200000,0.200000,-0.200000,0.667560
253,-1.618355,0.316576,-4.509100,0.678322,0.084854,-2.651165,1.000000,0.480000,0.220000,0.200000,-0.200000,0.678322
254,-1.620555,0.323048,-4.535611,0.688908,0.091106,-2.587351,1.000000,0.480000,0.220000,0.200000,-0.200000,0.688908
255,-1.622663,0.329670,-4.561485,0.699342,0.096955,-2.531687,1.000000,0.480000,0.220000,0.200000,-0.200000,0.699342
256,-1.624673,0.336438,-4.586802,0.709639,0.102476,-2.482933,1.000000,0.500000,0.220000,0.400000,-0.400000,0.709639
257,-1.626579,0.343350,-4.611631,0.731721,0.105965,-2.515564,1.000000,0.600000,0.240000,0.400000,-0.200000,0.731721
258,-1.628369,0.350524,-4.636787,0.755763,0.111987,-2.475207,1.000000,0.760000,0.240000,0.400000,-0.200000,0.755763
259,-1.630057,0.357975,-4.661539,0.779668,0.118197,-2.441733,1.000000,0.920000,0.260000,0.400000,-0.200000,0.779668
260,-1.631633,0.365702,-4.685956,0.803431,0.124632,-2.414219,1.000000,0.920000,0.260000,0.600000,-0.200000,0.803431
261,-1.633092,0.373700,-4.710098,0.841046,0.131322,-2.391885,1.000000,1.000000,0.280000,0.400000,-0.200000,0.841046
262,-1.634424,0.382108,-4.734017,0.864506,0.138698,-2.375743,1.000000,0.980000,0.300000,0.400000,-0.200000,0.864506
263,-1.635624,0.390781,-4.757774,0.887787,0.146377,-2.363386,1.000000,1.000000,0.320000,0.400000,-0.200000,0.887787
264,-1.636683,0.399716,-4.781408,0.910880,0.154382,-2.354319,1.000000,1.000000,0.340000,0.400000,-0.200000,0.910880
265,-1.637595,0.408909,-4.804951,0.933775,0.162730,-2.348117,0.820000,1.000000,0.360000,0.400000,-0.200000,0.933775
266,-1.638353,0.418358,-4.828433,0.956462,0.171439,-2.344410,0.800000,1.000000,0.400000,0.200000,-0.200000,0.956462
267,-1.638948,0.428056,-4.851877,0.964929,0.180524,-2.342875,0.760000,1.000000,0.400000,0.200000,-0.200000,0.964929
268,-1.639394,0.437863,-4.875305,0.973162,0.189608,-2.342061,0.720000,1.000000,0.380000,0.200000,-0.200000,0.973162
269,-1.639687,0.447773,-4.898726,0.981163,0.198700,-2.341911,0.700000,1.000000,0.380000,0.200000,-0.200000,0.981163
270,-1.639822,0.457783,-4.922145,0.988930,0.207811,-2.342374,0.680000,1.000000,0.360000,0.200000,-0.200000,0.988930
271,-1.639795,0.467888,-4.945569,0.996464,0.216950,-2.343409,0.640000,1.000000,0.420000,0.200000,-0.200000,0.996464
272,-1.639603,0.478085,-4.969003,1.003762,0.226124,-2.344979,0.620000,1.000000,0.540000,0.200000,-0.400000,1.003762
273,-1.639243,0.488368,-4.992453,1.008803,0.234541,-2.381245,0.540000,1.000000,0.720000,0.200000,-0.400000,1.008803
274,-1.638708,0.498711,-5.016265,1.013550,0.243351,-2.415246,0.520000,1.000000,0.820000,0.200000,-0.400000,1.013550
275,-1.637998,0.509110,-5.040418,1.017994,0.252528,-2.447064,0.500000,1.000000,0.800000,0.200000,-0.400000,1.017994
276,-1.637108,0.519561,-5.064888,1.022125,0.262047,-2.476790,0.480000,1.000000,0.880000,0.200000,-0.200000,1.022125
277,-1.636039,0.530058,-5.089656,1.027941,0.272509,-2.477649,0.480000,1.000000,0.860000,0.200000,-0.200000,1.027941
278,-1.634786,0.540619,-5.114433,1.033479,0.282991,-2.479157,0.460000,1.000000,0.940000,0.400000,-0.200000,1.033479
279,-1.633346,0.551237,-5.139224,1.052736,0.293499,-2.481287,0.440000,1.000000,0.980000,0.400000,-0.200000,1.052736
280,-1.631659,0.562035,-5.164037,1.071714,0.304436,-2.484453,0.440000,1.000000,0.960000,0.400000,-0.200000,1.071714
281,-1.629721,0.573006,-5.188882,1.090397,0.315805,-2.488570,0.420000,1.000000,1.000000,0.200000,-0.200000,1.090397
282,-1.627526,0.584144,-5.213767,1.094771,0.327609,-2.493564,0.420000,0.720000,1.000000,0.200000,-0.200000,1.094771
283,-1.625137,0.595319,-5.238703,1.098820,0.339454,-2.499007,0.400000,0.680000,1.000000,0.200000,-0.200000,1.098820
284,-1.622552,0.606525,-5.263693,1.102541,0.351345,-2.504901,0.400000,0.660000,1.000000,0.200000,-0.200000,1.102541
285,-1.619770,0.617757,-5.288742,1.105931,0.363284,-2.511244,0.380000,0.620000,1.000000,0.200000,-0.200000,1.105931
286,-1.616789,0.629010,-5.313855,1.108986,0.375272,-2.518038,0.380000,0.600000,1.000000,0.200000,-0.200000,1.108986
287,-1.613608,0.640277,-5.339035,1.111701,0.387312,-2.525283,0.360000,0.580000,1.000000,0.200000,-0.200000,1.111701
288,-1.610226,0.651553,-5.364288,1.114074,0.399406,-2.532982,0.360000,0.560000,1.000000,0.200000,-0.200000,1.114074
289,-1.606642,0.662832,-5.389618,1.116099,0.411554,-2.541137,0.340000,0.520000,1.000000,0.200000,-0.400000,1.116099
290,-1.602855,0.674109,-5.415029,1.115802,0.423623,-2.555484,0.340000,0.500000,1.000000,0.200000,-0.400000,1.115802
291,-1.598877,0.685362,-5.440584,1.115129,0.435789,-2.568851,0.320000,0.480000,1.000000,0.200000,-0.400000,1.115129
292,-1.594708,0.696585,-5.466272,1.114080,0.448035,-2.581311,0.320000,0.480000,1.000000,0.200000,-0.400000,1.114080
293,-1.590349,0.707774,-5.492085,1.112653,0.460342,-2.592936,0.320000,0.460000,1.000000,0.200000,-0.400000,1.112653
294,-1.585800,0.718923,-5.518015,1.110848,0.472693,-2.603792,0.300000,0.380000,1.000000,0.200000,-0.200000,1.110848
295,-1.581062,0.730027,-5.544053,1.110624,0.485057,-2.614619,0.300000,0.360000,1.000000,-0.200000,-0.400000,1.110624
296,-1.576122,0.741093,-5.570199,1.080060,0.497511,-2.624180,0.280000,0.360000,1.000000,-0.200000,-0.400000,1.080060
297,-1.571206,0.751921,-5.596441,1.049117,0.509191,-2.632431,0.280000,0.340000,0.600000,-0.400000,-0.200000,1.049117
298,-1.566322,0.762510,-5.622765,1.005771,0.519943,-2.645204,0.280000,0.340000,0.560000,-0.400000,-0.200000,1.005771
299,-1.561568,0.772786,-5.649217,0.962067,0.529559,-2.658945,0.260000,0.320000,0.540000,-0.400000,-0.200000,0.962067
300,-1.556954,0.782752,-5.675806,0.918030,0.538040,-2.673758,0.260000,0.300000,0.500000,0.000000,-0.400000,0.918030
301,-1.552486,0.792409,-5.702544,0.899739,0.545652,-2.678449,0.260000,0.300000,0.480000,0.000000,-0.400000,0.899739
302,-1.547957,0.801907,-5.729329,0.881217,0.552788,-2.682953,0.260000,0.300000,0.460000,-0.200000,-0.400000,0.881217
303,-1.543369,0.811243,-5.756158,0.848477,0.559442,-2.687321,0.240000,0.280000,0.440000,-0.200000,-0.400000,0.848477
304,-1.538850,0.820346,-5.783031,0.815531,0.565221,-2.691544,0.240000,0.280000,0.420000,-0.200000,-0.400000,0.815531
305,-1.534404,0.829217,-5.809947,0.782405,0.570120,-2.695713,0.240000,0.260000,0.400000,-0.200000,-0.400000,0.782405
306,-1.530038,0.837858,-5.836904,0.749121,0.574133,-2.699907,0.240000,0.260000,0.380000,-0.200000,-0.400000,0.749121
307,-1.525759,0.846270,-5.863903,0.715704,0.577258,-2.704191,0.240000,0.260000,0.380000,-0.200000,-0.400000,0.715704
308,-1.521572,0.854456,-5.890945,0.682177,0.579493,-2.708627,0.220000,0.240000,0.360000,-0.200000,-0.200000,0.682177
309,-1.517483,0.862419,-5.918031,0.650493,0.580394,-2.732152,0.220000,0.240000,0.340000,-0.200000,-0.200000,0.650493
310,-1.513480,0.870163,-5.945353,0.618646,0.580562,-2.756557,0.220000,0.240000,0.340000,-0.200000,-0.200000,0.618646
311,-1.509567,0.877691,-5.972918,0.586651,0.579985,-2.781840,0.220000,0.220000,0.320000,-0.400000,-0.200000,0.586651
312,-1.505751,0.885005,-6.000737,0.540525,0.578653,-2.807994,0.220000,0.220000,0.320000,-0.400000,-0.200000,0.540525
313,-1.502173,0.892069,-6.028817,0.494283,0.576153,-2.835421,0.220000,0.220000,0.300000,-0.400000,-0.200000,0.494283
314,-1.498839,0.898888,-6.057171,0.447953,0.572467,-2.864099,0.220000,0.220000,0.300000,-0.400000,-0.200000,0.447953
315,-1.495756,0.905471,-6.085812,0.401562,0.567580,-2.893997,0.200000,0.220000,0.280000,-0.400000,-0.200000,0.401562
316,-1.492932,0.911824,-6.114752,0.355141,0.561473,-2.925080,0.200000,0.200000,0.280000,-0.400000,-0.200000,0.355141
317,-1.490372,0.917955,-6.144003,0.308721,0.554126,-2.957300,0.200000,0.200000,0.220000,-0.400000,-0.200000,0.308721
318,-1.488083,0.923871,-6.173576,0.262339,0.545518,-2.990601,0.200000,0.200000,0.220000,-0.400000,-0.200000,0.262339
319,-1.486072,0.929580,-6.203482,0.216029,0.535629,-3.024918,0.200000,0.200000,0.220000,-0.400000,-0.200000,0.216029
320,-1.484345,0.935092,-6.233731,0.169832,0.524436,-3.060174,0.200000,0.200000,0.220000,-0.400000,-0.200000,0.169832
321,-1.482908,0.940414,-6.264332,0.123789,0.511916,-3.096285,0.200000,0.200000,0.200000,-0.400000,-0.200000,0.123789
322,-1.481767,0.945555,-6.295295,0.077946,0.498048,-3.133157,0.200000,0.200000,0.200000,-0.400000,-0.200000,0.077946
323,-1.480928,0.950526,-6.326627,0.032349,0.482807,-3.170687,0.200000,0.200000,0.200000,-0.400000,-0.200000,0.032349
324,-1.480395,0.955335,-6.358334,-0.012949,0.466173,-3.208774,0.220000,0.200000,0.200000,0.200000,-0.200000,-0.012949
325,-1.480174,0.959994,-6.390421,-0.015895,0.448123,-3.247317,0.220000,0.200000,0.200000,0.200000,-0.200000,-0.015895
326,-1.479852,0.964466,-6.422895,-0.018435,0.429975,-3.285886,0.220000,0.200000,0.200000,0.000000,-0.400000,-0.018435
327,-1.479436,0.968750,-6.455754,-0.036453,0.412346,-3.298512,0.220000,0.200000,0.200000,0.000000,-0.200000,-0.036453
328,-1.479087,0.972875,-6.488739,-0.052041,0.393526,-3.337254,0.220000,0.200000,0.200000,0.000000,-0.200000,-0.052041
329,-1.478793,0.976833,-6.522111,-0.067160,0.374184,-3.376108,0.220000,0.200000,0.200000,0.000000,-0.200000,-0.067160
330,-1.478560,0.980628,-6.555872,-0.081777,0.354324,-3.415051,0.240000,0.200000,0.200000,0.000000,-0.200000,-0.081777
331,-1.478394,0.984260,-6.590023,-0.095861,0.333953,-3.454056,0.240000,0.200000,0.200000,0.400000,-0.400000,-0.095861
332,-1.478299,0.987733,-6.624563,-0.083274,0.313685,-3.467158,0.240000,0.200000,0.200000,0.200000,-0.400000,-0.083274
333,-1.478033,0.990968,-6.659235,-0.084027,0.293836,-3.480146,0.260000,0.200000,0.200000,0.400000,-0.400000,-0.084027
334,-1.477736,0.994010,-6.694036,-0.070130,0.273955,-3.493090,0.260000,0.200000,0.200000,0.200000,-0.400000,-0.070130
335,-1.477284,0.996801,-6.728967,-0.069576,0.254541,-3.505894,0.260000,0.220000,0.200000,0.200000,-0.400000,-0.069576
336,-1.476815,0.999398,-6.764026,-0.068376,0.235144,-3.518613,0.280000,0.220000,0.200000,0.200000,-0.400000,-0.068376
337,-1.476333,1.001799,-6.799212,-0.066523,0.215785,-3.531216,0.280000,0.220000,0.200000,0.200000,-0.400000,-0.066523
338,-1.475847,1.004004,-6.834525,-0.064015,0.196488,-3.543660,0.300000,0.220000,0.200000,0.200000,-0.400000,-0.064015
339,-1.475363,1.006013,-6.869961,-0.060847,0.177279,-3.555890,0.320000,0.220000,0.200000,0.200000,-0.400000,-0.060847
340,-1.474888,1.007826,-6.905520,-0.057016,0.158183,-3.567823,0.320000,0.240000,0.200000,0.200000,-0.400000,-0.057016
341,-1.474430,1.009444,-6.941198,-0.052522,0.139226,-3.579341,0.340000,0.240000,0.200000,0.200000,-0.400000,-0.052522
342,-1.473994,1.010867,-6.976992,-0.047361,0.120436,-3.590263,0.360000,0.240000,0.200000,0.200000,-0.400000,-0.047361
343,-1.473588,1.012095,-7.012894,-0.041533,0.101844,-3.600316,0.380000,0.240000,0.200000,0.200000,-0.400000,-0.041533
344,-1.473218,1.013131,-7.048897,-0.027335,0.101697,-2.830067,0.420000,0.260000,0.200000,0.200000,-0.400000,-0.027335
345,-1.472711,1.014054,-7.077198,-0.020070,0.083998,-2.840482,0.440000,0.260000,0.200000,0.200000,-0.400000,-0.020070
346,-1.472252,1.014786,-7.105603,-0.012297,0.066536,-2.849007,0.460000,0.280000,0.200000,0.400000,-0.200000,-0.012297
347,-1.471848,1.015329,-7.134093,0.015792,0.068159,-2.050001,0.500000,0.280000,0.220000,0.400000,-0.400000,0.015792
348,-1.471232,1.015659,-7.154593,0.038548,0.051528,-2.056682,0.520000,0.280000,0.220000,0.400000,-0.400000,0.038548
349,-1.470589,1.015696,-7.175160,0.063438,0.039568,-1.879464,0.560000,0.300000,0.220000,0.400000,-0.400000,0.063438
350,-1.469883,1.015451,-7.193954,0.088848,0.028439,-1.679086,0.580000,0.300000,0.220000,0.400000,-0.400000,0.088848
351,-1.469114,1.014923,-7.210745,0.114460,0.017455,-1.484781,0.620000,0.300000,0.220000,0.400000,-0.400000,0.114460
352,-1.468287,1.014112,-7.225593,0.140256,0.006789,-1.303496,0.640000,0.300000,0.220000,0.400000,-0.400000,0.140256
353,-1.467408,1.013017,-7.238628,0.166200,-0.003091,-1.158776,0.680000,0.320000,0.220000,0.600000,-0.400000,0.166200
354,-1.466474,1.011642,-7.250216,0.206265,-0.011424,-1.085132,0.700000,0.320000,0.220000,0.600000,-0.600000,0.206265
355,-1.465397,1.009880,-7.261067,0.243769,-0.019622,-1.194209,0.720000,0.320000,0.220000,0.600000,-0.400000,0.243769
356,-1.464197,1.007748,-7.273009,0.284045,-0.023987,-1.262622,0.760000,0.320000,0.220000,0.400000,-0.400000,0.284045
357,-1.462839,1.005242,-7.285635,0.310313,-0.027271,-1.366847,0.760000,0.320000,0.220000,0.400000,-0.400000,0.310313
358,-1.461399,1.002480,-7.299304,0.336668,-0.029706,-1.476606,0.740000,0.340000,0.220000,0.400000,-0.400000,0.336668
359,-1.459878,0.999462,-7.314070,0.363085,-0.031383,-1.588034,0.740000,0.340000,0.220000,0.400000,-0.400000,0.363085
360,-1.458281,0.996186,-7.329950,0.389543,-0.032352,-1.699033,0.740000,0.340000,0.220000,0.400000,-0.400000,0.389543
361,-1.456612,0.992652,-7.346941,0.416022,-0.032632,-1.808411,0.800000,0.360000,0.220000,0.400000,-0.400000,0.416022
362,-1.454877,0.988856,-7.365025,0.442500,-0.032231,-1.915448,0.900000,0.360000,0.240000,0.400000,-0.400000,0.442500
363,-1.453083,0.984798,-7.384179,0.468956,-0.031144,-2.019681,1.000000,0.360000,0.240000,0.400000,-0.400000,0.468956
364,-1.451237,0.980476,-7.404376,0.495368,-0.029362,-2.120787,1.000000,0.380000,0.240000,0.400000,-0.400000,0.495368
365,-1.449349,0.975887,-7.425584,0.521714,-0.026871,-2.218531,1.000000,0.400000,0.240000,0.400000,-0.400000,0.521714
366,-1.447426,0.971030,-7.447769,0.547970,-0.023658,-2.312729,1.000000,0.400000,0.240000,0.400000,-0.200000,0.547970
367,-1.445478,0.965902,-7.470897,0.576271,-0.015161,-2.208860,1.000000,0.420000,0.240000,0.400000,-0.400000,0.576271
368,-1.443465,0.960501,-7.492985,0.602015,-0.011696,-2.312161,1.000000,0.440000,0.240000,0.400000,-0.200000,0.602015
369,-1.441448,0.954827,-7.516107,0.629831,-0.003264,-2.235992,1.000000,0.480000,0.260000,0.400000,-0.400000,0.629831
370,-1.439391,0.948874,-7.538467,0.655139,0.000832,-2.340821,1.000000,0.500000,0.260000,0.400000,-0.200000,0.655139
371,-1.437350,0.942649,-7.561875,0.682499,0.009579,-2.283131,1.000000,0.540000,0.260000,0.400000,-0.200000,0.682499
372,-1.435293,0.936141,-7.584706,0.709554,0.017925,-2.240919,1.000000,0.560000,0.260000,0.600000,-0.200000,0.709554
373,-1.433233,0.929348,-7.607115,0.750336,0.026039,-2.210731,1.000000,0.600000,0.280000,0.600000,-0.200000,0.750336
374,-1.431146,0.922136,-7.629223,0.790862,0.034401,-2.193910,1.000000,0.660000,0.280000,0.600000,-0.200000,0.790862
375,-1.429049,0.914503,-7.651162,0.831138,0.043128,-2.187248,1.000000,0.680000,0.280000,0.600000,-0.200000,0.831138
376,-1.426952,0.906449,-7.673034,0.871163,0.052315,-2.188364,1.000000,0.660000,0.300000,0.600000,-0.200000,0.871163
377,-1.424870,0.897974,-7.694918,0.910930,0.062038,-2.195453,1.000000,0.660000,0.300000,0.400000,-0.200000,0.910930
378,-1.422814,0.889078,-7.716872,0.936427,0.072361,-2.207126,1.000000,0.720000,0.300000,0.400000,-0.200000,0.936427
379,-1.420817,0.879900,-7.738944,0.961642,0.082976,-2.219993,1.000000,0.860000,0.320000,0.200000,-0.200000,0.961642
380,-1.418889,0.870443,-7.761144,0.972568,0.093916,-2.233763,1.000000,0.920000,0.320000,0.200000,-0.200000,0.972568
381,-1.417053,0.860846,-7.783481,0.983196,0.104837,-2.246174,1.000000,0.900000,0.340000,0.200000,-0.200000,0.983196
382,-1.415314,0.851112,-7.805943,0.993528,0.115749,-2.257459,1.000000,1.000000,0.360000,0.400000,-0.200000,0.993528
383,-1.413681,0.841244,-7.828518,1.017566,0.126662,-2.267814,1.000000,1.000000,0.360000,0.400000,0.000000,1.017566
384,-1.412156,0.831104,-7.851196,1.042605,0.142523,-2.083956,1.000000,1.000000,0.380000,0.400000,-0.200000,1.042605
385,-1.410701,0.820682,-7.872035,1.066188,0.152108,-2.103784,0.980000,1.000000,0.400000,0.400000,-0.200000,1.066188
386,-1.409373,0.809994,-7.893073,1.089517,0.162216,-2.123714,0.840000,1.000000,0.420000,0.200000,-0.200000,1.089517
387,-1.408178,0.799044,-7.914310,1.098577,0.172850,-2.143635,0.800000,1.000000,0.460000,0.200000,-0.200000,1.098577
388,-1.407115,0.787974,-7.935747,1.107353,0.183655,-2.162180,0.760000,1.000000,0.480000,0.200000,-0.200000,1.107353
389,-1.406189,0.776787,-7.957368,1.115839,0.194621,-2.179508,0.640000,1.000000,0.520000,0.200000,-0.200000,1.115839
390,-1.405405,0.765488,-7.979164,1.124031,0.205743,-2.195768,0.620000,1.000000,0.560000,0.200000,-0.200000,1.124031
391,-1.404767,0.754079,-8.001121,1.131924,0.217012,-2.211090,0.600000,1.000000,0.540000,0.200000,-0.200000,1.131924
392,-1.404280,0.742563,-8.023232,1.139515,0.228424,-2.225595,0.560000,1.000000,0.540000,0.200000,-0.200000,1.139515
393,-1.403947,0.730946,-8.045488,1.146800,0.239973,-2.239392,0.540000,1.000000,0.540000,0.200000,-0.200000,1.146800
394,-1.403774,0.719231,-8.067882,1.153774,0.251656,-2.252578,0.520000,1.000000,0.620000,0.200000,-0.200000,1.153774
395,-1.403764,0.707422,-8.090408,1.160434,0.263467,-2.265245,0.520000,1.000000,0.740000,0.200000,-0.200000,1.160434
396,-1.403921,0.695524,-8.113060,1.166775,0.275403,-2.277472,0.500000,1.000000,0.760000,0.200000,-0.200000,1.166775
397,-1.404248,0.683540,-8.135835,1.172794,0.287461,-2.289336,0.480000,1.000000,0.760000,0.200000,-0.200000,1.172794
398,-1.404749,0.671475,-8.158728,1.178487,0.299638,-2.300904,0.460000,1.000000,1.000000,0.200000,-0.200000,1.178487
399,-1.405427,0.659334,-8.181737,1.183850,0.311931,-2.312240,0.460000,1.000000,1.000000,0.200000,-0.200000,1.183850
400,-1.406284,0.647122,-8.204860,1.188878,0.324337,-2.323399,0.440000,1.000000,1.000000,0.400000,-0.200000,1.188878
401,-1.407325,0.634842,-8.228094,1.207567,0.336854,-2.334436,0.420000,0.980000,1.000000,0.400000,-0.200000,1.207567
402,-1.408603,0.622371,-8.251438,1.225915,0.349852,-2.345852,0.420000,0.920000,1.000000,0.200000,-0.200000,1.225915
403,-1.410122,0.609713,-8.274897,1.229905,0.363331,-2.357613,0.400000,0.880000,1.000000,0.200000,-0.200000,1.229905
404,-1.411831,0.597003,-8.298473,1.233521,0.376917,-2.369293,0.380000,0.820000,1.000000,0.200000,-0.200000,1.233521
405,-1.413732,0.584246,-8.322166,1.236759,0.390607,-2.380945,0.380000,0.700000,1.000000,0.200000,-0.200000,1.236759
406,-1.415828,0.571446,-8.345975,1.239614,0.404400,-2.392614,0.360000,0.660000,1.000000,0.000000,-0.200000,1.239614
407,-1.418119,0.558610,-8.369901,1.228079,0.418292,-2.404342,0.360000,0.620000,1.000000,0.000000,-0.200000,1.228079
408,-1.420539,0.545864,-8.393945,1.216151,0.431906,-2.415942,0.340000,0.600000,1.000000,0.200000,-0.200000,1.216151
409,-1.423087,0.533213,-8.418104,1.217833,0.445239,-2.427522,0.340000,0.580000,1.000000,0.200000,-0.200000,1.217833
410,-1.425836,0.520541,-8.442379,1.219130,0.458662,-2.439316,0.340000,0.540000,1.000000,0.200000,-0.200000,1.219130
411,-1.428787,0.507854,-8.466772,1.220038,0.472174,-2.451349,0.320000,0.520000,1.000000,0.200000,-0.200000,1.220038
412,-1.431941,0.495158,-8.491286,1.220549,0.485771,-2.463641,0.320000,0.440000,1.000000,0.000000,-0.200000,1.220549
413,-1.435300,0.482458,-8.515922,1.206658,0.499452,-2.476214,0.300000,0.420000,1.000000,0.000000,-0.200000,1.206658
414,-1.438777,0.469870,-8.540685,1.192358,0.512835,-2.489048,0.300000,0.400000,1.000000,-0.200000,-0.200000,1.192358
415,-1.442370,0.457397,-8.565575,1.163652,0.525918,-2.502202,0.300000,0.380000,0.920000,-0.200000,-0.200000,1.163652
416,-1.445987,0.445150,-8.590597,1.134544,0.538319,-2.515763,0.280000,0.380000,0.860000,-0.200000,-0.200000,1.134544
417,-1.449621,0.433130,-8.615755,1.105044,0.550037,-2.529826,0.280000,0.360000,0.800000,-0.200000,-0.200000,1.105044
418,-1.453268,0.421337,-8.641053,1.075167,0.561068,-2.544472,0.280000,0.340000,0.760000,-0.200000,-0.200000,1.075167
419,-1.456922,0.409773,-8.666498,1.044922,0.571410,-2.559767,0.260000,0.340000,0.720000,-0.200000,-0.200000,1.044922
420,-1.460579,0.398439,-8.692095,1.014322,0.581060,-2.575764,0.260000,0.320000,0.680000,-0.400000,-0.200000,1.014322
421,-1.464233,0.387335,-8.717853,0.969377,0.590013,-2.592510,0.260000,0.320000,0.640000,-0.400000,-0.200000,0.969377
422,-1.467772,0.376553,-8.743778,0.924099,0.597882,-2.610270,0.240000,0.300000,0.520000,-0.400000,-0.200000,0.924099
423,-1.471187,0.366090,-8.769881,0.878507,0.604663,-2.629105,0.240000,0.300000,0.500000,-0.200000,-0.200000,0.878507
424,-1.474472,0.355943,-8.796172,0.846621,0.610350,-2.649066,0.240000,0.280000,0.480000,-0.200000,-0.200000,0.846621
425,-1.477731,0.346028,-8.822662,0.814462,0.615321,-2.669882,0.240000,0.280000,0.460000,-0.200000,-0.200000,0.814462
426,-1.480958,0.336344,-8.849361,0.782041,0.619569,-2.691561,0.240000,0.260000,0.440000,-0.400000,-0.200000,0.782041
427,-1.484148,0.326890,-8.876277,0.735371,0.623083,-2.714108,0.220000,0.260000,0.420000,-0.400000,-0.200000,0.735371
428,-1.487174,0.317739,-8.903418,0.688464,0.625462,-2.737867,0.220000,0.260000,0.400000,-0.400000,-0.200000,0.688464
429,-1.490028,0.308887,-8.930797,0.641343,0.626692,-2.762839,0.220000,0.240000,0.380000,-0.400000,-0.200000,0.641343
430,-1.492704,0.300328,-8.958425,0.594031,0.626760,-2.789022,0.220000,0.240000,0.360000,-0.400000,-0.200000,0.594031
431,-1.495192,0.292059,-8.986315,0.546552,0.625648,-2.816403,0.220000,0.240000,0.360000,-0.400000,-0.200000,0.546552
432,-1.497484,0.284074,-9.014479,0.498933,0.623341,-2.844964,0.220000,0.240000,0.340000,-0.400000,-0.200000,0.498933
433,-1.499573,0.276368,-9.042929,0.451200,0.619818,-2.874676,0.220000,0.220000,0.340000,-0.400000,-0.200000,0.451200
434,-1.501450,0.268935,-9.071676,0.403384,0.615059,-2.905508,0.200000,0.220000,0.320000,-0.400000,-0.200000,0.403384
435,-1.503108,0.261768,-9.100731,0.355515,0.609042,-2.937418,0.200000,0.220000,0.260000,-0.400000,-0.400000,0.355515
436,-1.504539,0.254863,-9.130105,0.305710,0.602315,-2.945994,0.200000,0.220000,0.260000,-0.400000,-0.200000,0.305710
437,-1.505715,0.248212,-9.159565,0.257969,0.593583,-2.979954,0.200000,0.220000,0.240000,-0.400000,-0.200000,0.257969
438,-1.506649,0.241807,-9.189364,0.210284,0.583537,-3.014816,0.200000,0.220000,0.240000,-0.400000,-0.200000,0.210284
439,-1.507333,0.235642,-9.219513,0.162697,0.572153,-3.050510,0.200000,0.200000,0.240000,-0.400000,-0.200000,0.162697
440,-1.507759,0.229709,-9.250018,0.115249,0.559406,-3.086960,0.200000,0.200000,0.240000,-0.400000,-0.200000,0.115249
441,-1.507921,0.224000,-9.280887,0.067988,0.545269,-3.124085,0.200000,0.200000,0.220000,-0.400000,-0.200000,0.067988
442,-1.507812,0.218506,-9.312128,0.020962,0.529718,-3.161800,0.200000,0.200000,0.220000,-0.400000,-0.200000,0.020962
443,-1.507425,0.213219,-9.343746,-0.025776,0.512728,-3.200021,0.220000,0.200000,0.220000,0.200000,-0.200000,-0.025776
444,-1.506753,0.208129,-9.375746,-0.030171,0.494275,-3.238669,0.220000,0.200000,0.220000,0.200000,-0.200000,-0.030171
445,-1.506210,0.203207,-9.408133,-0.034166,0.475673,-3.277354,0.220000,0.200000,0.220000,0.000000,-0.400000,-0.034166
446,-1.505789,0.198457,-9.440907,-0.053644,0.457538,-3.290099,0.220000,0.200000,0.220000,0.000000,-0.200000,-0.053644
447,-1.505326,0.193874,-9.473808,-0.070684,0.438164,-3.328970,0.220000,0.200000,0.220000,0.000000,-0.200000,-0.070684
448,-1.504835,0.189463,-9.507097,-0.087256,0.418213,-3.367958,0.220000,0.200000,0.220000,0.000000,-0.200000,-0.087256
449,-1.504309,0.185223,-9.540777,-0.103325,0.397690,-3.407045,0.220000,0.200000,0.220000,0.000000,-0.200000,-0.103325
450,-1.503743,0.181153,-9.574847,-0.118858,0.376599,-3.446212,0.240000,0.200000,0.220000,0.000000,-0.200000,-0.118858
451,-1.503131,0.177252,-9.609309,-0.133819,0.354946,-3.485440,0.240000,0.220000,0.220000,0.000000,-0.200000,-0.133819
452,-1.502467,0.173517,-9.644164,-0.148172,0.332740,-3.524707,0.240000,0.220000,0.200000,0.400000,-0.200000,-0.148172
453,-1.501745,0.169947,-9.679411,-0.133880,0.309992,-3.563995,0.260000,0.220000,0.200000,0.400000,-0.200000,-0.133880
454,-1.501230,0.166610,-9.715051,-0.118907,0.287692,-3.603132,0.260000,0.220000,0.200000,0.400000,-0.200000,-0.118907
455,-1.500914,0.163513,-9.751082,-0.103252,0.265876,-3.642095,0.260000,0.220000,0.200000,0.400000,-0.200000,-0.103252
456,-1.500788,0.160663,-9.787503,-0.086915,0.244580,-3.680860,0.280000,0.220000,0.200000,0.200000,-0.200000,-0.086915
457,-1.500844,0.158068,-9.824312,-0.083896,0.223838,-3.719402,0.280000,0.220000,0.200000,0.200000,-0.200000,-0.083896
458,-1.500942,0.155680,-9.861506,-0.080199,0.203182,-3.757727,0.300000,0.220000,0.220000,0.200000,-0.200000,-0.080199
459,-1.501074,0.153499,-9.899083,-0.075810,0.182640,-3.795764,0.300000,0.240000,0.220000,0.200000,-0.200000,-0.075810
460,-1.501234,0.151528,-9.937041,-0.070717,0.162244,-3.833410,0.320000,0.240000,0.220000,0.200000,-0.200000,-0.070717
461,-1.501413,0.149768,-9.975375,-0.064908,0.142027,-3.870520,0.320000,0.240000,0.220000,0.200000,-0.200000,-0.064908
462,-1.501603,0.148218,-10.014080,-0.058373,0.122025,-3.906886,0.340000,0.240000,0.220000,0.200000,-0.200000,-0.058373
463,-1.501796,0.146879,-10.053149,-0.051104,0.102274,-3.942239,0.360000,0.260000,0.220000,0.200000,-0.200000,-0.051104
464,-1.501983,0.145751,-10.092571,-0.039165,0.102197,-3.147346,0.380000,0.260000,0.220000,0.400000,-0.200000,-0.039165
465,-1.502309,0.144706,-10.124045,-0.016347,0.083477,-3.182714,0.400000,0.260000,0.220000,0.200000,-0.200000,-0.016347
466,-1.502721,0.143962,-10.155872,-0.003028,0.084891,-2.385530,0.420000,0.280000,0.220000,0.400000,-0.200000,-0.003028
467,-1.503265,0.143310,-10.179727,0.020962,0.067197,-2.423451,0.440000,0.280000,0.220000,0.400000,-0.200000,0.020962
468,-1.503878,0.142964,-10.203962,0.047004,0.058219,-2.110181,0.460000,0.280000,0.220000,0.400000,-0.200000,0.047004
469,-1.504622,0.142880,-10.225063,0.072987,0.047410,-1.891410,0.480000,0.300000,0.220000,0.400000,-0.200000,0.072987
470,-1.505470,0.143074,-10.243978,0.099505,0.037944,-1.627518,0.500000,0.300000,0.220000,0.400000,-0.200000,0.099505
471,-1.506427,0.143542,-10.260253,0.126253,0.028479,-1.373968,0.520000,0.300000,0.240000,0.400000,-0.400000,0.126253
472,-1.507485,0.144287,-10.273992,0.151033,0.015756,-1.281678,0.540000,0.300000,0.240000,0.400000,-0.400000,0.151033
473,-1.508601,0.145317,-10.286809,0.176293,0.004474,-1.186840,0.560000,0.300000,0.240000,0.600000,-0.400000,0.176293
474,-1.509783,0.146626,-10.298678,0.215886,-0.005102,-1.127555,0.580000,0.300000,0.240000,0.600000,-0.400000,0.215886
475,-1.511129,0.148314,-10.309953,0.255624,-0.012566,-1.146510,0.580000,0.320000,0.240000,0.600000,-0.400000,0.255624
476,-1.512650,0.150372,-10.321418,0.295477,-0.018208,-1.223625,0.600000,0.320000,0.240000,0.600000,-0.400000,0.295477
477,-1.514353,0.152794,-10.333654,0.335425,-0.022427,-1.332828,0.620000,0.320000,0.240000,0.400000,-0.400000,0.335425
478,-1.516237,0.155578,-10.346983,0.361449,-0.025452,-1.457954,0.640000,0.320000,0.240000,0.400000,-0.400000,0.361449
479,-1.518218,0.158612,-10.361562,0.387582,-0.027537,-1.581588,0.620000,0.320000,0.240000,0.400000,-0.400000,0.387582
480,-1.520292,0.161898,-10.377378,0.413792,-0.028756,-1.702328,0.620000,0.320000,0.240000,0.400000,-0.400000,0.413792
481,-1.522456,0.165437,-10.394401,0.440051,-0.029154,-1.819463,0.620000,0.340000,0.240000,0.400000,-0.400000,0.440051
482,-1.524704,0.169231,-10.412596,0.466329,-0.028757,-1.932631,0.620000,0.340000,0.240000,0.200000,-0.400000,0.466329
483,-1.527032,0.173282,-10.431922,0.478599,-0.027579,-2.041645,0.660000,0.340000,0.240000,0.200000,-0.400000,0.478599
484,-1.529355,0.177475,-10.452339,0.490872,-0.025892,-2.139267,0.720000,0.360000,0.240000,0.200000,-0.200000,0.490872
485,-1.531671,0.181811,-10.473732,0.505265,-0.019027,-2.025438,0.800000,0.360000,0.240000,0.200000,-0.200000,0.505265
486,-1.534025,0.186286,-10.493986,0.519340,-0.013267,-1.938106,0.880000,0.360000,0.240000,0.200000,-0.400000,0.519340
487,-1.536406,0.190903,-10.513367,0.530989,-0.012447,-2.047189,1.000000,0.380000,0.240000,0.400000,-0.200000,0.530989
488,-1.538758,0.195665,-10.533839,0.558822,-0.006842,-1.970312,1.000000,0.380000,0.240000,0.400000,-0.200000,0.558822
489,-1.541186,0.200699,-10.553542,0.586415,-0.001688,-1.917916,1.000000,0.400000,0.240000,0.400000,-0.200000,0.586415
490,-1.543679,0.206007,-10.572721,0.613809,0.003220,-1.883792,1.000000,0.420000,0.240000,0.400000,-0.200000,0.613809
491,-1.546228,0.211591,-10.591559,0.641033,0.008035,-1.863500,1.000000,0.420000,0.240000,0.400000,-0.200000,0.641033
492,-1.548821,0.217454,-10.610194,0.668103,0.012872,-1.853801,1.000000,0.440000,0.260000,0.400000,-0.200000,0.668103
493,-1.551452,0.223596,-10.628732,0.695028,0.017823,-1.852290,1.000000,0.460000,0.260000,0.400000,-0.200000,0.695028
494,-1.554111,0.230020,-10.647255,0.721810,0.022956,-1.857140,1.000000,0.460000,0.260000,0.400000,-0.200000,0.721810
495,-1.556791,0.236726,-10.665826,0.748451,0.028330,-1.866947,1.000000,0.480000,0.260000,0.400000,-0.200000,0.748451
496,-1.559482,0.243716,-10.684496,0.774948,0.033992,-1.880610,1.000000,0.500000,0.260000,0.400000,-0.200000,0.774948
497,-1.562178,0.250989,-10.703302,0.801294,0.039979,-1.897258,1.000000,0.540000,0.260000,0.400000,-0.200000,0.801294
498,-1.564870,0.258547,-10.722275,0.827483,0.046324,-1.916194,1.000000,0.540000,0.260000,0.400000,-0.200000,0.827483
499,-1.567549,0.266390,-10.741436,0.853506,0.053053,-1.936854,1.000000,0.540000,0.260000,0.400000,-0.200000,0.853506
500,-1.570208,0.274518,-10.760805,0.879354,0.060190,-1.958780,1.000000,0.520000,0.280000,0.400000,-0.200000,0.879354
501,-1.572839,0.282930,-10.780393,0.905016,0.067755,-1.981599,1.000000,0.520000,0.280000,0.400000,-0.200000,0.905016
502,-1.575434,0.291627,-10.800209,0.930481,0.075763,-2.005005,1.000000,0.520000,0.280000,0.400000,-0.200000,0.930481
503,-1.577983,0.300607,-10.820259,0.955736,0.084229,-2.028747,1.000000,0.560000,0.280000,0.400000,-0.200000,0.955736
504,-1.580480,0.309871,-10.840546,0.980768,0.093166,-2.052619,1.000000,0.620000,0.300000,0.400000,-0.200000,0.980768
505,-1.582914,0.319418,-10.861073,1.005565,0.102583,-2.076455,1.000000,0.700000,0.300000,0.400000,-0.200000,1.005565
506,-1.585279,0.329245,-10.881837,1.030112,0.112489,-2.100119,1.000000,0.820000,0.300000,0.200000,-0.200000,1.030112
507,-1.587566,0.339352,-10.902838,1.040396,0.122891,-2.123505,1.000000,0.940000,0.320000,0.400000,0.000000,1.040396
508,-1.589753,0.349597,-10.924073,1.065694,0.138016,-1.949194,1.000000,0.940000,0.320000,0.400000,0.000000,1.065694
509,-1.591891,0.360128,-10.943565,1.090906,0.151227,-1.793040,1.000000,0.920000,0.340000,0.200000,-0.200000,1.090906
510,-1.593968,0.370944,-10.961496,1.100704,0.158636,-1.828370,1.000000,1.000000,0.340000,0.400000,0.000000,1.100704
511,-1.595929,0.381891,-10.979779,1.125700,0.170491,-1.688215,1.000000,0.980000,0.360000,0.400000,0.000000,1.125700
512,-1.597811,0.393119,-10.996661,1.150714,0.180863,-1.560497,1.000000,1.000000,0.360000,0.400000,0.000000,1.150714
513,-1.599608,0.404628,-11.012266,1.175778,0.189907,-1.443257,1.000000,1.000000,0.380000,0.400000,-0.200000,1.175778
514,-1.601310,0.416416,-11.026699,1.199439,0.194124,-1.490132,1.000000,1.000000,0.400000,0.400000,-0.200000,1.199439
515,-1.602877,0.428465,-11.041600,1.222944,0.199232,-1.536300,0.840000,1.000000,0.400000,0.400000,-0.200000,1.222944
516,-1.604305,0.440773,-11.056963,1.246275,0.205222,-1.581589,0.820000,1.000000,0.400000,0.400000,-0.200000,1.246275
517,-1.605588,0.453339,-11.072779,1.269412,0.212084,-1.625859,0.800000,1.000000,0.380000,0.200000,-0.200000,1.269412
518,-1.606724,0.466158,-11.089038,1.278337,0.219805,-1.668990,0.760000,1.000000,0.360000,0.200000,-0.200000,1.278337
519,-1.607719,0.479091,-11.105728,1.287030,0.228087,-1.709859,0.740000,1.000000,0.360000,0.200000,-0.200000,1.287030
520,-1.608572,0.492134,-11.122826,1.295479,0.236899,-1.748549,0.720000,1.000000,0.340000,0.200000,-0.200000,1.295479
521,-1.609277,0.505285,-11.140312,1.303673,0.246210,-1.785152,0.700000,1.000000,0.360000,0.200000,-0.200000,1.303673
522,-1.609833,0.518540,-11.158163,1.311600,0.255992,-1.819772,0.680000,1.000000,0.400000,0.200000,-0.200000,1.311600
523,-1.610236,0.531898,-11.176361,1.319250,0.266218,-1.852517,0.660000,1.000000,0.440000,0.200000,-0.200000,1.319250
524,-1.610483,0.545354,-11.194886,1.326613,0.276863,-1.883499,0.640000,1.000000,0.500000,0.200000,-0.200000,1.326613
525,-1.610570,0.558906,-11.213721,1.333678,0.287903,-1.912833,0.620000,1.000000,0.560000,0.200000,-0.200000,1.333678
526,-1.610495,0.572549,-11.232850,1.340437,0.299315,-1.940634,0.600000,1.000000,0.660000,0.200000,-0.200000,1.340437
527,-1.610253,0.586282,-11.252256,1.346879,0.311080,-1.967015,0.580000,1.000000,0.740000,0.200000,-0.200000,1.346879
528,-1.609843,0.600099,-11.271926,1.352996,0.323176,-1.992090,0.580000,1.000000,0.740000,0.200000,-0.200000,1.352996
529,-1.609260,0.613997,-11.291847,1.358780,0.335587,-2.015967,0.560000,1.000000,0.720000,0.200000,-0.200000,1.358780
530,-1.608503,0.627973,-11.312007,1.364222,0.348295,-2.038753,0.540000,1.000000,0.780000,0.200000,-0.200000,1.364222
531,-1.607568,0.642022,-11.332394,1.369315,0.361284,-2.060550,0.520000,1.000000,0.780000,0.200000,-0.200000,1.369315
532,-1.606452,0.656139,-11.353000,1.374050,0.374540,-2.081458,0.520000,1.000000,0.840000,0.200000,-0.200000,1.374050
533,-1.605154,0.670322,-11.373814,1.378420,0.388048,-2.101568,0.500000,1.000000,0.840000,0.200000,-0.200000,1.378420
534,-1.603669,0.684565,-11.394830,1.382417,0.401797,-2.120972,0.480000,1.000000,0.820000,0.200000,-0.200000,1.382417
535,-1.601998,0.698864,-11.416040,1.386035,0.415774,-2.139754,0.480000,1.000000,0.860000,0.200000,-0.200000,1.386035
536,-1.600136,0.713214,-11.437437,1.389266,0.429969,-2.157995,0.460000,1.000000,0.840000,0.200000,-0.200000,1.389266
537,-1.598081,0.727611,-11.459017,1.392102,0.444370,-2.175769,0.440000,1.000000,0.880000,0.200000,-0.200000,1.392102
538,-1.595833,0.742050,-11.480775,1.394537,0.458969,-2.193148,0.440000,1.000000,0.900000,0.200000,-0.200000,1.394537
539,-1.593389,0.756526,-11.502706,1.396562,0.473755,-2.210201,0.420000,1.000000,0.900000,0.200000,-0.200000,1.396562
540,-1.590748,0.771035,-11.524808,1.398172,0.488721,-2.226988,0.420000,1.000000,0.920000,0.200000,-0.200000,1.398172
541,-1.587907,0.785571,-11.547078,1.399358,0.503857,-2.243570,0.400000,1.000000,0.920000,0.200000,-0.200000,1.399358
542,-1.584867,0.800130,-11.569514,1.400114,0.519157,-2.260001,0.400000,1.000000,0.960000,0.200000,-0.200000,1.400114
543,-1.581625,0.814707,-11.592114,1.400431,0.534612,-2.276333,0.380000,0.560000,0.940000,0.200000,-0.200000,1.400431
544,-1.578180,0.829296,-11.614877,1.400302,0.550215,-2.292615,0.380000,0.540000,0.940000,0.200000,-0.200000,1.400302
545,-1.574532,0.843892,-11.637803,1.399719,0.565959,-2.308890,0.360000,0.520000,0.980000,0.000000,-0.200000,1.399719
546,-1.570680,0.858490,-11.660892,1.384674,0.581837,-2.325200,0.360000,0.500000,0.980000,0.000000,-0.200000,1.384674
547,-1.566710,0.872976,-11.684144,1.369160,0.597490,-2.341514,0.360000,0.480000,0.960000,0.000000,-0.200000,1.369160
548,-1.562623,0.887344,-11.707559,1.353178,0.612909,-2.357912,0.340000,0.460000,0.960000,0.000000,-0.200000,1.353178
549,-1.558422,0.901593,-11.731139,1.336729,0.628086,-2.374463,0.340000,0.440000,0.960000,0.000000,-0.200000,1.336729
550,-1.554110,0.915719,-11.754883,1.319811,0.643013,-2.391229,0.320000,0.420000,0.960000,0.000000,-0.200000,1.319811
551,-1.549688,0.929718,-11.778795,1.302426,0.657681,-2.408264,0.320000,0.400000,0.960000,0.000000,-0.200000,1.302426
552,-1.545159,0.943588,-11.802878,1.284574,0.672082,-2.425615,0.320000,0.400000,0.960000,0.000000,-0.200000,1.284574
553,-1.540526,0.957326,-11.827134,1.266254,0.686208,-2.443324,0.300000,0.380000,0.960000,0.000000,-0.200000,1.266254
554,-1.535792,0.970928,-11.851567,1.247466,0.700052,-2.461427,0.300000,0.360000,0.960000,0.000000,-0.200000,1.247466
555,-1.530959,0.984391,-11.876182,1.228210,0.713603,-2.479953,0.300000,0.360000,0.960000,0.000000,-0.200000,1.228210
556,-1.526032,0.997714,-11.900981,1.208485,0.726853,-2.498931,0.280000,0.340000,0.960000,0.000000,-0.200000,1.208485
557,-1.521012,1.010893,-11.925971,1.188292,0.739793,-2.518382,0.280000,0.340000,0.960000,0.000000,-0.200000,1.188292
558,-1.515904,1.023925,-11.951154,1.167629,0.752412,-2.538326,0.280000,0.320000,0.960000,0.000000,-0.200000,1.167629
559,-1.510711,1.036808,-11.976538,1.146497,0.764699,-2.558778,0.260000,0.300000,0.960000,0.000000,-0.200000,1.146497
560,-1.505437,1.049540,-12.002125,1.124895,0.776645,-2.579754,0.260000,0.300000,0.980000,0.000000,-0.200000,1.124895
561,-1.500085,1.062119,-12.027923,1.102823,0.788236,-2.601262,0.260000,0.280000,0.980000,0.000000,-0.200000,1.102823
562,-1.494659,1.074541,-12.053936,1.080282,0.799460,-2.623312,0.240000,0.280000,0.980000,0.000000,-0.200000,1.080282
563,-1.489164,1.086805,-12.080169,1.057272,0.810304,-2.645910,0.240000,0.280000,1.000000,0.000000,-0.200000,1.057272
564,-1.483602,1.098910,-12.106628,1.033795,0.820754,-2.669061,0.240000,0.260000,1.000000,-0.200000,-0.200000,1.033795
565,-1.477980,1.110852,-12.133318,0.995851,0.830795,-2.692767,0.240000,0.260000,0.320000,-0.400000,-0.200000,0.995851
566,-1.472427,1.122572,-12.160246,0.943443,0.840025,-2.717245,0.220000,0.240000,0.300000,-0.600000,-0.200000,0.943443
567,-1.467078,1.134016,-12.187419,0.876584,0.848037,-2.742716,0.220000,0.240000,0.300000,-0.400000,-0.200000,0.876584
568,-1.462072,1.145138,-12.214846,0.823294,0.854418,-2.769410,0.220000,0.240000,0.280000,-0.400000,-0.200000,0.823294
569,-1.457284,1.155994,-12.242540,0.769604,0.859531,-2.797085,0.220000,0.220000,0.280000,-0.600000,-0.200000,0.769604
570,-1.452723,1.166592,-12.270511,0.701538,0.863350,-2.825727,0.220000,0.220000,0.260000,-0.600000,-0.200000,0.701538
571,-1.448530,1.176896,-12.298768,0.633121,0.865447,-2.855546,0.200000,0.220000,0.260000,-0.400000,-0.200000,0.633121
572,-1.444713,1.186916,-12.327323,0.578391,0.865787,-2.886504,0.200000,0.220000,0.240000,-0.400000,-0.200000,0.578391
573,-1.441143,1.196697,-12.356188,0.523387,0.864738,-2.918335,0.200000,0.200000,0.240000,-0.400000,-0.200000,0.523387
574,-1.437829,1.206246,-12.385372,0.468140,0.862265,-2.951004,0.200000,0.200000,0.240000,-0.400000,-0.200000,0.468140
575,-1.434776,1.215571,-12.414882,0.412687,0.858333,-2.984473,0.200000,0.200000,0.220000,-0.400000,-0.200000,0.412687
576,-1.431992,1.224679,-12.444727,0.357065,0.852907,-3.018702,0.200000,0.200000,0.220000,-0.400000,-0.200000,0.357065
577,-1.429482,1.233578,-12.474914,0.301317,0.845950,-3.053648,0.200000,0.200000,0.220000,-0.400000,-0.200000,0.301317
578,-1.427254,1.242277,-12.505450,0.245485,0.837425,-3.089265,0.200000,0.200000,0.200000,-0.400000,-0.200000,0.245485
579,-1.425314,1.250786,-12.536343,0.189618,0.827293,-3.125506,0.200000,0.200000,0.200000,-0.400000,-0.200000,0.189618
580,-1.423667,1.259112,-12.567598,0.133766,0.815518,-3.162323,0.200000,0.180000,0.200000,-0.400000,-0.200000,0.133766
581,-1.422319,1.267265,-12.599221,0.077985,0.802063,-3.199669,0.200000,0.180000,0.200000,-0.400000,-0.200000,0.077985
582,-1.421276,1.275256,-12.631218,0.022330,0.786889,-3.237495,0.200000,0.180000,0.200000,-0.400000,-0.200000,0.022330
583,-1.420544,1.283094,-12.663593,-0.033134,0.769963,-3.275754,0.200000,0.180000,0.200000,0.000000,-0.200000,-0.033134
584,-1.420126,1.290789,-12.696350,-0.060344,0.751247,-3.314404,0.200000,0.180000,0.200000,0.000000,-0.200000,-0.060344
585,-1.419751,1.298317,-12.729494,-0.087231,0.731628,-3.353232,0.220000,0.180000,0.180000,0.000000,-0.200000,-0.087231
586,-1.419423,1.305677,-12.763026,-0.113751,0.711094,-3.392230,0.220000,0.180000,0.180000,0.000000,-0.200000,-0.113751
587,-1.419149,1.312874,-12.796949,-0.139860,0.689638,-3.431388,0.220000,0.200000,0.180000,0.000000,-0.200000,-0.139860
588,-1.418935,1.319907,-12.831263,-0.165510,0.667253,-3.470696,0.220000,0.200000,0.180000,0.000000,-0.200000,-0.165510
589,-1.418785,1.326780,-12.865970,-0.190654,0.643935,-3.510143,0.220000,0.200000,0.180000,0.000000,-0.200000,-0.190654
590,-1.418706,1.333495,-12.901071,-0.215243,0.619681,-3.549722,0.240000,0.200000,0.180000,0.400000,-0.200000,-0.215243
591,-1.418704,1.340055,-12.936568,-0.211225,0.594492,-3.589422,0.240000,0.200000,0.180000,0.400000,-0.200000,-0.211225
592,-1.418522,1.346362,-12.972462,-0.206549,0.569363,-3.629108,0.260000,0.200000,0.180000,0.000000,-0.200000,-0.206549
593,-1.418170,1.352408,-13.008754,-0.229196,0.544321,-3.668772,0.260000,0.200000,0.180000,0.000000,-0.200000,-0.229196
594,-1.417912,1.358309,-13.045441,-0.251151,0.518381,-3.708540,0.260000,0.200000,0.180000,0.000000,-0.200000,-0.251151
595,-1.417751,1.364067,-13.082527,-0.272359,0.491549,-3.748401,0.280000,0.220000,0.180000,0.000000,-0.200000,-0.272359
596,-1.417694,1.369686,-13.120011,-0.292767,0.463836,-3.788347,0.300000,0.220000,0.180000,0.000000,-0.200000,-0.292767
597,-1.417745,1.375171,-13.157894,-0.312322,0.435256,-3.828372,0.300000,0.220000,0.180000,0.000000,-0.200000,-0.312322
598,-1.417911,1.380525,-13.196178,-0.330968,0.405824,-3.868471,0.320000,0.220000,0.200000,0.200000,-0.200000,-0.330968
599,-1.418195,1.385754,-13.234863,-0.334650,0.375561,-3.908641,0.320000,0.240000,0.200000,0.200000,-0.200000,-0.334650
600,-1.418494,1.390776,-13.273949,-0.337310,0.345031,-3.948811,0.320000,0.240000,0.200000,0.200000,-0.200000,-0.337310
601,-1.418814,1.395590,-13.313437,-0.338915,0.314272,-3.988975,0.320000,0.240000,0.200000,0.200000,-0.200000,-0.338915
602,-1.419165,1.400199,-13.353327,-0.339431,0.283324,-4.029126,0.340000,0.260000,0.200000,0.200000,-0.200000,-0.339431
603,-1.419555,1.404603,-13.393618,-0.338824,0.252231,-4.069259,0.360000,0.260000,0.200000,0.200000,-0.200000,-0.338824
604,-1.419992,1.408804,-13.434311,-0.337065,0.221038,-4.109370,0.400000,0.280000,0.220000,0.200000,-0.200000,-0.337065
605,-1.420484,1.412805,-13.475404,-0.334123,0.189793,-4.149457,0.460000,0.300000,0.220000,0.200000,-0.200000,-0.334123
606,-1.421040,1.416607,-13.516899,-0.329972,0.158548,-4.189518,0.520000,0.320000,0.220000,0.200000,-0.200000,-0.329972
607,-1.421668,1.420214,-13.558794,-0.324587,0.127355,-4.229558,0.620000,0.340000,0.240000,0.200000,-0.200000,-0.324587
608,-1.422376,1.423628,-13.601090,-0.317943,0.096271,-4.269583,0.760000,0.360000,0.240000,0.200000,-0.200000,-0.317943
609,-1.423172,1.426853,-13.643786,-0.306094,0.084734,-3.480720,0.980000,0.360000,0.240000,0.600000,-0.200000,-0.306094
610,-1.423876,1.429950,-13.678593,-0.265083,0.076122,-2.692359,1.000000,0.340000,0.260000,0.600000,-0.200000,-0.265083
611,-1.424367,1.432664,-13.705516,-0.223171,0.071027,-1.904284,1.000000,0.340000,0.260000,0.600000,-0.200000,-0.223171
612,-1.424655,1.434988,-13.724559,-0.184490,0.049436,-1.945384,1.000000,0.360000,0.280000,0.600000,-0.400000,-0.184490
613,-1.424942,1.436877,-13.744013,-0.139591,0.047323,-1.181544,1.000000,0.380000,0.280000,0.600000,-0.400000,-0.139591
614,-1.425040,1.438347,-13.755828,-0.101992,0.028925,-1.197141,1.000000,0.380000,0.280000,0.600000,-0.400000,-0.101992
615,-1.425151,1.439402,-13.767800,-0.056475,0.029177,-0.433003,1.000000,0.400000,0.280000,0.600000,-0.400000,-0.056475
616,-1.425083,1.440034,-13.772130,-0.018448,0.012159,-0.448525,1.000000,0.400000,0.280000,0.600000,-0.200000,-0.018448
617,-1.425035,1.440249,-13.776615,0.025465,0.014064,0.342449,1.000000,0.400000,0.280000,0.600000,-0.400000,0.025465
618,-1.424814,1.440061,-13.773191,0.063620,0.001336,0.115659,1.000000,0.400000,0.280000,0.600000,-0.400000,0.063620
619,-1.424575,1.439471,-13.772034,0.102213,-0.005479,-0.293450,1.000000,0.400000,0.280000,0.600000,-0.200000,0.102213
620,-1.424261,1.438497,-13.774969,0.143839,-0.008487,-0.307659,1.000000,0.400000,0.280000,0.600000,-0.400000,0.143839
621,-1.423830,1.437122,-13.778045,0.183204,-0.014732,-0.557457,1.000000,0.400000,0.280000,0.600000,-0.200000,0.183204
622,-1.423325,1.435355,-13.783620,0.225081,-0.015390,-0.566856,1.000000,0.420000,0.280000,0.600000,-0.200000,0.225081
623,-1.422690,1.433190,-13.789288,0.266802,-0.016404,-0.618723,1.000000,0.420000,0.280000,0.600000,-0.200000,0.266802
624,-1.421934,1.430626,-13.795476,0.308462,-0.017414,-0.685489,1.000000,0.420000,0.280000,0.600000,-0.200000,0.308462
625,-1.421065,1.427661,-13.802330,0.350094,-0.018242,-0.758617,1.000000,0.420000,0.280000,0.600000,-0.200000,0.350094
626,-1.420087,1.424294,-13.809917,0.391709,-0.018781,-0.834650,1.000000,0.440000,0.300000,0.600000,-0.200000,0.391709
627,-1.419005,1.420525,-13.818263,0.433310,-0.018950,-0.911913,1.000000,0.440000,0.300000,0.600000,-0.200000,0.433310
628,-1.417827,1.416351,-13.827382,0.474897,-0.018685,-0.989475,1.000000,0.460000,0.300000,0.600000,-0.200000,0.474897
629,-1.416557,1.411771,-13.837277,0.516465,-0.017933,-1.066758,1.000000,0.460000,0.300000,0.600000,-0.200000,0.516465
630,-1.415203,1.406784,-13.847945,0.558009,-0.016643,-1.143364,1.000000,0.480000,0.300000,0.600000,-0.200000,0.558009
631,-1.413771,1.401388,-13.859378,0.599519,-0.014770,-1.219002,1.000000,0.480000,0.300000,0.600000,-0.200000,0.599519
632,-1.412269,1.395582,-13.871568,0.640984,-0.012271,-1.293440,1.000000,0.500000,0.300000,0.400000,-0.200000,0.640984
633,-1.410704,1.389365,-13.884503,0.668393,-0.009106,-1.366486,1.000000,0.520000,0.300000,0.400000,-0.200000,0.668393
634,-1.409122,1.382870,-13.898168,0.695740,-0.005427,-1.434624,1.000000,0.540000,0.320000,0.400000,-0.200000,0.695740
635,-1.407527,1.376098,-13.912514,0.723009,-0.001239,-1.498530,1.000000,0.580000,0.320000,0.600000,-0.200000,0.723009
636,-1.405929,1.369047,-13.927499,0.764188,0.003457,-1.558723,1.000000,0.600000,0.320000,0.600000,-0.200000,0.764188
637,-1.404305,1.361579,-13.943086,0.805252,0.008895,-1.618663,1.000000,0.660000,0.300000,0.600000,-0.200000,0.805252
638,-1.402664,1.353695,-13.959273,0.846186,0.015111,-1.677926,1.000000,0.700000,0.300000,0.600000,-0.200000,0.846186
639,-1.401018,1.345394,-13.976052,0.886968,0.022136,-1.736178,1.000000,0.760000,0.280000,0.600000,-0.200000,0.886968
640,-1.399377,1.336674,-13.993414,0.927577,0.029999,-1.793157,1.000000,0.840000,0.280000,0.400000,-0.200000,0.927577
641,-1.397751,1.327537,-14.011346,0.953990,0.038728,-1.848655,1.000000,0.960000,0.260000,0.400000,0.000000,0.953990
642,-1.396170,1.318121,-14.029832,0.981197,0.053523,-1.666184,1.000000,1.000000,0.280000,0.600000,0.000000,0.981197
643,-1.394586,1.308423,-14.046494,1.022223,0.066220,-1.503478,1.000000,0.980000,0.280000,0.600000,0.000000,1.022223
644,-1.393001,1.298303,-14.061529,1.063138,0.077343,-1.359509,1.000000,1.000000,0.280000,0.600000,0.000000,1.063138
645,-1.391427,1.287760,-14.075124,1.103990,0.087093,-1.231227,1.000000,1.000000,0.300000,0.600000,-0.200000,1.103990
646,-1.389873,1.276796,-14.087436,1.143562,0.090888,-1.319012,0.980000,1.000000,0.300000,0.600000,0.000000,1.143562
647,-1.388397,1.265419,-14.100626,1.184251,0.100885,-1.200912,0.960000,1.000000,0.300000,0.600000,-0.200000,1.184251
648,-1.386956,1.253622,-14.112635,1.223638,0.105081,-1.291466,0.920000,1.000000,0.320000,0.200000,-0.200000,1.223638
649,-1.385605,1.241415,-14.125550,1.234872,0.110813,-1.379101,0.900000,1.000000,0.320000,0.200000,-0.200000,1.234872
650,-1.384354,1.229080,-14.139341,1.245926,0.117590,-1.460951,0.860000,1.000000,0.320000,0.200000,-0.200000,1.245926
651,-1.383205,1.216618,-14.153950,1.256778,0.125333,-1.537134,0.840000,1.000000,0.340000,0.200000,-0.200000,1.256778
652,-1.382163,1.204031,-14.169322,1.267407,0.133964,-1.607834,0.800000,1.000000,0.340000,0.200000,-0.200000,1.267407
653,-1.381231,1.191320,-14.185400,1.277791,0.143412,-1.673283,0.780000,1.000000,0.360000,0.200000,-0.200000,1.277791
654,-1.380415,1.178488,-14.202133,1.287911,0.153610,-1.733750,0.740000,1.000000,0.380000,0.200000,-0.200000,1.287911
655,-1.379718,1.165537,-14.219470,1.297748,0.164493,-1.789525,0.720000,1.000000,0.400000,0.200000,-0.200000,1.297748
656,-1.379146,1.152468,-14.237366,1.307283,0.176006,-1.840916,0.700000,1.000000,0.420000,0.200000,0.000000,1.307283
657,-1.378702,1.139284,-14.255775,1.317897,0.192178,-1.713578,0.660000,1.000000,0.460000,0.200000,0.000000,1.317897
658,-1.378353,1.125971,-14.272911,1.328456,0.206335,-1.596273,0.640000,1.000000,0.500000,0.200000,0.000000,1.328456
659,-1.378107,1.112529,-14.288873,1.339012,0.218676,-1.487679,0.620000,1.000000,0.540000,0.200000,0.000000,1.339012
660,-1.377969,1.098962,-14.303750,1.349605,0.229374,-1.386650,0.620000,1.000000,0.580000,0.200000,0.000000,1.349605
661,-1.377944,1.085273,-14.317617,1.360269,0.238576,-1.292204,0.600000,1.000000,0.620000,0.000000,0.000000,1.360269
662,-1.378039,1.071463,-14.330539,1.357028,0.246406,-1.203505,0.580000,1.000000,0.680000,0.400000,0.000000,1.357028
663,-1.378228,1.057672,-14.342574,1.381906,0.252736,-1.119801,0.580000,1.000000,0.720000,0.400000,0.000000,1.381906
664,-1.378573,1.043628,-14.353772,1.406912,0.258144,-1.040547,0.560000,1.000000,0.780000,0.400000,-0.200000,1.406912
665,-1.379075,1.029333,-14.364177,1.430498,0.259546,-1.099481,0.560000,1.000000,0.760000,0.400000,-0.200000,1.430498
666,-1.379766,1.014810,-14.375172,1.453917,0.262082,-1.158030,0.540000,1.000000,0.740000,0.400000,0.000000,1.453917
667,-1.380647,1.000063,-14.386752,1.478701,0.268954,-1.078944,0.540000,1.000000,0.740000,0.400000,0.000000,1.478701
668,-1.381693,0.985070,-14.397542,1.503613,0.274870,-1.003853,0.520000,1.000000,0.740000,0.400000,0.000000,1.503613
669,-1.382908,0.969833,-14.407580,1.528661,0.279881,-0.932320,0.520000,1.000000,0.860000,0.400000,0.000000,1.528661
670,-1.384294,0.954354,-14.416904,1.553852,0.284032,-0.863983,0.500000,1.000000,0.980000,0.400000,0.000000,1.553852
671,-1.385855,0.938636,-14.425543,1.579192,0.287362,-0.798536,0.500000,1.000000,0.960000,0.400000,0.000000,1.579192
672,-1.387591,0.922679,-14.433529,1.604684,0.289904,-0.735725,0.500000,1.000000,0.940000,0.400000,0.000000,1.604684
673,-1.389505,0.906485,-14.440886,1.630331,0.291689,-0.675339,0.480000,1.000000,0.940000,0.400000,0.000000,1.630331
674,-1.391597,0.890055,-14.447639,1.656135,0.292744,-0.617203,0.480000,1.000000,0.920000,0.400000,-0.200000,1.656135
675,-1.393869,0.873391,-14.453811,1.680527,0.290006,-0.693220,0.480000,1.000000,1.000000,0.400000,-0.200000,1.680527
676,-1.396346,0.856519,-14.460744,1.704719,0.288801,-0.769507,0.460000,1.000000,1.000000,0.400000,-0.200000,1.704719
677,-1.399028,0.839438,-14.468439,1.728702,0.289142,-0.845612,0.460000,1.000000,1.000000,0.400000,-0.200000,1.728702
678,-1.401917,0.822150,-14.476895,1.752461,0.291032,-0.921104,0.440000,1.000000,1.000000,0.400000,-0.200000,1.752461
679,-1.405012,0.804657,-14.486106,1.775982,0.294469,-0.995587,0.440000,1.000000,1.000000,0.600000,-0.200000,1.775982
680,-1.408317,0.786961,-14.496062,1.813248,0.299443,-1.068701,0.440000,1.000000,1.000000,0.600000,-0.200000,1.813248
681,-1.411882,0.768932,-14.506749,1.850237,0.306125,-1.140885,0.420000,0.980000,1.000000,0.400000,-0.200000,1.850237
682,-1.415711,0.750573,-14.518158,1.872924,0.314520,-1.211779,0.420000,0.940000,1.000000,0.400000,-0.200000,1.872924
683,-1.419756,0.732017,-14.530275,1.895281,0.324422,-1.280349,0.400000,0.800000,1.000000,-0.200000,-0.200000,1.895281
684,-1.424019,0.713268,-14.543079,1.875283,0.335796,-1.346419,0.400000,0.780000,1.000000,-0.200000,-0.200000,1.875283
685,-1.428339,0.694713,-14.556543,1.854910,0.347928,-1.407771,0.380000,0.740000,1.000000,-0.200000,-0.200000,1.854910
686,-1.432714,0.676354,-14.570621,1.834152,0.360694,-1.464576,0.380000,0.700000,1.000000,0.000000,-0.200000,1.834152
687,-1.437144,0.658194,-14.585267,1.827001,0.373979,-1.517051,0.360000,0.680000,1.000000,0.200000,-0.200000,1.827001
688,-1.441689,0.640107,-14.600437,1.833448,0.387925,-1.566095,0.340000,0.660000,1.000000,0.000000,-0.200000,1.833448
689,-1.446412,0.621972,-14.616098,1.825480,0.402709,-1.612514,0.340000,0.620000,1.000000,0.200000,-0.200000,1.825480
690,-1.451251,0.603915,-14.632223,1.831082,0.418021,-1.655809,0.320000,0.600000,1.000000,0.200000,-0.200000,1.831082
691,-1.456271,0.585817,-14.648781,1.836242,0.434057,-1.696764,0.320000,0.480000,1.000000,0.000000,-0.200000,1.836242
692,-1.461477,0.567680,-14.665749,1.826946,0.450773,-1.735506,0.320000,0.460000,1.000000,0.200000,-0.200000,1.826946
693,-1.466798,0.549631,-14.683104,1.831179,0.467847,-1.771650,0.300000,0.440000,1.000000,0.200000,-0.200000,1.831179
694,-1.472307,0.531552,-14.700820,1.834933,0.485505,-1.805912,0.300000,0.420000,1.000000,0.200000,-0.200000,1.834933
695,-1.478007,0.513447,-14.718880,1.838194,0.503708,-1.838428,0.280000,0.400000,1.000000,0.200000,-0.200000,1.838194
696,-1.483898,0.495321,-14.737264,1.840950,0.522422,-1.869335,0.280000,0.380000,1.000000,0.200000,-0.200000,1.840950
697,-1.489983,0.477178,-14.755957,1.843187,0.541612,-1.898768,0.260000,0.360000,1.000000,0.200000,-0.200000,1.843187
698,-1.496262,0.459022,-14.774945,1.844893,0.561249,-1.926862,0.260000,0.360000,1.000000,0.200000,-0.200000,1.844893
699,-1.502738,0.440858,-14.794213,1.846057,0.581302,-1.953745,0.240000,0.340000,0.920000,-0.400000,-0.200000,1.846057
700,-1.509411,0.422690,-14.813751,1.804666,0.601744,-1.979543,0.240000,0.320000,0.860000,0.200000,-0.200000,1.804666
701,-1.516018,0.404851,-14.833546,1.804714,0.621636,-2.003551,0.220000,0.300000,0.800000,0.000000,-0.200000,1.804714
702,-1.522825,0.387019,-14.853582,1.790210,0.641850,-2.026818,0.220000,0.280000,0.740000,-0.200000,-0.200000,1.790210
703,-1.529741,0.369303,-14.873850,1.761143,0.662057,-2.049226,0.200000,0.280000,0.680000,0.000000,-0.200000,1.761143
704,-1.536669,0.351810,-14.894342,1.745512,0.681920,-2.070747,0.200000,0.260000,0.640000,-0.200000,-0.200000,1.745512
705,-1.543702,0.334440,-14.915050,1.715322,0.701723,-2.091727,0.200000,0.240000,0.600000,-0.600000,-0.200000,1.715322
706,-1.550741,0.317295,-14.935967,1.656570,0.721130,-2.112167,0.180000,0.240000,0.560000,-0.600000,-0.200000,1.656570
707,-1.557580,0.300573,-14.957089,1.597265,0.739482,-2.132065,0.180000,0.220000,0.440000,-0.600000,-0.200000,1.597265
708,-1.564212,0.284269,-14.978409,1.537426,0.756751,-2.151697,0.180000,0.200000,0.400000,-0.600000,-0.200000,1.537426
709,-1.570629,0.268380,-14.999926,1.477072,0.772912,-2.171302,0.160000,0.200000,0.380000,-0.600000,-0.200000,1.477072
710,-1.576823,0.252902,-15.021639,1.416222,0.787944,-2.191087,0.160000,0.180000,0.360000,-0.600000,-0.200000,1.416222
711,-1.582786,0.237832,-15.043550,1.354891,0.801827,-2.211228,0.160000,0.180000,0.340000,-0.600000,-0.200000,1.354891
712,-1.588508,0.223166,-15.065662,1.293098,0.814542,-2.231876,0.140000,0.180000,0.320000,-0.600000,-0.400000,1.293098
713,-1.593983,0.208897,-15.087981,1.228923,0.826417,-2.238461,0.140000,0.160000,0.300000,-0.400000,-0.400000,1.228923
714,-1.599184,0.195031,-15.110366,1.178434,0.836893,-2.244493,0.140000,0.160000,0.280000,-0.400000,-0.400000,1.178434
715,-1.604217,0.181482,-15.132811,1.127664,0.846277,-2.250222,0.120000,0.140000,0.260000,-0.400000,-0.400000,1.127664
716,-1.609076,0.168246,-15.155313,1.076640,0.854558,-2.255764,0.120000,0.140000,0.260000,-0.400000,-0.400000,1.076640
717,-1.613753,0.155321,-15.177871,1.025387,0.861727,-2.261221,0.120000,0.140000,0.240000,-0.400000,-0.400000,1.025387
718,-1.618243,0.142702,-15.200483,0.973930,0.867775,-2.266683,0.120000,0.140000,0.240000,-0.400000,-0.400000,0.973930
719,-1.622538,0.130385,-15.223150,0.922294,0.872697,-2.272226,0.120000,0.120000,0.220000,-0.400000,-0.400000,0.922294
720,-1.626631,0.118365,-15.245872,0.870502,0.876487,-2.277918,0.100000,0.120000,0.220000,-0.600000,-0.400000,0.870502
721,-1.630515,0.106639,-15.268651,0.804579,0.879139,-2.283818,0.100000,0.160000,0.200000,-0.600000,-0.400000,0.804579
722,-1.634058,0.095260,-15.291489,0.738549,0.880329,-2.290049,0.100000,0.160000,0.200000,-0.600000,-0.400000,0.738549
723,-1.637251,0.084222,-15.314390,0.672444,0.880053,-2.296679,0.100000,0.160000,0.180000,-0.400000,-0.400000,0.672444
724,-1.640086,0.073515,-15.337357,0.620292,0.878307,-2.303760,0.100000,0.140000,0.180000,-0.400000,-0.400000,0.620292
725,-1.642687,0.063082,-15.360394,0.568123,0.875409,-2.311227,0.100000,0.140000,0.180000,-0.400000,-0.400000,0.568123
726,-1.645047,0.052916,-15.383506,0.515960,0.871357,-2.319097,0.100000,0.140000,0.160000,-0.400000,-0.400000,0.515960
727,-1.647159,0.043012,-15.406697,0.463826,0.866145,-2.327387,0.120000,0.140000,0.160000,-0.400000,-0.400000,0.463826
728,-1.649018,0.033365,-15.429971,0.411745,0.859771,-2.336107,0.140000,0.140000,0.160000,-0.400000,-0.400000,0.411745
729,-1.650618,0.023967,-15.453332,0.359741,0.852230,-2.345264,0.140000,0.140000,0.160000,-0.400000,-0.400000,0.359741
730,-1.651953,0.014814,-15.476785,0.307840,0.843519,-2.354859,0.120000,0.140000,0.160000,-0.400000,-0.400000,0.307840
731,-1.653017,0.005897,-15.500334,0.256065,0.833632,-2.364893,0.120000,0.140000,0.140000,-0.200000,-0.400000,0.256065
732,-1.653804,-0.002788,-15.523983,0.218444,0.822567,-2.375360,0.120000,0.120000,0.140000,-0.200000,-0.400000,0.218444
733,-1.654447,-0.011274,-15.547736,0.181001,0.810645,-2.386132,0.120000,0.120000,0.140000,-0.200000,-0.400000,0.181001
734,-1.654940,-0.019566,-15.571597,0.143756,0.797864,-2.397206,0.120000,0.120000,0.140000,-0.200000,-0.400000,0.143756
735,-1.655280,-0.027666,-15.595570,0.106730,0.784223,-2.408577,0.120000,0.120000,0.140000,-0.200000,-0.400000,0.106730
736,-1.655461,-0.035578,-15.619655,0.069944,0.769719,-2.420238,0.120000,0.120000,0.140000,-0.200000,-0.400000,0.069944
737,-1.655479,-0.043307,-15.643858,0.033420,0.754350,-2.432183,0.140000,0.120000,0.140000,-0.200000,-0.400000,0.033420
738,-1.655329,-0.050856,-15.668180,-0.002821,0.738115,-2.444406,0.140000,0.120000,0.140000,0.200000,-0.400000,-0.002821
739,-1.655007,-0.058230,-15.692624,-0.010754,0.721012,-2.456899,0.140000,0.120000,0.140000,0.200000,-0.400000,-0.010754
740,-1.654789,-0.065438,-15.717193,-0.018359,0.703717,-2.469451,0.140000,0.120000,0.140000,0.200000,-0.400000,-0.018359
741,-1.654670,-0.072477,-15.741887,-0.025627,0.686236,-2.482061,0.140000,0.120000,0.140000,0.200000,-0.400000,-0.025627
742,-1.654647,-0.079344,-15.766708,-0.032550,0.668575,-2.494728,0.140000,0.120000,0.140000,0.200000,-0.400000,-0.032550
743,-1.654715,-0.086037,-15.791655,-0.039118,0.650742,-2.507450,0.140000,0.120000,0.140000,0.200000,-0.400000,-0.039118
744,-1.654869,-0.092554,-15.816729,-0.045324,0.632743,-2.520225,0.140000,0.120000,0.120000,0.200000,-0.400000,-0.045324
745,-1.655105,-0.098894,-15.841932,-0.051159,0.614587,-2.533053,0.140000,0.120000,0.120000,0.200000,-0.400000,-0.051159
746,-1.655419,-0.105053,-15.867262,-0.056615,0.596279,-2.545932,0.140000,0.120000,0.120000,0.200000,-0.400000,-0.056615
747,-1.655806,-0.111030,-15.892722,-0.061683,0.577830,-2.558859,0.140000,0.120000,0.120000,0.200000,-0.400000,-0.061683
748,-1.656261,-0.116823,-15.918310,-0.066356,0.559247,-2.571832,0.140000,0.120000,0.120000,0.200000,-0.400000,-0.066356
749,-1.656780,-0.122431,-15.944028,-0.070625,0.540539,-2.584850,0.140000,0.120000,0.120000,0.200000,-0.400000,-0.070625
750,-1.657357,-0.127852,-15.969877,-0.074483,0.521715,-2.597910,0.140000,0.120000,0.120000,0.200000,-0.400000,-0.074483
751,-1.657989,-0.133084,-15.995856,-0.077923,0.502785,-2.611009,0.160000,0.120000,0.120000,0.400000,-0.400000,-0.077923
752,-1.658669,-0.138126,-16.021966,-0.066935,0.483759,-2.624145,0.160000,0.120000,0.120000,0.400000,-0.400000,-0.066935
753,-1.659527,-0.142934,-16.048208,-0.055515,0.465007,-2.637202,0.160000,0.120000,0.120000,0.200000,-0.400000,-0.055515
754,-1.660555,-0.147502,-16.074580,-0.057665,0.446541,-2.650173,0.160000,0.120000,0.120000,0.200000,-0.400000,-0.057665
755,-1.661618,-0.151878,-16.101081,-0.059384,0.428014,-2.663169,0.160000,0.120000,0.120000,0.200000,-0.400000,-0.059384
756,-1.662709,-0.156059,-16.127713,-0.060668,0.409437,-2.676185,0.160000,0.140000,0.120000,0.200000,-0.400000,-0.060668
757,-1.663823,-0.160045,-16.154475,-0.061510,0.390820,-2.689217,0.160000,0.140000,0.120000,0.200000,-0.400000,-0.061510
758,-1.664956,-0.163836,-16.181367,-0.061905,0.372174,-2.702261,0.160000,0.140000,0.120000,0.200000,-0.400000,-0.061905
759,-1.666102,-0.167430,-16.208390,-0.061845,0.353513,-2.715310,0.180000,0.140000,0.120000,0.200000,-0.400000,-0.061845
760,-1.667255,-0.170829,-16.235543,-0.061328,0.334847,-2.728358,0.180000,0.140000,0.120000,0.200000,-0.400000,-0.061328
761,-1.668411,-0.174031,-16.262826,-0.060346,0.316190,-2.741399,0.180000,0.140000,0.120000,0.200000,-0.400000,-0.060346
762,-1.669564,-0.177036,-16.290240,-0.058896,0.297553,-2.754424,0.180000,0.140000,0.120000,0.200000,-0.400000,-0.058896
763,-1.670709,-0.179845,-16.317785,-0.056974,0.278951,-2.767423,0.200000,0.140000,0.120000,0.200000,-0.400000,-0.056974
764,-1.671839,-0.182458,-16.345459,-0.054574,0.260396,-2.780387,0.200000,0.140000,0.120000,0.200000,-0.400000,-0.054574
765,-1.672950,-0.184876,-16.373263,-0.051695,0.241902,-2.793301,0.200000,0.140000,0.120000,0.200000,-0.400000,-0.051695
766,-1.674037,-0.187098,-16.401196,-0.048331,0.223482,-2.806151,0.200000,0.140000,0.120000,0.200000,-0.400000,-0.048331
767,-1.675093,-0.189126,-16.429257,-0.044482,0.205152,-2.818918,0.220000,0.140000,0.120000,0.200000,-0.400000,-0.044482
768,-1.676114,-0.190960,-16.457446,-0.040143,0.186925,-2.831581,0.220000,0.140000,0.120000,0.200000,-0.400000,-0.040143
769,-1.677094,-0.192602,-16.485762,-0.035313,0.168815,-2.844109,0.220000,0.140000,0.120000,0.200000,-0.400000,-0.035313
770,-1.678027,-0.194052,-16.514203,-0.029991,0.150839,-2.856468,0.220000,0.160000,0.120000,0.200000,-0.400000,-0.029991
771,-1.678908,-0.195313,-16.542768,-0.024176,0.133010,-2.868605,0.220000,0.160000,0.120000,0.200000,-0.400000,-0.024176
772,-1.679731,-0.196385,-16.571454,-0.017865,0.115344,-2.880446,0.220000,0.160000,0.120000,0.200000,-0.400000,-0.017865
773,-1.680492,-0.197270,-16.600258,-0.011060,0.097857,-2.891849,0.220000,0.160000,0.120000,0.200000,-0.400000,-0.011060
774,-1.681184,-0.197971,-16.629177,-0.003756,0.080573,-2.902397,0.220000,0.160000,0.120000,0.400000,-0.400000,-0.003756
775,-1.681803,-0.198488,-16.658201,0.025796,0.081840,-2.127855,0.220000,0.180000,0.120000,0.400000,-0.400000,0.025796
776,-1.682619,-0.198754,-16.679479,0.048173,0.065337,-2.137584,0.220000,0.180000,0.120000,0.400000,-0.400000,0.048173
777,-1.683430,-0.198725,-16.700855,0.071377,0.050419,-2.096459,0.240000,0.180000,0.120000,0.400000,-0.400000,0.071377
778,-1.684242,-0.198402,-16.721820,0.095806,0.038020,-1.963713,0.260000,0.180000,0.120000,0.400000,-0.400000,0.095806
779,-1.685072,-0.197790,-16.741457,0.120908,0.026844,-1.793431,0.280000,0.180000,0.120000,0.400000,-0.400000,0.120908
780,-1.685921,-0.196889,-16.759391,0.146356,0.016229,-1.618807,0.320000,0.200000,0.120000,0.400000,-0.400000,0.146356
781,-1.686788,-0.195699,-16.775579,0.172036,0.006176,-1.458800,0.340000,0.200000,0.140000,0.400000,-0.400000,0.172036
782,-1.687672,-0.194221,-16.790167,0.197889,-0.002960,-1.336357,0.360000,0.200000,0.140000,0.400000,-0.400000,0.197889
783,-1.688575,-0.192460,-16.803531,0.223877,-0.010708,-1.273575,0.400000,0.200000,0.140000,0.400000,-0.400000,0.223877
784,-1.689504,-0.190420,-16.816267,0.249976,-0.016885,-1.273735,0.440000,0.200000,0.140000,0.400000,-0.400000,0.249976
785,-1.690468,-0.188108,-16.829004,0.276174,-0.021676,-1.320812,0.480000,0.220000,0.140000,0.400000,-0.400000,0.276174
786,-1.691474,-0.185526,-16.842212,0.302456,-0.025353,-1.396319,0.540000,0.220000,0.140000,0.400000,-0.400000,0.302456
787,-1.692523,-0.182678,-16.856175,0.328809,-0.028114,-1.487456,0.640000,0.220000,0.140000,0.400000,-0.400000,0.328809
788,-1.693615,-0.179564,-16.871050,0.355217,-0.030079,-1.586624,0.780000,0.220000,0.140000,0.400000,-0.400000,0.355217
789,-1.694747,-0.176184,-16.886916,0.381662,-0.031313,-1.689427,0.880000,0.200000,0.140000,0.200000,-0.400000,0.381662
790,-1.695915,-0.172537,-16.903810,0.394127,-0.031847,-1.793276,0.860000,0.200000,0.140000,0.200000,-0.400000,0.394127
791,-1.697062,-0.168753,-16.921743,0.406652,-0.031883,-1.887187,0.860000,0.200000,0.140000,0.200000,-0.400000,0.406652
792,-1.698185,-0.164831,-16.940615,0.419209,-0.031474,-1.972849,1.000000,0.200000,0.140000,0.400000,-0.400000,0.419209
793,-1.699278,-0.160772,-16.960344,0.445772,-0.030661,-2.051608,1.000000,0.180000,0.140000,0.400000,-0.400000,0.445772
794,-1.700383,-0.156443,-16.980860,0.472269,-0.029230,-2.133556,1.000000,0.180000,0.140000,0.400000,-0.400000,0.472269
795,-1.701490,-0.151842,-17.002195,0.498688,-0.027157,-2.216809,1.000000,0.180000,0.140000,0.400000,-0.200000,0.498688
796,-1.702590,-0.146971,-17.024363,0.527154,-0.019647,-2.096035,1.000000,0.180000,0.140000,0.400000,-0.400000,0.527154
797,-1.703726,-0.141819,-17.045324,0.553075,-0.017461,-2.198263,1.000000,0.180000,0.160000,0.400000,-0.200000,0.553075
798,-1.704836,-0.136398,-17.067306,0.581102,-0.010121,-2.112858,1.000000,0.180000,0.160000,0.200000,-0.200000,0.581102
799,-1.705957,-0.130695,-17.088435,0.594819,-0.003424,-2.052570,1.000000,0.200000,0.160000,0.200000,-0.400000,0.594819
800,-1.707048,-0.124848,-17.108961,0.606114,-0.001128,-2.163685,1.000000,0.220000,0.160000,0.400000,-0.400000,0.606114
801,-1.708061,-0.118872,-17.130597,0.631361,0.001860,-2.264936,1.000000,0.240000,0.160000,0.400000,-0.200000,0.631361
802,-1.709012,-0.112631,-17.153247,0.658694,0.009482,-2.206021,1.000000,0.280000,0.160000,0.400000,-0.200000,0.658694
803,-1.709930,-0.106107,-17.175307,0.685760,0.016758,-2.163492,1.000000,0.320000,0.140000,0.400000,-0.200000,0.685760
804,-1.710805,-0.099304,-17.196942,0.712588,0.023849,-2.133645,1.000000,0.400000,0.140000,0.400000,-0.200000,0.712588
805,-1.711625,-0.092221,-17.218278,0.739198,0.030882,-2.113725,1.000000,0.520000,0.140000,0.400000,-0.200000,0.739198
806,-1.712380,-0.084861,-17.239416,0.765602,0.037953,-2.101650,1.000000,0.780000,0.120000,0.600000,-0.200000,0.765602
807,-1.713061,-0.077226,-17.260432,0.805807,0.045142,-2.095814,1.000000,0.800000,0.120000,0.600000,-0.200000,0.805807
808,-1.713660,-0.069178,-17.281390,0.845811,0.052856,-2.098087,1.000000,0.780000,0.120000,0.600000,-0.200000,0.845811
809,-1.714166,-0.060718,-17.302371,0.885603,0.061158,-2.106628,1.000000,1.000000,0.100000,0.600000,-0.200000,0.885603
810,-1.714568,-0.051850,-17.323437,0.925170,0.070102,-2.120005,1.000000,1.000000,0.100000,0.600000,-0.200000,0.925170
811,-1.714856,-0.042576,-17.344637,0.964496,0.079735,-2.137087,0.940000,1.000000,0.120000,0.600000,-0.200000,0.964496
812,-1.715016,-0.032900,-17.366008,1.003563,0.090097,-2.156972,0.900000,1.000000,0.120000,0.200000,-0.200000,1.003563
813,-1.715039,-0.022824,-17.387578,1.014349,0.101221,-2.178937,0.860000,1.000000,0.120000,0.200000,-0.200000,1.014349
814,-1.714944,-0.012631,-17.409367,1.024836,0.112419,-2.198673,0.820000,1.000000,0.140000,0.200000,-0.200000,1.024836
815,-1.714724,-0.002323,-17.431354,1.035019,0.123688,-2.216505,0.780000,1.000000,0.160000,0.400000,-0.200000,1.035019
816,-1.714373,0.008095,-17.453519,1.058899,0.135026,-2.232714,0.760000,1.000000,0.180000,0.400000,-0.200000,1.058899
817,-1.713862,0.018757,-17.475846,1.082472,0.146804,-2.249118,0.720000,1.000000,0.200000,0.400000,-0.200000,1.082472
818,-1.713182,0.029660,-17.498337,1.105726,0.159032,-2.265609,0.700000,1.000000,0.240000,0.400000,-0.200000,1.105726
819,-1.712325,0.040798,-17.520994,1.128648,0.171718,-2.282103,0.680000,1.000000,0.300000,0.400000,-0.200000,1.128648
820,-1.711285,0.052167,-17.543815,1.151224,0.184870,-2.298531,0.660000,1.000000,0.380000,0.400000,-0.200000,1.151224
821,-1.710053,0.063761,-17.566800,1.173440,0.198493,-2.314844,0.620000,1.000000,0.540000,0.200000,0.000000,1.173440
822,-1.708623,0.075576,-17.589948,1.182728,0.216417,-2.167383,0.600000,1.000000,0.680000,0.400000,-0.200000,1.182728
823,-1.707062,0.087498,-17.611622,1.204428,0.228650,-2.186895,0.600000,1.000000,0.660000,0.400000,-0.200000,1.204428
824,-1.705288,0.099628,-17.633491,1.225798,0.241427,-2.206150,0.580000,1.000000,0.660000,0.400000,-0.200000,1.225798
825,-1.703294,0.111962,-17.655553,1.246821,0.254745,-2.225120,0.560000,1.000000,1.000000,0.400000,0.000000,1.246821
826,-1.701075,0.124493,-17.677804,1.269020,0.271867,-2.104192,0.540000,1.000000,1.000000,0.200000,0.000000,1.269020
827,-1.698649,0.137242,-17.698846,1.277162,0.287571,-1.993679,0.520000,0.980000,1.000000,0.200000,0.000000,1.277162
828,-1.696066,0.150076,-17.718783,1.285289,0.301648,-1.892228,0.520000,0.940000,1.000000,0.200000,0.000000,1.285289
829,-1.693321,0.162990,-17.737705,1.293440,0.314263,-1.798492,0.500000,0.900000,1.000000,0.200000,-0.200000,1.293440
830,-1.690408,0.175978,-17.755690,1.300013,0.322916,-1.824004,0.480000,0.780000,1.000000,0.200000,-0.200000,1.300013
831,-1.687309,0.189010,-17.773930,1.306338,0.331925,-1.848617,0.480000,0.740000,1.000000,0.200000,-0.200000,1.306338
832,-1.684022,0.202081,-17.792416,1.312406,0.341275,-1.872378,0.460000,0.720000,1.000000,0.200000,-0.200000,1.312406
833,-1.680546,0.215188,-17.811140,1.318211,0.350952,-1.895334,0.460000,0.680000,1.000000,0.200000,-0.200000,1.318211
834,-1.676879,0.228328,-17.830093,1.323744,0.360944,-1.917534,0.440000,0.660000,1.000000,0.200000,-0.200000,1.323744
835,-1.673019,0.241494,-17.849268,1.328998,0.371237,-1.939029,0.440000,0.640000,1.000000,0.200000,-0.200000,1.328998
836,-1.668966,0.254684,-17.868659,1.333964,0.381820,-1.959869,0.420000,0.620000,1.000000,0.200000,-0.200000,1.333964
837,-1.664719,0.267894,-17.888257,1.338635,0.392682,-1.980107,0.420000,0.580000,1.000000,0.200000,-0.200000,1.338635
838,-1.660275,0.281117,-17.908058,1.343004,0.403811,-1.999794,0.400000,0.560000,1.000000,0.200000,-0.200000,1.343004
839,-1.655635,0.294352,-17.928056,1.347063,0.415198,-2.018978,0.400000,0.540000,1.000000,0.200000,-0.200000,1.347063
840,-1.650798,0.307591,-17.948246,1.350804,0.426832,-2.037711,0.380000,0.520000,1.000000,0.200000,-0.200000,1.350804
841,-1.645762,0.320833,-17.968623,1.354222,0.438705,-2.056040,0.380000,0.500000,1.000000,0.200000,-0.200000,1.354222
842,-1.640527,0.334070,-17.989184,1.357307,0.450806,-2.074014,0.360000,0.480000,1.000000,0.200000,-0.200000,1.357307
843,-1.635093,0.347300,-18.009924,1.360053,0.463128,-2.091678,0.360000,0.480000,1.000000,0.200000,-0.200000,1.360053
844,-1.629459,0.360516,-18.030841,1.362452,0.475662,-2.109077,0.360000,0.460000,0.880000,0.000000,-0.200000,1.362452
845,-1.623624,0.373715,-18.051931,1.350498,0.488401,-2.126254,0.340000,0.440000,0.840000,0.200000,-0.200000,1.350498
846,-1.617688,0.386792,-18.073194,1.352182,0.501006,-2.143042,0.340000,0.420000,0.780000,0.200000,-0.200000,1.352182
847,-1.611551,0.399841,-18.094624,1.353506,0.513798,-2.159715,0.320000,0.400000,0.740000,0.200000,-0.200000,1.353506
848,-1.605214,0.412858,-18.116222,1.354462,0.526771,-2.176308,0.320000,0.400000,0.700000,0.200000,-0.200000,1.354462
849,-1.598677,0.425838,-18.137985,1.355042,0.539919,-2.192855,0.300000,0.380000,0.660000,0.000000,-0.200000,1.355042
850,-1.591941,0.438775,-18.159913,1.341240,0.553233,-2.209389,0.300000,0.360000,0.540000,0.000000,-0.200000,1.341240
851,-1.585113,0.451577,-18.182007,1.327047,0.566372,-2.225851,0.300000,0.360000,0.520000,0.000000,-0.200000,1.327047
852,-1.578198,0.464240,-18.204266,1.312464,0.579326,-2.242312,0.280000,0.340000,0.500000,0.000000,-0.200000,1.312464
853,-1.571196,0.476762,-18.226689,1.297492,0.592088,-2.258838,0.280000,0.320000,0.460000,0.000000,-0.200000,1.297492
854,-1.564112,0.489140,-18.249277,1.282130,0.604649,-2.275487,0.260000,0.320000,0.440000,0.000000,-0.200000,1.282130
855,-1.556948,0.501372,-18.272032,1.266379,0.617002,-2.292311,0.260000,0.300000,0.420000,-0.200000,-0.200000,1.266379
856,-1.549706,0.513455,-18.294955,1.236238,0.629139,-2.309356,0.260000,0.300000,0.400000,-0.200000,-0.200000,1.236238
857,-1.542510,0.525314,-18.318049,1.205708,0.640709,-2.326726,0.240000,0.280000,0.380000,-0.200000,-0.200000,1.205708
858,-1.535363,0.536948,-18.341316,1.174796,0.651702,-2.344494,0.240000,0.280000,0.360000,-0.200000,-0.200000,1.174796
859,-1.528272,0.548358,-18.364761,1.143510,0.662110,-2.362721,0.240000,0.260000,0.340000,-0.200000,-0.200000,1.143510
860,-1.521240,0.559546,-18.388388,1.111857,0.671926,-2.381463,0.220000,0.260000,0.320000,-0.400000,-0.200000,1.111857
861,-1.514273,0.570511,-18.412203,1.065845,0.681139,-2.400764,0.220000,0.240000,0.300000,-0.400000,-0.200000,1.065845
862,-1.507503,0.581195,-18.436210,1.019480,0.689390,-2.420845,0.220000,0.240000,0.300000,-0.400000,-0.200000,1.019480
863,-1.500936,0.591604,-18.460419,0.972778,0.696666,-2.441765,0.220000,0.220000,0.280000,-0.400000,-0.200000,0.972778
864,-1.494578,0.601740,-18.484836,0.925754,0.702956,-2.463573,0.200000,0.220000,0.260000,-0.400000,-0.200000,0.925754
865,-1.488437,0.611609,-18.509472,0.878423,0.708249,-2.486309,0.200000,0.220000,0.260000,-0.400000,-0.200000,0.878423
866,-1.482518,0.621216,-18.534335,0.830800,0.712530,-2.510002,0.200000,0.200000,0.240000,-0.600000,-0.200000,0.830800
867,-1.476829,0.630566,-18.559435,0.768903,0.715784,-2.534672,0.200000,0.200000,0.240000,-0.600000,-0.200000,0.768903
868,-1.471509,0.639624,-18.584782,0.706749,0.717632,-2.560611,0.180000,0.200000,0.220000,-0.600000,-0.200000,0.706749
869,-1.466565,0.648400,-18.610388,0.644363,0.718052,-2.587830,0.180000,0.180000,0.220000,-0.400000,-0.200000,0.644363
870,-1.462006,0.656903,-18.636266,0.595773,0.717024,-2.616325,0.180000,0.180000,0.220000,-0.400000,-0.200000,0.595773
871,-1.457701,0.665172,-18.662430,0.547006,0.714892,-2.645792,0.180000,0.180000,0.200000,-0.400000,-0.200000,0.547006
872,-1.453657,0.673213,-18.688887,0.498085,0.711633,-2.676214,0.180000,0.180000,0.200000,-0.400000,-0.200000,0.498085
873,-1.449878,0.681035,-18.715650,0.449035,0.707224,-2.707569,0.180000,0.180000,0.200000,-0.400000,-0.200000,0.449035
874,-1.446372,0.688643,-18.742725,0.399884,0.701638,-2.739829,0.180000,0.160000,0.180000,-0.400000,0.000000,0.399884
875,-1.443144,0.696046,-18.770124,0.352646,0.694716,-2.778678,0.180000,0.160000,0.180000,-0.400000,0.000000,0.352646
876,-1.440180,0.703251,-18.797910,0.305332,0.686623,-2.819002,0.160000,0.160000,0.180000,-0.400000,-0.200000,0.305332
877,-1.437486,0.710266,-18.826100,0.255977,0.677493,-2.853693,0.160000,0.160000,0.180000,-0.400000,-0.200000,0.255977
878,-1.435085,0.717099,-18.854637,0.206647,0.667069,-2.889133,0.160000,0.160000,0.160000,-0.400000,-0.200000,0.206647
879,-1.432985,0.723759,-18.883529,0.157379,0.655323,-2.925269,0.160000,0.160000,0.160000,-0.400000,-0.200000,0.157379
880,-1.431190,0.730255,-18.912781,0.108215,0.642223,-2.962044,0.160000,0.160000,0.160000,-0.400000,-0.200000,0.108215
881,-1.429704,0.736596,-18.942402,0.059200,0.627742,-2.999399,0.160000,0.160000,0.160000,-0.400000,-0.200000,0.059200
882,-1.428532,0.742791,-18.972396,0.010381,0.611850,-3.037272,0.180000,0.160000,0.160000,-0.400000,-0.200000,0.010381
883,-1.427680,0.748851,-19.002769,-0.038191,0.594519,-3.075603,0.180000,0.160000,0.160000,-0.200000,-0.200000,-0.038191
884,-1.427150,0.754785,-19.033525,-0.072464,0.575721,-3.114335,0.180000,0.160000,0.160000,-0.200000,-0.200000,-0.072464
885,-1.426809,0.760578,-19.064668,-0.106380,0.555857,-3.153322,0.180000,0.160000,0.160000,-0.200000,-0.200000,-0.106380
886,-1.426662,0.766235,-19.096201,-0.139894,0.534913,-3.192536,0.180000,0.160000,0.160000,-0.200000,-0.200000,-0.139894
887,-1.426712,0.771764,-19.128126,-0.172956,0.512877,-3.231956,0.180000,0.160000,0.160000,-0.200000,-0.200000,-0.172956
888,-1.426965,0.777171,-19.160446,-0.205516,0.489735,-3.271561,0.180000,0.160000,0.160000,0.200000,-0.400000,-0.205516
889,-1.427423,0.782462,-19.193162,-0.211415,0.466085,-3.285422,0.200000,0.160000,0.160000,0.200000,-0.400000,-0.211415
890,-1.427844,0.787563,-19.226016,-0.216603,0.442220,-3.299330,0.200000,0.160000,0.160000,0.200000,-0.400000,-0.216603
891,-1.428232,0.792471,-19.259009,-0.221068,0.418162,-3.313277,0.200000,0.160000,0.160000,0.200000,-0.400000,-0.221068
892,-1.428596,0.797187,-19.292142,-0.224795,0.393933,-3.327258,0.220000,0.160000,0.160000,0.200000,-0.200000,-0.224795
893,-1.428940,0.801710,-19.325415,-0.225883,0.368953,-3.367114,0.220000,0.180000,0.160000,0.200000,-0.200000,-0.225883
894,-1.429258,0.806024,-19.359086,-0.226286,0.343855,-3.406948,0.220000,0.180000,0.160000,0.400000,-0.200000,-0.226286
895,-1.429556,0.810130,-19.393155,-0.211980,0.318661,-3.446749,0.240000,0.180000,0.160000,0.400000,-0.200000,-0.211980
896,-1.429722,0.813953,-19.427623,-0.196942,0.293871,-3.486418,0.240000,0.180000,0.160000,0.200000,-0.200000,-0.196942
897,-1.429766,0.817491,-19.462487,-0.195165,0.269523,-3.525927,0.260000,0.180000,0.160000,0.200000,-0.200000,-0.195165
898,-1.429811,0.820818,-19.497746,-0.192644,0.245169,-3.565340,0.280000,0.200000,0.160000,0.200000,-0.200000,-0.192644
899,-1.429867,0.823936,-19.533399,-0.189359,0.220838,-3.604634,0.300000,0.200000,0.160000,0.200000,-0.200000,-0.189359
900,-1.429940,0.826844,-19.569446,-0.185292,0.196560,-3.643782,0.300000,0.200000,0.160000,0.200000,-0.200000,-0.185292
901,-1.430037,0.829543,-19.605884,-0.180426,0.172368,-3.682755,0.340000,0.200000,0.160000,0.200000,-0.200000,-0.180426
902,-1.430166,0.832035,-19.642711,-0.174743,0.148294,-3.721520,0.360000,0.220000,0.160000,0.200000,-0.200000,-0.174743
903,-1.430336,0.834321,-19.679926,-0.168229,0.124375,-3.760049,0.380000,0.220000,0.180000,0.400000,-0.200000,-0.168229
904,-1.430552,0.836402,-19.717527,-0.146870,0.100648,-3.798315,0.420000,0.240000,0.180000,0.400000,-0.200000,-0.146870
905,-1.430734,0.838173,-19.755510,-0.120727,0.097055,-3.007095,0.480000,0.240000,0.180000,0.400000,-0.200000,-0.120727
906,-1.430715,0.839722,-19.785581,-0.097609,0.076016,-3.044997,0.520000,0.260000,0.180000,0.600000,-0.200000,-0.097609
907,-1.430681,0.840959,-19.816031,-0.055955,0.075024,-2.253005,0.580000,0.260000,0.180000,0.600000,-0.400000,-0.055955
908,-1.430382,0.841845,-19.838561,-0.019489,0.056912,-2.264080,0.620000,0.280000,0.180000,0.400000,-0.200000,-0.019489
909,-1.430014,0.842321,-19.861202,0.009198,0.058412,-1.467788,0.620000,0.280000,0.200000,0.400000,-0.200000,0.009198
910,-1.429470,0.842553,-19.875880,0.034351,0.040882,-1.505444,0.620000,0.280000,0.200000,0.400000,-0.200000,0.034351
911,-1.428942,0.842471,-19.890934,0.061037,0.030038,-1.267642,0.620000,0.300000,0.200000,0.400000,-0.200000,0.061037
912,-1.428374,0.842096,-19.903611,0.088116,0.020178,-0.993668,0.620000,0.300000,0.200000,0.600000,-0.400000,0.088116
913,-1.427764,0.841429,-19.913547,0.127129,0.006672,-0.896205,0.660000,0.300000,0.200000,0.600000,-0.400000,0.127129
914,-1.427088,0.840350,-19.922509,0.166596,-0.004553,-0.828953,0.700000,0.300000,0.200000,0.600000,-0.400000,0.166596
915,-1.426333,0.838865,-19.930799,0.206292,-0.012855,-0.863619,0.740000,0.300000,0.200000,0.600000,-0.400000,0.206292
916,-1.425476,0.836983,-19.939435,0.246146,-0.018898,-0.970175,0.780000,0.320000,0.200000,0.600000,-0.200000,0.246146
917,-1.424505,0.834714,-19.949137,0.288255,-0.018639,-0.897692,0.820000,0.320000,0.200000,0.600000,-0.200000,0.288255
918,-1.423363,0.832061,-19.958114,0.330133,-0.018737,-0.894504,0.880000,0.320000,0.200000,0.600000,-0.200000,0.330133
919,-1.422058,0.829022,-19.967059,0.371894,-0.018853,-0.924297,0.880000,0.320000,0.200000,0.600000,-0.200000,0.371894
920,-1.420599,0.825596,-19.976302,0.413587,-0.018795,-0.971431,0.880000,0.320000,0.200000,0.600000,-0.200000,0.413587
921,-1.418992,0.821781,-19.986016,0.455234,-0.018437,-1.028302,0.880000,0.340000,0.200000,0.600000,-0.200000,0.455234
922,-1.417243,0.817574,-19.996299,0.496843,-0.017689,-1.090812,0.860000,0.340000,0.200000,0.600000,-0.200000,0.496843
923,-1.415360,0.812973,-20.007207,0.538415,-0.016478,-1.156563,0.860000,0.340000,0.200000,0.600000,-0.200000,0.538415
924,-1.413350,0.807975,-20.018773,0.579947,-0.014744,-1.224054,0.980000,0.340000,0.200000,0.600000,-0.200000,0.579947
925,-1.411218,0.802580,-20.031013,0.621431,-0.012433,-1.292285,1.000000,0.340000,0.200000,0.400000,-0.200000,0.621431
926,-1.408975,0.796783,-20.043936,0.648857,-0.009498,-1.360557,1.000000,0.360000,0.200000,0.400000,-0.200000,0.648857
927,-1.406678,0.790714,-20.057542,0.676224,-0.006083,-1.424818,1.000000,0.360000,0.200000,0.400000,-0.200000,0.676224
928,-1.404335,0.784370,-20.071790,0.703518,-0.002188,-1.485593,1.000000,0.380000,0.200000,0.400000,-0.200000,0.703518
929,-1.401952,0.777751,-20.086646,0.730725,0.002191,-1.543277,1.000000,0.380000,0.200000,0.400000,-0.200000,0.730725
930,-1.399538,0.770854,-20.102079,0.757832,0.007056,-1.598175,1.000000,0.400000,0.200000,0.400000,-0.200000,0.757832
931,-1.397100,0.763678,-20.118060,0.784825,0.012412,-1.650522,1.000000,0.400000,0.200000,0.400000,-0.200000,0.784825
932,-1.394645,0.756223,-20.134566,0.811691,0.018265,-1.700506,1.000000,0.420000,0.200000,0.400000,-0.200000,0.811691
933,-1.392181,0.748486,-20.151571,0.838414,0.024618,-1.748275,1.000000,0.440000,0.200000,0.400000,-0.200000,0.838414
934,-1.389718,0.740469,-20.169053,0.864981,0.031479,-1.793953,1.000000,0.460000,0.200000,0.400000,-0.200000,0.864981
935,-1.387262,0.732169,-20.186993,0.891377,0.038851,-1.837641,1.000000,0.480000,0.200000,0.400000,-0.200000,0.891377
936,-1.384822,0.723587,-20.205369,0.917586,0.046739,-1.879428,1.000000,0.520000,0.220000,0.400000,-0.200000,0.917586
937,-1.382408,0.714722,-20.224164,0.943594,0.055147,-1.919393,1.000000,0.520000,0.220000,0.200000,0.000000,0.943594
938,-1.380028,0.705574,-20.243357,0.956459,0.069401,-1.730074,1.000000,0.500000,0.220000,0.200000,0.000000,0.956459
939,-1.377661,0.696281,-20.260658,0.969181,0.081286,-1.560112,1.000000,0.500000,0.220000,0.200000,0.000000,0.969181
940,-1.375317,0.686842,-20.276259,0.981832,0.091106,-1.407062,1.000000,0.480000,0.220000,0.200000,0.000000,0.981832
941,-1.373006,0.677256,-20.290330,0.994468,0.099123,-1.268666,1.000000,0.480000,0.220000,0.200000,0.000000,0.994468
942,-1.370733,0.667524,-20.303017,1.007126,0.105561,-1.142955,1.000000,0.500000,0.220000,0.400000,0.000000,1.007126
943,-1.368506,0.657646,-20.314446,1.033833,0.110612,-1.028271,1.000000,0.520000,0.220000,0.400000,0.000000,1.033833
944,-1.366313,0.647482,-20.324729,1.060604,0.114658,-0.924090,1.000000,0.560000,0.220000,0.600000,0.000000,1.060604
945,-1.364159,0.637034,-20.333970,1.101449,0.117809,-0.829043,1.000000,0.600000,0.220000,0.600000,-0.200000,1.101449
946,-1.362035,0.626162,-20.342260,1.140996,0.116140,-0.922629,1.000000,0.640000,0.220000,0.600000,-0.200000,1.140996
947,-1.359987,0.614878,-20.351487,1.180460,0.116046,-1.015983,1.000000,0.700000,0.220000,0.600000,-0.200000,1.180460
948,-1.358017,0.603181,-20.361646,1.219824,0.117535,-1.108302,1.000000,0.700000,0.220000,0.600000,-0.200000,1.219824
949,-1.356128,0.591073,-20.372729,1.259067,0.120611,-1.198914,1.000000,0.680000,0.220000,0.600000,-0.200000,1.259067
950,-1.354324,0.578554,-20.384718,1.298163,0.125268,-1.287270,1.000000,0.680000,0.240000,0.200000,0.000000,1.298163
951,-1.352610,0.565625,-20.397591,1.310407,0.135950,-1.182498,1.000000,0.660000,0.240000,0.400000,-0.200000,1.310407
952,-1.350952,0.552555,-20.409416,1.335302,0.140713,-1.269384,1.000000,0.660000,0.240000,0.000000,0.000000,1.335302
953,-1.349399,0.539218,-20.422110,1.333364,0.151160,-1.168294,1.000000,0.920000,0.240000,0.400000,0.000000,1.333364
954,-1.347911,0.525882,-20.433793,1.359446,0.159816,-1.073297,1.000000,0.920000,0.240000,0.400000,0.000000,1.359446
955,-1.346496,0.512267,-20.444526,1.385573,0.167267,-0.984859,1.000000,0.900000,0.260000,0.400000,0.000000,1.385573
956,-1.345159,0.498375,-20.454375,1.411762,0.173609,-0.902237,1.000000,0.880000,0.260000,0.400000,0.000000,1.411762
957,-1.343904,0.484207,-20.463397,1.438025,0.178926,-0.824812,1.000000,0.880000,0.260000,0.400000,0.000000,1.438025
958,-1.342735,0.469763,-20.471645,1.464373,0.183293,-0.752064,1.000000,0.860000,0.260000,0.400000,0.000000,1.464373
959,-1.341655,0.455044,-20.479166,1.490811,0.186773,-0.683559,1.000000,1.000000,0.260000,0.400000,0.000000,1.490811
960,-1.340667,0.440052,-20.486001,1.517345,0.189424,-0.618934,1.000000,1.000000,0.260000,0.400000,0.000000,1.517345
961,-1.339772,0.424787,-20.492191,1.543976,0.191299,-0.557882,1.000000,1.000000,0.280000,0.600000,0.000000,1.543976
962,-1.338972,0.409250,-20.497769,1.584705,0.192443,-0.500151,1.000000,1.000000,0.260000,0.400000,0.000000,1.584705
963,-1.338279,0.393301,-20.502771,1.611528,0.193025,-0.445767,0.980000,1.000000,0.260000,0.400000,0.000000,1.611528
964,-1.337682,0.377082,-20.507229,1.638446,0.192951,-0.394283,0.980000,1.000000,0.240000,0.400000,0.000000,1.638446
965,-1.337182,0.360592,-20.511171,1.665456,0.192258,-0.345549,0.980000,1.000000,0.220000,0.600000,0.000000,1.665456
966,-1.336778,0.343832,-20.514627,1.706555,0.190984,-0.299439,0.960000,1.000000,0.220000,0.600000,0.000000,1.706555
967,-1.336483,0.326662,-20.517621,1.747735,0.189252,-0.256049,0.960000,1.000000,0.200000,0.400000,0.000000,1.747735
968,-1.336297,0.309084,-20.520182,1.774989,0.187080,-0.215255,0.960000,1.000000,0.180000,0.600000,0.000000,1.774989
969,-1.336204,0.291236,-20.522334,1.816318,0.184413,-0.176764,0.960000,1.000000,0.160000,0.600000,0.000000,1.816318
970,-1.336219,0.272979,-20.524102,1.857710,0.181348,-0.140684,0.940000,1.000000,0.160000,0.400000,0.000000,1.857710
971,-1.336339,0.254314,-20.525509,1.885160,0.177905,-0.106928,0.940000,1.000000,0.140000,0.400000,0.000000,1.885160
972,-1.336548,0.235380,-20.526578,1.912667,0.174048,-0.075250,0.940000,1.000000,0.140000,0.400000,0.000000,1.912667
973,-1.336846,0.216176,-20.527331,1.940224,0.169808,-0.045603,0.940000,1.000000,0.140000,0.400000,0.000000,1.940224
974,-1.337229,0.196704,-20.527787,1.967825,0.165214,-0.017941,1.000000,1.000000,0.140000,0.400000,0.000000,1.967825
975,-1.337696,0.176962,-20.527966,1.995465,0.160296,0.007781,1.000000,1.000000,0.140000,0.600000,0.000000,1.995465
976,-1.338246,0.156950,-20.527888,2.037137,0.155084,0.031606,1.000000,1.000000,0.140000,0.600000,0.000000,2.037137
977,-1.338890,0.136530,-20.527572,2.078832,0.149632,0.053462,1.000000,1.000000,0.140000,0.600000,0.000000,2.078832
978,-1.339627,0.115701,-20.527038,2.120543,0.143961,0.073421,1.000000,1.000000,0.140000,0.600000,0.000000,2.120543
979,-1.340454,0.094463,-20.526303,2.162265,0.138093,0.091554,1.000000,1.000000,0.140000,0.600000,0.000000,2.162265
980,-1.341367,0.072816,-20.525388,2.203992,0.132047,0.107934,1.000000,1.000000,0.140000,0.600000,0.000000,2.203992
981,-1.342365,0.050759,-20.524308,2.245720,0.125846,0.122631,1.000000,1.000000,0.140000,0.600000,0.000000,2.245720
982,-1.343444,0.028292,-20.523082,2.287444,0.119510,0.135719,1.000000,1.000000,0.160000,0.600000,0.000000,2.287444
983,-1.344601,0.005416,-20.521725,2.329159,0.113059,0.147268,1.000000,1.000000,0.160000,0.600000,0.000000,2.329159
984,-1.345833,-0.017871,-20.520252,2.370863,0.106516,0.157349,1.000000,1.000000,0.160000,0.600000,0.000000,2.370863
985,-1.347138,-0.041567,-20.518679,2.412550,0.099901,0.166035,1.000000,1.000000,0.160000,0.400000,-0.200000,2.412550
986,-1.348512,-0.065674,-20.517018,2.438979,0.088448,-0.031271,1.000000,1.000000,0.160000,0.600000,0.000000,2.438979
987,-1.349985,-0.090036,-20.517331,2.480443,0.086859,-0.018094,1.000000,1.000000,0.140000,0.400000,0.000000,2.480443
988,-1.351523,-0.114808,-20.517512,2.507902,0.085037,-0.005814,1.000000,1.000000,0.120000,0.400000,0.000000,2.507902
989,-1.353109,-0.139851,-20.517570,2.535360,0.082983,0.005660,1.000000,0.380000,0.100000,0.600000,-0.200000,2.535360
990,-1.354744,-0.165165,-20.517514,2.575613,0.075793,-0.194251,1.000000,0.360000,0.080000,0.400000,-0.200000,2.575613
991,-1.356488,-0.190873,-20.519456,2.601716,0.073875,-0.391094,1.000000,0.340000,0.060000,0.400000,-0.200000,2.601716
992,-1.358327,-0.216836,-20.523367,2.627678,0.077138,-0.583083,1.000000,0.320000,0.040000,0.400000,0.000000,2.627678
993,-1.360262,-0.243053,-20.529198,2.654639,0.090506,-0.552893,0.980000,1.000000,0.040000,0.600000,0.000000,2.654639
994,-1.362246,-0.269540,-20.534727,2.695537,0.102930,-0.522542,0.980000,1.000000,0.060000,0.600000,0.000000,2.695537
995,-1.364300,-0.296437,-20.539952,2.736379,0.114505,-0.492314,0.960000,1.000000,0.060000,0.400000,0.000000,2.736379
996,-1.366428,-0.323742,-20.544875,2.763176,0.125236,-0.462305,0.940000,1.000000,0.060000,0.400000,-0.200000,2.763176
997,-1.368617,-0.351315,-20.549498,2.788714,0.130230,-0.638785,0.940000,1.000000,0.080000,0.400000,0.000000,2.788714
998,-1.370917,-0.379138,-20.555886,2.815218,0.144990,-0.603037,0.920000,1.000000,0.080000,0.400000,0.000000,2.815218
999,-1.373285,-0.407228,-20.561917,2.841668,0.158616,-0.567363,0.900000,1.000000,0.100000,0.200000,0.000000,2.841668
