step,x,y,mu,vx,vy,omega,lidar_l,lidar_c,lidar_r,throttle,steering,reward
0,1.644276,-1.385132,-0.314583,0.000000,0.000000,0.000000,0.160000,0.180000,0.220000,0.050000,-1.000000,0.000000
1,1.644276,-1.385132,-0.314583,0.003500,0.000000,0.000000,0.160000,0.180000,0.220000,0.050000,-1.000000,0.003500
2,1.644309,-1.385143,-0.314583,0.007000,0.000000,0.000000,0.160000,0.180000,0.220000,0.050000,-1.000000,0.007000
3,1.644376,-1.385165,-0.314583,0.010500,0.000000,0.000000,0.160000,0.180000,0.220000,0.050000,-1.000000,0.010500
4,1.644476,-1.385197,-0.314583,0.005635,-0.005371,-0.229722,0.160000,0.180000,0.220000,0.050000,-1.000000,0.005635
5,1.644513,-1.385266,-0.316880,0.009147,-0.005358,-0.229722,0.160000,0.180000,0.220000,0.050000,-1.000000,0.009147
6,1.644583,-1.385345,-0.319177,0.012660,-0.005337,-0.229722,0.160000,0.180000,0.220000,0.050000,-1.000000,0.012660
7,1.644686,-1.385435,-0.321475,0.010945,-0.013676,-0.129329,0.160000,0.180000,0.220000,0.050000,-1.000000,0.010945
8,1.644747,-1.385600,-0.322768,0.014723,-0.005548,-0.508914,0.160000,0.180000,0.220000,0.050000,-1.000000,0.014723
9,1.644869,-1.385699,-0.327857,0.016793,-0.014326,-0.163713,0.160000,0.180000,0.220000,0.050000,-1.000000,0.016793
10,1.644982,-1.385889,-0.329494,0.016678,-0.008948,-0.637729,0.160000,0.180000,0.220000,0.050000,-1.000000,0.016678
11,1.645111,-1.386027,-0.335871,0.020878,-0.016326,-0.235725,0.160000,0.180000,0.220000,0.050000,-1.000000,0.020878
12,1.645254,-1.386250,-0.338229,0.020544,-0.011429,-0.699033,0.180000,0.180000,0.220000,0.050000,-1.000000,0.020544
13,1.645410,-1.386426,-0.345219,0.024014,-0.019102,-0.325045,0.180000,0.180000,0.220000,0.050000,-1.000000,0.024014
14,1.645571,-1.386687,-0.348469,0.024407,-0.014039,-0.753725,0.180000,0.180000,0.220000,0.050000,-1.000000,0.024407
15,1.645753,-1.386903,-0.356007,0.027327,-0.021759,-0.409290,0.180000,0.180000,0.220000,0.050000,-1.000000,0.027327
16,1.645933,-1.387202,-0.360100,0.028133,-0.016762,-0.810494,0.180000,0.180000,0.220000,0.050000,-1.000000,0.028133
17,1.646137,-1.387458,-0.368205,0.030755,-0.024242,-0.494821,0.180000,0.180000,0.220000,0.050000,-1.000000,0.030755
18,1.646337,-1.387795,-0.373153,0.031811,-0.019513,-0.868115,0.180000,0.180000,0.220000,0.050000,-1.000000,0.031811
19,1.646562,-1.388092,-0.381834,0.034242,-0.026570,-0.583905,0.180000,0.180000,0.220000,0.050000,-1.000000,0.034242
20,1.646781,-1.388467,-0.387673,0.035474,-0.022295,-0.924504,0.180000,0.180000,0.220000,0.050000,-1.000000,0.035474
21,1.647025,-1.388807,-0.396918,0.037765,-0.028773,-0.676338,0.180000,0.180000,0.200000,0.050000,-1.000000,0.037765
22,1.647262,-1.389218,-0.403681,0.039134,-0.025122,-0.978147,0.180000,0.180000,0.180000,0.050000,-1.000000,0.039134
23,1.647523,-1.389603,-0.413463,0.041313,-0.030863,-0.772081,0.180000,0.180000,0.180000,0.050000,-1.000000,0.041313
24,1.647778,-1.390052,-0.421184,0.042795,-0.028000,-1.028367,0.180000,0.180000,0.180000,0.050000,-1.000000,0.042795
25,1.648054,-1.390482,-0.431467,0.044879,-0.032847,-0.871064,0.180000,0.180000,0.180000,0.050000,-1.000000,0.044879
26,1.648324,-1.390968,-0.440178,0.046460,-0.030917,-1.075431,0.180000,0.180000,0.180000,0.050000,-1.000000,0.046460
27,1.648612,-1.391446,-0.450932,0.048462,-0.034747,-0.972189,0.180000,0.180000,0.180000,0.050000,-1.000000,0.048462
28,1.648897,-1.391970,-0.460654,0.050130,-0.033826,-1.121448,0.180000,0.180000,0.180000,0.050000,-1.000000,0.050130
29,1.649196,-1.392496,-0.471869,0.052061,-0.036627,-1.072127,0.180000,0.200000,0.180000,0.050000,-1.000000,0.052061
30,1.649493,-1.393059,-0.482590,0.053803,-0.036633,-1.170949,0.180000,0.200000,0.180000,0.050000,-1.000000,0.053803
31,1.649800,-1.393633,-0.494299,0.055681,-0.038585,-1.165677,0.180000,0.180000,0.180000,0.050000,-1.000000,0.055681
32,1.650107,-1.394237,-0.505956,0.057474,-0.039249,-1.228440,0.180000,0.180000,0.180000,0.050000,-1.000000,0.057474
33,1.650419,-1.394858,-0.518241,0.059322,-0.040678,-1.249759,0.180000,0.180000,0.180000,0.050000,-1.000000,0.059322
34,1.650733,-1.395506,-0.530738,0.061143,-0.041667,-1.294004,0.180000,0.180000,0.180000,0.050000,-1.000000,0.061143
35,1.651050,-1.396175,-0.543678,0.062981,-0.042867,-1.326276,0.160000,0.180000,0.180000,0.050000,-1.000000,0.062981
36,1.651367,-1.396867,-0.556941,0.064813,-0.043956,-1.363891,0.160000,0.160000,0.180000,0.050000,-1.000000,0.064813
37,1.651685,-1.397583,-0.570580,0.066651,-0.045079,-1.398982,0.160000,0.160000,0.180000,0.050000,-1.000000,0.066651
38,1.652002,-1.398322,-0.584570,0.068489,-0.046176,-1.434787,0.160000,0.160000,0.180000,0.050000,-1.000000,0.068489
39,1.652318,-1.399085,-0.598918,0.070330,-0.047269,-1.470088,0.160000,0.160000,0.180000,0.050000,-1.000000,0.070330
40,1.652633,-1.399872,-0.613618,0.072171,-0.048350,-1.505286,0.160000,0.160000,0.180000,0.050000,-1.000000,0.072171
41,1.652944,-1.400683,-0.628671,0.074015,-0.049421,-1.540253,0.160000,0.160000,0.180000,0.050000,-1.000000,0.074015
42,1.653253,-1.401518,-0.644074,0.075859,-0.050482,-1.575015,0.160000,0.160000,0.180000,0.050000,-1.000000,0.075859
43,1.653556,-1.402377,-0.659824,0.077704,-0.051532,-1.609559,0.160000,0.160000,0.180000,0.050000,-1.000000,0.077704
44,1.653854,-1.403261,-0.675920,0.079551,-0.052571,-1.643879,0.160000,0.160000,0.180000,0.050000,-1.000000,0.079551
45,1.654146,-1.404169,-0.692358,0.081398,-0.053599,-1.677970,0.160000,0.160000,0.180000,0.050000,-1.000000,0.081398
46,1.654430,-1.405101,-0.709138,0.083246,-0.054615,-1.711825,0.160000,0.160000,0.180000,0.050000,-1.000000,0.083246
47,1.654706,-1.406057,-0.726256,0.085094,-0.055619,-1.745438,0.180000,0.160000,0.180000,0.050000,-1.000000,0.085094
48,1.654973,-1.407038,-0.743711,0.086942,-0.056611,-1.778802,0.180000,0.160000,0.180000,0.050000,-1.000000,0.086942
49,1.655230,-1.408043,-0.761499,0.088790,-0.057591,-1.811912,0.180000,0.180000,0.180000,0.050000,-1.000000,0.088790
50,1.655475,-1.409073,-0.779618,0.090639,-0.058558,-1.844760,0.180000,0.180000,0.180000,0.050000,-1.000000,0.090639
51,1.655708,-1.410127,-0.798065,0.092486,-0.059512,-1.877341,0.180000,0.160000,0.180000,0.050000,-1.000000,0.092486
52,1.655928,-1.411204,-0.816839,0.094333,-0.060453,-1.909648,0.180000,0.160000,0.160000,0.050000,-1.000000,0.094333
53,1.656133,-1.412306,-0.835935,0.096179,-0.061381,-1.941675,0.180000,0.160000,0.160000,0.050000,-1.000000,0.096179
54,1.656322,-1.413431,-0.855352,0.098024,-0.062295,-1.973416,0.160000,0.160000,0.160000,0.050000,-1.000000,0.098024
55,1.656495,-1.414579,-0.875086,0.099867,-0.063195,-2.004864,0.160000,0.160000,0.140000,0.050000,-1.000000,0.099867
56,1.656650,-1.415751,-0.895135,0.101708,-0.064081,-2.036014,0.160000,0.140000,0.140000,0.050000,-1.000000,0.101708
57,1.656786,-1.416945,-0.915495,0.103547,-0.064953,-2.066858,0.160000,0.140000,0.140000,0.050000,-1.000000,0.103547
58,1.656902,-1.418162,-0.936164,0.105384,-0.065811,-2.097392,0.160000,0.140000,0.140000,0.050000,-1.000000,0.105384
59,1.656997,-1.419401,-0.957138,0.107218,-0.066653,-2.127609,0.160000,0.140000,0.140000,0.050000,-1.000000,0.107218
60,1.657069,-1.420661,-0.978414,0.109048,-0.067481,-2.157503,0.160000,0.140000,0.160000,0.050000,-1.000000,0.109048
61,1.657118,-1.421943,-0.999989,0.110876,-0.068294,-2.187069,0.160000,0.140000,0.160000,0.050000,-1.000000,0.110876
62,1.657143,-1.423245,-1.021859,0.112699,-0.069091,-2.216300,0.180000,0.160000,0.160000,0.050000,-1.000000,0.112699
63,1.657141,-1.424567,-1.044022,0.114519,-0.069873,-2.245190,0.200000,0.160000,0.160000,0.050000,-1.000000,0.114519
64,1.657113,-1.425908,-1.066474,0.116333,-0.070640,-2.273735,0.240000,0.160000,0.160000,0.050000,-1.000000,0.116333
65,1.657057,-1.427268,-1.089212,0.118143,-0.071391,-2.301929,0.240000,0.160000,0.160000,0.050000,-1.000000,0.118143
66,1.656971,-1.428646,-1.112231,0.119948,-0.072125,-2.329767,0.220000,0.160000,0.160000,0.050000,-1.000000,0.119948
67,1.656855,-1.430040,-1.135529,0.121747,-0.072844,-2.357242,0.220000,0.160000,0.140000,0.050000,-1.000000,0.121747
68,1.656708,-1.431451,-1.159101,0.123540,-0.073546,-2.384351,0.220000,0.160000,0.140000,0.050000,-1.000000,0.123540
69,1.656529,-1.432878,-1.182944,0.125326,-0.074233,-2.411088,0.220000,0.160000,0.140000,0.050000,-1.000000,0.125326
70,1.656315,-1.434319,-1.207055,0.127105,-0.074903,-2.437449,0.220000,0.160000,0.140000,0.050000,-1.000000,0.127105
71,1.656068,-1.435773,-1.231430,0.128877,-0.075556,-2.463429,0.220000,0.140000,0.120000,0.050000,-1.000000,0.128877
72,1.655784,-1.437240,-1.256064,0.130642,-0.076193,-2.489024,0.220000,0.140000,0.140000,0.050000,-1.000000,0.130642
73,1.655464,-1.438718,-1.280954,0.132398,-0.076813,-2.514229,0.220000,0.140000,0.140000,0.050000,-1.000000,0.132398
74,1.655106,-1.440206,-1.306097,0.134145,-0.077416,-2.539040,0.220000,0.140000,0.140000,0.050000,-1.000000,0.134145
75,1.654710,-1.441704,-1.331487,0.135884,-0.078003,-2.563455,0.220000,0.160000,0.140000,0.050000,-1.000000,0.135884
76,1.654274,-1.443209,-1.357122,0.137613,-0.078573,-2.587468,0.220000,0.180000,0.160000,0.050000,-1.000000,0.137613
77,1.653798,-1.444720,-1.382996,0.139332,-0.079126,-2.611077,0.220000,0.200000,0.160000,0.050000,-1.000000,0.139332
78,1.653281,-1.446237,-1.409107,0.141041,-0.079663,-2.634279,0.220000,0.220000,0.160000,0.050000,-1.000000,0.141041
79,1.652722,-1.447757,-1.435450,0.142739,-0.080182,-2.657070,0.260000,0.220000,0.140000,0.050000,-1.000000,0.142739
80,1.652120,-1.449280,-1.462021,0.144426,-0.080685,-2.679449,0.260000,0.220000,0.140000,0.050000,-1.000000,0.144426
81,1.651475,-1.450803,-1.488815,0.146101,-0.081171,-2.701412,0.260000,0.220000,0.140000,0.050000,-1.000000,0.146101
82,1.650785,-1.452325,-1.515829,0.147764,-0.081641,-2.722958,0.260000,0.200000,0.140000,0.050000,-1.000000,0.147764
83,1.650051,-1.453846,-1.543059,0.149415,-0.082094,-2.744084,0.300000,0.200000,0.140000,0.050000,-1.000000,0.149415
84,1.649272,-1.455362,-1.570500,0.151052,-0.082530,-2.764790,0.300000,0.200000,0.140000,0.050000,-1.000000,0.151052
85,1.648447,-1.456873,-1.598148,0.152677,-0.082950,-2.785073,0.300000,0.200000,0.140000,0.050000,-1.000000,0.152677
86,1.647576,-1.458376,-1.625998,0.154287,-0.083354,-2.804933,0.300000,0.200000,0.160000,0.050000,-1.000000,0.154287
87,1.646659,-1.459871,-1.654048,0.155884,-0.083741,-2.824368,0.300000,0.200000,0.180000,0.050000,-1.000000,0.155884
88,1.645695,-1.461355,-1.682291,0.157465,-0.084113,-2.843379,0.320000,0.200000,0.200000,0.050000,-1.000000,0.157465
89,1.644684,-1.462826,-1.710725,0.159032,-0.084468,-2.861966,0.320000,0.200000,0.200000,0.050000,-1.000000,0.159032
90,1.643626,-1.464283,-1.739345,0.160583,-0.084808,-2.880127,0.360000,0.200000,0.200000,0.050000,-1.000000,0.160583
91,1.642520,-1.465724,-1.768146,0.162119,-0.085132,-2.897864,0.360000,0.240000,0.200000,0.050000,-1.000000,0.162119
92,1.641367,-1.467146,-1.797125,0.163639,-0.085441,-2.915177,0.380000,0.240000,0.200000,0.050000,-1.000000,0.163639
93,1.640168,-1.468549,-1.826276,0.165142,-0.085735,-2.932068,0.380000,0.240000,0.200000,0.050000,-1.000000,0.165142
94,1.638921,-1.469931,-1.855597,0.166628,-0.086014,-2.948536,0.380000,0.240000,0.200000,0.050000,-1.000000,0.166628
95,1.637627,-1.471288,-1.885082,0.168097,-0.086278,-2.964585,0.400000,0.280000,0.200000,0.050000,-1.000000,0.168097
96,1.636287,-1.472620,-1.914728,0.169548,-0.086527,-2.980216,0.400000,0.280000,0.200000,0.050000,-1.000000,0.169548
97,1.634901,-1.473924,-1.944530,0.170982,-0.086762,-2.995431,0.460000,0.300000,0.200000,0.050000,-1.000000,0.170982
98,1.633469,-1.475199,-1.974485,0.172397,-0.086984,-3.010232,0.480000,0.300000,0.200000,0.050000,-1.000000,0.172397
99,1.631992,-1.476443,-2.004587,0.173794,-0.087191,-3.024622,0.480000,0.300000,0.180000,0.050000,-1.000000,0.173794
100,1.630470,-1.477654,-2.034833,0.175172,-0.087385,-3.038604,0.500000,0.300000,0.180000,0.050000,-1.000000,0.175172
101,1.628905,-1.478829,-2.065219,0.176531,-0.087566,-3.052182,0.520000,0.300000,0.220000,0.050000,-1.000000,0.176531
102,1.627296,-1.479967,-2.095741,0.177871,-0.087734,-3.065358,0.540000,0.360000,0.220000,0.050000,-1.000000,0.177871
103,1.625645,-1.481067,-2.126395,0.179192,-0.087890,-3.078137,0.560000,0.360000,0.220000,0.050000,-1.000000,0.179192
104,1.623954,-1.482126,-2.157176,0.180493,-0.088033,-3.090523,0.640000,0.360000,0.240000,0.050000,-1.000000,0.180493
105,1.622222,-1.483142,-2.188081,0.181773,-0.088164,-3.102519,0.660000,0.360000,0.280000,0.050000,-1.000000,0.181773
106,1.620450,-1.484114,-2.219107,0.183034,-0.088283,-3.114131,0.700000,0.380000,0.280000,0.050000,-1.000000,0.183034
107,1.618642,-1.485040,-2.250248,0.184274,-0.088392,-3.125363,0.740000,0.380000,0.280000,0.050000,-1.000000,0.184274
108,1.616796,-1.485918,-2.281501,0.185494,-0.088489,-3.136220,0.760000,0.440000,0.280000,0.050000,-1.000000,0.185494
109,1.614915,-1.486747,-2.312864,0.186694,-0.088576,-3.146708,0.820000,0.460000,0.280000,0.050000,-1.000000,0.186694
110,1.613001,-1.487524,-2.344331,0.187872,-0.088652,-3.156831,0.860000,0.480000,0.280000,0.050000,-1.000000,0.187872
111,1.611054,-1.488249,-2.375899,0.189030,-0.088719,-3.166596,0.920000,0.480000,0.280000,0.050000,-1.000000,0.189030
112,1.609076,-1.488919,-2.407565,0.190167,-0.088776,-3.176008,1.000000,0.500000,0.340000,0.050000,-1.000000,0.190167
113,1.607070,-1.489534,-2.439325,0.191283,-0.088823,-3.185074,1.000000,0.520000,0.340000,0.050000,-1.000000,0.191283
114,1.605036,-1.490091,-2.471176,0.192378,-0.088862,-3.193798,1.000000,0.540000,0.340000,0.050000,-1.000000,0.192378
115,1.602976,-1.490590,-2.503114,0.193452,-0.088892,-3.202189,1.000000,0.620000,0.360000,0.050000,-0.500000,0.193452
116,1.600893,-1.491030,-2.535136,0.202878,-0.079874,-2.823578,1.000000,0.660000,0.360000,0.050000,-0.550000,0.202878
117,1.598771,-1.491530,-2.563372,0.210519,-0.073242,-2.585743,1.000000,0.680000,0.360000,0.050000,-0.550000,0.210519
118,1.596607,-1.492067,-2.589229,0.216923,-0.068065,-2.421534,1.000000,0.700000,0.380000,0.050000,-0.450000,0.216923
119,1.594404,-1.492626,-2.613444,0.223576,-0.061521,-2.198889,1.000000,0.740000,0.440000,0.050000,-0.300000,0.223576
120,1.592162,-1.493221,-2.635433,0.230091,-0.052879,-1.887549,1.000000,0.760000,0.440000,0.050000,-0.350000,0.230091
121,1.589894,-1.493874,-2.654309,0.235490,-0.047441,-1.714204,1.000000,0.780000,0.440000,0.050000,-0.350000,0.235490
122,1.587591,-1.494557,-2.671451,0.240234,-0.043522,-1.599169,1.000000,0.820000,0.460000,0.150000,-0.250000,0.240234
123,1.585252,-1.495258,-2.687442,0.252220,-0.037872,-1.402548,1.000000,0.840000,0.460000,0.200000,-0.300000,0.252220
124,1.582819,-1.496024,-2.701468,0.266763,-0.035411,-1.345001,1.000000,0.860000,0.460000,0.250000,-0.300000,0.266763
125,1.580255,-1.496840,-2.714918,0.284478,-0.033792,-1.324729,1.000000,0.880000,0.480000,0.250000,-0.200000,0.284478
126,1.577525,-1.497710,-2.728165,0.302716,-0.029743,-1.204479,1.000000,0.920000,0.480000,0.300000,-0.200000,0.302716
127,1.574634,-1.498653,-2.740210,0.324131,-0.026902,-1.136210,1.000000,0.940000,0.480000,0.350000,-0.200000,0.324131
128,1.571545,-1.499672,-2.751572,0.348820,-0.024858,-1.104769,1.000000,0.960000,0.480000,0.350000,-0.200000,0.348820
129,1.568224,-1.500768,-2.762620,0.373349,-0.023292,-1.099340,1.000000,0.980000,0.480000,0.400000,-0.200000,0.373349
130,1.564669,-1.501933,-2.773613,0.401269,-0.021972,-1.110433,1.000000,1.000000,0.500000,0.450000,-0.200000,0.401269
131,1.560846,-1.503172,-2.784717,0.432600,-0.020725,-1.134276,1.000000,1.000000,0.500000,0.450000,-0.200000,0.432600
132,1.556720,-1.504489,-2.796060,0.463857,-0.019407,-1.168161,1.000000,1.000000,0.500000,0.450000,-0.200000,0.463857
133,1.552290,-1.505877,-2.807742,0.495051,-0.017918,-1.208587,1.000000,1.000000,0.500000,0.450000,-0.200000,0.495051
134,1.547554,-1.507330,-2.819828,0.526189,-0.016183,-1.253297,1.000000,1.000000,0.580000,0.450000,0.000000,0.526189
135,1.542511,-1.508841,-2.832361,0.557869,-0.008224,-1.047558,1.000000,1.000000,0.580000,0.450000,0.000000,0.557869
136,1.537172,-1.510460,-2.842836,0.589428,-0.001866,-0.880048,0.980000,1.000000,0.600000,0.450000,0.000000,0.589428
137,1.531534,-1.512177,-2.851637,0.620915,0.003195,-0.743258,0.860000,1.000000,0.600000,0.450000,0.000000,0.620915
138,1.525593,-1.513983,-2.859069,0.652358,0.007217,-0.630809,0.780000,1.000000,0.600000,0.450000,0.000000,0.652358
139,1.519348,-1.515871,-2.865377,0.683777,0.010406,-0.537629,0.740000,1.000000,0.600000,0.450000,0.000000,0.683777
140,1.512798,-1.517836,-2.870754,0.715181,0.012925,-0.459793,0.700000,1.000000,0.600000,0.450000,0.000000,0.715181
141,1.505941,-1.519874,-2.875352,0.746578,0.014900,-0.394280,0.680000,1.000000,0.600000,0.450000,0.000000,0.746578
142,1.498778,-1.521982,-2.879294,0.777971,0.016433,-0.338757,0.680000,1.000000,0.600000,0.450000,0.000000,0.777971
143,1.491307,-1.524158,-2.882682,0.809364,0.017600,-0.291410,0.660000,1.000000,0.600000,0.450000,0.000000,0.809364
144,1.483528,-1.526400,-2.885596,0.840757,0.018466,-0.250816,0.660000,1.000000,0.600000,0.450000,0.000000,0.840757
145,1.475441,-1.528708,-2.888104,0.872150,0.019081,-0.215843,0.660000,1.000000,0.600000,0.450000,0.000000,0.872150
146,1.467046,-1.531080,-2.890263,0.903544,0.019485,-0.185587,0.680000,1.000000,0.600000,0.450000,0.000000,0.903544
147,1.458343,-1.533515,-2.892119,0.934938,0.019714,-0.159316,0.680000,1.000000,0.600000,0.450000,0.000000,0.934938
148,1.449332,-1.536015,-2.893712,0.966332,0.019793,-0.136432,0.700000,1.000000,0.600000,0.450000,0.000000,0.966332
149,1.440012,-1.538578,-2.895076,0.997725,0.019746,-0.116446,0.700000,1.000000,0.600000,0.450000,0.000000,0.997725
150,1.430385,-1.541204,-2.896241,1.029117,0.019593,-0.098951,0.720000,1.000000,0.600000,0.450000,0.000000,1.029117
151,1.420450,-1.543894,-2.897230,1.060508,0.019350,-0.083606,0.720000,1.000000,0.600000,0.450000,0.000000,1.060508
152,1.410206,-1.546647,-2.898066,1.091895,0.019031,-0.070128,0.740000,1.000000,0.580000,0.450000,0.000000,1.091895
153,1.399655,-1.549465,-2.898767,1.123280,0.018646,-0.058275,0.760000,1.000000,0.580000,0.450000,0.000000,1.123280
154,1.388797,-1.552347,-2.899350,1.154662,0.018207,-0.047844,0.780000,1.000000,0.580000,0.450000,0.000000,1.154662
155,1.377631,-1.555293,-2.899829,1.186039,0.017723,-0.038660,0.800000,1.000000,0.580000,0.450000,0.000000,1.186039
156,1.366158,-1.558305,-2.900215,1.217412,0.017200,-0.030574,0.820000,1.000000,0.580000,0.450000,0.000000,1.217412
157,1.354378,-1.561382,-2.900521,1.248780,0.016645,-0.023456,0.840000,1.000000,0.560000,0.450000,-0.050000,1.248780
158,1.342291,-1.564525,-2.900755,1.280047,0.014544,-0.082226,0.860000,1.000000,0.560000,0.450000,-0.050000,1.280047
159,1.329895,-1.567719,-2.901578,1.311305,0.013317,-0.137597,0.880000,1.000000,0.560000,0.450000,-0.050000,1.311305
160,1.317189,-1.570966,-2.902954,1.342552,0.012907,-0.189699,0.880000,1.000000,0.560000,0.450000,-0.050000,1.342552
161,1.304175,-1.574265,-2.904851,1.373789,0.013265,-0.238667,0.900000,1.000000,0.560000,0.450000,-0.050000,1.373789
162,1.290851,-1.577616,-2.907237,1.405012,0.014345,-0.284640,0.900000,1.000000,0.560000,0.450000,-0.050000,1.405012
163,1.277218,-1.581018,-2.910084,1.436219,0.016102,-0.327754,0.900000,1.000000,0.540000,0.450000,-0.100000,1.436219
164,1.263276,-1.584470,-2.913361,1.467179,0.017067,-0.429252,0.900000,1.000000,0.540000,0.450000,-0.100000,1.467179
165,1.249024,-1.587956,-2.917654,1.498115,0.019577,-0.524851,0.900000,1.000000,0.540000,0.450000,-0.100000,1.498115
166,1.234460,-1.591474,-2.922902,1.529014,0.023544,-0.614663,0.880000,1.000000,0.540000,0.450000,-0.100000,1.529014
167,1.219585,-1.595021,-2.929049,1.559861,0.028889,-0.698829,0.860000,1.000000,0.540000,0.450000,-0.100000,1.559861
168,1.204399,-1.598593,-2.936037,1.590638,0.035531,-0.777512,0.840000,1.000000,0.540000,0.450000,-0.100000,1.590638
169,1.188900,-1.602188,-2.943812,1.621325,0.043396,-0.850890,0.820000,1.000000,0.540000,0.450000,-0.100000,1.621325
170,1.173088,-1.605799,-2.952321,1.651901,0.052413,-0.919157,0.800000,1.000000,0.540000,0.450000,-0.100000,1.651901
171,1.156962,-1.609422,-2.961513,1.682345,0.062513,-0.982513,0.760000,1.000000,0.540000,0.450000,-0.100000,1.682345
172,1.140523,-1.613050,-2.971338,1.712636,0.073632,-1.041171,0.740000,1.000000,0.560000,0.450000,-0.050000,1.712636
173,1.123769,-1.616678,-2.981750,1.743004,0.087078,-1.036769,0.720000,1.000000,0.560000,0.450000,-0.050000,1.743004
174,1.106700,-1.620312,-2.992117,1.773217,0.100348,-1.031517,0.700000,1.000000,0.560000,0.450000,-0.050000,1.773217
175,1.089315,-1.623945,-3.002433,1.803279,0.113448,-1.025562,0.680000,1.000000,0.560000,0.450000,-0.050000,1.803279
176,1.071613,-1.627569,-3.012688,1.833193,0.126386,-1.019030,0.660000,1.000000,0.580000,0.450000,0.000000,1.833193
177,1.053596,-1.631179,-3.022878,1.863119,0.140611,-0.950316,0.640000,1.000000,0.580000,0.450000,0.000000,1.863119
178,1.035263,-1.634782,-3.032382,1.892986,0.153481,-0.884550,0.640000,1.000000,0.580000,0.450000,0.000000,1.892986
179,1.016613,-1.638371,-3.041227,1.922822,0.165068,-0.821610,0.620000,1.000000,0.580000,0.450000,0.000000,1.922822
180,0.997647,-1.641940,-3.049443,1.952651,0.175439,-0.761360,0.620000,1.000000,0.580000,0.450000,0.000000,1.952651
181,0.978364,-1.645484,-3.057057,1.982489,0.184655,-0.703664,0.600000,1.000000,0.580000,0.450000,0.000000,1.982489
182,0.958766,-1.648998,-3.064093,2.012355,0.192773,-0.648389,0.600000,1.000000,0.600000,0.450000,0.000000,2.012355
183,0.938852,-1.652478,-3.070577,2.042259,0.199842,-0.595409,0.600000,1.000000,0.600000,0.450000,0.000000,2.042259
184,0.918623,-1.655920,-3.076531,2.072213,0.205912,-0.544610,0.600000,1.000000,0.600000,0.450000,0.000000,2.072213
185,0.898079,-1.659322,-3.081978,2.102225,0.211026,-0.495887,0.600000,1.000000,0.600000,0.450000,0.000000,2.102225
186,0.877220,-1.662681,-3.086936,2.132301,0.215226,-0.449147,0.600000,1.000000,0.600000,0.450000,0.000000,2.132301
187,0.856046,-1.665995,-3.091428,2.162446,0.218550,-0.404306,0.600000,1.000000,0.600000,0.400000,0.000000,2.162446
188,0.834558,-1.669262,-3.095471,2.189164,0.221035,-0.361294,0.600000,1.000000,0.600000,0.400000,0.000000,2.189164
189,0.812792,-1.672479,-3.099084,2.215956,0.222694,-0.320006,0.600000,1.000000,0.600000,0.400000,0.000000,2.215956
190,0.790747,-1.675646,-3.102284,2.242824,0.223562,-0.280396,0.600000,1.000000,0.580000,0.400000,0.000000,2.242824
191,0.768424,-1.678761,-3.105088,2.269768,0.223675,-0.242425,0.600000,1.000000,0.580000,0.400000,0.000000,2.269768
192,0.745823,-1.681825,-3.107512,2.296786,0.223066,-0.206061,0.600000,1.000000,0.580000,0.400000,0.000000,2.296786
193,0.722944,-1.684837,-3.109573,2.323876,0.221768,-0.171278,0.620000,1.000000,0.580000,0.400000,0.000000,2.323876
194,0.699789,-1.687797,-3.111286,2.351035,0.219815,-0.138055,0.620000,1.000000,0.580000,0.400000,0.000000,2.351035
195,0.676356,-1.690707,-3.112666,2.378260,0.217237,-0.106376,0.620000,1.000000,0.580000,0.400000,0.000000,2.378260
196,0.652646,-1.693566,-3.113730,2.405546,0.214067,-0.076226,0.620000,1.000000,0.560000,0.400000,-0.050000,2.405546
197,0.628659,-1.696376,-3.114492,2.432689,0.208995,-0.104979,0.640000,1.000000,0.560000,0.400000,-0.050000,2.432689
198,0.604398,-1.699125,-3.115542,2.459769,0.204808,-0.133881,0.640000,1.000000,0.560000,0.400000,-0.050000,2.459769
199,0.579862,-1.701813,-3.116881,2.486787,0.201502,-0.162801,0.640000,1.000000,0.560000,-1.000000,-0.050000,2.486787
200,0.555051,-1.704442,-3.118509,2.415742,0.199072,-0.191612,0.640000,1.000000,0.560000,0.400000,-0.050000,2.415742
201,0.530946,-1.706989,-3.120425,2.442673,0.197143,-0.218856,0.640000,1.000000,0.540000,0.400000,-0.100000,2.442673
202,0.506567,-1.709477,-3.122613,2.469238,0.194835,-0.296648,0.660000,1.000000,0.540000,-1.000000,-0.100000,2.469238
203,0.481916,-1.711894,-3.125580,2.397652,0.194590,-0.373040,0.660000,1.000000,0.540000,0.400000,-0.100000,2.397652
204,0.457974,-1.714224,-3.129310,2.423944,0.195835,-0.445682,0.640000,1.000000,0.540000,0.400000,-0.100000,2.423944
205,0.433760,-1.716480,-3.133767,2.450082,0.198949,-0.516388,0.640000,1.000000,0.540000,0.400000,-0.100000,2.450082
206,0.409276,-1.718661,-3.138931,2.476055,0.203883,-0.584899,0.640000,1.000000,0.540000,-1.000000,-0.100000,2.476055
207,0.384521,-1.720765,-3.144780,2.403850,0.210580,-0.650995,0.640000,1.000000,0.560000,0.400000,-0.050000,2.403850
208,0.360475,-1.722795,-3.151290,2.429797,0.219348,-0.661675,0.640000,1.000000,0.560000,0.400000,-0.050000,2.429797
209,0.336157,-1.724752,-3.157907,2.455649,0.228401,-0.671504,0.620000,1.000000,0.560000,0.400000,-0.050000,2.455649
210,0.311567,-1.726636,-3.164622,2.481405,0.237721,-0.680511,0.620000,1.000000,0.560000,-1.000000,-0.050000,2.481405
211,0.286705,-1.728441,-3.171427,2.409062,0.247290,-0.688726,0.620000,1.000000,0.580000,0.400000,0.000000,2.409062
212,0.262551,-1.730194,-3.178314,2.434864,0.257530,-0.637859,0.600000,1.000000,0.580000,0.400000,0.000000,2.434864
213,0.238124,-1.731874,-3.184693,2.460715,0.266541,-0.588523,0.600000,1.000000,0.580000,0.400000,0.000000,2.460715
214,0.213425,-1.733476,-3.190578,2.486629,0.274368,-0.540678,0.600000,1.000000,0.600000,-1.000000,0.000000,2.486629
215,0.188454,-1.734999,-3.195985,2.414618,0.281051,-0.494284,0.600000,1.000000,0.600000,0.400000,0.000000,2.414618
216,0.164191,-1.736493,-3.200927,2.440731,0.285907,-0.448299,0.580000,1.000000,0.600000,0.400000,0.000000,2.440731
217,0.139657,-1.737899,-3.205410,2.466941,0.289731,-0.403803,0.580000,1.000000,0.620000,-1.000000,0.050000,2.466941
218,0.114853,-1.739217,-3.209449,2.395346,0.293986,-0.299816,0.580000,1.000000,0.620000,0.400000,0.050000,2.395346
219,0.090756,-1.740526,-3.212447,2.422080,0.295174,-0.198908,0.580000,1.000000,0.620000,0.400000,0.050000,2.422080
220,0.066387,-1.741756,-3.214436,2.449097,0.294043,-0.101252,0.580000,1.000000,0.620000,0.400000,0.050000,2.449097
221,0.041747,-1.742906,-3.215448,2.476391,0.290673,-0.006703,0.580000,1.000000,0.620000,-1.000000,0.050000,2.476391
222,0.016836,-1.743978,-3.215515,2.405950,0.285135,0.084837,0.580000,1.000000,0.620000,0.400000,0.050000,2.405950
223,-0.007369,-1.745044,-3.214667,2.433803,0.277329,0.173453,0.580000,1.000000,0.620000,0.400000,0.050000,2.433803
224,-0.031844,-1.746033,-3.212932,2.461878,0.267596,0.259088,0.600000,1.000000,0.600000,-1.000000,0.000000,2.461878
225,-0.056591,-1.746948,-3.210342,2.392054,0.254575,0.280654,0.600000,1.000000,0.600000,0.400000,0.000000,2.392054
226,-0.080630,-1.747844,-3.207535,2.420280,0.241344,0.300855,0.600000,1.000000,0.580000,0.400000,0.000000,2.420280
227,-0.104939,-1.748658,-3.204526,2.448506,0.227915,0.319144,0.600000,1.000000,0.580000,0.400000,0.000000,2.448506
228,-0.129519,-1.749392,-3.201335,2.476722,0.214327,0.335482,0.620000,1.000000,0.580000,-1.000000,0.000000,2.476722
229,-0.154370,-1.750053,-3.197980,2.406917,0.200620,0.349846,0.620000,1.000000,0.560000,0.400000,-0.050000,2.406917
230,-0.178514,-1.750700,-3.194482,2.434925,0.185645,0.305140,0.620000,1.000000,0.560000,0.400000,-0.050000,2.434925
231,-0.202928,-1.751266,-3.191430,2.462796,0.172052,0.259238,0.640000,1.000000,0.540000,-1.000000,-0.150000,2.462796
232,-0.227611,-1.751758,-3.188838,2.391847,0.157658,0.118160,0.640000,1.000000,0.540000,0.400000,-0.150000,2.391847
233,-0.251577,-1.752203,-3.187656,2.418683,0.146992,-0.021644,0.640000,1.000000,0.540000,0.400000,-0.100000,2.418683
234,-0.275806,-1.752558,-3.187873,2.445698,0.140954,-0.116035,0.640000,1.000000,0.540000,0.400000,-0.100000,2.445698
235,-0.300302,-1.752834,-3.189033,2.472580,0.137390,-0.209021,0.640000,1.000000,0.540000,-1.000000,-0.100000,2.472580
236,-0.325065,-1.753034,-3.191123,2.401334,0.136258,-0.300108,0.640000,1.000000,0.540000,0.400000,-0.100000,2.401334
237,-0.349116,-1.753206,-3.194124,2.427997,0.137085,-0.387318,0.640000,1.000000,0.540000,0.400000,-0.100000,2.427997
238,-0.373435,-1.753300,-3.197998,2.454529,0.140113,-0.471889,0.620000,1.000000,0.560000,0.400000,-0.050000,2.454529
239,-0.398020,-1.753315,-3.202716,2.481202,0.146558,-0.498606,0.620000,1.000000,0.560000,-1.000000,-0.050000,2.481202
240,-0.422875,-1.753262,-3.207703,2.409792,0.153672,-0.523896,0.620000,1.000000,0.580000,0.400000,0.000000,2.409792
241,-0.447022,-1.753204,-3.212942,2.436491,0.162193,-0.484996,0.600000,1.000000,0.580000,0.400000,0.000000,2.436491
242,-0.471441,-1.753085,-3.217791,2.463198,0.169740,-0.447054,0.600000,1.000000,0.600000,-1.000000,0.000000,2.463198
243,-0.496130,-1.752902,-3.222262,2.391921,0.176343,-0.410102,0.600000,1.000000,0.600000,0.400000,0.000000,2.391921
244,-0.520114,-1.752732,-3.226363,2.418710,0.181459,-0.372977,0.580000,1.000000,0.580000,0.400000,0.000000,2.418710
245,-0.544368,-1.752492,-3.230093,2.445533,0.185711,-0.337038,0.580000,1.000000,0.560000,0.400000,-0.050000,2.445533
246,-0.568891,-1.752181,-3.233463,2.472218,0.187742,-0.361786,0.580000,1.000000,0.540000,-1.000000,-0.100000,2.472218
247,-0.593682,-1.751782,-3.237081,2.400537,0.189262,-0.437652,0.580000,0.980000,0.520000,-1.000000,-0.200000,2.400537
248,-0.617758,-1.751377,-3.241458,2.327878,0.190400,-0.585537,0.560000,0.960000,0.500000,-1.000000,-0.250000,2.327878
249,-0.641111,-1.750951,-3.247313,2.254461,0.193907,-0.751788,0.640000,0.940000,0.500000,-1.000000,-0.250000,2.254461
250,-0.663734,-1.750500,-3.254831,2.180723,0.200512,-0.909339,0.640000,0.920000,0.520000,-1.000000,-0.150000,2.180723
251,-0.685628,-1.750028,-3.263924,2.107597,0.211052,-0.999779,0.620000,0.900000,0.540000,-1.000000,-0.100000,2.107597
252,-0.706804,-1.749551,-3.273922,2.034596,0.223394,-1.041646,0.620000,0.900000,0.560000,-1.000000,-0.050000,2.034596
253,-0.727267,-1.749081,-3.284338,1.961707,0.236524,-1.029634,0.600000,0.920000,0.600000,0.250000,0.000000,1.961707
254,-0.747021,-1.748632,-3.294635,1.976444,0.249421,-0.960235,0.580000,0.900000,0.640000,0.250000,0.100000,1.976444
255,-0.766935,-1.748084,-3.304237,1.991251,0.263765,-0.767527,0.580000,0.880000,0.640000,-1.000000,0.100000,1.991251
256,-0.787012,-1.747462,-3.311912,1.918952,0.274068,-0.583447,1.000000,0.880000,0.640000,-1.000000,0.100000,1.918952
257,-0.806388,-1.746911,-3.317747,1.847141,0.279729,-0.407438,1.000000,0.860000,0.620000,-1.000000,0.050000,1.847141
258,-0.825064,-1.746428,-3.321821,1.775851,0.279796,-0.302247,1.000000,0.840000,0.600000,-1.000000,0.000000,1.775851
259,-0.843036,-1.745997,-3.324844,1.704737,0.276098,-0.257194,1.000000,0.820000,0.580000,-1.000000,0.000000,1.704737
260,-0.860301,-1.745605,-3.327416,1.633778,0.271224,-0.213391,0.980000,0.820000,0.560000,-1.000000,-0.050000,1.633778
261,-0.876859,-1.745252,-3.329550,1.562690,0.264199,-0.216964,0.960000,0.800000,0.560000,-1.000000,-0.050000,1.562690
262,-0.892704,-1.744928,-3.331719,1.491623,0.256959,-0.219662,0.940000,0.780000,0.540000,-1.000000,-0.100000,1.491623
263,-0.907837,-1.744632,-3.333916,1.420207,0.248630,-0.257937,0.940000,0.780000,0.540000,-1.000000,-0.100000,1.420207
264,-0.922253,-1.744358,-3.336495,1.348729,0.240586,-0.293773,0.920000,0.760000,0.560000,0.000000,-0.050000,1.348729
265,-0.935951,-1.744106,-3.339433,1.347576,0.233561,-0.291189,0.920000,0.760000,0.580000,0.000000,0.000000,1.347576
266,-0.949623,-1.743748,-3.342345,1.346741,0.227746,-0.243881,0.900000,0.740000,0.580000,-1.000000,0.000000,1.346741
267,-0.963274,-1.743294,-3.344784,1.276031,0.221466,-0.198435,0.900000,0.740000,0.560000,-1.000000,-0.050000,1.276031
268,-0.976218,-1.742888,-3.346768,1.205164,0.213195,-0.199661,0.880000,0.720000,0.560000,0.000000,-0.050000,1.205164
269,-0.988452,-1.742520,-3.348765,1.204323,0.204672,-0.199961,0.860000,0.720000,0.540000,0.000000,-0.100000,1.204323
270,-1.000658,-1.742046,-3.350764,1.203132,0.195551,-0.237938,0.860000,0.700000,0.540000,0.000000,-0.100000,1.203132
271,-1.012833,-1.741460,-3.353144,1.201899,0.187141,-0.276372,0.840000,0.700000,0.520000,0.000000,-0.200000,1.201899
272,-1.024977,-1.740766,-3.355907,1.199727,0.178170,-0.369163,0.840000,0.680000,0.520000,0.000000,-0.200000,1.199727
273,-1.037079,-1.739956,-3.359599,1.197435,0.170504,-0.462308,0.820000,0.680000,0.500000,0.000000,-1.000000,1.197435
274,-1.049139,-1.739030,-3.364222,1.188117,0.166079,-0.471112,0.820000,0.660000,0.500000,0.000000,-1.000000,1.188117
275,-1.061093,-1.738027,-3.368933,1.178807,0.161765,-0.482288,0.820000,0.660000,0.480000,0.000000,-1.000000,1.178807
276,-1.072943,-1.736946,-3.373756,1.169502,0.157585,-0.495732,0.800000,0.640000,0.480000,0.000000,-1.000000,1.169502
277,-1.084687,-1.735789,-3.378713,1.160199,0.153563,-0.511310,0.800000,0.640000,0.460000,0.000000,-1.000000,1.160199
278,-1.096325,-1.734556,-3.383826,1.150894,0.149717,-0.528867,0.780000,0.640000,0.500000,0.000000,-0.250000,1.150894
279,-1.107857,-1.733249,-3.389115,1.148034,0.143801,-0.644979,0.780000,0.620000,0.520000,0.000000,-0.150000,1.148034
280,-1.119340,-1.731830,-3.395565,1.146022,0.140466,-0.710117,0.760000,0.620000,0.520000,0.000000,-0.150000,1.146022
281,-1.130785,-1.730311,-3.402666,1.143952,0.137952,-0.773115,0.760000,0.600000,0.500000,0.000000,-0.250000,1.143952
282,-1.142193,-1.728691,-3.410397,1.140858,0.135005,-0.885092,0.760000,0.600000,0.500000,0.000000,-0.250000,1.140858
283,-1.153550,-1.726962,-3.419248,1.137651,0.133342,-0.993582,0.740000,0.580000,0.480000,0.000000,-0.250000,1.137651
284,-1.164857,-1.725126,-3.429184,1.134325,0.132880,-1.097938,0.740000,0.580000,0.480000,0.000000,-0.200000,1.134325
285,-1.176111,-1.723183,-3.440163,1.131372,0.134076,-1.174326,0.740000,0.580000,0.460000,0.000000,-0.300000,1.131372
286,-1.187319,-1.721137,-3.451907,1.127291,0.135098,-1.286305,0.740000,0.560000,0.460000,0.000000,-0.300000,1.127291
287,-1.198466,-1.718981,-3.464770,1.123051,0.137247,-1.392700,0.720000,0.600000,0.460000,0.000000,-0.300000,1.123051
288,-1.209551,-1.716716,-3.478697,1.118640,0.140423,-1.493155,0.720000,0.600000,0.440000,0.000000,-0.600000,1.118640
289,-1.220572,-1.714341,-3.493628,1.111033,0.144365,-1.594284,0.720000,0.580000,0.440000,0.000000,-0.350000,1.111033
290,-1.231499,-1.711865,-3.509571,1.105705,0.149063,-1.692571,0.720000,0.580000,0.420000,0.000000,-0.450000,1.105705
291,-1.242352,-1.709278,-3.526497,1.099119,0.154420,-1.791764,0.720000,0.580000,0.460000,0.000000,-0.250000,1.099119
292,-1.253118,-1.706583,-3.544414,1.094355,0.161374,-1.850021,0.720000,0.580000,0.440000,0.000000,-0.350000,1.094355
293,-1.263819,-1.703777,-3.562915,1.088322,0.168078,-1.928773,0.720000,0.560000,0.440000,0.000000,-0.350000,1.088322
294,-1.274438,-1.700860,-3.582202,1.082023,0.175346,-2.001284,0.720000,0.560000,0.440000,0.000000,-0.350000,1.082023
295,-1.284972,-1.697831,-3.602215,1.075446,0.183091,-2.067812,0.720000,0.560000,0.420000,0.000000,-0.350000,1.075446
296,-1.295420,-1.694691,-3.622893,1.068580,0.191236,-2.128665,0.720000,0.560000,0.420000,0.000000,-0.350000,1.068580
297,-1.305777,-1.691439,-3.644180,1.061416,0.199706,-2.184182,0.740000,0.560000,0.420000,0.000000,-0.350000,1.061416
298,-1.316040,-1.688077,-3.666022,1.053948,0.208434,-2.234720,0.740000,0.540000,0.400000,0.000000,-0.350000,1.053948
299,-1.326207,-1.684604,-3.688369,1.046170,0.217357,-2.280649,0.740000,0.540000,0.440000,0.000000,-0.300000,1.046170
300,-1.336274,-1.681021,-3.711175,1.038590,0.226576,-2.315659,0.760000,0.540000,0.440000,0.000000,-0.300000,1.038590
301,-1.346242,-1.677328,-3.734332,1.030705,0.235812,-2.347482,0.760000,0.540000,0.420000,0.000000,-0.350000,1.030705
302,-1.356108,-1.673526,-3.757807,1.022005,0.244898,-2.382022,0.780000,0.540000,0.420000,0.000000,-0.350000,1.022005
303,-1.365864,-1.669618,-3.781627,1.012993,0.253988,-2.413353,0.780000,0.540000,0.420000,0.000000,-0.350000,1.012993
304,-1.375505,-1.665605,-3.805761,1.003672,0.263042,-2.441781,0.780000,0.540000,0.400000,0.000000,-0.350000,1.003672
305,-1.385030,-1.661490,-3.830178,0.994044,0.272026,-2.467592,0.760000,0.540000,0.440000,0.000000,-0.300000,0.994044
306,-1.394434,-1.657274,-3.854854,0.984617,0.280992,-2.487508,0.760000,0.540000,0.440000,0.000000,-0.300000,0.984617
307,-1.403719,-1.652956,-3.879729,0.974899,0.289795,-2.505874,0.780000,0.540000,0.440000,0.000000,-0.300000,0.974899
308,-1.412880,-1.648540,-3.904788,0.964896,0.298416,-2.522887,0.800000,0.540000,0.440000,0.000000,-0.300000,0.964896
309,-1.421916,-1.644026,-3.930017,0.954613,0.306839,-2.538724,0.820000,0.560000,0.440000,0.000000,-0.300000,0.954613
310,-1.430822,-1.639419,-3.955404,0.944057,0.315049,-2.553544,0.860000,0.560000,0.420000,-0.100000,-0.350000,0.944057
311,-1.439595,-1.634720,-3.980940,0.925736,0.323002,-2.568818,0.880000,0.560000,0.420000,-0.100000,-0.350000,0.925736
312,-1.448182,-1.629988,-4.006628,0.907153,0.330528,-2.582610,0.940000,0.560000,0.420000,-0.050000,-0.350000,0.907153
313,-1.456582,-1.625227,-4.032454,0.891820,0.337608,-2.595132,0.980000,0.580000,0.420000,-0.050000,-0.350000,0.891820
314,-1.464814,-1.620415,-4.058405,0.876253,0.344325,-2.606701,1.000000,0.580000,0.420000,-0.050000,-0.350000,0.876253
315,-1.472878,-1.615555,-4.084472,0.860463,0.350668,-2.617452,1.000000,0.600000,0.420000,-0.050000,-0.350000,0.860463
316,-1.480770,-1.610652,-4.110647,0.844463,0.356624,-2.627509,1.000000,0.600000,0.420000,-0.050000,-0.350000,0.844463
317,-1.488491,-1.605710,-4.136922,0.828263,0.362183,-2.636981,1.000000,0.620000,0.420000,-0.050000,-0.350000,0.828263
318,-1.496037,-1.600732,-4.163292,0.811876,0.367338,-2.645967,1.000000,0.620000,0.420000,-0.050000,-0.350000,0.811876
319,-1.503407,-1.595724,-4.189751,0.795313,0.372080,-2.654553,1.000000,0.640000,0.420000,-0.050000,-0.350000,0.795313
320,-1.510601,-1.590690,-4.216297,0.778587,0.376403,-2.662818,1.000000,0.660000,0.420000,-0.050000,-0.350000,0.778587
321,-1.517618,-1.585634,-4.242925,0.761710,0.380300,-2.670830,1.000000,0.660000,0.420000,0.000000,-0.350000,0.761710
322,-1.524455,-1.580562,-4.269633,0.748192,0.383765,-2.678653,1.000000,0.660000,0.440000,0.000000,-0.300000,0.748192
323,-1.531128,-1.575445,-4.296420,0.735036,0.386835,-2.688922,1.000000,0.640000,0.440000,-0.050000,-0.300000,0.735036
324,-1.537637,-1.570285,-4.323309,0.718253,0.389594,-2.699292,1.000000,0.660000,0.440000,0.000000,-0.300000,0.718253
325,-1.543966,-1.565117,-4.350302,0.704851,0.391936,-2.709803,1.000000,0.700000,0.440000,0.000000,-0.300000,0.704851
326,-1.550128,-1.559914,-4.377400,0.691340,0.393961,-2.720458,1.000000,0.740000,0.460000,0.000000,-0.250000,0.691340
327,-1.556122,-1.554680,-4.404605,0.678219,0.395635,-2.732562,1.000000,0.780000,0.460000,0.050000,-0.250000,0.678219
328,-1.561947,-1.549415,-4.431930,0.668502,0.397004,-2.745010,1.000000,0.840000,0.460000,0.200000,-0.250000,0.668502
329,-1.567612,-1.544090,-4.459380,0.669195,0.398170,-2.757721,1.000000,0.920000,0.480000,0.300000,-0.200000,0.669195
330,-1.573142,-1.538608,-4.486958,0.677296,0.399449,-2.769915,1.000000,1.000000,0.500000,0.450000,-0.200000,0.677296
331,-1.578550,-1.532899,-4.514657,0.695814,0.401047,-2.781868,1.000000,1.000000,0.500000,0.450000,-0.200000,0.695814
332,-1.583849,-1.526865,-4.542476,0.714243,0.403276,-2.793240,1.000000,1.000000,0.520000,0.450000,-0.150000,0.714243
333,-1.589031,-1.520507,-4.570408,0.733054,0.406214,-2.800510,0.740000,1.000000,0.540000,0.450000,-0.100000,0.733054
334,-1.594090,-1.513825,-4.598413,0.752235,0.409927,-2.800289,0.680000,1.000000,0.560000,0.450000,-0.050000,0.752235
335,-1.599018,-1.506818,-4.626416,0.771773,0.414462,-2.788642,0.620000,1.000000,0.580000,0.450000,0.000000,0.771773
336,-1.603810,-1.499484,-4.654302,0.791665,0.419848,-2.761037,0.580000,1.000000,0.580000,0.450000,0.000000,0.791665
337,-1.608461,-1.491825,-4.681913,0.811519,0.425602,-2.732983,0.540000,1.000000,0.560000,0.450000,-0.050000,0.811519
338,-1.612962,-1.483843,-4.709243,0.830900,0.431336,-2.720311,0.520000,1.000000,0.560000,0.450000,-0.050000,0.830900
339,-1.617302,-1.475548,-4.736446,0.850177,0.437517,-2.707415,0.480000,1.000000,0.600000,0.450000,0.000000,0.850177
340,-1.621471,-1.466943,-4.763520,0.869770,0.444506,-2.678470,0.460000,1.000000,0.640000,0.450000,0.100000,0.869770
341,-1.625466,-1.458030,-4.790304,0.890009,0.452920,-2.601143,0.440000,1.000000,0.680000,0.450000,0.200000,0.890009
342,-1.629289,-1.448804,-4.816316,0.910742,0.462936,-2.449886,0.420000,1.000000,0.740000,0.450000,0.300000,0.910742
343,-1.632948,-1.439265,-4.840815,0.931766,0.474436,-2.200182,0.420000,1.000000,0.800000,0.450000,0.400000,0.931766
344,-1.636460,-1.429417,-4.862817,0.952935,0.486730,-1.840203,0.400000,1.000000,0.880000,0.450000,0.550000,0.952935
345,-1.639844,-1.419266,-4.881219,0.973510,0.499592,-1.330744,0.400000,1.000000,0.940000,0.450000,0.700000,0.973510
346,-1.643134,-1.408830,-4.894526,0.994101,0.509777,-0.742105,0.400000,1.000000,1.000000,0.450000,0.800000,0.994101
347,-1.646346,-1.398130,-4.901947,1.016237,0.514794,-0.139154,0.400000,1.000000,0.980000,0.450000,0.750000,1.016237
348,-1.649487,-1.387179,-4.903339,1.042229,0.513612,0.448894,0.400000,1.000000,0.980000,0.450000,0.750000,1.042229
349,-1.652552,-1.375972,-4.898850,1.071260,0.506391,1.032157,0.400000,1.000000,0.960000,0.450000,0.700000,1.071260
350,-1.655542,-1.364506,-4.888528,1.103951,0.492556,1.594885,0.420000,1.000000,0.920000,0.450000,0.650000,1.103951
351,-1.658457,-1.352774,-4.872579,1.139972,0.471912,2.131267,0.440000,1.000000,0.820000,0.450000,0.450000,1.139972
352,-1.661297,-1.340768,-4.851267,1.181255,0.440913,2.488461,0.460000,1.000000,0.740000,0.450000,0.300000,1.181255
353,-1.664029,-1.328458,-4.826382,1.224571,0.401717,2.680818,0.480000,1.000000,0.640000,0.450000,-1.000000,1.224571
354,-1.666627,-1.315835,-4.799574,1.258277,0.357267,2.751204,0.520000,1.000000,0.580000,0.450000,-1.000000,1.258277
355,-1.669091,-1.302989,-4.772062,1.291038,0.311626,2.792574,0.560000,1.000000,0.520000,0.450000,-1.000000,1.291038
356,-1.671431,-1.289916,-4.744136,1.322668,0.265288,2.798112,0.700000,1.000000,0.460000,0.450000,-1.000000,1.322668
357,-1.673663,-1.276612,-4.716155,1.353014,0.218864,2.761509,0.760000,1.000000,0.420000,0.450000,-1.000000,1.353014
358,-1.675801,-1.263073,-4.688540,1.381979,0.173051,2.678211,0.820000,1.000000,0.400000,0.450000,-1.000000,1.381979
359,-1.677860,-1.249299,-4.661758,1.409534,0.128591,2.546494,1.000000,1.000000,0.360000,0.450000,-1.000000,1.409534
360,-1.679858,-1.235287,-4.636293,1.435729,0.086223,2.367841,1.000000,1.000000,0.340000,0.450000,-1.000000,1.435729
361,-1.681809,-1.221036,-4.612614,1.460692,0.046640,2.146491,1.000000,0.960000,0.340000,0.350000,-1.000000,1.460692
362,-1.683728,-1.206549,-4.591149,1.477619,0.010463,1.888466,1.000000,0.820000,0.320000,0.100000,-1.000000,1.477619
363,-1.685619,-1.191894,-4.572265,1.476248,-0.021632,1.600292,1.000000,0.820000,0.320000,0.100000,-1.000000,1.476248
364,-1.687467,-1.177246,-4.556262,1.474343,-0.048936,1.287846,1.000000,0.800000,0.300000,0.000000,-1.000000,1.474343
365,-1.689276,-1.162605,-4.543383,1.465166,-0.071226,0.957637,1.000000,0.780000,0.300000,-1.000000,-1.000000,1.465166
366,-1.691038,-1.148043,-4.533807,1.385950,-0.088297,0.615315,1.000000,0.720000,0.280000,-1.000000,-1.000000,1.385950
367,-1.692631,-1.134247,-4.527654,1.306903,-0.099609,0.261169,1.000000,0.700000,0.280000,-1.000000,-1.000000,1.306903
368,-1.694053,-1.121217,-4.525042,1.228169,-0.105666,-0.099138,1.000000,0.680000,0.260000,0.000000,-1.000000,1.228169
369,-1.695302,-1.108954,-4.526034,1.219828,-0.107068,-0.459937,1.000000,0.680000,0.260000,0.000000,-1.000000,1.219828
370,-1.696510,-1.096768,-4.530633,1.211884,-0.104314,-0.808799,1.000000,0.680000,0.260000,0.000000,-1.000000,1.211884
371,-1.697674,-1.084660,-4.538721,1.204297,-0.097714,-1.140571,1.000000,0.720000,0.260000,0.000000,-1.000000,1.204297
372,-1.698793,-1.072630,-4.550127,1.196985,-0.087631,-1.450252,1.000000,0.720000,0.260000,0.000000,-1.000000,1.196985
373,-1.699862,-1.060675,-4.564629,1.189831,-0.074474,-1.733202,1.000000,0.700000,0.260000,0.000000,-1.000000,1.189831
374,-1.700877,-1.048797,-4.581961,1.182695,-0.058688,-1.985448,1.000000,0.700000,0.260000,0.000000,-1.000000,1.182695
375,-1.701833,-1.036994,-4.601816,1.175431,-0.040740,-2.204033,1.000000,0.720000,0.280000,0.000000,-1.000000,1.175431
376,-1.702725,-1.025267,-4.623856,1.167895,-0.021100,-2.387297,1.000000,0.880000,0.280000,0.250000,-1.000000,1.167895
377,-1.703548,-1.013615,-4.647729,1.177458,-0.000226,-2.534998,1.000000,0.860000,0.300000,0.250000,-1.000000,1.177458
378,-1.704306,-1.001865,-4.673079,1.186513,0.021930,-2.649839,1.000000,0.940000,0.320000,0.350000,-1.000000,1.186513
379,-1.704992,-0.990018,-4.699577,1.201970,0.045037,-2.734021,1.000000,1.000000,0.340000,0.450000,-1.000000,1.201970
380,-1.705596,-0.978005,-4.726918,1.223763,0.068997,-2.791112,0.920000,1.000000,0.360000,0.450000,-0.550000,1.223763
381,-1.706108,-0.965758,-4.754829,1.248453,0.091371,-2.927056,0.860000,1.000000,0.400000,0.450000,-0.350000,1.248453
382,-1.706492,-0.953246,-4.784099,1.274474,0.116133,-3.022809,0.800000,1.000000,0.420000,0.450000,-0.350000,1.274474
383,-1.706737,-0.940451,-4.814327,1.299594,0.142317,-3.106329,0.760000,1.000000,0.480000,0.450000,-0.200000,1.299594
384,-1.706830,-0.927378,-4.845391,1.325299,0.171402,-3.111830,0.720000,1.000000,0.540000,0.450000,-0.100000,1.325299
385,-1.706771,-0.914014,-4.876509,1.350860,0.202571,-3.036917,0.600000,1.000000,0.600000,0.450000,0.000000,1.350860
386,-1.706563,-0.900356,-4.906878,1.376052,0.235248,-2.864213,0.560000,1.000000,0.580000,0.450000,0.000000,1.376052
387,-1.706212,-0.886401,-4.935520,1.400653,0.265386,-2.711726,0.540000,1.000000,0.600000,0.450000,0.000000,1.400653
388,-1.705700,-0.872154,-4.962637,1.424789,0.293331,-2.576207,0.520000,1.000000,0.760000,0.450000,0.350000,1.424789
389,-1.705014,-0.857624,-4.988400,1.446715,0.328770,-2.052824,0.500000,1.000000,0.740000,0.450000,0.300000,1.446715
390,-1.704234,-0.842808,-5.008928,1.470275,0.355334,-1.600954,0.480000,1.000000,0.720000,0.450000,0.250000,1.470275
391,-1.703336,-0.827709,-5.024937,1.495575,0.373709,-1.232538,0.480000,1.000000,1.000000,0.450000,0.800000,1.495575
392,-1.702294,-0.812328,-5.037263,1.515640,0.392151,-0.643467,0.460000,1.000000,1.000000,0.450000,0.800000,1.515640
393,-1.701172,-0.796713,-5.043697,1.537837,0.401903,-0.058815,0.460000,1.000000,1.000000,0.450000,0.800000,1.537837
394,-1.699970,-0.780864,-5.044286,1.562354,0.402880,0.518859,0.460000,1.000000,1.000000,0.450000,0.800000,1.562354
395,-1.698689,-0.764780,-5.039097,1.589213,0.395011,1.086614,0.460000,1.000000,1.000000,0.450000,0.800000,1.589213
396,-1.697330,-0.748461,-5.028231,1.618269,0.378255,1.640716,0.460000,1.000000,1.000000,0.450000,0.800000,1.618269
397,-1.695898,-0.731904,-5.011824,1.649216,0.352628,2.176175,0.460000,1.000000,0.880000,0.450000,0.550000,1.649216
398,-1.694403,-0.715105,-4.990062,1.684413,0.317970,2.674736,0.540000,1.000000,0.640000,0.450000,-1.000000,1.684413
399,-1.692844,-0.698035,-4.963315,1.715751,0.263369,2.644783,0.560000,1.000000,0.620000,0.450000,-1.000000,1.715751
400,-1.691135,-0.680761,-4.936867,1.745546,0.209313,2.572795,0.580000,1.000000,0.600000,0.450000,-1.000000,1.745546
401,-1.689290,-0.663277,-4.911139,1.773757,0.156646,2.456360,0.600000,1.000000,0.580000,0.450000,-1.000000,1.773757
402,-1.687323,-0.645579,-4.886575,1.800429,0.106238,2.295594,0.640000,1.000000,0.520000,0.450000,-1.000000,1.800429
403,-1.685249,-0.627664,-4.863619,1.825693,0.058936,2.093107,0.660000,1.000000,0.480000,0.450000,-1.000000,1.825693
404,-1.683081,-0.609526,-4.842688,1.849752,0.015526,1.853456,0.760000,1.000000,0.440000,0.450000,-1.000000,1.849752
405,-1.680832,-0.591165,-4.824154,1.872868,-0.023298,1.582382,0.780000,1.000000,0.420000,0.450000,-1.000000,1.872868
406,-1.678511,-0.572579,-4.808330,1.895329,-0.056944,1.286100,0.800000,1.000000,0.400000,0.450000,-1.000000,1.895329
407,-1.676129,-0.553768,-4.795469,1.917430,-0.084927,0.970811,0.820000,1.000000,0.380000,0.450000,-1.000000,1.917430
408,-1.673692,-0.534730,-4.785761,1.939441,-0.106869,0.642455,0.840000,1.000000,0.380000,0.450000,-1.000000,1.939441
409,-1.671204,-0.515466,-4.779336,1.961591,-0.122493,0.306628,0.840000,1.000000,0.380000,0.450000,-1.000000,1.961591
410,-1.668670,-0.495976,-4.776270,1.984051,-0.131619,-0.031387,0.840000,1.000000,0.380000,0.450000,-1.000000,1.984051
411,-1.666090,-0.476260,-4.776584,2.006926,-0.134159,-0.366546,0.840000,1.000000,0.400000,0.450000,-1.000000,2.006926
412,-1.663463,-0.456318,-4.780249,2.030247,-0.130120,-0.693969,0.820000,1.000000,0.400000,0.450000,-1.000000,2.030247
413,-1.660788,-0.436151,-4.787189,2.053972,-0.119604,-1.008900,0.800000,1.000000,0.420000,0.450000,-1.000000,2.053972
414,-1.658061,-0.415758,-4.797278,2.077991,-0.102807,-1.306725,0.780000,1.000000,0.400000,0.450000,-1.000000,2.077991
415,-1.655274,-0.395140,-4.810345,2.102136,-0.080025,-1.583063,0.760000,1.000000,0.380000,0.450000,-1.000000,2.102136
416,-1.652422,-0.374298,-4.826176,2.126192,-0.051646,-1.833943,0.740000,1.000000,0.360000,0.450000,-1.000000,2.126192
417,-1.649495,-0.353232,-4.844515,2.149912,-0.018151,-2.056037,0.700000,1.000000,0.380000,0.450000,-0.450000,2.149912
418,-1.646483,-0.331944,-4.865076,2.177766,0.017759,-2.338635,0.660000,1.000000,0.440000,0.400000,-0.300000,2.177766
419,-1.643346,-0.310393,-4.888462,2.202938,0.060727,-2.544504,0.640000,1.000000,0.500000,0.400000,-0.200000,2.202938
420,-1.640085,-0.288598,-4.913907,2.227926,0.109406,-2.660419,0.600000,1.000000,0.600000,0.400000,0.000000,2.227926
421,-1.636698,-0.266550,-4.940511,2.252592,0.165358,-2.539862,0.580000,1.000000,0.760000,0.400000,0.350000,2.252592
422,-1.633214,-0.244234,-4.965910,2.273474,0.225890,-2.078903,0.560000,1.000000,0.920000,0.400000,0.650000,2.273474
423,-1.629699,-0.221659,-4.986699,2.290738,0.276545,-1.570552,0.540000,1.000000,0.900000,0.400000,0.600000,2.290738
424,-1.626156,-0.198859,-5.002404,2.308920,0.315568,-1.047004,0.520000,1.000000,1.000000,0.400000,0.800000,2.308920
425,-1.622577,-0.175832,-5.012874,2.326312,0.341907,-0.544130,0.500000,1.000000,1.000000,0.400000,0.800000,2.326312
426,-1.618957,-0.152599,-5.018316,2.345169,0.356636,-0.039200,0.500000,1.000000,1.000000,0.400000,0.800000,2.345169
427,-1.615295,-0.129162,-5.018708,2.365760,0.359651,0.462682,0.480000,0.980000,1.000000,-1.000000,0.800000,2.365760
428,-1.611590,-0.105521,-5.014081,2.290158,0.350946,0.956443,0.480000,1.000000,1.000000,0.400000,0.800000,2.290158
429,-1.608136,-0.082611,-5.004516,2.314294,0.331410,1.442742,0.480000,1.000000,1.000000,0.400000,0.800000,2.314294
430,-1.604645,-0.059494,-4.990089,2.339837,0.300805,1.909423,0.500000,1.000000,1.000000,0.400000,0.800000,2.339837
431,-1.601123,-0.036168,-4.970995,2.366314,0.259487,2.349709,0.500000,1.000000,0.880000,0.400000,0.550000,2.366314
432,-1.597580,-0.012628,-4.947498,2.395583,0.208454,2.776144,0.520000,1.000000,0.740000,0.400000,0.300000,2.395583
433,-1.594027,0.011154,-4.919736,2.427405,0.145078,3.060102,0.540000,1.000000,0.720000,0.400000,0.250000,2.427405
434,-1.590449,0.035207,-4.889135,2.458254,0.074433,3.272351,0.560000,1.000000,0.720000,0.400000,0.250000,2.458254
435,-1.586860,0.059538,-4.856412,2.486932,-0.000677,3.457738,0.580000,1.000000,0.660000,-1.000000,-1.000000,2.486932
436,-1.583284,0.084148,-4.821834,2.407999,-0.090494,3.151819,0.620000,1.000000,0.580000,0.400000,-1.000000,2.407999
437,-1.579754,0.107986,-4.790316,2.424287,-0.169117,2.793448,0.640000,1.000000,0.520000,0.400000,-1.000000,2.424287
438,-1.576181,0.132023,-4.762382,2.438713,-0.238786,2.398127,0.680000,1.000000,0.480000,0.400000,-1.000000,2.438713
439,-1.572577,0.156260,-4.738400,2.452151,-0.298624,1.975039,0.720000,1.000000,0.460000,0.400000,-1.000000,2.452151
440,-1.568954,0.180696,-4.718650,2.465430,-0.347976,1.531989,0.740000,1.000000,0.440000,-1.000000,-1.000000,2.465430
441,-1.565320,0.205328,-4.703330,2.381288,-0.386369,1.075481,0.880000,1.000000,0.440000,0.400000,-1.000000,2.381288
442,-1.561672,0.229175,-4.692575,2.396378,-0.412279,0.604500,0.900000,1.000000,0.420000,0.400000,-1.000000,2.396378
443,-1.558025,0.253216,-4.686530,2.413139,-0.426996,0.130945,0.920000,1.000000,0.420000,0.400000,-1.000000,2.413139
444,-1.554381,0.277449,-4.685221,2.431836,-0.430410,-0.340841,0.900000,1.000000,0.440000,0.400000,-1.000000,2.431836
445,-1.550739,0.301876,-4.688629,2.452558,-0.422495,-0.806500,0.880000,1.000000,0.440000,0.400000,-1.000000,2.452558
446,-1.547098,0.326495,-4.696694,2.475211,-0.403310,-1.261357,0.860000,1.000000,0.460000,-1.000000,-0.300000,2.475211
447,-1.543453,0.351307,-4.709308,2.408699,-0.371204,-1.622550,0.820000,1.000000,0.480000,0.400000,-0.200000,2.408699
448,-1.539816,0.375405,-4.725533,2.442054,-0.328942,-1.855103,0.780000,1.000000,0.460000,0.400000,-0.250000,2.442054
449,-1.536205,0.399781,-4.744084,2.474945,-0.282926,-2.141193,0.740000,1.000000,0.440000,-1.000000,-0.300000,2.474945
450,-1.532593,0.424428,-4.765496,2.409129,-0.231510,-2.463845,0.680000,1.000000,0.460000,0.400000,-0.250000,2.409129
451,-1.529003,0.448362,-4.790135,2.441432,-0.173624,-2.716696,0.640000,1.000000,0.520000,0.400000,-0.150000,2.441432
452,-1.525375,0.472568,-4.817302,2.473424,-0.107559,-2.834660,0.600000,1.000000,0.580000,-1.000000,0.000000,2.473424
453,-1.521716,0.497054,-4.845648,2.405951,-0.034928,-2.744696,0.480000,1.000000,0.680000,0.400000,0.200000,2.405951
454,-1.518173,0.520854,-4.873095,2.433160,0.036512,-2.441452,0.440000,1.000000,0.780000,0.400000,0.350000,2.433160
455,-1.514640,0.544930,-4.897510,2.457060,0.101700,-2.045885,0.420000,1.000000,0.780000,0.400000,0.350000,2.457060
456,-1.511117,0.569268,-4.917969,2.479879,0.156770,-1.631989,0.400000,1.000000,0.780000,-1.000000,0.350000,2.479879
457,-1.507589,0.593865,-4.934288,2.404326,0.201240,-1.207974,0.400000,1.000000,0.820000,0.400000,0.450000,2.404326
458,-1.504261,0.617761,-4.946368,2.425901,0.234324,-0.741978,0.380000,1.000000,0.800000,0.400000,0.400000,2.425901
459,-1.500916,0.641903,-4.953788,2.448822,0.255654,-0.290211,0.380000,1.000000,0.780000,0.400000,0.350000,2.448822
460,-1.497544,0.666292,-4.956690,2.473391,0.265299,0.131652,0.360000,1.000000,0.800000,-1.000000,0.400000,2.473391
461,-1.494135,0.690933,-4.955374,2.400489,0.265145,0.570721,0.440000,1.000000,0.800000,0.400000,0.400000,2.400489
462,-1.490933,0.714871,-4.949666,2.426830,0.254515,1.001124,0.440000,1.000000,0.800000,0.400000,0.400000,2.426830
463,-1.487703,0.739057,-4.939655,2.454191,0.233616,1.416241,0.440000,1.000000,0.740000,0.400000,0.300000,2.454191
464,-1.484449,0.763495,-4.925493,2.483455,0.201304,1.749798,0.440000,1.000000,0.700000,-1.000000,0.200000,2.483455
465,-1.481164,0.788193,-4.907995,2.415863,0.158815,1.967889,0.440000,1.000000,0.660000,0.400000,0.150000,2.415863
466,-1.478027,0.812200,-4.888316,2.446211,0.111799,2.110715,0.460000,0.940000,0.640000,-1.000000,0.050000,2.446211
467,-1.474846,0.836480,-4.867209,2.378092,0.058940,2.112098,0.460000,0.920000,0.640000,-1.000000,0.050000,2.378092
468,-1.471761,0.860067,-4.846088,2.308855,0.008852,2.103899,0.480000,0.880000,0.620000,-1.000000,-1.000000,2.308855
469,-1.468771,0.882962,-4.825049,2.230209,-0.044209,1.830329,1.000000,0.820000,0.600000,-1.000000,-1.000000,2.230209
470,-1.465825,0.905073,-4.806745,2.150608,-0.088820,1.523607,0.980000,0.800000,0.580000,-1.000000,-0.050000,2.150608
471,-1.462914,0.926399,-4.791509,2.078815,-0.120340,1.380313,0.960000,0.800000,0.560000,-1.000000,-1.000000,2.078815
472,-1.460072,0.947027,-4.777706,1.998439,-0.151779,1.023878,0.940000,0.780000,0.560000,-1.000000,-0.100000,1.998439
473,-1.457253,0.966870,-4.767467,1.926424,-0.170441,0.826848,0.900000,0.720000,0.540000,-1.000000,-1.000000,1.926424
474,-1.454490,0.986011,-4.759199,1.846373,-0.188442,0.438992,0.880000,0.700000,0.520000,-1.000000,-1.000000,1.846373
475,-1.451744,1.004367,-4.754809,1.766943,-0.198416,0.041865,0.880000,0.680000,0.500000,-1.000000,-1.000000,1.766943
476,-1.449012,1.021936,-4.754390,1.688293,-0.200931,-0.359043,0.860000,0.680000,0.500000,-1.000000,-1.000000,1.688293
477,-1.446296,1.038720,-4.757981,1.610481,-0.196667,-0.758279,0.840000,0.660000,0.480000,-1.000000,-0.250000,1.610481
478,-1.443597,1.054718,-4.765564,1.540909,-0.184371,-1.063717,0.840000,0.640000,0.460000,-1.000000,-0.300000,1.540909
479,-1.440937,1.070007,-4.776201,1.471318,-0.169231,-1.401685,0.820000,0.680000,0.460000,-1.000000,-0.300000,1.471318
480,-1.438310,1.084583,-4.790218,1.402177,-0.150177,-1.718131,0.820000,0.660000,0.500000,-1.000000,-0.200000,1.402177
481,-1.435723,1.098445,-4.807399,1.334234,-0.125624,-1.900690,0.800000,0.660000,0.500000,-1.000000,-0.200000,1.334234
482,-1.433206,1.111608,-4.826406,1.266073,-0.100631,-2.061660,0.800000,0.680000,0.500000,-1.000000,-0.200000,1.266073
483,-1.430766,1.124072,-4.847022,1.197565,-0.075855,-2.198606,0.800000,0.680000,0.480000,0.000000,-0.200000,1.197565
484,-1.428407,1.135838,-4.869009,1.198606,-0.051917,-2.309539,0.800000,0.660000,0.520000,0.000000,-0.150000,1.198606
485,-1.426025,1.147596,-4.892104,1.199448,-0.026480,-2.342283,0.800000,0.660000,0.500000,0.000000,-0.200000,1.199448
486,-1.423620,1.159350,-4.915527,1.199235,-0.003318,-2.422290,0.800000,0.660000,0.480000,0.000000,-0.200000,1.199235
487,-1.421168,1.171089,-4.939750,1.198395,0.019668,-2.487240,0.800000,0.700000,0.520000,0.000000,-0.150000,1.198395
488,-1.418659,1.182809,-4.964622,1.197310,0.043582,-2.486380,0.800000,0.680000,0.500000,0.000000,-0.200000,1.197310
489,-1.416093,1.194512,-4.989486,1.195129,0.065205,-2.529876,0.800000,0.680000,0.500000,0.000000,-0.200000,1.195129
490,-1.413450,1.206186,-5.014785,1.192309,0.086420,-2.563997,0.800000,0.680000,0.520000,0.000000,-0.150000,1.192309
491,-1.410725,1.217825,-5.040425,1.189293,0.108199,-2.546548,0.820000,0.680000,0.520000,0.000000,-0.150000,1.189293
492,-1.407917,1.229433,-5.065890,1.185674,0.128870,-2.527927,0.820000,0.660000,0.500000,0.000000,-0.200000,1.185674
493,-1.405021,1.241002,-5.091169,1.181044,0.147616,-2.546639,0.820000,0.660000,0.540000,0.000000,-0.100000,1.181044
494,-1.402026,1.252521,-5.116636,1.176707,0.167770,-2.481532,0.820000,0.660000,0.520000,0.000000,-0.150000,1.176707
495,-1.398940,1.264000,-5.141451,1.171525,0.185394,-2.463256,0.840000,0.660000,0.560000,0.000000,-0.050000,1.171525
496,-1.395752,1.275425,-5.166084,1.166630,0.204191,-2.359249,0.840000,0.660000,0.560000,0.000000,-0.050000,1.166630
497,-1.392474,1.286806,-5.189676,1.161462,0.221013,-2.265285,0.860000,0.660000,0.540000,-0.050000,-0.100000,1.161462
498,-1.389102,1.298138,-5.212329,1.152236,0.235101,-2.221831,0.860000,0.640000,0.540000,-0.050000,-0.100000,1.152236
499,-1.385642,1.309377,-5.234547,1.142769,0.248084,-2.181795,0.860000,0.640000,0.540000,-0.050000,-0.100000,1.142769
500,-1.382092,1.320519,-5.256365,1.133093,0.260050,-2.144891,0.880000,0.640000,0.520000,-0.050000,-0.150000,1.133093
501,-1.378453,1.331560,-5.277814,1.122797,0.270433,-2.138259,0.880000,0.640000,0.560000,-0.050000,-0.050000,1.122797
502,-1.374721,1.342490,-5.299197,1.113103,0.281690,-2.072125,0.900000,0.640000,0.560000,-0.050000,-0.050000,1.113103
503,-1.370903,1.353318,-5.319918,1.103345,0.291686,-2.011441,0.900000,0.640000,0.540000,-0.050000,-0.100000,1.103345
504,-1.367000,1.364042,-5.340032,1.093152,0.299826,-1.985807,0.920000,0.640000,0.540000,-0.050000,-0.100000,1.093152
505,-1.363007,1.374651,-5.359890,1.082861,0.307288,-1.962060,0.940000,0.640000,0.540000,-0.050000,-0.100000,1.082861
506,-1.358926,1.385142,-5.379511,1.072486,0.314112,-1.940056,0.940000,0.640000,0.520000,-0.100000,-0.150000,1.072486
507,-1.354758,1.395511,-5.398912,1.058084,0.319872,-1.939545,0.960000,0.640000,0.520000,-0.100000,-0.150000,1.058084
508,-1.350526,1.405722,-5.418307,1.043564,0.325213,-1.939216,0.980000,0.640000,0.520000,-0.100000,-0.150000,1.043564
509,-1.346231,1.415773,-5.437699,1.028933,0.330143,-1.939107,1.000000,0.640000,0.520000,-0.100000,-0.150000,1.028933
510,-1.341876,1.425663,-5.457090,1.014200,0.334671,-1.939249,1.000000,0.640000,0.500000,-0.100000,-0.200000,1.014200
511,-1.337463,1.435388,-5.476483,0.998890,0.338532,-1.951299,1.000000,0.640000,0.500000,-0.100000,-0.200000,0.998890
512,-1.332996,1.444943,-5.495996,0.983458,0.342127,-1.962922,1.000000,0.640000,0.500000,-0.100000,-0.200000,0.983458
513,-1.328478,1.454324,-5.515625,0.967910,0.345449,-1.974187,1.000000,0.640000,0.500000,-0.100000,-0.200000,0.967910
514,-1.323911,1.463531,-5.535367,0.952253,0.348494,-1.985156,1.000000,0.640000,0.500000,-0.100000,-0.200000,0.952253
515,-1.319299,1.472562,-5.555218,0.936492,0.351257,-1.995885,1.000000,0.640000,0.480000,-0.100000,-0.200000,0.936492
516,-1.314645,1.481415,-5.575177,0.920634,0.353734,-2.006425,1.000000,0.640000,0.480000,-0.050000,-0.200000,0.920634
517,-1.309952,1.490089,-5.595242,0.908184,0.355921,-2.016823,1.000000,0.660000,0.480000,-0.050000,-0.200000,0.908184
518,-1.305196,1.498605,-5.615410,0.895650,0.357897,-2.027137,1.000000,0.660000,0.480000,-0.050000,-0.200000,0.895650
519,-1.300379,1.506962,-5.635681,0.883034,0.359659,-2.037392,1.000000,0.660000,0.480000,-0.050000,-0.200000,0.883034
520,-1.295506,1.515157,-5.656055,0.870343,0.361205,-2.047613,1.000000,0.680000,0.480000,-0.050000,-0.200000,0.870343
521,-1.290578,1.523189,-5.676531,0.857580,0.362532,-2.057820,1.000000,0.680000,0.480000,-0.050000,-0.200000,0.857580
522,-1.285599,1.531057,-5.697109,0.844750,0.363639,-2.068032,1.000000,0.680000,0.480000,-0.050000,-0.200000,0.844750
523,-1.280573,1.538759,-5.717790,0.831857,0.364522,-2.078267,1.000000,0.700000,0.480000,-0.050000,-0.200000,0.831857
524,-1.275502,1.546293,-5.738572,0.818905,0.365182,-2.088540,1.000000,0.720000,0.480000,0.000000,-0.200000,0.818905
525,-1.270390,1.553659,-5.759458,0.809399,0.365615,-2.098863,1.000000,0.720000,0.480000,0.000000,-0.200000,0.809399
526,-1.265209,1.560873,-5.780446,0.799845,0.365905,-2.109214,1.000000,0.740000,0.480000,0.000000,-0.200000,0.799845
527,-1.259963,1.567933,-5.801539,0.790245,0.366048,-2.119596,1.000000,0.760000,0.480000,0.050000,-0.200000,0.790245
528,-1.254655,1.574838,-5.822734,0.784102,0.366044,-2.130016,1.000000,0.780000,0.480000,0.050000,-0.200000,0.784102
529,-1.249258,1.581602,-5.844035,0.777920,0.365975,-2.140428,1.000000,0.800000,0.480000,0.100000,-0.200000,0.777920
530,-1.243773,1.588222,-5.865439,0.775201,0.365839,-2.150834,1.000000,0.820000,0.480000,0.150000,-0.200000,0.775201
531,-1.238171,1.594710,-5.886947,0.775946,0.365720,-2.161183,1.000000,0.860000,0.480000,0.250000,-0.200000,0.775946
532,-1.232425,1.601079,-5.908559,0.783657,0.365700,-2.171424,1.000000,0.880000,0.500000,0.250000,-0.200000,0.783657
533,-1.226470,1.607350,-5.930273,0.791332,0.365949,-2.181463,1.000000,0.920000,0.500000,0.300000,-0.200000,0.791332
534,-1.220309,1.613519,-5.952088,0.802467,0.366464,-2.191329,1.000000,0.960000,0.500000,0.350000,-0.200000,0.802467
535,-1.213911,1.619593,-5.974001,0.817056,0.367330,-2.201006,1.000000,1.000000,0.500000,0.450000,-0.200000,0.817056
536,-1.207246,1.625579,-5.996011,0.838593,0.368630,-2.210494,1.000000,1.000000,0.520000,0.450000,-0.150000,0.838593
537,-1.200248,1.631489,-6.018116,0.860555,0.370694,-2.213027,1.000000,1.000000,0.520000,0.450000,-0.150000,0.860555
538,-1.192914,1.637321,-6.040247,0.882464,0.373321,-2.215209,0.660000,1.000000,0.520000,0.450000,-0.150000,0.882464
539,-1.185246,1.643067,-6.062399,0.904308,0.376503,-2.217161,0.600000,1.000000,0.540000,0.450000,-0.100000,0.904308
540,-1.177247,1.648722,-6.084570,0.926544,0.380503,-2.207358,0.540000,1.000000,0.540000,0.450000,-0.100000,0.926544
541,-1.168915,1.654280,-6.106644,0.948728,0.384949,-2.197457,0.500000,1.000000,0.560000,0.450000,-0.050000,0.948728
542,-1.160251,1.659736,-6.128618,0.971292,0.390224,-2.170628,0.460000,1.000000,0.580000,0.450000,0.000000,0.971292
543,-1.151255,1.665087,-6.150325,0.994241,0.396302,-2.121179,0.440000,1.000000,0.580000,0.450000,0.000000,0.994241
544,-1.141925,1.670332,-6.171536,1.017250,0.402407,-2.072504,0.420000,1.000000,0.600000,0.450000,0.000000,1.017250
545,-1.132264,1.675464,-6.192261,1.040322,0.408526,-2.024594,0.400000,1.000000,0.620000,0.450000,0.050000,1.040322
546,-1.122275,1.680477,-6.212507,1.063796,0.415338,-1.947739,0.380000,1.000000,0.640000,0.450000,0.100000,1.063796
547,-1.111957,1.685372,-6.231985,1.087701,0.422681,-1.835324,0.380000,1.000000,0.660000,0.450000,0.150000,1.087701
548,-1.101310,1.690150,-6.250338,1.112080,0.430296,-1.680819,0.380000,1.000000,0.680000,0.450000,0.200000,1.112080
549,-1.090337,1.694815,-6.267146,1.136999,0.437817,-1.478359,0.360000,1.000000,0.700000,0.450000,0.200000,1.136999
550,-1.079038,1.699375,-6.281930,1.162692,0.443390,-1.281541,0.360000,1.000000,0.720000,0.450000,0.250000,1.162692
551,-1.067417,1.703824,-6.294745,1.189037,0.448404,-1.030653,0.360000,1.000000,0.720000,0.450000,0.250000,1.189037
552,-1.055476,1.708170,-6.305052,1.216454,0.450758,-0.784912,0.360000,1.000000,0.740000,0.450000,0.300000,1.216454
553,-1.043216,1.712411,-6.312901,1.244639,0.451921,-0.480071,0.360000,1.000000,0.740000,0.450000,0.300000,1.244639
554,-1.030640,1.716558,-6.317702,1.274187,0.449589,-0.179198,0.360000,1.000000,0.740000,0.450000,0.300000,1.274187
555,-1.017751,1.720612,-6.319494,1.305068,0.443749,0.120171,0.380000,1.000000,0.740000,0.450000,0.300000,1.305068
556,-1.004548,1.724572,-6.318292,1.337231,0.434348,0.419964,0.380000,1.000000,0.720000,0.450000,0.250000,1.337231
557,-0.991031,1.728444,-6.314092,1.370947,0.419825,0.658626,0.400000,1.000000,0.700000,0.450000,0.200000,1.370947
558,-0.977199,1.732217,-6.307506,1.405699,0.401032,0.841628,0.400000,1.000000,0.680000,0.450000,0.200000,1.405699
559,-0.963048,1.735884,-6.299090,1.440966,0.380121,1.030851,0.420000,1.000000,0.660000,0.450000,0.150000,1.440966
560,-0.948580,1.739455,-6.288781,1.476763,0.355574,1.166064,0.440000,1.000000,0.620000,0.450000,0.050000,1.476763
561,-0.933793,1.742928,-6.277121,1.512502,0.327126,1.202842,0.460000,1.000000,0.600000,0.450000,-0.050000,1.512502
562,-0.918688,1.746291,-6.265092,1.547396,0.296784,1.163068,0.500000,1.000000,0.580000,0.450000,-0.050000,1.547396
563,-0.903270,1.749539,-6.253461,1.581817,0.267452,1.118148,0.520000,1.000000,0.560000,0.450000,-1.000000,1.581817
564,-0.887538,1.752682,-6.242280,1.607676,0.240004,1.098952,0.680000,1.000000,0.540000,0.450000,-1.000000,1.607676
565,-0.871573,1.755738,-6.231290,1.633178,0.213029,1.057861,0.700000,1.000000,0.520000,0.450000,-1.000000,1.633178
566,-0.855374,1.758712,-6.220712,1.658293,0.186905,0.994630,0.740000,1.000000,0.500000,0.450000,-1.000000,1.658293
567,-0.838940,1.761613,-6.210766,1.683010,0.162014,0.909690,0.780000,1.000000,0.480000,0.450000,-1.000000,1.683010
568,-0.822271,1.764447,-6.201669,1.707339,0.138736,0.804152,0.960000,1.000000,0.460000,0.450000,-1.000000,1.707339
569,-0.805367,1.767219,-6.193627,1.731307,0.117431,0.679750,1.000000,1.000000,0.440000,0.450000,-1.000000,1.731307
570,-0.788229,1.769938,-6.186830,1.754956,0.098433,0.538745,1.000000,1.000000,0.440000,0.450000,-1.000000,1.754956
571,-0.770855,1.772606,-6.181442,1.778334,0.082041,0.383794,1.000000,1.000000,0.420000,0.450000,-1.000000,1.778334
572,-0.753247,1.775228,-6.177604,1.801493,0.068511,0.217822,1.000000,1.000000,0.420000,0.450000,-1.000000,1.801493
573,-0.735405,1.777808,-6.175426,1.824484,0.058049,0.043903,1.000000,1.000000,0.420000,0.450000,-1.000000,1.824484
574,-0.717328,1.780347,-6.174987,1.847347,0.050813,-0.134840,1.000000,1.000000,0.400000,0.450000,-1.000000,1.847347
575,-0.699018,1.782847,-6.176335,1.870111,0.046909,-0.315318,1.000000,1.000000,0.400000,0.450000,-1.000000,1.870111
576,-0.680473,1.785308,-6.179489,1.892791,0.046387,-0.494542,1.000000,1.000000,0.400000,0.450000,-1.000000,1.892791
577,-0.661695,1.787729,-6.184434,1.915384,0.049246,-0.669684,1.000000,1.000000,0.400000,0.450000,-1.000000,1.915384
578,-0.642683,1.790107,-6.191131,1.937869,0.055435,-0.838126,1.000000,1.000000,0.400000,0.450000,-1.000000,1.937869
579,-0.623437,1.792441,-6.199512,1.960212,0.064852,-0.997511,1.000000,1.000000,0.400000,0.450000,-1.000000,1.960212
580,-0.603958,1.794725,-6.209487,1.982365,0.077351,-1.145783,1.000000,1.000000,0.420000,0.450000,-1.000000,1.982365
581,-0.584245,1.796956,-6.220945,2.004268,0.092746,-1.281233,1.000000,1.000000,0.420000,0.450000,-1.000000,2.004268
582,-0.564299,1.799128,-6.233757,2.025861,0.110812,-1.402524,0.960000,1.000000,0.420000,0.450000,-1.000000,2.025861
583,-0.544120,1.801236,-6.247783,2.047077,0.131299,-1.508706,0.920000,1.000000,0.440000,0.450000,-0.600000,2.047077
584,-0.523708,1.803273,-6.262870,2.070897,0.151505,-1.702980,0.880000,1.000000,0.440000,0.450000,-0.350000,2.070897
585,-0.503035,1.805208,-6.279899,2.096634,0.175850,-1.876863,0.840000,1.000000,0.460000,0.450000,-0.250000,2.096634
586,-0.482074,1.807036,-6.298668,2.122670,0.204635,-2.003003,0.820000,1.000000,0.480000,0.450000,-0.200000,2.122670
587,-0.460818,1.808753,-6.318698,2.148362,0.236693,-2.091528,0.780000,1.000000,0.500000,0.450000,-0.200000,2.148362
588,-0.439264,1.810356,-6.339613,2.173154,0.270623,-2.171069,0.740000,1.000000,0.500000,0.400000,-0.200000,2.173154
589,-0.417415,1.811832,-6.361324,2.193473,0.306273,-2.242354,0.700000,1.000000,0.480000,0.400000,-0.200000,2.193473
590,-0.395308,1.813173,-6.383748,2.212755,0.343415,-2.305976,0.680000,1.000000,0.460000,0.400000,-0.250000,2.212755
591,-0.372947,1.814369,-6.406807,2.230442,0.381465,-2.381843,0.660000,1.000000,0.500000,0.400000,-0.200000,2.230442
592,-0.350343,1.815404,-6.430626,2.247419,0.421608,-2.432233,0.620000,1.000000,0.540000,0.400000,-0.100000,2.247419
593,-0.327493,1.816273,-6.454948,2.264090,0.464078,-2.425044,0.600000,1.000000,0.620000,0.400000,0.050000,2.264090
594,-0.304392,1.816975,-6.479199,2.280578,0.509383,-2.285716,0.580000,1.000000,0.700000,0.400000,0.200000,2.280578
595,-0.281031,1.817530,-6.502056,2.296441,0.555543,-1.972804,0.560000,1.000000,0.820000,0.400000,0.450000,2.296441
596,-0.257408,1.817967,-6.521784,2.310369,0.599992,-1.427160,0.540000,1.000000,0.860000,0.400000,0.550000,2.310369
597,-0.233541,1.818336,-6.536055,2.325538,0.632713,-0.846425,0.540000,1.000000,0.840000,0.400000,0.500000,2.325538
598,-0.209442,1.818644,-6.544520,2.344720,0.651382,-0.294678,0.520000,1.000000,0.820000,0.400000,0.450000,2.344720
599,-0.185108,1.818879,-6.547466,2.368135,0.656349,0.215471,0.520000,1.000000,0.800000,0.400000,0.400000,2.368135
600,-0.160534,1.819028,-6.545312,2.395622,0.648266,0.673976,0.520000,1.000000,0.780000,0.400000,0.350000,2.395622
601,-0.135717,1.819082,-6.538572,2.426688,0.628077,1.074299,0.520000,1.000000,0.760000,0.400000,0.350000,2.426688
602,-0.110650,1.819028,-6.527829,2.460055,0.598347,1.472293,0.540000,1.000000,0.740000,0.400000,0.300000,2.460055
603,-0.085333,1.818875,-6.513106,2.495938,0.557670,1.810505,0.540000,1.000000,0.720000,-1.000000,0.250000,2.495938
604,-0.059759,1.818617,-6.495001,2.435424,0.507378,2.086979,0.560000,1.000000,0.700000,0.400000,0.200000,2.435424
605,-0.034883,1.818457,-6.474131,2.473685,0.450604,2.295796,0.580000,1.000000,0.680000,-1.000000,0.200000,2.473685
606,-0.009740,1.818187,-6.451173,2.413546,0.389143,2.506122,0.600000,1.000000,0.600000,0.400000,-1.000000,2.413546
607,0.014706,1.817988,-6.426112,2.442382,0.319342,2.465218,0.720000,1.000000,0.520000,0.400000,-1.000000,2.442382
608,0.039336,1.817670,-6.401460,2.469332,0.250603,2.386364,0.760000,1.000000,0.480000,-1.000000,-1.000000,2.469332
609,0.064152,1.817244,-6.377596,2.396385,0.183974,2.267596,1.000000,1.000000,0.440000,0.400000,-1.000000,2.396385
610,0.088183,1.816817,-6.354920,2.419666,0.122703,2.111676,1.000000,0.980000,0.400000,-1.000000,-1.000000,2.419666
611,0.112405,1.816307,-6.333803,2.343364,0.065471,1.917576,1.000000,0.880000,0.380000,-1.000000,-1.000000,2.343364
612,0.135842,1.815775,-6.314628,2.265766,0.015119,1.688859,1.000000,0.860000,0.360000,-1.000000,-1.000000,2.265766
613,0.158493,1.815214,-6.297739,2.187206,-0.027913,1.429014,1.000000,0.760000,0.340000,-1.000000,-1.000000,2.187206
614,0.180359,1.814616,-6.283449,2.108031,-0.063376,1.142501,1.000000,0.740000,0.320000,-1.000000,-1.000000,2.108031
615,0.201439,1.813977,-6.272024,2.028569,-0.091212,0.834350,1.000000,0.720000,0.320000,-1.000000,-1.000000,2.028569
616,0.221734,1.813291,-6.263680,1.949108,-0.111542,0.509848,1.000000,0.720000,0.320000,-1.000000,-1.000000,1.949108
617,0.241243,1.812556,-6.258582,1.869874,-0.124648,0.174350,1.000000,0.700000,0.320000,-1.000000,-1.000000,1.869874
618,0.259967,1.811770,-6.256838,1.791026,-0.130950,-0.166786,1.000000,0.680000,0.320000,-1.000000,-1.000000,1.791026
619,0.277905,1.810933,-6.258506,1.712646,-0.130991,-0.508179,1.000000,0.660000,0.320000,-1.000000,-1.000000,1.712646
620,0.295059,1.810046,-6.263588,1.634743,-0.125416,-0.844353,1.000000,0.660000,0.320000,-1.000000,-1.000000,1.634743
621,0.311427,1.809112,-6.272032,1.557259,-0.114959,-1.169660,1.000000,0.640000,0.320000,-1.000000,-1.000000,1.557259
622,0.327012,1.808137,-6.283728,1.480085,-0.100430,-1.478250,1.000000,0.620000,0.340000,-1.000000,-1.000000,1.480085
623,0.341812,1.807124,-6.298511,1.403071,-0.082703,-1.764135,1.000000,0.700000,0.360000,-1.000000,-1.000000,1.403071
624,0.355829,1.806082,-6.316152,1.326050,-0.062692,-2.021419,1.000000,0.680000,0.380000,-1.000000,-1.000000,1.326050
625,0.369061,1.805019,-6.336366,1.248853,-0.041329,-2.244711,1.000000,0.680000,0.380000,-1.000000,-0.450000,1.248853
626,0.381510,1.803942,-6.358813,1.176215,-0.021295,-2.505146,1.000000,0.740000,0.360000,0.050000,-0.550000,1.176215
627,0.393223,1.802841,-6.383865,1.175565,-0.001027,-2.738302,1.000000,0.740000,0.340000,0.050000,-1.000000,1.175565
628,0.404918,1.801649,-6.411248,1.170646,0.023315,-2.845402,1.000000,0.820000,0.360000,0.150000,-0.550000,1.170646
629,0.416558,1.800385,-6.439702,1.175713,0.045834,-3.014120,1.000000,0.880000,0.420000,0.250000,-0.350000,1.175713
630,0.428243,1.799005,-6.469843,1.189205,0.070573,-3.121906,1.000000,0.880000,0.480000,0.250000,-0.200000,1.189205
631,0.440059,1.797492,-6.501062,1.203374,0.098374,-3.122000,1.000000,0.880000,0.460000,0.250000,-0.250000,1.203374
632,0.452021,1.795851,-6.532282,1.216079,0.124857,-3.155563,1.000000,0.920000,0.460000,0.300000,-0.250000,1.216079
633,0.464115,1.794063,-6.563838,1.231331,0.151428,-3.183404,1.000000,0.920000,0.520000,0.300000,-0.150000,1.231331
634,0.476366,1.792108,-6.595672,1.246577,0.179752,-3.140623,0.580000,0.960000,0.500000,0.350000,-0.200000,1.246577
635,0.488780,1.789986,-6.627078,1.263968,0.206497,-3.137319,0.560000,1.000000,0.580000,0.450000,0.000000,1.263968
636,0.501376,1.787669,-6.658451,1.288853,0.237332,-2.958782,0.540000,1.000000,0.560000,0.450000,-0.050000,1.288853
637,0.514238,1.785153,-6.688039,1.312954,0.264518,-2.855272,0.520000,1.000000,0.640000,0.450000,0.100000,1.312954
638,0.527348,1.782413,-6.716592,1.336870,0.294455,-2.593128,0.500000,1.000000,0.640000,0.450000,0.100000,1.336870
639,0.540717,1.779471,-6.742523,1.360773,0.320708,-2.357670,0.480000,1.000000,0.700000,0.450000,0.200000,1.360773
640,0.554336,1.776312,-6.766100,1.384451,0.346705,-2.015241,0.480000,1.000000,0.700000,0.450000,0.200000,1.384451
641,0.568207,1.772954,-6.786252,1.408833,0.367802,-1.698848,0.400000,1.000000,0.760000,0.450000,0.350000,1.408833
642,0.582323,1.769384,-6.803241,1.432635,0.388580,-1.224559,0.440000,1.000000,0.760000,0.450000,0.350000,1.432635
643,0.596687,1.765637,-6.815486,1.458097,0.402498,-0.771490,0.380000,1.000000,0.740000,0.450000,0.300000,1.458097
644,0.611293,1.761705,-6.823201,1.485901,0.408473,-0.393818,0.440000,1.000000,0.740000,0.450000,0.300000,1.485901
645,0.626138,1.757569,-6.827139,1.515249,0.408967,-0.028248,0.420000,1.000000,0.720000,0.450000,0.250000,1.515249
646,0.641220,1.753226,-6.827422,1.546538,0.402630,0.264934,0.420000,1.000000,0.720000,0.450000,0.250000,1.546538
647,0.656535,1.748663,-6.824772,1.578973,0.392060,0.554319,0.420000,1.000000,0.700000,0.450000,0.200000,1.578973
648,0.672086,1.743883,-6.819229,1.612756,0.375747,0.776607,0.420000,1.000000,0.680000,0.450000,0.200000,1.612756
649,0.687871,1.738877,-6.811463,1.647210,0.356261,0.999132,0.420000,1.000000,0.680000,0.450000,0.200000,1.647210
650,0.703893,1.733651,-6.801472,1.682220,0.333546,1.221244,0.420000,0.980000,0.660000,0.400000,0.150000,1.682220
651,0.720159,1.728215,-6.789259,1.714353,0.306057,1.377363,0.460000,0.960000,0.640000,0.350000,0.100000,1.714353
652,0.736637,1.722582,-6.775486,1.743114,0.274997,1.469894,1.000000,0.880000,0.620000,0.200000,0.050000,1.743114
653,0.753298,1.716766,-6.760787,1.761086,0.241596,1.501385,1.000000,0.860000,0.620000,0.200000,0.050000,1.761086
654,0.770048,1.710817,-6.745773,1.778613,0.208434,1.529068,1.000000,0.840000,0.600000,-1.000000,-0.050000,1.778613
655,0.786895,1.704745,-6.730482,1.711268,0.173127,1.445534,1.000000,0.820000,0.580000,-1.000000,-0.050000,1.711268
656,0.803073,1.698904,-6.716027,1.643277,0.141095,1.354575,1.000000,0.760000,0.560000,-1.000000,-1.000000,1.643277
657,0.818583,1.693292,-6.702481,1.566555,0.111481,1.219236,1.000000,0.740000,0.480000,-1.000000,-1.000000,1.566555
658,0.833345,1.687933,-6.690289,1.489307,0.085454,1.063289,1.000000,0.720000,0.460000,-1.000000,-1.000000,1.489307
659,0.847359,1.682820,-6.679656,1.411632,0.063080,0.888680,1.000000,0.700000,0.460000,-1.000000,-1.000000,1.411632
660,0.860624,1.677951,-6.670769,1.333634,0.044333,0.697987,0.980000,0.700000,0.440000,-1.000000,-1.000000,1.333634
661,0.873139,1.673321,-6.663789,1.255408,0.029096,0.494310,0.960000,0.680000,0.440000,-1.000000,-1.000000,1.255408
662,0.884903,1.668927,-6.658846,1.177038,0.017161,0.281160,0.940000,0.660000,0.420000,0.000000,-1.000000,1.177038
663,0.895915,1.664769,-6.656035,1.168594,0.008246,0.062348,0.920000,0.660000,0.420000,0.000000,-1.000000,1.168594
664,0.906828,1.660589,-6.655411,1.160114,0.001963,-0.158652,0.900000,0.640000,0.480000,0.000000,-1.000000,1.160114
665,0.917642,1.656388,-6.656998,1.151632,-0.001780,-0.378009,0.900000,0.640000,0.480000,0.000000,-1.000000,1.151632
666,0.928357,1.652166,-6.660778,1.143165,-0.003112,-0.592127,0.880000,0.640000,0.460000,0.000000,-1.000000,1.143165
667,0.938971,1.647922,-6.666699,1.134715,-0.002200,-0.797711,0.880000,0.620000,0.460000,0.000000,-1.000000,1.134715
668,0.949486,1.643656,-6.674676,1.126268,0.000761,-0.991832,0.880000,0.620000,0.460000,0.000000,-1.000000,1.126268
669,0.959899,1.639365,-6.684594,1.117799,0.005557,-1.171991,0.880000,0.600000,0.440000,0.000000,-0.600000,1.117799
670,0.970211,1.635049,-6.696314,1.112409,0.009690,-1.432975,0.880000,0.600000,0.440000,0.000000,-0.600000,1.112409
671,0.980438,1.630672,-6.710644,1.106954,0.016293,-1.674957,0.880000,0.600000,0.420000,0.000000,-0.450000,1.106954
672,0.990579,1.626231,-6.727394,1.102927,0.025130,-1.893454,0.880000,0.600000,0.420000,0.000000,-0.450000,1.102927
673,1.000646,1.621718,-6.746328,1.098691,0.035840,-2.090515,0.880000,0.640000,0.420000,0.000000,-0.350000,1.098691
674,1.010635,1.617130,-6.767233,1.095275,0.048716,-2.241458,0.880000,0.640000,0.440000,0.000000,-0.300000,1.095275
675,1.020556,1.612465,-6.789648,1.092038,0.063137,-2.352326,0.900000,0.640000,0.440000,0.000000,-0.300000,1.092038
676,1.030412,1.607719,-6.813171,1.088365,0.078124,-2.448124,0.920000,0.640000,0.440000,0.000000,-0.300000,1.088365
677,1.040198,1.602892,-6.837652,1.084220,0.093518,-2.530488,0.920000,0.680000,0.420000,0.000000,-0.350000,1.084220
678,1.049908,1.597978,-6.862957,1.079035,0.108772,-2.618553,0.940000,0.680000,0.420000,0.000000,-0.350000,1.079035
679,1.059531,1.592977,-6.889143,1.073330,0.124392,-2.694390,0.960000,0.680000,0.420000,0.000000,-0.350000,1.073330
680,1.069062,1.587886,-6.916087,1.067082,0.140250,-2.759472,1.000000,0.680000,0.460000,0.000000,-0.250000,1.067082
681,1.078495,1.582705,-6.943681,1.061332,0.157026,-2.781522,1.000000,0.700000,0.440000,0.000000,-0.300000,1.061332
682,1.087840,1.577434,-6.971497,1.054515,0.173006,-2.817819,1.000000,0.700000,0.480000,0.000000,-0.200000,1.054515
683,1.097083,1.572072,-6.999675,1.048169,0.189765,-2.808369,1.000000,0.700000,0.480000,0.000000,-0.200000,1.048169
684,1.106234,1.566619,-7.027759,1.041322,0.205822,-2.799147,1.000000,0.720000,0.480000,0.000000,-0.200000,1.041322
685,1.115286,1.561076,-7.055750,1.034004,0.221213,-2.790379,1.000000,0.720000,0.480000,0.000000,-0.200000,1.034004
686,1.124235,1.555443,-7.083654,1.026237,0.235972,-2.782233,1.000000,0.720000,0.520000,0.000000,-0.150000,1.026237
687,1.133075,1.549721,-7.111476,1.018517,0.250664,-2.751879,1.000000,0.740000,0.520000,0.050000,-0.150000,1.018517
688,1.141808,1.543912,-7.138995,1.013934,0.264507,-2.724820,1.000000,0.760000,0.520000,0.050000,-0.150000,1.013934
689,1.150453,1.537990,-7.166243,1.009016,0.277678,-2.700832,1.000000,0.760000,0.520000,0.050000,-0.150000,1.009016
690,1.159004,1.531956,-7.193251,1.003782,0.290228,-2.679636,1.000000,0.780000,0.560000,0.050000,-0.050000,1.003782
691,1.167455,1.525812,-7.220048,0.999094,0.303446,-2.607836,1.000000,0.800000,0.580000,0.100000,0.000000,0.999094
692,1.175818,1.519559,-7.246126,0.998095,0.316356,-2.507447,1.000000,0.820000,0.580000,0.150000,0.000000,0.998095
693,1.184115,1.513173,-7.271201,1.000577,0.327913,-2.416686,1.000000,0.840000,0.580000,0.200000,0.000000,1.000577
694,1.192360,1.506623,-7.295368,1.006567,0.338371,-2.333731,1.000000,0.920000,0.580000,0.300000,0.000000,1.006567
695,1.200564,1.499881,-7.318705,1.019584,0.347944,-2.257096,1.000000,0.960000,0.580000,0.350000,0.000000,1.019584
696,1.208757,1.492886,-7.341276,1.036142,0.356914,-2.185252,1.000000,0.980000,0.580000,0.400000,0.000000,1.036142
697,1.216950,1.485608,-7.363128,1.056251,0.365424,-2.117259,1.000000,1.000000,0.580000,0.450000,0.000000,1.056251
698,1.225152,1.478015,-7.384301,1.079919,0.373601,-2.052349,1.000000,1.000000,0.580000,0.450000,0.000000,1.079919
699,1.233371,1.470076,-7.404824,1.103652,0.381552,-1.989897,1.000000,1.000000,0.580000,0.450000,0.000000,1.103652
700,1.241600,1.461791,-7.424723,1.127455,0.389280,-1.929656,1.000000,1.000000,0.580000,0.450000,0.000000,1.127455
701,1.249832,1.453160,-7.444020,1.151335,0.396788,-1.871414,1.000000,1.000000,0.600000,0.450000,0.000000,1.151335
702,1.258060,1.444182,-7.462734,1.175296,0.404077,-1.814980,0.760000,1.000000,0.600000,0.450000,0.000000,1.175296
703,1.266278,1.434858,-7.480884,1.199344,0.411148,-1.760185,0.760000,1.000000,0.600000,0.450000,0.000000,1.199344
704,1.274478,1.425188,-7.498486,1.223485,0.417998,-1.706878,0.760000,1.000000,0.600000,0.450000,0.000000,1.223485
705,1.282655,1.415173,-7.515555,1.247722,0.424626,-1.654923,0.740000,1.000000,0.600000,0.450000,0.000000,1.247722
706,1.290803,1.404813,-7.532104,1.272062,0.431029,-1.604199,0.740000,1.000000,0.600000,0.450000,0.000000,1.272062
707,1.298916,1.394110,-7.548146,1.296509,0.437202,-1.554594,0.720000,1.000000,0.600000,0.450000,0.000000,1.296509
708,1.306989,1.383063,-7.563692,1.321069,0.443141,-1.506006,0.720000,1.000000,0.600000,0.450000,0.000000,1.321069
709,1.315016,1.371673,-7.578752,1.345746,0.448840,-1.458345,0.700000,1.000000,0.600000,0.450000,0.000000,1.345746
710,1.322993,1.359942,-7.593335,1.370546,0.454294,-1.411526,0.680000,1.000000,0.600000,0.450000,0.000000,1.370546
711,1.330914,1.347870,-7.607450,1.395473,0.459496,-1.365471,0.640000,1.000000,0.600000,0.450000,0.000000,1.395473
712,1.338776,1.335459,-7.621105,1.420533,0.464437,-1.320109,0.620000,1.000000,0.600000,0.450000,0.000000,1.420533
713,1.346573,1.322709,-7.634306,1.445729,0.469112,-1.275375,0.600000,1.000000,0.600000,0.450000,0.000000,1.445729
714,1.354302,1.309621,-7.647060,1.471068,0.473511,-1.231208,0.600000,1.000000,0.600000,0.450000,0.000000,1.471068
715,1.361958,1.296197,-7.659372,1.496553,0.477626,-1.187552,0.600000,1.000000,0.620000,0.450000,0.050000,1.496553
716,1.369539,1.282437,-7.671248,1.522497,0.482258,-1.109667,0.580000,1.000000,0.620000,0.450000,0.050000,1.522497
717,1.377048,1.268342,-7.682344,1.548755,0.486051,-1.032865,0.580000,1.000000,0.600000,0.450000,0.000000,1.548755
718,1.384482,1.253913,-7.692673,1.575030,0.488182,-0.991816,0.580000,1.000000,0.700000,0.450000,0.200000,1.575030
719,1.391830,1.239151,-7.702591,1.601980,0.494422,-0.762245,0.580000,1.000000,0.700000,0.450000,0.200000,1.601980
720,1.399134,1.224060,-7.710214,1.630012,0.497217,-0.538413,0.600000,1.000000,0.680000,0.450000,0.200000,1.630012
721,1.406390,1.208640,-7.715598,1.659131,0.496625,-0.318396,0.580000,1.000000,0.680000,0.450000,0.200000,1.659131
722,1.413597,1.192893,-7.718782,1.689329,0.492667,-0.100588,0.580000,1.000000,0.680000,0.450000,0.200000,1.689329
723,1.420756,1.176818,-7.719788,1.720583,0.485331,0.116335,0.560000,1.000000,0.660000,0.450000,0.150000,1.720583
724,1.427868,1.160416,-7.718624,1.752950,0.473194,0.274151,0.560000,1.000000,0.640000,0.450000,0.100000,1.752950
725,1.434922,1.143685,-7.715883,1.785956,0.457383,0.380250,0.540000,1.000000,0.640000,0.450000,0.100000,1.785956
726,1.441911,1.126625,-7.712080,1.819368,0.440036,0.488815,0.560000,1.000000,0.620000,0.450000,0.050000,1.819368
727,1.448840,1.109237,-7.707192,1.853001,0.419921,0.549942,0.600000,1.000000,0.600000,0.450000,0.000000,1.853001
728,1.455704,1.091520,-7.701693,1.886518,0.398019,0.568950,0.640000,1.000000,0.580000,0.450000,0.000000,1.886518
729,1.462500,1.073477,-7.696003,1.919978,0.376102,0.587678,0.700000,1.000000,0.560000,0.450000,-0.100000,1.919978
730,1.469235,1.055108,-7.690126,1.952660,0.352534,0.535098,0.740000,1.000000,0.540000,0.450000,-1.000000,1.952660
731,1.475898,1.036418,-7.684775,1.977303,0.331779,0.542430,0.740000,1.000000,0.540000,0.450000,-1.000000,1.977303
732,1.482498,1.017486,-7.679351,2.001853,0.311010,0.537137,0.720000,1.000000,0.520000,0.450000,-1.000000,2.001853
733,1.489039,0.998313,-7.673980,2.026267,0.290482,0.518895,0.700000,1.000000,0.500000,0.450000,-1.000000,2.026267
734,1.495525,0.978897,-7.668791,2.050513,0.270463,0.487603,0.720000,1.000000,0.480000,0.450000,-1.000000,2.050513
735,1.501959,0.959241,-7.663915,2.074564,0.251229,0.443418,0.780000,1.000000,0.480000,0.450000,-1.000000,2.074564
736,1.508345,0.939343,-7.659481,2.098404,0.233053,0.386766,0.820000,1.000000,0.460000,0.450000,-1.000000,2.098404
737,1.514688,0.919205,-7.655613,2.122025,0.216204,0.318347,0.800000,1.000000,0.440000,0.450000,-1.000000,2.122025
738,1.520989,0.898827,-7.652429,2.145428,0.200942,0.239124,0.780000,1.000000,0.440000,0.450000,-1.000000,2.145428
739,1.527253,0.878210,-7.650038,2.168617,0.187504,0.150298,0.760000,1.000000,0.420000,0.400000,-1.000000,2.168617
740,1.533481,0.857353,-7.648535,2.188100,0.176109,0.053271,0.760000,1.000000,0.420000,0.400000,-1.000000,2.188100
741,1.539669,0.836291,-7.648002,2.207391,0.166943,-0.050207,0.800000,1.000000,0.400000,0.400000,-1.000000,2.207391
742,1.545818,0.815025,-7.648505,2.226499,0.160152,-0.158476,0.820000,1.000000,0.400000,0.400000,-1.000000,2.226499
743,1.551929,0.793555,-7.650089,2.245430,0.155845,-0.269811,0.860000,1.000000,0.380000,0.400000,-1.000000,2.245430
744,1.558001,0.771882,-7.652787,2.264190,0.154097,-0.382460,0.840000,1.000000,0.380000,0.400000,-1.000000,2.264190
745,1.564036,0.750005,-7.656612,2.282774,0.154942,-0.494696,0.820000,1.000000,0.380000,0.400000,-1.000000,2.282774
746,1.570032,0.727924,-7.661559,2.301174,0.158379,-0.604850,0.800000,1.000000,0.360000,0.400000,-1.000000,2.301174
747,1.575987,0.705640,-7.667607,2.319376,0.164367,-0.711354,0.780000,1.000000,0.360000,0.400000,-1.000000,2.319376
748,1.581900,0.683152,-7.674721,2.337359,0.172830,-0.812767,0.760000,1.000000,0.360000,0.400000,-1.000000,2.337359
749,1.587768,0.660461,-7.682849,2.355098,0.183660,-0.907809,0.760000,1.000000,0.360000,0.400000,-1.000000,2.355098
750,1.593588,0.637567,-7.691927,2.372567,0.196717,-0.995379,0.740000,1.000000,0.340000,0.400000,-1.000000,2.372567
751,1.599358,0.614470,-7.701881,2.389737,0.211837,-1.074571,0.720000,1.000000,0.340000,0.400000,-1.000000,2.389737
752,1.605073,0.591169,-7.712626,2.406581,0.228833,-1.144683,0.700000,1.000000,0.340000,0.400000,-1.000000,2.406581
753,1.610729,0.567666,-7.724073,2.423072,0.247497,-1.205217,0.680000,1.000000,0.420000,0.400000,-1.000000,2.423072
754,1.616322,0.543960,-7.736125,2.439192,0.267612,-1.255873,0.660000,1.000000,0.420000,0.400000,-1.000000,2.439192
755,1.621847,0.520052,-7.748684,2.454925,0.288950,-1.296539,0.640000,1.000000,0.420000,0.400000,-1.000000,2.454925
756,1.627301,0.495942,-7.761649,2.470264,0.311276,-1.327267,0.620000,1.000000,0.420000,-1.000000,-1.000000,2.470264
757,1.632678,0.471632,-7.774922,2.387209,0.334358,-1.348256,0.600000,1.000000,0.520000,0.400000,-0.150000,2.387209
758,1.637897,0.448098,-7.788405,2.409208,0.355248,-1.407167,0.600000,1.000000,0.620000,0.400000,0.050000,2.409208
759,1.643020,0.424291,-7.802476,2.431835,0.381930,-1.276545,0.580000,1.000000,0.740000,0.400000,0.300000,2.431835
760,1.648086,0.400201,-7.815242,2.453120,0.412331,-0.850777,0.560000,1.000000,0.860000,0.400000,0.550000,2.453120
761,1.653157,0.375848,-7.823749,2.472833,0.435103,-0.307189,0.540000,1.000000,0.860000,-1.000000,0.550000,2.472833
762,1.658253,0.351263,-7.826821,2.396776,0.444481,0.232210,0.540000,1.000000,0.860000,0.400000,0.550000,2.396776
763,1.663347,0.327425,-7.824499,2.421199,0.440528,0.768080,0.560000,1.000000,0.840000,0.400000,0.500000,2.421199
764,1.668464,0.303353,-7.816818,2.448596,0.423412,1.279488,0.580000,1.000000,0.820000,0.400000,0.450000,2.448596
765,1.673605,0.279041,-7.804024,2.478634,0.393443,1.755998,0.580000,1.000000,0.780000,-1.000000,0.350000,2.478634
766,1.678773,0.254482,-7.786464,2.413363,0.350340,2.150236,0.560000,1.000000,0.740000,0.400000,0.300000,2.413363
767,1.683896,0.230640,-7.764961,2.447272,0.298464,2.482352,0.580000,1.000000,0.600000,0.400000,-1.000000,2.447272
768,1.689045,0.206530,-7.740138,2.473759,0.229442,2.391063,0.640000,1.000000,0.560000,-1.000000,-1.000000,2.473759
769,1.694135,0.182213,-7.716227,2.400317,0.162866,2.259039,0.600000,1.000000,0.540000,0.400000,-1.000000,2.400317
770,1.699044,0.158661,-7.693637,2.423106,0.102002,2.089126,0.640000,1.000000,0.420000,0.400000,-1.000000,2.423106
771,1.703920,0.134903,-7.672745,2.444346,0.045526,1.881420,0.740000,1.000000,0.400000,0.400000,-1.000000,2.444346
772,1.708773,0.110942,-7.653931,2.464311,-0.005612,1.639961,1.000000,1.000000,0.380000,-1.000000,-1.000000,2.464311
773,1.713615,0.086779,-7.637532,2.385328,-0.050575,1.369819,1.000000,1.000000,0.360000,0.400000,-1.000000,2.385328
774,1.718244,0.063374,-7.623833,2.403787,-0.087260,1.074005,1.000000,1.000000,0.340000,0.400000,-1.000000,2.403787
775,1.722878,0.039771,-7.613093,2.422002,-0.116725,0.761077,1.000000,0.940000,0.400000,-1.000000,-1.000000,2.422002
776,1.727523,0.015972,-7.605483,2.342267,-0.138560,0.436620,1.000000,0.900000,0.400000,-1.000000,-1.000000,2.342267
777,1.731940,-0.007072,-7.601116,2.262856,-0.151971,0.102025,1.000000,0.860000,0.380000,-1.000000,-1.000000,2.262856
778,1.736130,-0.029361,-7.600096,2.183933,-0.157355,-0.237436,1.000000,0.860000,0.380000,-1.000000,-1.000000,2.183933
779,1.740092,-0.050896,-7.602471,2.105574,-0.155246,-0.576463,1.000000,0.840000,0.380000,-1.000000,-1.000000,2.105574
780,1.743829,-0.071675,-7.608235,2.027769,-0.146300,-0.909662,1.000000,0.860000,0.440000,-1.000000,-1.000000,2.027769
781,1.747343,-0.091700,-7.617332,1.950430,-0.131278,-1.231479,1.000000,0.880000,0.440000,-1.000000,-0.600000,1.950430
782,1.750639,-0.110968,-7.629647,1.876652,-0.113103,-1.624724,1.000000,0.860000,0.460000,-1.000000,-0.250000,1.876652
783,1.753712,-0.129516,-7.645894,1.807038,-0.086041,-1.869878,1.000000,0.840000,0.460000,-1.000000,-0.250000,1.807038
784,1.756603,-0.147374,-7.664593,1.737174,-0.056468,-2.092336,1.000000,0.840000,0.460000,-1.000000,-0.250000,1.737174
785,1.759319,-0.164542,-7.685516,1.666848,-0.025265,-2.289689,1.000000,0.920000,0.480000,0.300000,-0.200000,1.666848
786,1.761864,-0.181017,-7.708413,1.687359,0.007782,-2.414758,1.000000,0.920000,0.500000,0.300000,-0.200000,1.687359
787,1.764389,-0.197701,-7.732560,1.707013,0.042268,-2.523263,1.000000,0.900000,0.520000,0.250000,-0.150000,1.707013
788,1.766876,-0.214594,-7.757793,1.722623,0.079115,-2.567796,1.000000,0.960000,0.540000,0.350000,-0.100000,1.722623
789,1.769318,-0.231664,-7.783471,1.744532,0.117238,-2.549235,1.000000,0.940000,0.560000,0.350000,-0.050000,1.744532
790,1.771717,-0.248984,-7.808963,1.765670,0.155824,-2.470373,1.000000,1.000000,0.580000,0.450000,0.000000,1.765670
791,1.774068,-0.266553,-7.833667,1.793054,0.193885,-2.333911,0.560000,1.000000,0.600000,0.450000,0.000000,1.793054
792,1.776371,-0.284440,-7.857006,1.819755,0.229119,-2.207657,0.540000,1.000000,0.580000,0.450000,0.000000,1.819755
793,1.778607,-0.302644,-7.879083,1.845914,0.261780,-2.091028,0.520000,1.000000,0.560000,0.450000,-0.050000,1.845914
794,1.780760,-0.321163,-7.899993,1.871424,0.290833,-2.037605,0.480000,1.000000,0.600000,0.450000,0.000000,1.871424
795,1.782805,-0.339992,-7.920369,1.896699,0.320077,-1.935824,0.480000,1.000000,0.640000,0.450000,0.100000,1.896699
796,1.784740,-0.359129,-7.939727,1.921814,0.350160,-1.720377,0.460000,1.000000,0.660000,0.450000,0.150000,1.921814
797,1.786583,-0.378577,-7.956931,1.946998,0.377461,-1.453984,0.440000,1.000000,0.640000,0.450000,0.100000,1.946998
798,1.788337,-0.398331,-7.971471,1.972900,0.397922,-1.267448,0.440000,1.000000,0.620000,0.450000,0.050000,1.972900
799,1.789976,-0.418391,-7.984145,1.999216,0.413334,-1.149625,0.420000,1.000000,0.600000,0.450000,0.000000,1.999216
800,1.791480,-0.438750,-7.995642,2.025623,0.425336,-1.087498,0.420000,1.000000,0.620000,0.450000,0.050000,2.025623
801,1.792830,-0.459404,-8.006517,2.052352,0.437426,-0.978205,0.420000,1.000000,0.660000,0.450000,0.150000,2.052352
802,1.794035,-0.480354,-8.016299,2.079428,0.450220,-0.753803,0.400000,1.000000,0.680000,0.450000,0.200000,2.079428
803,1.795118,-0.501603,-8.023837,2.107185,0.459944,-0.472957,0.400000,1.000000,0.660000,0.450000,0.150000,2.107185
804,1.796089,-0.523149,-8.028566,2.136399,0.462318,-0.265927,0.480000,1.000000,0.640000,0.450000,0.100000,2.136399
805,1.796931,-0.544991,-8.031226,2.166605,0.459019,-0.125089,0.480000,0.980000,0.620000,0.350000,0.050000,2.166605
806,1.797629,-0.567127,-8.032476,2.190353,0.451626,-0.041562,0.480000,0.980000,0.600000,0.350000,0.000000,2.190353
807,1.798185,-0.589484,-8.032892,2.214256,0.441526,-0.006777,0.560000,0.960000,0.580000,-1.000000,0.000000,2.214256
808,1.798589,-0.612059,-8.032960,2.143808,0.430911,0.027542,1.000000,0.940000,0.560000,0.300000,-0.050000,2.143808
809,1.799013,-0.633922,-8.032684,2.164217,0.418562,0.021005,1.000000,0.880000,0.560000,-1.000000,-0.050000,2.164217
810,1.799285,-0.655963,-8.032474,2.093595,0.406604,0.013728,1.000000,0.860000,0.540000,-1.000000,-0.150000,2.093595
811,1.799569,-0.677289,-8.032337,2.022134,0.393440,-0.050830,1.000000,0.840000,0.520000,-1.000000,-0.200000,2.022134
812,1.799854,-0.697887,-8.032845,1.949967,0.381146,-0.132270,1.000000,0.820000,0.500000,-1.000000,-1.000000,1.949967
813,1.800135,-0.717754,-8.034168,1.870719,0.372939,-0.101621,1.000000,0.800000,0.480000,-1.000000,-1.000000,1.870719
814,1.800452,-0.736827,-8.035184,1.791622,0.363996,-0.068180,1.000000,0.800000,0.480000,-1.000000,-1.000000,1.791622
815,1.800803,-0.755105,-8.035866,1.712680,0.354319,-0.032141,1.000000,0.780000,0.480000,-1.000000,-1.000000,1.712680
816,1.801190,-0.772591,-8.036188,1.633895,0.343921,0.006292,1.000000,0.760000,0.480000,-1.000000,-1.000000,1.633895
817,1.801612,-0.789282,-8.036125,1.555267,0.332825,0.046914,1.000000,0.760000,0.480000,-1.000000,-1.000000,1.555267
818,1.802068,-0.805181,-8.035655,1.476795,0.321060,0.089515,1.000000,0.740000,0.480000,-1.000000,-1.000000,1.476795
819,1.802558,-0.820286,-8.034760,1.398473,0.308666,0.133888,1.000000,0.720000,0.480000,-1.000000,-1.000000,1.398473
820,1.803079,-0.834597,-8.033421,1.320297,0.295688,0.179828,1.000000,0.720000,0.460000,-1.000000,-1.000000,1.320297
821,1.803632,-0.848116,-8.031623,1.242256,0.282180,0.227133,0.980000,0.700000,0.460000,-1.000000,-1.000000,1.242256
822,1.804215,-0.860842,-8.029352,1.164341,0.268200,0.275610,0.980000,0.700000,0.440000,-0.050000,-1.000000,1.164341
823,1.804824,-0.872775,-8.026596,1.153040,0.253811,0.325078,0.960000,0.680000,0.440000,-0.050000,-1.000000,1.153040
824,1.805344,-0.884569,-8.023345,1.141828,0.239060,0.365984,0.940000,0.680000,0.420000,-0.050000,-1.000000,1.141828
825,1.805776,-0.896227,-8.019685,1.130669,0.224075,0.397428,0.940000,0.660000,0.420000,-0.050000,-1.000000,1.130669
826,1.806121,-0.907749,-8.015711,1.119529,0.208989,0.418547,0.920000,0.660000,0.420000,-0.050000,-1.000000,1.119529
827,1.806381,-0.919134,-8.011525,1.108377,0.193940,0.428546,0.900000,0.640000,0.400000,0.000000,-1.000000,1.108377
828,1.806557,-0.930385,-8.007240,1.100686,0.179073,0.426751,0.840000,0.640000,0.400000,0.000000,-1.000000,1.100686
829,1.806647,-0.941536,-8.002972,1.092931,0.164523,0.412145,0.840000,0.540000,0.380000,0.000000,-1.000000,1.092931
830,1.806651,-0.952589,-7.998851,1.085093,0.150438,0.384471,0.820000,0.540000,0.380000,0.000000,-1.000000,1.085093
831,1.806573,-0.963543,-7.995006,1.077160,0.136956,0.343750,0.820000,0.520000,0.360000,0.000000,-1.000000,1.077160
832,1.806415,-0.974401,-7.991569,1.069123,0.124207,0.290313,0.800000,0.520000,0.360000,0.000000,-1.000000,1.069123
833,1.806179,-0.985161,-7.988666,1.060981,0.112309,0.224806,0.800000,0.500000,0.340000,0.000000,-1.000000,1.060981
834,1.805868,-0.995826,-7.986418,1.052734,0.101362,0.148179,0.780000,0.500000,0.340000,0.000000,-1.000000,1.052734
835,1.805482,-1.006395,-7.984936,1.044390,0.091447,0.061655,0.780000,0.480000,0.340000,0.000000,-1.000000,1.044390
836,1.805025,-1.016869,-7.984319,1.035957,0.082625,-0.033319,0.760000,0.480000,0.320000,0.000000,-1.000000,1.035957
837,1.804498,-1.027248,-7.984652,1.027444,0.074936,-0.135123,0.760000,0.480000,0.320000,0.000000,-1.000000,1.027444
838,1.803902,-1.037532,-7.986004,1.018861,0.068398,-0.242026,0.740000,0.460000,0.300000,0.000000,-1.000000,1.018861
839,1.803239,-1.047722,-7.988424,1.010219,0.063010,-0.352251,0.740000,0.460000,0.300000,0.000000,-1.000000,1.010219
840,1.802509,-1.057818,-7.991946,1.001525,0.058749,-0.464021,0.720000,0.440000,0.280000,0.000000,-1.000000,1.001525
841,1.801714,-1.067818,-7.996587,0.992784,0.055577,-0.575621,0.720000,0.440000,0.280000,0.000000,-1.000000,0.992784
842,1.800853,-1.077724,-8.002343,0.983999,0.053437,-0.685433,0.720000,0.440000,0.280000,0.000000,-1.000000,0.983999
843,1.799927,-1.087535,-8.009197,0.975171,0.052263,-0.791979,0.700000,0.420000,0.260000,0.000000,-1.000000,0.975171
844,1.798936,-1.097251,-8.017117,0.966299,0.051976,-0.893947,0.700000,0.420000,0.260000,0.000000,-1.000000,0.966299
845,1.797879,-1.106870,-8.026056,0.957378,0.052487,-0.990209,0.700000,0.420000,0.240000,0.000000,-1.000000,0.957378
846,1.796757,-1.116392,-8.035958,0.948405,0.053705,-1.079838,0.700000,0.400000,0.260000,0.000000,-1.000000,0.948405
847,1.795569,-1.125817,-8.046757,0.939373,0.055534,-1.162109,0.680000,0.480000,0.280000,0.000000,-1.000000,0.939373
848,1.794314,-1.135143,-8.058378,0.930278,0.057876,-1.236495,0.680000,0.480000,0.300000,0.000000,-1.000000,0.930278
849,1.792993,-1.144369,-8.070743,0.921113,0.060635,-1.302663,0.680000,0.460000,0.300000,0.050000,-1.000000,0.921113
850,1.791604,-1.153495,-8.083770,0.915376,0.063718,-1.360451,0.680000,0.460000,0.280000,0.050000,-1.000000,0.915376
851,1.790139,-1.162554,-8.097374,0.909561,0.067093,-1.410426,0.680000,0.460000,0.280000,0.050000,-1.000000,0.909561
852,1.788598,-1.171543,-8.111478,0.903667,0.070684,-1.452650,0.680000,0.440000,0.280000,0.050000,-1.000000,0.903667
853,1.786981,-1.180462,-8.126005,0.897693,0.074416,-1.487295,0.660000,0.440000,0.260000,0.050000,-1.000000,0.897693
854,1.785286,-1.189308,-8.140878,0.891638,0.078221,-1.514621,0.720000,0.440000,0.260000,0.050000,-1.000000,0.891638
855,1.783513,-1.198082,-8.156024,0.885505,0.082034,-1.534959,0.720000,0.440000,0.300000,0.050000,-1.000000,0.885505
856,1.781662,-1.206780,-8.171374,0.879297,0.085796,-1.548694,0.720000,0.420000,0.280000,0.050000,-1.000000,0.879297
857,1.779733,-1.215401,-8.186861,0.873019,0.089456,-1.556250,0.720000,0.420000,0.280000,0.050000,-1.000000,0.873019
858,1.777725,-1.223945,-8.202423,0.866677,0.092965,-1.558077,0.720000,0.460000,0.280000,0.050000,-1.000000,0.866677
859,1.775640,-1.232408,-8.218004,0.860278,0.096281,-1.554643,0.720000,0.460000,0.260000,0.050000,-1.000000,0.860278
860,1.773477,-1.240790,-8.233550,0.853830,0.099368,-1.546423,0.720000,0.440000,0.260000,0.050000,-1.000000,0.853830
861,1.771236,-1.249089,-8.249014,0.847342,0.102194,-1.533892,0.720000,0.440000,0.260000,0.050000,-1.000000,0.847342
862,1.768919,-1.257303,-8.264353,0.840823,0.104733,-1.517524,0.720000,0.480000,0.240000,0.050000,-1.000000,0.840823
863,1.766524,-1.265431,-8.279529,0.834281,0.106963,-1.497783,0.720000,0.480000,0.280000,0.050000,-1.000000,0.834281
864,1.764055,-1.273471,-8.294506,0.827727,0.108868,-1.475126,0.720000,0.480000,0.280000,0.050000,-1.000000,0.827727
865,1.761510,-1.281422,-8.309258,0.821168,0.110436,-1.449996,0.720000,0.480000,0.260000,0.050000,-1.000000,0.821168
866,1.758891,-1.289283,-8.323758,0.814614,0.111657,-1.422827,0.720000,0.460000,0.260000,0.050000,-1.000000,0.814614
867,1.756199,-1.297052,-8.337986,0.808073,0.112527,-1.394039,0.720000,0.460000,0.260000,0.050000,-1.000000,0.808073
868,1.753435,-1.304728,-8.351926,0.801552,0.113046,-1.364038,0.720000,0.460000,0.240000,0.050000,-1.000000,0.801552
869,1.750600,-1.312311,-8.365567,0.795057,0.113216,-1.333221,0.800000,0.460000,0.240000,0.050000,-1.000000,0.795057
870,1.747694,-1.319797,-8.378899,0.788596,0.113043,-1.301969,0.800000,0.460000,0.320000,0.050000,-1.000000,0.788596
871,1.744721,-1.327188,-8.391919,0.782173,0.112535,-1.270654,0.800000,0.460000,0.320000,0.050000,-1.000000,0.782173
872,1.741680,-1.334482,-8.404625,0.775792,0.111704,-1.239634,0.800000,0.440000,0.300000,0.050000,-1.000000,0.775792
873,1.738572,-1.341678,-8.417021,0.769456,0.110565,-1.209253,0.800000,0.500000,0.300000,0.050000,-1.000000,0.769456
874,1.735400,-1.348774,-8.429114,0.763170,0.109133,-1.179844,0.800000,0.480000,0.300000,0.050000,-1.000000,0.763170
875,1.732165,-1.355772,-8.440912,0.756933,0.107427,-1.151723,0.820000,0.480000,0.300000,0.050000,-1.000000,0.756933
876,1.728867,-1.362670,-8.452430,0.750748,0.105467,-1.125193,0.820000,0.480000,0.280000,0.050000,-1.000000,0.750748
877,1.725509,-1.369466,-8.463682,0.744614,0.103276,-1.100537,0.820000,0.480000,0.280000,0.050000,-1.000000,0.744614
878,1.722092,-1.376162,-8.474687,0.738531,0.100876,-1.078020,0.820000,0.480000,0.280000,0.050000,-1.000000,0.738531
879,1.718617,-1.382757,-8.485467,0.732499,0.098293,-1.057883,0.820000,0.480000,0.280000,0.050000,-1.000000,0.732499
880,1.715086,-1.389249,-8.496046,0.726516,0.095551,-1.040344,0.820000,0.480000,0.260000,0.050000,-1.000000,0.726516
881,1.711501,-1.395640,-8.506449,0.720580,0.092676,-1.025591,0.840000,0.460000,0.260000,0.050000,-1.000000,0.720580
882,1.707862,-1.401928,-8.516705,0.714689,0.089695,-1.013784,0.840000,0.460000,0.260000,0.050000,-1.000000,0.714689
883,1.704172,-1.408114,-8.526843,0.708840,0.086633,-1.005048,0.840000,0.460000,0.260000,0.050000,-1.000000,0.708840
884,1.700432,-1.414198,-8.536894,0.703032,0.083516,-0.999472,0.840000,0.460000,0.300000,0.050000,-1.000000,0.703032
885,1.696643,-1.420178,-8.546888,0.697262,0.080368,-0.997106,0.860000,0.460000,0.300000,0.050000,-1.000000,0.697262
886,1.692808,-1.426056,-8.556859,0.691527,0.077214,-0.997964,0.860000,0.460000,0.280000,0.050000,-1.000000,0.691527
887,1.688927,-1.431832,-8.566839,0.685824,0.074076,-1.002016,0.860000,0.460000,0.280000,0.050000,-1.000000,0.685824
888,1.685002,-1.437504,-8.576859,0.680152,0.070975,-1.009196,0.860000,0.460000,0.280000,0.050000,-1.000000,0.680152
889,1.681035,-1.443074,-8.586951,0.674508,0.067929,-1.019396,0.880000,0.440000,0.320000,0.050000,-1.000000,0.674508
890,1.677026,-1.448542,-8.597145,0.668890,0.064956,-1.032472,0.880000,0.440000,0.320000,0.050000,-1.000000,0.668890
891,1.672979,-1.453906,-8.607470,0.663296,0.062070,-1.048250,0.880000,0.500000,0.320000,0.050000,-1.000000,0.663296
892,1.668893,-1.459169,-8.617952,0.657723,0.059285,-1.066522,0.900000,0.500000,0.300000,0.050000,-1.000000,0.657723
893,1.664771,-1.464328,-8.628618,0.652172,0.056610,-1.087059,0.900000,0.500000,0.300000,0.050000,-1.000000,0.652172
894,1.660614,-1.469385,-8.639488,0.646640,0.054053,-1.109608,0.920000,0.500000,0.300000,0.050000,-1.000000,0.646640
895,1.656423,-1.474339,-8.650584,0.641126,0.051619,-1.133906,0.940000,0.500000,0.300000,0.050000,-1.000000,0.641126
896,1.652200,-1.479191,-8.661923,0.635628,0.049313,-1.159678,0.940000,0.500000,0.300000,0.050000,-1.000000,0.635628
897,1.647946,-1.483939,-8.673520,0.630147,0.047135,-1.186649,0.960000,0.500000,0.300000,0.050000,-1.000000,0.630147
898,1.643663,-1.488585,-8.685387,0.624680,0.045084,-1.214542,0.980000,0.500000,0.300000,0.050000,-1.000000,0.624680
899,1.639351,-1.493127,-8.697532,0.619227,0.043158,-1.243092,1.000000,0.500000,0.280000,0.050000,-1.000000,0.619227
900,1.635012,-1.497566,-8.709963,0.613788,0.041354,-1.272041,1.000000,0.500000,0.280000,0.050000,-1.000000,0.613788
901,1.630648,-1.501902,-8.722683,0.608362,0.039664,-1.301149,1.000000,0.500000,0.280000,0.050000,-1.000000,0.608362
902,1.626259,-1.506134,-8.735695,0.602948,0.038084,-1.330193,1.000000,0.500000,0.320000,0.050000,-1.000000,0.602948
903,1.621848,-1.510261,-8.748997,0.597545,0.036605,-1.358972,1.000000,0.500000,0.320000,0.050000,-1.000000,0.597545
904,1.617414,-1.514285,-8.762587,0.592154,0.035219,-1.387306,1.000000,0.520000,0.320000,0.050000,-1.000000,0.592154
905,1.612961,-1.518203,-8.776460,0.586775,0.033917,-1.415040,1.000000,0.520000,0.320000,0.050000,-1.000000,0.586775
906,1.608489,-1.522017,-8.790610,0.581406,0.032690,-1.442042,1.000000,0.520000,0.320000,0.050000,-1.000000,0.581406
907,1.603999,-1.525725,-8.805030,0.576048,0.031530,-1.468204,1.000000,0.520000,0.320000,0.050000,-1.000000,0.576048
908,1.599493,-1.529328,-8.819712,0.570700,0.030425,-1.493443,1.000000,0.600000,0.320000,0.050000,-1.000000,0.570700
909,1.594972,-1.532824,-8.834647,0.565364,0.029368,-1.517696,1.000000,0.600000,0.320000,0.050000,-1.000000,0.565364
910,1.590438,-1.536214,-8.849824,0.560038,0.028349,-1.540924,1.000000,0.620000,0.320000,0.050000,-1.000000,0.560038
911,1.585892,-1.539497,-8.865233,0.554723,0.027360,-1.563106,1.000000,0.620000,0.320000,0.050000,-1.000000,0.554723
912,1.581336,-1.542674,-8.880864,0.549419,0.026393,-1.584241,1.000000,0.640000,0.320000,0.050000,-1.000000,0.549419
913,1.576771,-1.545743,-8.896707,0.544128,0.025440,-1.604343,1.000000,0.660000,0.320000,0.050000,-1.000000,0.544128
914,1.572200,-1.548704,-8.912750,0.538848,0.024493,-1.623441,1.000000,0.660000,0.320000,0.050000,-1.000000,0.538848
915,1.567622,-1.551558,-8.928984,0.533581,0.023547,-1.641578,1.000000,0.680000,0.320000,0.050000,-1.000000,0.533581
916,1.563041,-1.554303,-8.945400,0.528327,0.022596,-1.658808,1.000000,0.700000,0.380000,0.050000,-1.000000,0.528327
917,1.558457,-1.556941,-8.961988,0.523088,0.021634,-1.675192,1.000000,0.720000,0.380000,0.050000,-1.000000,0.523088
918,1.553873,-1.559470,-8.978740,0.517863,0.020658,-1.690801,1.000000,0.740000,0.400000,0.050000,-0.450000,0.517863
919,1.549290,-1.561890,-8.995648,0.517433,0.017652,-1.791694,1.000000,0.760000,0.400000,0.050000,-0.450000,0.517433
920,1.544659,-1.564203,-9.013565,0.517082,0.015237,-1.887779,1.000000,0.780000,0.400000,0.050000,-0.450000,0.517082
921,1.539980,-1.566410,-9.032443,0.516801,0.013365,-1.978488,1.000000,0.820000,0.400000,0.150000,-0.450000,0.516801
922,1.535256,-1.568509,-9.052228,0.523581,0.011984,-2.063454,1.000000,0.840000,0.420000,0.200000,-0.350000,0.523581
923,1.530422,-1.570527,-9.072862,0.535079,0.012160,-2.105118,1.000000,0.900000,0.420000,0.300000,-0.350000,0.535079
924,1.525442,-1.572485,-9.093914,0.553568,0.012804,-2.147218,1.000000,0.940000,0.420000,0.350000,-0.350000,0.553568
925,1.520248,-1.574405,-9.115386,0.575524,0.014071,-2.192137,1.000000,1.000000,0.440000,0.450000,-0.300000,0.575524
926,1.514809,-1.576291,-9.137307,0.605001,0.016781,-2.208558,1.000000,1.000000,0.440000,0.450000,-0.300000,0.605001
927,1.509054,-1.578167,-9.159393,0.634368,0.020135,-2.233240,1.000000,1.000000,0.520000,0.450000,-0.150000,0.634368
928,1.502986,-1.580026,-9.181725,0.665022,0.027508,-2.121081,1.000000,1.000000,0.540000,0.450000,-0.100000,0.665022
929,1.496597,-1.581893,-9.202936,0.695751,0.035742,-1.972142,0.840000,1.000000,0.560000,0.450000,-0.050000,0.695751
930,1.489889,-1.583773,-9.222657,0.726475,0.044533,-1.786464,0.740000,1.000000,0.560000,0.450000,-0.050000,0.726475
931,1.482861,-1.585667,-9.240522,0.757073,0.051999,-1.630821,0.680000,1.000000,0.580000,0.450000,0.000000,0.757073
932,1.475514,-1.587565,-9.256830,0.787676,0.059935,-1.433772,0.620000,1.000000,0.600000,0.450000,0.000000,0.787676
933,1.467848,-1.589473,-9.271168,0.818264,0.066374,-1.263469,0.580000,1.000000,0.600000,0.450000,0.000000,0.818264
934,1.459863,-1.591381,-9.283803,0.848868,0.071556,-1.115044,0.560000,1.000000,0.620000,0.450000,0.050000,0.848868
935,1.451560,-1.593282,-9.294953,0.879503,0.077213,-0.918863,0.540000,1.000000,0.620000,0.450000,0.050000,0.879503
936,1.442938,-1.595186,-9.304142,0.910239,0.081273,-0.744160,0.520000,1.000000,0.640000,0.450000,0.100000,0.910239
937,1.434000,-1.597089,-9.311583,0.940957,0.085469,-0.521757,0.520000,1.000000,0.640000,0.450000,0.100000,0.940957
938,1.424747,-1.599001,-9.316801,0.971857,0.087712,-0.320475,0.500000,1.000000,0.640000,0.450000,0.100000,0.971857
939,1.415180,-1.600920,-9.320006,1.002935,0.088197,-0.137570,0.500000,1.000000,0.640000,0.450000,0.100000,1.002935
940,1.405298,-1.602846,-9.321381,1.034177,0.087092,0.029153,0.520000,1.000000,0.640000,0.450000,0.100000,1.034177
941,1.395101,-1.604780,-9.321090,1.065564,0.084540,0.181447,0.520000,1.000000,0.640000,0.450000,0.100000,1.065564
942,1.384590,-1.606723,-9.319275,1.097072,0.080668,0.320721,0.520000,1.000000,0.640000,0.450000,0.100000,1.097072
943,1.373765,-1.608681,-9.316068,1.128671,0.075584,0.448130,0.540000,1.000000,0.620000,0.450000,0.050000,1.128671
944,1.362627,-1.610657,-9.311587,1.160445,0.067845,0.498646,0.560000,1.000000,0.620000,0.450000,0.050000,1.160445
945,1.351174,-1.612642,-9.306600,1.192201,0.059919,0.543889,0.580000,1.000000,0.600000,0.450000,0.000000,1.192201
946,1.339406,-1.614642,-9.301161,1.223905,0.050302,0.519166,0.600000,1.000000,0.600000,0.450000,0.000000,1.223905
947,1.327322,-1.616651,-9.295970,1.255538,0.041388,0.494055,0.620000,1.000000,0.580000,0.450000,0.000000,1.255538
948,1.314924,-1.618674,-9.291029,1.287108,0.033137,0.468844,0.640000,1.000000,0.580000,0.450000,0.000000,1.287108
949,1.302212,-1.620719,-9.286341,1.318622,0.025513,0.443766,0.660000,1.000000,0.580000,0.450000,0.000000,1.318622
950,1.289187,-1.622791,-9.281903,1.350087,0.018479,0.419005,0.680000,1.000000,0.560000,0.450000,-0.050000,1.350087
951,1.275850,-1.624896,-9.277713,1.381398,0.010496,0.330306,0.700000,1.000000,0.560000,0.450000,-0.050000,1.381398
952,1.262200,-1.627024,-9.274410,1.412672,0.003975,0.245623,0.720000,1.000000,0.540000,0.450000,-0.150000,1.412672
953,1.248239,-1.629180,-9.271954,1.443341,-0.003831,0.051036,0.740000,1.000000,0.540000,0.450000,-0.150000,1.443341
954,1.233968,-1.631339,-9.271443,1.474025,-0.008646,-0.135357,0.760000,1.000000,0.540000,0.450000,-0.100000,1.474025
955,1.219388,-1.633505,-9.272797,1.505076,-0.009291,-0.257165,0.760000,1.000000,0.540000,0.450000,-0.100000,1.505076
956,1.204496,-1.635692,-9.275369,1.536139,-0.008067,-0.372005,0.760000,1.000000,0.540000,0.450000,-0.100000,1.536139
957,1.189294,-1.637899,-9.279089,1.567204,-0.005078,-0.480001,0.760000,1.000000,0.540000,0.450000,-0.100000,1.567204
958,1.173781,-1.640124,-9.283889,1.598254,-0.000426,-0.581308,0.740000,1.000000,0.540000,0.450000,-0.100000,1.598254
959,1.157956,-1.642364,-9.289702,1.629270,0.005790,-0.676098,0.740000,1.000000,0.540000,0.450000,-0.100000,1.629270
960,1.141819,-1.644615,-9.296463,1.660230,0.013477,-0.764558,0.720000,1.000000,0.540000,0.450000,-0.100000,1.660230
961,1.125371,-1.646873,-9.304108,1.691108,0.022546,-0.846884,0.700000,1.000000,0.540000,0.450000,-0.100000,1.691108
962,1.108610,-1.649133,-9.312577,1.721877,0.032909,-0.923287,0.680000,1.000000,0.560000,0.450000,-0.050000,1.721877
963,1.091536,-1.651388,-9.321810,1.752738,0.045917,-0.932762,0.680000,1.000000,0.560000,0.450000,-0.050000,1.752738
964,1.074149,-1.653646,-9.331138,1.783455,0.058931,-0.940247,0.660000,1.000000,0.560000,0.450000,-0.050000,1.783455
965,1.056447,-1.655900,-9.340540,1.814026,0.071940,-0.945953,0.640000,1.000000,0.580000,0.450000,0.000000,1.814026
966,1.038432,-1.658144,-9.350000,1.844564,0.086437,-0.885809,0.620000,1.000000,0.580000,0.450000,0.000000,1.844564
967,1.020102,-1.660384,-9.358858,1.875008,0.099671,-0.827672,0.620000,1.000000,0.580000,0.450000,0.000000,1.875008
968,1.001459,-1.662613,-9.367134,1.905383,0.111701,-0.771583,0.600000,1.000000,0.600000,0.450000,0.000000,1.905383
969,0.982501,-1.664826,-9.374850,1.935711,0.122584,-0.717541,0.600000,1.000000,0.600000,0.450000,0.000000,1.935711
970,0.963229,-1.667017,-9.382026,1.966012,0.132374,-0.665522,0.580000,1.000000,0.600000,0.450000,0.000000,1.966012
971,0.943644,-1.669179,-9.388681,1.996301,0.141123,-0.615485,0.580000,1.000000,0.600000,0.450000,0.000000,1.996301
972,0.923744,-1.671310,-9.394836,2.026592,0.148878,-0.567381,0.580000,1.000000,0.620000,0.450000,0.050000,2.026592
973,0.903532,-1.673405,-9.400510,2.056921,0.157203,-0.456137,0.580000,1.000000,0.620000,0.450000,0.050000,2.056921
974,0.883007,-1.675476,-9.405071,2.087373,0.163239,-0.349505,0.560000,1.000000,0.620000,0.450000,0.050000,2.087373
975,0.862170,-1.677519,-9.408566,2.117967,0.167086,-0.247292,0.560000,1.000000,0.620000,0.450000,0.050000,2.117967
976,0.841020,-1.679533,-9.411039,2.148710,0.168837,-0.149324,0.560000,1.000000,0.620000,0.450000,0.050000,2.148710
977,0.819558,-1.681516,-9.412532,2.179604,0.168584,-0.055452,0.580000,1.000000,0.620000,0.400000,0.050000,2.179604
978,0.797784,-1.683469,-9.413087,2.207146,0.166409,0.034441,0.580000,1.000000,0.620000,0.400000,0.050000,2.207146
979,0.775734,-1.685391,-9.412742,2.234827,0.162389,0.120457,0.580000,1.000000,0.600000,0.400000,0.000000,2.234827
980,0.753407,-1.687284,-9.411538,2.262597,0.155102,0.138182,0.580000,1.000000,0.600000,0.400000,0.000000,2.262597
981,0.730803,-1.689134,-9.410156,2.290374,0.147628,0.154208,0.600000,1.000000,0.600000,0.400000,0.000000,2.290374
982,0.707923,-1.690945,-9.408614,2.318154,0.139999,0.168574,0.600000,1.000000,0.600000,0.400000,0.000000,2.318154
983,0.684768,-1.692720,-9.406928,2.345931,0.132244,0.181321,0.600000,1.000000,0.580000,0.400000,0.000000,2.345931
984,0.661336,-1.694461,-9.405115,2.373701,0.124392,0.192496,0.620000,1.000000,0.580000,0.400000,0.000000,2.373701
985,0.637628,-1.696171,-9.403190,2.401459,0.116471,0.202151,0.620000,1.000000,0.580000,0.400000,0.000000,2.401459
986,0.613644,-1.697854,-9.401168,2.429203,0.108511,0.210338,0.640000,1.000000,0.560000,0.400000,-0.050000,2.429203
987,0.589384,-1.699512,-9.399065,2.456782,0.099080,0.154817,0.640000,1.000000,0.560000,0.400000,-0.050000,2.456782
988,0.564850,-1.701134,-9.397517,2.484281,0.091214,0.099575,0.640000,1.000000,0.560000,-1.000000,-0.050000,2.484281
989,0.540041,-1.702723,-9.396521,2.413713,0.084894,0.044882,0.660000,1.000000,0.540000,0.400000,-0.150000,2.413713
990,0.515938,-1.704254,-9.396072,2.440489,0.077575,-0.114521,0.660000,1.000000,0.540000,0.400000,-0.100000,2.440489
991,0.491565,-1.705730,-9.397217,2.467511,0.075451,-0.221353,0.660000,1.000000,0.540000,-1.000000,-0.100000,2.467511
992,0.466920,-1.707164,-9.399431,2.396451,0.076050,-0.325160,0.660000,1.000000,0.540000,0.400000,-0.100000,2.396451
993,0.442983,-1.708532,-9.402683,2.423340,0.078895,-0.424431,0.660000,1.000000,0.540000,0.400000,-0.100000,2.423340
994,0.418773,-1.709856,-9.406927,2.450132,0.084171,-0.519911,0.640000,1.000000,0.540000,0.400000,-0.100000,2.450132
995,0.394290,-1.711135,-9.412126,2.476808,0.091782,-0.611325,0.640000,1.000000,0.540000,-1.000000,-0.100000,2.476808
996,0.369536,-1.712366,-9.418239,2.405344,0.101625,-0.698452,0.640000,1.000000,0.560000,0.400000,-0.050000,2.405344
997,0.345489,-1.713539,-9.425224,2.432014,0.114154,-0.721921,0.620000,1.000000,0.560000,0.400000,-0.050000,2.432014
998,0.321169,-1.714670,-9.432443,2.458552,0.127154,-0.743203,0.620000,1.000000,0.580000,0.400000,0.000000,2.458552
999,0.296574,-1.715753,-9.439875,2.485091,0.142047,-0.699680,0.600000,1.000000,0.580000,-1.000000,0.000000,2.485091
