step,x,y,mu,vx,vy,omega,lidar_l,lidar_c,lidar_r,throttle,steering,reward
0,-1.628346,1.500663,0.230742,0.000000,0.000000,0.000000,0.400000,1.000000,0.740000,0.100000,0.100000,0.000000
1,-1.628346,1.500663,0.230742,0.007000,0.000000,0.000000,0.400000,1.000000,0.740000,0.100000,0.100000,0.007000
2,-1.628278,1.500679,0.230742,0.014000,0.000000,0.000000,0.400000,1.000000,0.740000,0.100000,0.100000,0.014000
3,-1.628141,1.500711,0.230742,0.020701,0.002975,0.127252,0.400000,1.000000,0.740000,0.100000,0.100000,0.020701
4,-1.627947,1.500788,0.232014,0.028270,-0.000702,-0.209502,0.400000,1.000000,0.740000,0.100000,0.100000,0.028270
5,-1.627670,1.500846,0.229919,0.034515,0.001159,0.391416,0.400000,1.000000,0.740000,0.100000,0.100000,0.034515
6,-1.627336,1.500936,0.233834,0.042151,0.001702,-0.216668,0.400000,1.000000,0.740000,0.100000,0.100000,0.042151
7,-1.626930,1.501050,0.231667,0.048589,0.001774,0.292836,0.400000,1.000000,0.740000,0.100000,0.100000,0.048589
8,-1.626462,1.501179,0.234595,0.055915,0.003147,-0.073580,0.400000,1.000000,0.740000,0.100000,0.100000,0.055915
9,-1.625925,1.501339,0.233859,0.062665,0.002463,0.187146,0.400000,1.000000,0.740000,0.100000,0.100000,0.062665
10,-1.625321,1.501508,0.235731,0.069748,0.003547,0.057569,0.400000,1.000000,0.740000,0.100000,0.100000,0.069748
11,-1.624651,1.501706,0.236307,0.076671,0.003482,0.130155,0.400000,1.000000,0.740000,0.100000,0.100000,0.076671
12,-1.623914,1.501919,0.237608,0.083657,0.003919,0.119937,0.400000,1.000000,0.720000,0.100000,0.100000,0.083657
13,-1.623110,1.502154,0.238807,0.090625,0.004199,0.134743,0.400000,1.000000,0.720000,0.100000,0.100000,0.090625
14,-1.622240,1.502409,0.240155,0.097597,0.004503,0.144426,0.400000,1.000000,0.720000,0.100000,0.100000,0.097597
15,-1.621302,1.502685,0.241599,0.104568,0.004799,0.154690,0.400000,1.000000,0.720000,0.100000,0.100000,0.104568
16,-1.620298,1.502982,0.243146,0.111539,0.005090,0.164913,0.420000,1.000000,0.720000,0.100000,0.100000,0.111539
17,-1.619228,1.503300,0.244795,0.118510,0.005376,0.175118,0.420000,1.000000,0.720000,0.100000,0.100000,0.118510
18,-1.618091,1.503639,0.246546,0.125481,0.005655,0.185304,0.420000,1.000000,0.720000,0.100000,0.100000,0.125481
19,-1.616888,1.504000,0.248399,0.132452,0.005929,0.195470,0.420000,1.000000,0.720000,0.100000,0.100000,0.132452
20,-1.615619,1.504384,0.250354,0.139423,0.006195,0.205616,0.420000,1.000000,0.720000,0.100000,0.100000,0.139423
21,-1.614284,1.504789,0.252410,0.146393,0.006455,0.215740,0.420000,1.000000,0.720000,0.100000,0.100000,0.146393
22,-1.612882,1.505217,0.254568,0.153364,0.006708,0.225840,0.420000,1.000000,0.700000,0.100000,0.100000,0.153364
23,-1.611415,1.505668,0.256826,0.160335,0.006952,0.235917,0.420000,1.000000,0.700000,0.100000,0.100000,0.160335
24,-1.609882,1.506143,0.259185,0.167305,0.007189,0.245969,0.420000,1.000000,0.700000,0.100000,0.100000,0.167305
25,-1.608283,1.506641,0.261645,0.174275,0.007418,0.255994,0.420000,1.000000,0.700000,0.100000,0.100000,0.174275
26,-1.606619,1.507163,0.264205,0.181245,0.007638,0.265992,0.420000,1.000000,0.700000,0.100000,0.100000,0.181245
27,-1.604889,1.507711,0.266865,0.188214,0.007849,0.275962,0.420000,1.000000,0.700000,0.100000,0.100000,0.188214
28,-1.603094,1.508283,0.269624,0.195184,0.008051,0.285903,0.420000,1.000000,0.680000,0.100000,0.100000,0.195184
29,-1.601235,1.508880,0.272483,0.202153,0.008244,0.295813,0.420000,1.000000,0.680000,0.100000,0.100000,0.202153
30,-1.599310,1.509504,0.275442,0.209121,0.008426,0.305692,0.420000,1.000000,0.680000,0.100000,0.100000,0.209121
31,-1.597320,1.510153,0.278498,0.216089,0.008599,0.315538,0.400000,1.000000,0.680000,0.100000,0.100000,0.216089
32,-1.595266,1.510830,0.281654,0.223056,0.008760,0.325351,0.400000,1.000000,0.680000,0.100000,0.100000,0.223056
33,-1.593148,1.511534,0.284907,0.230023,0.008912,0.335129,0.400000,1.000000,0.660000,0.100000,0.100000,0.230023
34,-1.590966,1.512266,0.288259,0.236989,0.009052,0.344872,0.400000,1.000000,0.660000,0.100000,0.100000,0.236989
35,-1.588719,1.513027,0.291707,0.243954,0.009180,0.354578,0.400000,1.000000,0.660000,0.100000,0.100000,0.243954
36,-1.586409,1.513816,0.295253,0.250918,0.009297,0.364246,0.400000,1.000000,0.660000,0.100000,0.100000,0.250918
37,-1.584036,1.514635,0.298896,0.257882,0.009402,0.373876,0.400000,1.000000,0.660000,0.100000,0.100000,0.257882
38,-1.581599,1.515485,0.302634,0.264844,0.009495,0.383466,0.400000,1.000000,0.640000,0.100000,0.100000,0.264844
39,-1.579099,1.516365,0.306469,0.271806,0.009575,0.393016,0.400000,1.000000,0.640000,0.100000,0.100000,0.271806
40,-1.576536,1.517276,0.310399,0.278766,0.009642,0.402524,0.400000,1.000000,0.640000,0.100000,0.100000,0.278766
41,-1.573911,1.518219,0.314424,0.285725,0.009696,0.411990,0.440000,1.000000,0.640000,0.100000,0.100000,0.285725
42,-1.571224,1.519195,0.318544,0.292683,0.009737,0.421412,0.460000,1.000000,0.640000,0.100000,0.100000,0.292683
43,-1.568475,1.520204,0.322758,0.299639,0.009764,0.430789,0.460000,1.000000,0.620000,0.100000,0.100000,0.299639
44,-1.565664,1.521247,0.327066,0.306593,0.009778,0.440122,0.460000,1.000000,0.620000,0.100000,0.100000,0.306593
45,-1.562792,1.522325,0.331468,0.313546,0.009777,0.449408,0.460000,1.000000,0.620000,0.100000,0.100000,0.313546
46,-1.559859,1.523438,0.335962,0.320497,0.009761,0.458647,0.460000,1.000000,0.620000,0.100000,0.100000,0.320497
47,-1.556866,1.524586,0.340548,0.327446,0.009731,0.467837,0.460000,1.000000,0.600000,0.100000,0.100000,0.327446
48,-1.553812,1.525772,0.345226,0.334393,0.009686,0.476979,0.460000,1.000000,0.600000,0.100000,0.100000,0.334393
49,-1.550698,1.526994,0.349996,0.341338,0.009626,0.486071,0.460000,1.000000,0.600000,0.100000,0.100000,0.341338
50,-1.547525,1.528255,0.354857,0.348280,0.009551,0.495111,0.440000,1.000000,0.600000,0.100000,0.100000,0.348280
51,-1.544292,1.529555,0.359808,0.355220,0.009459,0.504101,0.440000,1.000000,0.580000,0.100000,0.100000,0.355220
52,-1.541001,1.530894,0.364849,0.362157,0.009352,0.513037,0.440000,1.000000,0.580000,0.100000,0.100000,0.362157
53,-1.537651,1.532274,0.369979,0.369092,0.009229,0.521920,0.440000,1.000000,0.580000,0.100000,0.100000,0.369092
54,-1.534243,1.533694,0.375199,0.376023,0.009089,0.530749,0.440000,1.000000,0.580000,0.100000,0.100000,0.376023
55,-1.530778,1.535157,0.380506,0.382951,0.008933,0.539523,1.000000,1.000000,0.560000,0.100000,0.100000,0.382951
56,-1.527255,1.536662,0.385901,0.389876,0.008760,0.548241,1.000000,1.000000,0.560000,0.100000,0.100000,0.389876
57,-1.523676,1.538211,0.391384,0.396798,0.008570,0.556903,1.000000,0.980000,0.560000,0.100000,0.100000,0.396798
58,-1.520041,1.539804,0.396953,0.403716,0.008363,0.565507,1.000000,0.960000,0.560000,0.100000,0.000000,0.403716
59,-1.516350,1.541442,0.402608,0.410749,0.005075,0.443043,1.000000,0.940000,0.540000,0.100000,0.000000,0.410749
60,-1.512591,1.543098,0.407038,0.417757,0.002705,0.347015,1.000000,0.940000,0.540000,0.100000,0.000000,0.417757
61,-1.508765,1.544776,0.410508,0.424752,0.001025,0.271832,1.000000,0.920000,0.540000,0.100000,0.000000,0.424752
62,-1.504875,1.546481,0.413227,0.431739,-0.000140,0.212957,1.000000,0.920000,0.540000,0.100000,0.000000,0.431739
63,-1.500920,1.548213,0.415356,0.438723,-0.000925,0.166809,1.000000,0.900000,0.540000,0.100000,0.000000,0.438723
64,-1.496902,1.549975,0.417024,0.445705,-0.001433,0.130593,1.000000,0.900000,0.520000,0.100000,0.000000,0.445705
65,-1.492821,1.551767,0.418330,0.452686,-0.001738,0.102139,1.000000,0.900000,0.520000,0.100000,0.000000,0.452686
66,-1.488678,1.553590,0.419352,0.459667,-0.001898,0.079762,1.000000,0.880000,0.520000,0.100000,0.000000,0.459667
67,-1.484472,1.555445,0.420149,0.466647,-0.001956,0.062151,1.000000,0.880000,0.520000,0.100000,0.000000,0.466647
68,-1.480203,1.557330,0.420771,0.473627,-0.001942,0.048286,1.000000,0.880000,0.520000,0.100000,0.000000,0.473627
69,-1.475872,1.559247,0.421254,0.480607,-0.001879,0.037369,1.000000,0.880000,0.520000,0.100000,0.000000,0.480607
70,-1.471478,1.561195,0.421627,0.487587,-0.001786,0.028776,1.000000,0.860000,0.520000,0.100000,-0.100000,0.487587
71,-1.467022,1.563174,0.421915,0.494273,-0.004655,-0.105513,1.000000,0.860000,0.520000,0.100000,-0.100000,0.494273
72,-1.462494,1.565156,0.420860,0.501003,-0.006590,-0.217979,1.000000,0.860000,0.500000,0.100000,-0.100000,0.501003
73,-1.457894,1.567143,0.418680,0.507770,-0.007784,-0.311986,1.000000,0.860000,0.500000,0.100000,-0.100000,0.507770
74,-1.453223,1.569136,0.415560,0.514569,-0.008399,-0.390558,1.000000,0.860000,0.500000,0.100000,-0.100000,0.514569
75,-1.448482,1.571136,0.411655,0.521391,-0.008565,-0.456313,1.000000,0.860000,0.500000,0.100000,-0.100000,0.521391
76,-1.443669,1.573144,0.407092,0.528229,-0.008386,-0.511472,1.000000,0.880000,0.500000,0.100000,0.000000,0.528229
77,-1.438785,1.575159,0.401977,0.535248,-0.004881,-0.426863,1.000000,0.880000,0.500000,0.100000,0.000000,0.535248
78,-1.433840,1.577208,0.397708,0.542244,-0.002188,-0.355655,1.000000,0.880000,0.500000,0.100000,0.000000,0.542244
79,-1.428833,1.579288,0.394152,0.549227,-0.000147,-0.295846,1.000000,0.880000,0.500000,0.100000,0.000000,0.549227
80,-1.423761,1.581396,0.391193,0.556201,0.001372,-0.245671,1.000000,0.880000,0.500000,0.100000,0.000000,0.556201
81,-1.418624,1.583529,0.388737,0.563172,0.002477,-0.203611,1.000000,0.880000,0.500000,0.100000,0.000000,0.563172
82,-1.413422,1.585686,0.386701,0.570139,0.003254,-0.168375,1.000000,0.880000,0.500000,0.100000,0.000000,0.570139
83,-1.408154,1.587867,0.385017,0.577106,0.003775,-0.138876,1.000000,0.880000,0.500000,0.100000,0.000000,0.577106
84,-1.402820,1.590069,0.383628,0.584073,0.004095,-0.114197,1.000000,0.880000,0.500000,0.100000,0.000000,0.584073
85,-1.397419,1.592293,0.382486,0.591039,0.004260,-0.093569,1.000000,0.880000,0.500000,0.100000,0.000000,0.591039
86,-1.391951,1.594539,0.381550,0.598005,0.004306,-0.076347,1.000000,0.880000,0.500000,0.100000,0.000000,0.598005
87,-1.386418,1.596805,0.380787,0.604971,0.004264,-0.061985,1.000000,0.880000,0.500000,0.100000,0.000000,0.604971
88,-1.380817,1.599093,0.380167,0.611937,0.004156,-0.050028,1.000000,0.880000,0.500000,0.100000,0.000000,0.611937
89,-1.375150,1.601403,0.379667,0.618903,0.004000,-0.040090,1.000000,0.880000,0.480000,0.100000,0.000000,0.618903
90,-1.369416,1.603734,0.379266,0.625869,0.003811,-0.031847,1.000000,0.860000,0.480000,0.100000,-0.100000,0.625869
91,-1.363617,1.606086,0.378947,0.632523,0.000643,-0.151583,1.000000,0.860000,0.480000,0.100000,-0.100000,0.632523
92,-1.357743,1.608432,0.377432,0.639206,-0.001514,-0.256915,1.000000,0.860000,0.480000,0.100000,-0.100000,0.639206
93,-1.351795,1.610774,0.374862,0.645916,-0.002827,-0.349213,1.000000,0.860000,0.480000,0.100000,-0.100000,0.645916
94,-1.345774,1.613113,0.371370,0.652648,-0.003442,-0.429872,1.000000,0.860000,0.480000,0.100000,-0.100000,0.652648
95,-1.339680,1.615449,0.367072,0.659397,-0.003484,-0.500235,1.000000,0.860000,0.480000,0.100000,-0.100000,0.659397
96,-1.333513,1.617783,0.362069,0.666157,-0.003061,-0.561548,1.000000,0.880000,0.480000,0.100000,0.000000,0.666157
97,-1.327272,1.620114,0.356454,0.673136,0.000786,-0.484594,1.000000,0.880000,0.480000,0.100000,0.000000,0.673136
98,-1.320967,1.622470,0.351608,0.680094,0.003809,-0.417131,1.000000,0.880000,0.480000,0.100000,0.000000,0.680094
99,-1.314595,1.624848,0.347437,0.687038,0.006143,-0.358112,1.000000,0.900000,0.480000,0.100000,0.000000,0.687038
100,-1.308156,1.627245,0.343855,0.693976,0.007904,-0.306567,1.000000,0.900000,0.480000,0.100000,0.000000,0.693976
101,-1.301649,1.629659,0.340790,0.700911,0.009191,-0.261616,1.000000,0.900000,0.480000,0.100000,0.000000,0.700911
102,-1.295074,1.632088,0.338174,0.707845,0.010087,-0.222470,1.000000,0.900000,0.480000,0.100000,0.000000,0.707845
103,-1.288430,1.634532,0.335949,0.714780,0.010663,-0.188431,1.000000,0.900000,0.480000,0.100000,0.000000,0.714780
104,-1.281717,1.636989,0.334065,0.721716,0.010979,-0.158879,1.000000,0.900000,0.480000,0.100000,0.000000,0.721716
105,-1.274934,1.639459,0.332476,0.728654,0.011085,-0.133268,1.000000,0.900000,0.460000,0.100000,0.000000,0.728654
106,-1.268083,1.641942,0.331143,0.735594,0.011023,-0.111116,1.000000,0.900000,0.460000,0.100000,0.000000,0.735594
107,-1.261163,1.644438,0.330032,0.742535,0.010830,-0.091997,1.000000,0.880000,0.460000,0.100000,0.000000,0.742535
108,-1.254173,1.646947,0.329112,0.749478,0.010534,-0.075534,1.000000,0.880000,0.460000,0.100000,0.000000,0.749478
109,-1.247115,1.649469,0.328357,0.756422,0.010161,-0.061396,1.000000,0.880000,0.460000,0.100000,0.000000,0.756422
110,-1.239987,1.652004,0.327743,0.763367,0.009731,-0.049291,1.000000,0.880000,0.460000,0.100000,0.000000,0.763367
111,-1.232791,1.654554,0.327250,0.770313,0.009262,-0.038959,1.000000,0.860000,0.460000,0.100000,-0.100000,0.770313
112,-1.225527,1.657118,0.326860,0.776931,0.005830,-0.155752,1.000000,0.860000,0.440000,0.100000,-0.100000,0.776931
113,-1.218187,1.659667,0.325303,0.783567,0.003536,-0.261501,1.000000,0.860000,0.440000,0.100000,-0.100000,0.783567
114,-1.210774,1.662205,0.322688,0.790222,0.002222,-0.356787,1.000000,0.860000,0.440000,0.100000,-0.100000,0.790222
115,-1.203287,1.664732,0.319120,0.796891,0.001748,-0.442309,1.000000,0.860000,0.440000,0.100000,-0.100000,0.796891
116,-1.195726,1.667249,0.314697,0.803569,0.001987,-0.518819,1.000000,0.880000,0.440000,0.100000,0.000000,0.803569
117,-1.188091,1.669755,0.309508,0.810504,0.005849,-0.457811,1.000000,0.880000,0.440000,0.100000,0.000000,0.810504
118,-1.180389,1.672279,0.304930,0.817421,0.008963,-0.402772,1.000000,0.880000,0.440000,0.100000,0.000000,0.817421
119,-1.172618,1.674819,0.300903,0.824328,0.011431,-0.353231,1.000000,0.880000,0.440000,0.100000,0.000000,0.824328
120,-1.164779,1.677371,0.297370,0.831229,0.013344,-0.308730,1.000000,0.900000,0.440000,0.100000,0.000000,0.831229
121,-1.156871,1.679934,0.294283,0.838129,0.014783,-0.268831,1.000000,0.900000,0.440000,0.100000,0.000000,0.838129
122,-1.148893,1.682507,0.291595,0.845030,0.015817,-0.233125,1.000000,0.900000,0.440000,0.100000,0.000000,0.845030
123,-1.140845,1.685088,0.289263,0.851932,0.016507,-0.201232,1.000000,0.900000,0.440000,0.100000,0.000000,0.851932
124,-1.132726,1.687676,0.287251,0.858837,0.016907,-0.172802,1.000000,0.900000,0.440000,0.100000,0.000000,0.858837
125,-1.124538,1.690271,0.285523,0.865744,0.017065,-0.147514,1.000000,0.880000,0.420000,0.100000,0.000000,0.865744
126,-1.116279,1.692874,0.284048,0.872655,0.017021,-0.125070,1.000000,0.880000,0.420000,0.100000,0.000000,0.872655
127,-1.107950,1.695483,0.282797,0.879569,0.016810,-0.105201,1.000000,0.880000,0.420000,0.100000,0.000000,0.879569
128,-1.099550,1.698098,0.281745,0.886485,0.016464,-0.087657,1.000000,0.880000,0.420000,0.100000,0.000000,0.886485
129,-1.091081,1.700721,0.280869,0.893404,0.016009,-0.072212,1.000000,0.880000,0.420000,0.100000,0.000000,0.893404
130,-1.082541,1.703351,0.280147,0.900324,0.015469,-0.058656,1.000000,0.860000,0.420000,0.100000,-0.100000,0.900324
131,-1.073932,1.705989,0.279560,0.906905,0.011946,-0.171540,1.000000,0.860000,0.400000,0.100000,-0.100000,0.906905
132,-1.065248,1.708607,0.277845,0.913495,0.009653,-0.275532,1.000000,0.860000,0.400000,0.100000,-0.100000,0.913495
133,-1.056490,1.711205,0.275089,0.920094,0.008444,-0.370836,1.000000,0.860000,0.400000,0.100000,-0.100000,0.920094
134,-1.047658,1.713786,0.271381,0.926699,0.008184,-0.457790,1.000000,0.860000,0.400000,0.100000,-0.100000,0.926699
135,-1.038752,1.716349,0.266803,0.933305,0.008747,-0.536816,1.000000,0.880000,0.400000,0.100000,0.000000,0.933305
136,-1.029772,1.718894,0.261435,0.940183,0.013018,-0.480143,1.000000,0.880000,0.400000,0.100000,0.000000,0.940183
137,-1.020723,1.721449,0.256633,0.947045,0.016518,-0.428049,1.000000,0.880000,0.400000,0.100000,0.000000,0.947045
138,-1.011605,1.724013,0.252353,0.953898,0.019338,-0.380280,1.000000,0.900000,0.400000,0.100000,0.000000,0.953898
139,-1.002416,1.726582,0.248550,0.960747,0.021560,-0.336573,1.000000,0.900000,0.400000,0.100000,0.000000,0.960747
140,-0.993157,1.729154,0.245184,0.967596,0.023258,-0.296664,1.000000,0.900000,0.400000,0.100000,0.000000,0.967596
141,-0.983827,1.731729,0.242218,0.974447,0.024499,-0.260298,1.000000,0.900000,0.400000,0.100000,0.000000,0.974447
142,-0.974426,1.734304,0.239615,0.981302,0.025343,-0.227229,1.000000,0.900000,0.400000,0.100000,0.000000,0.981302
143,-0.964953,1.736879,0.237343,0.988162,0.025844,-0.197223,1.000000,0.900000,0.400000,0.100000,0.000000,0.988162
144,-0.955409,1.739454,0.235370,0.995028,0.026050,-0.170058,1.000000,0.900000,0.380000,0.100000,0.000000,0.995028
145,-0.945794,1.742027,0.233670,1.001899,0.026003,-0.145525,1.000000,0.900000,0.380000,0.100000,0.000000,1.001899
146,-0.936108,1.744600,0.232214,1.008775,0.025742,-0.123426,1.000000,0.900000,0.380000,0.100000,0.000000,1.008775
147,-0.926350,1.747172,0.230980,1.015657,0.025301,-0.103574,1.000000,0.900000,0.380000,0.100000,0.000000,1.015657
148,-0.916521,1.749744,0.229944,1.022542,0.024711,-0.085795,1.000000,0.880000,0.380000,0.100000,0.000000,1.022542
149,-0.906621,1.752315,0.229087,1.029432,0.023998,-0.069924,1.000000,0.880000,0.380000,0.100000,0.000000,1.029432
150,-0.896650,1.754886,0.228387,1.036325,0.023186,-0.055806,1.000000,0.860000,0.360000,0.100000,-0.100000,1.036325
151,-0.886609,1.757458,0.227829,1.042865,0.019404,-0.166994,1.000000,0.860000,0.360000,0.100000,-0.100000,1.042865
152,-0.876493,1.760003,0.226159,1.049403,0.016976,-0.270838,1.000000,0.860000,0.360000,0.100000,-0.100000,1.049403
153,-0.866305,1.762522,0.223451,1.055941,0.015763,-0.367291,1.000000,0.840000,0.360000,0.100000,-0.100000,1.055941
154,-0.856043,1.765015,0.219778,1.062476,0.015633,-0.456446,1.000000,0.840000,0.360000,0.100000,-0.100000,1.062476
155,-0.845707,1.767484,0.215214,1.069004,0.016462,-0.538498,1.000000,0.820000,0.360000,0.100000,-0.100000,1.069004
156,-0.835299,1.769928,0.209829,1.075517,0.018133,-0.613709,1.000000,0.820000,0.360000,0.100000,-0.100000,1.075517
157,-0.824818,1.772345,0.203691,1.082007,0.020539,-0.682392,1.000000,0.800000,0.360000,0.100000,-0.200000,1.082007
158,-0.814263,1.774735,0.196868,1.087687,0.021247,-0.844701,1.000000,0.800000,0.360000,0.100000,-0.200000,1.087687
159,-0.803638,1.777071,0.188421,1.093342,0.023657,-0.995211,1.000000,0.780000,0.360000,0.100000,-0.200000,1.093342
160,-0.792942,1.779351,0.178468,1.098947,0.027585,-1.133846,1.000000,0.780000,0.360000,0.100000,-0.200000,1.098947
161,-0.782176,1.781574,0.167130,1.104473,0.032854,-1.260763,1.000000,0.820000,0.360000,0.100000,-0.100000,1.104473
162,-0.771340,1.783735,0.154522,1.110666,0.041661,-1.275217,1.000000,0.880000,0.360000,0.100000,0.000000,1.110666
163,-0.760430,1.785856,0.141770,1.117029,0.053212,-1.160045,1.000000,0.940000,0.380000,0.100000,0.000000,1.117029
164,-0.749447,1.787961,0.130170,1.123306,0.062950,-1.052975,1.000000,1.000000,0.380000,0.100000,0.100000,1.123306
165,-0.738390,1.790043,0.119640,1.129319,0.074107,-0.823231,1.000000,1.000000,0.380000,0.100000,0.100000,1.129319
166,-0.727266,1.792127,0.111408,1.135430,0.082193,-0.609342,1.000000,1.000000,0.380000,0.100000,0.100000,1.135430
167,-0.716074,1.794206,0.105314,1.141686,0.087520,-0.410670,1.000000,1.000000,0.380000,0.100000,0.100000,1.141686
168,-0.704812,1.796277,0.101208,1.148111,0.090378,-0.226372,1.000000,1.000000,0.380000,0.100000,0.100000,1.148111
169,-0.693481,1.798336,0.098944,1.154710,0.091037,-0.055585,1.000000,1.000000,0.380000,0.100000,0.100000,1.154710
170,-0.682080,1.800383,0.098388,1.161475,0.089745,0.102483,1.000000,1.000000,0.380000,0.100000,0.100000,1.161475
171,-0.670610,1.802417,0.099413,1.168389,0.086732,0.248518,1.000000,1.000000,0.380000,0.100000,0.100000,1.168389
172,-0.659070,1.804439,0.101898,1.175427,0.082209,0.383094,1.000000,1.000000,0.360000,0.100000,0.100000,1.175427
173,-0.647460,1.806453,0.105729,1.182560,0.076369,0.506696,1.000000,1.000000,0.360000,0.100000,0.100000,1.182560
174,-0.635781,1.808460,0.110796,1.189756,0.069394,0.619745,1.000000,1.000000,0.360000,0.100000,0.100000,1.189756
175,-0.624033,1.810465,0.116993,1.196983,0.061451,0.722631,1.000000,0.960000,0.340000,0.100000,0.000000,1.196983
176,-0.612217,1.812473,0.124220,1.204304,0.049638,0.685007,1.000000,0.900000,0.340000,0.100000,0.000000,1.204304
177,-0.600328,1.814457,0.131070,1.211520,0.038856,0.646734,1.000000,0.840000,0.340000,0.100000,-0.100000,1.211520
178,-0.588368,1.816426,0.137537,1.218224,0.026312,0.490520,1.000000,0.780000,0.320000,0.100000,-0.200000,1.218224
179,-0.576337,1.818357,0.142442,1.224021,0.014106,0.250080,1.000000,0.760000,0.320000,0.100000,-0.300000,1.224021
180,-0.564241,1.820234,0.144943,1.228755,0.003858,-0.042353,1.000000,0.720000,0.320000,0.100000,-0.300000,1.228755
181,-0.552087,1.822047,0.144520,1.233511,-0.002601,-0.327449,1.000000,0.720000,0.320000,0.100000,-0.300000,1.233511
182,-0.539877,1.823798,0.141245,1.238326,-0.005463,-0.601809,1.000000,0.720000,0.300000,0.100000,-0.300000,1.238326
183,-0.527610,1.825487,0.135227,1.243200,-0.004962,-0.862729,1.000000,0.740000,0.300000,0.100000,-0.300000,1.243200
184,-0.515284,1.827114,0.126600,1.248109,-0.001355,-1.108136,1.000000,0.780000,0.320000,0.100000,-0.200000,1.248109
185,-0.502901,1.828676,0.115518,1.254029,0.006770,-1.264343,1.000000,0.860000,0.320000,0.100000,-0.100000,1.254029
186,-0.490453,1.830189,0.102875,1.260578,0.019014,-1.298990,1.000000,0.940000,0.320000,0.100000,0.000000,1.260578
187,-0.477933,1.831673,0.089885,1.267196,0.034196,-1.198953,1.000000,1.000000,0.320000,0.000000,0.100000,1.267196
188,-0.465343,1.833151,0.077895,1.266349,0.050431,-0.976461,1.000000,1.000000,0.340000,0.000000,0.100000,1.266349
189,-0.452757,1.834639,0.068131,1.265470,0.063111,-0.764656,1.000000,1.000000,0.340000,0.000000,0.100000,1.265470
190,-0.440175,1.836130,0.060484,1.264645,0.072531,-0.564410,1.000000,1.000000,0.340000,0.000000,0.100000,1.264645
191,-0.427595,1.837619,0.054840,1.263929,0.078986,-0.375995,1.000000,1.000000,0.340000,0.000000,0.100000,1.263929
192,-0.415018,1.839100,0.051080,1.263354,0.082766,-0.199331,1.000000,0.980000,0.340000,0.000000,0.100000,1.263354
193,-0.402443,1.840572,0.049087,1.262932,0.084147,-0.034161,1.000000,0.980000,0.340000,0.100000,0.100000,1.262932
194,-0.389870,1.842032,0.048745,1.269661,0.083392,0.119836,1.000000,0.960000,0.340000,0.000000,0.000000,1.269661
195,-0.377230,1.843483,0.049944,1.269624,0.077704,0.132188,1.000000,0.960000,0.340000,0.000000,0.000000,1.269624
196,-0.364588,1.844893,0.051266,1.269589,0.072134,0.142411,1.000000,0.940000,0.320000,0.000000,0.000000,1.269589
197,-0.351946,1.846264,0.052690,1.269554,0.066707,0.150629,1.000000,0.940000,0.320000,0.000000,0.000000,1.269554
198,-0.339303,1.847599,0.054196,1.269517,0.061443,0.156973,1.000000,0.920000,0.320000,0.000000,0.000000,1.269517
199,-0.326660,1.848900,0.055766,1.269476,0.056359,0.161580,1.000000,0.920000,0.320000,0.000000,0.000000,1.269476
200,-0.314016,1.850170,0.057381,1.269429,0.051469,0.164590,1.000000,0.900000,0.320000,0.000000,0.000000,1.269429
201,-0.301372,1.851412,0.059027,1.269376,0.046786,0.166143,1.000000,0.900000,0.300000,0.000000,0.000000,1.269376
202,-0.288728,1.852628,0.060689,1.269316,0.042319,0.166378,1.000000,0.880000,0.300000,0.000000,0.000000,1.269316
203,-0.276084,1.853820,0.062353,1.269249,0.038073,0.165433,1.000000,0.880000,0.300000,0.000000,0.000000,1.269249
204,-0.263440,1.854991,0.064007,1.269175,0.034055,0.163442,1.000000,0.860000,0.300000,0.000000,-0.100000,1.269175
205,-0.250796,1.856143,0.065641,1.268713,0.027420,0.038839,1.000000,0.860000,0.300000,0.000000,-0.100000,1.268713
206,-0.238154,1.857249,0.066030,1.268227,0.022643,-0.080093,1.000000,0.840000,0.300000,0.000000,-0.100000,1.268227
207,-0.225514,1.858312,0.065229,1.267729,0.019568,-0.192806,1.000000,0.840000,0.300000,0.000000,-0.100000,1.267729
208,-0.212877,1.859333,0.063301,1.267225,0.018038,-0.298942,1.000000,0.820000,0.300000,0.000000,-0.100000,1.267225
209,-0.200241,1.860315,0.060311,1.266716,0.017897,-0.398293,1.000000,0.820000,0.300000,0.000000,-0.100000,1.266716
210,-0.187608,1.861257,0.056328,1.266195,0.018994,-0.490771,1.000000,0.800000,0.300000,0.000000,-0.200000,1.266195
211,-0.174977,1.862159,0.051421,1.264872,0.018872,-0.675221,1.000000,0.800000,0.300000,0.000000,-0.200000,1.264872
212,-0.162355,1.862998,0.044668,1.263533,0.021004,-0.848205,1.000000,0.780000,0.280000,0.000000,-0.200000,1.263533
213,-0.149741,1.863772,0.036186,1.262154,0.025152,-1.009087,1.000000,0.820000,0.260000,0.100000,-0.100000,1.262154
214,-0.137137,1.864480,0.026096,1.268474,0.033441,-1.056470,1.000000,0.920000,0.260000,0.000000,0.000000,1.268474
215,-0.124465,1.865145,0.015531,1.267984,0.044968,-0.971494,1.000000,0.900000,0.240000,0.000000,0.000000,1.267984
216,-0.111794,1.865792,0.005816,1.267409,0.054849,-0.890426,1.000000,0.900000,0.240000,0.000000,0.000000,1.267409
217,-0.099123,1.866414,-0.003088,1.266784,0.063219,-0.813383,1.000000,0.880000,0.220000,0.000000,0.000000,1.266784
218,-0.086454,1.867007,-0.011222,1.266133,0.070206,-0.740374,1.000000,0.880000,0.220000,0.000000,0.000000,1.266133
219,-0.073785,1.867567,-0.018626,1.265476,0.075932,-0.671344,1.000000,0.940000,0.220000,0.000000,0.000000,1.265476
220,-0.061118,1.868091,-0.025339,1.264830,0.080510,-0.606194,1.000000,0.940000,0.220000,0.000000,0.000000,1.264830
221,-0.048454,1.868575,-0.031401,1.264205,0.084045,-0.544806,1.000000,0.920000,0.220000,0.000000,0.000000,1.264205
222,-0.035792,1.869018,-0.036849,1.263611,0.086636,-0.487049,1.000000,0.920000,0.220000,0.000000,0.000000,1.263611
223,-0.023132,1.869418,-0.041720,1.263052,0.088376,-0.432794,1.000000,0.900000,0.220000,0.100000,0.000000,1.263052
224,-0.010476,1.869775,-0.046048,1.269534,0.089348,-0.381915,1.000000,0.900000,0.220000,0.000000,0.000000,1.269534
225,0.002247,1.870083,-0.049867,1.269055,0.089684,-0.334503,1.000000,0.880000,0.220000,0.000000,0.000000,1.269055
226,0.014967,1.870346,-0.053212,1.268618,0.089404,-0.290194,1.000000,0.880000,0.220000,0.000000,0.000000,1.268618
227,0.027682,1.870564,-0.056114,1.268221,0.088577,-0.248884,1.000000,0.860000,0.240000,0.000000,-0.100000,1.268221
228,0.040394,1.870737,-0.058603,1.267400,0.084615,-0.323899,1.000000,0.860000,0.240000,0.000000,-0.100000,1.267400
229,0.053096,1.870839,-0.061842,1.266538,0.081747,-0.395787,1.000000,0.840000,0.240000,0.000000,-0.100000,1.266538
230,0.065788,1.870873,-0.065800,1.265635,0.079890,-0.464265,1.000000,0.840000,0.240000,0.000000,-0.100000,1.265635
231,0.078469,1.870837,-0.070442,1.264693,0.078955,-0.529130,1.000000,0.900000,0.240000,0.000000,0.000000,1.264693
232,0.091141,1.870735,-0.075734,1.264139,0.081596,-0.473182,1.000000,0.900000,0.240000,0.000000,0.000000,1.264139
233,0.103807,1.870592,-0.080465,1.263616,0.083405,-0.420616,1.000000,0.880000,0.240000,0.000000,0.000000,1.263616
234,0.116470,1.870408,-0.084672,1.263129,0.084464,-0.371318,1.000000,0.880000,0.260000,0.100000,0.000000,1.263129
235,0.129127,1.870181,-0.088385,1.269679,0.084853,-0.325176,1.000000,0.880000,0.260000,0.000000,0.000000,1.269679
236,0.141849,1.869906,-0.091637,1.269266,0.084687,-0.282283,1.000000,0.860000,0.260000,0.000000,-0.100000,1.269266
237,0.154566,1.869587,-0.094459,1.268436,0.081310,-0.356778,1.000000,0.860000,0.260000,0.000000,-0.100000,1.268436
238,0.167271,1.869201,-0.098027,1.267565,0.078999,-0.427913,1.000000,0.840000,0.280000,0.000000,-0.100000,1.267565
239,0.179963,1.868746,-0.102306,1.266655,0.077665,-0.495444,1.000000,0.840000,0.280000,0.000000,-0.100000,1.266655
240,0.192642,1.868225,-0.107261,1.265704,0.077222,-0.559206,1.000000,0.820000,0.280000,0.000000,-0.100000,1.265704
241,0.205309,1.867638,-0.112853,1.264711,0.077582,-0.619102,1.000000,0.820000,0.300000,0.000000,-0.100000,1.264711
242,0.217963,1.866985,-0.119044,1.263672,0.078662,-0.675091,1.000000,0.880000,0.300000,0.000000,0.000000,1.263672
243,0.230604,1.866265,-0.125795,1.263005,0.083139,-0.609240,1.000000,0.880000,0.320000,0.100000,0.000000,1.263005
244,0.243239,1.865505,-0.131887,1.269362,0.086571,-0.547219,1.000000,0.860000,0.320000,0.000000,-0.100000,1.269362
245,0.255936,1.864694,-0.137359,1.268309,0.086413,-0.604837,1.000000,0.860000,0.340000,0.000000,-0.100000,1.268309
246,0.268618,1.863813,-0.143408,1.267209,0.086972,-0.658951,1.000000,0.840000,0.340000,0.000000,-0.100000,1.267209
247,0.281284,1.862863,-0.149997,1.266062,0.088170,-0.709540,1.000000,0.840000,0.360000,0.000000,-0.100000,1.266062
248,0.293934,1.861843,-0.157093,1.264862,0.089937,-0.756626,1.000000,0.820000,0.380000,0.000000,-0.100000,1.264862
249,0.306568,1.860752,-0.164659,1.263607,0.092204,-0.800266,1.000000,0.900000,0.400000,0.000000,0.000000,1.263607
250,0.319184,1.859591,-0.172661,1.262733,0.097616,-0.724580,1.000000,0.880000,0.400000,0.100000,0.000000,1.262733
251,0.331792,1.858383,-0.179907,1.268890,0.101819,-0.653335,1.000000,0.880000,0.380000,0.000000,0.000000,1.268890
252,0.344458,1.857114,-0.186441,1.268087,0.104996,-0.586598,1.000000,0.860000,0.380000,0.000000,-0.100000,1.268087
253,0.357114,1.855795,-0.192307,1.266859,0.104561,-0.635821,1.000000,0.860000,0.360000,0.000000,-0.100000,1.266859
254,0.369749,1.854400,-0.198665,1.265586,0.104745,-0.682267,1.000000,0.940000,0.360000,0.000000,0.000000,1.265586
255,0.382362,1.852930,-0.205487,1.264735,0.108121,-0.613295,1.000000,0.920000,0.340000,0.000000,0.000000,1.264735
256,0.394964,1.851407,-0.211620,1.263935,0.110467,-0.548431,1.000000,0.920000,0.340000,0.000000,0.000000,1.263935
257,0.407553,1.849833,-0.217105,1.263193,0.111883,-0.487475,1.000000,0.900000,0.320000,0.000000,0.000000,1.263193
258,0.420130,1.848204,-0.221979,1.262511,0.112462,-0.430245,1.000000,0.900000,0.340000,0.100000,0.000000,1.262511
259,0.432693,1.846522,-0.226282,1.268891,0.112291,-0.376579,1.000000,0.880000,0.360000,0.000000,0.000000,1.268891
260,0.445310,1.844769,-0.230048,1.268331,0.111503,-0.326534,1.000000,0.880000,0.380000,0.000000,0.000000,1.268331
261,0.457914,1.842963,-0.233313,1.267830,0.110115,-0.279751,1.000000,0.860000,0.400000,0.000000,-0.100000,1.267830
262,0.470503,1.841103,-0.236111,1.266885,0.105653,-0.344939,1.000000,0.860000,0.420000,0.000000,-0.100000,1.266885
263,0.483068,1.839166,-0.239560,1.265895,0.102173,-0.407897,1.000000,0.840000,0.420000,0.000000,-0.100000,1.265895
264,0.495607,1.837155,-0.243639,1.264863,0.099609,-0.468343,1.000000,0.840000,0.420000,0.000000,-0.100000,1.264863
265,0.508123,1.835071,-0.248322,1.263788,0.097892,-0.526060,1.000000,0.820000,0.400000,0.000000,-0.100000,1.263788
266,0.520614,1.832913,-0.253583,1.262672,0.096954,-0.580885,1.000000,0.820000,0.400000,0.100000,-0.100000,1.262672
267,0.533080,1.830684,-0.259392,1.268512,0.096724,-0.632710,1.000000,0.820000,0.380000,0.000000,-0.100000,1.268512
268,0.545589,1.828365,-0.265719,1.267305,0.097203,-0.681847,1.000000,0.800000,0.380000,0.000000,-0.200000,1.267305
269,0.558072,1.825975,-0.272537,1.265206,0.096390,-0.808007,1.000000,0.800000,0.360000,0.000000,-0.200000,1.265206
270,0.570517,1.823498,-0.280617,1.263002,0.097134,-0.927963,1.000000,0.780000,0.360000,0.100000,-0.200000,1.263002
271,0.582922,1.820934,-0.289897,1.267682,0.099299,-1.041199,1.000000,0.820000,0.400000,0.000000,-0.100000,1.267682
272,0.595353,1.818261,-0.300309,1.266071,0.104767,-1.065673,1.000000,0.800000,0.420000,0.000000,-0.200000,1.266071
273,0.607757,1.815517,-0.310966,1.263527,0.108405,-1.168370,1.000000,0.800000,0.400000,0.000000,-0.200000,1.263527
274,0.620118,1.812683,-0.322649,1.260831,0.113150,-1.264075,1.000000,0.800000,0.400000,0.100000,-0.200000,1.260831
275,0.632435,1.809758,-0.335290,1.264967,0.118877,-1.352782,1.000000,0.780000,0.380000,0.000000,-0.200000,1.264967
276,0.644771,1.806718,-0.348818,1.261916,0.125581,-1.435220,1.000000,0.780000,0.380000,0.100000,-0.200000,1.261916
277,0.657060,1.803586,-0.363170,1.265661,0.133042,-1.510903,1.000000,0.780000,0.440000,0.000000,-0.200000,1.265661
278,0.669363,1.800333,-0.378279,1.262185,0.141280,-1.580744,1.000000,0.820000,0.440000,0.100000,-0.100000,1.262185
279,0.681615,1.796984,-0.394087,1.266327,0.151840,-1.568894,1.000000,0.800000,0.420000,0.000000,-0.200000,1.266327
280,0.693890,1.793524,-0.409776,1.262439,0.160268,-1.629908,1.000000,0.840000,0.420000,0.100000,-0.100000,1.262439
281,0.706108,1.789965,-0.426075,1.266172,0.170812,-1.614416,1.000000,0.840000,0.400000,0.000000,-0.100000,1.266172
282,0.718344,1.786287,-0.442219,1.262741,0.180900,-1.599368,1.000000,0.840000,0.480000,0.100000,-0.100000,1.262741
283,0.730530,1.782518,-0.458213,1.266158,0.190419,-1.584395,1.000000,0.840000,0.460000,0.000000,-0.100000,1.266158
284,0.742728,1.778625,-0.474057,1.262435,0.199536,-1.569977,1.000000,0.820000,0.460000,0.100000,-0.100000,1.262435
285,0.754871,1.774637,-0.489756,1.265583,0.208135,-1.555759,1.000000,0.860000,0.540000,0.000000,-0.100000,1.265583
286,0.767019,1.770521,-0.505314,1.261612,0.216381,-1.542144,1.000000,0.860000,0.520000,0.100000,-0.100000,1.261612
287,0.779105,1.766307,-0.520735,1.264530,0.224156,-1.528799,1.000000,0.860000,0.520000,0.000000,-0.100000,1.264530
288,0.791190,1.761960,-0.536023,1.260347,0.231619,-1.516063,1.000000,0.860000,0.580000,0.100000,-0.100000,1.260347
289,0.803209,1.757514,-0.551184,1.263068,0.238653,-1.503633,1.000000,0.900000,0.580000,0.100000,0.000000,1.263068
290,0.815218,1.752933,-0.566220,1.266344,0.247418,-1.405954,1.000000,0.900000,0.580000,0.000000,0.000000,1.266344
291,0.827233,1.748228,-0.580280,1.262728,0.254740,-1.314432,1.000000,0.900000,0.560000,0.100000,0.000000,1.262728
292,0.839190,1.743435,-0.593424,1.266244,0.260612,-1.228312,1.000000,0.880000,0.560000,0.000000,0.000000,1.266244
293,0.851145,1.738515,-0.605707,1.262906,0.265281,-1.146843,1.000000,0.880000,0.540000,0.100000,0.000000,1.262906
294,0.863037,1.733505,-0.617176,1.266727,0.268722,-1.069532,1.000000,0.880000,0.540000,0.000000,0.000000,1.266727
295,0.874923,1.728366,-0.627871,1.263716,0.271144,-0.995788,1.000000,0.880000,0.580000,0.000000,0.000000,1.263716
296,0.886743,1.723137,-0.637829,1.260880,0.272511,-0.925299,1.000000,0.860000,0.560000,0.100000,-0.100000,1.260880
297,0.898495,1.717818,-0.647082,1.264522,0.271180,-0.931211,1.000000,0.860000,0.560000,0.000000,-0.100000,1.264522
298,0.910219,1.712358,-0.656394,1.261162,0.270003,-0.937114,1.000000,0.860000,0.540000,0.100000,-0.100000,1.261162
299,0.921858,1.706801,-0.665765,1.264798,0.268878,-0.942784,1.000000,0.860000,0.540000,0.000000,-0.100000,1.264798
300,0.933465,1.701103,-0.675193,1.261432,0.267899,-0.948445,1.000000,0.840000,0.540000,0.100000,-0.100000,1.261432
301,0.944986,1.695310,-0.684677,1.265060,0.266965,-0.953870,1.000000,0.840000,0.520000,0.000000,-0.100000,1.265060
302,0.956474,1.689378,-0.694216,1.261684,0.266171,-0.959285,1.000000,0.840000,0.520000,0.100000,-0.100000,1.261684
303,0.967874,1.683351,-0.703809,1.265303,0.265414,-0.964460,1.000000,0.840000,0.500000,0.000000,-0.100000,1.265303
304,0.979238,1.677187,-0.713454,1.261915,0.264791,-0.969626,1.000000,0.820000,0.500000,0.100000,-0.100000,1.261915
305,0.990512,1.670930,-0.723150,1.265521,0.264198,-0.974549,1.000000,0.820000,0.540000,0.000000,-0.100000,1.265521
306,1.001748,1.664536,-0.732895,1.262121,0.263731,-0.979464,1.000000,0.820000,0.520000,0.100000,-0.100000,1.262121
307,1.012893,1.658052,-0.742690,1.265713,0.263288,-0.984135,1.000000,0.820000,0.520000,0.000000,-0.100000,1.265713
308,1.023998,1.651432,-0.752531,1.262298,0.262965,-0.988798,1.000000,0.800000,0.560000,0.100000,-0.200000,1.262298
309,1.035009,1.644724,-0.762419,1.264958,0.261602,-1.038375,1.000000,0.800000,0.540000,0.000000,-0.200000,1.264958
310,1.045964,1.637879,-0.772803,1.260506,0.260920,-1.087146,1.000000,0.800000,0.540000,0.100000,-0.200000,1.260506
311,1.056810,1.630947,-0.783675,1.262937,0.260795,-1.134505,1.000000,0.800000,0.540000,0.100000,-0.200000,1.262937
312,1.067597,1.623880,-0.795020,1.265247,0.261299,-1.180827,1.000000,0.780000,0.520000,0.000000,-0.200000,1.265247
313,1.078322,1.616677,-0.806828,1.260433,0.262408,-1.226005,1.000000,0.780000,0.520000,0.100000,-0.200000,1.260433
314,1.088937,1.609391,-0.819088,1.262487,0.263987,-1.269494,1.000000,0.780000,0.520000,0.100000,-0.200000,1.262487
315,1.099487,1.601971,-0.831783,1.264406,0.266114,-1.311714,1.000000,0.780000,0.500000,0.000000,-0.200000,1.264406
316,1.109970,1.594418,-0.844900,1.259185,0.268765,-1.352610,1.000000,0.780000,0.540000,0.100000,-0.200000,1.259185
317,1.120339,1.586784,-0.858426,1.260816,0.271793,-1.391704,1.000000,0.780000,0.540000,0.100000,-0.200000,1.260816
318,1.130637,1.579019,-0.872343,1.262298,0.275286,-1.429446,1.000000,0.780000,0.540000,0.100000,-0.200000,1.262298
319,1.140862,1.571122,-0.886638,1.263624,0.279221,-1.465825,1.000000,0.780000,0.540000,0.000000,-0.200000,1.263624
320,1.151012,1.563094,-0.901296,1.257788,0.283572,-1.500841,1.000000,0.780000,0.520000,0.100000,-0.200000,1.257788
321,1.161042,1.554991,-0.916304,1.258785,0.288185,-1.534102,1.000000,0.780000,0.520000,0.100000,-0.200000,1.258785
322,1.170991,1.546759,-0.931645,1.259611,0.293161,-1.566069,1.000000,0.780000,0.560000,0.100000,-0.200000,1.259611
323,1.180858,1.538398,-0.947306,1.260261,0.298477,-1.596770,1.000000,0.780000,0.560000,0.100000,-0.200000,1.260261
324,1.190639,1.529909,-0.963274,1.260731,0.304112,-1.626240,1.000000,0.800000,0.560000,0.100000,-0.200000,1.260731
325,1.200333,1.521294,-0.979536,1.261015,0.310044,-1.654522,1.000000,0.800000,0.560000,0.100000,-0.200000,1.261015
326,1.209936,1.512552,-0.996081,1.261109,0.316255,-1.681661,1.000000,0.800000,0.560000,0.100000,-0.200000,1.261109
327,1.219446,1.503687,-1.012898,1.261007,0.322724,-1.707708,1.000000,0.820000,0.540000,0.100000,-0.100000,1.261007
328,1.228859,1.494697,-1.029975,1.261631,0.330334,-1.694181,1.000000,0.820000,0.540000,0.100000,-0.100000,1.261631
329,1.238187,1.485582,-1.046917,1.262162,0.337661,-1.681562,1.000000,0.900000,0.540000,0.100000,0.000000,1.262162
330,1.247424,1.476342,-1.063732,1.263348,0.346219,-1.605877,1.000000,0.920000,0.540000,0.000000,0.000000,1.263348
331,1.256586,1.466980,-1.079791,1.257652,0.353659,-1.534651,1.000000,0.940000,0.540000,0.100000,0.000000,1.257652
332,1.265635,1.457556,-1.095138,1.259090,0.359923,-1.467599,1.000000,0.940000,0.540000,0.100000,0.000000,1.259090
333,1.274600,1.448011,-1.109814,1.260672,0.365242,-1.403869,1.000000,0.960000,0.540000,0.100000,0.000000,1.260672
334,1.283479,1.438345,-1.123852,1.262409,0.369680,-1.343030,1.000000,0.960000,0.540000,0.100000,0.000000,1.262409
335,1.292269,1.428559,-1.137283,1.264308,0.373292,-1.284709,1.000000,0.980000,0.520000,0.000000,0.100000,1.264308
336,1.300967,1.418654,-1.150130,1.259828,0.378140,-1.142483,1.000000,0.980000,0.520000,0.100000,0.100000,1.259828
337,1.309564,1.408698,-1.161555,1.262843,0.380955,-1.007285,1.000000,1.000000,0.520000,0.100000,0.100000,1.262843
338,1.318084,1.398628,-1.171627,1.266349,0.382014,-0.877064,1.000000,1.000000,0.520000,0.000000,0.100000,1.266349
339,1.326525,1.388445,-1.180398,1.263348,0.381420,-0.750806,1.000000,1.000000,0.520000,0.000000,0.100000,1.263348
340,1.334860,1.378214,-1.187906,1.260841,0.379163,-0.628382,1.000000,1.000000,0.500000,0.100000,0.100000,1.260841
341,1.343088,1.367935,-1.194190,1.265818,0.375345,-0.508983,1.000000,1.000000,0.500000,0.000000,0.100000,1.265818
342,1.351234,1.357544,-1.199280,1.264264,0.370134,-0.391225,1.000000,1.000000,0.500000,0.000000,0.100000,1.264264
343,1.359272,1.347108,-1.203192,1.263171,0.363506,-0.275308,1.000000,1.000000,0.480000,0.000000,0.100000,1.263171
344,1.367204,1.336626,-1.205945,1.262520,0.355529,-0.160757,1.000000,1.000000,0.480000,0.100000,0.100000,1.262520
345,1.375030,1.326101,-1.207553,1.269291,0.346263,-0.047199,1.000000,0.960000,0.460000,0.000000,0.000000,1.269291
346,1.382777,1.315466,-1.208025,1.268990,0.333844,-0.018124,1.000000,1.000000,0.460000,0.000000,0.100000,1.268990
347,1.390401,1.304787,-1.208206,1.269237,0.323340,0.098312,1.000000,0.940000,0.460000,0.000000,0.000000,1.269237
348,1.397926,1.294067,-1.207223,1.269418,0.309543,0.125120,1.000000,0.920000,0.440000,0.000000,-0.100000,1.269418
349,1.405333,1.283303,-1.205972,1.268904,0.294331,0.092717,1.000000,0.900000,0.440000,0.000000,-0.100000,1.268904
350,1.412610,1.272499,-1.205044,1.268290,0.279817,0.058996,1.000000,0.880000,0.420000,0.000000,-0.100000,1.268290
351,1.419759,1.261656,-1.204454,1.267583,0.266021,0.023962,1.000000,0.860000,0.420000,0.000000,-0.100000,1.267583
352,1.426784,1.250774,-1.204215,1.266789,0.252963,-0.012350,1.000000,0.840000,0.400000,0.000000,-0.100000,1.266789
353,1.433686,1.239855,-1.204338,1.265914,0.240656,-0.049871,1.000000,0.820000,0.400000,0.000000,-0.100000,1.265914
354,1.440468,1.228898,-1.204837,1.264964,0.229114,-0.088499,1.000000,0.820000,0.380000,0.000000,-0.100000,1.264964
355,1.447134,1.217906,-1.205722,1.263947,0.218344,-0.128103,1.000000,0.800000,0.380000,0.000000,-0.200000,1.263947
356,1.453686,1.206879,-1.207003,1.261956,0.207207,-0.217387,1.000000,0.780000,0.380000,0.100000,-0.200000,1.261956
357,1.460113,1.195823,-1.209177,1.266817,0.197419,-0.308148,1.000000,0.780000,0.360000,0.000000,-0.200000,1.266817
358,1.466442,1.184673,-1.212258,1.264540,0.189021,-0.400251,1.000000,0.780000,0.360000,0.000000,-0.200000,1.264540
359,1.472649,1.173495,-1.216261,1.262134,0.181953,-0.492439,1.000000,0.760000,0.360000,0.100000,-0.300000,1.262134
360,1.478737,1.162290,-1.221185,1.265597,0.175468,-0.614663,1.000000,0.760000,0.340000,0.000000,-0.300000,1.265597
361,1.484720,1.151000,-1.227332,1.261895,0.170656,-0.736851,1.000000,0.760000,0.340000,0.100000,-0.300000,1.261895
362,1.490577,1.139693,-1.234700,1.265030,0.167413,-0.857247,1.000000,0.760000,0.340000,0.000000,-0.300000,1.265030
363,1.496329,1.128303,-1.243273,1.260999,0.165754,-0.975623,1.000000,0.760000,0.340000,0.100000,-0.300000,1.260999
364,1.501955,1.116896,-1.253029,1.263796,0.165532,-1.090403,1.000000,0.900000,0.340000,0.000000,0.000000,1.263796
365,1.507477,1.105408,-1.263933,1.261854,0.171514,-0.998302,1.000000,0.920000,0.320000,0.100000,0.000000,1.261854
366,1.512923,1.093897,-1.273916,1.267006,0.176069,-0.911650,1.000000,1.000000,0.320000,0.000000,0.100000,1.267006
367,1.518313,1.082297,-1.283033,1.265318,0.182356,-0.704929,1.000000,1.000000,0.320000,0.000000,0.100000,1.265318
368,1.523653,1.070681,-1.290082,1.263980,0.185717,-0.511171,1.000000,1.000000,0.320000,0.000000,0.100000,1.263980
369,1.528939,1.059051,-1.295194,1.263001,0.186449,-0.328968,1.000000,1.000000,0.320000,0.100000,0.100000,1.263001
370,1.534170,1.047405,-1.298483,1.269372,0.184815,-0.157163,1.000000,1.000000,0.300000,0.000000,0.100000,1.269372
371,1.539365,1.035676,-1.300055,1.269070,0.181107,0.005242,1.000000,1.000000,0.300000,0.000000,0.100000,1.269070
372,1.544504,1.023932,-1.300003,1.269071,0.175473,0.158783,1.000000,1.000000,0.300000,0.000000,0.100000,1.269071
373,1.549589,1.012173,-1.298415,1.269338,0.168117,0.303860,1.000000,1.000000,0.280000,0.000000,0.100000,1.269338
374,1.554623,1.000400,-1.295376,1.269830,0.159229,0.440664,1.000000,1.000000,0.280000,0.000000,0.100000,1.269830
375,1.559609,0.988613,-1.290970,1.270501,0.148992,0.569211,1.000000,1.000000,0.260000,0.000000,0.100000,1.270501
376,1.564550,0.976814,-1.285277,1.271302,0.137584,0.689382,1.000000,1.000000,0.260000,0.000000,0.100000,1.271302
377,1.569451,0.965003,-1.278384,1.272185,0.125177,0.800968,1.000000,0.780000,0.260000,0.000000,-0.200000,1.272185
378,1.574317,0.953182,-1.270374,1.271592,0.105250,0.617525,1.000000,0.620000,0.240000,0.000000,-1.000000,1.271592
379,1.579085,0.941347,-1.264199,1.263705,0.089790,0.494671,1.000000,0.600000,0.240000,0.000000,-1.000000,1.263705
380,1.583755,0.929570,-1.259252,1.255618,0.076205,0.358722,1.000000,0.580000,0.220000,0.100000,-1.000000,1.255618
381,1.588329,0.917852,-1.255665,1.254366,0.064590,0.212141,1.000000,0.560000,0.220000,0.100000,-1.000000,1.254366
382,1.592831,0.906126,-1.253543,1.252982,0.054995,0.057191,1.000000,0.540000,0.220000,0.100000,-1.000000,1.252982
383,1.597262,0.894393,-1.252971,1.251497,0.047463,-0.103288,1.000000,0.520000,0.200000,0.100000,-1.000000,1.251497
384,1.601624,0.882654,-1.254004,1.249934,0.042000,-0.266460,1.000000,0.520000,0.200000,0.100000,-1.000000,1.249934
385,1.605917,0.870907,-1.256669,1.248313,0.038577,-0.429567,1.000000,0.520000,0.200000,0.100000,-1.000000,1.248313
386,1.610141,0.859154,-1.260965,1.246640,0.037134,-0.589998,1.000000,0.500000,0.200000,0.100000,-1.000000,1.246640
387,1.614296,0.847394,-1.266865,1.244917,0.037581,-0.745344,1.000000,0.500000,0.180000,0.100000,-1.000000,1.244917
388,1.618380,0.835628,-1.274318,1.243134,0.039806,-0.893447,1.000000,0.500000,0.180000,0.100000,-1.000000,1.243134
389,1.622392,0.823856,-1.283252,1.241276,0.043671,-1.032437,1.000000,0.520000,0.180000,0.100000,-1.000000,1.241276
390,1.626331,0.812076,-1.293577,1.239324,0.049026,-1.160765,1.000000,0.660000,0.180000,0.100000,-0.400000,1.239324
391,1.630195,0.800290,-1.305184,1.242383,0.053416,-1.375212,1.000000,1.000000,0.180000,0.100000,0.100000,1.242383
392,1.633972,0.788442,-1.318937,1.248249,0.070566,-1.134158,1.000000,1.000000,0.180000,0.100000,0.100000,1.248249
393,1.637766,0.776530,-1.330278,1.254103,0.084027,-0.906721,1.000000,1.000000,0.240000,0.100000,0.100000,1.254103
394,1.641569,0.764550,-1.339345,1.260041,0.094107,-0.693145,0.980000,1.000000,0.240000,0.100000,0.100000,1.260041
395,1.645375,0.752501,-1.346277,1.266126,0.101113,-0.493093,0.940000,1.000000,0.240000,0.000000,0.100000,1.266126
396,1.649180,0.740383,-1.351208,1.265393,0.105333,-0.305953,0.940000,1.000000,0.240000,0.000000,0.100000,1.265393
397,1.652965,0.728262,-1.354267,1.264861,0.106992,-0.130876,0.940000,1.000000,0.220000,0.000000,0.100000,1.264861
398,1.656727,0.716139,-1.355576,1.264526,0.106364,0.032667,0.940000,1.000000,0.220000,0.000000,0.100000,1.264526
399,1.660467,0.704012,-1.355249,1.264377,0.103707,0.185149,0.980000,1.000000,0.220000,0.000000,0.100000,1.264377
400,1.664184,0.691883,-1.353398,1.264390,0.099260,0.326950,1.000000,1.000000,0.220000,0.000000,0.100000,1.264390
401,1.667880,0.679751,-1.350128,1.264534,0.093250,0.458365,1.000000,1.000000,0.200000,0.000000,0.100000,1.264534
402,1.671558,0.667616,-1.345545,1.264775,0.085886,0.579617,1.000000,1.000000,0.200000,0.000000,0.100000,1.264775
403,1.675220,0.655480,-1.339749,1.265078,0.077368,0.690884,0.980000,1.000000,0.200000,0.000000,0.100000,1.265078
404,1.678870,0.643342,-1.332840,1.265404,0.067884,0.792332,0.980000,1.000000,0.180000,0.000000,0.100000,1.265404
405,1.682513,0.631205,-1.324916,1.265718,0.057609,0.884148,1.000000,1.000000,0.180000,0.000000,0.100000,1.265718
406,1.686152,0.619069,-1.316075,1.265985,0.046706,0.966562,1.000000,1.000000,0.180000,0.000000,0.100000,1.265985
407,1.689794,0.606935,-1.306409,1.266173,0.035328,1.039872,1.000000,0.500000,0.160000,0.000000,-1.000000,1.266173
408,1.693444,0.594806,-1.296011,1.258018,0.016750,0.810930,1.000000,0.320000,0.160000,0.100000,-1.000000,1.258018
409,1.697019,0.582743,-1.287901,1.256641,0.001442,0.567594,1.000000,0.300000,0.140000,0.100000,-1.000000,1.256641
410,1.700540,0.570680,-1.282225,1.255143,-0.010596,0.314809,1.000000,0.280000,0.140000,0.100000,-1.000000,1.255143
411,1.704011,0.558617,-1.279077,1.253611,-0.019346,0.057295,1.000000,0.280000,0.140000,0.100000,-1.000000,1.253611
412,1.707431,0.546555,-1.278504,1.252107,-0.024853,-0.200423,1.000000,0.260000,0.140000,0.100000,-1.000000,1.252107
413,1.710801,0.534494,-1.280509,1.250669,-0.027209,-0.454068,1.000000,0.260000,0.120000,0.100000,-1.000000,1.250669
414,1.714120,0.522432,-1.285049,1.249310,-0.026557,-0.699645,1.000000,0.260000,0.120000,0.100000,-1.000000,1.249310
415,1.717386,0.510371,-1.292046,1.248016,-0.023081,-0.933495,1.000000,0.400000,0.120000,0.100000,-1.000000,1.248016
416,1.720598,0.498309,-1.301381,1.246753,-0.017001,-1.152368,1.000000,0.240000,0.120000,0.100000,-1.000000,1.246753
417,1.723753,0.486246,-1.312904,1.245470,-0.008568,-1.353500,1.000000,0.400000,0.120000,0.100000,-1.000000,1.245470
418,1.726847,0.474181,-1.326439,1.244108,0.001943,-1.534702,1.000000,1.000000,0.120000,0.100000,0.100000,1.244108
419,1.729875,0.462114,-1.341786,1.250556,0.023491,-1.299079,1.000000,1.000000,0.120000,0.100000,0.100000,1.250556
420,1.732943,0.449989,-1.354777,1.256788,0.041240,-1.071913,1.000000,1.000000,0.120000,0.100000,0.100000,1.256788
421,1.736040,0.437801,-1.365496,1.262935,0.055429,-0.855333,1.000000,1.000000,0.100000,0.100000,0.100000,1.262935
422,1.739157,0.425550,-1.374050,1.269095,0.066321,-0.650403,1.000000,1.000000,0.100000,0.000000,0.100000,1.269095
423,1.742288,0.413234,-1.380554,1.268335,0.074189,-0.457466,0.980000,1.000000,0.100000,0.000000,0.100000,1.268335
424,1.745415,0.400920,-1.385128,1.267699,0.079253,-0.276194,0.980000,1.000000,0.100000,0.000000,0.100000,1.267699
425,1.748534,0.388607,-1.387890,1.267208,0.081791,-0.106431,0.980000,1.000000,0.100000,0.000000,0.100000,1.267208
426,1.751644,0.376295,-1.388955,1.266867,0.082073,0.052095,0.980000,1.000000,0.080000,0.000000,0.100000,1.266867
427,1.754742,0.363983,-1.388434,1.266667,0.080351,0.199690,1.000000,1.000000,0.080000,0.000000,0.100000,1.266667
428,1.757829,0.351673,-1.386437,1.266592,0.076862,0.336647,1.000000,1.000000,0.080000,0.000000,0.100000,1.266592
429,1.760907,0.339362,-1.383070,1.266616,0.071829,0.463233,1.000000,1.000000,0.080000,0.000000,0.100000,1.266616
430,1.763976,0.327053,-1.378438,1.266710,0.065463,0.579688,1.000000,1.000000,0.060000,0.000000,0.100000,1.266710
431,1.767040,0.314744,-1.372641,1.266845,0.057959,0.686243,1.000000,1.000000,0.060000,0.000000,0.100000,1.266845
432,1.770102,0.302438,-1.365779,1.266986,0.049502,0.783139,1.000000,1.000000,0.060000,0.000000,0.100000,1.266986
433,1.773166,0.290134,-1.357947,1.267105,0.040262,0.870642,1.000000,1.000000,0.060000,0.000000,0.100000,1.267105
434,1.776237,0.277834,-1.349241,1.267170,0.030398,0.949069,1.000000,1.000000,0.040000,0.000000,0.100000,1.267170
435,1.779318,0.265539,-1.339750,1.267155,0.020055,1.018787,1.000000,0.960000,0.040000,0.000000,0.000000,1.267155
436,1.782415,0.253250,-1.329562,1.267222,0.006305,0.949347,1.000000,0.900000,0.040000,0.000000,0.000000,1.267222
437,1.785503,0.240960,-1.320069,1.267145,-0.005877,0.881204,1.000000,0.860000,0.100000,0.000000,-0.100000,1.267145
438,1.788590,0.228670,-1.311257,1.266615,-0.019501,0.690197,1.000000,0.820000,0.020000,0.000000,-0.100000,1.266615
439,1.791652,0.216378,-1.304355,1.266044,-0.030096,0.507283,1.000000,0.800000,0.100000,0.000000,-0.200000,1.266044
440,1.794696,0.204085,-1.299282,1.264728,-0.040327,0.229687,1.000000,0.780000,0.080000,0.000000,-0.200000,1.264728
441,1.797699,0.191793,-1.296985,1.263536,-0.046698,-0.035953,1.000000,0.760000,0.080000,0.000000,-0.300000,1.263536
442,1.800666,0.179502,-1.297345,1.261477,-0.051291,-0.363539,1.000000,0.740000,0.080000,0.100000,-0.300000,1.261477
443,1.803579,0.167217,-1.300980,1.266643,-0.051738,-0.675654,1.000000,0.740000,0.080000,0.000000,-0.300000,1.266643
444,1.806457,0.154871,-1.307736,1.265008,-0.048360,-0.969712,1.000000,0.760000,0.080000,0.000000,-0.300000,1.265008
445,1.809279,0.142531,-1.317434,1.263514,-0.041555,-1.243751,1.000000,0.780000,0.060000,0.000000,-0.200000,1.263514
446,1.812044,0.130195,-1.329871,1.263097,-0.029761,-1.412730,1.000000,0.800000,0.060000,0.100000,-0.200000,1.263097
447,1.814769,0.117858,-1.343998,1.269557,-0.016441,-1.564501,1.000000,0.840000,0.060000,0.000000,-0.100000,1.269557
448,1.817463,0.105450,-1.359643,1.269519,0.000907,-1.585695,1.000000,0.880000,0.060000,0.000000,0.000000,1.269519
449,1.820133,0.093039,-1.375500,1.269367,0.020716,-1.469812,1.000000,0.860000,0.060000,0.000000,-0.100000,1.269367
450,1.822799,0.080627,-1.390198,1.268675,0.035055,-1.487329,1.000000,0.840000,0.060000,0.000000,-0.100000,1.268675
451,1.825423,0.068209,-1.405072,1.267735,0.048925,-1.499854,1.000000,0.860000,0.040000,0.000000,-0.100000,1.267735
452,1.827997,0.055786,-1.420070,1.266554,0.062297,-1.508086,1.000000,0.920000,0.040000,0.000000,0.000000,1.266554
453,1.830514,0.043358,-1.435151,1.265478,0.078073,-1.387814,1.000000,0.980000,0.120000,0.000000,0.100000,1.265478
454,1.832999,0.030925,-1.449029,1.264044,0.094621,-1.144128,1.000000,0.960000,0.120000,0.000000,0.000000,1.264044
455,1.835474,0.018493,-1.460471,1.262825,0.104260,-1.045973,1.000000,0.960000,0.120000,0.100000,0.000000,1.262825
456,1.837901,0.006056,-1.470930,1.268599,0.112209,-0.953731,1.000000,0.940000,0.120000,0.000000,0.000000,1.268599
457,1.840282,-0.006455,-1.480468,1.267391,0.118719,-0.867385,1.000000,0.980000,0.120000,0.000000,0.100000,1.267391
458,1.842607,-0.018970,-1.489141,1.266143,0.126885,-0.655715,1.000000,1.000000,0.220000,0.000000,0.100000,1.266143
459,1.844905,-0.031486,-1.495699,1.265128,0.131985,-0.457564,1.000000,1.000000,0.220000,0.000000,0.100000,1.265128
460,1.847170,-0.044002,-1.500274,1.264367,0.134335,-0.272037,1.000000,1.000000,0.220000,0.000000,0.100000,1.264367
461,1.849401,-0.056520,-1.502995,1.263864,0.134224,-0.098299,1.000000,1.000000,0.200000,0.000000,0.100000,1.263864
462,1.851597,-0.069038,-1.503978,1.263607,0.131917,0.064353,1.000000,1.000000,0.200000,0.000000,0.100000,1.263607
463,1.853756,-0.081558,-1.503334,1.263573,0.127661,0.216463,1.000000,0.980000,0.300000,0.000000,0.100000,1.263573
464,1.855882,-0.094079,-1.501169,1.263730,0.121684,0.358416,1.000000,0.980000,0.300000,0.000000,0.100000,1.263730
465,1.857975,-0.106601,-1.497585,1.264043,0.114201,0.490458,1.000000,0.960000,0.280000,0.000000,0.000000,1.264043
466,1.860039,-0.119124,-1.492681,1.264466,0.102431,0.485004,1.000000,0.940000,0.280000,0.000000,0.000000,1.264466
467,1.862046,-0.131650,-1.487831,1.264827,0.091270,0.477078,1.000000,0.860000,0.280000,0.000000,-0.100000,1.264827
468,1.864004,-0.144179,-1.483060,1.264620,0.078209,0.358832,1.000000,0.820000,0.260000,0.000000,-0.100000,1.264620
469,1.865891,-0.156709,-1.479472,1.264288,0.067164,0.241661,1.000000,0.800000,0.360000,0.000000,-0.200000,1.264288
470,1.867713,-0.169237,-1.477055,1.263022,0.056157,0.045886,1.000000,0.800000,0.360000,0.100000,-0.200000,1.263022
471,1.869455,-0.181760,-1.476596,1.268664,0.047959,-0.146322,1.000000,0.780000,0.340000,0.000000,-0.200000,1.268664
472,1.871125,-0.194345,-1.478059,1.267247,0.042441,-0.333013,1.000000,0.780000,0.340000,0.000000,-0.200000,1.267247
473,1.872721,-0.206924,-1.481389,1.265790,0.039424,-0.512211,1.000000,0.760000,0.340000,0.000000,-0.300000,1.265790
474,1.874244,-0.219496,-1.486512,1.263272,0.037358,-0.740501,1.000000,0.760000,0.340000,0.000000,-0.300000,1.263272
475,1.875680,-0.232052,-1.493917,1.260704,0.038102,-0.958216,1.000000,0.780000,0.340000,0.100000,-0.200000,1.260704
476,1.877028,-0.244593,-1.503499,1.266093,0.042852,-1.102272,1.000000,0.860000,0.360000,0.000000,-0.100000,1.266093
477,1.878307,-0.257196,-1.514521,1.265162,0.051513,-1.138147,1.000000,0.840000,0.360000,0.000000,-0.100000,1.265162
478,1.879533,-0.269799,-1.525903,1.264101,0.060211,-1.169082,1.000000,0.840000,0.360000,0.000000,-0.100000,1.264101
479,1.880702,-0.282400,-1.537594,1.262906,0.068888,-1.195532,1.000000,0.820000,0.380000,0.100000,-0.100000,1.262906
480,1.881810,-0.294999,-1.549549,1.268575,0.077494,-1.217936,1.000000,0.820000,0.380000,0.000000,-0.100000,1.268575
481,1.882854,-0.307666,-1.561728,1.267106,0.086092,-1.237225,1.000000,0.880000,0.400000,0.000000,0.000000,1.267106
482,1.883830,-0.320328,-1.574101,1.265904,0.097344,-1.133567,1.000000,0.880000,0.400000,0.000000,0.000000,1.265904
483,1.884761,-0.332991,-1.585436,1.264664,0.106754,-1.036115,1.000000,0.860000,0.420000,0.000000,-0.100000,1.264664
484,1.885644,-0.345652,-1.595798,1.262967,0.111819,-1.058909,1.000000,0.860000,0.420000,0.100000,-0.100000,1.262967
485,1.886446,-0.358305,-1.606387,1.268184,0.116946,-1.079156,1.000000,0.920000,0.440000,0.000000,0.000000,1.268184
486,1.887163,-0.371021,-1.617178,1.266785,0.124833,-0.985023,1.000000,0.920000,0.440000,0.000000,0.000000,1.266785
487,1.887823,-0.383733,-1.627028,1.265418,0.131167,-0.896601,1.000000,0.900000,0.460000,0.000000,0.000000,1.265418
488,1.888421,-0.396441,-1.635994,1.264105,0.136094,-0.813473,1.000000,0.900000,0.480000,0.000000,0.000000,1.264105
489,1.888956,-0.409144,-1.644129,1.262862,0.139745,-0.735254,1.000000,0.880000,0.460000,0.100000,0.000000,1.262862
490,1.889424,-0.421841,-1.651482,1.268698,0.142240,-0.661600,1.000000,0.880000,0.440000,0.000000,0.000000,1.268698
491,1.889819,-0.434601,-1.658098,1.267620,0.143768,-0.592425,1.000000,0.900000,0.440000,0.000000,0.000000,1.267620
492,1.890146,-0.447354,-1.664022,1.266631,0.144344,-0.527221,1.000000,0.900000,0.420000,0.000000,0.000000,1.266631
493,1.890404,-0.460100,-1.669294,1.265733,0.144062,-0.465769,1.000000,0.880000,0.420000,0.000000,0.000000,1.265733
494,1.890593,-0.472838,-1.673952,1.264925,0.143005,-0.407884,1.000000,0.880000,0.400000,0.000000,0.000000,1.264925
495,1.890713,-0.485567,-1.678031,1.264205,0.141254,-0.353415,1.000000,0.860000,0.400000,0.000000,-0.100000,1.264205
496,1.890765,-0.498287,-1.681565,1.263021,0.136502,-0.404074,1.000000,0.860000,0.380000,0.100000,-0.100000,1.263021
497,1.890725,-0.510991,-1.685606,1.268796,0.132543,-0.453457,1.000000,0.840000,0.380000,0.000000,-0.100000,1.268796
498,1.890588,-0.523747,-1.690140,1.267529,0.129392,-0.501697,1.000000,0.840000,0.400000,0.000000,-0.100000,1.267529
499,1.890364,-0.536487,-1.695157,1.266221,0.126949,-0.548224,1.000000,0.820000,0.400000,0.000000,-0.100000,1.266221
500,1.890053,-0.549208,-1.700639,1.264873,0.125166,-0.592886,1.000000,0.820000,0.420000,0.000000,-0.100000,1.264873
501,1.889656,-0.561913,-1.706568,1.263485,0.123994,-0.635564,1.000000,0.800000,0.420000,0.000000,-0.200000,1.263485
502,1.889175,-0.574599,-1.712924,1.261192,0.121677,-0.749155,1.000000,0.840000,0.440000,0.100000,-0.100000,1.261192
503,1.888593,-0.587256,-1.720415,1.266648,0.122543,-0.784048,1.000000,0.820000,0.460000,0.000000,-0.100000,1.266648
504,1.887916,-0.599964,-1.728256,1.265055,0.123873,-0.817129,1.000000,0.820000,0.460000,0.000000,-0.100000,1.265055
505,1.887156,-0.612652,-1.736427,1.263410,0.125548,-0.847985,1.000000,0.820000,0.440000,0.000000,-0.100000,1.263410
506,1.886311,-0.625320,-1.744907,1.261711,0.127524,-0.876669,1.000000,0.800000,0.440000,0.100000,-0.200000,1.261711
507,1.885382,-0.637968,-1.753674,1.266096,0.128038,-0.977052,1.000000,0.800000,0.420000,0.000000,-0.200000,1.266096
508,1.884338,-0.650650,-1.763444,1.263354,0.129827,-1.072926,1.000000,0.860000,0.420000,0.000000,-0.100000,1.263354
509,1.883193,-0.663299,-1.774173,1.261331,0.134453,-1.088703,1.000000,0.860000,0.400000,0.100000,-0.100000,1.261331
510,1.881963,-0.675924,-1.785061,1.266230,0.139078,-1.102654,1.000000,0.840000,0.420000,0.000000,-0.100000,1.266230
511,1.880629,-0.688592,-1.796087,1.264051,0.143784,-1.115374,1.000000,0.840000,0.460000,0.000000,-0.100000,1.264051
512,1.879207,-0.701234,-1.807241,1.261795,0.148451,-1.126512,1.000000,0.840000,0.500000,0.100000,-0.100000,1.261795
513,1.877695,-0.713849,-1.818506,1.266463,0.153061,-1.136205,1.000000,0.820000,0.480000,0.000000,-0.100000,1.266463
514,1.876073,-0.726502,-1.829868,1.264057,0.157707,-1.145010,1.000000,0.820000,0.480000,0.000000,-0.100000,1.264057
515,1.874359,-0.739125,-1.841318,1.261577,0.162271,-1.152574,1.000000,0.800000,0.460000,0.100000,-0.200000,1.261577
516,1.872552,-0.751716,-1.852844,1.265151,0.165166,-1.226293,1.000000,0.840000,0.440000,0.000000,-0.100000,1.265151
517,1.870617,-0.764327,-1.865107,1.262444,0.170523,-1.229163,1.000000,0.840000,0.440000,0.100000,-0.100000,1.262444
518,1.868587,-0.776903,-1.877398,1.266657,0.175700,-1.231143,1.000000,0.820000,0.500000,0.000000,-0.100000,1.266657
519,1.866439,-0.789509,-1.889710,1.263796,0.180810,-1.232736,1.000000,0.860000,0.500000,0.000000,-0.100000,1.263796
520,1.864193,-0.802077,-1.902037,1.260860,0.185735,-1.233598,1.000000,0.860000,0.480000,0.100000,-0.100000,1.260860
521,1.861849,-0.814604,-1.914373,1.264856,0.190473,-1.233817,1.000000,0.840000,0.480000,0.000000,-0.100000,1.264856
522,1.859382,-0.827155,-1.926711,1.261785,0.195140,-1.233842,1.000000,0.840000,0.460000,0.100000,-0.100000,1.261785
523,1.856814,-0.839662,-1.939050,1.265650,0.199621,-1.233338,1.000000,0.840000,0.540000,0.000000,-0.100000,1.265650
524,1.854120,-0.852189,-1.951383,1.262453,0.204032,-1.232724,1.000000,0.820000,0.520000,0.100000,-0.100000,1.262453
525,1.851325,-0.864668,-1.963710,1.266198,0.208258,-1.231675,1.000000,0.820000,0.520000,0.000000,-0.100000,1.266198
526,1.848401,-0.877162,-1.976027,1.262887,0.212417,-1.230580,1.000000,0.860000,0.500000,0.100000,-0.100000,1.262887
527,1.845374,-0.889606,-1.988333,1.266520,0.216394,-1.229126,1.000000,0.860000,0.500000,0.000000,-0.100000,1.266520
528,1.842217,-0.902061,-2.000624,1.263103,0.220308,-1.227677,1.000000,0.840000,0.540000,0.100000,-0.100000,1.263103
529,1.838956,-0.914461,-2.012901,1.266635,0.224043,-1.225930,1.000000,0.840000,0.520000,0.000000,-0.100000,1.266635
530,1.835562,-0.926868,-2.025160,1.263121,0.227720,-1.224226,1.000000,0.840000,0.520000,0.100000,-0.100000,1.263121
531,1.832064,-0.939217,-2.037403,1.266560,0.231222,-1.222274,1.000000,0.820000,0.500000,0.000000,-0.100000,1.266560
532,1.828431,-0.951569,-2.049625,1.262956,0.234669,-1.220394,1.000000,0.820000,0.540000,0.100000,-0.100000,1.262956
533,1.824695,-0.963859,-2.061829,1.266311,0.237947,-1.218306,1.000000,0.820000,0.520000,0.000000,-0.100000,1.266311
534,1.820822,-0.976148,-2.074012,1.262626,0.241175,-1.216312,1.000000,0.800000,0.520000,0.100000,-0.200000,1.262626
535,1.816846,-0.988372,-2.086175,1.264995,0.243058,-1.264655,1.000000,0.800000,0.500000,0.000000,-0.200000,1.264995
536,1.812726,-1.000577,-2.098822,1.260223,0.245547,-1.311396,1.000000,0.800000,0.500000,0.100000,-0.200000,1.260223
537,1.808498,-1.012700,-2.111936,1.262304,0.248492,-1.355990,1.000000,0.840000,0.580000,0.100000,-0.100000,1.262304
538,1.804126,-1.024799,-2.125496,1.265140,0.253140,-1.349058,1.000000,0.840000,0.560000,0.000000,-0.100000,1.265140
539,1.799614,-1.036887,-2.138986,1.260924,0.257646,-1.342440,1.000000,0.820000,0.560000,0.100000,-0.100000,1.260924
540,1.795001,-1.048902,-2.152411,1.263660,0.261891,-1.335895,1.000000,0.820000,0.540000,0.000000,-0.100000,1.263660
541,1.790247,-1.060899,-2.165770,1.259350,0.266010,-1.329656,1.000000,0.820000,0.540000,0.100000,-0.100000,1.259350
542,1.785391,-1.072820,-2.179066,1.261997,0.269884,-1.323498,1.000000,0.820000,0.520000,0.100000,-0.100000,1.261997
543,1.780394,-1.084718,-2.192301,1.264605,0.273645,-1.317636,1.000000,0.820000,0.520000,0.000000,-0.100000,1.264605
544,1.775256,-1.096593,-2.205478,1.260174,0.277299,-1.312057,1.000000,0.800000,0.560000,0.100000,-0.200000,1.260174
545,1.770017,-1.108385,-2.218598,1.261789,0.279696,-1.350758,1.000000,0.800000,0.540000,0.100000,-0.200000,1.261789
546,1.764633,-1.120134,-2.232106,1.263263,0.282566,-1.388264,1.000000,0.800000,0.540000,0.000000,-0.200000,1.263263
547,1.759105,-1.131839,-2.245988,1.257589,0.285885,-1.424550,1.000000,0.800000,0.580000,0.100000,-0.200000,1.257589
548,1.753476,-1.143443,-2.260234,1.258762,0.289506,-1.459197,1.000000,0.800000,0.560000,0.100000,-0.200000,1.258762
549,1.747703,-1.154997,-2.274826,1.259780,0.293525,-1.492641,1.000000,0.800000,0.560000,0.100000,-0.200000,1.259780
550,1.741786,-1.166499,-2.289752,1.260638,0.297920,-1.524888,1.000000,0.780000,0.560000,0.100000,-0.200000,1.260638
551,1.735725,-1.177948,-2.305001,1.261328,0.302670,-1.555954,1.000000,0.780000,0.540000,0.100000,-0.200000,1.261328
552,1.729521,-1.189339,-2.320561,1.261848,0.307753,-1.585861,1.000000,0.780000,0.540000,0.100000,-0.200000,1.261848
553,1.723174,-1.200671,-2.336419,1.262191,0.313150,-1.614638,1.000000,0.840000,0.540000,0.100000,-0.100000,1.262191
554,1.716685,-1.211941,-2.352566,1.263277,0.319769,-1.602642,1.000000,0.840000,0.580000,0.000000,-0.100000,1.263277
555,1.710054,-1.223159,-2.368592,1.257288,0.326144,-1.591382,1.000000,0.840000,0.560000,0.100000,-0.100000,1.257288
556,1.703332,-1.234273,-2.384506,1.258226,0.332150,-1.580734,1.000000,0.840000,0.560000,0.100000,-0.100000,1.258226
557,1.696467,-1.245329,-2.400313,1.259099,0.337944,-1.570744,1.000000,0.840000,0.560000,0.100000,-0.100000,1.259099
558,1.689462,-1.256323,-2.416021,1.259908,0.343538,-1.561376,1.000000,0.840000,0.560000,0.100000,-0.100000,1.259908
559,1.682316,-1.267254,-2.431634,1.260657,0.348943,-1.552597,1.000000,0.840000,0.540000,0.100000,-0.100000,1.260657
560,1.675030,-1.278117,-2.447160,1.261346,0.354171,-1.544376,1.000000,0.840000,0.540000,0.100000,-0.100000,1.261346
561,1.667604,-1.288911,-2.462604,1.261979,0.359231,-1.536685,1.000000,0.860000,0.540000,0.100000,-0.100000,1.261979
562,1.660039,-1.299631,-2.477971,1.262557,0.364134,-1.529496,1.000000,0.860000,0.520000,0.100000,-0.100000,1.262557
563,1.652336,-1.310277,-2.493266,1.263081,0.368889,-1.522787,1.000000,0.860000,0.580000,0.100000,-0.100000,1.263081
564,1.644496,-1.320845,-2.508494,1.263554,0.373503,-1.516534,1.000000,0.860000,0.560000,0.000000,-0.100000,1.263554
565,1.636519,-1.331331,-2.523659,1.256976,0.377985,-1.510715,1.000000,0.860000,0.560000,0.100000,-0.100000,1.256976
566,1.628463,-1.341695,-2.538766,1.257348,0.382210,-1.505305,1.000000,0.860000,0.560000,0.100000,-0.100000,1.257348
567,1.620273,-1.351972,-2.553819,1.257674,0.386318,-1.500288,1.000000,0.880000,0.560000,0.100000,0.000000,1.257674
568,1.611949,-1.362161,-2.568822,1.258743,0.391558,-1.442626,1.000000,0.880000,0.560000,0.100000,0.000000,1.258743
569,1.603493,-1.372273,-2.583249,1.259959,0.395996,-1.387511,1.000000,0.880000,0.540000,0.100000,0.000000,1.259959
570,1.594905,-1.382307,-2.597124,1.261329,0.399681,-1.334621,1.000000,0.880000,0.540000,0.100000,0.000000,1.261329
571,1.586185,-1.392259,-2.610470,1.262859,0.402658,-1.283673,1.000000,0.900000,0.540000,0.100000,0.000000,1.262859
572,1.577336,-1.402127,-2.623307,1.264554,0.404965,-1.234416,1.000000,0.900000,0.540000,0.000000,0.000000,1.264554
573,1.568357,-1.411910,-2.635651,1.259418,0.406635,-1.186629,1.000000,0.900000,0.520000,0.100000,0.000000,1.259418
574,1.559312,-1.421570,-2.647517,1.261458,0.407582,-1.140464,1.000000,0.900000,0.520000,0.100000,0.000000,1.261458
575,1.550139,-1.431140,-2.658922,1.263674,0.407960,-1.095361,1.000000,0.900000,0.520000,0.000000,0.000000,1.263674
576,1.540839,-1.440619,-2.669875,1.259069,0.407791,-1.051165,1.000000,0.900000,0.520000,0.100000,0.000000,1.259069
577,1.531476,-1.449973,-2.680387,1.261647,0.406990,-1.008077,1.000000,0.900000,0.500000,0.100000,0.000000,1.261647
578,1.521989,-1.459233,-2.690468,1.264408,0.405691,-0.965600,1.000000,0.920000,0.500000,0.000000,0.000000,1.264408
579,1.512379,-1.468396,-2.700124,1.260354,0.403910,-0.923625,1.000000,0.920000,0.500000,0.100000,0.000000,1.260354
580,1.502710,-1.477433,-2.709360,1.263488,0.401564,-0.882378,1.000000,0.920000,0.500000,0.000000,0.000000,1.263488
581,1.492919,-1.486372,-2.718184,1.259808,0.398772,-0.841416,1.000000,0.920000,0.480000,0.100000,0.000000,1.259808
582,1.483072,-1.495184,-2.726598,1.263318,0.395452,-0.800975,1.000000,0.920000,0.540000,0.000000,0.000000,1.263318
583,1.473105,-1.503896,-2.734608,1.260014,0.391716,-0.760647,1.000000,0.920000,0.540000,0.100000,0.000000,1.260014
584,1.463085,-1.512481,-2.742214,1.263899,0.387485,-0.720676,1.000000,0.920000,0.520000,0.000000,0.000000,1.263899
585,1.452947,-1.520966,-2.749421,1.260970,0.382862,-0.680687,1.000000,0.900000,0.520000,0.100000,0.000000,1.260970
586,1.442758,-1.529323,-2.756228,1.265228,0.377772,-0.640927,1.000000,0.900000,0.520000,0.000000,0.000000,1.265228
587,1.432454,-1.537580,-2.762637,1.262670,0.372312,-0.601059,1.000000,0.900000,0.500000,0.100000,0.000000,1.262670
588,1.422100,-1.545710,-2.768648,1.267296,0.366410,-0.561331,1.000000,0.900000,0.500000,0.000000,0.000000,1.267296
589,1.411634,-1.553740,-2.774261,1.265102,0.360158,-0.521449,1.000000,0.900000,0.500000,0.000000,0.000000,1.265102
590,1.401120,-1.561644,-2.779475,1.263088,0.353488,-0.481658,1.000000,0.880000,0.480000,0.100000,0.000000,1.263088
591,1.390560,-1.569424,-2.784292,1.268249,0.346417,-0.441939,1.000000,0.880000,0.480000,0.000000,0.000000,1.268249
592,1.379890,-1.577106,-2.788711,1.266581,0.339027,-0.402068,1.000000,0.880000,0.480000,0.000000,0.000000,1.266581
593,1.369177,-1.584664,-2.792732,1.265081,0.331261,-0.362294,1.000000,0.860000,0.460000,0.000000,-0.100000,1.265081
594,1.358420,-1.592102,-2.796355,1.262974,0.321789,-0.380201,1.000000,0.860000,0.460000,0.100000,-0.100000,1.262974
595,1.347625,-1.599404,-2.800157,1.267852,0.312684,-0.398234,1.000000,0.840000,0.460000,0.000000,-0.100000,1.267852
596,1.336725,-1.606595,-2.804139,1.265716,0.304008,-0.416576,1.000000,0.840000,0.440000,0.000000,-0.100000,1.265716
597,1.325788,-1.613655,-2.808305,1.263567,0.295702,-0.435044,1.000000,0.840000,0.440000,0.000000,-0.100000,1.263567
598,1.314815,-1.620583,-2.812656,1.261407,0.287768,-0.453626,1.000000,0.820000,0.440000,0.100000,-0.100000,1.261407
599,1.303807,-1.627381,-2.817192,1.266236,0.280204,-0.472310,1.000000,0.820000,0.420000,0.000000,-0.100000,1.266236
600,1.292698,-1.634073,-2.821915,1.264054,0.273072,-0.491301,1.000000,0.820000,0.420000,0.000000,-0.100000,1.264054
601,1.281557,-1.640638,-2.826828,1.261863,0.266308,-0.510347,1.000000,0.800000,0.420000,0.100000,-0.200000,1.261863
602,1.270382,-1.647077,-2.831931,1.265740,0.258924,-0.571549,1.000000,0.800000,0.400000,0.000000,-0.200000,1.265740
603,1.259116,-1.653400,-2.837647,1.262510,0.252471,-0.633428,1.000000,0.800000,0.400000,0.100000,-0.200000,1.262510
604,1.247825,-1.659587,-2.843981,1.266171,0.246878,-0.695193,1.000000,0.800000,0.400000,0.000000,-0.200000,1.266171
605,1.236444,-1.665660,-2.850933,1.262726,0.242199,-0.757065,1.000000,0.800000,0.400000,0.100000,-0.200000,1.262726
606,1.225041,-1.671600,-2.858504,1.266174,0.238344,-0.818247,1.000000,0.800000,0.380000,0.000000,-0.200000,1.266174
607,1.213548,-1.677425,-2.866686,1.262513,0.235367,-0.878989,1.000000,0.820000,0.380000,0.100000,-0.100000,1.262513
608,1.202036,-1.683117,-2.875476,1.266649,0.234324,-0.888782,1.000000,0.820000,0.380000,0.000000,-0.100000,1.266649
609,1.190432,-1.688709,-2.884364,1.263773,0.233486,-0.898487,1.000000,0.840000,0.380000,0.000000,-0.100000,1.263773
610,1.178804,-1.694182,-2.893349,1.260883,0.232752,-0.907803,1.000000,0.840000,0.380000,0.100000,-0.100000,1.260883
611,1.167154,-1.699537,-2.902427,1.264979,0.232114,-0.916731,1.000000,0.860000,0.380000,0.000000,-0.100000,1.264979
612,1.155414,-1.704788,-2.911594,1.262061,0.231660,-0.925563,1.000000,0.880000,0.360000,0.100000,0.000000,1.262061
613,1.143654,-1.709921,-2.920850,1.266781,0.233238,-0.850614,1.000000,0.880000,0.360000,0.000000,0.000000,1.266781
614,1.131804,-1.714971,-2.929356,1.264660,0.233880,-0.779124,1.000000,0.900000,0.360000,0.000000,0.000000,1.264660
615,1.119934,-1.719921,-2.937147,1.262701,0.233561,-0.710779,1.000000,0.920000,0.360000,0.100000,0.000000,1.262701
616,1.108044,-1.724771,-2.944255,1.267905,0.232357,-0.645314,1.000000,0.920000,0.360000,0.000000,0.000000,1.267905
617,1.096066,-1.729536,-2.950708,1.266269,0.230420,-0.582514,1.000000,0.940000,0.360000,0.000000,0.000000,1.266269
618,1.084071,-1.734201,-2.956533,1.264789,0.227723,-0.522217,1.000000,0.940000,0.340000,0.000000,0.000000,1.264789
619,1.072058,-1.738766,-2.961755,1.263464,0.224328,-0.464290,1.000000,0.960000,0.340000,0.000000,0.000000,1.263464
620,1.060028,-1.743233,-2.966398,1.262286,0.220290,-0.408636,1.000000,0.960000,0.340000,0.100000,0.000000,1.262286
621,1.047983,-1.747603,-2.970485,1.268250,0.215665,-0.355191,1.000000,0.960000,0.340000,0.000000,0.000000,1.268250
622,1.035853,-1.751887,-2.974037,1.267346,0.210569,-0.303945,1.000000,0.960000,0.340000,0.000000,0.000000,1.267346
623,1.023708,-1.756077,-2.977076,1.266569,0.204983,-0.254870,1.000000,0.960000,0.320000,0.000000,0.000000,1.266569
624,1.011549,-1.760173,-2.979625,1.265910,0.198959,-0.207975,1.000000,0.960000,0.320000,0.000000,0.000000,1.265910
625,0.999376,-1.764178,-2.981704,1.265359,0.192544,-0.163288,1.000000,0.940000,0.320000,0.000000,0.000000,1.265359
626,0.987191,-1.768094,-2.983337,1.264908,0.185788,-0.120854,1.000000,0.940000,0.300000,0.000000,0.000000,1.264908
627,0.974992,-1.771922,-2.984546,1.264547,0.178737,-0.080728,1.000000,0.920000,0.300000,0.000000,0.000000,1.264547
628,0.962782,-1.775665,-2.985353,1.264266,0.171441,-0.042971,1.000000,0.900000,0.300000,0.000000,0.000000,1.264266
629,0.950560,-1.779326,-2.985783,1.264056,0.163945,-0.007647,1.000000,0.880000,0.300000,0.000000,0.000000,1.264056
630,0.938327,-1.782907,-2.985859,1.263907,0.156296,0.025181,1.000000,0.880000,0.280000,0.000000,0.000000,1.263907
631,0.926083,-1.786411,-2.985608,1.263810,0.148539,0.055459,1.000000,0.860000,0.280000,0.000000,-0.100000,1.263810
632,0.913830,-1.789842,-2.985053,1.263179,0.138448,-0.013955,1.000000,0.840000,0.280000,0.000000,-0.100000,1.263179
633,0.901568,-1.793179,-2.985192,1.262464,0.129580,-0.083400,1.000000,0.820000,0.260000,0.100000,-0.100000,1.262464
634,0.889299,-1.796426,-2.986026,1.268678,0.121898,-0.152326,1.000000,0.800000,0.260000,0.000000,-0.200000,1.268678
635,0.876955,-1.799595,-2.987550,1.266961,0.113754,-0.290692,1.000000,0.800000,0.260000,0.000000,-0.200000,1.266961
636,0.864610,-1.802663,-2.990457,1.265126,0.107568,-0.427042,1.000000,0.800000,0.260000,0.000000,-0.200000,1.265126
637,0.852265,-1.805632,-2.994727,1.263186,0.103251,-0.560103,1.000000,0.800000,0.260000,0.000000,-0.200000,1.263186
638,0.839920,-1.808502,-3.000328,1.261147,0.100697,-0.688787,1.000000,0.820000,0.260000,0.100000,-0.100000,1.261147
639,0.827576,-1.811274,-3.007216,1.266856,0.101639,-0.733004,1.000000,0.840000,0.240000,0.000000,-0.100000,1.266856
640,0.815158,-1.813979,-3.014546,1.265513,0.103152,-0.774686,1.000000,0.860000,0.240000,0.000000,-0.100000,1.265513
641,0.802735,-1.816605,-3.022293,1.264116,0.105109,-0.813439,1.000000,0.900000,0.240000,0.000000,0.000000,1.264116
642,0.790309,-1.819153,-3.030427,1.263124,0.110105,-0.735995,1.000000,0.960000,0.240000,0.100000,0.000000,1.263124
643,0.777878,-1.821649,-3.037787,1.269178,0.113890,-0.663136,1.000000,1.000000,0.240000,0.000000,0.100000,1.269178
644,0.765372,-1.824097,-3.044419,1.268206,0.119703,-0.464462,1.000000,1.000000,0.240000,0.000000,0.100000,1.268206
645,0.752866,-1.826519,-3.049063,1.267462,0.122723,-0.278442,1.000000,1.000000,0.240000,0.000000,0.100000,1.267462
646,0.740359,-1.828912,-3.051848,1.266953,0.123242,-0.104354,1.000000,1.000000,0.240000,0.000000,0.100000,1.266953
647,0.727851,-1.831275,-3.052891,1.266670,0.121533,0.058441,1.000000,1.000000,0.240000,0.000000,0.100000,1.266670
648,0.715342,-1.833607,-3.052307,1.266595,0.117844,0.210462,1.000000,1.000000,0.220000,0.000000,0.100000,1.266595
649,0.702831,-1.835910,-3.050202,1.266699,0.112410,0.352093,1.000000,1.000000,0.220000,0.000000,0.100000,1.266699
650,0.690320,-1.838186,-3.046681,1.266947,0.105451,0.483601,1.000000,0.960000,0.220000,0.000000,0.000000,1.266947
651,0.677807,-1.840436,-3.041845,1.267319,0.094166,0.476521,1.000000,0.900000,0.220000,0.000000,0.000000,1.267319
652,0.665291,-1.842635,-3.037080,1.267631,0.083496,0.467114,1.000000,0.840000,0.200000,0.000000,-0.100000,1.267631
653,0.652771,-1.844788,-3.032409,1.267393,0.070883,0.345656,1.000000,0.780000,0.200000,0.000000,-0.200000,1.267393
654,0.640250,-1.846874,-3.028952,1.266193,0.058466,0.146568,1.000000,0.740000,0.200000,0.000000,-0.300000,1.266193
655,0.627734,-1.848878,-3.027487,1.263858,0.047795,-0.099530,1.000000,0.720000,0.200000,0.000000,-0.300000,1.263858
656,0.615232,-1.850792,-3.028482,1.261436,0.040452,-0.342312,1.000000,0.720000,0.180000,0.100000,-0.300000,1.261436
657,0.602744,-1.852618,-3.031905,1.265964,0.036278,-0.578593,1.000000,0.720000,0.180000,0.000000,-0.300000,1.265964
658,0.590200,-1.854364,-3.037691,1.263453,0.035127,-0.806032,1.000000,0.740000,0.180000,0.000000,-0.300000,1.263453
659,0.577670,-1.856024,-3.045751,1.260892,0.036742,-1.022106,1.000000,0.800000,0.180000,0.100000,-0.200000,1.260892
660,0.565154,-1.857596,-3.055972,1.266280,0.042331,-1.163101,1.000000,0.880000,0.180000,0.000000,0.000000,1.266280
661,0.552574,-1.859101,-3.067603,1.265651,0.054728,-1.068888,1.000000,1.000000,0.180000,0.000000,0.100000,1.265651
662,0.539992,-1.860582,-3.078292,1.264684,0.068353,-0.849836,1.000000,1.000000,0.180000,0.000000,0.100000,1.264684
663,0.527414,-1.862064,-3.086791,1.263767,0.078583,-0.642817,1.000000,1.000000,0.180000,0.000000,0.100000,1.263767
664,0.514838,-1.863541,-3.093219,1.262964,0.085725,-0.448073,1.000000,1.000000,0.180000,0.100000,0.100000,1.262964
665,0.502265,-1.865008,-3.097699,1.269313,0.090079,-0.265461,1.000000,1.000000,0.180000,0.000000,0.100000,1.269313
666,0.489624,-1.866465,-3.100354,1.268828,0.091973,-0.094817,1.000000,1.000000,0.180000,0.000000,0.100000,1.268828
667,0.476984,-1.867907,-3.101302,1.268511,0.091625,0.064494,1.000000,1.000000,0.180000,0.000000,0.100000,1.268511
668,0.464346,-1.869334,-3.100657,1.268352,0.089288,0.212839,1.000000,1.000000,0.180000,0.000000,0.100000,1.268352
669,0.451710,-1.870745,-3.098529,1.268327,0.085199,0.350542,1.000000,1.000000,0.180000,0.000000,0.100000,1.268327
670,0.439075,-1.872142,-3.095024,1.268412,0.079580,0.477875,1.000000,1.000000,0.180000,0.000000,0.100000,1.268412
671,0.426442,-1.873527,-3.090245,1.268573,0.072642,0.595068,1.000000,1.000000,0.160000,0.000000,0.100000,1.268573
672,0.413810,-1.874904,-3.084294,1.268777,0.064580,0.702333,1.000000,1.000000,0.160000,0.000000,0.100000,1.268777
673,0.401180,-1.876275,-3.077271,1.268991,0.055579,0.799885,1.000000,0.920000,0.160000,0.000000,0.000000,1.268991
674,0.388552,-1.877646,-3.069272,1.269298,0.042748,0.756976,1.000000,0.820000,0.160000,0.000000,-0.100000,1.269298
675,0.375923,-1.878989,-3.061702,1.269053,0.028364,0.596453,1.000000,0.720000,0.140000,0.000000,-0.300000,1.269053
676,0.363296,-1.880285,-3.055738,1.266846,0.013322,0.298285,1.000000,0.660000,0.140000,0.000000,-0.500000,1.266846
677,0.350685,-1.881504,-3.052755,1.262437,0.001557,-0.034702,1.000000,0.620000,0.140000,0.100000,-0.700000,1.262437
678,0.338112,-1.882639,-3.053102,1.263116,-0.005420,-0.345147,1.000000,0.620000,0.140000,0.100000,-0.600000,1.263116
679,0.325526,-1.883701,-3.056553,1.264754,-0.008889,-0.665168,1.000000,0.640000,0.140000,0.000000,-0.600000,1.264754
680,0.312916,-1.884687,-3.063205,1.259452,-0.008466,-0.974581,1.000000,0.680000,0.140000,0.100000,-0.400000,1.259452
681,0.300354,-1.885589,-3.072951,1.263303,-0.004157,-1.256492,1.000000,0.760000,0.140000,0.000000,-0.300000,1.263303
682,0.287748,-1.886414,-3.085516,1.261254,0.004357,-1.479367,1.000000,0.920000,0.140000,0.100000,0.000000,1.261254
683,0.275157,-1.887164,-3.100309,1.268053,0.022535,-1.369595,1.000000,1.000000,0.140000,0.000000,0.100000,1.268053
684,0.262497,-1.887913,-3.114005,1.267272,0.041454,-1.139343,1.000000,1.000000,0.140000,0.000000,0.100000,1.267272
685,0.249840,-1.888677,-3.125399,1.266383,0.056605,-0.918851,1.000000,1.000000,0.140000,0.000000,0.100000,1.266383
686,0.237187,-1.889448,-3.134587,1.265494,0.068273,-0.709550,1.000000,1.000000,0.140000,0.000000,0.100000,1.265494
687,0.224538,-1.890219,-3.141683,1.264683,0.076757,-0.512064,1.000000,1.000000,0.140000,0.000000,0.100000,1.264683
688,0.211891,-1.890986,-3.146803,1.263996,0.082354,-0.326502,1.000000,1.000000,0.160000,0.000000,0.100000,1.263996
689,0.199247,-1.891743,-3.150068,1.263461,0.085353,-0.152687,1.000000,1.000000,0.140000,0.000000,0.100000,1.263461
690,0.186605,-1.892490,-3.151595,1.263083,0.086025,0.009687,1.000000,1.000000,0.140000,0.100000,0.100000,1.263083
691,0.173966,-1.893224,-3.151498,1.269857,0.084631,0.160961,1.000000,1.000000,0.140000,0.000000,0.100000,1.269857
692,0.161260,-1.893944,-3.149889,1.269764,0.081423,0.301434,1.000000,1.000000,0.140000,0.000000,0.100000,1.269764
693,0.148556,-1.894653,-3.146874,1.269782,0.076606,0.431471,1.000000,1.000000,0.140000,0.000000,0.100000,1.269782
694,0.135854,-1.895352,-3.142560,1.269882,0.070395,0.551315,1.000000,1.000000,0.140000,0.000000,0.100000,1.269882
695,0.123155,-1.896044,-3.137047,1.270034,0.062990,0.661189,1.000000,1.000000,0.140000,0.000000,0.100000,1.270034
696,0.110458,-1.896731,-3.130435,1.270203,0.054578,0.761318,1.000000,1.000000,0.140000,0.000000,0.100000,1.270203
697,0.097762,-1.897419,-3.122822,1.270359,0.045336,0.851949,1.000000,1.000000,0.120000,0.000000,0.100000,1.270359
698,0.085070,-1.898110,-3.114302,1.270469,0.035426,0.933369,1.000000,1.000000,0.120000,0.000000,0.100000,1.270469
699,0.072379,-1.898811,-3.104968,1.270506,0.024998,1.005922,1.000000,1.000000,0.120000,0.000000,0.100000,1.270506
700,0.059692,-1.899526,-3.094909,1.270444,0.014188,1.070011,1.000000,0.880000,0.120000,0.000000,-0.100000,1.270444
701,0.047008,-1.900261,-3.084209,1.270065,-0.002756,0.874791,1.000000,0.700000,0.120000,0.000000,-0.500000,1.270065
702,0.034327,-1.900962,-3.075461,1.265591,-0.020912,0.495833,1.000000,0.600000,0.100000,0.000000,-1.000000,1.265591
703,0.021684,-1.901589,-3.070503,1.256987,-0.031554,0.217398,1.000000,0.560000,0.100000,0.100000,-1.000000,1.256987
704,0.009124,-1.902168,-3.068329,1.255428,-0.038604,-0.063065,1.000000,0.540000,0.100000,0.100000,-1.000000,1.255428
705,-0.003425,-1.902701,-3.068959,1.253968,-0.042184,-0.340553,1.000000,0.540000,0.100000,0.100000,-1.000000,1.253968
706,-0.015962,-1.903191,-3.072365,1.252633,-0.042430,-0.610665,1.000000,0.560000,0.100000,0.100000,-1.000000,1.252633
707,-0.028488,-1.903634,-3.078472,1.251417,-0.039529,-0.869304,1.000000,0.600000,0.100000,0.100000,-1.000000,1.251417
708,-0.041002,-1.904029,-3.087165,1.250288,-0.033708,-1.112746,1.000000,0.680000,0.100000,0.100000,-0.400000,1.250288
709,-0.053505,-1.904372,-3.098292,1.254529,-0.026974,-1.412228,1.000000,0.860000,0.100000,0.100000,-0.100000,1.254529
710,-0.066050,-1.904646,-3.112414,1.261635,-0.011198,-1.446329,1.000000,0.920000,0.100000,0.100000,0.000000,1.261635
711,-0.078664,-1.904902,-3.126878,1.268661,0.007361,-1.342878,1.000000,0.900000,0.120000,0.000000,0.000000,1.268661
712,-0.091348,-1.905162,-3.140306,1.268425,0.023790,-1.242848,1.000000,0.900000,0.120000,0.000000,0.000000,1.268425
713,-0.104032,-1.905417,-3.152735,1.267992,0.038137,-1.146459,1.000000,1.000000,0.120000,0.000000,0.100000,1.267992
714,-0.116716,-1.905657,-3.164200,1.267129,0.053542,-0.926438,1.000000,1.000000,0.120000,0.000000,0.100000,1.267129
715,-0.129396,-1.905906,-3.173464,1.266257,0.065459,-0.717346,1.000000,1.000000,0.120000,0.000000,0.100000,1.266257
716,-0.142073,-1.906156,-3.180637,1.265453,0.074182,-0.519894,1.000000,1.000000,0.120000,0.000000,0.100000,1.265453
717,-0.154747,-1.906404,-3.185836,1.264768,0.080006,-0.334259,1.000000,1.000000,0.120000,0.000000,0.100000,1.264768
718,-0.167417,-1.906643,-3.189179,1.264227,0.083220,-0.160310,1.000000,1.000000,0.120000,0.000000,0.100000,1.264227
719,-0.180085,-1.906873,-3.190782,1.263840,0.084095,0.002229,1.000000,1.000000,0.120000,0.000000,0.100000,1.263840
720,-0.192749,-1.907092,-3.190760,1.263602,0.082890,0.153681,1.000000,1.000000,0.120000,0.000000,0.100000,1.263602
721,-0.205411,-1.907299,-3.189223,1.263498,0.079848,0.294362,1.000000,1.000000,0.120000,0.000000,0.100000,1.263498
722,-0.218069,-1.907495,-3.186279,1.263504,0.075197,0.424552,1.000000,1.000000,0.120000,0.000000,0.100000,1.263504
723,-0.230725,-1.907681,-3.182034,1.263591,0.069151,0.544505,1.000000,1.000000,0.120000,0.000000,0.100000,1.263591
724,-0.243379,-1.907862,-3.176589,1.263730,0.061911,0.654453,1.000000,1.000000,0.120000,0.000000,0.100000,1.263730
725,-0.256030,-1.908038,-3.170044,1.263888,0.053664,0.754630,1.000000,1.000000,0.120000,0.000000,0.100000,1.263888
726,-0.268679,-1.908215,-3.162498,1.264032,0.044586,0.845291,1.000000,1.000000,0.120000,0.000000,0.100000,1.264032
727,-0.281326,-1.908397,-3.154045,1.264133,0.034840,0.926732,1.000000,1.000000,0.120000,0.000000,0.100000,1.264133
728,-0.293971,-1.908587,-3.144778,1.264163,0.024575,0.999303,1.000000,0.740000,0.100000,0.000000,-0.300000,1.264163
729,-0.306613,-1.908793,-3.134785,1.262011,0.004863,0.675689,1.000000,0.720000,0.100000,0.100000,-0.300000,1.262011
730,-0.319233,-1.908928,-3.128028,1.266728,-0.010239,0.351305,1.000000,0.720000,0.100000,0.000000,-0.300000,1.266728
731,-0.331900,-1.908997,-3.124515,1.264451,-0.020905,0.031631,1.000000,0.700000,0.100000,0.000000,-0.500000,1.264451
732,-0.344546,-1.909004,-3.124198,1.260081,-0.028449,-0.328152,1.000000,0.700000,0.100000,0.100000,-0.400000,1.260081
733,-0.357150,-1.908939,-3.127480,1.263946,-0.031149,-0.664230,1.000000,0.680000,0.100000,0.000000,-0.400000,1.263946
734,-0.369793,-1.908806,-3.134122,1.260963,-0.029727,-0.985309,1.000000,0.680000,0.100000,0.100000,-0.400000,1.260963
735,-0.382404,-1.908602,-3.143975,1.265093,-0.024539,-1.287908,1.000000,0.660000,0.100000,0.000000,-0.400000,1.265093
736,-0.395055,-1.908327,-3.156854,1.262256,-0.015866,-1.569431,1.000000,0.940000,0.120000,0.100000,0.000000,1.262256
737,-0.407673,-1.907976,-3.172549,1.269369,0.004469,-1.458373,1.000000,0.920000,0.120000,0.000000,0.000000,1.269369
738,-0.420362,-1.907627,-3.187132,1.269166,0.022501,-1.350770,1.000000,0.920000,0.120000,0.000000,0.000000,1.269166
739,-0.433051,-1.907274,-3.200640,1.268724,0.038278,-1.247006,1.000000,0.980000,0.120000,0.000000,0.100000,1.268724
740,-0.445739,-1.906908,-3.213110,1.267816,0.054943,-1.020241,1.000000,0.980000,0.140000,0.000000,0.100000,1.267816
741,-0.458424,-1.906550,-3.223313,1.266876,0.067976,-0.804551,1.000000,0.960000,0.140000,0.000000,0.000000,1.266876
742,-0.471106,-1.906193,-3.231358,1.266192,0.074624,-0.731474,1.000000,1.000000,0.140000,0.000000,0.100000,1.266192
743,-0.483784,-1.905801,-3.238673,1.265332,0.083089,-0.531466,1.000000,1.000000,0.160000,0.000000,0.100000,1.265332
744,-0.496458,-1.905402,-3.243987,1.264611,0.088634,-0.343659,1.000000,1.000000,0.160000,0.000000,0.100000,1.264611
745,-0.509128,-1.904991,-3.247424,1.264053,0.091551,-0.167786,1.000000,1.000000,0.160000,0.000000,0.100000,1.264053
746,-0.521795,-1.904566,-3.249102,1.263666,0.092117,-0.003472,1.000000,1.000000,0.160000,0.000000,0.100000,1.263666
747,-0.534457,-1.904126,-3.249137,1.263442,0.090594,0.149669,1.000000,0.980000,0.160000,0.000000,0.100000,1.263442
748,-0.547116,-1.903671,-3.247640,1.263364,0.087226,0.291991,1.000000,0.980000,0.160000,0.000000,0.100000,1.263364
749,-0.559771,-1.903201,-3.244720,1.263407,0.082240,0.423792,1.000000,0.960000,0.160000,0.000000,0.000000,1.263407
750,-0.572423,-1.902718,-3.240482,1.263620,0.072805,0.414924,1.000000,0.960000,0.160000,0.000000,0.000000,1.263620
751,-0.585069,-1.902195,-3.236333,1.263785,0.063940,0.404208,1.000000,0.860000,0.160000,0.000000,-0.100000,1.263785
752,-0.597711,-1.901636,-3.232291,1.263455,0.052967,0.277302,1.000000,0.860000,0.160000,0.000000,-0.100000,1.263455
753,-0.610341,-1.901019,-3.229518,1.263041,0.044053,0.153565,1.000000,0.840000,0.160000,0.100000,-0.100000,1.263041
754,-0.622962,-1.900349,-3.227982,1.269572,0.037075,0.034059,1.000000,0.840000,0.160000,0.000000,-0.100000,1.269572
755,-0.635642,-1.899623,-3.227642,1.269068,0.031904,-0.080477,1.000000,0.820000,0.160000,0.000000,-0.100000,1.269068
756,-0.648313,-1.898850,-3.228446,1.268544,0.028395,-0.189392,1.000000,0.820000,0.160000,0.000000,-0.100000,1.268544
757,-0.660975,-1.898033,-3.230340,1.268005,0.026404,-0.292275,1.000000,0.800000,0.180000,0.000000,-0.200000,1.268005
758,-0.673629,-1.897172,-3.233263,1.266657,0.023550,-0.484351,1.000000,0.800000,0.180000,0.000000,-0.200000,1.266657
759,-0.686264,-1.896247,-3.238107,1.265299,0.023160,-0.666375,1.000000,0.780000,0.180000,0.000000,-0.200000,1.265299
760,-0.698880,-1.895258,-3.244770,1.263918,0.025006,-0.837334,1.000000,0.860000,0.180000,0.000000,-0.100000,1.263918
761,-0.711478,-1.894205,-3.253144,1.263272,0.031190,-0.896713,1.000000,0.840000,0.200000,0.000000,-0.100000,1.263272
762,-0.724067,-1.893109,-3.262111,1.262546,0.037809,-0.949922,1.000000,0.840000,0.220000,0.100000,-0.100000,1.262546
763,-0.736646,-1.891966,-3.271610,1.268730,0.044768,-0.997332,1.000000,0.820000,0.220000,0.000000,-0.100000,1.268730
764,-0.749285,-1.890765,-3.281583,1.267814,0.052064,-1.039769,1.000000,0.820000,0.240000,0.000000,-0.100000,1.267814
765,-0.761911,-1.889512,-3.291981,1.266790,0.059545,-1.077150,1.000000,0.800000,0.260000,0.000000,-0.200000,1.266790
766,-0.774525,-1.888202,-3.302752,1.264846,0.064972,-1.202680,1.000000,0.800000,0.280000,0.000000,-0.200000,1.264846
767,-0.787114,-1.886814,-3.314779,1.262758,0.071709,-1.318121,1.000000,0.800000,0.300000,0.100000,-0.200000,1.262758
768,-0.799676,-1.885344,-3.327961,1.267496,0.079579,-1.423616,1.000000,0.780000,0.320000,0.000000,-0.200000,1.267496
769,-0.812279,-1.883778,-3.342197,1.265032,0.088538,-1.520083,1.000000,0.820000,0.320000,0.000000,-0.100000,1.265032
770,-0.824852,-1.882125,-3.357397,1.263157,0.100399,-1.518651,1.000000,0.800000,0.320000,0.100000,-0.200000,1.263157
771,-0.837406,-1.880401,-3.372584,1.267252,0.109727,-1.600669,1.000000,0.800000,0.300000,0.000000,-0.200000,1.267252
772,-0.849993,-1.878567,-3.388591,1.264095,0.119838,-1.675338,1.000000,0.800000,0.300000,0.000000,-0.200000,1.264095
773,-0.862543,-1.876639,-3.405344,1.260666,0.130490,-1.742454,1.000000,0.780000,0.280000,0.100000,-0.200000,1.260666
774,-0.875054,-1.874612,-3.422769,1.263950,0.141577,-1.802586,1.000000,0.780000,0.300000,0.000000,-0.200000,1.263950
775,-0.887590,-1.872465,-3.440794,1.259932,0.153154,-1.856972,1.000000,0.820000,0.460000,0.100000,-0.100000,1.259932
776,-0.900081,-1.870215,-3.459364,1.263456,0.166735,-1.830997,1.000000,0.800000,0.540000,0.000000,-0.200000,1.263456
777,-0.912604,-1.867851,-3.477674,1.258881,0.177969,-1.877245,1.000000,0.800000,0.520000,0.100000,-0.200000,1.258881
778,-0.925076,-1.865379,-3.496447,1.260995,0.189393,-1.918697,1.000000,0.800000,0.500000,0.100000,-0.200000,1.260995
779,-0.937558,-1.862774,-3.515634,1.262795,0.201106,-1.956412,1.000000,0.840000,0.580000,0.100000,-0.100000,1.262795
780,-0.950048,-1.860032,-3.535198,1.265156,0.214553,-1.927080,1.000000,0.840000,0.580000,0.000000,-0.100000,1.265156
781,-0.962555,-1.857161,-3.554469,1.260295,0.227323,-1.899648,1.000000,0.820000,0.560000,0.100000,-0.100000,1.260295
782,-0.975011,-1.854187,-3.573465,1.262230,0.239305,-1.873708,1.000000,0.820000,0.640000,0.100000,-0.100000,1.262230
783,-0.987476,-1.851077,-3.592202,1.263983,0.250712,-1.849473,1.000000,0.820000,0.620000,0.000000,-0.100000,1.263983
784,-0.999946,-1.847829,-3.610697,1.258567,0.261588,-1.826829,1.000000,0.820000,0.620000,0.100000,-0.100000,1.258567
785,-1.012355,-1.844472,-3.628965,1.259995,0.271813,-1.805467,1.000000,0.820000,0.600000,0.100000,-0.100000,1.259995
786,-1.024760,-1.840973,-3.647020,1.261281,0.281585,-1.785512,1.000000,0.820000,0.600000,0.100000,-0.100000,1.261281
787,-1.037160,-1.837330,-3.664875,1.262434,0.290934,-1.766870,1.000000,0.800000,0.580000,0.100000,-0.200000,1.262434
788,-1.049548,-1.833541,-3.682544,1.262547,0.298858,-1.793652,1.000000,0.800000,0.620000,0.100000,-0.100000,1.262547
789,-1.061910,-1.829602,-3.700480,1.263349,0.308008,-1.776155,1.000000,0.800000,0.620000,0.000000,-0.100000,1.263349
790,-1.074255,-1.825514,-3.718242,1.257030,0.316789,-1.759852,1.000000,0.800000,0.600000,0.100000,-0.200000,1.257030
791,-1.086519,-1.821316,-3.735840,1.256673,0.324147,-1.784172,0.420000,0.800000,0.600000,0.100000,-0.200000,1.256673
792,-1.098747,-1.816966,-3.753682,1.256100,0.331706,-1.807469,0.420000,0.800000,0.600000,0.100000,-0.200000,1.256100
793,-1.110933,-1.812464,-3.771757,1.255306,0.339450,-1.829815,0.400000,0.800000,0.580000,0.100000,-0.200000,1.255306
794,-1.123076,-1.807809,-3.790055,1.254288,0.347362,-1.851276,0.400000,0.780000,0.620000,0.100000,-0.100000,1.254288
795,-1.135170,-1.803002,-3.808567,1.253974,0.356252,-1.836740,0.380000,0.780000,0.620000,0.100000,-0.100000,1.253974
796,-1.147227,-1.798044,-3.826935,1.253539,0.364822,-1.823360,0.380000,0.780000,0.600000,0.100000,-0.200000,1.253539
797,-1.159241,-1.792934,-3.845168,1.252052,0.372333,-1.843621,0.380000,0.780000,0.600000,0.100000,-0.200000,1.252052
798,-1.171197,-1.787673,-3.863605,1.250346,0.379987,-1.863244,0.360000,0.780000,0.600000,0.100000,-0.200000,1.250346
799,-1.183092,-1.782262,-3.882237,1.248416,0.387774,-1.882281,0.360000,0.780000,0.580000,0.100000,-0.200000,1.248416
800,-1.194922,-1.776700,-3.901060,1.246261,0.395682,-1.900785,0.340000,0.780000,0.620000,0.100000,-0.100000,1.246261
801,-1.206684,-1.770988,-3.920068,1.244818,0.404368,-1.890232,0.340000,0.780000,0.620000,0.100000,-0.100000,1.244818
802,-1.218387,-1.765126,-3.938970,1.243246,0.412787,-1.880749,0.340000,0.800000,0.620000,0.100000,-0.100000,1.243246
803,-1.230025,-1.759114,-3.957778,1.241547,0.420959,-1.872278,0.320000,0.800000,0.620000,0.100000,-0.100000,1.241547
804,-1.241597,-1.752952,-3.976500,1.239725,0.428898,-1.864767,0.320000,0.800000,0.600000,0.100000,-0.200000,1.239725
805,-1.253098,-1.746642,-3.995148,1.236834,0.436049,-1.882563,0.300000,0.800000,0.600000,0.100000,-0.200000,1.236834
806,-1.264514,-1.740187,-4.013974,1.233726,0.443305,-1.900054,0.300000,0.800000,0.600000,0.100000,-0.200000,1.233726
807,-1.275842,-1.733589,-4.032974,1.230399,0.450657,-1.917274,0.300000,0.800000,0.600000,0.100000,-0.200000,1.230399
808,-1.287078,-1.726849,-4.052147,1.226849,0.458098,-1.934256,0.280000,0.800000,0.580000,0.100000,-0.200000,1.226849
809,-1.298221,-1.719968,-4.071490,1.223074,0.465619,-1.951034,0.280000,0.820000,0.580000,0.100000,-0.100000,1.223074
810,-1.309266,-1.712949,-4.091000,1.220023,0.473692,-1.947224,0.260000,0.820000,0.580000,0.100000,-0.100000,1.220023
811,-1.320220,-1.705787,-4.110472,1.216828,0.481580,-1.944312,1.000000,0.820000,0.580000,0.100000,-0.100000,1.216828
812,-1.331080,-1.698484,-4.129915,1.213489,0.489298,-1.942262,1.000000,0.820000,0.580000,0.100000,-0.100000,1.213489
813,-1.341841,-1.691042,-4.149338,1.210006,0.496855,-1.941042,1.000000,0.800000,0.580000,0.100000,-0.200000,1.210006
814,-1.352501,-1.683461,-4.168748,1.205421,0.503859,-1.957872,1.000000,0.780000,0.580000,0.100000,-0.200000,1.205421
815,-1.363049,-1.675751,-4.188327,1.200611,0.510929,-1.974632,1.000000,0.780000,0.580000,0.100000,-0.200000,1.200611
816,-1.373480,-1.667913,-4.208073,1.195574,0.518060,-1.991346,1.000000,0.800000,0.560000,0.100000,-0.200000,1.195574
817,-1.383793,-1.659949,-4.227987,1.190305,0.525245,-2.008036,1.000000,0.820000,0.560000,0.100000,-0.100000,1.190305
818,-1.393984,-1.651862,-4.248067,1.185763,0.532822,-2.010089,1.000000,0.820000,0.560000,0.100000,-0.100000,1.185763
819,-1.404058,-1.643645,-4.268168,1.181054,0.540272,-2.012927,1.000000,0.840000,0.560000,0.100000,-0.100000,1.181054
820,-1.414012,-1.635303,-4.288297,1.176178,0.547603,-2.016529,1.000000,0.860000,0.560000,0.100000,-0.100000,1.176178
821,-1.423843,-1.626836,-4.308463,1.171131,0.554825,-2.020877,1.000000,0.880000,0.560000,0.100000,0.000000,1.171131
822,-1.433548,-1.618248,-4.328671,1.166802,0.562581,-1.998655,1.000000,0.900000,0.560000,0.100000,0.000000,1.166802
823,-1.443132,-1.609535,-4.348658,1.162442,0.569913,-1.978385,1.000000,0.920000,0.560000,0.100000,0.000000,1.162442
824,-1.452594,-1.600698,-4.368442,1.158051,0.576851,-1.959917,1.000000,0.960000,0.580000,0.100000,0.000000,1.158051
825,-1.461930,-1.591741,-4.388041,1.153631,0.583422,-1.943121,1.000000,0.980000,0.580000,0.100000,0.100000,1.153631
826,-1.471136,-1.582666,-4.407472,1.149929,0.590649,-1.885213,1.000000,1.000000,0.580000,0.100000,0.100000,1.149929
827,-1.480223,-1.573470,-4.426324,1.146437,0.597039,-1.830642,1.000000,1.000000,0.580000,0.100000,0.100000,1.146437
828,-1.489185,-1.564157,-4.444631,1.143160,0.602651,-1.778992,1.000000,1.000000,0.580000,0.100000,0.100000,1.143160
829,-1.498022,-1.554727,-4.462421,1.140098,0.607537,-1.729899,1.000000,1.000000,0.580000,0.100000,0.100000,1.140098
830,-1.506729,-1.545183,-4.479720,1.137255,0.611744,-1.683045,0.740000,1.000000,0.580000,0.100000,0.100000,1.137255
831,-1.515303,-1.535527,-4.496550,1.134631,0.615313,-1.638148,0.700000,1.000000,0.580000,0.100000,0.100000,1.134631
832,-1.523744,-1.525762,-4.512931,1.132228,0.618279,-1.594957,0.680000,1.000000,0.580000,0.100000,0.100000,1.132228
833,-1.532047,-1.515889,-4.528881,1.130048,0.620675,-1.553245,0.660000,1.000000,0.580000,0.100000,0.100000,1.130048
834,-1.540212,-1.505911,-4.544414,1.128092,0.622529,-1.512806,0.640000,1.000000,0.600000,0.100000,0.100000,1.128092
835,-1.548236,-1.495830,-4.559542,1.126363,0.623867,-1.473455,0.620000,1.000000,0.600000,0.100000,0.100000,1.126363
836,-1.556117,-1.485647,-4.574276,1.124861,0.624712,-1.435019,0.600000,1.000000,0.580000,0.100000,0.100000,1.124861
837,-1.563853,-1.475366,-4.588626,1.123589,0.625084,-1.397340,0.600000,1.000000,0.580000,0.100000,0.100000,1.123589
838,-1.571443,-1.464988,-4.602600,1.122549,0.625000,-1.360269,0.580000,1.000000,0.560000,0.100000,0.100000,1.122549
839,-1.578885,-1.454515,-4.616202,1.121743,0.624476,-1.323666,0.580000,1.000000,0.540000,0.100000,0.100000,1.121743
840,-1.586178,-1.443949,-4.629439,1.121174,0.623526,-1.287399,0.580000,1.000000,0.540000,0.100000,0.100000,1.121174
841,-1.593321,-1.433292,-4.642313,1.120843,0.622161,-1.251344,0.580000,1.000000,0.520000,0.100000,0.100000,1.120843
842,-1.600312,-1.422547,-4.654826,1.120755,0.620391,-1.215377,0.560000,1.000000,0.520000,0.100000,0.100000,1.120755
843,-1.607151,-1.411715,-4.666980,1.120911,0.618225,-1.179384,0.560000,1.000000,0.520000,0.100000,0.100000,1.120911
844,-1.613835,-1.400798,-4.678774,1.121315,0.615669,-1.143249,0.560000,1.000000,0.520000,0.100000,0.100000,1.121315
845,-1.620365,-1.389798,-4.690207,1.121971,0.612729,-1.106860,0.560000,1.000000,0.520000,0.100000,0.100000,1.121971
846,-1.626740,-1.378717,-4.701275,1.122882,0.609409,-1.070109,0.560000,1.000000,0.520000,0.100000,0.100000,1.122882
847,-1.632959,-1.367557,-4.711976,1.124051,0.605710,-1.032884,0.560000,1.000000,0.520000,0.100000,0.100000,1.124051
848,-1.639020,-1.356319,-4.722305,1.125483,0.601635,-0.995077,0.560000,1.000000,0.520000,0.100000,0.100000,1.125483
849,-1.644925,-1.345005,-4.732256,1.127182,0.597183,-0.956578,0.560000,1.000000,0.520000,0.100000,0.100000,1.127182
850,-1.650672,-1.333616,-4.741822,1.129152,0.592353,-0.917277,0.560000,1.000000,0.520000,0.100000,0.100000,1.129152
851,-1.656260,-1.322155,-4.750994,1.131397,0.587141,-0.877060,0.560000,1.000000,0.520000,0.100000,0.100000,1.131397
852,-1.661691,-1.310623,-4.759765,1.133921,0.581544,-0.835815,0.560000,1.000000,0.520000,0.100000,0.100000,1.133921
853,-1.666963,-1.299021,-4.768123,1.136730,0.575556,-0.793426,0.560000,1.000000,0.520000,0.100000,0.100000,1.136730
854,-1.672076,-1.287351,-4.776057,1.139828,0.569171,-0.749772,0.560000,1.000000,0.520000,0.100000,0.100000,1.139828
855,-1.677031,-1.275614,-4.783555,1.143219,0.562380,-0.704734,0.560000,1.000000,0.520000,0.100000,0.100000,1.143219
856,-1.681828,-1.263811,-4.790603,1.146909,0.555174,-0.658186,0.560000,1.000000,0.520000,0.100000,0.100000,1.146909
857,-1.686466,-1.251943,-4.797184,1.150900,0.547541,-0.610000,0.560000,1.000000,0.520000,0.100000,0.100000,1.150900
858,-1.690947,-1.240011,-4.803284,1.155198,0.539471,-0.560046,0.560000,1.000000,0.500000,0.100000,0.100000,1.155198
859,-1.695271,-1.228017,-4.808885,1.159807,0.530950,-0.508190,0.660000,1.000000,0.500000,0.100000,0.100000,1.159807
860,-1.699438,-1.215962,-4.813967,1.164729,0.521962,-0.454297,0.660000,1.000000,0.500000,0.100000,0.100000,1.164729
861,-1.703450,-1.203845,-4.818510,1.169969,0.512491,-0.398229,0.660000,1.000000,0.500000,0.100000,0.100000,1.169969
862,-1.707307,-1.191669,-4.822492,1.175528,0.502520,-0.339847,0.660000,1.000000,0.500000,0.100000,0.100000,1.175528
863,-1.711010,-1.179432,-4.825890,1.181409,0.492030,-0.279015,0.660000,1.000000,0.480000,0.100000,0.100000,1.181409
864,-1.714561,-1.167137,-4.828681,1.187613,0.481002,-0.215599,0.660000,1.000000,0.480000,0.100000,0.100000,1.187613
865,-1.717960,-1.154783,-4.830837,1.194138,0.469414,-0.149472,0.660000,1.000000,0.480000,0.100000,0.100000,1.194138
866,-1.721210,-1.142371,-4.832331,1.200985,0.457245,-0.080517,0.660000,1.000000,0.460000,0.100000,0.100000,1.200985
867,-1.724313,-1.129900,-4.833136,1.208148,0.444473,-0.008632,0.680000,1.000000,0.460000,0.100000,0.100000,1.208148
868,-1.727270,-1.117371,-4.833223,1.215624,0.431075,0.066263,0.680000,1.000000,0.440000,0.100000,0.100000,1.215624
869,-1.730084,-1.104784,-4.832560,1.223405,0.417031,0.144217,0.680000,1.000000,0.440000,0.100000,0.100000,1.223405
870,-1.732757,-1.092138,-4.831118,1.231481,0.402318,0.225241,0.680000,1.000000,0.420000,0.100000,0.100000,1.231481
871,-1.735294,-1.079433,-4.828866,1.239840,0.386919,0.309291,0.700000,1.000000,0.400000,0.100000,0.100000,1.239840
872,-1.737696,-1.066669,-4.825773,1.248465,0.370818,0.396255,0.700000,1.000000,0.400000,0.100000,0.100000,1.248465
873,-1.739968,-1.053845,-4.821810,1.257337,0.354002,0.485937,0.800000,1.000000,0.380000,0.100000,0.100000,1.257337
874,-1.742113,-1.040960,-4.816951,1.266431,0.336466,0.578035,0.820000,1.000000,0.360000,0.000000,0.100000,1.266431
875,-1.744138,-1.028014,-4.811170,1.268720,0.318210,0.672126,0.840000,1.000000,0.360000,0.000000,0.100000,1.268720
876,-1.746053,-1.015075,-4.804449,1.271175,0.299243,0.767115,0.840000,1.000000,0.340000,0.000000,0.100000,1.271175
877,-1.747864,-1.002142,-4.796778,1.273756,0.279607,0.862381,0.860000,1.000000,0.320000,0.000000,0.100000,1.273756
878,-1.749577,-0.989214,-4.788154,1.276419,0.259354,0.957134,0.880000,1.000000,0.300000,0.000000,0.100000,1.276419
879,-1.751197,-0.976290,-4.778583,1.279119,0.238554,1.050418,0.900000,1.000000,0.300000,0.000000,0.100000,1.279119
880,-1.752731,-0.963369,-4.768079,1.281803,0.217289,1.141123,0.920000,1.000000,0.280000,0.000000,0.100000,1.281803
881,-1.754187,-0.950450,-4.756667,1.284421,0.195657,1.228031,1.000000,1.000000,0.260000,0.000000,0.100000,1.284421
882,-1.755573,-0.937532,-4.744387,1.286920,0.173772,1.309880,1.000000,1.000000,0.260000,0.000000,0.100000,1.286920
883,-1.756898,-0.924614,-4.731288,1.289247,0.151757,1.385453,1.000000,1.000000,0.240000,0.000000,0.100000,1.289247
884,-1.758172,-0.911695,-4.717434,1.291355,0.129746,1.453680,1.000000,0.780000,0.220000,0.000000,-0.300000,1.291355
885,-1.759404,-0.898775,-4.702897,1.290593,0.100767,1.209894,1.000000,0.760000,0.220000,0.000000,-0.400000,1.290593
886,-1.760534,-0.885879,-4.690798,1.288193,0.075338,0.935429,1.000000,0.760000,0.200000,0.000000,-0.300000,1.288193
887,-1.761566,-0.873016,-4.681444,1.286382,0.054442,0.664256,1.000000,0.740000,0.200000,0.000000,-0.300000,1.286382
888,-1.762508,-0.860176,-4.674801,1.284294,0.037573,0.387024,1.000000,0.740000,0.200000,0.000000,-0.300000,1.284294
889,-1.763366,-0.847356,-4.670931,1.282053,0.024683,0.108606,1.000000,0.720000,0.200000,0.000000,-0.300000,1.282053
890,-1.764144,-0.834557,-4.669845,1.279751,0.015654,-0.166598,1.000000,0.680000,0.180000,0.000000,-0.400000,1.279751
891,-1.764845,-0.821777,-4.671511,1.276356,0.009585,-0.465699,1.000000,0.700000,0.180000,0.000000,-0.400000,1.276356
892,-1.765462,-0.809028,-4.676168,1.272982,0.007315,-0.755939,1.000000,0.700000,0.180000,0.000000,-0.400000,1.272982
893,-1.765996,-0.796310,-4.683727,1.269627,0.008598,-1.033682,1.000000,0.680000,0.200000,0.000000,-0.400000,1.269627
894,-1.766446,-0.783621,-4.694064,1.266259,0.013148,-1.295914,1.000000,0.680000,0.200000,0.000000,-0.400000,1.266259
895,-1.766809,-0.770963,-4.707023,1.262819,0.020656,-1.540278,1.000000,0.660000,0.200000,0.100000,-0.400000,1.262819
896,-1.767084,-0.758336,-4.722426,1.266231,0.030800,-1.765095,1.000000,0.660000,0.200000,0.000000,-0.400000,1.266231
897,-1.767265,-0.745671,-4.740077,1.262405,0.043386,-1.970002,1.000000,1.000000,0.220000,0.100000,0.100000,1.262405
898,-1.767349,-0.733040,-4.759777,1.268086,0.068734,-1.694057,1.000000,1.000000,0.240000,0.000000,0.100000,1.268086
899,-1.767435,-0.720341,-4.776718,1.266530,0.089607,-1.432017,1.000000,1.000000,0.240000,0.000000,0.100000,1.266530
900,-1.767515,-0.707644,-4.791038,1.264920,0.106212,-1.184815,1.000000,1.000000,0.260000,0.000000,0.100000,1.264920
901,-1.767580,-0.694951,-4.802886,1.263392,0.118923,-0.952835,0.980000,1.000000,0.260000,0.000000,0.100000,1.263392
902,-1.767622,-0.682261,-4.812414,1.262037,0.128110,-0.735644,0.960000,1.000000,0.280000,0.100000,0.100000,1.262037
903,-1.767637,-0.669576,-4.819771,1.267910,0.134122,-0.532410,0.940000,1.000000,0.280000,0.000000,0.100000,1.267910
904,-1.767611,-0.656826,-4.825095,1.267038,0.137354,-0.342325,0.940000,1.000000,0.300000,0.000000,0.100000,1.267038
905,-1.767551,-0.644081,-4.828518,1.266431,0.138019,-0.164262,0.940000,1.000000,0.300000,0.000000,0.100000,1.266431
906,-1.767455,-0.631342,-4.830161,1.266083,0.136391,0.002557,0.920000,1.000000,0.300000,0.000000,0.100000,1.266083
907,-1.767322,-0.618609,-4.830135,1.265972,0.132722,0.158743,0.920000,1.000000,0.300000,0.000000,0.100000,1.265972
908,-1.767152,-0.605881,-4.828548,1.266071,0.127246,0.304743,0.940000,1.000000,0.300000,0.000000,0.100000,1.266071
909,-1.766949,-0.593158,-4.825500,1.266344,0.120181,0.440847,0.940000,1.000000,0.300000,0.000000,0.100000,1.266344
910,-1.766714,-0.580440,-4.821092,1.266751,0.111734,0.567221,0.940000,1.000000,0.280000,0.000000,0.100000,1.266751
911,-1.766450,-0.567726,-4.815420,1.267251,0.102101,0.683942,0.960000,1.000000,0.280000,0.000000,0.100000,1.267251
912,-1.766162,-0.555016,-4.808580,1.267799,0.091470,0.791043,0.960000,1.000000,0.280000,0.000000,0.100000,1.267799
913,-1.765855,-0.542309,-4.800670,1.268355,0.080017,0.888556,0.980000,1.000000,0.280000,0.000000,0.100000,1.268355
914,-1.765534,-0.529604,-4.791784,1.268876,0.067912,0.976551,1.000000,1.000000,0.260000,0.000000,0.100000,1.268876
915,-1.765205,-0.516901,-4.782019,1.269327,0.055312,1.055172,1.000000,1.000000,0.260000,0.000000,0.100000,1.269327
916,-1.764873,-0.504200,-4.771467,1.269673,0.042363,1.124659,1.000000,1.000000,0.240000,0.000000,0.100000,1.269673
917,-1.764547,-0.491501,-4.760220,1.269886,0.029200,1.185358,1.000000,1.000000,0.240000,0.000000,0.100000,1.269886
918,-1.764231,-0.478802,-4.748367,1.269941,0.015943,1.237718,1.000000,1.000000,0.240000,0.000000,0.100000,1.269941
919,-1.763934,-0.466105,-4.735990,1.269819,0.002698,1.282275,1.000000,0.420000,0.220000,0.000000,-1.000000,1.269819
920,-1.763661,-0.453410,-4.723167,1.261338,-0.017903,1.000569,1.000000,0.420000,0.220000,0.100000,-1.000000,1.261338
921,-1.763346,-0.440799,-4.713161,1.259655,-0.034531,0.704244,1.000000,0.400000,0.220000,0.100000,-1.000000,1.259655
922,-1.762991,-0.428203,-4.706119,1.257916,-0.047223,0.399370,1.000000,0.400000,0.200000,0.100000,-1.000000,1.257916
923,-1.762598,-0.415621,-4.702125,1.256241,-0.055991,0.091299,1.000000,0.380000,0.200000,0.100000,-1.000000,1.256241
924,-1.762167,-0.403054,-4.701212,1.254711,-0.060913,-0.214905,1.000000,0.380000,0.180000,0.100000,-1.000000,1.254711
925,-1.761698,-0.390501,-4.703361,1.253369,-0.062121,-0.514439,1.000000,0.360000,0.180000,0.100000,-1.000000,1.253369
926,-1.761190,-0.377962,-4.708505,1.252221,-0.059802,-0.802766,1.000000,0.360000,0.160000,0.100000,-1.000000,1.252221
927,-1.760640,-0.365437,-4.716533,1.251237,-0.054192,-1.075649,1.000000,0.340000,0.160000,0.100000,-1.000000,1.251237
928,-1.760047,-0.352927,-4.727290,1.250356,-0.045571,-1.329255,1.000000,0.340000,0.140000,0.100000,-1.000000,1.250356
929,-1.759405,-0.340432,-4.740582,1.249499,-0.034252,-1.560290,1.000000,1.000000,0.120000,0.100000,0.100000,1.249499
930,-1.758710,-0.327952,-4.756185,1.256439,-0.010631,-1.340715,1.000000,1.000000,0.120000,0.100000,0.100000,1.256439
931,-1.758054,-0.315404,-4.769592,1.263044,0.009316,-1.124695,1.000000,1.000000,0.120000,0.100000,0.100000,1.263044
932,-1.757425,-0.302789,-4.780839,1.269454,0.025749,-0.915424,1.000000,1.000000,0.140000,0.000000,0.100000,1.269454
933,-1.756813,-0.290106,-4.789993,1.268780,0.038874,-0.714981,0.980000,1.000000,0.140000,0.000000,0.100000,1.268780
934,-1.756217,-0.277427,-4.797143,1.268107,0.048863,-0.524227,0.980000,1.000000,0.140000,0.000000,0.100000,1.268107
935,-1.755631,-0.264750,-4.802385,1.267490,0.055981,-0.343890,0.960000,1.000000,0.140000,0.000000,0.100000,1.267490
936,-1.755049,-0.252076,-4.805824,1.266966,0.060494,-0.174267,0.960000,1.000000,0.160000,0.000000,0.100000,1.266966
937,-1.754469,-0.239405,-4.807567,1.266552,0.062663,-0.015396,0.940000,1.000000,0.160000,0.000000,0.100000,1.266552
938,-1.753889,-0.226737,-4.807721,1.266249,0.062736,0.132837,0.940000,1.000000,0.160000,0.000000,0.100000,1.266249
939,-1.753309,-0.214072,-4.806393,1.266050,0.060953,0.270613,0.940000,1.000000,0.160000,0.000000,0.100000,1.266050
940,-1.752727,-0.201411,-4.803686,1.265937,0.057537,0.398147,0.960000,1.000000,0.160000,0.000000,0.100000,1.265937
941,-1.752146,-0.188752,-4.799705,1.265890,0.052699,0.515665,0.960000,1.000000,0.160000,0.000000,0.100000,1.265890
942,-1.751567,-0.176095,-4.794548,1.265882,0.046639,0.623406,0.960000,1.000000,0.160000,0.000000,0.100000,1.265882
943,-1.750993,-0.163441,-4.788314,1.265885,0.039541,0.721626,0.980000,1.000000,0.160000,0.000000,0.100000,1.265885
944,-1.750427,-0.150788,-4.781098,1.265874,0.031578,0.810612,1.000000,1.000000,0.160000,0.000000,0.100000,1.265874
945,-1.749873,-0.138138,-4.772992,1.265820,0.022910,0.890688,1.000000,1.000000,0.160000,0.000000,0.100000,1.265820
946,-1.749335,-0.125489,-4.764085,1.265699,0.013683,0.962226,1.000000,1.000000,0.140000,0.000000,0.100000,1.265699
947,-1.748817,-0.112842,-4.754463,1.265490,0.004030,1.025646,1.000000,0.820000,0.140000,0.000000,-0.100000,1.265490
948,-1.748325,-0.100196,-4.744206,1.265024,-0.011836,0.828712,1.000000,0.820000,0.140000,0.000000,-0.100000,1.265024
949,-1.747805,-0.087556,-4.735919,1.264464,-0.024505,0.638924,1.000000,0.800000,0.120000,0.000000,-0.200000,1.264464
950,-1.747262,-0.074921,-4.729530,1.263114,-0.036578,0.356235,1.000000,0.800000,0.120000,0.100000,-0.200000,1.263114
951,-1.746680,-0.062298,-4.725968,1.268858,-0.044660,0.084488,1.000000,0.780000,0.100000,0.000000,-0.200000,1.268858
952,-1.746061,-0.049616,-4.725123,1.267750,-0.049065,-0.173998,1.000000,0.760000,0.100000,0.000000,-0.300000,1.267750
953,-1.745409,-0.036946,-4.726863,1.265783,-0.051892,-0.495338,1.000000,0.760000,0.080000,0.000000,-0.300000,1.265783
954,-1.744707,-0.024297,-4.731816,1.264035,-0.050704,-0.800134,1.000000,0.740000,0.080000,0.000000,-0.300000,1.264035
955,-1.743955,-0.011669,-4.739817,1.262468,-0.045871,-1.086026,1.000000,0.740000,0.060000,0.100000,-0.300000,1.262468
956,-1.743150,0.000938,-4.750678,1.268008,-0.037778,-1.351184,1.000000,0.720000,0.060000,0.000000,-0.300000,1.268008
957,-1.742287,0.013595,-4.764190,1.266556,-0.026729,-1.594578,1.000000,1.000000,0.040000,0.000000,0.100000,1.266556
958,-1.741364,0.026229,-4.780135,1.266398,-0.002774,-1.370012,1.000000,1.000000,0.040000,0.000000,0.100000,1.266398
959,-1.740479,0.038862,-4.793835,1.265911,0.017304,-1.149248,1.000000,1.000000,0.040000,0.000000,0.100000,1.265911
960,-1.739622,0.051494,-4.805328,1.265243,0.033699,-0.935524,1.000000,1.000000,0.040000,0.000000,0.100000,1.265243
961,-1.738783,0.064123,-4.814683,1.264507,0.046651,-0.730952,1.000000,1.000000,0.040000,0.000000,0.100000,1.264507
962,-1.737956,0.076749,-4.821993,1.263788,0.056427,-0.536751,0.980000,1.000000,0.060000,0.000000,0.100000,1.263788
963,-1.737134,0.089373,-4.827360,1.263142,0.063304,-0.353502,0.980000,1.000000,0.060000,0.100000,0.100000,1.263142
964,-1.736314,0.101994,-4.830895,1.269605,0.067555,-0.181381,0.960000,1.000000,0.060000,0.000000,0.100000,1.269605
965,-1.735484,0.114681,-4.832709,1.269188,0.069480,-0.020472,0.960000,1.000000,0.060000,0.000000,0.100000,1.269188
966,-1.734650,0.127364,-4.832914,1.268896,0.069289,0.129635,0.960000,1.000000,0.060000,0.000000,0.100000,1.268896
967,-1.733813,0.140044,-4.831617,1.268718,0.067225,0.269163,0.960000,1.000000,0.060000,0.000000,0.100000,1.268718
968,-1.732971,0.152721,-4.828926,1.268635,0.063515,0.398350,0.960000,1.000000,0.060000,0.000000,0.100000,1.268635
969,-1.732127,0.165396,-4.824942,1.268625,0.058372,0.517431,0.960000,1.000000,0.080000,0.000000,0.100000,1.268625
970,-1.731282,0.178067,-4.819768,1.268660,0.051996,0.626644,0.980000,1.000000,0.080000,0.000000,0.100000,1.268660
971,-1.730439,0.190736,-4.813502,1.268711,0.044575,0.726236,0.980000,1.000000,0.080000,0.000000,0.100000,1.268711
972,-1.729602,0.203404,-4.806239,1.268749,0.036285,0.816484,1.000000,1.000000,0.080000,0.000000,0.100000,1.268749
973,-1.728774,0.216069,-4.798074,1.268746,0.027286,0.897698,1.000000,1.000000,0.080000,0.000000,0.100000,1.268746
974,-1.727960,0.228734,-4.789097,1.268676,0.017727,0.970241,1.000000,1.000000,0.080000,0.000000,0.100000,1.268676
975,-1.727165,0.241397,-4.779395,1.268516,0.007745,1.034526,1.000000,1.000000,0.080000,0.000000,0.100000,1.268516
976,-1.726393,0.254058,-4.769050,1.268245,-0.002539,1.091014,1.000000,1.000000,0.080000,0.000000,0.100000,1.268245
977,-1.725649,0.266719,-4.758140,1.267846,-0.013015,1.140214,1.000000,1.000000,0.080000,0.000000,0.100000,1.267846
978,-1.724939,0.279378,-4.746737,1.267307,-0.023588,1.182662,1.000000,0.500000,0.080000,0.000000,-1.000000,1.267307
979,-1.724268,0.292036,-4.734911,1.258522,-0.042287,0.871919,1.000000,0.500000,0.080000,0.100000,-1.000000,1.258522
980,-1.723562,0.304608,-4.726192,1.256659,-0.056737,0.550373,1.000000,0.480000,0.080000,0.100000,-1.000000,1.256659
981,-1.722822,0.317166,-4.720688,1.254863,-0.067024,0.224214,1.000000,0.480000,0.080000,0.100000,-1.000000,1.254863
982,-1.722047,0.329709,-4.718446,1.253237,-0.073213,-0.101259,1.000000,0.460000,0.080000,0.100000,-1.000000,1.253237
983,-1.721239,0.342236,-4.719458,1.251843,-0.075428,-0.421014,1.000000,0.460000,0.080000,0.100000,-1.000000,1.251843
984,-1.720396,0.354749,-4.723668,1.250698,-0.073850,-0.730250,1.000000,0.440000,0.080000,0.100000,-1.000000,1.250698
985,-1.719517,0.367247,-4.730971,1.249779,-0.068715,-1.024410,1.000000,0.440000,0.080000,0.100000,-1.000000,1.249779
986,-1.718598,0.379730,-4.741215,1.249027,-0.060306,-1.299266,1.000000,0.420000,0.080000,0.100000,-1.000000,1.249027
987,-1.717635,0.392197,-4.754208,1.248354,-0.048944,-1.551061,1.000000,0.900000,0.100000,0.100000,0.000000,1.248354
988,-1.716624,0.404650,-4.769718,1.255980,-0.027362,-1.450498,1.000000,0.880000,0.100000,0.100000,0.000000,1.255980
989,-1.715631,0.417173,-4.784223,1.263242,-0.008008,-1.350906,1.000000,0.960000,0.120000,0.000000,0.000000,1.263242
990,-1.714645,0.429767,-4.797732,1.263214,0.009224,-1.253669,1.000000,0.940000,0.120000,0.000000,0.000000,1.263214
991,-1.713660,0.442361,-4.810269,1.262963,0.024370,-1.159235,1.000000,1.000000,0.120000,0.100000,0.100000,1.262963
992,-1.712668,0.454954,-4.821861,1.269225,0.040518,-0.942200,1.000000,1.000000,0.140000,0.000000,0.100000,1.269225
993,-1.711684,0.467615,-4.831283,1.268437,0.053273,-0.735437,1.000000,1.000000,0.140000,0.000000,0.100000,1.268437
994,-1.710709,0.480273,-4.838638,1.267681,0.062824,-0.539474,1.000000,1.000000,0.160000,0.000000,0.100000,1.267681
995,-1.709736,0.492928,-4.844033,1.267013,0.069457,-0.354765,1.000000,1.000000,0.160000,0.000000,0.100000,1.267013
996,-1.708761,0.505579,-4.847580,1.266466,0.073450,-0.181386,1.000000,1.000000,0.160000,0.000000,0.100000,1.266466
997,-1.707782,0.518228,-4.849394,1.266054,0.075073,-0.019200,1.000000,1.000000,0.180000,0.000000,0.100000,1.266054
998,-1.706796,0.530872,-4.849586,1.265776,0.074584,0.132028,1.000000,1.000000,0.180000,0.000000,0.100000,1.265776
999,-1.705804,0.543513,-4.848266,1.265620,0.072224,0.272560,1.000000,0.980000,0.180000,0.000000,0.100000,1.265620
