step,x,y,mu,vx,vy,omega,lidar_l,lidar_c,lidar_r,throttle,steering,reward
0,-1.267211,1.613771,2.438440,0.000000,0.000000,0.000000,0.220000,0.240000,0.260000,0.100000,-1.000000,0.000000
1,-1.267211,1.613771,2.438440,0.007000,0.000000,0.000000,0.220000,0.240000,0.260000,0.100000,-1.000000,0.007000
2,-1.267265,1.613816,2.438440,0.014000,0.000000,0.000000,0.220000,0.240000,0.260000,0.100000,-1.000000,0.014000
3,-1.267371,1.613907,2.438440,0.012635,-0.005371,-0.229722,0.220000,0.240000,0.260000,0.100000,-1.000000,0.012635
4,-1.267433,1.614030,2.436143,0.014456,-0.013642,-0.130547,0.220000,0.240000,0.260000,0.100000,-1.000000,0.014456
5,-1.267455,1.614227,2.434838,0.018464,-0.007716,-0.594771,0.220000,0.240000,0.260000,0.100000,-1.000000,0.018464
6,-1.267545,1.614406,2.428890,0.023814,-0.016534,-0.259800,0.220000,0.240000,0.260000,0.100000,-1.000000,0.023814
7,-1.267617,1.614687,2.426292,0.026136,-0.012580,-0.726427,0.220000,0.240000,0.260000,0.100000,-1.000000,0.026136
8,-1.267732,1.614953,2.419028,0.030956,-0.021285,-0.426882,0.240000,0.240000,0.260000,0.100000,-1.000000,0.030956
9,-1.267823,1.615317,2.414759,0.033981,-0.017852,-0.826197,0.240000,0.240000,0.260000,0.050000,-1.000000,0.033981
10,-1.267959,1.615677,2.406497,0.034844,-0.025797,-0.589363,0.240000,0.220000,0.260000,0.050000,-1.000000,0.034844
11,-1.268044,1.616102,2.400603,0.035715,-0.022272,-0.914205,0.240000,0.220000,0.260000,0.050000,-1.000000,0.035715
12,-1.268157,1.616507,2.391461,0.037844,-0.028706,-0.677626,0.240000,0.220000,0.260000,0.050000,-1.000000,0.037844
13,-1.268238,1.616975,2.384685,0.039181,-0.025139,-0.977130,0.240000,0.220000,0.260000,0.050000,-1.000000,0.039181
14,-1.268351,1.617427,2.374914,0.041343,-0.030863,-0.772904,0.240000,0.220000,0.260000,0.050000,-1.000000,0.041343
15,-1.268434,1.617936,2.367185,0.042822,-0.028020,-1.028382,0.260000,0.220000,0.260000,0.050000,-1.000000,0.042822
16,-1.268544,1.618436,2.356901,0.044903,-0.032856,-0.871793,0.260000,0.220000,0.260000,0.050000,-1.000000,0.044903
17,-1.268630,1.618986,2.348183,0.046485,-0.030936,-1.075629,0.260000,0.220000,0.260000,0.050000,-1.000000,0.046485
18,-1.268736,1.619534,2.337427,0.048485,-0.034758,-0.972880,0.260000,0.220000,0.240000,0.050000,-1.000000,0.048485
19,-1.268822,1.620124,2.327698,0.050154,-0.033845,-1.121707,0.260000,0.220000,0.240000,0.050000,-1.000000,0.050154
20,-1.268920,1.620721,2.316481,0.052085,-0.036639,-1.072772,0.260000,0.220000,0.240000,0.050000,-1.000000,0.052085
21,-1.269004,1.621352,2.305753,0.053826,-0.036651,-1.171270,0.260000,0.220000,0.240000,0.050000,-1.000000,0.053826
22,-1.269093,1.621997,2.294040,0.055704,-0.038598,-1.166255,0.240000,0.220000,0.220000,0.050000,-1.000000,0.055704
23,-1.269172,1.622671,2.282378,0.057497,-0.039265,-1.228830,0.240000,0.240000,0.220000,0.050000,-1.000000,0.057497
24,-1.269251,1.623362,2.270090,0.059345,-0.040692,-1.250271,0.240000,0.240000,0.220000,0.050000,-1.000000,0.059345
25,-1.269321,1.624078,2.257587,0.061166,-0.041682,-1.294440,0.240000,0.240000,0.220000,0.050000,-1.000000,0.061166
26,-1.269387,1.624816,2.244642,0.063004,-0.042881,-1.326750,0.240000,0.240000,0.220000,0.050000,-1.000000,0.063004
27,-1.269445,1.625576,2.231375,0.064837,-0.043970,-1.364343,0.240000,0.240000,0.220000,0.050000,-1.000000,0.064837
28,-1.269495,1.626357,2.217732,0.066675,-0.045093,-1.399440,0.240000,0.240000,0.220000,0.050000,-1.000000,0.066675
29,-1.269537,1.627161,2.203737,0.068513,-0.046190,-1.435239,0.240000,0.240000,0.240000,0.050000,-1.000000,0.068513
30,-1.269570,1.627987,2.189385,0.070353,-0.047283,-1.470538,0.260000,0.220000,0.240000,0.050000,-1.000000,0.070353
31,-1.269593,1.628834,2.174679,0.072195,-0.048364,-1.505734,0.260000,0.220000,0.240000,0.050000,-1.000000,0.072195
32,-1.269605,1.629703,2.159622,0.074038,-0.049435,-1.540698,0.280000,0.220000,0.240000,0.050000,-1.000000,0.074038
33,-1.269605,1.630593,2.144215,0.075882,-0.050496,-1.575457,0.280000,0.220000,0.240000,0.050000,-1.000000,0.075882
34,-1.269592,1.631505,2.128460,0.077728,-0.051545,-1.609998,0.280000,0.220000,0.220000,0.050000,-1.000000,0.077728
35,-1.269566,1.632437,2.112360,0.079574,-0.052584,-1.644316,0.260000,0.220000,0.220000,0.050000,-1.000000,0.079574
36,-1.269526,1.633390,2.095917,0.081421,-0.053612,-1.678404,0.260000,0.220000,0.220000,0.050000,-1.000000,0.081421
37,-1.269470,1.634363,2.079133,0.083269,-0.054628,-1.712256,0.260000,0.220000,0.220000,0.050000,-1.000000,0.083269
38,-1.269398,1.635357,2.062011,0.085117,-0.055632,-1.745866,0.260000,0.240000,0.200000,0.050000,-1.000000,0.085117
39,-1.269309,1.636370,2.044552,0.086966,-0.056624,-1.779227,0.260000,0.240000,0.200000,0.050000,-1.000000,0.086966
40,-1.269202,1.637402,2.026760,0.088814,-0.057603,-1.812333,0.260000,0.240000,0.220000,0.050000,-1.000000,0.088814
41,-1.269076,1.638453,2.008636,0.090662,-0.058570,-1.845178,0.260000,0.240000,0.220000,0.050000,-1.000000,0.090662
42,-1.268930,1.639522,1.990185,0.092510,-0.059524,-1.877755,0.260000,0.240000,0.220000,0.050000,-1.000000,0.092510
43,-1.268763,1.640609,1.971407,0.094357,-0.060465,-1.910059,0.260000,0.240000,0.220000,0.050000,-1.000000,0.094357
44,-1.268574,1.641714,1.952307,0.096202,-0.061392,-1.942082,0.260000,0.240000,0.220000,0.050000,-1.000000,0.096202
45,-1.268363,1.642836,1.932886,0.098047,-0.062306,-1.973819,0.260000,0.220000,0.220000,0.050000,-1.000000,0.098047
46,-1.268127,1.643973,1.913148,0.099890,-0.063206,-2.005264,0.260000,0.220000,0.220000,0.050000,-1.000000,0.099890
47,-1.267867,1.645126,1.893095,0.101731,-0.064092,-2.036410,0.260000,0.220000,0.220000,0.050000,-1.000000,0.101731
48,-1.267582,1.646294,1.872731,0.103571,-0.064964,-2.067250,0.260000,0.240000,0.220000,0.050000,-1.000000,0.103571
49,-1.267269,1.647476,1.852058,0.105407,-0.065821,-2.097780,0.300000,0.240000,0.220000,0.050000,-1.000000,0.105407
50,-1.266930,1.648672,1.831081,0.107241,-0.066664,-2.127993,0.300000,0.260000,0.200000,0.050000,-1.000000,0.107241
51,-1.266561,1.649879,1.809801,0.109072,-0.067492,-2.157883,0.300000,0.260000,0.200000,0.050000,-1.000000,0.109072
52,-1.266164,1.651099,1.788222,0.110899,-0.068304,-2.187444,0.300000,0.260000,0.200000,0.050000,-1.000000,0.110899
53,-1.265736,1.652329,1.766347,0.112722,-0.069101,-2.216671,0.300000,0.260000,0.220000,0.050000,-1.000000,0.112722
54,-1.265277,1.653569,1.744181,0.114542,-0.069883,-2.245557,0.300000,0.260000,0.220000,0.050000,-1.000000,0.114542
55,-1.264787,1.654818,1.721725,0.116357,-0.070650,-2.274098,0.300000,0.240000,0.240000,0.050000,-1.000000,0.116357
56,-1.264263,1.656075,1.698984,0.118166,-0.071400,-2.302287,0.300000,0.240000,0.220000,0.050000,-1.000000,0.118166
57,-1.263706,1.657338,1.675961,0.119971,-0.072135,-2.330120,0.300000,0.240000,0.220000,0.050000,-1.000000,0.119971
58,-1.263115,1.658607,1.652660,0.121770,-0.072853,-2.357591,0.300000,0.240000,0.220000,0.050000,-1.000000,0.121770
59,-1.262488,1.659880,1.629084,0.123563,-0.073555,-2.384695,0.300000,0.240000,0.220000,0.050000,-1.000000,0.123563
60,-1.261826,1.661156,1.605237,0.125349,-0.074241,-2.411427,0.300000,0.240000,0.220000,0.050000,-1.000000,0.125349
61,-1.261127,1.662435,1.581123,0.127128,-0.074911,-2.437784,0.300000,0.240000,0.220000,0.050000,-1.000000,0.127128
62,-1.260391,1.663713,1.556745,0.128900,-0.075564,-2.463759,0.300000,0.240000,0.220000,0.050000,-1.000000,0.128900
63,-1.259617,1.664992,1.532107,0.130664,-0.076201,-2.489348,0.300000,0.280000,0.240000,0.050000,-1.000000,0.130664
64,-1.258805,1.666268,1.507214,0.132420,-0.076821,-2.514548,0.300000,0.280000,0.240000,0.050000,-1.000000,0.132420
65,-1.257955,1.667541,1.482068,0.134168,-0.077424,-2.539355,0.300000,0.280000,0.240000,0.050000,-1.000000,0.134168
66,-1.257064,1.668808,1.456675,0.135906,-0.078010,-2.563764,0.300000,0.280000,0.240000,0.050000,-1.000000,0.135906
67,-1.256135,1.670070,1.431037,0.137635,-0.078580,-2.587772,0.300000,0.280000,0.240000,0.050000,-1.000000,0.137635
68,-1.255165,1.671323,1.405160,0.139354,-0.079133,-2.611376,0.320000,0.280000,0.240000,0.050000,-1.000000,0.139354
69,-1.254155,1.672567,1.379046,0.141063,-0.079669,-2.634573,0.320000,0.280000,0.240000,0.050000,-1.000000,0.141063
70,-1.253104,1.673800,1.352700,0.142761,-0.080189,-2.657359,0.320000,0.280000,0.240000,0.050000,-1.000000,0.142761
71,-1.252012,1.675020,1.326126,0.144447,-0.080691,-2.679732,0.320000,0.280000,0.240000,0.050000,-1.000000,0.144447
72,-1.250879,1.676226,1.299329,0.146122,-0.081177,-2.701690,0.320000,0.280000,0.220000,0.050000,-1.000000,0.146122
73,-1.249705,1.677417,1.272312,0.147785,-0.081647,-2.723230,0.340000,0.280000,0.220000,0.050000,-1.000000,0.147785
74,-1.248490,1.678589,1.245080,0.149436,-0.082099,-2.744351,0.340000,0.280000,0.220000,0.050000,-1.000000,0.149436
75,-1.247234,1.679742,1.217636,0.151073,-0.082536,-2.765052,0.340000,0.280000,0.260000,0.050000,-1.000000,0.151073
76,-1.245937,1.680874,1.189986,0.152697,-0.082955,-2.785329,0.360000,0.280000,0.260000,0.050000,-1.000000,0.152697
77,-1.244600,1.681983,1.162133,0.154308,-0.083359,-2.805184,0.360000,0.280000,0.260000,0.050000,-1.000000,0.154308
78,-1.243221,1.683068,1.134081,0.155904,-0.083746,-2.824614,0.360000,0.280000,0.260000,0.050000,-1.000000,0.155904
79,-1.241803,1.684127,1.105835,0.157485,-0.084117,-2.843619,0.380000,0.300000,0.260000,0.050000,-1.000000,0.157485
80,-1.240345,1.685157,1.077398,0.159052,-0.084473,-2.862200,0.380000,0.300000,0.260000,0.050000,-1.000000,0.159052
81,-1.238848,1.686158,1.048776,0.160603,-0.084812,-2.880356,0.400000,0.300000,0.260000,0.050000,-1.000000,0.160603
82,-1.237312,1.687127,1.019973,0.162139,-0.085137,-2.898088,0.420000,0.300000,0.260000,0.050000,-1.000000,0.162139
83,-1.235738,1.688063,0.990992,0.163658,-0.085445,-2.915396,0.420000,0.300000,0.260000,0.050000,-1.000000,0.163658
84,-1.234126,1.688964,0.961838,0.165161,-0.085739,-2.932281,0.440000,0.320000,0.260000,0.050000,-1.000000,0.165161
85,-1.232478,1.689828,0.932515,0.166647,-0.086017,-2.948744,0.460000,0.320000,0.260000,0.050000,-1.000000,0.166647
86,-1.230795,1.690654,0.903028,0.168115,-0.086281,-2.964788,0.480000,0.320000,0.280000,0.050000,-1.000000,0.168115
87,-1.229076,1.691440,0.873380,0.169566,-0.086530,-2.980413,0.500000,0.340000,0.280000,0.050000,-1.000000,0.169566
88,-1.227324,1.692184,0.843576,0.171000,-0.086765,-2.995623,0.520000,0.340000,0.280000,0.050000,-1.000000,0.171000
89,-1.225539,1.692885,0.813620,0.172415,-0.086986,-3.010418,0.560000,0.340000,0.280000,0.050000,-1.000000,0.172415
90,-1.223722,1.693540,0.783515,0.173812,-0.087194,-3.024803,0.600000,0.360000,0.280000,0.050000,-1.000000,0.173812
91,-1.221876,1.694149,0.753267,0.175190,-0.087388,-3.038780,0.640000,0.360000,0.280000,0.100000,-1.000000,0.175190
92,-1.220000,1.694710,0.722880,0.180049,-0.087568,-3.052353,0.680000,0.380000,0.280000,0.100000,-1.000000,0.180049
93,-1.218071,1.695244,0.692356,0.184731,-0.087686,-3.071998,0.740000,0.400000,0.300000,0.150000,-1.000000,0.184731
94,-1.216089,1.695749,0.661636,0.192766,-0.087763,-3.094727,0.800000,0.400000,0.300000,0.200000,-1.000000,0.192766
95,-1.214029,1.696241,0.630689,0.204046,-0.087740,-3.124486,0.880000,0.420000,0.300000,0.350000,-1.000000,0.204046
96,-1.211863,1.696735,0.599444,0.225509,-0.087552,-3.162430,0.980000,0.440000,0.300000,0.550000,-1.000000,0.225509
97,-1.209507,1.697285,0.567820,0.260474,-0.086920,-3.215948,1.000000,0.460000,0.320000,0.600000,-1.000000,0.260474
98,-1.206844,1.697953,0.535660,0.298385,-0.085390,-3.286544,1.000000,0.480000,0.320000,0.600000,-1.000000,0.298385
99,-1.203842,1.698741,0.502795,0.335915,-0.082790,-3.362611,1.000000,0.520000,0.340000,0.600000,-1.000000,0.335915
100,-1.200500,1.699635,0.469169,0.373164,-0.079062,-3.436142,1.000000,0.540000,0.340000,0.600000,-1.000000,0.373164
101,-1.196814,1.700617,0.434807,0.410163,-0.074160,-3.503089,1.000000,0.580000,0.340000,0.600000,-1.000000,0.410163
102,-1.192782,1.701672,0.399776,0.446909,-0.068052,-3.561254,1.000000,0.620000,0.360000,0.600000,-1.000000,0.446909
103,-1.188400,1.702784,0.364164,0.483375,-0.060725,-3.609422,1.000000,0.680000,0.380000,0.600000,-1.000000,0.483375
104,-1.183667,1.703939,0.328070,0.519527,-0.052182,-3.646965,1.000000,0.740000,0.380000,0.600000,-1.000000,0.519527
105,-1.178581,1.705119,0.291600,0.555321,-0.042441,-3.673637,1.000000,0.840000,0.400000,0.600000,-1.000000,0.555321
106,-1.173140,1.706309,0.254863,0.590716,-0.031533,-3.689452,1.000000,0.940000,0.420000,0.600000,-1.000000,0.590716
107,-1.167344,1.707493,0.217969,0.625667,-0.019503,-3.694614,1.000000,1.000000,0.440000,0.600000,-0.650000,0.625667
108,-1.161193,1.708655,0.181023,0.663147,-0.007980,-3.756708,1.000000,1.000000,0.480000,0.600000,-0.500000,0.663147
109,-1.154656,1.709771,0.143456,0.701837,0.005425,-3.794641,0.640000,1.000000,0.500000,-0.200000,-0.500000,0.701837
110,-1.147717,1.710828,0.105509,0.683871,0.020073,-3.833750,0.540000,1.000000,0.540000,-0.300000,-0.400000,0.683871
111,-1.140938,1.711748,0.067172,0.659473,0.034521,-3.820692,0.480000,1.000000,0.580000,-0.250000,-0.300000,0.659473
112,-1.134381,1.712535,0.028965,0.639109,0.048788,-3.734389,0.420000,1.000000,0.640000,-0.150000,-0.200000,0.639109
113,-1.128007,1.713207,-0.008379,0.626119,0.063176,-3.558666,0.380000,1.000000,0.700000,-0.050000,-0.100000,0.626119
114,-1.121741,1.713787,-0.043966,0.620226,0.077796,-3.287366,0.360000,1.000000,0.780000,0.100000,0.050000,0.620226
115,-1.115510,1.714291,-0.076839,0.624517,0.093897,-2.861918,0.320000,1.000000,0.860000,0.350000,0.250000,0.624517
116,-1.109211,1.714748,-0.105458,0.644799,0.110966,-2.286479,0.320000,1.000000,0.960000,0.500000,0.400000,0.644799
117,-1.102682,1.715173,-0.128323,0.674300,0.126075,-1.671280,0.300000,1.000000,1.000000,0.550000,0.500000,0.674300
118,-1.095833,1.715560,-0.145036,0.706776,0.138092,-1.058544,0.280000,1.000000,1.000000,0.550000,0.500000,0.706776
119,-1.088640,1.715905,-0.155621,0.740067,0.146281,-0.473066,0.280000,1.000000,1.000000,0.550000,0.500000,0.740067
120,-1.081102,1.716203,-0.160352,0.774272,0.150578,0.083497,0.280000,1.000000,1.000000,0.550000,0.500000,0.774272
121,-1.073218,1.716454,-0.159517,0.809400,0.150978,0.609483,0.280000,1.000000,1.000000,0.550000,0.500000,0.809400
122,-1.064987,1.716659,-0.153422,0.845385,0.147528,1.102846,0.280000,1.000000,1.000000,0.550000,0.500000,0.845385
123,-1.056407,1.716825,-0.142394,0.882098,0.140322,1.561022,0.300000,1.000000,1.000000,0.550000,0.500000,0.882098
124,-1.047477,1.716962,-0.126784,0.919356,0.129496,1.981126,0.300000,1.000000,1.000000,0.550000,0.500000,0.919356
125,-1.038193,1.717084,-0.106972,0.956939,0.115218,2.360487,0.320000,1.000000,0.960000,0.500000,0.400000,0.956939
126,-1.028555,1.717208,-0.083368,0.992387,0.096495,2.646636,0.320000,1.000000,0.880000,0.350000,0.250000,0.992387
127,-1.018586,1.717343,-0.056901,1.018778,0.072183,2.759031,0.340000,1.000000,0.800000,0.150000,0.100000,1.018778
128,-1.008373,1.717484,-0.029311,1.031329,0.043230,2.665045,0.380000,1.000000,0.720000,-0.050000,-1.000000,1.031329
129,-0.998052,1.717614,-0.002660,1.020486,0.011813,2.362960,0.400000,1.000000,0.680000,-0.100000,-1.000000,1.020486
130,-0.987847,1.717705,0.020969,1.005283,-0.015535,2.027551,0.420000,1.000000,0.640000,-0.300000,-1.000000,1.005283
131,-0.977793,1.717761,0.041245,0.975499,-0.038620,1.666921,0.460000,1.000000,0.600000,-0.700000,-1.000000,0.975499
132,-0.968030,1.717777,0.057914,0.917405,-0.057168,1.286899,0.480000,1.000000,0.580000,-0.450000,-1.000000,0.917405
133,-0.958838,1.717737,0.070783,0.876743,-0.070905,0.890294,0.500000,1.000000,0.560000,-0.450000,-1.000000,0.876743
134,-0.950043,1.717650,0.079686,0.836206,-0.080477,0.486641,0.520000,1.000000,0.560000,-0.350000,-1.000000,0.836206
135,-0.941643,1.717513,0.084552,0.802933,-0.086274,0.082093,0.520000,1.000000,0.540000,-0.400000,-1.000000,0.802933
136,-0.933570,1.717332,0.085373,0.766501,-0.088772,-0.316046,0.520000,1.000000,0.540000,-0.350000,-1.000000,0.766501
137,-0.925857,1.717101,0.082213,0.733943,-0.088411,-0.702317,0.520000,1.000000,0.560000,-0.300000,-1.000000,0.733943
138,-0.918470,1.716823,0.075190,0.705247,-0.085685,-1.069737,0.500000,1.000000,0.560000,-0.300000,-0.400000,0.705247
139,-0.911373,1.716498,0.064492,0.682740,-0.081413,-1.425532,0.480000,1.000000,0.580000,-0.250000,-0.300000,0.682740
140,-0.904507,1.716125,0.050237,0.665300,-0.073416,-1.654562,0.460000,1.000000,0.600000,-0.250000,-0.300000,0.665300
141,-0.897825,1.715726,0.033691,0.647937,-0.064808,-1.845257,0.440000,1.000000,0.620000,-0.200000,-0.250000,0.647937
142,-0.891328,1.715297,0.015239,0.634574,-0.054694,-1.942928,0.420000,1.000000,0.640000,-0.150000,-0.200000,0.634574
143,-0.884975,1.714847,-0.004191,0.624937,-0.043684,-1.952944,0.400000,1.000000,0.680000,-0.050000,-0.100000,0.624937
144,-0.878727,1.714384,-0.023720,0.622438,-0.030805,-1.820913,0.380000,1.000000,0.720000,0.000000,-0.050000,0.622438
145,-0.872512,1.713928,-0.041929,0.623092,-0.018535,-1.635871,0.360000,1.000000,0.760000,0.100000,0.050000,0.623092
146,-0.866294,1.713482,-0.058288,0.630141,-0.005822,-1.353996,0.340000,1.000000,0.800000,0.150000,0.100000,0.630141
147,-0.860007,1.713056,-0.071828,0.640206,0.005433,-1.049582,0.320000,1.000000,0.840000,0.300000,0.200000,0.640206
148,-0.853617,1.712651,-0.082324,0.659888,0.016114,-0.689500,0.320000,1.000000,0.840000,0.300000,0.200000,0.659888
149,-0.847028,1.712269,-0.089219,0.679639,0.024128,-0.361414,0.320000,1.000000,0.840000,0.300000,0.200000,0.679639
150,-0.840237,1.711904,-0.092833,0.699521,0.029697,-0.065464,0.320000,1.000000,0.820000,0.200000,0.150000,0.699521
151,-0.833244,1.711551,-0.093487,0.712970,0.031854,0.147708,0.320000,1.000000,0.820000,0.200000,0.150000,0.712970
152,-0.826116,1.711203,-0.092010,0.726530,0.032458,0.335827,0.320000,1.000000,0.820000,0.200000,0.150000,0.726530
153,-0.818851,1.710858,-0.088652,0.740180,0.031751,0.501518,0.320000,1.000000,0.820000,0.200000,0.150000,0.740180
154,-0.811451,1.710519,-0.083637,0.753898,0.029948,0.647267,0.320000,1.000000,0.800000,0.150000,0.100000,0.753898
155,-0.803913,1.710188,-0.077164,0.764434,0.025768,0.712839,0.320000,1.000000,0.800000,0.150000,0.100000,0.764434
156,-0.796271,1.709856,-0.070036,0.774947,0.021425,0.769348,0.320000,1.000000,0.800000,0.150000,0.100000,0.774947
157,-0.788526,1.709527,-0.062342,0.785427,0.016975,0.818009,0.320000,1.000000,0.800000,0.150000,0.100000,0.785427
158,-0.780676,1.709207,-0.054162,0.795865,0.012463,0.859899,0.340000,1.000000,0.780000,0.100000,0.050000,0.795865
159,-0.772723,1.708901,-0.045563,0.802913,0.006396,0.830703,0.340000,1.000000,0.780000,0.100000,0.050000,0.802913
160,-0.764699,1.708599,-0.037256,0.809892,0.000991,0.803254,0.340000,1.000000,0.760000,0.100000,0.050000,0.809892
161,-0.756605,1.708307,-0.029224,0.816813,-0.003824,0.777619,0.360000,1.000000,0.760000,0.100000,0.050000,0.816813
162,-0.748442,1.708030,-0.021448,0.823685,-0.008114,0.753806,0.360000,1.000000,0.740000,0.050000,0.000000,0.823685
163,-0.740209,1.707772,-0.013910,0.827066,-0.013484,0.665702,0.360000,1.000000,0.720000,0.000000,-0.050000,0.827066
164,-0.731941,1.707523,-0.007252,0.826830,-0.019287,0.520527,0.380000,1.000000,0.700000,-0.050000,-0.100000,0.826830
165,-0.723674,1.707270,-0.002047,0.822887,-0.024937,0.326816,0.380000,1.000000,0.700000,-0.050000,-0.100000,0.822887
166,-0.715446,1.707004,0.001221,0.819002,-0.028606,0.150814,0.380000,1.000000,0.700000,-0.050000,-0.100000,0.819002
167,-0.707255,1.706728,0.002729,0.815188,-0.030587,-0.007970,0.380000,1.000000,0.700000,-0.050000,-0.100000,0.815188
168,-0.699103,1.706444,0.002649,0.811444,-0.031154,-0.150305,0.380000,1.000000,0.700000,-0.050000,-0.100000,0.811444
169,-0.690987,1.706154,0.001146,0.807762,-0.030554,-0.277105,0.500000,1.000000,0.700000,-0.050000,-0.100000,0.807762
170,-0.682909,1.705858,-0.001625,0.804131,-0.029009,-0.389348,0.480000,1.000000,0.700000,-0.050000,-0.100000,0.804131
171,-0.674868,1.705554,-0.005518,0.800535,-0.026719,-0.488043,0.360000,1.000000,0.700000,-0.050000,-0.100000,0.800535
172,-0.666865,1.705243,-0.010399,0.796961,-0.023857,-0.574206,0.480000,1.000000,0.700000,-0.050000,-0.100000,0.796961
173,-0.658898,1.704922,-0.016141,0.793392,-0.020576,-0.648854,0.460000,1.000000,0.700000,-0.050000,-0.100000,0.793392
174,-0.650968,1.704588,-0.022629,0.789818,-0.017004,-0.712994,0.460000,1.000000,0.680000,-0.050000,-0.100000,0.789818
175,-0.643076,1.704239,-0.029759,0.786225,-0.013255,-0.767613,0.460000,1.000000,0.680000,-0.050000,-0.100000,0.786225
176,-0.635221,1.703873,-0.037435,0.782606,-0.009419,-0.813673,0.440000,1.000000,0.660000,-0.100000,-0.150000,0.782606
177,-0.627404,1.703486,-0.045572,0.775151,-0.006981,-0.912264,0.320000,1.000000,0.660000,-0.100000,-0.150000,0.775151
178,-0.619664,1.703063,-0.054695,0.767689,-0.004069,-0.997353,0.320000,1.000000,0.700000,-0.050000,-0.100000,0.767689
179,-0.612001,1.702603,-0.064668,0.764004,0.000574,-1.009776,0.420000,1.000000,0.720000,0.000000,-0.050000,0.764004
180,-0.604376,1.702115,-0.074766,0.763929,0.006406,-0.953347,0.300000,1.000000,0.740000,0.050000,0.000000,0.763929
181,-0.596754,1.701608,-0.084299,0.767319,0.012881,-0.835395,0.300000,1.000000,0.760000,0.100000,0.050000,0.767319
182,-0.589097,1.701090,-0.092653,0.774062,0.019497,-0.664747,0.300000,1.000000,0.800000,0.150000,0.100000,0.774062
183,-0.581371,1.700568,-0.099301,0.784083,0.025814,-0.450423,0.280000,1.000000,0.820000,0.200000,0.150000,0.784083
184,-0.573544,1.700048,-0.103805,0.797333,0.031450,-0.201068,0.280000,1.000000,0.840000,0.300000,0.200000,0.797333
185,-0.565581,1.699534,-0.105816,0.817278,0.036071,0.075138,0.280000,1.000000,0.840000,0.300000,0.200000,0.817278
186,-0.557415,1.699030,-0.105064,0.837379,0.038354,0.326209,0.380000,1.000000,0.840000,0.300000,0.200000,0.837379
187,-0.549048,1.698533,-0.101802,0.857625,0.038545,0.553530,0.380000,1.000000,0.840000,0.300000,0.200000,0.857625
188,-0.540477,1.698045,-0.096267,0.877989,0.036871,0.758730,0.380000,1.000000,0.820000,0.200000,0.150000,0.877989
189,-0.531702,1.697568,-0.088680,0.891827,0.032232,0.887357,0.380000,1.000000,0.800000,0.150000,0.100000,0.891827
190,-0.522790,1.697099,-0.079806,0.902437,0.025283,0.938989,0.380000,1.000000,0.780000,0.100000,0.050000,0.902437
191,-0.513774,1.696632,-0.070416,0.909618,0.016774,0.917693,0.400000,1.000000,0.740000,0.050000,0.000000,0.909618
192,-0.504689,1.696159,-0.061239,0.913201,0.007468,0.830276,0.400000,1.000000,0.720000,0.000000,-0.050000,0.913201
193,-0.495569,1.695675,-0.052937,0.913064,-0.001920,0.684940,0.420000,1.000000,0.700000,-0.050000,-0.100000,0.913064
194,-0.486453,1.695172,-0.046087,0.909128,-0.010765,0.490454,0.420000,1.000000,0.700000,-0.050000,-0.100000,0.909128
195,-0.477376,1.694646,-0.041183,0.905196,-0.017295,0.309635,0.420000,1.000000,0.680000,-0.050000,-0.100000,0.905196
196,-0.468339,1.694101,-0.038086,0.901299,-0.021783,0.143026,0.420000,1.000000,0.680000,-0.050000,-0.100000,0.901299
197,-0.459341,1.693540,-0.036656,0.897456,-0.024495,-0.009344,0.420000,1.000000,0.680000,-0.050000,-0.100000,0.897456
198,-0.450381,1.692966,-0.036749,0.893669,-0.025685,-0.147771,0.420000,1.000000,0.680000,-0.050000,-0.100000,0.893669
199,-0.441460,1.692381,-0.038227,0.889937,-0.025589,-0.272750,0.420000,1.000000,0.680000,-0.050000,-0.100000,0.889937
200,-0.432577,1.691785,-0.040955,0.886248,-0.024423,-0.384896,0.420000,1.000000,0.700000,-0.050000,-0.100000,0.886248
201,-0.423732,1.691178,-0.044804,0.882592,-0.022383,-0.484897,0.400000,1.000000,0.700000,-0.050000,-0.100000,0.882592
202,-0.414925,1.690559,-0.049653,0.878955,-0.019645,-0.573484,0.400000,1.000000,0.720000,0.000000,-0.050000,0.878955
203,-0.406156,1.689927,-0.055387,0.878988,-0.014848,-0.586445,0.400000,1.000000,0.720000,0.000000,-0.050000,0.878988
204,-0.397388,1.689292,-0.061252,0.878988,-0.010295,-0.596149,0.380000,1.000000,0.740000,0.050000,0.000000,0.878988
205,-0.388620,1.688651,-0.067213,0.882483,-0.004450,-0.536911,0.380000,1.000000,0.760000,0.100000,0.050000,0.882483
206,-0.379818,1.688014,-0.072582,0.889330,0.001982,-0.417457,0.380000,1.000000,0.780000,0.100000,0.050000,0.889330
207,-0.370947,1.687389,-0.076757,0.896160,0.006965,-0.307788,0.380000,1.000000,0.800000,0.150000,0.100000,0.896160
208,-0.362007,1.686771,-0.079835,0.906266,0.012106,-0.146200,0.360000,1.000000,0.800000,0.150000,0.100000,0.906266
209,-0.352963,1.686169,-0.081297,0.916404,0.015526,0.001757,0.360000,1.000000,0.800000,0.150000,0.100000,0.916404
210,-0.343817,1.685580,-0.081279,0.926582,0.017431,0.136644,0.360000,1.000000,0.800000,0.150000,0.100000,0.926582
211,-0.334567,1.685001,-0.079913,0.936799,0.018010,0.259184,0.360000,1.000000,0.800000,0.150000,0.100000,0.936799
212,-0.325215,1.684433,-0.077321,0.947050,0.017439,0.370175,0.360000,1.000000,0.800000,0.150000,0.100000,0.947050
213,-0.315759,1.683875,-0.073619,0.957324,0.015873,0.470429,0.360000,1.000000,0.800000,0.150000,0.100000,0.957324
214,-0.306200,1.683329,-0.068915,0.967610,0.013455,0.560750,0.380000,1.000000,0.780000,0.100000,0.050000,0.967610
215,-0.296538,1.682797,-0.063308,0.974576,0.008805,0.577595,0.380000,1.000000,0.760000,0.100000,0.050000,0.974576
216,-0.286806,1.682269,-0.057532,0.981509,0.004271,0.591525,0.380000,1.000000,0.760000,0.100000,0.050000,0.981509
217,-0.277005,1.681747,-0.051616,0.988409,-0.000133,0.602906,0.480000,1.000000,0.740000,0.050000,0.000000,0.988409
218,-0.267134,1.681236,-0.045587,0.991824,-0.005944,0.545971,0.500000,1.000000,0.720000,0.000000,-0.050000,0.991824
219,-0.257229,1.680724,-0.040128,0.991616,-0.012369,0.427470,0.500000,1.000000,0.720000,0.000000,-0.050000,0.991616
220,-0.247325,1.680203,-0.035853,0.991403,-0.017234,0.317524,0.500000,1.000000,0.720000,0.000000,-0.050000,0.991403
221,-0.237424,1.679675,-0.032678,0.991199,-0.020720,0.216034,0.500000,1.000000,0.700000,-0.050000,-0.100000,0.991199
222,-0.227524,1.679144,-0.030517,0.987313,-0.024471,0.059716,0.500000,1.000000,0.700000,-0.050000,-0.100000,0.987313
223,-0.217663,1.678598,-0.029920,0.983482,-0.026472,-0.084089,0.500000,1.000000,0.700000,-0.050000,-0.100000,0.983482
224,-0.207840,1.678040,-0.030761,0.979707,-0.026963,-0.215582,0.500000,1.000000,0.700000,-0.050000,-0.100000,0.979707
225,-0.198056,1.677469,-0.032917,0.975982,-0.026167,-0.335112,0.500000,1.000000,0.720000,0.000000,-0.050000,0.975982
226,-0.188310,1.676886,-0.036268,0.975968,-0.022778,-0.378411,0.500000,1.000000,0.720000,0.000000,-0.050000,0.975968
227,-0.178565,1.676305,-0.040052,0.975949,-0.019201,-0.416401,0.480000,1.000000,0.720000,0.000000,-0.050000,0.975949
228,-0.168821,1.675722,-0.044216,0.975920,-0.015502,-0.449500,0.480000,1.000000,0.740000,0.050000,0.000000,0.975920
229,-0.159079,1.675136,-0.048711,0.979408,-0.010188,-0.411975,0.480000,1.000000,0.760000,0.100000,0.050000,0.979408
230,-0.149301,1.674557,-0.052831,0.986258,-0.004066,-0.311846,0.460000,1.000000,0.760000,0.100000,0.050000,0.986258
231,-0.139454,1.673996,-0.055949,0.993091,0.000725,-0.218704,0.460000,1.000000,0.780000,0.100000,0.050000,0.993091
232,-0.129539,1.673448,-0.058136,0.999920,0.004328,-0.132477,0.460000,1.000000,0.780000,0.100000,0.050000,0.999920
233,-0.119554,1.672910,-0.059461,1.006752,0.006875,-0.052970,0.460000,1.000000,0.780000,0.100000,0.050000,1.006752
234,-0.109500,1.672380,-0.059991,1.013594,0.008490,0.020087,0.460000,1.000000,0.760000,0.100000,0.050000,1.013594
235,-0.099377,1.671857,-0.059790,1.020444,0.009286,0.087008,0.460000,1.000000,0.760000,0.100000,0.050000,1.020444
236,-0.089185,1.671340,-0.058920,1.027304,0.009367,0.148125,0.460000,1.000000,0.760000,0.100000,0.050000,1.027304
237,-0.078925,1.670829,-0.057439,1.034171,0.008827,0.203782,0.460000,1.000000,0.740000,0.050000,0.000000,1.034171
238,-0.068595,1.670323,-0.055401,1.037598,0.006209,0.188277,0.460000,1.000000,0.740000,0.050000,0.000000,1.037598
239,-0.058232,1.669811,-0.053518,1.041018,0.003906,0.173354,0.460000,1.000000,0.720000,0.000000,-0.050000,1.041018
240,-0.047834,1.669293,-0.051784,1.040842,0.000369,0.093809,0.460000,1.000000,0.720000,0.000000,-0.050000,1.040842
241,-0.037440,1.668758,-0.050846,1.040669,-0.002141,0.019984,0.460000,1.000000,0.720000,0.000000,-0.050000,1.040669
242,-0.027047,1.668207,-0.050647,1.040502,-0.003747,-0.048208,0.460000,1.000000,0.700000,-0.050000,-0.100000,1.040502
243,-0.016658,1.667643,-0.051129,1.036626,-0.006012,-0.173039,0.460000,1.000000,0.700000,-0.050000,-0.100000,1.036626
244,-0.006308,1.667053,-0.052859,1.032776,-0.006886,-0.288063,0.460000,1.000000,0.680000,-0.050000,-0.100000,1.032776
245,0.004002,1.666439,-0.055740,1.028948,-0.006560,-0.393385,0.440000,1.000000,0.680000,-0.050000,-0.100000,1.028948
246,0.014272,1.665800,-0.059673,1.025134,-0.005210,-0.489234,0.440000,1.000000,0.660000,-0.100000,-0.150000,1.025134
247,0.024502,1.665137,-0.064566,1.017499,-0.004339,-0.633125,0.440000,1.000000,0.680000,-0.050000,-0.100000,1.017499
248,0.034653,1.664437,-0.070897,1.013703,-0.000798,-0.706359,0.440000,1.000000,0.700000,-0.050000,-0.100000,1.013703
249,0.044764,1.663711,-0.077961,1.009881,0.003222,-0.771395,0.420000,1.000000,0.720000,0.000000,-0.050000,1.009881
250,0.054834,1.662957,-0.085675,1.009721,0.009087,-0.765333,0.420000,1.000000,0.740000,0.050000,0.000000,1.009721
251,0.064902,1.662183,-0.093328,1.013065,0.016062,-0.691906,0.400000,1.000000,0.760000,0.100000,0.050000,1.013065
252,0.075004,1.661399,-0.100247,1.019783,0.023424,-0.557874,0.400000,1.000000,0.780000,0.100000,0.050000,1.019783
253,0.085174,1.660611,-0.105826,1.026498,0.029045,-0.433873,0.400000,1.000000,0.760000,0.100000,0.050000,1.026498
254,0.095412,1.659816,-0.110164,1.033230,0.033119,-0.319551,0.380000,1.000000,0.760000,0.100000,0.050000,1.033230
255,0.105718,1.659009,-0.113360,1.039991,0.035824,-0.214439,0.380000,1.000000,0.740000,0.050000,0.000000,1.039991
256,0.116092,1.658189,-0.115504,1.043322,0.035778,-0.184175,0.380000,1.000000,0.740000,0.050000,0.000000,1.043322
257,0.126497,1.657342,-0.117346,1.046663,0.035440,-0.156660,0.380000,1.000000,0.720000,0.000000,-0.050000,1.046663
258,0.136933,1.656468,-0.118913,1.046393,0.033359,-0.195612,0.380000,1.000000,0.720000,0.000000,-0.050000,1.046393
259,0.147362,1.655558,-0.120869,1.046119,0.031799,-0.231991,0.380000,1.000000,0.720000,0.000000,-0.050000,1.046119
260,0.157786,1.654612,-0.123189,1.045839,0.030702,-0.265810,0.360000,1.000000,0.700000,-0.050000,-0.100000,1.045839
261,0.168203,1.653632,-0.125847,1.041806,0.028635,-0.356133,0.360000,1.000000,0.720000,0.000000,-0.050000,1.041806
262,0.178574,1.652608,-0.129408,1.041509,0.028974,-0.380250,0.360000,1.000000,0.740000,0.050000,0.000000,1.041509
263,0.188940,1.651552,-0.133211,1.044806,0.031050,-0.337400,0.360000,1.000000,0.760000,0.100000,0.050000,1.044806
264,0.199336,1.650472,-0.136585,1.051562,0.034125,-0.231731,0.360000,1.000000,0.740000,0.050000,0.000000,1.051562
265,0.209800,1.649378,-0.138902,1.054889,0.034410,-0.200759,0.360000,1.000000,0.740000,0.050000,0.000000,1.054889
266,0.220295,1.648258,-0.140910,1.058225,0.034372,-0.172483,0.340000,1.000000,0.720000,0.000000,-0.050000,1.058225
267,0.230821,1.647112,-0.142634,1.057952,0.032559,-0.210772,0.340000,1.000000,0.720000,0.000000,-0.050000,1.057952
268,0.241339,1.645931,-0.144742,1.057674,0.031247,-0.246466,0.340000,1.000000,0.720000,0.000000,-0.050000,1.057674
269,0.251851,1.644714,-0.147207,1.057391,0.030381,-0.279594,0.340000,1.000000,0.700000,-0.050000,-0.100000,1.057391
270,0.262355,1.643464,-0.150003,1.053355,0.028524,-0.369344,0.340000,1.000000,0.700000,-0.050000,-0.100000,1.053355
271,0.272813,1.642172,-0.153696,1.049310,0.027671,-0.452474,0.320000,1.000000,0.680000,-0.050000,-0.100000,1.049310
272,0.283224,1.640839,-0.158221,1.045255,0.027693,-0.528989,0.320000,1.000000,0.680000,-0.050000,-0.100000,1.045255
273,0.293590,1.639466,-0.163511,1.041184,0.028465,-0.598991,0.320000,1.000000,0.700000,-0.050000,-0.100000,1.041184
274,0.303909,1.638052,-0.169501,1.037093,0.029873,-0.662659,0.320000,1.000000,0.740000,0.050000,0.000000,1.037093
275,0.314182,1.636596,-0.176127,1.040303,0.034749,-0.594605,0.300000,1.000000,0.720000,0.000000,-0.050000,1.040303
276,0.324485,1.635116,-0.182073,1.039903,0.037143,-0.596272,0.300000,1.000000,0.720000,0.000000,-0.050000,1.039903
277,0.334779,1.633598,-0.188036,1.039484,0.039409,-0.597060,0.300000,1.000000,0.720000,0.000000,-0.050000,1.039484
278,0.345065,1.632042,-0.194007,1.039048,0.041546,-0.597089,0.300000,1.000000,0.700000,-0.050000,-0.100000,1.039048
279,0.355340,1.630447,-0.199978,1.034846,0.042178,-0.655315,0.280000,1.000000,0.700000,-0.050000,-0.100000,1.034846
280,0.365566,1.628804,-0.206531,1.030619,0.043326,-0.708329,0.280000,1.000000,0.700000,-0.050000,-0.100000,1.030619
281,0.375742,1.627115,-0.213614,1.026363,0.044904,-0.756331,0.280000,1.000000,0.740000,0.050000,0.000000,1.026363
282,0.385868,1.625378,-0.221177,1.029434,0.049718,-0.676165,0.260000,1.000000,0.740000,0.050000,0.000000,1.029434
283,0.396020,1.623605,-0.227939,1.032507,0.053459,-0.602168,0.260000,1.000000,0.740000,0.050000,0.000000,1.032507
284,0.406199,1.621792,-0.233961,1.035594,0.056253,-0.533952,0.260000,1.000000,0.720000,0.000000,-0.050000,1.035594
285,0.416403,1.619939,-0.239300,1.035068,0.056738,-0.534191,0.260000,1.000000,0.720000,0.000000,-0.050000,1.035068
286,0.426594,1.618037,-0.244642,1.034538,0.057193,-0.534247,0.260000,1.000000,0.720000,0.000000,-0.050000,1.034538
287,0.436770,1.616086,-0.249985,1.034005,0.057618,-0.534142,0.240000,1.000000,0.700000,-0.050000,-0.100000,1.034005
288,0.446931,1.614086,-0.255326,1.029700,0.056693,-0.590375,0.240000,1.000000,0.740000,0.050000,0.000000,1.029700
289,0.457037,1.612034,-0.261230,1.032775,0.059149,-0.522404,0.300000,1.000000,0.760000,0.100000,0.050000,1.032775
290,0.467167,1.609938,-0.266454,1.039363,0.062336,-0.393933,0.300000,1.000000,0.760000,0.100000,0.050000,1.039363
291,0.477358,1.607803,-0.270393,1.046024,0.064071,-0.276103,0.300000,1.000000,0.760000,0.100000,0.050000,1.046024
292,0.487610,1.605626,-0.273154,1.052759,0.064535,-0.168145,0.300000,1.000000,0.740000,0.050000,0.000000,1.052759
293,0.497921,1.603407,-0.274836,1.056056,0.062360,-0.134824,0.280000,1.000000,0.740000,0.050000,0.000000,1.056056
294,0.508254,1.601141,-0.276184,1.059377,0.059982,-0.104859,0.280000,1.000000,0.720000,0.000000,-0.050000,1.059377
295,0.518610,1.598830,-0.277232,1.059063,0.056005,-0.139656,0.280000,1.000000,0.720000,0.000000,-0.050000,1.059063
296,0.528950,1.596470,-0.278629,1.058741,0.052610,-0.173029,0.280000,0.980000,0.700000,-0.050000,-0.100000,1.058741
297,0.539274,1.594064,-0.280359,1.054638,0.048445,-0.260731,0.280000,0.980000,0.700000,-0.050000,-0.100000,1.054638
298,0.549542,1.591611,-0.282967,1.050516,0.045383,-0.343418,0.260000,0.960000,0.720000,0.050000,-0.050000,1.050516
299,0.559756,1.589114,-0.286401,1.053639,0.044653,-0.363370,0.260000,0.960000,0.760000,0.150000,0.050000,1.053639
300,0.569990,1.586566,-0.290034,1.063855,0.047223,-0.252256,0.260000,0.960000,0.760000,0.150000,0.050000,1.063855
301,0.580319,1.583976,-0.292557,1.074120,0.048541,-0.150348,0.260000,0.940000,0.740000,0.100000,0.000000,1.074120
302,0.590744,1.581343,-0.294060,1.080948,0.047213,-0.122994,0.260000,0.940000,0.740000,0.100000,0.000000,1.080948
303,0.601226,1.578661,-0.295290,1.087791,0.045700,-0.098426,0.240000,0.920000,0.740000,0.100000,0.000000,1.087791
304,0.611766,1.575933,-0.296275,1.094645,0.044037,-0.076447,0.240000,0.920000,0.720000,0.050000,-0.050000,1.094645
305,0.622364,1.573158,-0.297039,1.097876,0.040782,-0.120019,0.240000,0.920000,0.720000,0.050000,-0.050000,1.097876
306,0.632982,1.570335,-0.298239,1.101097,0.038186,-0.161298,0.240000,0.900000,0.700000,0.100000,-0.100000,1.101097
307,0.643619,1.567464,-0.299852,1.107552,0.034837,-0.258130,0.240000,0.900000,0.700000,0.100000,-0.100000,1.107552
308,0.654303,1.564526,-0.302434,1.113992,0.032732,-0.349218,0.220000,0.880000,0.680000,0.100000,-0.100000,1.113992
309,0.665035,1.561520,-0.305926,1.120419,0.031754,-0.434435,0.220000,0.880000,0.680000,0.100000,-0.100000,1.120419
310,0.675814,1.558449,-0.310270,1.126829,0.031792,-0.513772,0.220000,0.880000,0.660000,0.050000,-0.150000,1.126829
311,0.686642,1.555311,-0.315408,1.129361,0.031518,-0.639451,0.280000,0.860000,0.660000,0.050000,-0.150000,1.129361
312,0.697476,1.552107,-0.321802,1.131868,0.032648,-0.756345,0.200000,0.860000,0.660000,0.050000,-0.150000,1.131868
313,0.708317,1.548837,-0.329366,1.134335,0.035024,-0.864405,0.260000,0.840000,0.640000,0.050000,-0.200000,1.134335
314,0.719164,1.545500,-0.338010,1.136310,0.037465,-1.007839,0.260000,0.880000,0.640000,0.050000,-0.200000,1.136310
315,0.730008,1.542085,-0.348088,1.138216,0.041385,-1.140375,0.240000,0.880000,0.660000,0.050000,-0.150000,1.138216
316,0.740849,1.538592,-0.359492,1.140465,0.047644,-1.217689,0.240000,0.880000,0.660000,0.050000,-0.150000,1.140465
317,0.751692,1.535025,-0.371669,1.142593,0.054496,-1.287224,0.240000,0.860000,0.640000,0.000000,-0.200000,1.142593
318,0.762536,1.531384,-0.384541,1.140643,0.060830,-1.392566,0.220000,0.860000,0.640000,0.000000,-0.200000,1.140643
319,0.773337,1.527669,-0.398467,1.138536,0.068031,-1.487912,0.220000,0.860000,0.640000,0.000000,-0.200000,1.138536
320,0.784095,1.523878,-0.413346,1.136250,0.075955,-1.573754,0.220000,0.860000,0.620000,-0.050000,-0.250000,1.136250
321,0.794805,1.520009,-0.429083,1.129766,0.083721,-1.682731,0.200000,0.860000,0.620000,-0.050000,-0.250000,1.129766
322,0.805427,1.516071,-0.445911,1.123053,0.092277,-1.780857,0.200000,0.840000,0.640000,0.000000,-0.200000,1.123053
323,0.815957,1.512060,-0.463719,1.120086,0.102187,-1.838109,0.180000,0.840000,0.640000,0.000000,-0.200000,1.120086
324,0.826433,1.507964,-0.482100,1.116859,0.112302,-1.888514,0.180000,0.840000,0.640000,0.000000,-0.200000,1.116859
325,0.836849,1.503780,-0.500986,1.113364,0.122548,-1.932786,0.180000,0.840000,0.660000,0.050000,-0.150000,1.113364
326,0.847203,1.499508,-0.520313,1.113550,0.133694,-1.935859,0.160000,0.840000,0.660000,0.050000,-0.150000,1.113550
327,0.857529,1.495132,-0.539672,1.113487,0.144490,-1.937467,0.160000,0.840000,0.660000,0.050000,-0.150000,1.113487
328,0.867824,1.490650,-0.559047,1.113187,0.154943,-1.937909,0.160000,0.840000,0.640000,0.000000,-0.200000,1.113187
329,0.878083,1.486059,-0.578426,1.108695,0.164331,-1.968735,0.140000,0.840000,0.640000,0.000000,-0.200000,1.108695
330,0.888265,1.481374,-0.598113,1.103950,0.173695,-1.996083,0.140000,0.840000,0.680000,0.100000,-0.100000,1.103950
331,0.898366,1.476593,-0.618074,1.106828,0.184556,-1.953907,0.140000,0.840000,0.680000,0.100000,-0.100000,1.106828
332,0.908456,1.471684,-0.637613,1.109546,0.194681,-1.914923,0.120000,0.840000,0.680000,0.100000,-0.100000,1.109546
333,0.918530,1.466643,-0.656762,1.112123,0.204139,-1.878805,0.120000,0.840000,0.660000,0.050000,-0.150000,1.112123
334,0.928584,1.461470,-0.675550,1.110652,0.212217,-1.878222,0.120000,0.860000,0.700000,0.100000,-0.100000,1.110652
335,0.938579,1.456180,-0.694333,1.112941,0.220804,-1.845550,0.100000,0.860000,0.700000,0.100000,-0.100000,1.112941
336,0.948544,1.450756,-0.712788,1.115127,0.228856,-1.815137,0.100000,0.860000,0.700000,0.100000,-0.100000,1.115127
337,0.958477,1.445195,-0.730939,1.117221,0.236415,-1.786771,0.100000,0.860000,0.700000,0.100000,-0.100000,1.117221
338,0.968374,1.439497,-0.748807,1.119232,0.243520,-1.760264,0.100000,0.860000,0.680000,0.100000,-0.100000,1.119232
339,0.978230,1.433661,-0.766410,1.121171,0.250207,-1.735451,0.080000,0.860000,0.680000,0.100000,-0.100000,1.121171
340,0.988042,1.427688,-0.783764,1.123044,0.256505,-1.712185,0.080000,0.880000,0.680000,0.100000,-0.100000,1.123044
341,0.997807,1.421577,-0.800886,1.124859,0.262443,-1.690337,0.080000,0.880000,0.680000,0.100000,-0.100000,1.124859
342,1.007521,1.415327,-0.817789,1.126621,0.268048,-1.669789,0.060000,0.880000,0.680000,0.100000,-0.100000,1.126621
343,1.017181,1.408940,-0.834487,1.128336,0.273341,-1.650438,0.060000,0.940000,0.680000,-0.050000,-0.100000,1.128336
344,1.026784,1.402415,-0.850992,1.119509,0.278344,-1.632191,0.100000,0.940000,0.660000,-0.100000,-0.150000,1.119509
345,1.036257,1.395832,-0.867314,1.106698,0.282306,-1.638337,0.100000,0.260000,0.660000,0.050000,-0.150000,1.106698
346,1.045569,1.389219,-0.883697,1.104298,0.286005,-1.643908,0.080000,0.960000,0.660000,-0.100000,-0.150000,1.104298
347,1.054785,1.382496,-0.900136,1.091316,0.289655,-1.649302,0.080000,0.240000,0.660000,0.050000,-0.150000,1.091316
348,1.063836,1.375746,-0.916629,1.088754,0.293038,-1.654227,0.080000,0.240000,0.660000,0.050000,-0.150000,1.088754
349,1.072787,1.368890,-0.933171,1.086116,0.296368,-1.659033,0.060000,0.220000,0.660000,0.050000,-0.150000,1.086116
350,1.081634,1.361927,-0.949762,1.083405,0.299644,-1.663733,0.100000,0.160000,0.660000,0.050000,-0.150000,1.083405
351,1.090375,1.354859,-0.966399,1.080621,0.302866,-1.668344,0.100000,0.200000,0.660000,0.050000,-0.150000,1.080621
352,1.099008,1.347688,-0.983083,1.077765,0.306032,-1.672878,0.100000,0.200000,0.660000,0.050000,-0.150000,1.077765
353,1.107530,1.340416,-0.999811,1.074839,0.309141,-1.677348,0.080000,0.200000,0.660000,0.050000,-0.150000,1.074839
354,1.115940,1.333043,-1.016585,1.071843,0.312194,-1.681764,0.080000,0.180000,0.660000,0.050000,-0.150000,1.071843
355,1.124236,1.325572,-1.033402,1.068778,0.315188,-1.686139,0.080000,0.180000,0.660000,0.050000,-0.150000,1.068778
356,1.132414,1.318005,-1.050264,1.065645,0.318124,-1.690482,0.060000,0.160000,0.660000,0.050000,-0.150000,1.065645
357,1.140474,1.310342,-1.067169,1.062446,0.321001,-1.694802,0.100000,0.160000,0.660000,0.050000,-0.150000,1.062446
358,1.148413,1.302586,-1.084117,1.059180,0.323820,-1.699108,0.100000,0.140000,0.660000,0.050000,-0.150000,1.059180
359,1.156229,1.294738,-1.101108,1.055849,0.326579,-1.703408,0.080000,0.140000,0.660000,0.050000,-0.150000,1.055849
360,1.163920,1.286801,-1.118142,1.052454,0.329278,-1.707708,0.080000,0.140000,0.660000,0.050000,-0.150000,1.052454
361,1.171484,1.278777,-1.135219,1.048996,0.331918,-1.712017,0.080000,0.120000,0.660000,0.050000,-0.150000,1.048996
362,1.178920,1.270667,-1.152339,1.045476,0.334497,-1.716339,0.060000,0.120000,0.660000,0.050000,-0.150000,1.045476
363,1.186224,1.262473,-1.169502,1.041893,0.337017,-1.720682,0.060000,0.100000,0.680000,0.100000,-0.100000,1.041893
364,1.193396,1.254198,-1.186709,1.042210,0.339867,-1.708395,0.060000,0.100000,0.680000,0.100000,-0.100000,1.042210
365,1.200453,1.245809,-1.203793,1.042516,0.342554,-1.696718,0.080000,0.100000,0.680000,0.100000,-0.100000,1.042516
366,1.207391,1.237307,-1.220760,1.042814,0.345090,-1.685612,0.080000,0.080000,0.740000,0.150000,0.000000,1.042814
367,1.214209,1.228695,-1.237617,1.047405,0.348660,-1.624605,0.080000,0.080000,0.760000,0.200000,0.050000,1.047405
368,1.220929,1.219937,-1.253863,1.055947,0.352453,-1.530139,0.060000,0.060000,0.760000,0.200000,0.050000,1.055947
369,1.227569,1.211002,-1.269164,1.064763,0.355334,-1.439044,0.060000,0.060000,0.760000,0.200000,0.050000,1.064763
370,1.234125,1.201891,-1.283554,1.073858,0.357352,-1.350729,0.060000,1.000000,0.780000,0.050000,0.050000,1.073858
371,1.240594,1.192605,-1.297062,1.072741,0.358544,-1.264686,0.040000,1.000000,0.780000,0.050000,0.050000,1.072741
372,1.246946,1.183246,-1.309709,1.071918,0.358744,-1.181537,0.040000,1.000000,0.780000,0.050000,0.050000,1.071918
373,1.253179,1.173816,-1.321524,1.071394,0.358011,-1.100759,0.040000,1.000000,0.780000,0.050000,0.050000,1.071394
374,1.259292,1.164316,-1.332532,1.071169,0.356396,-1.021897,0.080000,1.000000,0.800000,0.150000,0.100000,1.071169
375,1.265283,1.154748,-1.342750,1.078463,0.354916,-0.903030,0.120000,1.000000,0.800000,0.150000,0.100000,1.078463
376,1.271179,1.145045,-1.351781,1.086191,0.352276,-0.786091,0.140000,1.000000,0.800000,0.150000,0.100000,1.086191
377,1.276977,1.135208,-1.359642,1.094351,0.348517,-0.670499,0.160000,1.000000,0.800000,0.150000,0.100000,1.094351
378,1.282679,1.125238,-1.366347,1.102937,0.343670,-0.555769,0.200000,1.000000,0.800000,0.150000,0.100000,1.102937
379,1.288283,1.115136,-1.371904,1.111941,0.337761,-0.441501,0.220000,1.000000,0.800000,0.150000,0.100000,1.111941
380,1.293791,1.104904,-1.376319,1.121352,0.330810,-0.327384,0.240000,1.000000,0.800000,0.150000,0.100000,1.121352
381,1.299204,1.094541,-1.379593,1.131158,0.322837,-0.213189,0.260000,1.000000,0.780000,0.050000,0.050000,1.131158
382,1.304523,1.084049,-1.381725,1.134154,0.312800,-0.143917,0.280000,1.000000,0.780000,0.050000,0.050000,1.134154
383,1.309727,1.073497,-1.383164,1.137381,0.302235,-0.074153,0.300000,1.000000,0.780000,0.050000,0.050000,1.137381
384,1.314818,1.062887,-1.383906,1.140826,0.291160,-0.004018,0.340000,1.000000,0.780000,0.050000,0.050000,1.140826
385,1.319798,1.052218,-1.383946,1.144474,0.279595,0.066310,0.360000,1.000000,0.760000,0.050000,0.050000,1.144474
386,1.324672,1.041492,-1.383283,1.148309,0.267564,0.136595,0.380000,1.000000,0.760000,0.050000,0.050000,1.148309
387,1.329441,1.030709,-1.381917,1.152314,0.255095,0.206539,0.400000,1.000000,0.740000,0.000000,0.000000,1.152314
388,1.334110,1.019870,-1.379852,1.152727,0.241177,0.231079,0.440000,1.000000,0.740000,0.000000,0.000000,1.152727
389,1.338666,1.009010,-1.377541,1.153171,0.227391,0.254821,0.420000,1.000000,0.720000,-0.050000,-0.050000,1.153171
390,1.343112,0.998129,-1.374993,1.149819,0.212841,0.237807,0.420000,1.000000,0.720000,-0.050000,-0.050000,1.149819
391,1.347437,0.987265,-1.372615,1.146404,0.198916,0.219312,0.400000,1.000000,0.700000,-0.050000,-0.100000,1.146404
392,1.351644,0.976417,-1.370421,1.142549,0.184826,0.164484,0.400000,1.000000,0.700000,-0.050000,-0.100000,1.142549
393,1.355730,0.965588,-1.368777,1.138583,0.171779,0.107776,0.380000,1.000000,0.680000,-0.050000,-0.100000,1.138583
394,1.359697,0.954778,-1.367699,1.134519,0.159783,0.049564,0.380000,1.000000,0.680000,-0.050000,-0.100000,1.134519
395,1.363550,0.943989,-1.367203,1.130368,0.148835,-0.009724,0.360000,1.000000,0.680000,-0.050000,-0.100000,1.130368
396,1.367293,0.933219,-1.367300,1.126144,0.138923,-0.069629,0.380000,1.000000,0.660000,-0.100000,-0.150000,1.126144
397,1.370930,0.922471,-1.367997,1.117938,0.129212,-0.164577,0.400000,1.000000,0.660000,-0.100000,-0.150000,1.117938
398,1.374447,0.911781,-1.369642,1.109641,0.120840,-0.258854,0.420000,1.000000,0.660000,-0.100000,-0.150000,1.109641
399,1.377848,0.901150,-1.372231,1.101268,0.113748,-0.351622,0.420000,1.000000,0.740000,0.000000,0.000000,1.101268
400,1.381136,0.890578,-1.375747,1.100765,0.111231,-0.298122,0.440000,1.000000,0.740000,0.000000,0.000000,1.100765
401,1.384360,0.879995,-1.378728,1.100330,0.108249,-0.248587,0.440000,1.000000,0.740000,0.000000,0.000000,1.100330
402,1.387523,0.869400,-1.381214,1.099957,0.104871,-0.202873,0.460000,1.000000,0.740000,0.000000,0.000000,1.099957
403,1.390626,0.858795,-1.383243,1.099641,0.101161,-0.160849,0.460000,1.000000,0.720000,-0.050000,-0.050000,1.099641
404,1.393670,0.848180,-1.384852,1.095676,0.095838,-0.179821,0.480000,1.000000,0.720000,-0.050000,-0.050000,1.095676
405,1.396638,0.837590,-1.386650,1.091708,0.090956,-0.198794,0.480000,1.000000,0.720000,-0.050000,-0.050000,1.091708
406,1.399531,0.827024,-1.388638,1.087739,0.086496,-0.217642,0.480000,1.000000,0.720000,-0.050000,-0.050000,1.087739
407,1.402352,0.816483,-1.390814,1.083768,0.082439,-0.236250,0.500000,1.000000,0.720000,-0.050000,-0.050000,1.083768
408,1.405103,0.805968,-1.393177,1.079797,0.078763,-0.254510,0.500000,1.000000,0.720000,-0.050000,-0.050000,1.079797
409,1.407787,0.795479,-1.395722,1.075826,0.075447,-0.272327,0.500000,1.000000,0.720000,-0.050000,-0.050000,1.075826
410,1.410403,0.785017,-1.398445,1.071855,0.072469,-0.289615,0.520000,1.000000,0.720000,0.000000,-0.050000,1.071855
411,1.412956,0.774581,-1.401341,1.071384,0.069805,-0.306305,0.520000,1.000000,0.800000,0.150000,0.100000,1.071384
412,1.415450,0.764139,-1.404404,1.081440,0.071954,-0.130108,0.500000,1.000000,0.800000,0.150000,0.100000,1.081440
413,1.417951,0.753593,-1.405705,1.091632,0.072167,0.032012,0.500000,1.000000,0.800000,0.150000,0.100000,1.091632
414,1.420457,0.742943,-1.405385,1.101951,0.070671,0.180949,0.500000,1.000000,0.780000,0.100000,0.050000,1.101951
415,1.422969,0.732191,-1.403576,1.109004,0.066134,0.251574,0.480000,1.000000,0.780000,0.100000,0.050000,1.109004
416,1.425467,0.721365,-1.401060,1.116091,0.061094,0.315478,0.480000,1.000000,0.780000,0.100000,0.050000,1.116091
417,1.427954,0.710468,-1.397905,1.123197,0.055642,0.373026,0.460000,1.000000,0.760000,0.100000,0.050000,1.123197
418,1.430434,0.699499,-1.394175,1.130311,0.049864,0.424579,0.460000,1.000000,0.760000,0.100000,0.050000,1.130311
419,1.432911,0.688460,-1.389929,1.137421,0.043833,0.470495,0.440000,1.000000,0.740000,0.050000,0.000000,1.137421
420,1.435388,0.677350,-1.385224,1.141017,0.036081,0.445428,0.440000,1.000000,0.740000,0.050000,0.000000,1.141017
421,1.437848,0.666202,-1.380770,1.144567,0.029037,0.420026,0.460000,1.000000,0.740000,0.050000,0.000000,1.144567
422,1.440295,0.655017,-1.376570,1.148077,0.022664,0.394563,0.480000,1.000000,0.720000,0.000000,-0.050000,1.148077
423,1.442734,0.643796,-1.372624,1.147933,0.015435,0.305404,0.500000,1.000000,0.720000,0.000000,-0.050000,1.147933
424,1.445145,0.632572,-1.369570,1.147759,0.009606,0.220646,0.520000,1.000000,0.700000,-0.050000,-0.100000,1.147759
425,1.447533,0.621345,-1.367363,1.143832,0.003650,0.080548,0.540000,1.000000,0.700000,-0.050000,-0.100000,1.143832
426,1.449880,0.610150,-1.366558,1.139910,-0.000420,-0.051408,0.540000,1.000000,0.700000,-0.050000,-0.100000,1.139910
427,1.452188,0.598987,-1.367072,1.136005,-0.002801,-0.174809,0.540000,1.000000,0.700000,-0.050000,-0.100000,1.136005
428,1.454459,0.587856,-1.368820,1.132121,-0.003688,-0.289462,0.520000,1.000000,0.760000,0.100000,0.050000,1.132121
429,1.456694,0.576758,-1.371715,1.138929,0.001266,-0.201528,0.520000,1.000000,0.760000,0.100000,0.050000,1.138929
430,1.458958,0.565596,-1.373730,1.145733,0.004979,-0.119140,0.500000,1.000000,0.760000,0.100000,0.050000,1.145733
431,1.461251,0.554370,-1.374921,1.152540,0.007573,-0.042257,0.500000,1.000000,0.760000,0.100000,0.050000,1.152540
432,1.463568,0.543080,-1.375344,1.159355,0.009162,0.029230,0.500000,1.000000,0.760000,0.100000,0.050000,1.159355
433,1.465909,0.531725,-1.375052,1.166180,0.009855,0.095478,0.480000,1.000000,0.760000,0.100000,0.050000,1.166180
434,1.468274,0.520305,-1.374097,1.173013,0.009751,0.156674,0.480000,1.000000,0.760000,0.100000,0.050000,1.173013
435,1.470662,0.508820,-1.372530,1.179852,0.008945,0.213026,0.460000,1.000000,0.740000,0.050000,0.000000,1.179852
436,1.473074,0.497270,-1.370400,1.183252,0.005979,0.198734,0.460000,1.000000,0.740000,0.050000,0.000000,1.183252
437,1.475488,0.485686,-1.368413,1.186645,0.003336,0.184755,0.440000,1.000000,0.820000,0.200000,0.150000,1.186645
438,1.477906,0.474069,-1.366565,1.199915,0.005293,0.354950,0.440000,1.000000,0.720000,0.000000,-0.050000,1.199915
439,1.480391,0.462330,-1.363016,1.199715,-0.000705,0.263792,0.460000,1.000000,0.800000,0.150000,0.100000,1.199715
440,1.482859,0.450589,-1.360378,1.209808,-0.000787,0.371096,0.480000,1.000000,0.780000,0.100000,0.050000,1.209808
441,1.485379,0.438756,-1.356667,1.216616,-0.003623,0.408132,0.520000,1.000000,0.780000,0.100000,0.050000,1.216616
442,1.487928,0.426860,-1.352585,1.223408,-0.006777,0.441668,0.540000,1.000000,0.780000,0.100000,0.050000,1.223408
443,1.490511,0.414902,-1.348169,1.230181,-0.010198,0.471921,0.540000,1.000000,0.680000,-0.050000,-0.100000,1.230181
444,1.493127,0.402881,-1.343449,1.226197,-0.018342,0.306527,0.540000,1.000000,0.760000,0.100000,0.050000,1.226197
445,1.495712,0.390893,-1.340384,1.232924,-0.019543,0.343528,0.520000,1.000000,0.740000,0.050000,0.000000,1.232924
446,1.498338,0.378845,-1.336949,1.236227,-0.022684,0.312286,0.520000,1.000000,0.740000,0.050000,0.000000,1.236227
447,1.500982,0.366767,-1.333826,1.239526,-0.025294,0.282663,0.500000,1.000000,0.740000,0.050000,0.000000,1.239526
448,1.503646,0.354659,-1.330999,1.242824,-0.027419,0.254663,0.500000,1.000000,0.720000,0.000000,-0.050000,1.242824
449,1.506331,0.342521,-1.328453,1.242570,-0.030648,0.162206,0.480000,1.000000,0.720000,0.000000,-0.050000,1.242570
450,1.509016,0.330385,-1.326831,1.242343,-0.032577,0.075739,0.480000,1.000000,0.720000,0.000000,-0.050000,1.242343
451,1.511700,0.318250,-1.326073,1.242147,-0.033346,-0.004823,0.480000,1.000000,0.700000,-0.050000,-0.100000,1.242147
452,1.514387,0.306118,-1.326122,1.238295,-0.034587,-0.143660,0.500000,1.000000,0.700000,-0.050000,-0.100000,1.238295
453,1.517051,0.294020,-1.327558,1.234505,-0.034070,-0.272793,0.520000,1.000000,0.700000,-0.050000,-0.100000,1.234505
454,1.519693,0.281957,-1.330286,1.230767,-0.032014,-0.392269,0.520000,1.000000,0.700000,-0.050000,-0.100000,1.230767
455,1.522314,0.269927,-1.334209,1.227065,-0.028624,-0.502212,0.520000,1.000000,0.780000,0.100000,0.050000,1.227065
456,1.524912,0.257931,-1.339231,1.233952,-0.019556,-0.408683,0.520000,1.000000,0.780000,0.100000,0.050000,1.233952
457,1.527553,0.245876,-1.343318,1.240787,-0.012056,-0.318994,0.520000,1.000000,0.780000,0.100000,0.050000,1.240787
458,1.530234,0.233761,-1.346508,1.247592,-0.006010,-0.233523,0.520000,1.000000,0.780000,0.100000,0.050000,1.247592
459,1.532950,0.221584,-1.348843,1.254381,-0.001301,-0.152497,0.520000,1.000000,0.780000,0.100000,0.050000,1.254381
460,1.535699,0.209345,-1.350368,1.261165,0.002182,-0.076036,0.500000,1.000000,0.780000,0.100000,0.050000,1.261165
461,1.538478,0.197043,-1.351128,1.267951,0.004549,-0.004172,0.500000,1.000000,0.760000,0.100000,0.050000,1.267951
462,1.541285,0.184678,-1.351170,1.274742,0.005904,0.063122,0.480000,1.000000,0.760000,0.100000,0.050000,1.274742
463,1.544120,0.172250,-1.350539,1.281539,0.006348,0.125918,0.480000,1.000000,0.760000,0.100000,0.050000,1.281539
464,1.546982,0.159758,-1.349280,1.288342,0.005975,0.184318,0.460000,1.000000,0.760000,0.100000,0.050000,1.288342
465,1.549871,0.147202,-1.347436,1.295148,0.004872,0.238449,0.460000,1.000000,0.740000,0.050000,0.000000,1.295148
466,1.552787,0.134583,-1.345052,1.298516,0.001581,0.222520,0.440000,1.000000,0.740000,0.050000,0.000000,1.298516
467,1.555709,0.121931,-1.342827,1.301876,-0.001349,0.206917,0.440000,1.000000,0.740000,0.050000,0.000000,1.301876
468,1.558638,0.109246,-1.340758,1.305228,-0.003938,0.191712,0.420000,1.000000,0.720000,0.000000,-0.050000,1.305228
469,1.561576,0.096529,-1.338840,1.304997,-0.007744,0.111370,0.440000,1.000000,0.720000,0.000000,-0.050000,1.304997
470,1.564500,0.083811,-1.337727,1.304771,-0.010328,0.035618,0.460000,1.000000,0.720000,0.000000,-0.050000,1.304771
471,1.567414,0.071092,-1.337371,1.304556,-0.011810,-0.035496,0.480000,1.000000,0.720000,0.000000,-0.050000,1.304556
472,1.570316,0.058373,-1.337725,1.304353,-0.012305,-0.101978,0.500000,1.000000,0.700000,-0.050000,-0.100000,1.304353
473,1.573209,0.045653,-1.338745,1.300455,-0.013388,-0.226652,0.480000,1.000000,0.700000,-0.050000,-0.100000,1.300455
474,1.576070,0.032967,-1.341012,1.296585,-0.012830,-0.343050,0.480000,1.000000,0.700000,-0.050000,-0.100000,1.296585
475,1.578898,0.020312,-1.344442,1.292737,-0.010823,-0.451108,0.460000,1.000000,0.700000,-0.050000,-0.100000,1.292737
476,1.581694,0.007691,-1.348953,1.288897,-0.007554,-0.550858,0.460000,1.000000,0.700000,-0.050000,-0.100000,1.288897
477,1.584456,-0.004899,-1.354462,1.285050,-0.003197,-0.642405,0.440000,1.000000,0.700000,-0.050000,-0.100000,1.285050
478,1.587183,-0.017457,-1.360886,1.281179,0.002081,-0.725923,0.440000,1.000000,0.700000,-0.050000,-0.100000,1.281179
479,1.589873,-0.029983,-1.368145,1.277267,0.008128,-0.801643,0.440000,1.000000,0.720000,0.000000,-0.050000,1.277267
480,1.592523,-0.042478,-1.376162,1.277003,0.016269,-0.807059,0.420000,1.000000,0.720000,0.000000,-0.050000,1.277003
481,1.595153,-0.054976,-1.384232,1.276664,0.024068,-0.809945,0.420000,1.000000,0.720000,0.000000,-0.050000,1.276664
482,1.597757,-0.067476,-1.392332,1.276253,0.031512,-0.810612,0.400000,1.000000,0.720000,0.000000,-0.050000,1.276253
483,1.600333,-0.079980,-1.400438,1.275772,0.038595,-0.809349,0.400000,1.000000,0.740000,0.050000,0.000000,1.275772
484,1.602876,-0.092488,-1.408531,1.278821,0.046832,-0.741341,0.380000,1.000000,0.740000,0.050000,0.000000,1.278821
485,1.605404,-0.105032,-1.415945,1.281834,0.053832,-0.676700,0.380000,1.000000,0.740000,0.050000,0.000000,1.281834
486,1.607913,-0.117614,-1.422712,1.284830,0.059696,-0.615431,0.360000,1.000000,0.760000,0.100000,0.050000,1.284830
487,1.610399,-0.130234,-1.428866,1.291294,0.066068,-0.491374,0.360000,1.000000,0.760000,0.100000,0.050000,1.291294
488,1.612880,-0.142923,-1.433780,1.297812,0.070600,-0.375072,0.340000,1.000000,0.740000,0.050000,0.000000,1.297812
489,1.615352,-0.155683,-1.437530,1.300903,0.071925,-0.332084,0.340000,1.000000,0.720000,0.000000,-0.050000,1.300903
490,1.617793,-0.168481,-1.440851,1.300374,0.071198,-0.354076,0.320000,1.000000,0.720000,0.000000,-0.050000,1.300374
491,1.620184,-0.181283,-1.444392,1.299832,0.070784,-0.374805,0.320000,1.000000,0.700000,-0.050000,-0.100000,1.299832
492,1.622525,-0.194089,-1.448140,1.295503,0.069348,-0.449971,0.300000,1.000000,0.680000,-0.050000,-0.100000,1.295503
493,1.624799,-0.206862,-1.452640,1.291135,0.068903,-0.520807,0.300000,1.000000,0.680000,-0.050000,-0.100000,1.291135
494,1.627005,-0.219602,-1.457848,1.286726,0.069344,-0.587186,0.280000,1.000000,0.680000,-0.050000,-0.100000,1.286726
495,1.629144,-0.232309,-1.463720,1.282271,0.070571,-0.649053,0.280000,1.000000,0.680000,-0.050000,-0.100000,1.282271
496,1.631216,-0.244983,-1.470210,1.277768,0.072487,-0.706413,0.280000,1.000000,0.680000,-0.050000,-0.100000,1.277768
497,1.633220,-0.257623,-1.477274,1.273210,0.074999,-0.759323,0.280000,1.000000,0.700000,-0.050000,-0.100000,1.273210
498,1.635156,-0.270229,-1.484868,1.268594,0.078020,-0.807885,0.280000,1.000000,0.700000,-0.050000,-0.100000,1.268594
499,1.637022,-0.282802,-1.492946,1.263915,0.081470,-0.852237,0.260000,1.000000,0.720000,0.000000,-0.050000,1.263915
500,1.638817,-0.295339,-1.501469,1.262942,0.086579,-0.836666,0.260000,1.000000,0.720000,0.000000,-0.050000,1.262942
501,1.640556,-0.307878,-1.509836,1.261933,0.091252,-0.821133,0.260000,1.000000,0.740000,0.050000,0.000000,1.261933
502,1.642236,-0.320418,-1.518047,1.264547,0.096952,-0.744077,0.260000,1.000000,0.740000,0.050000,0.000000,1.264547
503,1.643871,-0.332995,-1.525488,1.267190,0.101450,-0.671700,0.260000,1.000000,0.720000,0.000000,-0.050000,1.267190
504,1.645458,-0.345608,-1.532205,1.266202,0.103447,-0.664123,0.260000,1.000000,0.700000,-0.050000,-0.100000,1.266202
505,1.646980,-0.358221,-1.538846,1.261410,0.104022,-0.709231,0.260000,1.000000,0.700000,-0.050000,-0.100000,1.261410
506,1.648423,-0.370795,-1.545938,1.256569,0.105086,-0.751287,0.260000,1.000000,0.680000,-0.050000,-0.100000,1.256569
507,1.649786,-0.383331,-1.553451,1.251678,0.106576,-0.790323,0.260000,1.000000,0.680000,-0.050000,-0.100000,1.251678
508,1.651068,-0.395827,-1.561354,1.246733,0.108433,-0.826400,0.260000,1.000000,0.700000,-0.050000,-0.100000,1.246733
509,1.652270,-0.408284,-1.569618,1.241733,0.110603,-0.859599,0.240000,1.000000,0.700000,-0.050000,-0.100000,1.241733
510,1.653391,-0.420700,-1.578214,1.236677,0.113034,-0.890022,0.240000,1.000000,0.720000,0.000000,-0.050000,1.236677
511,1.654430,-0.433075,-1.587114,1.235364,0.116892,-0.865792,0.240000,1.000000,0.740000,0.050000,0.000000,1.235364
512,1.655397,-0.445446,-1.595772,1.237721,0.121658,-0.783285,0.240000,1.000000,0.740000,0.050000,0.000000,1.237721
513,1.656304,-0.457850,-1.603605,1.240138,0.125223,-0.705949,0.240000,1.000000,0.720000,0.000000,-0.050000,1.240138
514,1.657149,-0.470285,-1.610665,1.238927,0.126351,-0.691288,0.240000,1.000000,0.700000,-0.050000,-0.100000,1.238927
515,1.657917,-0.482715,-1.617578,1.233912,0.126079,-0.726832,0.240000,0.980000,0.700000,-0.050000,-0.100000,1.233912
516,1.658600,-0.495100,-1.624846,1.228856,0.126196,-0.760213,0.240000,1.000000,0.680000,-0.050000,-0.100000,1.228856
517,1.659196,-0.507438,-1.632448,1.223759,0.126655,-0.791437,0.220000,1.000000,0.680000,-0.050000,-0.100000,1.223759
518,1.659706,-0.519731,-1.640362,1.218620,0.127415,-0.820530,0.220000,1.000000,0.700000,-0.050000,-0.100000,1.218620
519,1.660130,-0.531976,-1.648568,1.213439,0.128434,-0.847535,0.220000,0.980000,0.720000,0.000000,-0.050000,1.213439
520,1.660468,-0.544174,-1.657043,1.212028,0.130833,-0.822915,0.220000,0.980000,0.720000,0.000000,-0.050000,1.212028
521,1.660727,-0.556362,-1.665272,1.210626,0.132819,-0.799421,0.220000,1.000000,0.700000,-0.050000,-0.100000,1.210626
522,1.660907,-0.568539,-1.673266,1.205418,0.133283,-0.825809,0.220000,1.000000,0.700000,-0.050000,-0.100000,1.205418
523,1.661000,-0.580666,-1.681525,1.200172,0.133980,-0.850350,0.220000,1.000000,0.680000,-0.050000,-0.100000,1.200172
524,1.661006,-0.592743,-1.690028,1.194888,0.134876,-0.873091,0.200000,0.980000,0.680000,-0.050000,-0.100000,1.194888
525,1.660924,-0.604767,-1.698759,1.189565,0.135939,-0.894087,0.200000,0.980000,0.700000,-0.050000,-0.100000,1.189565
526,1.660754,-0.616739,-1.707700,1.184204,0.137139,-0.913398,0.200000,0.960000,0.720000,0.050000,-0.050000,1.184204
527,1.660496,-0.628657,-1.716834,1.186125,0.139580,-0.882771,0.200000,0.960000,0.720000,0.050000,-0.050000,1.186125
528,1.660151,-0.640596,-1.725661,1.188063,0.141587,-0.853832,0.200000,0.940000,0.720000,0.050000,-0.050000,1.188063
529,1.659717,-0.652552,-1.734200,1.190021,0.143197,-0.826493,0.180000,0.940000,0.700000,0.000000,-0.100000,1.190021
530,1.659194,-0.664527,-1.742465,1.188176,0.143342,-0.847898,0.180000,0.940000,0.680000,0.000000,-0.100000,1.188176
531,1.658577,-0.676479,-1.750944,1.186300,0.143709,-0.868045,0.180000,0.920000,0.680000,0.000000,-0.100000,1.186300
532,1.657865,-0.688408,-1.759624,1.184392,0.144275,-0.886955,0.180000,0.960000,0.700000,0.000000,-0.100000,1.184392
533,1.657059,-0.700312,-1.768494,1.182451,0.145016,-0.904652,0.180000,0.940000,0.700000,0.000000,-0.100000,1.182451
534,1.656159,-0.712191,-1.777540,1.180478,0.145912,-0.921172,0.180000,0.940000,0.680000,0.000000,-0.100000,1.180478
535,1.655164,-0.724044,-1.786752,1.178473,0.146942,-0.936548,0.160000,0.940000,0.680000,0.000000,-0.100000,1.178473
536,1.654074,-0.735870,-1.796117,1.176434,0.148086,-0.950823,0.160000,0.920000,0.660000,-0.050000,-0.150000,1.176434
537,1.652889,-0.747667,-1.805626,1.170452,0.148442,-1.001914,0.160000,0.920000,0.700000,0.000000,-0.100000,1.170452
538,1.651609,-0.759396,-1.815645,1.168303,0.150178,-1.012085,0.160000,0.900000,0.680000,0.100000,-0.100000,1.168303
539,1.650234,-0.771095,-1.825766,1.173119,0.151939,-1.021329,0.160000,0.900000,0.680000,0.100000,-0.100000,1.173119
540,1.648745,-0.782830,-1.835979,1.177901,0.153817,-1.030145,0.140000,0.900000,0.660000,0.050000,-0.150000,1.177901
541,1.647143,-0.794600,-1.846280,1.178735,0.154927,-1.075976,0.140000,0.880000,0.660000,0.050000,-0.150000,1.178735
542,1.645427,-0.806365,-1.857040,1.179488,0.156546,-1.119472,0.140000,0.880000,0.700000,0.100000,-0.100000,1.179488
543,1.643599,-0.818121,-1.868235,1.184065,0.159507,-1.123192,0.200000,0.880000,0.720000,0.150000,-0.050000,1.184065
544,1.641653,-0.829910,-1.879467,1.192431,0.163560,-1.080568,0.120000,0.860000,0.700000,0.100000,-0.100000,1.192431
545,1.639589,-0.841767,-1.890272,1.196980,0.166028,-1.086080,0.200000,0.860000,0.700000,0.100000,-0.100000,1.196980
546,1.637406,-0.853653,-1.901133,1.201489,0.168550,-1.091299,0.180000,0.900000,0.680000,0.100000,-0.100000,1.201489
547,1.635103,-0.865565,-1.912046,1.205958,0.171121,-1.096236,0.180000,0.880000,0.680000,0.100000,-0.100000,1.205958
548,1.632680,-0.877502,-1.923009,1.210387,0.173738,-1.100906,0.180000,0.880000,0.660000,0.050000,-0.150000,1.210387
549,1.630135,-0.889462,-1.934018,1.210858,0.175565,-1.140894,0.160000,0.880000,0.660000,0.050000,-0.150000,1.210858
550,1.627474,-0.901404,-1.945427,1.211238,0.177824,-1.178831,0.160000,0.860000,0.640000,0.050000,-0.200000,1.211238
551,1.624697,-0.913327,-1.957215,1.211054,0.179846,-1.241824,0.160000,0.860000,0.680000,0.100000,-0.100000,1.211054
552,1.621799,-0.925223,-1.969633,1.215118,0.184021,-1.239409,0.160000,0.860000,0.680000,0.100000,-0.100000,1.215118
553,1.618776,-0.937135,-1.982027,1.219128,0.188108,-1.237010,0.140000,0.860000,0.660000,0.050000,-0.150000,1.219128
554,1.615626,-0.949062,-1.994397,1.219165,0.191307,-1.269034,0.140000,0.840000,0.660000,0.050000,-0.150000,1.219165
555,1.612359,-0.960962,-2.007088,1.219098,0.194808,-1.299223,0.140000,0.840000,0.680000,0.100000,-0.100000,1.219098
556,1.608973,-0.972834,-2.020080,1.222844,0.199369,-1.293843,0.140000,0.840000,0.680000,0.100000,-0.100000,1.222844
557,1.605458,-0.984715,-2.033018,1.226534,0.203801,-1.288647,0.120000,0.820000,0.660000,0.100000,-0.150000,1.226534
558,1.601812,-0.996602,-2.045905,1.229747,0.207342,-1.316424,0.120000,0.820000,0.660000,0.100000,-0.150000,1.229747
559,1.598031,-1.008486,-2.059069,1.232852,0.211189,-1.342847,0.160000,0.820000,0.640000,0.050000,-0.200000,1.232852
560,1.594113,-1.020365,-2.072498,1.231874,0.214750,-1.392312,0.160000,0.820000,0.640000,0.050000,-0.200000,1.231874
561,1.590071,-1.032198,-2.086421,1.230739,0.218818,-1.439280,0.160000,0.800000,0.640000,0.050000,-0.200000,1.230739
562,1.585906,-1.043984,-2.100813,1.229439,0.223350,-1.483780,0.160000,0.800000,0.660000,0.100000,-0.150000,1.229439
563,1.581618,-1.055721,-2.115651,1.231941,0.228853,-1.502359,0.140000,0.800000,0.660000,0.100000,-0.150000,1.231941
564,1.577190,-1.067443,-2.130675,1.234310,0.234508,-1.519904,0.140000,0.840000,0.660000,0.050000,-0.150000,1.234310
565,1.572622,-1.079147,-2.145874,1.233045,0.240300,-1.536481,0.140000,0.840000,0.640000,0.050000,-0.200000,1.233045
566,1.567932,-1.090801,-2.161239,1.231171,0.245630,-1.574044,0.120000,0.840000,0.640000,0.050000,-0.200000,1.231171
567,1.563118,-1.102395,-2.176979,1.229115,0.251282,-1.609546,0.120000,0.840000,0.620000,0.000000,-0.250000,1.229115
568,1.558180,-1.113928,-2.193075,1.222878,0.256874,-1.658051,0.120000,0.840000,0.620000,0.000000,-0.250000,1.222878
569,1.553140,-1.125362,-2.209655,1.216419,0.262840,-1.703719,0.100000,0.840000,0.620000,0.000000,-0.250000,1.216419
570,1.547996,-1.136695,-2.226692,1.209733,0.269134,-1.746659,0.160000,0.840000,0.600000,0.000000,-0.300000,1.209733
571,1.542752,-1.147923,-2.244159,1.202311,0.275506,-1.795751,0.140000,0.840000,0.600000,0.000000,-0.300000,1.202311
572,1.537407,-1.159040,-2.262116,1.194636,0.282224,-1.841847,0.140000,0.840000,0.640000,0.000000,-0.200000,1.194636
573,1.531965,-1.170043,-2.280535,1.187702,0.289727,-1.864200,0.140000,0.840000,0.640000,0.000000,-0.200000,1.187702
574,1.526423,-1.180940,-2.299177,1.180555,0.297230,-1.885144,0.120000,0.840000,0.620000,-0.050000,-0.250000,1.180555
575,1.520783,-1.191728,-2.318028,1.169200,0.304439,-1.916566,0.120000,0.840000,0.620000,-0.050000,-0.250000,1.169200
576,1.515070,-1.202374,-2.337194,1.157604,0.311674,-1.945915,0.120000,0.840000,0.620000,-0.050000,-0.250000,1.157604
577,1.509287,-1.212875,-2.356653,1.145769,0.318903,-1.973365,0.100000,0.840000,0.620000,-0.050000,-0.250000,1.145769
578,1.503436,-1.223230,-2.376387,1.133697,0.326096,-1.999084,0.100000,0.840000,0.620000,-0.050000,-0.250000,1.133697
579,1.497518,-1.233434,-2.396378,1.121390,0.333227,-2.023234,0.100000,0.860000,0.620000,-0.050000,-0.250000,1.121390
580,1.491536,-1.243488,-2.416610,1.108851,0.340272,-2.045966,0.080000,0.860000,0.600000,-0.050000,-0.300000,1.108851
581,1.485492,-1.253388,-2.437070,1.095585,0.347099,-2.072084,0.080000,0.880000,0.600000,-0.050000,-0.300000,1.095585
582,1.479393,-1.263128,-2.457790,1.082080,0.353848,-2.096597,0.080000,0.880000,0.600000,-0.050000,-0.300000,1.082080
583,1.473240,-1.272707,-2.478756,1.068342,0.360492,-2.119648,0.120000,0.900000,0.600000,-0.150000,-0.300000,1.068342
584,1.467037,-1.282123,-2.499953,1.047375,0.367009,-2.141372,0.100000,0.900000,0.600000,-0.150000,-0.300000,1.047375
585,1.460843,-1.291332,-2.521367,1.026182,0.373209,-2.161622,0.100000,0.920000,0.640000,-0.150000,-0.200000,1.026182
586,1.454662,-1.300333,-2.542983,1.005762,0.379271,-2.172010,0.100000,0.940000,0.660000,-0.100000,-0.150000,1.005762
587,1.448490,-1.309134,-2.564703,0.989148,0.385101,-2.173147,0.100000,0.940000,0.660000,-0.100000,-0.150000,0.989148
588,1.442300,-1.317757,-2.586434,0.972396,0.390474,-2.175019,0.080000,0.960000,0.660000,-0.100000,-0.150000,0.972396
589,1.436095,-1.326200,-2.608185,0.955513,0.395403,-2.177626,0.080000,1.000000,0.660000,-0.100000,-0.150000,0.955513
590,1.429877,-1.334463,-2.629961,0.938506,0.399896,-2.180965,0.160000,1.000000,0.660000,-0.100000,-0.150000,0.938506
591,1.423652,-1.342545,-2.651771,0.921384,0.403962,-2.185035,0.160000,1.000000,0.660000,-0.100000,-0.150000,0.921384
592,1.417422,-1.350445,-2.673621,0.904151,0.407612,-2.189829,0.140000,1.000000,0.660000,-0.100000,-0.150000,0.904151
593,1.411191,-1.358161,-2.695519,0.886814,0.410851,-2.195343,0.140000,1.000000,0.680000,-0.050000,-0.100000,0.886814
594,1.404963,-1.365693,-2.717473,0.873353,0.413901,-2.192457,0.140000,1.000000,0.680000,-0.050000,-0.100000,0.873353
595,1.398707,-1.373060,-2.739397,0.859835,0.416562,-2.190725,0.120000,1.000000,0.680000,-0.050000,-0.100000,0.859835
596,1.392425,-1.380259,-2.761304,0.846263,0.418846,-2.190087,0.120000,1.000000,0.700000,-0.050000,-0.100000,0.846263
597,1.386122,-1.387289,-2.783205,0.832641,0.420767,-2.190490,0.120000,1.000000,0.700000,-0.050000,-0.100000,0.832641
598,1.379801,-1.394150,-2.805110,0.818973,0.422337,-2.191884,0.120000,1.000000,0.720000,-0.050000,-0.050000,0.818973
599,1.373464,-1.400841,-2.827029,0.805725,0.423815,-2.183522,0.100000,1.000000,0.720000,-0.050000,-0.050000,0.805725
600,1.367114,-1.407364,-2.848864,0.792478,0.424873,-2.176613,0.120000,1.000000,0.740000,0.000000,0.000000,0.792478
601,1.360752,-1.413718,-2.870630,0.783177,0.425854,-2.157197,0.160000,1.000000,0.740000,0.000000,0.000000,0.783177
602,1.354346,-1.419918,-2.892202,0.773938,0.426428,-2.139334,0.180000,1.000000,0.760000,0.050000,0.050000,0.773938
603,1.347899,-1.425960,-2.913596,0.768671,0.427027,-2.105264,0.180000,1.000000,0.780000,0.050000,0.050000,0.768671
604,1.341376,-1.431858,-2.934648,0.763538,0.427209,-2.072677,0.180000,1.000000,0.800000,0.150000,0.100000,0.763538
605,1.334781,-1.437607,-2.955375,0.765904,0.427517,-2.019238,0.200000,1.000000,0.820000,0.200000,0.150000,0.765904
606,1.328046,-1.443227,-2.975567,0.772284,0.428114,-1.938294,0.200000,1.000000,0.840000,0.300000,0.200000,0.772284
607,1.321137,-1.448725,-2.994950,0.786194,0.429039,-1.822842,0.200000,1.000000,0.860000,0.350000,0.250000,0.786194
608,1.313986,-1.454118,-3.013179,0.804143,0.430374,-1.663898,0.200000,1.000000,0.880000,0.350000,0.250000,0.804143
609,1.306562,-1.459416,-3.029818,0.822735,0.430834,-1.503650,0.220000,1.000000,0.900000,0.400000,0.300000,0.822735
610,1.298867,-1.464616,-3.044854,0.845395,0.431568,-1.290793,0.220000,1.000000,0.920000,0.450000,0.350000,0.845395
611,1.290869,-1.469728,-3.057762,0.872156,0.432297,-1.018804,0.220000,1.000000,0.920000,0.450000,0.350000,0.872156
612,1.282540,-1.474766,-3.067950,0.900044,0.431144,-0.744839,0.220000,1.000000,0.940000,0.500000,0.400000,0.900044
613,1.273882,-1.479728,-3.075399,0.932089,0.429442,-0.406181,0.240000,1.000000,0.940000,0.500000,0.400000,0.932089
614,1.264865,-1.484629,-3.079460,0.965527,0.425063,-0.064277,0.240000,1.000000,0.940000,0.500000,0.400000,0.965527
615,1.255492,-1.489471,-3.080103,1.000332,0.417851,0.282756,0.220000,1.000000,0.940000,0.500000,0.400000,1.000332
616,1.245765,-1.494256,-3.077276,1.036460,0.407617,0.636271,0.220000,1.000000,0.920000,0.450000,0.350000,1.036460
617,1.235684,-1.498990,-3.070913,1.070885,0.392702,0.935208,0.200000,1.000000,0.900000,0.400000,0.300000,1.070885
618,1.225279,-1.503664,-3.061561,1.103121,0.373600,1.181937,0.200000,1.000000,0.860000,0.350000,0.250000,1.103121
619,1.214582,-1.508270,-3.049742,1.132701,0.350869,1.378578,0.200000,1.000000,0.840000,0.300000,0.200000,1.132701
620,1.203624,-1.512803,-3.035956,1.159194,0.325117,1.526628,0.220000,1.000000,0.800000,0.150000,0.100000,1.159194
621,1.192440,-1.517258,-3.020689,1.175101,0.295883,1.579161,0.240000,1.000000,0.780000,0.050000,0.050000,1.175101
622,1.181131,-1.521612,-3.004898,1.183459,0.265733,1.589908,0.280000,1.000000,0.740000,0.000000,0.000000,1.183459
623,1.169769,-1.525858,-2.988999,1.187564,0.235361,1.559115,0.320000,1.000000,0.720000,-0.050000,-0.100000,1.187564
624,1.158389,-1.529989,-2.973408,1.186862,0.204796,1.460467,0.360000,1.000000,0.680000,-0.100000,-0.150000,1.186862
625,1.147031,-1.533995,-2.958803,1.181568,0.175727,1.327222,0.420000,1.000000,0.660000,-0.200000,-1.000000,1.181568
626,1.135732,-1.537871,-2.945531,1.161364,0.151124,1.267203,0.480000,1.000000,0.640000,-0.250000,-1.000000,1.161364
627,1.124635,-1.541615,-2.932859,1.137251,0.127972,1.183759,0.540000,1.000000,0.620000,-0.250000,-1.000000,1.137251
628,1.113774,-1.545224,-2.921021,1.112745,0.106545,1.077663,0.600000,1.000000,0.620000,-0.200000,-1.000000,1.112745
629,1.103150,-1.548698,-2.910244,1.091382,0.087033,0.950125,0.680000,1.000000,0.600000,-0.100000,-1.000000,1.091382
630,1.092726,-1.552048,-2.900743,1.076706,0.069555,0.802876,0.760000,1.000000,0.580000,0.000000,-1.000000,1.076706
631,1.082436,-1.555291,-2.892714,1.068770,0.054165,0.638193,0.860000,1.000000,0.580000,0.250000,-1.000000,1.068770
632,1.072211,-1.558449,-2.886333,1.078128,0.040904,0.459037,0.940000,1.000000,0.560000,0.500000,-1.000000,1.078128
633,1.061882,-1.561567,-2.881742,1.104831,0.029756,0.268424,1.000000,1.000000,0.560000,0.600000,-1.000000,1.104831
634,1.051281,-1.564693,-2.879058,1.138428,0.020765,0.069764,1.000000,1.000000,0.540000,0.600000,-1.000000,1.138428
635,1.040341,-1.567848,-2.878360,1.171959,0.014040,-0.133214,1.000000,1.000000,0.540000,0.600000,-1.000000,1.171959
636,1.029061,-1.571033,-2.879692,1.205454,0.009690,-0.336870,1.000000,1.000000,0.540000,0.600000,-1.000000,1.205454
637,1.017443,-1.574248,-2.883061,1.238932,0.007790,-0.537888,1.000000,1.000000,0.540000,0.600000,-1.000000,1.238932
638,1.005485,-1.577491,-2.888440,1.272397,0.008381,-0.733283,1.000000,1.000000,0.540000,0.600000,-1.000000,1.272397
639,0.993188,-1.580759,-2.895773,1.305837,0.011470,-0.920410,1.000000,1.000000,0.540000,0.600000,-1.000000,1.305837
640,0.980550,-1.584048,-2.904977,1.339226,0.017032,-1.096978,0.960000,1.000000,0.540000,0.500000,-1.000000,1.339226
641,0.967571,-1.587353,-2.915947,1.365526,0.025010,-1.261066,0.900000,1.000000,0.540000,0.350000,-1.000000,1.365526
642,0.954318,-1.590652,-2.928557,1.381190,0.035219,-1.410740,0.840000,1.000000,0.540000,0.200000,-1.000000,1.381190
643,0.940892,-1.593916,-2.942665,1.386168,0.047356,-1.544162,0.780000,1.000000,0.560000,0.000000,-0.350000,1.386168
644,0.927398,-1.597120,-2.958106,1.382613,0.059132,-1.741598,0.720000,1.000000,0.560000,-0.100000,-0.350000,1.382613
645,0.913912,-1.600224,-2.975522,1.371745,0.073135,-1.921221,0.680000,1.000000,0.580000,-0.100000,-0.300000,1.371745
646,0.900504,-1.603213,-2.994735,1.361025,0.089338,-2.064097,0.620000,1.000000,0.600000,-0.150000,-0.300000,1.361025
647,0.887171,-1.606088,-3.015376,1.346335,0.106734,-2.190348,0.580000,1.000000,0.620000,-0.150000,-0.250000,1.346335
648,0.873949,-1.608842,-3.037279,1.331643,0.125512,-2.277534,0.540000,1.000000,0.640000,-0.150000,-0.200000,1.331643
649,0.860836,-1.611476,-3.060054,1.316888,0.145232,-2.322893,0.500000,1.000000,0.660000,-0.150000,-0.150000,1.316888
650,0.847829,-1.613997,-3.083283,1.302028,0.165438,-2.324354,0.460000,1.000000,0.680000,-0.100000,-0.100000,1.302028
651,0.834927,-1.616407,-3.106527,1.290550,0.185665,-2.280459,0.440000,1.000000,0.720000,-0.050000,-0.050000,1.290550
652,0.822094,-1.618715,-3.129331,1.282469,0.205537,-2.190463,0.420000,1.000000,0.760000,0.050000,0.050000,1.282469
653,0.809296,-1.620927,-3.151236,1.281418,0.226104,-1.992695,0.400000,1.000000,0.800000,0.150000,0.100000,1.281418
654,0.796461,-1.623065,-3.171163,1.287367,0.244852,-1.748491,0.380000,1.000000,0.840000,0.300000,0.200000,1.287367
655,0.783520,-1.625131,-3.188648,1.303637,0.262933,-1.394358,0.380000,1.000000,0.880000,0.350000,0.250000,1.303637
656,0.770374,-1.627145,-3.202592,1.323720,0.277514,-1.002192,0.360000,1.000000,0.920000,0.450000,0.350000,1.323720
657,0.756993,-1.629108,-3.212613,1.350697,0.289201,-0.526636,0.360000,1.000000,0.940000,0.500000,0.400000,1.350697
658,0.743315,-1.631034,-3.217880,1.381908,0.295473,-0.029185,0.360000,1.000000,0.960000,0.500000,0.400000,1.381908
659,0.729311,-1.632927,-3.218172,1.414629,0.295025,0.451108,0.360000,1.000000,0.960000,0.500000,0.400000,1.414629
660,0.714980,-1.634786,-3.213661,1.448797,0.287970,0.914780,0.380000,1.000000,0.940000,0.500000,0.400000,1.448797
661,0.700322,-1.636615,-3.204513,1.484254,0.274418,1.361494,0.380000,1.000000,0.900000,0.400000,0.300000,1.484254
662,0.685337,-1.638421,-3.190898,1.514988,0.252290,1.695575,0.400000,1.000000,0.860000,0.350000,0.250000,1.514988
663,0.670081,-1.640194,-3.173942,1.543163,0.224220,1.957166,0.420000,1.000000,0.800000,0.150000,0.100000,1.543163
664,0.654585,-1.641936,-3.154370,1.558090,0.188310,2.014225,0.440000,1.000000,0.760000,0.050000,0.050000,1.558090
665,0.638981,-1.643620,-3.134228,1.565335,0.151180,2.003086,0.480000,1.000000,0.720000,-0.100000,-0.100000,1.565335
666,0.623339,-1.645247,-3.114197,1.560549,0.111973,1.833904,0.500000,1.000000,0.680000,-0.250000,-1.000000,1.560549
667,0.607770,-1.646794,-3.095858,1.536493,0.076839,1.657708,0.540000,1.000000,0.640000,-0.300000,-1.000000,1.536493
668,0.592456,-1.648264,-3.079281,1.508171,0.045486,1.451148,0.580000,1.000000,0.620000,-0.250000,-1.000000,1.508171
669,0.577432,-1.649657,-3.064770,1.482750,0.018269,1.218160,0.600000,1.000000,0.600000,-0.300000,-1.000000,1.482750
670,0.562663,-1.650977,-3.052588,1.453405,-0.004668,0.963428,0.640000,1.000000,0.580000,-0.200000,-1.000000,1.453405
671,0.548182,-1.652222,-3.042954,1.430808,-0.023191,0.691902,0.660000,1.000000,0.560000,-0.200000,-1.000000,1.430808
672,0.533921,-1.653400,-3.036035,1.408109,-0.037368,0.408999,0.680000,1.000000,0.560000,-0.150000,-1.000000,1.408109
673,0.519878,-1.654513,-3.031945,1.388930,-0.047267,0.119868,0.700000,1.000000,0.540000,-0.150000,-1.000000,1.388930
674,0.506021,-1.655563,-3.030746,1.369858,-0.053043,-0.170305,0.700000,1.000000,0.540000,-0.150000,-1.000000,1.369858
675,0.492348,-1.656551,-3.032449,1.350944,-0.054893,-0.456656,0.700000,1.000000,0.540000,-0.150000,-1.000000,1.350944
676,0.478859,-1.657477,-3.037016,1.332199,-0.053075,-0.734507,0.700000,1.000000,0.540000,-0.150000,-1.000000,1.332199
677,0.465554,-1.658339,-3.044361,1.313601,-0.047905,-0.999405,0.680000,1.000000,0.560000,-0.150000,-1.000000,1.313601
678,0.452434,-1.659138,-3.054355,1.295097,-0.039740,-1.247225,0.660000,1.000000,0.560000,-0.150000,-0.400000,1.295097
679,0.439497,-1.659870,-3.066827,1.281975,-0.030661,-1.546335,0.620000,1.000000,0.580000,-0.200000,-0.300000,1.281975
680,0.426691,-1.660522,-3.082290,1.266474,-0.017310,-1.773540,0.600000,1.000000,0.600000,-0.200000,-0.300000,1.266474
681,0.414038,-1.661100,-3.100026,1.250786,-0.001962,-1.976624,0.560000,1.000000,0.620000,-0.200000,-0.250000,1.250786
682,0.401540,-1.661600,-3.119792,1.235336,0.015755,-2.120786,0.540000,1.000000,0.640000,-0.200000,-0.200000,1.235336
683,0.389193,-1.662027,-3.141000,1.219957,0.035141,-2.202084,0.500000,1.000000,0.680000,-0.150000,-0.100000,1.219957
684,0.376994,-1.662386,-3.163021,1.208324,0.056829,-2.161307,0.480000,1.000000,0.720000,-0.100000,-0.050000,1.208324
685,0.364901,-1.662695,-3.184634,1.199902,0.078190,-2.056896,0.460000,1.000000,0.780000,0.050000,0.050000,1.199902
686,0.352879,-1.662960,-3.205203,1.201617,0.100158,-1.827427,0.440000,1.000000,0.820000,0.200000,0.150000,1.201617
687,0.340824,-1.663195,-3.223477,1.213173,0.121295,-1.490367,0.420000,1.000000,0.880000,0.350000,0.250000,1.213173
688,0.328634,-1.663412,-3.238381,1.234472,0.140101,-1.072032,0.400000,1.000000,0.920000,0.450000,0.350000,1.234472
689,0.316211,-1.663614,-3.249101,1.262092,0.155221,-0.600619,0.400000,1.000000,0.960000,0.500000,0.400000,1.262092
690,0.303497,-1.663803,-3.255107,1.293297,0.165057,-0.120762,0.400000,1.000000,1.000000,0.550000,0.500000,1.293297
691,0.290460,-1.663978,-3.256315,1.327621,0.169636,0.374194,0.400000,1.000000,1.000000,0.550000,0.500000,1.327621
692,0.277077,-1.664143,-3.252573,1.362822,0.167897,0.850175,0.400000,1.000000,0.980000,0.550000,0.450000,1.362822
693,0.263347,-1.664302,-3.244071,1.399437,0.159570,1.288657,0.400000,1.000000,0.940000,0.500000,0.400000,1.399437
694,0.249262,-1.664458,-3.231185,1.433784,0.144821,1.678637,0.420000,1.000000,0.900000,0.400000,0.300000,1.433784
695,0.234852,-1.664618,-3.214398,1.462658,0.123140,1.970740,0.420000,1.000000,0.840000,0.300000,0.200000,1.462658
696,0.220175,-1.664782,-3.194691,1.485436,0.095270,2.134578,0.440000,1.000000,0.800000,0.150000,0.100000,1.485436
697,0.205291,-1.664945,-3.173345,1.497798,0.062824,2.155226,0.480000,1.000000,0.740000,-0.050000,-0.050000,1.497798
698,0.190301,-1.665097,-3.151793,1.495266,0.026854,1.980082,0.500000,1.000000,0.700000,-0.250000,-1.000000,1.495266
699,0.175346,-1.665213,-3.131992,1.469720,-0.007262,1.707071,0.520000,1.000000,0.660000,-0.350000,-1.000000,1.469720
700,0.160649,-1.665282,-3.114921,1.436535,-0.036268,1.405872,0.560000,1.000000,0.640000,-0.250000,-1.000000,1.436535
701,0.146279,-1.665302,-3.100863,1.409983,-0.059911,1.082440,0.580000,1.000000,0.600000,-0.300000,-1.000000,1.409983
702,0.132166,-1.665278,-3.090038,1.379809,-0.078290,0.743542,0.600000,1.000000,0.600000,-0.250000,-1.000000,1.379809
703,0.118346,-1.665207,-3.082603,1.353219,-0.091453,0.394906,0.620000,1.000000,0.580000,-0.200000,-1.000000,1.353219
704,0.104784,-1.665092,-3.078654,1.330367,-0.099612,0.042575,0.620000,1.000000,0.580000,-0.200000,-1.000000,1.330367
705,0.091444,-1.664934,-3.078228,1.307847,-0.103027,-0.307624,0.620000,1.000000,0.580000,-0.200000,-1.000000,1.307847
706,0.078326,-1.664734,-3.081304,1.285700,-0.101998,-0.650304,0.620000,1.000000,0.580000,-0.200000,-0.350000,1.285700
707,0.065431,-1.664491,-3.087807,1.270005,-0.097624,-1.011578,0.600000,1.000000,0.600000,-0.200000,-0.350000,1.270005
708,0.052697,-1.664199,-3.097923,1.254672,-0.089056,-1.350119,0.580000,1.000000,0.600000,-0.200000,-0.300000,1.254672
709,0.040123,-1.663857,-3.111424,1.240149,-0.076056,-1.628695,0.560000,1.000000,0.620000,-0.200000,-0.250000,1.240149
710,0.027705,-1.663471,-3.127711,1.226188,-0.059428,-1.837584,0.520000,1.000000,0.660000,-0.200000,-0.150000,1.226188
711,0.015436,-1.663047,-3.146087,1.212885,-0.038696,-1.911497,0.500000,1.000000,0.680000,-0.150000,-0.100000,1.212885
712,0.003309,-1.662605,-3.165202,1.202929,-0.016893,-1.907805,0.480000,1.000000,0.720000,-0.100000,-0.050000,1.202929
713,-0.008713,-1.662152,-3.184280,1.196143,0.005067,-1.831454,0.460000,1.000000,0.780000,0.050000,0.050000,1.196143
714,-0.020666,-1.661693,-3.202595,1.199293,0.027849,-1.626191,0.440000,1.000000,0.820000,0.200000,0.150000,1.199293
715,-0.032654,-1.661239,-3.218856,1.212018,0.049726,-1.318635,0.420000,1.000000,0.880000,0.350000,0.250000,1.212018
716,-0.044776,-1.660800,-3.232043,1.234204,0.069184,-0.938846,0.400000,1.000000,0.920000,0.450000,0.350000,1.234204
717,-0.057130,-1.660374,-3.241431,1.262409,0.085006,-0.514990,0.400000,1.000000,0.940000,0.500000,0.400000,1.262409
718,-0.069776,-1.659961,-3.246581,1.293847,0.095931,-0.084004,0.400000,1.000000,0.940000,0.500000,0.400000,1.293847
719,-0.082744,-1.659559,-3.247421,1.325711,0.101400,0.332754,0.400000,1.000000,0.940000,0.500000,0.400000,1.325711
720,-0.096034,-1.659167,-3.244094,1.358040,0.101488,0.731877,0.400000,1.000000,0.920000,0.450000,0.350000,1.358040
721,-0.109647,-1.658787,-3.236775,1.387888,0.095771,1.086731,0.400000,1.000000,0.920000,0.450000,0.350000,1.387888
722,-0.123554,-1.658422,-3.225908,1.418035,0.085338,1.418945,0.400000,1.000000,0.900000,0.400000,0.300000,1.418035
723,-0.137756,-1.658078,-3.211718,1.445406,0.069685,1.694620,0.420000,1.000000,0.860000,0.350000,0.250000,1.445406
724,-0.152223,-1.657760,-3.194772,1.469740,0.049441,1.906201,0.440000,1.000000,0.820000,0.200000,0.150000,1.469740
725,-0.166926,-1.657473,-3.175710,1.484141,0.024102,1.992049,0.460000,1.000000,0.760000,0.050000,0.050000,1.484141
726,-0.181767,-1.657207,-3.155789,1.487941,-0.004666,1.938792,0.480000,1.000000,0.720000,-0.100000,-0.100000,1.487941
727,-0.196644,-1.656949,-3.136402,1.480271,-0.035852,1.696517,0.500000,1.000000,0.680000,-0.250000,-1.000000,1.480271
728,-0.211449,-1.656668,-3.119436,1.453607,-0.064271,1.366069,0.520000,1.000000,0.660000,-0.250000,-1.000000,1.453607
729,-0.225995,-1.656347,-3.105776,1.426691,-0.087018,1.016052,0.540000,1.000000,0.640000,-0.250000,-1.000000,1.426691
730,-0.240284,-1.655989,-3.095615,1.399788,-0.104119,0.652849,0.560000,1.000000,0.620000,-0.250000,-1.000000,1.399788
731,-0.254315,-1.655592,-3.089087,1.373107,-0.115701,0.282451,0.580000,1.000000,0.620000,-0.200000,-1.000000,1.373107
732,-0.268088,-1.655157,-3.086262,1.350296,-0.121978,-0.089450,0.580000,1.000000,0.600000,-0.250000,-1.000000,1.350296
733,-0.281638,-1.654686,-3.087157,1.324435,-0.123248,-0.457007,0.580000,1.000000,0.620000,-0.200000,-0.300000,1.324435
734,-0.294930,-1.654176,-3.091727,1.309263,-0.119652,-0.806212,0.560000,1.000000,0.620000,-0.200000,-0.250000,1.309263
735,-0.308066,-1.653633,-3.099789,1.295072,-0.110700,-1.089564,0.540000,1.000000,0.640000,-0.200000,-0.200000,1.295072
736,-0.321051,-1.653069,-3.110684,1.281593,-0.097330,-1.297752,0.520000,1.000000,0.660000,-0.200000,-0.150000,1.281593
737,-0.333891,-1.652492,-3.123662,1.268509,-0.080633,-1.426406,0.500000,1.000000,0.680000,-0.150000,-0.100000,1.268509
738,-0.346589,-1.651913,-3.137926,1.259009,-0.061765,-1.475716,0.480000,1.000000,0.700000,-0.150000,-0.100000,1.259009
739,-0.359181,-1.651342,-3.152683,1.249232,-0.043359,-1.515603,0.460000,1.000000,0.720000,-0.100000,-0.050000,1.249232
740,-0.371668,-1.650769,-3.167839,1.242787,-0.023996,-1.480552,0.440000,1.000000,0.700000,-0.150000,-0.100000,1.242787
741,-0.384085,-1.650203,-3.182645,1.232368,-0.007693,-1.507813,0.440000,1.000000,0.700000,-0.150000,-0.100000,1.232368
742,-0.396395,-1.649621,-3.197723,1.221676,0.007952,-1.527399,0.420000,1.000000,0.700000,-0.150000,-0.100000,1.221676
743,-0.408597,-1.649015,-3.212997,1.210714,0.022874,-1.540144,0.400000,1.000000,0.740000,0.000000,0.000000,1.210714
744,-0.420690,-1.648379,-3.228398,1.210236,0.040048,-1.417471,0.380000,1.000000,0.780000,0.050000,0.050000,1.210236
745,-0.432781,-1.647729,-3.242573,1.212965,0.056394,-1.235378,0.380000,1.000000,0.840000,0.300000,0.200000,1.212965
746,-0.444906,-1.647067,-3.254927,1.232138,0.073716,-0.895537,0.360000,1.000000,0.880000,0.350000,0.250000,1.232138
747,-0.457232,-1.646406,-3.263882,1.254450,0.087491,-0.528375,0.360000,1.000000,0.900000,0.400000,0.300000,1.254450
748,-0.469789,-1.645744,-3.269166,1.280012,0.097344,-0.140968,0.360000,1.000000,0.900000,0.400000,0.300000,1.280012
749,-0.482609,-1.645081,-3.270576,1.305975,0.102228,0.229463,0.340000,1.000000,0.880000,0.350000,0.250000,1.305975
750,-0.495692,-1.644415,-3.268281,1.329402,0.101389,0.540509,0.340000,1.000000,0.880000,0.350000,0.250000,1.329402
751,-0.509007,-1.643741,-3.262876,1.353164,0.096556,0.832498,0.360000,1.000000,0.860000,0.350000,0.250000,1.353164
752,-0.522557,-1.643063,-3.254551,1.377183,0.087995,1.105043,0.360000,1.000000,0.860000,0.350000,0.250000,1.377183
753,-0.536340,-1.642385,-3.243501,1.401353,0.075974,1.357765,0.360000,1.000000,0.840000,0.300000,0.200000,1.401353
754,-0.550358,-1.641715,-3.229923,1.422526,0.059595,1.540426,0.380000,1.000000,0.820000,0.200000,0.150000,1.422526
755,-0.564580,-1.641054,-3.214519,1.436923,0.039777,1.649297,0.380000,1.000000,0.760000,0.050000,0.050000,1.436923
756,-0.578940,-1.640403,-3.198026,1.440920,0.016089,1.617889,0.400000,1.000000,0.720000,-0.100000,-0.100000,1.440920
757,-0.593336,-1.639751,-3.181847,1.433589,-0.010462,1.398700,0.400000,1.000000,0.700000,-0.200000,-0.150000,1.433589
758,-0.607656,-1.639070,-3.167860,1.418551,-0.033915,1.130949,0.420000,0.960000,0.660000,-0.350000,-1.000000,1.418551
759,-0.621827,-1.638358,-3.156550,1.385131,-0.053640,0.819037,0.440000,0.960000,0.640000,-0.400000,-1.000000,1.385131
760,-0.635669,-1.637615,-3.148360,1.348173,-0.068403,0.494838,0.440000,0.940000,0.640000,-0.300000,-0.250000,1.348173
761,-0.649146,-1.636839,-3.143412,1.325288,-0.078429,0.159956,0.440000,0.940000,0.620000,-0.450000,-1.000000,1.325288
762,-0.662397,-1.636031,-3.141812,1.285176,-0.083799,-0.171332,0.440000,0.920000,0.620000,-0.350000,-0.300000,1.285176
763,-0.675249,-1.635190,-3.143525,1.258898,-0.085326,-0.516263,0.440000,0.900000,0.640000,-0.150000,-0.200000,1.258898
764,-0.687836,-1.634313,-3.148688,1.247999,-0.080483,-0.753443,0.440000,0.900000,0.640000,-0.150000,-0.200000,1.247999
765,-0.700310,-1.633419,-3.156222,1.237280,-0.072991,-0.972746,0.420000,0.880000,0.660000,-0.050000,-0.150000,1.237280
766,-0.712671,-1.632509,-3.165950,1.234048,-0.061894,-1.115561,0.420000,0.880000,0.680000,0.000000,-0.100000,1.234048
767,-0.724993,-1.631589,-3.177105,1.234534,-0.048166,-1.180657,0.400000,0.920000,0.700000,-0.100000,-0.100000,1.234534
768,-0.737313,-1.630670,-3.188912,1.227870,-0.034360,-1.236923,0.380000,0.900000,0.700000,0.000000,-0.100000,1.227870
769,-0.749562,-1.629745,-3.201281,1.228035,-0.020667,-1.284363,0.380000,0.900000,0.680000,0.000000,-0.100000,1.228035
770,-0.761808,-1.628807,-3.214125,1.228009,-0.007114,-1.324039,0.360000,0.880000,0.660000,-0.050000,-0.150000,1.228009
771,-0.774051,-1.627846,-3.227365,1.223975,0.004825,-1.416163,0.340000,0.880000,0.700000,0.050000,-0.100000,1.223975
772,-0.786250,-1.626845,-3.241527,1.227065,0.018601,-1.438086,0.340000,0.860000,0.720000,0.100000,-0.050000,1.227065
773,-0.798478,-1.625806,-3.255908,1.233620,0.033479,-1.391361,0.320000,0.860000,0.720000,0.050000,-0.050000,1.233620
774,-0.810771,-1.624732,-3.269821,1.236456,0.047136,-1.345639,0.320000,0.880000,0.700000,0.000000,-0.100000,1.236456
775,-0.823095,-1.623618,-3.283278,1.235375,0.058179,-1.361845,0.300000,0.880000,0.700000,0.000000,-0.100000,1.235375
776,-0.835407,-1.622449,-3.296896,1.234113,0.068894,-1.374118,0.300000,0.880000,0.740000,0.150000,0.000000,1.234113
777,-0.847706,-1.621221,-3.310637,1.243536,0.082135,-1.259825,0.280000,0.860000,0.740000,0.150000,0.000000,1.243536
778,-0.860102,-1.619939,-3.323236,1.252869,0.093485,-1.153239,0.280000,0.860000,0.740000,0.150000,0.000000,1.252869
779,-0.872594,-1.618595,-3.334768,1.262157,0.103124,-1.053847,0.280000,0.840000,0.720000,0.100000,-0.050000,1.262157
780,-0.885179,-1.617184,-3.345306,1.267775,0.109783,-1.022304,0.260000,0.840000,0.700000,0.050000,-0.100000,1.267775
781,-0.897816,-1.615694,-3.355529,1.269555,0.114599,-1.045379,0.260000,0.840000,0.700000,0.050000,-0.100000,1.269555
782,-0.910466,-1.614119,-3.365983,1.271252,0.119541,-1.066198,0.260000,0.820000,0.680000,0.050000,-0.100000,1.271252
783,-0.923126,-1.612455,-3.376645,1.272864,0.124581,-1.084923,0.240000,0.820000,0.680000,0.050000,-0.100000,1.272864
784,-0.935794,-1.610703,-3.387494,1.274391,0.129690,-1.101711,0.240000,0.800000,0.700000,0.050000,-0.100000,1.274391
785,-0.948471,-1.608858,-3.398512,1.275833,0.134846,-1.116716,0.240000,0.800000,0.700000,0.050000,-0.100000,1.275833
786,-0.961153,-1.606920,-3.409679,1.277189,0.140025,-1.130081,0.220000,0.780000,0.680000,0.050000,-0.100000,1.277189
787,-0.973839,-1.604888,-3.420980,1.278460,0.145209,-1.141942,0.220000,0.780000,0.680000,0.050000,-0.100000,1.278460
788,-0.986529,-1.602758,-3.432399,1.279648,0.150383,-1.152430,0.220000,0.780000,0.660000,0.000000,-0.150000,1.279648
789,-0.999219,-1.600529,-3.443923,1.276847,0.154603,-1.201305,0.200000,0.760000,0.660000,0.000000,-0.150000,1.276847
790,-1.011869,-1.598204,-3.455936,1.273917,0.159266,-1.246654,0.200000,0.760000,0.640000,-0.050000,-0.200000,1.273917
791,-1.024476,-1.595779,-3.468403,1.266888,0.163606,-1.318756,0.200000,0.740000,0.640000,-0.050000,-0.200000,1.266888
792,-1.037000,-1.593262,-3.481590,1.259682,0.168611,-1.385882,0.200000,0.740000,0.620000,-0.100000,-0.250000,1.259682
793,-1.049438,-1.590651,-3.495449,1.248292,0.173684,-1.469876,0.180000,0.740000,0.660000,0.000000,-0.150000,1.248292
794,-1.061749,-1.587954,-3.510148,1.244644,0.180641,-1.497464,0.180000,0.720000,0.640000,0.000000,-0.200000,1.244644
795,-1.074010,-1.585155,-3.525123,1.240366,0.187016,-1.550683,0.180000,0.720000,0.640000,0.000000,-0.200000,1.240366
796,-1.086213,-1.582248,-3.540629,1.235882,0.193805,-1.599933,0.160000,0.720000,0.620000,-0.050000,-0.250000,1.235882
797,-1.098354,-1.579232,-3.556629,1.227190,0.200485,-1.665158,0.160000,0.720000,0.620000,-0.050000,-0.250000,1.227190
798,-1.110392,-1.576118,-3.573280,1.218250,0.207640,-1.725460,0.220000,0.700000,0.600000,-0.100000,-0.300000,1.218250
799,-1.122326,-1.572907,-3.590535,1.205043,0.214897,-1.793730,0.140000,0.700000,0.640000,0.000000,-0.200000,1.205043
800,-1.134115,-1.569613,-3.608472,1.199563,0.223265,-1.826266,0.200000,0.700000,0.620000,-0.050000,-0.250000,1.199563
801,-1.145831,-1.566208,-3.626735,1.189849,0.231323,-1.873408,0.180000,0.700000,0.620000,-0.050000,-0.250000,1.189849
802,-1.157436,-1.562705,-3.645469,1.179866,0.239578,-1.916706,0.180000,0.680000,0.620000,-0.050000,-0.250000,1.179866
803,-1.168925,-1.559107,-3.664636,1.169612,0.247974,-1.956451,0.180000,0.680000,0.600000,-0.100000,-0.300000,1.169612
804,-1.180296,-1.555412,-3.684201,1.155078,0.256229,-2.002886,0.160000,0.680000,0.600000,-0.100000,-0.300000,1.155078
805,-1.191511,-1.551642,-3.704229,1.140252,0.264564,-2.045298,0.160000,0.680000,0.580000,-0.100000,-0.300000,1.140252
806,-1.202567,-1.547798,-3.724682,1.125135,0.272920,-2.084014,0.160000,0.680000,0.580000,-0.100000,-0.300000,1.125135
807,-1.213462,-1.543881,-3.745523,1.109729,0.281245,-2.119355,0.160000,0.680000,0.580000,-0.100000,-0.300000,1.109729
808,-1.224193,-1.539894,-3.766716,1.094039,0.289488,-2.151630,0.140000,0.680000,0.580000,-0.100000,-0.300000,1.094039
809,-1.234759,-1.535839,-3.788232,1.078070,0.297607,-2.181137,0.140000,0.680000,0.560000,-0.150000,-0.350000,1.078070
810,-1.245156,-1.531719,-3.810044,1.057825,0.305498,-2.210985,0.140000,0.680000,0.560000,-0.150000,-0.350000,1.057825
811,-1.255351,-1.527560,-3.832154,1.037306,0.313131,-2.237882,0.120000,0.680000,0.560000,-0.150000,-0.350000,1.037306
812,-1.265342,-1.523367,-3.854532,1.016525,0.320468,-2.262134,0.120000,0.680000,0.560000,-0.150000,-0.350000,1.016525
813,-1.275127,-1.519142,-3.877154,0.995493,0.327470,-2.284028,0.120000,0.680000,0.540000,-0.200000,-0.400000,0.995493
814,-1.284706,-1.514890,-3.899994,0.970230,0.334146,-2.302197,0.120000,0.680000,0.540000,-0.200000,-0.400000,0.970230
815,-1.294047,-1.510643,-3.923016,0.944747,0.340319,-2.317984,0.100000,0.700000,0.540000,-0.200000,-0.400000,0.944747
816,-1.303151,-1.506405,-3.946196,0.919060,0.345960,-2.331673,0.100000,0.700000,0.540000,-0.150000,-0.400000,0.919060
817,-1.312017,-1.502182,-3.969513,0.896689,0.351045,-2.343519,0.100000,0.700000,0.540000,-0.150000,-0.400000,0.896689
818,-1.320667,-1.497952,-3.992948,0.874151,0.355642,-2.353908,0.100000,0.700000,0.540000,-0.150000,-0.400000,0.874151
819,-1.329103,-1.493721,-4.016487,0.851462,0.359735,-2.363015,0.080000,0.680000,0.540000,-0.150000,-0.400000,0.851462
820,-1.337322,-1.489492,-4.040117,0.828640,0.363309,-2.371001,0.080000,0.660000,0.540000,-0.150000,-0.400000,0.828640
821,-1.345325,-1.485271,-4.063827,0.805698,0.366353,-2.378010,0.080000,0.680000,0.540000,-0.150000,-0.400000,0.805698
822,-1.353112,-1.481063,-4.087607,0.782654,0.368856,-2.384174,0.080000,0.680000,0.540000,-0.150000,-0.400000,0.782654
823,-1.360681,-1.476873,-4.111449,0.759524,0.370812,-2.389609,0.080000,0.700000,0.540000,-0.150000,-0.400000,0.759524
824,-1.368034,-1.472705,-4.135345,0.736322,0.372212,-2.394423,0.060000,0.720000,0.540000,-0.200000,-0.400000,0.736322
825,-1.375171,-1.468564,-4.159289,0.709565,0.373052,-2.398712,0.060000,0.740000,0.540000,-0.200000,-0.400000,0.709565
826,-1.382072,-1.464486,-4.183276,0.682768,0.373240,-2.402505,0.060000,0.760000,0.540000,-0.200000,-0.400000,0.682768
827,-1.388741,-1.460476,-4.207301,0.655949,0.372771,-2.405903,1.000000,0.780000,0.560000,0.600000,-0.350000,0.655949
828,-1.395177,-1.456540,-4.231360,0.685602,0.371525,-2.414091,1.000000,0.800000,0.560000,0.600000,-0.350000,0.685602
829,-1.401643,-1.452181,-4.255501,0.715262,0.371099,-2.422333,1.000000,0.820000,0.560000,0.600000,-0.350000,0.715262
830,-1.408129,-1.447399,-4.279725,0.744907,0.371497,-2.430753,1.000000,0.860000,0.560000,0.600000,-0.350000,0.744907
831,-1.414625,-1.442194,-4.304032,0.774515,0.372726,-2.439461,1.000000,0.880000,0.580000,0.600000,-0.300000,0.774515
832,-1.421121,-1.436566,-4.328427,0.804554,0.374739,-2.450767,1.000000,0.920000,0.580000,0.600000,-0.300000,0.804554
833,-1.427610,-1.430510,-4.352934,0.834505,0.377627,-2.462291,1.000000,0.980000,0.600000,0.600000,-0.300000,0.834505
834,-1.434080,-1.424026,-4.377557,0.864344,0.381394,-2.474119,1.000000,1.000000,0.600000,0.600000,-0.300000,0.864344
835,-1.440522,-1.417116,-4.402299,0.894047,0.386043,-2.486319,1.000000,1.000000,0.580000,0.600000,-0.300000,0.894047
836,-1.446927,-1.409780,-4.427162,0.923589,0.391576,-2.498938,0.600000,1.000000,0.560000,-0.250000,-0.350000,0.923589
837,-1.453283,-1.402019,-4.452151,0.892953,0.398025,-2.510712,0.500000,1.000000,0.560000,-0.350000,-0.350000,0.892953
838,-1.459427,-1.394414,-4.477258,0.855101,0.403730,-2.521537,0.420000,1.000000,0.580000,-0.350000,-0.300000,0.855101
839,-1.465345,-1.387039,-4.502474,0.817542,0.408438,-2.533641,0.380000,1.000000,0.600000,-0.350000,-0.300000,0.817542
840,-1.471044,-1.379894,-4.527810,0.779808,0.412212,-2.545522,0.360000,1.000000,0.600000,-0.350000,-0.300000,0.779808
841,-1.476527,-1.372985,-4.553265,0.741920,0.415042,-2.557361,0.340000,1.000000,0.620000,-0.300000,-0.250000,0.741920
842,-1.481801,-1.366318,-4.578839,0.707895,0.416894,-2.570672,0.320000,1.000000,0.640000,-0.250000,-0.200000,0.707895
843,-1.486875,-1.359857,-4.604546,0.677752,0.417912,-2.584226,0.300000,1.000000,0.660000,-0.200000,-0.150000,0.677752
844,-1.491759,-1.353568,-4.630388,0.651510,0.418236,-2.596554,0.280000,1.000000,0.700000,-0.150000,-0.100000,0.651510
845,-1.496461,-1.347418,-4.656353,0.629187,0.418002,-2.605910,0.280000,1.000000,0.720000,-0.100000,-0.050000,0.629187
846,-1.500987,-1.341370,-4.682412,0.610804,0.417343,-2.610219,0.260000,1.000000,0.760000,0.050000,0.050000,0.610804
847,-1.505342,-1.335390,-4.708515,0.603812,0.416692,-2.594203,0.260000,1.000000,0.800000,0.150000,0.100000,0.603812
848,-1.509532,-1.329368,-4.734457,0.604304,0.416117,-2.562764,0.260000,1.000000,0.860000,0.350000,0.250000,0.604304
849,-1.513559,-1.323234,-4.760084,0.619742,0.417269,-2.449997,0.240000,1.000000,0.920000,0.450000,0.350000,0.619742
850,-1.517431,-1.316845,-4.784584,0.642537,0.420272,-2.245771,0.240000,1.000000,0.940000,0.500000,0.400000,0.642537
851,-1.521160,-1.310133,-4.807042,0.669281,0.423904,-1.983559,0.240000,1.000000,0.920000,0.450000,0.350000,0.669281
852,-1.524747,-1.303070,-4.826878,0.693815,0.425223,-1.772538,0.240000,1.000000,0.960000,0.500000,0.400000,0.693815
853,-1.528179,-1.295691,-4.844603,0.722338,0.427036,-1.500426,0.240000,1.000000,1.000000,0.550000,0.500000,0.722338
854,-1.531460,-1.287968,-4.859607,0.754209,0.430346,-1.104412,0.240000,1.000000,1.000000,0.550000,0.500000,0.754209
855,-1.534610,-1.279876,-4.870651,0.787698,0.431246,-0.707731,0.240000,1.000000,1.000000,0.550000,0.500000,0.787698
856,-1.537627,-1.271418,-4.877729,0.822806,0.429586,-0.307465,0.240000,1.000000,1.000000,0.550000,0.500000,0.822806
857,-1.540510,-1.262595,-4.880803,0.859521,0.425167,0.098711,0.240000,1.000000,1.000000,0.550000,0.500000,0.859521
858,-1.543261,-1.253409,-4.879816,0.897816,0.417747,0.512519,0.240000,1.000000,1.000000,0.550000,0.500000,0.897816
859,-1.545884,-1.243860,-4.874691,0.937637,0.407048,0.934978,0.240000,1.000000,1.000000,0.550000,0.500000,0.937637
860,-1.548386,-1.233949,-4.865341,0.978897,0.392759,1.366213,0.260000,1.000000,1.000000,0.550000,0.500000,0.978897
861,-1.550776,-1.223676,-4.851679,1.021463,0.374556,1.805144,0.260000,1.000000,0.960000,0.500000,0.400000,1.021463
862,-1.553067,-1.213040,-4.833628,1.063086,0.349508,2.137579,0.280000,1.000000,0.880000,0.350000,0.250000,1.063086
863,-1.555251,-1.202065,-4.812252,1.095830,0.317096,2.297634,0.300000,1.000000,0.840000,0.300000,0.200000,1.095830
864,-1.557314,-1.190845,-4.789276,1.124802,0.282292,2.410402,0.320000,1.000000,0.840000,0.300000,0.200000,1.124802
865,-1.559264,-1.179413,-4.765172,1.153111,0.247087,2.527773,0.340000,1.000000,0.800000,0.150000,0.100000,1.153111
866,-1.561123,-1.167768,-4.739894,1.170222,0.208902,2.531556,0.360000,1.000000,0.740000,-0.050000,-0.050000,1.170222
867,-1.562890,-1.156013,-4.714578,1.171547,0.168955,2.400483,0.380000,1.000000,0.680000,-1.000000,-1.000000,1.171547
868,-1.564554,-1.144294,-4.690573,1.097065,0.132908,2.291774,0.420000,1.000000,0.640000,-1.000000,-1.000000,1.097065
869,-1.566122,-1.133355,-4.667656,1.021591,0.100607,2.145964,0.580000,1.000000,0.600000,-0.400000,-1.000000,1.021591
870,-1.567584,-1.123194,-4.646196,0.987248,0.072290,1.963223,0.640000,1.000000,0.580000,-0.250000,-1.000000,0.987248
871,-1.568958,-1.113391,-4.626564,0.962676,0.047250,1.745004,0.680000,1.000000,0.540000,-0.300000,-1.000000,0.962676
872,-1.570254,-1.103840,-4.609114,0.934022,0.025425,1.496440,0.900000,1.000000,0.520000,0.350000,-1.000000,0.934022
873,-1.571470,-1.094576,-4.594149,0.950435,0.006933,1.223426,0.960000,1.000000,0.500000,0.500000,-1.000000,0.950435
874,-1.572660,-1.085146,-4.581915,0.977060,-0.008883,0.935103,1.000000,1.000000,0.500000,0.600000,-1.000000,0.977060
875,-1.573843,-1.075447,-4.572564,1.010523,-0.022019,0.638178,1.000000,1.000000,0.480000,0.600000,-1.000000,1.010523
876,-1.575033,-1.065410,-4.566182,1.043932,-0.032398,0.338371,1.000000,0.980000,0.480000,0.600000,-1.000000,1.043932
877,-1.576234,-1.055034,-4.562799,1.077374,-0.039883,0.040242,1.000000,0.940000,0.460000,0.600000,-1.000000,1.077374
878,-1.577445,-1.044322,-4.562396,1.110911,-0.044381,-0.252087,1.000000,0.940000,0.460000,0.600000,-1.000000,1.110911
879,-1.578666,-1.033271,-4.564917,1.144576,-0.045834,-0.534867,1.000000,0.940000,0.460000,0.600000,-1.000000,1.144576
880,-1.579895,-1.021882,-4.570266,1.178371,-0.044226,-0.804704,1.000000,0.980000,0.460000,0.600000,-1.000000,1.178371
881,-1.581126,-1.010154,-4.578313,1.212272,-0.039583,-1.058578,1.000000,1.000000,0.480000,0.600000,-1.000000,1.212272
882,-1.582354,-0.998088,-4.588899,1.246230,-0.031971,-1.293883,1.000000,1.000000,0.480000,0.600000,-1.000000,1.246230
883,-1.583572,-0.985681,-4.601837,1.280175,-0.021494,-1.508494,1.000000,1.000000,0.500000,0.600000,-1.000000,1.280175
884,-1.584771,-0.972933,-4.616922,1.314019,-0.008292,-1.700823,1.000000,1.000000,0.500000,0.600000,-1.000000,1.314019
885,-1.585941,-0.959845,-4.633931,1.347670,0.007466,-1.869860,0.860000,1.000000,0.520000,0.250000,-1.000000,1.347670
886,-1.587071,-0.946416,-4.652629,1.356527,0.025580,-2.015176,0.820000,1.000000,0.540000,0.100000,-0.450000,1.356527
887,-1.588137,-0.932890,-4.672781,1.359188,0.043077,-2.230236,0.760000,1.000000,0.560000,0.000000,-0.350000,1.359188
888,-1.589106,-0.919326,-4.695083,1.355479,0.063500,-2.397809,0.720000,1.000000,0.600000,-0.100000,-0.300000,1.355479
889,-1.589975,-0.905784,-4.719061,1.344713,0.085913,-2.523640,0.680000,1.000000,0.600000,-0.100000,-0.300000,1.344713
890,-1.590744,-0.892332,-4.744298,1.333248,0.109042,-2.630946,0.520000,1.000000,0.600000,-0.300000,-0.300000,1.333248
891,-1.591409,-0.878971,-4.770607,1.307029,0.132629,-2.721699,0.500000,1.000000,0.600000,-0.300000,-0.300000,1.307029
892,-1.591972,-0.865846,-4.797824,1.280017,0.156034,-2.796397,0.460000,1.000000,0.640000,-0.250000,-0.200000,1.280017
893,-1.592435,-0.852959,-4.825788,1.256722,0.180140,-2.810136,0.440000,1.000000,0.720000,-0.100000,-0.050000,1.256722
894,-1.592803,-0.840269,-4.853890,1.244338,0.206018,-2.693444,0.420000,1.000000,0.740000,0.000000,0.000000,1.244338
895,-1.593087,-0.827659,-4.880824,1.238657,0.230505,-2.533617,0.400000,1.000000,0.720000,-0.100000,-0.050000,1.238657
896,-1.593283,-0.815062,-4.906160,1.225440,0.250807,-2.442511,0.380000,1.000000,0.820000,0.200000,0.150000,1.225440
897,-1.593385,-0.802554,-4.930585,1.233167,0.274497,-2.127035,0.380000,1.000000,0.980000,0.550000,0.450000,1.233167
898,-1.593395,-0.789920,-4.951856,1.262730,0.300408,-1.549669,0.360000,1.000000,1.000000,0.550000,0.500000,1.262730
899,-1.593318,-0.776941,-4.967352,1.293021,0.319780,-0.968108,0.360000,1.000000,1.000000,0.550000,0.500000,1.293021
900,-1.593152,-0.763622,-4.977033,1.325018,0.331887,-0.401730,0.340000,1.000000,1.000000,0.550000,0.500000,1.325018
901,-1.592889,-0.749965,-4.981051,1.358884,0.336718,0.149598,0.340000,1.000000,1.000000,0.550000,0.500000,1.358884
902,-1.592529,-0.735970,-4.979555,1.394648,0.334263,0.686004,0.340000,1.000000,1.000000,0.550000,0.500000,1.394648
903,-1.592071,-0.721636,-4.972695,1.432216,0.324513,1.207019,0.340000,1.000000,1.000000,0.550000,0.500000,1.432216
904,-1.591520,-0.706961,-4.960624,1.471376,0.307469,1.711017,0.360000,1.000000,1.000000,0.550000,0.500000,1.471376
905,-1.590886,-0.691942,-4.943514,1.511808,0.283164,2.194758,0.360000,1.000000,1.000000,0.550000,0.500000,1.511808
906,-1.590179,-0.676578,-4.921567,1.553090,0.251702,2.653138,0.380000,1.000000,0.920000,0.450000,0.350000,1.553090
907,-1.589416,-0.660863,-4.895035,1.589661,0.210979,2.980623,0.380000,1.000000,0.780000,0.050000,0.000000,1.589661
908,-1.588603,-0.644847,-4.865229,1.599234,0.156152,2.876330,0.480000,1.000000,0.680000,-1.000000,-1.000000,1.599234
909,-1.587712,-0.628804,-4.836466,1.525095,0.103454,2.708481,0.520000,1.000000,0.600000,-0.500000,-1.000000,1.525095
910,-1.586851,-0.613542,-4.809381,1.484294,0.056435,2.493043,0.540000,1.000000,0.560000,-0.500000,-1.000000,1.484294
911,-1.585975,-0.598714,-4.784451,1.442117,0.014635,2.233524,0.560000,1.000000,0.540000,-0.500000,-1.000000,1.442117
912,-1.585083,-0.584320,-4.762115,1.398880,-0.021574,1.935769,0.700000,1.000000,0.540000,-0.300000,-1.000000,1.398880
913,-1.584172,-0.570359,-4.742758,1.368920,-0.051994,1.606611,0.740000,1.000000,0.540000,-0.100000,-1.000000,1.368920
914,-1.583237,-0.556692,-4.726692,1.352562,-0.076836,1.254238,0.760000,1.000000,0.520000,-0.050000,-1.000000,1.352562
915,-1.582275,-0.543179,-4.714149,1.339591,-0.096323,0.886722,0.780000,1.000000,0.520000,-0.050000,-1.000000,1.339591
916,-1.581288,-0.529784,-4.705282,1.326745,-0.110533,0.510631,0.800000,1.000000,0.500000,0.050000,-1.000000,1.326745
917,-1.580277,-0.516510,-4.700176,1.321203,-0.119568,0.131724,0.800000,1.000000,0.500000,0.050000,-1.000000,1.321203
918,-1.579243,-0.503284,-4.698858,1.316079,-0.123625,-0.243837,0.800000,1.000000,0.480000,0.050000,-1.000000,1.316079
919,-1.578185,-0.490108,-4.701297,1.311424,-0.122900,-0.610795,0.800000,1.000000,0.480000,0.050000,-1.000000,1.311424
920,-1.577102,-0.476980,-4.707405,1.307224,-0.117651,-0.963930,0.780000,1.000000,0.460000,-0.050000,-1.000000,1.307224
921,-1.575990,-0.463903,-4.717044,1.296412,-0.108199,-1.298045,0.760000,1.000000,0.440000,-0.050000,-1.000000,1.296412
922,-1.574848,-0.450944,-4.730024,1.285873,-0.095005,-1.608492,0.740000,1.000000,0.440000,-0.100000,-1.000000,1.285873
923,-1.573671,-0.438104,-4.746109,1.271958,-0.078544,-1.890391,0.700000,1.000000,0.460000,-0.200000,-1.000000,1.271958
924,-1.572457,-0.425418,-4.765013,1.251000,-0.059397,-2.139623,0.660000,1.000000,0.500000,-0.250000,-1.000000,1.251000
925,-1.571206,-0.412956,-4.786409,1.226326,-0.038274,-2.352930,0.640000,1.000000,0.540000,-0.200000,-0.400000,1.226326
926,-1.569918,-0.400755,-4.809939,1.210256,-0.017234,-2.587392,0.600000,1.000000,0.580000,-0.200000,-0.300000,1.210256
927,-1.568567,-0.388727,-4.835813,1.194835,0.006564,-2.736440,0.560000,1.000000,0.660000,-0.150000,-0.150000,1.194835
928,-1.567162,-0.376861,-4.863177,1.183632,0.033953,-2.720936,0.540000,1.000000,0.760000,0.050000,0.050000,1.183632
929,-1.565719,-0.365108,-4.890386,1.185956,0.065483,-2.445871,0.520000,1.000000,0.880000,0.350000,0.250000,1.185956
930,-1.564264,-0.353320,-4.914845,1.207142,0.096909,-1.993339,0.420000,1.000000,1.000000,0.550000,0.500000,1.207142
931,-1.562786,-0.341300,-4.934779,1.239407,0.124521,-1.466608,0.400000,1.000000,1.000000,0.550000,0.500000,1.239407
932,-1.561267,-0.328937,-4.949445,1.271879,0.145936,-0.942974,0.380000,1.000000,1.000000,0.550000,0.500000,1.271879
933,-1.559699,-0.316231,-4.958874,1.304896,0.160990,-0.427590,0.380000,1.000000,1.000000,0.550000,0.500000,1.304896
934,-1.558076,-0.303184,-4.963150,1.338679,0.169592,0.075309,0.380000,1.000000,1.000000,0.550000,0.500000,1.338679
935,-1.556397,-0.289795,-4.962397,1.373335,0.171717,0.561969,0.440000,1.000000,1.000000,0.550000,0.500000,1.373335
936,-1.554663,-0.276063,-4.956778,1.408861,0.167403,1.028741,0.440000,1.000000,1.000000,0.550000,0.500000,1.408861
937,-1.552878,-0.261988,-4.946490,1.445150,0.156748,1.471822,0.460000,1.000000,1.000000,0.550000,0.500000,1.445150
938,-1.551051,-0.247568,-4.931772,1.482006,0.139920,1.887170,0.460000,1.000000,0.940000,0.500000,0.400000,1.482006
939,-1.549191,-0.232798,-4.912900,1.516859,0.116341,2.235767,0.460000,1.000000,0.920000,0.450000,0.350000,1.516859
940,-1.547310,-0.217702,-4.890543,1.548697,0.087134,2.524420,0.480000,1.000000,0.920000,0.450000,0.350000,1.548697
941,-1.545423,-0.202305,-4.865298,1.580030,0.053877,2.781887,0.500000,1.000000,0.840000,0.300000,0.200000,1.580030
942,-1.543549,-0.186607,-4.837479,1.601640,0.014074,2.884614,0.520000,1.000000,0.760000,0.050000,0.000000,1.601640
943,-1.541690,-0.170699,-4.808633,1.605327,-0.032288,2.721992,0.560000,1.000000,0.680000,-0.400000,-1.000000,1.605327
944,-1.539826,-0.154751,-4.781413,1.567851,-0.078862,2.370190,0.580000,1.000000,0.620000,-0.350000,-1.000000,1.567851
945,-1.537958,-0.139164,-4.757712,1.532910,-0.118189,1.984614,0.600000,1.000000,0.580000,-0.350000,-1.000000,1.532910
946,-1.536083,-0.123904,-4.737865,1.497518,-0.150240,1.573905,0.640000,1.000000,0.540000,-0.400000,-1.000000,1.497518
947,-1.534200,-0.108972,-4.722126,1.458633,-0.175052,1.145363,0.660000,1.000000,0.520000,-0.350000,-1.000000,1.458633
948,-1.532307,-0.094403,-4.710673,1.423636,-0.192735,0.704957,0.680000,1.000000,0.520000,-0.200000,-1.000000,1.423636
949,-1.530404,-0.080164,-4.703623,1.399811,-0.203607,0.258734,0.680000,1.000000,0.520000,-0.200000,-1.000000,1.399811
950,-1.528491,-0.066148,-4.701036,1.376839,-0.208059,-0.186888,0.680000,1.000000,0.520000,-0.200000,-1.000000,1.376839
951,-1.526567,-0.052357,-4.702905,1.354800,-0.206418,-0.626830,0.680000,1.000000,0.520000,-0.200000,-1.000000,1.354800
952,-1.524631,-0.038790,-4.709173,1.333682,-0.199071,-1.055778,0.660000,1.000000,0.540000,-0.200000,-1.000000,1.333682
953,-1.522683,-0.025447,-4.719731,1.313382,-0.186473,-1.467952,0.640000,1.000000,0.560000,-0.200000,-0.400000,1.313382
954,-1.520722,-0.012327,-4.734410,1.299652,-0.169341,-1.865171,0.600000,1.000000,0.580000,-0.200000,-0.300000,1.299652
955,-1.518743,0.000629,-4.753062,1.287547,-0.146012,-2.151733,0.580000,1.000000,0.620000,-0.200000,-0.250000,1.287547
956,-1.516761,0.013434,-4.774579,1.275880,-0.118972,-2.358238,0.540000,1.000000,0.660000,-0.150000,-0.150000,1.275880
957,-1.514780,0.026094,-4.798162,1.268028,-0.087916,-2.417089,0.520000,1.000000,0.740000,0.000000,0.000000,1.268028
958,-1.512818,0.038653,-4.822333,1.270015,-0.053409,-2.272211,0.480000,1.000000,0.720000,-0.100000,-0.050000,1.270015
959,-1.510894,0.051218,-4.845055,1.264159,-0.023789,-2.186509,0.460000,1.000000,0.720000,-0.100000,-0.050000,1.264159
960,-1.508986,0.063717,-4.866920,1.257571,0.003140,-2.098442,0.440000,1.000000,0.800000,0.150000,0.100000,1.257571
961,-1.507081,0.076147,-4.887904,1.267452,0.031778,-1.826206,0.420000,1.000000,0.900000,0.400000,0.300000,1.267452
962,-1.505181,0.088683,-4.906166,1.292564,0.059542,-1.409549,0.400000,1.000000,1.000000,0.550000,0.500000,1.292564
963,-1.503276,0.101481,-4.920262,1.325852,0.082825,-0.947837,0.400000,1.000000,1.000000,0.550000,0.500000,1.325852
964,-1.501350,0.114625,-4.929740,1.359266,0.100189,-0.486627,0.380000,1.000000,1.000000,0.550000,0.500000,1.359266
965,-1.499397,0.128114,-4.934606,1.393041,0.111488,-0.031740,0.380000,1.000000,1.000000,0.550000,0.500000,1.393041
966,-1.497415,0.141947,-4.934924,1.427318,0.116649,0.411812,0.380000,1.000000,1.000000,0.550000,0.500000,1.427318
967,-1.495402,0.156126,-4.930806,1.462143,0.115675,0.839526,0.380000,1.000000,1.000000,0.550000,0.500000,1.462143
968,-1.493363,0.170651,-4.922410,1.497473,0.108638,1.247201,0.380000,1.000000,1.000000,0.550000,0.500000,1.497473
969,-1.491304,0.185523,-4.909938,1.533181,0.095681,1.630867,0.380000,1.000000,1.000000,0.550000,0.500000,1.533181
970,-1.489233,0.200744,-4.893630,1.569072,0.077012,1.986852,0.380000,1.000000,1.000000,0.550000,0.500000,1.569072
971,-1.487162,0.216317,-4.873761,1.604894,0.052905,2.311998,0.400000,1.000000,0.920000,0.450000,0.350000,1.604894
972,-1.485106,0.232242,-4.850641,1.635077,0.022656,2.559659,0.420000,1.000000,0.840000,0.300000,0.200000,1.635077
973,-1.483077,0.248468,-4.825045,1.655620,-0.013926,2.667892,0.420000,1.000000,0.760000,0.050000,0.000000,1.655620
974,-1.481077,0.264904,-4.798366,1.658514,-0.057225,2.517426,0.440000,1.000000,0.680000,-0.650000,-1.000000,1.658514
975,-1.479083,0.281379,-4.773191,1.602970,-0.101594,2.153429,0.460000,1.000000,0.640000,-0.600000,-1.000000,1.602970
976,-1.477095,0.297317,-4.751657,1.550209,-0.138066,1.758038,0.480000,1.000000,0.600000,-0.500000,-1.000000,1.550209
977,-1.475107,0.312753,-4.734077,1.504240,-0.166775,1.339388,0.500000,1.000000,0.560000,-0.500000,-1.000000,1.504240
978,-1.473113,0.327756,-4.720683,1.458494,-0.188034,0.905091,0.520000,1.000000,0.560000,-0.400000,-1.000000,1.458494
979,-1.471112,0.342325,-4.711632,1.420310,-0.202127,0.461156,0.520000,1.000000,0.540000,-0.400000,-1.000000,1.420310
980,-1.469101,0.356529,-4.707020,1.382922,-0.209479,0.013802,0.540000,1.000000,0.540000,-0.350000,-1.000000,1.382922
981,-1.467081,0.370369,-4.706882,1.349961,-0.210488,-0.431830,0.520000,1.000000,0.540000,-0.350000,-1.000000,1.349961
982,-1.465050,0.383880,-4.711201,1.317958,-0.205613,-0.870124,0.520000,1.000000,0.560000,-0.300000,-1.000000,1.317958
983,-1.463010,0.397062,-4.719902,1.290352,-0.195353,-1.295503,0.500000,1.000000,0.580000,-0.300000,-0.300000,1.290352
984,-1.460959,0.409951,-4.732857,1.270686,-0.178358,-1.620948,0.480000,1.000000,0.600000,-0.300000,-0.300000,1.270686
985,-1.458916,0.422619,-4.749066,1.251360,-0.158099,-1.923439,0.460000,1.000000,0.640000,-0.250000,-0.200000,1.251360
986,-1.456877,0.435066,-4.768301,1.236578,-0.132472,-2.084333,0.440000,1.000000,0.680000,-0.150000,-0.100000,1.236578
987,-1.454864,0.447338,-4.789144,1.228877,-0.103296,-2.097071,0.400000,1.000000,0.740000,0.000000,0.000000,1.228877
988,-1.452891,0.459512,-4.810115,1.230914,-0.072715,-1.977716,0.380000,1.000000,0.800000,0.150000,0.100000,1.230914
989,-1.450967,0.471691,-4.829892,1.242171,-0.042662,-1.752470,0.360000,1.000000,0.860000,0.350000,0.250000,1.242171
990,-1.449087,0.483977,-4.847417,1.265444,-0.014095,-1.423526,0.360000,1.000000,0.840000,0.300000,0.200000,1.265444
991,-1.447244,0.496497,-4.861652,1.285266,0.009161,-1.118356,0.340000,1.000000,0.820000,0.200000,0.150000,1.285266
992,-1.445423,0.509221,-4.872836,1.298316,0.026992,-0.859309,0.340000,1.000000,0.880000,0.350000,0.250000,1.298316
993,-1.443615,0.522080,-4.881429,1.320874,0.042843,-0.526752,0.320000,1.000000,0.880000,0.350000,0.250000,1.320874
994,-1.441815,0.535173,-4.886696,1.343517,0.054067,-0.203627,0.320000,1.000000,0.880000,0.350000,0.250000,1.343517
995,-1.440018,0.548498,-4.888732,1.366341,0.060806,0.107163,0.320000,1.000000,0.860000,0.350000,0.250000,1.366341
996,-1.438219,0.562056,-4.887661,1.389389,0.063242,0.403601,0.320000,1.000000,0.860000,0.350000,0.250000,1.389389
997,-1.436419,0.575848,-4.883625,1.412658,0.061591,0.684278,0.300000,1.000000,0.840000,0.300000,0.200000,1.412658
998,-1.434619,0.589873,-4.876782,1.433092,0.055012,0.902318,0.320000,1.000000,0.840000,0.300000,0.200000,1.433092
999,-1.432817,0.604100,-4.867759,1.453592,0.045532,1.104910,0.320000,1.000000,0.820000,0.200000,0.150000,1.453592
