step,x,y,mu,vx,vy,omega,lidar_l,lidar_c,lidar_r,throttle,steering,reward
0,0.248215,1.676106,2.953486,0.000000,0.000000,0.000000,0.520000,1.000000,0.640000,0.100000,-0.200000,0.000000
1,0.248215,1.676106,2.953486,0.007000,0.000000,0.000000,0.520000,1.000000,0.640000,0.100000,-0.200000,0.007000
2,0.248147,1.676119,2.953486,0.014000,0.000000,0.000000,0.520000,1.000000,0.640000,0.100000,-0.200000,0.014000
3,0.248009,1.676146,2.953486,0.019923,-0.005314,-0.227281,0.520000,1.000000,0.640000,0.100000,-0.200000,0.019923
4,0.247823,1.676235,2.951213,0.028446,-0.001278,0.260219,0.520000,1.000000,0.640000,0.100000,-0.200000,0.028446
5,0.247546,1.676301,2.953815,0.033782,-0.002537,-0.431202,0.520000,1.000000,0.640000,0.100000,-0.200000,0.033782
6,0.247219,1.676389,2.949503,0.041945,-0.003712,0.152679,0.520000,1.000000,0.660000,0.100000,-0.200000,0.041945
7,0.246815,1.676506,2.951030,0.047794,-0.003865,-0.359435,0.520000,1.000000,0.660000,0.100000,-0.200000,0.047794
8,0.246353,1.676634,2.947435,0.055349,-0.005841,-0.010811,0.520000,1.000000,0.660000,0.100000,-0.200000,0.055349
9,0.245821,1.676798,2.947327,0.061815,-0.005297,-0.277946,0.520000,1.000000,0.660000,0.100000,-0.200000,0.061815
10,0.245225,1.676970,2.944548,0.068908,-0.006824,-0.159673,0.500000,1.000000,0.680000,0.100000,-0.200000,0.068908
11,0.244562,1.677172,2.942951,0.075703,-0.007012,-0.242799,0.500000,1.000000,0.680000,0.100000,-0.200000,0.075703
12,0.243834,1.677390,2.940523,0.082618,-0.007780,-0.242179,0.500000,1.000000,0.700000,0.100000,-0.200000,0.082618
13,0.243040,1.677631,2.938101,0.089496,-0.008357,-0.267374,0.500000,1.000000,0.720000,0.100000,-0.200000,0.089496
14,0.242180,1.677894,2.935427,0.096383,-0.008960,-0.287108,0.500000,1.000000,0.720000,0.100000,-0.200000,0.096383
15,0.241255,1.678179,2.932556,0.103270,-0.009550,-0.307470,0.500000,1.000000,0.740000,0.100000,-0.200000,0.103270
16,0.240265,1.678486,2.929482,0.110156,-0.010130,-0.327764,0.500000,1.000000,0.760000,0.100000,-0.200000,0.110156
17,0.239209,1.678817,2.926204,0.117043,-0.010698,-0.348018,0.500000,1.000000,0.780000,0.100000,-0.200000,0.117043
18,0.238089,1.679172,2.922724,0.123930,-0.011255,-0.368229,0.480000,1.000000,0.800000,0.100000,-0.200000,0.123930
19,0.236903,1.679551,2.919042,0.130818,-0.011800,-0.388395,0.480000,1.000000,0.840000,0.100000,-0.200000,0.130818
20,0.235654,1.679955,2.915158,0.137705,-0.012331,-0.408513,0.480000,1.000000,0.860000,0.100000,-0.200000,0.137705
21,0.234339,1.680384,2.911073,0.144593,-0.012849,-0.428582,0.480000,1.000000,0.900000,0.100000,-0.200000,0.144593
22,0.232961,1.680840,2.906787,0.151481,-0.013352,-0.448598,0.480000,1.000000,0.920000,0.100000,-0.200000,0.151481
23,0.231519,1.681322,2.902301,0.158369,-0.013840,-0.468559,0.460000,1.000000,0.960000,0.100000,-0.200000,0.158369
24,0.230013,1.681832,2.897615,0.165256,-0.014313,-0.488462,0.460000,1.000000,1.000000,0.100000,-0.200000,0.165256
25,0.228444,1.682370,2.892731,0.172143,-0.014769,-0.508304,0.460000,1.000000,1.000000,0.100000,-0.200000,0.172143
26,0.226812,1.682937,2.887647,0.179030,-0.015208,-0.528084,0.460000,1.000000,1.000000,0.100000,-0.200000,0.179030
27,0.225117,1.683534,2.882367,0.185917,-0.015630,-0.547798,0.460000,1.000000,1.000000,0.100000,-0.200000,0.185917
28,0.223360,1.684162,2.876889,0.192802,-0.016033,-0.567445,0.440000,0.980000,1.000000,0.100000,-0.200000,0.192802
29,0.221541,1.684821,2.871214,0.199687,-0.016418,-0.587020,0.440000,0.960000,1.000000,0.100000,-0.200000,0.199687
30,0.219661,1.685512,2.865344,0.206571,-0.016783,-0.606523,0.440000,0.940000,1.000000,0.100000,-0.200000,0.206571
31,0.217719,1.686237,2.859279,0.213454,-0.017128,-0.625949,0.440000,0.920000,1.000000,0.100000,-0.200000,0.213454
32,0.215717,1.686996,2.853019,0.220335,-0.017452,-0.645297,0.440000,0.880000,1.000000,0.100000,-0.200000,0.220335
33,0.213654,1.687791,2.846566,0.227215,-0.017754,-0.664564,0.420000,0.860000,1.000000,0.100000,-0.200000,0.227215
34,0.211532,1.688621,2.839921,0.234093,-0.018035,-0.683747,0.420000,0.840000,1.000000,0.100000,-0.200000,0.234093
35,0.209350,1.689489,2.833083,0.240968,-0.018293,-0.702844,0.420000,0.820000,1.000000,0.100000,-0.200000,0.240968
36,0.207110,1.690395,2.826055,0.247842,-0.018529,-0.721852,0.420000,0.800000,1.000000,0.100000,-0.200000,0.247842
37,0.204811,1.691340,2.818836,0.254713,-0.018740,-0.740769,0.400000,0.780000,1.000000,0.100000,-0.200000,0.254713
38,0.202455,1.692326,2.811429,0.261580,-0.018927,-0.759592,0.400000,0.760000,1.000000,0.100000,-0.200000,0.261580
39,0.200042,1.693353,2.803833,0.268445,-0.019089,-0.778318,0.400000,0.760000,1.000000,0.100000,-0.200000,0.268445
40,0.197573,1.694422,2.796049,0.275306,-0.019226,-0.796945,0.400000,0.740000,1.000000,0.100000,-0.200000,0.275306
41,0.195047,1.695536,2.788080,0.282163,-0.019337,-0.815471,0.380000,0.720000,1.000000,0.100000,-0.200000,0.282163
42,0.192467,1.696694,2.779925,0.289015,-0.019422,-0.833892,0.380000,0.700000,1.000000,0.100000,-0.200000,0.289015
43,0.189833,1.697898,2.771586,0.295863,-0.019479,-0.852206,0.380000,0.680000,1.000000,0.100000,-0.400000,0.295863
44,0.187145,1.699150,2.763064,0.300534,-0.023837,-1.055501,0.380000,0.660000,1.000000,0.100000,-1.000000,0.300534
45,0.184440,1.700482,2.752509,0.299537,-0.027197,-1.221427,0.360000,0.640000,1.000000,0.100000,-1.000000,0.299537
46,0.181772,1.701870,2.740295,0.298650,-0.030289,-1.374990,0.360000,0.620000,1.000000,0.100000,-1.000000,0.298650
47,0.179141,1.703315,2.726545,0.297877,-0.033135,-1.517012,0.360000,0.600000,1.000000,0.100000,-1.000000,0.297877
48,0.176549,1.704820,2.711375,0.297221,-0.035751,-1.648300,0.340000,0.580000,1.000000,0.100000,-1.000000,0.297221
49,0.173997,1.706384,2.694892,0.296683,-0.038155,-1.769627,0.340000,0.560000,1.000000,0.100000,-1.000000,0.296683
50,0.171486,1.708010,2.677196,0.296261,-0.040360,-1.881722,0.340000,0.540000,1.000000,0.100000,-1.000000,0.296261
51,0.169018,1.709698,2.658379,0.295955,-0.042379,-1.985270,0.320000,0.500000,1.000000,0.100000,-1.000000,0.295955
52,0.166594,1.711448,2.638526,0.295760,-0.044223,-2.080904,0.320000,0.480000,1.000000,0.100000,-1.000000,0.295760
53,0.164216,1.713261,2.617717,0.295674,-0.045905,-2.169210,0.300000,0.460000,1.000000,0.100000,-1.000000,0.295674
54,0.161885,1.715138,2.596025,0.295691,-0.047432,-2.250731,0.300000,0.440000,1.000000,0.100000,-1.000000,0.295691
55,0.159604,1.717078,2.573517,0.295806,-0.048815,-2.325962,0.300000,0.440000,1.000000,0.100000,-1.000000,0.295806
56,0.157373,1.719081,2.550258,0.296015,-0.050062,-2.395364,0.280000,0.420000,0.940000,0.100000,-1.000000,0.296015
57,0.155194,1.721147,2.526304,0.296311,-0.051182,-2.459357,0.280000,0.400000,0.860000,0.100000,-1.000000,0.296311
58,0.153070,1.723275,2.501711,0.296688,-0.052181,-2.518328,0.280000,0.380000,0.780000,0.100000,-1.000000,0.296688
59,0.151002,1.725465,2.476527,0.297141,-0.053068,-2.572635,0.260000,0.360000,0.720000,0.100000,-1.000000,0.297141
60,0.148991,1.727716,2.450801,0.297664,-0.053849,-2.622605,0.260000,0.360000,0.660000,0.100000,-1.000000,0.297664
61,0.147040,1.730028,2.424575,0.298250,-0.054531,-2.668542,0.260000,0.340000,0.620000,0.100000,-1.000000,0.298250
62,0.145150,1.732399,2.397889,0.298894,-0.055119,-2.710724,0.260000,0.320000,0.560000,0.100000,-1.000000,0.298894
63,0.143324,1.734828,2.370782,0.299590,-0.055620,-2.749408,0.240000,0.320000,0.520000,0.100000,-1.000000,0.299590
64,0.141562,1.737314,2.343288,0.300332,-0.056040,-2.784833,0.240000,0.300000,0.500000,0.100000,-1.000000,0.300332
65,0.139867,1.739856,2.315440,0.301115,-0.056384,-2.817218,0.240000,0.300000,0.460000,0.100000,-1.000000,0.301115
66,0.138241,1.742453,2.287268,0.301935,-0.056656,-2.846767,0.240000,0.280000,0.440000,0.100000,-1.000000,0.301935
67,0.136686,1.745102,2.258800,0.302785,-0.056863,-2.873670,0.220000,0.280000,0.420000,0.100000,-1.000000,0.302785
68,0.135202,1.747802,2.230063,0.303662,-0.057009,-2.898100,0.220000,0.260000,0.380000,0.100000,-1.000000,0.303662
69,0.133793,1.750551,2.201082,0.304561,-0.057097,-2.920222,0.220000,0.260000,0.360000,0.100000,-1.000000,0.304561
70,0.132459,1.753348,2.171880,0.305478,-0.057133,-2.940187,0.220000,0.240000,0.340000,0.100000,-1.000000,0.305478
71,0.131203,1.756191,2.142478,0.306409,-0.057121,-2.958136,0.200000,0.240000,0.340000,0.100000,-1.000000,0.306409
72,0.130025,1.759077,2.112897,0.307351,-0.057064,-2.974202,0.200000,0.240000,0.320000,0.100000,-1.000000,0.307351
73,0.128928,1.762004,2.083155,0.308299,-0.056967,-2.988508,0.200000,0.220000,0.300000,0.100000,-1.000000,0.308299
74,0.127913,1.764970,2.053270,0.309252,-0.056832,-3.001169,0.200000,0.220000,0.280000,0.100000,-1.000000,0.309252
75,0.126982,1.767973,2.023258,0.310206,-0.056664,-3.012294,0.200000,0.220000,0.280000,0.100000,-1.000000,0.310206
76,0.126136,1.771011,1.993135,0.311159,-0.056465,-3.021986,0.200000,0.220000,0.260000,0.100000,-1.000000,0.311159
77,0.125375,1.774081,1.962915,0.312108,-0.056238,-3.030339,0.200000,0.200000,0.260000,0.100000,-1.000000,0.312108
78,0.124702,1.777180,1.932612,0.313051,-0.055987,-3.037444,0.180000,0.200000,0.240000,0.100000,-1.000000,0.313051
79,0.124118,1.780306,1.902237,0.313986,-0.055714,-3.043387,0.180000,0.200000,0.240000,0.100000,-1.000000,0.313986
80,0.123623,1.783456,1.871803,0.314912,-0.055421,-3.048247,0.180000,0.200000,0.220000,0.100000,-1.000000,0.314912
81,0.123218,1.786628,1.841321,0.315827,-0.055111,-3.052101,0.180000,0.180000,0.220000,0.100000,-1.000000,0.315827
82,0.122905,1.789819,1.810800,0.316729,-0.054787,-3.055020,0.180000,0.180000,0.220000,0.100000,-1.000000,0.316729
83,0.122685,1.793025,1.780250,0.317617,-0.054451,-3.057074,0.160000,0.180000,0.200000,0.100000,-1.000000,0.317617
84,0.122557,1.796245,1.749679,0.318490,-0.054104,-3.058326,0.140000,0.180000,0.200000,0.100000,-1.000000,0.318490
85,0.122523,1.799476,1.719096,0.319348,-0.053748,-3.058838,0.140000,0.180000,0.200000,0.100000,-1.000000,0.319348
86,0.122582,1.802714,1.688507,0.320190,-0.053386,-3.058667,0.140000,0.160000,0.180000,0.100000,-1.000000,0.320190
87,0.122736,1.805956,1.657921,0.321014,-0.053018,-3.057869,0.120000,0.160000,0.180000,0.100000,-1.000000,0.321014
88,0.122985,1.809200,1.627342,0.321820,-0.052647,-3.056497,0.120000,0.160000,0.180000,0.100000,-1.000000,0.321820
89,0.123329,1.812443,1.596777,0.322608,-0.052274,-3.054599,0.120000,0.160000,0.180000,0.100000,-1.000000,0.322608
90,0.123768,1.815681,1.566231,0.323378,-0.051899,-3.052223,0.120000,0.160000,0.160000,0.100000,-1.000000,0.323378
91,0.124302,1.818913,1.535709,0.324129,-0.051525,-3.049414,0.120000,0.160000,0.160000,0.100000,-1.000000,0.324129
92,0.124930,1.822134,1.505215,0.324862,-0.051153,-3.046213,0.120000,0.160000,0.160000,0.100000,-1.000000,0.324862
93,0.125654,1.825342,1.474753,0.325575,-0.050783,-3.042661,0.120000,0.160000,0.160000,0.100000,-1.000000,0.325575
94,0.126471,1.828534,1.444326,0.326269,-0.050416,-3.038795,0.120000,0.140000,0.160000,0.100000,-1.000000,0.326269
95,0.127383,1.831707,1.413938,0.326945,-0.050053,-3.034652,0.120000,0.120000,0.140000,0.100000,-1.000000,0.326945
96,0.128388,1.834858,1.383592,0.327602,-0.049695,-3.030265,0.120000,0.100000,0.140000,0.100000,-1.000000,0.327602
97,0.129486,1.837985,1.353289,0.328240,-0.049343,-3.025665,0.120000,0.100000,0.140000,0.100000,-1.000000,0.328240
98,0.130676,1.841083,1.323032,0.328860,-0.048996,-3.020884,0.120000,0.100000,0.140000,0.100000,-1.000000,0.328860
99,0.131958,1.844151,1.292823,0.329461,-0.048656,-3.015948,0.120000,0.100000,0.140000,0.100000,-1.000000,0.329461
100,0.133330,1.847186,1.262664,0.330045,-0.048323,-3.010884,0.120000,0.100000,0.140000,0.100000,-1.000000,0.330045
101,0.134791,1.850184,1.232555,0.330611,-0.047998,-3.005716,0.120000,0.100000,0.120000,0.100000,-1.000000,0.330611
102,0.136341,1.853144,1.202498,0.331160,-0.047680,-3.000468,0.120000,0.100000,0.120000,0.100000,-1.000000,0.331160
103,0.137978,1.856062,1.172493,0.331692,-0.047369,-2.995161,0.120000,0.100000,0.120000,0.100000,-1.000000,0.331692
104,0.139701,1.858935,1.142542,0.332208,-0.047067,-2.989815,0.120000,0.100000,0.120000,0.100000,-1.000000,0.332208
105,0.141509,1.861762,1.112643,0.332708,-0.046773,-2.984447,0.120000,0.080000,0.080000,0.100000,-1.000000,0.332708
106,0.143400,1.864539,1.082799,0.333191,-0.046487,-2.979076,0.120000,0.080000,0.080000,0.100000,-1.000000,0.333191
107,0.145373,1.867264,1.053008,0.333660,-0.046210,-2.973715,0.120000,0.080000,0.080000,0.100000,-1.000000,0.333660
108,0.147426,1.869934,1.023271,0.334114,-0.045941,-2.968380,0.120000,0.080000,0.080000,0.100000,-1.000000,0.334114
109,0.149557,1.872548,0.993587,0.334553,-0.045680,-2.963083,0.120000,0.080000,0.080000,0.100000,-1.000000,0.334553
110,0.151766,1.875102,0.963956,0.334978,-0.045427,-2.957835,0.120000,0.080000,0.080000,0.100000,-1.000000,0.334978
111,0.154049,1.877595,0.934378,0.335390,-0.045183,-2.952648,0.120000,0.080000,0.080000,0.100000,-1.000000,0.335390
112,0.156406,1.880024,0.904852,0.335789,-0.044947,-2.947530,0.120000,0.080000,0.060000,0.100000,-1.000000,0.335789
113,0.158834,1.882386,0.875376,0.336175,-0.044718,-2.942490,0.120000,0.080000,0.060000,0.100000,-1.000000,0.336175
114,0.161331,1.884681,0.845951,0.336548,-0.044498,-2.937535,0.120000,0.080000,0.060000,0.100000,-1.000000,0.336548
115,0.163895,1.886905,0.816576,0.336910,-0.044285,-2.932672,0.120000,0.080000,0.060000,0.100000,-1.000000,0.336910
116,0.166525,1.889058,0.787249,0.337260,-0.044080,-2.927906,0.120000,0.080000,0.060000,0.100000,-1.000000,0.337260
117,0.169218,1.891136,0.757970,0.337599,-0.043882,-2.923241,0.120000,0.080000,0.060000,0.100000,-1.000000,0.337599
118,0.171971,1.893138,0.728738,0.337927,-0.043691,-2.918681,0.140000,0.080000,0.060000,0.100000,-1.000000,0.337927
119,0.174783,1.895062,0.699551,0.338245,-0.043507,-2.914230,0.140000,0.080000,0.060000,0.100000,-1.000000,0.338245
120,0.177651,1.896907,0.670409,0.338553,-0.043329,-2.909890,0.140000,0.080000,0.060000,0.100000,-1.000000,0.338553
121,0.180573,1.898671,0.641310,0.338852,-0.043158,-2.905663,0.160000,0.080000,0.060000,0.100000,-1.000000,0.338852
122,0.183547,1.900352,0.612253,0.339141,-0.042994,-2.901549,0.160000,0.080000,0.060000,0.100000,-1.000000,0.339141
123,0.186569,1.901950,0.583238,0.339421,-0.042835,-2.897550,0.180000,0.080000,0.060000,0.100000,-1.000000,0.339421
124,0.189638,1.903461,0.554262,0.339692,-0.042682,-2.893665,0.200000,0.080000,0.060000,0.100000,-1.000000,0.339692
125,0.192751,1.904886,0.525326,0.339956,-0.042535,-2.889895,0.220000,0.080000,0.060000,0.100000,-1.000000,0.339956
126,0.195906,1.906223,0.496427,0.340211,-0.042393,-2.886239,0.240000,0.080000,0.060000,0.100000,-1.000000,0.340211
127,0.199099,1.907471,0.467564,0.340459,-0.042257,-2.882695,0.300000,0.080000,0.060000,0.100000,-1.000000,0.340459
128,0.202329,1.908628,0.438737,0.340699,-0.042125,-2.879263,0.380000,0.080000,0.060000,0.100000,-1.000000,0.340699
129,0.205592,1.909694,0.409945,0.340932,-0.041998,-2.875941,0.480000,0.100000,0.060000,0.100000,-1.000000,0.340932
130,0.208886,1.910668,0.381185,0.341158,-0.041876,-2.872727,0.480000,0.100000,0.060000,0.100000,-1.000000,0.341158
131,0.212209,1.911548,0.352458,0.341378,-0.041758,-2.869619,0.480000,0.100000,0.060000,0.100000,-1.000000,0.341378
132,0.215557,1.912335,0.323762,0.341591,-0.041645,-2.866614,0.640000,0.100000,0.060000,0.100000,-1.000000,0.341591
133,0.218928,1.913027,0.295096,0.341798,-0.041535,-2.863710,0.640000,0.120000,0.060000,0.100000,-1.000000,0.341798
134,0.222319,1.913623,0.266459,0.341999,-0.041429,-2.860906,0.720000,0.120000,0.060000,0.100000,-1.000000,0.341999
135,0.225727,1.914124,0.237850,0.342195,-0.041327,-2.858197,0.720000,0.140000,0.060000,0.100000,-1.000000,0.342195
136,0.229150,1.914529,0.209268,0.342385,-0.041228,-2.855581,0.800000,0.140000,0.060000,0.100000,-1.000000,0.342385
137,0.232585,1.914837,0.180712,0.342570,-0.041133,-2.853056,0.880000,0.160000,0.060000,0.100000,-1.000000,0.342570
138,0.236029,1.915048,0.152181,0.342749,-0.041041,-2.850618,0.960000,0.200000,0.060000,0.100000,-1.000000,0.342749
139,0.239479,1.915162,0.123675,0.342924,-0.040952,-2.848265,1.000000,0.240000,0.080000,0.100000,-1.000000,0.342924
140,0.242932,1.915178,0.095192,0.343094,-0.040865,-2.845994,1.000000,0.300000,0.080000,0.100000,-1.000000,0.343094
141,0.246387,1.915098,0.066732,0.343259,-0.040782,-2.843802,1.000000,0.420000,0.080000,0.100000,-1.000000,0.343259
142,0.249839,1.914920,0.038294,0.343420,-0.040701,-2.841687,1.000000,0.460000,0.080000,0.100000,-1.000000,0.343420
143,0.253286,1.914644,0.009878,0.343576,-0.040623,-2.839644,1.000000,0.440000,0.100000,0.100000,-1.000000,0.343576
144,0.256726,1.914272,-0.018519,0.343729,-0.040547,-2.837673,1.000000,0.440000,0.100000,0.100000,-1.000000,0.343729
145,0.260155,1.913803,-0.046896,0.343877,-0.040474,-2.835769,1.000000,0.600000,0.100000,0.100000,-1.000000,0.343877
146,0.263571,1.913238,-0.075253,0.344022,-0.040402,-2.833931,1.000000,0.600000,0.120000,0.100000,-1.000000,0.344022
147,0.266971,1.912576,-0.103593,0.344163,-0.040333,-2.832155,1.000000,0.680000,0.140000,0.100000,-1.000000,0.344163
148,0.270352,1.911819,-0.131914,0.344300,-0.040266,-2.830439,1.000000,0.680000,0.160000,0.100000,-1.000000,0.344300
149,0.273712,1.910967,-0.160219,0.344434,-0.040201,-2.828781,1.000000,0.760000,0.180000,0.100000,-1.000000,0.344434
150,0.277049,1.910021,-0.188506,0.344564,-0.040137,-2.827179,1.000000,0.840000,0.220000,0.100000,-1.000000,0.344564
151,0.280358,1.908981,-0.216778,0.344691,-0.040076,-2.825629,1.000000,0.920000,0.260000,0.100000,-1.000000,0.344691
152,0.283638,1.907848,-0.245034,0.344815,-0.040016,-2.824131,1.000000,1.000000,0.340000,0.100000,-1.000000,0.344815
153,0.286886,1.906623,-0.273276,0.344935,-0.039958,-2.822681,1.000000,1.000000,0.420000,0.100000,-1.000000,0.344935
154,0.290100,1.905308,-0.301503,0.345053,-0.039901,-2.821278,0.740000,1.000000,0.420000,0.100000,-1.000000,0.345053
155,0.293276,1.903902,-0.329715,0.345168,-0.039846,-2.819919,0.720000,1.000000,0.420000,0.100000,-1.000000,0.345168
156,0.296413,1.902407,-0.357915,0.345279,-0.039792,-2.818604,0.620000,1.000000,0.580000,0.100000,-1.000000,0.345279
157,0.299507,1.900825,-0.386101,0.345389,-0.039740,-2.817329,0.600000,1.000000,0.580000,0.100000,-1.000000,0.345389
158,0.302557,1.899156,-0.414274,0.345495,-0.039689,-2.816094,0.580000,1.000000,0.560000,0.100000,-1.000000,0.345495
159,0.305560,1.897402,-0.442435,0.345599,-0.039640,-2.814896,0.560000,1.000000,0.640000,0.100000,-1.000000,0.345599
160,0.308514,1.895564,-0.470584,0.345700,-0.039591,-2.813735,0.560000,1.000000,0.720000,0.100000,-1.000000,0.345700
161,0.311415,1.893644,-0.498721,0.345799,-0.039544,-2.812608,0.540000,1.000000,0.720000,0.100000,-1.000000,0.345799
162,0.314263,1.891643,-0.526847,0.345895,-0.039498,-2.811515,0.460000,1.000000,0.820000,0.100000,-1.000000,0.345895
163,0.317054,1.889562,-0.554962,0.345989,-0.039454,-2.810453,0.460000,1.000000,0.900000,0.100000,-1.000000,0.345989
164,0.319787,1.887404,-0.583067,0.346081,-0.039410,-2.809422,0.440000,1.000000,0.980000,0.100000,-1.000000,0.346081
165,0.322459,1.885169,-0.611161,0.346171,-0.039367,-2.808420,0.440000,1.000000,0.980000,0.100000,-1.000000,0.346171
166,0.325068,1.882861,-0.639245,0.346258,-0.039326,-2.807446,0.420000,0.720000,1.000000,0.100000,-1.000000,0.346258
167,0.327613,1.880479,-0.667320,0.346344,-0.039285,-2.806500,0.420000,0.700000,1.000000,0.100000,-1.000000,0.346344
168,0.330090,1.878027,-0.695385,0.346427,-0.039246,-2.805579,0.400000,0.660000,1.000000,0.100000,-1.000000,0.346427
169,0.332498,1.875506,-0.723441,0.346509,-0.039207,-2.804684,0.400000,0.580000,1.000000,0.100000,-1.000000,0.346509
170,0.334836,1.872919,-0.751487,0.346588,-0.039169,-2.803812,0.380000,0.560000,1.000000,0.100000,-1.000000,0.346588
171,0.337101,1.870266,-0.779526,0.346665,-0.039132,-2.802964,0.380000,0.540000,1.000000,0.100000,-1.000000,0.346665
172,0.339292,1.867551,-0.807555,0.346741,-0.039097,-2.802139,0.380000,0.520000,1.000000,0.100000,-1.000000,0.346741
173,0.341406,1.864775,-0.835577,0.346815,-0.039061,-2.801335,0.360000,0.520000,1.000000,0.100000,-1.000000,0.346815
174,0.343443,1.861941,-0.863590,0.346887,-0.039027,-2.800552,0.360000,0.500000,1.000000,0.100000,-1.000000,0.346887
175,0.345400,1.859050,-0.891595,0.346958,-0.038994,-2.799789,0.360000,0.440000,1.000000,0.100000,-1.000000,0.346958
176,0.347276,1.856106,-0.919593,0.347026,-0.038961,-2.799046,0.360000,0.420000,1.000000,0.100000,-1.000000,0.347026
177,0.349069,1.853110,-0.947584,0.347094,-0.038929,-2.798321,0.340000,0.400000,1.000000,0.100000,-1.000000,0.347094
178,0.350779,1.850064,-0.975567,0.347159,-0.038898,-2.797615,0.340000,0.400000,1.000000,0.100000,-1.000000,0.347159
179,0.352403,1.846971,-1.003543,0.347223,-0.038868,-2.796926,0.340000,0.380000,0.660000,0.100000,-1.000000,0.347223
180,0.353941,1.843834,-1.031512,0.347286,-0.038838,-2.796255,0.340000,0.380000,0.640000,0.100000,-1.000000,0.347286
181,0.355391,1.840655,-1.059475,0.347347,-0.038809,-2.795600,0.320000,0.360000,0.560000,0.100000,-1.000000,0.347347
182,0.356753,1.837436,-1.087431,0.347406,-0.038781,-2.794961,0.320000,0.360000,0.520000,0.100000,-1.000000,0.347406
183,0.358024,1.834179,-1.115381,0.347465,-0.038753,-2.794338,0.320000,0.360000,0.520000,0.100000,-1.000000,0.347465
184,0.359204,1.830888,-1.143324,0.347522,-0.038726,-2.793730,0.320000,0.340000,0.500000,0.100000,-1.000000,0.347522
185,0.360292,1.827565,-1.171261,0.347577,-0.038699,-2.793137,0.320000,0.340000,0.480000,0.100000,-1.000000,0.347577
186,0.361288,1.824213,-1.199193,0.347631,-0.038674,-2.792558,0.300000,0.340000,0.400000,0.100000,-1.000000,0.347631
187,0.362190,1.820833,-1.227118,0.347684,-0.038649,-2.791993,0.300000,0.320000,0.400000,0.100000,-1.000000,0.347684
188,0.362998,1.817430,-1.255038,0.347736,-0.038624,-2.791441,0.300000,0.320000,0.380000,0.100000,-1.000000,0.347736
189,0.363710,1.814004,-1.282953,0.347786,-0.038600,-2.790903,0.300000,0.320000,0.380000,0.100000,-1.000000,0.347786
190,0.364327,1.810560,-1.310862,0.347836,-0.038576,-2.790377,0.300000,0.300000,0.360000,0.100000,-1.000000,0.347836
191,0.364849,1.807099,-1.338765,0.347884,-0.038554,-2.789864,0.300000,0.300000,0.360000,0.100000,-1.000000,0.347884
192,0.365273,1.803625,-1.366664,0.347931,-0.038531,-2.789363,0.300000,0.300000,0.340000,0.100000,-1.000000,0.347931
193,0.365601,1.800140,-1.394558,0.347977,-0.038509,-2.788874,0.300000,0.300000,0.340000,0.100000,-1.000000,0.347977
194,0.365832,1.796646,-1.422446,0.348022,-0.038488,-2.788397,0.300000,0.300000,0.320000,0.100000,-1.000000,0.348022
195,0.365966,1.793147,-1.450330,0.348066,-0.038467,-2.787930,0.300000,0.280000,0.320000,0.100000,-1.000000,0.348066
196,0.366003,1.789646,-1.478210,0.348108,-0.038447,-2.787475,0.300000,0.280000,0.320000,0.100000,-1.000000,0.348108
197,0.365942,1.786144,-1.506084,0.348150,-0.038427,-2.787031,0.300000,0.280000,0.300000,0.100000,-1.000000,0.348150
198,0.365783,1.782645,-1.533955,0.348191,-0.038407,-2.786597,0.280000,0.280000,0.300000,0.100000,-1.000000,0.348191
199,0.365528,1.779151,-1.561821,0.348231,-0.038388,-2.786173,0.280000,0.280000,0.300000,0.100000,-1.000000,0.348231
200,0.365175,1.775666,-1.589682,0.348270,-0.038370,-2.785759,0.280000,0.280000,0.280000,0.100000,-1.000000,0.348270
201,0.364726,1.772191,-1.617540,0.348308,-0.038352,-2.785354,0.280000,0.260000,0.280000,0.100000,-1.000000,0.348308
202,0.364180,1.768729,-1.645394,0.348345,-0.038334,-2.784960,0.280000,0.260000,0.280000,0.100000,-1.000000,0.348345
203,0.363538,1.765284,-1.673243,0.348381,-0.038317,-2.784574,0.300000,0.260000,0.280000,0.100000,-1.000000,0.348381
204,0.362801,1.761858,-1.701089,0.348417,-0.038300,-2.784197,0.300000,0.260000,0.260000,0.100000,-1.000000,0.348417
205,0.361968,1.758453,-1.728931,0.348452,-0.038284,-2.783830,0.300000,0.260000,0.260000,0.100000,-1.000000,0.348452
206,0.361041,1.755072,-1.756769,0.348485,-0.038268,-2.783471,0.300000,0.260000,0.260000,0.100000,-1.000000,0.348485
207,0.360021,1.751718,-1.784604,0.348518,-0.038252,-2.783120,0.300000,0.260000,0.260000,0.100000,-1.000000,0.348518
208,0.358908,1.748394,-1.812435,0.348551,-0.038236,-2.782777,0.300000,0.260000,0.260000,0.100000,-1.000000,0.348551
209,0.357702,1.745101,-1.840263,0.348582,-0.038222,-2.782443,0.300000,0.260000,0.240000,0.100000,-1.000000,0.348582
210,0.356406,1.741843,-1.868087,0.348613,-0.038207,-2.782116,0.280000,0.260000,0.240000,0.100000,-1.000000,0.348613
211,0.355019,1.738621,-1.895908,0.348643,-0.038193,-2.781797,0.280000,0.260000,0.240000,0.100000,-1.000000,0.348643
212,0.353544,1.735439,-1.923726,0.348673,-0.038179,-2.781486,0.260000,0.260000,0.240000,0.100000,-1.000000,0.348673
213,0.351980,1.732300,-1.951541,0.348701,-0.038165,-2.781181,0.260000,0.260000,0.240000,0.100000,-1.000000,0.348701
214,0.350330,1.729204,-1.979353,0.348729,-0.038152,-2.780884,0.260000,0.260000,0.240000,0.100000,-1.000000,0.348729
215,0.348595,1.726155,-2.007162,0.348757,-0.038139,-2.780594,0.260000,0.260000,0.240000,0.100000,-1.000000,0.348757
216,0.346775,1.723156,-2.034968,0.348783,-0.038126,-2.780311,0.260000,0.260000,0.220000,0.100000,-1.000000,0.348783
217,0.344873,1.720208,-2.062771,0.348810,-0.038114,-2.780034,0.280000,0.260000,0.220000,0.100000,-1.000000,0.348810
218,0.342889,1.717313,-2.090571,0.348835,-0.038102,-2.779763,0.280000,0.260000,0.220000,0.100000,-1.000000,0.348835
219,0.340826,1.714475,-2.118369,0.348860,-0.038090,-2.779499,0.280000,0.260000,0.220000,0.100000,-1.000000,0.348860
220,0.338684,1.711695,-2.146164,0.348885,-0.038078,-2.779241,0.300000,0.260000,0.220000,0.100000,-1.000000,0.348885
221,0.336466,1.708975,-2.173956,0.348908,-0.038067,-2.778990,0.300000,0.260000,0.220000,0.100000,-1.000000,0.348908
222,0.334174,1.706317,-2.201746,0.348932,-0.038056,-2.778744,0.300000,0.260000,0.220000,0.100000,-1.000000,0.348932
223,0.331808,1.703724,-2.229534,0.348954,-0.038045,-2.778503,0.320000,0.240000,0.220000,0.100000,-1.000000,0.348954
224,0.329371,1.701198,-2.257319,0.348977,-0.038035,-2.778269,0.320000,0.240000,0.220000,0.100000,-1.000000,0.348977
225,0.326865,1.698740,-2.285101,0.348998,-0.038024,-2.778040,0.340000,0.220000,0.220000,0.100000,-1.000000,0.348998
226,0.324291,1.696352,-2.312882,0.349019,-0.038014,-2.777816,0.360000,0.220000,0.220000,0.100000,-1.000000,0.349019
227,0.321653,1.694036,-2.340660,0.349040,-0.038004,-2.777597,0.360000,0.220000,0.220000,0.100000,-1.000000,0.349040
228,0.318950,1.691795,-2.368436,0.349060,-0.037995,-2.777384,0.380000,0.220000,0.220000,0.100000,-1.000000,0.349060
229,0.316187,1.689629,-2.396210,0.349080,-0.037986,-2.777175,0.400000,0.240000,0.220000,0.100000,-1.000000,0.349080
230,0.313364,1.687540,-2.423981,0.349100,-0.037976,-2.776972,0.420000,0.240000,0.220000,0.100000,-1.000000,0.349100
231,0.310484,1.685531,-2.451751,0.349118,-0.037967,-2.776773,0.460000,0.240000,0.220000,0.100000,-1.000000,0.349118
232,0.307549,1.683602,-2.479519,0.349137,-0.037959,-2.776578,0.480000,0.240000,0.240000,0.100000,-1.000000,0.349137
233,0.304562,1.681755,-2.507285,0.349155,-0.037950,-2.776389,0.480000,0.260000,0.240000,0.100000,-1.000000,0.349155
234,0.301525,1.679991,-2.535049,0.349172,-0.037942,-2.776203,0.460000,0.260000,0.220000,0.100000,-1.000000,0.349172
235,0.298440,1.678313,-2.562811,0.349190,-0.037934,-2.776022,0.460000,0.280000,0.200000,0.100000,-1.000000,0.349190
236,0.295309,1.676720,-2.590571,0.349206,-0.037926,-2.775845,0.520000,0.280000,0.200000,0.100000,-1.000000,0.349206
237,0.292136,1.675215,-2.618329,0.349223,-0.037918,-2.775673,0.580000,0.300000,0.200000,0.100000,-1.000000,0.349223
238,0.288921,1.673798,-2.646086,0.349239,-0.037911,-2.775504,0.680000,0.300000,0.200000,0.100000,-1.000000,0.349239
239,0.285668,1.672471,-2.673841,0.349255,-0.037903,-2.775339,0.840000,0.320000,0.200000,0.100000,-1.000000,0.349255
240,0.282380,1.671235,-2.701594,0.349270,-0.037896,-2.775178,1.000000,0.340000,0.200000,0.100000,-1.000000,0.349270
241,0.279059,1.670090,-2.729346,0.349285,-0.037889,-2.775021,1.000000,0.340000,0.200000,0.100000,-1.000000,0.349285
242,0.275707,1.669038,-2.757096,0.349300,-0.037882,-2.774867,1.000000,0.380000,0.220000,0.100000,-1.000000,0.349300
243,0.272327,1.668079,-2.784845,0.349314,-0.037875,-2.774717,1.000000,0.400000,0.220000,0.100000,-1.000000,0.349314
244,0.268921,1.667214,-2.812592,0.349328,-0.037869,-2.774570,1.000000,0.420000,0.220000,0.100000,-1.000000,0.349328
245,0.265493,1.666444,-2.840338,0.349341,-0.037862,-2.774427,1.000000,0.440000,0.220000,0.100000,-1.000000,0.349341
246,0.262044,1.665769,-2.868082,0.349355,-0.037856,-2.774287,1.000000,0.440000,0.240000,0.100000,-1.000000,0.349355
247,0.258579,1.665189,-2.895825,0.349368,-0.037850,-2.774151,1.000000,0.420000,0.240000,0.100000,-1.000000,0.349368
248,0.255098,1.664706,-2.923567,0.349381,-0.037844,-2.774017,1.000000,0.440000,0.260000,0.100000,-1.000000,0.349381
249,0.251605,1.664320,-2.951307,0.349393,-0.037838,-2.773887,1.000000,0.500000,0.260000,0.100000,-1.000000,0.349393
250,0.248102,1.664031,-2.979046,0.349405,-0.037832,-2.773759,1.000000,0.580000,0.280000,0.100000,-1.000000,0.349405
251,0.244593,1.663839,-3.006783,0.349417,-0.037827,-2.773635,1.000000,0.680000,0.300000,0.100000,-1.000000,0.349417
252,0.241080,1.663744,-3.034520,0.349429,-0.037821,-2.773513,1.000000,0.860000,0.300000,0.100000,-1.000000,0.349429
253,0.237565,1.663747,-3.062255,0.349440,-0.037816,-2.773395,1.000000,1.000000,0.320000,0.100000,-1.000000,0.349440
254,0.234052,1.663847,-3.089989,0.349451,-0.037810,-2.773278,0.920000,1.000000,0.340000,0.100000,-1.000000,0.349451
255,0.230542,1.664044,-3.117721,0.349462,-0.037805,-2.773165,0.860000,1.000000,0.380000,0.100000,-1.000000,0.349462
256,0.227040,1.664339,-3.145453,0.349473,-0.037800,-2.773054,0.780000,1.000000,0.400000,0.100000,-1.000000,0.349473
257,0.223547,1.664730,-3.173184,0.349483,-0.037795,-2.772946,0.740000,1.000000,0.400000,0.100000,-1.000000,0.349483
258,0.220065,1.665218,-3.200913,0.349493,-0.037791,-2.772840,0.680000,1.000000,0.400000,0.100000,-1.000000,0.349493
259,0.216599,1.665803,-3.228642,0.349503,-0.037786,-2.772737,0.640000,1.000000,0.400000,0.100000,-1.000000,0.349503
260,0.213150,1.666483,-3.256369,0.349513,-0.037782,-2.772636,0.600000,1.000000,0.420000,0.100000,-1.000000,0.349513
261,0.209721,1.667259,-3.284095,0.349522,-0.037777,-2.772537,0.580000,1.000000,0.460000,0.100000,-1.000000,0.349522
262,0.206315,1.668129,-3.311821,0.349531,-0.037773,-2.772441,0.540000,1.000000,0.540000,0.100000,-1.000000,0.349531
263,0.202934,1.669093,-3.339545,0.349540,-0.037768,-2.772347,0.520000,1.000000,0.640000,0.100000,-1.000000,0.349540
264,0.199581,1.670151,-3.367269,0.349549,-0.037764,-2.772255,0.500000,1.000000,0.800000,0.100000,-1.000000,0.349549
265,0.196259,1.671301,-3.394991,0.349558,-0.037760,-2.772165,0.480000,1.000000,1.000000,0.100000,-1.000000,0.349558
266,0.192970,1.672543,-3.422713,0.349566,-0.037756,-2.772077,0.460000,0.960000,1.000000,0.100000,-1.000000,0.349566
267,0.189716,1.673876,-3.450434,0.349574,-0.037752,-2.771991,0.440000,0.860000,1.000000,0.100000,-1.000000,0.349574
268,0.186500,1.675298,-3.478153,0.349582,-0.037749,-2.771907,0.420000,0.800000,1.000000,0.100000,-1.000000,0.349582
269,0.183325,1.676809,-3.505872,0.349590,-0.037745,-2.771826,0.400000,0.740000,1.000000,0.100000,-1.000000,0.349590
270,0.180193,1.678407,-3.533591,0.349598,-0.037741,-2.771745,0.400000,0.680000,1.000000,0.100000,-1.000000,0.349598
271,0.177107,1.680091,-3.561308,0.349605,-0.037738,-2.771667,0.380000,0.640000,1.000000,0.100000,-1.000000,0.349605
272,0.174068,1.681860,-3.589025,0.349613,-0.037734,-2.771591,0.360000,0.600000,1.000000,0.100000,-1.000000,0.349613
273,0.171079,1.683713,-3.616741,0.349620,-0.037731,-2.771516,0.360000,0.560000,1.000000,0.100000,-1.000000,0.349620
274,0.168143,1.685648,-3.644456,0.349627,-0.037728,-2.771443,0.340000,0.540000,1.000000,0.100000,-1.000000,0.349627
275,0.165261,1.687664,-3.672170,0.349634,-0.037725,-2.771372,0.340000,0.500000,1.000000,0.100000,-1.000000,0.349634
276,0.162437,1.689758,-3.699884,0.349640,-0.037721,-2.771302,0.320000,0.480000,1.000000,0.100000,-1.000000,0.349640
277,0.159671,1.691930,-3.727597,0.349647,-0.037718,-2.771234,0.320000,0.460000,1.000000,0.100000,-1.000000,0.349647
278,0.156966,1.694178,-3.755309,0.349653,-0.037715,-2.771167,0.300000,0.440000,0.940000,0.100000,-1.000000,0.349653
279,0.154325,1.696500,-3.783021,0.349659,-0.037712,-2.771102,0.300000,0.420000,0.860000,0.100000,-1.000000,0.349659
280,0.151749,1.698895,-3.810732,0.349666,-0.037709,-2.771039,0.300000,0.400000,0.780000,0.100000,-1.000000,0.349666
281,0.149240,1.701360,-3.838443,0.349671,-0.037707,-2.770977,0.280000,0.380000,0.720000,0.100000,-1.000000,0.349671
282,0.146801,1.703893,-3.866152,0.349677,-0.037704,-2.770916,0.280000,0.360000,0.660000,0.100000,-1.000000,0.349677
283,0.144432,1.706493,-3.893861,0.349683,-0.037701,-2.770857,0.280000,0.360000,0.600000,0.100000,-1.000000,0.349683
284,0.142137,1.709158,-3.921570,0.349689,-0.037699,-2.770799,0.260000,0.340000,0.560000,0.100000,-1.000000,0.349689
285,0.139916,1.711885,-3.949278,0.349694,-0.037696,-2.770742,0.260000,0.320000,0.540000,0.100000,-1.000000,0.349694
286,0.137771,1.714673,-3.976985,0.349699,-0.037694,-2.770687,0.260000,0.320000,0.500000,0.100000,-1.000000,0.349699
287,0.135705,1.717519,-4.004692,0.349704,-0.037691,-2.770633,0.260000,0.300000,0.460000,0.100000,-1.000000,0.349704
288,0.133718,1.720421,-4.032399,0.349710,-0.037689,-2.770580,0.240000,0.300000,0.440000,0.100000,-1.000000,0.349710
289,0.131812,1.723377,-4.060104,0.349715,-0.037686,-2.770528,0.240000,0.280000,0.420000,0.100000,-1.000000,0.349715
290,0.129989,1.726385,-4.087810,0.349719,-0.037684,-2.770478,0.240000,0.280000,0.400000,0.100000,-1.000000,0.349719
291,0.128249,1.729442,-4.115515,0.349724,-0.037682,-2.770429,0.240000,0.280000,0.380000,0.100000,-1.000000,0.349724
292,0.126595,1.732547,-4.143219,0.349729,-0.037680,-2.770380,0.220000,0.260000,0.360000,0.100000,-1.000000,0.349729
293,0.125028,1.735696,-4.170923,0.349733,-0.037678,-2.770333,0.220000,0.260000,0.340000,0.100000,-1.000000,0.349733
294,0.123548,1.738887,-4.198626,0.349738,-0.037676,-2.770287,0.220000,0.240000,0.340000,0.100000,-1.000000,0.349738
295,0.122158,1.742118,-4.226329,0.349742,-0.037674,-2.770242,0.220000,0.240000,0.320000,0.100000,-1.000000,0.349742
296,0.120857,1.745386,-4.254031,0.349746,-0.037672,-2.770198,0.220000,0.240000,0.300000,0.100000,-1.000000,0.349746
297,0.119647,1.748690,-4.281733,0.349750,-0.037670,-2.770155,0.220000,0.240000,0.300000,0.100000,-1.000000,0.349750
298,0.118530,1.752025,-4.309435,0.349754,-0.037668,-2.770113,0.200000,0.220000,0.280000,0.100000,-1.000000,0.349754
299,0.117505,1.755390,-4.337136,0.349758,-0.037666,-2.770072,0.200000,0.220000,0.280000,0.100000,-1.000000,0.349758
300,0.116573,1.758782,-4.364837,0.349762,-0.037664,-2.770032,0.200000,0.220000,0.260000,0.100000,-1.000000,0.349762
301,0.115736,1.762199,-4.392537,0.349766,-0.037662,-2.769993,0.200000,0.220000,0.260000,0.100000,-1.000000,0.349766
302,0.114994,1.765638,-4.420237,0.349770,-0.037661,-2.769955,0.200000,0.200000,0.240000,0.100000,-1.000000,0.349770
303,0.114347,1.769096,-4.447936,0.349773,-0.037659,-2.769917,0.200000,0.200000,0.240000,0.100000,-1.000000,0.349773
304,0.113796,1.772570,-4.475636,0.349777,-0.037657,-2.769881,0.200000,0.200000,0.220000,0.100000,-1.000000,0.349777
305,0.113342,1.776059,-4.503334,0.349780,-0.037656,-2.769845,0.200000,0.200000,0.220000,0.100000,-1.000000,0.349780
306,0.112984,1.779559,-4.531033,0.349783,-0.037654,-2.769810,0.180000,0.180000,0.220000,0.100000,-1.000000,0.349783
307,0.112724,1.783067,-4.558731,0.349787,-0.037652,-2.769776,0.160000,0.180000,0.200000,0.100000,-1.000000,0.349787
308,0.112561,1.786581,-4.586429,0.349790,-0.037651,-2.769743,0.140000,0.180000,0.200000,0.100000,-1.000000,0.349790
309,0.112495,1.790099,-4.614126,0.349793,-0.037649,-2.769710,0.140000,0.180000,0.200000,0.100000,-1.000000,0.349793
310,0.112526,1.793617,-4.641823,0.349796,-0.037648,-2.769678,0.140000,0.180000,0.200000,0.100000,-1.000000,0.349796
311,0.112655,1.797133,-4.669520,0.349799,-0.037647,-2.769647,0.140000,0.180000,0.180000,0.100000,-1.000000,0.349799
312,0.112881,1.800644,-4.697217,0.349802,-0.037645,-2.769617,0.140000,0.160000,0.180000,0.100000,-1.000000,0.349802
313,0.113205,1.804147,-4.724913,0.349805,-0.037644,-2.769587,0.140000,0.160000,0.180000,0.100000,-1.000000,0.349805
314,0.113625,1.807640,-4.752609,0.349808,-0.037643,-2.769558,0.140000,0.160000,0.180000,0.100000,-1.000000,0.349808
315,0.114142,1.811120,-4.780304,0.349810,-0.037641,-2.769530,0.140000,0.160000,0.160000,0.100000,-1.000000,0.349810
316,0.114755,1.814585,-4.807999,0.349813,-0.037640,-2.769502,0.140000,0.160000,0.160000,0.100000,-1.000000,0.349813
317,0.115463,1.818031,-4.835694,0.349816,-0.037639,-2.769475,0.120000,0.160000,0.160000,0.100000,-1.000000,0.349816
318,0.116267,1.821456,-4.863389,0.349818,-0.037638,-2.769448,0.120000,0.160000,0.160000,0.100000,-1.000000,0.349818
319,0.117165,1.824858,-4.891084,0.349821,-0.037636,-2.769422,0.120000,0.160000,0.160000,0.100000,-1.000000,0.349821
320,0.118157,1.828233,-4.918778,0.349823,-0.037635,-2.769397,0.120000,0.140000,0.140000,0.100000,-1.000000,0.349823
321,0.119243,1.831580,-4.946472,0.349826,-0.037634,-2.769372,0.120000,0.120000,0.140000,0.100000,-1.000000,0.349826
322,0.120420,1.834896,-4.974166,0.349828,-0.037633,-2.769348,0.120000,0.100000,0.140000,0.100000,-1.000000,0.349828
323,0.121689,1.838178,-5.001859,0.349830,-0.037632,-2.769324,0.120000,0.100000,0.140000,0.100000,-1.000000,0.349830
324,0.123048,1.841423,-5.029552,0.349832,-0.037631,-2.769301,0.120000,0.100000,0.140000,0.100000,-1.000000,0.349832
325,0.124497,1.844629,-5.057245,0.349835,-0.037630,-2.769279,0.120000,0.100000,0.140000,0.100000,-1.000000,0.349835
326,0.126034,1.847795,-5.084938,0.349837,-0.037629,-2.769257,0.120000,0.100000,0.140000,0.100000,-1.000000,0.349837
327,0.127657,1.850916,-5.112631,0.349839,-0.037628,-2.769235,0.120000,0.100000,0.120000,0.100000,-1.000000,0.349839
328,0.129367,1.853991,-5.140323,0.349841,-0.037627,-2.769214,0.120000,0.100000,0.120000,0.100000,-1.000000,0.349841
329,0.131161,1.857018,-5.168015,0.349843,-0.037626,-2.769193,0.120000,0.100000,0.120000,0.100000,-1.000000,0.349843
330,0.133039,1.859994,-5.195707,0.349845,-0.037625,-2.769173,0.120000,0.100000,0.120000,0.100000,-1.000000,0.349845
331,0.134997,1.862917,-5.223399,0.349847,-0.037624,-2.769154,0.120000,0.080000,0.080000,0.100000,-1.000000,0.349847
332,0.137037,1.865784,-5.251090,0.349848,-0.037623,-2.769134,0.120000,0.080000,0.080000,0.100000,-1.000000,0.349848
333,0.139154,1.868594,-5.278782,0.349850,-0.037623,-2.769116,0.120000,0.080000,0.080000,0.100000,-1.000000,0.349850
334,0.141349,1.871345,-5.306473,0.349852,-0.037622,-2.769097,0.120000,0.080000,0.080000,0.100000,-1.000000,0.349852
335,0.143619,1.874033,-5.334164,0.349854,-0.037621,-2.769079,0.120000,0.080000,0.080000,0.100000,-1.000000,0.349854
336,0.145963,1.876658,-5.361855,0.349855,-0.037620,-2.769062,0.120000,0.080000,0.080000,0.100000,-1.000000,0.349855
337,0.148378,1.879217,-5.389545,0.349857,-0.037619,-2.769045,0.120000,0.080000,0.060000,0.100000,-1.000000,0.349857
338,0.150864,1.881708,-5.417236,0.349859,-0.037619,-2.769028,0.120000,0.080000,0.060000,0.100000,-1.000000,0.349859
339,0.153417,1.884129,-5.444926,0.349860,-0.037618,-2.769012,0.120000,0.080000,0.060000,0.100000,-1.000000,0.349860
340,0.156036,1.886478,-5.472616,0.349862,-0.037617,-2.768996,0.120000,0.080000,0.060000,0.100000,-1.000000,0.349862
341,0.158720,1.888754,-5.500306,0.349863,-0.037616,-2.768980,0.120000,0.080000,0.060000,0.100000,-1.000000,0.349863
342,0.161465,1.890955,-5.527996,0.349865,-0.037616,-2.768965,0.120000,0.080000,0.060000,0.100000,-1.000000,0.349865
343,0.164270,1.893080,-5.555686,0.349866,-0.037615,-2.768950,0.140000,0.080000,0.060000,0.100000,-1.000000,0.349866
344,0.167134,1.895125,-5.583375,0.349868,-0.037614,-2.768935,0.140000,0.080000,0.060000,0.100000,-1.000000,0.349868
345,0.170052,1.897091,-5.611064,0.349869,-0.037614,-2.768921,0.140000,0.080000,0.060000,0.100000,-1.000000,0.349869
346,0.173024,1.898975,-5.638754,0.349870,-0.037613,-2.768907,0.160000,0.080000,0.060000,0.100000,-1.000000,0.349870
347,0.176047,1.900776,-5.666443,0.349872,-0.037613,-2.768893,0.160000,0.080000,0.060000,0.100000,-1.000000,0.349872
348,0.179119,1.902493,-5.694132,0.349873,-0.037612,-2.768880,0.160000,0.080000,0.060000,0.100000,-1.000000,0.349873
349,0.182237,1.904124,-5.721820,0.349874,-0.037611,-2.768867,0.180000,0.080000,0.060000,0.100000,-1.000000,0.349874
350,0.185399,1.905668,-5.749509,0.349875,-0.037611,-2.768854,0.200000,0.080000,0.060000,0.100000,-1.000000,0.349875
351,0.188602,1.907124,-5.777198,0.349877,-0.037610,-2.768842,0.220000,0.080000,0.060000,0.100000,-1.000000,0.349877
352,0.191845,1.908491,-5.804886,0.349878,-0.037610,-2.768830,0.260000,0.080000,0.060000,0.100000,-1.000000,0.349878
353,0.195124,1.909767,-5.832574,0.349879,-0.037609,-2.768818,0.320000,0.080000,0.060000,0.100000,-1.000000,0.349879
354,0.198438,1.910953,-5.860262,0.349880,-0.037609,-2.768806,0.440000,0.080000,0.060000,0.100000,-1.000000,0.349880
355,0.201783,1.912046,-5.887951,0.349881,-0.037608,-2.768795,0.480000,0.080000,0.060000,0.100000,-1.000000,0.349881
356,0.205156,1.913046,-5.915638,0.349882,-0.037608,-2.768784,0.480000,0.100000,0.060000,0.100000,-1.000000,0.349882
357,0.208557,1.913952,-5.943326,0.349883,-0.037607,-2.768773,0.480000,0.100000,0.060000,0.100000,-1.000000,0.349883
358,0.211981,1.914764,-5.971014,0.349884,-0.037607,-2.768762,0.640000,0.100000,0.060000,0.100000,-1.000000,0.349884
359,0.215426,1.915481,-5.998702,0.349885,-0.037606,-2.768752,0.640000,0.100000,0.060000,0.100000,-1.000000,0.349885
360,0.218890,1.916102,-6.026389,0.349886,-0.037606,-2.768742,0.720000,0.120000,0.060000,0.100000,-1.000000,0.349886
361,0.222369,1.916627,-6.054077,0.349887,-0.037605,-2.768732,0.720000,0.120000,0.060000,0.100000,-1.000000,0.349887
362,0.225862,1.917055,-6.081764,0.349888,-0.037605,-2.768722,0.800000,0.140000,0.060000,0.100000,-1.000000,0.349888
363,0.229366,1.917386,-6.109451,0.349889,-0.037604,-2.768713,0.880000,0.160000,0.060000,0.100000,-1.000000,0.349889
364,0.232877,1.917621,-6.137138,0.349890,-0.037604,-2.768703,0.960000,0.180000,0.060000,0.100000,-1.000000,0.349890
365,0.236393,1.917758,-6.164825,0.349891,-0.037604,-2.768694,1.000000,0.220000,0.060000,0.100000,-1.000000,0.349891
366,0.239912,1.917798,-6.192512,0.349892,-0.037603,-2.768686,1.000000,0.300000,0.080000,0.100000,-1.000000,0.349892
367,0.243431,1.917740,-6.220199,0.349893,-0.037603,-2.768677,1.000000,0.420000,0.080000,0.100000,-1.000000,0.349893
368,0.246946,1.917585,-6.247886,0.349893,-0.037602,-2.768669,1.000000,0.460000,0.080000,0.100000,-1.000000,0.349893
369,0.250456,1.917333,-6.275573,0.349894,-0.037602,-2.768660,1.000000,0.440000,0.080000,0.100000,-1.000000,0.349894
370,0.253958,1.916983,-6.303259,0.349895,-0.037602,-2.768652,1.000000,0.440000,0.100000,0.100000,-1.000000,0.349895
371,0.257449,1.916537,-6.330946,0.349896,-0.037601,-2.768644,1.000000,0.600000,0.100000,0.100000,-1.000000,0.349896
372,0.260926,1.915995,-6.358632,0.349896,-0.037601,-2.768637,1.000000,0.600000,0.120000,0.100000,-1.000000,0.349896
373,0.264386,1.915356,-6.386318,0.349897,-0.037601,-2.768629,1.000000,0.680000,0.120000,0.100000,-1.000000,0.349897
374,0.267828,1.914622,-6.414005,0.349898,-0.037600,-2.768622,1.000000,0.680000,0.140000,0.100000,-1.000000,0.349898
375,0.271248,1.913793,-6.441691,0.349899,-0.037600,-2.768615,1.000000,0.760000,0.160000,0.100000,-1.000000,0.349899
376,0.274644,1.912869,-6.469377,0.349899,-0.037600,-2.768608,1.000000,0.840000,0.200000,0.100000,-1.000000,0.349899
377,0.278013,1.911852,-6.497063,0.349900,-0.037599,-2.768601,1.000000,0.920000,0.240000,0.100000,-1.000000,0.349900
378,0.281352,1.910742,-6.524749,0.349900,-0.037599,-2.768594,1.000000,1.000000,0.300000,0.100000,-1.000000,0.349900
379,0.284660,1.909540,-6.552435,0.349901,-0.037599,-2.768587,1.000000,1.000000,0.420000,0.100000,-1.000000,0.349901
380,0.287933,1.908246,-6.580121,0.349902,-0.037598,-2.768581,0.760000,1.000000,0.420000,0.100000,-1.000000,0.349902
381,0.291169,1.906863,-6.607807,0.349902,-0.037598,-2.768575,0.720000,1.000000,0.420000,0.100000,-1.000000,0.349902
382,0.294365,1.905391,-6.635493,0.349903,-0.037598,-2.768569,0.700000,1.000000,0.420000,0.100000,-1.000000,0.349903
383,0.297519,1.903830,-6.663178,0.349904,-0.037598,-2.768563,0.620000,1.000000,0.580000,0.100000,-1.000000,0.349904
384,0.300629,1.902183,-6.690864,0.349904,-0.037597,-2.768557,0.600000,1.000000,0.580000,0.100000,-1.000000,0.349904
385,0.303692,1.900451,-6.718549,0.349905,-0.037597,-2.768551,0.580000,1.000000,0.640000,0.100000,-1.000000,0.349905
386,0.306707,1.898634,-6.746235,0.349905,-0.037597,-2.768546,0.560000,1.000000,0.640000,0.100000,-1.000000,0.349905
387,0.309669,1.896735,-6.773920,0.349906,-0.037597,-2.768540,0.540000,1.000000,0.720000,0.100000,-1.000000,0.349906
388,0.312578,1.894754,-6.801606,0.349906,-0.037596,-2.768535,0.520000,1.000000,0.820000,0.100000,-1.000000,0.349906
389,0.315431,1.892694,-6.829291,0.349907,-0.037596,-2.768530,0.460000,1.000000,0.900000,0.100000,-1.000000,0.349907
390,0.318226,1.890555,-6.856976,0.349907,-0.037596,-2.768525,0.460000,1.000000,0.980000,0.100000,-1.000000,0.349907
391,0.320961,1.888340,-6.884662,0.349908,-0.037596,-2.768520,0.440000,1.000000,0.980000,0.100000,-1.000000,0.349908
392,0.323633,1.886050,-6.912347,0.349908,-0.037595,-2.768515,0.440000,1.000000,1.000000,0.100000,-1.000000,0.349908
393,0.326241,1.883687,-6.940032,0.349909,-0.037595,-2.768510,0.420000,0.700000,1.000000,0.100000,-1.000000,0.349909
394,0.328782,1.881253,-6.967717,0.349909,-0.037595,-2.768505,0.420000,0.680000,1.000000,0.100000,-1.000000,0.349909
395,0.331255,1.878749,-6.995402,0.349909,-0.037595,-2.768501,0.400000,0.600000,1.000000,0.100000,-1.000000,0.349909
396,0.333658,1.876178,-7.023087,0.349910,-0.037595,-2.768496,0.400000,0.580000,1.000000,0.100000,-1.000000,0.349910
397,0.335989,1.873541,-7.050772,0.349910,-0.037594,-2.768492,0.380000,0.560000,1.000000,0.100000,-1.000000,0.349910
398,0.338246,1.870841,-7.078457,0.349911,-0.037594,-2.768488,0.380000,0.540000,1.000000,0.100000,-1.000000,0.349911
399,0.340427,1.868079,-7.106142,0.349911,-0.037594,-2.768484,0.380000,0.520000,1.000000,0.100000,-1.000000,0.349911
400,0.342531,1.865258,-7.133827,0.349912,-0.037594,-2.768480,0.360000,0.500000,1.000000,0.100000,-1.000000,0.349912
401,0.344556,1.862380,-7.161512,0.349912,-0.037594,-2.768476,0.360000,0.440000,1.000000,0.100000,-1.000000,0.349912
402,0.346501,1.859447,-7.189196,0.349912,-0.037593,-2.768472,0.360000,0.420000,1.000000,0.100000,-1.000000,0.349912
403,0.348363,1.856461,-7.216881,0.349913,-0.037593,-2.768468,0.340000,0.420000,1.000000,0.100000,-1.000000,0.349913
404,0.350143,1.853424,-7.244566,0.349913,-0.037593,-2.768464,0.340000,0.400000,1.000000,0.100000,-1.000000,0.349913
405,0.351837,1.850340,-7.272250,0.349913,-0.037593,-2.768461,0.340000,0.400000,0.680000,0.100000,-1.000000,0.349913
406,0.353446,1.847210,-7.299935,0.349914,-0.037593,-2.768457,0.340000,0.380000,0.660000,0.100000,-1.000000,0.349914
407,0.354967,1.844036,-7.327620,0.349914,-0.037593,-2.768454,0.340000,0.380000,0.560000,0.100000,-1.000000,0.349914
408,0.356400,1.840822,-7.355304,0.349914,-0.037592,-2.768450,0.320000,0.360000,0.540000,0.100000,-1.000000,0.349914
409,0.357743,1.837569,-7.382989,0.349915,-0.037592,-2.768447,0.320000,0.360000,0.520000,0.100000,-1.000000,0.349915
410,0.358996,1.834281,-7.410673,0.349915,-0.037592,-2.768444,0.320000,0.360000,0.500000,0.100000,-1.000000,0.349915
411,0.360158,1.830958,-7.438358,0.349915,-0.037592,-2.768441,0.320000,0.340000,0.480000,0.100000,-1.000000,0.349915
412,0.361226,1.827605,-7.466042,0.349916,-0.037592,-2.768437,0.320000,0.340000,0.480000,0.100000,-1.000000,0.349916
413,0.362202,1.824224,-7.493726,0.349916,-0.037592,-2.768434,0.300000,0.320000,0.400000,0.100000,-1.000000,0.349916
414,0.363084,1.820817,-7.521411,0.349916,-0.037592,-2.768432,0.300000,0.320000,0.400000,0.100000,-1.000000,0.349916
415,0.363871,1.817387,-7.549095,0.349916,-0.037591,-2.768429,0.300000,0.320000,0.380000,0.100000,-1.000000,0.349916
416,0.364563,1.813936,-7.576779,0.349917,-0.037591,-2.768426,0.300000,0.320000,0.360000,0.100000,-1.000000,0.349917
417,0.365159,1.810468,-7.604464,0.349917,-0.037591,-2.768423,0.300000,0.300000,0.360000,0.100000,-1.000000,0.349917
418,0.365659,1.806984,-7.632148,0.349917,-0.037591,-2.768420,0.300000,0.300000,0.340000,0.100000,-1.000000,0.349917
419,0.366062,1.803488,-7.659832,0.349917,-0.037591,-2.768418,0.300000,0.300000,0.340000,0.100000,-1.000000,0.349917
420,0.366368,1.799982,-7.687516,0.349918,-0.037591,-2.768415,0.300000,0.300000,0.340000,0.100000,-1.000000,0.349918
421,0.366577,1.796469,-7.715200,0.349918,-0.037591,-2.768413,0.300000,0.280000,0.320000,0.100000,-1.000000,0.349918
422,0.366689,1.792951,-7.742884,0.349918,-0.037591,-2.768410,0.300000,0.280000,0.320000,0.100000,-1.000000,0.349918
423,0.366703,1.789432,-7.770569,0.349918,-0.037591,-2.768408,0.300000,0.280000,0.300000,0.100000,-1.000000,0.349918
424,0.366620,1.785914,-7.798253,0.349919,-0.037590,-2.768406,0.300000,0.280000,0.300000,0.100000,-1.000000,0.349919
425,0.366440,1.782399,-7.825937,0.349919,-0.037590,-2.768403,0.300000,0.280000,0.300000,0.100000,-1.000000,0.349919
426,0.366162,1.778891,-7.853621,0.349919,-0.037590,-2.768401,0.280000,0.280000,0.300000,0.100000,-1.000000,0.349919
427,0.365787,1.775391,-7.881305,0.349919,-0.037590,-2.768399,0.280000,0.280000,0.280000,0.100000,-1.000000,0.349919
428,0.365316,1.771904,-7.908989,0.349920,-0.037590,-2.768397,0.300000,0.260000,0.280000,0.100000,-1.000000,0.349920
429,0.364748,1.768430,-7.936673,0.349920,-0.037590,-2.768395,0.300000,0.260000,0.280000,0.100000,-1.000000,0.349920
430,0.364085,1.764974,-7.964357,0.349920,-0.037590,-2.768393,0.300000,0.260000,0.260000,0.100000,-1.000000,0.349920
431,0.363326,1.761538,-7.992041,0.349920,-0.037590,-2.768391,0.300000,0.260000,0.260000,0.100000,-1.000000,0.349920
432,0.362472,1.758124,-8.019724,0.349920,-0.037590,-2.768389,0.300000,0.260000,0.260000,0.100000,-1.000000,0.349920
433,0.361524,1.754734,-8.047408,0.349920,-0.037590,-2.768387,0.300000,0.260000,0.260000,0.100000,-1.000000,0.349920
434,0.360482,1.751373,-8.075092,0.349921,-0.037590,-2.768385,0.300000,0.260000,0.260000,0.100000,-1.000000,0.349921
435,0.359348,1.748041,-8.102776,0.349921,-0.037589,-2.768383,0.300000,0.260000,0.240000,0.100000,-1.000000,0.349921
436,0.358122,1.744742,-8.130460,0.349921,-0.037589,-2.768381,0.300000,0.260000,0.240000,0.100000,-1.000000,0.349921
437,0.356805,1.741478,-8.158144,0.349921,-0.037589,-2.768380,0.280000,0.260000,0.240000,0.100000,-1.000000,0.349921
438,0.355399,1.738252,-8.185827,0.349921,-0.037589,-2.768378,0.280000,0.260000,0.240000,0.100000,-1.000000,0.349921
439,0.353903,1.735067,-8.213511,0.349921,-0.037589,-2.768376,0.260000,0.260000,0.240000,0.100000,-1.000000,0.349921
440,0.352320,1.731923,-8.241195,0.349922,-0.037589,-2.768375,0.260000,0.260000,0.240000,0.100000,-1.000000,0.349922
441,0.350651,1.728825,-8.268879,0.349922,-0.037589,-2.768373,0.260000,0.260000,0.240000,0.100000,-1.000000,0.349922
442,0.348896,1.725774,-8.296562,0.349922,-0.037589,-2.768371,0.260000,0.260000,0.240000,0.100000,-1.000000,0.349922
443,0.347058,1.722773,-8.324246,0.349922,-0.037589,-2.768370,0.280000,0.260000,0.220000,0.100000,-1.000000,0.349922
444,0.345137,1.719824,-8.351930,0.349922,-0.037589,-2.768368,0.280000,0.260000,0.220000,0.100000,-1.000000,0.349922
445,0.343136,1.716929,-8.379614,0.349922,-0.037589,-2.768367,0.280000,0.260000,0.220000,0.100000,-1.000000,0.349922
446,0.341055,1.714091,-8.407297,0.349923,-0.037589,-2.768366,0.280000,0.260000,0.220000,0.100000,-1.000000,0.349923
447,0.338896,1.711312,-8.434981,0.349923,-0.037589,-2.768364,0.300000,0.260000,0.220000,0.100000,-1.000000,0.349923
448,0.336662,1.708593,-8.462665,0.349923,-0.037589,-2.768363,0.300000,0.260000,0.220000,0.100000,-1.000000,0.349923
449,0.334352,1.705937,-8.490348,0.349923,-0.037588,-2.768361,0.300000,0.260000,0.220000,0.100000,-1.000000,0.349923
450,0.331970,1.703346,-8.518032,0.349923,-0.037588,-2.768360,0.320000,0.240000,0.220000,0.100000,-1.000000,0.349923
451,0.329518,1.700822,-8.545715,0.349923,-0.037588,-2.768359,0.320000,0.240000,0.220000,0.100000,-1.000000,0.349923
452,0.326996,1.698367,-8.573399,0.349923,-0.037588,-2.768358,0.340000,0.220000,0.220000,0.100000,-1.000000,0.349923
453,0.324408,1.695983,-8.601083,0.349923,-0.037588,-2.768357,0.360000,0.220000,0.220000,0.100000,-1.000000,0.349923
454,0.321754,1.693671,-8.628766,0.349923,-0.037588,-2.768355,0.360000,0.220000,0.220000,0.100000,-1.000000,0.349923
455,0.319038,1.691433,-8.656450,0.349924,-0.037588,-2.768354,0.380000,0.240000,0.220000,0.100000,-1.000000,0.349924
456,0.316260,1.689272,-8.684133,0.349924,-0.037588,-2.768353,0.400000,0.240000,0.220000,0.100000,-1.000000,0.349924
457,0.313424,1.687188,-8.711817,0.349924,-0.037588,-2.768352,0.440000,0.240000,0.220000,0.100000,-1.000000,0.349924
458,0.310531,1.685184,-8.739500,0.349924,-0.037588,-2.768351,0.460000,0.240000,0.220000,0.100000,-1.000000,0.349924
459,0.307584,1.683260,-8.767184,0.349924,-0.037588,-2.768350,0.480000,0.240000,0.240000,0.100000,-1.000000,0.349924
460,0.304585,1.681419,-8.794867,0.349924,-0.037588,-2.768349,0.480000,0.260000,0.240000,0.100000,-1.000000,0.349924
461,0.301536,1.679661,-8.822551,0.349924,-0.037588,-2.768348,0.460000,0.260000,0.220000,0.100000,-1.000000,0.349924
462,0.298439,1.677989,-8.850234,0.349924,-0.037588,-2.768347,0.460000,0.280000,0.200000,0.100000,-1.000000,0.349924
463,0.295298,1.676403,-8.877918,0.349924,-0.037588,-2.768346,0.520000,0.280000,0.200000,0.100000,-1.000000,0.349924
464,0.292113,1.674904,-8.905601,0.349924,-0.037588,-2.768345,0.600000,0.300000,0.200000,0.100000,-1.000000,0.349924
465,0.288889,1.673494,-8.933285,0.349925,-0.037588,-2.768344,0.700000,0.300000,0.200000,0.100000,-1.000000,0.349925
466,0.285626,1.672174,-8.960968,0.349925,-0.037588,-2.768343,0.860000,0.320000,0.200000,0.100000,-1.000000,0.349925
467,0.282328,1.670945,-8.988651,0.349925,-0.037588,-2.768342,1.000000,0.340000,0.200000,0.100000,-1.000000,0.349925
468,0.278998,1.669807,-9.016335,0.349925,-0.037588,-2.768341,1.000000,0.360000,0.200000,0.100000,-1.000000,0.349925
469,0.275637,1.668762,-9.044018,0.349925,-0.037588,-2.768341,1.000000,0.380000,0.220000,0.100000,-1.000000,0.349925
470,0.272249,1.667811,-9.071702,0.349925,-0.037587,-2.768340,1.000000,0.400000,0.220000,0.100000,-1.000000,0.349925
471,0.268836,1.666954,-9.099385,0.349925,-0.037587,-2.768339,1.000000,0.420000,0.220000,0.100000,-1.000000,0.349925
472,0.265400,1.666191,-9.127069,0.349925,-0.037587,-2.768338,1.000000,0.440000,0.240000,0.100000,-1.000000,0.349925
473,0.261944,1.665524,-9.154752,0.349925,-0.037587,-2.768337,1.000000,0.440000,0.240000,0.100000,-1.000000,0.349925
474,0.258471,1.664953,-9.182435,0.349925,-0.037587,-2.768337,1.000000,0.420000,0.240000,0.100000,-1.000000,0.349925
475,0.254984,1.664478,-9.210119,0.349925,-0.037587,-2.768336,1.000000,0.440000,0.260000,0.100000,-1.000000,0.349925
476,0.251485,1.664100,-9.237802,0.349925,-0.037587,-2.768335,1.000000,0.500000,0.260000,0.100000,-1.000000,0.349925
477,0.247977,1.663819,-9.265485,0.349926,-0.037587,-2.768334,1.000000,0.580000,0.280000,0.100000,-1.000000,0.349926
478,0.244463,1.663635,-9.293169,0.349926,-0.037587,-2.768334,1.000000,0.700000,0.300000,0.100000,-1.000000,0.349926
479,0.240944,1.663548,-9.320852,0.349926,-0.037587,-2.768333,1.000000,0.880000,0.300000,0.100000,-1.000000,0.349926
480,0.237425,1.663559,-9.348535,0.349926,-0.037587,-2.768333,1.000000,1.000000,0.320000,0.100000,-1.000000,0.349926
481,0.233907,1.663667,-9.376219,0.349926,-0.037587,-2.768332,0.920000,1.000000,0.340000,0.100000,-1.000000,0.349926
482,0.230394,1.663873,-9.403902,0.349926,-0.037587,-2.768331,0.840000,1.000000,0.380000,0.100000,-1.000000,0.349926
483,0.226887,1.664176,-9.431585,0.349926,-0.037587,-2.768331,0.780000,1.000000,0.400000,0.100000,-1.000000,0.349926
484,0.223391,1.664575,-9.459269,0.349926,-0.037587,-2.768330,0.720000,1.000000,0.400000,0.100000,-1.000000,0.349926
485,0.219907,1.665072,-9.486952,0.349926,-0.037587,-2.768329,0.680000,1.000000,0.400000,0.100000,-1.000000,0.349926
486,0.216437,1.665664,-9.514635,0.349926,-0.037587,-2.768329,0.640000,1.000000,0.400000,0.100000,-1.000000,0.349926
487,0.212986,1.666353,-9.542319,0.349926,-0.037587,-2.768328,0.600000,1.000000,0.420000,0.100000,-1.000000,0.349926
488,0.209555,1.667136,-9.570002,0.349926,-0.037587,-2.768328,0.580000,1.000000,0.480000,0.100000,-1.000000,0.349926
489,0.206147,1.668014,-9.597685,0.349926,-0.037587,-2.768327,0.540000,1.000000,0.540000,0.100000,-1.000000,0.349926
490,0.202765,1.668987,-9.625368,0.349926,-0.037587,-2.768327,0.520000,1.000000,0.660000,0.100000,-1.000000,0.349926
491,0.199410,1.670052,-9.653052,0.349926,-0.037587,-2.768326,0.500000,1.000000,0.800000,0.100000,-1.000000,0.349926
492,0.196087,1.671210,-9.680735,0.349926,-0.037587,-2.768326,0.480000,1.000000,1.000000,0.100000,-1.000000,0.349926
493,0.192797,1.672460,-9.708418,0.349926,-0.037587,-2.768325,0.460000,0.940000,1.000000,0.100000,-1.000000,0.349926
494,0.189543,1.673800,-9.736101,0.349926,-0.037587,-2.768325,0.440000,0.860000,1.000000,0.100000,-1.000000,0.349926
495,0.186327,1.675230,-9.763785,0.349926,-0.037587,-2.768324,0.420000,0.800000,1.000000,0.100000,-1.000000,0.349926
496,0.183151,1.676748,-9.791468,0.349927,-0.037587,-2.768324,0.400000,0.740000,1.000000,0.100000,-1.000000,0.349927
497,0.180020,1.678353,-9.819151,0.349927,-0.037587,-2.768323,0.400000,0.680000,1.000000,0.100000,-1.000000,0.349927
498,0.176933,1.680045,-9.846834,0.349927,-0.037587,-2.768323,0.380000,0.640000,1.000000,0.100000,-1.000000,0.349927
499,0.173895,1.681821,-9.874518,0.349927,-0.037587,-2.768323,0.360000,0.600000,1.000000,0.100000,-1.000000,0.349927
500,0.170907,1.683681,-9.902201,0.349927,-0.037587,-2.768322,0.360000,0.560000,1.000000,0.100000,-1.000000,0.349927
501,0.167972,1.685623,-9.929884,0.349927,-0.037587,-2.768322,0.340000,0.520000,1.000000,0.100000,-1.000000,0.349927
502,0.165092,1.687645,-9.957567,0.349927,-0.037587,-2.768321,0.340000,0.500000,1.000000,0.100000,-1.000000,0.349927
503,0.162268,1.689746,-9.985250,0.349927,-0.037587,-2.768321,0.320000,0.480000,1.000000,0.100000,-1.000000,0.349927
504,0.159504,1.691925,-10.012934,0.349927,-0.037587,-2.768321,0.320000,0.460000,1.000000,0.100000,-1.000000,0.349927
505,0.156801,1.694179,-10.040617,0.349927,-0.037587,-2.768320,0.300000,0.440000,0.940000,0.100000,-1.000000,0.349927
506,0.154162,1.696507,-10.068300,0.349927,-0.037587,-2.768320,0.300000,0.420000,0.840000,0.100000,-1.000000,0.349927
507,0.151588,1.698907,-10.095983,0.349927,-0.037587,-2.768320,0.300000,0.400000,0.780000,0.100000,-1.000000,0.349927
508,0.149082,1.701378,-10.123666,0.349927,-0.037587,-2.768319,0.280000,0.380000,0.700000,0.100000,-1.000000,0.349927
509,0.146645,1.703917,-10.151350,0.349927,-0.037587,-2.768319,0.280000,0.360000,0.660000,0.100000,-1.000000,0.349927
510,0.144279,1.706522,-10.179033,0.349927,-0.037587,-2.768319,0.280000,0.360000,0.600000,0.100000,-1.000000,0.349927
511,0.141986,1.709192,-10.206716,0.349927,-0.037586,-2.768318,0.260000,0.340000,0.560000,0.100000,-1.000000,0.349927
512,0.139768,1.711925,-10.234399,0.349927,-0.037586,-2.768318,0.260000,0.320000,0.520000,0.100000,-1.000000,0.349927
513,0.137626,1.714718,-10.262082,0.349927,-0.037586,-2.768318,0.260000,0.320000,0.500000,0.100000,-1.000000,0.349927
514,0.135563,1.717569,-10.289766,0.349927,-0.037586,-2.768317,0.260000,0.300000,0.460000,0.100000,-1.000000,0.349927
515,0.133579,1.720476,-10.317449,0.349927,-0.037586,-2.768317,0.240000,0.300000,0.440000,0.100000,-1.000000,0.349927
516,0.131677,1.723437,-10.345132,0.349927,-0.037586,-2.768317,0.240000,0.280000,0.420000,0.100000,-1.000000,0.349927
517,0.129857,1.726449,-10.372815,0.349927,-0.037586,-2.768316,0.240000,0.280000,0.400000,0.100000,-1.000000,0.349927
518,0.128121,1.729511,-10.400498,0.349927,-0.037586,-2.768316,0.240000,0.280000,0.380000,0.100000,-1.000000,0.349927
519,0.126471,1.732619,-10.428181,0.349927,-0.037586,-2.768316,0.220000,0.260000,0.360000,0.100000,-1.000000,0.349927
520,0.124907,1.735772,-10.455865,0.349927,-0.037586,-2.768316,0.220000,0.260000,0.340000,0.100000,-1.000000,0.349927
521,0.123431,1.738967,-10.483548,0.349927,-0.037586,-2.768315,0.220000,0.240000,0.340000,0.100000,-1.000000,0.349927
522,0.122045,1.742202,-10.511231,0.349927,-0.037586,-2.768315,0.220000,0.240000,0.320000,0.100000,-1.000000,0.349927
523,0.120748,1.745474,-10.538914,0.349927,-0.037586,-2.768315,0.220000,0.240000,0.300000,0.100000,-1.000000,0.349927
524,0.119542,1.748780,-10.566597,0.349927,-0.037586,-2.768315,0.220000,0.240000,0.300000,0.100000,-1.000000,0.349927
525,0.118429,1.752119,-10.594280,0.349927,-0.037586,-2.768314,0.200000,0.220000,0.280000,0.100000,-1.000000,0.349927
526,0.117408,1.755487,-10.621963,0.349927,-0.037586,-2.768314,0.200000,0.220000,0.280000,0.100000,-1.000000,0.349927
527,0.116480,1.758882,-10.649647,0.349927,-0.037586,-2.768314,0.200000,0.220000,0.260000,0.100000,-1.000000,0.349927
528,0.115648,1.762301,-10.677330,0.349927,-0.037586,-2.768314,0.200000,0.220000,0.260000,0.100000,-1.000000,0.349927
529,0.114910,1.765742,-10.705013,0.349928,-0.037586,-2.768314,0.200000,0.200000,0.240000,0.100000,-1.000000,0.349928
530,0.114267,1.769203,-10.732696,0.349928,-0.037586,-2.768313,0.200000,0.200000,0.240000,0.100000,-1.000000,0.349928
531,0.113721,1.772679,-10.760379,0.349928,-0.037586,-2.768313,0.200000,0.200000,0.220000,0.100000,-1.000000,0.349928
532,0.113271,1.776170,-10.788062,0.349928,-0.037586,-2.768313,0.200000,0.200000,0.220000,0.100000,-1.000000,0.349928
533,0.112918,1.779671,-10.815745,0.349928,-0.037586,-2.768313,0.180000,0.180000,0.220000,0.100000,-1.000000,0.349928
534,0.112662,1.783182,-10.843429,0.349928,-0.037586,-2.768313,0.160000,0.180000,0.200000,0.100000,-1.000000,0.349928
535,0.112503,1.786697,-10.871112,0.349928,-0.037586,-2.768312,0.140000,0.180000,0.200000,0.100000,-1.000000,0.349928
536,0.112441,1.790216,-10.898795,0.349928,-0.037586,-2.768312,0.140000,0.180000,0.200000,0.100000,-1.000000,0.349928
537,0.112477,1.793735,-10.926478,0.349928,-0.037586,-2.768312,0.140000,0.180000,0.200000,0.100000,-1.000000,0.349928
538,0.112611,1.797252,-10.954161,0.349928,-0.037586,-2.768312,0.140000,0.180000,0.180000,0.100000,-1.000000,0.349928
539,0.112841,1.800764,-10.981844,0.349928,-0.037586,-2.768312,0.140000,0.160000,0.180000,0.100000,-1.000000,0.349928
540,0.113169,1.804268,-11.009527,0.349928,-0.037586,-2.768312,0.140000,0.160000,0.180000,0.100000,-1.000000,0.349928
541,0.113594,1.807762,-11.037210,0.349928,-0.037586,-2.768311,0.140000,0.160000,0.180000,0.100000,-1.000000,0.349928
542,0.114115,1.811243,-11.064894,0.349928,-0.037586,-2.768311,0.140000,0.160000,0.160000,0.100000,-1.000000,0.349928
543,0.114732,1.814707,-11.092577,0.349928,-0.037586,-2.768311,0.120000,0.160000,0.160000,0.100000,-1.000000,0.349928
544,0.115445,1.818154,-11.120260,0.349928,-0.037586,-2.768311,0.120000,0.160000,0.160000,0.100000,-1.000000,0.349928
545,0.116254,1.821579,-11.147943,0.349928,-0.037586,-2.768311,0.120000,0.160000,0.160000,0.100000,-1.000000,0.349928
546,0.117156,1.824981,-11.175626,0.349928,-0.037586,-2.768311,0.120000,0.160000,0.160000,0.100000,-1.000000,0.349928
547,0.118153,1.828356,-11.203309,0.349928,-0.037586,-2.768310,0.120000,0.140000,0.140000,0.100000,-1.000000,0.349928
548,0.119242,1.831703,-11.230992,0.349928,-0.037586,-2.768310,0.120000,0.120000,0.140000,0.100000,-1.000000,0.349928
549,0.120424,1.835018,-11.258675,0.349928,-0.037586,-2.768310,0.120000,0.100000,0.140000,0.100000,-1.000000,0.349928
550,0.121697,1.838299,-11.286358,0.349928,-0.037586,-2.768310,0.120000,0.100000,0.140000,0.100000,-1.000000,0.349928
551,0.123060,1.841544,-11.314041,0.349928,-0.037586,-2.768310,0.120000,0.100000,0.140000,0.100000,-1.000000,0.349928
552,0.124513,1.844749,-11.341725,0.349928,-0.037586,-2.768310,0.120000,0.100000,0.140000,0.100000,-1.000000,0.349928
553,0.126054,1.847913,-11.369408,0.349928,-0.037586,-2.768310,0.120000,0.100000,0.140000,0.100000,-1.000000,0.349928
554,0.127681,1.851034,-11.397091,0.349928,-0.037586,-2.768310,0.120000,0.100000,0.120000,0.100000,-1.000000,0.349928
555,0.129395,1.854108,-11.424774,0.349928,-0.037586,-2.768309,0.120000,0.100000,0.120000,0.100000,-1.000000,0.349928
556,0.131193,1.857133,-11.452457,0.349928,-0.037586,-2.768309,0.120000,0.100000,0.120000,0.100000,-1.000000,0.349928
557,0.133074,1.860108,-11.480140,0.349928,-0.037586,-2.768309,0.120000,0.100000,0.120000,0.100000,-1.000000,0.349928
558,0.135036,1.863029,-11.507823,0.349928,-0.037586,-2.768309,0.120000,0.080000,0.080000,0.100000,-1.000000,0.349928
559,0.137079,1.865895,-11.535506,0.349928,-0.037586,-2.768309,0.120000,0.080000,0.080000,0.100000,-1.000000,0.349928
560,0.139201,1.868703,-11.563189,0.349928,-0.037586,-2.768309,0.120000,0.080000,0.080000,0.100000,-1.000000,0.349928
561,0.141399,1.871452,-11.590872,0.349928,-0.037586,-2.768309,0.120000,0.080000,0.080000,0.100000,-1.000000,0.349928
562,0.143672,1.874139,-11.618555,0.349928,-0.037586,-2.768309,0.120000,0.080000,0.080000,0.100000,-1.000000,0.349928
563,0.146019,1.876761,-11.646239,0.349928,-0.037586,-2.768309,0.120000,0.080000,0.080000,0.100000,-1.000000,0.349928
564,0.148438,1.879318,-11.673922,0.349928,-0.037586,-2.768309,0.120000,0.080000,0.060000,0.100000,-1.000000,0.349928
565,0.150926,1.881806,-11.701605,0.349928,-0.037586,-2.768308,0.120000,0.080000,0.060000,0.100000,-1.000000,0.349928
566,0.153483,1.884225,-11.729288,0.349928,-0.037586,-2.768308,0.120000,0.080000,0.060000,0.100000,-1.000000,0.349928
567,0.156105,1.886573,-11.756971,0.349928,-0.037586,-2.768308,0.120000,0.080000,0.060000,0.100000,-1.000000,0.349928
568,0.158791,1.888846,-11.784654,0.349928,-0.037586,-2.768308,0.120000,0.080000,0.060000,0.100000,-1.000000,0.349928
569,0.161540,1.891045,-11.812337,0.349928,-0.037586,-2.768308,0.120000,0.080000,0.060000,0.100000,-1.000000,0.349928
570,0.164348,1.893166,-11.840020,0.349928,-0.037586,-2.768308,0.140000,0.080000,0.060000,0.100000,-1.000000,0.349928
571,0.167213,1.895209,-11.867703,0.349928,-0.037586,-2.768308,0.140000,0.080000,0.060000,0.100000,-1.000000,0.349928
572,0.170135,1.897172,-11.895386,0.349928,-0.037586,-2.768308,0.140000,0.080000,0.060000,0.100000,-1.000000,0.349928
573,0.173109,1.899054,-11.923069,0.349928,-0.037586,-2.768308,0.160000,0.080000,0.060000,0.100000,-1.000000,0.349928
574,0.176134,1.900852,-11.950752,0.349928,-0.037586,-2.768308,0.160000,0.080000,0.060000,0.100000,-1.000000,0.349928
575,0.179208,1.902566,-11.978436,0.349928,-0.037586,-2.768308,0.180000,0.080000,0.060000,0.100000,-1.000000,0.349928
576,0.182328,1.904194,-12.006119,0.349928,-0.037586,-2.768308,0.180000,0.080000,0.060000,0.100000,-1.000000,0.349928
577,0.185492,1.905735,-12.033802,0.349928,-0.037586,-2.768307,0.200000,0.080000,0.060000,0.100000,-1.000000,0.349928
578,0.188698,1.907188,-12.061485,0.349928,-0.037586,-2.768307,0.240000,0.080000,0.060000,0.100000,-1.000000,0.349928
579,0.191942,1.908552,-12.089168,0.349928,-0.037586,-2.768307,0.260000,0.080000,0.060000,0.100000,-1.000000,0.349928
580,0.195223,1.909825,-12.116851,0.349928,-0.037586,-2.768307,0.340000,0.080000,0.060000,0.100000,-1.000000,0.349928
581,0.198538,1.911007,-12.144534,0.349928,-0.037586,-2.768307,0.440000,0.080000,0.060000,0.100000,-1.000000,0.349928
582,0.201885,1.912097,-12.172217,0.349928,-0.037586,-2.768307,0.480000,0.080000,0.060000,0.100000,-1.000000,0.349928
583,0.205260,1.913094,-12.199900,0.349928,-0.037586,-2.768307,0.480000,0.100000,0.060000,0.100000,-1.000000,0.349928
584,0.208662,1.913997,-12.227583,0.349928,-0.037586,-2.768307,0.480000,0.100000,0.060000,0.100000,-1.000000,0.349928
585,0.212087,1.914805,-12.255266,0.349928,-0.037586,-2.768307,0.640000,0.100000,0.060000,0.100000,-1.000000,0.349928
586,0.215533,1.915518,-12.282949,0.349928,-0.037586,-2.768307,0.640000,0.100000,0.060000,0.100000,-1.000000,0.349928
587,0.218998,1.916136,-12.310632,0.349928,-0.037586,-2.768307,0.720000,0.120000,0.060000,0.100000,-1.000000,0.349928
588,0.222479,1.916658,-12.338315,0.349928,-0.037586,-2.768307,0.720000,0.120000,0.060000,0.100000,-1.000000,0.349928
589,0.225972,1.917083,-12.365999,0.349928,-0.037586,-2.768307,0.800000,0.140000,0.060000,0.100000,-1.000000,0.349928
590,0.229476,1.917411,-12.393682,0.349928,-0.037586,-2.768307,0.880000,0.160000,0.060000,0.100000,-1.000000,0.349928
591,0.232988,1.917642,-12.421365,0.349928,-0.037586,-2.768307,0.960000,0.180000,0.060000,0.100000,-1.000000,0.349928
592,0.236505,1.917775,-12.449048,0.349928,-0.037586,-2.768307,1.000000,0.240000,0.060000,0.100000,-1.000000,0.349928
593,0.240024,1.917812,-12.476731,0.349928,-0.037586,-2.768307,1.000000,0.300000,0.080000,0.100000,-1.000000,0.349928
594,0.243543,1.917751,-12.504414,0.349928,-0.037586,-2.768306,1.000000,0.420000,0.080000,0.100000,-1.000000,0.349928
595,0.247059,1.917592,-12.532097,0.349928,-0.037586,-2.768306,1.000000,0.460000,0.080000,0.100000,-1.000000,0.349928
596,0.250569,1.917337,-12.559780,0.349928,-0.037586,-2.768306,1.000000,0.440000,0.080000,0.100000,-1.000000,0.349928
597,0.254071,1.916984,-12.587463,0.349928,-0.037586,-2.768306,1.000000,0.440000,0.100000,0.100000,-1.000000,0.349928
598,0.257561,1.916534,-12.615146,0.349928,-0.037586,-2.768306,1.000000,0.600000,0.100000,0.100000,-1.000000,0.349928
599,0.261038,1.915988,-12.642829,0.349928,-0.037586,-2.768306,1.000000,0.600000,0.120000,0.100000,-1.000000,0.349928
600,0.264498,1.915346,-12.670512,0.349928,-0.037586,-2.768306,1.000000,0.680000,0.120000,0.100000,-1.000000,0.349928
601,0.267940,1.914608,-12.698195,0.349928,-0.037586,-2.768306,1.000000,0.680000,0.140000,0.100000,-1.000000,0.349928
602,0.271359,1.913776,-12.725878,0.349928,-0.037586,-2.768306,1.000000,0.760000,0.160000,0.100000,-1.000000,0.349928
603,0.274754,1.912849,-12.753561,0.349928,-0.037586,-2.768306,1.000000,0.840000,0.200000,0.100000,-1.000000,0.349928
604,0.278123,1.911829,-12.781245,0.349928,-0.037586,-2.768306,1.000000,0.920000,0.240000,0.100000,-1.000000,0.349928
605,0.281461,1.910715,-12.808928,0.349928,-0.037586,-2.768306,1.000000,1.000000,0.300000,0.100000,-1.000000,0.349928
606,0.284768,1.909510,-12.836611,0.349928,-0.037586,-2.768306,1.000000,1.000000,0.420000,0.100000,-1.000000,0.349928
607,0.288040,1.908213,-12.864294,0.349928,-0.037586,-2.768306,0.760000,1.000000,0.420000,0.100000,-1.000000,0.349928
608,0.291275,1.906827,-12.891977,0.349928,-0.037586,-2.768306,0.720000,1.000000,0.420000,0.100000,-1.000000,0.349928
609,0.294470,1.905352,-12.919660,0.349928,-0.037586,-2.768306,0.700000,1.000000,0.420000,0.100000,-1.000000,0.349928
610,0.297623,1.903788,-12.947343,0.349928,-0.037586,-2.768306,0.620000,1.000000,0.580000,0.100000,-1.000000,0.349928
611,0.300732,1.902138,-12.975026,0.349928,-0.037586,-2.768306,0.600000,1.000000,0.580000,0.100000,-1.000000,0.349928
612,0.303793,1.900403,-13.002709,0.349928,-0.037586,-2.768306,0.580000,1.000000,0.640000,0.100000,-1.000000,0.349928
613,0.306806,1.898583,-13.030392,0.349928,-0.037586,-2.768306,0.560000,1.000000,0.640000,0.100000,-1.000000,0.349928
614,0.309767,1.896681,-13.058075,0.349928,-0.037586,-2.768306,0.540000,1.000000,0.720000,0.100000,-1.000000,0.349928
615,0.312674,1.894698,-13.085758,0.349928,-0.037586,-2.768306,0.520000,1.000000,0.820000,0.100000,-1.000000,0.349928
616,0.315525,1.892634,-13.113441,0.349928,-0.037586,-2.768306,0.460000,1.000000,0.900000,0.100000,-1.000000,0.349928
617,0.318318,1.890493,-13.141124,0.349928,-0.037586,-2.768306,0.460000,1.000000,0.980000,0.100000,-1.000000,0.349928
618,0.321051,1.888275,-13.168807,0.349928,-0.037586,-2.768306,0.440000,1.000000,0.980000,0.100000,-1.000000,0.349928
619,0.323721,1.885983,-13.196490,0.349928,-0.037586,-2.768306,0.440000,1.000000,1.000000,0.100000,-1.000000,0.349928
620,0.326327,1.883617,-13.224173,0.349928,-0.037586,-2.768306,0.420000,0.700000,1.000000,0.100000,-1.000000,0.349928
621,0.328867,1.881180,-13.251857,0.349928,-0.037586,-2.768306,0.420000,0.680000,1.000000,0.100000,-1.000000,0.349928
622,0.331338,1.878674,-13.279540,0.349928,-0.037586,-2.768305,0.400000,0.600000,1.000000,0.100000,-1.000000,0.349928
623,0.333738,1.876101,-13.307223,0.349928,-0.037586,-2.768305,0.400000,0.580000,1.000000,0.100000,-1.000000,0.349928
624,0.336067,1.873461,-13.334906,0.349928,-0.037586,-2.768305,0.380000,0.560000,1.000000,0.100000,-1.000000,0.349928
625,0.338321,1.870759,-13.362589,0.349928,-0.037586,-2.768305,0.380000,0.540000,1.000000,0.100000,-1.000000,0.349928
626,0.340500,1.867995,-13.390272,0.349928,-0.037586,-2.768305,0.380000,0.520000,1.000000,0.100000,-1.000000,0.349928
627,0.342601,1.865172,-13.417955,0.349928,-0.037586,-2.768305,0.360000,0.500000,1.000000,0.100000,-1.000000,0.349928
628,0.344624,1.862292,-13.445638,0.349928,-0.037586,-2.768305,0.360000,0.440000,1.000000,0.100000,-1.000000,0.349928
629,0.346566,1.859357,-13.473321,0.349928,-0.037586,-2.768305,0.360000,0.420000,1.000000,0.100000,-1.000000,0.349928
630,0.348426,1.856369,-13.501004,0.349928,-0.037586,-2.768305,0.340000,0.420000,1.000000,0.100000,-1.000000,0.349928
631,0.350203,1.853331,-13.528687,0.349928,-0.037586,-2.768305,0.340000,0.400000,1.000000,0.100000,-1.000000,0.349928
632,0.351894,1.850245,-13.556370,0.349928,-0.037586,-2.768305,0.340000,0.400000,0.680000,0.100000,-1.000000,0.349928
633,0.353500,1.847113,-13.584053,0.349928,-0.037586,-2.768305,0.340000,0.380000,0.660000,0.100000,-1.000000,0.349928
634,0.355019,1.843938,-13.611736,0.349928,-0.037586,-2.768305,0.340000,0.380000,0.560000,0.100000,-1.000000,0.349928
635,0.356449,1.840722,-13.639419,0.349928,-0.037586,-2.768305,0.320000,0.360000,0.540000,0.100000,-1.000000,0.349928
636,0.357789,1.837468,-13.667102,0.349928,-0.037586,-2.768305,0.320000,0.360000,0.520000,0.100000,-1.000000,0.349928
637,0.359039,1.834178,-13.694785,0.349928,-0.037586,-2.768305,0.320000,0.360000,0.500000,0.100000,-1.000000,0.349928
638,0.360197,1.830855,-13.722468,0.349928,-0.037586,-2.768305,0.320000,0.340000,0.480000,0.100000,-1.000000,0.349928
639,0.361263,1.827501,-13.750151,0.349928,-0.037586,-2.768305,0.320000,0.340000,0.480000,0.100000,-1.000000,0.349928
640,0.362236,1.824118,-13.777835,0.349928,-0.037586,-2.768305,0.300000,0.320000,0.400000,0.100000,-1.000000,0.349928
641,0.363115,1.820710,-13.805518,0.349928,-0.037586,-2.768305,0.300000,0.320000,0.400000,0.100000,-1.000000,0.349928
642,0.363899,1.817279,-13.833201,0.349928,-0.037586,-2.768305,0.300000,0.320000,0.380000,0.100000,-1.000000,0.349928
643,0.364587,1.813828,-13.860884,0.349928,-0.037586,-2.768305,0.300000,0.320000,0.360000,0.100000,-1.000000,0.349928
644,0.365180,1.810359,-13.888567,0.349928,-0.037586,-2.768305,0.300000,0.300000,0.360000,0.100000,-1.000000,0.349928
645,0.365677,1.806875,-13.916250,0.349928,-0.037586,-2.768305,0.300000,0.300000,0.340000,0.100000,-1.000000,0.349928
646,0.366077,1.803378,-13.943933,0.349928,-0.037586,-2.768305,0.300000,0.300000,0.340000,0.100000,-1.000000,0.349928
647,0.366380,1.799872,-13.971616,0.349928,-0.037586,-2.768305,0.300000,0.300000,0.340000,0.100000,-1.000000,0.349928
648,0.366586,1.796359,-13.999299,0.349928,-0.037586,-2.768305,0.300000,0.280000,0.320000,0.100000,-1.000000,0.349928
649,0.366695,1.792841,-14.026982,0.349928,-0.037586,-2.768305,0.300000,0.280000,0.320000,0.100000,-1.000000,0.349928
650,0.366706,1.789321,-14.054665,0.349928,-0.037586,-2.768305,0.300000,0.280000,0.300000,0.100000,-1.000000,0.349928
651,0.366620,1.785803,-14.082348,0.349928,-0.037586,-2.768305,0.300000,0.280000,0.300000,0.100000,-1.000000,0.349928
652,0.366436,1.782288,-14.110031,0.349928,-0.037586,-2.768305,0.300000,0.280000,0.300000,0.100000,-1.000000,0.349928
653,0.366155,1.778780,-14.137714,0.349928,-0.037586,-2.768305,0.280000,0.280000,0.280000,0.100000,-1.000000,0.349928
654,0.365778,1.775281,-14.165397,0.349928,-0.037586,-2.768305,0.280000,0.280000,0.280000,0.100000,-1.000000,0.349928
655,0.365303,1.771794,-14.193080,0.349928,-0.037586,-2.768305,0.300000,0.260000,0.280000,0.100000,-1.000000,0.349928
656,0.364732,1.768321,-14.220763,0.349928,-0.037586,-2.768305,0.300000,0.260000,0.280000,0.100000,-1.000000,0.349928
657,0.364066,1.764865,-14.248446,0.349928,-0.037586,-2.768305,0.300000,0.260000,0.260000,0.100000,-1.000000,0.349928
658,0.363303,1.761429,-14.276129,0.349928,-0.037586,-2.768305,0.300000,0.260000,0.260000,0.100000,-1.000000,0.349928
659,0.362447,1.758016,-14.303812,0.349928,-0.037586,-2.768305,0.300000,0.260000,0.260000,0.100000,-1.000000,0.349928
660,0.361495,1.754628,-14.331496,0.349928,-0.037586,-2.768305,0.300000,0.260000,0.260000,0.100000,-1.000000,0.349928
661,0.360451,1.751267,-14.359179,0.349928,-0.037586,-2.768305,0.300000,0.260000,0.260000,0.100000,-1.000000,0.349928
662,0.359314,1.747936,-14.386862,0.349928,-0.037586,-2.768305,0.300000,0.260000,0.240000,0.100000,-1.000000,0.349928
663,0.358085,1.744638,-14.414545,0.349928,-0.037586,-2.768305,0.300000,0.260000,0.240000,0.100000,-1.000000,0.349928
664,0.356765,1.741376,-14.442228,0.349928,-0.037586,-2.768305,0.280000,0.260000,0.240000,0.100000,-1.000000,0.349928
665,0.355356,1.738151,-14.469911,0.349928,-0.037586,-2.768305,0.280000,0.260000,0.240000,0.100000,-1.000000,0.349928
666,0.353857,1.734966,-14.497594,0.349928,-0.037586,-2.768305,0.260000,0.260000,0.240000,0.100000,-1.000000,0.349928
667,0.352272,1.731824,-14.525277,0.349928,-0.037586,-2.768305,0.260000,0.260000,0.240000,0.100000,-1.000000,0.349928
668,0.350599,1.728727,-14.552960,0.349928,-0.037586,-2.768305,0.260000,0.260000,0.240000,0.100000,-1.000000,0.349928
669,0.348842,1.725678,-14.580643,0.349928,-0.037586,-2.768305,0.260000,0.260000,0.240000,0.100000,-1.000000,0.349928
670,0.347001,1.722679,-14.608326,0.349928,-0.037586,-2.768305,0.280000,0.260000,0.220000,0.100000,-1.000000,0.349928
671,0.345078,1.719731,-14.636009,0.349928,-0.037586,-2.768305,0.280000,0.260000,0.220000,0.100000,-1.000000,0.349928
672,0.343074,1.716838,-14.663692,0.349928,-0.037586,-2.768305,0.280000,0.260000,0.220000,0.100000,-1.000000,0.349928
673,0.340990,1.714002,-14.691375,0.349928,-0.037586,-2.768305,0.280000,0.260000,0.220000,0.100000,-1.000000,0.349928
674,0.338829,1.711224,-14.719058,0.349928,-0.037586,-2.768305,0.300000,0.260000,0.220000,0.100000,-1.000000,0.349928
675,0.336592,1.708507,-14.746741,0.349928,-0.037586,-2.768305,0.300000,0.260000,0.220000,0.100000,-1.000000,0.349928
676,0.334280,1.705853,-14.774424,0.349928,-0.037586,-2.768305,0.300000,0.260000,0.220000,0.100000,-1.000000,0.349928
677,0.331896,1.703265,-14.802107,0.349928,-0.037586,-2.768305,0.320000,0.240000,0.220000,0.100000,-1.000000,0.349928
678,0.329441,1.700743,-14.829790,0.349928,-0.037586,-2.768305,0.320000,0.240000,0.220000,0.100000,-1.000000,0.349928
679,0.326918,1.698290,-14.857473,0.349928,-0.037586,-2.768305,0.340000,0.220000,0.220000,0.100000,-1.000000,0.349928
680,0.324327,1.695908,-14.885156,0.349928,-0.037586,-2.768305,0.360000,0.220000,0.220000,0.100000,-1.000000,0.349928
681,0.321671,1.693598,-14.912840,0.349928,-0.037586,-2.768305,0.360000,0.220000,0.220000,0.100000,-1.000000,0.349928
682,0.318953,1.691363,-14.940523,0.349928,-0.037586,-2.768305,0.380000,0.240000,0.220000,0.100000,-1.000000,0.349928
683,0.316173,1.689204,-14.968206,0.349928,-0.037586,-2.768305,0.400000,0.240000,0.220000,0.100000,-1.000000,0.349928
684,0.313335,1.687123,-14.995889,0.349928,-0.037586,-2.768305,0.440000,0.240000,0.220000,0.100000,-1.000000,0.349928
685,0.310441,1.685121,-15.023572,0.349928,-0.037586,-2.768305,0.460000,0.240000,0.220000,0.100000,-1.000000,0.349928
686,0.307492,1.683200,-15.051255,0.349928,-0.037586,-2.768305,0.480000,0.260000,0.240000,0.100000,-1.000000,0.349928
687,0.304491,1.681361,-15.078938,0.349928,-0.037586,-2.768305,0.480000,0.260000,0.240000,0.100000,-1.000000,0.349928
688,0.301440,1.679606,-15.106621,0.349928,-0.037586,-2.768305,0.460000,0.260000,0.220000,0.100000,-1.000000,0.349928
689,0.298342,1.677936,-15.134304,0.349928,-0.037586,-2.768305,0.460000,0.280000,0.200000,0.100000,-1.000000,0.349928
690,0.295199,1.676353,-15.161987,0.349928,-0.037586,-2.768305,0.520000,0.280000,0.200000,0.100000,-1.000000,0.349928
691,0.292013,1.674857,-15.189670,0.349928,-0.037586,-2.768305,0.600000,0.300000,0.200000,0.100000,-1.000000,0.349928
692,0.288787,1.673450,-15.217353,0.349928,-0.037586,-2.768305,0.720000,0.300000,0.200000,0.100000,-1.000000,0.349928
693,0.285524,1.672133,-15.245036,0.349928,-0.037586,-2.768305,0.860000,0.320000,0.200000,0.100000,-1.000000,0.349928
694,0.282225,1.670906,-15.272719,0.349928,-0.037586,-2.768305,1.000000,0.340000,0.200000,0.100000,-1.000000,0.349928
695,0.278894,1.669772,-15.300402,0.349928,-0.037586,-2.768305,1.000000,0.360000,0.200000,0.100000,-1.000000,0.349928
696,0.275532,1.668730,-15.328085,0.349928,-0.037586,-2.768305,1.000000,0.380000,0.220000,0.100000,-1.000000,0.349928
697,0.272143,1.667781,-15.355768,0.349928,-0.037586,-2.768305,1.000000,0.400000,0.220000,0.100000,-1.000000,0.349928
698,0.268729,1.666927,-15.383451,0.349928,-0.037586,-2.768305,1.000000,0.420000,0.220000,0.100000,-1.000000,0.349928
699,0.265292,1.666168,-15.411134,0.349928,-0.037586,-2.768305,1.000000,0.440000,0.240000,0.100000,-1.000000,0.349928
700,0.261836,1.665504,-15.438817,0.349928,-0.037586,-2.768305,1.000000,0.440000,0.240000,0.100000,-1.000000,0.349928
701,0.258363,1.664935,-15.466500,0.349928,-0.037586,-2.768305,1.000000,0.420000,0.240000,0.100000,-1.000000,0.349928
702,0.254875,1.664464,-15.494183,0.349928,-0.037586,-2.768305,1.000000,0.440000,0.260000,0.100000,-1.000000,0.349928
703,0.251376,1.664088,-15.521867,0.349928,-0.037586,-2.768305,1.000000,0.500000,0.260000,0.100000,-1.000000,0.349928
704,0.247867,1.663810,-15.549550,0.349928,-0.037586,-2.768305,1.000000,0.580000,0.280000,0.100000,-1.000000,0.349928
705,0.244352,1.663630,-15.577233,0.349928,-0.037586,-2.768305,1.000000,0.700000,0.300000,0.100000,-1.000000,0.349928
706,0.240834,1.663546,-15.604916,0.349928,-0.037586,-2.768305,1.000000,0.900000,0.300000,0.100000,-1.000000,0.349928
707,0.237315,1.663560,-15.632599,0.349928,-0.037586,-2.768305,1.000000,1.000000,0.320000,0.100000,-1.000000,0.349928
708,0.233797,1.663671,-15.660282,0.349928,-0.037586,-2.768305,0.920000,1.000000,0.340000,0.100000,-1.000000,0.349928
709,0.230284,1.663880,-15.687965,0.349928,-0.037586,-2.768305,0.840000,1.000000,0.380000,0.100000,-1.000000,0.349928
710,0.226778,1.664186,-15.715648,0.349928,-0.037586,-2.768305,0.780000,1.000000,0.400000,0.100000,-1.000000,0.349928
711,0.223281,1.664588,-15.743331,0.349928,-0.037586,-2.768305,0.720000,1.000000,0.400000,0.100000,-1.000000,0.349928
712,0.219798,1.665088,-15.771014,0.349928,-0.037586,-2.768305,0.680000,1.000000,0.400000,0.100000,-1.000000,0.349928
713,0.216329,1.665683,-15.798697,0.349928,-0.037586,-2.768305,0.640000,1.000000,0.400000,0.100000,-1.000000,0.349928
714,0.212878,1.666375,-15.826380,0.349928,-0.037586,-2.768305,0.600000,1.000000,0.420000,0.100000,-1.000000,0.349928
715,0.209448,1.667161,-15.854063,0.349928,-0.037586,-2.768305,0.580000,1.000000,0.480000,0.100000,-1.000000,0.349928
716,0.206040,1.668043,-15.881746,0.349928,-0.037586,-2.768305,0.540000,1.000000,0.560000,0.100000,-1.000000,0.349928
717,0.202659,1.669018,-15.909429,0.349928,-0.037586,-2.768305,0.520000,1.000000,0.660000,0.100000,-1.000000,0.349928
718,0.199306,1.670086,-15.937112,0.349928,-0.037586,-2.768305,0.500000,1.000000,0.820000,0.100000,-1.000000,0.349928
719,0.195983,1.671247,-15.964795,0.349928,-0.037586,-2.768305,0.480000,1.000000,1.000000,0.100000,-1.000000,0.349928
720,0.192694,1.672500,-15.992478,0.349928,-0.037586,-2.768305,0.460000,0.940000,1.000000,0.100000,-1.000000,0.349928
721,0.189441,1.673843,-16.020161,0.349928,-0.037586,-2.768305,0.440000,0.860000,1.000000,0.100000,-1.000000,0.349928
722,0.186226,1.675275,-16.047844,0.349928,-0.037586,-2.768305,0.420000,0.780000,1.000000,0.100000,-1.000000,0.349928
723,0.183052,1.676796,-16.075527,0.349928,-0.037586,-2.768305,0.400000,0.720000,1.000000,0.100000,-1.000000,0.349928
724,0.179922,1.678404,-16.103210,0.349928,-0.037586,-2.768305,0.380000,0.680000,1.000000,0.100000,-1.000000,0.349928
725,0.176837,1.680099,-16.130894,0.349928,-0.037586,-2.768305,0.380000,0.640000,1.000000,0.100000,-1.000000,0.349928
726,0.173801,1.681878,-16.158577,0.349928,-0.037586,-2.768305,0.360000,0.600000,1.000000,0.100000,-1.000000,0.349928
727,0.170814,1.683740,-16.186260,0.349928,-0.037586,-2.768305,0.360000,0.560000,1.000000,0.100000,-1.000000,0.349928
728,0.167881,1.685684,-16.213943,0.349928,-0.037586,-2.768304,0.340000,0.520000,1.000000,0.100000,-1.000000,0.349928
729,0.165002,1.687709,-16.241626,0.349928,-0.037586,-2.768304,0.340000,0.500000,1.000000,0.100000,-1.000000,0.349928
730,0.162180,1.689813,-16.269309,0.349928,-0.037586,-2.768304,0.320000,0.480000,1.000000,0.100000,-1.000000,0.349928
731,0.159418,1.691993,-16.296992,0.349928,-0.037586,-2.768304,0.320000,0.460000,1.000000,0.100000,-1.000000,0.349928
732,0.156717,1.694250,-16.324675,0.349928,-0.037586,-2.768304,0.300000,0.440000,0.940000,0.100000,-1.000000,0.349928
733,0.154080,1.696580,-16.352358,0.349928,-0.037586,-2.768304,0.300000,0.420000,0.840000,0.100000,-1.000000,0.349928
734,0.151508,1.698983,-16.380041,0.349928,-0.037586,-2.768304,0.300000,0.400000,0.760000,0.100000,-1.000000,0.349928
735,0.149004,1.701456,-16.407724,0.349928,-0.037586,-2.768304,0.280000,0.380000,0.700000,0.100000,-1.000000,0.349928
736,0.146569,1.703997,-16.435407,0.349928,-0.037586,-2.768304,0.280000,0.360000,0.660000,0.100000,-1.000000,0.349928
737,0.144206,1.706605,-16.463090,0.349928,-0.037586,-2.768304,0.280000,0.360000,0.600000,0.100000,-1.000000,0.349928
738,0.141915,1.709277,-16.490773,0.349928,-0.037586,-2.768304,0.260000,0.340000,0.560000,0.100000,-1.000000,0.349928
739,0.139699,1.712011,-16.518456,0.349928,-0.037586,-2.768304,0.260000,0.320000,0.520000,0.100000,-1.000000,0.349928
740,0.137560,1.714806,-16.546139,0.349928,-0.037586,-2.768304,0.260000,0.320000,0.500000,0.100000,-1.000000,0.349928
741,0.135499,1.717659,-16.573822,0.349928,-0.037586,-2.768304,0.260000,0.300000,0.460000,0.100000,-1.000000,0.349928
742,0.133518,1.720567,-16.601505,0.349928,-0.037586,-2.768304,0.240000,0.300000,0.440000,0.100000,-1.000000,0.349928
743,0.131618,1.723530,-16.629188,0.349928,-0.037586,-2.768304,0.240000,0.280000,0.420000,0.100000,-1.000000,0.349928
744,0.129801,1.726544,-16.656871,0.349928,-0.037586,-2.768304,0.240000,0.280000,0.400000,0.100000,-1.000000,0.349928
745,0.128068,1.729607,-16.684554,0.349928,-0.037586,-2.768304,0.240000,0.280000,0.380000,0.100000,-1.000000,0.349928
746,0.126420,1.732717,-16.712237,0.349928,-0.037586,-2.768304,0.220000,0.260000,0.360000,0.100000,-1.000000,0.349928
747,0.124859,1.735871,-16.739921,0.349928,-0.037586,-2.768304,0.220000,0.260000,0.340000,0.100000,-1.000000,0.349928
748,0.123386,1.739068,-16.767604,0.349928,-0.037586,-2.768304,0.220000,0.240000,0.340000,0.100000,-1.000000,0.349928
749,0.122002,1.742303,-16.795287,0.349928,-0.037586,-2.768304,0.220000,0.240000,0.320000,0.100000,-1.000000,0.349928
750,0.120708,1.745576,-16.822970,0.349928,-0.037586,-2.768304,0.220000,0.240000,0.300000,0.100000,-1.000000,0.349928
751,0.119506,1.748884,-16.850653,0.349928,-0.037586,-2.768304,0.220000,0.240000,0.300000,0.100000,-1.000000,0.349928
752,0.118395,1.752223,-16.878336,0.349928,-0.037586,-2.768304,0.200000,0.220000,0.280000,0.100000,-1.000000,0.349928
753,0.117377,1.755592,-16.906019,0.349928,-0.037586,-2.768304,0.200000,0.220000,0.280000,0.100000,-1.000000,0.349928
754,0.116453,1.758988,-16.933702,0.349928,-0.037586,-2.768304,0.200000,0.220000,0.260000,0.100000,-1.000000,0.349928
755,0.115623,1.762408,-16.961385,0.349928,-0.037586,-2.768304,0.200000,0.220000,0.260000,0.100000,-1.000000,0.349928
756,0.114888,1.765850,-16.989068,0.349928,-0.037586,-2.768304,0.200000,0.200000,0.240000,0.100000,-1.000000,0.349928
757,0.114248,1.769311,-17.016751,0.349928,-0.037586,-2.768304,0.200000,0.200000,0.240000,0.100000,-1.000000,0.349928
758,0.113705,1.772788,-17.044434,0.349928,-0.037586,-2.768304,0.200000,0.200000,0.220000,0.100000,-1.000000,0.349928
759,0.113258,1.776279,-17.072117,0.349928,-0.037586,-2.768304,0.200000,0.200000,0.220000,0.100000,-1.000000,0.349928
760,0.112908,1.779781,-17.099800,0.349928,-0.037586,-2.768304,0.180000,0.180000,0.220000,0.100000,-1.000000,0.349928
761,0.112655,1.783291,-17.127483,0.349928,-0.037586,-2.768304,0.160000,0.180000,0.200000,0.100000,-1.000000,0.349928
762,0.112499,1.786807,-17.155166,0.349928,-0.037586,-2.768304,0.140000,0.180000,0.200000,0.100000,-1.000000,0.349928
763,0.112441,1.790326,-17.182849,0.349928,-0.037586,-2.768304,0.140000,0.180000,0.200000,0.100000,-1.000000,0.349928
764,0.112480,1.793846,-17.210532,0.349928,-0.037586,-2.768304,0.140000,0.180000,0.200000,0.100000,-1.000000,0.349928
765,0.112616,1.797362,-17.238215,0.349928,-0.037586,-2.768304,0.140000,0.180000,0.180000,0.100000,-1.000000,0.349928
766,0.112850,1.800874,-17.265898,0.349928,-0.037586,-2.768304,0.140000,0.160000,0.180000,0.100000,-1.000000,0.349928
767,0.113181,1.804378,-17.293581,0.349928,-0.037586,-2.768304,0.140000,0.160000,0.180000,0.100000,-1.000000,0.349928
768,0.113608,1.807871,-17.321264,0.349928,-0.037586,-2.768304,0.140000,0.160000,0.180000,0.100000,-1.000000,0.349928
769,0.114133,1.811351,-17.348947,0.349928,-0.037586,-2.768304,0.140000,0.160000,0.160000,0.100000,-1.000000,0.349928
770,0.114753,1.814816,-17.376631,0.349928,-0.037586,-2.768304,0.120000,0.160000,0.160000,0.100000,-1.000000,0.349928
771,0.115469,1.818261,-17.404314,0.349928,-0.037586,-2.768304,0.120000,0.160000,0.160000,0.100000,-1.000000,0.349928
772,0.116280,1.821686,-17.431997,0.349928,-0.037586,-2.768304,0.120000,0.160000,0.160000,0.100000,-1.000000,0.349928
773,0.117186,1.825087,-17.459680,0.349928,-0.037586,-2.768304,0.120000,0.160000,0.160000,0.100000,-1.000000,0.349928
774,0.118185,1.828462,-17.487363,0.349928,-0.037586,-2.768304,0.120000,0.140000,0.140000,0.100000,-1.000000,0.349928
775,0.119277,1.831807,-17.515046,0.349928,-0.037586,-2.768304,0.120000,0.120000,0.140000,0.100000,-1.000000,0.349928
776,0.120462,1.835121,-17.542729,0.349928,-0.037586,-2.768304,0.120000,0.100000,0.140000,0.100000,-1.000000,0.349928
777,0.121738,1.838401,-17.570412,0.349928,-0.037586,-2.768304,0.120000,0.100000,0.140000,0.100000,-1.000000,0.349928
778,0.123104,1.841645,-17.598095,0.349928,-0.037586,-2.768304,0.120000,0.100000,0.140000,0.100000,-1.000000,0.349928
779,0.124559,1.844849,-17.625778,0.349928,-0.037586,-2.768304,0.120000,0.100000,0.140000,0.100000,-1.000000,0.349928
780,0.126103,1.848012,-17.653461,0.349928,-0.037586,-2.768304,0.120000,0.100000,0.140000,0.100000,-1.000000,0.349928
781,0.127733,1.851131,-17.681144,0.349928,-0.037586,-2.768304,0.120000,0.100000,0.120000,0.100000,-1.000000,0.349928
782,0.129450,1.854203,-17.708827,0.349928,-0.037586,-2.768304,0.120000,0.100000,0.120000,0.100000,-1.000000,0.349928
783,0.131250,1.857227,-17.736510,0.349928,-0.037586,-2.768304,0.120000,0.100000,0.120000,0.100000,-1.000000,0.349928
784,0.133134,1.860200,-17.764193,0.349928,-0.037586,-2.768304,0.120000,0.100000,0.100000,0.100000,-1.000000,0.349928
785,0.135099,1.863120,-17.791876,0.349928,-0.037586,-2.768304,0.120000,0.080000,0.080000,0.100000,-1.000000,0.349928
786,0.137144,1.865984,-17.819559,0.349928,-0.037586,-2.768304,0.120000,0.080000,0.080000,0.100000,-1.000000,0.349928
787,0.139268,1.868790,-17.847242,0.349928,-0.037586,-2.768304,0.120000,0.080000,0.080000,0.100000,-1.000000,0.349928
788,0.141469,1.871537,-17.874925,0.349928,-0.037586,-2.768304,0.120000,0.080000,0.080000,0.100000,-1.000000,0.349928
789,0.143744,1.874222,-17.902608,0.349928,-0.037586,-2.768304,0.120000,0.080000,0.080000,0.100000,-1.000000,0.349928
790,0.146094,1.876842,-17.930291,0.349928,-0.037586,-2.768304,0.120000,0.080000,0.080000,0.100000,-1.000000,0.349928
791,0.148514,1.879397,-17.957974,0.349928,-0.037586,-2.768304,0.120000,0.080000,0.060000,0.100000,-1.000000,0.349928
792,0.151005,1.881883,-17.985658,0.349928,-0.037586,-2.768304,0.120000,0.080000,0.060000,0.100000,-1.000000,0.349928
793,0.153564,1.884300,-18.013341,0.349928,-0.037586,-2.768304,0.120000,0.080000,0.060000,0.100000,-1.000000,0.349928
794,0.156188,1.886645,-18.041024,0.349928,-0.037586,-2.768304,0.120000,0.080000,0.060000,0.100000,-1.000000,0.349928
795,0.158876,1.888916,-18.068707,0.349928,-0.037586,-2.768304,0.120000,0.080000,0.060000,0.100000,-1.000000,0.349928
796,0.161626,1.891112,-18.096390,0.349928,-0.037586,-2.768304,0.120000,0.080000,0.060000,0.100000,-1.000000,0.349928
797,0.164436,1.893232,-18.124073,0.349928,-0.037586,-2.768304,0.140000,0.080000,0.060000,0.100000,-1.000000,0.349928
798,0.167304,1.895272,-18.151756,0.349928,-0.037586,-2.768304,0.140000,0.080000,0.060000,0.100000,-1.000000,0.349928
799,0.170227,1.897233,-18.179439,0.349928,-0.037586,-2.768304,0.140000,0.080000,0.060000,0.100000,-1.000000,0.349928
800,0.173203,1.899111,-18.207122,0.349928,-0.037586,-2.768304,0.160000,0.080000,0.060000,0.100000,-1.000000,0.349928
801,0.176230,1.900907,-18.234805,0.349928,-0.037586,-2.768304,0.160000,0.080000,0.060000,0.100000,-1.000000,0.349928
802,0.179305,1.902618,-18.262488,0.349928,-0.037586,-2.768304,0.180000,0.080000,0.060000,0.100000,-1.000000,0.349928
803,0.182427,1.904244,-18.290171,0.349928,-0.037586,-2.768304,0.180000,0.080000,0.060000,0.100000,-1.000000,0.349928
804,0.185592,1.905782,-18.317854,0.349928,-0.037586,-2.768304,0.200000,0.080000,0.060000,0.100000,-1.000000,0.349928
805,0.188799,1.907232,-18.345537,0.349928,-0.037586,-2.768304,0.240000,0.080000,0.060000,0.100000,-1.000000,0.349928
806,0.192044,1.908593,-18.373220,0.349928,-0.037586,-2.768304,0.280000,0.080000,0.060000,0.100000,-1.000000,0.349928
807,0.195326,1.909863,-18.400903,0.349928,-0.037586,-2.768304,0.340000,0.080000,0.060000,0.100000,-1.000000,0.349928
808,0.198642,1.911043,-18.428586,0.349928,-0.037586,-2.768304,0.440000,0.080000,0.060000,0.100000,-1.000000,0.349928
809,0.201990,1.912129,-18.456269,0.349928,-0.037586,-2.768304,0.480000,0.080000,0.060000,0.100000,-1.000000,0.349928
810,0.205366,1.913123,-18.483952,0.349928,-0.037586,-2.768304,0.480000,0.100000,0.060000,0.100000,-1.000000,0.349928
811,0.208768,1.914023,-18.511635,0.349928,-0.037586,-2.768304,0.480000,0.100000,0.060000,0.100000,-1.000000,0.349928
812,0.212194,1.914829,-18.539318,0.349928,-0.037586,-2.768304,0.640000,0.100000,0.060000,0.100000,-1.000000,0.349928
813,0.215641,1.915539,-18.567001,0.349928,-0.037586,-2.768304,0.640000,0.100000,0.060000,0.100000,-1.000000,0.349928
814,0.219107,1.916154,-18.594684,0.349928,-0.037586,-2.768304,0.720000,0.120000,0.060000,0.100000,-1.000000,0.349928
815,0.222588,1.916672,-18.622368,0.349928,-0.037586,-2.768304,0.720000,0.120000,0.060000,0.100000,-1.000000,0.349928
816,0.226082,1.917094,-18.650051,0.349928,-0.037586,-2.768304,0.800000,0.140000,0.060000,0.100000,-1.000000,0.349928
817,0.229586,1.917420,-18.677734,0.349928,-0.037586,-2.768304,0.880000,0.160000,0.060000,0.100000,-1.000000,0.349928
818,0.233098,1.917647,-18.705417,0.349928,-0.037586,-2.768304,0.960000,0.200000,0.060000,0.100000,-1.000000,0.349928
819,0.236615,1.917778,-18.733100,0.349928,-0.037586,-2.768304,1.000000,0.240000,0.060000,0.100000,-1.000000,0.349928
820,0.240134,1.917811,-18.760783,0.349928,-0.037586,-2.768304,1.000000,0.300000,0.080000,0.100000,-1.000000,0.349928
821,0.243653,1.917747,-18.788466,0.349928,-0.037586,-2.768304,1.000000,0.440000,0.080000,0.100000,-1.000000,0.349928
822,0.247169,1.917586,-18.816149,0.349928,-0.037586,-2.768304,1.000000,0.460000,0.080000,0.100000,-1.000000,0.349928
823,0.250679,1.917327,-18.843832,0.349928,-0.037586,-2.768304,1.000000,0.440000,0.080000,0.100000,-1.000000,0.349928
824,0.254180,1.916971,-18.871515,0.349928,-0.037586,-2.768304,1.000000,0.440000,0.100000,0.100000,-1.000000,0.349928
825,0.257670,1.916519,-18.899198,0.349928,-0.037586,-2.768304,1.000000,0.600000,0.100000,0.100000,-1.000000,0.349928
826,0.261147,1.915970,-18.926881,0.349928,-0.037586,-2.768304,1.000000,0.600000,0.120000,0.100000,-1.000000,0.349928
827,0.264606,1.915325,-18.954564,0.349928,-0.037586,-2.768304,1.000000,0.680000,0.120000,0.100000,-1.000000,0.349928
828,0.268047,1.914584,-18.982247,0.349928,-0.037586,-2.768304,1.000000,0.680000,0.140000,0.100000,-1.000000,0.349928
829,0.271466,1.913748,-19.009930,0.349928,-0.037586,-2.768304,1.000000,0.760000,0.160000,0.100000,-1.000000,0.349928
830,0.274860,1.912819,-19.037613,0.349928,-0.037586,-2.768304,1.000000,0.840000,0.200000,0.100000,-1.000000,0.349928
831,0.278227,1.911795,-19.065296,0.349928,-0.037586,-2.768304,1.000000,0.920000,0.240000,0.100000,-1.000000,0.349928
832,0.281565,1.910679,-19.092979,0.349928,-0.037586,-2.768304,1.000000,1.000000,0.300000,0.100000,-1.000000,0.349928
833,0.284871,1.909471,-19.120662,0.349928,-0.037586,-2.768304,1.000000,1.000000,0.420000,0.100000,-1.000000,0.349928
834,0.288142,1.908172,-19.148345,0.349928,-0.037586,-2.768304,0.740000,1.000000,0.420000,0.100000,-1.000000,0.349928
835,0.291375,1.906782,-19.176028,0.349928,-0.037586,-2.768304,0.720000,1.000000,0.420000,0.100000,-1.000000,0.349928
836,0.294569,1.905304,-19.203711,0.349928,-0.037586,-2.768304,0.700000,1.000000,0.420000,0.100000,-1.000000,0.349928
837,0.297721,1.903738,-19.231395,0.349928,-0.037586,-2.768304,0.620000,1.000000,0.580000,0.100000,-1.000000,0.349928
838,0.300828,1.902085,-19.259078,0.349928,-0.037586,-2.768304,0.600000,1.000000,0.580000,0.100000,-1.000000,0.349928
839,0.303888,1.900347,-19.286761,0.349928,-0.037586,-2.768304,0.580000,1.000000,0.640000,0.100000,-1.000000,0.349928
840,0.306899,1.898525,-19.314444,0.349928,-0.037586,-2.768304,0.560000,1.000000,0.640000,0.100000,-1.000000,0.349928
841,0.309859,1.896620,-19.342127,0.349928,-0.037586,-2.768304,0.540000,1.000000,0.720000,0.100000,-1.000000,0.349928
842,0.312764,1.894634,-19.369810,0.349928,-0.037586,-2.768304,0.480000,1.000000,0.820000,0.100000,-1.000000,0.349928
843,0.315614,1.892569,-19.397493,0.349928,-0.037586,-2.768304,0.460000,1.000000,0.900000,0.100000,-1.000000,0.349928
844,0.318405,1.890425,-19.425176,0.349928,-0.037586,-2.768304,0.460000,1.000000,0.980000,0.100000,-1.000000,0.349928
845,0.321136,1.888205,-19.452859,0.349928,-0.037586,-2.768304,0.440000,1.000000,0.980000,0.100000,-1.000000,0.349928
846,0.323804,1.885910,-19.480542,0.349928,-0.037586,-2.768304,0.420000,1.000000,1.000000,0.100000,-1.000000,0.349928
847,0.326408,1.883542,-19.508225,0.349928,-0.037586,-2.768304,0.420000,0.700000,1.000000,0.100000,-1.000000,0.349928
848,0.328945,1.881103,-19.535908,0.349928,-0.037586,-2.768304,0.420000,0.680000,1.000000,0.100000,-1.000000,0.349928
849,0.331414,1.878595,-19.563591,0.349928,-0.037586,-2.768304,0.400000,0.600000,1.000000,0.100000,-1.000000,0.349928
850,0.333812,1.876019,-19.591274,0.349928,-0.037586,-2.768304,0.400000,0.580000,1.000000,0.100000,-1.000000,0.349928
851,0.336138,1.873378,-19.618957,0.349928,-0.037586,-2.768304,0.380000,0.560000,1.000000,0.100000,-1.000000,0.349928
852,0.338390,1.870673,-19.646640,0.349928,-0.037586,-2.768304,0.380000,0.540000,1.000000,0.100000,-1.000000,0.349928
853,0.340567,1.867908,-19.674323,0.349928,-0.037586,-2.768304,0.380000,0.520000,1.000000,0.100000,-1.000000,0.349928
854,0.342666,1.865083,-19.702006,0.349928,-0.037586,-2.768304,0.360000,0.500000,1.000000,0.100000,-1.000000,0.349928
855,0.344686,1.862201,-19.729689,0.349928,-0.037586,-2.768304,0.360000,0.440000,1.000000,0.100000,-1.000000,0.349928
856,0.346625,1.859264,-19.757372,0.349928,-0.037586,-2.768304,0.360000,0.420000,1.000000,0.100000,-1.000000,0.349928
857,0.348483,1.856275,-19.785055,0.349928,-0.037586,-2.768304,0.340000,0.420000,1.000000,0.100000,-1.000000,0.349928
858,0.350257,1.853235,-19.812738,0.349928,-0.037586,-2.768304,0.340000,0.400000,1.000000,0.100000,-1.000000,0.349928
859,0.351946,1.850148,-19.840421,0.349928,-0.037586,-2.768304,0.340000,0.400000,0.680000,0.100000,-1.000000,0.349928
860,0.353549,1.847014,-19.868105,0.349928,-0.037586,-2.768304,0.340000,0.380000,0.660000,0.100000,-1.000000,0.349928
861,0.355065,1.843838,-19.895788,0.349928,-0.037586,-2.768304,0.320000,0.380000,0.560000,0.100000,-1.000000,0.349928
862,0.356492,1.840621,-19.923471,0.349928,-0.037586,-2.768304,0.320000,0.360000,0.540000,0.100000,-1.000000,0.349928
863,0.357830,1.837366,-19.951154,0.349928,-0.037586,-2.768304,0.320000,0.360000,0.520000,0.100000,-1.000000,0.349928
864,0.359077,1.834075,-19.978837,0.349928,-0.037586,-2.768304,0.320000,0.340000,0.500000,0.100000,-1.000000,0.349928
865,0.360232,1.830750,-20.006520,0.349928,-0.037586,-2.768304,0.320000,0.340000,0.480000,0.100000,-1.000000,0.349928
866,0.361295,1.827395,-20.034203,0.349928,-0.037586,-2.768304,0.320000,0.340000,0.480000,0.100000,-1.000000,0.349928
867,0.362265,1.824012,-20.061886,0.349928,-0.037586,-2.768304,0.300000,0.320000,0.400000,0.100000,-1.000000,0.349928
868,0.363141,1.820604,-20.089569,0.349928,-0.037586,-2.768304,0.300000,0.320000,0.400000,0.100000,-1.000000,0.349928
869,0.363922,1.817172,-20.117252,0.349928,-0.037586,-2.768304,0.300000,0.320000,0.380000,0.100000,-1.000000,0.349928
870,0.364607,1.813720,-20.144935,0.349928,-0.037586,-2.768304,0.300000,0.320000,0.360000,0.100000,-1.000000,0.349928
871,0.365197,1.810250,-20.172618,0.349928,-0.037586,-2.768304,0.300000,0.300000,0.360000,0.100000,-1.000000,0.349928
872,0.365691,1.806766,-20.200301,0.349928,-0.037586,-2.768304,0.300000,0.300000,0.340000,0.100000,-1.000000,0.349928
873,0.366088,1.803269,-20.227984,0.349928,-0.037586,-2.768304,0.300000,0.300000,0.340000,0.100000,-1.000000,0.349928
874,0.366388,1.799762,-20.255667,0.349928,-0.037586,-2.768304,0.300000,0.300000,0.340000,0.100000,-1.000000,0.349928
875,0.366591,1.796249,-20.283350,0.349928,-0.037586,-2.768304,0.300000,0.280000,0.320000,0.100000,-1.000000,0.349928
876,0.366697,1.792731,-20.311033,0.349928,-0.037586,-2.768304,0.300000,0.280000,0.320000,0.100000,-1.000000,0.349928
877,0.366705,1.789211,-20.338716,0.349928,-0.037586,-2.768304,0.300000,0.280000,0.300000,0.100000,-1.000000,0.349928
878,0.366616,1.785693,-20.366399,0.349928,-0.037586,-2.768304,0.300000,0.280000,0.300000,0.100000,-1.000000,0.349928
879,0.366429,1.782179,-20.394082,0.349928,-0.037586,-2.768304,0.300000,0.280000,0.300000,0.100000,-1.000000,0.349928
880,0.366145,1.778671,-20.421765,0.349928,-0.037586,-2.768304,0.280000,0.280000,0.280000,0.100000,-1.000000,0.349928
881,0.365764,1.775172,-20.449448,0.349928,-0.037586,-2.768304,0.280000,0.280000,0.280000,0.100000,-1.000000,0.349928
882,0.365287,1.771685,-20.477131,0.349928,-0.037586,-2.768304,0.300000,0.260000,0.280000,0.100000,-1.000000,0.349928
883,0.364713,1.768213,-20.504815,0.349928,-0.037586,-2.768304,0.300000,0.260000,0.280000,0.100000,-1.000000,0.349928
884,0.364043,1.764758,-20.532498,0.349928,-0.037586,-2.768304,0.300000,0.260000,0.260000,0.100000,-1.000000,0.349928
885,0.363278,1.761322,-20.560181,0.349928,-0.037586,-2.768304,0.300000,0.260000,0.260000,0.100000,-1.000000,0.349928
886,0.362418,1.757910,-20.587864,0.349928,-0.037586,-2.768304,0.300000,0.260000,0.260000,0.100000,-1.000000,0.349928
887,0.361464,1.754522,-20.615547,0.349928,-0.037586,-2.768304,0.300000,0.260000,0.260000,0.100000,-1.000000,0.349928
888,0.360417,1.751162,-20.643230,0.349928,-0.037586,-2.768304,0.300000,0.260000,0.260000,0.100000,-1.000000,0.349928
889,0.359277,1.747832,-20.670913,0.349928,-0.037586,-2.768304,0.300000,0.260000,0.240000,0.100000,-1.000000,0.349928
890,0.358045,1.744536,-20.698596,0.349928,-0.037586,-2.768304,0.300000,0.260000,0.240000,0.100000,-1.000000,0.349928
891,0.356722,1.741274,-20.726279,0.349928,-0.037586,-2.768304,0.280000,0.260000,0.240000,0.100000,-1.000000,0.349928
892,0.355310,1.738051,-20.753962,0.349928,-0.037586,-2.768304,0.280000,0.260000,0.240000,0.100000,-1.000000,0.349928
893,0.353809,1.734867,-20.781645,0.349928,-0.037586,-2.768304,0.260000,0.260000,0.240000,0.100000,-1.000000,0.349928
894,0.352221,1.731727,-20.809328,0.349928,-0.037586,-2.768304,0.260000,0.260000,0.240000,0.100000,-1.000000,0.349928
895,0.350546,1.728631,-20.837011,0.349928,-0.037586,-2.768304,0.260000,0.260000,0.240000,0.100000,-1.000000,0.349928
896,0.348786,1.725584,-20.864694,0.349928,-0.037586,-2.768304,0.260000,0.260000,0.240000,0.100000,-1.000000,0.349928
897,0.346942,1.722586,-20.892377,0.349928,-0.037586,-2.768304,0.280000,0.260000,0.220000,0.100000,-1.000000,0.349928
898,0.345016,1.719640,-20.920060,0.349928,-0.037586,-2.768304,0.280000,0.260000,0.220000,0.100000,-1.000000,0.349928
899,0.343010,1.716749,-20.947743,0.349928,-0.037586,-2.768304,0.280000,0.260000,0.220000,0.100000,-1.000000,0.349928
900,0.340924,1.713914,-20.975426,0.349928,-0.037586,-2.768304,0.280000,0.260000,0.220000,0.100000,-1.000000,0.349928
901,0.338760,1.711138,-21.003109,0.349928,-0.037586,-2.768304,0.300000,0.260000,0.220000,0.100000,-1.000000,0.349928
902,0.336521,1.708423,-21.030792,0.349928,-0.037586,-2.768304,0.300000,0.260000,0.220000,0.100000,-1.000000,0.349928
903,0.334207,1.705771,-21.058475,0.349928,-0.037586,-2.768304,0.300000,0.260000,0.220000,0.100000,-1.000000,0.349928
904,0.331820,1.703185,-21.086158,0.349928,-0.037586,-2.768304,0.320000,0.240000,0.220000,0.100000,-1.000000,0.349928
905,0.329363,1.700665,-21.113842,0.349928,-0.037586,-2.768304,0.320000,0.240000,0.220000,0.100000,-1.000000,0.349928
906,0.326838,1.698214,-21.141525,0.349928,-0.037586,-2.768304,0.340000,0.220000,0.220000,0.100000,-1.000000,0.349928
907,0.324245,1.695834,-21.169208,0.349928,-0.037586,-2.768304,0.360000,0.220000,0.220000,0.100000,-1.000000,0.349928
908,0.321587,1.693527,-21.196891,0.349928,-0.037586,-2.768304,0.360000,0.220000,0.220000,0.100000,-1.000000,0.349928
909,0.318867,1.691294,-21.224574,0.349928,-0.037586,-2.768304,0.380000,0.240000,0.220000,0.100000,-1.000000,0.349928
910,0.316085,1.689138,-21.252257,0.349928,-0.037586,-2.768304,0.400000,0.240000,0.220000,0.100000,-1.000000,0.349928
911,0.313246,1.687059,-21.279940,0.349928,-0.037586,-2.768304,0.440000,0.240000,0.220000,0.100000,-1.000000,0.349928
912,0.310349,1.685059,-21.307623,0.349928,-0.037586,-2.768304,0.460000,0.240000,0.220000,0.100000,-1.000000,0.349928
913,0.307399,1.683141,-21.335306,0.349928,-0.037586,-2.768304,0.480000,0.260000,0.240000,0.100000,-1.000000,0.349928
914,0.304396,1.681305,-21.362989,0.349928,-0.037586,-2.768304,0.480000,0.260000,0.240000,0.100000,-1.000000,0.349928
915,0.301344,1.679553,-21.390672,0.349928,-0.037586,-2.768304,0.460000,0.260000,0.220000,0.100000,-1.000000,0.349928
916,0.298245,1.677885,-21.418355,0.349928,-0.037586,-2.768304,0.480000,0.280000,0.200000,0.100000,-1.000000,0.349928
917,0.295100,1.676305,-21.446038,0.349928,-0.037586,-2.768304,0.520000,0.280000,0.200000,0.100000,-1.000000,0.349928
918,0.291913,1.674812,-21.473721,0.349928,-0.037586,-2.768304,0.600000,0.300000,0.200000,0.100000,-1.000000,0.349928
919,0.288686,1.673407,-21.501404,0.349928,-0.037586,-2.768304,0.720000,0.300000,0.200000,0.100000,-1.000000,0.349928
920,0.285421,1.672093,-21.529087,0.349928,-0.037586,-2.768304,0.880000,0.320000,0.200000,0.100000,-1.000000,0.349928
921,0.282121,1.670870,-21.556770,0.349928,-0.037586,-2.768304,1.000000,0.340000,0.200000,0.100000,-1.000000,0.349928
922,0.278789,1.669738,-21.584453,0.349928,-0.037586,-2.768304,1.000000,0.360000,0.200000,0.100000,-1.000000,0.349928
923,0.275426,1.668699,-21.612136,0.349928,-0.037586,-2.768304,1.000000,0.380000,0.220000,0.100000,-1.000000,0.349928
924,0.272036,1.667753,-21.639819,0.349928,-0.037586,-2.768304,1.000000,0.400000,0.220000,0.100000,-1.000000,0.349928
925,0.268621,1.666902,-21.667502,0.349928,-0.037586,-2.768304,1.000000,0.420000,0.220000,0.100000,-1.000000,0.349928
926,0.265184,1.666145,-21.695185,0.349928,-0.037586,-2.768304,1.000000,0.440000,0.240000,0.100000,-1.000000,0.349928
927,0.261727,1.665484,-21.722868,0.349928,-0.037586,-2.768304,1.000000,0.440000,0.240000,0.100000,-1.000000,0.349928
928,0.258254,1.664919,-21.750552,0.349928,-0.037586,-2.768304,1.000000,0.420000,0.240000,0.100000,-1.000000,0.349928
929,0.254766,1.664450,-21.778235,0.349928,-0.037586,-2.768304,1.000000,0.440000,0.260000,0.100000,-1.000000,0.349928
930,0.251266,1.664078,-21.805918,0.349928,-0.037586,-2.768304,1.000000,0.500000,0.260000,0.100000,-1.000000,0.349928
931,0.247757,1.663803,-21.833601,0.349928,-0.037586,-2.768304,1.000000,0.600000,0.280000,0.100000,-1.000000,0.349928
932,0.244242,1.663625,-21.861284,0.349928,-0.037586,-2.768304,1.000000,0.720000,0.300000,0.100000,-1.000000,0.349928
933,0.240724,1.663545,-21.888967,0.349928,-0.037586,-2.768304,1.000000,0.900000,0.320000,0.100000,-1.000000,0.349928
934,0.237205,1.663562,-21.916650,0.349928,-0.037586,-2.768304,1.000000,1.000000,0.320000,0.100000,-1.000000,0.349928
935,0.233687,1.663676,-21.944333,0.349928,-0.037586,-2.768304,0.920000,1.000000,0.340000,0.100000,-1.000000,0.349928
936,0.230174,1.663888,-21.972016,0.349928,-0.037586,-2.768304,0.840000,1.000000,0.380000,0.100000,-1.000000,0.349928
937,0.226668,1.664197,-21.999699,0.349928,-0.037586,-2.768304,0.780000,1.000000,0.400000,0.100000,-1.000000,0.349928
938,0.223172,1.664603,-22.027382,0.349928,-0.037586,-2.768304,0.720000,1.000000,0.400000,0.100000,-1.000000,0.349928
939,0.219689,1.665105,-22.055065,0.349928,-0.037586,-2.768304,0.680000,1.000000,0.400000,0.100000,-1.000000,0.349928
940,0.216221,1.665704,-22.082748,0.349928,-0.037586,-2.768304,0.640000,1.000000,0.400000,0.100000,-1.000000,0.349928
941,0.212770,1.666398,-22.110431,0.349928,-0.037586,-2.768304,0.600000,1.000000,0.420000,0.100000,-1.000000,0.349928
942,0.209341,1.667188,-22.138114,0.349928,-0.037586,-2.768304,0.560000,1.000000,0.480000,0.100000,-1.000000,0.349928
943,0.205934,1.668072,-22.165797,0.349928,-0.037586,-2.768304,0.540000,1.000000,0.560000,0.100000,-1.000000,0.349928
944,0.202554,1.669050,-22.193480,0.349928,-0.037586,-2.768304,0.520000,1.000000,0.660000,0.100000,-1.000000,0.349928
945,0.199201,1.670121,-22.221163,0.349928,-0.037586,-2.768304,0.500000,1.000000,0.820000,0.100000,-1.000000,0.349928
946,0.195880,1.671285,-22.248846,0.349928,-0.037586,-2.768304,0.480000,1.000000,1.000000,0.100000,-1.000000,0.349928
947,0.192592,1.672540,-22.276529,0.349928,-0.037586,-2.768304,0.460000,0.940000,1.000000,0.100000,-1.000000,0.349928
948,0.189340,1.673886,-22.304212,0.349928,-0.037586,-2.768304,0.440000,0.860000,1.000000,0.100000,-1.000000,0.349928
949,0.186126,1.675321,-22.331895,0.349928,-0.037586,-2.768304,0.420000,0.780000,1.000000,0.100000,-1.000000,0.349928
950,0.182954,1.676845,-22.359578,0.349928,-0.037586,-2.768304,0.400000,0.720000,1.000000,0.100000,-1.000000,0.349928
951,0.179825,1.678456,-22.387262,0.349928,-0.037586,-2.768304,0.380000,0.680000,1.000000,0.100000,-1.000000,0.349928
952,0.176741,1.680153,-22.414945,0.349928,-0.037586,-2.768304,0.380000,0.640000,1.000000,0.100000,-1.000000,0.349928
953,0.173706,1.681934,-22.442628,0.349928,-0.037586,-2.768304,0.360000,0.600000,1.000000,0.100000,-1.000000,0.349928
954,0.170722,1.683799,-22.470311,0.349928,-0.037586,-2.768304,0.360000,0.560000,1.000000,0.100000,-1.000000,0.349928
955,0.167790,1.685746,-22.497994,0.349928,-0.037586,-2.768304,0.340000,0.520000,1.000000,0.100000,-1.000000,0.349928
956,0.164913,1.687773,-22.525677,0.349928,-0.037586,-2.768304,0.340000,0.500000,1.000000,0.100000,-1.000000,0.349928
957,0.162093,1.689880,-22.553360,0.349928,-0.037586,-2.768304,0.320000,0.480000,1.000000,0.100000,-1.000000,0.349928
958,0.159333,1.692063,-22.581043,0.349928,-0.037586,-2.768304,0.320000,0.460000,1.000000,0.100000,-1.000000,0.349928
959,0.156634,1.694322,-22.608726,0.349928,-0.037586,-2.768304,0.300000,0.440000,0.940000,0.100000,-1.000000,0.349928
960,0.153999,1.696655,-22.636409,0.349928,-0.037586,-2.768304,0.300000,0.420000,0.840000,0.100000,-1.000000,0.349928
961,0.151429,1.699059,-22.664092,0.349928,-0.037586,-2.768304,0.300000,0.400000,0.760000,0.100000,-1.000000,0.349928
962,0.148927,1.701534,-22.691775,0.349928,-0.037586,-2.768304,0.280000,0.380000,0.700000,0.100000,-1.000000,0.349928
963,0.146494,1.704078,-22.719458,0.349928,-0.037586,-2.768304,0.280000,0.360000,0.640000,0.100000,-1.000000,0.349928
964,0.144133,1.706687,-22.747141,0.349928,-0.037586,-2.768304,0.280000,0.360000,0.600000,0.100000,-1.000000,0.349928
965,0.141845,1.709361,-22.774824,0.349928,-0.037586,-2.768304,0.260000,0.340000,0.560000,0.100000,-1.000000,0.349928
966,0.139631,1.712098,-22.802507,0.349928,-0.037586,-2.768304,0.260000,0.320000,0.520000,0.100000,-1.000000,0.349928
967,0.137495,1.714894,-22.830190,0.349928,-0.037586,-2.768304,0.260000,0.320000,0.500000,0.100000,-1.000000,0.349928
968,0.135436,1.717749,-22.857873,0.349928,-0.037586,-2.768304,0.260000,0.300000,0.460000,0.100000,-1.000000,0.349928
969,0.133457,1.720659,-22.885556,0.349928,-0.037586,-2.768304,0.240000,0.300000,0.440000,0.100000,-1.000000,0.349928
970,0.131560,1.723623,-22.913239,0.349928,-0.037586,-2.768304,0.240000,0.280000,0.420000,0.100000,-1.000000,0.349928
971,0.129745,1.726639,-22.940922,0.349928,-0.037586,-2.768304,0.240000,0.280000,0.400000,0.100000,-1.000000,0.349928
972,0.128015,1.729704,-22.968605,0.349928,-0.037586,-2.768304,0.240000,0.280000,0.380000,0.100000,-1.000000,0.349928
973,0.126370,1.732815,-22.996288,0.349928,-0.037586,-2.768304,0.220000,0.260000,0.360000,0.100000,-1.000000,0.349928
974,0.124812,1.735971,-23.023972,0.349928,-0.037586,-2.768304,0.220000,0.260000,0.340000,0.100000,-1.000000,0.349928
975,0.123342,1.739168,-23.051655,0.349928,-0.037586,-2.768304,0.220000,0.240000,0.320000,0.100000,-1.000000,0.349928
976,0.121960,1.742405,-23.079338,0.349928,-0.037586,-2.768304,0.220000,0.240000,0.320000,0.100000,-1.000000,0.349928
977,0.120669,1.745679,-23.107021,0.349928,-0.037586,-2.768304,0.220000,0.240000,0.300000,0.100000,-1.000000,0.349928
978,0.119469,1.748988,-23.134704,0.349928,-0.037586,-2.768304,0.220000,0.240000,0.300000,0.100000,-1.000000,0.349928
979,0.118362,1.752328,-23.162387,0.349928,-0.037586,-2.768304,0.200000,0.220000,0.280000,0.100000,-1.000000,0.349928
980,0.117347,1.755698,-23.190070,0.349928,-0.037586,-2.768304,0.200000,0.220000,0.280000,0.100000,-1.000000,0.349928
981,0.116425,1.759095,-23.217753,0.349928,-0.037586,-2.768304,0.200000,0.220000,0.260000,0.100000,-1.000000,0.349928
982,0.115598,1.762516,-23.245436,0.349928,-0.037586,-2.768304,0.200000,0.200000,0.260000,0.100000,-1.000000,0.349928
983,0.114866,1.765958,-23.273119,0.349928,-0.037586,-2.768304,0.200000,0.200000,0.240000,0.100000,-1.000000,0.349928
984,0.114230,1.769420,-23.300802,0.349928,-0.037586,-2.768304,0.200000,0.200000,0.240000,0.100000,-1.000000,0.349928
985,0.113690,1.772897,-23.328485,0.349928,-0.037586,-2.768304,0.200000,0.200000,0.220000,0.100000,-1.000000,0.349928
986,0.113246,1.776389,-23.356168,0.349928,-0.037586,-2.768304,0.200000,0.200000,0.220000,0.100000,-1.000000,0.349928
987,0.112899,1.779891,-23.383851,0.349928,-0.037586,-2.768304,0.180000,0.180000,0.220000,0.100000,-1.000000,0.349928
988,0.112649,1.783401,-23.411534,0.349928,-0.037586,-2.768304,0.160000,0.180000,0.200000,0.100000,-1.000000,0.349928
989,0.112496,1.786917,-23.439217,0.349928,-0.037586,-2.768304,0.140000,0.180000,0.200000,0.100000,-1.000000,0.349928
990,0.112441,1.790436,-23.466900,0.349928,-0.037586,-2.768304,0.140000,0.180000,0.200000,0.100000,-1.000000,0.349928
991,0.112483,1.793956,-23.494583,0.349928,-0.037586,-2.768304,0.140000,0.180000,0.200000,0.100000,-1.000000,0.349928
992,0.112622,1.797472,-23.522266,0.349928,-0.037586,-2.768304,0.140000,0.180000,0.180000,0.100000,-1.000000,0.349928
993,0.112859,1.800984,-23.549949,0.349928,-0.037586,-2.768304,0.140000,0.160000,0.180000,0.100000,-1.000000,0.349928
994,0.113193,1.804487,-23.577632,0.349928,-0.037586,-2.768304,0.140000,0.160000,0.180000,0.100000,-1.000000,0.349928
995,0.113623,1.807980,-23.605315,0.349928,-0.037586,-2.768304,0.140000,0.160000,0.180000,0.100000,-1.000000,0.349928
996,0.114151,1.811460,-23.632999,0.349928,-0.037586,-2.768304,0.140000,0.160000,0.160000,0.100000,-1.000000,0.349928
997,0.114774,1.814924,-23.660682,0.349928,-0.037586,-2.768304,0.120000,0.160000,0.160000,0.100000,-1.000000,0.349928
998,0.115493,1.818369,-23.688365,0.349928,-0.037586,-2.768304,0.120000,0.160000,0.160000,0.100000,-1.000000,0.349928
999,0.116307,1.821793,-23.716048,0.349928,-0.037586,-2.768304,0.120000,0.160000,0.160000,0.100000,-1.000000,0.349928
