step,x,y,mu,vx,vy,omega,lidar_l,lidar_c,lidar_r,throttle,steering,reward
0,-1.664948,0.783293,0.915218,0.000000,0.000000,0.000000,0.460000,0.620000,0.980000,0.600000,-0.800000,0.000000
1,-1.664948,0.783293,0.915218,0.042000,0.000000,0.000000,0.460000,0.620000,0.980000,0.600000,-0.800000,0.042000
2,-1.664692,0.783626,0.915218,0.076993,-0.006805,-0.291038,0.460000,0.620000,0.980000,0.600000,-0.600000,0.076993
3,-1.664168,0.784195,0.912307,0.114350,-0.014629,-0.522505,0.440000,0.620000,0.980000,0.600000,-0.600000,0.114350
4,-1.663353,0.785010,0.907082,0.152088,-0.021151,-0.755711,0.400000,0.620000,1.000000,0.600000,-0.600000,0.152088
5,-1.662249,0.786078,0.899525,0.190048,-0.026986,-0.976820,0.400000,0.600000,1.000000,0.600000,-0.600000,0.190048
6,-1.660856,0.787398,0.889757,0.228162,-0.032131,-1.190268,0.400000,0.600000,1.000000,0.600000,-0.600000,0.228162
7,-1.659170,0.788968,0.877854,0.266401,-0.036531,-1.397212,0.380000,0.580000,1.000000,0.600000,-0.600000,0.266401
8,-1.657187,0.790785,0.863882,0.304747,-0.040107,-1.597827,0.380000,0.580000,1.000000,0.600000,-0.600000,0.304747
9,-1.654903,0.792841,0.847904,0.343185,-0.042770,-1.791878,0.380000,0.560000,1.000000,0.600000,-0.600000,0.343185
10,-1.652312,0.795132,0.829985,0.381699,-0.044428,-1.978941,0.380000,0.540000,1.000000,0.600000,-0.600000,0.381699
11,-1.649408,0.797649,0.810196,0.420266,-0.044993,-2.158510,0.360000,0.540000,1.000000,0.600000,-0.600000,0.420266
12,-1.646185,0.800383,0.788611,0.458859,-0.044379,-2.330058,0.360000,0.520000,1.000000,0.600000,-0.600000,0.458859
13,-1.642636,0.803325,0.765310,0.497444,-0.042506,-2.493074,0.360000,0.500000,1.000000,0.400000,-0.600000,0.497444
14,-1.638754,0.806465,0.740379,0.521981,-0.039303,-2.647090,0.340000,0.480000,1.000000,0.400000,-0.600000,0.521981
15,-1.634635,0.809696,0.713909,0.546452,-0.035104,-2.786513,0.340000,0.480000,1.000000,0.400000,-0.600000,0.546452
16,-1.630275,0.813009,0.686043,0.570809,-0.029905,-2.912730,0.340000,0.460000,1.000000,0.400000,-0.600000,0.570809
17,-1.625669,0.816393,0.656916,0.595001,-0.023709,-3.026838,0.320000,0.440000,1.000000,0.400000,-0.600000,0.595001
18,-1.620813,0.819839,0.626648,0.618978,-0.016521,-3.129736,0.320000,0.420000,1.000000,0.400000,-0.600000,0.618978
19,-1.615702,0.823335,0.595350,0.642692,-0.008348,-3.222188,0.320000,0.420000,1.000000,0.400000,-0.600000,0.642692
20,-1.610334,0.826870,0.563128,0.666096,0.000797,-3.304863,0.300000,0.400000,0.540000,0.200000,-0.600000,0.666096
21,-1.604706,0.830433,0.530080,0.675144,0.010896,-3.378369,0.300000,0.340000,0.520000,0.400000,-0.600000,0.675144
22,-1.598936,0.833940,0.496296,0.697800,0.021402,-3.439339,0.300000,0.320000,0.500000,0.400000,-0.600000,0.697800
23,-1.592902,0.837451,0.461903,0.720032,0.032801,-3.493170,0.280000,0.320000,0.460000,0.200000,-0.600000,0.720032
24,-1.586602,0.840954,0.426971,0.727798,0.045069,-3.540206,0.280000,0.300000,0.440000,0.200000,-0.600000,0.727798
25,-1.580164,0.844378,0.391569,0.735069,0.057629,-3.577540,0.280000,0.300000,0.420000,0.200000,-0.600000,0.735069
26,-1.573590,0.847716,0.355794,0.741830,0.070428,-3.606437,0.260000,0.280000,0.400000,0.200000,-0.600000,0.741830
27,-1.566882,0.850960,0.319729,0.748072,0.083422,-3.627984,0.260000,0.280000,0.380000,0.200000,-0.600000,0.748072
28,-1.560042,0.854103,0.283449,0.753788,0.096565,-3.643111,0.260000,0.260000,0.360000,0.000000,-0.600000,0.753788
29,-1.553075,0.857138,0.247018,0.744976,0.109817,-3.652619,0.260000,0.260000,0.360000,-0.200000,-0.600000,0.744976
30,-1.546120,0.860025,0.210492,0.721639,0.122579,-3.654880,0.240000,0.260000,0.280000,-0.200000,-0.600000,0.721639
31,-1.539319,0.862731,0.173943,0.697804,0.134250,-3.648944,0.240000,0.240000,0.280000,-0.200000,-0.600000,0.697804
32,-1.532679,0.865261,0.137454,0.673525,0.144793,-3.636339,0.240000,0.240000,0.260000,-0.200000,-0.600000,0.673525
33,-1.526205,0.867618,0.101090,0.648856,0.154180,-3.618309,0.240000,0.240000,0.260000,-0.200000,-0.600000,0.648856
34,-1.519906,0.869807,0.064907,0.623853,0.162397,-3.595864,0.240000,0.220000,0.240000,-0.200000,-0.600000,0.623853
35,-1.513785,0.871832,0.028949,0.598569,0.169435,-3.569828,0.240000,0.220000,0.240000,-0.200000,-0.600000,0.598569
36,-1.507851,0.873699,-0.006750,0.573059,0.175293,-3.540871,0.240000,0.220000,0.220000,-0.200000,-0.600000,0.573059
37,-1.502109,0.875413,-0.042158,0.547375,0.179977,-3.509539,0.220000,0.220000,0.220000,-0.200000,-0.600000,0.547375
38,-1.496564,0.876981,-0.077254,0.521568,0.183497,-3.476279,0.220000,0.200000,0.220000,-0.200000,-0.600000,0.521568
39,-1.491223,0.878408,-0.112016,0.495687,0.185865,-3.441457,0.220000,0.200000,0.200000,-0.200000,-0.600000,0.495687
40,-1.486089,0.879701,-0.146431,0.469777,0.187099,-3.405371,0.220000,0.200000,0.200000,-0.200000,-0.600000,0.469777
41,-1.481168,0.880866,-0.180485,0.443883,0.187219,-3.368267,0.220000,0.200000,0.200000,-0.200000,-0.600000,0.443883
42,-1.476466,0.881911,-0.214167,0.418046,0.186248,-3.330344,0.220000,0.200000,0.200000,-0.200000,-0.600000,0.418046
43,-1.471985,0.882843,-0.247471,0.392305,0.184210,-3.291767,0.220000,0.200000,0.180000,-0.200000,-0.600000,0.392305
44,-1.467730,0.883668,-0.280388,0.366697,0.181131,-3.252669,0.220000,0.200000,0.180000,-0.200000,-0.600000,0.366697
45,-1.463705,0.884394,-0.312915,0.341257,0.177039,-3.213156,0.220000,0.180000,0.180000,-0.200000,-0.600000,0.341257
46,-1.459913,0.885027,-0.345047,0.316015,0.171964,-3.173310,0.220000,0.180000,0.180000,-0.200000,-0.600000,0.316015
47,-1.456358,0.885577,-0.376780,0.291003,0.165934,-3.133193,0.240000,0.180000,0.180000,-0.200000,-0.600000,0.291003
48,-1.453041,0.886049,-0.408112,0.266246,0.158981,-3.092842,0.240000,0.180000,0.180000,-0.200000,-0.600000,0.266246
49,-1.449967,0.886452,-0.439040,0.241772,0.151137,-3.052273,0.240000,0.180000,0.180000,-0.200000,-0.600000,0.241772
50,-1.447136,0.886792,-0.469563,0.217603,0.142436,-3.011468,0.240000,0.180000,0.160000,-0.200000,-0.600000,0.217603
51,-1.444551,0.887078,-0.499678,0.193763,0.132910,-2.970367,0.240000,0.180000,0.160000,-0.200000,-0.600000,0.193763
52,-1.442213,0.887316,-0.529381,0.170271,0.122597,-2.928837,0.260000,0.180000,0.160000,-0.200000,-0.600000,0.170271
53,-1.440124,0.887514,-0.558670,0.147150,0.111537,-2.886615,0.260000,0.180000,0.160000,-0.200000,-0.600000,0.147150
54,-1.438285,0.887680,-0.587536,0.124424,0.099774,-2.843170,0.260000,0.200000,0.160000,-0.200000,-0.600000,0.124424
55,-1.436697,0.887821,-0.615967,0.102125,0.087372,-2.797340,0.280000,0.200000,0.160000,-0.200000,-0.600000,0.102125
56,-1.435358,0.887944,-0.643941,0.080311,0.074434,-2.746204,0.280000,0.200000,0.160000,-0.200000,-0.600000,0.080311
57,-1.434269,0.888057,-0.671403,0.059140,0.061212,-2.680497,0.300000,0.200000,0.160000,-0.200000,-0.600000,0.059140
58,-1.433425,0.888168,-0.698208,0.039277,0.048709,-2.559086,0.300000,0.200000,0.160000,-0.200000,-0.600000,0.039277
59,-1.432811,0.888289,-0.723799,0.023610,0.041202,-2.201061,0.320000,0.200000,0.160000,0.200000,-0.800000,0.023610
60,-1.432362,0.888441,-0.745809,0.035910,0.033073,-1.850594,0.320000,0.200000,0.160000,0.200000,-0.800000,0.035910
61,-1.431873,0.888440,-0.764315,0.044400,0.021067,-1.668805,0.340000,0.220000,0.160000,0.200000,-0.800000,0.044400
62,-1.431407,0.888285,-0.781003,0.053508,0.009448,-1.470540,0.360000,0.220000,0.160000,0.200000,-0.800000,0.053508
63,-1.430961,0.887976,-0.795709,0.062871,-0.002102,-1.269468,0.360000,0.220000,0.180000,0.200000,-0.800000,0.062871
64,-1.430536,0.887512,-0.808403,0.072388,-0.013512,-1.075832,0.360000,0.220000,0.180000,0.600000,-0.800000,0.072388
65,-1.430133,0.886895,-0.819162,0.110011,-0.023813,-0.938149,0.380000,0.220000,0.180000,0.600000,-0.800000,0.110011
66,-1.429556,0.885929,-0.828543,0.146567,-0.030444,-1.068457,0.380000,0.220000,0.180000,0.600000,-0.800000,0.146567
67,-1.428790,0.884643,-0.839228,0.182975,-0.035739,-1.259835,0.400000,0.220000,0.180000,0.200000,-0.800000,0.182975
68,-1.427833,0.883042,-0.851826,0.191387,-0.040379,-1.457761,0.400000,0.220000,0.180000,0.200000,-0.800000,0.191387
69,-1.426877,0.881336,-0.866404,0.200125,-0.044635,-1.634168,0.420000,0.220000,0.180000,0.200000,-0.800000,0.200125
70,-1.425921,0.879522,-0.882745,0.209161,-0.048457,-1.794318,0.440000,0.240000,0.180000,0.200000,-0.600000,0.209161
71,-1.424967,0.877599,-0.900689,0.221572,-0.050020,-1.863704,0.460000,0.240000,0.180000,0.200000,-0.600000,0.221572
72,-1.423983,0.875552,-0.919326,0.233926,-0.051394,-1.939880,0.480000,0.240000,0.180000,0.200000,-0.600000,0.233926
73,-1.422973,0.873380,-0.938724,0.246242,-0.052578,-2.019113,0.500000,0.240000,0.180000,0.200000,-0.600000,0.246242
74,-1.421943,0.871083,-0.958916,0.258528,-0.053565,-2.099382,0.540000,0.240000,0.180000,0.200000,-0.600000,0.258528
75,-1.420896,0.868659,-0.979909,0.270786,-0.054347,-2.179525,0.580000,0.260000,0.180000,0.200000,-0.600000,0.270786
76,-1.419839,0.866107,-1.001705,0.283016,-0.054912,-2.258824,0.640000,0.260000,0.180000,0.400000,-0.600000,0.283016
77,-1.418776,0.863427,-1.024293,0.309215,-0.055251,-2.336811,0.640000,0.260000,0.180000,0.200000,-0.600000,0.309215
78,-1.417641,0.860498,-1.047661,0.321197,-0.055187,-2.429368,0.620000,0.280000,0.180000,0.200000,-0.600000,0.321197
79,-1.416515,0.857440,-1.071955,0.333167,-0.054852,-2.515270,0.640000,0.280000,0.180000,0.200000,-0.600000,0.333167
80,-1.415403,0.854252,-1.097107,0.345107,-0.054239,-2.595682,0.760000,0.300000,0.200000,0.200000,-0.600000,0.345107
81,-1.414311,0.850934,-1.123064,0.357002,-0.053346,-2.671372,0.900000,0.320000,0.200000,0.200000,-0.600000,0.357002
82,-1.413246,0.847484,-1.149778,0.368837,-0.052170,-2.742853,0.900000,0.320000,0.200000,0.200000,-0.600000,0.368837
83,-1.412215,0.843905,-1.177206,0.380599,-0.050707,-2.810473,1.000000,0.340000,0.200000,0.200000,-0.600000,0.380599
84,-1.411224,0.840195,-1.205311,0.392276,-0.048956,-2.874468,1.000000,0.380000,0.200000,0.200000,-0.600000,0.392276
85,-1.410279,0.836357,-1.234056,0.403855,-0.046914,-2.935003,1.000000,0.400000,0.220000,0.200000,-0.600000,0.403855
86,-1.409387,0.832390,-1.263406,0.415323,-0.044580,-2.992194,1.000000,0.440000,0.220000,0.000000,-0.600000,0.415323
87,-1.408556,0.828297,-1.293328,0.412670,-0.041954,-3.046122,1.000000,0.480000,0.220000,0.200000,-0.600000,0.412670
88,-1.407829,0.824213,-1.323789,0.423957,-0.039464,-3.086980,1.000000,0.520000,0.240000,0.200000,-0.600000,0.423957
89,-1.407175,0.820006,-1.354659,0.435103,-0.036695,-3.127054,1.000000,0.600000,0.240000,0.200000,-0.600000,0.435103
90,-1.406600,0.815677,-1.385929,0.446099,-0.033647,-3.165920,1.000000,0.600000,0.260000,0.200000,-0.600000,0.446099
91,-1.406111,0.811230,-1.417589,0.456937,-0.030318,-3.203253,1.000000,0.580000,0.260000,0.200000,-0.600000,0.456937
92,-1.405713,0.806668,-1.449621,0.467608,-0.026711,-3.238807,1.000000,0.700000,0.280000,0.200000,-0.600000,0.467608
93,-1.405413,0.801994,-1.482009,0.478103,-0.022826,-3.272392,1.000000,0.860000,0.300000,0.200000,-0.400000,0.478103
94,-1.405216,0.797212,-1.514733,0.491077,-0.016357,-3.205026,1.000000,0.840000,0.320000,0.200000,-0.400000,0.491077
95,-1.405105,0.792299,-1.546783,0.503627,-0.010342,-3.154293,1.000000,1.000000,0.360000,0.400000,-0.400000,0.503627
96,-1.405087,0.787262,-1.578326,0.529816,-0.004638,-3.116314,1.000000,1.000000,0.380000,0.400000,-0.400000,0.529816
97,-1.405173,0.781964,-1.609489,0.555652,0.001305,-3.096182,0.840000,1.000000,0.420000,0.400000,-0.400000,0.555652
98,-1.405375,0.776412,-1.640451,0.581161,0.007597,-3.089275,0.780000,1.000000,0.460000,0.200000,-0.400000,0.581161
99,-1.405704,0.770609,-1.671344,0.592357,0.014323,-3.092195,0.640000,1.000000,0.520000,0.200000,-0.400000,0.592357
100,-1.406156,0.764701,-1.702266,0.603261,0.021074,-3.096838,0.600000,1.000000,0.560000,0.600000,-0.400000,0.603261
101,-1.406738,0.758692,-1.733234,0.641877,0.027880,-3.102765,0.580000,1.000000,0.540000,0.200000,-0.400000,0.641877
102,-1.407501,0.752313,-1.764262,0.652184,0.035723,-3.119146,0.540000,1.000000,0.560000,0.600000,-0.400000,0.652184
103,-1.408404,0.745844,-1.795453,0.690176,0.043686,-3.134599,0.520000,1.000000,0.700000,0.600000,-0.400000,0.690176
104,-1.409516,0.739019,-1.826799,0.727835,0.052758,-3.157069,0.480000,1.000000,0.800000,0.600000,-0.200000,0.727835
105,-1.410848,0.731844,-1.858370,0.767287,0.065936,-3.057997,0.460000,1.000000,0.800000,0.600000,-0.200000,0.767287
106,-1.412392,0.724299,-1.888950,0.806271,0.079022,-2.981094,0.440000,1.000000,1.000000,0.600000,-0.400000,0.806271
107,-1.414164,0.716394,-1.918761,0.842691,0.089828,-3.022641,0.420000,1.000000,1.000000,0.600000,-0.400000,0.842691
108,-1.416193,0.708166,-1.948987,0.878706,0.101904,-3.064755,0.420000,0.940000,1.000000,0.600000,-0.400000,0.878706
109,-1.418490,0.699623,-1.979635,0.914268,0.115259,-3.106685,0.400000,0.780000,1.000000,0.400000,-0.400000,0.914268
110,-1.421067,0.690776,-2.010702,0.935329,0.129901,-3.147838,0.380000,0.720000,1.000000,0.400000,-0.400000,0.935329
111,-1.423875,0.681760,-2.042180,0.955839,0.145341,-3.185712,0.360000,0.680000,1.000000,0.200000,-0.400000,0.955839
112,-1.426921,0.672584,-2.074037,0.961767,0.161558,-3.220483,0.360000,0.540000,1.000000,0.200000,-0.400000,0.961767
113,-1.430144,0.663380,-2.106242,0.967083,0.178031,-3.250585,0.340000,0.520000,1.000000,0.200000,-0.400000,0.967083
114,-1.433547,0.654154,-2.138748,0.971777,0.194724,-3.276639,0.320000,0.480000,1.000000,0.200000,-0.400000,0.971777
115,-1.437133,0.644914,-2.171514,0.975844,0.211599,-3.299188,0.320000,0.460000,1.000000,0.200000,-0.400000,0.975844
116,-1.440903,0.635668,-2.204506,0.979278,0.228625,-3.318703,0.300000,0.420000,1.000000,0.200000,-0.400000,0.979278
117,-1.444859,0.626423,-2.237693,0.982075,0.245768,-3.335596,0.300000,0.400000,1.000000,0.200000,-0.400000,0.982075
118,-1.449003,0.617186,-2.271049,0.984234,0.263001,-3.350228,0.280000,0.380000,0.940000,0.200000,-0.400000,0.984234
119,-1.453334,0.607965,-2.304552,0.985753,0.280296,-3.362912,0.280000,0.360000,0.860000,0.000000,-0.400000,0.985753
120,-1.457854,0.598767,-2.338181,0.972632,0.297625,-3.373922,0.280000,0.340000,0.680000,0.200000,-0.400000,0.972632
121,-1.462464,0.589701,-2.371920,0.972873,0.314460,-3.382708,0.260000,0.340000,0.620000,0.200000,-0.400000,0.972873
122,-1.467263,0.580672,-2.405747,0.972498,0.331275,-3.390388,0.260000,0.320000,0.580000,0.200000,-0.400000,0.972498
123,-1.472248,0.571689,-2.439651,0.971510,0.348051,-3.397127,0.240000,0.300000,0.460000,0.000000,-0.400000,0.971510
124,-1.477419,0.562758,-2.473622,0.955912,0.364765,-3.403071,0.240000,0.280000,0.420000,0.000000,-0.400000,0.955912
125,-1.482664,0.553974,-2.507653,0.939708,0.380895,-3.407864,0.240000,0.280000,0.400000,0.000000,-0.400000,0.939708
126,-1.487979,0.545339,-2.541731,0.922922,0.396421,-3.411767,0.220000,0.260000,0.360000,-0.400000,-0.400000,0.922922
127,-1.493359,0.536857,-2.575849,0.877577,0.411323,-3.414993,0.220000,0.260000,0.340000,-0.400000,-0.400000,0.877577
128,-1.498563,0.528680,-2.609999,0.831696,0.424590,-3.417225,0.220000,0.240000,0.320000,-0.400000,-0.400000,0.831696
129,-1.503580,0.520804,-2.644171,0.785339,0.436210,-3.418896,0.200000,0.240000,0.300000,-0.400000,-0.400000,0.785339
130,-1.508400,0.513223,-2.678360,0.738566,0.446176,-3.420357,0.200000,0.220000,0.300000,-0.400000,-0.400000,0.738566
131,-1.513014,0.505932,-2.712564,0.691437,0.454484,-3.421888,0.200000,0.220000,0.280000,-0.400000,-0.400000,0.691437
132,-1.517411,0.498922,-2.746783,0.644008,0.461135,-3.423713,0.200000,0.220000,0.260000,-0.400000,-0.400000,0.644008
133,-1.521582,0.492189,-2.781020,0.596336,0.466128,-3.426010,0.200000,0.200000,0.260000,-0.400000,-0.600000,0.596336
134,-1.525517,0.485723,-2.815280,0.546691,0.470344,-3.391312,0.180000,0.200000,0.240000,-0.400000,-0.600000,0.546691
135,-1.529188,0.479515,-2.849193,0.497065,0.472657,-3.356677,0.180000,0.200000,0.240000,-0.400000,-0.600000,0.497065
136,-1.532585,0.473557,-2.882760,0.447524,0.473107,-3.322256,0.180000,0.180000,0.220000,-0.400000,-0.600000,0.447524
137,-1.535700,0.467838,-2.915982,0.398132,0.471738,-3.288169,0.180000,0.180000,0.220000,-0.400000,-0.600000,0.398132
138,-1.538525,0.462349,-2.948864,0.348947,0.468595,-3.254510,0.180000,0.180000,0.200000,-0.400000,-0.600000,0.348947
139,-1.541053,0.457082,-2.981409,0.300026,0.463725,-3.221350,0.180000,0.180000,0.200000,-0.400000,-0.600000,0.300026
140,-1.543275,0.452025,-3.013623,0.251419,0.457175,-3.188737,0.180000,0.180000,0.200000,-0.400000,-0.600000,0.251419
141,-1.545185,0.447170,-3.045510,0.203177,0.448993,-3.156703,0.180000,0.180000,0.200000,-0.400000,-0.600000,0.203177
142,-1.546777,0.442506,-3.077077,0.155343,0.439226,-3.125258,0.180000,0.180000,0.180000,-0.400000,-0.600000,0.155343
143,-1.548044,0.438023,-3.108330,0.107962,0.427923,-3.094398,0.180000,0.180000,0.180000,-0.400000,-0.600000,0.107962
144,-1.548980,0.433710,-3.139274,0.061071,0.415132,-3.064103,0.180000,0.180000,0.180000,-0.400000,-0.600000,0.061071
145,-1.549582,0.429557,-3.169915,0.014710,0.400900,-3.034339,0.180000,0.180000,0.180000,-0.400000,-0.600000,0.014710
146,-1.549842,0.425554,-3.200258,-0.031089,0.385273,-3.005071,0.180000,0.180000,0.180000,0.000000,-0.400000,-0.031089
147,-1.549758,0.421690,-3.230309,-0.046554,0.367326,-3.017820,0.180000,0.180000,0.180000,0.200000,-0.400000,-0.046554
148,-1.549619,0.417990,-3.260487,-0.047524,0.348922,-3.030695,0.180000,0.180000,0.180000,0.200000,-0.400000,-0.047524
149,-1.549561,0.414469,-3.290794,-0.047984,0.330485,-3.043572,0.200000,0.180000,0.180000,0.200000,-0.400000,-0.047984
150,-1.549578,0.411129,-3.321230,-0.047926,0.312030,-3.056444,0.200000,0.180000,0.180000,0.200000,-0.400000,-0.047926
151,-1.549664,0.407973,-3.351794,-0.047347,0.293573,-3.069301,0.200000,0.180000,0.180000,0.200000,-0.400000,-0.047347
152,-1.549814,0.405004,-3.382487,-0.046240,0.275130,-3.082135,0.200000,0.180000,0.180000,0.200000,-0.400000,-0.046240
153,-1.550021,0.402221,-3.413308,-0.044602,0.256717,-3.094932,0.200000,0.180000,0.180000,0.200000,-0.400000,-0.044602
154,-1.550280,0.399629,-3.444258,-0.042429,0.238351,-3.107679,0.220000,0.180000,0.160000,0.200000,-0.400000,-0.042429
155,-1.550586,0.397227,-3.475335,-0.039717,0.220048,-3.120360,0.220000,0.180000,0.160000,0.200000,-0.400000,-0.039717
156,-1.550931,0.395018,-3.506538,-0.036464,0.201826,-3.132954,0.220000,0.180000,0.160000,0.200000,-0.400000,-0.036464
157,-1.551311,0.393002,-3.537868,-0.032666,0.183702,-3.145437,0.220000,0.180000,0.160000,0.000000,-0.400000,-0.032666
158,-1.551719,0.391182,-3.569322,-0.042323,0.165693,-3.157777,0.240000,0.180000,0.160000,0.200000,-0.400000,-0.042323
159,-1.552021,0.389498,-3.600900,-0.037427,0.147400,-3.169859,0.240000,0.180000,0.160000,0.200000,-0.400000,-0.037427
160,-1.552339,0.388011,-3.632598,-0.031968,0.129262,-3.181587,0.240000,0.180000,0.160000,0.000000,-0.400000,-0.031968
161,-1.552666,0.386721,-3.664414,-0.039946,0.111301,-3.192770,0.260000,0.200000,0.180000,0.200000,-0.400000,-0.039946
162,-1.552876,0.385557,-3.696342,-0.033350,0.093123,-3.203017,0.260000,0.200000,0.180000,0.200000,-0.400000,-0.033350
163,-1.553083,0.384590,-3.728372,-0.026172,0.075179,-3.211875,0.280000,0.200000,0.180000,0.200000,-0.400000,-0.026172
164,-1.553281,0.383819,-3.760491,-0.010702,0.075725,-2.439188,0.280000,0.200000,0.180000,0.200000,-0.400000,-0.010702
165,-1.553634,0.383140,-3.784883,-0.002400,0.058539,-2.448298,0.300000,0.200000,0.180000,0.200000,-0.400000,-0.002400
166,-1.553966,0.382657,-3.809366,0.014070,0.059884,-1.672461,0.300000,0.200000,0.180000,0.200000,-0.600000,0.014070
167,-1.554447,0.382274,-3.826090,0.021412,0.043993,-1.643600,0.320000,0.220000,0.180000,0.200000,-0.600000,0.021412
168,-1.554891,0.382069,-3.842526,0.029912,0.029481,-1.558752,0.320000,0.220000,0.180000,0.200000,-0.600000,0.029912
169,-1.555310,0.382036,-3.858114,0.041516,0.019206,-1.294665,0.340000,0.220000,0.180000,0.200000,-0.600000,0.041516
170,-1.555749,0.382164,-3.871061,0.052397,0.007588,-1.086704,0.340000,0.220000,0.180000,0.600000,-0.800000,0.052397
171,-1.556190,0.382457,-3.881928,0.088606,-0.005326,-0.937468,0.340000,0.220000,0.180000,0.600000,-0.800000,0.088606
172,-1.556808,0.383094,-3.891302,0.124493,-0.017036,-0.874384,0.340000,0.220000,0.180000,0.600000,-0.800000,0.124493
173,-1.557603,0.384067,-3.900046,0.160369,-0.025095,-0.986166,0.360000,0.220000,0.180000,0.600000,-0.800000,0.160369
174,-1.558595,0.385352,-3.909908,0.196320,-0.031192,-1.171386,0.360000,0.220000,0.180000,0.600000,-0.800000,0.196320
175,-1.559790,0.386940,-3.921622,0.232377,-0.036305,-1.370586,0.360000,0.220000,0.180000,0.200000,-0.600000,0.232377
176,-1.561186,0.388833,-3.935327,0.242978,-0.040109,-1.550542,0.380000,0.220000,0.180000,0.200000,-0.600000,0.242978
177,-1.562604,0.390846,-3.950833,0.253881,-0.043306,-1.707989,0.380000,0.220000,0.180000,0.200000,-0.600000,0.253881
178,-1.564043,0.392983,-3.967913,0.265030,-0.045939,-1.848031,0.400000,0.220000,0.180000,0.200000,-0.600000,0.265030
179,-1.565501,0.395243,-3.986393,0.276372,-0.048058,-1.974416,0.420000,0.240000,0.180000,0.200000,-0.600000,0.276372
180,-1.566976,0.397629,-4.006137,0.287862,-0.049710,-2.089898,0.420000,0.240000,0.180000,0.200000,-0.600000,0.287862
181,-1.568466,0.400142,-4.027036,0.299461,-0.050932,-2.196501,0.440000,0.240000,0.180000,0.200000,-0.600000,0.299461
182,-1.569967,0.402782,-4.049001,0.311135,-0.051755,-2.295707,0.420000,0.240000,0.180000,0.200000,-0.600000,0.311135
183,-1.571475,0.405553,-4.071958,0.322856,-0.052202,-2.388608,0.420000,0.240000,0.180000,0.200000,-0.600000,0.322856
184,-1.572986,0.408453,-4.095844,0.334599,-0.052292,-2.476004,0.420000,0.260000,0.180000,0.200000,-0.600000,0.334599
185,-1.574494,0.411486,-4.120604,0.346343,-0.052038,-2.558485,0.420000,0.260000,0.180000,0.000000,-0.400000,0.346343
186,-1.575994,0.414650,-4.146189,0.347060,-0.047621,-2.472813,0.480000,0.260000,0.180000,0.200000,-0.600000,0.347060
187,-1.577454,0.417835,-4.170917,0.358463,-0.047682,-2.555300,0.520000,0.280000,0.180000,0.200000,-0.400000,0.358463
188,-1.578893,0.421152,-4.196470,0.372812,-0.043814,-2.483490,0.600000,0.280000,0.180000,0.200000,-0.400000,0.372812
189,-1.580351,0.424611,-4.221305,0.386737,-0.040540,-2.441119,0.680000,0.300000,0.200000,0.200000,-0.400000,0.386737
190,-1.581817,0.428213,-4.245717,0.400341,-0.037641,-2.419629,0.820000,0.300000,0.200000,0.200000,-0.400000,0.400341
191,-1.583282,0.431958,-4.269913,0.413691,-0.034961,-2.413146,0.860000,0.320000,0.200000,0.200000,-0.400000,0.413691
192,-1.584738,0.435846,-4.294044,0.426832,-0.032389,-2.417570,0.860000,0.340000,0.200000,0.200000,-0.400000,0.426832
193,-1.586176,0.439878,-4.318220,0.439793,-0.029842,-2.429978,0.940000,0.360000,0.200000,0.200000,-0.400000,0.439793
194,-1.587589,0.444053,-4.342520,0.452594,-0.027259,-2.448242,0.940000,0.360000,0.200000,0.200000,-0.600000,0.452594
195,-1.588971,0.448371,-4.367002,0.462672,-0.026550,-2.554465,1.000000,0.400000,0.220000,0.200000,-0.400000,0.462672
196,-1.590288,0.452815,-4.392547,0.475337,-0.023306,-2.568593,1.000000,0.380000,0.220000,0.200000,-0.400000,0.475337
197,-1.591561,0.457400,-4.418233,0.487829,-0.020002,-2.586734,1.000000,0.380000,0.220000,0.200000,-0.400000,0.487829
198,-1.592784,0.462127,-4.444100,0.500154,-0.016602,-2.607817,1.000000,0.380000,0.220000,0.200000,-0.400000,0.500154
199,-1.593950,0.466994,-4.470178,0.512317,-0.013074,-2.631012,1.000000,0.360000,0.240000,0.000000,-0.400000,0.512317
200,-1.595051,0.471999,-4.496488,0.510319,-0.009396,-2.655670,1.000000,0.400000,0.240000,0.200000,-0.400000,0.510319
201,-1.596053,0.477003,-4.523045,0.522191,-0.005938,-2.673763,1.000000,0.460000,0.260000,0.200000,-0.400000,0.522191
202,-1.596977,0.482143,-4.549783,0.533907,-0.002314,-2.693864,1.000000,0.520000,0.260000,0.200000,-0.400000,0.533907
203,-1.597819,0.487416,-4.576721,0.545465,0.001491,-2.715387,1.000000,0.620000,0.280000,0.200000,-0.400000,0.545465
204,-1.598572,0.492818,-4.603875,0.556862,0.005491,-2.737859,1.000000,0.760000,0.280000,0.200000,-0.400000,0.556862
205,-1.599229,0.498348,-4.631254,0.568094,0.009696,-2.760900,1.000000,0.820000,0.300000,0.200000,-0.200000,0.568094
206,-1.599786,0.504002,-4.658863,0.581336,0.018081,-2.614424,1.000000,0.800000,0.320000,0.200000,-0.200000,0.581336
207,-1.600278,0.509798,-4.685007,0.594235,0.025267,-2.494905,1.000000,0.880000,0.340000,0.200000,-0.200000,0.594235
208,-1.600693,0.515731,-4.709956,0.606868,0.031521,-2.396578,1.000000,0.880000,0.340000,0.200000,-0.400000,0.606868
209,-1.601023,0.521799,-4.733922,0.617124,0.033964,-2.447203,1.000000,0.960000,0.320000,0.600000,-0.400000,0.617124
210,-1.601230,0.527976,-4.758394,0.655291,0.036871,-2.495759,1.000000,0.980000,0.320000,0.400000,-0.400000,0.655291
211,-1.601297,0.534539,-4.783351,0.679340,0.041043,-2.550392,1.000000,0.980000,0.320000,0.400000,-0.400000,0.679340
212,-1.601224,0.541344,-4.808855,0.703235,0.046085,-2.605373,0.760000,1.000000,0.320000,0.400000,-0.400000,0.703235
213,-1.601006,0.548388,-4.834909,0.726947,0.051996,-2.660015,0.720000,1.000000,0.360000,0.400000,-0.400000,0.726947
214,-1.600633,0.555667,-4.861509,0.750444,0.058773,-2.713754,0.680000,1.000000,0.420000,0.400000,-0.200000,0.750444
215,-1.600100,0.563175,-4.888647,0.775838,0.069008,-2.655167,0.640000,1.000000,0.480000,0.400000,-0.200000,0.775838
216,-1.599419,0.570935,-4.915199,0.800920,0.079055,-2.608127,0.620000,1.000000,0.560000,0.600000,-0.200000,0.800920
217,-1.598580,0.578939,-4.941280,0.839709,0.089025,-2.570420,0.600000,1.000000,0.680000,0.600000,-0.200000,0.839709
218,-1.597542,0.587319,-4.966984,0.878215,0.099424,-2.542806,0.580000,1.000000,0.740000,0.600000,-0.200000,0.878215
219,-1.596292,0.596068,-4.992412,0.916430,0.110320,-2.523341,0.540000,1.000000,0.740000,0.400000,-0.200000,0.916430
220,-1.594819,0.605181,-5.017645,0.940344,0.121772,-2.510493,0.520000,1.000000,0.800000,0.400000,-0.200000,0.940344
221,-1.593155,0.614515,-5.042750,0.963941,0.133416,-2.501226,0.440000,1.000000,0.800000,0.400000,-0.200000,0.963941
222,-1.591290,0.624066,-5.067763,0.987218,0.145290,-2.494962,0.440000,1.000000,0.880000,0.400000,-0.200000,0.987218
223,-1.589217,0.633827,-5.092712,1.010170,0.157428,-2.491228,0.420000,1.000000,0.860000,0.400000,-0.200000,1.010170
224,-1.586929,0.643791,-5.117625,1.032791,0.169859,-2.489634,0.400000,1.000000,0.900000,0.400000,-0.200000,1.032791
225,-1.584418,0.653952,-5.142521,1.055072,0.182607,-2.489859,0.400000,1.000000,0.920000,0.400000,-0.200000,1.055072
226,-1.581678,0.664304,-5.167419,1.077003,0.195692,-2.491634,0.380000,1.000000,0.920000,0.400000,-0.200000,1.077003
227,-1.578703,0.674838,-5.192336,1.098576,0.209131,-2.494737,0.360000,1.000000,0.960000,0.400000,-0.200000,1.098576
228,-1.575485,0.685548,-5.217283,1.119779,0.222940,-2.498982,0.360000,0.640000,1.000000,0.200000,-0.200000,1.119779
229,-1.572020,0.696427,-5.242273,1.126602,0.237131,-2.504213,0.340000,0.600000,0.980000,0.200000,-0.200000,1.126602
230,-1.568372,0.707347,-5.267315,1.133029,0.251312,-2.509449,0.340000,0.560000,1.000000,0.200000,-0.200000,1.133029
231,-1.564538,0.718301,-5.292410,1.139063,0.265489,-2.514759,0.320000,0.540000,1.000000,0.200000,-0.400000,1.139063
232,-1.560516,0.729283,-5.317557,1.142688,0.278940,-2.551316,0.320000,0.520000,1.000000,0.200000,-0.400000,1.142688
233,-1.556310,0.740268,-5.343070,1.145857,0.292770,-2.584702,0.300000,0.500000,1.000000,0.200000,-0.400000,1.145857
234,-1.551917,0.751249,-5.368917,1.148561,0.306938,-2.615155,0.300000,0.480000,1.000000,0.200000,-0.400000,1.148561
235,-1.547338,0.762220,-5.395069,1.150789,0.321406,-2.642904,0.280000,0.460000,1.000000,0.200000,-0.400000,1.150789
236,-1.542572,0.773176,-5.421498,1.152536,0.336138,-2.668170,0.280000,0.440000,1.000000,0.200000,-0.400000,1.152536
237,-1.537618,0.784112,-5.448180,1.153794,0.351100,-2.691164,0.280000,0.420000,1.000000,0.200000,-0.200000,1.153794
238,-1.532477,0.795022,-5.475091,1.156548,0.366638,-2.695899,0.260000,0.400000,1.000000,0.200000,-0.200000,1.156548
239,-1.527137,0.805916,-5.502050,1.158848,0.382159,-2.701256,0.260000,0.380000,1.000000,0.200000,-0.400000,1.158848
240,-1.521599,0.816789,-5.529063,1.158712,0.397392,-2.718976,0.240000,0.360000,1.000000,0.000000,-0.200000,1.158712
241,-1.515874,0.827619,-5.556253,1.146060,0.412971,-2.725421,0.240000,0.340000,1.000000,0.000000,-0.200000,1.146060
242,-1.510055,0.838321,-5.583507,1.132942,0.428123,-2.732404,0.240000,0.340000,0.500000,0.000000,-0.200000,1.132942
243,-1.504144,0.848893,-5.610831,1.119366,0.442852,-2.739991,0.220000,0.320000,0.480000,0.000000,-0.200000,1.119366
244,-1.498145,0.859329,-5.638231,1.105342,0.457163,-2.748234,0.220000,0.300000,0.440000,0.000000,-0.200000,1.105342
245,-1.492060,0.869627,-5.665713,1.090876,0.471060,-2.757175,0.220000,0.240000,0.420000,0.000000,-0.200000,1.090876
246,-1.485893,0.879784,-5.693285,1.075975,0.484547,-2.766846,0.200000,0.240000,0.400000,0.000000,-0.400000,1.075975
247,-1.479647,0.889796,-5.720953,1.058689,0.497682,-2.774822,0.200000,0.220000,0.380000,0.000000,-0.400000,1.058689
248,-1.473343,0.899650,-5.748702,1.040993,0.510364,-2.781974,0.200000,0.220000,0.360000,-0.400000,-0.400000,1.040993
249,-1.466985,0.909345,-5.776521,0.994904,0.522576,-2.788437,0.180000,0.200000,0.340000,-0.400000,-0.400000,0.994904
250,-1.460822,0.918742,-5.804406,0.948435,0.533489,-2.793887,0.180000,0.200000,0.320000,-0.400000,-0.400000,0.948435
251,-1.454861,0.927846,-5.832345,0.901629,0.543089,-2.798623,0.180000,0.200000,0.300000,-0.400000,-0.400000,0.901629
252,-1.449112,0.936663,-5.860331,0.854525,0.551365,-2.802898,0.160000,0.180000,0.280000,-0.400000,-0.400000,0.854525
253,-1.443582,0.945198,-5.888360,0.807162,0.558308,-2.806926,0.160000,0.180000,0.280000,-0.400000,-0.400000,0.807162
254,-1.438279,0.953456,-5.916429,0.759580,0.563914,-2.810888,0.160000,0.180000,0.260000,-0.400000,-0.400000,0.759580
255,-1.433211,0.961444,-5.944538,0.711816,0.568180,-2.814939,0.160000,0.160000,0.260000,-0.400000,-0.400000,0.711816
256,-1.428384,0.969168,-5.972687,0.663908,0.571102,-2.819206,0.160000,0.160000,0.240000,-0.400000,-0.400000,0.663908
257,-1.423808,0.976634,-6.000879,0.615892,0.572682,-2.823797,0.140000,0.160000,0.240000,-0.400000,-0.400000,0.615892
258,-1.419488,0.983850,-6.029117,0.567804,0.572918,-2.828802,0.140000,0.160000,0.220000,-0.400000,-0.400000,0.567804
259,-1.415432,0.990823,-6.057405,0.519681,0.571812,-2.834294,0.140000,0.140000,0.220000,-0.400000,-0.400000,0.519681
260,-1.411647,0.997559,-6.085748,0.471558,0.569365,-2.840331,0.140000,0.140000,0.200000,-0.400000,-0.400000,0.471558
261,-1.408140,1.004067,-6.114152,0.423471,0.565578,-2.846958,0.140000,0.140000,0.200000,-0.400000,-0.400000,0.423471
262,-1.404917,1.010354,-6.142621,0.375454,0.560453,-2.854207,0.140000,0.140000,0.200000,-0.400000,-0.400000,0.375454
263,-1.401985,1.016430,-6.171163,0.327543,0.553992,-2.862100,0.140000,0.140000,0.200000,-0.400000,-0.400000,0.327543
264,-1.399349,1.022301,-6.199784,0.279775,0.546197,-2.870646,0.140000,0.120000,0.180000,-0.400000,-0.400000,0.279775
265,-1.397016,1.027977,-6.228491,0.232185,0.537069,-2.879842,0.140000,0.120000,0.180000,-0.400000,-0.400000,0.232185
266,-1.394992,1.033467,-6.257289,0.184810,0.526610,-2.889674,0.140000,0.120000,0.180000,-0.400000,-0.400000,0.184810
267,-1.393281,1.038779,-6.286186,0.137687,0.514822,-2.900120,0.140000,0.120000,0.180000,-0.400000,-0.400000,0.137687
268,-1.391888,1.043923,-6.315187,0.090854,0.501707,-2.911144,0.140000,0.120000,0.180000,-0.400000,-0.400000,0.090854
269,-1.390820,1.048908,-6.344299,0.044349,0.487265,-2.922705,0.140000,0.120000,0.160000,-0.400000,-0.400000,0.044349
270,-1.390079,1.053745,-6.373526,-0.001787,0.471501,-2.934754,0.140000,0.120000,0.160000,0.000000,-0.400000,-0.001787
271,-1.389672,1.058442,-6.402873,-0.019516,0.454414,-2.947242,0.140000,0.120000,0.160000,0.000000,-0.400000,-0.019516
272,-1.389323,1.062977,-6.432346,-0.036798,0.436816,-2.959888,0.140000,0.120000,0.160000,0.200000,-0.400000,-0.036798
273,-1.389038,1.067352,-6.461944,-0.039614,0.418715,-2.972683,0.140000,0.120000,0.160000,0.200000,-0.400000,-0.039614
274,-1.388683,1.071542,-6.491671,-0.041948,0.400529,-2.985503,0.140000,0.120000,0.160000,0.200000,-0.400000,-0.041948
275,-1.388264,1.075548,-6.521526,-0.043793,0.382271,-2.998343,0.140000,0.120000,0.160000,0.200000,-0.400000,-0.043793
276,-1.387787,1.079366,-6.551510,-0.045140,0.363955,-3.011198,0.140000,0.120000,0.160000,0.200000,-0.400000,-0.045140
277,-1.387258,1.082995,-6.581622,-0.045985,0.345596,-3.024062,0.140000,0.120000,0.160000,0.200000,-0.400000,-0.045985
278,-1.386681,1.086433,-6.611862,-0.046321,0.327208,-3.036927,0.160000,0.120000,0.160000,0.200000,-0.400000,-0.046321
279,-1.386063,1.089680,-6.642232,-0.046142,0.308805,-3.049786,0.160000,0.120000,0.160000,0.200000,-0.400000,-0.046142
280,-1.385410,1.092733,-6.672729,-0.045444,0.290405,-3.062629,0.160000,0.120000,0.160000,0.200000,-0.400000,-0.045444
281,-1.384728,1.095592,-6.703356,-0.044221,0.272022,-3.075447,0.160000,0.120000,0.160000,0.200000,-0.400000,-0.044221
282,-1.384022,1.098256,-6.734110,-0.042469,0.253673,-3.088228,0.160000,0.120000,0.160000,0.200000,-0.400000,-0.042469
283,-1.383299,1.100724,-6.764992,-0.040185,0.235374,-3.100957,0.160000,0.140000,0.160000,0.200000,-0.400000,-0.040185
284,-1.382564,1.102996,-6.796002,-0.037365,0.217142,-3.113620,0.180000,0.140000,0.160000,0.200000,-0.400000,-0.037365
285,-1.381824,1.105072,-6.827138,-0.034006,0.198993,-3.126195,0.180000,0.140000,0.160000,0.000000,-0.400000,-0.034006
286,-1.381085,1.106950,-6.858400,-0.044107,0.180946,-3.138661,0.180000,0.140000,0.160000,0.200000,-0.400000,-0.044107
287,-1.380471,1.108709,-6.889787,-0.039660,0.162599,-3.150961,0.200000,0.140000,0.160000,0.200000,-0.400000,-0.039660
288,-1.379870,1.110271,-6.921296,-0.034656,0.144390,-3.163007,0.200000,0.140000,0.160000,0.000000,-0.400000,-0.034656
289,-1.379288,1.111637,-6.952926,-0.043093,0.126340,-3.174688,0.200000,0.140000,0.160000,0.200000,-0.400000,-0.043093
290,-1.378842,1.112895,-6.984673,-0.036962,0.108052,-3.185705,0.220000,0.140000,0.160000,0.200000,-0.400000,-0.036962
291,-1.378427,1.113959,-7.016530,-0.030254,0.089973,-3.195735,0.220000,0.140000,0.140000,0.000000,-0.400000,-0.030254
292,-1.378049,1.114830,-7.048488,-0.029264,0.090350,-2.425074,0.240000,0.160000,0.140000,0.200000,-0.400000,-0.029264
293,-1.377635,1.115684,-7.072738,-0.021311,0.072724,-2.435717,0.260000,0.160000,0.140000,0.200000,-0.400000,-0.021311
294,-1.377268,1.116347,-7.097096,-0.012924,0.055317,-2.444545,0.260000,0.160000,0.120000,0.400000,-0.400000,-0.012924
295,-1.376955,1.116821,-7.121541,0.017619,0.056402,-1.670348,0.280000,0.160000,0.120000,0.200000,-0.600000,0.017619
296,-1.376418,1.117067,-7.138245,0.025057,0.040615,-1.638816,0.300000,0.160000,0.120000,0.200000,-0.600000,0.025057
297,-1.375947,1.117145,-7.154633,0.034147,0.026931,-1.520130,0.300000,0.160000,0.120000,0.200000,-0.600000,0.034147
298,-1.375521,1.117057,-7.169834,0.045530,0.016296,-1.272375,0.320000,0.160000,0.120000,0.000000,-0.600000,0.045530
299,-1.375107,1.116807,-7.182558,0.042564,0.004876,-1.056994,0.320000,0.180000,0.120000,0.600000,-0.600000,0.042564
300,-1.374804,1.116504,-7.193128,0.083552,-0.004037,-0.729682,0.340000,0.180000,0.120000,0.600000,-0.600000,0.083552
301,-1.374323,1.115820,-7.200425,0.121505,-0.015394,-0.692037,0.340000,0.180000,0.120000,0.600000,-0.600000,0.121505
302,-1.373706,1.114761,-7.207345,0.159469,-0.022649,-0.851503,0.340000,0.180000,0.120000,0.600000,-0.600000,0.159469
303,-1.372926,1.113352,-7.215860,0.197552,-0.028456,-1.051811,0.360000,0.180000,0.120000,0.600000,-0.600000,0.197552
304,-1.371978,1.111596,-7.226378,0.235751,-0.033443,-1.255564,0.360000,0.180000,0.120000,0.200000,-0.600000,0.235751
305,-1.370864,1.109491,-7.238934,0.246055,-0.037644,-1.456576,0.380000,0.180000,0.120000,0.200000,-0.600000,0.246055
306,-1.369752,1.107264,-7.253499,0.256687,-0.041208,-1.631385,0.400000,0.180000,0.120000,0.200000,-0.600000,0.256687
307,-1.368642,1.104914,-7.269813,0.267597,-0.044167,-1.785627,0.420000,0.180000,0.120000,0.200000,-0.600000,0.267597
308,-1.367534,1.102438,-7.287670,0.278735,-0.046565,-1.923554,0.440000,0.180000,0.120000,0.200000,-0.600000,0.278735
309,-1.366432,1.099836,-7.306905,0.290051,-0.048450,-2.048389,0.480000,0.180000,0.120000,0.200000,-0.600000,0.290051
310,-1.365337,1.097107,-7.327389,0.301504,-0.049865,-2.162567,0.540000,0.200000,0.140000,0.200000,-0.600000,0.301504
311,-1.364253,1.094250,-7.349015,0.313055,-0.050845,-2.267917,0.600000,0.200000,0.140000,0.200000,-0.600000,0.313055
312,-1.363183,1.091264,-7.371694,0.324672,-0.051420,-2.365813,0.700000,0.200000,0.140000,0.000000,-0.600000,0.324672
313,-1.362133,1.088149,-7.395352,0.322328,-0.051613,-2.457283,0.800000,0.220000,0.140000,0.200000,-0.400000,0.322328
314,-1.361169,1.085030,-7.419925,0.337157,-0.047667,-2.356933,0.800000,0.220000,0.140000,0.000000,-0.400000,0.337157
315,-1.360183,1.081771,-7.443494,0.337457,-0.044540,-2.298413,0.800000,0.240000,0.140000,0.200000,-0.400000,0.337457
316,-1.359245,1.078499,-7.466478,0.351508,-0.042056,-2.250072,1.000000,0.240000,0.140000,0.200000,-0.600000,0.351508
317,-1.358306,1.075085,-7.488979,0.362394,-0.043028,-2.359185,1.000000,0.260000,0.140000,0.200000,-0.400000,0.362394
318,-1.357414,1.071547,-7.512571,0.376215,-0.040364,-2.328443,1.000000,0.260000,0.140000,0.200000,-0.400000,0.376215
319,-1.356535,1.067867,-7.535855,0.389760,-0.037989,-2.316856,1.000000,0.280000,0.140000,0.200000,-0.400000,0.389760
320,-1.355677,1.064046,-7.559024,0.403085,-0.035767,-2.318915,1.000000,0.300000,0.160000,0.200000,-0.400000,0.403085
321,-1.354847,1.060085,-7.582213,0.416229,-0.033603,-2.330791,1.000000,0.320000,0.160000,0.200000,-0.400000,0.416229
322,-1.354054,1.055985,-7.605521,0.429217,-0.031424,-2.349767,1.000000,0.340000,0.160000,0.200000,-0.400000,0.429217
323,-1.353303,1.051748,-7.629019,0.442064,-0.029178,-2.373870,1.000000,0.380000,0.160000,0.200000,-0.400000,0.442064
324,-1.352601,1.047373,-7.652757,0.454780,-0.026825,-2.401645,1.000000,0.420000,0.160000,0.200000,-0.400000,0.454780
325,-1.351955,1.042864,-7.676774,0.467369,-0.024335,-2.431998,1.000000,0.480000,0.180000,0.200000,-0.400000,0.467369
326,-1.351370,1.038220,-7.701094,0.479832,-0.021683,-2.464093,1.000000,0.540000,0.180000,0.200000,-0.400000,0.479832
327,-1.350854,1.033445,-7.725735,0.492170,-0.018851,-2.497287,1.000000,0.640000,0.180000,0.200000,-0.200000,0.492170
328,-1.350412,1.028539,-7.750707,0.506518,-0.011029,-2.325995,1.000000,0.760000,0.200000,0.200000,-0.200000,0.506518
329,-1.349999,1.023490,-7.773967,0.520469,-0.004622,-2.192045,1.000000,0.760000,0.200000,0.400000,-0.400000,0.520469
330,-1.349629,1.018298,-7.795888,0.545946,-0.003353,-2.261162,1.000000,0.740000,0.220000,0.400000,-0.400000,0.545946
331,-1.349346,1.012846,-7.818499,0.571367,-0.001226,-2.332618,1.000000,1.000000,0.220000,0.400000,-0.200000,0.571367
332,-1.349155,1.007135,-7.841826,0.598886,0.005678,-2.237273,1.000000,1.000000,0.240000,0.600000,-0.200000,0.598886
333,-1.349026,1.001148,-7.864198,0.640126,0.012055,-2.167124,1.000000,1.000000,0.240000,0.600000,-0.200000,0.640126
334,-1.348970,0.994746,-7.885870,0.681123,0.018445,-2.121546,0.980000,1.000000,0.260000,0.600000,-0.200000,0.681123
335,-1.349003,0.987932,-7.907085,0.721904,0.025024,-2.094168,0.940000,1.000000,0.280000,0.600000,-0.200000,0.721904
336,-1.349137,0.980710,-7.928027,0.762479,0.031922,-2.080473,0.800000,1.000000,0.300000,0.600000,-0.200000,0.762479
337,-1.349382,0.973082,-7.948831,0.802851,0.039244,-2.077176,0.760000,1.000000,0.320000,0.600000,-0.200000,0.802851
338,-1.349752,0.965053,-7.969603,0.843016,0.047073,-2.081830,0.720000,1.000000,0.360000,0.600000,-0.200000,0.843016
339,-1.350257,0.956624,-7.990422,0.882964,0.055476,-2.092576,0.700000,1.000000,0.400000,0.600000,-0.200000,0.882964
340,-1.350908,0.947801,-8.011347,0.922684,0.064511,-2.107975,0.660000,1.000000,0.440000,0.600000,-0.200000,0.922684
341,-1.351717,0.938587,-8.032427,0.962159,0.074228,-2.126899,0.640000,1.000000,0.480000,0.600000,-0.200000,0.962159
342,-1.352694,0.928987,-8.053696,1.001372,0.084668,-2.148457,0.620000,1.000000,0.560000,0.600000,-0.200000,1.001372
343,-1.353851,0.919004,-8.075181,1.040303,0.095867,-2.171933,0.600000,1.000000,0.660000,0.600000,-0.200000,1.040303
344,-1.355198,0.908644,-8.096900,1.078929,0.107858,-2.196753,0.580000,1.000000,0.660000,0.600000,-0.200000,1.078929
345,-1.356747,0.897912,-8.118867,1.117228,0.120666,-2.222456,0.560000,1.000000,0.660000,0.600000,-0.200000,1.117228
346,-1.358507,0.886814,-8.141092,1.155175,0.134315,-2.248670,0.540000,1.000000,0.760000,0.400000,-0.200000,1.155175
347,-1.360490,0.875355,-8.163579,1.178745,0.148826,-2.275097,0.520000,1.000000,0.920000,0.400000,-0.200000,1.178745
348,-1.362664,0.863674,-8.186330,1.201912,0.163843,-2.300100,0.500000,1.000000,0.900000,0.400000,-0.200000,1.201912
349,-1.365037,0.851778,-8.209331,1.224660,0.179368,-2.323801,0.480000,1.000000,1.000000,0.600000,-0.200000,1.224660
350,-1.367616,0.839673,-8.232569,1.260973,0.195400,-2.346313,0.460000,1.000000,1.000000,0.400000,-0.200000,1.260973
351,-1.370461,0.827234,-8.256032,1.282836,0.212318,-2.368876,0.460000,0.880000,1.000000,0.400000,-0.200000,1.282836
352,-1.373527,0.814597,-8.279721,1.304220,0.229750,-2.390297,0.440000,0.840000,1.000000,0.400000,-0.200000,1.304220
353,-1.376821,0.801771,-8.303624,1.325111,0.247692,-2.410694,0.420000,0.780000,1.000000,0.400000,-0.200000,1.325111
354,-1.380349,0.788760,-8.327731,1.345490,0.266142,-2.430178,0.420000,0.660000,1.000000,0.400000,-0.400000,1.345490
355,-1.384120,0.775573,-8.352032,1.363317,0.284217,-2.486465,0.400000,0.620000,1.000000,0.400000,-0.400000,1.363317
356,-1.388135,0.762238,-8.376897,1.380524,0.303327,-2.538280,0.380000,0.580000,1.000000,0.000000,-0.200000,1.380524
357,-1.392402,0.748763,-8.402280,1.371095,0.324163,-2.554036,0.380000,0.560000,1.000000,0.000000,-0.200000,1.371095
358,-1.396782,0.735372,-8.427820,1.361057,0.344662,-2.568142,0.360000,0.540000,1.000000,0.200000,-0.400000,1.361057
359,-1.401276,0.722071,-8.453502,1.362419,0.364250,-2.604993,0.360000,0.500000,1.000000,0.200000,-0.200000,1.362419
360,-1.405956,0.708767,-8.479551,1.365124,0.384716,-2.616969,0.340000,0.480000,1.000000,0.200000,-0.200000,1.365124
361,-1.410831,0.695448,-8.505721,1.367228,0.405209,-2.628683,0.340000,0.460000,1.000000,0.200000,-0.200000,1.367228
362,-1.415903,0.682120,-8.532008,1.368727,0.425727,-2.640263,0.320000,0.440000,1.000000,0.200000,-0.200000,1.368727
363,-1.421173,0.668790,-8.558411,1.369618,0.446266,-2.651821,0.320000,0.420000,1.000000,0.200000,-0.200000,1.369618
364,-1.426642,0.655464,-8.584929,1.369897,0.466822,-2.663454,0.300000,0.400000,0.920000,-0.200000,-0.200000,1.369897
365,-1.432311,0.642148,-8.611563,1.341560,0.487394,-2.675242,0.300000,0.380000,0.860000,-0.200000,-0.200000,1.341560
366,-1.437989,0.629053,-8.638316,1.312602,0.507164,-2.686959,0.280000,0.360000,0.700000,0.000000,-0.200000,1.312602
367,-1.443671,0.616179,-8.665185,1.297043,0.526129,-2.698834,0.280000,0.340000,0.640000,0.000000,-0.200000,1.297043
368,-1.449453,0.603432,-8.692174,1.280899,0.544693,-2.711091,0.260000,0.340000,0.600000,0.000000,-0.400000,1.280899
369,-1.455333,0.590816,-8.719285,1.262218,0.562884,-2.722501,0.260000,0.320000,0.480000,0.000000,-0.200000,1.262218
370,-1.461292,0.578346,-8.746510,1.244928,0.580565,-2.735760,0.260000,0.300000,0.460000,0.000000,-0.400000,1.244928
371,-1.467343,0.566014,-8.773867,1.225118,0.597949,-2.744806,0.240000,0.300000,0.420000,-0.200000,-0.400000,1.225118
372,-1.473466,0.553834,-8.801315,1.190774,0.614840,-2.752920,0.240000,0.280000,0.400000,-0.200000,-0.400000,1.190774
373,-1.479544,0.541890,-8.828844,1.155913,0.630817,-2.760026,0.240000,0.280000,0.380000,0.000000,-0.400000,1.155913
374,-1.485570,0.530182,-8.856445,1.134564,0.645856,-2.766344,0.220000,0.260000,0.360000,-0.400000,-0.400000,1.134564
375,-1.491656,0.518632,-8.884108,1.084755,0.660335,-2.772211,0.220000,0.260000,0.340000,-0.400000,-0.400000,1.084755
376,-1.497557,0.507387,-8.911830,1.034507,0.673442,-2.777486,0.220000,0.240000,0.320000,-0.400000,-0.400000,1.034507
377,-1.503266,0.496442,-8.939605,0.983859,0.685162,-2.782388,0.200000,0.240000,0.300000,-0.400000,-0.200000,0.983859
378,-1.508774,0.485793,-8.967429,0.934787,0.695110,-2.802972,0.200000,0.220000,0.280000,-0.400000,-0.200000,0.934787
379,-1.514092,0.475429,-8.995459,0.885294,0.703823,-2.824735,0.200000,0.220000,0.280000,-0.400000,-0.200000,0.885294
380,-1.519211,0.465344,-9.023706,0.835402,0.711288,-2.847688,0.200000,0.220000,0.260000,-0.400000,-0.200000,0.835402
381,-1.524126,0.455534,-9.052183,0.785136,0.717489,-2.871836,0.200000,0.200000,0.260000,-0.400000,-0.200000,0.785136
382,-1.528826,0.445994,-9.080901,0.734520,0.722410,-2.897173,0.180000,0.200000,0.240000,-0.400000,-0.200000,0.734520
383,-1.533306,0.436716,-9.109873,0.683581,0.726031,-2.923685,0.180000,0.200000,0.240000,-0.400000,-0.200000,0.683581
384,-1.537557,0.427696,-9.139110,0.632344,0.728331,-2.951350,0.180000,0.180000,0.220000,-0.400000,-0.400000,0.632344
385,-1.541572,0.418925,-9.168623,0.578918,0.729810,-2.957737,0.180000,0.180000,0.220000,-0.400000,-0.200000,0.578918
386,-1.545323,0.410399,-9.198201,0.527325,0.729210,-2.987675,0.180000,0.180000,0.200000,-0.400000,-0.400000,0.527325
387,-1.548823,0.402108,-9.228078,0.473614,0.727781,-2.995097,0.180000,0.180000,0.200000,-0.400000,-0.400000,0.473614
388,-1.552046,0.394045,-9.258029,0.419894,0.724787,-3.003077,0.180000,0.180000,0.200000,-0.400000,-0.400000,0.419894
389,-1.554983,0.386201,-9.288059,0.366210,0.720226,-3.011622,0.160000,0.160000,0.180000,-0.400000,-0.400000,0.366210
390,-1.557630,0.378567,-9.318175,0.312604,0.714093,-3.020728,0.160000,0.160000,0.180000,-0.400000,-0.400000,0.312604
391,-1.559978,0.371134,-9.348383,0.259121,0.706388,-3.030389,0.160000,0.160000,0.180000,-0.400000,-0.400000,0.259121
392,-1.562023,0.363893,-9.378687,0.205806,0.697106,-3.040586,0.160000,0.160000,0.180000,-0.400000,-0.400000,0.205806
393,-1.563757,0.356834,-9.409093,0.152705,0.686247,-3.051301,0.160000,0.160000,0.160000,-0.400000,-0.400000,0.152705
394,-1.565177,0.349949,-9.439606,0.099864,0.673809,-3.062509,0.160000,0.160000,0.160000,-0.400000,-0.400000,0.099864
395,-1.566275,0.343226,-9.470231,0.047330,0.659790,-3.074180,0.160000,0.160000,0.160000,-0.400000,-0.400000,0.047330
396,-1.567048,0.336657,-9.500972,-0.004847,0.644189,-3.086285,0.180000,0.160000,0.160000,0.000000,-0.400000,-0.004847
397,-1.567490,0.330230,-9.531835,-0.028619,0.627006,-3.098793,0.180000,0.160000,0.160000,-0.200000,-0.400000,-0.028619
398,-1.567875,0.323965,-9.562823,-0.065938,0.609097,-3.111478,0.180000,0.160000,0.160000,0.200000,-0.400000,-0.065938
399,-1.568060,0.317841,-9.593938,-0.074777,0.590041,-3.124429,0.180000,0.160000,0.160000,0.200000,-0.400000,-0.074777
400,-1.568316,0.311899,-9.625182,-0.083099,0.570706,-3.137447,0.180000,0.160000,0.160000,0.200000,-0.400000,-0.083099
401,-1.568638,0.306141,-9.656557,-0.090889,0.551104,-3.150528,0.180000,0.160000,0.160000,0.400000,-0.400000,-0.090889
402,-1.569020,0.300568,-9.688062,-0.084137,0.531252,-3.163670,0.180000,0.160000,0.160000,0.400000,-0.400000,-0.084137
403,-1.569590,0.295220,-9.719699,-0.076828,0.511599,-3.176773,0.200000,0.160000,0.160000,0.200000,-0.400000,-0.076828
404,-1.570342,0.290102,-9.751466,-0.082966,0.492166,-3.189831,0.200000,0.160000,0.160000,0.200000,-0.400000,-0.082966
405,-1.571135,0.285174,-9.783365,-0.088549,0.472531,-3.202937,0.200000,0.160000,0.160000,0.200000,-0.400000,-0.088549
406,-1.571964,0.280439,-9.815394,-0.093567,0.452712,-3.216086,0.200000,0.160000,0.160000,0.200000,-0.400000,-0.093567
407,-1.572823,0.275896,-9.847555,-0.098009,0.432725,-3.229273,0.200000,0.160000,0.160000,0.200000,-0.200000,-0.098009
408,-1.573705,0.271548,-9.879848,-0.099967,0.411980,-3.268456,0.220000,0.160000,0.160000,0.200000,-0.200000,-0.099967
409,-1.574617,0.267408,-9.912532,-0.101417,0.391137,-3.307641,0.220000,0.160000,0.160000,0.200000,-0.200000,-0.101417
410,-1.575555,0.263477,-9.945609,-0.102338,0.370211,-3.346817,0.220000,0.180000,0.160000,0.200000,-0.200000,-0.102338
411,-1.576509,0.259757,-9.979077,-0.102711,0.349220,-3.385975,0.240000,0.180000,0.160000,0.200000,-0.200000,-0.102711
412,-1.577474,0.256247,-10.012937,-0.102518,0.328180,-3.425099,0.240000,0.180000,0.160000,0.200000,-0.200000,-0.102518
413,-1.578442,0.252948,-10.047188,-0.101740,0.307112,-3.464174,0.260000,0.180000,0.160000,0.200000,-0.200000,-0.101740
414,-1.579406,0.249859,-10.081829,-0.100360,0.286035,-3.503181,0.260000,0.180000,0.160000,0.200000,-0.200000,-0.100360
415,-1.580358,0.246982,-10.116861,-0.098361,0.264973,-3.542094,0.280000,0.180000,0.160000,0.200000,-0.200000,-0.098361
416,-1.581292,0.244314,-10.152282,-0.095726,0.243948,-3.580885,0.300000,0.200000,0.160000,0.400000,-0.200000,-0.095726
417,-1.582199,0.241855,-10.188091,-0.078440,0.222986,-3.619513,0.320000,0.200000,0.160000,0.200000,-0.200000,-0.078440
418,-1.583174,0.239702,-10.224286,-0.074489,0.202605,-3.657883,0.340000,0.200000,0.160000,0.200000,-0.200000,-0.074489
419,-1.584107,0.237756,-10.260865,-0.069877,0.182346,-3.695981,0.360000,0.200000,0.160000,0.200000,-0.200000,-0.069877
420,-1.584992,0.236015,-10.297825,-0.064591,0.162237,-3.733708,0.400000,0.220000,0.160000,0.200000,-0.200000,-0.064591
421,-1.585820,0.234477,-10.335162,-0.058622,0.142309,-3.770918,0.440000,0.220000,0.160000,0.200000,-0.200000,-0.058622
422,-1.586584,0.233141,-10.372871,-0.051957,0.122597,-3.807388,0.500000,0.240000,0.160000,0.400000,-0.200000,-0.051957
423,-1.587277,0.232004,-10.410945,-0.030590,0.103139,-3.842796,0.560000,0.240000,0.180000,0.200000,-0.200000,-0.030590
424,-1.587968,0.231180,-10.449373,-0.018582,0.103887,-3.046963,0.560000,0.260000,0.180000,0.200000,-0.200000,-0.018582
425,-1.588760,0.230482,-10.479842,-0.009719,0.085778,-3.082885,0.560000,0.280000,0.180000,0.200000,-0.200000,-0.009719
426,-1.589458,0.229974,-10.510671,0.003610,0.087393,-2.285888,0.660000,0.280000,0.180000,0.200000,-0.400000,0.003610
427,-1.590248,0.229599,-10.533530,0.011715,0.070422,-2.298716,0.780000,0.300000,0.180000,0.200000,-0.200000,0.011715
428,-1.590931,0.229390,-10.556517,0.022316,0.054061,-2.292244,0.980000,0.300000,0.180000,0.200000,-0.200000,0.022316
429,-1.591515,0.229362,-10.579440,0.036512,0.053784,-1.606351,1.000000,0.320000,0.200000,0.200000,-0.200000,0.036512
430,-1.592154,0.229478,-10.595503,0.048025,0.038454,-1.564114,1.000000,0.340000,0.200000,0.200000,-0.400000,0.048025
431,-1.592696,0.229771,-10.611144,0.058900,0.025295,-1.432842,1.000000,0.340000,0.200000,0.400000,-0.400000,0.058900
432,-1.593151,0.230222,-10.625473,0.085052,0.014658,-1.195160,1.000000,0.360000,0.200000,0.600000,-0.400000,0.085052
433,-1.593595,0.230962,-10.637424,0.125028,0.003471,-1.001050,1.000000,0.360000,0.200000,0.600000,-0.400000,0.125028
434,-1.594066,0.232121,-10.647435,0.164894,-0.006824,-0.892893,1.000000,0.380000,0.200000,0.600000,-0.400000,0.164894
435,-1.594564,0.233694,-10.656364,0.204808,-0.014584,-0.907331,1.000000,0.380000,0.200000,0.600000,-0.400000,0.204808
436,-1.595108,0.235674,-10.665437,0.244802,-0.020243,-1.003124,1.000000,0.400000,0.200000,0.600000,-0.400000,0.244802
437,-1.595710,0.238055,-10.675468,0.284879,-0.024567,-1.131799,1.000000,0.400000,0.200000,0.600000,-0.400000,0.284879
438,-1.596374,0.240837,-10.686786,0.325029,-0.027874,-1.272668,1.000000,0.420000,0.220000,0.400000,-0.400000,0.325029
439,-1.597096,0.244018,-10.699513,0.351237,-0.030262,-1.417457,1.000000,0.420000,0.220000,0.400000,-0.200000,0.351237
440,-1.597831,0.247466,-10.713688,0.379659,-0.026854,-1.339727,1.000000,0.440000,0.220000,0.400000,-0.200000,0.379659
441,-1.598629,0.251187,-10.727085,0.407830,-0.024178,-1.301786,1.000000,0.460000,0.220000,0.400000,-0.200000,0.407830
442,-1.599478,0.255184,-10.740103,0.435830,-0.021907,-1.289722,1.000000,0.480000,0.220000,0.400000,-0.200000,0.435830
443,-1.600367,0.259456,-10.753000,0.463703,-0.019821,-1.294890,1.000000,0.500000,0.220000,0.400000,-0.200000,0.463703
444,-1.601289,0.264005,-10.765949,0.491478,-0.017766,-1.311792,1.000000,0.540000,0.220000,0.400000,-0.200000,0.491478
445,-1.602235,0.268831,-10.779067,0.519169,-0.015634,-1.336817,1.000000,0.520000,0.240000,0.200000,-0.200000,0.519169
446,-1.603197,0.273935,-10.792435,0.532785,-0.013342,-1.367516,1.000000,0.520000,0.240000,0.200000,-0.200000,0.532785
447,-1.604141,0.279180,-10.806110,0.546345,-0.011002,-1.396893,1.000000,0.520000,0.240000,0.200000,-0.200000,0.546345
448,-1.605062,0.284567,-10.820079,0.559846,-0.008599,-1.425182,1.000000,0.520000,0.240000,0.200000,-0.200000,0.559846
449,-1.605955,0.290094,-10.834331,0.573288,-0.006122,-1.452553,1.000000,0.500000,0.240000,0.200000,-0.200000,0.573288
450,-1.606815,0.295762,-10.848856,0.586668,-0.003561,-1.479127,1.000000,0.520000,0.260000,0.200000,-0.200000,0.586668
451,-1.607637,0.301571,-10.863648,0.599984,-0.000905,-1.504994,1.000000,0.580000,0.260000,0.400000,-0.200000,0.599984
452,-1.608418,0.307520,-10.878698,0.627234,0.001853,-1.530215,1.000000,0.640000,0.260000,0.400000,-0.200000,0.627234
453,-1.609167,0.313748,-10.894000,0.654406,0.004950,-1.559234,1.000000,0.720000,0.260000,0.400000,-0.200000,0.654406
454,-1.609880,0.320253,-10.909592,0.681496,0.008418,-1.590984,1.000000,0.840000,0.280000,0.400000,-0.200000,0.681496
455,-1.610549,0.327035,-10.925502,0.708494,0.012279,-1.624648,1.000000,0.960000,0.280000,0.600000,-0.200000,0.708494
456,-1.611168,0.334094,-10.941748,0.749394,0.016557,-1.659588,1.000000,0.940000,0.300000,0.600000,-0.200000,0.749394
457,-1.611736,0.341569,-10.958344,0.790180,0.021533,-1.698600,1.000000,0.940000,0.300000,0.600000,-0.200000,0.790180
458,-1.612246,0.349457,-10.975330,0.830836,0.027247,-1.740405,1.000000,1.000000,0.320000,0.600000,-0.200000,0.830836
459,-1.612686,0.357758,-10.992734,0.871346,0.033735,-1.784019,1.000000,1.000000,0.320000,0.600000,-0.200000,0.871346
460,-1.613048,0.366470,-11.010575,0.911690,0.041027,-1.828677,1.000000,1.000000,0.340000,0.600000,-0.200000,0.911690
461,-1.613322,0.375592,-11.028861,0.951847,0.049154,-1.873776,1.000000,1.000000,0.360000,0.600000,-0.200000,0.951847
462,-1.613496,0.385122,-11.047599,0.991794,0.058140,-1.918839,0.860000,1.000000,0.380000,0.600000,-0.200000,0.991794
463,-1.613561,0.395057,-11.066787,1.031507,0.068009,-1.963489,0.820000,1.000000,0.400000,0.600000,-0.200000,1.031507
464,-1.613506,0.405394,-11.086422,1.070961,0.078782,-2.007427,0.780000,1.000000,0.420000,0.600000,-0.200000,1.070961
465,-1.613319,0.416131,-11.106497,1.110128,0.090477,-2.050419,0.760000,1.000000,0.400000,0.400000,-0.200000,1.110128
466,-1.612989,0.427264,-11.127001,1.134982,0.103110,-2.092283,0.720000,1.000000,0.400000,0.400000,0.000000,1.134982
467,-1.612524,0.438651,-11.147924,1.160715,0.121215,-1.923186,0.700000,1.000000,0.380000,0.400000,0.000000,1.160715
468,-1.611960,0.450308,-11.167156,1.186268,0.137163,-1.770826,0.680000,1.000000,0.400000,0.600000,-0.200000,1.186268
469,-1.611286,0.462231,-11.184864,1.224385,0.146817,-1.820419,0.660000,1.000000,0.460000,0.400000,-0.200000,1.224385
470,-1.610425,0.474532,-11.203068,1.248236,0.157604,-1.868827,0.640000,1.000000,0.520000,0.400000,-0.200000,1.248236
471,-1.609395,0.487071,-11.221756,1.271791,0.169210,-1.914607,0.620000,1.000000,0.600000,0.400000,-0.200000,1.271791
472,-1.608192,0.499845,-11.240902,1.295028,0.181612,-1.957863,0.520000,1.000000,0.720000,0.400000,0.000000,1.295028
473,-1.606809,0.512848,-11.260481,1.319329,0.198837,-1.825631,0.500000,1.000000,0.800000,0.400000,-0.200000,1.319329
474,-1.605273,0.526102,-11.278737,1.342109,0.210452,-1.869118,0.500000,1.000000,0.800000,0.400000,-0.200000,1.342109
475,-1.603544,0.539577,-11.297428,1.364565,0.222886,-1.910513,0.480000,1.000000,0.800000,0.400000,-0.200000,1.364565
476,-1.601616,0.553268,-11.316534,1.386675,0.236120,-1.949879,0.460000,1.000000,0.840000,0.400000,-0.200000,1.386675
477,-1.599482,0.567171,-11.336032,1.408419,0.250133,-1.987289,0.440000,1.000000,0.840000,0.400000,-0.200000,1.408419
478,-1.597137,0.581283,-11.355905,1.429774,0.264905,-2.022830,0.440000,1.000000,0.900000,0.200000,-0.200000,1.429774
479,-1.594574,0.595596,-11.376134,1.436719,0.280416,-2.056596,0.420000,1.000000,0.900000,0.200000,-0.200000,1.436719
480,-1.591841,0.609977,-11.396700,1.443234,0.296316,-2.087871,0.420000,1.000000,0.920000,0.200000,-0.200000,1.443234
481,-1.588934,0.624421,-11.417578,1.449308,0.312572,-2.116913,0.400000,1.000000,0.920000,0.200000,-0.200000,1.449308
482,-1.585849,0.638923,-11.438747,1.454931,0.329156,-2.143964,0.380000,1.000000,0.940000,0.200000,-0.200000,1.454931
483,-1.582584,0.653478,-11.460187,1.460093,0.346041,-2.169250,0.380000,1.000000,0.980000,0.400000,-0.200000,1.460093
484,-1.579135,0.668081,-11.481879,1.478786,0.363205,-2.192980,0.360000,0.660000,0.960000,0.200000,-0.200000,1.478786
485,-1.575435,0.682852,-11.503809,1.483002,0.380973,-2.215912,0.360000,0.620000,1.000000,0.200000,-0.200000,1.483002
486,-1.571546,0.697662,-11.525968,1.486722,0.398985,-2.237586,0.340000,0.600000,0.980000,0.200000,-0.200000,1.486722
487,-1.567467,0.712505,-11.548344,1.489939,0.417223,-2.258175,0.340000,0.560000,1.000000,0.400000,-0.200000,1.489939
488,-1.563195,0.727376,-11.570926,1.506644,0.435670,-2.277838,0.320000,0.540000,1.000000,0.000000,-0.200000,1.506644
489,-1.558652,0.742387,-11.593704,1.494830,0.454666,-2.297110,0.320000,0.520000,1.000000,0.000000,-0.200000,1.494830
490,-1.553992,0.757301,-11.616676,1.482481,0.473489,-2.315330,0.300000,0.500000,1.000000,0.000000,-0.200000,1.482481
491,-1.549216,0.772112,-11.639829,1.469599,0.492121,-2.332724,0.300000,0.480000,1.000000,0.000000,-0.200000,1.469599
492,-1.544324,0.786818,-11.663156,1.456187,0.510546,-2.349488,0.280000,0.460000,1.000000,0.000000,-0.200000,1.456187
493,-1.539319,0.801414,-11.686651,1.442247,0.528748,-2.365795,0.280000,0.440000,1.000000,0.200000,-0.200000,1.442247
494,-1.534200,0.815898,-11.710309,1.441782,0.546716,-2.381796,0.280000,0.420000,1.000000,0.200000,-0.200000,1.441782
495,-1.528880,0.830370,-11.734127,1.440794,0.564801,-2.397761,0.260000,0.400000,1.000000,0.200000,-0.200000,1.440794
496,-1.523357,0.844827,-11.758104,1.439274,0.582996,-2.413748,0.260000,0.380000,1.000000,0.200000,-0.200000,1.439274
497,-1.517630,0.859261,-11.782242,1.437215,0.601291,-2.429806,0.240000,0.360000,1.000000,0.200000,-0.200000,1.437215
498,-1.511701,0.873668,-11.806540,1.434609,0.619681,-2.445985,0.240000,0.360000,1.000000,0.200000,-0.200000,1.434609
499,-1.505569,0.888042,-11.831000,1.431447,0.638157,-2.462325,0.240000,0.340000,1.000000,0.200000,-0.200000,1.431447
500,-1.499235,0.902377,-11.855623,1.427721,0.656712,-2.478865,0.220000,0.320000,1.000000,0.200000,-0.200000,1.427721
501,-1.492699,0.916669,-11.880412,1.423422,0.675337,-2.495640,0.220000,0.320000,1.000000,0.200000,-0.200000,1.423422
502,-1.485962,0.930911,-11.905368,1.418541,0.694025,-2.512681,0.200000,0.300000,0.440000,-0.400000,-0.200000,1.418541
503,-1.479025,0.945098,-11.930495,1.371069,0.712767,-2.530017,0.200000,0.280000,0.420000,-0.200000,-0.200000,1.371069
504,-1.472227,0.958975,-11.955795,1.336999,0.730434,-2.547839,0.200000,0.280000,0.380000,-0.200000,-0.200000,1.336999
505,-1.465461,0.972625,-11.981274,1.302349,0.747389,-2.566184,0.180000,0.260000,0.360000,-0.400000,-0.200000,1.302349
506,-1.458731,0.986048,-12.006935,1.253128,0.763619,-2.585119,0.180000,0.260000,0.340000,-0.400000,-0.200000,1.253128
507,-1.452163,0.999171,-12.032787,1.203346,0.778735,-2.604830,0.180000,0.240000,0.320000,-0.200000,-0.200000,1.203346
508,-1.445763,1.011996,-12.058835,1.167020,0.792725,-2.625389,0.160000,0.240000,0.320000,-0.200000,-0.200000,1.167020
509,-1.439417,1.024596,-12.085089,1.130165,0.805952,-2.646676,0.200000,0.220000,0.300000,-0.400000,-0.200000,1.130165
510,-1.433130,1.036972,-12.111555,1.078793,0.818403,-2.668714,0.200000,0.220000,0.280000,-0.400000,-0.200000,1.078793
511,-1.427034,1.049063,-12.138243,1.026912,0.829676,-2.691714,0.200000,0.200000,0.260000,-0.400000,-0.200000,1.026912
512,-1.421136,1.060874,-12.165160,0.974541,0.839753,-2.715696,0.180000,0.200000,0.260000,-0.400000,-0.200000,0.974541
513,-1.415444,1.072411,-12.192317,0.921700,0.848614,-2.740674,0.180000,0.200000,0.240000,-0.400000,-0.200000,0.921700
514,-1.409965,1.083678,-12.219723,0.868409,0.856234,-2.766648,0.180000,0.180000,0.220000,-0.400000,-0.200000,0.868409
515,-1.404707,1.094682,-12.247390,0.814689,0.862591,-2.793615,0.180000,0.180000,0.220000,-0.400000,-0.200000,0.814689
516,-1.399676,1.105427,-12.275326,0.760564,0.867657,-2.821562,0.180000,0.180000,0.200000,-0.400000,-0.200000,0.760564
517,-1.394880,1.115921,-12.303542,0.706058,0.871404,-2.850473,0.160000,0.180000,0.200000,-0.400000,-0.200000,0.706058
518,-1.390326,1.126171,-12.332046,0.651197,0.873803,-2.880326,0.160000,0.160000,0.200000,-0.400000,-0.200000,0.651197
519,-1.386021,1.136182,-12.360850,0.596011,0.874823,-2.911093,0.160000,0.160000,0.180000,-0.400000,-0.200000,0.596011
520,-1.381971,1.145962,-12.389961,0.540529,0.874429,-2.942743,0.160000,0.160000,0.180000,-0.400000,-0.200000,0.540529
521,-1.378185,1.155519,-12.419388,0.484785,0.872588,-2.975242,0.160000,0.160000,0.180000,-0.400000,-0.200000,0.484785
522,-1.374667,1.164861,-12.449140,0.428815,0.869265,-3.008552,0.160000,0.160000,0.160000,-0.400000,-0.200000,0.428815
523,-1.371425,1.173996,-12.479226,0.372657,0.864423,-3.042631,0.160000,0.140000,0.160000,-0.400000,-0.200000,0.372657
524,-1.368465,1.182932,-12.509652,0.316353,0.858024,-3.077436,0.160000,0.140000,0.160000,-0.400000,-0.200000,0.316353
525,-1.365793,1.191677,-12.540427,0.259948,0.850031,-3.112922,0.140000,0.140000,0.160000,-0.400000,-0.200000,0.259948
526,-1.363415,1.200242,-12.571556,0.203489,0.840405,-3.149042,0.140000,0.140000,0.140000,-0.400000,-0.200000,0.203489
527,-1.361336,1.208636,-12.603046,0.147030,0.829109,-3.185746,0.140000,0.140000,0.140000,-0.400000,-0.200000,0.147030
528,-1.359563,1.216867,-12.634904,0.090623,0.816104,-3.222988,0.140000,0.140000,0.140000,-0.400000,-0.200000,0.090623
529,-1.358100,1.224947,-12.667134,0.034329,0.801352,-3.260719,0.160000,0.140000,0.140000,-0.400000,-0.200000,0.034329
530,-1.356952,1.232885,-12.699741,-0.021790,0.784818,-3.298892,0.160000,0.140000,0.140000,-0.200000,-0.200000,-0.021790
531,-1.356125,1.240693,-12.732730,-0.063668,0.766465,-3.337463,0.160000,0.140000,0.140000,-0.200000,-0.200000,-0.063668
532,-1.355483,1.248357,-12.766104,-0.105236,0.746721,-3.376306,0.160000,0.140000,0.140000,0.000000,-0.200000,-0.105236
533,-1.355033,1.255885,-12.799867,-0.132435,0.725566,-3.415400,0.160000,0.140000,0.140000,0.000000,-0.200000,-0.132435
534,-1.354643,1.263250,-12.834021,-0.159202,0.703451,-3.454651,0.160000,0.140000,0.140000,0.000000,-0.200000,-0.159202
535,-1.354318,1.270455,-12.868568,-0.185490,0.680372,-3.494049,0.160000,0.140000,0.140000,0.200000,-0.400000,-0.185490
536,-1.354064,1.277502,-12.903508,-0.199145,0.656930,-3.507626,0.160000,0.140000,0.140000,0.400000,-0.200000,-0.199145
537,-1.353770,1.284361,-12.938585,-0.196174,0.632385,-3.547238,0.180000,0.140000,0.140000,0.200000,-0.400000,-0.196174
538,-1.353298,1.290965,-12.974057,-0.208487,0.608475,-3.560895,0.180000,0.140000,0.140000,0.400000,-0.200000,-0.208487
539,-1.352799,1.297378,-13.009666,-0.204139,0.583501,-3.600567,0.180000,0.140000,0.140000,0.000000,-0.200000,-0.204139
540,-1.352140,1.303524,-13.045672,-0.227133,0.558602,-3.640221,0.200000,0.140000,0.140000,0.000000,-0.200000,-0.227133
541,-1.351580,1.309528,-13.082074,-0.249452,0.532799,-3.679982,0.200000,0.140000,0.140000,0.000000,-0.200000,-0.249452
542,-1.351122,1.315393,-13.118874,-0.271043,0.506098,-3.719840,0.200000,0.160000,0.140000,0.000000,-0.200000,-0.271043
543,-1.350773,1.321124,-13.156072,-0.291853,0.478508,-3.759787,0.220000,0.160000,0.140000,0.200000,-0.200000,-0.291853
544,-1.350538,1.326724,-13.193670,-0.297827,0.450042,-3.799817,0.220000,0.160000,0.140000,0.200000,-0.200000,-0.297827
545,-1.350308,1.332116,-13.231668,-0.302911,0.421241,-3.839861,0.240000,0.160000,0.140000,0.200000,-0.200000,-0.302911
546,-1.350090,1.337299,-13.270067,-0.307068,0.392135,-3.879911,0.260000,0.160000,0.140000,0.200000,-0.200000,-0.307068
547,-1.349894,1.342276,-13.308866,-0.310264,0.362756,-3.919959,0.280000,0.180000,0.140000,0.200000,-0.200000,-0.310264
548,-1.349728,1.347047,-13.348065,-0.312464,0.333139,-3.959997,0.280000,0.180000,0.140000,0.200000,-0.200000,-0.312464
549,-1.349598,1.351612,-13.387665,-0.313635,0.303322,-4.000017,0.280000,0.180000,0.140000,0.200000,-0.200000,-0.313635
550,-1.349515,1.355975,-13.427666,-0.313746,0.273344,-4.040010,0.280000,0.200000,0.140000,0.200000,-0.200000,-0.313746
551,-1.349485,1.360136,-13.468066,-0.312766,0.243247,-4.079970,0.280000,0.200000,0.160000,0.200000,0.000000,-0.312766
552,-1.349517,1.364098,-13.508865,-0.308699,0.212862,-4.129058,0.300000,0.220000,0.160000,0.200000,-0.200000,-0.308699
553,-1.349609,1.367846,-13.550156,-0.305462,0.182718,-4.168913,0.340000,0.220000,0.160000,0.200000,-0.200000,-0.305462
554,-1.349780,1.371402,-13.591845,-0.301051,0.152597,-4.208722,0.420000,0.240000,0.160000,0.400000,-0.200000,-0.301051
555,-1.350037,1.374767,-13.633932,-0.281444,0.122554,-4.248486,0.540000,0.260000,0.160000,0.400000,-0.200000,-0.281444
556,-1.350320,1.377824,-13.676417,-0.256690,0.112614,-3.459214,0.740000,0.280000,0.180000,0.600000,-0.200000,-0.256690
557,-1.350453,1.380624,-13.711009,-0.220553,0.086371,-3.499113,1.000000,0.300000,0.180000,0.600000,-0.200000,-0.220553
558,-1.350578,1.382989,-13.746001,-0.179611,0.080677,-2.709675,1.000000,0.300000,0.180000,0.400000,-0.200000,-0.179611
559,-1.350517,1.384957,-13.773097,-0.155761,0.058445,-2.749237,1.000000,0.300000,0.200000,0.600000,-0.200000,-0.155761
560,-1.350526,1.386620,-13.800590,-0.113400,0.056189,-1.959407,1.000000,0.300000,0.200000,0.600000,-0.200000,-0.113400
561,-1.350370,1.387876,-13.820184,-0.070535,0.055974,-1.169678,1.000000,0.300000,0.200000,0.600000,-0.200000,-0.070535
562,-1.350058,1.388721,-13.831880,-0.031156,0.037738,-1.208971,1.000000,0.300000,0.200000,0.600000,-0.200000,-0.031156
563,-1.349792,1.389132,-13.843970,0.008426,0.019924,-1.245501,1.000000,0.300000,0.220000,0.600000,-0.400000,0.008426
564,-1.349576,1.389109,-13.856425,0.053908,0.020990,-0.485492,1.000000,0.300000,0.220000,0.600000,-0.400000,0.053908
565,-1.349225,1.388649,-13.861280,0.092284,0.005050,-0.458539,1.000000,0.300000,0.220000,0.600000,-0.400000,0.092284
566,-1.348925,1.387775,-13.865865,0.131430,-0.006934,-0.466758,1.000000,0.300000,0.220000,0.600000,-0.400000,0.131430
567,-1.348640,1.386490,-13.870533,0.171015,-0.014250,-0.609971,1.000000,0.300000,0.220000,0.600000,-0.400000,0.171015
568,-1.348327,1.384803,-13.876633,0.210868,-0.019652,-0.778889,1.000000,0.320000,0.220000,0.600000,-0.200000,0.210868
569,-1.347974,1.382714,-13.884422,0.253003,-0.019056,-0.734341,1.000000,0.320000,0.220000,0.600000,-0.200000,0.253003
570,-1.347525,1.380217,-13.891765,0.294881,-0.019161,-0.754396,1.000000,0.340000,0.220000,0.600000,-0.200000,0.294881
571,-1.346995,1.377310,-13.899309,0.336643,-0.019450,-0.801202,1.000000,0.340000,0.220000,0.600000,-0.200000,0.336643
572,-1.346391,1.373993,-13.907321,0.378343,-0.019663,-0.860844,1.000000,0.340000,0.220000,0.600000,-0.200000,0.378343
573,-1.345720,1.370264,-13.915929,0.420004,-0.019643,-0.927183,1.000000,0.360000,0.220000,0.600000,-0.200000,0.420004
574,-1.344990,1.366123,-13.925201,0.461635,-0.019283,-0.997109,1.000000,0.380000,0.220000,0.600000,-0.200000,0.461635
575,-1.344208,1.361570,-13.935172,0.503237,-0.018505,-1.068870,1.000000,0.380000,0.240000,0.600000,-0.200000,0.503237
576,-1.343379,1.356602,-13.945861,0.544808,-0.017241,-1.141386,1.000000,0.400000,0.240000,0.600000,-0.200000,0.544808
577,-1.342513,1.351221,-13.957275,0.586343,-0.015436,-1.213947,1.000000,0.420000,0.240000,0.600000,-0.200000,0.586343
578,-1.341615,1.345424,-13.969414,0.627831,-0.013040,-1.286048,1.000000,0.440000,0.240000,0.400000,-0.200000,0.627831
579,-1.340696,1.339212,-13.982275,0.655264,-0.010007,-1.357315,1.000000,0.480000,0.240000,0.200000,-0.200000,0.655264
580,-1.339784,1.332723,-13.995848,0.668636,-0.006481,-1.423999,1.000000,0.520000,0.240000,0.200000,-0.200000,0.668636
581,-1.338906,1.326094,-14.010088,0.681943,-0.002667,-1.483232,1.000000,0.580000,0.260000,0.400000,-0.200000,0.681943
582,-1.338068,1.319326,-14.024920,0.709173,0.001401,-1.536155,1.000000,0.640000,0.260000,0.400000,-0.200000,0.709173
583,-1.337260,1.312281,-14.040282,0.736308,0.005923,-1.587200,1.000000,0.740000,0.240000,0.400000,-0.200000,0.736308
584,-1.336489,1.304958,-14.056154,0.763335,0.010909,-1.636447,1.000000,0.860000,0.240000,0.400000,-0.200000,0.763335
585,-1.335762,1.297358,-14.072518,0.790243,0.016369,-1.683956,1.000000,0.960000,0.220000,0.600000,-0.200000,0.790243
586,-1.335088,1.289483,-14.089358,0.831018,0.022310,-1.729774,1.000000,0.960000,0.220000,0.600000,-0.200000,0.831018
587,-1.334468,1.281193,-14.106656,0.871641,0.029016,-1.776749,1.000000,0.960000,0.200000,0.600000,-0.200000,0.871641
588,-1.333912,1.272489,-14.124423,0.912094,0.036521,-1.824228,1.000000,1.000000,0.200000,0.600000,-0.200000,0.912094
589,-1.333431,1.263374,-14.142665,0.952356,0.044855,-1.871699,0.960000,1.000000,0.200000,0.600000,-0.200000,0.952356
590,-1.333035,1.253848,-14.161382,0.992403,0.054046,-1.918758,0.920000,1.000000,0.220000,0.600000,-0.200000,0.992403
591,-1.332735,1.243914,-14.180570,1.032211,0.064117,-1.965085,0.880000,1.000000,0.220000,0.600000,-0.200000,1.032211
592,-1.332542,1.233574,-14.200221,1.071755,0.075089,-2.010430,0.840000,1.000000,0.240000,0.400000,0.000000,1.071755
593,-1.332468,1.222830,-14.220325,1.098148,0.092118,-1.834937,0.800000,1.000000,0.260000,0.400000,0.000000,1.098148
594,-1.332462,1.211810,-14.238675,1.124354,0.106974,-1.677258,0.780000,1.000000,0.280000,0.400000,0.000000,1.124354
595,-1.332537,1.200516,-14.255447,1.150452,0.119916,-1.534887,0.760000,1.000000,0.300000,0.400000,0.000000,1.150452
596,-1.332704,1.188950,-14.270796,1.176499,0.131164,-1.405613,0.720000,1.000000,0.320000,0.400000,0.000000,1.176499
597,-1.332972,1.177115,-14.284852,1.202537,0.140902,-1.287562,0.720000,1.000000,0.340000,0.400000,0.000000,1.202537
598,-1.333347,1.165014,-14.297728,1.228599,0.149287,-1.179171,0.700000,1.000000,0.360000,0.600000,-0.200000,1.228599
599,-1.333838,1.152647,-14.309519,1.267313,0.152362,-1.253886,0.680000,1.000000,0.400000,0.400000,-0.200000,1.267313
600,-1.334510,1.139900,-14.322058,1.291875,0.156877,-1.327668,0.660000,1.000000,0.420000,0.400000,-0.200000,1.291875
601,-1.335343,1.126913,-14.335335,1.316258,0.162598,-1.398898,0.640000,1.000000,0.460000,0.400000,0.000000,1.316258
602,-1.336341,1.113688,-14.349324,1.341836,0.173595,-1.292059,0.640000,1.000000,0.520000,0.400000,0.000000,1.341836
603,-1.337469,1.100205,-14.362245,1.367439,0.183221,-1.192966,0.620000,1.000000,0.580000,0.600000,-0.200000,1.367439
604,-1.338735,1.086467,-14.374174,1.405657,0.187720,-1.266239,0.600000,1.000000,0.640000,0.400000,-0.200000,1.405657
605,-1.340211,1.072362,-14.386837,1.429677,0.193711,-1.338322,0.600000,1.000000,0.740000,0.400000,-0.200000,1.429677
606,-1.341866,1.058030,-14.400220,1.453474,0.200961,-1.407813,0.580000,1.000000,0.780000,0.400000,-0.200000,1.453474
607,-1.343705,1.043473,-14.414298,1.477023,0.209439,-1.474544,0.560000,1.000000,0.760000,0.400000,-0.200000,1.477023
608,-1.345732,1.028693,-14.429043,1.500301,0.219113,-1.538405,0.560000,1.000000,0.760000,0.400000,-0.200000,1.500301
609,-1.347950,1.013694,-14.444427,1.523282,0.229946,-1.599329,0.540000,1.000000,0.920000,0.400000,-0.200000,1.523282
610,-1.350366,0.998480,-14.460421,1.545939,0.241905,-1.657295,0.520000,1.000000,1.000000,0.400000,-0.200000,1.545939
611,-1.352983,0.983052,-14.476994,1.568248,0.254952,-1.712318,0.500000,1.000000,1.000000,0.200000,-0.200000,1.568248
612,-1.355806,0.967417,-14.494117,1.576180,0.269051,-1.764446,0.500000,1.000000,1.000000,0.200000,-0.200000,1.576180
613,-1.358793,0.951709,-14.511761,1.583713,0.283877,-1.812906,0.480000,0.980000,1.000000,0.200000,-0.200000,1.583713
614,-1.361946,0.935931,-14.529890,1.590826,0.299374,-1.857935,0.460000,0.920000,1.000000,0.400000,-0.200000,1.590826
615,-1.365268,0.920088,-14.548470,1.611505,0.315487,-1.899777,0.460000,0.880000,1.000000,0.400000,-0.200000,1.611505
616,-1.368819,0.904056,-14.567468,1.631732,0.332476,-1.939417,0.440000,0.740000,1.000000,0.400000,-0.200000,1.631732
617,-1.372604,0.887839,-14.586862,1.651483,0.350313,-1.976967,0.440000,0.700000,1.000000,0.400000,-0.200000,1.651483
618,-1.376628,0.871443,-14.606631,1.670736,0.368969,-2.012549,0.420000,0.680000,1.000000,0.400000,-0.200000,1.670736
619,-1.380896,0.854874,-14.626757,1.689468,0.388419,-2.046285,0.400000,0.640000,1.000000,0.400000,-0.200000,1.689468
620,-1.385413,0.838138,-14.647220,1.707657,0.408637,-2.078305,0.400000,0.600000,1.000000,0.400000,-0.200000,1.707657
621,-1.390184,0.821239,-14.668003,1.725280,0.429599,-2.108737,0.380000,0.580000,1.000000,0.400000,-0.200000,1.725280
622,-1.395214,0.804186,-14.689090,1.742317,0.451281,-2.137710,0.380000,0.560000,1.000000,0.400000,-0.200000,1.742317
623,-1.400506,0.786984,-14.710467,1.758745,0.473661,-2.165350,0.360000,0.520000,1.000000,0.000000,-0.200000,1.758745
624,-1.406067,0.769639,-14.732121,1.746545,0.496716,-2.191782,0.340000,0.500000,1.000000,0.200000,-0.200000,1.746545
625,-1.411742,0.752391,-14.754039,1.747698,0.519749,-2.216345,0.340000,0.480000,1.000000,0.200000,-0.200000,1.747698
626,-1.417612,0.735128,-14.776202,1.748202,0.543063,-2.239692,0.320000,0.460000,1.000000,0.200000,-0.200000,1.748202
627,-1.423680,0.717857,-14.798599,1.748047,0.566633,-2.262004,0.320000,0.440000,1.000000,0.200000,-0.200000,1.748047
628,-1.429946,0.700582,-14.821219,1.747223,0.590435,-2.283450,0.300000,0.420000,1.000000,0.000000,-0.200000,1.747223
629,-1.436411,0.683310,-14.844053,1.731721,0.614447,-2.304181,0.300000,0.400000,0.960000,0.000000,-0.200000,1.731721
630,-1.442986,0.666151,-14.867095,1.715531,0.638302,-2.324129,0.280000,0.380000,0.880000,0.000000,-0.200000,1.715531
631,-1.449669,0.649111,-14.890337,1.698654,0.661976,-2.343489,0.280000,0.360000,0.720000,-0.200000,-0.200000,1.698654
632,-1.456458,0.632191,-14.913771,1.667090,0.685447,-2.362430,0.280000,0.340000,0.680000,0.000000,-0.200000,1.667090
633,-1.463252,0.615496,-14.937396,1.648840,0.708344,-2.381005,0.260000,0.320000,0.620000,0.000000,-0.200000,1.648840
634,-1.470149,0.598928,-14.961206,1.629910,0.731000,-2.399469,0.260000,0.320000,0.580000,0.000000,-0.200000,1.629910
635,-1.477146,0.582492,-14.985200,1.610299,0.753399,-2.417931,0.240000,0.300000,0.460000,-0.200000,-0.200000,1.610299
636,-1.484239,0.566190,-15.009380,1.576006,0.775527,-2.436487,0.240000,0.280000,0.440000,-0.400000,-0.200000,1.576006
637,-1.491320,0.550116,-15.033745,1.527032,0.797009,-2.455225,0.220000,0.280000,0.400000,-0.400000,-0.200000,1.527032
638,-1.498273,0.534357,-15.058297,1.477384,0.817468,-2.474293,0.220000,0.260000,0.380000,0.000000,-0.200000,1.477384
639,-1.505092,0.518910,-15.083040,1.455079,0.836886,-2.493826,0.220000,0.260000,0.360000,-0.400000,-0.200000,1.455079
640,-1.511997,0.503610,-15.107978,1.404128,0.855974,-2.513763,0.200000,0.240000,0.340000,-0.400000,-0.200000,1.404128
641,-1.518753,0.488617,-15.133116,1.352532,0.873986,-2.534337,0.200000,0.240000,0.320000,-0.400000,-0.200000,1.352532
642,-1.525352,0.473928,-15.158459,1.300306,0.890905,-2.555625,0.200000,0.220000,0.300000,-0.400000,-0.200000,1.300306
643,-1.531788,0.459540,-15.184015,1.247464,0.906709,-2.577688,0.180000,0.220000,0.280000,-0.400000,-0.200000,1.247464
644,-1.538053,0.445448,-15.209792,1.194022,0.921381,-2.600570,0.180000,0.200000,0.260000,-0.400000,-0.200000,1.194022
645,-1.544140,0.431649,-15.235798,1.139995,0.934897,-2.624307,0.180000,0.200000,0.260000,-0.400000,-0.200000,1.139995
646,-1.550040,0.418138,-15.262041,1.085398,0.947234,-2.648921,0.180000,0.180000,0.240000,-0.400000,-0.200000,1.085398
647,-1.555748,0.404911,-15.288530,1.030249,0.958368,-2.674426,0.160000,0.180000,0.220000,-0.400000,-0.200000,1.030249
648,-1.561254,0.391962,-15.315275,0.974564,0.968271,-2.700828,0.160000,0.180000,0.220000,-0.400000,-0.200000,0.974564
649,-1.566553,0.379287,-15.342283,0.918364,0.976916,-2.728125,0.160000,0.160000,0.200000,-0.400000,-0.400000,0.918364
650,-1.571636,0.366880,-15.369564,0.859746,0.984788,-2.734217,0.160000,0.160000,0.200000,-0.400000,-0.400000,0.859746
651,-1.576476,0.354736,-15.396906,0.800859,0.991108,-2.740650,0.140000,0.160000,0.180000,-0.400000,-0.400000,0.800859
652,-1.581067,0.342850,-15.424313,0.741742,0.995867,-2.747459,0.140000,0.160000,0.180000,-0.400000,-0.400000,0.741742
653,-1.585401,0.331213,-15.451787,0.682432,0.999057,-2.754672,0.140000,0.140000,0.180000,-0.400000,-0.400000,0.682432
654,-1.589471,0.319819,-15.479334,0.622969,1.000670,-2.762308,0.140000,0.140000,0.160000,-0.400000,-0.400000,0.622969
655,-1.593271,0.308661,-15.506957,0.563391,1.000698,-2.770383,0.140000,0.140000,0.160000,-0.400000,-0.400000,0.563391
656,-1.596793,0.297731,-15.534661,0.503737,0.999133,-2.778904,0.140000,0.140000,0.160000,-0.400000,-0.400000,0.503737
657,-1.600033,0.287020,-15.562450,0.444046,0.995968,-2.787875,0.140000,0.140000,0.140000,-0.400000,-0.400000,0.444046
658,-1.602982,0.276522,-15.590329,0.384359,0.991194,-2.797296,0.140000,0.120000,0.140000,-0.400000,-0.400000,0.384359
659,-1.605636,0.266228,-15.618302,0.324717,0.984805,-2.807161,0.120000,0.120000,0.140000,-0.400000,-0.400000,0.324717
660,-1.607988,0.256128,-15.646373,0.265161,0.976793,-2.817464,0.120000,0.120000,0.140000,-0.400000,-0.400000,0.265161
661,-1.610033,0.246216,-15.674548,0.205734,0.967152,-2.828194,0.120000,0.120000,0.140000,-0.400000,-0.400000,0.205734
662,-1.611766,0.236481,-15.702830,0.146479,0.955874,-2.839339,0.120000,0.120000,0.120000,-0.400000,-0.400000,0.146479
663,-1.613182,0.226915,-15.731223,0.087439,0.942953,-2.850884,0.120000,0.120000,0.120000,-0.400000,-0.400000,0.087439
664,-1.614276,0.217508,-15.759732,0.028661,0.928384,-2.862813,0.120000,0.120000,0.120000,-0.400000,-0.400000,0.028661
665,-1.615042,0.208252,-15.788360,-0.029809,0.912160,-2.875111,0.120000,0.120000,0.120000,-0.200000,-0.200000,-0.029809
666,-1.615478,0.199135,-15.817111,-0.072023,0.893670,-2.913722,0.120000,0.120000,0.120000,-0.200000,-0.200000,-0.072023
667,-1.615735,0.190174,-15.846249,-0.114049,0.873953,-2.952589,0.140000,0.120000,0.120000,0.000000,-0.200000,-0.114049
668,-1.615810,0.181360,-15.875774,-0.141841,0.852980,-2.991697,0.140000,0.120000,0.120000,0.000000,-0.200000,-0.141841
669,-1.615836,0.172713,-15.905691,-0.169347,0.831141,-3.030961,0.140000,0.120000,0.120000,0.000000,-0.200000,-0.169347
670,-1.615809,0.164231,-15.936001,-0.196525,0.808423,-3.070375,0.140000,0.120000,0.120000,0.000000,-0.200000,-0.196525
671,-1.615722,0.155912,-15.966705,-0.223334,0.784814,-3.109932,0.140000,0.120000,0.120000,0.200000,-0.200000,-0.223334
672,-1.615571,0.147754,-15.997804,-0.235729,0.760305,-3.149627,0.140000,0.120000,0.120000,0.200000,-0.200000,-0.235729
673,-1.615485,0.139794,-16.029300,-0.247663,0.735323,-3.189392,0.140000,0.120000,0.120000,0.200000,-0.200000,-0.247663
674,-1.615458,0.132035,-16.061194,-0.259102,0.709873,-3.229223,0.160000,0.120000,0.120000,0.200000,-0.200000,-0.259102
675,-1.615482,0.124478,-16.093487,-0.270013,0.683961,-3.269118,0.160000,0.120000,0.120000,0.200000,-0.200000,-0.270013
676,-1.615552,0.117125,-16.126178,-0.280359,0.657597,-3.309073,0.160000,0.120000,0.120000,0.400000,-0.200000,-0.280359
677,-1.615661,0.109977,-16.159268,-0.276106,0.630789,-3.349084,0.160000,0.120000,0.120000,0.400000,-0.200000,-0.276106
678,-1.615927,0.103097,-16.192759,-0.271218,0.604014,-3.389088,0.160000,0.140000,0.120000,0.400000,-0.200000,-0.271218
679,-1.616343,0.096489,-16.226650,-0.265675,0.577297,-3.429081,0.180000,0.140000,0.120000,0.400000,-0.200000,-0.265675
680,-1.616897,0.090158,-16.260941,-0.259456,0.550664,-3.469056,0.180000,0.140000,0.120000,0.400000,-0.200000,-0.259456
681,-1.617582,0.084109,-16.295632,-0.252544,0.524143,-3.509008,0.180000,0.140000,0.120000,0.400000,-0.200000,-0.252544
682,-1.618386,0.078347,-16.330722,-0.244920,0.497762,-3.548928,0.200000,0.140000,0.120000,0.400000,-0.200000,-0.244920
683,-1.619300,0.072875,-16.366211,-0.236568,0.471554,-3.588810,0.200000,0.140000,0.120000,0.200000,-0.400000,-0.236568
684,-1.620313,0.067698,-16.402099,-0.243366,0.446155,-3.602767,0.220000,0.140000,0.120000,0.200000,-0.200000,-0.243366
685,-1.621297,0.062712,-16.438127,-0.247422,0.419881,-3.642626,0.220000,0.140000,0.120000,0.200000,-0.200000,-0.247422
686,-1.622254,0.057933,-16.474553,-0.250698,0.393371,-3.682485,0.240000,0.160000,0.120000,0.200000,-0.200000,-0.250698
687,-1.623177,0.053361,-16.511378,-0.253165,0.366651,-3.722332,0.260000,0.160000,0.120000,0.200000,-0.200000,-0.253165
688,-1.624058,0.048993,-16.548601,-0.254792,0.339749,-3.762157,0.280000,0.160000,0.120000,0.200000,-0.200000,-0.254792
689,-1.624890,0.044829,-16.586223,-0.255553,0.312693,-3.801949,0.300000,0.160000,0.120000,0.200000,-0.200000,-0.255553
690,-1.625665,0.040865,-16.624242,-0.255419,0.285518,-3.841694,0.340000,0.180000,0.120000,0.200000,-0.200000,-0.255419
691,-1.626375,0.037101,-16.662659,-0.254364,0.258257,-3.881379,0.380000,0.180000,0.140000,0.200000,-0.200000,-0.254364
692,-1.627013,0.033533,-16.701473,-0.252362,0.230946,-3.920990,0.440000,0.200000,0.140000,0.200000,-0.200000,-0.252362
693,-1.627571,0.030157,-16.740683,-0.249391,0.203625,-3.960514,0.540000,0.200000,0.140000,0.200000,-0.200000,-0.249391
694,-1.628041,0.026972,-16.780288,-0.245427,0.176333,-3.999939,0.660000,0.220000,0.140000,0.200000,-0.200000,-0.245427
695,-1.628417,0.023974,-16.820287,-0.240450,0.149115,-4.039255,0.720000,0.220000,0.140000,0.200000,-0.200000,-0.240450
696,-1.628690,0.021158,-16.860680,-0.234441,0.122014,-4.078456,0.840000,0.240000,0.140000,0.400000,-0.200000,-0.234441
697,-1.628853,0.018520,-16.901464,-0.213384,0.095077,-4.117541,1.000000,0.280000,0.160000,0.400000,-0.200000,-0.213384
698,-1.628951,0.016186,-16.942640,-0.187333,0.088306,-3.327377,1.000000,0.300000,0.160000,0.400000,-0.200000,-0.187333
699,-1.629166,0.014126,-16.975914,-0.160307,0.084084,-2.537541,1.000000,0.340000,0.160000,0.400000,-0.200000,-0.160307
700,-1.629491,0.012345,-17.001289,-0.136404,0.062641,-2.576930,1.000000,0.360000,0.180000,0.400000,-0.200000,-0.136404
701,-1.629720,0.010862,-17.027058,-0.108052,0.061139,-1.786855,1.000000,0.400000,0.180000,0.600000,-0.200000,-0.108052
702,-1.630043,0.009663,-17.044927,-0.069107,0.041827,-1.826102,1.000000,0.420000,0.180000,0.600000,-0.200000,-0.069107
703,-1.630289,0.008894,-17.063188,-0.025902,0.042562,-1.034683,1.000000,0.460000,0.180000,0.600000,-0.200000,-0.025902
704,-1.630650,0.008550,-17.073535,0.013690,0.024818,-1.071938,1.000000,0.480000,0.200000,0.600000,-0.400000,0.013690
705,-1.630921,0.008633,-17.084254,0.055778,0.017919,-0.652526,1.000000,0.500000,0.200000,0.600000,-0.400000,0.055778
706,-1.631204,0.009146,-17.090779,0.094523,0.002975,-0.586106,1.000000,0.520000,0.200000,0.600000,-0.400000,0.094523
707,-1.631410,0.010069,-17.096640,0.134010,-0.008330,-0.548434,1.000000,0.540000,0.200000,0.600000,-0.400000,0.134010
708,-1.631571,0.011402,-17.102125,0.173780,-0.015379,-0.661456,1.000000,0.540000,0.200000,0.600000,-0.400000,0.173780
709,-1.631725,0.013140,-17.108739,0.213738,-0.020551,-0.816785,1.000000,0.560000,0.200000,0.600000,-0.200000,0.213738
710,-1.631884,0.015281,-17.116907,0.255927,-0.019700,-0.761864,1.000000,0.600000,0.200000,0.600000,-0.200000,0.255927
711,-1.632102,0.017838,-17.124526,0.297838,-0.019629,-0.775856,1.000000,0.620000,0.200000,0.600000,-0.200000,0.297838
712,-1.632366,0.020812,-17.132284,0.339621,-0.019788,-0.818859,1.000000,0.660000,0.200000,0.600000,-0.200000,0.339621
713,-1.632665,0.024200,-17.140473,0.381335,-0.019896,-0.875936,1.000000,0.700000,0.220000,0.600000,-0.400000,0.381335
714,-1.632994,0.028005,-17.149232,0.420824,-0.023683,-1.107094,1.000000,0.720000,0.220000,0.600000,-0.200000,0.420824
715,-1.633303,0.032208,-17.160303,0.462658,-0.022101,-1.143700,1.000000,0.700000,0.220000,0.600000,-0.400000,0.462658
716,-1.633630,0.036829,-17.171740,0.502224,-0.024270,-1.357811,1.000000,0.700000,0.220000,0.400000,-0.200000,0.502224
717,-1.633925,0.041848,-17.185318,0.530085,-0.021037,-1.384687,1.000000,0.700000,0.220000,0.400000,-0.200000,0.530085
718,-1.634210,0.047145,-17.199165,0.557842,-0.017784,-1.416047,1.000000,0.700000,0.240000,0.400000,-0.200000,0.557842
719,-1.634477,0.052720,-17.213326,0.585501,-0.014418,-1.450580,1.000000,0.820000,0.240000,0.400000,-0.200000,0.585501
720,-1.634716,0.058572,-17.227831,0.613066,-0.010871,-1.487320,1.000000,1.000000,0.240000,0.600000,-0.200000,0.613066
721,-1.634919,0.064700,-17.242705,0.654536,-0.007086,-1.525543,1.000000,1.000000,0.260000,0.600000,-0.200000,0.654536
722,-1.635084,0.071244,-17.257960,0.695896,-0.002803,-1.568769,1.000000,1.000000,0.260000,0.600000,-0.200000,0.695896
723,-1.635201,0.078202,-17.273648,0.737141,0.002050,-1.615336,1.000000,1.000000,0.280000,0.600000,-0.200000,0.737141
724,-1.635259,0.085573,-17.289801,0.778261,0.007534,-1.664028,1.000000,1.000000,0.280000,0.600000,-0.200000,0.778261
725,-1.635249,0.093356,-17.306441,0.819241,0.013701,-1.713936,0.960000,1.000000,0.300000,0.600000,-0.200000,0.819241
726,-1.635159,0.101549,-17.323581,0.860066,0.020596,-1.764366,0.820000,1.000000,0.320000,0.600000,-0.200000,0.860066
727,-1.634979,0.110151,-17.341224,0.900717,0.028259,-1.814781,0.780000,1.000000,0.340000,0.600000,-0.200000,0.900717
728,-1.634699,0.119158,-17.359372,0.941174,0.036726,-1.864759,0.740000,1.000000,0.360000,0.600000,-0.200000,0.941174
729,-1.634307,0.128569,-17.378020,0.981415,0.046027,-1.913967,0.720000,1.000000,0.380000,0.600000,-0.200000,0.981415
730,-1.633793,0.138380,-17.397160,1.021415,0.056190,-1.962144,0.700000,1.000000,0.420000,0.600000,-0.200000,1.021415
731,-1.633144,0.148589,-17.416781,1.061149,0.067238,-2.009085,0.660000,1.000000,0.460000,0.600000,-0.200000,1.061149
732,-1.632350,0.159192,-17.436872,1.100590,0.079194,-2.054634,0.640000,1.000000,0.500000,0.400000,-0.200000,1.100590
733,-1.631399,0.170185,-17.457418,1.125712,0.092074,-2.098672,0.620000,1.000000,0.560000,0.600000,0.000000,1.125712
734,-1.630305,0.181427,-17.478405,1.165672,0.110541,-1.926063,0.600000,1.000000,0.600000,0.600000,-0.200000,1.165672
735,-1.629076,0.193071,-17.497666,1.204174,0.122375,-1.974494,0.580000,1.000000,0.580000,0.600000,-0.200000,1.204174
736,-1.627656,0.205092,-17.517410,1.242357,0.135276,-2.021200,0.560000,1.000000,0.560000,0.600000,-0.200000,1.242357
737,-1.626034,0.217483,-17.537622,1.280189,0.149245,-2.066111,0.540000,1.000000,0.660000,0.400000,-0.200000,1.280189
738,-1.624199,0.230240,-17.558284,1.303638,0.164281,-2.109187,0.520000,1.000000,0.880000,0.400000,0.000000,1.303638
739,-1.622182,0.243224,-17.579375,1.328028,0.184331,-1.965583,0.500000,1.000000,1.000000,0.400000,-0.200000,1.328028
740,-1.620010,0.256454,-17.599031,1.350852,0.198308,-2.008288,0.480000,1.000000,1.000000,0.400000,-0.200000,1.350852
741,-1.617639,0.269900,-17.619114,1.373289,0.213063,-2.048415,0.480000,1.000000,1.000000,0.400000,-0.200000,1.373289
742,-1.615063,0.283557,-17.639598,1.395319,0.228573,-2.086126,0.460000,1.000000,1.000000,0.400000,-0.200000,1.395319
743,-1.612276,0.297418,-17.660460,1.416917,0.244816,-2.121584,0.440000,0.900000,1.000000,0.400000,-0.200000,1.416917
744,-1.609270,0.311480,-17.681675,1.438064,0.261771,-2.154952,0.440000,0.840000,1.000000,0.200000,-0.200000,1.438064
745,-1.606039,0.325735,-17.703225,1.444737,0.279420,-2.186389,0.420000,0.800000,1.000000,0.200000,-0.200000,1.444737
746,-1.602635,0.340051,-17.725089,1.450917,0.297391,-2.215242,0.400000,0.760000,1.000000,0.200000,-0.200000,1.450917
747,-1.599055,0.354423,-17.747241,1.456593,0.315655,-2.241829,0.400000,0.620000,1.000000,0.400000,-0.200000,1.456593
748,-1.595294,0.368845,-17.769660,1.475757,0.334184,-2.266443,0.380000,0.600000,1.000000,0.400000,-0.200000,1.475757
749,-1.591284,0.383435,-17.792324,1.494400,0.353314,-2.289987,0.360000,0.560000,1.000000,0.200000,-0.200000,1.494400
750,-1.587020,0.398187,-17.815224,1.498504,0.373033,-2.312565,0.360000,0.540000,1.000000,0.000000,-0.200000,1.498504
751,-1.582568,0.412973,-17.838349,1.488050,0.392965,-2.333734,0.340000,0.520000,1.000000,0.000000,-0.200000,1.488050
752,-1.577999,0.427670,-17.861687,1.477032,0.412726,-2.353227,0.340000,0.480000,1.000000,0.000000,-0.200000,1.477032
753,-1.573314,0.442273,-17.885219,1.465454,0.432291,-2.371368,0.320000,0.460000,1.000000,0.000000,-0.200000,1.465454
754,-1.568513,0.456778,-17.908933,1.453320,0.451641,-2.388437,0.320000,0.440000,1.000000,0.000000,-0.200000,1.453320
755,-1.563598,0.471181,-17.932817,1.440634,0.470757,-2.404682,0.300000,0.420000,1.000000,0.000000,-0.200000,1.440634
756,-1.558569,0.485479,-17.956864,1.427400,0.489626,-2.420315,0.300000,0.400000,1.000000,0.200000,-0.200000,1.427400
757,-1.553428,0.499666,-17.981067,1.427622,0.508235,-2.435525,0.280000,0.380000,1.000000,0.200000,-0.200000,1.427622
758,-1.548085,0.513847,-18.005422,1.427304,0.526945,-2.450654,0.280000,0.360000,0.760000,0.000000,-0.200000,1.427304
759,-1.542541,0.528016,-18.029929,1.412438,0.545750,-2.465771,0.280000,0.360000,0.720000,0.000000,-0.200000,1.412438
760,-1.536890,0.542064,-18.054587,1.397017,0.564268,-2.480819,0.260000,0.340000,0.660000,0.200000,-0.200000,1.397017
761,-1.531134,0.555988,-18.079395,1.395045,0.582490,-2.495912,0.260000,0.320000,0.620000,0.000000,-0.200000,1.395045
762,-1.525176,0.569882,-18.104354,1.378524,0.600784,-2.511201,0.240000,0.300000,0.580000,0.000000,-0.400000,1.378524
763,-1.519119,0.583646,-18.129466,1.359491,0.618840,-2.523582,0.240000,0.300000,0.540000,0.000000,-0.200000,1.359491
764,-1.512980,0.597263,-18.154702,1.341875,0.636408,-2.539375,0.240000,0.280000,0.500000,0.000000,-0.200000,1.341875
765,-1.506747,0.610743,-18.180095,1.323708,0.653651,-2.555515,0.220000,0.280000,0.400000,-0.200000,-0.200000,1.323708
766,-1.500424,0.624083,-18.205651,1.290993,0.670561,-2.572055,0.220000,0.260000,0.380000,-0.200000,-0.200000,1.290993
767,-1.494124,0.637196,-18.231371,1.257729,0.686750,-2.589123,0.220000,0.240000,0.360000,-0.400000,-0.200000,1.257729
768,-1.487855,0.650082,-18.257262,1.209929,0.702208,-2.606791,0.200000,0.240000,0.340000,-0.200000,-0.200000,1.209929
769,-1.481737,0.662663,-18.283330,1.175602,0.716545,-2.625255,0.200000,0.220000,0.320000,-0.400000,-0.200000,1.175602
770,-1.475659,0.675016,-18.309583,1.126766,0.730132,-2.644436,0.200000,0.220000,0.300000,-0.400000,-0.200000,1.126766
771,-1.469748,0.687072,-18.336027,1.077433,0.742575,-2.664549,0.180000,0.220000,0.280000,-0.400000,-0.200000,1.077433
772,-1.464012,0.698832,-18.362673,1.027621,0.753861,-2.685645,0.180000,0.200000,0.260000,-0.400000,-0.200000,1.027621
773,-1.458457,0.710303,-18.389529,0.977349,0.763975,-2.707760,0.180000,0.200000,0.260000,-0.400000,-0.200000,0.977349
774,-1.453091,0.721488,-18.416607,0.926638,0.772903,-2.730918,0.180000,0.180000,0.240000,-0.400000,-0.200000,0.926638
775,-1.447922,0.732391,-18.443916,0.875507,0.780627,-2.755135,0.160000,0.180000,0.220000,-0.400000,-0.200000,0.875507
776,-1.442958,0.743019,-18.471467,0.823977,0.787128,-2.780413,0.160000,0.180000,0.220000,-0.400000,-0.200000,0.823977
777,-1.438206,0.753376,-18.499271,0.772070,0.792385,-2.806750,0.160000,0.180000,0.200000,-0.400000,-0.200000,0.772070
778,-1.433673,0.763468,-18.527339,0.719811,0.796375,-2.834135,0.160000,0.160000,0.200000,-0.400000,-0.200000,0.719811
779,-1.429368,0.773301,-18.555680,0.667223,0.799073,-2.862550,0.160000,0.160000,0.180000,-0.400000,-0.200000,0.667223
780,-1.425296,0.782882,-18.584306,0.614334,0.800453,-2.891973,0.160000,0.160000,0.180000,-0.400000,-0.200000,0.614334
781,-1.421466,0.792217,-18.613226,0.561173,0.800488,-2.922376,0.140000,0.160000,0.180000,-0.400000,-0.200000,0.561173
782,-1.417884,0.801314,-18.642449,0.507769,0.799148,-2.953725,0.140000,0.140000,0.160000,-0.400000,-0.200000,0.507769
783,-1.414559,0.810178,-18.671987,0.454156,0.796401,-2.985984,0.140000,0.140000,0.160000,-0.400000,-0.200000,0.454156
784,-1.411495,0.818819,-18.701846,0.400370,0.792217,-3.019111,0.140000,0.140000,0.160000,-0.400000,-0.200000,0.400370
785,-1.408701,0.827245,-18.732037,0.346449,0.786562,-3.053061,0.140000,0.140000,0.160000,-0.400000,-0.200000,0.346449
786,-1.406183,0.835462,-18.762568,0.292434,0.779402,-3.087786,0.140000,0.140000,0.140000,-0.400000,-0.200000,0.292434
787,-1.403946,0.843481,-18.793446,0.238369,0.770702,-3.123234,0.140000,0.140000,0.140000,-0.400000,-0.200000,0.238369
788,-1.401999,0.851309,-18.824678,0.184301,0.760430,-3.159353,0.140000,0.140000,0.140000,-0.400000,-0.200000,0.184301
789,-1.400345,0.858957,-18.856272,0.130282,0.748549,-3.196086,0.140000,0.140000,0.140000,-0.400000,-0.200000,0.130282
790,-1.398992,0.866434,-18.888233,0.076365,0.735025,-3.233379,0.140000,0.120000,0.140000,-0.400000,-0.200000,0.076365
791,-1.397945,0.873749,-18.920566,0.022609,0.719824,-3.271176,0.140000,0.120000,0.140000,-0.400000,-0.200000,0.022609
792,-1.397209,0.880913,-18.953278,-0.030927,0.702913,-3.309423,0.140000,0.120000,0.140000,-0.200000,-0.200000,-0.030927
793,-1.396789,0.887936,-18.986372,-0.070178,0.684259,-3.348069,0.140000,0.120000,0.140000,-0.200000,-0.200000,-0.070178
794,-1.396551,0.894811,-19.019853,-0.109074,0.664297,-3.386981,0.140000,0.120000,0.120000,0.200000,-0.400000,-0.109074
795,-1.396500,0.901542,-19.053723,-0.121459,0.643613,-3.400159,0.140000,0.120000,0.120000,0.200000,-0.400000,-0.121459
796,-1.396384,0.908091,-19.087725,-0.133227,0.622501,-3.413418,0.160000,0.140000,0.120000,0.200000,-0.400000,-0.133227
797,-1.396210,0.914455,-19.121859,-0.144359,0.600978,-3.426756,0.160000,0.140000,0.120000,0.200000,-0.400000,-0.144359
798,-1.395984,0.920631,-19.156126,-0.154835,0.579062,-3.440168,0.160000,0.140000,0.120000,0.200000,-0.400000,-0.154835
799,-1.395713,0.926619,-19.190528,-0.164637,0.556773,-3.453650,0.160000,0.140000,0.120000,0.200000,-0.400000,-0.164637
800,-1.395403,0.932417,-19.225064,-0.173747,0.534132,-3.467197,0.160000,0.140000,0.120000,0.200000,-0.400000,-0.173747
801,-1.395060,0.938023,-19.259736,-0.182146,0.511160,-3.480806,0.160000,0.140000,0.120000,0.200000,-0.400000,-0.182146
802,-1.394692,0.943437,-19.294545,-0.189816,0.487879,-3.494471,0.180000,0.140000,0.120000,0.200000,-0.400000,-0.189816
803,-1.394305,0.948658,-19.329489,-0.196742,0.464313,-3.508186,0.180000,0.140000,0.120000,0.200000,-0.200000,-0.196742
804,-1.393907,0.953685,-19.364571,-0.201014,0.439880,-3.547850,0.180000,0.140000,0.120000,0.200000,-0.400000,-0.201014
805,-1.393490,0.958503,-19.400050,-0.206495,0.415829,-3.561630,0.200000,0.140000,0.120000,0.200000,-0.400000,-0.206495
806,-1.393074,0.963127,-19.435666,-0.211178,0.391564,-3.575440,0.200000,0.140000,0.120000,0.200000,-0.400000,-0.211178
807,-1.392668,0.967558,-19.471420,-0.215049,0.367112,-3.589274,0.220000,0.160000,0.120000,0.200000,-0.400000,-0.215049
808,-1.392277,0.971794,-19.507313,-0.218096,0.342499,-3.603123,0.220000,0.160000,0.120000,0.200000,-0.200000,-0.218096
809,-1.391909,0.975838,-19.543344,-0.218415,0.317153,-3.642784,0.240000,0.160000,0.140000,0.200000,-0.200000,-0.218415
810,-1.391560,0.979673,-19.579772,-0.217946,0.291718,-3.682390,0.240000,0.160000,0.140000,0.200000,-0.200000,-0.217946
811,-1.391238,0.983300,-19.616596,-0.216665,0.266223,-3.721923,0.260000,0.160000,0.140000,0.200000,-0.200000,-0.216665
812,-1.390950,0.986721,-19.653815,-0.214549,0.240700,-3.761364,0.280000,0.180000,0.140000,0.200000,-0.200000,-0.214549
813,-1.390705,0.989936,-19.691429,-0.211576,0.215181,-3.800693,0.320000,0.180000,0.140000,0.200000,-0.200000,-0.211576
814,-1.390509,0.992947,-19.729436,-0.207726,0.189703,-3.839889,0.340000,0.180000,0.140000,0.200000,-0.200000,-0.207726
815,-1.390371,0.995757,-19.767835,-0.202981,0.164301,-3.878929,0.380000,0.200000,0.140000,0.200000,-0.200000,-0.202981
816,-1.390298,0.998367,-19.806624,-0.197322,0.139016,-3.917794,0.440000,0.200000,0.140000,0.200000,-0.200000,-0.197322
817,-1.390298,1.000781,-19.845802,-0.190735,0.113886,-3.956467,0.520000,0.220000,0.160000,0.200000,-0.200000,-0.190735
818,-1.390378,1.003001,-19.885367,-0.179277,0.108334,-3.166100,0.620000,0.240000,0.160000,0.200000,-0.200000,-0.179277
819,-1.390360,1.005095,-19.917028,-0.170672,0.085272,-3.205137,0.740000,0.240000,0.160000,0.400000,-0.200000,-0.170672
820,-1.390437,1.007002,-19.949079,-0.143439,0.081808,-2.415101,0.740000,0.260000,0.160000,0.600000,-0.200000,-0.143439
821,-1.390359,1.008651,-19.973230,-0.105379,0.060962,-2.454291,0.740000,0.260000,0.160000,0.600000,-0.200000,-0.105379
822,-1.390265,1.009865,-19.997773,-0.062908,0.060374,-1.663423,1.000000,0.280000,0.180000,0.600000,-0.200000,-0.062908
823,-1.389972,1.010686,-20.014407,-0.023876,0.041903,-1.701263,1.000000,0.300000,0.180000,0.400000,-0.200000,-0.023876
824,-1.389682,1.011071,-20.031420,0.005383,0.043444,-0.906315,1.000000,0.300000,0.180000,0.600000,-0.400000,0.005383
825,-1.389259,1.011186,-20.040483,0.043089,0.026419,-0.918982,1.000000,0.320000,0.180000,0.600000,-0.400000,0.043089
826,-1.388854,1.010884,-20.049673,0.081663,0.011321,-0.853171,1.000000,0.320000,0.180000,0.600000,-0.400000,0.081663
827,-1.388453,1.010164,-20.058204,0.121177,-0.001214,-0.725950,1.000000,0.320000,0.180000,0.600000,-0.400000,0.121177
828,-1.388035,1.009026,-20.065464,0.160931,-0.010869,-0.700547,1.000000,0.320000,0.180000,0.600000,-0.400000,0.160931
829,-1.387577,1.007480,-20.072469,0.200826,-0.017399,-0.799196,1.000000,0.340000,0.180000,0.600000,-0.400000,0.200826
830,-1.387056,1.005532,-20.080461,0.240845,-0.022309,-0.939896,1.000000,0.340000,0.180000,0.600000,-0.400000,0.240845
831,-1.386464,1.003187,-20.089860,0.280962,-0.026209,-1.091382,1.000000,0.340000,0.180000,0.600000,-0.400000,0.280962
832,-1.385800,1.000445,-20.100774,0.321155,-0.029263,-1.244794,1.000000,0.360000,0.180000,0.600000,-0.400000,0.321155
833,-1.385069,0.997304,-20.113222,0.361405,-0.031492,-1.397038,1.000000,0.360000,0.180000,0.400000,-0.200000,0.361405
834,-1.384276,0.993764,-20.127192,0.389813,-0.027913,-1.334789,1.000000,0.380000,0.180000,0.200000,-0.200000,0.389813
835,-1.383417,0.989951,-20.140540,0.403984,-0.025041,-1.306468,1.000000,0.400000,0.200000,0.400000,-0.200000,0.403984
836,-1.382542,0.985999,-20.153605,0.432019,-0.022645,-1.291649,1.000000,0.420000,0.200000,0.400000,-0.200000,0.432019
837,-1.381622,0.981772,-20.166522,0.459921,-0.020476,-1.294929,1.000000,0.420000,0.200000,0.400000,-0.200000,0.459921
838,-1.380665,0.977269,-20.179471,0.487718,-0.018368,-1.310503,1.000000,0.440000,0.200000,0.400000,-0.200000,0.487718
839,-1.379680,0.972489,-20.192576,0.515429,-0.016205,-1.334575,1.000000,0.460000,0.200000,0.200000,-0.200000,0.515429
840,-1.378674,0.967431,-20.205922,0.529062,-0.013900,-1.364582,1.000000,0.500000,0.200000,0.200000,-0.200000,0.529062
841,-1.377684,0.962232,-20.219567,0.542638,-0.011558,-1.393387,1.000000,0.520000,0.200000,0.200000,-0.200000,0.542638
842,-1.376715,0.956892,-20.233501,0.556155,-0.009161,-1.421208,1.000000,0.560000,0.200000,0.400000,-0.200000,0.556155
843,-1.375772,0.951410,-20.247713,0.583612,-0.006698,-1.448199,1.000000,0.600000,0.220000,0.400000,-0.200000,0.583612
844,-1.374835,0.945649,-20.262195,0.610995,-0.003952,-1.479346,1.000000,0.640000,0.220000,0.400000,-0.200000,0.610995
845,-1.373912,0.939609,-20.276989,0.638302,-0.000887,-1.513433,1.000000,0.680000,0.220000,0.400000,-0.200000,0.638302
846,-1.373009,0.933290,-20.292123,0.665527,0.002529,-1.549548,1.000000,0.680000,0.220000,0.400000,-0.200000,0.665527
847,-1.372133,0.926693,-20.307619,0.692663,0.006324,-1.586998,1.000000,0.680000,0.220000,0.400000,-0.200000,0.692663
848,-1.371291,0.919817,-20.323489,0.719704,0.010520,-1.625246,1.000000,0.660000,0.240000,0.400000,-0.200000,0.719704
849,-1.370490,0.912664,-20.339741,0.746639,0.015136,-1.663875,1.000000,0.720000,0.240000,0.400000,-0.200000,0.746639
850,-1.369738,0.905234,-20.356380,0.773459,0.020189,-1.702552,1.000000,0.880000,0.240000,0.400000,-0.200000,0.773459
851,-1.369042,0.897528,-20.373405,0.800152,0.025695,-1.741014,1.000000,0.920000,0.260000,0.400000,-0.200000,0.800152
852,-1.368410,0.889548,-20.390815,0.826707,0.031666,-1.779051,1.000000,0.920000,0.260000,0.400000,-0.200000,0.826707
853,-1.367849,0.881294,-20.408606,0.853111,0.038114,-1.816494,1.000000,1.000000,0.280000,0.600000,-0.200000,0.853111
854,-1.367368,0.872767,-20.426771,0.893351,0.045050,-1.853210,1.000000,1.000000,0.280000,0.600000,-0.200000,0.893351
855,-1.366974,0.863831,-20.445303,0.933412,0.052786,-1.891595,1.000000,1.000000,0.300000,0.600000,-0.200000,0.933412
856,-1.366680,0.854487,-20.464219,0.973271,0.061352,-1.930976,1.000000,1.000000,0.320000,0.600000,-0.200000,0.973271
857,-1.366493,0.844737,-20.483529,1.012906,0.070774,-1.970816,0.880000,1.000000,0.340000,0.600000,-0.200000,1.012906
858,-1.366427,0.834583,-20.503237,1.052292,0.081074,-2.010688,0.840000,1.000000,0.360000,0.400000,-0.200000,1.052292
859,-1.366490,0.824029,-20.523344,1.077405,0.092272,-2.050250,0.800000,1.000000,0.400000,0.400000,-0.200000,1.077405
860,-1.366680,0.813217,-20.543846,1.102220,0.104051,-2.087450,0.680000,1.000000,0.420000,0.400000,-0.200000,1.102220
861,-1.367005,0.802151,-20.564721,1.126717,0.116404,-2.122462,0.660000,1.000000,0.480000,0.400000,-0.200000,1.126717
862,-1.367474,0.790833,-20.585945,1.150879,0.129327,-2.155445,0.640000,1.000000,0.520000,0.400000,-0.200000,1.150879
863,-1.368095,0.779269,-20.607500,1.174688,0.142817,-2.186550,0.600000,1.000000,0.560000,0.400000,-0.200000,1.174688
864,-1.368878,0.767461,-20.629365,1.198127,0.156869,-2.215915,0.580000,1.000000,0.540000,0.400000,-0.200000,1.198127
865,-1.369829,0.755415,-20.651524,1.221179,0.171478,-2.243673,0.560000,1.000000,0.540000,0.400000,-0.200000,1.221179
866,-1.370958,0.743136,-20.673961,1.243825,0.186640,-2.269950,0.540000,1.000000,0.600000,0.400000,-0.200000,1.243825
867,-1.372272,0.730627,-20.696661,1.266050,0.202351,-2.294864,0.520000,1.000000,0.800000,0.400000,0.000000,1.266050
868,-1.373779,0.717895,-20.719609,1.289270,0.222499,-2.152065,0.500000,1.000000,0.780000,0.400000,-0.200000,1.289270
869,-1.375454,0.704919,-20.741130,1.310864,0.237121,-2.179026,0.500000,1.000000,0.780000,0.400000,-0.200000,1.310864
870,-1.377337,0.691731,-20.762920,1.332055,0.252352,-2.204824,0.480000,1.000000,1.000000,0.400000,0.000000,1.332055
871,-1.379435,0.678337,-20.784969,1.354339,0.271597,-2.083504,0.460000,1.000000,1.000000,0.200000,0.000000,1.354339
872,-1.381727,0.664716,-20.805804,1.362524,0.289253,-1.972706,0.440000,1.000000,1.000000,0.200000,0.000000,1.362524
873,-1.384169,0.651003,-20.825531,1.370659,0.305137,-1.870985,0.440000,0.960000,1.000000,0.200000,0.000000,1.370659
874,-1.386768,0.637203,-20.844240,1.378790,0.319424,-1.777040,0.420000,0.920000,1.000000,0.200000,-0.200000,1.378790
875,-1.389527,0.623322,-20.862011,1.385332,0.329531,-1.806663,0.420000,0.880000,1.000000,0.200000,-0.200000,1.385332
876,-1.392470,0.609389,-20.880077,1.391587,0.340049,-1.835016,0.400000,0.840000,1.000000,0.200000,-0.200000,1.391587
877,-1.395597,0.595409,-20.898428,1.397543,0.350957,-1.862173,0.400000,0.800000,1.000000,0.200000,-0.200000,1.397543
878,-1.398910,0.581386,-20.917049,1.403192,0.362237,-1.888206,0.380000,0.680000,1.000000,0.400000,-0.200000,1.403192
879,-1.402412,0.567323,-20.935931,1.422526,0.373872,-1.913192,0.380000,0.660000,1.000000,0.400000,-0.200000,1.422526
880,-1.406173,0.553104,-20.955063,1.441534,0.386152,-1.937743,0.360000,0.620000,1.000000,0.400000,-0.200000,1.441534
881,-1.410196,0.538733,-20.974441,1.460201,0.399073,-1.961849,0.360000,0.600000,1.000000,0.400000,-0.200000,1.460201
882,-1.414486,0.524216,-20.994059,1.478509,0.412626,-1.985507,0.340000,0.580000,1.000000,0.400000,-0.200000,1.478509
883,-1.419045,0.509559,-21.013914,1.496440,0.426805,-2.008719,0.340000,0.560000,1.000000,0.400000,-0.200000,1.496440
884,-1.423877,0.494767,-21.034002,1.513979,0.441601,-2.031494,0.320000,0.540000,1.000000,0.000000,-0.200000,1.513979
885,-1.428985,0.479846,-21.054316,1.503106,0.457007,-2.053844,0.320000,0.520000,1.000000,0.000000,-0.200000,1.503106
886,-1.434206,0.465029,-21.074855,1.491807,0.472370,-2.075036,0.300000,0.500000,1.000000,0.000000,-0.200000,1.491807
887,-1.439540,0.450318,-21.095605,1.480081,0.487668,-2.095247,0.300000,0.400000,1.000000,0.200000,-0.200000,1.480081
888,-1.444986,0.435717,-21.116558,1.481928,0.502880,-2.114641,0.300000,0.400000,0.960000,0.200000,-0.200000,1.481928
889,-1.450631,0.421121,-21.137704,1.483349,0.518316,-2.133620,0.280000,0.380000,0.900000,0.000000,-0.200000,1.483349
890,-1.456477,0.406536,-21.159040,1.470335,0.533967,-2.152251,0.280000,0.360000,0.840000,0.000000,-0.200000,1.470335
891,-1.462429,0.392070,-21.180563,1.456878,0.549490,-2.170393,0.260000,0.340000,0.780000,0.000000,-0.200000,1.456878
892,-1.468486,0.377725,-21.202267,1.442979,0.564870,-2.188165,0.260000,0.320000,0.740000,0.000000,-0.200000,1.442979
893,-1.474645,0.363506,-21.224148,1.428639,0.580095,-2.205674,0.260000,0.320000,0.700000,0.000000,-0.200000,1.428639
894,-1.480906,0.349415,-21.246205,1.413856,0.595154,-2.223017,0.240000,0.300000,0.660000,0.000000,-0.200000,1.413856
895,-1.487265,0.335455,-21.268435,1.398631,0.610035,-2.240279,0.240000,0.300000,0.620000,0.000000,-0.200000,1.398631
896,-1.493720,0.321629,-21.290838,1.382964,0.624728,-2.257540,0.220000,0.280000,0.580000,0.000000,-0.200000,1.382964
897,-1.500268,0.307939,-21.313414,1.366854,0.639224,-2.274868,0.220000,0.260000,0.560000,0.000000,-0.200000,1.366854
898,-1.506908,0.294389,-21.336162,1.350301,0.653513,-2.292324,0.220000,0.260000,0.440000,-0.200000,-0.200000,1.350301
899,-1.513636,0.280981,-21.359085,1.319305,0.667587,-2.309964,0.200000,0.240000,0.420000,-0.200000,-0.200000,1.319305
900,-1.520336,0.267800,-21.382185,1.287864,0.681091,-2.327880,0.200000,0.240000,0.400000,0.000000,-0.200000,1.287864
901,-1.527003,0.254847,-21.405464,1.269987,0.694017,-2.346152,0.200000,0.220000,0.380000,-0.200000,-0.200000,1.269987
902,-1.533750,0.242043,-21.428925,1.237679,0.706701,-2.364756,0.180000,0.220000,0.360000,-0.400000,-0.200000,1.237679
903,-1.540455,0.229467,-21.452573,1.190940,0.718786,-2.383830,0.180000,0.200000,0.340000,-0.200000,-0.200000,1.190940
904,-1.546991,0.217188,-21.476411,1.157778,0.729910,-2.403560,0.180000,0.200000,0.320000,-0.200000,-0.200000,1.157778
905,-1.553476,0.205135,-21.500447,1.124206,0.740413,-2.423865,0.160000,0.180000,0.300000,-0.400000,-0.200000,1.124206
906,-1.559902,0.193306,-21.524686,1.076230,0.750285,-2.444780,0.160000,0.180000,0.300000,-0.400000,-0.200000,1.076230
907,-1.566140,0.181765,-21.549133,1.027858,0.759157,-2.466520,0.160000,0.180000,0.280000,-0.400000,-0.200000,1.027858
908,-1.572184,0.170506,-21.573799,0.979106,0.767016,-2.489127,0.160000,0.160000,0.260000,-0.400000,-0.200000,0.979106
909,-1.578025,0.159526,-21.598690,0.929987,0.773845,-2.512635,0.140000,0.160000,0.260000,-0.400000,-0.200000,0.929987
910,-1.583658,0.148819,-21.623816,0.880518,0.779628,-2.537068,0.140000,0.160000,0.240000,-0.400000,-0.200000,0.880518
911,-1.589076,0.138380,-21.649187,0.830715,0.784348,-2.562442,0.140000,0.140000,0.220000,-0.400000,-0.200000,0.830715
912,-1.594272,0.128205,-21.674811,0.780595,0.787983,-2.588763,0.140000,0.140000,0.220000,-0.400000,-0.200000,0.780595
913,-1.599240,0.118288,-21.700699,0.730176,0.790513,-2.616035,0.140000,0.140000,0.220000,-0.400000,-0.200000,0.730176
914,-1.603972,0.108623,-21.726859,0.679478,0.791916,-2.644252,0.120000,0.140000,0.200000,-0.400000,-0.200000,0.679478
915,-1.608462,0.099204,-21.753302,0.628522,0.792167,-2.673404,0.120000,0.120000,0.200000,-0.400000,-0.200000,0.628522
916,-1.612704,0.090024,-21.780036,0.577331,0.791241,-2.703476,0.120000,0.120000,0.180000,-0.400000,-0.200000,0.577331
917,-1.616691,0.081078,-21.807071,0.525929,0.789110,-2.734447,0.120000,0.120000,0.180000,-0.400000,-0.200000,0.525929
918,-1.620417,0.072357,-21.834415,0.474343,0.785748,-2.766291,0.120000,0.160000,0.180000,-0.400000,-0.200000,0.474343
919,-1.623876,0.063856,-21.862078,0.422600,0.781123,-2.798980,0.120000,0.160000,0.160000,-0.400000,-0.200000,0.422600
920,-1.627061,0.055566,-21.890068,0.370733,0.775206,-2.832478,0.120000,0.140000,0.160000,-0.400000,-0.200000,0.370733
921,-1.629967,0.047479,-21.918392,0.318773,0.767965,-2.866747,0.100000,0.140000,0.160000,-0.400000,-0.200000,0.318773
922,-1.632588,0.039588,-21.947060,0.266758,0.759369,-2.901747,0.100000,0.140000,0.160000,-0.400000,-0.200000,0.266758
923,-1.634919,0.031884,-21.976077,0.214725,0.749384,-2.937432,0.100000,0.140000,0.160000,-0.400000,-0.200000,0.214725
924,-1.636953,0.024359,-22.005452,0.162717,0.737978,-2.973753,0.100000,0.140000,0.140000,-0.400000,-0.200000,0.162717
925,-1.638685,0.017003,-22.035189,0.110778,0.725117,-3.010662,0.100000,0.140000,0.140000,-0.400000,-0.200000,0.110778
926,-1.640111,0.009808,-22.065296,0.058955,0.710770,-3.048106,0.100000,0.140000,0.140000,-0.400000,-0.200000,0.058955
927,-1.641226,0.002763,-22.095777,0.007300,0.694902,-3.086036,0.100000,0.140000,0.140000,-0.400000,-0.200000,0.007300
928,-1.642024,-0.004140,-22.126637,-0.044134,0.677483,-3.124400,0.100000,0.140000,0.140000,0.200000,-0.200000,-0.044134
929,-1.642502,-0.010913,-22.157881,-0.053289,0.658480,-3.163151,0.100000,0.140000,0.140000,0.200000,-0.200000,-0.053289
930,-1.643069,-0.017494,-22.189513,-0.062105,0.639175,-3.201970,0.120000,0.140000,0.140000,0.200000,-0.200000,-0.062105
931,-1.643720,-0.023883,-22.221533,-0.070558,0.619572,-3.240854,0.120000,0.140000,0.140000,0.200000,-0.200000,-0.070558
932,-1.644448,-0.030076,-22.253941,-0.078625,0.599675,-3.279799,0.120000,0.140000,0.140000,0.200000,-0.200000,-0.078625
933,-1.645246,-0.036072,-22.286739,-0.086279,0.579490,-3.318803,0.120000,0.140000,0.140000,0.200000,-0.200000,-0.086279
934,-1.646109,-0.041866,-22.319927,-0.093498,0.559026,-3.357861,0.120000,0.140000,0.140000,0.200000,-0.200000,-0.093498
935,-1.647029,-0.047459,-22.353506,-0.100255,0.538291,-3.396969,0.120000,0.140000,0.140000,0.200000,-0.200000,-0.100255
936,-1.648000,-0.052848,-22.387475,-0.106526,0.517295,-3.436120,0.140000,0.140000,0.140000,0.200000,-0.200000,-0.106526
937,-1.649014,-0.058031,-22.421837,-0.112286,0.496049,-3.475310,0.140000,0.140000,0.140000,0.200000,-0.200000,-0.112286
938,-1.650065,-0.063007,-22.456590,-0.117510,0.474567,-3.514532,0.140000,0.140000,0.140000,0.200000,-0.200000,-0.117510
939,-1.651144,-0.067776,-22.491735,-0.122173,0.452863,-3.553777,0.140000,0.140000,0.140000,0.200000,-0.200000,-0.122173
940,-1.652246,-0.072335,-22.527273,-0.126251,0.430953,-3.593039,0.140000,0.140000,0.140000,0.200000,-0.200000,-0.126251
941,-1.653362,-0.076685,-22.563203,-0.129718,0.408854,-3.632305,0.140000,0.140000,0.140000,0.200000,-0.200000,-0.129718
942,-1.654485,-0.080825,-22.599526,-0.132552,0.386586,-3.671566,0.140000,0.160000,0.140000,0.200000,-0.200000,-0.132552
943,-1.655607,-0.084754,-22.636242,-0.134728,0.364169,-3.710808,0.140000,0.160000,0.140000,0.200000,-0.200000,-0.134728
944,-1.656720,-0.088474,-22.673350,-0.136223,0.341627,-3.750015,0.160000,0.160000,0.140000,0.000000,-0.200000,-0.136223
945,-1.657816,-0.091985,-22.710850,-0.151014,0.318982,-3.789169,0.160000,0.160000,0.140000,0.000000,-0.200000,-0.151014
946,-1.658783,-0.095379,-22.748742,-0.165080,0.295741,-3.828319,0.180000,0.160000,0.140000,0.000000,-0.200000,-0.165080
947,-1.659616,-0.098662,-22.787025,-0.178379,0.271920,-3.867449,0.180000,0.180000,0.140000,0.200000,-0.200000,-0.178379
948,-1.660311,-0.101839,-22.825699,-0.176871,0.247539,-3.906546,0.200000,0.180000,0.140000,0.200000,-0.200000,-0.176871
949,-1.660958,-0.104812,-22.864765,-0.174516,0.223157,-3.945496,0.220000,0.180000,0.140000,0.200000,-0.200000,-0.174516
950,-1.661548,-0.107583,-22.904220,-0.171293,0.198811,-3.984267,0.240000,0.160000,0.140000,0.000000,-0.200000,-0.171293
951,-1.662074,-0.110154,-22.944063,-0.181184,0.174537,-4.022821,0.280000,0.160000,0.140000,0.200000,-0.200000,-0.181184
952,-1.662447,-0.112642,-22.984291,-0.176174,0.149820,-4.061314,0.320000,0.160000,0.140000,0.200000,-0.200000,-0.176174
953,-1.662740,-0.114936,-23.024904,-0.170225,0.125250,-4.099559,0.380000,0.160000,0.160000,0.200000,-0.200000,-0.170225
954,-1.662946,-0.117039,-23.065900,-0.163324,0.100871,-4.137535,0.480000,0.160000,0.160000,0.400000,-0.200000,-0.163324
955,-1.663055,-0.118955,-23.107275,-0.137531,0.096107,-3.346329,0.660000,0.160000,0.160000,0.400000,-0.200000,-0.137531
956,-1.663315,-0.120613,-23.140738,-0.110781,0.093488,-2.555396,0.820000,0.180000,0.160000,0.400000,-0.200000,-0.110781
957,-1.663715,-0.122006,-23.166292,-0.087135,0.073243,-2.593633,0.820000,0.180000,0.180000,0.400000,-0.200000,-0.087135
958,-1.664055,-0.123093,-23.192228,-0.059068,0.072953,-1.801978,1.000000,0.200000,0.180000,0.600000,-0.200000,-0.059068
959,-1.664522,-0.123907,-23.210248,-0.020349,0.054439,-1.839648,1.000000,0.200000,0.180000,0.400000,-0.200000,-0.020349
960,-1.664963,-0.124286,-23.228645,0.004688,0.036592,-1.874193,1.000000,0.220000,0.180000,0.200000,-0.200000,0.004688
961,-1.665324,-0.124361,-23.247387,0.019986,0.038624,-1.073930,1.000000,0.220000,0.180000,0.600000,-0.400000,0.019986
962,-1.665753,-0.124290,-23.258126,0.057792,0.022008,-1.072194,1.000000,0.240000,0.180000,0.600000,-0.400000,0.057792
963,-1.666136,-0.123805,-23.268848,0.097119,0.008898,-0.931059,1.000000,0.240000,0.180000,0.600000,-0.400000,0.097119
964,-1.666502,-0.122901,-23.278158,0.136801,-0.002810,-0.800394,1.000000,0.240000,0.180000,0.600000,-0.400000,0.136801
965,-1.666858,-0.121580,-23.286162,0.176616,-0.011853,-0.784039,1.000000,0.260000,0.180000,0.600000,-0.400000,0.176616
966,-1.667225,-0.119848,-23.294003,0.216542,-0.018188,-0.876313,1.000000,0.260000,0.180000,0.600000,-0.200000,0.216542
967,-1.667623,-0.117712,-23.302766,0.258690,-0.017998,-0.796862,1.000000,0.260000,0.180000,0.600000,-0.200000,0.258690
968,-1.668112,-0.115165,-23.310735,0.300568,-0.018307,-0.798579,1.000000,0.280000,0.180000,0.600000,-0.200000,0.300568
969,-1.668681,-0.112208,-23.318720,0.342324,-0.018704,-0.834800,1.000000,0.280000,0.160000,0.600000,-0.200000,0.342324
970,-1.669324,-0.108841,-23.327068,0.384016,-0.018968,-0.887813,1.000000,0.280000,0.160000,0.600000,-0.200000,0.384016
971,-1.670034,-0.105062,-23.335946,0.425667,-0.018965,-0.949727,1.000000,0.300000,0.160000,0.600000,-0.200000,0.425667
972,-1.670803,-0.100871,-23.345444,0.467287,-0.018600,-1.016542,1.000000,0.300000,0.160000,0.600000,-0.200000,0.467287
973,-1.671625,-0.096267,-23.355609,0.508877,-0.017799,-1.086018,1.000000,0.320000,0.140000,0.600000,-0.200000,0.508877
974,-1.672493,-0.091250,-23.366469,0.550435,-0.016499,-1.156794,1.000000,0.320000,0.140000,0.600000,-0.200000,0.550435
975,-1.673400,-0.085818,-23.378037,0.591955,-0.014647,-1.227982,1.000000,0.340000,0.140000,0.600000,-0.200000,0.591955
976,-1.674339,-0.079972,-23.390317,0.633428,-0.012194,-1.298968,1.000000,0.360000,0.140000,0.200000,-0.200000,0.633428
977,-1.675300,-0.073710,-23.403307,0.646843,-0.009097,-1.369304,1.000000,0.380000,0.140000,0.200000,-0.200000,0.646843
978,-1.676232,-0.067308,-23.417000,0.660205,-0.005692,-1.431627,1.000000,0.420000,0.140000,0.200000,-0.200000,0.660205
979,-1.677130,-0.060767,-23.431316,0.673503,-0.002020,-1.487192,1.000000,0.460000,0.140000,0.200000,-0.200000,0.673503
980,-1.677987,-0.054087,-23.446188,0.686724,0.001888,-1.537040,1.000000,0.500000,0.140000,0.200000,-0.200000,0.686724
981,-1.678799,-0.047268,-23.461558,0.699861,0.006008,-1.582030,1.000000,0.580000,0.140000,0.400000,-0.200000,0.699861
982,-1.679560,-0.040310,-23.477379,0.726904,0.010321,-1.622877,1.000000,0.680000,0.140000,0.400000,-0.200000,0.726904
983,-1.680277,-0.033076,-23.493607,0.753841,0.015066,-1.663627,1.000000,0.760000,0.140000,0.400000,0.000000,0.753841
984,-1.680942,-0.025565,-23.510244,0.781541,0.025966,-1.459895,1.000000,0.760000,0.160000,0.400000,0.000000,0.781541
985,-1.681605,-0.017774,-23.524843,0.809110,0.034970,-1.283503,1.000000,0.740000,0.160000,0.400000,0.000000,0.809110
986,-1.682255,-0.009701,-23.537678,0.836606,0.042367,-1.130195,1.000000,0.740000,0.160000,0.600000,-0.200000,0.836606
987,-1.682881,-0.001348,-23.548980,0.876944,0.043217,-1.218036,1.000000,1.000000,0.160000,0.600000,-0.200000,0.876944
988,-1.683427,0.007415,-23.561160,0.917238,0.045345,-1.303974,1.000000,1.000000,0.160000,0.600000,0.000000,0.917238
989,-1.683888,0.016587,-23.574200,0.958575,0.053954,-1.164172,1.000000,1.000000,0.180000,0.600000,0.000000,0.958575
990,-1.684310,0.026179,-23.585841,0.999869,0.061365,-1.041363,1.000000,1.000000,0.180000,0.600000,0.000000,0.999869
991,-1.684684,0.036189,-23.596255,1.041144,0.067735,-0.932703,1.000000,1.000000,0.180000,0.600000,0.000000,1.041144
992,-1.685004,0.046618,-23.605582,1.082420,0.073194,-0.835929,1.000000,1.000000,0.180000,0.600000,0.000000,1.082420
993,-1.685263,0.057464,-23.613941,1.123708,0.077846,-0.749237,1.000000,1.000000,0.180000,0.600000,0.000000,1.123708
994,-1.685457,0.068726,-23.621434,1.165017,0.081780,-0.671183,0.980000,1.000000,0.200000,0.400000,0.000000,1.165017
995,-1.685580,0.080404,-23.628146,1.192352,0.085068,-0.600599,0.980000,1.000000,0.200000,0.400000,0.000000,1.192352
996,-1.685640,0.092358,-23.634152,1.219720,0.087636,-0.535925,0.960000,1.000000,0.200000,0.400000,0.000000,1.219720
997,-1.685634,0.104586,-23.639511,1.247123,0.089557,-0.476570,0.940000,1.000000,0.200000,0.600000,-0.200000,1.247123
998,-1.685561,0.117090,-23.644277,1.287265,0.086343,-0.616641,0.940000,1.000000,0.200000,0.400000,0.000000,1.287265
999,-1.685363,0.129990,-23.650443,1.314591,0.089944,-0.554700,0.920000,1.000000,0.220000,0.400000,0.000000,1.314591
