step,x,y,mu,vx,vy,omega,lidar_l,lidar_c,lidar_r,throttle,steering,reward
0,1.389636,-1.696565,-2.153067,0.000000,0.000000,0.000000,0.280000,0.200000,0.140000,0.200000,-1.000000,0.000000
1,1.389636,-1.696565,-2.153067,0.014000,0.000000,0.000000,0.280000,0.200000,0.140000,0.200000,-1.000000,0.014000
2,1.389559,-1.696682,-2.153067,0.019635,-0.005371,-0.229722,0.280000,0.200000,0.140000,0.200000,-1.000000,0.019635
3,1.389406,-1.696816,-2.155364,0.026408,-0.013514,-0.256268,0.280000,0.200000,0.140000,0.200000,-1.000000,0.026408
4,1.389148,-1.696962,-2.157927,0.034132,-0.012225,-0.686223,0.280000,0.200000,0.140000,0.200000,-0.800000,0.034132
5,1.388857,-1.697178,-2.164789,0.047224,-0.019654,-0.401254,0.280000,0.200000,0.140000,0.200000,-0.800000,0.047224
6,1.388430,-1.697460,-2.168802,0.057200,-0.019325,-0.772419,0.280000,0.200000,0.140000,0.200000,-0.800000,0.057200
7,1.387948,-1.697823,-2.176526,0.067931,-0.025615,-0.748322,0.280000,0.200000,0.140000,0.200000,-0.800000,0.067931
8,1.387350,-1.698236,-2.184009,0.078359,-0.028299,-0.927202,0.300000,0.200000,0.140000,0.200000,-0.800000,0.078359
9,1.386668,-1.698714,-2.193281,0.088937,-0.032148,-1.031614,0.300000,0.200000,0.140000,0.200000,-0.800000,0.088937
10,1.385888,-1.699249,-2.203597,0.099518,-0.035600,-1.151987,0.300000,0.200000,0.140000,0.200000,-0.800000,0.099518
11,1.385013,-1.699841,-2.215117,0.110132,-0.038967,-1.269365,0.300000,0.220000,0.140000,0.200000,-0.800000,0.110132
12,1.384040,-1.700488,-2.227811,0.120776,-0.042212,-1.385294,0.300000,0.220000,0.140000,0.200000,-0.800000,0.120776
13,1.382968,-1.701186,-2.241664,0.131450,-0.045323,-1.499661,0.400000,0.220000,0.140000,0.200000,-0.800000,0.131450
14,1.381796,-1.701934,-2.256660,0.142153,-0.048289,-1.612328,0.400000,0.220000,0.140000,0.200000,-0.800000,0.142153
15,1.380522,-1.702728,-2.272784,0.152886,-0.051099,-1.723152,0.400000,0.220000,0.140000,0.200000,-0.800000,0.152886
16,1.379144,-1.703566,-2.290015,0.163647,-0.053742,-1.831987,0.420000,0.220000,0.140000,0.200000,-0.800000,0.163647
17,1.377662,-1.704443,-2.308335,0.174435,-0.056206,-1.938683,0.440000,0.220000,0.140000,0.000000,-0.800000,0.174435
18,1.376073,-1.705356,-2.327722,0.171246,-0.058481,-2.043093,0.440000,0.220000,0.140000,0.000000,-0.800000,0.171246
19,1.374472,-1.706199,-2.348153,0.168583,-0.060480,-2.117910,0.460000,0.220000,0.140000,0.000000,-0.800000,0.168583
20,1.372858,-1.706976,-2.369332,0.166375,-0.062165,-2.171713,0.480000,0.240000,0.180000,0.000000,-0.800000,0.166375
21,1.371233,-1.707692,-2.391049,0.164552,-0.063542,-2.210430,0.500000,0.240000,0.180000,0.000000,-0.800000,0.164552
22,1.369596,-1.708350,-2.413153,0.163045,-0.064642,-2.238235,0.540000,0.240000,0.180000,0.000000,-0.800000,0.163045
23,1.367949,-1.708953,-2.435536,0.161794,-0.065504,-2.258090,0.560000,0.240000,0.180000,0.200000,-0.800000,0.161794
24,1.366293,-1.709504,-2.458117,0.174747,-0.066167,-2.272105,0.600000,0.260000,0.180000,0.200000,-0.800000,0.174747
25,1.364520,-1.710094,-2.480838,0.187116,-0.066935,-2.319675,0.640000,0.260000,0.180000,0.000000,-0.800000,0.187116
26,1.362632,-1.710714,-2.504034,0.185118,-0.067767,-2.383015,0.680000,0.260000,0.200000,0.000000,-0.800000,0.185118
27,1.360741,-1.711272,-2.527865,0.183419,-0.068533,-2.425015,0.740000,0.280000,0.200000,0.200000,-0.800000,0.183419
28,1.358847,-1.711768,-2.552115,0.195961,-0.069200,-2.452935,0.820000,0.280000,0.200000,0.200000,-0.800000,0.195961
29,1.356833,-1.712282,-2.576644,0.208096,-0.069851,-2.503397,0.900000,0.360000,0.200000,0.200000,-0.800000,0.208096
30,1.354701,-1.712806,-2.601678,0.219955,-0.070460,-2.565281,1.000000,0.380000,0.200000,0.000000,-0.800000,0.219955
31,1.352453,-1.713332,-2.627331,0.217616,-0.070986,-2.632897,1.000000,0.400000,0.200000,0.000000,-0.800000,0.217616
32,1.350209,-1.713785,-2.653660,0.215521,-0.071513,-2.680114,1.000000,0.420000,0.220000,0.000000,-0.800000,0.215521
33,1.347970,-1.714164,-2.680461,0.213628,-0.072009,-2.712774,1.000000,0.440000,0.220000,0.200000,-0.800000,0.213628
34,1.345736,-1.714469,-2.707589,0.225905,-0.072460,-2.734942,1.000000,0.460000,0.220000,0.200000,-0.800000,0.225905
35,1.343382,-1.714762,-2.734938,0.237870,-0.072761,-2.775892,1.000000,0.480000,0.220000,0.200000,-0.800000,0.237870
36,1.340909,-1.715034,-2.762697,0.249608,-0.072909,-2.827207,1.000000,0.520000,0.240000,0.200000,-0.800000,0.249608
37,1.338321,-1.715280,-2.790969,0.261168,-0.072889,-2.883995,1.000000,0.560000,0.240000,0.400000,-0.600000,0.261168
38,1.335618,-1.715493,-2.819809,0.290226,-0.069653,-2.813698,1.000000,0.600000,0.240000,0.200000,-0.800000,0.290226
39,1.332644,-1.715750,-2.847946,0.300885,-0.069246,-2.906149,1.000000,0.660000,0.260000,0.400000,-0.600000,0.300885
40,1.329563,-1.715958,-2.877008,0.328774,-0.066469,-2.898580,1.000000,0.720000,0.260000,0.400000,-0.600000,0.328774
41,1.326216,-1.716176,-2.905993,0.355990,-0.063766,-2.927351,1.000000,0.820000,0.340000,0.400000,-0.600000,0.355990
42,1.322606,-1.716387,-2.935267,0.382733,-0.060874,-2.976946,1.000000,0.920000,0.360000,0.400000,-0.600000,0.382733
43,1.318735,-1.716575,-2.965036,0.409112,-0.057613,-3.038357,1.000000,1.000000,0.380000,0.400000,-0.600000,0.409112
44,1.314606,-1.716727,-2.995420,0.435183,-0.053855,-3.106044,1.000000,1.000000,0.400000,0.400000,-0.600000,0.435183
45,1.310222,-1.716828,-3.026480,0.460975,-0.049508,-3.176416,0.940000,1.000000,0.420000,0.400000,-0.600000,0.460975
46,1.305586,-1.716865,-3.058244,0.486492,-0.044500,-3.247047,0.820000,1.000000,0.460000,0.200000,-0.600000,0.486492
47,1.300701,-1.716827,-3.090715,0.497731,-0.038776,-3.316249,0.740000,1.000000,0.480000,0.200000,-0.600000,0.497731
48,1.295711,-1.716693,-3.123877,0.508723,-0.032785,-3.375617,0.660000,1.000000,0.540000,0.200000,-0.600000,0.508723
49,1.290618,-1.716455,-3.157634,0.519449,-0.026533,-3.426630,0.600000,1.000000,0.580000,0.200000,-0.600000,0.519449
50,1.285429,-1.716107,-3.191900,0.529896,-0.020026,-3.470434,0.560000,1.000000,0.640000,0.200000,-0.600000,0.529896
51,1.280147,-1.715640,-3.226604,0.540049,-0.013273,-3.507930,0.520000,1.000000,0.720000,0.200000,-0.800000,0.540049
52,1.274777,-1.715049,-3.261684,0.547820,-0.006049,-3.529809,0.480000,1.000000,0.840000,0.200000,-0.800000,0.547820
53,1.269345,-1.714333,-3.296982,0.555303,0.001331,-3.543294,0.440000,1.000000,0.980000,0.000000,-0.800000,0.555303
54,1.263857,-1.713487,-3.332415,0.548492,0.008836,-3.549324,0.420000,1.000000,1.000000,0.000000,-0.800000,0.548492
55,1.258455,-1.712533,-3.367908,0.541392,0.015866,-3.544415,0.400000,0.940000,1.000000,0.000000,-0.800000,0.541392
56,1.253144,-1.711473,-3.403352,0.534021,0.022389,-3.530313,0.380000,0.820000,1.000000,0.000000,-0.800000,0.534021
57,1.247927,-1.710307,-3.438655,0.526404,0.028379,-3.508471,0.360000,0.720000,1.000000,0.000000,-0.800000,0.526404
58,1.242811,-1.709038,-3.473740,0.518562,0.033817,-3.480098,0.340000,0.640000,1.000000,0.000000,-0.800000,0.518562
59,1.237798,-1.707667,-3.508541,0.510523,0.038688,-3.446205,0.320000,0.580000,1.000000,0.000000,-0.800000,0.510523
60,1.232894,-1.706196,-3.543003,0.502313,0.042981,-3.407649,0.320000,0.540000,1.000000,0.000000,-0.800000,0.502313
61,1.228103,-1.704629,-3.577079,0.493958,0.046691,-3.365154,0.300000,0.500000,1.000000,-0.200000,-0.800000,0.493958
62,1.223427,-1.702969,-3.610731,0.471485,0.049816,-3.319343,0.280000,0.460000,1.000000,-0.200000,-0.800000,0.471485
63,1.218996,-1.701281,-3.643924,0.448924,0.051827,-3.267254,0.280000,0.420000,1.000000,-0.200000,-0.800000,0.448924
64,1.214812,-1.699574,-3.676597,0.426321,0.052739,-3.209848,0.280000,0.400000,1.000000,-0.200000,-0.800000,0.426321
65,1.210876,-1.697854,-3.708695,0.403719,0.052571,-3.147907,0.280000,0.380000,0.920000,-0.200000,-0.800000,0.403719
66,1.207188,-1.696129,-3.740174,0.381158,0.051351,-3.082059,0.300000,0.360000,0.800000,-0.200000,-0.800000,0.381158
67,1.203750,-1.694405,-3.770995,0.358677,0.049110,-3.012800,0.300000,0.340000,0.720000,-0.200000,-0.800000,0.358677
68,1.200561,-1.692691,-3.801123,0.336310,0.045884,-2.940512,0.280000,0.320000,0.640000,-0.200000,-0.800000,0.336310
69,1.197622,-1.690993,-3.830528,0.314092,0.041715,-2.865465,0.280000,0.320000,0.580000,0.000000,-0.800000,0.314092
70,1.194933,-1.689318,-3.859183,0.306053,0.036648,-2.787815,0.280000,0.300000,0.540000,0.000000,-0.800000,0.306053
71,1.192386,-1.687582,-3.887061,0.298211,0.031185,-2.711704,0.260000,0.300000,0.500000,0.000000,-0.800000,0.298211
72,1.189983,-1.685788,-3.914178,0.290572,0.025367,-2.637601,0.260000,0.280000,0.460000,0.000000,-0.800000,0.290572
73,1.187725,-1.683942,-3.940554,0.283144,0.019242,-2.566099,0.260000,0.280000,0.440000,0.000000,-0.800000,0.283144
74,1.185613,-1.682047,-3.966215,0.275931,0.012861,-2.497954,0.260000,0.260000,0.420000,0.000000,-0.800000,0.275931
75,1.183645,-1.680108,-3.991194,0.268941,0.006285,-2.434114,0.260000,0.260000,0.400000,0.000000,-0.800000,0.268941
76,1.181822,-1.678130,-4.015536,0.262179,-0.000417,-2.375753,0.240000,0.240000,0.380000,0.200000,-0.600000,0.262179
77,1.180143,-1.676116,-4.039293,0.271869,-0.007127,-2.322625,0.240000,0.240000,0.360000,0.200000,-0.600000,0.271869
78,1.178504,-1.673946,-4.062519,0.281773,-0.013238,-2.286703,0.240000,0.240000,0.340000,0.200000,-0.600000,0.281773
79,1.176904,-1.671623,-4.085386,0.291865,-0.018683,-2.269846,0.240000,0.260000,0.320000,0.200000,-0.600000,0.291865
80,1.175343,-1.669150,-4.108085,0.302126,-0.023427,-2.272077,0.240000,0.260000,0.320000,0.200000,-0.600000,0.302126
81,1.173819,-1.666530,-4.130806,0.312534,-0.027462,-2.291717,0.220000,0.260000,0.300000,0.200000,-0.600000,0.312534
82,1.172332,-1.663768,-4.153723,0.323072,-0.030809,-2.325966,0.220000,0.260000,0.280000,0.200000,-0.600000,0.323072
83,1.170880,-1.660865,-4.176982,0.333722,-0.033501,-2.371596,0.220000,0.260000,0.280000,0.200000,-0.600000,0.333722
84,1.169466,-1.657824,-4.200698,0.344465,-0.035579,-2.425482,0.220000,0.240000,0.260000,0.200000,-0.600000,0.344465
85,1.168089,-1.654646,-4.224953,0.355283,-0.037084,-2.484902,0.220000,0.240000,0.260000,0.200000,-0.600000,0.355283
86,1.166753,-1.651334,-4.249802,0.366157,-0.038052,-2.547629,0.220000,0.240000,0.240000,0.200000,-0.600000,0.366157
87,1.165459,-1.647887,-4.275279,0.377068,-0.038518,-2.611919,0.200000,0.220000,0.240000,0.200000,-0.600000,0.377068
88,1.164212,-1.644308,-4.301398,0.387996,-0.038508,-2.676445,0.200000,0.220000,0.220000,0.200000,-0.800000,0.387996
89,1.163015,-1.640597,-4.328162,0.396592,-0.038306,-2.751212,0.200000,0.220000,0.220000,0.200000,-0.800000,0.396592
90,1.161884,-1.636777,-4.355674,0.405205,-0.037679,-2.821497,0.200000,0.220000,0.200000,0.200000,-0.800000,0.405205
91,1.160822,-1.632848,-4.383889,0.413817,-0.036646,-2.886980,0.200000,0.200000,0.220000,0.000000,-0.600000,0.413817
92,1.159834,-1.628813,-4.412759,0.410713,-0.035024,-2.938835,0.200000,0.200000,0.220000,0.000000,-0.600000,0.410713
93,1.158956,-1.624786,-4.442147,0.407593,-0.033468,-2.979802,0.200000,0.200000,0.220000,0.000000,-0.600000,0.407593
94,1.158190,-1.620768,-4.471945,0.404450,-0.032002,-3.011507,0.180000,0.200000,0.220000,0.000000,-0.600000,0.404450
95,1.157538,-1.616764,-4.502061,0.401280,-0.030646,-3.035325,0.180000,0.180000,0.220000,0.000000,-0.600000,0.401280
96,1.157000,-1.612776,-4.532414,0.398081,-0.029417,-3.052420,0.180000,0.180000,0.200000,0.000000,-0.600000,0.398081
97,1.156577,-1.608806,-4.562938,0.394853,-0.028324,-3.063781,0.180000,0.180000,0.200000,0.000000,-0.600000,0.394853
98,1.156269,-1.604860,-4.593576,0.391599,-0.027376,-3.070246,0.180000,0.180000,0.200000,0.000000,-0.600000,0.391599
99,1.156077,-1.600939,-4.624278,0.388322,-0.026579,-3.072534,0.180000,0.180000,0.180000,0.000000,-0.600000,0.388322
100,1.156000,-1.597047,-4.655004,0.385025,-0.025936,-3.071260,0.180000,0.160000,0.180000,0.000000,-0.600000,0.385025
101,1.156038,-1.593188,-4.685716,0.381713,-0.025446,-3.066953,0.180000,0.160000,0.180000,0.000000,-0.600000,0.381713
102,1.156190,-1.589366,-4.716386,0.378393,-0.025109,-3.060074,0.180000,0.160000,0.180000,0.000000,-0.600000,0.378393
103,1.156456,-1.585583,-4.746987,0.375068,-0.024922,-3.051021,0.180000,0.160000,0.160000,0.000000,-0.600000,0.375068
104,1.156835,-1.581843,-4.777497,0.371746,-0.024880,-3.040148,0.160000,0.160000,0.160000,0.000000,-0.600000,0.371746
105,1.157325,-1.578150,-4.807898,0.368432,-0.024978,-3.027762,0.160000,0.160000,0.160000,0.000000,-0.600000,0.368432
106,1.157925,-1.574506,-4.838176,0.365133,-0.025209,-3.014139,0.160000,0.160000,0.160000,0.000000,-0.600000,0.365133
107,1.158634,-1.570915,-4.868317,0.361853,-0.025566,-2.999525,0.220000,0.140000,0.140000,0.000000,-0.600000,0.361853
108,1.159448,-1.567380,-4.898312,0.358599,-0.026040,-2.984140,0.220000,0.140000,0.140000,0.000000,-0.600000,0.358599
109,1.160367,-1.563904,-4.928154,0.355376,-0.026622,-2.968183,0.220000,0.140000,0.140000,0.000000,-0.600000,0.355376
110,1.161388,-1.560490,-4.957836,0.352189,-0.027302,-2.951832,0.220000,0.140000,0.140000,0.000000,-0.600000,0.352189
111,1.162508,-1.557140,-4.987354,0.349043,-0.028070,-2.935248,0.220000,0.140000,0.140000,0.000000,-0.600000,0.349043
112,1.163726,-1.553857,-5.016706,0.345943,-0.028915,-2.918578,0.220000,0.140000,0.140000,0.000000,-0.600000,0.345943
113,1.165039,-1.550643,-5.045892,0.342892,-0.029828,-2.901953,0.220000,0.140000,0.140000,0.000000,-0.600000,0.342892
114,1.166443,-1.547501,-5.074912,0.339895,-0.030796,-2.885488,0.220000,0.140000,0.120000,0.000000,-0.600000,0.339895
115,1.167936,-1.544432,-5.103767,0.336955,-0.031809,-2.869285,1.000000,0.140000,0.120000,0.400000,-0.600000,0.336955
116,1.169516,-1.541438,-5.132460,0.362074,-0.032858,-2.853433,1.000000,0.140000,0.120000,0.400000,-0.800000,0.362074
117,1.171292,-1.538266,-5.160994,0.384648,-0.033553,-2.880881,1.000000,0.140000,0.120000,0.400000,-0.800000,0.384648
118,1.173263,-1.534946,-5.189803,0.407198,-0.033357,-2.919874,0.960000,0.180000,0.120000,0.400000,-0.800000,0.407198
119,1.175430,-1.531483,-5.219001,0.429704,-0.032289,-2.966301,0.940000,0.180000,0.120000,0.400000,-0.800000,0.429704
120,1.177798,-1.527882,-5.248664,0.452147,-0.030365,-3.016810,0.920000,0.180000,0.120000,0.200000,-0.600000,0.452147
121,1.180369,-1.524150,-5.278833,0.462709,-0.027580,-3.068028,0.880000,0.180000,0.120000,0.200000,-0.600000,0.462709
122,1.183085,-1.520394,-5.309513,0.473150,-0.024446,-3.115964,0.860000,0.180000,0.100000,0.200000,-0.600000,0.473150
123,1.185947,-1.516619,-5.340672,0.483455,-0.020974,-3.160618,0.800000,0.180000,0.100000,0.200000,-0.600000,0.483455
124,1.188958,-1.512831,-5.372279,0.493607,-0.017175,-3.202011,0.780000,0.180000,0.100000,0.200000,-0.600000,0.493607
125,1.192120,-1.509036,-5.404299,0.503594,-0.013060,-3.240178,0.760000,0.180000,0.100000,0.200000,-0.600000,0.503594
126,1.195434,-1.505242,-5.436701,0.513401,-0.008640,-3.275171,0.740000,0.180000,0.100000,0.200000,-0.600000,0.513401
127,1.198900,-1.501454,-5.469452,0.523017,-0.003926,-3.307050,0.720000,1.000000,0.100000,0.200000,-0.600000,0.523017
128,1.202521,-1.497679,-5.502523,0.532428,0.001070,-3.335885,0.660000,0.960000,0.140000,0.200000,-0.800000,0.532428
129,1.206296,-1.493925,-5.535882,0.539624,0.006720,-3.345364,0.660000,0.940000,0.140000,0.200000,-0.800000,0.539624
130,1.210208,-1.490208,-5.569335,0.546605,0.012508,-3.349685,0.640000,0.900000,0.140000,0.000000,-0.800000,0.546605
131,1.214258,-1.486534,-5.602832,0.539367,0.018413,-3.349247,0.640000,0.880000,0.140000,0.000000,-0.800000,0.539367
132,1.218335,-1.482998,-5.636325,0.531915,0.023865,-3.340213,0.620000,0.840000,0.140000,0.000000,-0.800000,0.531915
133,1.222436,-1.479602,-5.669727,0.524268,0.028841,-3.323862,0.620000,0.820000,0.140000,0.000000,-0.800000,0.524268
134,1.226556,-1.476348,-5.702965,0.516446,0.033322,-3.301283,0.560000,0.740000,0.140000,0.000000,-0.800000,0.516446
135,1.230693,-1.473238,-5.735978,0.508470,0.037293,-3.273403,0.560000,0.740000,0.140000,0.000000,-0.800000,0.508470
136,1.234841,-1.470274,-5.768712,0.500362,0.040745,-3.241017,0.540000,0.720000,0.140000,0.000000,-0.800000,0.500362
137,1.238997,-1.467457,-5.801122,0.492143,0.043671,-3.204812,0.540000,0.700000,0.980000,0.000000,-0.800000,0.492143
138,1.243155,-1.464789,-5.833170,0.483837,0.046068,-3.165388,0.500000,0.680000,0.940000,0.000000,-0.800000,0.483837
139,1.247311,-1.462269,-5.864824,0.475465,0.047939,-3.123272,0.500000,0.660000,0.900000,0.000000,-0.800000,0.475465
140,1.251461,-1.459899,-5.896057,0.467048,0.049286,-3.078934,0.480000,0.620000,0.880000,0.000000,-0.800000,0.467048
141,1.255600,-1.457680,-5.926846,0.458605,0.050115,-3.032795,0.480000,0.600000,0.840000,0.000000,-0.800000,0.458605
142,1.259723,-1.455610,-5.957174,0.450156,0.050436,-2.985242,0.480000,0.600000,0.820000,0.000000,-0.800000,0.450156
143,1.263826,-1.453691,-5.987027,0.441719,0.050259,-2.936634,0.480000,0.580000,0.800000,0.000000,-0.800000,0.441719
144,1.267904,-1.451921,-6.016393,0.433311,0.049598,-2.887310,0.480000,0.580000,0.780000,0.000000,-0.800000,0.433311
145,1.271953,-1.450300,-6.045266,0.424946,0.048468,-2.837598,0.440000,0.560000,0.700000,0.000000,-0.800000,0.424946
146,1.275968,-1.448828,-6.073642,0.416641,0.046885,-2.787819,0.440000,0.520000,0.700000,0.000000,-0.800000,0.416641
147,1.279946,-1.447502,-6.101520,0.408406,0.044870,-2.738296,0.440000,0.520000,0.680000,0.000000,-0.800000,0.408406
148,1.283882,-1.446323,-6.128903,0.400255,0.042442,-2.689358,0.440000,0.500000,0.660000,0.000000,-0.800000,0.400255
149,1.287772,-1.445289,-6.155797,0.392198,0.039626,-2.641345,0.400000,0.500000,0.660000,0.000000,-0.800000,0.392198
150,1.291612,-1.444397,-6.182210,0.384244,0.036445,-2.594619,0.380000,0.500000,0.640000,0.000000,-0.800000,0.384244
151,1.295398,-1.443648,-6.208157,0.376401,0.032926,-2.549563,0.380000,0.460000,0.620000,0.000000,-0.800000,0.376401
152,1.299126,-1.443037,-6.233652,0.368677,0.029100,-2.506587,0.380000,0.460000,0.580000,0.000000,-0.800000,0.368677
153,1.302794,-1.442564,-6.258718,0.361079,0.024997,-2.466135,0.380000,0.440000,0.560000,0.000000,-0.800000,0.361079
154,1.306398,-1.442226,-6.283379,0.353611,0.020651,-2.428680,0.380000,0.440000,0.560000,0.000000,-0.800000,0.353611
155,1.309934,-1.442020,-6.307666,0.346279,0.016098,-2.394730,0.360000,0.440000,0.560000,0.200000,-0.800000,0.346279
156,1.313400,-1.441944,-6.331613,0.353088,0.011377,-2.364815,0.340000,0.440000,0.540000,0.200000,-0.800000,0.353088
157,1.316932,-1.442001,-6.355262,0.360029,0.006967,-2.345898,0.340000,0.440000,0.540000,0.000000,-0.800000,0.360029
158,1.320528,-1.442191,-6.378721,0.353089,0.002906,-2.338009,0.340000,0.440000,0.540000,0.200000,-0.800000,0.353089
159,1.324046,-1.442499,-6.402101,0.360275,-0.001211,-2.334029,0.340000,0.400000,0.480000,0.200000,-0.800000,0.360275
160,1.327621,-1.442938,-6.425441,0.367573,-0.004915,-2.341206,0.340000,0.400000,0.480000,0.200000,-0.800000,0.367573
161,1.331253,-1.443508,-6.448853,0.374972,-0.008186,-2.358570,0.340000,0.400000,0.480000,0.200000,-0.800000,0.374972
162,1.334938,-1.444207,-6.472439,0.382463,-0.011010,-2.384831,0.360000,0.380000,0.460000,0.200000,-0.800000,0.382463
163,1.338674,-1.445035,-6.496287,0.390036,-0.013381,-2.418511,0.360000,0.380000,0.460000,0.200000,-0.800000,0.390036
164,1.342457,-1.445990,-6.520472,0.397680,-0.015301,-2.458063,0.360000,0.360000,0.460000,0.200000,-0.800000,0.397680
165,1.346287,-1.447074,-6.545053,0.405384,-0.016772,-2.501967,0.360000,0.340000,0.420000,0.200000,-0.600000,0.405384
166,1.350159,-1.448285,-6.570072,0.415234,-0.018003,-2.557301,0.340000,0.340000,0.420000,0.200000,-0.600000,0.415234
167,1.354091,-1.449633,-6.595645,0.425133,-0.018695,-2.614586,0.340000,0.340000,0.400000,0.200000,-0.600000,0.425133
168,1.358079,-1.451118,-6.621791,0.435061,-0.018869,-2.672681,0.320000,0.340000,0.400000,0.200000,-0.600000,0.435061
169,1.362120,-1.452741,-6.648518,0.444999,-0.018544,-2.730641,0.320000,0.340000,0.400000,0.200000,-0.800000,0.444999
170,1.366210,-1.454504,-6.675825,0.452835,-0.017539,-2.779048,0.300000,0.320000,0.400000,0.200000,-0.800000,0.452835
171,1.370326,-1.456398,-6.703615,0.460645,-0.016168,-2.824760,0.300000,0.300000,0.400000,0.200000,-0.800000,0.460645
172,1.374466,-1.458426,-6.731863,0.468414,-0.014450,-2.867405,0.280000,0.300000,0.360000,0.200000,-0.600000,0.468414
173,1.378623,-1.460588,-6.760537,0.478195,-0.012657,-2.917673,0.280000,0.300000,0.340000,0.200000,-0.600000,0.478195
174,1.382813,-1.462898,-6.789713,0.487907,-0.010450,-2.965872,0.280000,0.300000,0.340000,0.200000,-0.600000,0.487907
175,1.387028,-1.465356,-6.819372,0.497533,-0.007846,-3.011721,0.280000,0.300000,0.340000,0.200000,-0.600000,0.497533
176,1.391265,-1.467965,-6.849489,0.507055,-0.004860,-3.055015,0.280000,0.300000,0.320000,0.200000,-0.600000,0.507055
177,1.395518,-1.470727,-6.880039,0.516458,-0.001507,-3.095610,0.280000,0.300000,0.300000,0.200000,-0.600000,0.516458
178,1.399782,-1.473642,-6.910996,0.525727,0.002197,-3.133411,0.280000,0.300000,0.300000,0.200000,-0.800000,0.525727
179,1.404049,-1.476712,-6.942330,0.532867,0.006665,-3.150063,0.260000,0.300000,0.300000,0.000000,-0.800000,0.532867
180,1.408302,-1.479923,-6.973830,0.525847,0.011318,-3.162183,0.260000,0.280000,0.300000,0.000000,-0.800000,0.525847
181,1.412428,-1.483185,-7.005452,0.518668,0.015612,-3.165536,0.260000,0.280000,0.260000,0.000000,-0.800000,0.518668
182,1.416423,-1.486497,-7.037108,0.511343,0.019521,-3.161352,0.240000,0.260000,0.260000,0.000000,-0.800000,0.511343
183,1.420284,-1.489855,-7.068721,0.503885,0.023025,-3.150698,0.260000,0.240000,0.260000,0.000000,-0.800000,0.503885
184,1.424010,-1.493256,-7.100228,0.496309,0.026108,-3.134496,0.260000,0.240000,0.260000,0.000000,-0.800000,0.496309
185,1.427597,-1.496696,-7.131573,0.488632,0.028759,-3.113552,0.280000,0.220000,0.260000,0.200000,-0.800000,0.488632
186,1.431043,-1.500171,-7.162709,0.494872,0.030969,-3.088572,0.260000,0.220000,0.260000,0.000000,-0.800000,0.494872
187,1.434437,-1.503787,-7.193594,0.487037,0.033245,-3.064415,0.260000,0.220000,0.260000,0.000000,-0.800000,0.487037
188,1.437687,-1.507429,-7.224238,0.479134,0.035076,-3.036766,0.260000,0.240000,0.260000,0.000000,-0.800000,0.479134
189,1.440792,-1.511095,-7.254606,0.471179,0.036463,-3.006184,0.240000,0.240000,0.260000,0.000000,-0.800000,0.471179
190,1.443751,-1.514780,-7.284668,0.463190,0.037406,-2.973172,0.240000,0.240000,0.260000,0.000000,-0.800000,0.463190
191,1.446563,-1.518479,-7.314400,0.455182,0.037908,-2.938188,0.240000,0.220000,0.240000,0.000000,-0.800000,0.455182
192,1.449227,-1.522190,-7.343781,0.447170,0.037978,-2.901653,0.240000,0.220000,0.220000,0.000000,-0.800000,0.447170
193,1.451742,-1.525906,-7.372798,0.439170,0.037623,-2.863963,0.240000,0.220000,0.220000,0.000000,-0.800000,0.439170
194,1.454108,-1.529625,-7.401438,0.431195,0.036854,-2.825489,0.220000,0.200000,0.200000,0.000000,-0.800000,0.431195
195,1.456325,-1.533342,-7.429693,0.423259,0.035686,-2.786591,0.220000,0.200000,0.200000,0.200000,-0.800000,0.423259
196,1.458393,-1.537052,-7.457558,0.429373,0.034134,-2.747620,0.220000,0.200000,0.180000,0.200000,-0.800000,0.429373
197,1.460365,-1.540881,-7.485035,0.435543,0.032681,-2.713454,0.220000,0.200000,0.180000,0.200000,-0.800000,0.435543
198,1.462241,-1.544826,-7.512169,0.441763,0.031346,-2.684027,0.220000,0.220000,0.180000,0.000000,-0.800000,0.441763
199,1.464017,-1.548883,-7.539009,0.434027,0.030142,-2.659212,0.220000,0.220000,0.180000,0.000000,-0.800000,0.434027
200,1.465648,-1.552916,-7.565602,0.426336,0.028626,-2.634114,0.200000,0.220000,0.200000,0.000000,-0.800000,0.426336
201,1.467135,-1.556922,-7.591943,0.418699,0.026811,-2.609078,0.240000,0.220000,0.200000,0.000000,-0.800000,0.418699
202,1.468479,-1.560897,-7.618033,0.411124,0.024711,-2.584445,0.240000,0.200000,0.200000,0.000000,-0.800000,0.411124
203,1.469680,-1.564836,-7.643878,0.403620,0.022344,-2.560550,0.240000,0.200000,0.180000,0.000000,-0.800000,0.403620
204,1.470740,-1.568737,-7.669483,0.396193,0.019728,-2.537730,0.240000,0.200000,0.180000,0.000000,-0.800000,0.396193
205,1.471661,-1.572596,-7.694861,0.388851,0.016884,-2.516317,0.240000,0.200000,0.180000,0.000000,-0.800000,0.388851
206,1.472444,-1.576408,-7.720024,0.381600,0.013832,-2.496643,0.240000,0.200000,0.160000,0.000000,-0.800000,0.381600
207,1.473091,-1.580172,-7.744990,0.374446,0.010596,-2.479035,0.240000,0.180000,0.160000,0.000000,-0.800000,0.374446
208,1.473603,-1.583882,-7.769781,0.367395,0.007201,-2.463813,0.240000,0.180000,0.160000,0.000000,-0.800000,0.367395
209,1.473984,-1.587537,-7.794419,0.360452,0.003671,-2.451285,0.220000,0.180000,0.160000,0.000000,-0.800000,0.360452
210,1.474235,-1.591133,-7.818932,0.353622,0.000033,-2.441738,0.220000,0.180000,0.180000,0.000000,-0.800000,0.353622
211,1.474360,-1.594667,-7.843349,0.346911,-0.003687,-2.435429,0.220000,0.180000,0.180000,0.200000,-0.800000,0.346911
212,1.474360,-1.598136,-7.867703,0.354324,-0.007461,-2.432577,0.220000,0.180000,0.180000,0.200000,-0.800000,0.354324
213,1.474236,-1.601678,-7.892029,0.361843,-0.010812,-2.440768,0.220000,0.160000,0.180000,0.200000,-0.800000,0.361843
214,1.473991,-1.605290,-7.916437,0.369457,-0.013722,-2.458845,0.220000,0.160000,0.180000,0.200000,-0.800000,0.369457
215,1.473623,-1.608969,-7.941025,0.377156,-0.016185,-2.485382,0.220000,0.160000,0.160000,0.200000,-0.800000,0.377156
216,1.473134,-1.612712,-7.965879,0.384929,-0.018197,-2.518816,0.220000,0.160000,0.160000,0.200000,-0.800000,0.384929
217,1.472523,-1.616517,-7.991067,0.392766,-0.019765,-2.557566,0.220000,0.200000,0.160000,0.200000,-0.800000,0.392766
218,1.471791,-1.620381,-8.016643,0.400655,-0.020894,-2.600124,0.220000,0.200000,0.160000,0.200000,-0.800000,0.400655
219,1.470936,-1.624301,-8.042644,0.408585,-0.021595,-2.645115,0.220000,0.200000,0.160000,0.200000,-0.800000,0.408585
220,1.469957,-1.628273,-8.069095,0.416542,-0.021880,-2.691322,0.220000,0.200000,0.140000,0.200000,-0.800000,0.416542
221,1.468855,-1.632296,-8.096008,0.424515,-0.021762,-2.737704,0.220000,0.180000,0.140000,0.200000,-0.800000,0.424515
222,1.467626,-1.636365,-8.123386,0.432490,-0.021254,-2.783384,0.220000,0.180000,0.140000,0.200000,-0.800000,0.432490
223,1.466270,-1.640478,-8.151219,0.440454,-0.020372,-2.827645,0.220000,0.180000,0.140000,0.200000,-0.800000,0.440454
224,1.464785,-1.644629,-8.179496,0.448392,-0.019131,-2.869906,0.280000,0.180000,0.140000,0.200000,-0.800000,0.448392
225,1.463170,-1.648817,-8.208195,0.456292,-0.017545,-2.909714,0.280000,0.180000,0.140000,0.200000,-0.800000,0.456292
226,1.461423,-1.653036,-8.237292,0.464141,-0.015631,-2.946716,0.280000,0.180000,0.120000,0.200000,-0.800000,0.464141
227,1.459542,-1.657282,-8.266759,0.471926,-0.013406,-2.980654,0.280000,0.180000,0.160000,0.200000,-0.800000,0.471926
228,1.457526,-1.661551,-8.296566,0.479633,-0.010885,-3.011341,0.280000,0.180000,0.160000,0.200000,-0.800000,0.479633
229,1.455373,-1.665838,-8.326679,0.487252,-0.008085,-3.038655,0.280000,0.180000,0.160000,0.200000,-0.800000,0.487252
230,1.453083,-1.670140,-8.357066,0.494772,-0.005025,-3.062528,0.280000,0.180000,0.160000,0.200000,-0.800000,0.494772
231,1.450653,-1.674450,-8.387691,0.502182,-0.001720,-3.082931,0.300000,0.180000,0.160000,0.200000,-0.800000,0.502182
232,1.448084,-1.678765,-8.418520,0.509473,0.001810,-3.099873,0.300000,0.180000,0.160000,0.200000,-0.800000,0.509473
233,1.445373,-1.683079,-8.449519,0.516637,0.005549,-3.113391,0.300000,0.180000,0.140000,0.000000,-0.800000,0.516637
234,1.442521,-1.687387,-8.480653,0.509665,0.009478,-3.123544,0.320000,0.180000,0.140000,0.000000,-0.800000,0.509665
235,1.439609,-1.691571,-8.511888,0.502562,0.013062,-3.125778,0.320000,0.180000,0.140000,0.000000,-0.800000,0.502562
236,1.436639,-1.695627,-8.543146,0.495337,0.016279,-3.121194,0.340000,0.220000,0.140000,0.200000,-0.800000,0.495337
237,1.433615,-1.699554,-8.574358,0.502005,0.019112,-3.110753,0.340000,0.220000,0.140000,0.200000,-0.800000,0.502005
238,1.430447,-1.703453,-8.605466,0.508571,0.022063,-3.099834,0.440000,0.220000,0.140000,0.000000,-0.800000,0.508571
239,1.427136,-1.707319,-8.636464,0.501033,0.025124,-3.088302,0.460000,0.220000,0.140000,0.000000,-0.800000,0.501033
240,1.423782,-1.711049,-8.667347,0.493395,0.027774,-3.071719,0.500000,0.240000,0.140000,0.000000,-0.800000,0.493395
241,1.420388,-1.714641,-8.698064,0.485673,0.030006,-3.050818,0.520000,0.240000,0.140000,0.000000,-0.800000,0.485673
242,1.416958,-1.718092,-8.728572,0.477884,0.031811,-3.026247,0.560000,0.240000,0.140000,0.000000,-0.800000,0.477884
243,1.413495,-1.721401,-8.758835,0.470042,0.033188,-2.998583,0.600000,0.240000,0.140000,0.000000,-0.800000,0.470042
244,1.410004,-1.724566,-8.788821,0.462164,0.034137,-2.968348,0.640000,0.240000,0.140000,0.000000,-0.800000,0.462164
245,1.406488,-1.727586,-8.818504,0.454266,0.034661,-2.936013,0.700000,0.260000,0.120000,0.000000,-0.800000,0.454266
246,1.402953,-1.730459,-8.847864,0.446362,0.034766,-2.902015,0.780000,0.260000,0.120000,0.000000,-0.800000,0.446362
247,1.399401,-1.733185,-8.876884,0.438466,0.034460,-2.866758,0.880000,0.260000,0.120000,0.000000,-0.800000,0.438466
248,1.395838,-1.735763,-8.905552,0.430593,0.033753,-2.830624,1.000000,0.280000,0.180000,0.200000,-0.800000,0.430593
249,1.392267,-1.738193,-8.933858,0.436754,0.032658,-2.793981,1.000000,0.280000,0.180000,0.200000,-0.800000,0.436754
250,1.388569,-1.740540,-8.961798,0.442956,0.031663,-2.761723,1.000000,0.300000,0.180000,0.200000,-0.800000,0.442956
251,1.384747,-1.742801,-8.989415,0.449193,0.030783,-2.733726,1.000000,0.400000,0.180000,0.200000,-0.800000,0.449193
252,1.380804,-1.744975,-9.016753,0.455460,0.030028,-2.709823,1.000000,0.420000,0.200000,0.200000,-0.800000,0.455460
253,1.376743,-1.747058,-9.043851,0.461753,0.029413,-2.689802,1.000000,0.440000,0.200000,0.000000,-0.800000,0.461753
254,1.372566,-1.749048,-9.070749,0.454066,0.028946,-2.673410,1.000000,0.480000,0.200000,0.000000,-0.800000,0.454066
255,1.368407,-1.750893,-9.097483,0.446399,0.028176,-2.655709,1.000000,0.500000,0.200000,0.000000,-0.800000,0.446399
256,1.364270,-1.752595,-9.124040,0.438762,0.027109,-2.637070,1.000000,0.540000,0.200000,0.000000,-0.800000,0.438762
257,1.360160,-1.754154,-9.150411,0.431164,0.025755,-2.617849,1.000000,0.580000,0.200000,0.000000,-0.800000,0.431164
258,1.356079,-1.755570,-9.176589,0.423613,0.024123,-2.598391,1.000000,0.640000,0.220000,0.000000,-0.800000,0.423613
259,1.352032,-1.756844,-9.202573,0.416118,0.022228,-2.579031,1.000000,0.720000,0.220000,0.000000,-0.800000,0.416118
260,1.348022,-1.757978,-9.228363,0.408685,0.020082,-2.560098,1.000000,0.800000,0.220000,0.000000,-0.800000,0.408685
261,1.344053,-1.758973,-9.253964,0.401323,0.017701,-2.541912,1.000000,0.900000,0.240000,0.000000,-0.800000,0.401323
262,1.340129,-1.759829,-9.279383,0.394038,0.015103,-2.524791,1.000000,1.000000,0.240000,0.000000,-0.800000,0.394038
263,1.336252,-1.760550,-9.304631,0.386836,0.012307,-2.509045,1.000000,1.000000,0.340000,0.000000,-0.800000,0.386836
264,1.332426,-1.761135,-9.329722,0.379724,0.009332,-2.494977,1.000000,1.000000,0.360000,0.000000,-0.800000,0.379724
265,1.328655,-1.761589,-9.354672,0.372706,0.006201,-2.482881,0.920000,1.000000,0.380000,0.000000,-0.800000,0.372706
266,1.324941,-1.761912,-9.379500,0.365790,0.002934,-2.473036,0.840000,1.000000,0.400000,0.000000,-0.800000,0.365790
267,1.321288,-1.762107,-9.404231,0.358979,-0.000444,-2.465700,0.780000,1.000000,0.420000,0.000000,-0.600000,0.358979
268,1.317699,-1.762176,-9.428888,0.354328,-0.004204,-2.473636,0.740000,1.000000,0.460000,0.000000,-0.800000,0.354328
269,1.314156,-1.762119,-9.453624,0.347755,-0.007625,-2.472592,0.680000,1.000000,0.480000,0.200000,-0.800000,0.347755
270,1.310682,-1.761943,-9.478350,0.355301,-0.011090,-2.474410,0.640000,1.000000,0.520000,0.200000,-0.800000,0.355301
271,1.307140,-1.761642,-9.503094,0.362946,-0.014123,-2.486758,0.620000,1.000000,0.580000,0.200000,-0.800000,0.362946
272,1.303533,-1.761217,-9.527962,0.370678,-0.016711,-2.508300,0.580000,1.000000,0.640000,0.200000,-0.800000,0.370678
273,1.299863,-1.760669,-9.553045,0.378488,-0.018851,-2.537503,0.560000,1.000000,0.700000,0.200000,-0.800000,0.378488
274,1.296134,-1.759998,-9.578420,0.386365,-0.020546,-2.572769,0.520000,1.000000,0.800000,0.200000,-0.800000,0.386365
275,1.292347,-1.759204,-9.604147,0.394297,-0.021803,-2.612541,0.500000,1.000000,0.920000,0.200000,-0.800000,0.394297
276,1.288506,-1.758286,-9.630273,0.402273,-0.022629,-2.655372,0.480000,1.000000,1.000000,0.200000,-0.800000,0.402273
277,1.284614,-1.757243,-9.656827,0.410280,-0.023038,-2.699973,0.460000,1.000000,1.000000,0.200000,-0.800000,0.410280
278,1.280674,-1.756075,-9.683826,0.418305,-0.023041,-2.745221,0.440000,0.960000,1.000000,0.200000,-0.800000,0.418305
279,1.276690,-1.754781,-9.711279,0.426337,-0.022652,-2.790171,0.420000,0.880000,1.000000,0.200000,-0.800000,0.426337
280,1.272664,-1.753359,-9.739180,0.434360,-0.021885,-2.834038,0.400000,0.800000,1.000000,0.200000,-0.800000,0.434360
281,1.268601,-1.751808,-9.767521,0.442362,-0.020756,-2.876185,0.380000,0.720000,1.000000,0.200000,-0.800000,0.442362
282,1.264505,-1.750126,-9.796282,0.450329,-0.019279,-2.916106,0.380000,0.680000,1.000000,0.200000,-0.800000,0.450329
283,1.260379,-1.748311,-9.825444,0.458249,-0.017471,-2.953407,0.360000,0.620000,1.000000,0.200000,-0.800000,0.458249
284,1.256227,-1.746363,-9.854978,0.466107,-0.015346,-2.987792,0.340000,0.580000,1.000000,0.200000,-0.800000,0.466107
285,1.252055,-1.744280,-9.884856,0.473892,-0.012922,-3.019044,0.340000,0.540000,1.000000,0.200000,-0.800000,0.473892
286,1.247866,-1.742060,-9.915046,0.481591,-0.010214,-3.047015,0.320000,0.500000,1.000000,0.200000,-0.800000,0.481591
287,1.243665,-1.739702,-9.945516,0.489193,-0.007240,-3.071612,0.320000,0.480000,1.000000,0.200000,-0.800000,0.489193
288,1.239458,-1.737205,-9.976232,0.496688,-0.004017,-3.092789,0.320000,0.440000,1.000000,0.200000,-0.800000,0.496688
289,1.235248,-1.734569,-10.007160,0.504066,-0.000562,-3.110540,0.320000,0.420000,1.000000,0.200000,-0.800000,0.504066
290,1.231042,-1.731792,-10.038266,0.511319,0.003107,-3.124887,0.340000,0.400000,0.880000,0.200000,-0.800000,0.511319
291,1.226843,-1.728873,-10.069514,0.518437,0.006973,-3.135879,0.320000,0.380000,0.780000,0.000000,-0.800000,0.518437
292,1.222658,-1.725813,-10.100873,0.511416,0.011017,-3.143584,0.320000,0.360000,0.700000,0.000000,-0.800000,0.511416
293,1.218599,-1.722699,-10.132309,0.504257,0.014702,-3.143504,0.300000,0.340000,0.640000,0.200000,-0.800000,0.504257
294,1.214672,-1.719533,-10.163744,0.510973,0.018007,-3.136730,0.300000,0.340000,0.580000,0.200000,-0.800000,0.510973
295,1.210773,-1.716225,-10.195111,0.517570,0.021433,-3.128722,0.300000,0.320000,0.540000,0.200000,-0.800000,0.517570
296,1.206910,-1.712774,-10.226399,0.524046,0.024970,-3.119407,0.280000,0.300000,0.500000,0.200000,-0.800000,0.524046
297,1.203085,-1.709183,-10.257593,0.530397,0.028605,-3.108737,0.280000,0.300000,0.460000,0.200000,-0.800000,0.530397
298,1.199305,-1.705451,-10.288680,0.536622,0.032326,-3.096680,0.280000,0.280000,0.420000,0.200000,-0.800000,0.536622
299,1.195574,-1.701581,-10.319647,0.542721,0.036122,-3.083220,0.260000,0.260000,0.400000,0.000000,-0.800000,0.542721
300,1.191897,-1.697573,-10.350479,0.534694,0.039980,-3.068358,0.260000,0.260000,0.380000,0.000000,-0.800000,0.534694
301,1.188363,-1.693541,-10.381163,0.526545,0.043386,-3.048239,0.260000,0.280000,0.360000,0.000000,-0.800000,0.526545
302,1.184973,-1.689489,-10.411645,0.518292,0.046327,-3.023607,0.240000,0.280000,0.340000,0.000000,-0.800000,0.518292
303,1.181729,-1.685420,-10.441881,0.509953,0.048796,-2.995118,0.240000,0.280000,0.320000,0.000000,-0.800000,0.509953
304,1.178632,-1.681339,-10.471832,0.501548,0.050786,-2.963350,0.240000,0.260000,0.300000,0.000000,-0.800000,0.501548
305,1.175684,-1.677250,-10.501466,0.493094,0.052298,-2.928823,0.240000,0.260000,0.280000,0.000000,-0.800000,0.493094
306,1.172885,-1.673157,-10.530754,0.484608,0.053333,-2.892005,0.220000,0.260000,0.260000,0.000000,-0.800000,0.484608
307,1.170236,-1.669064,-10.559674,0.476109,0.053896,-2.853321,0.220000,0.240000,0.260000,0.000000,-0.800000,0.476109
308,1.167737,-1.664975,-10.588207,0.467612,0.053992,-2.813167,0.220000,0.240000,0.240000,0.000000,-0.800000,0.467612
309,1.165389,-1.660896,-10.616339,0.459132,0.053633,-2.771910,0.220000,0.240000,0.240000,0.000000,-0.800000,0.459132
310,1.163191,-1.656829,-10.644058,0.450685,0.052828,-2.729900,0.220000,0.220000,0.220000,0.000000,-0.800000,0.450685
311,1.161143,-1.652780,-10.671357,0.442283,0.051591,-2.687477,0.220000,0.220000,0.220000,0.000000,-0.800000,0.442283
312,1.159245,-1.648752,-10.698232,0.433939,0.049938,-2.644971,0.200000,0.220000,0.220000,0.000000,-0.800000,0.433939
313,1.157496,-1.644749,-10.724681,0.425663,0.047887,-2.602715,0.200000,0.220000,0.220000,0.000000,-0.800000,0.425663
314,1.155896,-1.640776,-10.750709,0.417467,0.045456,-2.561043,0.200000,0.200000,0.240000,0.000000,-0.800000,0.417467
315,1.154443,-1.636836,-10.776319,0.409359,0.042667,-2.520298,0.200000,0.200000,0.240000,0.000000,-0.800000,0.409359
316,1.153136,-1.632933,-10.801522,0.401347,0.039542,-2.480838,0.200000,0.200000,0.220000,0.000000,-0.800000,0.401347
317,1.151974,-1.629071,-10.826330,0.393439,0.036107,-2.443035,0.200000,0.200000,0.220000,0.000000,-0.800000,0.393439
318,1.150955,-1.625254,-10.850761,0.385640,0.032388,-2.407282,0.200000,0.200000,0.220000,0.000000,-0.800000,0.385640
319,1.150078,-1.621485,-10.874834,0.377958,0.028415,-2.373993,0.200000,0.180000,0.200000,0.000000,-0.800000,0.377958
320,1.149341,-1.617767,-10.898573,0.370396,0.024218,-2.343599,0.180000,0.180000,0.200000,0.000000,-0.800000,0.370396
321,1.148741,-1.614104,-10.922009,0.362958,0.019829,-2.316551,0.180000,0.180000,0.200000,0.000000,-0.800000,0.362958
322,1.148277,-1.610499,-10.945175,0.355651,0.015283,-2.293310,0.180000,0.180000,0.200000,0.000000,-0.800000,0.355651
323,1.147945,-1.606954,-10.968108,0.348476,0.010617,-2.274337,0.180000,0.180000,0.180000,0.000000,-0.800000,0.348476
324,1.147743,-1.603474,-10.990851,0.341438,0.005867,-2.260077,0.180000,0.180000,0.180000,0.000000,-0.800000,0.341438
325,1.147668,-1.600060,-11.013452,0.334541,0.001071,-2.250939,0.180000,0.180000,0.180000,0.200000,-0.800000,0.334541
326,1.147718,-1.596715,-11.035962,0.341789,-0.003733,-2.247267,0.180000,0.160000,0.180000,0.200000,-0.800000,0.341789
327,1.147893,-1.593301,-11.058434,0.349167,-0.008073,-2.256859,0.180000,0.160000,0.180000,0.200000,-0.800000,0.349167
328,1.148193,-1.589821,-11.081003,0.356663,-0.011926,-2.278630,0.180000,0.160000,0.160000,0.200000,-0.800000,0.356663
329,1.148616,-1.586278,-11.103789,0.364269,-0.015278,-2.311020,0.180000,0.160000,0.160000,0.200000,-0.800000,0.364269
330,1.149161,-1.582673,-11.126899,0.371973,-0.018126,-2.352181,0.220000,0.160000,0.160000,0.200000,-0.800000,0.371973
331,1.149828,-1.579009,-11.150421,0.379766,-0.020473,-2.400171,0.220000,0.160000,0.160000,0.200000,-0.800000,0.379766
332,1.150616,-1.575288,-11.174423,0.387636,-0.022329,-2.453098,0.220000,0.160000,0.160000,0.200000,-0.800000,0.387636
333,1.151525,-1.571514,-11.198954,0.395573,-0.023706,-2.509222,0.220000,0.160000,0.140000,0.200000,-0.800000,0.395573
334,1.152556,-1.567687,-11.224046,0.403564,-0.024618,-2.567010,0.220000,0.140000,0.140000,0.200000,-0.800000,0.403564
335,1.153710,-1.563812,-11.249716,0.411596,-0.025082,-2.625153,0.220000,0.140000,0.140000,0.200000,-0.800000,0.411596
336,1.154988,-1.559892,-11.275968,0.419655,-0.025113,-2.682565,0.220000,0.140000,0.140000,0.200000,-0.800000,0.419655
337,1.156390,-1.555928,-11.302793,0.427727,-0.024728,-2.738366,0.220000,0.140000,0.140000,0.200000,-0.800000,0.427727
338,1.157920,-1.551926,-11.330177,0.435797,-0.023944,-2.791856,0.220000,0.140000,0.140000,0.200000,-0.800000,0.435797
339,1.159577,-1.547889,-11.358096,0.443850,-0.022778,-2.842496,0.220000,0.140000,0.120000,0.200000,-0.600000,0.443850
340,1.161364,-1.543819,-11.386521,0.454012,-0.021360,-2.894729,0.220000,0.140000,0.120000,0.200000,-0.600000,0.454012
341,1.163292,-1.539703,-11.415468,0.464117,-0.019526,-2.945272,1.000000,0.140000,0.120000,0.400000,-0.600000,0.464117
342,1.165362,-1.535545,-11.444921,0.488147,-0.017290,-2.993753,1.000000,0.140000,0.120000,0.400000,-0.600000,0.488147
343,1.167638,-1.531223,-11.474858,0.512054,-0.014196,-3.046624,0.960000,0.120000,0.120000,0.400000,-0.600000,0.512054
344,1.170125,-1.526745,-11.505324,0.535812,-0.010240,-3.101734,0.940000,0.120000,0.120000,0.400000,-0.600000,0.535812
345,1.172829,-1.522118,-11.536342,0.559393,-0.005417,-3.157385,0.920000,0.180000,0.100000,0.200000,-0.600000,0.559393
346,1.175755,-1.517350,-11.567916,0.568768,0.000274,-3.212252,0.880000,0.160000,0.100000,0.200000,-0.800000,0.568768
347,1.178833,-1.512567,-11.600038,0.575954,0.006772,-3.241152,0.860000,0.160000,0.100000,0.000000,-0.800000,0.575954
348,1.182051,-1.507790,-11.632450,0.568906,0.013459,-3.261962,0.800000,0.160000,0.100000,0.000000,-0.800000,0.568906
349,1.185326,-1.503136,-11.665069,0.561623,0.019771,-3.271307,0.780000,0.160000,0.100000,0.000000,-0.800000,0.561623
350,1.188656,-1.498609,-11.697782,0.554118,0.025668,-3.270860,0.760000,0.160000,0.100000,0.000000,-0.800000,0.554118
351,1.192040,-1.494213,-11.730491,0.546405,0.031118,-3.262044,0.740000,0.160000,0.100000,0.000000,-0.800000,0.546405
352,1.195472,-1.489951,-11.763111,0.538504,0.036095,-3.246073,0.720000,0.160000,0.080000,0.000000,-0.800000,0.538504
353,1.198952,-1.485825,-11.795572,0.530433,0.040578,-3.223984,0.720000,0.160000,0.080000,0.000000,-0.800000,0.530433
354,1.202474,-1.481839,-11.827812,0.522215,0.044552,-3.196670,0.660000,0.920000,0.080000,0.000000,-0.800000,0.522215
355,1.206036,-1.477993,-11.859779,0.513870,0.048007,-3.164897,0.640000,0.900000,0.120000,0.000000,-0.800000,0.513870
356,1.209632,-1.474292,-11.891428,0.505421,0.050936,-3.129333,0.640000,0.880000,0.120000,0.000000,-0.800000,0.505421
357,1.213260,-1.470736,-11.922721,0.496889,0.053336,-3.090563,0.620000,0.840000,0.120000,0.000000,-0.800000,0.496889
358,1.216915,-1.467328,-11.953627,0.488296,0.055207,-3.049103,0.620000,0.820000,0.120000,0.000000,-0.800000,0.488296
359,1.220592,-1.464068,-11.984118,0.479662,0.056552,-3.005412,0.560000,0.800000,0.120000,0.000000,-0.800000,0.479662
360,1.224287,-1.460958,-12.014172,0.471006,0.057376,-2.959906,0.560000,0.740000,0.120000,0.000000,-0.800000,0.471006
361,1.227996,-1.457998,-12.043771,0.462349,0.057690,-2.912966,0.560000,0.720000,0.120000,0.000000,-0.800000,0.462349
362,1.231715,-1.455191,-12.072900,0.453707,0.057502,-2.864945,0.560000,0.700000,0.120000,0.000000,-0.800000,0.453707
363,1.235438,-1.452535,-12.101550,0.445097,0.056825,-2.816180,0.540000,0.700000,0.120000,0.000000,-0.800000,0.445097
364,1.239162,-1.450032,-12.129712,0.436534,0.055675,-2.766991,0.540000,0.680000,0.120000,0.000000,-0.800000,0.436534
365,1.242882,-1.447681,-12.157382,0.428032,0.054068,-2.717697,0.500000,0.680000,0.900000,0.000000,-0.800000,0.428032
366,1.246595,-1.445483,-12.184559,0.419604,0.052023,-2.668613,0.500000,0.620000,0.880000,0.000000,-0.800000,0.419604
367,1.250295,-1.443437,-12.211245,0.411260,0.049559,-2.620064,0.480000,0.600000,0.840000,0.000000,-0.800000,0.411260
368,1.253978,-1.441542,-12.237445,0.403012,0.046700,-2.572384,0.480000,0.600000,0.820000,0.000000,-0.800000,0.403012
369,1.257642,-1.439798,-12.263169,0.394868,0.043469,-2.525925,0.480000,0.600000,0.800000,0.000000,-0.800000,0.394868
370,1.261280,-1.438205,-12.288428,0.386836,0.039893,-2.481063,0.480000,0.580000,0.780000,0.000000,-0.800000,0.386836
371,1.264891,-1.436760,-12.313239,0.378923,0.036001,-2.438198,0.480000,0.580000,0.780000,0.200000,-0.800000,0.378923
372,1.268469,-1.435462,-12.337621,0.385135,0.031822,-2.397765,0.440000,0.560000,0.700000,0.000000,-0.800000,0.385135
373,1.272148,-1.434279,-12.361599,0.377470,0.027819,-2.365296,0.440000,0.520000,0.700000,0.000000,-0.800000,0.377470
374,1.275787,-1.433239,-12.385252,0.369926,0.023598,-2.335787,0.440000,0.520000,0.680000,0.000000,-0.800000,0.369926
375,1.279383,-1.432340,-12.408609,0.362507,0.019193,-2.309689,0.440000,0.520000,0.660000,0.000000,-0.800000,0.362507
376,1.282933,-1.431581,-12.431706,0.355218,0.014637,-2.287459,0.440000,0.500000,0.660000,0.000000,-0.800000,0.355218
377,1.286434,-1.430959,-12.454581,0.348061,0.009966,-2.269553,0.420000,0.500000,0.640000,0.000000,-0.800000,0.348061
378,1.289882,-1.430472,-12.477276,0.341042,0.005219,-2.256405,0.400000,0.500000,0.640000,0.000000,-0.800000,0.341042
379,1.293274,-1.430117,-12.499841,0.334163,0.000432,-2.248411,0.400000,0.500000,0.620000,0.200000,-0.800000,0.334163
380,1.296608,-1.429890,-12.522325,0.341430,-0.004357,-2.245898,0.400000,0.460000,0.580000,0.400000,-0.800000,0.341430
381,1.300021,-1.429783,-12.544784,0.362827,-0.008678,-2.256679,0.400000,0.460000,0.560000,0.400000,-0.800000,0.362827
382,1.303650,-1.429792,-12.567350,0.384321,-0.012077,-2.286882,0.400000,0.440000,0.560000,0.400000,-0.800000,0.384321
383,1.307493,-1.429916,-12.590219,0.405894,-0.014555,-2.332700,0.380000,0.440000,0.560000,0.400000,-0.800000,0.405894
384,1.311547,-1.430159,-12.613546,0.427525,-0.016122,-2.390094,0.360000,0.440000,0.540000,0.200000,-0.800000,0.427525
385,1.315810,-1.430521,-12.637447,0.435195,-0.016790,-2.455297,0.340000,0.440000,0.540000,0.200000,-0.800000,0.435195
386,1.320139,-1.430998,-12.662000,0.442896,-0.017004,-2.519377,0.340000,0.440000,0.540000,0.200000,-0.800000,0.442896
387,1.324532,-1.431590,-12.687194,0.450616,-0.016782,-2.581471,0.340000,0.440000,0.520000,0.200000,-0.800000,0.450616
388,1.328985,-1.432300,-12.713009,0.458339,-0.016139,-2.640894,0.340000,0.400000,0.480000,0.200000,-0.800000,0.458339
389,1.333495,-1.433129,-12.739418,0.466053,-0.015096,-2.697112,0.340000,0.380000,0.480000,0.200000,-0.800000,0.466053
390,1.338060,-1.434080,-12.766389,0.473742,-0.013669,-2.749726,0.340000,0.380000,0.460000,0.200000,-0.800000,0.473742
391,1.342676,-1.435156,-12.793886,0.481393,-0.011878,-2.798446,0.360000,0.380000,0.460000,0.200000,-0.800000,0.481393
392,1.347339,-1.436357,-12.821870,0.488990,-0.009743,-2.843076,0.360000,0.360000,0.460000,0.200000,-0.600000,0.488990
393,1.352046,-1.437687,-12.850301,0.498542,-0.007627,-2.898281,0.360000,0.340000,0.400000,0.200000,-0.600000,0.498542
394,1.356810,-1.439157,-12.879284,0.508016,-0.005084,-2.950403,0.340000,0.340000,0.400000,0.200000,-0.600000,0.508016
395,1.361628,-1.440769,-12.908788,0.517396,-0.002131,-2.999294,0.340000,0.340000,0.400000,0.200000,-0.600000,0.517396
396,1.366495,-1.442526,-12.938781,0.526662,0.001212,-3.044867,0.320000,0.340000,0.400000,0.200000,-0.800000,0.526662
397,1.371405,-1.444431,-12.969230,0.533828,0.005368,-3.068226,0.300000,0.320000,0.400000,0.000000,-0.800000,0.533828
398,1.376337,-1.446475,-12.999912,0.526849,0.009738,-3.086776,0.300000,0.300000,0.400000,0.200000,-0.800000,0.526849
399,1.381158,-1.448600,-13.030780,0.533725,0.013787,-3.096238,0.280000,0.300000,0.360000,0.200000,-0.800000,0.533725
400,1.385992,-1.450867,-13.061742,0.540457,0.018000,-3.102340,0.280000,0.300000,0.340000,0.200000,-0.800000,0.540457
401,1.390833,-1.453278,-13.092765,0.547041,0.022358,-3.105194,0.280000,0.300000,0.340000,0.200000,-0.800000,0.547041
402,1.395675,-1.455833,-13.123817,0.553473,0.026842,-3.104919,0.280000,0.300000,0.340000,0.200000,-0.800000,0.553473
403,1.400514,-1.458533,-13.154867,0.559749,0.031434,-3.101643,0.280000,0.300000,0.320000,0.200000,-0.800000,0.559749
404,1.405344,-1.461379,-13.185883,0.565868,0.036117,-3.095497,0.280000,0.300000,0.300000,0.200000,-0.800000,0.565868
405,1.410161,-1.464371,-13.216838,0.571829,0.040872,-3.086615,0.280000,0.300000,0.300000,0.000000,-0.800000,0.571829
406,1.414959,-1.467508,-13.247704,0.563632,0.045683,-3.075133,0.280000,0.300000,0.300000,0.000000,-0.800000,0.563632
407,1.419625,-1.470703,-13.278455,0.555282,0.050029,-3.057516,0.260000,0.300000,0.300000,0.000000,-0.800000,0.555282
408,1.424155,-1.473953,-13.309031,0.546798,0.053894,-3.034615,0.260000,0.280000,0.280000,0.000000,-0.800000,0.546798
409,1.428548,-1.477253,-13.339377,0.538199,0.057264,-3.007168,0.260000,0.260000,0.240000,0.000000,-0.800000,0.538199
410,1.432800,-1.480602,-13.369448,0.529506,0.060130,-2.975828,0.240000,0.260000,0.240000,0.000000,-0.800000,0.529506
411,1.436910,-1.483994,-13.399207,0.520739,0.062487,-2.941169,0.240000,0.240000,0.240000,0.000000,-0.800000,0.520739
412,1.440876,-1.487426,-13.428618,0.511918,0.064333,-2.903703,0.260000,0.240000,0.240000,0.000000,-0.800000,0.511918
413,1.444695,-1.490894,-13.457655,0.503062,0.065669,-2.863888,0.260000,0.220000,0.240000,0.000000,-0.800000,0.503062
414,1.448368,-1.494395,-13.486294,0.494189,0.066498,-2.822142,0.260000,0.220000,0.240000,0.000000,-0.800000,0.494189
415,1.451891,-1.497924,-13.514516,0.485317,0.066829,-2.778848,0.260000,0.220000,0.260000,0.000000,-0.800000,0.485317
416,1.455264,-1.501476,-13.542304,0.476462,0.066669,-2.734362,0.260000,0.220000,0.260000,0.000000,-0.800000,0.476462
417,1.458486,-1.505049,-13.569648,0.467640,0.066030,-2.689021,0.260000,0.220000,0.260000,0.000000,-0.800000,0.467640
418,1.461557,-1.508637,-13.596538,0.458865,0.064925,-2.643149,0.240000,0.220000,0.260000,0.000000,-0.800000,0.458865
419,1.464475,-1.512237,-13.622970,0.450150,0.063369,-2.597062,0.240000,0.220000,0.240000,0.000000,-0.800000,0.450150
420,1.467241,-1.515845,-13.648940,0.441508,0.061379,-2.551075,0.240000,0.220000,0.240000,0.000000,-0.800000,0.441508
421,1.469854,-1.519456,-13.674451,0.432948,0.058975,-2.505506,0.240000,0.220000,0.220000,0.000000,-0.800000,0.432948
422,1.472314,-1.523067,-13.699506,0.424481,0.056176,-2.460681,0.240000,0.220000,0.220000,0.000000,-0.800000,0.424481
423,1.474622,-1.526674,-13.724113,0.416113,0.053005,-2.416941,0.220000,0.200000,0.200000,0.000000,-0.800000,0.416113
424,1.476778,-1.530272,-13.748282,0.407854,0.049487,-2.374644,0.220000,0.200000,0.200000,0.000000,-0.800000,0.407854
425,1.478782,-1.533859,-13.772029,0.399709,0.045648,-2.334169,0.220000,0.200000,0.180000,0.000000,-0.800000,0.399709
426,1.480636,-1.537429,-13.795370,0.391683,0.041517,-2.295924,0.220000,0.200000,0.180000,0.000000,-0.800000,0.391683
427,1.482340,-1.540980,-13.818330,0.383781,0.037123,-2.260342,0.220000,0.180000,0.180000,0.000000,-0.800000,0.383781
428,1.483895,-1.544508,-13.840933,0.376007,0.032499,-2.227887,0.220000,0.200000,0.160000,0.000000,-0.800000,0.376007
429,1.485304,-1.548010,-13.863212,0.368364,0.027680,-2.199046,0.220000,0.200000,0.160000,0.000000,-0.800000,0.368364
430,1.486567,-1.551481,-13.885202,0.360855,0.022703,-2.174328,0.200000,0.220000,0.180000,0.000000,-0.800000,0.360855
431,1.487686,-1.554919,-13.906946,0.353482,0.017605,-2.154251,0.200000,0.220000,0.180000,0.000000,-0.800000,0.353482
432,1.488664,-1.558321,-13.928488,0.346249,0.012426,-2.139325,0.200000,0.200000,0.180000,0.000000,-0.800000,0.346249
433,1.489503,-1.561682,-13.949881,0.339158,0.007207,-2.130029,0.240000,0.200000,0.180000,0.000000,-0.800000,0.339158
434,1.490206,-1.565001,-13.971182,0.332213,0.001989,-2.126779,0.240000,0.200000,0.180000,0.000000,-0.800000,0.332213
435,1.490774,-1.568274,-13.992449,0.325417,-0.003188,-2.129897,0.240000,0.200000,0.180000,0.000000,-0.800000,0.325417
436,1.491212,-1.571499,-14.013748,0.318775,-0.008285,-2.139569,0.240000,0.200000,0.180000,0.000000,-0.800000,0.318775
437,1.491522,-1.574673,-14.035144,0.312293,-0.013267,-2.155810,0.240000,0.200000,0.160000,0.000000,-0.800000,0.312293
438,1.491708,-1.577793,-14.056702,0.305976,-0.018101,-2.178435,0.240000,0.180000,0.160000,0.000000,-0.800000,0.305976
439,1.491774,-1.580857,-14.078487,0.299834,-0.022761,-2.207048,0.240000,0.180000,0.160000,0.000000,-0.800000,0.299834
440,1.491722,-1.583864,-14.100557,0.293874,-0.027223,-2.241038,0.240000,0.180000,0.160000,0.000000,-0.800000,0.293874
441,1.491558,-1.586811,-14.122967,0.288105,-0.031472,-2.279603,0.240000,0.180000,0.140000,0.000000,-0.800000,0.288105
442,1.491284,-1.589696,-14.145763,0.282536,-0.035494,-2.321791,0.240000,0.180000,0.160000,0.000000,-0.800000,0.282536
443,1.490905,-1.592518,-14.168981,0.277178,-0.039284,-2.366542,0.240000,0.180000,0.160000,0.000000,-0.800000,0.277178
444,1.490424,-1.595276,-14.192647,0.272039,-0.042836,-2.412757,0.240000,0.180000,0.180000,0.000000,-0.800000,0.272039
445,1.489845,-1.597968,-14.216774,0.267128,-0.046150,-2.459345,0.240000,0.180000,0.180000,0.000000,-0.800000,0.267128
446,1.489173,-1.600595,-14.241368,0.262452,-0.049228,-2.505283,0.240000,0.180000,0.180000,0.000000,-0.800000,0.262452
447,1.488410,-1.603154,-14.266421,0.258017,-0.052074,-2.549655,0.240000,0.160000,0.180000,0.000000,-0.800000,0.258017
448,1.487561,-1.605645,-14.291917,0.253825,-0.054694,-2.591688,0.240000,0.160000,0.160000,0.000000,-0.800000,0.253825
449,1.486630,-1.608069,-14.317834,0.249877,-0.057092,-2.630767,0.240000,0.160000,0.160000,0.000000,-0.800000,0.249877
450,1.485619,-1.610424,-14.344142,0.246171,-0.059278,-2.666448,0.240000,0.200000,0.160000,0.200000,-0.800000,0.246171
451,1.484533,-1.612712,-14.370806,0.256703,-0.061260,-2.698448,0.240000,0.200000,0.160000,0.200000,-0.800000,0.256703
452,1.483343,-1.615067,-14.397791,0.267220,-0.062742,-2.744879,0.240000,0.200000,0.160000,0.200000,-0.800000,0.267220
453,1.482048,-1.617487,-14.425239,0.277725,-0.063782,-2.800011,0.240000,0.200000,0.160000,0.200000,-0.800000,0.277725
454,1.480647,-1.619969,-14.453240,0.288218,-0.064423,-2.859836,0.300000,0.200000,0.160000,0.200000,-0.800000,0.288218
455,1.479139,-1.622508,-14.481838,0.298691,-0.064695,-2.921607,0.300000,0.200000,0.160000,0.200000,-0.800000,0.298691
456,1.477521,-1.625101,-14.511054,0.309137,-0.064618,-2.983454,0.300000,0.200000,0.140000,0.200000,-0.800000,0.309137
457,1.475790,-1.627743,-14.540889,0.319546,-0.064204,-3.044096,0.300000,0.200000,0.140000,0.200000,-0.800000,0.319546
458,1.473945,-1.630429,-14.571330,0.329907,-0.063465,-3.102648,0.320000,0.200000,0.140000,0.200000,-0.800000,0.329907
459,1.471981,-1.633155,-14.602356,0.340208,-0.062407,-3.158497,0.320000,0.200000,0.140000,0.200000,-0.800000,0.340208
460,1.469897,-1.635916,-14.633941,0.350438,-0.061037,-3.211213,0.320000,0.200000,0.180000,0.200000,-0.800000,0.350438
461,1.467691,-1.638705,-14.666053,0.360583,-0.059361,-3.260497,0.340000,0.200000,0.180000,0.200000,-0.800000,0.360583
462,1.465359,-1.641519,-14.698658,0.370633,-0.057386,-3.306143,0.340000,0.200000,0.180000,0.200000,-0.800000,0.370633
463,1.462899,-1.644351,-14.731719,0.380575,-0.055118,-3.348014,0.360000,0.200000,0.180000,0.200000,-0.800000,0.380575
464,1.460311,-1.647195,-14.765200,0.390397,-0.052564,-3.386022,0.380000,0.260000,0.180000,0.200000,-0.800000,0.390397
465,1.457592,-1.650045,-14.799060,0.400087,-0.049732,-3.420122,0.380000,0.260000,0.180000,0.200000,-0.800000,0.400087
466,1.454741,-1.652895,-14.833261,0.409634,-0.046632,-3.450300,0.480000,0.260000,0.180000,0.200000,-0.800000,0.409634
467,1.451756,-1.655740,-14.867764,0.419029,-0.043272,-3.476567,0.500000,0.280000,0.180000,0.200000,-0.800000,0.419029
468,1.448638,-1.658572,-14.902530,0.428260,-0.039664,-3.498957,0.540000,0.280000,0.180000,0.200000,-0.800000,0.428260
469,1.445385,-1.661385,-14.937519,0.437318,-0.035819,-3.517522,0.580000,0.280000,0.180000,0.200000,-0.800000,0.437318
470,1.441997,-1.664174,-14.972695,0.446195,-0.031750,-3.532328,0.620000,0.300000,0.180000,0.200000,-0.800000,0.446195
471,1.438475,-1.666931,-15.008018,0.454882,-0.027470,-3.543456,0.660000,0.300000,0.180000,0.200000,-0.800000,0.454882
472,1.434819,-1.669652,-15.043452,0.463373,-0.022993,-3.550998,0.740000,0.300000,0.180000,0.200000,-0.800000,0.463373
473,1.431029,-1.672328,-15.078962,0.471661,-0.018334,-3.555053,0.820000,0.320000,0.180000,0.200000,-0.800000,0.471661
474,1.427107,-1.674955,-15.114513,0.479741,-0.013509,-3.555732,0.920000,0.340000,0.240000,0.200000,-0.600000,0.479741
475,1.423055,-1.677526,-15.150070,0.489766,-0.008614,-3.556618,1.000000,0.340000,0.240000,0.200000,-0.600000,0.489766
476,1.418854,-1.680045,-15.185636,0.499536,-0.003559,-3.558422,1.000000,0.440000,0.240000,0.200000,-0.600000,0.499536
477,1.414507,-1.682507,-15.221221,0.509053,0.001663,-3.560676,1.000000,0.460000,0.240000,0.200000,-0.800000,0.509053
478,1.410015,-1.684902,-15.256827,0.516271,0.007348,-3.550311,1.000000,0.500000,0.240000,0.200000,-0.800000,0.516271
479,1.405401,-1.687219,-15.292330,0.523255,0.013113,-3.536717,1.000000,0.540000,0.260000,0.200000,-0.800000,0.523255
480,1.400667,-1.689452,-15.327698,0.530005,0.018939,-3.520092,1.000000,0.580000,0.260000,0.200000,-0.800000,0.530005
481,1.395816,-1.691595,-15.362899,0.536525,0.024806,-3.500622,1.000000,0.620000,0.280000,0.200000,-0.800000,0.536525
482,1.390851,-1.693644,-15.397905,0.542817,0.030696,-3.478485,1.000000,0.680000,0.280000,0.200000,-0.800000,0.542817
483,1.385775,-1.695592,-15.432690,0.548884,0.036592,-3.453853,1.000000,0.760000,0.280000,0.000000,-0.800000,0.548884
484,1.380592,-1.697436,-15.467228,0.540733,0.042476,-3.426890,1.000000,0.860000,0.300000,0.000000,-0.800000,0.540733
485,1.375442,-1.699138,-15.501497,0.532375,0.047783,-3.394142,1.000000,0.980000,0.400000,0.000000,-0.800000,0.532375
486,1.370330,-1.700697,-15.535438,0.523836,0.052501,-3.356491,1.000000,1.000000,0.420000,0.000000,-0.800000,0.523836
487,1.365259,-1.702113,-15.569003,0.515143,0.056622,-3.314681,0.980000,1.000000,0.440000,0.000000,-0.800000,0.515143
488,1.360236,-1.703388,-15.602150,0.506325,0.060141,-3.269354,0.860000,1.000000,0.460000,0.200000,-0.800000,0.506325
489,1.355264,-1.704520,-15.634844,0.511407,0.063057,-3.221062,0.760000,1.000000,0.480000,0.200000,-0.800000,0.511407
490,1.350210,-1.705523,-15.667054,0.516412,0.065886,-3.173498,0.680000,1.000000,0.520000,0.200000,-0.800000,0.516412
491,1.345077,-1.706392,-15.698789,0.521346,0.068626,-3.126644,0.620000,1.000000,0.560000,0.200000,-0.800000,0.521346
492,1.339870,-1.707127,-15.730056,0.526215,0.071275,-3.080490,0.580000,1.000000,0.620000,0.200000,-0.800000,0.526215
493,1.334594,-1.707723,-15.760861,0.531025,0.073831,-3.035030,0.540000,1.000000,0.680000,0.000000,-0.800000,0.531025
494,1.329252,-1.708179,-15.791211,0.521781,0.076293,-2.990266,0.500000,1.000000,0.740000,0.000000,-0.800000,0.521781
495,1.323989,-1.708506,-15.821114,0.512490,0.078179,-2.943145,0.480000,1.000000,0.840000,0.000000,-0.800000,0.512490
496,1.318808,-1.708704,-15.850545,0.503174,0.079494,-2.894069,0.440000,1.000000,0.960000,0.000000,-0.800000,0.503174
497,1.313715,-1.708776,-15.879486,0.493854,0.080246,-2.843403,0.420000,1.000000,1.000000,0.000000,-0.800000,0.493854
498,1.308711,-1.708724,-15.907920,0.484549,0.080445,-2.791483,0.400000,1.000000,1.000000,0.000000,-0.800000,0.484549
499,1.303803,-1.708550,-15.935835,0.475278,0.080102,-2.738623,0.380000,0.920000,1.000000,0.000000,-0.800000,0.475278
500,1.298992,-1.708256,-15.963221,0.466057,0.079232,-2.685121,0.380000,0.820000,1.000000,0.000000,-0.800000,0.466057
501,1.294282,-1.707846,-15.990072,0.456902,0.077850,-2.631265,0.360000,0.760000,1.000000,0.000000,-0.800000,0.456902
502,1.289677,-1.707322,-16.016385,0.447826,0.075973,-2.577341,0.340000,0.680000,1.000000,0.000000,-0.800000,0.447826
503,1.285180,-1.706686,-16.042158,0.438842,0.073623,-2.523638,0.340000,0.640000,1.000000,0.000000,-0.800000,0.438842
504,1.280792,-1.705942,-16.067395,0.429960,0.070818,-2.470450,0.320000,0.600000,1.000000,0.000000,-0.800000,0.429960
505,1.276519,-1.705093,-16.092099,0.421190,0.067583,-2.418089,0.320000,0.560000,1.000000,0.000000,-0.800000,0.421190
506,1.272360,-1.704141,-16.116280,0.412540,0.063941,-2.366885,0.300000,0.520000,1.000000,0.000000,-0.800000,0.412540
507,1.268320,-1.703090,-16.139949,0.404017,0.059920,-2.317196,0.320000,0.500000,1.000000,0.000000,-0.800000,0.404017
508,1.264400,-1.701943,-16.163121,0.395626,0.055548,-2.269410,0.320000,0.460000,1.000000,0.000000,-0.800000,0.395626
509,1.260603,-1.700702,-16.185815,0.387372,0.050856,-2.223957,0.320000,0.440000,1.000000,0.000000,-0.800000,0.387372
510,1.256929,-1.699372,-16.208054,0.379258,0.045877,-2.181306,0.320000,0.420000,1.000000,0.000000,-0.800000,0.379258
511,1.253381,-1.697957,-16.229867,0.371287,0.040645,-2.141978,0.320000,0.400000,1.000000,0.000000,-0.800000,0.371287
512,1.249960,-1.696458,-16.251287,0.363461,0.035200,-2.106538,0.320000,0.400000,1.000000,0.000000,-0.800000,0.363461
513,1.246666,-1.694880,-16.272353,0.355782,0.029583,-2.075600,0.300000,0.380000,0.920000,0.000000,-0.800000,0.355782
514,1.243502,-1.693227,-16.293109,0.348251,0.023836,-2.049811,0.300000,0.360000,0.840000,0.000000,-0.800000,0.348251
515,1.240467,-1.691502,-16.313607,0.340870,0.018005,-2.029838,0.300000,0.340000,0.780000,0.000000,-0.800000,0.340870
516,1.237562,-1.689710,-16.333905,0.333640,0.012139,-2.016335,0.300000,0.340000,0.720000,0.000000,-0.800000,0.333640
517,1.234787,-1.687853,-16.354068,0.326562,0.006284,-2.009908,0.280000,0.320000,0.660000,0.000000,-0.800000,0.326562
518,1.232142,-1.685937,-16.374168,0.319642,0.000491,-2.011059,0.280000,0.320000,0.620000,0.200000,-0.800000,0.319642
519,1.229626,-1.683966,-16.394278,0.326882,-0.005196,-2.020131,0.280000,0.300000,0.580000,0.200000,-0.800000,0.326882
520,1.227130,-1.681854,-16.414479,0.334267,-0.010323,-2.045229,0.260000,0.300000,0.540000,0.000000,-0.800000,0.334267
521,1.224655,-1.679606,-16.434932,0.327788,-0.014866,-2.084667,0.260000,0.280000,0.500000,0.000000,-0.800000,0.327788
522,1.222305,-1.677316,-16.455778,0.321461,-0.019230,-2.128287,0.260000,0.280000,0.480000,0.000000,-0.800000,0.321461
523,1.220078,-1.674989,-16.477061,0.315292,-0.023406,-2.175387,0.260000,0.260000,0.460000,0.000000,-0.800000,0.315292
524,1.217976,-1.672628,-16.498815,0.309291,-0.027389,-2.225187,0.260000,0.260000,0.420000,0.000000,-0.600000,0.309291
525,1.215995,-1.670237,-16.521067,0.305786,-0.030934,-2.266458,0.240000,0.260000,0.400000,0.000000,-0.600000,0.305786
526,1.214119,-1.667803,-16.543732,0.302506,-0.034114,-2.305459,0.240000,0.260000,0.380000,0.000000,-0.600000,0.302506
527,1.212343,-1.665330,-16.566786,0.299442,-0.036950,-2.341560,0.240000,0.280000,0.360000,0.000000,-0.600000,0.299442
528,1.210666,-1.662822,-16.590202,0.296586,-0.039464,-2.374313,0.240000,0.280000,0.340000,0.000000,-0.600000,0.296586
529,1.209087,-1.660281,-16.613945,0.293926,-0.041681,-2.403452,0.220000,0.280000,0.320000,0.000000,-0.600000,0.293926
530,1.207601,-1.657710,-16.637979,0.291450,-0.043626,-2.428878,0.220000,0.260000,0.320000,0.000000,-0.600000,0.291450
531,1.206209,-1.655113,-16.662268,0.289142,-0.045328,-2.450628,0.220000,0.260000,0.300000,0.000000,-0.600000,0.289142
532,1.204907,-1.652492,-16.686774,0.286989,-0.046810,-2.468851,0.220000,0.260000,0.280000,0.000000,-0.600000,0.286989
533,1.203694,-1.649849,-16.711463,0.284977,-0.048100,-2.483772,0.220000,0.240000,0.280000,0.000000,-0.600000,0.284977
534,1.202568,-1.647187,-16.736301,0.283091,-0.049219,-2.495669,0.220000,0.240000,0.260000,0.000000,-0.600000,0.283091
535,1.201528,-1.644509,-16.761257,0.281317,-0.050189,-2.504841,0.200000,0.240000,0.260000,0.200000,-0.600000,0.281317
536,1.200573,-1.641816,-16.786306,0.293645,-0.051030,-2.511597,0.200000,0.220000,0.240000,0.200000,-0.600000,0.293645
537,1.199634,-1.638987,-16.811422,0.305848,-0.051575,-2.536609,0.200000,0.220000,0.240000,0.200000,-0.600000,0.305848
538,1.198717,-1.636024,-16.836788,0.317954,-0.051824,-2.573812,0.200000,0.220000,0.240000,0.200000,-0.600000,0.317954
539,1.197825,-1.632928,-16.862526,0.329978,-0.051779,-2.618949,0.200000,0.220000,0.240000,0.200000,-0.600000,0.329978
540,1.196965,-1.629701,-16.888715,0.341926,-0.051442,-2.669033,0.200000,0.200000,0.240000,0.200000,-0.600000,0.341926
541,1.196140,-1.626343,-16.915406,0.353800,-0.050812,-2.721960,0.200000,0.200000,0.240000,0.200000,-0.800000,0.353800
542,1.195358,-1.622855,-16.942625,0.363009,-0.050647,-2.808656,0.180000,0.200000,0.240000,0.200000,-0.800000,0.363009
543,1.194638,-1.619261,-16.970712,0.372244,-0.050075,-2.888734,0.180000,0.200000,0.240000,0.200000,-0.600000,0.372244
544,1.193987,-1.615562,-16.999599,0.384042,-0.048412,-2.932404,0.180000,0.180000,0.220000,0.200000,-0.600000,0.384042
545,1.193394,-1.611737,-17.028923,0.395714,-0.046493,-2.976894,0.180000,0.180000,0.220000,0.200000,-0.600000,0.395714
546,1.192866,-1.607788,-17.058692,0.407257,-0.044312,-3.021374,0.180000,0.180000,0.200000,0.200000,-0.600000,0.407257
547,1.192410,-1.603717,-17.088906,0.418665,-0.041861,-3.065218,0.180000,0.180000,0.200000,0.200000,-0.600000,0.418665
548,1.192031,-1.599526,-17.119558,0.429932,-0.039137,-3.107949,0.180000,0.180000,0.200000,0.200000,-0.600000,0.429932
549,1.191736,-1.595219,-17.150638,0.441051,-0.036138,-3.149204,0.180000,0.160000,0.180000,0.200000,-0.600000,0.441051
550,1.191530,-1.590799,-17.182130,0.452013,-0.032860,-3.188706,0.160000,0.160000,0.180000,0.200000,-0.600000,0.452013
551,1.191421,-1.586268,-17.214017,0.462808,-0.029306,-3.226241,0.160000,0.160000,0.180000,0.200000,-0.600000,0.462808
552,1.191414,-1.581631,-17.246279,0.473428,-0.025476,-3.261652,0.200000,0.160000,0.160000,0.200000,-0.600000,0.473428
553,1.191515,-1.576891,-17.278896,0.483863,-0.021373,-3.294822,0.200000,0.160000,0.160000,0.200000,-0.600000,0.483863
554,1.191730,-1.572052,-17.311844,0.494103,-0.017001,-3.325667,0.200000,0.140000,0.160000,0.200000,-0.600000,0.494103
555,1.192063,-1.567119,-17.345101,0.504139,-0.012364,-3.354134,0.200000,0.140000,0.140000,0.200000,-0.600000,0.504139
556,1.192521,-1.562097,-17.378642,0.513963,-0.007469,-3.380190,0.200000,0.140000,0.140000,0.200000,-0.600000,0.513963
557,1.193107,-1.556991,-17.412444,0.523564,-0.002322,-3.403826,0.200000,0.140000,0.140000,0.200000,-0.600000,0.523564
558,1.193828,-1.551805,-17.446482,0.532934,0.003068,-3.425047,0.200000,0.140000,0.140000,0.200000,-0.800000,0.532934
559,1.194688,-1.546545,-17.480733,0.540062,0.009072,-3.427650,0.200000,0.120000,0.120000,0.000000,-0.800000,0.540062
560,1.195682,-1.541236,-17.515009,0.532957,0.015185,-3.425430,0.200000,0.120000,0.120000,0.000000,-0.800000,0.532957
561,1.196782,-1.536019,-17.549263,0.525624,0.020831,-3.414497,0.200000,0.120000,0.120000,0.000000,-0.800000,0.525624
562,1.197986,-1.530898,-17.583408,0.518085,0.025985,-3.396179,0.240000,0.120000,0.120000,0.000000,-0.800000,0.518085
563,1.199292,-1.525878,-17.617370,0.510358,0.030629,-3.371597,0.240000,0.120000,0.120000,0.000000,-0.800000,0.510358
564,1.200698,-1.520962,-17.651086,0.502468,0.034749,-3.341702,0.240000,0.160000,0.100000,0.000000,-0.800000,0.502468
565,1.202203,-1.516156,-17.684503,0.494436,0.038336,-3.307304,1.000000,0.160000,0.100000,0.000000,-0.800000,0.494436
566,1.203802,-1.511461,-17.717576,0.486287,0.041385,-3.269100,0.960000,0.160000,0.100000,0.000000,-0.800000,0.486287
567,1.205493,-1.506883,-17.750267,0.478043,0.043894,-3.227693,0.940000,0.160000,0.100000,0.000000,-0.800000,0.478043
568,1.207274,-1.502425,-17.782544,0.469727,0.045865,-3.183615,0.900000,0.140000,0.100000,0.200000,-0.800000,0.469727
569,1.209140,-1.498090,-17.814380,0.475360,0.047300,-3.137332,0.880000,0.140000,0.080000,0.200000,-0.800000,0.475360
570,1.211159,-1.493761,-17.845754,0.480959,0.048716,-3.092974,0.860000,0.140000,0.080000,0.200000,-0.800000,0.480959
571,1.213331,-1.489442,-17.876683,0.486526,0.050115,-3.050469,0.840000,0.140000,0.080000,0.200000,-0.800000,0.486526
572,1.215656,-1.485139,-17.907188,0.492061,0.051500,-3.009745,0.760000,0.140000,0.080000,0.200000,-0.800000,0.492061
573,1.218132,-1.480856,-17.937285,0.497566,0.052873,-2.970735,0.740000,0.140000,0.080000,0.200000,-0.800000,0.497566
574,1.220759,-1.476597,-17.966993,0.503042,0.054238,-2.933369,0.740000,0.140000,0.120000,0.200000,-0.800000,0.503042
575,1.223535,-1.472367,-17.996326,0.508490,0.055597,-2.897579,0.720000,0.140000,0.120000,0.200000,-0.800000,0.508490
576,1.226460,-1.468170,-18.025302,0.513911,0.056953,-2.863299,0.700000,0.140000,0.120000,0.200000,-0.800000,0.513911
577,1.229532,-1.464011,-18.053935,0.519306,0.058308,-2.830461,0.700000,0.940000,0.120000,0.000000,-0.800000,0.519306
578,1.232749,-1.459894,-18.082240,0.510675,0.059664,-2.798999,0.680000,0.920000,0.100000,0.000000,-0.800000,0.510675
579,1.236011,-1.455919,-18.110230,0.502021,0.060560,-2.765263,0.620000,0.900000,0.100000,0.000000,-0.800000,0.502021
580,1.239312,-1.452089,-18.137883,0.493359,0.061001,-2.729666,0.620000,0.860000,0.100000,0.000000,-0.800000,0.493359
581,1.242650,-1.448405,-18.165179,0.484705,0.060992,-2.692596,0.600000,0.840000,0.100000,0.000000,-0.800000,0.484705
582,1.246020,-1.444868,-18.192105,0.476072,0.060540,-2.654414,0.600000,0.820000,0.100000,0.000000,-0.800000,0.476072
583,1.249418,-1.441480,-18.218649,0.467475,0.059657,-2.615465,0.600000,0.800000,0.100000,0.000000,-0.800000,0.467475
584,1.252841,-1.438241,-18.244804,0.458926,0.058355,-2.576084,0.580000,0.780000,0.100000,0.000000,-0.800000,0.458926
585,1.256285,-1.435151,-18.270565,0.450435,0.056649,-2.536599,0.580000,0.760000,0.100000,0.000000,-0.800000,0.450435
586,1.259745,-1.432212,-18.295931,0.442013,0.054555,-2.497335,0.580000,0.700000,0.100000,0.000000,-0.800000,0.442013
587,1.263218,-1.429424,-18.320904,0.433670,0.052090,-2.458623,0.520000,0.700000,0.100000,0.000000,-0.800000,0.433670
588,1.266700,-1.426787,-18.345490,0.425414,0.049276,-2.420798,0.520000,0.680000,0.100000,0.000000,-0.800000,0.425414
589,1.270187,-1.424301,-18.369698,0.417252,0.046134,-2.384208,0.520000,0.660000,0.140000,0.000000,-0.800000,0.417252
590,1.273675,-1.421966,-18.393540,0.409190,0.042688,-2.349214,0.520000,0.660000,0.080000,0.000000,-0.800000,0.409190
591,1.277161,-1.419780,-18.417033,0.401235,0.038962,-2.316193,0.520000,0.640000,0.080000,0.000000,-0.800000,0.401235
592,1.280641,-1.417745,-18.440194,0.393392,0.034985,-2.285539,0.500000,0.640000,0.860000,0.200000,-0.800000,0.393392
593,1.284110,-1.415858,-18.463050,0.399664,0.030785,-2.257663,0.500000,0.620000,0.840000,0.200000,-0.800000,0.399664
594,1.287696,-1.414066,-18.485626,0.406050,0.026809,-2.238211,0.460000,0.580000,0.820000,0.200000,-0.800000,0.406050
595,1.291395,-1.412371,-18.508009,0.412541,0.023090,-2.227213,0.460000,0.560000,0.800000,0.200000,-0.800000,0.412541
596,1.295205,-1.410771,-18.530281,0.419127,0.019659,-2.224474,0.460000,0.560000,0.780000,0.200000,-0.800000,0.419127
597,1.299123,-1.409269,-18.552525,0.425799,0.016542,-2.229579,0.460000,0.560000,0.760000,0.200000,-0.800000,0.425799
598,1.303146,-1.407865,-18.574821,0.432549,0.013760,-2.241920,0.440000,0.540000,0.740000,0.000000,-0.800000,0.432549
599,1.307272,-1.406559,-18.597240,0.425367,0.011332,-2.260730,0.440000,0.540000,0.740000,0.000000,-0.800000,0.425367
600,1.311363,-1.405387,-18.619848,0.418253,0.008850,-2.279585,0.440000,0.540000,0.660000,0.000000,-0.800000,0.418253
601,1.315415,-1.404349,-18.642644,0.411210,0.006319,-2.298583,0.440000,0.520000,0.660000,0.000000,-0.800000,0.411210
602,1.319427,-1.403442,-18.665629,0.404242,0.003743,-2.317813,0.440000,0.520000,0.640000,0.000000,-0.800000,0.404242
603,1.323394,-1.402666,-18.688808,0.397352,0.001125,-2.337357,0.420000,0.480000,0.640000,0.200000,-0.800000,0.397352
604,1.327314,-1.402019,-18.712181,0.404543,-0.001529,-2.357287,0.400000,0.480000,0.620000,0.400000,-0.800000,0.404543
605,1.331324,-1.401480,-18.735754,0.425807,-0.003777,-2.383957,0.400000,0.460000,0.600000,0.400000,-0.800000,0.425807
606,1.335559,-1.401034,-18.759594,0.447120,-0.005179,-2.422154,0.400000,0.460000,0.600000,0.400000,-0.800000,0.447120
607,1.340016,-1.400684,-18.783815,0.468462,-0.005736,-2.468911,0.400000,0.460000,0.580000,0.400000,-0.800000,0.468462
608,1.344695,-1.400433,-18.808504,0.489811,-0.005451,-2.521465,0.400000,0.460000,0.580000,0.400000,-0.800000,0.489811
609,1.349591,-1.400287,-18.833719,0.511144,-0.004328,-2.577382,0.380000,0.460000,0.520000,0.400000,-0.800000,0.511144
610,1.354702,-1.400249,-18.859493,0.532440,-0.002375,-2.634599,0.360000,0.400000,0.520000,0.200000,-0.800000,0.532440
611,1.360026,-1.400326,-18.885839,0.539672,0.000400,-2.691411,0.340000,0.400000,0.500000,0.000000,-0.800000,0.539672
612,1.365420,-1.400517,-18.912753,0.532822,0.003530,-2.741971,0.340000,0.400000,0.500000,0.200000,-0.800000,0.532822
613,1.370739,-1.400819,-18.940173,0.539885,0.006523,-2.781907,0.340000,0.400000,0.480000,0.200000,-0.800000,0.539885
614,1.376122,-1.401242,-18.967992,0.546853,0.009809,-2.817020,0.340000,0.400000,0.480000,0.000000,-0.800000,0.546853
615,1.381564,-1.401791,-18.996162,0.539716,0.013365,-2.847401,0.340000,0.380000,0.480000,0.200000,-0.800000,0.539716
616,1.386923,-1.402447,-19.024636,0.546469,0.016689,-2.868768,0.320000,0.380000,0.420000,0.200000,-0.800000,0.546469
617,1.392333,-1.403235,-19.053323,0.553113,0.020230,-2.886624,0.300000,0.380000,0.420000,0.200000,-0.800000,0.553113
618,1.397790,-1.404156,-19.082190,0.559640,0.023969,-2.901021,0.300000,0.340000,0.420000,0.200000,-0.800000,0.559640
619,1.403291,-1.405213,-19.111200,0.566043,0.027886,-2.912028,0.300000,0.340000,0.400000,0.200000,-0.800000,0.566043
620,1.408831,-1.406408,-19.140320,0.572318,0.031963,-2.919736,0.300000,0.340000,0.400000,0.200000,-0.800000,0.572318
621,1.414406,-1.407742,-19.169518,0.578459,0.036180,-2.924247,0.300000,0.340000,0.400000,0.200000,-0.800000,0.578459
622,1.420011,-1.409218,-19.198760,0.584463,0.040518,-2.925674,0.300000,0.340000,0.360000,0.000000,-0.800000,0.584463
623,1.425641,-1.410837,-19.228017,0.576329,0.044959,-2.924140,0.300000,0.320000,0.340000,0.000000,-0.800000,0.576329
624,1.431163,-1.412549,-19.257258,0.568057,0.049002,-2.916058,0.300000,0.280000,0.340000,0.000000,-0.800000,0.568057
625,1.436572,-1.414351,-19.286419,0.559663,0.052625,-2.902282,0.300000,0.280000,0.340000,0.000000,-0.800000,0.559663
626,1.441866,-1.416243,-19.315442,0.551164,0.055811,-2.883568,0.320000,0.280000,0.340000,0.000000,-0.800000,0.551164
627,1.447041,-1.418220,-19.344277,0.542576,0.058546,-2.860584,0.320000,0.280000,0.340000,0.000000,-0.800000,0.542576
628,1.452094,-1.420281,-19.372883,0.533917,0.060821,-2.833930,0.300000,0.280000,0.340000,0.000000,-0.800000,0.533917
629,1.457022,-1.422422,-19.401222,0.525205,0.062632,-2.804140,0.300000,0.280000,0.320000,0.000000,-0.800000,0.525205
630,1.461824,-1.424641,-19.429264,0.516455,0.063975,-2.771699,0.280000,0.260000,0.280000,0.000000,-0.800000,0.516455
631,1.466495,-1.426935,-19.456981,0.507686,0.064853,-2.737047,0.280000,0.260000,0.280000,0.000000,-0.800000,0.507686
632,1.471034,-1.429300,-19.484351,0.498911,0.065268,-2.700589,0.280000,0.240000,0.280000,0.000000,-0.800000,0.498911
633,1.475438,-1.431733,-19.511357,0.490147,0.065227,-2.662704,0.260000,0.240000,0.280000,0.000000,-0.800000,0.490147
634,1.479705,-1.434231,-19.537984,0.481408,0.064738,-2.623745,0.260000,0.240000,0.280000,0.000000,-0.800000,0.481408
635,1.483834,-1.436790,-19.564222,0.472707,0.063812,-2.584051,0.260000,0.240000,0.260000,0.000000,-0.800000,0.472707
636,1.487823,-1.439405,-19.590062,0.464057,0.062461,-2.543953,0.240000,0.240000,0.240000,0.000000,-0.800000,0.464057
637,1.491670,-1.442075,-19.615502,0.455467,0.060701,-2.503772,0.240000,0.240000,0.240000,0.000000,-0.800000,0.455467
638,1.495373,-1.444795,-19.640539,0.446950,0.058548,-2.463830,0.240000,0.240000,0.240000,0.000000,-0.800000,0.446950
639,1.498932,-1.447561,-19.665178,0.438513,0.056020,-2.424454,0.220000,0.240000,0.240000,0.000000,-0.800000,0.438513
640,1.502346,-1.450371,-19.689422,0.430166,0.053138,-2.385976,0.220000,0.240000,0.240000,0.000000,-0.800000,0.430166
641,1.505613,-1.453219,-19.713282,0.421915,0.049922,-2.348743,0.220000,0.240000,0.240000,0.000000,-0.800000,0.421915
642,1.508733,-1.456102,-19.736769,0.413766,0.046398,-2.313113,0.240000,0.260000,0.240000,0.000000,-0.800000,0.413766
643,1.511706,-1.459017,-19.759901,0.405725,0.042591,-2.279464,0.240000,0.260000,0.220000,0.000000,-0.800000,0.405725
644,1.514532,-1.461960,-19.782695,0.397797,0.038527,-2.248192,0.260000,0.240000,0.220000,0.000000,-0.800000,0.397797
645,1.517209,-1.464927,-19.805177,0.389986,0.034237,-2.219709,0.240000,0.240000,0.200000,0.000000,-0.800000,0.389986
646,1.519740,-1.467914,-19.827374,0.382295,0.029751,-2.194446,0.240000,0.240000,0.180000,0.000000,-0.800000,0.382295
647,1.522123,-1.470918,-19.849319,0.374727,0.025101,-2.172843,0.240000,0.220000,0.180000,0.000000,-0.800000,0.374727
648,1.524359,-1.473935,-19.871047,0.367285,0.020322,-2.155345,0.240000,0.220000,0.180000,0.000000,-0.800000,0.367285
649,1.526450,-1.476962,-19.892601,0.359973,0.015449,-2.142384,0.240000,0.220000,0.200000,0.000000,-0.800000,0.359973
650,1.528396,-1.479994,-19.914024,0.352792,0.010518,-2.134368,0.220000,0.220000,0.200000,0.000000,-0.800000,0.352792
651,1.530199,-1.483028,-19.935368,0.345746,0.005565,-2.131654,0.220000,0.200000,0.200000,0.000000,-0.800000,0.345746
652,1.531860,-1.486061,-19.956685,0.338839,0.000625,-2.134525,0.220000,0.200000,0.200000,0.000000,-0.800000,0.338839
653,1.533381,-1.489089,-19.978030,0.332074,-0.004267,-2.143167,0.220000,0.200000,0.200000,0.000000,-0.800000,0.332074
654,1.534764,-1.492108,-19.999461,0.325456,-0.009078,-2.157633,0.220000,0.200000,0.200000,0.000000,-0.800000,0.325456
655,1.536011,-1.495116,-20.021038,0.318991,-0.013779,-2.177831,0.240000,0.180000,0.200000,0.000000,-0.800000,0.318991
656,1.537124,-1.498108,-20.042816,0.312684,-0.018343,-2.203504,0.260000,0.180000,0.200000,0.000000,-0.800000,0.312684
657,1.538107,-1.501082,-20.064851,0.306544,-0.022749,-2.234224,0.240000,0.180000,0.200000,0.000000,-0.800000,0.306544
658,1.538960,-1.504035,-20.087193,0.300577,-0.026978,-2.269405,0.240000,0.180000,0.220000,0.000000,-0.800000,0.300577
659,1.539688,-1.506964,-20.109887,0.294792,-0.031017,-2.308321,0.240000,0.180000,0.200000,0.000000,-0.800000,0.294792
660,1.540294,-1.509866,-20.132971,0.289197,-0.034855,-2.350138,0.240000,0.180000,0.200000,0.000000,-0.800000,0.289197
661,1.540779,-1.512738,-20.156472,0.283800,-0.038486,-2.393951,0.240000,0.200000,0.200000,0.000000,-0.800000,0.283800
662,1.541148,-1.515578,-20.180412,0.278611,-0.041908,-2.438832,0.240000,0.200000,0.180000,0.000000,-0.800000,0.278611
663,1.541403,-1.518384,-20.204800,0.273636,-0.045118,-2.483863,0.240000,0.200000,0.180000,0.000000,-0.800000,0.273636
664,1.541547,-1.521154,-20.229639,0.268883,-0.048118,-2.528182,0.240000,0.200000,0.180000,0.000000,-0.800000,0.268883
665,1.541584,-1.523885,-20.254920,0.264355,-0.050909,-2.571013,0.240000,0.200000,0.180000,0.000000,-0.800000,0.264355
666,1.541518,-1.526576,-20.280630,0.260058,-0.053497,-2.611688,0.240000,0.200000,0.160000,0.000000,-0.800000,0.260058
667,1.541350,-1.529226,-20.306747,0.255991,-0.055884,-2.649668,0.240000,0.180000,0.160000,0.000000,-0.800000,0.255991
668,1.541085,-1.531833,-20.333244,0.252154,-0.058078,-2.684545,0.240000,0.180000,0.160000,0.000000,-0.800000,0.252154
669,1.540726,-1.534395,-20.360089,0.248544,-0.060083,-2.716049,0.240000,0.180000,0.160000,0.200000,-0.800000,0.248544
670,1.540276,-1.536912,-20.387250,0.259156,-0.061909,-2.744033,0.280000,0.220000,0.160000,0.200000,-0.800000,0.259156
671,1.539743,-1.539523,-20.414690,0.269736,-0.063249,-2.786720,0.280000,0.220000,0.140000,0.200000,-0.800000,0.269736
672,1.539126,-1.542224,-20.442557,0.280292,-0.064159,-2.838413,0.280000,0.220000,0.160000,0.200000,-0.800000,0.280292
673,1.538422,-1.545012,-20.470942,0.290824,-0.064678,-2.895100,0.280000,0.220000,0.180000,0.200000,-0.800000,0.290824
674,1.537629,-1.547884,-20.499893,0.301326,-0.064835,-2.954008,0.280000,0.220000,0.180000,0.200000,-0.800000,0.301326
675,1.536743,-1.550836,-20.529433,0.311791,-0.064646,-3.013230,0.280000,0.220000,0.180000,0.200000,-0.800000,0.311791
676,1.535761,-1.553865,-20.559565,0.322212,-0.064126,-3.071450,0.280000,0.200000,0.180000,0.200000,-0.800000,0.322212
677,1.534679,-1.556967,-20.590279,0.332577,-0.063282,-3.127754,0.280000,0.200000,0.160000,0.200000,-0.800000,0.332577
678,1.533493,-1.560138,-20.621557,0.342876,-0.062124,-3.181500,0.280000,0.200000,0.160000,0.200000,-0.800000,0.342876
679,1.532199,-1.563373,-20.653372,0.353097,-0.060657,-3.232238,0.280000,0.200000,0.160000,0.200000,-0.800000,0.353097
680,1.530793,-1.566669,-20.685694,0.363228,-0.058887,-3.279651,0.280000,0.200000,0.200000,0.200000,-0.800000,0.363228
681,1.529273,-1.570019,-20.718491,0.373258,-0.056820,-3.323518,0.300000,0.200000,0.200000,0.200000,-0.800000,0.373258
682,1.527633,-1.573420,-20.751726,0.383175,-0.054463,-3.363691,0.340000,0.240000,0.200000,0.200000,-0.800000,0.383175
683,1.525871,-1.576866,-20.785363,0.392968,-0.051824,-3.400075,0.360000,0.240000,0.180000,0.200000,-0.800000,0.392968
684,1.523985,-1.580352,-20.819364,0.402625,-0.048911,-3.432618,0.360000,0.240000,0.180000,0.200000,-0.800000,0.402625
685,1.521970,-1.583872,-20.853690,0.412135,-0.045732,-3.461300,0.360000,0.240000,0.180000,0.200000,-0.800000,0.412135
686,1.519824,-1.587420,-20.888303,0.421488,-0.042297,-3.486131,0.380000,0.240000,0.180000,0.200000,-0.800000,0.421488
687,1.517545,-1.590991,-20.923164,0.430675,-0.038618,-3.507140,0.380000,0.240000,0.180000,0.200000,-0.800000,0.430675
688,1.515132,-1.594579,-20.958236,0.439685,-0.034706,-3.524378,0.400000,0.240000,0.180000,0.200000,-0.800000,0.439685
689,1.512581,-1.598177,-20.993479,0.448512,-0.030574,-3.537910,0.400000,0.240000,0.180000,0.200000,-0.800000,0.448512
690,1.509892,-1.601780,-21.028859,0.457146,-0.026236,-3.547816,0.420000,0.260000,0.180000,0.200000,-0.800000,0.457146
691,1.507063,-1.605381,-21.064337,0.465582,-0.021705,-3.554185,0.520000,0.260000,0.220000,0.200000,-0.600000,0.465582
692,1.504095,-1.608974,-21.099879,0.476043,-0.016937,-3.554549,0.540000,0.300000,0.220000,0.200000,-0.600000,0.476043
693,1.500971,-1.612570,-21.135424,0.486240,-0.012020,-3.556468,0.560000,0.320000,0.220000,0.200000,-0.600000,0.486240
694,1.497692,-1.616163,-21.170989,0.496177,-0.006944,-3.559320,0.600000,0.320000,0.220000,0.200000,-0.600000,0.496177
695,1.494257,-1.619744,-21.206582,0.505856,-0.001703,-3.562615,0.640000,0.320000,0.220000,0.200000,-0.600000,0.505856
696,1.490665,-1.623306,-21.242208,0.515277,0.003706,-3.565963,0.680000,0.340000,0.220000,0.000000,-0.800000,0.515277
697,1.486917,-1.626841,-21.277868,0.508408,0.009608,-3.555198,0.740000,0.340000,0.220000,0.000000,-0.800000,0.508408
698,1.483135,-1.630241,-21.313420,0.501309,0.015009,-3.536531,0.800000,0.360000,0.220000,0.000000,-0.800000,0.501309
699,1.479324,-1.633501,-21.348785,0.494002,0.019893,-3.511215,0.880000,0.360000,0.220000,0.000000,-0.800000,0.494002
700,1.475487,-1.636620,-21.383897,0.486510,0.024245,-3.480296,1.000000,0.380000,0.220000,0.200000,-0.800000,0.486510
701,1.471630,-1.639595,-21.418700,0.492858,0.028058,-3.444656,1.000000,0.400000,0.220000,0.200000,-0.800000,0.492858
702,1.467640,-1.642500,-21.453147,0.499060,0.031879,-3.409158,1.000000,0.500000,0.280000,0.200000,-0.800000,0.499060
703,1.463517,-1.645331,-21.487238,0.505121,0.035700,-3.373709,1.000000,0.520000,0.280000,0.200000,-0.800000,0.505121
704,1.459266,-1.648083,-21.520975,0.511045,0.039513,-3.338238,1.000000,0.540000,0.280000,0.000000,-0.800000,0.511045
705,1.454889,-1.650751,-21.554358,0.502837,0.043312,-3.302687,1.000000,0.580000,0.300000,0.000000,-0.800000,0.502837
706,1.450516,-1.653270,-21.587385,0.494505,0.046557,-3.263310,1.000000,0.620000,0.300000,0.000000,-0.800000,0.494505
707,1.446152,-1.655641,-21.620018,0.486075,0.049247,-3.220709,1.000000,0.660000,0.300000,0.000000,-0.800000,0.486075
708,1.441801,-1.657863,-21.652225,0.477569,0.051382,-3.175409,1.000000,0.720000,0.320000,0.000000,-0.800000,0.477569
709,1.437467,-1.659935,-21.683979,0.469011,0.052966,-3.127875,1.000000,0.780000,0.320000,0.000000,-0.800000,0.469011
710,1.433157,-1.661858,-21.715258,0.460422,0.054007,-3.078524,1.000000,0.860000,0.340000,0.000000,-0.800000,0.460422
711,1.428874,-1.663632,-21.746043,0.451822,0.054512,-3.027733,1.000000,0.960000,0.340000,0.000000,-0.800000,0.451822
712,1.424623,-1.665257,-21.776320,0.443231,0.054493,-2.975851,1.000000,1.000000,0.440000,0.000000,-0.800000,0.443231
713,1.420409,-1.666735,-21.806079,0.434667,0.053965,-2.923207,1.000000,1.000000,0.460000,0.000000,-0.800000,0.434667
714,1.416236,-1.668065,-21.835311,0.426147,0.052941,-2.870117,0.920000,1.000000,0.480000,0.200000,-0.800000,0.426147
715,1.412108,-1.669249,-21.864012,0.431685,0.051439,-2.816888,0.800000,1.000000,0.500000,0.200000,-0.800000,0.431685
716,1.407891,-1.670307,-21.892181,0.437293,0.049946,-2.767610,0.720000,1.000000,0.520000,0.200000,-0.800000,0.437293
717,1.403589,-1.671236,-21.919857,0.442965,0.048476,-2.722389,0.660000,1.000000,0.560000,0.000000,-0.800000,0.442965
718,1.399205,-1.672035,-21.947081,0.434700,0.047047,-2.681295,0.600000,1.000000,0.600000,0.000000,-0.800000,0.434700
719,1.394883,-1.672697,-21.973894,0.426495,0.045220,-2.640286,0.560000,1.000000,0.620000,0.000000,-0.800000,0.426495
720,1.390627,-1.673222,-22.000297,0.418362,0.043014,-2.599697,0.520000,1.000000,0.680000,0.000000,-0.800000,0.418362
721,1.386439,-1.673614,-22.026294,0.410311,0.040449,-2.559872,0.480000,1.000000,0.720000,0.000000,-0.800000,0.410311
722,1.382325,-1.673874,-22.051892,0.402350,0.037546,-2.521162,0.460000,1.000000,0.780000,0.000000,-0.800000,0.402350
723,1.378286,-1.674005,-22.077104,0.394487,0.034329,-2.483934,0.440000,1.000000,0.860000,0.000000,-0.800000,0.394487
724,1.374326,-1.674008,-22.101943,0.386728,0.030824,-2.448567,0.420000,1.000000,0.940000,0.000000,-0.800000,0.386728
725,1.370448,-1.673887,-22.126429,0.379081,0.027059,-2.415463,0.400000,1.000000,1.000000,0.000000,-0.800000,0.379081
726,1.366656,-1.673644,-22.150584,0.371550,0.023064,-2.385038,0.380000,1.000000,1.000000,0.000000,-0.800000,0.371550
727,1.362951,-1.673282,-22.174434,0.364140,0.018868,-2.357725,0.360000,1.000000,1.000000,0.000000,-0.800000,0.364140
728,1.359336,-1.672803,-22.198011,0.356856,0.014507,-2.333967,0.340000,0.880000,1.000000,0.000000,-0.800000,0.356856
729,1.355814,-1.672212,-22.221351,0.349702,0.010013,-2.314206,0.360000,0.780000,1.000000,0.000000,-0.800000,0.349702
730,1.352386,-1.671512,-22.244493,0.342682,0.005424,-2.298873,0.360000,0.720000,1.000000,0.000000,-0.800000,0.342682
731,1.349055,-1.670706,-22.267482,0.335801,0.000776,-2.288367,0.360000,0.660000,1.000000,0.000000,-0.800000,0.335801
732,1.345822,-1.669797,-22.290365,0.329063,-0.003894,-2.283033,0.360000,0.600000,1.000000,0.200000,-0.800000,0.329063
733,1.342689,-1.668790,-22.313196,0.336473,-0.008549,-2.283133,0.360000,0.560000,1.000000,0.200000,-0.800000,0.336473
734,1.339525,-1.667644,-22.336027,0.344012,-0.012716,-2.296721,0.340000,0.520000,1.000000,0.200000,-0.800000,0.344012
735,1.336330,-1.666361,-22.358994,0.351668,-0.016377,-2.322430,0.340000,0.500000,1.000000,0.200000,-0.800000,0.351668
736,1.333107,-1.664943,-22.382218,0.359432,-0.019524,-2.358451,0.320000,0.460000,1.000000,0.200000,-0.800000,0.359432
737,1.329859,-1.663393,-22.405803,0.367293,-0.022158,-2.402756,0.320000,0.440000,1.000000,0.200000,-0.800000,0.367293
738,1.326586,-1.661710,-22.429831,0.375240,-0.024289,-2.453293,0.300000,0.400000,1.000000,0.200000,-0.800000,0.375240
739,1.323293,-1.659897,-22.454363,0.383263,-0.025930,-2.508129,0.300000,0.380000,1.000000,0.200000,-0.800000,0.383263
740,1.319980,-1.657952,-22.479445,0.391348,-0.027094,-2.565535,0.280000,0.360000,1.000000,0.200000,-0.800000,0.391348
741,1.316651,-1.655877,-22.505100,0.399483,-0.027799,-2.624020,0.280000,0.340000,1.000000,0.200000,-0.800000,0.399483
742,1.313309,-1.653671,-22.531340,0.407654,-0.028061,-2.682338,0.280000,0.320000,0.860000,0.200000,-0.800000,0.407654
743,1.309957,-1.651334,-22.558164,0.415846,-0.027897,-2.739476,0.260000,0.300000,0.760000,0.200000,-0.800000,0.415846
744,1.306599,-1.648865,-22.585558,0.424045,-0.027325,-2.794626,0.260000,0.300000,0.660000,0.200000,-0.800000,0.424045
745,1.303239,-1.646264,-22.613505,0.432235,-0.026361,-2.847159,0.240000,0.300000,0.600000,0.200000,-0.600000,0.432235
746,1.299881,-1.643530,-22.641976,0.442584,-0.025056,-2.897969,0.240000,0.320000,0.540000,0.200000,-0.600000,0.442584
747,1.296511,-1.640649,-22.670956,0.452876,-0.023342,-2.947534,0.240000,0.320000,0.480000,0.200000,-0.600000,0.452876
748,1.293136,-1.637621,-22.700431,0.463095,-0.021233,-2.995408,0.220000,0.300000,0.440000,0.200000,-0.600000,0.463095
749,1.289760,-1.634443,-22.730385,0.473225,-0.018745,-3.041252,0.220000,0.280000,0.400000,0.200000,-0.600000,0.473225
750,1.286389,-1.631117,-22.760798,0.483249,-0.015890,-3.084813,0.220000,0.280000,0.360000,0.200000,-0.600000,0.483249
751,1.283030,-1.627640,-22.791646,0.493152,-0.012681,-3.125907,0.200000,0.260000,0.340000,0.200000,-0.600000,0.493152
752,1.279686,-1.624012,-22.822905,0.502919,-0.009130,-3.164407,0.200000,0.260000,0.300000,0.200000,-0.600000,0.502919
753,1.276366,-1.620233,-22.854549,0.512536,-0.005251,-3.200229,0.200000,0.240000,0.280000,0.200000,-0.600000,0.512536
754,1.273076,-1.616304,-22.886551,0.521989,-0.001056,-3.233326,0.200000,0.240000,0.260000,0.200000,-0.600000,0.521989
755,1.269820,-1.612223,-22.918885,0.531265,0.003442,-3.263681,0.180000,0.220000,0.260000,0.000000,-0.800000,0.531265
756,1.266607,-1.607992,-22.951522,0.524367,0.008646,-3.273509,0.180000,0.220000,0.280000,0.000000,-0.800000,0.524367
757,1.263530,-1.603745,-22.984257,0.517286,0.013462,-3.274125,0.180000,0.200000,0.280000,0.000000,-0.800000,0.517286
758,1.260593,-1.599485,-23.016998,0.510034,0.017862,-3.266877,0.180000,0.200000,0.260000,0.000000,-0.800000,0.510034
759,1.257796,-1.595216,-23.049667,0.502627,0.021827,-3.252914,0.160000,0.180000,0.240000,0.000000,-0.800000,0.502627
760,1.255142,-1.590942,-23.082196,0.495082,0.025341,-3.233222,0.160000,0.180000,0.240000,0.000000,-0.800000,0.495082
761,1.252632,-1.586667,-23.114528,0.487418,0.028391,-3.208652,0.160000,0.180000,0.220000,0.000000,-0.800000,0.487418
762,1.250268,-1.582396,-23.146615,0.479653,0.030971,-3.179942,0.160000,0.160000,0.220000,0.000000,-0.800000,0.479653
763,1.248049,-1.578132,-23.178414,0.471806,0.033078,-3.147737,0.160000,0.160000,0.200000,0.000000,-0.800000,0.471806
764,1.245977,-1.573880,-23.209891,0.463897,0.034709,-3.112609,0.140000,0.160000,0.200000,0.000000,-0.800000,0.463897
765,1.244051,-1.569646,-23.241017,0.455943,0.035869,-3.075065,0.140000,0.160000,0.180000,0.000000,-0.800000,0.455943
766,1.242273,-1.565432,-23.271768,0.447963,0.036561,-3.035565,0.180000,0.140000,0.180000,-0.200000,-0.800000,0.447963
767,1.240641,-1.561244,-23.302124,0.425973,0.036793,-2.994530,0.180000,0.140000,0.160000,-0.200000,-0.800000,0.425973
768,1.239191,-1.557222,-23.332069,0.403997,0.036080,-2.948152,0.180000,0.140000,0.160000,0.000000,-0.800000,0.403997
769,1.237919,-1.553371,-23.361551,0.396068,0.034443,-2.897185,0.180000,0.140000,0.160000,0.000000,-0.800000,0.396068
770,1.236793,-1.549558,-23.390522,0.388210,0.032386,-2.846643,0.180000,0.140000,0.140000,0.000000,-0.800000,0.388210
771,1.235812,-1.545788,-23.418989,0.380436,0.029935,-2.796867,0.180000,0.120000,0.140000,0.000000,-0.800000,0.380436
772,1.234973,-1.542065,-23.446957,0.372756,0.027112,-2.748215,0.160000,0.120000,0.140000,0.000000,-0.800000,0.372756
773,1.234276,-1.538393,-23.474440,0.365180,0.023945,-2.701062,0.160000,0.120000,0.140000,0.000000,-0.800000,0.365180
774,1.233719,-1.534776,-23.501450,0.357718,0.020462,-2.655814,0.160000,0.120000,0.120000,0.000000,-0.800000,0.357718
775,1.233298,-1.531218,-23.528008,0.350376,0.016696,-2.612903,0.160000,0.120000,0.120000,0.000000,-0.800000,0.350376
776,1.233012,-1.527722,-23.554137,0.343162,0.012679,-2.572793,0.160000,0.120000,0.120000,0.000000,-0.800000,0.343162
777,1.232859,-1.524291,-23.579865,0.336083,0.008448,-2.535978,0.160000,0.100000,0.120000,0.000000,-0.800000,0.336083
778,1.232834,-1.520930,-23.605225,0.329145,0.004042,-2.502978,0.160000,0.100000,0.120000,0.000000,-0.800000,0.329145
779,1.232937,-1.517639,-23.630255,0.322354,-0.000499,-2.474326,0.160000,0.100000,0.100000,0.000000,-0.800000,0.322354
780,1.233162,-1.514424,-23.654998,0.315716,-0.005131,-2.450549,0.160000,0.100000,0.100000,0.000000,-0.800000,0.315716
781,1.233506,-1.511285,-23.679504,0.309235,-0.009811,-2.432144,0.160000,0.100000,0.100000,0.000000,-0.800000,0.309235
782,1.233966,-1.508225,-23.703825,0.302920,-0.014493,-2.419540,0.160000,0.140000,0.100000,0.000000,-0.800000,0.302920
783,1.234538,-1.505247,-23.728020,0.296776,-0.019133,-2.413059,0.160000,0.140000,0.100000,0.000000,-0.800000,0.296776
784,1.235217,-1.502352,-23.752151,0.290812,-0.023688,-2.412866,0.160000,0.140000,0.100000,0.000000,-0.800000,0.290812
785,1.236000,-1.499541,-23.776280,0.285034,-0.028118,-2.418931,0.160000,0.140000,0.100000,0.000000,-0.800000,0.285034
786,1.236881,-1.496816,-23.800469,0.279452,-0.032389,-2.430995,0.160000,0.140000,0.080000,0.000000,-0.800000,0.279452
787,1.237856,-1.494177,-23.824779,0.274076,-0.036470,-2.448561,0.200000,0.120000,0.080000,0.200000,-0.800000,0.274076
788,1.238920,-1.491625,-23.849265,0.282914,-0.040337,-2.470907,0.200000,0.120000,0.080000,0.200000,-0.800000,0.282914
789,1.240108,-1.489026,-23.873974,0.291873,-0.043557,-2.509561,0.200000,0.120000,0.080000,0.200000,-0.800000,0.291873
790,1.241419,-1.486382,-23.899069,0.300941,-0.046170,-2.560297,0.200000,0.120000,0.080000,0.200000,-0.800000,0.300941
791,1.242850,-1.483695,-23.924672,0.310105,-0.048222,-2.619228,1.000000,0.120000,0.080000,0.200000,-0.800000,0.310105
792,1.244401,-1.480967,-23.950865,0.319351,-0.049751,-2.683098,0.960000,0.120000,0.080000,0.200000,-0.800000,0.319351
793,1.246073,-1.478200,-23.977696,0.328663,-0.050795,-2.749341,0.940000,0.120000,0.120000,0.200000,-0.800000,0.328663
794,1.247865,-1.475399,-24.005189,0.338026,-0.051383,-2.816002,0.920000,0.120000,0.120000,0.200000,-0.800000,0.338026
795,1.249779,-1.472565,-24.033349,0.347421,-0.051540,-2.881631,0.880000,0.120000,0.100000,0.200000,-0.800000,0.347421
796,1.251816,-1.469704,-24.062165,0.356832,-0.051288,-2.945174,0.860000,0.120000,0.100000,0.200000,-0.800000,0.356832
797,1.253977,-1.466819,-24.091617,0.366241,-0.050645,-3.005872,0.840000,0.120000,0.100000,0.200000,-0.800000,0.366241
798,1.256264,-1.463914,-24.121676,0.375630,-0.049628,-3.063192,0.820000,0.120000,0.100000,0.200000,-0.800000,0.375630
799,1.258679,-1.460995,-24.152308,0.384983,-0.048253,-3.116765,0.800000,0.120000,0.100000,0.200000,-0.800000,0.384983
800,1.261223,-1.458065,-24.183475,0.394283,-0.046533,-3.166346,0.780000,0.120000,0.100000,0.200000,-0.800000,0.394283
801,1.263898,-1.455131,-24.215139,0.403513,-0.044483,-3.211784,0.700000,0.160000,0.100000,0.200000,-0.800000,0.403513
802,1.266703,-1.452197,-24.247257,0.412658,-0.042117,-3.252995,0.700000,0.160000,0.100000,0.200000,-0.800000,0.412658
803,1.269641,-1.449268,-24.279787,0.421704,-0.039447,-3.289949,0.680000,0.960000,0.100000,0.200000,-0.800000,0.421704
804,1.272712,-1.446351,-24.312686,0.430636,-0.036489,-3.322654,0.660000,0.920000,0.100000,0.200000,-0.800000,0.430636
805,1.275916,-1.443451,-24.345913,0.439442,-0.033256,-3.351151,0.640000,0.880000,0.100000,0.200000,-0.800000,0.439442
806,1.279255,-1.440575,-24.379424,0.448110,-0.029763,-3.375504,0.640000,0.860000,0.100000,0.200000,-0.800000,0.448110
807,1.282727,-1.437726,-24.413179,0.456628,-0.026025,-3.395795,0.580000,0.820000,0.100000,0.200000,-0.800000,0.456628
808,1.286333,-1.434913,-24.447137,0.464986,-0.022057,-3.412124,0.580000,0.800000,0.080000,0.200000,-0.600000,0.464986
809,1.290072,-1.432139,-24.481258,0.475382,-0.017862,-3.423973,0.560000,0.780000,0.080000,0.200000,-0.600000,0.475382
810,1.293960,-1.429399,-24.515498,0.485557,-0.013463,-3.436310,0.560000,0.760000,0.140000,0.200000,-0.600000,0.485557
811,1.297998,-1.426698,-24.549861,0.495509,-0.008856,-3.448669,0.540000,0.680000,0.980000,0.200000,-0.800000,0.495509
812,1.302183,-1.424045,-24.584348,0.503140,-0.003838,-3.452047,0.500000,0.660000,0.960000,0.200000,-0.800000,0.503140
813,1.306497,-1.421455,-24.618868,0.510566,0.001323,-3.451570,0.500000,0.640000,0.920000,0.200000,-0.800000,0.510566
814,1.310937,-1.418933,-24.653384,0.517784,0.006609,-3.447452,0.480000,0.640000,0.880000,0.200000,-0.800000,0.517784
815,1.315500,-1.416487,-24.687859,0.524790,0.012001,-3.439897,0.480000,0.620000,0.840000,0.200000,-0.800000,0.524790
816,1.320186,-1.414120,-24.722258,0.531584,0.017478,-3.429104,0.480000,0.600000,0.820000,0.200000,-0.800000,0.531584
817,1.324990,-1.411838,-24.756549,0.538166,0.023024,-3.415262,0.480000,0.540000,0.780000,0.200000,-0.800000,0.538166
818,1.329911,-1.409647,-24.790701,0.544536,0.028618,-3.398553,0.420000,0.540000,0.760000,0.200000,-0.800000,0.544536
819,1.334945,-1.407551,-24.824687,0.550697,0.034244,-3.379151,0.420000,0.520000,0.740000,0.200000,-0.800000,0.550697
820,1.340089,-1.405555,-24.858478,0.556653,0.039882,-3.357227,0.420000,0.520000,0.700000,0.000000,-0.800000,0.556653
821,1.345339,-1.403663,-24.892050,0.548406,0.045515,-3.332941,0.420000,0.500000,0.640000,0.000000,-0.800000,0.548406
822,1.350557,-1.401914,-24.925380,0.539968,0.050592,-3.302874,0.420000,0.500000,0.620000,0.000000,-0.800000,0.539968
823,1.355737,-1.400307,-24.958409,0.531363,0.055100,-3.267887,0.420000,0.460000,0.600000,0.000000,-0.800000,0.531363
824,1.360874,-1.398843,-24.991088,0.522616,0.059030,-3.228714,0.400000,0.440000,0.580000,0.000000,-0.800000,0.522616
825,1.365965,-1.397521,-25.023375,0.513754,0.062375,-3.185989,0.360000,0.440000,0.580000,0.000000,-0.800000,0.513754
826,1.371003,-1.396340,-25.055235,0.504802,0.065136,-3.140264,0.360000,0.440000,0.560000,0.000000,-0.800000,0.504802
827,1.375986,-1.395300,-25.086637,0.495783,0.067313,-3.092022,0.360000,0.420000,0.500000,0.000000,-0.800000,0.495783
828,1.380907,-1.394399,-25.117557,0.486722,0.068911,-3.041689,0.360000,0.420000,0.500000,0.000000,-0.800000,0.486722
829,1.385764,-1.393636,-25.147974,0.477641,0.069937,-2.989651,0.360000,0.380000,0.480000,0.000000,-0.800000,0.477641
830,1.390550,-1.393009,-25.177871,0.468561,0.070401,-2.936257,0.340000,0.380000,0.480000,0.000000,-0.800000,0.468561
831,1.395263,-1.392517,-25.207233,0.459501,0.070316,-2.881831,0.320000,0.380000,0.480000,0.000000,-0.800000,0.459501
832,1.399897,-1.392158,-25.236052,0.450479,0.069693,-2.826677,0.320000,0.380000,0.460000,0.000000,-0.800000,0.450479
833,1.404450,-1.391930,-25.264318,0.441513,0.068551,-2.771088,0.320000,0.360000,0.460000,0.000000,-0.800000,0.441513
834,1.408917,-1.391829,-25.292029,0.432618,0.066905,-2.715353,0.320000,0.360000,0.460000,0.000000,-0.800000,0.432618
835,1.413294,-1.391855,-25.319183,0.423806,0.064776,-2.659759,0.320000,0.360000,0.400000,0.000000,-0.800000,0.423806
836,1.417579,-1.392004,-25.345780,0.415091,0.062184,-2.604604,0.320000,0.360000,0.400000,0.000000,-0.800000,0.415091
837,1.421768,-1.392274,-25.371826,0.406484,0.059154,-2.550196,0.300000,0.360000,0.400000,0.000000,-0.800000,0.406484
838,1.425857,-1.392662,-25.397328,0.397992,0.055708,-2.496864,0.300000,0.340000,0.400000,0.000000,-0.800000,0.397992
839,1.429844,-1.393165,-25.422297,0.389626,0.051875,-2.444966,0.280000,0.320000,0.380000,0.000000,-0.800000,0.389626
840,1.433726,-1.393780,-25.446747,0.381390,0.047683,-2.394890,0.280000,0.320000,0.380000,0.000000,-0.800000,0.381390
841,1.437501,-1.394505,-25.470696,0.373291,0.043163,-2.347066,0.280000,0.320000,0.380000,0.000000,-0.800000,0.373291
842,1.441166,-1.395335,-25.494166,0.365334,0.038348,-2.301969,0.280000,0.320000,0.340000,0.000000,-0.800000,0.365334
843,1.444719,-1.396268,-25.517186,0.357523,0.033276,-2.260126,0.280000,0.320000,0.340000,0.000000,-0.800000,0.357523
844,1.448158,-1.397301,-25.539787,0.349859,0.027985,-2.222113,0.280000,0.320000,0.340000,0.000000,-0.800000,0.349859
845,1.451481,-1.398429,-25.562008,0.342348,0.022516,-2.188559,0.280000,0.300000,0.320000,0.000000,-0.800000,0.342348
846,1.454688,-1.399649,-25.583894,0.334989,0.016916,-2.160130,0.300000,0.280000,0.320000,0.000000,-0.800000,0.334989
847,1.457776,-1.400957,-25.605495,0.327787,0.011230,-2.137515,0.300000,0.280000,0.320000,0.000000,-0.800000,0.327787
848,1.460746,-1.402350,-25.626870,0.320745,0.005509,-2.121392,0.300000,0.280000,0.320000,0.000000,-0.800000,0.320745
849,1.463596,-1.403822,-25.648084,0.313864,-0.000197,-2.112385,0.300000,0.280000,0.320000,0.200000,-0.600000,0.313864
850,1.466326,-1.405371,-25.669208,0.323187,-0.006152,-2.124426,0.300000,0.280000,0.320000,0.200000,-0.600000,0.323187
851,1.469072,-1.407076,-25.690452,0.332701,-0.011405,-2.150495,0.300000,0.280000,0.320000,0.200000,-0.600000,0.332701
852,1.471835,-1.408933,-25.711957,0.342389,-0.015945,-2.189269,0.300000,0.280000,0.320000,0.200000,-0.600000,0.342389
853,1.474613,-1.410941,-25.733850,0.352232,-0.019779,-2.238715,0.300000,0.280000,0.300000,0.200000,-0.600000,0.352232
854,1.477406,-1.413096,-25.756237,0.362214,-0.022928,-2.296478,0.280000,0.260000,0.280000,0.200000,-0.600000,0.362214
855,1.480213,-1.415397,-25.779202,0.372316,-0.025420,-2.360208,0.280000,0.260000,0.280000,0.200000,-0.600000,0.372316
856,1.483031,-1.417843,-25.802804,0.382519,-0.027288,-2.427774,0.280000,0.240000,0.280000,0.200000,-0.600000,0.382519
857,1.485860,-1.420432,-25.827082,0.392802,-0.028563,-2.497364,0.260000,0.240000,0.280000,0.000000,-0.600000,0.392802
858,1.488696,-1.423165,-25.852056,0.389145,-0.029277,-2.567505,0.260000,0.240000,0.280000,0.000000,-0.600000,0.389145
859,1.491430,-1.425949,-25.877731,0.385583,-0.029854,-2.628008,0.260000,0.240000,0.260000,0.000000,-0.800000,0.385583
860,1.494062,-1.428783,-25.904011,0.379855,-0.030428,-2.684118,0.260000,0.240000,0.240000,0.000000,-0.800000,0.379855
861,1.496574,-1.431649,-25.930852,0.374190,-0.031034,-2.732921,0.240000,0.240000,0.240000,0.200000,-0.800000,0.374190
862,1.498964,-1.434545,-25.958181,0.382589,-0.031686,-2.775172,0.240000,0.240000,0.240000,0.200000,-0.800000,0.382589
863,1.501326,-1.437571,-25.985933,0.391013,-0.031919,-2.819224,0.240000,0.260000,0.240000,0.200000,-0.800000,0.391013
864,1.503656,-1.440727,-26.014125,0.399450,-0.031748,-2.863873,0.240000,0.260000,0.240000,0.200000,-0.600000,0.399450
865,1.505952,-1.444011,-26.042764,0.410175,-0.031010,-2.900443,0.260000,0.260000,0.240000,0.200000,-0.600000,0.410175
866,1.508225,-1.447440,-26.071768,0.420846,-0.029891,-2.939059,0.260000,0.260000,0.220000,0.200000,-0.800000,0.420846
867,1.510469,-1.451012,-26.101159,0.429205,-0.028495,-2.982719,0.260000,0.260000,0.220000,0.200000,-0.800000,0.429205
868,1.512666,-1.454710,-26.130986,0.437517,-0.026755,-3.023525,0.260000,0.240000,0.200000,0.200000,-0.800000,0.437517
869,1.514812,-1.458533,-26.161221,0.445769,-0.024688,-3.061172,0.240000,0.240000,0.200000,0.200000,-0.800000,0.445769
870,1.516901,-1.462478,-26.191833,0.453947,-0.022310,-3.095442,0.240000,0.220000,0.200000,0.200000,-0.800000,0.453947
871,1.518929,-1.466546,-26.222787,0.462038,-0.019637,-3.126193,0.240000,0.220000,0.200000,0.200000,-0.800000,0.462038
872,1.520892,-1.470733,-26.254049,0.470029,-0.016686,-3.153339,0.240000,0.220000,0.220000,0.200000,-0.800000,0.470029
873,1.522784,-1.475039,-26.285583,0.477909,-0.013474,-3.176845,0.280000,0.200000,0.220000,0.200000,-0.800000,0.477909
874,1.524600,-1.479461,-26.317351,0.485668,-0.010017,-3.196712,0.260000,0.200000,0.220000,0.200000,-0.800000,0.485668
875,1.526337,-1.483998,-26.349318,0.493295,-0.006334,-3.212974,0.260000,0.200000,0.220000,0.200000,-0.800000,0.493295
876,1.527989,-1.488647,-26.381448,0.500782,-0.002441,-3.225688,0.260000,0.200000,0.220000,0.200000,-0.800000,0.500782
877,1.529551,-1.493405,-26.413705,0.508120,0.001643,-3.234933,0.260000,0.200000,0.220000,0.200000,-0.800000,0.508120
878,1.531018,-1.498269,-26.446054,0.515305,0.005901,-3.240802,0.260000,0.220000,0.200000,0.000000,-0.800000,0.515305
879,1.532388,-1.503237,-26.478462,0.508328,0.010315,-3.243399,0.240000,0.220000,0.200000,0.000000,-0.800000,0.508328
880,1.533623,-1.508170,-26.510896,0.501197,0.014335,-3.238249,0.240000,0.200000,0.180000,0.000000,-0.800000,0.501197
881,1.534723,-1.513061,-26.543279,0.493925,0.017940,-3.226477,0.240000,0.200000,0.180000,0.000000,-0.800000,0.493925
882,1.535688,-1.517909,-26.575543,0.486529,0.021116,-3.209052,0.240000,0.200000,0.180000,0.000000,-0.800000,0.486529
883,1.536519,-1.522707,-26.607634,0.479024,0.023852,-3.186813,0.240000,0.200000,0.160000,0.000000,-0.800000,0.479024
884,1.537215,-1.527453,-26.639502,0.471430,0.026141,-3.160490,0.240000,0.180000,0.160000,0.000000,-0.800000,0.471430
885,1.537777,-1.532140,-26.671107,0.463762,0.027980,-3.130724,0.280000,0.220000,0.160000,0.200000,-0.800000,0.463762
886,1.538208,-1.536767,-26.702414,0.470039,0.029368,-3.098086,0.280000,0.220000,0.160000,0.200000,-0.800000,0.470039
887,1.538506,-1.541467,-26.733395,0.476269,0.030819,-3.067433,0.280000,0.220000,0.160000,0.200000,-0.800000,0.476269
888,1.538672,-1.546236,-26.764069,0.482453,0.032333,-3.038583,0.280000,0.220000,0.180000,0.200000,-0.800000,0.482453
889,1.538703,-1.551072,-26.794455,0.488589,0.033913,-3.011360,0.280000,0.200000,0.180000,0.200000,-0.800000,0.488589
890,1.538597,-1.555968,-26.824569,0.494676,0.035558,-2.985592,0.280000,0.200000,0.160000,0.200000,-0.800000,0.494676
891,1.538353,-1.560922,-26.854425,0.500712,0.037268,-2.961117,0.280000,0.200000,0.160000,0.000000,-0.800000,0.500712
892,1.537969,-1.565928,-26.884036,0.492697,0.039042,-2.937780,0.280000,0.200000,0.160000,0.000000,-0.800000,0.492697
893,1.537468,-1.570845,-26.913414,0.484634,0.040392,-2.911367,0.280000,0.200000,0.160000,0.000000,-0.800000,0.484634
894,1.536854,-1.575669,-26.942527,0.476539,0.041317,-2.882384,0.280000,0.200000,0.160000,0.000000,-0.800000,0.476539
895,1.536127,-1.580397,-26.971351,0.468426,0.041819,-2.851291,0.280000,0.200000,0.140000,0.000000,-0.800000,0.468426
896,1.535291,-1.585025,-26.999864,0.460311,0.041903,-2.818513,0.280000,0.180000,0.180000,0.000000,-0.800000,0.460311
897,1.534348,-1.589550,-27.028049,0.452206,0.041577,-2.784448,0.280000,0.180000,0.180000,0.000000,-0.800000,0.452206
898,1.533300,-1.593968,-27.055894,0.444126,0.040849,-2.749471,0.280000,0.180000,0.180000,0.000000,-0.800000,0.444126
899,1.532150,-1.598278,-27.083388,0.436082,0.039733,-2.713942,0.340000,0.220000,0.180000,0.000000,-0.800000,0.436082
900,1.530903,-1.602475,-27.110528,0.428086,0.038240,-2.678212,0.340000,0.220000,0.160000,0.000000,-0.800000,0.428086
901,1.529559,-1.606557,-27.137310,0.420148,0.036388,-2.642627,0.340000,0.220000,0.160000,0.000000,-0.800000,0.420148
902,1.528123,-1.610523,-27.163736,0.412280,0.034194,-2.607530,0.340000,0.220000,0.160000,0.200000,-0.800000,0.412280
903,1.526599,-1.614369,-27.189812,0.418488,0.031677,-2.573271,0.360000,0.220000,0.160000,0.200000,-0.800000,0.418488
904,1.524923,-1.618216,-27.215544,0.424776,0.029308,-2.545019,0.360000,0.220000,0.160000,0.200000,-0.800000,0.424776
905,1.523097,-1.622063,-27.240994,0.431136,0.027109,-2.522717,0.360000,0.220000,0.160000,0.200000,-0.800000,0.431136
906,1.521123,-1.625905,-27.266222,0.437561,0.025100,-2.506201,0.360000,0.220000,0.160000,0.200000,-0.800000,0.437561
907,1.519001,-1.629740,-27.291284,0.444043,0.023299,-2.495211,0.380000,0.220000,0.160000,0.000000,-0.800000,0.444043
908,1.516733,-1.633565,-27.316236,0.436575,0.021724,-2.489391,0.380000,0.220000,0.140000,0.000000,-0.800000,0.436575
909,1.514400,-1.637261,-27.341130,0.429156,0.019944,-2.483223,0.400000,0.220000,0.140000,0.000000,-0.800000,0.429156
910,1.512006,-1.640828,-27.365962,0.421792,0.017969,-2.476997,0.400000,0.220000,0.140000,0.000000,-0.800000,0.421792
911,1.509553,-1.644265,-27.390732,0.414490,0.015809,-2.470993,0.420000,0.220000,0.140000,0.000000,-0.800000,0.414490
912,1.507046,-1.647569,-27.415442,0.407255,0.013475,-2.465482,0.500000,0.220000,0.180000,0.000000,-0.800000,0.407255
913,1.504488,-1.650741,-27.440097,0.400092,0.010980,-2.460724,0.520000,0.220000,0.180000,0.000000,-0.800000,0.400092
914,1.501881,-1.653778,-27.464704,0.393007,0.008338,-2.456968,0.540000,0.220000,0.180000,0.000000,-0.800000,0.393007
915,1.499231,-1.656681,-27.489274,0.386005,0.005565,-2.454450,0.560000,0.220000,0.180000,0.000000,-0.800000,0.386005
916,1.496540,-1.659449,-27.513818,0.379092,0.002675,-2.453388,0.600000,0.280000,0.180000,0.200000,-0.800000,0.379092
917,1.493812,-1.662081,-27.538352,0.386272,-0.000315,-2.453983,0.620000,0.300000,0.180000,0.400000,-0.800000,0.386272
918,1.490947,-1.664672,-27.562892,0.407534,-0.002938,-2.462940,0.660000,0.300000,0.180000,0.400000,-0.800000,0.407534
919,1.487841,-1.667311,-27.587521,0.428853,-0.004731,-2.485576,0.700000,0.300000,0.180000,0.400000,-0.800000,0.428853
920,1.484495,-1.669994,-27.612377,0.450210,-0.005691,-2.519083,0.740000,0.300000,0.180000,0.200000,-0.800000,0.450210
921,1.480908,-1.672716,-27.637568,0.457582,-0.005821,-2.560642,0.800000,0.320000,0.180000,0.200000,-0.800000,0.457582
922,1.477195,-1.675390,-27.663174,0.464959,-0.005573,-2.602247,0.860000,0.320000,0.180000,0.200000,-0.800000,0.464959
923,1.473355,-1.678012,-27.689197,0.472330,-0.004959,-2.643189,0.940000,0.340000,0.180000,0.200000,-0.800000,0.472330
924,1.469390,-1.680580,-27.715629,0.479684,-0.003991,-2.682868,1.000000,0.340000,0.180000,0.200000,-0.800000,0.479684
925,1.465301,-1.683089,-27.742457,0.487008,-0.002683,-2.720787,1.000000,0.360000,0.180000,0.200000,-0.800000,0.487008
926,1.461090,-1.685535,-27.769665,0.494292,-0.001050,-2.756540,1.000000,0.360000,0.180000,0.200000,-0.800000,0.494292
927,1.456759,-1.687916,-27.797230,0.501524,0.000894,-2.789806,1.000000,0.460000,0.180000,0.200000,-0.800000,0.501524
928,1.452308,-1.690227,-27.825129,0.508692,0.003133,-2.820340,1.000000,0.480000,0.240000,0.200000,-0.800000,0.508692
929,1.447739,-1.692464,-27.853332,0.515788,0.005650,-2.847958,1.000000,0.520000,0.240000,0.200000,-0.800000,0.515788
930,1.443054,-1.694624,-27.881811,0.522800,0.008429,-2.872532,1.000000,0.540000,0.260000,0.200000,-0.800000,0.522800
931,1.438256,-1.696701,-27.910537,0.529720,0.011452,-2.893984,1.000000,0.580000,0.260000,0.200000,-0.800000,0.529720
932,1.433347,-1.698693,-27.939477,0.536538,0.014701,-2.912274,1.000000,0.620000,0.260000,0.200000,-0.800000,0.536538
933,1.428328,-1.700595,-27.968599,0.543247,0.018160,-2.927395,1.000000,0.680000,0.280000,0.200000,-0.800000,0.543247
934,1.423202,-1.702404,-27.997873,0.549840,0.021809,-2.939371,1.000000,0.740000,0.280000,0.200000,-0.800000,0.549840
935,1.417972,-1.704114,-28.027267,0.556311,0.025632,-2.948246,1.000000,0.820000,0.280000,0.200000,-0.800000,0.556311
936,1.412640,-1.705723,-28.056750,0.562654,0.029610,-2.954085,1.000000,0.920000,0.300000,0.200000,-0.800000,0.562654
937,1.407210,-1.707227,-28.086290,0.568866,0.033724,-2.956967,1.000000,1.000000,0.320000,0.200000,-0.800000,0.568866
938,1.401685,-1.708622,-28.115860,0.574943,0.037958,-2.956983,1.000000,1.000000,0.320000,0.200000,-0.800000,0.574943
939,1.396067,-1.709904,-28.145430,0.580882,0.042294,-2.954234,0.960000,1.000000,0.420000,0.200000,-0.800000,0.580882
940,1.390361,-1.711070,-28.174972,0.586682,0.046713,-2.948828,0.860000,1.000000,0.460000,0.200000,-0.800000,0.586682
941,1.384569,-1.712117,-28.204460,0.592343,0.051200,-2.940878,0.780000,1.000000,0.480000,0.200000,-0.800000,0.592343
942,1.378696,-1.713041,-28.233869,0.597863,0.055736,-2.930501,0.700000,1.000000,0.500000,0.200000,-0.800000,0.597863
943,1.372745,-1.713840,-28.263174,0.603245,0.060307,-2.917815,0.640000,1.000000,0.540000,0.200000,-0.800000,0.603245
944,1.366720,-1.714510,-28.292352,0.608490,0.064895,-2.902942,0.600000,1.000000,0.580000,0.200000,-0.800000,0.608490
945,1.360624,-1.715050,-28.321382,0.613601,0.069486,-2.886002,0.560000,1.000000,0.640000,0.200000,-0.800000,0.613601
946,1.354462,-1.715455,-28.350242,0.618580,0.074064,-2.867115,0.520000,1.000000,0.700000,0.200000,-0.800000,0.618580
947,1.348238,-1.715725,-28.378913,0.623432,0.078616,-2.846399,0.500000,1.000000,0.780000,0.200000,-0.800000,0.623432
948,1.341956,-1.715856,-28.407377,0.628161,0.083127,-2.823974,0.460000,1.000000,0.880000,0.000000,-0.800000,0.628161
949,1.335619,-1.715846,-28.435617,0.618771,0.087584,-2.799955,0.440000,1.000000,1.000000,0.200000,-0.800000,0.618771
950,1.329371,-1.715717,-28.463616,0.623270,0.091522,-2.771485,0.420000,1.000000,1.000000,0.200000,-0.800000,0.623270
951,1.323078,-1.715443,-28.491331,0.627678,0.095377,-2.742079,0.400000,1.000000,1.000000,0.200000,-0.800000,0.627678
952,1.316743,-1.715023,-28.518752,0.632000,0.099141,-2.711820,0.380000,0.880000,1.000000,0.200000,-0.800000,0.632000
953,1.310371,-1.714456,-28.545870,0.636242,0.102805,-2.680790,0.380000,0.800000,1.000000,0.200000,-0.800000,0.636242
954,1.303966,-1.713740,-28.572678,0.640410,0.106362,-2.649071,0.360000,0.720000,1.000000,0.200000,-0.800000,0.640410
955,1.297532,-1.712874,-28.599169,0.644512,0.109805,-2.616743,0.340000,0.660000,1.000000,0.200000,-0.800000,0.644512
956,1.291073,-1.711858,-28.625336,0.648552,0.113129,-2.583886,0.340000,0.620000,1.000000,0.200000,-0.800000,0.648552
957,1.284594,-1.710690,-28.651175,0.652537,0.116328,-2.550580,0.320000,0.580000,1.000000,0.200000,-0.800000,0.652537
958,1.278099,-1.709370,-28.676681,0.656474,0.119397,-2.516903,0.320000,0.540000,1.000000,0.200000,-0.800000,0.656474
959,1.271591,-1.707898,-28.701850,0.660368,0.122332,-2.482932,0.320000,0.500000,1.000000,0.200000,-0.800000,0.660368
960,1.265074,-1.706274,-28.726679,0.664225,0.125130,-2.448744,0.320000,0.480000,1.000000,0.200000,-0.800000,0.664225
961,1.258553,-1.704496,-28.751167,0.668052,0.127787,-2.414414,0.320000,0.460000,1.000000,0.200000,-0.800000,0.668052
962,1.252031,-1.702565,-28.775311,0.671854,0.130301,-2.380017,0.320000,0.440000,1.000000,0.200000,-0.800000,0.671854
963,1.245512,-1.700481,-28.799111,0.675637,0.132670,-2.345627,0.320000,0.400000,1.000000,0.200000,-0.800000,0.675637
964,1.239001,-1.698244,-28.822567,0.679406,0.134894,-2.311318,0.320000,0.400000,1.000000,0.200000,-0.800000,0.679406
965,1.232499,-1.695855,-28.845680,0.683166,0.136971,-2.277161,0.300000,0.380000,0.900000,0.200000,-0.800000,0.683166
966,1.226012,-1.693312,-28.868452,0.686922,0.138902,-2.243228,0.300000,0.360000,0.820000,0.200000,-0.800000,0.686922
967,1.219542,-1.690618,-28.890884,0.690679,0.140688,-2.209589,0.300000,0.340000,0.740000,0.200000,-0.800000,0.690679
968,1.213094,-1.687772,-28.912980,0.694440,0.142330,-2.176315,0.280000,0.320000,0.680000,0.200000,-0.800000,0.694440
969,1.206669,-1.684776,-28.934743,0.698210,0.143830,-2.143472,0.280000,0.320000,0.620000,0.200000,-0.800000,0.698210
970,1.200273,-1.681628,-28.956178,0.701993,0.145189,-2.111130,0.280000,0.300000,0.580000,0.200000,-0.800000,0.701993
971,1.193908,-1.678331,-28.977289,0.705792,0.146412,-2.079352,0.260000,0.300000,0.540000,0.000000,-0.800000,0.705792
972,1.187576,-1.674886,-28.998083,0.695610,0.147501,-2.048205,0.260000,0.280000,0.500000,0.000000,-0.800000,0.695610
973,1.181387,-1.671385,-29.018565,0.685450,0.148121,-2.015309,0.260000,0.280000,0.480000,0.000000,-0.800000,0.685450
974,1.175342,-1.667831,-29.038718,0.675324,0.148274,-1.980960,0.240000,0.260000,0.440000,0.000000,-0.800000,0.675324
975,1.169441,-1.664227,-29.058528,0.665246,0.147963,-1.945436,0.240000,0.260000,0.420000,0.000000,-0.800000,0.665246
976,1.163686,-1.660577,-29.077982,0.655227,0.147195,-1.909007,0.240000,0.240000,0.400000,0.200000,-0.800000,0.655227
977,1.158079,-1.656881,-29.097072,0.659275,0.145977,-1.871933,0.240000,0.240000,0.380000,0.200000,-0.800000,0.659275
978,1.152524,-1.653042,-29.115791,0.663402,0.144637,-1.836980,0.220000,0.220000,0.360000,0.200000,-0.800000,0.663402
979,1.147025,-1.649059,-29.134161,0.667604,0.143189,-1.804244,0.220000,0.220000,0.340000,0.000000,-0.800000,0.667604
980,1.141584,-1.644935,-29.152204,0.657879,0.141649,-1.773815,0.220000,0.220000,0.320000,0.000000,-0.800000,0.657879
981,1.136291,-1.640778,-29.169942,0.648227,0.139727,-1.743149,0.220000,0.200000,0.300000,0.000000,-0.800000,0.648227
982,1.131149,-1.636591,-29.187373,0.638652,0.137435,-1.712490,0.200000,0.200000,0.280000,-0.200000,-0.800000,0.638652
983,1.126157,-1.632378,-29.204498,0.615160,0.134786,-1.682082,0.200000,0.200000,0.280000,-0.200000,-0.800000,0.615160
984,1.121399,-1.628251,-29.221319,0.591756,0.131499,-1.649414,0.200000,0.180000,0.260000,-0.200000,-0.800000,0.591756
985,1.116875,-1.624216,-29.237813,0.568452,0.127584,-1.614864,0.200000,0.180000,0.260000,-0.200000,-0.800000,0.568452
986,1.112584,-1.620277,-29.253962,0.545258,0.123057,-1.578803,0.200000,0.180000,0.240000,-0.200000,-0.800000,0.545258
987,1.108523,-1.616435,-29.269750,0.522185,0.117936,-1.541595,0.180000,0.160000,0.240000,-0.200000,-0.800000,0.522185
988,1.104692,-1.612696,-29.285166,0.499239,0.112241,-1.503610,0.180000,0.160000,0.220000,-0.200000,-0.800000,0.499239
989,1.101089,-1.609062,-29.300202,0.476426,0.105998,-1.465226,0.180000,0.160000,0.220000,-0.200000,-0.800000,0.476426
990,1.097713,-1.605537,-29.314854,0.453753,0.099232,-1.426841,0.180000,0.160000,0.200000,-0.200000,-0.800000,0.453753
991,1.094562,-1.602125,-29.329122,0.431221,0.091974,-1.388884,0.180000,0.160000,0.200000,-0.200000,-0.800000,0.431221
992,1.091635,-1.598828,-29.343011,0.408833,0.084257,-1.351826,0.180000,0.160000,0.200000,-0.200000,-0.800000,0.408833
993,1.088929,-1.595650,-29.356530,0.386591,0.076117,-1.316202,0.160000,0.160000,0.180000,-0.200000,-0.800000,0.386591
994,1.086442,-1.592593,-29.369692,0.364495,0.067593,-1.282626,0.160000,0.160000,0.180000,-0.200000,-0.800000,0.364495
995,1.084172,-1.589662,-29.382518,0.342544,0.058730,-1.251823,0.160000,0.160000,0.180000,0.000000,-0.800000,0.342544
996,1.082118,-1.586859,-29.395036,0.334738,0.049577,-1.224661,0.160000,0.160000,0.160000,0.000000,-0.800000,0.334738
997,1.080215,-1.584061,-29.407283,0.327079,0.040484,-1.208055,0.160000,0.160000,0.160000,0.000000,-0.800000,0.327079
998,1.078462,-1.581270,-29.419363,0.319559,0.031533,-1.203695,0.160000,0.160000,0.160000,0.200000,-0.800000,0.319559
999,1.076855,-1.578490,-29.431400,0.326174,0.022808,-1.213160,0.160000,0.160000,0.160000,0.200000,-0.800000,0.326174
