step,x,y,mu,vx,vy,omega,lidar_l,lidar_c,lidar_r,throttle,steering,reward
0,0.912720,-1.887886,2.460078,0.000000,0.000000,0.000000,0.420000,0.560000,1.000000,0.600000,-0.800000,0.000000
1,0.912720,-1.887886,2.460078,0.042000,0.000000,0.000000,0.420000,0.560000,1.000000,0.600000,-0.800000,0.042000
2,0.912394,-1.887622,2.460078,0.076993,-0.006805,-0.291038,0.420000,0.560000,1.000000,0.600000,-0.800000,0.076993
3,0.911839,-1.887084,2.457168,0.112308,-0.014325,-0.509507,0.420000,0.560000,1.000000,0.600000,-0.800000,0.112308
4,0.911059,-1.886263,2.452073,0.147832,-0.020868,-0.744698,0.420000,0.560000,1.000000,0.600000,-0.800000,0.147832
5,0.910051,-1.885161,2.444626,0.183524,-0.026898,-0.971520,0.420000,0.560000,1.000000,0.600000,-0.800000,0.183524
6,0.908817,-1.883777,2.434911,0.219363,-0.032307,-1.191567,0.400000,0.540000,1.000000,0.600000,-0.800000,0.219363
7,0.907358,-1.882107,2.422995,0.255341,-0.037000,-1.404656,0.400000,0.540000,0.960000,0.400000,-0.600000,0.255341
8,0.905680,-1.880148,2.408948,0.279799,-0.040584,-1.597759,0.400000,0.520000,0.920000,0.200000,-0.600000,0.279799
9,0.903871,-1.877974,2.392971,0.290428,-0.043445,-1.777259,0.400000,0.520000,0.900000,0.200000,-0.600000,0.290428
10,0.902039,-1.875679,2.375198,0.301300,-0.045732,-1.935088,0.380000,0.500000,0.860000,0.200000,-0.600000,0.301300
11,0.900186,-1.873260,2.355847,0.312367,-0.047478,-2.075528,0.380000,0.480000,0.820000,0.200000,-0.600000,0.312367
12,0.898314,-1.870715,2.335092,0.323587,-0.048718,-2.201829,0.380000,0.480000,0.780000,0.200000,-0.600000,0.323587
13,0.896426,-1.868042,2.313074,0.334918,-0.049487,-2.316466,0.380000,0.460000,0.740000,0.200000,-0.600000,0.334918
14,0.894527,-1.865240,2.289909,0.346327,-0.049813,-2.421324,0.360000,0.460000,0.700000,0.200000,-0.600000,0.346327
15,0.892620,-1.862306,2.265696,0.357780,-0.049722,-2.517846,0.360000,0.440000,0.660000,0.200000,-0.600000,0.357780
16,0.890711,-1.859239,2.240517,0.369251,-0.049233,-2.607136,0.360000,0.420000,0.640000,0.200000,-0.600000,0.369251
17,0.888805,-1.856039,2.214446,0.380714,-0.048363,-2.690043,0.340000,0.420000,0.600000,0.000000,-0.600000,0.380714
18,0.886907,-1.852703,2.187546,0.378146,-0.047127,-2.767224,0.340000,0.400000,0.580000,0.000000,-0.600000,0.378146
19,0.885104,-1.849346,2.159873,0.375619,-0.045898,-2.828170,0.340000,0.400000,0.560000,0.000000,-0.600000,0.375619
20,0.883399,-1.845968,2.131592,0.373115,-0.044707,-2.875659,0.340000,0.380000,0.520000,0.000000,-0.600000,0.373115
21,0.881793,-1.842570,2.102835,0.370621,-0.043579,-2.911985,0.320000,0.380000,0.500000,0.200000,-0.600000,0.370621
22,0.880289,-1.839155,2.073715,0.382126,-0.042533,-2.939041,0.320000,0.360000,0.480000,0.200000,-0.600000,0.382126
23,0.878820,-1.835602,2.044325,0.393526,-0.041194,-2.970597,0.320000,0.360000,0.460000,0.000000,-0.600000,0.393526
24,0.877392,-1.831912,2.014619,0.390817,-0.039558,-3.005076,0.320000,0.340000,0.440000,-0.200000,-0.600000,0.390817
25,0.876071,-1.828213,1.984568,0.374079,-0.038042,-3.030470,0.320000,0.340000,0.420000,-0.200000,-0.600000,0.374079
26,0.874915,-1.824634,1.954263,0.357399,-0.037073,-3.036511,0.300000,0.340000,0.420000,0.000000,-0.600000,0.357399
27,0.873922,-1.821181,1.923898,0.354800,-0.036650,-3.025322,0.300000,0.320000,0.400000,0.000000,-0.600000,0.354800
28,0.873039,-1.817726,1.893645,0.352188,-0.036368,-3.012561,0.300000,0.320000,0.380000,0.000000,-0.600000,0.352188
29,0.872266,-1.814270,1.863520,0.349568,-0.036219,-2.998567,0.300000,0.320000,0.380000,0.000000,-0.600000,0.349568
30,0.871604,-1.810819,1.833534,0.346948,-0.036193,-2.983633,0.300000,0.300000,0.360000,-0.200000,-0.600000,0.346948
31,0.871053,-1.807374,1.803698,0.330333,-0.036282,-2.968010,0.300000,0.300000,0.360000,-0.200000,-0.600000,0.330333
32,0.870643,-1.804076,1.774017,0.313855,-0.036847,-2.937195,0.300000,0.300000,0.340000,0.000000,-0.600000,0.313855
33,0.870371,-1.800928,1.744645,0.311546,-0.037846,-2.892119,0.300000,0.300000,0.340000,0.000000,-0.600000,0.311546
34,0.870205,-1.797794,1.715724,0.309266,-0.038910,-2.851690,0.300000,0.300000,0.320000,0.000000,-0.600000,0.309266
35,0.870143,-1.794678,1.687207,0.307024,-0.040013,-2.815607,0.300000,0.280000,0.320000,0.000000,-0.600000,0.307024
36,0.870184,-1.791582,1.659051,0.304828,-0.041130,-2.783558,0.300000,0.280000,0.320000,0.200000,-0.600000,0.304828
37,0.870325,-1.788509,1.631216,0.316682,-0.042243,-2.755220,0.300000,0.280000,0.300000,0.000000,-0.600000,0.316682
38,0.870555,-1.785323,1.603664,0.314426,-0.043036,-2.747883,0.300000,0.280000,0.300000,0.000000,-0.600000,0.314426
39,0.870882,-1.782166,1.576185,0.312231,-0.043806,-2.740272,0.300000,0.280000,0.300000,0.000000,-0.600000,0.312231
40,0.871303,-1.779041,1.548782,0.310095,-0.044550,-2.732461,0.340000,0.280000,0.280000,0.200000,-0.600000,0.310095
41,0.871817,-1.775951,1.521457,0.322016,-0.045270,-2.724510,0.340000,0.280000,0.280000,0.200000,-0.600000,0.322016
42,0.872428,-1.772757,1.494212,0.333832,-0.045670,-2.733634,0.340000,0.260000,0.280000,0.200000,-0.600000,0.333832
43,0.873139,-1.769463,1.466876,0.345559,-0.045746,-2.755215,0.340000,0.260000,0.280000,0.200000,-0.600000,0.345559
44,0.873952,-1.766074,1.439324,0.357206,-0.045494,-2.785662,0.340000,0.260000,0.260000,0.000000,-0.600000,0.357206
45,0.874871,-1.762592,1.411467,0.354776,-0.044916,-2.822214,0.340000,0.260000,0.260000,0.000000,-0.600000,0.354776
46,0.875878,-1.759161,1.383245,0.352377,-0.044374,-2.849878,0.340000,0.260000,0.260000,0.000000,-0.600000,0.352377
47,0.876971,-1.755781,1.354746,0.350002,-0.043882,-2.870121,0.340000,0.260000,0.260000,0.000000,-0.600000,0.350002
48,0.878150,-1.752457,1.326045,0.347644,-0.043453,-2.884173,0.360000,0.260000,0.260000,0.000000,-0.600000,0.347644
49,0.879414,-1.749189,1.297203,0.345301,-0.043092,-2.893069,0.360000,0.260000,0.260000,0.200000,-0.600000,0.345301
50,0.880761,-1.745981,1.268273,0.356970,-0.042805,-2.897679,0.360000,0.260000,0.240000,0.200000,-0.600000,0.356970
51,0.882234,-1.742701,1.239296,0.368527,-0.042234,-2.912815,0.360000,0.260000,0.240000,0.200000,-0.600000,0.368527
52,0.883832,-1.739354,1.210168,0.379982,-0.041368,-2.935637,0.360000,0.260000,0.240000,0.200000,-0.600000,0.379982
53,0.885560,-1.735945,1.180811,0.391335,-0.040203,-2.963912,0.380000,0.300000,0.240000,0.000000,-0.600000,0.391335
54,0.887420,-1.732478,1.151172,0.388585,-0.038734,-2.995891,0.380000,0.300000,0.240000,0.000000,-0.600000,0.388585
55,0.889357,-1.729087,1.121213,0.385811,-0.037379,-3.019376,0.380000,0.300000,0.240000,0.000000,-0.600000,0.385811
56,0.891370,-1.725775,1.091020,0.383010,-0.036151,-3.035741,0.460000,0.300000,0.240000,0.000000,-0.600000,0.383010
57,0.893459,-1.722544,1.060662,0.380181,-0.035059,-3.046130,0.460000,0.300000,0.240000,0.200000,-0.600000,0.380181
58,0.895621,-1.719397,1.030201,0.391325,-0.034111,-3.051502,1.000000,0.300000,0.220000,0.200000,-0.600000,0.391325
59,0.897927,-1.716218,0.999686,0.402359,-0.032881,-3.063947,1.000000,0.320000,0.220000,0.200000,-0.400000,0.402359
60,0.900379,-1.713010,0.969046,0.416121,-0.028327,-2.951823,1.000000,0.320000,0.220000,0.400000,-0.600000,0.416121
61,0.902968,-1.709740,0.939528,0.440686,-0.027057,-2.984767,1.000000,0.320000,0.220000,0.200000,-0.400000,0.440686
62,0.905787,-1.706342,0.909680,0.453826,-0.022520,-2.922529,1.000000,0.320000,0.220000,0.200000,-0.600000,0.453826
63,0.908752,-1.702899,0.880455,0.463994,-0.020521,-2.972074,1.000000,0.320000,0.260000,0.200000,-0.600000,0.463994
64,0.911865,-1.699452,0.850734,0.474079,-0.018131,-3.019490,1.000000,0.320000,0.260000,0.200000,-0.600000,0.474079
65,0.915127,-1.696007,0.820540,0.484065,-0.015365,-3.064526,0.940000,0.340000,0.260000,0.200000,-0.400000,0.484065
66,0.918540,-1.692571,0.789894,0.496504,-0.010301,-3.024208,0.920000,0.340000,0.260000,0.200000,-0.600000,0.496504
67,0.922108,-1.689117,0.759652,0.506129,-0.007174,-3.069163,0.900000,0.340000,0.260000,0.200000,-0.600000,0.506129
68,0.925827,-1.685684,0.728961,0.515629,-0.003682,-3.111084,0.900000,0.420000,0.260000,0.200000,-0.400000,0.515629
69,0.929698,-1.682276,0.697850,0.527456,0.001720,-3.083177,0.840000,0.420000,0.280000,0.200000,-0.400000,0.527456
70,0.933728,-1.678874,0.667018,0.539003,0.007008,-3.062992,0.820000,1.000000,0.280000,0.600000,-0.400000,0.539003
71,0.937920,-1.675484,0.636388,0.578291,0.012242,-3.048934,0.820000,1.000000,0.280000,0.400000,-0.400000,0.578291
72,0.942498,-1.671949,0.605899,0.603292,0.018394,-3.051937,0.760000,1.000000,0.280000,0.400000,-0.400000,0.603292
73,0.947352,-1.668362,0.575379,0.628012,0.025075,-3.062157,0.760000,1.000000,0.280000,0.400000,-0.400000,0.628012
74,0.952485,-1.664735,0.544758,0.652443,0.032326,-3.077734,0.740000,0.980000,0.280000,0.400000,-0.400000,0.652443
75,0.957897,-1.661077,0.513980,0.676571,0.040183,-3.097204,0.700000,0.960000,0.280000,0.400000,-0.400000,0.676571
76,0.963591,-1.657401,0.483008,0.700379,0.048672,-3.119403,0.640000,0.940000,0.280000,0.400000,-0.400000,0.700379
77,0.969568,-1.653717,0.451814,0.723849,0.057814,-3.143407,0.640000,0.880000,0.300000,0.400000,-0.400000,0.723849
78,0.975827,-1.650036,0.420380,0.746958,0.067625,-3.168480,0.640000,0.860000,0.300000,0.400000,-0.400000,0.746958
79,0.982371,-1.646371,0.388695,0.769685,0.078117,-3.194034,0.580000,0.840000,0.360000,0.400000,-0.400000,0.769685
80,0.989197,-1.642731,0.356755,0.792005,0.089297,-3.219607,0.580000,0.780000,1.000000,0.200000,-0.600000,0.792005
81,0.996307,-1.639128,0.324559,0.797817,0.101012,-3.251586,0.580000,0.780000,1.000000,0.200000,-0.600000,0.797817
82,1.003546,-1.635627,0.292043,0.803194,0.112962,-3.276940,0.560000,0.760000,1.000000,0.200000,-0.600000,0.803194
83,1.010913,-1.632232,0.259274,0.808129,0.125103,-3.296356,0.560000,0.700000,1.000000,0.200000,-0.600000,0.808129
84,1.018403,-1.628951,0.226310,0.812617,0.137388,-3.310451,0.480000,0.700000,0.940000,0.200000,-0.600000,0.812617
85,1.026014,-1.625789,0.193206,0.816658,0.149777,-3.319778,0.480000,0.680000,0.920000,0.200000,-0.600000,0.816658
86,1.033741,-1.622751,0.160008,0.820254,0.162231,-3.324833,0.480000,0.680000,0.900000,0.200000,-0.600000,0.820254
87,1.041580,-1.619843,0.126760,0.823408,0.174713,-3.326059,0.460000,0.620000,0.820000,0.200000,-0.600000,0.823408
88,1.049527,-1.617069,0.093499,0.826126,0.187189,-3.323852,0.440000,0.620000,0.800000,0.000000,-0.600000,0.826126
89,1.057578,-1.614434,0.060260,0.814415,0.199626,-3.318566,0.420000,0.560000,0.780000,0.000000,-0.600000,0.814415
90,1.065587,-1.611950,0.027075,0.802284,0.211492,-3.309019,0.420000,0.560000,0.780000,0.000000,-0.600000,0.802284
91,1.073550,-1.609619,-0.006015,0.789765,0.222758,-3.295828,0.420000,0.520000,0.720000,0.200000,-0.400000,0.789765
92,1.081461,-1.607439,-0.038974,0.792794,0.232953,-3.298563,0.420000,0.500000,0.700000,0.200000,-0.400000,0.792794
93,1.089473,-1.605420,-0.071959,0.795463,0.243184,-3.301035,0.400000,0.500000,0.680000,0.200000,-0.400000,0.795463
94,1.097582,-1.603567,-0.104970,0.797770,0.253442,-3.303271,0.360000,0.500000,0.640000,0.200000,-0.600000,0.797770
95,1.105781,-1.601882,-0.138002,0.797833,0.264241,-3.282908,0.340000,0.480000,0.620000,0.200000,-0.600000,0.797833
96,1.114047,-1.600362,-0.170831,0.797582,0.274827,-3.261337,0.340000,0.480000,0.600000,0.200000,-0.600000,0.797582
97,1.122374,-1.599010,-0.203445,0.797034,0.285185,-3.238674,0.320000,0.400000,0.600000,0.000000,-0.600000,0.797034
98,1.130757,-1.597827,-0.235832,0.782204,0.295300,-3.215024,0.320000,0.400000,0.540000,0.000000,-0.600000,0.782204
99,1.139052,-1.596784,-0.267982,0.767108,0.304685,-3.189678,0.320000,0.400000,0.540000,0.000000,-0.600000,0.767108
100,1.147256,-1.595877,-0.299879,0.751779,0.313334,-3.162882,0.320000,0.380000,0.500000,0.000000,-0.600000,0.751779
101,1.155364,-1.595104,-0.331507,0.736252,0.321243,-3.134847,0.320000,0.380000,0.480000,0.000000,-0.600000,0.736252
102,1.163371,-1.594463,-0.362856,0.720558,0.328411,-3.105753,0.320000,0.360000,0.440000,0.000000,-0.600000,0.720558
103,1.171273,-1.593950,-0.393913,0.704730,0.334839,-3.075754,0.320000,0.340000,0.440000,0.000000,-0.600000,0.704730
104,1.179066,-1.593563,-0.424671,0.688799,0.340529,-3.044981,0.300000,0.340000,0.420000,0.000000,-0.600000,0.688799
105,1.186745,-1.593298,-0.455121,0.672792,0.345487,-3.013550,0.300000,0.340000,0.420000,0.000000,-0.600000,0.672792
106,1.194307,-1.593152,-0.485256,0.656740,0.349720,-2.981556,0.280000,0.340000,0.420000,0.000000,-0.600000,0.656740
107,1.201747,-1.593122,-0.515072,0.640669,0.353235,-2.949085,0.280000,0.340000,0.420000,0.000000,-0.600000,0.640669
108,1.209063,-1.593204,-0.544563,0.624605,0.356042,-2.916209,0.280000,0.320000,0.420000,0.000000,-0.600000,0.624605
109,1.216250,-1.593394,-0.573725,0.608573,0.358151,-2.882989,0.260000,0.320000,0.400000,0.000000,-0.600000,0.608573
110,1.223305,-1.593689,-0.602555,0.592596,0.359575,-2.849481,0.260000,0.300000,0.340000,0.000000,-0.600000,0.592596
111,1.230225,-1.594085,-0.631049,0.576697,0.360325,-2.815730,0.260000,0.280000,0.320000,0.000000,-0.600000,0.576697
112,1.237008,-1.594578,-0.659207,0.560896,0.360415,-2.781776,0.260000,0.280000,0.320000,0.000000,-0.600000,0.560896
113,1.243649,-1.595165,-0.687024,0.545214,0.359858,-2.747653,0.240000,0.260000,0.320000,0.000000,-0.600000,0.545214
114,1.250146,-1.595841,-0.714501,0.529670,0.358669,-2.713393,0.240000,0.260000,0.300000,0.000000,-0.600000,0.529670
115,1.256498,-1.596602,-0.741635,0.514280,0.356863,-2.679018,0.240000,0.260000,0.300000,0.000000,-0.600000,0.514280
116,1.262700,-1.597444,-0.768425,0.499061,0.354455,-2.644553,0.240000,0.240000,0.300000,0.000000,-0.600000,0.499061
117,1.268752,-1.598364,-0.794871,0.484028,0.351460,-2.610014,0.240000,0.240000,0.300000,0.000000,-0.600000,0.484028
118,1.274651,-1.599358,-0.820971,0.469195,0.347895,-2.575419,0.220000,0.220000,0.280000,-0.200000,-0.600000,0.469195
119,1.280394,-1.600420,-0.846725,0.440576,0.343776,-2.540780,0.220000,0.220000,0.260000,0.000000,-0.600000,0.440576
120,1.285888,-1.601443,-0.872133,0.426180,0.338757,-2.506072,0.220000,0.220000,0.260000,0.000000,-0.600000,0.426180
121,1.291223,-1.602528,-0.897193,0.412030,0.333220,-2.471355,0.220000,0.220000,0.260000,0.000000,-0.600000,0.412030
122,1.296398,-1.603669,-0.921907,0.398134,0.327184,-2.436634,0.220000,0.220000,0.260000,0.000000,-0.600000,0.398134
123,1.301411,-1.604864,-0.946273,0.384501,0.320663,-2.401913,0.220000,0.220000,0.260000,0.000000,-0.600000,0.384501
124,1.306260,-1.606109,-0.970293,0.371139,0.313675,-2.367196,0.220000,0.220000,0.240000,0.000000,-0.600000,0.371139
125,1.310945,-1.607398,-0.993964,0.358053,0.306236,-2.332483,0.200000,0.220000,0.240000,0.200000,-0.600000,0.358053
126,1.315465,-1.608729,-1.017289,0.359251,0.298361,-2.297776,0.200000,0.220000,0.240000,0.200000,-0.600000,0.359251
127,1.319892,-1.610217,-1.040267,0.360737,0.290393,-2.263015,0.200000,0.220000,0.240000,0.400000,-0.600000,0.360737
128,1.324222,-1.611859,-1.062897,0.376509,0.282338,-2.228210,0.200000,0.220000,0.240000,0.200000,-0.600000,0.376509
129,1.328520,-1.613776,-1.085179,0.378565,0.274523,-2.193399,0.200000,0.220000,0.240000,0.200000,-0.600000,0.378565
130,1.332715,-1.615843,-1.107113,0.380894,0.266628,-2.158611,0.200000,0.220000,0.220000,0.200000,-0.600000,0.380894
131,1.336803,-1.618057,-1.128699,0.383491,0.258662,-2.123875,0.200000,0.220000,0.220000,0.200000,-0.600000,0.383491
132,1.340781,-1.620416,-1.149938,0.386353,0.250629,-2.089229,0.200000,0.220000,0.220000,0.200000,-0.600000,0.386353
133,1.344648,-1.622919,-1.170830,0.389476,0.242537,-2.054723,0.200000,0.200000,0.200000,0.000000,-0.600000,0.389476
134,1.348398,-1.625562,-1.191378,0.378856,0.234391,-2.020415,0.180000,0.200000,0.200000,0.000000,-0.600000,0.378856
135,1.351978,-1.628213,-1.211582,0.368486,0.225899,-1.986072,0.180000,0.200000,0.200000,0.000000,-0.600000,0.368486
136,1.355389,-1.630868,-1.231443,0.358367,0.217075,-1.951698,0.180000,0.200000,0.180000,0.000000,-0.600000,0.358367
137,1.358628,-1.633525,-1.250960,0.348500,0.207931,-1.917300,0.180000,0.200000,0.180000,0.000000,-0.600000,0.348500
138,1.361698,-1.636180,-1.270133,0.338886,0.198482,-1.882883,0.180000,0.180000,0.180000,0.000000,-0.600000,0.338886
139,1.364597,-1.638829,-1.288961,0.329526,0.188739,-1.848457,0.180000,0.180000,0.160000,0.000000,-0.600000,0.329526
140,1.367327,-1.641469,-1.307446,0.320418,0.178717,-1.814031,0.180000,0.180000,0.160000,0.000000,-0.600000,0.320418
141,1.369887,-1.644097,-1.325586,0.311562,0.168430,-1.779620,0.180000,0.180000,0.160000,0.000000,-0.600000,0.311562
142,1.372277,-1.646711,-1.343382,0.302957,0.157890,-1.745242,0.180000,0.180000,0.160000,0.200000,-0.600000,0.302957
143,1.374498,-1.649307,-1.360835,0.308601,0.147114,-1.710924,0.180000,0.180000,0.160000,0.000000,-0.600000,0.308601
144,1.376580,-1.652018,-1.377944,0.300498,0.136388,-1.677481,0.180000,0.180000,0.140000,0.200000,-0.600000,0.300498
145,1.378495,-1.654706,-1.394719,0.306635,0.125458,-1.644312,0.160000,0.160000,0.140000,0.200000,-0.600000,0.306635
146,1.380267,-1.657505,-1.411162,0.313016,0.114618,-1.612775,0.160000,0.160000,0.140000,0.000000,-0.600000,0.313016
147,1.381896,-1.660413,-1.427290,0.305635,0.103895,-1.583621,0.160000,0.160000,0.140000,0.200000,-0.600000,0.305635
148,1.383361,-1.663290,-1.443126,0.312476,0.093043,-1.555698,0.160000,0.160000,0.140000,0.000000,-0.600000,0.312476
149,1.384682,-1.666271,-1.458683,0.305546,0.082381,-1.531914,0.160000,0.160000,0.120000,0.200000,-0.600000,0.305546
150,1.385843,-1.669215,-1.474002,0.312830,0.071667,-1.510609,0.160000,0.160000,0.120000,0.000000,-0.600000,0.312830
151,1.386858,-1.672259,-1.489108,0.306333,0.061251,-1.496225,0.160000,0.160000,0.140000,0.200000,-0.600000,0.306333
152,1.387719,-1.675262,-1.504070,0.314043,0.050898,-1.486328,0.160000,0.160000,0.140000,0.000000,-0.600000,0.314043
153,1.388436,-1.678362,-1.518934,0.307965,0.040994,-1.487226,0.160000,0.140000,0.140000,0.000000,-0.600000,0.307965
154,1.389005,-1.681416,-1.533806,0.302092,0.031304,-1.495144,0.160000,0.140000,0.140000,0.200000,-0.600000,0.302092
155,1.389430,-1.684423,-1.548757,0.310430,0.021909,-1.511187,0.140000,0.140000,0.140000,0.000000,-0.600000,0.310430
156,1.389717,-1.687522,-1.563869,0.304980,0.013236,-1.543906,0.140000,0.140000,0.140000,0.200000,-0.600000,0.304980
157,1.389871,-1.690571,-1.579308,0.313749,0.005021,-1.585686,0.140000,0.140000,0.140000,0.000000,-0.600000,0.313749
158,1.389894,-1.693709,-1.595165,0.308730,-0.002327,-1.644946,0.140000,0.140000,0.140000,0.000000,-0.600000,0.308730
159,1.389796,-1.696794,-1.611615,0.303945,-0.009124,-1.710574,0.140000,0.140000,0.140000,0.200000,-0.600000,0.303945
160,1.389580,-1.699828,-1.628720,0.313409,-0.015347,-1.780742,0.140000,0.140000,0.140000,0.000000,-0.600000,0.313409
161,1.389246,-1.702948,-1.646528,0.309086,-0.020662,-1.863693,0.140000,0.120000,0.140000,0.000000,-0.600000,0.309086
162,1.388806,-1.706014,-1.665165,0.305019,-0.025433,-1.945033,0.140000,0.120000,0.120000,0.000000,-0.600000,0.305019
163,1.388265,-1.709027,-1.684615,0.301216,-0.029684,-2.022858,0.140000,0.120000,0.120000,0.000000,-0.600000,0.301216
164,1.387628,-1.711986,-1.704844,0.297677,-0.033442,-2.095612,0.140000,0.120000,0.120000,0.000000,-0.600000,0.297677
165,1.386899,-1.714891,-1.725800,0.294399,-0.036741,-2.162151,0.140000,0.120000,0.120000,0.000000,-0.600000,0.294399
166,1.386081,-1.717743,-1.747421,0.291375,-0.039618,-2.221762,0.180000,0.120000,0.120000,0.000000,-0.600000,0.291375
167,1.385179,-1.720542,-1.769639,0.288591,-0.042112,-2.274130,0.180000,0.120000,0.120000,0.000000,-0.600000,0.288591
168,1.384197,-1.723288,-1.792380,0.286031,-0.044262,-2.319284,0.180000,0.120000,0.120000,0.000000,-0.600000,0.286031
169,1.383136,-1.725981,-1.815573,0.283677,-0.046106,-2.357518,0.180000,0.120000,0.100000,0.000000,-0.600000,0.283677
170,1.382001,-1.728621,-1.839148,0.281510,-0.047683,-2.389313,0.180000,0.120000,0.100000,0.000000,-0.600000,0.281510
171,1.380795,-1.731209,-1.863041,0.279510,-0.049026,-2.415264,0.180000,0.100000,0.100000,0.000000,-0.600000,0.279510
172,1.379520,-1.733744,-1.887194,0.277657,-0.050170,-2.436020,0.180000,0.100000,0.100000,0.000000,-0.600000,0.277657
173,1.378180,-1.736227,-1.911554,0.275935,-0.051141,-2.452239,0.180000,0.100000,0.100000,0.000000,-0.600000,0.275935
174,1.376776,-1.738657,-1.936077,0.274326,-0.051967,-2.464551,0.180000,0.100000,0.100000,0.000000,-0.600000,0.274326
175,1.375310,-1.741033,-1.960722,0.272815,-0.052668,-2.473542,0.180000,0.100000,0.100000,0.000000,-0.600000,0.272815
176,1.373786,-1.743357,-1.985458,0.271391,-0.053266,-2.479738,0.180000,0.100000,0.100000,0.000000,-0.600000,0.271391
177,1.372205,-1.745626,-2.010255,0.270040,-0.053775,-2.483606,0.180000,0.100000,0.100000,0.000000,-0.600000,0.270040
178,1.370570,-1.747841,-2.035091,0.268754,-0.054211,-2.485549,0.180000,0.100000,0.100000,0.000000,-0.600000,0.268754
179,1.368881,-1.750001,-2.059946,0.267524,-0.054584,-2.485913,0.180000,0.100000,0.100000,0.000000,-0.600000,0.267524
180,1.367143,-1.752106,-2.084806,0.266343,-0.054906,-2.484990,0.200000,0.100000,0.080000,0.000000,-0.600000,0.266343
181,1.365355,-1.754156,-2.109655,0.265205,-0.055184,-2.483025,0.200000,0.100000,0.080000,0.000000,-0.600000,0.265205
182,1.363520,-1.756149,-2.134486,0.264105,-0.055424,-2.480222,0.200000,0.140000,0.080000,0.000000,-0.600000,0.264105
183,1.361641,-1.758085,-2.159288,0.263038,-0.055634,-2.476750,0.200000,0.140000,0.080000,0.000000,-0.600000,0.263038
184,1.359718,-1.759964,-2.184055,0.262000,-0.055818,-2.472748,0.200000,0.140000,0.080000,0.200000,-0.800000,0.262000
185,1.357753,-1.761785,-2.208783,0.271850,-0.057859,-2.548720,0.220000,0.140000,0.080000,-0.200000,-0.600000,0.271850
186,1.355670,-1.763624,-2.234270,0.256911,-0.057552,-2.548254,0.220000,0.140000,0.080000,0.000000,-0.600000,0.256911
187,1.353634,-1.765294,-2.259753,0.256272,-0.057364,-2.519384,0.220000,0.140000,0.080000,0.000000,-0.600000,0.256272
188,1.351562,-1.766908,-2.284947,0.255580,-0.057238,-2.496167,0.220000,0.160000,0.080000,0.000000,-0.600000,0.255580
189,1.349455,-1.768464,-2.309908,0.254852,-0.057156,-2.477253,0.240000,0.160000,0.080000,0.200000,-0.600000,0.254852
190,1.347316,-1.769963,-2.334681,0.268099,-0.057106,-2.461609,0.240000,0.160000,0.080000,0.200000,-0.600000,0.268099
191,1.345049,-1.771504,-2.359297,0.281030,-0.057028,-2.474072,0.260000,0.160000,0.080000,0.200000,-0.600000,0.281030
192,1.342654,-1.773080,-2.384038,0.293737,-0.056863,-2.504252,0.360000,0.160000,0.120000,0.000000,-0.600000,0.293737
193,1.340129,-1.774685,-2.409080,0.292274,-0.056566,-2.545605,0.380000,0.160000,0.120000,0.000000,-0.600000,0.292274
194,1.337578,-1.776219,-2.434536,0.290882,-0.056281,-2.574931,0.400000,0.160000,0.120000,0.000000,-0.600000,0.290882
195,1.335001,-1.777681,-2.460285,0.289541,-0.056018,-2.595046,0.440000,0.160000,0.120000,0.000000,-0.600000,0.289541
196,1.332399,-1.779070,-2.486236,0.288239,-0.055785,-2.608107,0.460000,0.160000,0.120000,0.000000,-0.400000,0.288239
197,1.329774,-1.780384,-2.512317,0.290022,-0.050814,-2.411771,0.500000,0.180000,0.120000,0.200000,-0.400000,0.290022
198,1.327130,-1.781680,-2.536435,0.305174,-0.047152,-2.263836,0.540000,0.180000,0.120000,0.200000,-0.600000,0.305174
199,1.324352,-1.783028,-2.559073,0.316682,-0.048358,-2.343626,0.580000,0.180000,0.120000,0.000000,-0.400000,0.316682
200,1.321441,-1.784367,-2.582509,0.317232,-0.045254,-2.257779,0.640000,0.180000,0.120000,0.200000,-0.600000,0.317232
201,1.318512,-1.785666,-2.605087,0.328522,-0.046511,-2.345552,0.720000,0.180000,0.120000,0.000000,-0.400000,0.328522
202,1.315451,-1.786945,-2.628543,0.328836,-0.043652,-2.275727,0.800000,0.200000,0.120000,0.000000,-0.400000,0.328836
203,1.312371,-1.788179,-2.651300,0.328897,-0.041428,-2.219388,0.920000,0.200000,0.140000,0.400000,-0.600000,0.328897
204,1.309275,-1.789362,-2.673494,0.353874,-0.042984,-2.314078,1.000000,0.200000,0.140000,0.400000,-0.400000,0.353874
205,1.305923,-1.790575,-2.696635,0.381711,-0.040547,-2.282204,1.000000,0.220000,0.140000,0.200000,-0.400000,0.381711
206,1.302303,-1.791852,-2.719457,0.395173,-0.038213,-2.285620,1.000000,0.220000,0.140000,0.200000,-0.400000,0.395173
207,1.298541,-1.793123,-2.742313,0.408442,-0.035979,-2.298928,1.000000,0.340000,0.140000,0.400000,-0.400000,0.408442
208,1.294638,-1.794379,-2.765302,0.435546,-0.033765,-2.319327,1.000000,0.340000,0.140000,0.400000,-0.400000,0.435546
209,1.290464,-1.795665,-2.788495,0.462437,-0.031248,-2.355850,1.000000,0.360000,0.140000,0.200000,-0.400000,0.462437
210,1.286016,-1.796971,-2.812054,0.475143,-0.028328,-2.403010,1.000000,0.380000,0.140000,0.400000,-0.400000,0.475143
211,1.281429,-1.798241,-2.836084,0.501720,-0.025237,-2.448392,1.000000,0.420000,0.140000,0.400000,-0.400000,0.501720
212,1.276568,-1.799509,-2.860568,0.528123,-0.021634,-2.500395,1.000000,0.440000,0.140000,0.200000,-0.400000,0.528123
213,1.271434,-1.800766,-2.885572,0.540347,-0.017463,-2.556547,1.000000,0.480000,0.140000,0.200000,-0.400000,0.540347
214,1.266163,-1.801966,-2.911137,0.552415,-0.013047,-2.608215,1.000000,0.520000,0.160000,0.200000,-0.400000,0.552415
215,1.260755,-1.803100,-2.937219,0.564314,-0.008389,-2.655983,1.000000,0.580000,0.160000,0.400000,-0.200000,0.564314
216,1.255212,-1.804163,-2.963779,0.592206,0.000865,-2.514057,1.000000,0.660000,0.160000,0.400000,-0.200000,0.592206
217,1.249385,-1.805219,-2.988920,0.619679,0.009149,-2.407050,1.000000,0.780000,0.160000,0.600000,-0.200000,0.619679
218,1.243274,-1.806252,-3.012990,0.660818,0.016777,-2.326335,1.000000,0.900000,0.260000,0.600000,-0.200000,0.660818
219,1.236742,-1.807266,-3.036254,0.701671,0.024338,-2.270924,1.000000,1.000000,0.280000,0.600000,-0.200000,0.701671
220,1.229790,-1.808246,-3.058963,0.742267,0.032023,-2.234365,1.000000,1.000000,0.280000,0.600000,-0.200000,0.742267
221,1.222419,-1.809178,-3.081307,0.782623,0.039977,-2.212076,1.000000,1.000000,0.300000,0.600000,-0.200000,0.782623
222,1.214631,-1.810048,-3.103427,0.822742,0.048311,-2.200717,0.960000,1.000000,0.300000,0.600000,-0.200000,0.822742
223,1.206428,-1.810845,-3.125434,0.862624,0.057113,-2.197799,0.900000,1.000000,0.320000,0.600000,-0.200000,0.862624
224,1.197812,-1.811555,-3.147412,0.902260,0.066458,-2.201425,0.840000,1.000000,0.340000,0.600000,-0.200000,0.902260
225,1.188786,-1.812168,-3.169427,0.941638,0.076406,-2.210128,0.800000,1.000000,0.360000,0.400000,-0.400000,0.941638
226,1.179352,-1.812669,-3.191528,0.964631,0.084909,-2.312526,0.760000,1.000000,0.380000,0.400000,-0.200000,0.964631
227,1.169675,-1.813036,-3.214653,0.989438,0.096728,-2.320975,0.720000,1.000000,0.420000,0.400000,-0.200000,0.989438
228,1.159736,-1.813278,-3.237863,1.013917,0.108838,-2.330549,0.680000,1.000000,0.440000,0.400000,-0.200000,1.013917
229,1.149540,-1.813387,-3.261168,1.038061,0.121269,-2.341002,0.660000,1.000000,0.500000,0.400000,-0.200000,1.038061
230,1.139088,-1.813353,-3.284579,1.061862,0.134046,-2.352136,0.620000,1.000000,0.540000,0.400000,-0.200000,1.061862
231,1.128387,-1.813166,-3.308100,1.085310,0.147188,-2.363789,0.600000,1.000000,0.620000,0.400000,-0.200000,1.085310
232,1.117440,-1.812819,-3.331738,1.108395,0.160714,-2.375831,0.580000,1.000000,0.700000,0.400000,-0.200000,1.108395
233,1.106252,-1.812302,-3.355496,1.131106,0.174639,-2.388157,0.560000,1.000000,0.820000,0.400000,-0.400000,1.131106
234,1.094828,-1.811608,-3.379378,1.151373,0.187694,-2.455499,0.540000,1.000000,1.000000,0.400000,-0.400000,1.151373
235,1.083196,-1.810720,-3.403933,1.171182,0.201837,-2.518197,0.520000,1.000000,1.000000,0.200000,-0.200000,1.171182
236,1.071362,-1.809632,-3.429115,1.178542,0.218172,-2.527535,0.500000,1.000000,1.000000,0.200000,-0.200000,1.178542
237,1.059442,-1.808382,-3.454390,1.185436,0.234488,-2.536185,0.480000,0.940000,1.000000,0.200000,-0.200000,1.185436
238,1.047441,-1.806965,-3.479752,1.191866,0.250792,-2.544328,0.460000,0.880000,1.000000,0.200000,-0.200000,1.191866
239,1.035365,-1.805377,-3.505195,1.197833,0.267087,-2.552120,0.440000,0.800000,1.000000,0.200000,-0.400000,1.197833
240,1.023220,-1.803613,-3.530716,1.201318,0.282604,-2.592887,0.440000,0.760000,1.000000,0.200000,-0.400000,1.201318
241,1.011033,-1.801671,-3.556645,1.204274,0.298543,-2.629756,0.420000,0.700000,1.000000,0.200000,-0.400000,1.204274
242,0.998809,-1.799546,-3.582943,1.206690,0.314855,-2.663055,0.400000,0.660000,1.000000,0.200000,-0.400000,1.206690
243,0.986553,-1.797239,-3.609573,1.208554,0.331492,-2.693100,0.400000,0.620000,1.000000,0.200000,-0.400000,1.208554
244,0.974272,-1.794746,-3.636504,1.209860,0.348411,-2.720188,0.380000,0.600000,1.000000,0.200000,-0.200000,1.209860
245,0.961970,-1.792065,-3.663706,1.212593,0.366011,-2.725743,0.360000,0.560000,1.000000,0.200000,-0.400000,1.212593
246,0.949634,-1.789191,-3.690964,1.212818,0.383199,-2.747983,0.360000,0.520000,1.000000,0.200000,-0.400000,1.212818
247,0.937290,-1.786126,-3.718443,1.212476,0.400557,-2.768050,0.340000,0.500000,1.000000,0.200000,-0.400000,1.212476
248,0.924943,-1.782871,-3.746124,1.211563,0.418049,-2.786165,0.340000,0.480000,1.000000,0.200000,-0.400000,1.211563
249,0.912598,-1.779424,-3.773986,1.210077,0.435642,-2.802530,0.320000,0.460000,0.960000,0.200000,-0.400000,1.210077
250,0.900263,-1.775785,-3.802011,1.208018,0.453306,-2.817330,0.320000,0.440000,0.860000,0.000000,-0.400000,1.208018
251,0.887942,-1.771955,-3.830184,1.191386,0.471012,-2.830736,0.300000,0.420000,0.780000,0.000000,-0.400000,1.191386
252,0.875749,-1.768021,-3.858492,1.174182,0.488313,-2.842418,0.300000,0.400000,0.720000,0.000000,-0.400000,1.174182
253,0.863689,-1.763987,-3.886916,1.156421,0.505177,-2.852640,0.300000,0.380000,0.660000,0.200000,-0.400000,1.156421
254,0.851765,-1.759857,-3.915442,1.152122,0.521577,-2.861632,0.280000,0.360000,0.620000,0.000000,-0.400000,1.152122
255,0.839879,-1.755535,-3.944058,1.133300,0.537906,-2.869923,0.280000,0.340000,0.560000,0.000000,-0.400000,1.133300
256,0.828136,-1.751124,-3.972758,1.113959,0.553726,-2.877304,0.280000,0.340000,0.520000,0.200000,-0.400000,1.113959
257,0.816537,-1.746627,-4.001531,1.108118,0.569013,-2.883936,0.260000,0.320000,0.500000,0.000000,-0.400000,1.108118
258,0.804995,-1.741942,-4.030370,1.087793,0.584169,-2.890176,0.260000,0.320000,0.460000,0.000000,-0.400000,1.087793
259,0.793603,-1.737180,-4.059272,1.066990,0.598757,-2.895888,0.260000,0.300000,0.440000,0.000000,-0.400000,1.066990
260,0.782364,-1.732345,-4.088231,1.045727,0.612761,-2.901184,0.240000,0.280000,0.420000,0.000000,-0.400000,1.045727
261,0.771280,-1.727440,-4.117243,1.024022,0.626165,-2.906163,0.240000,0.280000,0.380000,0.000000,-0.400000,1.024022
262,0.760354,-1.722471,-4.146304,1.001895,0.638956,-2.910908,0.240000,0.260000,0.360000,-0.200000,-0.400000,1.001895
263,0.749588,-1.717442,-4.175413,0.965363,0.651120,-2.915494,0.220000,0.260000,0.340000,-0.200000,-0.400000,0.965363
264,0.739055,-1.712478,-4.204568,0.928446,0.662228,-2.919942,0.220000,0.260000,0.340000,-0.200000,-0.400000,0.928446
265,0.728753,-1.707585,-4.233768,0.891174,0.672271,-2.924356,0.220000,0.240000,0.320000,0.000000,-0.400000,0.891174
266,0.718682,-1.702771,-4.263011,0.867579,0.681237,-2.928824,0.220000,0.240000,0.300000,0.000000,-0.400000,0.867579
267,0.708777,-1.697916,-4.292299,0.843691,0.689536,-2.933383,0.200000,0.220000,0.280000,0.000000,-0.400000,0.843691
268,0.699040,-1.693025,-4.321633,0.819528,0.697160,-2.938062,0.200000,0.220000,0.280000,0.000000,-0.400000,0.819528
269,0.689473,-1.688103,-4.351014,0.795109,0.704100,-2.942888,0.200000,0.220000,0.260000,0.000000,-0.400000,0.795109
270,0.680075,-1.683154,-4.380443,0.770452,0.710351,-2.947881,0.200000,0.200000,0.260000,0.000000,-0.400000,0.770452
271,0.670849,-1.678185,-4.409922,0.745576,0.715906,-2.953060,0.200000,0.200000,0.240000,0.000000,-0.400000,0.745576
272,0.661794,-1.673201,-4.439452,0.720500,0.720759,-2.958440,0.180000,0.200000,0.220000,-0.400000,-0.400000,0.720500
273,0.652911,-1.668205,-4.469037,0.667243,0.724904,-2.964036,0.180000,0.180000,0.220000,-0.400000,-0.400000,0.667243
274,0.644268,-1.663476,-4.498677,0.613824,0.727502,-2.970087,0.180000,0.180000,0.220000,-0.400000,-0.400000,0.613824
275,0.635856,-1.659020,-4.528378,0.560288,0.728549,-2.976637,0.180000,0.180000,0.200000,-0.400000,-0.400000,0.560288
276,0.627669,-1.654845,-4.558144,0.506675,0.728042,-2.983716,0.180000,0.180000,0.200000,-0.400000,-0.400000,0.506675
277,0.619696,-1.650957,-4.587981,0.453028,0.725978,-2.991345,0.180000,0.180000,0.200000,-0.400000,-0.400000,0.453028
278,0.611930,-1.647363,-4.617895,0.399391,0.722353,-2.999536,0.180000,0.160000,0.180000,-0.200000,-0.400000,0.399391
279,0.604362,-1.644068,-4.647890,0.359806,0.717165,-3.008290,0.180000,0.160000,0.180000,-0.200000,-0.400000,0.359806
280,0.596974,-1.640940,-4.677973,0.320317,0.710829,-3.017451,0.180000,0.160000,0.180000,-0.200000,-0.400000,0.320317
281,0.589759,-1.637983,-4.708148,0.280955,0.703343,-3.027014,0.160000,0.160000,0.180000,-0.200000,-0.400000,0.280955
282,0.582714,-1.635204,-4.738418,0.241755,0.694707,-3.036973,0.160000,0.160000,0.160000,0.000000,-0.400000,0.241755
283,0.575832,-1.632606,-4.768787,0.216749,0.684920,-3.047317,0.160000,0.160000,0.160000,0.200000,-0.400000,0.216749
284,0.569116,-1.630056,-4.799261,0.205972,0.674403,-3.057893,0.160000,0.160000,0.160000,0.200000,-0.400000,0.205972
285,0.562576,-1.627419,-4.829839,0.195444,0.663582,-3.068556,0.160000,0.160000,0.160000,0.200000,-0.400000,0.195444
286,0.556215,-1.624700,-4.860525,0.185177,0.652463,-3.079302,0.160000,0.160000,0.160000,0.200000,-0.400000,0.185177
287,0.550035,-1.621906,-4.891318,0.175181,0.641052,-3.090131,0.160000,0.140000,0.140000,0.000000,-0.400000,0.175181
288,0.544039,-1.619041,-4.922219,0.151468,0.629354,-3.101041,0.160000,0.140000,0.140000,0.000000,-0.400000,0.151468
289,0.538199,-1.616249,-4.953230,0.128050,0.616949,-3.112173,0.180000,0.140000,0.140000,0.000000,-0.400000,0.128050
290,0.532513,-1.613534,-4.984352,0.104949,0.603841,-3.123522,0.180000,0.140000,0.140000,0.000000,-0.400000,0.104949
291,0.526978,-1.610901,-5.015587,0.082189,0.590034,-3.135083,0.180000,0.140000,0.140000,0.000000,-0.400000,0.082189
292,0.521592,-1.608354,-5.046938,0.059793,0.575536,-3.146848,0.180000,0.140000,0.140000,0.000000,-0.400000,0.059793
293,0.516352,-1.605900,-5.078406,0.037786,0.560353,-3.158812,0.180000,0.140000,0.140000,0.000000,-0.400000,0.037786
294,0.511255,-1.603542,-5.109994,0.016192,0.544492,-3.170966,0.180000,0.140000,0.140000,0.000000,-0.400000,0.016192
295,0.506298,-1.601284,-5.141704,-0.004967,0.527962,-3.183303,0.180000,0.140000,0.140000,0.000000,-0.400000,-0.004967
296,0.501477,-1.599132,-5.173537,-0.025664,0.510771,-3.195816,0.180000,0.140000,0.140000,0.000000,-0.400000,-0.025664
297,0.496788,-1.597089,-5.205495,-0.045876,0.492930,-3.208495,0.180000,0.140000,0.120000,0.000000,-0.400000,-0.045876
298,0.492229,-1.595159,-5.237580,-0.065579,0.474450,-3.221331,0.200000,0.140000,0.120000,0.000000,-0.400000,-0.065579
299,0.487795,-1.593348,-5.269793,-0.084748,0.455341,-3.234315,0.200000,0.140000,0.120000,0.000000,-0.400000,-0.084748
300,0.483483,-1.591658,-5.302136,-0.103358,0.435616,-3.247438,0.200000,0.140000,0.120000,0.000000,-0.400000,-0.103358
301,0.479288,-1.590095,-5.334611,-0.121386,0.415290,-3.260688,0.200000,0.140000,0.120000,0.000000,-0.400000,-0.121386
302,0.475206,-1.588661,-5.367218,-0.138806,0.394376,-3.274058,0.220000,0.140000,0.120000,0.200000,-0.400000,-0.138806
303,0.471232,-1.587360,-5.399958,-0.141594,0.372890,-3.287537,0.220000,0.160000,0.120000,0.200000,-0.400000,-0.141594
304,0.467452,-1.586087,-5.432834,-0.143728,0.351299,-3.301026,0.240000,0.160000,0.120000,0.200000,-0.400000,-0.143728
305,0.463864,-1.584850,-5.465844,-0.145198,0.329626,-3.314513,0.240000,0.160000,0.120000,0.200000,-0.400000,-0.145198
306,0.460466,-1.583654,-5.498989,-0.145996,0.307892,-3.327986,0.260000,0.160000,0.120000,0.200000,-0.400000,-0.145996
307,0.457258,-1.582505,-5.532269,-0.146113,0.286118,-3.341432,0.280000,0.160000,0.120000,0.200000,-0.400000,-0.146113
308,0.454238,-1.581410,-5.565683,-0.145542,0.264329,-3.354834,0.300000,0.160000,0.140000,0.200000,-0.400000,-0.145542
309,0.451403,-1.580376,-5.599232,-0.144276,0.242547,-3.368174,0.320000,0.180000,0.140000,0.200000,-0.400000,-0.144276
310,0.448752,-1.579407,-5.632913,-0.142310,0.220797,-3.381427,0.360000,0.180000,0.140000,0.200000,-0.400000,-0.142310
311,0.446283,-1.578512,-5.666728,-0.139637,0.199103,-3.394568,0.400000,0.180000,0.140000,0.200000,-0.200000,-0.139637
312,0.443992,-1.577694,-5.700673,-0.134368,0.176890,-3.433281,0.620000,0.200000,0.140000,0.200000,-0.200000,-0.134368
313,0.441897,-1.576956,-5.735006,-0.128412,0.154814,-3.471717,1.000000,0.200000,0.140000,0.400000,-0.200000,-0.128412
314,0.439994,-1.576304,-5.769723,-0.107756,0.132906,-3.509810,1.000000,0.220000,0.140000,0.400000,-0.200000,-0.107756
315,0.438403,-1.575676,-5.804821,-0.086387,0.111677,-3.547201,1.000000,0.220000,0.140000,0.400000,-0.200000,-0.086387
316,0.437122,-1.575082,-5.840293,-0.064311,0.091171,-3.583603,1.000000,0.240000,0.160000,0.400000,-0.200000,-0.064311
317,0.436150,-1.574534,-5.876129,-0.037608,0.090816,-2.789596,1.000000,0.260000,0.160000,0.400000,-0.200000,-0.037608
318,0.435445,-1.573849,-5.904025,-0.014107,0.072283,-2.825060,1.000000,0.280000,0.160000,0.400000,-0.200000,-0.014107
319,0.435047,-1.573230,-5.932276,0.013829,0.073829,-2.027439,1.000000,0.300000,0.160000,0.600000,-0.200000,0.013829
320,0.434923,-1.572489,-5.952550,0.052355,0.056500,-2.062478,1.000000,0.320000,0.160000,0.600000,-0.200000,0.052355
321,0.435235,-1.571784,-5.973175,0.092400,0.045767,-1.843283,1.000000,0.320000,0.160000,0.600000,-0.200000,0.092400
322,0.435975,-1.571067,-5.991608,0.132870,0.036116,-1.600117,1.000000,0.340000,0.180000,0.600000,-0.200000,0.132870
323,0.437144,-1.570339,-6.007609,0.173574,0.026849,-1.368700,1.000000,0.360000,0.180000,0.600000,-0.200000,0.173574
324,0.438741,-1.569608,-6.021296,0.214470,0.018247,-1.165508,1.000000,0.380000,0.180000,0.600000,-0.200000,0.214470
325,0.440765,-1.568877,-6.032951,0.255512,0.010784,-1.015171,1.000000,0.400000,0.180000,0.600000,-0.200000,0.255512
326,0.443214,-1.568139,-6.043103,0.296658,0.004796,-0.930850,0.980000,0.400000,0.180000,0.600000,-0.200000,0.296658
327,0.446084,-1.567387,-6.052411,0.337876,0.000231,-0.903430,0.940000,0.420000,0.180000,0.600000,-0.200000,0.337876
328,0.449373,-1.566612,-6.061446,0.379145,-0.003148,-0.914842,0.940000,0.440000,0.180000,0.600000,-0.400000,0.379145
329,0.453078,-1.565809,-6.070594,0.418277,-0.008859,-1.091950,0.940000,0.440000,0.180000,0.600000,-0.400000,0.418277
330,0.457186,-1.565013,-6.081514,0.457567,-0.013054,-1.269265,0.940000,1.000000,0.180000,0.600000,-0.200000,0.457567
331,0.461695,-1.564225,-6.094206,0.499169,-0.012040,-1.282463,0.940000,1.000000,0.180000,0.600000,-0.200000,0.499169
332,0.466620,-1.563405,-6.107031,0.540698,-0.010639,-1.311269,0.880000,1.000000,0.200000,0.600000,-0.200000,0.540698
333,0.471962,-1.562562,-6.120144,0.582163,-0.008769,-1.350368,0.880000,1.000000,0.200000,0.600000,-0.200000,0.582163
334,0.477721,-1.561704,-6.133647,0.623562,-0.006364,-1.396314,0.880000,1.000000,0.200000,0.600000,-0.200000,0.623562
335,0.483896,-1.560838,-6.147610,0.664889,-0.003368,-1.446779,0.880000,1.000000,0.200000,0.600000,-0.200000,0.664889
336,0.490489,-1.559973,-6.162078,0.706137,0.000268,-1.500138,0.860000,1.000000,0.200000,0.600000,-0.200000,0.706137
337,0.497498,-1.559117,-6.177080,0.747291,0.004590,-1.555216,0.820000,1.000000,0.200000,0.600000,-0.200000,0.747291
338,0.504924,-1.558280,-6.192632,0.788339,0.009637,-1.611144,0.800000,1.000000,0.220000,0.600000,-0.200000,0.788339
339,0.512767,-1.557471,-6.208743,0.829263,0.015446,-1.667265,0.780000,1.000000,0.220000,0.600000,-0.200000,0.829263
340,0.521025,-1.556700,-6.225416,0.870043,0.022050,-1.723070,0.780000,1.000000,0.220000,0.600000,-0.200000,0.870043
341,0.529698,-1.555978,-6.242647,0.910661,0.029479,-1.778165,0.780000,1.000000,0.240000,0.600000,-0.200000,0.910661
342,0.538785,-1.555314,-6.260428,0.951092,0.037761,-1.832237,0.740000,1.000000,0.240000,0.400000,-0.200000,0.951092
343,0.548285,-1.554720,-6.278751,0.977314,0.046920,-1.885041,0.700000,1.000000,0.260000,0.400000,-0.200000,0.977314
344,0.558056,-1.554208,-6.297601,1.003304,0.056674,-1.934240,0.680000,0.960000,0.260000,0.400000,-0.200000,1.003304
345,0.568096,-1.553785,-6.316943,1.029042,0.067018,-1.980154,0.640000,0.960000,0.280000,0.400000,-0.200000,1.029042
346,0.578403,-1.553463,-6.336745,1.054510,0.077945,-2.023065,0.640000,0.900000,0.300000,0.400000,-0.200000,1.054510
347,0.588975,-1.553249,-6.356976,1.079689,0.089449,-2.063224,0.640000,0.900000,0.320000,0.400000,-0.200000,1.079689
348,0.599808,-1.553153,-6.377608,1.104560,0.101526,-2.100855,0.640000,0.900000,0.500000,0.400000,-0.200000,1.104560
349,0.610900,-1.553184,-6.398616,1.129105,0.114171,-2.136160,0.620000,0.880000,1.000000,0.200000,-0.200000,1.129105
350,0.622248,-1.553350,-6.419978,1.139307,0.127380,-2.169324,0.600000,0.880000,1.000000,0.200000,-0.200000,1.139307
351,0.633708,-1.553642,-6.441671,1.149147,0.140793,-2.198981,0.580000,0.800000,1.000000,0.400000,-0.200000,1.149147
352,0.645278,-1.554065,-6.463661,1.172620,0.154389,-2.225596,0.560000,0.780000,1.000000,0.400000,-0.200000,1.172620
353,0.657091,-1.554651,-6.485917,1.195719,0.168516,-2.250955,0.540000,0.780000,1.000000,0.400000,-0.200000,1.195719
354,0.669142,-1.555408,-6.508427,1.218427,0.183172,-2.275141,0.520000,0.740000,0.960000,0.200000,-0.200000,1.218427
355,0.681428,-1.556344,-6.531178,1.226729,0.198357,-2.298237,0.500000,0.720000,0.940000,0.200000,-0.200000,1.226729
356,0.693807,-1.557432,-6.554160,1.234608,0.213693,-2.319202,0.480000,0.720000,0.940000,0.200000,-0.200000,1.234608
357,0.706274,-1.558678,-6.577352,1.242060,0.229168,-2.338348,0.460000,0.680000,0.920000,0.200000,-0.200000,1.242060
358,0.718826,-1.560086,-6.600736,1.249080,0.244770,-2.355949,0.440000,0.620000,0.880000,0.200000,-0.200000,1.249080
359,0.731457,-1.561661,-6.624295,1.255665,0.260489,-2.372247,0.440000,0.620000,0.820000,0.200000,-0.200000,1.255665
360,0.744161,-1.563406,-6.648018,1.261812,0.276318,-2.387456,0.420000,0.620000,0.820000,0.200000,-0.200000,1.261812
361,0.756935,-1.565327,-6.671892,1.267516,0.292250,-2.401763,0.400000,0.600000,0.760000,0.200000,-0.200000,1.267516
362,0.769772,-1.567427,-6.695910,1.272774,0.308279,-2.415334,0.400000,0.580000,0.760000,0.200000,-0.200000,1.272774
363,0.782667,-1.569708,-6.720063,1.277583,0.324399,-2.428315,0.380000,0.540000,0.740000,0.200000,-0.200000,1.277583
364,0.795616,-1.572174,-6.744346,1.281940,0.340606,-2.440836,0.380000,0.500000,0.740000,0.200000,-0.200000,1.281940
365,0.808612,-1.574828,-6.768755,1.285841,0.356896,-2.453011,0.360000,0.480000,0.720000,0.200000,-0.200000,1.285841
366,0.821650,-1.577673,-6.793285,1.289282,0.373265,-2.464942,0.360000,0.460000,0.640000,0.000000,-0.200000,1.289282
367,0.834724,-1.580711,-6.817934,1.278258,0.389711,-2.476719,0.340000,0.440000,0.640000,0.000000,-0.200000,1.278258
368,0.847708,-1.583872,-6.842702,1.266766,0.405843,-2.488082,0.340000,0.440000,0.620000,0.000000,-0.200000,1.266766
369,0.860598,-1.587156,-6.867582,1.254813,0.421657,-2.499205,0.320000,0.440000,0.580000,0.000000,-0.200000,1.254813
370,0.873390,-1.590562,-6.892574,1.242404,0.437150,-2.510233,0.320000,0.420000,0.580000,0.000000,-0.200000,1.242404
371,0.886080,-1.594089,-6.917677,1.229546,0.452319,-2.521290,0.300000,0.420000,0.560000,0.000000,-0.200000,1.229546
372,0.898663,-1.597734,-6.942890,1.216244,0.467162,-2.532485,0.300000,0.400000,0.540000,0.000000,-0.200000,1.216244
373,0.911137,-1.601497,-6.968214,1.202505,0.481677,-2.543906,0.280000,0.380000,0.500000,0.000000,-0.200000,1.202505
374,0.923497,-1.605375,-6.993654,1.188332,0.495862,-2.555632,0.280000,0.380000,0.460000,0.000000,-0.200000,1.188332
375,0.935739,-1.609366,-7.019210,1.173730,0.509717,-2.567726,0.280000,0.360000,0.460000,0.200000,-0.400000,1.173730
376,0.947860,-1.613468,-7.044887,1.170747,0.523284,-2.578261,0.260000,0.340000,0.440000,0.000000,-0.400000,1.170747
377,0.959943,-1.617761,-7.070670,1.153354,0.536855,-2.588105,0.260000,0.320000,0.440000,0.000000,-0.400000,1.153354
378,0.971886,-1.622146,-7.096551,1.135553,0.550032,-2.596984,0.260000,0.320000,0.420000,0.000000,-0.400000,1.135553
379,0.983684,-1.626617,-7.122521,1.117357,0.562795,-2.605035,0.240000,0.300000,0.380000,0.000000,-0.400000,1.117357
380,0.995336,-1.631174,-7.148571,1.098780,0.575127,-2.612381,0.240000,0.300000,0.360000,0.000000,-0.400000,1.098780
381,1.006839,-1.635810,-7.174695,1.079836,0.587011,-2.619130,0.240000,0.280000,0.340000,0.000000,-0.400000,1.079836
382,1.018190,-1.640524,-7.200886,1.060539,0.598432,-2.625380,0.220000,0.280000,0.320000,0.000000,-0.400000,1.060539
383,1.029387,-1.645310,-7.227140,1.040902,0.609376,-2.631217,0.220000,0.260000,0.300000,-0.200000,-0.400000,1.040902
384,1.040428,-1.650166,-7.253452,1.006940,0.619833,-2.636719,0.220000,0.260000,0.280000,-0.200000,-0.400000,1.006940
385,1.051232,-1.654971,-7.279819,0.972667,0.629409,-2.641842,0.220000,0.240000,0.260000,-0.400000,-0.400000,0.972667
386,1.061800,-1.659719,-7.306238,0.924108,0.638096,-2.646705,0.200000,0.240000,0.260000,-0.400000,-0.400000,0.924108
387,1.072059,-1.664286,-7.332705,0.875288,0.645503,-2.651367,0.200000,0.220000,0.240000,0.000000,-0.400000,0.875288
388,1.082016,-1.668661,-7.359218,0.854242,0.651626,-2.655978,0.200000,0.220000,0.240000,0.000000,-0.400000,0.854242
389,1.091807,-1.673085,-7.385778,0.833003,0.657214,-2.660621,0.200000,0.220000,0.240000,0.000000,-0.400000,0.833003
390,1.101431,-1.677553,-7.412384,0.811585,0.662264,-2.665323,0.180000,0.200000,0.240000,0.000000,-0.400000,0.811585
391,1.110887,-1.682060,-7.439038,0.790001,0.666770,-2.670105,0.180000,0.200000,0.220000,0.000000,-0.400000,0.790001
392,1.120174,-1.686602,-7.465739,0.768266,0.670728,-2.674989,0.180000,0.200000,0.220000,0.000000,-0.400000,0.768266
393,1.129290,-1.691173,-7.492489,0.746392,0.674134,-2.679994,0.180000,0.180000,0.220000,0.000000,-0.400000,0.746392
394,1.138235,-1.695771,-7.519288,0.724394,0.676983,-2.685134,0.180000,0.180000,0.220000,0.000000,-0.400000,0.724394
395,1.147009,-1.700389,-7.546140,0.702285,0.679274,-2.690426,0.160000,0.180000,0.220000,0.000000,-0.400000,0.702285
396,1.155610,-1.705023,-7.573044,0.680079,0.681002,-2.695880,0.160000,0.180000,0.200000,-0.200000,-0.400000,0.680079
397,1.164039,-1.709669,-7.600003,0.643790,0.682165,-2.701508,0.160000,0.160000,0.200000,-0.400000,-0.400000,0.643790
398,1.172259,-1.714187,-7.627018,0.593433,0.682379,-2.707435,0.160000,0.160000,0.180000,-0.400000,-0.400000,0.593433
399,1.180244,-1.718433,-7.654092,0.543032,0.681262,-2.713818,0.160000,0.160000,0.180000,-0.400000,-0.400000,0.543032
400,1.187999,-1.722403,-7.681230,0.492619,0.678814,-2.720695,0.160000,0.160000,0.180000,-0.400000,-0.400000,0.492619
401,1.195533,-1.726089,-7.708437,0.442229,0.675033,-2.728093,0.160000,0.160000,0.160000,-0.200000,-0.400000,0.442229
402,1.202853,-1.729485,-7.735718,0.405894,0.669918,-2.736034,0.160000,0.140000,0.160000,-0.200000,-0.400000,0.405894
403,1.209984,-1.732726,-7.763079,0.369648,0.663849,-2.744364,0.140000,0.140000,0.160000,-0.200000,-0.400000,0.369648
404,1.216931,-1.735804,-7.790522,0.333514,0.656825,-2.753085,0.140000,0.140000,0.160000,-0.200000,-0.400000,0.333514
405,1.223697,-1.738716,-7.818053,0.297517,0.648845,-2.762198,0.140000,0.140000,0.140000,-0.200000,-0.400000,0.297517
406,1.230289,-1.741456,-7.845675,0.261683,0.639911,-2.771702,0.140000,0.140000,0.140000,0.000000,-0.400000,0.261683
407,1.236709,-1.744020,-7.873392,0.240038,0.630021,-2.781593,0.140000,0.140000,0.140000,0.000000,-0.400000,0.240038
408,1.242962,-1.746542,-7.901208,0.218605,0.619562,-2.791701,0.140000,0.140000,0.140000,0.000000,-0.400000,0.218605
409,1.249047,-1.749018,-7.929125,0.197402,0.608534,-2.802025,0.140000,0.140000,0.140000,0.000000,-0.400000,0.197402
410,1.254967,-1.751443,-7.957145,0.176445,0.596942,-2.812563,0.140000,0.120000,0.140000,0.000000,-0.400000,0.176445
411,1.260723,-1.753813,-7.985271,0.155752,0.584788,-2.823311,0.140000,0.120000,0.120000,0.000000,-0.400000,0.155752
412,1.266317,-1.756123,-8.013504,0.135339,0.572076,-2.834267,0.140000,0.120000,0.120000,0.000000,-0.400000,0.135339
413,1.271750,-1.758368,-8.041847,0.115223,0.558811,-2.845428,0.140000,0.120000,0.120000,0.000000,-0.400000,0.115223
414,1.277024,-1.760543,-8.070301,0.095422,0.544996,-2.856789,0.140000,0.120000,0.120000,0.000000,-0.400000,0.095422
415,1.282143,-1.762645,-8.098869,0.075954,0.530638,-2.868347,0.140000,0.120000,0.120000,0.000000,-0.400000,0.075954
416,1.287106,-1.764669,-8.127552,0.056836,0.515740,-2.880096,0.140000,0.120000,0.120000,0.000000,-0.400000,0.056836
417,1.291919,-1.766609,-8.156353,0.038086,0.500311,-2.892031,0.140000,0.120000,0.120000,0.000000,-0.400000,0.038086
418,1.296581,-1.768463,-8.185274,0.019722,0.484355,-2.904147,0.140000,0.120000,0.120000,0.000000,-0.400000,0.019722
419,1.301097,-1.770225,-8.214315,0.001763,0.467881,-2.916436,0.140000,0.120000,0.120000,0.000000,-0.400000,0.001763
420,1.305469,-1.771891,-8.243480,-0.015774,0.450896,-2.928892,0.140000,0.120000,0.080000,0.000000,-0.400000,-0.015774
421,1.309701,-1.773457,-8.272768,-0.032870,0.433409,-2.941506,0.160000,0.120000,0.080000,0.200000,-0.400000,-0.032870
422,1.313794,-1.774919,-8.302184,-0.035506,0.415429,-2.954270,0.160000,0.120000,0.080000,0.000000,-0.400000,-0.035506
423,1.317692,-1.776399,-8.331726,-0.051667,0.397369,-2.967057,0.160000,0.120000,0.060000,0.000000,-0.400000,-0.051667
424,1.321458,-1.777768,-8.361397,-0.067342,0.378837,-2.979979,0.160000,0.120000,0.060000,0.000000,-0.400000,-0.067342
425,1.325096,-1.779020,-8.391197,-0.082514,0.359845,-2.993024,0.160000,0.120000,0.060000,0.000000,-0.400000,-0.082514
426,1.328610,-1.780152,-8.421127,-0.097165,0.340403,-3.006179,0.160000,0.120000,0.060000,0.000000,-0.400000,-0.097165
427,1.332003,-1.781162,-8.451189,-0.111277,0.320524,-3.019431,0.180000,0.120000,0.060000,0.000000,-0.400000,-0.111277
428,1.335279,-1.782044,-8.481383,-0.124830,0.300222,-3.032769,0.180000,0.120000,0.060000,0.000000,-0.400000,-0.124830
429,1.338443,-1.782796,-8.511711,-0.137808,0.279509,-3.046181,0.180000,0.120000,0.060000,0.000000,-0.400000,-0.137808
430,1.341497,-1.783414,-8.542172,-0.150191,0.258400,-3.059656,0.200000,0.140000,0.060000,0.000000,-0.400000,-0.150191
431,1.344447,-1.783895,-8.572769,-0.161964,0.236911,-3.073188,0.200000,0.140000,0.060000,0.000000,-0.400000,-0.161964
432,1.347296,-1.784236,-8.603501,-0.173107,0.215057,-3.086774,0.220000,0.140000,0.060000,0.200000,-0.400000,-0.173107
433,1.350050,-1.784434,-8.634369,-0.169605,0.192854,-3.100418,0.220000,0.140000,0.060000,0.200000,-0.400000,-0.169605
434,1.352614,-1.784586,-8.665373,-0.165441,0.170747,-3.113968,0.240000,0.140000,0.060000,0.200000,-0.400000,-0.165441
435,1.354989,-1.784685,-8.696512,-0.160612,0.148756,-3.127402,0.260000,0.140000,0.060000,0.200000,-0.400000,-0.160612
436,1.357178,-1.784726,-8.727786,-0.155115,0.126906,-3.140695,0.400000,0.160000,0.080000,0.200000,-0.200000,-0.155115
437,1.359182,-1.784703,-8.759193,-0.147067,0.104621,-3.179373,0.440000,0.160000,0.080000,0.200000,-0.200000,-0.147067
438,1.360985,-1.784618,-8.790987,-0.138357,0.082547,-3.217745,0.480000,0.160000,0.080000,0.400000,-0.200000,-0.138357
439,1.362588,-1.784464,-8.823165,-0.111047,0.080090,-2.426901,0.540000,0.180000,0.080000,0.200000,-0.400000,-0.111047
440,1.363957,-1.784496,-8.847434,-0.102832,0.060591,-2.439746,0.600000,0.180000,0.080000,0.400000,-0.200000,-0.102832
441,1.365150,-1.784442,-8.871831,-0.074343,0.060079,-1.648807,0.660000,0.180000,0.080000,0.400000,-0.200000,-0.074343
442,1.366098,-1.784563,-8.888319,-0.049297,0.041443,-1.687156,0.720000,0.200000,0.080000,0.400000,-0.200000,-0.049297
443,1.366733,-1.784667,-8.905191,-0.020027,0.042587,-0.894786,0.780000,0.200000,0.080000,0.600000,-0.400000,-0.020027
444,1.367119,-1.784938,-8.914139,0.017733,0.025504,-0.906687,0.840000,0.200000,0.080000,0.600000,-0.400000,0.017733
445,1.367089,-1.785247,-8.923205,0.056467,0.010585,-0.829071,0.880000,0.200000,0.080000,0.600000,-0.400000,0.056467
446,1.366644,-1.785611,-8.931496,0.096557,-0.001118,-0.630712,0.920000,0.200000,0.080000,0.600000,-0.400000,0.096557
447,1.365789,-1.786058,-8.937803,0.136439,-0.011019,-0.578711,0.960000,0.200000,0.140000,0.600000,-0.400000,0.136439
448,1.364531,-1.786599,-8.943590,0.176398,-0.017182,-0.695226,1.000000,0.200000,0.140000,0.600000,-0.400000,0.176398
449,1.362888,-1.787264,-8.950543,0.216474,-0.021893,-0.847705,1.000000,0.200000,0.140000,0.600000,-0.400000,0.216474
450,1.360862,-1.788057,-8.959020,0.256638,-0.025786,-1.005226,1.000000,0.200000,0.140000,0.600000,-0.400000,0.256638
451,1.358453,-1.788980,-8.969072,0.296869,-0.028969,-1.162128,1.000000,0.220000,0.140000,0.400000,-0.400000,0.296869
452,1.355660,-1.790026,-8.980693,0.323152,-0.031432,-1.316806,1.000000,0.220000,0.140000,0.400000,-0.200000,0.323152
453,1.352607,-1.791130,-8.993861,0.351632,-0.028068,-1.239566,1.000000,0.220000,0.140000,0.400000,-0.400000,0.351632
454,1.349295,-1.792344,-9.006257,0.377704,-0.030306,-1.408486,1.000000,0.220000,0.140000,0.400000,-0.200000,0.377704
455,1.345721,-1.793602,-9.020342,0.406034,-0.026853,-1.355988,1.000000,0.220000,0.140000,0.400000,-0.200000,0.406034
456,1.341882,-1.794953,-9.033902,0.434148,-0.023997,-1.333263,1.000000,0.240000,0.140000,0.400000,-0.200000,0.434148
457,1.337777,-1.796385,-9.047234,0.462107,-0.021465,-1.330440,1.000000,0.240000,0.140000,0.400000,-0.400000,0.462107
458,1.333402,-1.797889,-9.060539,0.487767,-0.023120,-1.514681,1.000000,0.240000,0.140000,0.400000,-0.400000,0.487767
459,1.328762,-1.799411,-9.075686,0.513534,-0.023639,-1.684084,1.000000,0.360000,0.140000,0.400000,-0.200000,0.513534
460,1.323856,-1.800945,-9.092526,0.541546,-0.018856,-1.659957,1.000000,0.380000,0.140000,0.400000,-0.400000,0.541546
461,1.318675,-1.802533,-9.109126,0.567189,-0.018324,-1.820302,1.000000,0.400000,0.140000,0.400000,-0.400000,0.567189
462,1.313226,-1.804120,-9.127329,0.592861,-0.016658,-1.968742,1.000000,0.400000,0.140000,0.400000,-0.400000,0.592861
463,1.307509,-1.805698,-9.147016,0.618518,-0.013896,-2.106176,1.000000,0.440000,0.140000,0.400000,-0.200000,0.618518
464,1.301523,-1.807261,-9.168078,0.646300,-0.006138,-2.065283,1.000000,0.460000,0.140000,0.400000,-0.200000,0.646300
465,1.295256,-1.808842,-9.188731,0.673807,0.001244,-2.038359,1.000000,0.500000,0.140000,0.400000,-0.200000,0.673807
466,1.288708,-1.810430,-9.209115,0.701071,0.008419,-2.022165,1.000000,0.540000,0.140000,0.400000,-0.200000,0.701071
467,1.281877,-1.812013,-9.229336,0.728113,0.015518,-2.014281,1.000000,0.580000,0.140000,0.400000,-0.200000,0.728113
468,1.274765,-1.813579,-9.249479,0.754945,0.022646,-2.012874,1.000000,0.640000,0.140000,0.400000,-0.200000,0.754945
469,1.267371,-1.815118,-9.269608,0.781574,0.029885,-2.016537,1.000000,0.700000,0.160000,0.400000,-0.200000,0.781574
470,1.259695,-1.816622,-9.289773,0.808002,0.037300,-2.024176,1.000000,0.800000,0.160000,0.600000,-0.200000,0.808002
471,1.251739,-1.818079,-9.310015,0.848227,0.044946,-2.034927,1.000000,0.940000,0.160000,0.600000,-0.200000,0.848227
472,1.243364,-1.819497,-9.330364,0.888244,0.053201,-2.050961,1.000000,1.000000,0.160000,0.600000,-0.200000,0.888244
473,1.234571,-1.820864,-9.350874,0.928038,0.062118,-2.070978,1.000000,1.000000,0.160000,0.600000,-0.200000,0.928038
474,1.225362,-1.822168,-9.371584,0.967591,0.071741,-2.093960,1.000000,1.000000,0.280000,0.600000,-0.200000,0.967591
475,1.215738,-1.823399,-9.392523,1.006886,0.082112,-2.119097,0.960000,1.000000,0.280000,0.600000,-0.200000,1.006886
476,1.205701,-1.824545,-9.413714,1.045902,0.093263,-2.145741,0.920000,1.000000,0.300000,0.400000,-0.200000,1.045902
477,1.195253,-1.825593,-9.435172,1.070615,0.105224,-2.173374,0.860000,1.000000,0.300000,0.400000,-0.200000,1.070615
478,1.184536,-1.826534,-9.456905,1.095003,0.117663,-2.199824,0.820000,1.000000,0.320000,0.400000,-0.200000,1.095003
479,1.173554,-1.827358,-9.478903,1.119052,0.130588,-2.225147,0.780000,1.000000,0.340000,0.400000,-0.200000,1.119052
480,1.162309,-1.828057,-9.501155,1.142746,0.144002,-2.249402,0.740000,1.000000,0.380000,0.400000,-0.200000,1.142746
481,1.150805,-1.828621,-9.523649,1.166071,0.157909,-2.272645,0.700000,1.000000,0.400000,0.400000,-0.200000,1.166071
482,1.139046,-1.829041,-9.546375,1.189012,0.172313,-2.294935,0.680000,1.000000,0.440000,0.400000,-0.200000,1.189012
483,1.127034,-1.829309,-9.569325,1.211553,0.187215,-2.316329,0.660000,1.000000,0.480000,0.400000,-0.200000,1.211553
484,1.114775,-1.829416,-9.592488,1.233679,0.202617,-2.336886,0.620000,1.000000,0.540000,0.400000,-0.200000,1.233679
485,1.102273,-1.829355,-9.615857,1.255376,0.218518,-2.356665,0.600000,1.000000,0.620000,0.400000,-0.200000,1.255376
486,1.089533,-1.829116,-9.639424,1.276627,0.234920,-2.375727,0.580000,1.000000,0.740000,0.000000,-0.200000,1.276627
487,1.076560,-1.828692,-9.663181,1.269417,0.251821,-2.394131,0.560000,1.000000,0.880000,0.000000,-0.200000,1.269417
488,1.063630,-1.828141,-9.687122,1.261730,0.268451,-2.410209,0.540000,1.000000,1.000000,0.400000,-0.200000,1.261730
489,1.050748,-1.827462,-9.711224,1.281574,0.284792,-2.424408,0.520000,1.000000,1.000000,0.200000,-0.200000,1.281574
490,1.037650,-1.826573,-9.735468,1.286960,0.301606,-2.438524,0.500000,1.000000,1.000000,0.200000,-0.200000,1.286960
491,1.024474,-1.825510,-9.759854,1.291872,0.318505,-2.451913,0.480000,0.920000,1.000000,0.000000,-0.200000,1.291872
492,1.011227,-1.824270,-9.784373,1.282306,0.335485,-2.464728,0.480000,0.860000,1.000000,0.000000,-0.200000,1.282306
493,0.998043,-1.822898,-9.809020,1.272259,0.352152,-2.476591,0.460000,0.800000,1.000000,0.000000,-0.200000,1.272259
494,0.984928,-1.821393,-9.833786,1.261739,0.368499,-2.487755,0.440000,0.760000,1.000000,0.200000,-0.200000,1.261739
495,0.971886,-1.819756,-9.858663,1.264754,0.384521,-2.498439,0.420000,0.720000,1.000000,0.200000,-0.200000,1.264754
496,0.958794,-1.817928,-9.883648,1.267312,0.400604,-2.509155,0.420000,0.680000,1.000000,-0.200000,-0.200000,1.267312
497,0.945657,-1.815906,-9.908739,1.241410,0.416746,-2.519963,0.400000,0.640000,1.000000,0.200000,-0.200000,1.241410
498,0.932730,-1.813819,-9.933939,1.243042,0.432165,-2.530446,0.400000,0.600000,1.000000,0.200000,-0.200000,1.243042
499,0.919770,-1.811533,-9.959243,1.244226,0.447641,-2.541185,0.380000,0.580000,1.000000,0.200000,-0.200000,1.244226
500,0.906782,-1.809048,-9.984655,1.244958,0.463170,-2.552211,0.380000,0.560000,1.000000,0.200000,-0.200000,1.244958
501,0.893774,-1.806360,-10.010177,1.245233,0.478752,-2.563553,0.360000,0.520000,1.000000,0.200000,-0.200000,1.245233
502,0.880749,-1.803471,-10.035813,1.245044,0.494385,-2.575237,0.360000,0.500000,1.000000,0.200000,-0.200000,1.245044
503,0.867716,-1.800377,-10.061565,1.244386,0.510066,-2.587286,0.340000,0.480000,1.000000,0.200000,-0.200000,1.244386
504,0.854678,-1.797078,-10.087438,1.243252,0.525792,-2.599722,0.340000,0.460000,0.920000,0.000000,-0.200000,1.243252
505,0.841642,-1.793575,-10.113435,1.227637,0.541561,-2.612562,0.320000,0.440000,0.840000,0.000000,-0.200000,1.227637
506,0.828721,-1.789955,-10.139561,1.211533,0.556977,-2.625840,0.320000,0.420000,0.780000,0.000000,-0.200000,1.211533
507,0.815921,-1.786220,-10.165819,1.194944,0.572035,-2.639606,0.320000,0.400000,0.720000,0.000000,-0.200000,1.194944
508,0.803243,-1.782374,-10.192215,1.177874,0.586732,-2.653905,0.300000,0.400000,0.660000,0.200000,-0.200000,1.177874
509,0.790693,-1.778419,-10.218755,1.174325,0.601065,-2.668770,0.300000,0.380000,0.620000,0.200000,-0.200000,1.174325
510,0.778174,-1.774258,-10.245442,1.170300,0.615424,-2.684113,0.300000,0.360000,0.580000,0.000000,-0.200000,1.170300
511,0.765693,-1.769891,-10.272283,1.151791,0.629804,-2.699937,0.280000,0.360000,0.540000,0.200000,-0.200000,1.151791
512,0.753349,-1.765425,-10.299283,1.146792,0.643801,-2.716391,0.280000,0.340000,0.520000,0.200000,-0.200000,1.146792
513,0.741054,-1.760756,-10.326447,1.141304,0.657807,-2.733333,0.280000,0.320000,0.480000,0.200000,-0.200000,1.141304
514,0.728815,-1.755884,-10.353780,1.135320,0.671815,-2.750764,0.260000,0.320000,0.460000,0.000000,-0.200000,1.135320
515,0.716637,-1.750812,-10.381288,1.114832,0.685818,-2.768689,0.260000,0.300000,0.440000,0.000000,-0.200000,1.114832
516,0.704607,-1.745655,-10.408975,1.093831,0.699402,-2.787293,0.260000,0.300000,0.400000,0.000000,-0.200000,1.093831
517,0.692728,-1.740416,-10.436847,1.072322,0.712558,-2.806586,0.240000,0.280000,0.380000,0.000000,-0.200000,1.072322
518,0.681001,-1.735101,-10.464913,1.050306,0.725275,-2.826570,0.240000,0.280000,0.360000,0.000000,-0.200000,1.050306
519,0.669430,-1.729713,-10.493179,1.027786,0.737542,-2.847247,0.240000,0.260000,0.340000,-0.200000,-0.400000,1.027786
520,0.658017,-1.724257,-10.521651,0.988832,0.749734,-2.852053,0.240000,0.260000,0.340000,-0.200000,-0.400000,0.988832
521,0.646833,-1.718880,-10.550172,0.949496,0.760838,-2.856856,0.220000,0.240000,0.320000,-0.200000,-0.400000,0.949496
522,0.635876,-1.713589,-10.578741,0.909808,0.770844,-2.861733,0.220000,0.240000,0.300000,0.000000,-0.400000,0.909808
523,0.625145,-1.708391,-10.607358,0.883798,0.779743,-2.866749,0.220000,0.240000,0.280000,0.000000,-0.400000,0.883798
524,0.614582,-1.703162,-10.636025,0.857495,0.787930,-2.871900,0.220000,0.220000,0.280000,0.000000,-0.400000,0.857495
525,0.604189,-1.697908,-10.664744,0.830918,0.795398,-2.877209,0.200000,0.220000,0.260000,0.000000,-0.400000,0.830918
526,0.593968,-1.692633,-10.693516,0.804086,0.802140,-2.882694,0.200000,0.220000,0.260000,0.000000,-0.400000,0.804086
527,0.583917,-1.687343,-10.722343,0.777016,0.808146,-2.888372,0.200000,0.200000,0.240000,0.000000,-0.400000,0.777016
528,0.574039,-1.682041,-10.751227,0.749730,0.813412,-2.894255,0.200000,0.200000,0.240000,0.000000,-0.400000,0.749730
529,0.564333,-1.676735,-10.780170,0.722245,0.817930,-2.900355,0.200000,0.200000,0.220000,0.000000,-0.400000,0.722245
530,0.554799,-1.671427,-10.809173,0.694581,0.821693,-2.906682,0.180000,0.200000,0.220000,-0.200000,-0.400000,0.694581
531,0.545437,-1.666125,-10.838240,0.652758,0.824697,-2.913242,0.180000,0.180000,0.200000,-0.200000,-0.400000,0.652758
532,0.536269,-1.660970,-10.867372,0.610797,0.826526,-2.920158,0.180000,0.180000,0.200000,-0.200000,-0.400000,0.610797
533,0.527291,-1.655969,-10.896574,0.568728,0.827177,-2.927440,0.180000,0.180000,0.200000,-0.200000,-0.400000,0.568728
534,0.518497,-1.651127,-10.925848,0.526583,0.826642,-2.935099,0.180000,0.180000,0.180000,-0.400000,-0.400000,0.526583
535,0.509884,-1.646450,-10.955199,0.470394,0.824919,-2.943139,0.180000,0.160000,0.180000,-0.400000,-0.400000,0.470394
536,0.501452,-1.642083,-10.984631,0.414192,0.821591,-2.951694,0.180000,0.160000,0.180000,-0.200000,-0.400000,0.414192
537,0.493191,-1.638031,-11.014148,0.372023,0.816655,-2.960766,0.180000,0.160000,0.160000,-0.200000,-0.400000,0.372023
538,0.485095,-1.634160,-11.043755,0.329928,0.810516,-2.970216,0.160000,0.160000,0.160000,-0.200000,-0.200000,0.329928
539,0.477158,-1.630474,-11.073458,0.289854,0.802582,-3.005299,0.160000,0.160000,0.160000,-0.200000,-0.400000,0.289854
540,0.469382,-1.626960,-11.103511,0.247824,0.794160,-3.015475,0.160000,0.160000,0.160000,0.000000,-0.400000,0.247824
541,0.461754,-1.623640,-11.133665,0.219969,0.784511,-3.026012,0.160000,0.160000,0.160000,0.200000,-0.400000,0.219969
542,0.454286,-1.620382,-11.163925,0.206325,0.774054,-3.036779,0.160000,0.140000,0.140000,0.000000,-0.400000,0.206325
543,0.447001,-1.617051,-11.194293,0.178914,0.763210,-3.047647,0.160000,0.140000,0.140000,0.000000,-0.400000,0.178914
544,0.439872,-1.613790,-11.224770,0.151752,0.751561,-3.058737,0.160000,0.140000,0.140000,0.000000,-0.400000,0.151752
545,0.432898,-1.610605,-11.255357,0.124863,0.739110,-3.070046,0.160000,0.140000,0.140000,0.000000,-0.400000,0.124863
546,0.426075,-1.607499,-11.286058,0.098273,0.725860,-3.081568,0.160000,0.140000,0.140000,0.000000,-0.400000,0.098273
547,0.419402,-1.604479,-11.316873,0.072008,0.711814,-3.093298,0.160000,0.140000,0.140000,0.000000,-0.400000,0.072008
548,0.412876,-1.601548,-11.347806,0.046093,0.696977,-3.105231,0.160000,0.140000,0.140000,0.000000,-0.400000,0.046093
549,0.406493,-1.598710,-11.378858,0.020557,0.681354,-3.117360,0.160000,0.140000,0.120000,0.000000,-0.400000,0.020557
550,0.400251,-1.595972,-11.410032,-0.004576,0.664951,-3.129680,0.180000,0.140000,0.120000,0.000000,-0.400000,-0.004576
551,0.394146,-1.593336,-11.441329,-0.029278,0.647775,-3.142186,0.180000,0.140000,0.120000,0.000000,-0.400000,-0.029278
552,0.388175,-1.590807,-11.472751,-0.053521,0.629832,-3.154870,0.180000,0.140000,0.120000,0.000000,-0.400000,-0.053521
553,0.382334,-1.588390,-11.504299,-0.077280,0.611133,-3.167726,0.180000,0.140000,0.120000,0.000000,-0.400000,-0.077280
554,0.376620,-1.586088,-11.535977,-0.100525,0.591686,-3.180749,0.180000,0.140000,0.120000,0.000000,-0.400000,-0.100525
555,0.371029,-1.583906,-11.567784,-0.123229,0.571501,-3.193931,0.180000,0.140000,0.120000,0.000000,-0.400000,-0.123229
556,0.365557,-1.581848,-11.599724,-0.145366,0.550589,-3.207265,0.200000,0.140000,0.120000,0.000000,-0.400000,-0.145366
557,0.360200,-1.579916,-11.631796,-0.166906,0.528964,-3.220747,0.200000,0.140000,0.120000,0.000000,-0.400000,-0.166906
558,0.354954,-1.578116,-11.664004,-0.187822,0.506638,-3.234369,0.200000,0.140000,0.120000,0.000000,-0.400000,-0.187822
559,0.349814,-1.576450,-11.696347,-0.208087,0.483626,-3.248127,0.220000,0.140000,0.120000,0.200000,-0.400000,-0.208087
560,0.344776,-1.574922,-11.728829,-0.213672,0.459943,-3.262014,0.220000,0.140000,0.120000,0.200000,-0.400000,-0.213672
561,0.339928,-1.573431,-11.761449,-0.218551,0.436056,-3.275944,0.240000,0.140000,0.120000,0.200000,-0.400000,-0.218551
562,0.335270,-1.571984,-11.794208,-0.222710,0.411987,-3.289914,0.240000,0.140000,0.120000,0.200000,-0.400000,-0.222710
563,0.330800,-1.570586,-11.827107,-0.226136,0.387759,-3.303916,0.260000,0.160000,0.120000,0.200000,-0.400000,-0.226136
564,0.326517,-1.569244,-11.860146,-0.228818,0.363393,-3.317945,0.280000,0.160000,0.120000,0.200000,-0.400000,-0.228818
565,0.322418,-1.567965,-11.893326,-0.230745,0.338915,-3.331994,0.300000,0.160000,0.120000,0.200000,-0.400000,-0.230745
566,0.318501,-1.566753,-11.926646,-0.231905,0.314349,-3.346054,0.340000,0.160000,0.120000,0.200000,-0.400000,-0.231905
567,0.314763,-1.565616,-11.960106,-0.232289,0.289721,-3.360118,0.380000,0.180000,0.120000,0.200000,-0.200000,-0.232289
568,0.311204,-1.564558,-11.993708,-0.230001,0.264454,-3.399925,0.420000,0.180000,0.120000,0.200000,-0.200000,-0.230001
569,0.307838,-1.563582,-12.027707,-0.226968,0.239182,-3.439658,0.500000,0.180000,0.120000,0.400000,-0.200000,-0.226968
570,0.304662,-1.562693,-12.062103,-0.209169,0.213933,-3.479301,1.000000,0.200000,0.120000,0.400000,-0.200000,-0.209169
571,0.301797,-1.561831,-12.096896,-0.190585,0.189217,-3.518704,1.000000,0.200000,0.140000,0.400000,-0.200000,-0.190585
572,0.299242,-1.561005,-12.132083,-0.171214,0.165077,-3.557805,1.000000,0.220000,0.140000,0.400000,-0.200000,-0.171214
573,0.296994,-1.560228,-12.167662,-0.151056,0.141556,-3.596521,1.000000,0.240000,0.140000,0.400000,-0.200000,-0.151056
574,0.295052,-1.559510,-12.203627,-0.130113,0.118699,-3.634737,1.000000,0.260000,0.140000,0.200000,-0.200000,-0.130113
575,0.293415,-1.558862,-12.239974,-0.122392,0.096551,-3.672291,1.000000,0.280000,0.140000,0.400000,0.000000,-0.122392
576,0.291946,-1.558340,-12.276697,-0.097939,0.094215,-2.872768,1.000000,0.320000,0.160000,0.400000,-0.200000,-0.097939
577,0.290738,-1.557717,-12.305425,-0.074609,0.073979,-2.910181,1.000000,0.340000,0.160000,0.400000,-0.200000,-0.074609
578,0.289826,-1.557195,-12.334526,-0.046793,0.073773,-2.117389,1.000000,0.380000,0.160000,0.600000,-0.200000,-0.046793
579,0.289201,-1.556584,-12.355700,-0.008320,0.055320,-2.153890,1.000000,0.420000,0.180000,0.600000,-0.200000,-0.008320
580,0.289004,-1.556061,-12.377239,0.034469,0.057092,-1.355624,1.000000,0.460000,0.180000,0.600000,-0.200000,0.034469
581,0.289236,-1.555435,-12.390796,0.073798,0.040298,-1.370954,1.000000,0.500000,0.180000,0.600000,-0.200000,0.073798
582,0.289892,-1.554909,-12.404505,0.114139,0.027879,-1.216565,1.000000,0.540000,0.180000,0.600000,-0.200000,0.114139
583,0.290973,-1.554450,-12.416671,0.155018,0.017630,-1.002295,1.000000,1.000000,0.180000,0.600000,-0.200000,0.155018
584,0.292480,-1.554045,-12.426694,0.196104,0.008685,-0.822916,0.960000,1.000000,0.180000,0.600000,-0.200000,0.196104
585,0.294410,-1.553686,-12.434923,0.237313,0.001649,-0.725069,0.960000,1.000000,0.180000,0.600000,-0.200000,0.237313
586,0.296760,-1.553358,-12.442174,0.278602,-0.003467,-0.705458,0.960000,1.000000,0.200000,0.600000,-0.200000,0.278602
587,0.299529,-1.553048,-12.449228,0.319948,-0.007166,-0.732829,0.960000,1.000000,0.200000,0.600000,-0.200000,0.319948
588,0.302715,-1.552745,-12.456556,0.361335,-0.009844,-0.784411,0.960000,1.000000,0.200000,0.600000,-0.200000,0.361335
589,0.306317,-1.552447,-12.464400,0.402752,-0.011709,-0.848363,0.960000,1.000000,0.200000,0.600000,-0.200000,0.402752
590,0.310336,-1.552153,-12.472884,0.444189,-0.012863,-0.918704,0.960000,1.000000,0.200000,0.600000,-0.200000,0.444189
591,0.314770,-1.551867,-12.482071,0.485635,-0.013347,-0.992263,0.920000,1.000000,0.200000,0.600000,-0.200000,0.485635
592,0.319621,-1.551591,-12.491994,0.527080,-0.013172,-1.067250,0.900000,1.000000,0.200000,0.600000,-0.200000,0.527080
593,0.324887,-1.551330,-12.502666,0.568513,-0.012333,-1.142584,0.860000,1.000000,0.220000,0.600000,-0.200000,0.568513
594,0.330568,-1.551092,-12.514092,0.609924,-0.010811,-1.217570,0.820000,1.000000,0.220000,0.600000,-0.200000,0.609924
595,0.336665,-1.550881,-12.526268,0.651298,-0.008586,-1.291737,0.820000,1.000000,0.220000,0.600000,-0.200000,0.651298
596,0.343176,-1.550706,-12.539185,0.692622,-0.005633,-1.364741,0.820000,1.000000,0.220000,0.600000,-0.200000,0.692622
597,0.350101,-1.550574,-12.552833,0.733879,-0.001924,-1.436324,0.820000,1.000000,0.240000,0.600000,-0.200000,0.733879
598,0.357440,-1.550493,-12.567196,0.775053,0.002566,-1.506283,0.820000,1.000000,0.240000,0.600000,-0.200000,0.775053
599,0.365190,-1.550474,-12.582259,0.816124,0.007865,-1.574453,0.800000,1.000000,0.260000,0.600000,-0.200000,0.816124
600,0.373352,-1.550525,-12.598003,0.857072,0.013997,-1.640699,0.760000,1.000000,0.260000,0.600000,-0.200000,0.857072
601,0.381922,-1.550656,-12.614410,0.897874,0.020988,-1.704909,0.740000,1.000000,0.280000,0.600000,-0.200000,0.897874
602,0.390901,-1.550878,-12.631459,0.938507,0.028860,-1.766992,0.700000,1.000000,0.300000,0.400000,0.000000,0.938507
603,0.400285,-1.551200,-12.649129,0.965922,0.043184,-1.589529,0.680000,1.000000,0.320000,0.400000,0.000000,0.965922
604,0.409947,-1.551568,-12.665024,0.993156,0.055460,-1.431191,0.660000,1.000000,0.340000,0.400000,0.000000,0.993156
605,0.419885,-1.551995,-12.679336,1.020278,0.065946,-1.289564,0.640000,1.000000,0.360000,0.400000,0.000000,1.020278
606,0.430097,-1.552490,-12.692232,1.047339,0.074864,-1.162392,0.620000,0.960000,0.380000,0.600000,-0.200000,1.047339
607,0.440581,-1.553062,-12.703856,1.087149,0.077566,-1.254689,0.600000,0.940000,0.400000,0.400000,0.000000,1.087149
608,0.451456,-1.553783,-12.716403,1.114074,0.086581,-1.136415,0.580000,0.940000,0.420000,0.600000,-0.200000,1.114074
609,0.462601,-1.554592,-12.727767,1.153727,0.089532,-1.230875,0.580000,0.940000,1.000000,0.600000,-0.200000,1.153727
610,0.474133,-1.555563,-12.740076,1.193260,0.094009,-1.322432,0.560000,0.920000,1.000000,0.200000,-0.400000,1.193260
611,0.486048,-1.556699,-12.753300,1.202554,0.098274,-1.484512,0.540000,0.880000,1.000000,0.200000,-0.400000,1.202554
612,0.498047,-1.557968,-12.768145,1.211633,0.104432,-1.637492,0.540000,0.860000,1.000000,0.200000,-0.400000,1.211633
613,0.510127,-1.559373,-12.784520,1.220456,0.112364,-1.780681,0.520000,0.860000,1.000000,0.200000,-0.400000,1.220456
614,0.522285,-1.560918,-12.802327,1.228979,0.121947,-1.913677,0.520000,0.820000,1.000000,0.200000,-0.400000,1.228979
615,0.534519,-1.562605,-12.821464,1.237156,0.133053,-2.036337,0.520000,0.760000,1.000000,0.200000,-0.400000,1.237156
616,0.546826,-1.564439,-12.841827,1.244941,0.145557,-2.148739,0.500000,0.760000,1.000000,0.200000,-0.400000,1.244941
617,0.559202,-1.566425,-12.863314,1.252288,0.159336,-2.251142,0.500000,0.760000,1.000000,0.400000,-0.400000,1.252288
618,0.571643,-1.568565,-12.885826,1.273155,0.174272,-2.343950,0.500000,0.720000,1.000000,0.000000,-0.200000,1.273155
619,0.584278,-1.570909,-12.909265,1.267564,0.191986,-2.370798,0.480000,0.680000,0.940000,0.000000,-0.200000,1.267564
620,0.596861,-1.573363,-12.932973,1.261469,0.209468,-2.393567,0.460000,0.620000,0.940000,0.400000,-0.200000,1.261469
621,0.609389,-1.575929,-12.956909,1.282876,0.226685,-2.412965,0.460000,0.600000,0.880000,0.000000,-0.200000,1.282876
622,0.622114,-1.578717,-12.981039,1.275795,0.244390,-2.431557,0.440000,0.600000,0.880000,0.200000,-0.200000,1.275795
623,0.634776,-1.581620,-13.005354,1.282209,0.261803,-2.447636,0.420000,0.600000,0.860000,0.200000,-0.200000,1.282209
624,0.647495,-1.584700,-13.029831,1.288129,0.279297,-2.462506,0.420000,0.580000,0.820000,0.200000,-0.200000,1.288129
625,0.660266,-1.587960,-13.054456,1.293552,0.296866,-2.476397,0.400000,0.540000,0.760000,0.200000,-0.200000,1.293552
626,0.673083,-1.591404,-13.079220,1.298476,0.314504,-2.489507,0.380000,0.520000,0.760000,-0.200000,-0.200000,1.298476
627,0.685940,-1.595034,-13.104115,1.274897,0.332208,-2.502010,0.380000,0.480000,0.720000,-0.200000,-0.200000,1.274897
628,0.698592,-1.598711,-13.129135,1.250812,0.349183,-2.513008,0.360000,0.460000,0.700000,0.000000,-0.200000,1.250812
629,0.711034,-1.602431,-13.154265,1.240242,0.365421,-2.522936,0.360000,0.440000,0.680000,0.000000,-0.200000,1.240242
630,0.723381,-1.606269,-13.179494,1.229208,0.381312,-2.532519,0.340000,0.420000,0.620000,0.000000,-0.200000,1.229208
631,0.735628,-1.610224,-13.204819,1.217720,0.396853,-2.541929,0.340000,0.400000,0.600000,0.000000,-0.200000,1.217720
632,0.747772,-1.614294,-13.230239,1.205784,0.412045,-2.551314,0.320000,0.380000,0.600000,0.000000,-0.200000,1.205784
633,0.759807,-1.618478,-13.255752,1.193409,0.426888,-2.560796,0.320000,0.360000,0.560000,0.000000,-0.200000,1.193409
634,0.771731,-1.622775,-13.281360,1.180600,0.441380,-2.570482,0.300000,0.340000,0.520000,0.200000,-0.200000,1.180600
635,0.783540,-1.627182,-13.307065,1.181365,0.455524,-2.580458,0.300000,0.340000,0.480000,0.200000,-0.200000,1.181365
636,0.795332,-1.631792,-13.332869,1.181710,0.469714,-2.590864,0.300000,0.320000,0.460000,0.200000,-0.200000,1.181710
637,0.807103,-1.636605,-13.358778,1.181630,0.483949,-2.601711,0.280000,0.300000,0.440000,0.200000,-0.200000,1.181630
638,0.818845,-1.641621,-13.384795,1.181118,0.498228,-2.613009,0.280000,0.300000,0.440000,0.200000,-0.200000,1.181118
639,0.830554,-1.646839,-13.410925,1.180170,0.512549,-2.624770,0.280000,0.280000,0.440000,0.200000,-0.200000,1.180170
640,0.842223,-1.652259,-13.437173,1.178778,0.526910,-2.637000,0.260000,0.260000,0.400000,0.000000,-0.200000,1.178778
641,0.853847,-1.657881,-13.463543,1.162936,0.541308,-2.649708,0.260000,0.260000,0.380000,0.000000,-0.200000,1.162936
642,0.865333,-1.663593,-13.490040,1.146638,0.555342,-2.662970,0.240000,0.260000,0.360000,0.000000,-0.200000,1.146638
643,0.876676,-1.669393,-13.516670,1.129886,0.569011,-2.676819,0.240000,0.240000,0.340000,0.000000,-0.200000,1.129886
644,0.887875,-1.675277,-13.543438,1.112686,0.582310,-2.691285,0.240000,0.240000,0.320000,0.000000,-0.200000,1.112686
645,0.898927,-1.681242,-13.570351,1.095039,0.595236,-2.706388,0.240000,0.240000,0.300000,-0.200000,-0.200000,1.095039
646,0.909828,-1.687284,-13.597414,1.062948,0.607785,-2.722148,0.220000,0.220000,0.280000,-0.400000,-0.200000,1.062948
647,0.920505,-1.693279,-13.624636,1.016418,0.619551,-2.738767,0.220000,0.220000,0.260000,-0.400000,-0.200000,1.016418
648,0.930888,-1.699099,-13.652024,0.969459,0.630124,-2.756499,0.220000,0.220000,0.240000,-0.400000,-0.200000,0.969459
649,0.940983,-1.704736,-13.679589,0.922096,0.639502,-2.775400,0.200000,0.200000,0.240000,0.000000,-0.400000,0.922096
650,0.950794,-1.710183,-13.707343,0.900417,0.648040,-2.779900,0.200000,0.200000,0.220000,0.000000,-0.400000,0.900417
651,0.960437,-1.715668,-13.735142,0.878470,0.655998,-2.784395,0.200000,0.200000,0.220000,0.000000,-0.400000,0.878470
652,0.969912,-1.721185,-13.762986,0.856272,0.663368,-2.788920,0.200000,0.180000,0.200000,0.000000,-0.400000,0.856272
653,0.979216,-1.726731,-13.790875,0.833838,0.670143,-2.793507,0.180000,0.180000,0.200000,0.000000,-0.400000,0.833838
654,0.988350,-1.732300,-13.818810,0.811184,0.676317,-2.798184,0.180000,0.160000,0.180000,0.000000,-0.400000,0.811184
655,0.997312,-1.737887,-13.846792,0.788325,0.681883,-2.802975,0.180000,0.160000,0.180000,0.000000,-0.400000,0.788325
656,1.006103,-1.743488,-13.874821,0.765279,0.686837,-2.807900,0.180000,0.140000,0.160000,-0.200000,-0.400000,0.765279
657,1.014721,-1.749098,-13.902900,0.728060,0.691174,-2.812979,0.180000,0.140000,0.160000,-0.200000,-0.400000,0.728060
658,1.023134,-1.754575,-13.931030,0.690685,0.694491,-2.818317,0.160000,0.120000,0.140000,-0.400000,-0.400000,0.690685
659,1.031345,-1.759914,-13.959213,0.639181,0.696785,-2.823949,0.160000,0.120000,0.140000,-0.400000,-0.400000,0.639181
660,1.039335,-1.764972,-13.987453,0.587575,0.697656,-2.830023,0.160000,0.120000,0.140000,-0.400000,-0.400000,0.587575
661,1.047109,-1.769741,-14.015753,0.535905,0.697100,-2.836584,0.160000,0.120000,0.120000,-0.400000,-0.200000,0.535905
662,1.054678,-1.774216,-14.044119,0.486127,0.694574,-2.866889,0.160000,0.120000,0.120000,-0.400000,-0.200000,0.486127
663,1.062046,-1.778411,-14.072788,0.436211,0.690774,-2.898207,0.160000,0.100000,0.120000,-0.200000,-0.200000,0.436211
664,1.069220,-1.782320,-14.101770,0.400188,0.685674,-2.930500,0.160000,0.100000,0.120000,-0.200000,-0.200000,0.400188
665,1.076214,-1.786077,-14.131075,0.364094,0.679659,-2.963449,0.140000,0.100000,0.100000,-0.200000,-0.400000,0.364094
666,1.083032,-1.789676,-14.160709,0.326037,0.673284,-2.972362,0.140000,0.100000,0.100000,-0.200000,-0.400000,0.326037
667,1.089687,-1.793094,-14.190433,0.288112,0.665818,-2.981685,0.140000,0.100000,0.100000,-0.200000,-0.400000,0.288112
668,1.096182,-1.796326,-14.220250,0.250348,0.657262,-2.991413,0.140000,0.100000,0.100000,0.000000,-0.200000,0.250348
669,1.102524,-1.799366,-14.250164,0.228690,0.647023,-3.026846,0.140000,0.100000,0.100000,0.000000,-0.200000,0.228690
670,1.108695,-1.802368,-14.280432,0.207110,0.636221,-3.062576,0.140000,0.080000,0.080000,0.000000,-0.400000,0.207110
671,1.114697,-1.805326,-14.311058,0.183719,0.625440,-3.073128,0.100000,0.080000,0.080000,0.000000,-0.400000,0.183719
672,1.120539,-1.808218,-14.341789,0.160594,0.613970,-3.083909,0.100000,0.080000,0.080000,0.000000,-0.400000,0.160594
673,1.126224,-1.811038,-14.372629,0.137757,0.601815,-3.094915,0.100000,0.080000,0.080000,0.000000,-0.400000,0.137757
674,1.131755,-1.813781,-14.403578,0.115230,0.588980,-3.106140,0.100000,0.080000,0.080000,0.000000,-0.400000,0.115230
675,1.137133,-1.816443,-14.434639,0.093036,0.575469,-3.117578,0.100000,0.080000,0.080000,0.000000,-0.400000,0.093036
676,1.142363,-1.819020,-14.465815,0.071196,0.561288,-3.129224,0.100000,0.080000,0.080000,0.000000,-0.400000,0.071196
677,1.147445,-1.821505,-14.497107,0.049736,0.546445,-3.141071,0.100000,0.080000,0.080000,0.000000,-0.400000,0.049736
678,1.152384,-1.823895,-14.528518,0.028676,0.530946,-3.153111,0.100000,0.080000,0.080000,0.000000,-0.400000,0.028676
679,1.157183,-1.826186,-14.560049,0.008041,0.514799,-3.165338,0.100000,0.080000,0.060000,0.000000,-0.400000,0.008041
680,1.161845,-1.828372,-14.591702,-0.012146,0.498014,-3.177742,0.100000,0.080000,0.060000,0.000000,-0.400000,-0.012146
681,1.166372,-1.830449,-14.623480,-0.031861,0.480600,-3.190315,0.100000,0.080000,0.060000,0.000000,-0.400000,-0.031861
682,1.170770,-1.832414,-14.655383,-0.051082,0.462567,-3.203047,0.100000,0.080000,0.060000,0.000000,-0.400000,-0.051082
683,1.175041,-1.834261,-14.687413,-0.069785,0.443927,-3.215929,0.100000,0.080000,0.060000,0.000000,-0.400000,-0.069785
684,1.179190,-1.835987,-14.719573,-0.087945,0.424692,-3.228950,0.100000,0.080000,0.060000,0.000000,-0.400000,-0.087945
685,1.183221,-1.837589,-14.751862,-0.105541,0.404874,-3.242100,0.100000,0.080000,0.060000,0.000000,-0.400000,-0.105541
686,1.187137,-1.839062,-14.784283,-0.122547,0.384488,-3.255367,0.100000,0.080000,0.060000,0.000000,-0.400000,-0.122547
687,1.190944,-1.840402,-14.816837,-0.138941,0.363549,-3.268743,0.100000,0.080000,0.060000,0.000000,-0.400000,-0.138941
688,1.194644,-1.841606,-14.849524,-0.154699,0.342073,-3.282215,0.100000,0.080000,0.060000,0.000000,-0.400000,-0.154699
689,1.198244,-1.842671,-14.882346,-0.169799,0.320076,-3.295778,0.100000,0.080000,0.060000,0.000000,-0.400000,-0.169799
690,1.201748,-1.843594,-14.915304,-0.184217,0.297576,-3.309423,0.120000,0.080000,0.060000,0.000000,-0.400000,-0.184217
691,1.205161,-1.844371,-14.948398,-0.197932,0.274592,-3.323147,0.120000,0.080000,0.060000,0.000000,-0.400000,-0.197932
692,1.208487,-1.844999,-14.981630,-0.210921,0.251143,-3.336949,0.120000,0.080000,0.060000,0.000000,-0.400000,-0.210921
693,1.211732,-1.845476,-15.014999,-0.223162,0.227250,-3.350834,0.260000,0.080000,0.060000,0.200000,-0.400000,-0.223162
694,1.214900,-1.845798,-15.048508,-0.220635,0.202935,-3.364809,0.280000,0.080000,0.060000,0.200000,-0.400000,-0.220635
695,1.217888,-1.846050,-15.082156,-0.217319,0.178683,-3.378743,0.320000,0.080000,0.060000,0.200000,-0.400000,-0.217319
696,1.220696,-1.846226,-15.115943,-0.213209,0.154524,-3.392627,0.360000,0.080000,0.060000,0.200000,-0.400000,-0.213209
697,1.223327,-1.846318,-15.149869,-0.208300,0.130486,-3.406455,0.400000,0.100000,0.060000,0.200000,-0.400000,-0.208300
698,1.225785,-1.846322,-15.183934,-0.202592,0.106597,-3.420223,0.480000,0.100000,0.060000,0.200000,-0.200000,-0.202592
699,1.228072,-1.846231,-15.218136,-0.194203,0.082292,-3.459406,0.600000,0.100000,0.060000,0.200000,-0.200000,-0.194203
700,1.230173,-1.846044,-15.252730,-0.181084,0.077592,-2.669548,0.800000,0.100000,0.060000,0.200000,-0.200000,-0.181084
701,1.232141,-1.845944,-15.279426,-0.171119,0.055397,-2.709191,1.000000,0.120000,0.080000,0.400000,-0.200000,-0.171119
702,1.233928,-1.845737,-15.306518,-0.142653,0.052794,-1.919767,1.000000,0.120000,0.080000,0.600000,-0.200000,-0.142653
703,1.235447,-1.845666,-15.325715,-0.099701,0.052083,-1.130872,1.000000,0.120000,0.080000,0.600000,-0.400000,-0.099701
704,1.236566,-1.845777,-15.337024,-0.062134,0.034178,-1.145641,1.000000,0.120000,0.080000,0.600000,-0.400000,-0.062134
705,1.237269,-1.845870,-15.348481,-0.024365,0.016682,-1.159063,1.000000,0.140000,0.080000,0.600000,-0.400000,-0.024365
706,1.237556,-1.845941,-15.360071,0.021326,0.017839,-0.388851,1.000000,0.140000,0.080000,0.600000,-0.400000,0.021326
707,1.237416,-1.846181,-15.363960,0.059520,0.001122,-0.379324,1.000000,0.140000,0.080000,0.600000,-0.400000,0.059520
708,1.236860,-1.846393,-15.367753,0.099138,-0.010142,-0.334495,1.000000,0.140000,0.080000,0.600000,-0.400000,0.099138
709,1.235891,-1.846628,-15.371098,0.139040,-0.015160,-0.535023,1.000000,0.140000,0.080000,0.600000,-0.400000,0.139040
710,1.234529,-1.846944,-15.376448,0.179150,-0.019688,-0.704416,1.000000,0.140000,0.080000,0.400000,-0.400000,0.179150
711,1.232771,-1.847341,-15.383492,0.205343,-0.023699,-0.867920,1.000000,0.140000,0.080000,0.600000,-0.400000,0.205343
712,1.230749,-1.847771,-15.392171,0.245720,-0.027053,-1.012564,1.000000,0.140000,0.080000,0.400000,-0.400000,0.245720
713,1.228329,-1.848277,-15.402297,0.272094,-0.029931,-1.161378,1.000000,0.140000,0.080000,0.400000,-0.400000,0.272094
714,1.225645,-1.848811,-15.413911,0.298574,-0.032220,-1.298512,1.000000,0.280000,0.080000,0.400000,-0.200000,0.298574
715,1.222694,-1.849368,-15.426896,0.327169,-0.028645,-1.200962,1.000000,0.300000,0.080000,0.600000,-0.200000,0.327169
716,1.219471,-1.850000,-15.438906,0.369452,-0.026111,-1.156338,1.000000,0.320000,0.080000,0.600000,-0.200000,0.369452
717,1.215840,-1.850730,-15.450469,0.411498,-0.024154,-1.154034,1.000000,0.320000,0.080000,0.600000,-0.200000,0.411498
718,1.211799,-1.851545,-15.462009,0.453392,-0.022380,-1.176160,1.000000,0.340000,0.080000,0.400000,-0.200000,0.453392
719,1.207347,-1.852431,-15.473771,0.481179,-0.020540,-1.213109,1.000000,0.340000,0.080000,0.400000,-0.200000,0.481179
720,1.202619,-1.853348,-15.485902,0.508900,-0.018582,-1.253655,1.000000,0.360000,0.080000,0.400000,-0.200000,0.508900
721,1.197614,-1.854288,-15.498439,0.536559,-0.016437,-1.296587,1.000000,0.380000,0.080000,0.400000,-0.200000,0.536559
722,1.192332,-1.855243,-15.511404,0.564155,-0.014054,-1.341045,1.000000,0.400000,0.080000,0.400000,-0.200000,0.564155
723,1.186771,-1.856207,-15.524815,0.591687,-0.011389,-1.386400,1.000000,0.420000,0.080000,0.400000,-0.200000,0.591687
724,1.180933,-1.857173,-15.538679,0.619150,-0.008407,-1.432179,1.000000,0.460000,0.080000,0.400000,-0.200000,0.619150
725,1.174815,-1.858133,-15.553001,0.646539,-0.005080,-1.478022,1.000000,0.480000,0.080000,0.400000,-0.200000,0.646539
726,1.168420,-1.859081,-15.567781,0.673845,-0.001382,-1.523645,1.000000,0.540000,0.080000,0.400000,-0.200000,0.673845
727,1.161745,-1.860008,-15.583017,0.701061,0.002709,-1.568826,1.000000,0.580000,0.080000,0.600000,-0.200000,0.701061
728,1.154793,-1.860909,-15.598706,0.742177,0.007211,-1.613385,1.000000,0.660000,0.080000,0.400000,-0.200000,0.742177
729,1.147423,-1.861790,-15.614839,0.769175,0.012389,-1.660500,1.000000,0.760000,0.080000,0.600000,-0.200000,0.769175
730,1.139776,-1.862629,-15.631444,0.810049,0.018029,-1.706107,1.000000,0.920000,0.180000,0.600000,-0.200000,0.810049
731,1.131713,-1.863428,-15.648506,0.850778,0.024409,-1.753144,1.000000,1.000000,0.180000,0.600000,-0.200000,0.850778
732,1.123235,-1.864177,-15.666037,0.891346,0.031568,-1.800893,1.000000,1.000000,0.200000,0.600000,-0.200000,0.891346
733,1.114343,-1.864866,-15.684046,0.931731,0.039538,-1.848795,1.000000,1.000000,0.200000,0.600000,0.000000,0.931731
734,1.105037,-1.865484,-15.702534,0.972926,0.053816,-1.662513,1.000000,1.000000,0.200000,0.600000,0.000000,0.972926
735,1.095311,-1.866075,-15.719159,1.013950,0.066295,-1.498963,0.960000,1.000000,0.220000,0.600000,0.000000,1.013950
736,1.085165,-1.866624,-15.734149,1.054869,0.077214,-1.354408,0.920000,1.000000,0.220000,0.400000,0.000000,1.054869
737,1.074600,-1.867120,-15.747693,1.081728,0.086772,-1.225726,0.900000,1.000000,0.220000,0.600000,-0.200000,1.081728
738,1.063756,-1.867557,-15.759950,1.121310,0.090170,-1.311664,0.860000,1.000000,0.240000,0.400000,0.000000,1.121310
739,1.052512,-1.867875,-15.773067,1.148020,0.099739,-1.192307,0.840000,1.000000,0.240000,0.600000,-0.200000,1.148020
740,1.040991,-1.868123,-15.784990,1.187433,0.103321,-1.280418,0.820000,1.000000,0.260000,0.400000,0.000000,1.187433
741,1.029072,-1.868240,-15.797794,1.213989,0.113017,-1.168496,0.800000,1.000000,0.260000,0.600000,-0.200000,1.213989
742,1.016880,-1.868276,-15.809479,1.253230,0.116870,-1.257738,0.780000,1.000000,0.280000,0.400000,0.000000,1.253230
743,1.004294,-1.868169,-15.822056,1.279626,0.126780,-1.151875,0.760000,1.000000,0.300000,0.600000,-0.200000,1.279626
744,0.991436,-1.867972,-15.833575,1.318689,0.130970,-1.241457,0.740000,1.000000,0.300000,0.600000,-0.200000,1.318689
745,0.978189,-1.867619,-15.845990,1.357581,0.136767,-1.328510,0.720000,1.000000,0.320000,0.400000,0.000000,1.357581
746,0.964554,-1.867106,-15.859275,1.383607,0.148546,-1.224994,0.700000,1.000000,0.340000,0.600000,-0.200000,1.383607
747,0.950652,-1.866489,-15.871525,1.422261,0.154629,-1.310889,0.680000,1.000000,0.380000,0.400000,-0.200000,1.422261
748,0.936368,-1.865699,-15.884633,1.446697,0.162343,-1.394039,0.680000,1.000000,0.400000,0.400000,0.000000,1.446697
749,0.921841,-1.864754,-15.898574,1.472256,0.175654,-1.292637,0.660000,1.000000,0.440000,0.400000,-0.200000,1.472256
750,0.907052,-1.863690,-15.911500,1.496403,0.183378,-1.372713,0.640000,1.000000,0.480000,0.400000,0.000000,1.496403
751,0.892026,-1.862461,-15.925227,1.521694,0.196538,-1.275779,0.620000,1.000000,0.540000,0.400000,-0.200000,1.521694
752,0.876743,-1.861100,-15.937985,1.545562,0.204312,-1.353031,0.620000,1.000000,0.600000,0.400000,0.000000,1.545562
753,0.861229,-1.859565,-15.951515,1.570594,0.217368,-1.260247,0.600000,1.000000,0.700000,0.400000,-0.200000,1.570594
754,0.845462,-1.857887,-15.964118,1.594190,0.225223,-1.334878,0.580000,1.000000,0.800000,0.400000,0.000000,1.594190
755,0.829470,-1.856027,-15.977467,1.618967,0.238215,-1.245952,0.580000,1.000000,0.960000,0.400000,-0.200000,1.618967
756,0.813230,-1.854012,-15.989926,1.642298,0.246178,-1.318131,0.560000,1.000000,1.000000,0.400000,0.000000,1.642298
757,0.796771,-1.851808,-16.003108,1.666823,0.259140,-1.232798,0.540000,1.000000,1.000000,0.400000,-0.200000,1.666823
758,0.780070,-1.849438,-16.015436,1.689892,0.267233,-1.302670,0.540000,1.000000,1.000000,0.400000,-0.200000,1.689892
759,0.763155,-1.846871,-16.028462,1.712664,0.276702,-1.370043,0.520000,1.000000,1.000000,0.400000,-0.200000,1.712664
760,0.746028,-1.844102,-16.042163,1.735114,0.287513,-1.434771,0.500000,0.980000,1.000000,0.400000,-0.200000,1.735114
761,0.728694,-1.841126,-16.056510,1.757216,0.299629,-1.496752,0.500000,0.920000,1.000000,0.200000,-0.200000,1.757216
762,0.711155,-1.837941,-16.071478,1.764942,0.313011,-1.555931,0.480000,0.880000,1.000000,0.200000,-0.200000,1.764942
763,0.693546,-1.834591,-16.087037,1.772268,0.327361,-1.611546,0.480000,0.840000,1.000000,0.200000,-0.200000,1.772268
764,0.675870,-1.831074,-16.103153,1.779173,0.342615,-1.663725,0.460000,0.800000,1.000000,0.200000,-0.200000,1.779173
765,0.658131,-1.827386,-16.119790,1.785637,0.358708,-1.712620,0.440000,0.760000,1.000000,0.200000,-0.200000,1.785637
766,0.640332,-1.823526,-16.136916,1.791641,0.375582,-1.758405,0.440000,0.720000,1.000000,0.200000,-0.200000,1.791641
767,0.622476,-1.819490,-16.154500,1.797167,0.393178,-1.801265,0.420000,0.700000,1.000000,0.200000,-0.200000,1.797167
768,0.604569,-1.815275,-16.172513,1.802199,0.411445,-1.841399,0.420000,0.660000,1.000000,0.200000,-0.200000,1.802199
769,0.586613,-1.810879,-16.190927,1.806719,0.430331,-1.879005,0.400000,0.640000,1.000000,0.200000,-0.200000,1.806719
770,0.568614,-1.806300,-16.209717,1.810713,0.449790,-1.914287,0.380000,0.600000,1.000000,0.200000,-0.200000,1.810713
771,0.550576,-1.801534,-16.228860,1.814166,0.469779,-1.947444,0.380000,0.580000,1.000000,0.200000,-0.200000,1.814166
772,0.532502,-1.796581,-16.248334,1.817064,0.490257,-1.978673,0.360000,0.540000,1.000000,0.200000,-0.400000,1.817064
773,0.514398,-1.791437,-16.268121,1.817408,0.510815,-2.024059,0.360000,0.520000,1.000000,0.200000,-0.400000,1.817408
774,0.496288,-1.786108,-16.288361,1.817101,0.532081,-2.065779,0.340000,0.500000,1.000000,0.200000,-0.400000,1.817101
775,0.478175,-1.780593,-16.309019,1.816132,0.553981,-2.104050,0.340000,0.480000,1.000000,0.200000,-0.400000,1.816132
776,0.460063,-1.774892,-16.330060,1.814487,0.576441,-2.139094,0.320000,0.460000,0.980000,0.200000,-0.400000,1.814487
777,0.441959,-1.769003,-16.351451,1.812158,0.599395,-2.171137,0.320000,0.440000,0.880000,0.200000,-0.400000,1.812158
778,0.423865,-1.762925,-16.373162,1.809137,0.622777,-2.200403,0.300000,0.420000,0.820000,0.200000,-0.400000,1.809137
779,0.405787,-1.756659,-16.395166,1.805416,0.646525,-2.227110,0.300000,0.400000,0.740000,0.200000,-0.400000,1.805416
780,0.387729,-1.750203,-16.417437,1.800992,0.670583,-2.251469,0.280000,0.380000,0.700000,0.200000,-0.200000,1.800992
781,0.369697,-1.743559,-16.439952,1.797824,0.694933,-2.272054,0.280000,0.360000,0.640000,0.000000,-0.400000,1.797824
782,0.351679,-1.736712,-16.462672,1.777993,0.719466,-2.292381,0.260000,0.340000,0.600000,0.000000,-0.400000,1.777993
783,0.333798,-1.729773,-16.485596,1.757455,0.743819,-2.310533,0.260000,0.320000,0.540000,0.000000,-0.200000,1.757455
784,0.316056,-1.722743,-16.508702,1.738175,0.767861,-2.330068,0.240000,0.320000,0.500000,0.000000,-0.200000,1.738175
785,0.298443,-1.715611,-16.532002,1.718183,0.791688,-2.349472,0.240000,0.300000,0.480000,0.000000,-0.200000,1.718183
786,0.280962,-1.708379,-16.555497,1.697478,0.815281,-2.368851,0.240000,0.280000,0.440000,0.000000,-0.400000,1.697478
787,0.263616,-1.701049,-16.579185,1.674108,0.838802,-2.380710,0.220000,0.280000,0.420000,0.000000,-0.400000,1.674108
788,0.246418,-1.693641,-16.602993,1.650081,0.861910,-2.391434,0.220000,0.260000,0.380000,0.000000,-0.400000,1.650081
789,0.229372,-1.686158,-16.626907,1.625411,0.884570,-2.401182,0.200000,0.240000,0.360000,-0.400000,-0.400000,1.625411
790,0.212480,-1.678603,-16.650919,1.572113,0.906752,-2.410096,0.200000,0.240000,0.340000,-0.400000,-0.400000,1.572113
791,0.195907,-1.671206,-16.675020,1.518207,0.927733,-2.417991,0.200000,0.220000,0.320000,-0.400000,-0.400000,1.518207
792,0.179650,-1.663975,-16.699200,1.463728,0.947483,-2.425093,0.180000,0.220000,0.300000,-0.400000,-0.400000,1.463728
793,0.163706,-1.656917,-16.723450,1.408711,0.965974,-2.431595,0.180000,0.200000,0.280000,-0.400000,-0.400000,1.408711
794,0.148071,-1.650039,-16.747766,1.353189,0.983183,-2.437664,0.180000,0.200000,0.260000,-0.400000,-0.400000,1.353189
795,0.132741,-1.643349,-16.772143,1.297196,0.999092,-2.443444,0.160000,0.180000,0.240000,-0.400000,-0.400000,1.297196
796,0.117711,-1.636855,-16.796578,1.240765,1.013683,-2.449059,0.160000,0.180000,0.240000,-0.200000,-0.400000,1.240765
797,0.102976,-1.630562,-16.821068,1.197928,1.026941,-2.454614,0.160000,0.180000,0.220000,-0.200000,-0.400000,1.197928
798,0.088470,-1.624354,-16.845614,1.154714,1.039202,-2.460188,0.140000,0.160000,0.200000,-0.400000,-0.400000,1.154714
799,0.074191,-1.618235,-16.870216,1.097147,1.050453,-2.465832,0.140000,0.160000,0.200000,-0.400000,-0.400000,1.097147
800,0.060192,-1.612340,-16.894874,1.039251,1.060337,-2.471622,0.140000,0.160000,0.180000,-0.400000,-0.400000,1.039251
801,0.046469,-1.606675,-16.919591,0.981058,1.068844,-2.477616,0.140000,0.140000,0.180000,-0.400000,-0.400000,0.981058
802,0.033014,-1.601247,-16.944367,0.922598,1.075965,-2.483862,0.140000,0.140000,0.160000,-0.200000,-0.400000,0.922598
803,0.019822,-1.596063,-16.969205,0.877901,1.081692,-2.490402,0.120000,0.140000,0.160000,-0.200000,-0.400000,0.877901
804,0.006845,-1.590997,-16.994109,0.832997,1.086364,-2.497192,0.120000,0.120000,0.140000,-0.200000,-0.400000,0.832997
805,-0.005921,-1.586053,-17.019081,0.787908,1.089975,-2.504249,0.120000,0.120000,0.140000,-0.200000,-0.400000,0.787908
806,-0.018478,-1.581237,-17.044124,0.742657,1.092516,-2.511584,0.120000,0.120000,0.140000,-0.200000,-0.400000,0.742657
807,-0.030830,-1.576554,-17.069240,0.697267,1.093982,-2.519209,0.120000,0.120000,0.120000,-0.400000,-0.400000,0.697267
808,-0.042981,-1.572009,-17.094432,0.637763,1.094364,-2.527131,0.100000,0.100000,0.120000,-0.400000,-0.400000,0.637763
809,-0.054908,-1.567745,-17.119703,0.578168,1.093305,-2.535451,0.100000,0.100000,0.120000,-0.400000,-0.400000,0.578168
810,-0.066619,-1.563768,-17.145058,0.518515,1.090795,-2.544176,0.100000,0.100000,0.120000,-0.400000,-0.200000,0.518515
811,-0.078121,-1.560083,-17.170499,0.460750,1.086240,-2.578391,0.100000,0.100000,0.100000,-0.400000,-0.200000,0.460750
812,-0.089418,-1.556676,-17.196283,0.402733,1.080380,-2.613180,0.100000,0.100000,0.100000,-0.200000,-0.400000,0.402733
813,-0.100517,-1.553553,-17.222415,0.356585,1.073766,-2.623109,0.100000,0.100000,0.100000,-0.200000,-0.400000,0.356585
814,-0.111438,-1.550597,-17.248646,0.310506,1.065992,-2.633346,0.100000,0.100000,0.100000,-0.200000,-0.400000,0.310506
815,-0.122187,-1.547814,-17.274980,0.264525,1.057050,-2.643889,0.100000,0.080000,0.100000,-0.200000,-0.400000,0.264525
816,-0.132767,-1.545209,-17.301419,0.218672,1.046937,-2.654732,0.100000,0.080000,0.100000,0.000000,-0.400000,0.218672
817,-0.143184,-1.542786,-17.327966,0.186976,1.035647,-2.665871,0.100000,0.080000,0.080000,0.000000,-0.400000,0.186976
818,-0.153436,-1.540409,-17.354625,0.155467,1.023543,-2.677207,0.080000,0.080000,0.080000,0.000000,-0.400000,0.155467
819,-0.163524,-1.538083,-17.381397,0.124165,1.010626,-2.688739,0.080000,0.080000,0.080000,0.000000,-0.400000,0.124165
820,-0.173450,-1.535812,-17.408284,0.093095,0.996893,-2.700462,0.080000,0.080000,0.080000,0.000000,-0.400000,0.093095
821,-0.183215,-1.533602,-17.435289,0.062279,0.982345,-2.712376,0.080000,0.080000,0.080000,0.000000,-0.400000,0.062279
822,-0.192822,-1.531455,-17.462412,0.031740,0.966980,-2.724476,0.080000,0.080000,0.080000,0.000000,-0.400000,0.031740
823,-0.202271,-1.529377,-17.489657,0.001502,0.950800,-2.736759,0.080000,0.080000,0.080000,0.000000,-0.400000,0.001502
824,-0.211565,-1.527372,-17.517025,-0.028410,0.933806,-2.749222,0.080000,0.080000,0.080000,0.000000,-0.400000,-0.028410
825,-0.220706,-1.525444,-17.544517,-0.057972,0.915998,-2.761861,0.080000,0.080000,0.080000,0.000000,-0.400000,-0.057972
826,-0.229697,-1.523598,-17.572136,-0.087160,0.897380,-2.774674,0.080000,0.080000,0.060000,0.000000,-0.400000,-0.087160
827,-0.238539,-1.521837,-17.599882,-0.115947,0.877955,-2.787657,0.080000,0.080000,0.060000,0.000000,-0.400000,-0.115947
828,-0.247236,-1.520166,-17.627759,-0.144309,0.857725,-2.800806,0.080000,0.060000,0.060000,0.000000,-0.400000,-0.144309
829,-0.255790,-1.518589,-17.655767,-0.172218,0.836696,-2.814118,0.080000,0.060000,0.060000,0.000000,-0.400000,-0.172218
830,-0.264203,-1.517110,-17.683908,-0.199649,0.814873,-2.827589,0.080000,0.060000,0.060000,0.000000,-0.400000,-0.199649
831,-0.272479,-1.515733,-17.712184,-0.226575,0.792260,-2.841216,0.080000,0.060000,0.060000,0.000000,-0.400000,-0.226575
832,-0.280621,-1.514462,-17.740596,-0.252968,0.768866,-2.854996,0.080000,0.060000,0.060000,0.000000,-0.400000,-0.252968
833,-0.288631,-1.513301,-17.769146,-0.278803,0.744698,-2.868925,0.080000,0.060000,0.060000,0.000000,-0.400000,-0.278803
834,-0.296513,-1.512253,-17.797835,-0.304050,0.719764,-2.882999,0.080000,0.060000,0.060000,0.000000,-0.400000,-0.304050
835,-0.304271,-1.511322,-17.826665,-0.328683,0.694074,-2.897217,0.080000,0.060000,0.060000,0.000000,-0.400000,-0.328683
836,-0.311908,-1.510513,-17.855638,-0.352674,0.667637,-2.911574,0.100000,0.060000,0.060000,0.000000,-0.400000,-0.352674
837,-0.319428,-1.509827,-17.884753,-0.375994,0.640466,-2.926067,0.100000,0.060000,0.060000,0.000000,-0.400000,-0.375994
838,-0.326833,-1.509270,-17.914014,-0.398616,0.612572,-2.940696,0.100000,0.060000,0.060000,0.000000,-0.400000,-0.398616
839,-0.334130,-1.508843,-17.943421,-0.420510,0.583969,-2.955456,0.100000,0.060000,0.060000,0.000000,-0.400000,-0.420510
840,-0.341320,-1.508551,-17.972975,-0.441649,0.554672,-2.970346,0.100000,0.080000,0.060000,0.000000,-0.400000,-0.441649
841,-0.348408,-1.508397,-18.002679,-0.462005,0.524694,-2.985364,0.100000,0.080000,0.060000,0.000000,-0.400000,-0.462005
842,-0.355399,-1.508383,-18.032533,-0.481548,0.494054,-3.000509,0.120000,0.080000,0.060000,0.000000,-0.400000,-0.481548
843,-0.362297,-1.508513,-18.062538,-0.500252,0.462769,-3.015779,0.120000,0.080000,0.060000,0.000000,-0.400000,-0.500252
844,-0.369106,-1.508789,-18.092695,-0.518087,0.430857,-3.031175,0.120000,0.080000,0.060000,0.000000,-0.400000,-0.518087
845,-0.375831,-1.509214,-18.123007,-0.535025,0.398339,-3.046694,0.140000,0.080000,0.060000,0.000000,-0.400000,-0.535025
846,-0.382477,-1.509791,-18.153474,-0.551039,0.365235,-3.062338,0.160000,0.080000,0.060000,0.000000,-0.400000,-0.551039
847,-0.389047,-1.510521,-18.184098,-0.566102,0.331568,-3.078106,0.160000,0.080000,0.060000,0.000000,-0.400000,-0.566102
848,-0.395547,-1.511408,-18.214879,-0.580185,0.297361,-3.093999,0.180000,0.100000,0.060000,0.000000,-0.400000,-0.580185
849,-0.401982,-1.512454,-18.245819,-0.593262,0.262639,-3.110016,0.200000,0.100000,0.080000,0.000000,-0.400000,-0.593262
850,-0.408357,-1.513660,-18.276919,-0.605307,0.227428,-3.126160,0.240000,0.100000,0.080000,0.200000,-0.400000,-0.605307
851,-0.414677,-1.515028,-18.308180,-0.602293,0.191755,-3.142429,0.280000,0.120000,0.080000,0.200000,-0.400000,-0.602293
852,-0.420827,-1.516489,-18.339605,-0.598192,0.156087,-3.158786,0.340000,0.120000,0.080000,0.200000,-0.400000,-0.598192
853,-0.426810,-1.518046,-18.371192,-0.592995,0.120459,-3.175232,0.440000,0.120000,0.080000,0.200000,-0.200000,-0.592995
854,-0.432629,-1.519707,-18.402945,-0.584811,0.084311,-3.217248,0.580000,0.140000,0.080000,0.200000,-0.200000,-0.584811
855,-0.438267,-1.521472,-18.435117,-0.571586,0.067566,-2.430479,0.880000,0.160000,0.100000,0.400000,-0.400000,-0.571586
856,-0.443771,-1.523155,-18.459422,-0.541393,0.055180,-1.668376,1.000000,0.160000,0.100000,0.600000,-0.200000,-0.541393
857,-0.448988,-1.524704,-18.476106,-0.502300,0.028848,-1.711106,1.000000,0.180000,0.100000,0.600000,-0.200000,-0.502300
858,-0.453770,-1.526268,-18.493217,-0.458847,0.022340,-0.924973,1.000000,0.180000,0.100000,0.600000,-0.400000,-0.458847
859,-0.458148,-1.527659,-18.502467,-0.413208,0.019616,-0.163518,1.000000,0.200000,0.100000,0.600000,-0.400000,-0.413208
860,-0.462101,-1.528880,-18.504102,-0.375095,0.002248,-0.181504,1.000000,0.200000,0.100000,0.600000,-0.200000,-0.375095
861,-0.465638,-1.530129,-18.505917,-0.333111,0.001567,-0.181504,1.000000,0.200000,0.120000,0.600000,-0.200000,-0.333111
862,-0.468779,-1.531237,-18.507732,-0.291123,0.000963,-0.181504,1.000000,0.200000,0.120000,0.600000,-0.200000,-0.291123
863,-0.471525,-1.532204,-18.509547,-0.249132,0.000434,-0.181504,1.000000,0.200000,0.120000,0.600000,-0.200000,-0.249132
864,-0.473876,-1.533030,-18.511362,-0.207138,-0.000018,-0.181504,1.000000,0.220000,0.120000,0.600000,-0.200000,-0.207138
865,-0.475830,-1.533718,-18.513177,-0.165142,-0.000394,-0.181504,1.000000,0.220000,0.120000,0.600000,-0.400000,-0.165142
866,-0.477387,-1.534267,-18.514992,-0.123143,-0.000693,-0.181504,1.000000,0.220000,0.120000,0.600000,-0.400000,-0.123143
867,-0.478548,-1.534678,-18.516807,-0.081143,-0.000917,-0.181504,1.000000,0.220000,0.120000,0.600000,-0.400000,-0.081143
868,-0.479312,-1.534951,-18.518622,-0.039142,-0.001064,-0.181504,1.000000,0.220000,0.120000,0.600000,-0.400000,-0.039142
869,-0.479679,-1.535089,-18.520437,0.002859,-0.001135,-0.181504,1.000000,0.220000,0.120000,0.600000,-0.400000,0.002859
870,-0.479648,-1.535090,-18.522252,0.044862,-0.001130,-0.181504,1.000000,0.220000,0.120000,0.600000,-0.400000,0.044862
871,-0.479219,-1.534957,-18.524067,0.084332,-0.010463,-0.270781,1.000000,0.220000,0.120000,0.600000,-0.400000,0.084332
872,-0.478387,-1.534786,-18.526775,0.124362,-0.014340,-0.502940,1.000000,0.220000,0.120000,0.600000,-0.400000,0.124362
873,-0.477162,-1.534527,-18.531804,0.164563,-0.018759,-0.661985,1.000000,0.220000,0.120000,0.600000,-0.400000,0.164563
874,-0.475540,-1.534192,-18.538424,0.204798,-0.022773,-0.821669,1.000000,0.240000,0.120000,0.600000,-0.400000,0.204798
875,-0.473521,-1.533781,-18.546641,0.245069,-0.026337,-0.979927,1.000000,0.240000,0.120000,0.600000,-0.400000,0.245069
876,-0.471103,-1.533302,-18.556440,0.285375,-0.029375,-1.136218,1.000000,0.240000,0.120000,0.400000,-0.400000,0.285375
877,-0.468286,-1.532758,-18.567802,0.311714,-0.031802,-1.290135,1.000000,0.240000,0.120000,0.400000,-0.200000,0.311714
878,-0.465204,-1.532197,-18.580704,0.340230,-0.028392,-1.209001,1.000000,0.260000,0.120000,0.600000,-0.200000,0.340230
879,-0.461848,-1.531567,-18.592794,0.382467,-0.025901,-1.173400,1.000000,0.260000,0.120000,0.600000,-0.400000,0.382467
880,-0.458083,-1.530846,-18.604528,0.422319,-0.028324,-1.364857,1.000000,0.280000,0.120000,0.400000,-0.200000,0.422319
881,-0.453917,-1.530097,-18.618176,0.450441,-0.025126,-1.352068,1.000000,0.280000,0.120000,0.400000,-0.200000,0.450441
882,-0.449475,-1.529308,-18.631697,0.478410,-0.022243,-1.355554,1.000000,0.300000,0.120000,0.400000,0.000000,0.478410
883,-0.444756,-1.528491,-18.645253,0.506692,-0.013601,-1.118396,1.000000,0.320000,0.120000,0.400000,-0.200000,0.506692
884,-0.439767,-1.527597,-18.656437,0.534177,-0.012669,-1.179055,1.000000,0.340000,0.140000,0.400000,-0.200000,0.534177
885,-0.434500,-1.526696,-18.668227,0.561640,-0.011290,-1.238274,1.000000,0.360000,0.140000,0.400000,-0.200000,0.561640
886,-0.428956,-1.525794,-18.680610,0.589071,-0.009466,-1.296045,1.000000,0.380000,0.140000,0.400000,-0.200000,0.589071
887,-0.423133,-1.524897,-18.693570,0.616461,-0.007194,-1.352364,1.000000,0.400000,0.140000,0.400000,0.000000,0.616461
888,-0.417032,-1.524010,-18.707094,0.644525,0.001400,-1.156137,1.000000,0.420000,0.140000,0.600000,0.000000,0.644525
889,-0.410654,-1.523081,-18.718655,0.686474,0.008336,-0.991078,1.000000,0.460000,0.140000,0.600000,-0.200000,0.686474
890,-0.403859,-1.522103,-18.728566,0.727402,0.008463,-1.094132,1.000000,0.480000,0.140000,0.600000,-0.200000,0.727402
891,-0.396648,-1.521141,-18.739507,0.768326,0.009748,-1.192721,1.000000,0.520000,0.140000,0.600000,-0.200000,0.768326
892,-0.389022,-1.520200,-18.751435,0.809222,0.012163,-1.286923,1.000000,0.580000,0.140000,0.400000,0.000000,0.809222
893,-0.380981,-1.519286,-18.764304,0.837010,0.021299,-1.136873,1.000000,0.660000,0.140000,0.600000,-0.200000,0.837010
894,-0.372659,-1.518361,-18.775673,0.877689,0.023466,-1.238681,1.000000,0.760000,0.140000,0.600000,0.000000,0.877689
895,-0.363924,-1.517479,-18.788059,0.919333,0.032360,-1.102203,1.000000,0.880000,0.140000,0.600000,0.000000,0.919333
896,-0.354768,-1.516591,-18.799081,0.960904,0.040017,-0.982952,1.000000,1.000000,0.140000,0.600000,0.000000,0.960904
897,-0.345191,-1.515707,-18.808911,1.002432,0.046610,-0.878072,1.000000,1.000000,0.140000,0.600000,0.000000,1.002432
898,-0.335194,-1.514834,-18.817692,1.043937,0.052277,-0.785244,1.000000,1.000000,0.140000,0.600000,0.000000,1.043937
899,-0.324776,-1.513979,-18.825544,1.085433,0.057134,-0.702601,1.000000,1.000000,0.160000,0.600000,0.000000,1.085433
900,-0.313939,-1.513147,-18.832570,1.126931,0.061276,-0.628641,1.000000,1.000000,0.160000,0.600000,0.000000,1.126931
901,-0.302682,-1.512343,-18.838857,1.168438,0.064781,-0.562145,1.000000,1.000000,0.160000,0.600000,0.000000,1.168438
902,-0.291005,-1.511570,-18.844478,1.209957,0.067715,-0.502120,1.000000,1.000000,0.160000,0.600000,0.000000,1.209957
903,-0.278909,-1.510831,-18.849499,1.251492,0.070133,-0.447751,1.000000,1.000000,0.160000,0.600000,-0.200000,1.251492
904,-0.266394,-1.510129,-18.853977,1.291795,0.067327,-0.601741,1.000000,1.000000,0.160000,0.600000,0.000000,1.291795
905,-0.253473,-1.509513,-18.859994,1.333248,0.071672,-0.543732,1.000000,1.000000,0.160000,0.600000,0.000000,1.333248
906,-0.240134,-1.508936,-18.865431,1.374706,0.075400,-0.490458,1.000000,1.000000,0.160000,0.600000,0.000000,1.374706
907,-0.226377,-1.508400,-18.870336,1.416175,0.078562,-0.441419,0.980000,1.000000,0.160000,0.600000,-0.200000,1.416175
908,-0.212202,-1.507909,-18.874750,1.456406,0.076456,-0.599126,0.980000,1.000000,0.160000,0.600000,0.000000,1.456406
909,-0.197623,-1.507511,-18.880741,1.497767,0.081737,-0.545816,0.960000,1.000000,0.160000,0.600000,0.000000,1.497767
910,-0.182627,-1.507161,-18.886200,1.539129,0.086348,-0.496167,0.960000,1.000000,0.160000,0.600000,0.000000,1.539129
911,-0.167214,-1.506862,-18.891161,1.580499,0.090332,-0.449860,0.940000,1.000000,0.160000,0.600000,-0.200000,1.580499
912,-0.151386,-1.506617,-18.895660,1.620619,0.089019,-0.608136,0.940000,1.000000,0.160000,0.600000,0.000000,1.620619
913,-0.135156,-1.506475,-18.901741,1.661854,0.095286,-0.557461,0.920000,1.000000,0.160000,0.600000,0.000000,1.661854
914,-0.118510,-1.506390,-18.907316,1.703087,0.100820,-0.509737,0.900000,1.000000,0.160000,0.600000,0.000000,1.703087
915,-0.101449,-1.506367,-18.912413,1.744325,0.105663,-0.464752,0.900000,1.000000,0.160000,0.600000,0.000000,1.744325
916,-0.083974,-1.506408,-18.917061,1.785574,0.109853,-0.422319,0.880000,1.000000,0.180000,0.600000,0.000000,1.785574
917,-0.066085,-1.506516,-18.921284,1.826838,0.113423,-0.382271,0.880000,1.000000,0.180000,0.600000,-0.200000,1.826838
918,-0.047782,-1.506694,-18.925107,1.866837,0.111791,-0.541840,0.880000,1.000000,0.180000,0.600000,0.000000,1.866837
919,-0.029083,-1.506989,-18.930525,1.907933,0.118028,-0.497492,0.860000,1.000000,0.180000,0.600000,0.000000,1.907933
920,-0.009970,-1.507355,-18.935500,1.949035,0.123525,-0.455266,0.860000,1.000000,0.180000,0.600000,0.000000,1.949035
921,0.009554,-1.507798,-18.940053,1.990149,0.128315,-0.415056,0.840000,1.000000,0.200000,0.600000,0.000000,1.990149
922,0.029490,-1.508318,-18.944203,2.031278,0.132430,-0.376761,0.840000,1.000000,0.200000,0.600000,0.000000,2.031278
923,0.049837,-1.508920,-18.947971,2.072427,0.135898,-0.340295,0.820000,1.000000,0.200000,0.600000,0.000000,2.072427
924,0.070595,-1.509604,-18.951374,2.113598,0.138745,-0.305576,0.820000,1.000000,0.200000,0.600000,0.000000,2.113598
925,0.091762,-1.510372,-18.954429,2.154792,0.140998,-0.272534,0.820000,1.000000,0.200000,0.600000,0.000000,2.154792
926,0.113339,-1.511225,-18.957155,2.196012,0.142680,-0.241104,0.800000,1.000000,0.220000,0.600000,0.000000,2.196012
927,0.135326,-1.512165,-18.959566,2.237256,0.143815,-0.211227,0.800000,1.000000,0.220000,0.600000,0.000000,2.237256
928,0.157721,-1.513192,-18.961678,2.278525,0.144425,-0.182851,0.800000,1.000000,0.220000,0.600000,0.000000,2.278525
929,0.180525,-1.514306,-18.963507,2.319818,0.144533,-0.155928,0.780000,1.000000,0.240000,0.600000,0.000000,2.319818
930,0.203737,-1.515508,-18.965066,2.361133,0.144160,-0.130414,0.760000,1.000000,0.240000,0.600000,0.000000,2.361133
931,0.227357,-1.516797,-18.966370,2.402469,0.143327,-0.106270,0.740000,1.000000,0.240000,0.600000,0.000000,2.402469
932,0.251385,-1.518174,-18.967433,2.443824,0.142056,-0.083459,0.720000,1.000000,0.240000,0.600000,0.000000,2.443824
933,0.275820,-1.519637,-18.968267,2.485196,0.140367,-0.061945,0.700000,1.000000,0.260000,0.600000,0.000000,2.485196
934,0.300664,-1.521186,-18.968887,2.526582,0.138281,-0.041697,0.680000,1.000000,0.260000,0.600000,0.000000,2.526582
935,0.325914,-1.522821,-18.969304,2.567979,0.135820,-0.022682,0.680000,1.000000,0.260000,0.600000,0.000000,2.567979
936,0.351573,-1.524540,-18.969531,2.609385,0.133003,-0.004872,0.680000,1.000000,0.280000,0.600000,0.000000,2.609385
937,0.377638,-1.526343,-18.969579,2.650797,0.129851,0.011764,0.680000,1.000000,0.280000,0.600000,0.000000,2.650797
938,0.404111,-1.528228,-18.969462,2.692213,0.126387,0.027253,0.660000,1.000000,0.280000,0.600000,0.000000,2.692213
939,0.430991,-1.530193,-18.969189,2.733629,0.122629,0.041625,0.660000,1.000000,0.300000,0.600000,0.000000,2.733629
940,0.458278,-1.532238,-18.968773,2.775042,0.118600,0.054907,0.660000,1.000000,0.300000,0.600000,0.000000,2.775042
941,0.485973,-1.534361,-18.968224,2.816449,0.114320,0.067128,0.660000,0.980000,0.300000,0.600000,0.000000,2.816449
942,0.514074,-1.536561,-18.967553,2.857849,0.109810,0.078317,0.660000,0.960000,0.320000,0.600000,0.000000,2.857849
943,0.542583,-1.538835,-18.966769,2.899238,0.105091,0.088503,0.660000,0.940000,0.320000,0.600000,0.000000,2.899238
944,0.571500,-1.541181,-18.965884,2.940613,0.100183,0.097716,0.640000,0.920000,0.320000,0.400000,0.000000,2.940613
945,0.600823,-1.543599,-18.964907,2.967973,0.095108,0.105985,0.640000,0.900000,0.500000,0.400000,0.000000,2.967973
946,0.630415,-1.546071,-18.963847,2.995322,0.089891,0.113374,0.600000,0.880000,1.000000,0.400000,0.000000,2.995322
947,0.660276,-1.548593,-18.962714,3.022658,0.084555,0.119906,0.580000,0.840000,1.000000,0.400000,0.000000,3.022658
948,0.690404,-1.551166,-18.961515,3.049979,0.079122,0.125605,0.560000,0.820000,1.000000,0.400000,0.000000,3.049979
949,0.720802,-1.553788,-18.960258,3.077285,0.073613,0.130495,0.540000,0.800000,1.000000,0.400000,0.000000,3.077285
950,0.751467,-1.556456,-18.958954,3.104572,0.068051,0.134604,0.540000,0.780000,1.000000,0.400000,0.000000,3.104572
951,0.782402,-1.559169,-18.957607,3.131841,0.062455,0.137958,0.540000,0.740000,0.980000,0.400000,0.000000,3.131841
952,0.813605,-1.561925,-18.956228,3.159090,0.056846,0.140588,0.540000,0.720000,0.940000,0.400000,0.000000,3.159090
953,0.845077,-1.564724,-18.954822,3.186318,0.051242,0.142523,0.540000,0.700000,0.920000,0.400000,0.000000,3.186318
954,0.876818,-1.567562,-18.953397,3.213524,0.045663,0.143794,0.520000,0.680000,0.860000,0.400000,0.000000,3.213524
955,0.908827,-1.570439,-18.951959,3.240708,0.040126,0.144431,0.500000,0.640000,0.820000,0.400000,0.000000,3.240708
956,0.941105,-1.573352,-18.950515,3.267870,0.034648,0.144468,0.460000,0.620000,0.800000,0.400000,0.000000,3.267870
957,0.973653,-1.576301,-18.949070,3.295008,0.029246,0.143936,0.440000,0.600000,0.780000,0.400000,0.000000,3.295008
958,1.006469,-1.579284,-18.947630,3.322123,0.023934,0.142867,0.420000,0.560000,0.740000,0.400000,0.000000,3.322123
959,1.039554,-1.582299,-18.946202,3.349216,0.018728,0.141294,0.420000,0.540000,0.720000,0.400000,0.000000,3.349216
960,1.072908,-1.585344,-18.944789,3.376284,0.013640,0.139250,0.400000,0.520000,0.700000,0.400000,0.000000,3.376284
961,1.106530,-1.588419,-18.943396,3.403330,0.008685,0.136767,0.400000,0.480000,0.660000,0.400000,0.000000,3.403330
962,1.140422,-1.591521,-18.942029,3.430353,0.003873,0.133877,0.380000,0.460000,0.600000,0.400000,0.000000,3.430353
963,1.174583,-1.594650,-18.940690,3.457354,-0.000784,0.130612,0.340000,0.440000,0.560000,0.200000,-0.200000,3.457354
964,1.209012,-1.597805,-18.939384,3.469252,-0.010581,-0.099874,0.320000,0.400000,0.540000,0.000000,-0.200000,3.469252
965,1.243555,-1.601022,-18.940383,3.467174,-0.012279,-0.327274,0.280000,0.380000,0.520000,0.000000,-0.200000,3.467174
966,1.278073,-1.604289,-18.943655,3.465137,-0.006103,-0.549778,0.280000,0.340000,0.480000,-0.200000,-0.200000,3.465137
967,1.312565,-1.607606,-18.949153,3.449094,0.007644,-0.765708,0.260000,0.320000,0.460000,-0.400000,0.000000,3.449094
968,1.346893,-1.610959,-18.956810,3.420020,0.033859,-0.744214,0.240000,0.300000,0.420000,-0.400000,-0.200000,3.420020
969,1.380933,-1.614284,-18.964252,3.389678,0.053341,-0.946170,0.200000,0.260000,0.360000,-0.600000,-0.200000,3.389678
970,1.414668,-1.617633,-18.973714,3.345084,0.079097,-1.138571,0.180000,0.240000,0.320000,-0.600000,-0.200000,3.345084
971,1.447959,-1.620991,-18.985100,3.300096,0.110414,-1.319834,0.140000,0.220000,0.260000,-0.400000,-0.200000,3.300096
972,1.480807,-1.624356,-18.998298,3.268546,0.146658,-1.488691,0.140000,0.180000,0.220000,-0.400000,-0.200000,3.268546
973,1.513349,-1.627750,-19.013185,3.236252,0.187401,-1.644422,0.120000,0.160000,0.200000,-0.400000,-0.200000,3.236252
974,1.545584,-1.631172,-19.029629,3.203036,0.232041,-1.786379,0.120000,0.140000,0.140000,-0.400000,-0.200000,3.203036
975,1.577512,-1.634626,-19.047493,3.168731,0.279986,-1.914275,0.120000,0.100000,0.100000,-0.400000,-0.200000,3.168731
976,1.609131,-1.638112,-19.066636,3.133184,0.330655,-2.028204,0.100000,0.080000,0.080000,-0.400000,-0.200000,3.133184
977,1.640440,-1.641632,-19.086918,3.096262,0.383499,-2.128634,0.060000,0.060000,0.060000,-0.400000,-0.200000,3.096262
978,1.671436,-1.645185,-19.108204,3.057855,0.438006,-2.216357,0.040000,0.040000,0.040000,-0.400000,-0.200000,3.057855
