step,x,y,mu,vx,vy,omega,lidar_l,lidar_c,lidar_r,throttle,steering,reward
0,1.678254,1.137982,-2.189037,0.000000,0.000000,0.000000,0.420000,0.600000,1.000000,0.200000,0.300000,0.000000
1,1.678254,1.137982,-2.189037,0.014000,0.000000,0.000000,0.420000,0.600000,1.000000,0.200000,0.300000,0.014000
2,1.678172,1.137868,-2.189037,0.025895,0.006805,0.291035,0.420000,0.600000,1.000000,0.200000,0.300000,0.025895
3,1.678078,1.137618,-2.186126,0.041701,0.004376,-0.122457,0.420000,0.600000,1.000000,0.200000,0.300000,0.041701
4,1.677873,1.137252,-2.187351,0.053674,0.005513,0.422265,0.420000,0.600000,1.000000,0.200000,0.300000,0.053674
5,1.677607,1.136782,-2.183128,0.067876,0.009310,0.173620,0.420000,0.600000,1.000000,0.200000,0.300000,0.067876
6,1.677293,1.136173,-2.181392,0.081076,0.010056,0.372513,0.420000,0.600000,1.000000,0.200000,0.300000,0.081076
7,1.676911,1.135451,-2.177667,0.094675,0.012109,0.387339,0.420000,0.600000,1.000000,0.200000,0.300000,0.094675
8,1.676470,1.134605,-2.173794,0.108194,0.013691,0.448431,0.420000,0.620000,0.980000,0.200000,0.250000,0.108194
9,1.675970,1.133636,-2.169309,0.122192,0.013799,0.441795,0.420000,0.620000,0.980000,0.200000,0.250000,0.122192
10,1.675395,1.132549,-2.164891,0.135980,0.014542,0.476669,0.440000,0.620000,0.980000,0.200000,0.250000,0.135980
11,1.674755,1.131340,-2.160125,0.149710,0.015516,0.518715,0.440000,0.620000,0.980000,0.200000,0.250000,0.149710
12,1.674051,1.130010,-2.154938,0.163419,0.016555,0.562890,0.440000,0.620000,0.980000,0.200000,0.250000,0.163419
13,1.673288,1.128555,-2.149309,0.177118,0.017589,0.607810,0.440000,0.620000,0.980000,0.200000,0.250000,0.177118
14,1.672467,1.126976,-2.143231,0.190815,0.018587,0.652954,0.440000,0.600000,1.000000,0.200000,0.300000,0.190815
15,1.671590,1.125271,-2.136701,0.204002,0.020882,0.755898,0.440000,0.600000,1.000000,0.200000,0.300000,0.204002
16,1.670672,1.123437,-2.129142,0.217329,0.022694,0.837193,0.440000,0.600000,1.000000,0.200000,0.300000,0.217329
17,1.669713,1.121474,-2.120770,0.230738,0.024160,0.906895,0.440000,0.600000,1.000000,0.200000,0.300000,0.230738
18,1.668713,1.119380,-2.111701,0.244196,0.025364,0.969971,0.440000,0.580000,1.000000,0.200000,0.300000,0.244196
19,1.667673,1.117157,-2.102001,0.257684,0.026357,1.028996,0.440000,0.600000,1.000000,0.200000,0.300000,0.257684
20,1.666595,1.114801,-2.091711,0.271189,0.027169,1.085368,0.440000,0.600000,1.000000,0.200000,0.300000,0.271189
21,1.665481,1.112314,-2.080858,0.284702,0.027818,1.139873,0.440000,0.600000,1.000000,0.200000,0.300000,0.284702
22,1.664334,1.109693,-2.069459,0.298216,0.028312,1.192971,0.460000,0.620000,1.000000,0.200000,0.300000,0.298216
23,1.663156,1.106939,-2.057529,0.311728,0.028657,1.244934,0.460000,0.640000,1.000000,0.200000,0.300000,0.311728
24,1.661952,1.104050,-2.045080,0.325233,0.028853,1.295924,0.460000,0.640000,1.000000,0.200000,0.300000,0.325233
25,1.660723,1.101025,-2.032121,0.338726,0.028901,1.346041,0.460000,0.660000,1.000000,0.200000,0.300000,0.338726
26,1.659474,1.097863,-2.018660,0.352205,0.028798,1.395341,0.460000,0.680000,1.000000,0.250000,0.300000,0.352205
27,1.658208,1.094563,-2.004707,0.369165,0.028542,1.443854,0.480000,0.700000,1.000000,0.250000,0.300000,0.369165
28,1.656915,1.091094,-1.990268,0.386089,0.028109,1.494325,0.480000,0.720000,1.000000,0.250000,0.300000,0.386089
29,1.655600,1.087453,-1.975325,0.402975,0.027480,1.545865,0.480000,0.740000,1.000000,0.250000,0.300000,0.402975
30,1.654266,1.083641,-1.959866,0.419823,0.026640,1.597867,0.500000,0.760000,1.000000,0.250000,0.350000,0.419823
31,1.652920,1.079655,-1.943888,0.436037,0.026650,1.695875,0.500000,0.780000,1.000000,0.250000,0.350000,0.436037
32,1.651579,1.075497,-1.926929,0.452277,0.026132,1.786064,0.500000,0.800000,1.000000,0.300000,0.350000,0.452277
33,1.650247,1.071167,-1.909068,0.472018,0.025127,1.869661,0.520000,0.800000,1.000000,0.300000,0.350000,0.472018
34,1.648918,1.066631,-1.890372,0.491730,0.023609,1.949556,0.520000,0.780000,1.000000,0.250000,0.350000,0.491730
35,1.647597,1.061889,-1.870876,0.507894,0.021592,2.026005,0.540000,0.820000,1.000000,0.300000,0.350000,0.507894
36,1.646302,1.056973,-1.850616,0.527500,0.019149,2.097450,0.540000,0.860000,1.000000,0.350000,0.400000,0.527500
37,1.645029,1.051850,-1.829642,0.549904,0.016991,2.198964,0.540000,0.920000,1.000000,0.400000,0.450000,0.549904
38,1.643786,1.046491,-1.807652,0.575129,0.014592,2.318336,0.540000,0.920000,1.000000,0.400000,0.450000,0.575129
39,1.642578,1.040866,-1.784469,0.600290,0.011186,2.431222,0.520000,0.920000,1.000000,0.400000,0.450000,0.600290
40,1.641414,1.034976,-1.760156,0.625348,0.006785,2.537591,0.540000,1.000000,1.000000,0.500000,0.500000,0.625348
41,1.640304,1.028821,-1.734781,0.656669,0.001717,2.650958,0.560000,1.000000,1.000000,0.500000,0.500000,0.656669
42,1.639249,1.022340,-1.708271,0.687820,-0.004630,2.758343,0.600000,1.000000,0.620000,0.500000,0.300000,0.687820
43,1.638260,1.015533,-1.680688,0.721106,-0.014403,2.767571,0.620000,1.000000,0.560000,0.500000,0.300000,0.721106
44,1.637326,1.008381,-1.653012,0.754008,-0.024632,2.783562,0.660000,1.000000,0.500000,0.500000,0.300000,0.754008
45,1.636462,1.000887,-1.625176,0.786522,-0.035408,2.804366,0.700000,1.000000,0.320000,0.500000,0.300000,0.786522
46,1.635681,0.993053,-1.597133,0.818639,-0.046804,2.828527,0.740000,1.000000,0.300000,0.500000,0.300000,0.818639
47,1.634997,0.984881,-1.568847,0.850344,-0.058877,2.854941,0.720000,1.000000,0.280000,0.500000,0.300000,0.850344
48,1.634425,0.976377,-1.540298,0.881617,-0.071675,2.882764,0.740000,1.000000,0.260000,0.500000,0.300000,0.881617
49,1.633978,0.967543,-1.511470,0.912436,-0.085234,2.911349,0.800000,1.000000,0.240000,0.500000,0.250000,0.912436
50,1.633668,0.958384,-1.482357,0.943306,-0.100224,2.912841,0.840000,1.000000,0.220000,0.500000,0.050000,0.943306
51,1.633503,0.948899,-1.453228,0.975209,-0.120117,2.729581,0.840000,1.000000,0.220000,0.500000,0.050000,0.975209
52,1.633454,0.939074,-1.425933,1.006711,-0.138308,2.571942,0.940000,1.000000,0.200000,0.350000,-1.000000,1.006711
53,1.633538,0.928912,-1.400213,1.019235,-0.163792,2.062880,0.960000,1.000000,0.200000,0.350000,-1.000000,1.019235
54,1.633654,0.918590,-1.379584,1.031960,-0.184311,1.550462,0.960000,1.000000,0.200000,0.350000,-1.000000,1.031960
55,1.633806,0.908108,-1.364080,1.045229,-0.199778,1.038259,1.000000,1.000000,0.180000,0.250000,-1.000000,1.045229
56,1.633996,0.897468,-1.353697,1.052303,-0.210143,0.529656,1.000000,1.000000,0.180000,0.250000,-1.000000,1.052303
57,1.634211,0.886740,-1.348401,1.060358,-0.215328,0.027110,1.000000,1.000000,0.180000,0.250000,-1.000000,1.060358
58,1.634449,0.875922,-1.348129,1.069485,-0.215409,-0.465478,1.000000,1.000000,0.180000,0.250000,-1.000000,1.069485
59,1.634710,0.865016,-1.352784,1.079684,-0.210506,-0.943632,1.000000,1.000000,0.180000,0.250000,-1.000000,1.079684
60,1.634990,0.854019,-1.362221,1.090871,-0.200789,-1.402080,1.000000,1.000000,0.180000,0.250000,-1.000000,1.090871
61,1.635284,0.842931,-1.376241,1.102887,-0.186496,-1.834630,0.980000,1.000000,0.180000,0.300000,-1.000000,1.102887
62,1.635587,0.831750,-1.394588,1.119002,-0.167945,-2.234296,0.880000,1.000000,0.200000,0.450000,-1.000000,1.119002
63,1.635895,0.820439,-1.416931,1.145935,-0.145472,-2.593430,0.880000,1.000000,0.200000,0.450000,-1.000000,1.145935
64,1.636214,0.808892,-1.442865,1.172866,-0.119282,-2.904847,0.880000,1.000000,0.300000,0.450000,-1.000000,1.172866
65,1.636527,0.797107,-1.471913,1.199465,-0.089826,-3.164548,0.780000,1.000000,0.320000,0.500000,0.300000,1.199465
66,1.636817,0.785082,-1.503559,1.234642,-0.044066,-2.792724,0.700000,1.000000,0.340000,0.500000,0.300000,1.234642
67,1.637207,0.772734,-1.531486,1.268312,-0.003045,-2.392349,0.700000,1.000000,0.360000,0.500000,0.300000,1.268312
68,1.637675,0.760059,-1.555410,1.300939,0.032760,-1.976022,0.700000,1.000000,0.380000,0.500000,0.300000,1.300939
69,1.638203,0.747056,-1.575170,1.332970,0.063029,-1.554267,0.680000,1.000000,0.400000,0.500000,0.300000,1.332970
70,1.638775,0.733724,-1.590712,1.364789,0.087580,-1.135140,0.660000,1.000000,0.400000,0.500000,0.300000,1.364789
71,1.639379,0.720062,-1.602064,1.396708,0.106344,-0.724397,0.640000,1.000000,0.420000,0.500000,0.300000,1.396708
72,1.640005,0.706068,-1.609308,1.428948,0.119347,-0.325936,0.620000,1.000000,0.420000,0.500000,0.300000,1.428948
73,1.640647,0.691743,-1.612567,1.461647,0.126678,0.057681,0.620000,1.000000,0.560000,0.500000,0.300000,1.461647
74,1.641303,0.677087,-1.611990,1.494861,0.128474,0.424713,0.620000,1.000000,0.560000,0.500000,0.300000,1.494861
75,1.641971,0.662098,-1.607743,1.528577,0.124907,0.773822,0.620000,1.000000,0.680000,0.500000,0.300000,1.528577
76,1.642654,0.646776,-1.600005,1.562718,0.116174,1.103791,0.600000,1.000000,0.540000,0.500000,0.300000,1.562718
77,1.643359,0.631122,-1.588967,1.597157,0.102496,1.413372,0.600000,1.000000,0.520000,0.500000,0.300000,1.597157
78,1.644094,0.615134,-1.574833,1.631723,0.084116,1.701285,0.580000,1.000000,0.500000,0.500000,0.300000,1.631723
79,1.644869,0.598814,-1.557821,1.666216,0.061300,1.966312,0.600000,1.000000,0.480000,0.500000,0.300000,1.666216
80,1.645698,0.582161,-1.538157,1.700414,0.034334,2.207484,0.640000,1.000000,0.440000,0.500000,0.300000,1.700414
81,1.646596,0.565177,-1.516083,1.734086,0.003518,2.424268,0.680000,1.000000,0.420000,0.500000,0.300000,1.734086
82,1.647580,0.547864,-1.491840,1.766998,-0.030837,2.616720,0.680000,1.000000,0.300000,0.500000,0.300000,1.766998
83,1.648666,0.530225,-1.465673,1.798928,-0.068420,2.785545,0.660000,1.000000,0.280000,0.500000,0.300000,1.798928
84,1.649873,0.512263,-1.437817,1.829670,-0.108927,2.932060,0.760000,1.000000,0.260000,0.500000,0.300000,1.829670
85,1.651219,0.493983,-1.408497,1.859034,-0.152067,3.058062,0.740000,1.000000,0.260000,0.500000,0.300000,1.859034
86,1.652723,0.475392,-1.377916,1.886856,-0.197569,3.165660,0.800000,1.000000,0.240000,0.500000,0.250000,1.886856
87,1.654401,0.456494,-1.346259,1.913516,-0.245653,3.236983,0.820000,1.000000,0.220000,0.500000,0.200000,1.913516
88,1.656266,0.437293,-1.313890,1.938895,-0.295762,3.272778,0.940000,1.000000,0.220000,0.300000,-1.000000,1.938895
89,1.658332,0.417788,-1.281162,1.941589,-0.358998,2.774408,1.000000,1.000000,0.200000,-1.000000,-1.000000,1.941589
90,1.660437,0.398156,-1.253418,1.853031,-0.412275,2.259788,1.000000,1.000000,0.200000,-1.000000,-1.000000,1.853031
91,1.662303,0.379265,-1.230820,1.765187,-0.453152,1.727748,1.000000,0.940000,0.180000,-1.000000,-1.000000,1.765187
92,1.663917,0.361112,-1.213542,1.678902,-0.482353,1.183780,1.000000,0.900000,0.240000,-1.000000,-1.000000,1.678902
93,1.665269,0.343696,-1.201705,1.594811,-0.500709,0.631961,1.000000,0.860000,0.240000,-1.000000,-0.800000,1.594811
94,1.666353,0.327016,-1.195385,1.515018,-0.510142,0.031181,1.000000,0.840000,0.240000,-1.000000,-0.550000,1.515018
95,1.667162,0.311050,-1.195073,1.441565,-0.508723,-0.522980,1.000000,0.840000,0.240000,-1.000000,-0.550000,1.441565
96,1.667719,0.295773,-1.200303,1.371199,-0.498862,-1.060924,1.000000,0.860000,0.240000,-0.200000,-0.800000,1.371199
97,1.668034,0.281185,-1.210912,1.356254,-0.483265,-1.651631,1.000000,0.880000,0.240000,-0.200000,-0.800000,1.356254
98,1.668287,0.266790,-1.227429,1.344028,-0.459952,-2.233421,1.000000,0.920000,0.240000,0.050000,-1.000000,1.344028
99,1.668481,0.252586,-1.249763,1.349722,-0.428482,-2.769369,1.000000,0.980000,0.240000,0.200000,-1.000000,1.349722
100,1.668674,0.238426,-1.277456,1.367479,-0.390077,-3.286280,1.000000,1.000000,0.320000,0.250000,-1.000000,1.367479
101,1.668894,0.224207,-1.310319,1.389642,-0.344756,-3.774364,1.000000,1.000000,0.340000,0.250000,-1.000000,1.389642
102,1.669141,0.209892,-1.348063,1.411942,-0.292839,-4.220905,0.760000,1.000000,0.420000,0.500000,0.300000,1.411942
103,1.669404,0.195474,-1.390272,1.456389,-0.220936,-4.008964,0.620000,1.000000,0.540000,0.500000,0.300000,1.456389
104,1.669846,0.180750,-1.430362,1.497393,-0.151881,-3.738300,0.600000,1.000000,0.660000,0.500000,0.300000,1.497393
105,1.670438,0.165711,-1.467745,1.535295,-0.086899,-3.412649,0.560000,1.000000,0.700000,0.500000,0.300000,1.535295
106,1.671153,0.150350,-1.501871,1.570581,-0.027065,-3.042098,0.500000,1.000000,0.760000,0.500000,0.350000,1.570581
107,1.671964,0.134663,-1.532292,1.603310,0.027039,-2.627659,0.460000,1.000000,0.820000,0.500000,0.350000,1.603310
108,1.672852,0.118652,-1.558569,1.634622,0.074380,-2.190309,0.440000,1.000000,0.860000,0.500000,0.400000,1.634622
109,1.673795,0.102317,-1.580472,1.664586,0.114794,-1.727360,0.440000,1.000000,0.900000,0.500000,0.400000,1.664586
110,1.674782,0.085660,-1.597745,1.694309,0.147492,-1.258029,0.420000,1.000000,0.880000,0.500000,0.400000,1.694309
111,1.675800,0.068684,-1.610326,1.724264,0.172256,-0.789211,0.420000,1.000000,0.860000,0.500000,0.400000,1.724264
112,1.676840,0.051386,-1.618218,1.754807,0.188986,-0.326091,0.400000,1.000000,0.880000,0.500000,0.400000,1.754807
113,1.677896,0.033769,-1.621479,1.786165,0.197671,0.127375,0.380000,1.000000,0.880000,0.500000,0.400000,1.786165
114,1.678965,0.015830,-1.620205,1.818438,0.198371,0.567965,0.380000,1.000000,0.880000,0.500000,0.400000,1.818438
115,1.680048,-0.002430,-1.614525,1.851606,0.191208,0.992733,0.380000,1.000000,0.860000,0.500000,0.400000,1.851606
116,1.681149,-0.021012,-1.604598,1.885538,0.176363,1.398660,0.400000,1.000000,0.840000,0.500000,0.400000,1.885538
117,1.682275,-0.039917,-1.590611,1.920008,0.154075,1.782465,0.420000,1.000000,0.800000,0.500000,0.350000,1.920008
118,1.683435,-0.059143,-1.572787,1.955299,0.124048,2.114555,0.420000,1.000000,0.760000,0.500000,0.350000,1.955299
119,1.684636,-0.078699,-1.551641,1.990383,0.087817,2.419756,0.400000,1.000000,0.760000,0.500000,0.350000,1.990383
120,1.685895,-0.098582,-1.527444,2.024873,0.045809,2.695492,0.380000,1.000000,0.740000,0.500000,0.300000,2.024873
121,1.687231,-0.118792,-1.500489,2.058936,-0.002153,2.912061,0.400000,1.000000,0.720000,0.500000,0.300000,2.058936
122,1.688656,-0.139332,-1.471368,2.091582,-0.054268,3.100489,0.460000,1.000000,0.680000,0.500000,0.300000,2.091582
123,1.690192,-0.160199,-1.440363,2.122493,-0.110078,3.261676,0.520000,1.000000,0.640000,0.500000,0.300000,2.122493
124,1.691861,-0.181386,-1.407746,2.151384,-0.169139,3.397562,0.620000,1.000000,0.600000,0.500000,0.300000,2.151384
125,1.693684,-0.202889,-1.373771,2.178014,-0.231028,3.510819,1.000000,0.900000,0.560000,-1.000000,-0.300000,2.178014
126,1.695682,-0.224700,-1.338663,2.097666,-0.308766,3.031122,1.000000,0.900000,0.520000,-1.000000,-0.400000,2.097666
127,1.697503,-0.245825,-1.308351,2.015184,-0.373515,2.493689,1.000000,0.780000,0.500000,-1.000000,-0.300000,2.015184
128,1.699124,-0.266256,-1.283414,1.934242,-0.422088,2.033118,1.000000,0.740000,0.480000,-1.000000,-0.300000,1.934242
129,1.700559,-0.286001,-1.263083,1.854341,-0.458475,1.594484,1.000000,0.740000,0.460000,-1.000000,-0.350000,1.854341
130,1.701806,-0.305062,-1.247138,1.775424,-0.485213,1.128097,1.000000,0.720000,0.460000,-1.000000,-0.350000,1.775424
131,1.702852,-0.323438,-1.235857,1.698652,-0.501458,0.686036,1.000000,0.720000,0.440000,-1.000000,-0.400000,1.698652
132,1.703700,-0.341129,-1.228997,1.623551,-0.509728,0.215501,1.000000,0.700000,0.440000,-1.000000,-0.400000,1.623551
133,1.704339,-0.358134,-1.226842,1.551071,-0.509157,-0.232798,1.000000,0.680000,0.440000,-1.000000,-0.400000,1.551071
134,1.704776,-0.374453,-1.229170,1.481120,-0.500904,-0.660130,1.000000,0.660000,0.440000,-1.000000,-0.400000,1.481120
135,1.705019,-0.390086,-1.235771,1.413497,-0.486036,-1.068387,1.000000,0.660000,0.440000,-1.000000,-0.400000,1.413497
136,1.705076,-0.405033,-1.246455,1.347928,-0.465520,-1.459634,1.000000,0.640000,0.460000,-1.000000,-0.400000,1.347928
137,1.704959,-0.419293,-1.261052,1.284091,-0.440236,-1.835742,1.000000,0.660000,0.460000,-1.000000,-0.400000,1.284091
138,1.704681,-0.432865,-1.279409,1.221634,-0.410988,-2.198077,1.000000,0.700000,0.480000,-1.000000,-0.350000,1.221634
139,1.704253,-0.445747,-1.301390,1.160760,-0.377097,-2.485734,1.000000,0.720000,0.480000,-1.000000,-0.350000,1.160760
140,1.703708,-0.457940,-1.326247,1.100223,-0.341497,-2.762906,1.000000,0.700000,0.480000,-1.000000,-0.350000,1.100223
141,1.703059,-0.469441,-1.353876,1.039724,-0.304793,-3.027338,1.000000,0.740000,0.460000,-1.000000,-0.350000,1.039724
142,1.702320,-0.480251,-1.384150,0.978976,-0.267626,-3.274911,1.000000,0.760000,0.480000,-1.000000,-0.300000,0.978976
143,1.701507,-0.490367,-1.416899,0.918155,-0.229233,-3.436467,1.000000,0.780000,0.500000,-0.300000,-0.300000,0.918155
144,1.700649,-0.499792,-1.451263,0.905361,-0.192498,-3.570440,1.000000,0.820000,0.540000,-0.050000,-0.250000,0.905361
145,1.699817,-0.509010,-1.486968,0.909162,-0.155526,-3.618043,1.000000,0.840000,0.580000,0.000000,-0.200000,0.909162
146,1.699029,-0.518200,-1.523148,0.915194,-0.118939,-3.583152,1.000000,0.860000,0.560000,0.050000,-0.300000,0.915194
147,1.698277,-0.527398,-1.558980,0.922332,-0.087908,-3.660851,0.480000,0.860000,0.580000,0.350000,0.100000,0.922332
148,1.697506,-0.536631,-1.595588,0.949256,-0.048167,-3.294601,0.340000,0.940000,0.640000,0.450000,0.200000,0.949256
149,1.696790,-0.546109,-1.628534,0.980729,-0.011433,-2.866994,0.300000,0.940000,0.640000,0.450000,0.200000,0.980729
150,1.696110,-0.555894,-1.657204,1.011071,0.020850,-2.436180,0.280000,0.960000,0.640000,0.450000,0.200000,1.011071
151,1.695445,-0.565985,-1.681566,1.040714,0.048499,-2.014289,0.280000,0.960000,0.700000,0.450000,0.250000,1.040714
152,1.694776,-0.576381,-1.701709,1.069533,0.072293,-1.574584,0.260000,1.000000,0.680000,0.500000,0.300000,1.069533
153,1.694097,-0.587080,-1.717455,1.101298,0.091960,-1.121310,0.260000,1.000000,0.680000,0.500000,0.300000,1.101298
154,1.693397,-0.598109,-1.728668,1.133303,0.106661,-0.686094,0.240000,0.980000,0.660000,0.450000,0.250000,1.133303
155,1.692669,-0.609469,-1.735529,1.162762,0.115557,-0.310789,0.240000,0.980000,0.700000,0.450000,0.250000,1.162762
156,1.691902,-0.621128,-1.738637,1.192673,0.120111,0.042501,0.240000,0.960000,0.720000,0.450000,0.250000,1.192673
157,1.691094,-0.633088,-1.738212,1.223048,0.120549,0.374195,0.240000,0.960000,0.720000,0.450000,0.250000,1.223048
158,1.690244,-0.645348,-1.734470,1.253851,0.117098,0.684767,0.240000,0.940000,0.700000,0.450000,0.250000,1.253851
159,1.689357,-0.657910,-1.727622,1.285009,0.109984,0.974538,0.240000,0.940000,0.680000,0.450000,0.250000,1.285009
160,1.688436,-0.670774,-1.717877,1.316421,0.099432,1.243621,0.240000,0.920000,0.660000,0.400000,0.200000,1.316421
161,1.687490,-0.683942,-1.705440,1.344930,0.084424,1.438856,0.240000,0.920000,0.620000,0.400000,0.200000,1.344930
162,1.686522,-0.697383,-1.691052,1.373360,0.067242,1.617209,0.340000,0.860000,0.580000,0.350000,0.100000,1.373360
163,1.685542,-0.711098,-1.674880,1.398734,0.045213,1.656559,0.340000,0.840000,0.580000,0.350000,0.050000,1.398734
164,1.684538,-0.725057,-1.658314,1.423842,0.021761,1.623360,1.000000,0.840000,0.560000,-1.000000,-0.250000,1.423842
165,1.683510,-0.739260,-1.642081,1.352265,-0.007470,1.292052,1.000000,0.780000,0.560000,-1.000000,-0.250000,1.352265
166,1.682473,-0.752743,-1.629160,1.280351,-0.030195,0.952484,1.000000,0.760000,0.560000,-1.000000,-0.250000,1.280351
167,1.681424,-0.765507,-1.619635,1.208358,-0.046898,0.611448,1.000000,0.760000,0.540000,-1.000000,-0.250000,1.208358
168,1.680366,-0.777553,-1.613521,1.136480,-0.058173,0.275192,0.980000,0.740000,0.540000,-1.000000,-0.300000,1.136480
169,1.679300,-0.788883,-1.610769,1.064301,-0.065493,-0.084884,0.980000,0.740000,0.520000,-1.000000,-0.300000,1.064301
170,1.678220,-0.799491,-1.611618,0.992451,-0.068468,-0.430726,0.960000,0.740000,0.520000,-1.000000,-0.350000,0.992451
171,1.677131,-0.809379,-1.615925,0.920377,-0.068620,-0.787616,0.960000,0.720000,0.500000,-1.000000,-0.350000,0.920377
172,1.676030,-0.818543,-1.623801,0.848659,-0.065798,-1.119794,0.960000,0.720000,0.500000,-1.000000,-0.350000,0.848659
173,1.674923,-0.826983,-1.634999,0.777245,-0.060864,-1.420751,0.940000,0.700000,0.500000,-1.000000,-0.350000,0.777245
174,1.673817,-0.834700,-1.649206,0.706067,-0.054663,-1.684018,0.940000,0.700000,0.540000,-1.000000,-0.300000,0.706067
175,1.672719,-0.841696,-1.666047,0.635643,-0.047025,-1.861840,0.940000,0.740000,0.560000,-1.000000,-0.250000,0.635643
176,1.671647,-0.847979,-1.684665,0.565797,-0.038655,-1.939279,0.960000,0.740000,0.540000,-0.400000,-0.300000,0.565797
177,1.670620,-0.853556,-1.704058,0.537369,-0.032914,-2.024767,0.960000,0.780000,0.540000,-0.250000,-0.300000,0.537369
178,1.669579,-0.858839,-1.724306,0.519381,-0.027786,-2.078747,0.960000,0.780000,0.540000,-0.250000,-0.300000,0.519381
179,1.668511,-0.863929,-1.745093,0.501298,-0.023242,-2.110490,0.960000,0.780000,0.560000,-0.250000,-0.250000,0.501298
180,1.667412,-0.868826,-1.766198,0.483646,-0.018086,-2.069182,1.000000,0.760000,0.560000,-0.100000,-0.250000,0.483646
181,1.666296,-0.873535,-1.786890,0.476330,-0.014005,-2.020588,0.400000,0.760000,0.560000,0.250000,-0.100000,0.476330
182,1.665138,-0.878157,-1.807096,0.494251,-0.006301,-1.783842,0.400000,0.800000,0.600000,0.300000,-0.050000,0.494251
183,1.663920,-0.882948,-1.824934,0.515445,0.001180,-1.532488,0.380000,0.800000,0.580000,0.300000,-0.050000,0.515445
184,1.662635,-0.887940,-1.840259,0.536456,0.006910,-1.331745,0.300000,0.800000,0.580000,0.300000,-0.050000,0.536456
185,1.661274,-0.893129,-1.853576,0.557353,0.011282,-1.171207,0.300000,0.800000,0.580000,0.300000,-0.050000,0.557353
186,1.659827,-0.898513,-1.865288,0.578180,0.014618,-1.042292,0.280000,0.800000,0.600000,0.300000,-0.050000,0.578180
187,1.658288,-0.904088,-1.875711,0.598964,0.017171,-0.938309,0.280000,0.800000,0.640000,0.300000,0.000000,0.598964
188,1.656654,-0.909853,-1.885094,0.619772,0.020679,-0.788044,0.280000,0.800000,0.640000,0.300000,0.000000,0.619772
189,1.654935,-0.915811,-1.892975,0.640576,0.023193,-0.662735,0.280000,0.800000,0.640000,0.300000,0.000000,0.640576
190,1.653126,-0.921961,-1.899602,0.661387,0.024919,-0.557729,0.260000,0.800000,0.640000,0.300000,0.000000,0.661387
191,1.651227,-0.928301,-1.905180,0.682211,0.026022,-0.469346,0.260000,0.800000,0.620000,0.300000,-0.050000,0.682211
192,1.649233,-0.934830,-1.909873,0.702945,0.025118,-0.459372,0.260000,0.780000,0.620000,0.250000,-0.050000,0.702945
193,1.647132,-0.941543,-1.914467,0.720186,0.024395,-0.453113,0.260000,0.780000,0.620000,0.250000,-0.050000,0.720186
194,1.644935,-0.948406,-1.918998,0.737431,0.023826,-0.449550,0.260000,0.780000,0.620000,0.250000,-0.050000,0.737431
195,1.642643,-0.955419,-1.923493,0.754679,0.023409,-0.448190,0.240000,0.780000,0.600000,0.250000,-0.100000,0.754679
196,1.640256,-0.962582,-1.927975,0.771689,0.021739,-0.508664,0.240000,0.760000,0.600000,0.250000,-0.100000,0.771689
197,1.637761,-0.969888,-1.933062,0.788704,0.020762,-0.564776,0.240000,0.760000,0.600000,0.250000,-0.100000,0.788704
198,1.635160,-0.977337,-1.938710,0.805720,0.020408,-0.616771,0.300000,0.800000,0.580000,0.300000,-0.050000,0.805720
199,1.632453,-0.984928,-1.944877,0.826457,0.022048,-0.603650,0.300000,0.800000,0.580000,0.300000,-0.050000,0.826457
200,1.629638,-0.992702,-1.950914,0.847181,0.023630,-0.593261,0.220000,0.800000,0.580000,0.300000,-0.050000,0.847181
201,1.626714,-1.000656,-1.956846,0.867891,0.025179,-0.585194,0.280000,0.780000,0.560000,0.250000,-0.100000,0.867891
202,1.623680,-1.008791,-1.962698,0.884855,0.025301,-0.639657,0.280000,0.780000,0.600000,0.250000,-0.100000,0.884855
203,1.620534,-1.017066,-1.969095,0.901807,0.026016,-0.690135,0.260000,0.780000,0.600000,0.250000,-0.100000,0.901807
204,1.617276,-1.025479,-1.975996,0.918741,0.027267,-0.736885,0.260000,0.780000,0.600000,0.250000,-0.100000,0.918741
205,1.613905,-1.034030,-1.983365,0.935652,0.029006,-0.780168,0.260000,0.760000,0.580000,0.250000,-0.100000,0.935652
206,1.610419,-1.042718,-1.991167,0.952534,0.031187,-0.820235,0.260000,0.760000,0.580000,0.250000,-0.100000,0.952534
207,1.606816,-1.051541,-1.999369,0.969381,0.033773,-0.857326,0.240000,0.760000,0.620000,0.250000,-0.050000,0.969381
208,1.603095,-1.060498,-2.007942,0.986420,0.038144,-0.831086,0.240000,0.760000,0.600000,0.250000,-0.100000,0.986420
209,1.599265,-1.069596,-2.016253,1.003183,0.040773,-0.867507,0.240000,0.740000,0.600000,0.250000,-0.100000,1.003183
210,1.595310,-1.078825,-2.024928,1.019902,0.043787,-0.901351,0.220000,0.740000,0.600000,0.250000,-0.100000,1.019902
211,1.591229,-1.088182,-2.033942,1.036573,0.047155,-0.932798,0.220000,0.740000,0.580000,0.250000,-0.100000,1.036573
212,1.587020,-1.097667,-2.043270,1.053190,0.050850,-0.962017,0.220000,0.740000,0.580000,0.250000,-0.100000,1.053190
213,1.582680,-1.107276,-2.052890,1.069749,0.054847,-0.989167,0.200000,0.720000,0.560000,0.250000,-0.150000,1.069749
214,1.578206,-1.117009,-2.062782,1.085881,0.057939,-1.065036,0.200000,0.720000,0.560000,0.250000,-0.150000,1.085881
215,1.573588,-1.126853,-2.073432,1.101934,0.061888,-1.135672,0.200000,0.720000,0.560000,0.250000,-0.150000,1.101934
216,1.568821,-1.136808,-2.084789,1.117893,0.066626,-1.201286,0.180000,0.720000,0.540000,0.250000,-0.200000,1.117893
217,1.563905,-1.146870,-2.096802,1.133299,0.071137,-1.302944,0.180000,0.700000,0.580000,0.200000,-0.150000,1.133299
218,1.558831,-1.157028,-2.109831,1.145518,0.077759,-1.356983,0.180000,0.700000,0.580000,0.200000,-0.150000,1.145518
219,1.553618,-1.167258,-2.123401,1.157593,0.084898,-1.406466,0.160000,0.700000,0.560000,0.200000,-0.200000,1.157593
220,1.548264,-1.177557,-2.137466,1.169062,0.091585,-1.490958,0.160000,0.700000,0.560000,0.200000,-0.200000,1.169062
221,1.542761,-1.187912,-2.152375,1.180346,0.099184,-1.569012,0.200000,0.700000,0.560000,0.200000,-0.200000,1.180346
222,1.537106,-1.198319,-2.168065,1.191423,0.107614,-1.640927,0.200000,0.680000,0.540000,0.200000,-0.200000,1.191423
223,1.531295,-1.208776,-2.184475,1.202271,0.116802,-1.707043,0.180000,0.740000,0.540000,0.250000,-0.150000,1.202271
224,1.525326,-1.219278,-2.201545,1.216825,0.127528,-1.731389,0.180000,0.740000,0.540000,0.250000,-0.150000,1.216825
225,1.519180,-1.229857,-2.218859,1.231140,0.138478,-1.753622,1.000000,0.740000,0.520000,-1.000000,-0.300000,1.231140
226,1.512852,-1.240508,-2.236395,1.156232,0.147815,-1.851951,0.160000,0.740000,0.520000,0.250000,-0.150000,1.156232
227,1.506875,-1.250515,-2.254915,1.169980,0.158189,-1.859799,1.000000,0.740000,0.560000,-1.000000,-0.250000,1.169980
228,1.500707,-1.260582,-2.273513,1.095038,0.167370,-1.921822,0.140000,0.740000,0.560000,0.250000,-0.150000,1.095038
229,1.494907,-1.270020,-2.292731,1.108265,0.176507,-1.919724,1.000000,0.740000,0.560000,-1.000000,-0.250000,1.108265
230,1.488908,-1.279504,-2.311928,1.032836,0.184520,-1.967597,1.000000,0.740000,0.540000,-1.000000,-0.250000,1.032836
231,1.483296,-1.288369,-2.331604,0.957142,0.191091,-2.004367,1.000000,0.740000,0.540000,-1.000000,-0.250000,0.957142
232,1.478080,-1.296619,-2.351648,0.881227,0.196063,-2.031464,1.000000,0.740000,0.540000,-1.000000,-0.250000,0.881227
233,1.473270,-1.304259,-2.371962,0.805135,0.199322,-2.050313,1.000000,0.760000,0.540000,-0.400000,-0.250000,0.805135
234,1.468875,-1.311293,-2.392465,0.770915,0.200787,-2.062307,1.000000,0.760000,0.540000,-0.350000,-0.250000,0.770915
235,1.464597,-1.318013,-2.413088,0.740129,0.201463,-2.071514,1.000000,0.760000,0.540000,-0.200000,-0.250000,0.740129
236,1.460416,-1.324444,-2.433804,0.719800,0.201422,-2.078492,1.000000,0.780000,0.540000,-0.200000,-0.250000,0.719800
237,1.456256,-1.330654,-2.454589,0.699452,0.200918,-2.084083,1.000000,0.800000,0.540000,-0.100000,-0.250000,0.699452
238,1.452123,-1.336644,-2.475429,0.686097,0.199946,-2.088387,1.000000,0.800000,0.540000,-0.100000,-0.250000,0.686097
239,1.447964,-1.342455,-2.496313,0.672753,0.198681,-2.091839,1.000000,0.820000,0.540000,-0.050000,-0.250000,0.672753
240,1.443784,-1.348089,-2.517232,0.662926,0.197120,-2.094461,1.000000,0.840000,0.540000,0.000000,-0.300000,0.662926
241,1.439558,-1.353563,-2.538176,0.656124,0.195182,-2.103604,1.000000,0.860000,0.600000,0.050000,-0.250000,0.656124
242,1.435263,-1.358894,-2.559212,0.653350,0.193331,-2.104892,1.000000,0.860000,0.600000,0.050000,-0.250000,0.653350
243,1.430870,-1.364102,-2.580261,0.650616,0.191446,-2.105861,1.000000,0.900000,0.600000,0.100000,-0.250000,0.650616
244,1.426381,-1.369186,-2.601320,0.651424,0.189529,-2.106511,1.000000,0.920000,0.600000,0.150000,-0.300000,0.651424
245,1.421770,-1.374162,-2.622385,0.655272,0.187489,-2.114708,1.000000,0.940000,0.620000,0.150000,-0.300000,0.655272
246,1.417011,-1.379041,-2.643532,0.659155,0.185631,-2.123026,0.340000,0.960000,0.620000,0.450000,0.200000,0.659155
247,1.412107,-1.383821,-2.664762,0.686591,0.192813,-1.752662,0.340000,1.000000,0.620000,0.500000,0.300000,0.686591
248,1.406892,-1.388685,-2.682289,0.717320,0.200481,-1.288561,0.340000,1.000000,0.640000,0.500000,0.300000,0.717320
249,1.401351,-1.393662,-2.695175,0.749008,0.204986,-0.855317,0.340000,1.000000,0.640000,0.500000,0.300000,0.749008
250,1.395480,-1.398745,-2.703728,0.781629,0.206506,-0.446932,0.320000,1.000000,0.640000,0.500000,0.300000,0.781629
251,1.389277,-1.403929,-2.708197,0.815136,0.205178,-0.058950,0.320000,1.000000,0.620000,0.500000,0.300000,0.815136
252,1.382740,-1.409215,-2.708786,0.849456,0.201095,0.311498,0.320000,1.000000,0.620000,0.500000,0.300000,0.849456
253,1.375873,-1.414603,-2.705672,0.884500,0.194332,0.665791,0.320000,1.000000,0.620000,0.500000,0.300000,0.884500
254,1.368675,-1.420099,-2.699014,0.920158,0.184951,1.003972,1.000000,1.000000,0.600000,0.250000,-0.450000,0.920158
255,1.361152,-1.425711,-2.688974,0.935288,0.162343,0.868303,1.000000,0.960000,0.600000,0.150000,-0.350000,0.935288
256,1.353451,-1.431262,-2.680291,0.943991,0.141350,0.710206,1.000000,0.940000,0.580000,0.150000,-0.350000,0.943991
257,1.345627,-1.436729,-2.673189,0.952331,0.122327,0.536163,1.000000,0.920000,0.580000,0.100000,-0.300000,0.952331
258,1.337682,-1.442120,-2.667827,0.957380,0.105575,0.355243,1.000000,0.900000,0.560000,0.050000,-0.300000,0.957380
259,1.329644,-1.447428,-2.664275,0.958698,0.091019,0.165557,1.000000,0.880000,0.560000,0.000000,-0.300000,0.958698
260,1.321547,-1.452640,-2.662619,0.956343,0.078690,-0.029357,1.000000,0.880000,0.560000,0.000000,-0.300000,0.956343
261,1.313422,-1.457746,-2.662913,0.953862,0.068562,-0.225983,1.000000,0.860000,0.540000,0.000000,-0.350000,0.953862
262,1.305272,-1.462748,-2.665173,0.950769,0.060269,-0.434105,1.000000,0.860000,0.540000,0.000000,-0.350000,0.950769
263,1.297099,-1.467644,-2.669514,0.947612,0.054101,-0.639096,1.000000,0.860000,0.540000,0.000000,-0.350000,0.947612
264,1.288906,-1.472435,-2.675905,0.944409,0.049940,-0.838300,1.000000,0.860000,0.540000,0.000000,-0.350000,0.944409
265,1.280691,-1.477122,-2.684288,0.941167,0.047646,-1.029496,1.000000,0.860000,0.540000,0.000000,-0.350000,0.941167
266,1.272457,-1.481705,-2.694583,0.937881,0.047066,-1.210926,1.000000,0.880000,0.540000,0.000000,-0.350000,0.937881
267,1.264203,-1.486184,-2.706692,0.934538,0.048037,-1.381299,1.000000,0.900000,0.540000,0.050000,-0.350000,0.934538
268,1.255930,-1.490557,-2.720505,0.934617,0.050391,-1.539765,1.000000,0.900000,0.540000,0.050000,-0.350000,0.934617
269,1.247607,-1.494837,-2.735902,0.934592,0.054029,-1.686403,1.000000,0.940000,0.540000,0.150000,-0.500000,0.934592
270,1.239232,-1.499022,-2.752766,0.939823,0.058285,-1.843291,1.000000,0.960000,0.540000,0.150000,-0.500000,0.939823
271,1.230757,-1.503124,-2.771199,0.944892,0.063866,-1.988514,1.000000,1.000000,0.560000,0.250000,-0.550000,0.944892
272,1.222180,-1.507140,-2.791085,0.956252,0.070684,-2.120702,1.000000,1.000000,0.560000,0.250000,-0.550000,0.956252
273,1.213441,-1.511087,-2.812292,0.967376,0.078748,-2.242041,1.000000,1.000000,0.560000,0.250000,-0.550000,0.967376
274,1.204542,-1.514961,-2.834712,0.978221,0.087972,-2.352573,1.000000,1.000000,0.580000,0.250000,-0.450000,0.978221
275,1.195483,-1.518754,-2.858238,0.989771,0.098264,-2.452508,0.840000,1.000000,0.600000,0.500000,0.050000,0.989771
276,1.186254,-1.522465,-2.882763,1.022243,0.118153,-2.175201,0.660000,1.000000,0.600000,0.500000,0.300000,1.022243
277,1.176675,-1.526223,-2.904515,1.052723,0.141231,-1.666315,0.560000,1.000000,0.620000,0.500000,0.300000,1.052723
278,1.166774,-1.530069,-2.921178,1.083602,0.159001,-1.182691,0.500000,1.000000,0.640000,0.500000,0.300000,1.083602
279,1.156548,-1.533989,-2.933005,1.115110,0.171586,-0.724779,0.480000,1.000000,0.640000,0.500000,0.300000,1.115110
280,1.145993,-1.537977,-2.940253,1.147379,0.179157,-0.291720,0.480000,1.000000,0.640000,0.500000,0.300000,1.147379
281,1.135110,-1.542027,-2.943170,1.180458,0.181902,0.117841,0.500000,1.000000,0.640000,0.500000,0.300000,1.180458
282,1.123895,-1.546137,-2.941991,1.214325,0.180013,0.505140,0.520000,1.000000,0.620000,0.500000,0.300000,1.214325
283,1.112350,-1.550310,-2.936940,1.248904,0.173678,0.870913,0.560000,1.000000,0.620000,0.500000,0.300000,1.248904
284,1.100475,-1.554548,-2.928231,1.284072,0.163087,1.215218,0.620000,1.000000,0.600000,0.500000,0.300000,1.284072
285,1.088270,-1.558861,-2.916079,1.319666,0.148431,1.537441,0.720000,1.000000,0.580000,0.500000,0.300000,1.319666
286,1.075740,-1.563259,-2.900704,1.355496,0.129918,1.836456,0.840000,1.000000,0.560000,0.500000,0.050000,1.355496
287,1.062886,-1.567754,-2.882340,1.392852,0.100761,1.811273,1.000000,1.000000,0.540000,0.250000,-0.600000,1.392852
288,1.049681,-1.572299,-2.864227,1.406581,0.066593,1.520497,1.000000,1.000000,0.520000,0.250000,-0.700000,1.406581
289,1.036336,-1.576791,-2.849022,1.418652,0.037360,1.221410,1.000000,1.000000,0.500000,0.250000,-0.750000,1.418652
290,1.022860,-1.581240,-2.836808,1.429778,0.012956,0.912245,1.000000,1.000000,0.500000,0.250000,-0.750000,1.429778
291,1.009260,-1.585654,-2.827685,1.440585,-0.006800,0.587611,1.000000,0.960000,0.480000,0.100000,-0.650000,1.440585
292,0.995537,-1.590038,-2.821809,1.441620,-0.022206,0.233972,1.000000,0.920000,0.480000,-0.050000,-0.550000,1.441620
293,0.981782,-1.594359,-2.819470,1.433136,-0.032625,-0.132190,1.000000,0.900000,0.460000,-1.000000,-0.550000,1.433136
294,0.968084,-1.598586,-2.820792,1.358284,-0.037755,-0.494164,1.000000,0.900000,0.460000,-0.050000,-0.550000,1.358284
295,0.955075,-1.602511,-2.825733,1.350128,-0.038146,-0.847321,1.000000,0.900000,0.460000,-0.050000,-0.550000,1.350128
296,0.942123,-1.606343,-2.834206,1.342131,-0.034055,-1.185253,1.000000,0.920000,0.460000,0.050000,-0.650000,1.342131
297,0.929228,-1.610079,-2.846059,1.340236,-0.025702,-1.496571,1.000000,0.940000,0.460000,0.150000,-0.700000,1.340236
298,0.916332,-1.613736,-2.861025,1.344862,-0.013496,-1.777169,1.000000,0.980000,0.460000,0.200000,-0.750000,1.344862
299,0.903372,-1.617331,-2.878796,1.352403,0.002239,-2.022152,1.000000,1.000000,0.480000,0.250000,-0.750000,1.352403
300,0.890318,-1.620866,-2.899018,1.363147,0.020836,-2.239631,1.000000,1.000000,0.480000,0.250000,-0.750000,1.363147
301,0.877136,-1.624342,-2.921414,1.373455,0.042016,-2.429151,1.000000,1.000000,0.500000,0.250000,-0.750000,1.373455
302,0.863824,-1.627752,-2.945706,1.383191,0.065430,-2.590948,0.940000,1.000000,0.500000,0.350000,-0.800000,1.383191
303,0.850384,-1.631086,-2.971615,1.398833,0.091021,-2.713875,0.820000,1.000000,0.520000,0.500000,0.200000,1.398833
304,0.836752,-1.634349,-2.998754,1.430155,0.130155,-2.301482,0.740000,1.000000,0.540000,0.500000,0.300000,1.430155
305,0.822781,-1.637673,-3.021769,1.460078,0.164918,-1.827556,0.680000,1.000000,0.560000,0.500000,0.300000,1.460078
306,0.808482,-1.641056,-3.040044,1.490142,0.192680,-1.365911,0.640000,1.000000,0.580000,0.500000,0.300000,1.490142
307,0.793853,-1.644484,-3.053703,1.520733,0.213510,-0.919700,0.620000,1.000000,0.580000,0.500000,0.300000,1.520733
308,0.778891,-1.647945,-3.062900,1.552111,0.227546,-0.490174,0.600000,1.000000,0.600000,0.500000,0.300000,1.552111
309,0.763597,-1.651434,-3.067802,1.584425,0.234962,-0.077465,0.600000,1.000000,0.600000,0.500000,0.300000,1.584425
310,0.747969,-1.654945,-3.068577,1.617729,0.235941,0.318745,0.620000,1.000000,0.580000,0.500000,0.300000,1.617729
311,0.732007,-1.658478,-3.065389,1.651991,0.230672,0.698707,0.620000,1.000000,0.580000,0.500000,0.300000,1.651991
312,0.715711,-1.662036,-3.058402,1.687106,0.219339,1.062251,0.660000,1.000000,0.560000,0.500000,0.300000,1.687106
313,0.699080,-1.665624,-3.047780,1.722903,0.202136,1.408575,0.700000,1.000000,0.540000,0.500000,0.300000,1.722903
314,0.682116,-1.669250,-3.033694,1.759156,0.179275,1.736181,0.740000,1.000000,0.520000,0.500000,0.300000,1.759156
315,0.664820,-1.672927,-3.016332,1.795594,0.150999,2.042976,0.820000,1.000000,0.500000,0.500000,0.200000,1.795594
316,0.647194,-1.676668,-2.995902,1.832902,0.115218,2.225097,0.900000,1.000000,0.480000,0.450000,-1.000000,1.832902
317,0.629226,-1.680469,-2.973651,1.858280,0.068263,2.032290,1.000000,1.000000,0.440000,-0.350000,-0.850000,1.858280
318,0.611019,-1.684248,-2.953329,1.827444,0.023949,1.754235,1.000000,1.000000,0.420000,0.150000,-0.950000,1.827444
319,0.593112,-1.687904,-2.935786,1.829996,-0.013254,1.476166,1.000000,1.000000,0.400000,0.150000,-0.950000,1.829996
320,0.575171,-1.691514,-2.921025,1.831944,-0.044889,1.173361,1.000000,0.960000,0.400000,-1.000000,-0.850000,1.831944
321,0.557197,-1.695084,-2.909291,1.753754,-0.071326,0.821227,1.000000,0.900000,0.380000,-1.000000,-0.750000,1.753754
322,0.539967,-1.698427,-2.901079,1.676332,-0.090905,0.427960,1.000000,0.860000,0.380000,-1.000000,-0.600000,1.676332
323,0.523469,-1.701537,-2.896799,1.600533,-0.103549,0.003192,1.000000,0.840000,0.360000,-1.000000,-0.500000,1.600533
324,0.507690,-1.704412,-2.896767,1.526236,-0.108907,-0.420631,1.000000,0.820000,0.360000,-1.000000,-0.450000,1.526236
325,0.492619,-1.707055,-2.900973,1.453037,-0.107571,-0.827754,1.000000,0.820000,0.360000,-1.000000,-0.450000,1.453037
326,0.478251,-1.709472,-2.909251,1.380338,-0.100750,-1.219653,1.000000,0.840000,0.360000,-1.000000,-0.500000,1.380338
327,0.464587,-1.711670,-2.921447,1.307457,-0.089660,-1.600746,1.000000,0.880000,0.360000,-0.400000,-0.650000,1.307457
328,0.451632,-1.713651,-2.937455,1.275223,-0.075037,-1.958185,1.000000,0.940000,0.360000,0.150000,-1.000000,1.275223
329,0.438992,-1.715501,-2.957037,1.278747,-0.055120,-2.199903,1.000000,1.000000,0.380000,0.250000,-1.000000,1.278747
330,0.426321,-1.717306,-2.979036,1.289006,-0.032794,-2.405466,1.000000,1.000000,0.400000,0.250000,-0.950000,1.289006
331,0.413548,-1.719068,-3.003090,1.299143,-0.008741,-2.590785,1.000000,1.000000,0.400000,0.250000,-0.950000,1.299143
332,0.400668,-1.720775,-3.028998,1.308704,0.017207,-2.740060,0.940000,1.000000,0.420000,0.350000,-1.000000,1.308704
333,0.387684,-1.722417,-3.056399,1.324245,0.045023,-2.838363,0.840000,1.000000,0.440000,0.500000,0.050000,1.324245
334,0.374527,-1.723992,-3.084783,1.357699,0.081648,-2.575085,0.780000,1.000000,0.460000,0.500000,0.300000,1.357699
335,0.361019,-1.725578,-3.110533,1.388355,0.119543,-2.101835,0.720000,1.000000,0.500000,0.500000,0.300000,1.388355
336,0.347179,-1.727204,-3.131552,1.418760,0.150793,-1.635602,0.680000,1.000000,0.520000,0.500000,0.300000,1.418760
337,0.333007,-1.728854,-3.147908,1.449362,0.175366,-1.181811,0.660000,1.000000,0.540000,0.500000,0.300000,1.449362
338,0.318503,-1.730516,-3.159726,1.480490,0.193328,-0.743441,0.640000,1.000000,0.560000,0.500000,0.300000,1.480490
339,0.303665,-1.732181,-3.167160,1.512360,0.204813,-0.321797,0.620000,1.000000,0.560000,0.500000,0.300000,1.512360
340,0.288494,-1.733842,-3.170378,1.545086,0.209988,0.082762,0.620000,1.000000,0.560000,0.500000,0.300000,1.545086
341,0.272989,-1.735496,-3.169551,1.578692,0.209035,0.470211,0.640000,1.000000,0.560000,0.500000,0.300000,1.578692
342,0.257150,-1.737144,-3.164849,1.613122,0.202143,0.840403,0.640000,1.000000,0.540000,0.500000,0.300000,1.613122
343,0.240976,-1.738790,-3.156445,1.648255,0.189511,1.192775,0.660000,1.000000,0.520000,0.500000,0.300000,1.648255
344,0.224467,-1.740440,-3.144517,1.683909,0.171348,1.526207,0.680000,1.000000,0.500000,0.500000,0.300000,1.683909
345,0.207623,-1.742104,-3.129255,1.719855,0.147889,1.839042,0.720000,1.000000,0.480000,0.500000,0.300000,1.719855
346,0.190444,-1.743795,-3.110864,1.755823,0.119402,2.129261,0.760000,1.000000,0.460000,0.500000,0.300000,1.755823
347,0.172931,-1.745528,-3.089572,1.791517,0.086187,2.394805,0.820000,1.000000,0.420000,0.500000,0.200000,1.791517
348,0.155085,-1.747321,-3.065624,1.827640,0.046435,2.542106,0.900000,1.000000,0.400000,0.450000,-1.000000,1.827640
349,0.136897,-1.749171,-3.040203,1.851646,-0.004713,2.277655,0.980000,1.000000,0.380000,0.200000,-1.000000,1.851646
350,0.118471,-1.750998,-3.017426,1.856867,-0.050809,1.976623,1.000000,1.000000,0.360000,-0.350000,-1.000000,1.856867
351,0.099982,-1.752794,-2.997660,1.822702,-0.090803,1.645549,1.000000,1.000000,0.340000,0.150000,-1.000000,1.822702
352,0.081813,-1.754509,-2.981204,1.823070,-0.123552,1.289181,1.000000,0.980000,0.340000,-0.100000,-1.000000,1.823070
353,0.063619,-1.756201,-2.968313,1.805852,-0.149464,0.916695,1.000000,0.900000,0.320000,-1.000000,-0.950000,1.805852
354,0.045573,-1.757842,-2.959146,1.726185,-0.168567,0.516416,1.000000,0.860000,0.320000,-1.000000,-0.700000,1.726185
355,0.028292,-1.759317,-2.953981,1.649025,-0.181241,0.044240,1.000000,0.820000,0.300000,-1.000000,-0.450000,1.649025
356,0.011753,-1.760612,-2.953539,1.575391,-0.185354,-0.419905,1.000000,0.820000,0.300000,-1.000000,-0.450000,1.575391
357,-0.004070,-1.761736,-2.957738,1.502717,-0.182005,-0.874273,1.000000,0.840000,0.300000,-1.000000,-0.550000,1.502717
358,-0.019176,-1.762694,-2.966481,1.429763,-0.172714,-1.336153,1.000000,0.880000,0.300000,-1.000000,-0.700000,1.429763
359,-0.033556,-1.763484,-2.979842,1.355998,-0.157699,-1.777459,1.000000,0.940000,0.320000,0.150000,-1.000000,1.355998
360,-0.047193,-1.764111,-2.997617,1.360878,-0.136495,-2.121722,1.000000,0.940000,0.320000,0.150000,-1.000000,1.360878
361,-0.060857,-1.764713,-3.018834,1.365843,-0.111289,-2.428969,1.000000,0.920000,0.340000,0.050000,-1.000000,1.365843
362,-0.074549,-1.765281,-3.043124,1.363603,-0.082655,-2.694307,1.000000,1.000000,0.360000,0.250000,-1.000000,1.363603
363,-0.088200,-1.765799,-3.070067,1.374875,-0.051399,-2.914479,0.940000,1.000000,0.380000,0.350000,-1.000000,1.374875
364,-0.101950,-1.766269,-3.099212,1.392402,-0.017771,-3.088812,0.840000,1.000000,0.400000,0.500000,0.050000,1.392402
365,-0.115869,-1.766681,-3.130100,1.427600,0.026932,-2.831943,0.780000,1.000000,0.420000,0.500000,0.300000,1.427600
366,-0.130141,-1.767115,-3.158419,1.459415,0.071880,-2.387336,0.720000,1.000000,0.460000,0.500000,0.300000,1.459415
367,-0.144745,-1.767588,-3.182293,1.490420,0.110213,-1.937277,0.680000,1.000000,0.500000,0.500000,0.300000,1.490420
368,-0.159682,-1.768083,-3.201665,1.521149,0.141727,-1.490395,0.640000,1.000000,0.520000,0.500000,0.300000,1.521149
369,-0.174951,-1.768584,-3.216569,1.552035,0.166355,-1.052486,0.620000,1.000000,0.540000,0.500000,0.300000,1.552035
370,-0.190553,-1.769080,-3.227094,1.583401,0.184141,-0.627083,0.620000,1.000000,0.560000,0.500000,0.300000,1.583401
371,-0.206486,-1.769563,-3.233365,1.615457,0.195193,-0.216129,0.600000,1.000000,0.580000,0.500000,0.300000,1.615457
372,-0.222752,-1.770026,-3.235526,1.648313,0.199664,0.179367,0.600000,1.000000,0.580000,0.500000,0.300000,1.648313
373,-0.239349,-1.770468,-3.233733,1.681987,0.197731,0.558773,0.620000,1.000000,0.580000,0.500000,0.300000,1.681987
374,-0.256280,-1.770889,-3.228145,1.716417,0.189585,0.921411,0.620000,1.000000,0.560000,0.500000,0.300000,1.716417
375,-0.273544,-1.771294,-3.218931,1.751472,0.175433,1.266289,0.640000,1.000000,0.540000,0.500000,0.300000,1.751472
376,-0.291141,-1.771690,-3.206268,1.786959,0.155506,1.591979,0.660000,1.000000,0.520000,0.500000,0.300000,1.786959
377,-0.309074,-1.772087,-3.190348,1.822637,0.130061,1.896657,0.680000,1.000000,0.500000,0.500000,0.300000,1.822637
378,-0.327342,-1.772498,-3.171382,1.858225,0.099393,2.178287,0.700000,1.000000,0.460000,0.500000,0.300000,1.858225
379,-0.345946,-1.772938,-3.149599,1.893417,0.063835,2.434945,0.740000,1.000000,0.440000,0.500000,0.300000,1.893417
380,-0.364885,-1.773425,-3.125249,1.927895,0.023752,2.665178,1.000000,1.000000,0.400000,-1.000000,-0.950000,1.927895
381,-0.384157,-1.773977,-3.098597,1.850124,-0.032281,2.362777,1.000000,1.000000,0.380000,-1.000000,-1.000000,1.850124
382,-0.402655,-1.774450,-3.074970,1.770696,-0.079382,2.035981,1.000000,0.920000,0.360000,-1.000000,-0.950000,1.770696
383,-0.420376,-1.774837,-3.054610,1.690756,-0.118491,1.658054,1.000000,0.920000,0.340000,-1.000000,-1.000000,1.690756
384,-0.437322,-1.775125,-3.038029,1.610203,-0.148616,1.269911,1.000000,0.900000,0.320000,-1.000000,-0.950000,1.610203
385,-0.453492,-1.775311,-3.025330,1.530077,-0.171107,0.845056,1.000000,0.860000,0.320000,-1.000000,-0.700000,1.530077
386,-0.468888,-1.775387,-3.016880,1.452410,-0.187199,0.345342,1.000000,0.820000,0.320000,-1.000000,-0.450000,1.452410
387,-0.483532,-1.775336,-3.013426,1.378326,-0.194812,-0.144913,1.000000,0.800000,0.320000,-1.000000,-0.400000,1.378326
388,-0.497451,-1.775166,-3.014875,1.305926,-0.194600,-0.602922,1.000000,0.800000,0.320000,-1.000000,-0.400000,1.305926
389,-0.510651,-1.774886,-3.020905,1.234552,-0.188333,-1.044337,1.000000,0.840000,0.320000,-1.000000,-0.550000,1.234552
390,-0.523134,-1.774502,-3.031348,1.162213,-0.178398,-1.523061,1.000000,0.840000,0.320000,-0.250000,-0.550000,1.162213
391,-0.534882,-1.774008,-3.046579,1.143213,-0.163909,-1.978545,1.000000,0.820000,0.340000,-1.000000,-0.450000,1.143213
392,-0.546418,-1.773461,-3.066364,1.073514,-0.144343,-2.365662,1.000000,0.820000,0.360000,-0.200000,-0.450000,1.073514
393,-0.557231,-1.772828,-3.090021,1.060034,-0.122679,-2.713447,1.000000,0.880000,0.380000,0.000000,-0.600000,1.060034
394,-0.567881,-1.772150,-3.117155,1.058568,-0.099721,-3.058928,1.000000,0.920000,0.400000,0.100000,-0.750000,1.058568
395,-0.578487,-1.771411,-3.147744,1.062225,-0.074139,-3.346098,1.000000,0.940000,0.440000,0.150000,-0.800000,1.062225
396,-0.589105,-1.770605,-3.181205,1.068328,-0.046342,-3.571348,1.000000,0.940000,0.480000,0.150000,-0.650000,1.068328
397,-0.599761,-1.769718,-3.216919,1.074964,-0.017542,-3.768317,1.000000,0.980000,0.500000,0.200000,-0.700000,1.074964
398,-0.610467,-1.768735,-3.254602,1.083554,0.012694,-3.916753,0.680000,0.960000,0.500000,0.450000,0.200000,1.083554
399,-0.621248,-1.767639,-3.293770,1.113061,0.058009,-3.427230,0.540000,1.000000,0.560000,0.500000,0.300000,1.113061
400,-0.632338,-1.766525,-3.328042,1.143724,0.098875,-2.896502,0.500000,1.000000,0.660000,0.500000,0.300000,1.143724
401,-0.643760,-1.765376,-3.357007,1.173698,0.133761,-2.375846,0.480000,1.000000,0.740000,0.500000,0.300000,1.173698
402,-0.655512,-1.764174,-3.380765,1.203549,0.162558,-1.872454,0.460000,1.000000,0.720000,0.500000,0.300000,1.203549
403,-0.667590,-1.762902,-3.399490,1.233718,0.185291,-1.390175,0.440000,1.000000,0.780000,0.500000,0.350000,1.233718
404,-0.679992,-1.761547,-3.413392,1.263933,0.202936,-0.893547,0.440000,1.000000,0.780000,0.500000,0.350000,1.263933
405,-0.692712,-1.760109,-3.422327,1.295049,0.214392,-0.416905,0.440000,1.000000,0.780000,0.500000,0.350000,1.295049
406,-0.705749,-1.758581,-3.426496,1.327188,0.219796,0.039733,0.420000,1.000000,0.760000,0.500000,0.350000,1.327188
407,-0.719104,-1.756960,-3.426099,1.360375,0.219302,0.476630,0.420000,1.000000,0.760000,0.500000,0.350000,1.360375
408,-0.732776,-1.755247,-3.421332,1.394547,0.213073,0.893787,0.420000,0.980000,0.740000,0.450000,0.300000,1.394547
409,-0.746768,-1.753444,-3.412395,1.426662,0.200216,1.244995,0.420000,0.960000,0.740000,0.450000,0.250000,1.426662
410,-0.761050,-1.751557,-3.399945,1.459840,0.181452,1.523364,0.440000,0.960000,0.720000,0.450000,0.250000,1.459840
411,-0.775628,-1.749581,-3.384711,1.493206,0.159110,1.785070,0.440000,0.940000,0.720000,0.450000,0.250000,1.493206
412,-0.790504,-1.747531,-3.366860,1.526550,0.133384,2.028377,0.520000,0.880000,0.680000,0.350000,0.100000,1.526550
413,-0.805682,-1.745421,-3.346577,1.553634,0.100172,2.066683,0.540000,0.860000,0.620000,0.350000,0.100000,1.553634
414,-0.821097,-1.743240,-3.325910,1.580007,0.067278,2.097322,1.000000,0.840000,0.600000,-1.000000,-0.200000,1.580007
415,-0.836752,-1.741005,-3.304937,1.509844,0.027468,1.808123,0.980000,0.840000,0.600000,-1.000000,-0.250000,1.509844
416,-0.851695,-1.738821,-3.286855,1.438374,-0.006043,1.475912,0.960000,0.820000,0.580000,-1.000000,-0.250000,1.438374
417,-0.865918,-1.736679,-3.272096,1.366433,-0.032542,1.132576,0.940000,0.760000,0.580000,-1.000000,-0.250000,1.366433
418,-0.879424,-1.734578,-3.260770,1.294331,-0.052464,0.785171,0.920000,0.760000,0.560000,-1.000000,-0.300000,1.294331
419,-0.892213,-1.732519,-3.252919,1.221768,-0.067096,0.409276,0.900000,0.740000,0.560000,-1.000000,-0.300000,1.221768
420,-0.904280,-1.730494,-3.248826,1.149463,-0.076059,0.039483,0.900000,0.740000,0.540000,-1.000000,-0.350000,1.149463
421,-0.915628,-1.728508,-3.248431,1.076951,-0.080771,-0.346776,0.880000,0.720000,0.540000,-1.000000,-0.350000,1.076951
422,-0.926250,-1.726556,-3.251899,1.004862,-0.081114,-0.716931,0.880000,0.720000,0.520000,-1.000000,-0.400000,1.004862
423,-0.936148,-1.724644,-3.259068,0.932589,-0.078544,-1.090054,0.880000,0.700000,0.520000,-1.000000,-0.400000,0.932589
424,-0.945317,-1.722771,-3.269969,0.860695,-0.073169,-1.435768,0.860000,0.700000,0.500000,-1.000000,-0.450000,0.860695
425,-0.953760,-1.720943,-3.284326,0.788484,-0.066412,-1.768496,0.860000,0.740000,0.520000,-1.000000,-0.400000,0.788484
426,-0.961470,-1.719164,-3.302011,0.717117,-0.058004,-2.037248,0.880000,0.740000,0.560000,-1.000000,-0.350000,0.717117
427,-0.968456,-1.717446,-3.322384,0.646481,-0.048694,-2.223658,0.880000,0.720000,0.560000,-1.000000,-0.350000,0.646481
428,-0.974728,-1.715805,-3.344620,0.575841,-0.040235,-2.358388,0.880000,0.720000,0.560000,-1.000000,-0.350000,0.575841
429,-0.980287,-1.714250,-3.368204,0.505177,-0.033164,-2.438443,0.880000,0.720000,0.580000,-1.000000,-0.300000,0.505177
430,-0.985135,-1.712792,-3.392589,0.435103,-0.026647,-2.410490,0.900000,0.760000,0.620000,-0.300000,-0.250000,0.435103
431,-0.989284,-1.711453,-3.416694,0.414488,-0.020880,-2.267313,0.900000,0.760000,0.620000,-0.300000,-0.250000,0.414488
432,-0.993216,-1.710126,-3.439367,0.393612,-0.016782,-2.129322,0.920000,0.760000,0.620000,-0.300000,-0.200000,0.393612
433,-0.996930,-1.708811,-3.460660,0.372937,-0.012621,-1.932474,0.400000,0.780000,0.620000,0.250000,-0.050000,0.372937
434,-1.000432,-1.707521,-3.479985,0.390861,-0.005728,-1.565791,0.400000,0.780000,0.600000,0.250000,-0.100000,0.390861
435,-1.004099,-1.706169,-3.495643,0.408531,-0.002353,-1.347547,0.380000,0.780000,0.600000,0.250000,-0.100000,0.408531
436,-1.007923,-1.704731,-3.509118,0.426051,-0.000099,-1.186283,0.380000,0.780000,0.640000,0.250000,-0.050000,0.426051
437,-1.011899,-1.703199,-3.520981,0.443585,0.002944,-1.001437,0.380000,0.780000,0.640000,0.250000,-0.050000,0.443585
438,-1.016030,-1.701584,-3.530995,0.461052,0.005004,-0.860650,0.360000,0.780000,0.640000,0.250000,-0.050000,0.461052
439,-1.020315,-1.699880,-3.539602,0.478480,0.006371,-0.753199,0.360000,0.780000,0.640000,0.250000,-0.050000,0.478480
440,-1.024750,-1.698084,-3.547134,0.495885,0.007260,-0.671052,0.360000,0.780000,0.640000,0.250000,-0.050000,0.495885
441,-1.029335,-1.696194,-3.553844,0.513276,0.007821,-0.608242,0.360000,0.780000,0.620000,0.250000,-0.050000,0.513276
442,-1.034069,-1.694209,-3.559927,0.530659,0.008168,-0.560328,0.340000,0.760000,0.620000,0.250000,-0.050000,0.530659
443,-1.038952,-1.692128,-3.565530,0.548035,0.008379,-0.523970,0.340000,0.760000,0.620000,0.250000,-0.050000,0.548035
444,-1.043981,-1.689950,-3.570770,0.565408,0.008514,-0.496639,0.340000,0.760000,0.620000,0.250000,-0.050000,0.565408
445,-1.049158,-1.687675,-3.575736,0.582777,0.008615,-0.476401,0.340000,0.760000,0.620000,0.250000,-0.050000,0.582777
446,-1.054481,-1.685302,-3.580500,0.600144,0.008715,-0.461764,0.340000,0.760000,0.600000,0.250000,-0.100000,0.600144
447,-1.059951,-1.682830,-3.585118,0.617296,0.007377,-0.513973,0.320000,0.760000,0.600000,0.250000,-0.100000,0.617296
448,-1.065558,-1.680248,-3.590257,0.634461,0.006580,-0.561653,0.320000,0.760000,0.600000,0.250000,-0.100000,0.634461
449,-1.071304,-1.677555,-3.595874,0.651635,0.006257,-0.605307,0.320000,0.740000,0.640000,0.250000,-0.050000,0.651635
450,-1.077186,-1.674752,-3.601927,0.669010,0.007831,-0.582110,0.320000,0.740000,0.640000,0.250000,-0.050000,0.669010
451,-1.083215,-1.671850,-3.607748,0.686370,0.009233,-0.563629,0.300000,0.740000,0.620000,0.250000,-0.100000,0.686370
452,-1.089388,-1.668848,-3.613384,0.703508,0.009043,-0.611716,0.300000,0.740000,0.620000,0.250000,-0.100000,0.703508
453,-1.095695,-1.665731,-3.619502,0.720647,0.009312,-0.655781,0.300000,0.740000,0.620000,0.250000,-0.100000,0.720647
454,-1.102137,-1.662499,-3.626059,0.737781,0.009989,-0.696254,0.300000,0.740000,0.620000,0.250000,-0.100000,0.737781
455,-1.108713,-1.659151,-3.633022,0.754905,0.011030,-0.733523,0.280000,0.720000,0.600000,0.250000,-0.150000,0.754905
456,-1.115420,-1.655686,-3.640357,0.771684,0.011078,-0.824373,0.280000,0.720000,0.600000,0.250000,-0.150000,0.771684
457,-1.122250,-1.652092,-3.648601,0.788462,0.011933,-0.907280,0.280000,0.720000,0.600000,0.250000,-0.150000,0.788462
458,-1.129201,-1.648368,-3.657674,0.805226,0.013507,-0.982931,0.280000,0.720000,0.600000,0.250000,-0.150000,0.805226
459,-1.136271,-1.644512,-3.667503,0.821966,0.015726,-1.051988,0.260000,0.720000,0.600000,0.250000,-0.150000,0.821966
460,-1.143459,-1.640522,-3.678023,0.838668,0.018523,-1.115077,0.260000,0.720000,0.580000,0.250000,-0.150000,0.838668
461,-1.150762,-1.636395,-3.689174,0.855321,0.021842,-1.172776,0.260000,0.720000,0.620000,0.250000,-0.100000,0.855321
462,-1.158178,-1.632128,-3.700901,0.872244,0.026957,-1.169078,0.240000,0.720000,0.620000,0.250000,-0.100000,0.872244
463,-1.165715,-1.627729,-3.712592,0.889087,0.031927,-1.166467,0.240000,0.700000,0.620000,0.250000,-0.150000,0.889087
464,-1.173368,-1.623192,-3.724257,0.905513,0.035505,-1.219607,0.240000,0.700000,0.600000,0.250000,-0.150000,0.905513
465,-1.181124,-1.618506,-3.736453,0.921867,0.039568,-1.268657,0.220000,0.700000,0.600000,0.250000,-0.150000,0.921867
466,-1.188981,-1.613667,-3.749140,0.938140,0.044076,-1.313959,0.220000,0.700000,0.600000,0.200000,-0.150000,0.938140
467,-1.196935,-1.608674,-3.762279,0.950821,0.048995,-1.355834,0.220000,0.700000,0.600000,0.200000,-0.150000,0.950821
468,-1.204955,-1.603543,-3.775838,0.963400,0.054238,-1.394118,0.200000,0.700000,0.580000,0.200000,-0.150000,0.963400
469,-1.213037,-1.598271,-3.789779,0.975872,0.059771,-1.429150,0.200000,0.700000,0.580000,0.200000,-0.150000,0.975872
470,-1.221177,-1.592855,-3.804070,0.988228,0.065569,-1.461239,0.200000,0.700000,0.580000,0.200000,-0.150000,0.988228
471,-1.229372,-1.587294,-3.818683,1.000462,0.071607,-1.490666,0.180000,0.700000,0.580000,0.200000,-0.150000,1.000462
472,-1.237618,-1.581584,-3.833589,1.012568,0.077865,-1.517689,0.180000,0.700000,0.580000,0.200000,-0.150000,1.012568
473,-1.245912,-1.575723,-3.848766,1.024541,0.084325,-1.542539,0.180000,0.700000,0.560000,0.200000,-0.200000,1.024541
474,-1.254248,-1.569707,-3.864192,1.035926,0.090056,-1.604569,0.160000,0.700000,0.560000,0.200000,-0.200000,1.035926
475,-1.262614,-1.563532,-3.880237,1.047154,0.096403,-1.662041,0.160000,0.700000,0.560000,0.200000,-0.200000,1.047154
476,-1.271006,-1.557194,-3.896858,1.058208,0.103315,-1.715226,0.160000,0.700000,0.560000,0.200000,-0.200000,1.058208
477,-1.279419,-1.550693,-3.914010,1.069075,0.110747,-1.764402,0.140000,0.700000,0.560000,0.200000,-0.200000,1.069075
478,-1.287848,-1.544025,-3.931654,1.079741,0.118658,-1.809847,0.140000,0.700000,0.560000,0.200000,-0.200000,1.079741
479,-1.296291,-1.537190,-3.949752,1.090193,0.127010,-1.851837,0.120000,0.700000,0.540000,0.200000,-0.200000,1.090193
480,-1.304740,-1.530185,-3.968271,1.100421,0.135770,-1.890642,0.120000,0.720000,0.540000,0.250000,-0.200000,1.100421
481,-1.313193,-1.523009,-3.987177,1.113912,0.144906,-1.926521,0.120000,0.720000,0.540000,0.250000,-0.200000,1.113912
482,-1.321666,-1.515634,-4.006442,1.127157,0.154472,-1.960079,0.100000,0.700000,0.540000,0.200000,-0.200000,1.127157
483,-1.330154,-1.508059,-4.026043,1.136643,0.164447,-1.991492,0.100000,0.700000,0.540000,0.200000,-0.200000,1.136643
484,-1.338629,-1.500308,-4.045958,1.145861,0.174729,-2.020597,0.100000,0.680000,0.540000,0.200000,-0.200000,1.145861
485,-1.347086,-1.492381,-4.066164,1.154800,0.185297,-2.047608,0.080000,0.680000,0.540000,0.200000,-0.200000,1.154800
486,-1.355519,-1.484278,-4.086640,1.163454,0.196131,-2.072729,0.080000,0.680000,0.540000,0.200000,-0.200000,1.163454
487,-1.363923,-1.475996,-4.107367,1.171815,0.207215,-2.096147,0.080000,0.700000,0.540000,0.200000,-0.200000,1.171815
488,-1.372292,-1.467537,-4.128329,1.179877,0.218533,-2.118036,0.060000,0.700000,0.540000,0.200000,-0.200000,1.179877
489,-1.380622,-1.458899,-4.149509,1.187633,0.230071,-2.138557,0.060000,0.720000,0.540000,0.250000,-0.200000,1.187633
490,-1.388905,-1.450083,-4.170895,1.198577,0.241818,-2.157859,1.000000,0.720000,0.540000,-1.000000,-0.300000,1.198577
491,-1.397155,-1.441058,-4.192473,1.120697,0.253206,-2.203876,1.000000,0.740000,0.540000,-1.000000,-0.250000,1.120697
492,-1.404920,-1.432590,-4.214512,1.042940,0.263230,-2.230521,1.000000,0.760000,0.540000,-1.000000,-0.250000,1.042940
493,-1.412213,-1.424684,-4.236817,0.964868,0.271397,-2.250566,1.000000,0.780000,0.540000,-1.000000,-0.250000,0.964868
494,-1.419044,-1.417348,-4.259323,0.886536,0.277632,-2.265447,1.000000,0.800000,0.540000,-0.200000,-0.250000,0.886536
495,-1.425420,-1.410593,-4.281978,0.863997,0.281889,-2.276500,1.000000,0.820000,0.560000,-0.100000,-0.250000,0.863997
496,-1.431587,-1.403917,-4.304743,0.848320,0.285607,-2.286618,1.000000,0.860000,0.560000,0.050000,-0.300000,0.848320
497,-1.437572,-1.397261,-4.327609,0.842522,0.288860,-2.300596,1.000000,0.880000,0.560000,0.050000,-0.300000,0.842522
498,-1.443412,-1.390536,-4.350615,0.836605,0.292052,-2.314071,1.000000,0.920000,0.560000,0.150000,-0.350000,0.836605
499,-1.449105,-1.383745,-4.373755,0.837073,0.295155,-2.327934,1.000000,0.980000,0.560000,0.200000,-0.500000,0.837073
500,-1.454669,-1.376830,-4.397035,0.839484,0.298649,-2.329327,1.000000,1.000000,0.540000,0.250000,-0.600000,0.839484
501,-1.460112,-1.369776,-4.420328,0.844408,0.302602,-2.313055,1.000000,0.980000,0.540000,0.200000,-0.550000,0.844408
502,-1.465442,-1.362561,-4.443459,0.846228,0.306303,-2.306162,1.000000,1.000000,0.540000,0.250000,-0.600000,0.846228
503,-1.470643,-1.355216,-4.466520,0.851040,0.310197,-2.289411,0.560000,1.000000,0.560000,0.500000,0.300000,0.851040
504,-1.475723,-1.347717,-4.489414,0.878684,0.322808,-1.898102,0.500000,1.000000,0.560000,0.500000,0.300000,0.878684
505,-1.480814,-1.339861,-4.508395,0.907452,0.332165,-1.530376,0.460000,1.000000,0.580000,0.500000,0.300000,0.907452
506,-1.485905,-1.331648,-4.523699,0.937364,0.338458,-1.180010,0.440000,1.000000,0.580000,0.500000,0.300000,0.937364
507,-1.490988,-1.323075,-4.535499,0.968422,0.341804,-0.842012,0.440000,1.000000,0.580000,0.500000,0.300000,0.968422
508,-1.496057,-1.314144,-4.543919,1.000617,0.342258,-0.512455,0.440000,1.000000,0.580000,0.500000,0.300000,1.000617
509,-1.501109,-1.304853,-4.549044,1.033926,0.339823,-0.188319,0.440000,1.000000,0.580000,0.500000,0.300000,1.033926
510,-1.506143,-1.295204,-4.550927,1.068312,0.334465,0.132606,0.460000,1.000000,0.580000,0.500000,0.300000,1.068312
511,-1.511162,-1.285198,-4.549601,1.103719,0.326119,0.451766,0.500000,1.000000,0.560000,0.500000,0.300000,1.103719
512,-1.516169,-1.274835,-4.545083,1.140072,0.314699,0.769825,0.520000,1.000000,0.560000,0.500000,0.300000,1.140072
513,-1.521170,-1.264118,-4.537385,1.177268,0.300113,1.086594,0.800000,1.000000,0.540000,0.500000,0.250000,1.177268
514,-1.526175,-1.253047,-4.526519,1.215599,0.280786,1.337256,1.000000,1.000000,0.520000,0.250000,-0.700000,1.215599
515,-1.531181,-1.241619,-4.513147,1.230340,0.251617,1.272226,1.000000,1.000000,0.500000,0.250000,-0.750000,1.230340
516,-1.536083,-1.230058,-4.500424,1.244143,0.223820,1.198915,1.000000,1.000000,0.480000,0.250000,-0.750000,1.244143
517,-1.540888,-1.218365,-4.488435,1.257436,0.197241,1.103206,1.000000,0.940000,0.460000,0.150000,-0.700000,1.257436
518,-1.545604,-1.206543,-4.477403,1.263627,0.171897,0.972201,1.000000,0.880000,0.460000,-1.000000,-0.450000,1.263627
519,-1.550218,-1.194654,-4.467681,1.191093,0.147700,0.781774,1.000000,0.840000,0.440000,-1.000000,-0.450000,1.191093
520,-1.554537,-1.183456,-4.459863,1.118080,0.126747,0.582304,1.000000,0.820000,0.420000,-1.000000,-0.400000,1.118080
521,-1.558557,-1.172947,-4.454040,1.045190,0.108815,0.376493,1.000000,0.820000,0.420000,-0.250000,-0.400000,1.045190
522,-1.562280,-1.163120,-4.450275,1.024510,0.093633,0.167819,1.000000,0.800000,0.420000,-1.000000,-0.400000,1.024510
523,-1.565839,-1.153467,-4.448597,0.951119,0.080935,-0.045914,1.000000,0.800000,0.400000,-1.000000,-0.400000,0.951119
524,-1.569100,-1.144496,-4.449056,0.877573,0.070437,-0.255913,1.000000,0.800000,0.400000,-0.250000,-0.400000,0.877573
525,-1.572064,-1.136206,-4.451615,0.856423,0.061719,-0.458605,1.000000,0.780000,0.400000,-1.000000,-0.400000,0.856423
526,-1.574869,-1.128090,-4.456201,0.782710,0.054777,-0.657704,1.000000,0.780000,0.400000,-1.000000,-0.400000,0.782710
527,-1.577382,-1.120658,-4.462779,0.708959,0.048895,-0.842820,1.000000,0.780000,0.400000,-0.250000,-0.400000,0.708959
528,-1.579607,-1.113908,-4.471207,0.687697,0.043624,-1.010762,1.000000,0.760000,0.400000,-0.250000,-0.400000,0.687697
529,-1.581673,-1.107335,-4.481314,0.666449,0.039324,-1.169767,1.000000,0.780000,0.400000,-0.250000,-0.400000,0.666449
530,-1.583583,-1.100937,-4.493012,0.645224,0.035832,-1.318368,1.000000,0.800000,0.400000,-0.150000,-0.400000,0.645224
531,-1.585336,-1.094718,-4.506196,0.631028,0.032988,-1.455472,1.000000,0.840000,0.420000,0.000000,-0.450000,0.631028
532,-1.586951,-1.088609,-4.520750,0.626816,0.030574,-1.590801,1.000000,0.900000,0.420000,0.100000,-0.650000,0.626816
533,-1.588445,-1.082514,-4.536658,0.627601,0.029008,-1.714290,1.000000,0.940000,0.420000,0.150000,-0.850000,0.627601
534,-1.589828,-1.076385,-4.553801,0.630216,0.029168,-1.789215,1.000000,0.920000,0.440000,0.150000,-0.700000,0.630216
535,-1.591111,-1.070208,-4.571693,0.634030,0.028943,-1.894976,1.000000,0.920000,0.460000,0.150000,-0.650000,0.634030
536,-1.592287,-1.063971,-4.590643,0.638283,0.029184,-2.003325,1.000000,1.000000,0.460000,0.250000,-0.800000,0.638283
537,-1.593352,-1.057671,-4.610676,0.648205,0.030777,-2.076509,1.000000,1.000000,0.480000,0.250000,-0.750000,0.648205
538,-1.594316,-1.051253,-4.631442,0.658481,0.032686,-2.157145,0.900000,1.000000,0.500000,0.450000,-1.000000,0.658481
539,-1.595175,-1.044717,-4.653013,0.680896,0.036915,-2.161451,0.840000,1.000000,0.520000,0.500000,0.050000,0.680896
540,-1.595947,-1.037942,-4.674628,0.714926,0.049632,-1.822279,0.660000,1.000000,0.540000,0.500000,0.300000,0.714926
541,-1.596713,-1.030816,-4.692850,0.746855,0.064994,-1.308363,0.620000,1.000000,0.580000,0.500000,0.300000,0.746855
542,-1.597509,-1.023362,-4.705934,0.779011,0.076723,-0.828250,0.600000,1.000000,0.600000,0.500000,0.300000,0.779011
543,-1.598326,-1.015577,-4.714216,0.811535,0.084886,-0.382840,0.580000,1.000000,0.600000,0.500000,0.300000,0.811535
544,-1.599160,-1.007460,-4.718045,0.844496,0.089615,0.028371,0.580000,1.000000,0.600000,0.500000,0.300000,0.844496
545,-1.600009,-0.999010,-4.717761,0.877899,0.091085,0.406626,0.580000,1.000000,0.600000,0.500000,0.300000,0.877899
546,-1.600872,-0.990226,-4.713695,0.911706,0.089487,0.753403,0.600000,1.000000,0.600000,0.500000,0.300000,0.911706
547,-1.601755,-0.981108,-4.706161,0.945843,0.085014,1.070149,0.600000,1.000000,0.580000,0.500000,0.300000,0.945843
548,-1.602664,-0.971655,-4.695459,0.980214,0.077856,1.358205,0.760000,1.000000,0.560000,0.500000,0.300000,0.980214
549,-1.603609,-0.961867,-4.681877,1.014707,0.068189,1.618857,0.780000,1.000000,0.540000,0.500000,0.300000,1.014707
550,-1.604600,-0.951746,-4.665689,1.049202,0.056183,1.853422,0.820000,1.000000,0.520000,0.500000,0.200000,1.049202
551,-1.605651,-0.941292,-4.647155,1.084579,0.039710,1.965715,1.000000,1.000000,0.500000,0.250000,-0.750000,1.084579
552,-1.606754,-0.930495,-4.627497,1.096070,0.012000,1.620070,1.000000,1.000000,0.480000,0.250000,-0.750000,1.096070
553,-1.607803,-0.919584,-4.611297,1.107001,-0.011625,1.251866,1.000000,1.000000,0.460000,0.250000,-0.800000,1.107001
554,-1.608805,-0.908558,-4.598778,1.117224,-0.030696,0.881584,1.000000,1.000000,0.440000,0.250000,-0.850000,1.117224
555,-1.609766,-0.897423,-4.589962,1.126968,-0.045232,0.516958,1.000000,0.920000,0.440000,0.100000,-0.700000,1.126968
556,-1.610693,-0.886183,-4.584793,1.127481,-0.056501,0.114801,1.000000,0.880000,0.420000,-0.050000,-0.550000,1.127481
557,-1.611568,-0.874928,-4.583645,1.119145,-0.063606,-0.297752,1.000000,0.880000,0.420000,-0.050000,-0.550000,1.119145
558,-1.612374,-0.863747,-4.586622,1.111115,-0.066178,-0.698280,1.000000,0.880000,0.420000,-0.050000,-0.550000,1.111115
559,-1.613111,-0.852641,-4.593605,1.103400,-0.064560,-1.081192,1.000000,0.940000,0.440000,0.150000,-0.800000,1.103400
560,-1.613778,-0.841608,-4.604417,1.107590,-0.058445,-1.411416,1.000000,1.000000,0.440000,0.250000,-0.850000,1.107590
561,-1.614390,-0.830534,-4.618531,1.118515,-0.048854,-1.703331,1.000000,1.000000,0.440000,0.250000,-0.850000,1.118515
562,-1.614952,-0.819352,-4.635564,1.129444,-0.036437,-1.966530,1.000000,1.000000,0.460000,0.250000,-0.800000,1.129444
563,-1.615455,-0.808063,-4.655230,1.140641,-0.021796,-2.211791,1.000000,1.000000,0.480000,0.250000,-0.750000,1.140641
564,-1.615889,-0.796663,-4.677347,1.152008,-0.005065,-2.436678,0.960000,1.000000,0.500000,0.350000,-0.800000,1.152008
565,-1.616242,-0.785148,-4.701714,1.169584,0.014099,-2.618919,0.900000,1.000000,0.520000,0.450000,-0.900000,1.169584
566,-1.616508,-0.773454,-4.727903,1.192903,0.035827,-2.743986,0.720000,1.000000,0.500000,0.500000,0.300000,1.192903
567,-1.616681,-0.761521,-4.755343,1.224557,0.072443,-2.270446,0.680000,1.000000,0.500000,0.500000,0.300000,1.224557
568,-1.616879,-0.749256,-4.778048,1.255702,0.103237,-1.800293,0.640000,1.000000,0.540000,0.500000,0.300000,1.255702
569,-1.617086,-0.736658,-4.796051,1.286783,0.128095,-1.340701,0.620000,1.000000,0.560000,0.500000,0.300000,1.286783
570,-1.617287,-0.723728,-4.809458,1.318145,0.147019,-0.896120,0.600000,1.000000,0.600000,0.500000,0.300000,1.318145
571,-1.617473,-0.710466,-4.818419,1.350026,0.160094,-0.468967,0.580000,1.000000,0.620000,0.500000,0.300000,1.350026
572,-1.617636,-0.696872,-4.823109,1.382567,0.167457,-0.060349,0.580000,1.000000,0.620000,0.500000,0.300000,1.382567
573,-1.617772,-0.682946,-4.823712,1.415823,0.169279,0.329287,0.580000,1.000000,0.620000,0.500000,0.300000,1.415823
574,-1.617882,-0.668688,-4.820419,1.449770,0.165746,0.699646,0.580000,1.000000,0.600000,0.500000,0.300000,1.449770
575,-1.617967,-0.654096,-4.813423,1.484325,0.157057,1.050246,0.600000,1.000000,0.600000,0.500000,0.300000,1.484325
576,-1.618032,-0.639170,-4.802920,1.519348,0.143425,1.380246,0.600000,1.000000,0.580000,0.500000,0.300000,1.519348
577,-1.618087,-0.623909,-4.789118,1.554655,0.125080,1.688443,0.620000,1.000000,0.560000,0.500000,0.300000,1.554655
578,-1.618142,-0.608312,-4.772233,1.590030,0.102274,1.973413,0.760000,1.000000,0.520000,0.500000,0.300000,1.590030
579,-1.618212,-0.592379,-4.752499,1.625230,0.075279,2.233761,0.780000,1.000000,0.480000,0.500000,0.300000,1.625230
580,-1.618313,-0.576110,-4.730162,1.660000,0.044392,2.468429,0.840000,1.000000,0.460000,0.500000,0.050000,1.660000
581,-1.618461,-0.559505,-4.705477,1.695891,0.003566,2.405212,0.880000,1.000000,0.420000,0.450000,-1.000000,1.695891
582,-1.618614,-0.542546,-4.681425,1.718849,-0.041097,2.101581,0.960000,1.000000,0.400000,0.350000,-1.000000,1.718849
583,-1.618736,-0.525353,-4.660409,1.733864,-0.080457,1.767709,1.000000,1.000000,0.380000,0.150000,-1.000000,1.733864
584,-1.618833,-0.507996,-4.642732,1.734327,-0.113851,1.410613,1.000000,1.000000,0.360000,0.150000,-1.000000,1.734327
585,-1.618904,-0.490616,-4.628626,1.734620,-0.140687,1.036119,1.000000,1.000000,0.360000,0.150000,-1.000000,1.734620
586,-1.618954,-0.473213,-4.618265,1.735073,-0.160789,0.650513,1.000000,1.000000,0.340000,0.150000,-1.000000,1.735073
587,-1.618984,-0.455788,-4.611760,1.735949,-0.174080,0.259548,1.000000,1.000000,0.340000,0.150000,-1.000000,1.735949
588,-1.618996,-0.438341,-4.609164,1.737429,-0.180580,-0.131387,1.000000,1.000000,0.340000,0.150000,-1.000000,1.737429
589,-1.618990,-0.420873,-4.610478,1.739604,-0.180391,-0.517073,1.000000,1.000000,0.340000,0.150000,-1.000000,1.739604
590,-1.618965,-0.403384,-4.615649,1.742478,-0.173699,-0.892294,1.000000,1.000000,0.340000,0.150000,-1.000000,1.742478
591,-1.618919,-0.385873,-4.624572,1.745971,-0.160776,-1.251743,1.000000,1.000000,0.360000,0.150000,-1.000000,1.745971
592,-1.618849,-0.368339,-4.637089,1.749924,-0.141983,-1.590007,1.000000,1.000000,0.360000,0.150000,-1.000000,1.749924
593,-1.618749,-0.350783,-4.652989,1.754116,-0.117771,-1.901711,1.000000,1.000000,0.360000,0.150000,-1.000000,1.754116
594,-1.618615,-0.333203,-4.672007,1.758284,-0.088682,-2.181814,0.980000,1.000000,0.340000,0.250000,-1.000000,1.758284
595,-1.618439,-0.315599,-4.693825,1.769137,-0.055336,-2.426045,0.920000,1.000000,0.320000,0.400000,-1.000000,1.769137
596,-1.618214,-0.297900,-4.718085,1.789884,-0.018241,-2.631487,0.860000,1.000000,0.320000,0.450000,-1.000000,1.789884
597,-1.617930,-0.280002,-4.744400,1.813252,0.022207,-2.797279,0.800000,1.000000,0.340000,0.500000,0.250000,1.813252
598,-1.617571,-0.261872,-4.772373,1.845650,0.077486,-2.410089,0.740000,1.000000,0.380000,0.500000,0.300000,1.845650
599,-1.617238,-0.243402,-4.796474,1.876403,0.125948,-1.986518,0.700000,1.000000,0.420000,0.500000,0.300000,1.876403
600,-1.616917,-0.224599,-4.816339,1.906655,0.166257,-1.559049,0.680000,1.000000,0.440000,0.500000,0.300000,1.906655
601,-1.616593,-0.205463,-4.831929,1.936942,0.198252,-1.134345,0.660000,1.000000,0.480000,0.500000,0.300000,1.936942
602,-1.616251,-0.185995,-4.843273,1.967683,0.221911,-0.716822,0.640000,1.000000,0.500000,0.500000,0.300000,1.967683
603,-1.615883,-0.166197,-4.850441,1.999171,0.237303,-0.309191,0.640000,1.000000,0.520000,0.500000,0.300000,1.999171
604,-1.615482,-0.146069,-4.853533,2.031579,0.244557,0.086944,0.640000,1.000000,0.540000,0.500000,0.300000,2.031579
605,-1.615046,-0.125611,-4.852663,2.064970,0.243833,0.470537,0.640000,1.000000,0.540000,0.500000,0.300000,2.064970
606,-1.614573,-0.104823,-4.847958,2.099304,0.235315,0.840642,0.640000,1.000000,0.520000,0.500000,0.300000,2.099304
607,-1.614067,-0.083705,-4.839552,2.134450,0.219206,1.196077,0.640000,1.000000,0.500000,0.500000,0.300000,2.134450
608,-1.613535,-0.062255,-4.827591,2.170197,0.195737,1.535214,0.660000,1.000000,0.480000,0.450000,0.300000,2.170197
609,-1.612985,-0.040472,-4.812239,2.202761,0.165175,1.855913,0.680000,1.000000,0.460000,0.450000,0.300000,2.202761
610,-1.612432,-0.018389,-4.793680,2.235304,0.127902,2.155612,0.700000,1.000000,0.420000,0.450000,0.300000,2.235304
611,-1.611892,0.003994,-4.772124,2.267443,0.084319,2.431587,0.740000,1.000000,0.400000,0.450000,0.300000,2.267443
612,-1.611380,0.026678,-4.747808,2.298770,0.034893,2.681377,0.780000,1.000000,0.360000,0.450000,0.300000,2.298770
613,-1.610915,0.049664,-4.720994,2.328870,-0.019858,2.903250,0.840000,1.000000,0.340000,0.450000,0.050000,2.328870
614,-1.610516,0.072950,-4.691961,2.359296,-0.085108,2.851528,1.000000,1.000000,0.320000,-1.000000,-1.000000,2.359296
615,-1.610147,0.096556,-4.663446,2.278029,-0.155256,2.500230,1.000000,1.000000,0.300000,-1.000000,-1.000000,2.278029
616,-1.609711,0.119385,-4.638444,2.195357,-0.214252,2.109427,1.000000,0.980000,0.280000,-1.000000,-1.000000,2.195357
617,-1.609196,0.141436,-4.617350,2.112097,-0.261942,1.687612,1.000000,0.780000,0.280000,-1.000000,-0.400000,2.112097
618,-1.608592,0.162711,-4.600473,2.034525,-0.299681,1.190256,1.000000,0.660000,0.260000,-1.000000,-0.450000,2.034525
619,-1.607887,0.183263,-4.588571,1.957390,-0.325747,0.671937,1.000000,0.600000,0.260000,-1.000000,-0.550000,1.957390
620,-1.607071,0.203090,-4.581851,1.880602,-0.340846,0.129498,1.000000,0.580000,0.260000,-1.000000,-0.550000,1.880602
621,-1.606140,0.222179,-4.580557,1.805694,-0.344945,-0.410683,1.000000,0.580000,0.260000,-1.000000,-0.550000,1.805694
622,-1.605094,0.240533,-4.584663,1.732763,-0.339037,-0.944269,1.000000,0.600000,0.260000,-1.000000,-0.550000,1.732763
623,-1.603938,0.258151,-4.594106,1.661714,-0.324169,-1.467216,1.000000,0.660000,0.260000,-1.000000,-0.450000,1.661714
624,-1.602680,0.275035,-4.608778,1.593600,-0.300453,-1.933614,1.000000,0.760000,0.280000,-1.000000,-0.400000,1.593600
625,-1.601340,0.291196,-4.628114,1.527248,-0.269820,-2.345278,1.000000,0.940000,0.300000,0.100000,-1.000000,1.527248
626,-1.599937,0.306642,-4.651567,1.532179,-0.235380,-2.759525,1.000000,0.960000,0.320000,0.100000,-1.000000,1.532179
627,-1.598519,0.322078,-4.679162,1.537259,-0.195339,-3.132842,1.000000,1.000000,0.340000,0.250000,-1.000000,1.537259
628,-1.597077,0.337507,-4.710491,1.552441,-0.150471,-3.456214,1.000000,1.000000,0.360000,0.200000,-1.000000,1.552441
629,-1.595602,0.353034,-4.745053,1.563176,-0.101318,-3.721975,0.860000,1.000000,0.400000,0.450000,-1.000000,1.563176
630,-1.594079,0.368625,-4.782273,1.589955,-0.048926,-3.926553,0.780000,1.000000,0.460000,0.500000,0.300000,1.589955
631,-1.592481,0.384451,-4.821538,1.624227,0.019667,-3.507012,0.720000,1.000000,0.440000,0.500000,0.300000,1.624227
632,-1.590907,0.400618,-4.856608,1.656025,0.081302,-3.058406,0.580000,1.000000,0.440000,0.500000,0.300000,1.656025
633,-1.589331,0.417123,-4.887192,1.686181,0.135340,-2.595872,0.560000,1.000000,0.520000,0.500000,0.300000,1.686181
634,-1.587732,0.433964,-4.913151,1.715476,0.181402,-2.131146,0.520000,1.000000,0.620000,0.500000,0.300000,1.715476
635,-1.586088,0.451136,-4.934463,1.744581,0.219329,-1.672342,0.500000,1.000000,0.720000,0.500000,0.300000,1.744581
636,-1.584385,0.468636,-4.951186,1.774037,0.249120,-1.224395,0.500000,1.000000,0.840000,0.500000,0.400000,1.774037
637,-1.582610,0.486462,-4.963430,1.803054,0.272408,-0.724589,0.480000,1.000000,0.820000,0.500000,0.350000,1.803054
638,-1.580769,0.504604,-4.970676,1.833864,0.286027,-0.265940,0.480000,1.000000,0.800000,0.500000,0.350000,1.833864
639,-1.578850,0.523065,-4.973335,1.865962,0.291303,0.179286,0.460000,1.000000,0.800000,0.500000,0.350000,1.865962
640,-1.576851,0.541845,-4.971542,1.899382,0.288386,0.610531,0.460000,1.000000,0.780000,0.500000,0.350000,1.899382
641,-1.574771,0.560943,-4.965437,1.934046,0.277438,1.027071,0.460000,1.000000,0.760000,0.500000,0.350000,1.934046
642,-1.572615,0.580363,-4.955166,1.969771,0.258636,1.427616,0.540000,1.000000,0.740000,0.500000,0.300000,1.969771
643,-1.570390,0.600104,-4.940890,2.006870,0.231192,1.767579,0.560000,1.000000,0.740000,0.500000,0.300000,2.006870
644,-1.568096,0.620175,-4.923214,2.044271,0.197255,2.089495,0.560000,1.000000,0.720000,0.500000,0.300000,2.044271
645,-1.565747,0.640578,-4.902319,2.081596,0.157105,2.390309,0.580000,1.000000,0.680000,0.500000,0.300000,2.081596
646,-1.563360,0.661316,-4.878416,2.118431,0.111087,2.666711,0.600000,1.000000,0.620000,0.500000,0.300000,2.118431
647,-1.560954,0.682393,-4.851749,2.154340,0.059620,2.915714,0.620000,1.000000,0.540000,0.450000,0.300000,2.154340
648,-1.558552,0.703810,-4.822592,2.185390,0.003180,3.135264,1.000000,0.940000,0.480000,-1.000000,-0.650000,2.185390
649,-1.556180,0.725535,-4.791239,2.109282,-0.071419,2.733631,1.000000,0.880000,0.440000,-1.000000,-0.500000,2.109282
650,-1.553807,0.746506,-4.763903,2.032672,-0.134393,2.276096,1.000000,0.820000,0.400000,-1.000000,-0.400000,2.032672
651,-1.551418,0.766737,-4.741142,1.956182,-0.184656,1.804853,1.000000,0.800000,0.380000,-1.000000,-0.400000,1.956182
652,-1.549010,0.786237,-4.723094,1.879588,-0.223046,1.320300,1.000000,0.780000,0.380000,-1.000000,-0.400000,1.879588
653,-1.546578,0.805008,-4.709891,1.803557,-0.250181,0.830983,1.000000,0.760000,0.360000,-1.000000,-0.400000,1.803557
654,-1.544122,0.823050,-4.701581,1.728565,-0.266864,0.343628,1.000000,0.720000,0.360000,-1.000000,-0.400000,1.728565
655,-1.541640,0.840363,-4.698145,1.654900,-0.274013,-0.136626,1.000000,0.700000,0.360000,-1.000000,-0.450000,1.654900
656,-1.539136,0.856950,-4.699511,1.582044,-0.273230,-0.631997,0.980000,0.680000,0.380000,-1.000000,-0.450000,1.582044
657,-1.536608,0.872804,-4.705831,1.510665,-0.264563,-1.114723,0.960000,0.720000,0.380000,-1.000000,-0.450000,1.510665
658,-1.534061,0.887928,-4.716978,1.440610,-0.249071,-1.580940,0.960000,0.700000,0.400000,-1.000000,-0.450000,1.440610
659,-1.531504,0.902322,-4.732787,1.371618,-0.227848,-2.026362,0.960000,0.680000,0.420000,-1.000000,-0.450000,1.371618
660,-1.528946,0.915989,-4.753051,1.303353,-0.202022,-2.445755,0.940000,0.720000,0.460000,-1.000000,-0.400000,1.303353
661,-1.526398,0.928930,-4.777509,1.236090,-0.172012,-2.800224,0.940000,0.700000,0.480000,-1.000000,-0.350000,1.236090
662,-1.523877,0.941152,-4.805511,1.169320,-0.139247,-3.075065,0.940000,0.740000,0.480000,-1.000000,-0.350000,1.169320
663,-1.521403,0.952666,-4.836261,1.101953,-0.106388,-3.307987,0.960000,0.740000,0.480000,-1.000000,-0.350000,1.101953
664,-1.518986,0.963469,-4.869341,1.033746,-0.074468,-3.493961,0.960000,0.760000,0.520000,-1.000000,-0.350000,1.033746
665,-1.516635,0.973563,-4.904281,0.964532,-0.044411,-3.630918,0.960000,0.800000,0.520000,-1.000000,-0.350000,0.964532
666,-1.514359,0.982947,-4.940590,0.894234,-0.016971,-3.720577,0.980000,0.800000,0.580000,-0.350000,-0.200000,0.894234
667,-1.512171,0.991619,-4.977796,0.869925,0.010772,-3.619498,1.000000,0.840000,0.580000,-0.050000,-0.200000,0.869925
668,-1.509993,1.000042,-5.013991,0.865420,0.035100,-3.519338,1.000000,0.840000,0.620000,-0.050000,-0.200000,0.865420
669,-1.507758,1.008410,-5.049184,0.859904,0.057058,-3.428900,0.400000,0.860000,0.600000,0.350000,0.100000,0.859904
670,-1.505454,1.016714,-5.083473,0.881958,0.085416,-2.984781,0.380000,0.860000,0.640000,0.350000,0.100000,0.881958
671,-1.503052,1.025243,-5.113321,0.903540,0.109194,-2.585517,0.360000,0.860000,0.640000,0.350000,0.100000,0.903540
672,-1.500531,1.033988,-5.139176,0.924957,0.128784,-2.229055,0.360000,0.860000,0.660000,0.350000,0.100000,0.924957
673,-1.497875,1.042941,-5.161467,0.946418,0.144633,-1.910451,0.340000,0.860000,0.660000,0.350000,0.100000,0.946418
674,-1.495069,1.052095,-5.180571,0.968060,0.157174,-1.623917,0.340000,0.860000,0.700000,0.350000,0.100000,0.968060
675,-1.492103,1.061443,-5.196810,0.989969,0.166788,-1.363997,0.320000,0.860000,0.680000,0.350000,0.100000,0.989969
676,-1.488969,1.070980,-5.210450,1.012196,0.173792,-1.126029,0.320000,0.860000,0.680000,0.350000,0.100000,1.012196
677,-1.485660,1.080703,-5.221711,1.034770,0.178451,-0.906243,0.320000,0.860000,0.680000,0.350000,0.100000,1.034770
678,-1.482173,1.090607,-5.230773,1.057703,0.180978,-0.701679,0.300000,0.840000,0.700000,0.350000,0.100000,1.057703
679,-1.478504,1.100691,-5.237790,1.080993,0.181550,-0.510072,0.300000,0.840000,0.700000,0.350000,0.100000,1.080993
680,-1.474653,1.110954,-5.242891,1.104630,0.180313,-0.329722,0.300000,0.840000,0.700000,0.350000,0.100000,1.104630
681,-1.470619,1.121394,-5.246188,1.128595,0.177394,-0.159399,0.300000,0.820000,0.680000,0.300000,0.050000,1.128595
682,-1.466404,1.132013,-5.247782,1.149356,0.171449,-0.060391,0.280000,0.820000,0.680000,0.300000,0.050000,1.149356
683,-1.462015,1.142773,-5.248386,1.170284,0.164780,0.033532,0.280000,0.800000,0.660000,0.300000,0.000000,1.170284
684,-1.457455,1.153676,-5.248050,1.191222,0.156101,0.064989,0.280000,0.800000,0.660000,0.300000,0.000000,1.191222
685,-1.452717,1.164716,-5.247401,1.212203,0.147518,0.093671,0.280000,0.780000,0.640000,0.250000,-0.050000,1.212203
686,-1.447806,1.175897,-5.246464,1.229473,0.137832,0.067380,0.260000,0.780000,0.640000,0.250000,-0.050000,1.229473
687,-1.442733,1.187181,-5.245790,1.246707,0.128917,0.039722,0.260000,0.760000,0.640000,0.250000,-0.050000,1.246707
688,-1.437504,1.198571,-5.245393,1.263906,0.120770,0.010945,0.300000,0.760000,0.620000,0.250000,-0.050000,1.263906
689,-1.432122,1.210071,-5.245283,1.281073,0.113385,-0.018694,0.300000,0.740000,0.620000,0.250000,-0.100000,1.281073
690,-1.426591,1.221681,-5.245470,1.297896,0.105599,-0.098126,0.340000,0.740000,0.600000,0.250000,-0.100000,1.297896
691,-1.420905,1.233396,-5.246452,1.314652,0.099190,-0.176638,0.980000,0.720000,0.600000,-1.000000,-0.250000,1.314652
692,-1.415066,1.245217,-5.248218,1.242498,0.091724,-0.356026,0.960000,0.720000,0.580000,-1.000000,-0.250000,1.242498
693,-1.409511,1.256369,-5.251778,1.170227,0.086331,-0.527360,0.960000,0.700000,0.580000,-1.000000,-0.250000,1.170227
694,-1.404242,1.266853,-5.257052,1.097858,0.082588,-0.688470,0.940000,0.700000,0.560000,-1.000000,-0.300000,1.097858
695,-1.399260,1.276671,-5.263937,1.024879,0.079602,-0.857430,0.940000,0.680000,0.560000,-1.000000,-0.300000,1.024879
696,-1.394567,1.285817,-5.272511,0.951810,0.077623,-1.012152,0.940000,0.680000,0.600000,-1.000000,-0.250000,0.951810
697,-1.390168,1.294293,-5.282632,0.879183,0.076699,-1.130186,0.940000,0.680000,0.580000,-1.000000,-0.250000,0.879183
698,-1.386067,1.302108,-5.293934,0.806488,0.075758,-1.231788,0.940000,0.680000,0.580000,-1.000000,-0.250000,0.806488
699,-1.382270,1.309263,-5.306252,0.733738,0.074473,-1.316308,0.960000,0.680000,0.580000,-1.000000,-0.250000,0.733738
700,-1.378782,1.315761,-5.319415,0.660952,0.072556,-1.383322,0.960000,0.680000,0.580000,-1.000000,-0.250000,0.660952
701,-1.375607,1.321603,-5.333248,0.588152,0.069768,-1.432534,0.960000,0.680000,0.580000,-1.000000,-0.250000,0.588152
702,-1.372753,1.326793,-5.347574,0.515368,0.065917,-1.463625,0.980000,0.680000,0.580000,-1.000000,-0.250000,0.515368
703,-1.370226,1.331333,-5.362210,0.442633,0.060862,-1.476047,1.000000,0.680000,0.580000,-0.250000,-0.250000,0.442633
704,-1.368033,1.335225,-5.376970,0.422488,0.054513,-1.468709,1.000000,0.680000,0.560000,-0.250000,-0.250000,0.422488
705,-1.365856,1.338887,-5.391658,0.402487,0.048061,-1.456071,1.000000,0.680000,0.560000,-0.250000,-0.250000,0.402487
706,-1.363702,1.342321,-5.406218,0.382641,0.041533,-1.437745,1.000000,0.700000,0.560000,-0.250000,-0.250000,0.382641
707,-1.361574,1.345528,-5.420596,0.362960,0.034969,-1.413317,1.000000,0.700000,0.560000,-0.250000,-0.250000,0.362960
708,-1.359479,1.348512,-5.434729,0.343453,0.028414,-1.382378,0.240000,0.700000,0.560000,0.250000,-0.150000,0.343453
709,-1.357421,1.351277,-5.448553,0.360038,0.024107,-1.251524,0.240000,0.720000,0.580000,0.250000,-0.100000,0.360038
710,-1.355182,1.354107,-5.461068,0.377023,0.021508,-1.089462,0.240000,0.720000,0.580000,0.250000,-0.100000,0.377023
711,-1.352774,1.357015,-5.471963,0.394055,0.018896,-0.965062,0.240000,0.720000,0.580000,0.250000,-0.100000,0.394055
712,-1.350197,1.360003,-5.481613,0.411126,0.016421,-0.871959,0.240000,0.720000,0.580000,0.250000,-0.100000,0.411126
713,-1.347455,1.363071,-5.490333,0.428231,0.014169,-0.804281,0.220000,0.720000,0.580000,0.250000,-0.100000,0.428231
714,-1.344551,1.366221,-5.498376,0.445363,0.012182,-0.756801,0.220000,0.720000,0.560000,0.250000,-0.150000,0.445363
715,-1.341486,1.369454,-5.505944,0.462195,0.009127,-0.782683,0.220000,0.720000,0.560000,0.250000,-0.150000,0.462195
716,-1.338255,1.372761,-5.513770,0.479074,0.006746,-0.811717,0.220000,0.740000,0.560000,0.250000,-0.100000,0.479074
717,-1.334861,1.376142,-5.521888,0.496302,0.006345,-0.783430,0.220000,0.740000,0.560000,0.250000,-0.100000,0.496302
718,-1.331312,1.379612,-5.529722,0.513527,0.006042,-0.765480,0.220000,0.740000,0.560000,0.250000,-0.100000,0.513527
719,-1.327608,1.383169,-5.537377,0.530750,0.005861,-0.755451,0.200000,0.740000,0.560000,0.250000,-0.100000,0.530750
720,-1.323749,1.386814,-5.544931,0.547969,0.005816,-0.751506,0.200000,0.740000,0.560000,0.250000,-0.100000,0.547969
721,-1.319735,1.390545,-5.552446,0.565184,0.005916,-0.752237,0.200000,0.740000,0.560000,0.250000,-0.100000,0.565184
722,-1.315566,1.394361,-5.559969,0.582394,0.006168,-0.756563,0.200000,0.740000,0.560000,0.250000,-0.100000,0.582394
723,-1.311240,1.398261,-5.567534,0.599597,0.006573,-0.763649,0.200000,0.740000,0.560000,0.250000,-0.100000,0.599597
724,-1.306759,1.402245,-5.575171,0.616792,0.007134,-0.772847,0.180000,0.740000,0.560000,0.250000,-0.100000,0.616792
725,-1.302120,1.406310,-5.582899,0.633976,0.007851,-0.783652,0.180000,0.740000,0.560000,0.250000,-0.100000,0.633976
726,-1.297322,1.410456,-5.590736,0.651148,0.008723,-0.795669,0.180000,0.740000,0.560000,0.250000,-0.100000,0.651148
727,-1.292366,1.414680,-5.598692,0.668307,0.009749,-0.808586,0.180000,0.760000,0.560000,0.250000,-0.050000,0.668307
728,-1.287250,1.418981,-5.606778,0.685644,0.012414,-0.758606,0.160000,0.760000,0.560000,0.250000,-0.050000,0.685644
729,-1.281981,1.423370,-5.614364,0.702954,0.014674,-0.716996,0.160000,0.760000,0.560000,0.250000,-0.050000,0.702954
730,-1.276557,1.427844,-5.621534,0.720243,0.016614,-0.682390,0.160000,0.760000,0.560000,0.250000,-0.050000,0.720243
731,-1.270977,1.432401,-5.628358,0.737515,0.018305,-0.653671,0.160000,0.760000,0.540000,0.250000,-0.100000,0.737515
732,-1.265238,1.437037,-5.634895,0.754553,0.018362,-0.691623,0.140000,0.760000,0.540000,0.250000,-0.100000,0.754553
733,-1.259335,1.441740,-5.641811,0.771585,0.018838,-0.727155,0.140000,0.760000,0.540000,0.250000,-0.100000,0.771585
734,-1.253265,1.446507,-5.649083,0.788607,0.019694,-0.760436,0.140000,0.760000,0.540000,0.250000,-0.100000,0.788607
735,-1.247029,1.451338,-5.656687,0.805614,0.020898,-0.791633,0.140000,0.760000,0.540000,0.250000,-0.100000,0.805614
736,-1.240625,1.456231,-5.664603,0.822602,0.022420,-0.820904,0.120000,0.760000,0.540000,0.250000,-0.100000,0.822602
737,-1.234053,1.461183,-5.672812,0.839566,0.024235,-0.848395,0.120000,0.760000,0.540000,0.250000,-0.100000,0.839566
738,-1.227312,1.466194,-5.681296,0.856503,0.026322,-0.874244,0.200000,0.760000,0.540000,0.250000,-0.100000,0.856503
739,-1.220402,1.471261,-5.690039,0.873409,0.028661,-0.898575,0.200000,0.760000,0.540000,0.250000,-0.100000,0.873409
740,-1.213320,1.476380,-5.699025,0.890279,0.031237,-0.921505,0.180000,0.760000,0.540000,0.250000,-0.100000,0.890279
741,-1.206065,1.481551,-5.708240,0.907111,0.034033,-0.943138,0.180000,0.780000,0.520000,0.250000,-0.100000,0.907111
742,-1.198638,1.486769,-5.717671,0.923901,0.037039,-0.963570,0.180000,0.780000,0.520000,0.250000,-0.100000,0.923901
743,-1.191036,1.492033,-5.727307,0.940646,0.040243,-0.982887,0.160000,0.780000,0.520000,0.250000,-0.100000,0.940646
744,-1.183258,1.497338,-5.737136,0.957342,0.043636,-1.001168,0.160000,0.780000,0.520000,0.250000,-0.100000,0.957342
745,-1.175303,1.502683,-5.747147,0.973987,0.047208,-1.018486,0.160000,0.780000,0.520000,0.250000,-0.100000,0.973987
746,-1.167170,1.508063,-5.757332,0.990577,0.050953,-1.034906,0.140000,0.800000,0.520000,0.300000,-0.050000,0.990577
747,-1.158859,1.513476,-5.767681,1.010858,0.056246,-0.991359,0.140000,0.800000,0.520000,0.300000,-0.050000,1.010858
748,-1.150341,1.518949,-5.777595,1.031096,0.061071,-0.952381,0.140000,0.800000,0.520000,0.300000,-0.050000,1.031096
749,-1.141616,1.524477,-5.787119,1.051299,0.065494,-0.917455,0.120000,0.800000,0.520000,0.300000,-0.050000,1.051299
750,-1.132682,1.530057,-5.796293,1.071473,0.069573,-0.886132,1.000000,0.820000,0.520000,-0.100000,-0.300000,1.071473
751,-1.123538,1.535685,-5.805154,1.061502,0.068797,-1.053051,1.000000,0.820000,0.520000,-0.100000,-0.300000,1.061502
752,-1.114429,1.541179,-5.815685,1.051443,0.069606,-1.210308,1.000000,0.820000,0.520000,-0.050000,-0.300000,1.051443
753,-1.105357,1.546539,-5.827788,1.044778,0.071815,-1.357049,1.000000,0.840000,0.520000,0.000000,-0.350000,1.044778
754,-1.096290,1.551779,-5.841359,1.040950,0.074918,-1.509358,1.000000,0.840000,0.520000,0.000000,-0.350000,1.040950
755,-1.087200,1.556907,-5.856452,1.036971,0.079349,-1.650781,1.000000,0.860000,0.520000,0.050000,-0.350000,1.036971
756,-1.078089,1.561921,-5.872960,1.036312,0.084952,-1.781080,1.000000,0.880000,0.520000,0.050000,-0.350000,1.036312
757,-1.068924,1.566833,-5.890771,1.035444,0.091646,-1.900781,1.000000,0.920000,0.520000,0.150000,-0.500000,1.035444
758,-1.059707,1.571640,-5.909779,1.039758,0.098930,-2.025889,1.000000,0.940000,0.520000,0.150000,-0.550000,1.039758
759,-1.050387,1.576354,-5.930037,1.043304,0.107418,-2.138142,1.000000,0.980000,0.540000,0.200000,-0.550000,1.043304
760,-1.040969,1.580970,-5.951419,1.050049,0.116907,-2.239928,1.000000,1.000000,0.540000,0.250000,-0.600000,1.050049
761,-1.031422,1.585496,-5.973818,1.059484,0.127507,-2.326466,1.000000,1.000000,0.560000,0.250000,-0.550000,1.059484
762,-1.021719,1.589936,-5.997083,1.069034,0.138886,-2.409726,0.520000,1.000000,0.560000,0.500000,0.300000,1.069034
763,-1.011855,1.594285,-6.021180,1.098784,0.164992,-1.892996,0.420000,1.000000,0.580000,0.500000,0.300000,1.098784
764,-1.001669,1.598725,-6.040110,1.128955,0.185441,-1.402028,0.380000,1.000000,0.580000,0.500000,0.300000,1.128955
765,-0.991158,1.603242,-6.054130,1.159820,0.200374,-0.936940,0.360000,1.000000,0.600000,0.500000,0.300000,1.159820
766,-0.980318,1.607827,-6.063500,1.191545,0.209978,-0.496366,0.360000,1.000000,0.600000,0.500000,0.300000,1.191545
767,-0.969146,1.612473,-6.068463,1.224205,0.214449,-0.078351,0.380000,1.000000,0.600000,0.500000,0.300000,1.224205
768,-0.957642,1.617177,-6.069247,1.257800,0.213981,0.318969,0.400000,1.000000,0.580000,0.500000,0.300000,1.257800
769,-0.945805,1.621938,-6.066057,1.292270,0.208750,0.696922,0.440000,1.000000,0.580000,0.500000,0.300000,1.292270
770,-0.933636,1.626760,-6.059088,1.327502,0.198926,1.056040,0.500000,1.000000,0.560000,0.500000,0.300000,1.327502
771,-0.921135,1.631650,-6.048528,1.363340,0.184677,1.395978,1.000000,1.000000,0.540000,0.250000,-0.600000,1.363340
772,-0.908304,1.636616,-6.034568,1.377774,0.154382,1.211000,1.000000,1.000000,0.520000,0.250000,-0.700000,1.377774
773,-0.895330,1.641503,-6.022458,1.390661,0.127482,1.021965,1.000000,0.960000,0.520000,0.100000,-0.550000,1.390661
774,-0.882222,1.646319,-6.012238,1.393827,0.102924,0.783947,1.000000,0.920000,0.500000,0.000000,-0.550000,1.393827
775,-0.869068,1.651041,-6.004399,1.389527,0.082086,0.529432,1.000000,0.880000,0.480000,-1.000000,-0.400000,1.389527
776,-0.855935,1.655654,-5.999104,1.316396,0.065119,0.261763,1.000000,0.860000,0.480000,-0.100000,-0.400000,1.316396
777,-0.843481,1.659969,-5.996487,1.306055,0.052268,-0.007910,1.000000,0.840000,0.460000,-0.350000,-0.400000,1.306055
778,-0.831101,1.664164,-5.996566,1.278083,0.043152,-0.277739,1.000000,0.820000,0.460000,-1.000000,-0.350000,1.278083
779,-0.818964,1.668191,-5.999343,1.205076,0.037789,-0.532326,1.000000,0.820000,0.460000,-0.150000,-0.350000,1.205076
780,-0.807501,1.671929,-6.004666,1.191532,0.035207,-0.775412,1.000000,0.820000,0.460000,-0.150000,-0.350000,1.191532
781,-0.796142,1.675543,-6.012421,1.177947,0.035360,-1.007222,1.000000,0.840000,0.460000,-0.050000,-0.400000,1.177947
782,-0.784886,1.679034,-6.022493,1.170755,0.037667,-1.238003,1.000000,0.860000,0.460000,0.000000,-0.450000,1.170755
783,-0.773671,1.682416,-6.034873,1.166425,0.042181,-1.461394,1.000000,0.880000,0.460000,0.000000,-0.450000,1.166425
784,-0.762468,1.685691,-6.049487,1.161952,0.048937,-1.668768,1.000000,0.920000,0.460000,0.100000,-0.650000,1.161952
785,-0.751278,1.688858,-6.066174,1.162282,0.057879,-1.850432,1.000000,0.980000,0.480000,0.200000,-0.700000,1.162282
786,-0.740052,1.691926,-6.084679,1.168907,0.068775,-2.005827,1.000000,1.000000,0.480000,0.250000,-0.750000,1.168907
787,-0.728729,1.694905,-6.104737,1.178294,0.081502,-2.133586,1.000000,1.000000,0.500000,0.250000,-0.750000,1.178294
788,-0.717277,1.697799,-6.126073,1.187312,0.095573,-2.245095,1.000000,1.000000,0.500000,0.250000,-0.750000,1.187312
789,-0.705700,1.700601,-6.148524,1.195912,0.110817,-2.340857,0.960000,1.000000,0.520000,0.350000,-0.750000,1.195912
790,-0.693998,1.703304,-6.171932,1.211051,0.127071,-2.421606,0.880000,1.000000,0.540000,0.450000,-0.650000,1.211051
791,-0.682103,1.705912,-6.196148,1.233544,0.143873,-2.510239,0.640000,1.000000,0.560000,0.500000,0.300000,1.233544
792,-0.669940,1.708417,-6.221251,1.262961,0.175654,-2.005789,0.600000,1.000000,0.600000,0.500000,0.300000,1.262961
793,-0.657443,1.710952,-6.241309,1.292656,0.201034,-1.521586,0.560000,1.000000,0.620000,0.500000,0.300000,1.292656
794,-0.644612,1.713502,-6.256525,1.322984,0.220135,-1.059148,0.540000,1.000000,0.640000,0.500000,0.300000,1.322984
795,-0.631446,1.716055,-6.267116,1.354178,0.233135,-0.618150,0.540000,1.000000,0.640000,0.500000,0.300000,1.354178
796,-0.617943,1.718604,-6.273298,1.386366,0.240234,-0.197301,0.540000,1.000000,0.660000,0.500000,0.300000,1.386366
797,-0.604104,1.721143,-6.275271,1.419588,0.241628,0.204922,0.540000,1.000000,0.640000,0.500000,0.300000,1.419588
798,-0.589927,1.723672,-6.273221,1.453810,0.237499,0.589763,0.540000,1.000000,0.640000,0.500000,0.300000,1.453810
799,-0.575414,1.726192,-6.267324,1.488934,0.228017,0.957835,0.560000,1.000000,0.620000,0.500000,0.300000,1.488934
800,-0.560562,1.728708,-6.257745,1.524809,0.213346,1.308935,0.580000,1.000000,0.600000,0.500000,0.300000,1.524809
801,-0.545374,1.731228,-6.244656,1.561231,0.193661,1.641986,0.740000,1.000000,0.580000,0.500000,0.300000,1.561231
802,-0.529847,1.733765,-6.228236,1.597957,0.169157,1.955131,0.800000,1.000000,0.560000,0.500000,0.250000,1.597957
803,-0.513985,1.736331,-6.208685,1.635241,0.138892,2.195846,0.860000,1.000000,0.520000,0.450000,-0.800000,1.635241
804,-0.497781,1.738934,-6.186726,1.662467,0.094718,1.967978,0.940000,1.000000,0.500000,0.350000,-0.850000,1.662467
805,-0.481325,1.741477,-6.167047,1.681153,0.054852,1.718158,1.000000,1.000000,0.480000,0.200000,-0.750000,1.681153
806,-0.464690,1.743970,-6.149865,1.689186,0.018846,1.410181,1.000000,1.000000,0.460000,0.200000,-0.800000,1.689186
807,-0.447973,1.746403,-6.135763,1.696171,-0.011249,1.090583,1.000000,1.000000,0.440000,0.150000,-0.850000,1.696171
808,-0.431179,1.748783,-6.124857,1.698911,-0.035292,0.766704,1.000000,1.000000,0.420000,0.150000,-0.950000,1.698911
809,-0.414347,1.751113,-6.117190,1.700836,-0.052870,0.461357,1.000000,0.980000,0.420000,0.000000,-0.900000,1.700836
810,-0.397485,1.753402,-6.112577,1.692627,-0.065487,0.133439,1.000000,0.940000,0.400000,-1.000000,-0.850000,1.692627
811,-0.380693,1.755630,-6.111242,1.614944,-0.072806,-0.210732,1.000000,0.920000,0.400000,-0.100000,-0.750000,1.614944
812,-0.364657,1.757676,-6.113350,1.601330,-0.075048,-0.578332,1.000000,0.920000,0.400000,-0.100000,-0.750000,1.601330
813,-0.348748,1.759643,-6.119133,1.588013,-0.071612,-0.935950,1.000000,0.940000,0.400000,0.050000,-0.850000,1.588013
814,-0.332964,1.761530,-6.128493,1.584643,-0.062310,-1.253717,1.000000,0.920000,0.400000,-0.100000,-0.750000,1.584643
815,-0.317211,1.763356,-6.141030,1.571685,-0.048995,-1.575256,1.000000,0.920000,0.420000,-0.100000,-0.750000,1.571685
816,-0.301583,1.765098,-6.156782,1.558718,-0.031309,-1.871774,1.000000,0.900000,0.420000,-1.000000,-0.650000,1.558718
817,-0.286081,1.766752,-6.175500,1.483460,-0.010216,-2.156445,1.000000,1.000000,0.400000,0.250000,-0.950000,1.483460
818,-0.271321,1.768245,-6.197064,1.492960,0.014640,-2.334465,1.000000,1.000000,0.380000,0.250000,-1.000000,1.492960
819,-0.256459,1.769675,-6.220409,1.501580,0.042085,-2.464073,1.000000,1.000000,0.380000,0.250000,-1.000000,1.501580
820,-0.241499,1.771037,-6.245050,1.509495,0.071035,-2.562862,1.000000,1.000000,0.380000,0.250000,-1.000000,1.509495
821,-0.226442,1.772322,-6.270678,1.516616,0.101066,-2.632715,0.920000,1.000000,0.420000,0.400000,-1.000000,1.516616
822,-0.211290,1.773522,-6.297006,1.533387,0.131785,-2.676040,0.740000,1.000000,0.440000,0.500000,0.300000,1.533387
823,-0.195940,1.774628,-6.323766,1.562709,0.174820,-2.196793,0.700000,1.000000,0.480000,0.500000,0.300000,1.562709
824,-0.180254,1.775741,-6.345734,1.591890,0.210241,-1.726766,0.660000,1.000000,0.500000,0.500000,0.300000,1.591890
825,-0.164235,1.776844,-6.363002,1.621443,0.238075,-1.270460,0.640000,1.000000,0.540000,0.500000,0.300000,1.621443
826,-0.147883,1.777925,-6.375706,1.651740,0.258449,-0.829890,0.620000,1.000000,0.560000,0.500000,0.300000,1.651740
827,-0.131197,1.778972,-6.384005,1.683029,0.271538,-0.405444,0.620000,1.000000,0.560000,0.500000,0.300000,1.683029
828,-0.114179,1.779980,-6.388060,1.715439,0.277536,0.003354,0.620000,1.000000,0.580000,0.500000,0.300000,1.715439
829,-0.096828,1.780944,-6.388026,1.749004,0.276633,0.397217,0.620000,1.000000,0.560000,0.500000,0.300000,1.749004
830,-0.079145,1.781865,-6.384054,1.783669,0.269009,0.776626,0.620000,1.000000,0.560000,0.500000,0.300000,1.783669
831,-0.061128,1.782745,-6.376288,1.819305,0.254837,1.141501,0.640000,1.000000,0.540000,0.500000,0.300000,1.819305
832,-0.042777,1.783591,-6.364873,1.855712,0.234293,1.490996,0.640000,1.000000,0.520000,0.500000,0.300000,1.855712
833,-0.024090,1.784412,-6.349963,1.892631,0.207573,1.823424,0.780000,1.000000,0.480000,0.500000,0.300000,1.892631
834,-0.005068,1.785220,-6.331728,1.929747,0.174914,2.136339,0.900000,1.000000,0.460000,0.450000,-1.000000,1.929747
835,0.014292,1.786031,-6.310365,1.956260,0.126476,1.993825,1.000000,0.960000,0.420000,-1.000000,-0.850000,1.956260
836,0.033882,1.786764,-6.290427,1.881012,0.079878,1.765506,1.000000,0.940000,0.400000,-1.000000,-0.850000,1.881012
837,0.052697,1.787426,-6.272772,1.804690,0.039749,1.505484,1.000000,0.920000,0.380000,-1.000000,-0.850000,1.804690
838,0.070739,1.788012,-6.257717,1.727595,0.006253,1.217694,1.000000,0.840000,0.360000,-1.000000,-0.500000,1.727595
839,0.088008,1.788514,-6.245540,1.653089,-0.022034,0.846269,1.000000,0.820000,0.360000,-1.000000,-0.450000,1.653089
840,0.104535,1.788916,-6.237077,1.578923,-0.042751,0.464548,1.000000,0.800000,0.340000,-1.000000,-0.400000,1.578923
841,0.120327,1.789217,-6.232432,1.505376,-0.056255,0.086626,1.000000,0.800000,0.340000,-1.000000,-0.400000,1.505376
842,0.135390,1.789419,-6.231565,1.432064,-0.063491,-0.288702,1.000000,0.780000,0.340000,-1.000000,-0.400000,1.432064
843,0.149725,1.789523,-6.234452,1.359061,-0.065202,-0.655476,1.000000,0.780000,0.340000,-1.000000,-0.400000,1.359061
844,0.163331,1.789534,-6.241007,1.286370,-0.062205,-1.007947,1.000000,0.760000,0.340000,-1.000000,-0.400000,1.286370
845,0.176209,1.789455,-6.251087,1.213938,-0.055374,-1.340547,1.000000,0.740000,0.360000,-1.000000,-0.400000,1.213938
846,0.188360,1.789291,-6.264492,1.141666,-0.045617,-1.647941,1.000000,0.740000,0.360000,-1.000000,-0.400000,1.141666
847,0.199783,1.789049,-6.280972,1.069439,-0.033848,-1.925230,1.000000,0.820000,0.380000,-0.050000,-0.400000,1.069439
848,0.210479,1.788734,-6.300224,1.063636,-0.020963,-2.168298,1.000000,0.800000,0.400000,-0.150000,-0.400000,1.063636
849,0.221110,1.788343,-6.321907,1.050612,-0.006319,-2.381840,1.000000,0.880000,0.440000,0.050000,-0.500000,1.050612
850,0.231606,1.787873,-6.345725,1.050118,0.009013,-2.588003,1.000000,0.860000,0.460000,0.050000,-0.450000,1.050118
851,0.242092,1.787307,-6.371605,1.049765,0.025979,-2.758437,1.000000,0.940000,0.480000,0.150000,-0.650000,1.049765
852,0.252571,1.786638,-6.399190,1.053810,0.044001,-2.905104,1.000000,0.940000,0.460000,0.150000,-0.700000,1.053810
853,0.263090,1.785856,-6.428241,1.056810,0.063290,-3.019060,1.000000,1.000000,0.460000,0.250000,-0.800000,1.056810
854,0.273638,1.784954,-6.458431,1.065321,0.083871,-3.088082,0.700000,1.000000,0.540000,0.500000,0.300000,1.065321
855,0.284274,1.783923,-6.489312,1.095508,0.118686,-2.552842,0.660000,1.000000,0.580000,0.500000,0.300000,1.095508
856,0.295241,1.782843,-6.514841,1.125451,0.147714,-2.035500,0.560000,1.000000,0.580000,0.500000,0.300000,1.125451
857,0.306534,1.781696,-6.535196,1.155608,0.170943,-1.540502,0.540000,1.000000,0.580000,0.500000,0.300000,1.155608
858,0.318151,1.780470,-6.550601,1.186313,0.188468,-1.069515,0.540000,1.000000,0.640000,0.500000,0.300000,1.186313
859,0.330090,1.779153,-6.561296,1.217781,0.200447,-0.622300,0.520000,1.000000,0.620000,0.500000,0.300000,1.217781
860,0.342351,1.777737,-6.567519,1.250128,0.207069,-0.197608,0.520000,1.000000,0.620000,0.500000,0.300000,1.250128
861,0.354931,1.776218,-6.569495,1.283386,0.208528,0.206065,0.520000,1.000000,0.600000,0.500000,0.300000,1.283386
862,0.367831,1.774594,-6.567434,1.317521,0.205009,0.589939,0.520000,1.000000,0.600000,0.500000,0.300000,1.317521
863,0.381053,1.772867,-6.561535,1.352438,0.196692,0.954613,0.580000,1.000000,0.580000,0.500000,0.300000,1.352438
864,0.394597,1.771042,-6.551989,1.387996,0.183755,1.299910,0.600000,0.960000,0.580000,0.450000,0.200000,1.387996
865,0.408466,1.769128,-6.538989,1.421464,0.163734,1.511580,0.600000,0.960000,0.560000,0.450000,0.200000,1.421464
866,0.422633,1.767115,-6.523874,1.454931,0.141278,1.709952,0.600000,0.940000,0.560000,0.450000,0.200000,1.454931
867,0.437099,1.765019,-6.506774,1.488245,0.116527,1.893664,1.000000,0.920000,0.540000,0.050000,-0.450000,1.488245
868,0.451870,1.762855,-6.487838,1.489760,0.078827,1.599190,1.000000,0.900000,0.500000,-0.100000,-0.500000,1.489760
869,0.466617,1.760599,-6.471846,1.479384,0.046266,1.280145,1.000000,0.860000,0.460000,-1.000000,-0.450000,1.479384
870,0.481235,1.758279,-6.459044,1.405902,0.019187,0.940468,1.000000,0.840000,0.440000,-1.000000,-0.450000,1.405902
871,0.495111,1.756009,-6.449639,1.332082,-0.001680,0.587148,1.000000,0.820000,0.420000,-1.000000,-0.400000,1.332082
872,0.508245,1.753785,-6.443768,1.258683,-0.016620,0.233272,1.000000,0.820000,0.420000,-1.000000,-0.400000,1.258683
873,0.520643,1.751608,-6.441435,1.185335,-0.026403,-0.119914,1.000000,0.800000,0.420000,-0.450000,-0.400000,1.185335
874,0.532306,1.749480,-6.442634,1.150635,-0.031693,-0.466098,1.000000,0.800000,0.440000,-0.450000,-0.350000,1.150635
875,0.543617,1.747340,-6.447295,1.116679,-0.032671,-0.781609,1.000000,0.780000,0.460000,-1.000000,-0.350000,1.116679
876,0.554580,1.745193,-6.455112,1.044383,-0.030429,-1.078308,1.000000,0.780000,0.460000,-0.250000,-0.350000,1.044383
877,0.564818,1.743107,-6.465895,1.024718,-0.025910,-1.351212,1.000000,0.780000,0.440000,-0.250000,-0.350000,1.024718
878,0.574847,1.740990,-6.479407,1.005101,-0.019200,-1.599478,1.000000,0.760000,0.440000,-0.250000,-0.350000,1.005101
879,0.584668,1.738842,-6.495401,0.985453,-0.010748,-1.821808,1.000000,0.800000,0.420000,-0.150000,-0.400000,0.985453
880,0.594279,1.736661,-6.513620,0.972118,-0.001454,-2.038071,1.000000,0.800000,0.440000,-0.150000,-0.350000,0.972118
881,0.603740,1.734427,-6.534000,0.959183,0.009584,-2.208125,1.000000,0.800000,0.480000,-0.150000,-0.300000,0.959183
882,0.613055,1.732139,-6.556082,0.946547,0.022001,-2.327156,1.000000,0.780000,0.480000,-0.250000,-0.300000,0.946547
883,0.622230,1.729800,-6.579353,0.926570,0.034602,-2.426814,1.000000,0.820000,0.480000,-0.050000,-0.350000,0.926570
884,0.631193,1.727427,-6.603621,0.919662,0.046424,-2.532685,1.000000,0.820000,0.540000,0.000000,-0.250000,0.919662
885,0.640068,1.724970,-6.628948,0.916971,0.059811,-2.567240,1.000000,0.860000,0.540000,0.050000,-0.350000,0.916971
886,0.648897,1.722425,-6.654620,0.916274,0.071640,-2.646059,1.000000,0.860000,0.540000,0.050000,-0.350000,0.916274
887,0.657695,1.719767,-6.681081,0.915176,0.083738,-2.713916,1.000000,0.920000,0.600000,0.150000,-0.300000,0.915176
888,0.666457,1.716993,-6.708220,0.921205,0.096464,-2.753178,0.420000,0.920000,0.600000,0.400000,0.200000,0.921205
889,0.675247,1.714073,-6.735752,0.945476,0.121290,-2.275585,0.420000,0.920000,0.680000,0.400000,0.200000,0.945476
890,0.684280,1.711030,-6.758508,0.969827,0.141268,-1.834340,0.400000,0.960000,0.660000,0.450000,0.250000,0.969827
891,0.693550,1.707848,-6.776851,0.997536,0.157890,-1.376746,0.400000,0.960000,0.660000,0.450000,0.250000,0.997536
892,0.703082,1.704511,-6.790619,1.025824,0.169875,-0.950248,0.380000,0.960000,0.660000,0.450000,0.250000,1.025824
893,0.712873,1.701011,-6.800121,1.054798,0.177489,-0.551964,0.380000,0.960000,0.640000,0.450000,0.200000,1.054798
894,0.722920,1.697341,-6.805641,1.084929,0.179594,-0.238512,0.380000,0.960000,0.640000,0.450000,0.200000,1.084929
895,0.733218,1.693483,-6.808026,1.115642,0.178529,0.055704,0.360000,0.940000,0.640000,0.450000,0.200000,1.115642
896,0.743768,1.689438,-6.807469,1.146891,0.174481,0.332749,0.360000,0.940000,0.620000,0.450000,0.200000,1.146891
897,0.754570,1.685207,-6.804141,1.178609,0.167615,0.593931,0.360000,0.920000,0.620000,0.400000,0.200000,1.178609
898,0.765626,1.680795,-6.798202,1.207214,0.158081,0.839907,0.460000,0.920000,0.600000,0.400000,0.200000,1.207214
899,0.776911,1.676225,-6.789803,1.236112,0.146030,1.070683,0.560000,0.900000,0.600000,0.400000,0.150000,1.236112
900,0.788428,1.671504,-6.779096,1.265510,0.130130,1.222021,1.000000,0.880000,0.580000,-0.050000,-0.250000,1.265510
901,0.800178,1.666627,-6.766876,1.261474,0.104530,1.003021,1.000000,0.860000,0.580000,-0.100000,-0.250000,1.261474
902,0.811832,1.661685,-6.756846,1.253459,0.082431,0.772306,1.000000,0.800000,0.560000,-1.000000,-0.250000,1.253459
903,0.823362,1.656701,-6.749123,1.182094,0.063905,0.534168,1.000000,0.800000,0.560000,-1.000000,-0.250000,1.182094
904,0.834210,1.651962,-6.743781,1.110498,0.049146,0.294229,1.000000,0.780000,0.540000,-1.000000,-0.250000,1.110498
905,0.844377,1.647466,-6.740839,1.038769,0.037747,0.056640,1.000000,0.780000,0.540000,-0.500000,-0.250000,1.038769
906,0.853862,1.643215,-6.740272,1.001978,0.029249,-0.174427,1.000000,0.760000,0.520000,-0.350000,-0.300000,1.001978
907,0.862982,1.639055,-6.742017,0.975144,0.022708,-0.420514,1.000000,0.760000,0.520000,-0.350000,-0.300000,0.975144
908,0.871826,1.634940,-6.746222,0.948320,0.018595,-0.655526,1.000000,0.760000,0.520000,-0.300000,-0.300000,0.948320
909,0.880393,1.630870,-6.752777,0.925018,0.016579,-0.876528,1.000000,0.740000,0.500000,-1.000000,-0.300000,0.925018
910,0.888717,1.626832,-6.761542,0.852734,0.016354,-1.081535,1.000000,0.740000,0.540000,-0.300000,-0.250000,0.852734
911,0.896363,1.623052,-6.772358,0.829999,0.017678,-1.233205,1.000000,0.780000,0.540000,-0.150000,-0.250000,0.829999
912,0.903772,1.619308,-6.784690,0.817744,0.019800,-1.367552,1.000000,0.780000,0.540000,-0.150000,-0.250000,0.817744
913,0.911038,1.615550,-6.798365,0.805450,0.022637,-1.486543,1.000000,0.780000,0.520000,-0.150000,-0.300000,0.805450
914,0.918159,1.611779,-6.813231,0.792561,0.025271,-1.622118,1.000000,0.780000,0.520000,-0.150000,-0.300000,0.792561
915,0.925125,1.607990,-6.829452,0.779611,0.028521,-1.741964,1.000000,0.780000,0.520000,-0.150000,-0.300000,0.779611
916,0.931934,1.604184,-6.846871,0.766578,0.032208,-1.846844,1.000000,0.780000,0.520000,-0.100000,-0.300000,0.766578
917,0.938586,1.600360,-6.865340,0.756948,0.036174,-1.937726,1.000000,0.780000,0.520000,-0.100000,-0.300000,0.756948
918,0.945108,1.596500,-6.884717,0.747206,0.040363,-2.016498,1.000000,0.800000,0.560000,-0.050000,-0.250000,0.747206
919,0.951497,1.592605,-6.904882,0.741378,0.045392,-2.053144,1.000000,0.800000,0.540000,-0.050000,-0.250000,0.741378
920,0.957788,1.588656,-6.925414,0.735409,0.050269,-2.083342,0.420000,0.800000,0.580000,0.300000,0.000000,0.735409
921,0.963978,1.584653,-6.946247,0.755315,0.061313,-1.836052,0.420000,0.800000,0.580000,0.300000,0.000000,0.755315
922,0.970308,1.580487,-6.964608,0.775141,0.070154,-1.621678,0.420000,0.820000,0.580000,0.300000,0.000000,0.775141
923,0.976770,1.576150,-6.980824,0.794952,0.077145,-1.434466,0.400000,0.820000,0.580000,0.300000,0.000000,0.794952
924,0.983358,1.571634,-6.995169,0.814791,0.082578,-1.269711,0.400000,0.820000,0.580000,0.300000,0.000000,0.814791
925,0.990066,1.566936,-7.007866,0.834686,0.086691,-1.123685,0.340000,0.820000,0.580000,0.300000,0.000000,0.834686
926,0.996890,1.562052,-7.019103,0.854653,0.089681,-0.993473,0.340000,0.820000,0.620000,0.300000,0.000000,0.854653
927,1.003827,1.556980,-7.029038,0.874699,0.091707,-0.876791,0.340000,0.820000,0.620000,0.300000,0.000000,0.874699
928,1.010874,1.551717,-7.037806,0.894830,0.092905,-0.771838,0.320000,0.820000,0.600000,0.300000,0.000000,0.894830
929,1.018029,1.546265,-7.045524,0.915044,0.093387,-0.677179,0.320000,0.820000,0.600000,0.300000,0.000000,0.915044
930,1.025292,1.540621,-7.052296,0.935341,0.093250,-0.591654,0.360000,0.820000,0.600000,0.300000,0.000000,0.935341
931,1.032661,1.534785,-7.058212,0.955714,0.092578,-0.514309,0.300000,0.820000,0.600000,0.300000,0.000000,0.955714
932,1.040137,1.528759,-7.063355,0.976160,0.091444,-0.444349,0.340000,0.800000,0.600000,0.300000,-0.050000,0.976160
933,1.047718,1.522543,-7.067799,0.996482,0.088547,-0.439498,0.340000,0.800000,0.580000,0.300000,-0.050000,0.996482
934,1.055396,1.516129,-7.072194,1.016824,0.085949,-0.436791,0.340000,0.800000,0.580000,0.300000,-0.050000,1.016824
935,1.063170,1.509518,-7.076562,1.037181,0.083648,-0.435993,0.320000,0.800000,0.620000,0.300000,0.000000,1.037181
936,1.071041,1.502713,-7.080922,1.057725,0.083041,-0.376951,0.320000,0.780000,0.620000,0.250000,-0.050000,1.057725
937,1.079022,1.495722,-7.084691,1.074642,0.080629,-0.383450,0.320000,0.780000,0.600000,0.250000,-0.050000,1.074642
938,1.087077,1.488562,-7.088526,1.091565,0.078543,-0.390884,0.300000,0.780000,0.600000,0.250000,-0.050000,1.091565
939,1.095206,1.481236,-7.092435,1.108491,0.076777,-0.399092,0.300000,0.760000,0.600000,0.250000,-0.050000,1.108491
940,1.103411,1.473743,-7.096425,1.125418,0.075319,-0.407925,1.000000,0.760000,0.580000,-1.000000,-0.200000,1.125418
941,1.111691,1.466084,-7.100505,1.053718,0.070986,-0.553072,0.280000,0.760000,0.580000,0.250000,-0.050000,1.053718
942,1.119418,1.458885,-7.106035,1.070579,0.071010,-0.548988,1.000000,0.760000,0.580000,-0.450000,-0.200000,1.070579
943,1.127220,1.451519,-7.111525,1.037323,0.067914,-0.684343,1.000000,0.740000,0.580000,-1.000000,-0.200000,1.037323
944,1.134734,1.444335,-7.118369,0.965515,0.066007,-0.810340,1.000000,0.740000,0.560000,-1.000000,-0.250000,0.965515
945,1.141702,1.437620,-7.126472,0.893159,0.063922,-0.951773,1.000000,0.740000,0.560000,-0.400000,-0.250000,0.893159
946,1.148119,1.431374,-7.135990,0.862753,0.062264,-1.076840,1.000000,0.740000,0.560000,-0.350000,-0.250000,0.862753
947,1.154264,1.425286,-7.146758,0.835805,0.061284,-1.190486,1.000000,0.740000,0.560000,-0.300000,-0.250000,0.835805
948,1.160160,1.419331,-7.158663,0.812317,0.060838,-1.292916,1.000000,0.740000,0.560000,-0.300000,-0.250000,0.812317
949,1.165832,1.413483,-7.171592,0.788787,0.060813,-1.384631,1.000000,0.760000,0.560000,-0.200000,-0.250000,0.788787
950,1.171278,1.407745,-7.185439,0.772215,0.061060,-1.465748,1.000000,0.760000,0.560000,-0.200000,-0.250000,0.772215
951,1.176544,1.402064,-7.200096,0.755600,0.061578,-1.537855,1.000000,0.760000,0.560000,-0.150000,-0.250000,0.755600
952,1.181629,1.396441,-7.215475,0.742441,0.062263,-1.601290,1.000000,0.780000,0.560000,-0.150000,-0.250000,0.742441
953,1.186553,1.390851,-7.231488,0.729238,0.063094,-1.657177,1.000000,0.860000,0.560000,0.050000,-0.300000,0.729238
954,1.191318,1.385294,-7.248059,0.729462,0.063419,-1.730539,1.000000,0.860000,0.560000,0.050000,-0.300000,0.729462
955,1.195994,1.379659,-7.265365,0.729644,0.064236,-1.798907,1.000000,0.880000,0.560000,0.050000,-0.300000,0.729644
956,1.200579,1.373947,-7.283354,0.729774,0.065489,-1.862352,1.000000,0.900000,0.560000,0.100000,-0.300000,0.729774
957,1.205072,1.368160,-7.301977,0.733343,0.067129,-1.921010,1.000000,0.920000,0.560000,0.150000,-0.350000,0.733343
958,1.209489,1.362267,-7.321187,0.739799,0.068771,-1.993680,1.000000,0.940000,0.580000,0.150000,-0.350000,0.739799
959,1.213839,1.356244,-7.341124,0.746176,0.071010,-2.062465,1.000000,0.960000,0.580000,0.150000,-0.350000,0.746176
960,1.218119,1.350091,-7.361749,0.752458,0.073804,-2.127326,1.000000,1.000000,0.580000,0.250000,-0.450000,0.752458
961,1.222326,1.343808,-7.383022,0.764552,0.076699,-2.206122,0.160000,1.000000,0.580000,0.500000,0.300000,0.764552
962,1.226478,1.337343,-7.405083,0.795775,0.094802,-1.664662,0.160000,1.000000,0.600000,0.500000,0.300000,0.795775
963,1.230786,1.330585,-7.421730,0.827306,0.108773,-1.156953,0.160000,1.000000,0.600000,0.500000,0.300000,0.827306
964,1.235239,1.323529,-7.433299,0.859331,0.118685,-0.683393,0.140000,1.000000,0.600000,0.500000,0.300000,0.859331
965,1.239832,1.316169,-7.440133,0.891945,0.124686,-0.242903,0.660000,1.000000,0.600000,0.500000,0.300000,0.891945
966,1.244561,1.308504,-7.442562,0.925173,0.126961,0.166213,0.660000,1.000000,0.600000,0.500000,0.300000,0.925173
967,1.249424,1.300532,-7.440900,0.958980,0.125707,0.545621,0.940000,1.000000,0.580000,0.350000,-0.550000,0.958980
968,1.254425,1.292254,-7.435444,0.979075,0.108765,0.367886,0.920000,1.000000,0.580000,0.400000,-0.600000,0.979075
969,1.259398,1.283750,-7.431765,1.001949,0.094044,0.181456,0.920000,1.000000,0.580000,0.400000,-0.600000,1.001949
970,1.264362,1.274996,-7.429951,1.024616,0.081453,-0.018410,1.000000,1.000000,0.560000,0.250000,-0.550000,1.024616
971,1.269320,1.265992,-7.430135,1.037087,0.070987,-0.234278,1.000000,1.000000,0.560000,0.250000,-0.550000,1.037087
972,1.274232,1.256831,-7.432478,1.049432,0.062932,-0.454402,1.000000,1.000000,0.560000,0.250000,-0.550000,1.049432
973,1.279100,1.247513,-7.437022,1.061679,0.057307,-0.675239,1.000000,1.000000,0.560000,0.250000,-0.550000,1.061679
974,1.283923,1.238038,-7.443774,1.073845,0.054096,-0.893521,1.000000,1.000000,0.560000,0.250000,-0.550000,1.073845
975,1.288702,1.228406,-7.452709,1.085930,0.053252,-1.106339,0.880000,1.000000,0.560000,0.450000,-0.550000,1.085930
976,1.293434,1.218617,-7.463773,1.111920,0.054705,-1.311197,0.860000,1.000000,0.560000,0.450000,-0.550000,1.111920
977,1.298169,1.208542,-7.476885,1.137786,0.058579,-1.507609,0.860000,1.000000,0.560000,0.450000,-0.550000,1.137786
978,1.302904,1.198179,-7.491961,1.163486,0.064828,-1.693803,0.840000,1.000000,0.560000,0.500000,0.050000,1.163486
979,1.307630,1.187528,-7.508899,1.197216,0.082358,-1.484928,0.840000,1.000000,0.560000,0.500000,0.050000,1.197216
980,1.312455,1.176540,-7.523748,1.230844,0.097203,-1.293555,0.560000,1.000000,0.560000,0.500000,0.300000,1.230844
981,1.317366,1.165212,-7.536683,1.262570,0.115656,-0.858927,0.540000,1.000000,0.560000,0.500000,0.300000,1.262570
982,1.322404,1.153577,-7.545273,1.294675,0.128629,-0.440597,0.540000,1.000000,0.640000,0.500000,0.300000,1.294675
983,1.327563,1.141634,-7.549679,1.327299,0.136233,-0.040434,0.520000,1.000000,0.640000,0.500000,0.300000,1.327299
984,1.332840,1.129379,-7.550083,1.360500,0.138622,0.340514,0.600000,1.000000,0.620000,0.500000,0.300000,1.360500
985,1.338234,1.116812,-7.546678,1.394265,0.135976,0.701531,0.740000,1.000000,0.620000,0.500000,0.300000,1.394265
986,1.343747,1.103934,-7.539663,1.428523,0.128493,1.041913,0.780000,1.000000,0.600000,0.500000,0.300000,1.428523
987,1.349386,1.090746,-7.529243,1.463152,0.116387,1.360802,0.760000,1.000000,0.580000,0.500000,0.300000,1.463152
988,1.355157,1.077250,-7.515635,1.497988,0.099890,1.657181,0.760000,1.000000,0.580000,0.500000,0.300000,1.497988
989,1.361072,1.063451,-7.499064,1.532840,0.079250,1.929993,0.900000,1.000000,0.560000,0.450000,-0.750000,1.532840
990,1.367142,1.049353,-7.479764,1.558980,0.042138,1.639794,0.880000,1.000000,0.540000,0.450000,-0.700000,1.558980
991,1.373233,1.034997,-7.463366,1.584711,0.009415,1.309541,1.000000,1.000000,0.460000,0.200000,-0.800000,1.584711
992,1.379354,1.020379,-7.450270,1.591587,-0.017441,0.981966,1.000000,1.000000,0.440000,0.200000,-0.850000,1.591587
993,1.385446,1.005674,-7.440451,1.597812,-0.038495,0.652560,1.000000,1.000000,0.440000,0.200000,-0.850000,1.597812
994,1.391514,0.990888,-7.433925,1.603970,-0.054124,0.313580,1.000000,1.000000,0.420000,0.200000,-0.950000,1.603970
995,1.397561,0.976022,-7.430789,1.609535,-0.063547,0.001282,1.000000,0.980000,0.480000,0.100000,-0.700000,1.609535
996,1.403591,0.961086,-7.430776,1.610188,-0.069502,-0.374833,1.000000,1.000000,0.400000,0.200000,-0.950000,1.610188
997,1.409570,0.946119,-7.434525,1.616196,-0.068006,-0.679080,1.000000,1.000000,0.460000,0.200000,-0.800000,1.616196
998,1.415531,0.931081,-7.441316,1.623487,-0.062818,-1.014426,1.000000,1.000000,0.460000,0.200000,-0.800000,1.623487
999,1.421467,0.915957,-7.451460,1.630955,-0.052476,-1.332944,1.000000,1.000000,0.460000,0.200000,-0.800000,1.630955
