step,x,y,mu,vx,vy,omega,lidar_l,lidar_c,lidar_r,throttle,steering,reward
0,-0.852581,-1.644165,2.370804,0.000000,0.000000,0.000000,0.180000,0.240000,0.920000,0.100000,-1.000000,0.000000
1,-0.852581,-1.644165,2.370804,0.007000,0.000000,0.000000,0.180000,0.240000,0.920000,0.100000,-1.000000,0.007000
2,-0.852632,-1.644116,2.370804,0.014000,0.000000,0.000000,0.180000,0.240000,0.920000,0.100000,-1.000000,0.014000
3,-0.852732,-1.644019,2.370804,0.012635,-0.005371,-0.229722,0.180000,0.240000,0.920000,0.100000,-1.000000,0.012635
4,-0.852785,-1.643892,2.368507,0.014456,-0.013642,-0.130547,0.180000,0.240000,0.480000,0.100000,-1.000000,0.014456
5,-0.852794,-1.643694,2.367201,0.018464,-0.007716,-0.594771,0.180000,0.240000,0.480000,0.100000,-1.000000,0.018464
6,-0.852872,-1.643509,2.361253,0.023814,-0.016534,-0.259800,0.180000,0.240000,0.480000,0.100000,-1.000000,0.023814
7,-0.852924,-1.643224,2.358655,0.026136,-0.012580,-0.726427,0.180000,0.220000,0.480000,0.100000,-1.000000,0.026136
8,-0.853021,-1.642951,2.351391,0.030956,-0.021285,-0.426882,0.180000,0.220000,0.460000,0.100000,-1.000000,0.030956
9,-0.853088,-1.642581,2.347122,0.033981,-0.017852,-0.826197,0.180000,0.220000,0.460000,0.100000,-1.000000,0.033981
10,-0.853198,-1.642214,2.338860,0.038344,-0.025797,-0.589363,0.180000,0.220000,0.460000,0.100000,-1.000000,0.038344
11,-0.853279,-1.641759,2.332967,0.041704,-0.023224,-0.926226,0.180000,0.220000,0.440000,0.100000,-1.000000,0.041704
12,-0.853399,-1.641297,2.323705,0.045867,-0.029787,-0.767228,0.180000,0.220000,0.340000,0.100000,-1.000000,0.045867
13,-0.853495,-1.640758,2.316032,0.049446,-0.028652,-1.019612,0.180000,0.220000,0.340000,0.100000,-1.000000,0.049446
14,-0.853620,-1.640201,2.305836,0.053473,-0.033471,-0.952181,0.180000,0.220000,0.340000,0.100000,-1.000000,0.053473
15,-0.853730,-1.639579,2.296314,0.057212,-0.033962,-1.113680,0.180000,0.220000,0.320000,0.100000,-1.000000,0.057212
16,-0.853856,-1.638926,2.285178,0.061152,-0.037174,-1.128214,0.180000,0.220000,0.320000,0.100000,-1.000000,0.061152
17,-0.853976,-1.638220,2.273895,0.064996,-0.038811,-1.224822,0.180000,0.200000,0.320000,0.100000,-1.000000,0.064996
18,-0.854100,-1.637474,2.261647,0.068903,-0.041150,-1.281770,0.160000,0.200000,0.300000,0.100000,-1.000000,0.068903
19,-0.854222,-1.636680,2.248829,0.072800,-0.043167,-1.353740,0.160000,0.200000,0.300000,0.100000,-1.000000,0.072800
20,-0.854342,-1.635843,2.235292,0.076713,-0.045245,-1.420158,0.160000,0.200000,0.300000,0.100000,-1.000000,0.076713
21,-0.854459,-1.634960,2.221090,0.080636,-0.047265,-1.487219,0.160000,0.200000,0.280000,0.100000,-1.000000,0.080636
22,-0.854571,-1.634032,2.206218,0.084568,-0.049253,-1.553404,0.160000,0.200000,0.280000,0.100000,-1.000000,0.084568
23,-0.854677,-1.633059,2.190684,0.088510,-0.051204,-1.618947,0.160000,0.180000,0.260000,0.100000,-1.000000,0.088510
24,-0.854774,-1.632041,2.174495,0.092462,-0.053116,-1.683782,0.160000,0.180000,0.260000,0.100000,-1.000000,0.092462
25,-0.854862,-1.630978,2.157657,0.096422,-0.054987,-1.747878,0.160000,0.180000,0.260000,0.100000,-1.000000,0.096422
26,-0.854938,-1.629871,2.140178,0.100391,-0.056815,-1.811200,0.160000,0.180000,0.240000,0.100000,-1.000000,0.100391
27,-0.855001,-1.628719,2.122066,0.104368,-0.058600,-1.873714,0.160000,0.180000,0.240000,0.100000,-1.000000,0.104368
28,-0.855048,-1.627523,2.103329,0.108353,-0.060338,-1.935386,0.160000,0.180000,0.240000,0.100000,-1.000000,0.108353
29,-0.855078,-1.626283,2.083975,0.112344,-0.062029,-1.996181,0.160000,0.180000,0.220000,0.100000,-1.000000,0.112344
30,-0.855089,-1.625000,2.064013,0.116341,-0.063671,-2.056065,0.160000,0.160000,0.220000,0.100000,-1.000000,0.116341
31,-0.855080,-1.623674,2.043453,0.120343,-0.065262,-2.115003,0.160000,0.160000,0.220000,0.100000,-1.000000,0.120343
32,-0.855046,-1.622305,2.022303,0.124349,-0.066802,-2.172961,0.140000,0.160000,0.200000,0.100000,-1.000000,0.124349
33,-0.854988,-1.620895,2.000573,0.128358,-0.068287,-2.229905,0.140000,0.160000,0.200000,0.100000,-1.000000,0.128358
34,-0.854902,-1.619443,1.978274,0.132369,-0.069718,-2.285802,0.140000,0.160000,0.200000,0.100000,-1.000000,0.132369
35,-0.854786,-1.617952,1.955416,0.136380,-0.071092,-2.340617,0.140000,0.160000,0.200000,0.100000,-1.000000,0.136380
36,-0.854639,-1.616421,1.932010,0.140391,-0.072408,-2.394318,0.140000,0.160000,0.180000,0.100000,-1.000000,0.140391
37,-0.854458,-1.614852,1.908067,0.144399,-0.073665,-2.446873,0.140000,0.140000,0.180000,0.100000,-1.000000,0.144399
38,-0.854241,-1.613245,1.883598,0.148404,-0.074862,-2.498250,0.140000,0.140000,0.180000,0.100000,-1.000000,0.148404
39,-0.853985,-1.611603,1.858615,0.152403,-0.075998,-2.548418,0.140000,0.140000,0.180000,0.100000,-1.000000,0.152403
40,-0.853689,-1.609926,1.833131,0.156395,-0.077072,-2.597348,0.140000,0.140000,0.160000,0.100000,-1.000000,0.156395
41,-0.853350,-1.608216,1.807158,0.160378,-0.078082,-2.645011,0.140000,0.140000,0.160000,0.100000,-1.000000,0.160378
42,-0.852966,-1.606474,1.780708,0.164351,-0.079028,-2.691379,0.140000,0.140000,0.160000,0.100000,-1.000000,0.164351
43,-0.852536,-1.604701,1.753794,0.168311,-0.079910,-2.736426,0.140000,0.140000,0.160000,0.100000,-1.000000,0.168311
44,-0.852057,-1.602901,1.726430,0.172256,-0.080726,-2.780126,0.140000,0.140000,0.140000,0.100000,-1.000000,0.172256
45,-0.851526,-1.601074,1.698628,0.176185,-0.081476,-2.822456,0.140000,0.140000,0.140000,0.100000,-1.000000,0.176185
46,-0.850943,-1.599223,1.670404,0.180096,-0.082160,-2.863393,0.140000,0.120000,0.140000,0.100000,-1.000000,0.180096
47,-0.850304,-1.597349,1.641770,0.183986,-0.082778,-2.902919,0.140000,0.120000,0.140000,0.100000,-1.000000,0.183986
48,-0.849609,-1.595455,1.612741,0.187853,-0.083329,-2.941013,0.140000,0.120000,0.140000,0.100000,-1.000000,0.187853
49,-0.848855,-1.593543,1.583331,0.191695,-0.083813,-2.977659,0.140000,0.120000,0.140000,0.100000,-1.000000,0.191695
50,-0.848041,-1.591616,1.553554,0.195510,-0.084231,-3.012842,0.140000,0.120000,0.120000,0.100000,-1.000000,0.195510
51,-0.847165,-1.589676,1.523426,0.199296,-0.084583,-3.046550,0.140000,0.120000,0.120000,0.100000,-1.000000,0.199296
52,-0.846226,-1.587725,1.492960,0.203050,-0.084870,-3.078772,0.140000,0.120000,0.120000,0.100000,-1.000000,0.203050
53,-0.845222,-1.585767,1.462172,0.206771,-0.085091,-3.109500,0.140000,0.120000,0.120000,0.100000,-1.000000,0.206771
54,-0.844152,-1.583803,1.431077,0.210456,-0.085248,-3.138727,0.140000,0.120000,0.120000,0.100000,-1.000000,0.210456
55,-0.843015,-1.581838,1.399690,0.214102,-0.085341,-3.166451,0.140000,0.120000,0.120000,0.100000,-1.000000,0.214102
56,-0.841809,-1.579874,1.368026,0.217709,-0.085372,-3.192670,0.140000,0.120000,0.120000,0.100000,-1.000000,0.217709
57,-0.840534,-1.577913,1.336099,0.221273,-0.085341,-3.217384,0.140000,0.120000,0.120000,0.100000,-1.000000,0.221273
58,-0.839190,-1.575959,1.303925,0.224793,-0.085251,-3.240598,0.140000,0.120000,0.120000,0.100000,-1.000000,0.224793
59,-0.837775,-1.574016,1.271519,0.228266,-0.085102,-3.262318,0.140000,0.120000,0.100000,0.100000,-1.000000,0.228266
60,-0.836289,-1.572086,1.238896,0.231691,-0.084896,-3.282553,0.140000,0.120000,0.100000,0.100000,-1.000000,0.231691
61,-0.834731,-1.570172,1.206070,0.235066,-0.084634,-3.301313,0.140000,0.120000,0.100000,0.100000,-1.000000,0.235066
62,-0.833102,-1.568278,1.173057,0.238389,-0.084319,-3.318612,0.140000,0.120000,0.100000,0.100000,-1.000000,0.238389
63,-0.831401,-1.566406,1.139871,0.241658,-0.083953,-3.334466,0.140000,0.120000,0.100000,0.100000,-1.000000,0.241658
64,-0.829629,-1.564561,1.106526,0.244872,-0.083537,-3.348894,0.140000,0.120000,0.100000,0.100000,-1.000000,0.244872
65,-0.827785,-1.562746,1.073038,0.248029,-0.083073,-3.361916,0.140000,0.120000,0.100000,0.100000,-1.000000,0.248029
66,-0.825871,-1.560963,1.039418,0.251128,-0.082564,-3.373556,0.140000,0.120000,0.100000,0.100000,-1.000000,0.251128
67,-0.823887,-1.559217,1.005683,0.254167,-0.082013,-3.383839,0.160000,0.120000,0.100000,0.100000,-1.000000,0.254167
68,-0.821833,-1.557509,0.971844,0.257146,-0.081421,-3.392792,0.160000,0.120000,0.100000,0.100000,-1.000000,0.257146
69,-0.819711,-1.555845,0.937916,0.260062,-0.080791,-3.400445,0.160000,0.120000,0.100000,0.100000,-1.000000,0.260062
70,-0.817521,-1.554225,0.903912,0.262916,-0.080126,-3.406830,0.160000,0.120000,0.100000,0.100000,-1.000000,0.262916
71,-0.815266,-1.552655,0.869844,0.265706,-0.079427,-3.411980,0.180000,0.120000,0.100000,0.100000,-1.000000,0.265706
72,-0.812945,-1.551137,0.835724,0.268432,-0.078699,-3.415930,0.180000,0.120000,0.100000,0.100000,-1.000000,0.268432
73,-0.810561,-1.549673,0.801565,0.271092,-0.077943,-3.418717,0.200000,0.120000,0.100000,0.100000,-1.000000,0.271092
74,-0.808115,-1.548268,0.767377,0.273687,-0.077161,-3.420380,0.200000,0.120000,0.100000,0.100000,-1.000000,0.273687
75,-0.805610,-1.546923,0.733174,0.276217,-0.076358,-3.420958,0.220000,0.120000,0.100000,0.100000,-1.000000,0.276217
76,-0.803046,-1.545642,0.698964,0.278680,-0.075534,-3.420492,0.240000,0.120000,0.100000,0.100000,-1.000000,0.278680
77,-0.800427,-1.544427,0.664759,0.281077,-0.074694,-3.419025,0.260000,0.140000,0.100000,0.100000,-1.000000,0.281077
78,-0.797754,-1.543281,0.630569,0.283408,-0.073838,-3.416600,0.280000,0.140000,0.100000,0.100000,-1.000000,0.283408
79,-0.795030,-1.542207,0.596403,0.285673,-0.072971,-3.413261,0.320000,0.140000,0.100000,0.100000,-1.000000,0.285673
80,-0.792256,-1.541206,0.562270,0.287873,-0.072094,-3.409053,0.360000,0.140000,0.100000,0.100000,-1.000000,0.287873
81,-0.789436,-1.540281,0.528180,0.290007,-0.071210,-3.404020,0.420000,0.160000,0.100000,0.100000,-1.000000,0.290007
82,-0.786573,-1.539435,0.494140,0.292076,-0.070321,-3.398210,0.500000,0.160000,0.100000,0.100000,-1.000000,0.292076
83,-0.783668,-1.538668,0.460157,0.294082,-0.069430,-3.391668,0.640000,0.160000,0.100000,0.100000,-1.000000,0.294082
84,-0.780724,-1.537985,0.426241,0.296023,-0.068538,-3.384440,0.920000,0.180000,0.120000,0.100000,-1.000000,0.296023
85,-0.777746,-1.537385,0.392396,0.297902,-0.067648,-3.376573,1.000000,0.200000,0.120000,0.100000,-1.000000,0.297902
86,-0.774734,-1.536871,0.358631,0.299719,-0.066762,-3.368113,1.000000,0.200000,0.120000,0.100000,-1.000000,0.299719
87,-0.771694,-1.536444,0.324950,0.301476,-0.065881,-3.359106,1.000000,0.220000,0.120000,0.100000,-1.000000,0.301476
88,-0.768626,-1.536106,0.291358,0.303172,-0.065008,-3.349597,1.000000,0.240000,0.120000,0.100000,-1.000000,0.303172
89,-0.765536,-1.535857,0.257862,0.304810,-0.064144,-3.339633,1.000000,0.280000,0.140000,0.100000,-1.000000,0.304810
90,-0.762425,-1.535700,0.224466,0.306390,-0.063290,-3.329256,1.000000,0.320000,0.140000,0.100000,-1.000000,0.306390
91,-0.759297,-1.535635,0.191174,0.307914,-0.062449,-3.318511,1.000000,0.380000,0.140000,0.100000,-1.000000,0.307914
92,-0.756155,-1.535663,0.157989,0.309383,-0.061621,-3.307441,1.000000,0.440000,0.160000,0.100000,-1.000000,0.309383
93,-0.753003,-1.535785,0.124914,0.310798,-0.060808,-3.296088,1.000000,0.560000,0.160000,0.100000,-1.000000,0.310798
94,-0.749843,-1.536001,0.091953,0.312160,-0.060011,-3.284493,1.000000,0.760000,0.180000,0.100000,-1.000000,0.312160
95,-0.746680,-1.536312,0.059108,0.313472,-0.059230,-3.272694,1.000000,1.000000,0.180000,0.100000,-1.000000,0.313472
96,-0.743515,-1.536718,0.026381,0.314734,-0.058468,-3.260732,1.000000,1.000000,0.200000,0.100000,-1.000000,0.314734
97,-0.740354,-1.537220,-0.006226,0.315948,-0.057723,-3.248642,0.960000,1.000000,0.220000,0.100000,-1.000000,0.315948
98,-0.737198,-1.537817,-0.038712,0.317115,-0.056998,-3.236461,0.880000,1.000000,0.240000,0.100000,-1.000000,0.317115
99,-0.734051,-1.538509,-0.071077,0.318237,-0.056292,-3.224222,0.820000,1.000000,0.260000,0.100000,-1.000000,0.318237
100,-0.730917,-1.539296,-0.103319,0.319315,-0.055607,-3.211959,0.760000,1.000000,0.300000,0.100000,-1.000000,0.319315
101,-0.727798,-1.540179,-0.135439,0.320351,-0.054941,-3.199702,0.720000,1.000000,0.360000,0.100000,-1.000000,0.320351
102,-0.724698,-1.541156,-0.167436,0.321345,-0.054297,-3.187481,0.680000,1.000000,0.420000,0.100000,-1.000000,0.321345
103,-0.721620,-1.542227,-0.199311,0.322301,-0.053673,-3.175324,0.640000,1.000000,0.500000,0.100000,-1.000000,0.322301
104,-0.718567,-1.543391,-0.231064,0.323218,-0.053070,-3.163256,0.600000,1.000000,0.640000,0.100000,-1.000000,0.323218
105,-0.715542,-1.544648,-0.262696,0.324099,-0.052488,-3.151302,0.580000,1.000000,0.880000,0.100000,-1.000000,0.324099
106,-0.712549,-1.545996,-0.294209,0.324944,-0.051926,-3.139484,0.540000,1.000000,1.000000,0.100000,-1.000000,0.324944
107,-0.709590,-1.547436,-0.325604,0.325756,-0.051386,-3.127823,0.520000,1.000000,1.000000,0.100000,-1.000000,0.325756
108,-0.706668,-1.548964,-0.356883,0.326535,-0.050865,-3.116339,0.500000,0.920000,1.000000,0.100000,-1.000000,0.326535
109,-0.703786,-1.550582,-0.388046,0.327283,-0.050365,-3.105048,0.480000,0.860000,1.000000,0.100000,-1.000000,0.327283
110,-0.700947,-1.552286,-0.419096,0.328001,-0.049884,-3.093966,0.460000,0.800000,1.000000,0.100000,-1.000000,0.328001
111,-0.698154,-1.554077,-0.450036,0.328690,-0.049423,-3.083107,0.460000,0.740000,1.000000,0.100000,-1.000000,0.328690
112,-0.695409,-1.555952,-0.480867,0.329352,-0.048980,-3.072483,0.440000,0.700000,1.000000,0.100000,-1.000000,0.329352
113,-0.692716,-1.557909,-0.511592,0.329987,-0.048557,-3.062105,0.420000,0.660000,1.000000,0.100000,-1.000000,0.329987
114,-0.690076,-1.559948,-0.542213,0.330598,-0.048151,-3.051982,0.420000,0.620000,1.000000,0.100000,-1.000000,0.330598
115,-0.687493,-1.562067,-0.572733,0.331184,-0.047762,-3.042122,0.400000,0.580000,1.000000,0.100000,-1.000000,0.331184
116,-0.684968,-1.564263,-0.603154,0.331747,-0.047391,-3.032530,0.380000,0.560000,1.000000,0.100000,-1.000000,0.331747
117,-0.682505,-1.566535,-0.633479,0.332289,-0.047036,-3.023212,0.380000,0.520000,1.000000,0.100000,-1.000000,0.332289
118,-0.680105,-1.568881,-0.663711,0.332809,-0.046696,-3.014171,0.360000,0.500000,1.000000,0.100000,-1.000000,0.332809
119,-0.677771,-1.571299,-0.693853,0.333309,-0.046372,-3.005410,0.360000,0.480000,0.900000,0.100000,-1.000000,0.333309
120,-0.675505,-1.573787,-0.723907,0.333791,-0.046063,-2.996928,0.360000,0.460000,0.840000,0.100000,-1.000000,0.333791
121,-0.673310,-1.576343,-0.753877,0.334254,-0.045767,-2.988728,0.340000,0.440000,0.760000,0.100000,-1.000000,0.334254
122,-0.671186,-1.578964,-0.783764,0.334700,-0.045485,-2.980806,0.340000,0.440000,0.720000,0.100000,-1.000000,0.334700
123,-0.669137,-1.581649,-0.813572,0.335129,-0.045216,-2.973162,0.340000,0.420000,0.660000,0.100000,-1.000000,0.335129
124,-0.667163,-1.584396,-0.843304,0.335543,-0.044960,-2.965792,0.320000,0.400000,0.620000,0.100000,-1.000000,0.335543
125,-0.665268,-1.587201,-0.872961,0.335941,-0.044715,-2.958694,0.320000,0.380000,0.600000,0.100000,-1.000000,0.335941
126,-0.663452,-1.590062,-0.902548,0.336325,-0.044481,-2.951862,0.320000,0.380000,0.560000,0.100000,-1.000000,0.336325
127,-0.661717,-1.592977,-0.932067,0.336696,-0.044258,-2.945292,0.300000,0.360000,0.520000,0.100000,-1.000000,0.336696
128,-0.660065,-1.595944,-0.961520,0.337054,-0.044045,-2.938978,0.300000,0.360000,0.500000,0.100000,-1.000000,0.337054
129,-0.658497,-1.598961,-0.990910,0.337399,-0.043842,-2.932914,0.300000,0.340000,0.480000,0.100000,-1.000000,0.337399
130,-0.657015,-1.602023,-1.020239,0.337732,-0.043647,-2.927095,0.300000,0.340000,0.460000,0.100000,-1.000000,0.337732
131,-0.655620,-1.605130,-1.049510,0.338054,-0.043462,-2.921512,0.300000,0.320000,0.440000,0.100000,-1.000000,0.338054
132,-0.654314,-1.608278,-1.078725,0.338365,-0.043284,-2.916160,0.280000,0.320000,0.420000,0.100000,-1.000000,0.338365
133,-0.653097,-1.611464,-1.107887,0.338666,-0.043115,-2.911031,0.280000,0.320000,0.400000,0.100000,-1.000000,0.338666
134,-0.651970,-1.614687,-1.136997,0.338958,-0.042953,-2.906118,0.280000,0.300000,0.380000,0.100000,-1.000000,0.338958
135,-0.650935,-1.617943,-1.166058,0.339240,-0.042797,-2.901413,0.280000,0.300000,0.380000,0.100000,-1.000000,0.339240
136,-0.649993,-1.621230,-1.195072,0.339513,-0.042648,-2.896908,0.280000,0.300000,0.360000,0.100000,-1.000000,0.339513
137,-0.649143,-1.624545,-1.224041,0.339777,-0.042505,-2.892596,0.280000,0.280000,0.340000,0.100000,-1.000000,0.339777
138,-0.648388,-1.627885,-1.252967,0.340033,-0.042369,-2.888470,0.260000,0.280000,0.340000,0.100000,-1.000000,0.340033
139,-0.647728,-1.631247,-1.281852,0.340282,-0.042237,-2.884521,0.260000,0.280000,0.320000,0.100000,-1.000000,0.340282
140,-0.647164,-1.634630,-1.310697,0.340523,-0.042111,-2.880742,0.260000,0.280000,0.320000,0.100000,-1.000000,0.340523
141,-0.646695,-1.638029,-1.339504,0.340757,-0.041989,-2.877126,0.260000,0.260000,0.300000,0.100000,-1.000000,0.340757
142,-0.646322,-1.641442,-1.368276,0.340984,-0.041873,-2.873666,0.260000,0.260000,0.300000,0.100000,-1.000000,0.340984
143,-0.646047,-1.644866,-1.397012,0.341204,-0.041760,-2.870354,0.260000,0.260000,0.300000,0.100000,-1.000000,0.341204
144,-0.645868,-1.648299,-1.425716,0.341418,-0.041652,-2.867183,0.260000,0.260000,0.280000,0.100000,-1.000000,0.341418
145,-0.645787,-1.651737,-1.454388,0.341626,-0.041547,-2.864147,0.260000,0.260000,0.280000,0.100000,-1.000000,0.341626
146,-0.645802,-1.655179,-1.483029,0.341828,-0.041446,-2.861240,0.260000,0.240000,0.280000,0.100000,-1.000000,0.341828
147,-0.645916,-1.658620,-1.511642,0.342025,-0.041349,-2.858454,0.260000,0.240000,0.260000,0.100000,-1.000000,0.342025
148,-0.646126,-1.662059,-1.540226,0.342216,-0.041255,-2.855785,0.260000,0.240000,0.260000,0.100000,-1.000000,0.342216
149,-0.646434,-1.665492,-1.568784,0.342402,-0.041163,-2.853225,0.260000,0.240000,0.260000,0.100000,-1.000000,0.342402
150,-0.646839,-1.668917,-1.597316,0.342584,-0.041075,-2.850769,0.260000,0.240000,0.240000,0.100000,-1.000000,0.342584
151,-0.647340,-1.672331,-1.625824,0.342760,-0.040990,-2.848412,0.260000,0.240000,0.240000,0.100000,-1.000000,0.342760
152,-0.647938,-1.675731,-1.654308,0.342931,-0.040907,-2.846150,0.260000,0.240000,0.240000,0.100000,-1.000000,0.342931
153,-0.648632,-1.679114,-1.682770,0.343099,-0.040826,-2.843975,0.260000,0.220000,0.240000,0.100000,-1.000000,0.343099
154,-0.649421,-1.682478,-1.711209,0.343261,-0.040748,-2.841885,0.260000,0.220000,0.220000,0.100000,-1.000000,0.343261
155,-0.650305,-1.685819,-1.739628,0.343420,-0.040672,-2.839875,0.260000,0.220000,0.220000,0.100000,-1.000000,0.343420
156,-0.651283,-1.689137,-1.768027,0.343575,-0.040599,-2.837940,0.260000,0.220000,0.220000,0.100000,-1.000000,0.343575
157,-0.652354,-1.692426,-1.796406,0.343725,-0.040527,-2.836077,0.260000,0.220000,0.220000,0.100000,-1.000000,0.343725
158,-0.653518,-1.695686,-1.824767,0.343872,-0.040457,-2.834281,0.260000,0.220000,0.220000,0.100000,-1.000000,0.343872
159,-0.654773,-1.698912,-1.853110,0.344015,-0.040390,-2.832550,0.260000,0.220000,0.220000,0.100000,-1.000000,0.344015
160,-0.656120,-1.702104,-1.881435,0.344155,-0.040323,-2.830879,0.260000,0.220000,0.200000,0.100000,-1.000000,0.344155
161,-0.657556,-1.705257,-1.909744,0.344291,-0.040259,-2.829265,0.260000,0.220000,0.200000,0.100000,-1.000000,0.344291
162,-0.659080,-1.708371,-1.938037,0.344424,-0.040196,-2.827707,0.260000,0.220000,0.200000,0.100000,-1.000000,0.344424
163,-0.660692,-1.711441,-1.966314,0.344553,-0.040135,-2.826199,0.260000,0.220000,0.200000,0.100000,-1.000000,0.344553
164,-0.662390,-1.714466,-1.994576,0.344680,-0.040076,-2.824741,0.280000,0.220000,0.200000,0.100000,-1.000000,0.344680
165,-0.664172,-1.717443,-2.022823,0.344803,-0.040018,-2.823330,0.280000,0.220000,0.200000,0.100000,-1.000000,0.344803
166,-0.666038,-1.720370,-2.051057,0.344923,-0.039961,-2.821963,0.280000,0.220000,0.200000,0.100000,-1.000000,0.344923
167,-0.667986,-1.723244,-2.079276,0.345041,-0.039906,-2.820638,0.280000,0.220000,0.200000,0.100000,-1.000000,0.345041
168,-0.670015,-1.726064,-2.107483,0.345155,-0.039852,-2.819353,0.300000,0.220000,0.200000,0.100000,-1.000000,0.345155
169,-0.672122,-1.728826,-2.135676,0.345267,-0.039799,-2.818106,0.300000,0.220000,0.200000,0.100000,-1.000000,0.345267
170,-0.674307,-1.731530,-2.163857,0.345376,-0.039747,-2.816896,0.300000,0.220000,0.200000,0.100000,-1.000000,0.345376
171,-0.676566,-1.734171,-2.192026,0.345482,-0.039697,-2.815721,0.320000,0.220000,0.180000,0.100000,-1.000000,0.345482
172,-0.678900,-1.736750,-2.220183,0.345586,-0.039648,-2.814578,0.320000,0.220000,0.180000,0.100000,-1.000000,0.345586
173,-0.681306,-1.739262,-2.248329,0.345688,-0.039600,-2.813468,0.340000,0.220000,0.180000,0.100000,-1.000000,0.345688
174,-0.683781,-1.741707,-2.276464,0.345787,-0.039553,-2.812388,0.340000,0.220000,0.180000,0.100000,-1.000000,0.345787
175,-0.686325,-1.744083,-2.304588,0.345883,-0.039507,-2.811337,0.360000,0.240000,0.180000,0.100000,-1.000000,0.345883
176,-0.688935,-1.746387,-2.332701,0.345978,-0.039463,-2.810314,0.380000,0.240000,0.180000,0.100000,-1.000000,0.345978
177,-0.691608,-1.748618,-2.360804,0.346070,-0.039419,-2.809318,0.400000,0.240000,0.180000,0.100000,-1.000000,0.346070
178,-0.694344,-1.750774,-2.388897,0.346160,-0.039377,-2.808348,0.420000,0.240000,0.180000,0.100000,-1.000000,0.346160
179,-0.697140,-1.752853,-2.416981,0.346248,-0.039335,-2.807402,0.440000,0.240000,0.180000,0.100000,-1.000000,0.346248
180,-0.699993,-1.754853,-2.445055,0.346333,-0.039294,-2.806481,0.440000,0.260000,0.200000,0.100000,-1.000000,0.346333
181,-0.702902,-1.756774,-2.473120,0.346417,-0.039254,-2.805583,0.420000,0.260000,0.200000,0.100000,-1.000000,0.346417
182,-0.705864,-1.758613,-2.501176,0.346499,-0.039216,-2.804707,0.420000,0.260000,0.200000,0.100000,-1.000000,0.346499
183,-0.708876,-1.760369,-2.529223,0.346578,-0.039178,-2.803853,0.440000,0.280000,0.200000,0.100000,-1.000000,0.346578
184,-0.711938,-1.762040,-2.557261,0.346656,-0.039141,-2.803020,0.480000,0.280000,0.200000,0.100000,-1.000000,0.346656
185,-0.715045,-1.763626,-2.585291,0.346732,-0.039104,-2.802207,0.540000,0.300000,0.200000,0.100000,-1.000000,0.346732
186,-0.718196,-1.765125,-2.613313,0.346806,-0.039069,-2.801414,0.620000,0.300000,0.200000,0.100000,-1.000000,0.346806
187,-0.721388,-1.766536,-2.641328,0.346879,-0.039034,-2.800640,0.680000,0.320000,0.200000,0.100000,-1.000000,0.346879
188,-0.724619,-1.767857,-2.669334,0.346950,-0.039001,-2.799885,0.680000,0.340000,0.200000,0.100000,-1.000000,0.346950
189,-0.727886,-1.769088,-2.697333,0.347019,-0.038968,-2.799147,0.700000,0.340000,0.220000,0.100000,-1.000000,0.347019
190,-0.731187,-1.770227,-2.725324,0.347086,-0.038935,-2.798427,0.740000,0.360000,0.220000,0.100000,-1.000000,0.347086
191,-0.734519,-1.771275,-2.753309,0.347152,-0.038904,-2.797724,0.740000,0.380000,0.220000,0.100000,-1.000000,0.347152
192,-0.737879,-1.772229,-2.781286,0.347216,-0.038873,-2.797038,0.820000,0.400000,0.220000,0.100000,-1.000000,0.347216
193,-0.741265,-1.773089,-2.809256,0.347279,-0.038843,-2.796367,0.820000,0.400000,0.240000,0.100000,-1.000000,0.347279
194,-0.744675,-1.773855,-2.837220,0.347340,-0.038814,-2.795713,0.820000,0.400000,0.240000,0.100000,-1.000000,0.347340
195,-0.748105,-1.774526,-2.865177,0.347400,-0.038785,-2.795074,0.820000,0.380000,0.240000,0.100000,-1.000000,0.347400
196,-0.751553,-1.775101,-2.893128,0.347459,-0.038757,-2.794450,0.860000,0.420000,0.260000,0.100000,-1.000000,0.347459
197,-0.755016,-1.775580,-2.921072,0.347516,-0.038730,-2.793840,0.860000,0.460000,0.260000,0.100000,-1.000000,0.347516
198,-0.758492,-1.775962,-2.949011,0.347572,-0.038704,-2.793245,0.860000,0.520000,0.280000,0.100000,-1.000000,0.347572
199,-0.761977,-1.776247,-2.976943,0.347626,-0.038678,-2.792664,0.900000,0.620000,0.300000,0.100000,-1.000000,0.347626
200,-0.765470,-1.776435,-3.004870,0.347679,-0.038652,-2.792096,0.900000,0.640000,0.300000,0.100000,-1.000000,0.347679
201,-0.768967,-1.776526,-3.032791,0.347731,-0.038627,-2.791541,0.900000,0.640000,0.320000,0.100000,-1.000000,0.347731
202,-0.772466,-1.776520,-3.060706,0.347782,-0.038603,-2.791000,0.940000,0.720000,0.340000,0.100000,-1.000000,0.347782
203,-0.775963,-1.776416,-3.088616,0.347831,-0.038579,-2.790471,0.960000,0.720000,0.360000,0.100000,-1.000000,0.347831
204,-0.779457,-1.776215,-3.116521,0.347880,-0.038556,-2.789955,0.960000,0.760000,0.380000,0.100000,-1.000000,0.347880
205,-0.782945,-1.775917,-3.144420,0.347927,-0.038534,-2.789450,0.960000,0.780000,0.360000,0.100000,-1.000000,0.347927
206,-0.786423,-1.775522,-3.172315,0.347973,-0.038512,-2.788958,0.960000,0.780000,0.360000,0.100000,-1.000000,0.347973
207,-0.789889,-1.775030,-3.200204,0.348018,-0.038490,-2.788477,0.980000,0.780000,0.360000,0.100000,-1.000000,0.348018
208,-0.793341,-1.774442,-3.228089,0.348062,-0.038469,-2.788007,0.980000,0.820000,0.400000,0.100000,-1.000000,0.348062
209,-0.796775,-1.773758,-3.255969,0.348105,-0.038449,-2.787548,1.000000,0.820000,0.440000,0.100000,-1.000000,0.348105
210,-0.800190,-1.772979,-3.283845,0.348147,-0.038429,-2.787100,1.000000,0.820000,0.500000,0.100000,-1.000000,0.348147
211,-0.803581,-1.772105,-3.311716,0.348188,-0.038409,-2.786663,1.000000,0.860000,0.580000,0.100000,-1.000000,0.348188
212,-0.806948,-1.771137,-3.339582,0.348228,-0.038390,-2.786236,1.000000,0.860000,0.620000,0.100000,-1.000000,0.348228
213,-0.810287,-1.770075,-3.367445,0.348267,-0.038372,-2.785819,0.560000,0.860000,0.600000,0.100000,-1.000000,0.348267
214,-0.813595,-1.768921,-3.395303,0.348305,-0.038353,-2.785411,0.540000,0.900000,0.680000,0.100000,-1.000000,0.348305
215,-0.816870,-1.767676,-3.423157,0.348342,-0.038336,-2.785014,0.500000,0.920000,0.680000,0.100000,-1.000000,0.348342
216,-0.820110,-1.766340,-3.451007,0.348378,-0.038318,-2.784625,0.420000,0.920000,0.680000,0.100000,-1.000000,0.348378
217,-0.823312,-1.764914,-3.478853,0.348414,-0.038301,-2.784246,0.400000,0.920000,0.760000,0.100000,-1.000000,0.348414
218,-0.826473,-1.763400,-3.506696,0.348449,-0.038285,-2.783876,0.400000,0.920000,0.740000,0.100000,-1.000000,0.348449
219,-0.829591,-1.761798,-3.534535,0.348483,-0.038269,-2.783515,0.380000,0.940000,0.740000,0.100000,-1.000000,0.348483
220,-0.832664,-1.760110,-3.562370,0.348516,-0.038253,-2.783162,0.360000,0.940000,0.780000,0.100000,-1.000000,0.348516
221,-0.835689,-1.758337,-3.590201,0.348548,-0.038238,-2.782817,0.360000,0.960000,0.780000,0.100000,-1.000000,0.348548
222,-0.838663,-1.756481,-3.618030,0.348580,-0.038223,-2.782480,0.340000,0.960000,0.780000,0.100000,-1.000000,0.348580
223,-0.841586,-1.754543,-3.645854,0.348611,-0.038208,-2.782152,0.340000,0.980000,0.780000,0.100000,-1.000000,0.348611
224,-0.844453,-1.752524,-3.673676,0.348641,-0.038194,-2.781831,0.320000,0.980000,0.820000,0.100000,-1.000000,0.348641
225,-0.847264,-1.750426,-3.701494,0.348670,-0.038180,-2.781518,0.320000,1.000000,0.840000,0.100000,-1.000000,0.348670
226,-0.850015,-1.748251,-3.729309,0.348699,-0.038166,-2.781212,0.300000,0.520000,0.840000,0.100000,-1.000000,0.348699
227,-0.852706,-1.746000,-3.757122,0.348727,-0.038153,-2.780913,0.300000,0.480000,0.880000,0.100000,-1.000000,0.348727
228,-0.855333,-1.743675,-3.784931,0.348754,-0.038140,-2.780622,0.300000,0.460000,0.880000,0.100000,-1.000000,0.348754
229,-0.857894,-1.741277,-3.812737,0.348781,-0.038127,-2.780337,0.280000,0.380000,0.880000,0.100000,-1.000000,0.348781
230,-0.860388,-1.738810,-3.840540,0.348808,-0.038115,-2.780059,0.280000,0.360000,0.900000,0.100000,-1.000000,0.348808
231,-0.862813,-1.736274,-3.868341,0.348833,-0.038102,-2.779788,0.280000,0.360000,0.900000,0.100000,-1.000000,0.348833
232,-0.865167,-1.733671,-3.896139,0.348858,-0.038091,-2.779523,0.260000,0.340000,0.920000,0.100000,-1.000000,0.348858
233,-0.867448,-1.731004,-3.923934,0.348883,-0.038079,-2.779264,0.260000,0.320000,0.920000,0.100000,-1.000000,0.348883
234,-0.869654,-1.728275,-3.951727,0.348906,-0.038068,-2.779011,0.260000,0.320000,0.940000,0.100000,-1.000000,0.348906
235,-0.871784,-1.725485,-3.979517,0.348930,-0.038057,-2.778764,0.240000,0.300000,0.940000,0.100000,-1.000000,0.348930
236,-0.873835,-1.722637,-4.007304,0.348952,-0.038046,-2.778523,0.240000,0.300000,0.960000,0.100000,-1.000000,0.348952
237,-0.875807,-1.719733,-4.035090,0.348975,-0.038035,-2.778288,0.240000,0.280000,0.960000,0.100000,-1.000000,0.348975
238,-0.877698,-1.716775,-4.062872,0.348996,-0.038025,-2.778058,0.240000,0.280000,0.480000,0.100000,-1.000000,0.348996
239,-0.879506,-1.713766,-4.090653,0.349018,-0.038015,-2.777834,0.220000,0.260000,0.460000,0.100000,-1.000000,0.349018
240,-0.881229,-1.710707,-4.118431,0.349038,-0.038005,-2.777614,0.220000,0.260000,0.360000,0.100000,-1.000000,0.349038
241,-0.882868,-1.707602,-4.146208,0.349059,-0.037996,-2.777400,0.220000,0.260000,0.340000,0.100000,-1.000000,0.349059
242,-0.884419,-1.704452,-4.173982,0.349079,-0.037986,-2.777191,0.220000,0.240000,0.340000,0.100000,-1.000000,0.349079
243,-0.885883,-1.701260,-4.201753,0.349098,-0.037977,-2.776987,0.220000,0.240000,0.320000,0.100000,-1.000000,0.349098
244,-0.887258,-1.698029,-4.229523,0.349117,-0.037968,-2.776788,0.220000,0.240000,0.300000,0.100000,-1.000000,0.349117
245,-0.888543,-1.694761,-4.257291,0.349135,-0.037959,-2.776593,0.200000,0.220000,0.300000,0.100000,-1.000000,0.349135
246,-0.889737,-1.691458,-4.285057,0.349153,-0.037951,-2.776403,0.200000,0.220000,0.280000,0.100000,-1.000000,0.349153
247,-0.890838,-1.688123,-4.312821,0.349171,-0.037943,-2.776217,0.200000,0.220000,0.280000,0.100000,-1.000000,0.349171
248,-0.891847,-1.684759,-4.340583,0.349188,-0.037934,-2.776036,0.200000,0.220000,0.260000,0.100000,-1.000000,0.349188
249,-0.892762,-1.681368,-4.368344,0.349205,-0.037926,-2.775859,0.200000,0.200000,0.260000,0.100000,-1.000000,0.349205
250,-0.893583,-1.677952,-4.396102,0.349222,-0.037919,-2.775686,0.200000,0.200000,0.240000,0.100000,-1.000000,0.349222
251,-0.894309,-1.674515,-4.423859,0.349238,-0.037911,-2.775517,0.180000,0.200000,0.240000,0.100000,-1.000000,0.349238
252,-0.894939,-1.671060,-4.451614,0.349253,-0.037904,-2.775352,0.180000,0.200000,0.220000,0.100000,-1.000000,0.349253
253,-0.895473,-1.667587,-4.479368,0.349269,-0.037896,-2.775190,0.180000,0.180000,0.220000,0.100000,-1.000000,0.349269
254,-0.895911,-1.664102,-4.507120,0.349284,-0.037889,-2.775033,0.180000,0.180000,0.220000,0.100000,-1.000000,0.349284
255,-0.896252,-1.660605,-4.534870,0.349298,-0.037882,-2.774879,0.180000,0.180000,0.200000,0.100000,-1.000000,0.349298
256,-0.896496,-1.657100,-4.562619,0.349313,-0.037876,-2.774729,0.180000,0.180000,0.200000,0.100000,-1.000000,0.349313
257,-0.896643,-1.653589,-4.590366,0.349327,-0.037869,-2.774582,0.180000,0.180000,0.200000,0.100000,-1.000000,0.349327
258,-0.896692,-1.650076,-4.618112,0.349340,-0.037863,-2.774438,0.180000,0.180000,0.180000,0.100000,-1.000000,0.349340
259,-0.896644,-1.646562,-4.645856,0.349354,-0.037856,-2.774298,0.180000,0.160000,0.180000,0.100000,-1.000000,0.349354
260,-0.896499,-1.643051,-4.673599,0.349367,-0.037850,-2.774162,0.180000,0.160000,0.180000,0.100000,-1.000000,0.349367
261,-0.896256,-1.639546,-4.701341,0.349380,-0.037844,-2.774028,0.180000,0.160000,0.180000,0.100000,-1.000000,0.349380
262,-0.895916,-1.636048,-4.729081,0.349392,-0.037838,-2.773897,0.160000,0.160000,0.160000,0.100000,-1.000000,0.349392
263,-0.895479,-1.632561,-4.756820,0.349404,-0.037833,-2.773770,0.160000,0.160000,0.160000,0.100000,-1.000000,0.349404
264,-0.894946,-1.629087,-4.784558,0.349416,-0.037827,-2.773645,0.160000,0.160000,0.160000,0.100000,-1.000000,0.349416
265,-0.894317,-1.625629,-4.812294,0.349428,-0.037821,-2.773523,0.160000,0.160000,0.160000,0.100000,-1.000000,0.349428
266,-0.893592,-1.622190,-4.840030,0.349439,-0.037816,-2.773404,0.160000,0.140000,0.160000,0.100000,-1.000000,0.349439
267,-0.892772,-1.618772,-4.867764,0.349450,-0.037811,-2.773288,0.160000,0.140000,0.140000,0.100000,-1.000000,0.349450
268,-0.891858,-1.615378,-4.895496,0.349461,-0.037806,-2.773174,0.160000,0.140000,0.140000,0.100000,-1.000000,0.349461
269,-0.890850,-1.612011,-4.923228,0.349472,-0.037801,-2.773063,0.160000,0.140000,0.140000,0.100000,-1.000000,0.349472
270,-0.889749,-1.608673,-4.950959,0.349482,-0.037796,-2.772955,0.160000,0.140000,0.140000,0.100000,-1.000000,0.349482
271,-0.888556,-1.605366,-4.978688,0.349492,-0.037791,-2.772849,0.160000,0.140000,0.140000,0.100000,-1.000000,0.349492
272,-0.887271,-1.602094,-5.006417,0.349502,-0.037786,-2.772745,0.160000,0.140000,0.140000,0.100000,-1.000000,0.349502
273,-0.885897,-1.598859,-5.034144,0.349512,-0.037782,-2.772644,0.160000,0.140000,0.120000,0.100000,-1.000000,0.349512
274,-0.884433,-1.595662,-5.061871,0.349521,-0.037777,-2.772546,0.160000,0.140000,0.120000,0.100000,-1.000000,0.349521
275,-0.882881,-1.592508,-5.089596,0.349530,-0.037773,-2.772449,0.160000,0.140000,0.120000,0.100000,-1.000000,0.349530
276,-0.881243,-1.589397,-5.117321,0.349539,-0.037769,-2.772355,0.160000,0.140000,0.120000,0.100000,-1.000000,0.349539
277,-0.879519,-1.586333,-5.145044,0.349548,-0.037765,-2.772263,0.160000,0.140000,0.120000,0.100000,-1.000000,0.349548
278,-0.877710,-1.583318,-5.172767,0.349557,-0.037761,-2.772172,0.160000,0.120000,0.120000,0.100000,-1.000000,0.349557
279,-0.875819,-1.580354,-5.200489,0.349565,-0.037757,-2.772085,0.160000,0.120000,0.120000,0.100000,-1.000000,0.349565
280,-0.873846,-1.577444,-5.228209,0.349574,-0.037753,-2.771999,0.160000,0.120000,0.120000,0.100000,-1.000000,0.349574
281,-0.871794,-1.574589,-5.255929,0.349582,-0.037749,-2.771915,0.160000,0.120000,0.120000,0.100000,-1.000000,0.349582
282,-0.869663,-1.571793,-5.283649,0.349589,-0.037745,-2.771832,0.180000,0.120000,0.100000,0.100000,-1.000000,0.349589
283,-0.867455,-1.569056,-5.311367,0.349597,-0.037742,-2.771752,0.180000,0.120000,0.100000,0.100000,-1.000000,0.349597
284,-0.865172,-1.566381,-5.339084,0.349605,-0.037738,-2.771674,0.180000,0.120000,0.100000,0.100000,-1.000000,0.349605
285,-0.862816,-1.563771,-5.366801,0.349612,-0.037735,-2.771597,0.180000,0.120000,0.100000,0.100000,-1.000000,0.349612
286,-0.860389,-1.561227,-5.394517,0.349619,-0.037731,-2.771522,0.180000,0.120000,0.100000,0.100000,-1.000000,0.349619
287,-0.857892,-1.558751,-5.422232,0.349626,-0.037728,-2.771449,0.180000,0.120000,0.100000,0.100000,-1.000000,0.349626
288,-0.855327,-1.556345,-5.449947,0.349633,-0.037725,-2.771378,0.200000,0.120000,0.100000,0.100000,-1.000000,0.349633
289,-0.852696,-1.554011,-5.477661,0.349640,-0.037722,-2.771308,0.200000,0.120000,0.100000,0.100000,-1.000000,0.349640
290,-0.850002,-1.551751,-5.505374,0.349646,-0.037719,-2.771240,0.200000,0.120000,0.100000,0.100000,-1.000000,0.349646
291,-0.847247,-1.549566,-5.533086,0.349653,-0.037716,-2.771173,0.220000,0.120000,0.100000,0.100000,-1.000000,0.349653
292,-0.844431,-1.547458,-5.560798,0.349659,-0.037713,-2.771108,0.220000,0.120000,0.100000,0.100000,-1.000000,0.349659
293,-0.841559,-1.545429,-5.588509,0.349665,-0.037710,-2.771044,0.240000,0.120000,0.100000,0.100000,-1.000000,0.349665
294,-0.838631,-1.543481,-5.616219,0.349671,-0.037707,-2.770982,0.240000,0.140000,0.100000,0.100000,-1.000000,0.349671
295,-0.835650,-1.541614,-5.643929,0.349677,-0.037704,-2.770921,0.260000,0.140000,0.100000,0.100000,-1.000000,0.349677
296,-0.832619,-1.539830,-5.671638,0.349683,-0.037701,-2.770862,0.280000,0.140000,0.100000,0.100000,-1.000000,0.349683
297,-0.829540,-1.538131,-5.699347,0.349688,-0.037699,-2.770804,0.320000,0.140000,0.100000,0.100000,-1.000000,0.349688
298,-0.826414,-1.536518,-5.727055,0.349694,-0.037696,-2.770747,0.340000,0.140000,0.100000,0.100000,-1.000000,0.349694
299,-0.823245,-1.534992,-5.754763,0.349699,-0.037694,-2.770692,0.400000,0.140000,0.100000,0.100000,-1.000000,0.349699
300,-0.820035,-1.533555,-5.782469,0.349704,-0.037691,-2.770637,0.460000,0.140000,0.100000,0.100000,-1.000000,0.349704
301,-0.816786,-1.532207,-5.810176,0.349709,-0.037689,-2.770585,0.540000,0.160000,0.100000,0.100000,-1.000000,0.349709
302,-0.813502,-1.530949,-5.837882,0.349714,-0.037687,-2.770533,0.680000,0.160000,0.100000,0.100000,-1.000000,0.349714
303,-0.810183,-1.529783,-5.865587,0.349719,-0.037684,-2.770482,0.940000,0.160000,0.100000,0.100000,-1.000000,0.349719
304,-0.806834,-1.528709,-5.893292,0.349724,-0.037682,-2.770433,1.000000,0.180000,0.100000,0.100000,-1.000000,0.349724
305,-0.803456,-1.527728,-5.920996,0.349728,-0.037680,-2.770385,1.000000,0.180000,0.100000,0.100000,-1.000000,0.349728
306,-0.800052,-1.526841,-5.948700,0.349733,-0.037678,-2.770337,1.000000,0.200000,0.100000,0.100000,-1.000000,0.349733
307,-0.796625,-1.526049,-5.976403,0.349737,-0.037676,-2.770291,1.000000,0.220000,0.100000,0.100000,-1.000000,0.349737
308,-0.793177,-1.525352,-6.004106,0.349742,-0.037674,-2.770246,1.000000,0.220000,0.120000,0.100000,-1.000000,0.349742
309,-0.789711,-1.524751,-6.031809,0.349746,-0.037672,-2.770202,1.000000,0.260000,0.120000,0.100000,-1.000000,0.349746
310,-0.786230,-1.524246,-6.059511,0.349750,-0.037670,-2.770159,1.000000,0.280000,0.120000,0.100000,-1.000000,0.349750
311,-0.782736,-1.523837,-6.087212,0.349754,-0.037668,-2.770117,1.000000,0.320000,0.120000,0.100000,-1.000000,0.349754
312,-0.779232,-1.523526,-6.114914,0.349758,-0.037666,-2.770076,1.000000,0.360000,0.120000,0.100000,-1.000000,0.349758
313,-0.775721,-1.523311,-6.142614,0.349762,-0.037664,-2.770036,1.000000,0.420000,0.140000,0.100000,-1.000000,0.349762
314,-0.772205,-1.523194,-6.170315,0.349766,-0.037662,-2.769997,1.000000,0.520000,0.140000,0.100000,-1.000000,0.349766
315,-0.768687,-1.523174,-6.198015,0.349769,-0.037661,-2.769958,1.000000,0.700000,0.140000,0.100000,-1.000000,0.349769
316,-0.765170,-1.523252,-6.225714,0.349773,-0.037659,-2.769921,1.000000,1.000000,0.160000,0.100000,-1.000000,0.349773
317,-0.761656,-1.523427,-6.253413,0.349776,-0.037657,-2.769884,1.000000,1.000000,0.160000,0.100000,-1.000000,0.349776
318,-0.758149,-1.523699,-6.281112,0.349780,-0.037656,-2.769848,1.000000,1.000000,0.180000,0.100000,-1.000000,0.349780
319,-0.754650,-1.524069,-6.308811,0.349783,-0.037654,-2.769813,0.940000,1.000000,0.200000,0.100000,-1.000000,0.349783
320,-0.751163,-1.524535,-6.336509,0.349786,-0.037653,-2.769779,0.880000,1.000000,0.220000,0.100000,-1.000000,0.349786
321,-0.747690,-1.525097,-6.364207,0.349790,-0.037651,-2.769746,0.820000,1.000000,0.240000,0.100000,-1.000000,0.349790
322,-0.744234,-1.525756,-6.391904,0.349793,-0.037650,-2.769713,0.780000,1.000000,0.260000,0.100000,-1.000000,0.349793
323,-0.740798,-1.526509,-6.419601,0.349796,-0.037648,-2.769681,0.740000,1.000000,0.300000,0.100000,-1.000000,0.349796
324,-0.737384,-1.527358,-6.447298,0.349799,-0.037647,-2.769650,0.700000,1.000000,0.340000,0.100000,-1.000000,0.349799
325,-0.733994,-1.528301,-6.474995,0.349802,-0.037645,-2.769619,0.660000,1.000000,0.400000,0.100000,-1.000000,0.349802
326,-0.730632,-1.529337,-6.502691,0.349805,-0.037644,-2.769590,0.640000,1.000000,0.500000,0.100000,-1.000000,0.349805
327,-0.727300,-1.530466,-6.530387,0.349808,-0.037643,-2.769560,0.600000,1.000000,0.640000,0.100000,-1.000000,0.349808
328,-0.724000,-1.531687,-6.558082,0.349810,-0.037641,-2.769532,0.580000,1.000000,0.900000,0.100000,-1.000000,0.349810
329,-0.720736,-1.532999,-6.585778,0.349813,-0.037640,-2.769504,0.560000,1.000000,1.000000,0.100000,-1.000000,0.349813
330,-0.717509,-1.534401,-6.613473,0.349816,-0.037639,-2.769477,0.540000,1.000000,1.000000,0.100000,-1.000000,0.349816
331,-0.714322,-1.535891,-6.641167,0.349818,-0.037638,-2.769450,0.520000,0.960000,1.000000,0.100000,-1.000000,0.349818
332,-0.711177,-1.537470,-6.668862,0.349821,-0.037637,-2.769424,0.500000,0.880000,1.000000,0.100000,-1.000000,0.349821
333,-0.708078,-1.539134,-6.696556,0.349823,-0.037635,-2.769399,0.480000,0.820000,1.000000,0.100000,-1.000000,0.349823
334,-0.705025,-1.540884,-6.724250,0.349825,-0.037634,-2.769374,0.480000,0.780000,1.000000,0.100000,-1.000000,0.349825
335,-0.702022,-1.542718,-6.751944,0.349828,-0.037633,-2.769350,0.460000,0.740000,1.000000,0.100000,-1.000000,0.349828
336,-0.699071,-1.544634,-6.779637,0.349830,-0.037632,-2.769326,0.440000,0.700000,1.000000,0.100000,-1.000000,0.349830
337,-0.696175,-1.546631,-6.807331,0.349832,-0.037631,-2.769303,0.440000,0.660000,1.000000,0.100000,-1.000000,0.349832
338,-0.693334,-1.548708,-6.835024,0.349834,-0.037630,-2.769281,0.420000,0.620000,1.000000,0.100000,-1.000000,0.349834
339,-0.690553,-1.550862,-6.862716,0.349837,-0.037629,-2.769259,0.400000,0.600000,1.000000,0.100000,-1.000000,0.349837
340,-0.687831,-1.553093,-6.890409,0.349839,-0.037628,-2.769237,0.400000,0.560000,1.000000,0.100000,-1.000000,0.349839
341,-0.685173,-1.555398,-6.918101,0.349841,-0.037627,-2.769216,0.380000,0.540000,1.000000,0.100000,-1.000000,0.349841
342,-0.682580,-1.557776,-6.945794,0.349843,-0.037626,-2.769195,0.380000,0.520000,1.000000,0.100000,-1.000000,0.349843
343,-0.680053,-1.560225,-6.973486,0.349845,-0.037625,-2.769175,0.380000,0.500000,0.940000,0.100000,-1.000000,0.349845
344,-0.677595,-1.562743,-7.001177,0.349846,-0.037624,-2.769155,0.360000,0.480000,0.860000,0.100000,-1.000000,0.349846
345,-0.675208,-1.565328,-7.028869,0.349848,-0.037623,-2.769136,0.360000,0.460000,0.800000,0.100000,-1.000000,0.349848
346,-0.672893,-1.567978,-7.056560,0.349850,-0.037623,-2.769117,0.340000,0.440000,0.760000,0.100000,-1.000000,0.349850
347,-0.670652,-1.570691,-7.084251,0.349852,-0.037622,-2.769099,0.340000,0.440000,0.700000,0.100000,-1.000000,0.349852
348,-0.668488,-1.573465,-7.111942,0.349854,-0.037621,-2.769081,0.340000,0.420000,0.660000,0.100000,-1.000000,0.349854
349,-0.666401,-1.576298,-7.139633,0.349855,-0.037620,-2.769063,0.340000,0.400000,0.620000,0.100000,-1.000000,0.349855
350,-0.664393,-1.579188,-7.167324,0.349857,-0.037619,-2.769046,0.320000,0.400000,0.600000,0.100000,-1.000000,0.349857
351,-0.662466,-1.582132,-7.195014,0.349859,-0.037619,-2.769029,0.320000,0.380000,0.560000,0.100000,-1.000000,0.349859
352,-0.660621,-1.585128,-7.222705,0.349860,-0.037618,-2.769013,0.320000,0.380000,0.540000,0.100000,-1.000000,0.349860
353,-0.658860,-1.588174,-7.250395,0.349862,-0.037617,-2.768997,0.300000,0.360000,0.500000,0.100000,-1.000000,0.349862
354,-0.657184,-1.591268,-7.278085,0.349863,-0.037616,-2.768981,0.300000,0.360000,0.480000,0.100000,-1.000000,0.349863
355,-0.655594,-1.594408,-7.305774,0.349865,-0.037616,-2.768966,0.300000,0.340000,0.460000,0.100000,-1.000000,0.349865
356,-0.654092,-1.597590,-7.333464,0.349866,-0.037615,-2.768951,0.300000,0.340000,0.440000,0.100000,-1.000000,0.349866
357,-0.652678,-1.600812,-7.361154,0.349868,-0.037614,-2.768936,0.300000,0.320000,0.420000,0.100000,-1.000000,0.349868
358,-0.651354,-1.604072,-7.388843,0.349869,-0.037614,-2.768922,0.280000,0.320000,0.420000,0.100000,-1.000000,0.349869
359,-0.650121,-1.607368,-7.416532,0.349870,-0.037613,-2.768908,0.280000,0.320000,0.400000,0.100000,-1.000000,0.349870
360,-0.648980,-1.610697,-7.444221,0.349872,-0.037613,-2.768894,0.280000,0.300000,0.380000,0.100000,-1.000000,0.349872
361,-0.647931,-1.614055,-7.471910,0.349873,-0.037612,-2.768881,0.280000,0.300000,0.380000,0.100000,-1.000000,0.349873
362,-0.646976,-1.617442,-7.499599,0.349874,-0.037611,-2.768868,0.280000,0.300000,0.360000,0.100000,-1.000000,0.349874
363,-0.646114,-1.620854,-7.527288,0.349875,-0.037611,-2.768855,0.280000,0.280000,0.340000,0.100000,-1.000000,0.349875
364,-0.645348,-1.624288,-7.554976,0.349877,-0.037610,-2.768843,0.280000,0.280000,0.340000,0.100000,-1.000000,0.349877
365,-0.644676,-1.627743,-7.582665,0.349878,-0.037610,-2.768831,0.260000,0.280000,0.320000,0.100000,-1.000000,0.349878
366,-0.644101,-1.631214,-7.610353,0.349879,-0.037609,-2.768819,0.260000,0.280000,0.320000,0.100000,-1.000000,0.349879
367,-0.643622,-1.634700,-7.638041,0.349880,-0.037609,-2.768807,0.260000,0.260000,0.300000,0.100000,-1.000000,0.349880
368,-0.643240,-1.638199,-7.665729,0.349881,-0.037608,-2.768796,0.260000,0.260000,0.300000,0.100000,-1.000000,0.349881
369,-0.642954,-1.641706,-7.693417,0.349882,-0.037608,-2.768785,0.260000,0.260000,0.300000,0.100000,-1.000000,0.349882
370,-0.642766,-1.645220,-7.721105,0.349883,-0.037607,-2.768774,0.260000,0.260000,0.280000,0.100000,-1.000000,0.349883
371,-0.642675,-1.648738,-7.748793,0.349884,-0.037607,-2.768763,0.260000,0.260000,0.280000,0.100000,-1.000000,0.349884
372,-0.642682,-1.652257,-7.776480,0.349885,-0.037606,-2.768753,0.260000,0.240000,0.280000,0.100000,-1.000000,0.349885
373,-0.642786,-1.655774,-7.804168,0.349886,-0.037606,-2.768743,0.260000,0.240000,0.260000,0.100000,-1.000000,0.349886
374,-0.642987,-1.659287,-7.831855,0.349887,-0.037605,-2.768733,0.260000,0.240000,0.260000,0.100000,-1.000000,0.349887
375,-0.643286,-1.662794,-7.859543,0.349888,-0.037605,-2.768723,0.260000,0.240000,0.260000,0.100000,-1.000000,0.349888
376,-0.643682,-1.666291,-7.887230,0.349889,-0.037604,-2.768713,0.260000,0.240000,0.240000,0.100000,-1.000000,0.349889
377,-0.644174,-1.669775,-7.914917,0.349890,-0.037604,-2.768704,0.260000,0.240000,0.240000,0.100000,-1.000000,0.349890
378,-0.644762,-1.673244,-7.942604,0.349891,-0.037604,-2.768695,0.260000,0.240000,0.240000,0.100000,-1.000000,0.349891
379,-0.645446,-1.676696,-7.970291,0.349892,-0.037603,-2.768686,0.260000,0.240000,0.240000,0.100000,-1.000000,0.349892
380,-0.646226,-1.680128,-7.997978,0.349892,-0.037603,-2.768678,0.260000,0.220000,0.240000,0.100000,-1.000000,0.349892
381,-0.647100,-1.683537,-8.025665,0.349893,-0.037602,-2.768669,0.260000,0.220000,0.220000,0.100000,-1.000000,0.349893
382,-0.648068,-1.686920,-8.053351,0.349894,-0.037602,-2.768661,0.260000,0.220000,0.220000,0.100000,-1.000000,0.349894
383,-0.649130,-1.690275,-8.081038,0.349895,-0.037602,-2.768653,0.260000,0.220000,0.220000,0.100000,-1.000000,0.349895
384,-0.650284,-1.693600,-8.108725,0.349896,-0.037601,-2.768645,0.260000,0.220000,0.220000,0.100000,-1.000000,0.349896
385,-0.651529,-1.696891,-8.136411,0.349896,-0.037601,-2.768637,0.260000,0.220000,0.220000,0.100000,-1.000000,0.349896
386,-0.652866,-1.700147,-8.164097,0.349897,-0.037601,-2.768630,0.260000,0.220000,0.220000,0.100000,-1.000000,0.349897
387,-0.654292,-1.703364,-8.191784,0.349898,-0.037600,-2.768622,0.260000,0.220000,0.200000,0.100000,-1.000000,0.349898
388,-0.655806,-1.706540,-8.219470,0.349898,-0.037600,-2.768615,0.260000,0.220000,0.200000,0.100000,-1.000000,0.349898
389,-0.657408,-1.709674,-8.247156,0.349899,-0.037600,-2.768608,0.280000,0.220000,0.200000,0.100000,-1.000000,0.349899
390,-0.659096,-1.712762,-8.274842,0.349900,-0.037599,-2.768601,0.280000,0.220000,0.200000,0.100000,-1.000000,0.349900
391,-0.660868,-1.715802,-8.302528,0.349900,-0.037599,-2.768595,0.280000,0.220000,0.200000,0.100000,-1.000000,0.349900
392,-0.662724,-1.718792,-8.330214,0.349901,-0.037599,-2.768588,0.280000,0.220000,0.200000,0.100000,-1.000000,0.349901
393,-0.664663,-1.721729,-8.357900,0.349902,-0.037598,-2.768582,0.280000,0.220000,0.200000,0.100000,-1.000000,0.349902
394,-0.666681,-1.724612,-8.385586,0.349902,-0.037598,-2.768575,0.300000,0.220000,0.200000,0.100000,-1.000000,0.349902
395,-0.668779,-1.727437,-8.413272,0.349903,-0.037598,-2.768569,0.300000,0.220000,0.200000,0.100000,-1.000000,0.349903
396,-0.670954,-1.730204,-8.440957,0.349903,-0.037598,-2.768563,0.300000,0.220000,0.200000,0.100000,-1.000000,0.349903
397,-0.673205,-1.732909,-8.468643,0.349904,-0.037597,-2.768557,0.320000,0.220000,0.180000,0.100000,-1.000000,0.349904
398,-0.675530,-1.735550,-8.496328,0.349905,-0.037597,-2.768552,0.320000,0.220000,0.180000,0.100000,-1.000000,0.349905
399,-0.677928,-1.738127,-8.524014,0.349905,-0.037597,-2.768546,0.340000,0.220000,0.180000,0.100000,-1.000000,0.349905
400,-0.680395,-1.740636,-8.551699,0.349906,-0.037597,-2.768541,0.340000,0.220000,0.180000,0.100000,-1.000000,0.349906
401,-0.682931,-1.743076,-8.579385,0.349906,-0.037596,-2.768535,0.360000,0.240000,0.180000,0.100000,-1.000000,0.349906
402,-0.685534,-1.745444,-8.607070,0.349907,-0.037596,-2.768530,0.380000,0.240000,0.180000,0.100000,-1.000000,0.349907
403,-0.688201,-1.747740,-8.634755,0.349907,-0.037596,-2.768525,0.380000,0.240000,0.180000,0.100000,-1.000000,0.349907
404,-0.690931,-1.749961,-8.662441,0.349908,-0.037596,-2.768520,0.400000,0.240000,0.180000,0.100000,-1.000000,0.349908
405,-0.693721,-1.752106,-8.690126,0.349908,-0.037595,-2.768515,0.440000,0.240000,0.180000,0.100000,-1.000000,0.349908
406,-0.696570,-1.754172,-8.717811,0.349909,-0.037595,-2.768510,0.440000,0.260000,0.180000,0.100000,-1.000000,0.349909
407,-0.699475,-1.756159,-8.745496,0.349909,-0.037595,-2.768506,0.440000,0.260000,0.200000,0.100000,-1.000000,0.349909
408,-0.702433,-1.758065,-8.773181,0.349909,-0.037595,-2.768501,0.420000,0.260000,0.200000,0.100000,-1.000000,0.349909
409,-0.705443,-1.759888,-8.800866,0.349910,-0.037595,-2.768497,0.420000,0.280000,0.200000,0.100000,-1.000000,0.349910
410,-0.708503,-1.761627,-8.828551,0.349910,-0.037594,-2.768492,0.460000,0.280000,0.200000,0.100000,-1.000000,0.349910
411,-0.711609,-1.763281,-8.856236,0.349911,-0.037594,-2.768488,0.520000,0.280000,0.200000,0.100000,-1.000000,0.349911
412,-0.714760,-1.764848,-8.883921,0.349911,-0.037594,-2.768484,0.580000,0.300000,0.200000,0.100000,-1.000000,0.349911
413,-0.717954,-1.766327,-8.911606,0.349911,-0.037594,-2.768480,0.660000,0.300000,0.200000,0.100000,-1.000000,0.349911
414,-0.721187,-1.767718,-8.939291,0.349912,-0.037594,-2.768476,0.680000,0.320000,0.200000,0.100000,-1.000000,0.349912
415,-0.724457,-1.769018,-8.966975,0.349912,-0.037593,-2.768472,0.680000,0.340000,0.220000,0.100000,-1.000000,0.349912
416,-0.727762,-1.770227,-8.994660,0.349913,-0.037593,-2.768468,0.760000,0.360000,0.220000,0.100000,-1.000000,0.349913
417,-0.731099,-1.771345,-9.022345,0.349913,-0.037593,-2.768465,0.740000,0.380000,0.220000,0.100000,-1.000000,0.349913
418,-0.734466,-1.772369,-9.050029,0.349913,-0.037593,-2.768461,0.820000,0.400000,0.220000,0.100000,-1.000000,0.349913
419,-0.737860,-1.773300,-9.077714,0.349914,-0.037593,-2.768457,0.820000,0.400000,0.240000,0.100000,-1.000000,0.349914
420,-0.741278,-1.774137,-9.105399,0.349914,-0.037593,-2.768454,0.820000,0.400000,0.240000,0.100000,-1.000000,0.349914
421,-0.744718,-1.774879,-9.133083,0.349914,-0.037592,-2.768451,0.820000,0.400000,0.240000,0.100000,-1.000000,0.349914
422,-0.748178,-1.775525,-9.160768,0.349915,-0.037592,-2.768447,0.860000,0.400000,0.260000,0.100000,-1.000000,0.349915
423,-0.751654,-1.776075,-9.188452,0.349915,-0.037592,-2.768444,0.860000,0.440000,0.260000,0.100000,-1.000000,0.349915
424,-0.755144,-1.776529,-9.216137,0.349915,-0.037592,-2.768441,0.860000,0.480000,0.280000,0.100000,-1.000000,0.349915
425,-0.758645,-1.776886,-9.243821,0.349916,-0.037592,-2.768438,0.900000,0.560000,0.280000,0.100000,-1.000000,0.349916
426,-0.762154,-1.777146,-9.271505,0.349916,-0.037592,-2.768435,0.900000,0.640000,0.300000,0.100000,-1.000000,0.349916
427,-0.765670,-1.777309,-9.299190,0.349916,-0.037592,-2.768432,0.900000,0.640000,0.320000,0.100000,-1.000000,0.349916
428,-0.769189,-1.777374,-9.326874,0.349916,-0.037592,-2.768429,0.940000,0.640000,0.320000,0.100000,-1.000000,0.349916
429,-0.772708,-1.777342,-9.354558,0.349917,-0.037591,-2.768426,0.940000,0.720000,0.340000,0.100000,-1.000000,0.349917
430,-0.776225,-1.777213,-9.382243,0.349917,-0.037591,-2.768423,0.960000,0.700000,0.380000,0.100000,-1.000000,0.349917
431,-0.779737,-1.776986,-9.409927,0.349917,-0.037591,-2.768421,0.960000,0.780000,0.360000,0.100000,-1.000000,0.349917
432,-0.783241,-1.776662,-9.437611,0.349917,-0.037591,-2.768418,0.960000,0.780000,0.360000,0.100000,-1.000000,0.349917
433,-0.786735,-1.776241,-9.465295,0.349918,-0.037591,-2.768415,0.980000,0.780000,0.360000,0.100000,-1.000000,0.349918
434,-0.790216,-1.775724,-9.492979,0.349918,-0.037591,-2.768413,0.980000,0.780000,0.360000,0.100000,-1.000000,0.349918
435,-0.793682,-1.775110,-9.520664,0.349918,-0.037591,-2.768410,1.000000,0.820000,0.400000,0.100000,-1.000000,0.349918
436,-0.797129,-1.774401,-9.548348,0.349918,-0.037591,-2.768408,1.000000,0.820000,0.460000,0.100000,-1.000000,0.349918
437,-0.800555,-1.773597,-9.576032,0.349919,-0.037590,-2.768406,1.000000,0.820000,0.520000,0.100000,-1.000000,0.349919
438,-0.803958,-1.772698,-9.603716,0.349919,-0.037590,-2.768403,1.000000,0.860000,0.620000,0.100000,-1.000000,0.349919
439,-0.807334,-1.771705,-9.631400,0.349919,-0.037590,-2.768401,1.000000,0.860000,0.620000,0.100000,-1.000000,0.349919
440,-0.810682,-1.770619,-9.659084,0.349919,-0.037590,-2.768399,0.540000,0.860000,0.600000,0.100000,-1.000000,0.349919
441,-0.813998,-1.769441,-9.686768,0.349919,-0.037590,-2.768397,0.520000,0.900000,0.680000,0.100000,-1.000000,0.349919
442,-0.817280,-1.768172,-9.714452,0.349920,-0.037590,-2.768395,0.500000,0.920000,0.680000,0.100000,-1.000000,0.349920
443,-0.820526,-1.766812,-9.742136,0.349920,-0.037590,-2.768393,0.420000,0.920000,0.760000,0.100000,-1.000000,0.349920
444,-0.823734,-1.765363,-9.769820,0.349920,-0.037590,-2.768391,0.400000,0.920000,0.760000,0.100000,-1.000000,0.349920
445,-0.826899,-1.763826,-9.797504,0.349920,-0.037590,-2.768389,0.380000,0.940000,0.740000,0.100000,-1.000000,0.349920
446,-0.830021,-1.762201,-9.825187,0.349920,-0.037590,-2.768387,0.380000,0.940000,0.740000,0.100000,-1.000000,0.349920
447,-0.833097,-1.760491,-9.852871,0.349921,-0.037590,-2.768385,0.360000,0.940000,0.780000,0.100000,-1.000000,0.349921
448,-0.836125,-1.758697,-9.880555,0.349921,-0.037589,-2.768383,0.360000,0.960000,0.780000,0.100000,-1.000000,0.349921
449,-0.839101,-1.756819,-9.908239,0.349921,-0.037589,-2.768381,0.340000,0.960000,0.780000,0.100000,-1.000000,0.349921
450,-0.842025,-1.754860,-9.935923,0.349921,-0.037589,-2.768380,0.340000,0.980000,0.820000,0.100000,-1.000000,0.349921
451,-0.844893,-1.752820,-9.963607,0.349921,-0.037589,-2.768378,0.320000,1.000000,0.820000,0.100000,-1.000000,0.349921
452,-0.847703,-1.750702,-9.991290,0.349921,-0.037589,-2.768376,0.320000,1.000000,0.840000,0.100000,-1.000000,0.349921
453,-0.850454,-1.748507,-10.018974,0.349922,-0.037589,-2.768375,0.300000,0.500000,0.880000,0.100000,-1.000000,0.349922
454,-0.853143,-1.746236,-10.046658,0.349922,-0.037589,-2.768373,0.300000,0.480000,0.880000,0.100000,-1.000000,0.349922
455,-0.855768,-1.743892,-10.074342,0.349922,-0.037589,-2.768372,0.280000,0.460000,0.880000,0.100000,-1.000000,0.349922
456,-0.858328,-1.741476,-10.102025,0.349922,-0.037589,-2.768370,0.280000,0.380000,0.900000,0.100000,-1.000000,0.349922
457,-0.860819,-1.738991,-10.129709,0.349922,-0.037589,-2.768369,0.280000,0.360000,0.900000,0.100000,-1.000000,0.349922
458,-0.863241,-1.736437,-10.157393,0.349922,-0.037589,-2.768367,0.260000,0.360000,0.900000,0.100000,-1.000000,0.349922
459,-0.865591,-1.733817,-10.185076,0.349922,-0.037589,-2.768366,0.260000,0.340000,0.920000,0.100000,-1.000000,0.349922
460,-0.867867,-1.731133,-10.212760,0.349923,-0.037589,-2.768364,0.260000,0.320000,0.920000,0.100000,-1.000000,0.349923
461,-0.870069,-1.728387,-10.240444,0.349923,-0.037589,-2.768363,0.260000,0.320000,0.940000,0.100000,-1.000000,0.349923
462,-0.872193,-1.725582,-10.268127,0.349923,-0.037588,-2.768362,0.240000,0.300000,0.940000,0.100000,-1.000000,0.349923
463,-0.874239,-1.722718,-10.295811,0.349923,-0.037588,-2.768360,0.240000,0.300000,0.960000,0.100000,-1.000000,0.349923
464,-0.876205,-1.719799,-10.323495,0.349923,-0.037588,-2.768359,0.240000,0.280000,0.980000,0.100000,-1.000000,0.349923
465,-0.878090,-1.716827,-10.351178,0.349923,-0.037588,-2.768358,0.240000,0.280000,0.480000,0.100000,-1.000000,0.349923
466,-0.879892,-1.713804,-10.378862,0.349923,-0.037588,-2.768357,0.220000,0.260000,0.460000,0.100000,-1.000000,0.349923
467,-0.881609,-1.710732,-10.406545,0.349923,-0.037588,-2.768355,0.220000,0.260000,0.360000,0.100000,-1.000000,0.349923
468,-0.883240,-1.707613,-10.434229,0.349924,-0.037588,-2.768354,0.220000,0.260000,0.340000,0.100000,-1.000000,0.349924
469,-0.884785,-1.704451,-10.461912,0.349924,-0.037588,-2.768353,0.220000,0.240000,0.340000,0.100000,-1.000000,0.349924
470,-0.886241,-1.701247,-10.489596,0.349924,-0.037588,-2.768352,0.220000,0.240000,0.320000,0.100000,-1.000000,0.349924
471,-0.887608,-1.698004,-10.517279,0.349924,-0.037588,-2.768351,0.220000,0.240000,0.300000,0.100000,-1.000000,0.349924
472,-0.888885,-1.694725,-10.544963,0.349924,-0.037588,-2.768350,0.200000,0.220000,0.300000,0.100000,-1.000000,0.349924
473,-0.890071,-1.691411,-10.572646,0.349924,-0.037588,-2.768349,0.200000,0.220000,0.280000,0.100000,-1.000000,0.349924
474,-0.891164,-1.688066,-10.600330,0.349924,-0.037588,-2.768348,0.200000,0.220000,0.260000,0.100000,-1.000000,0.349924
475,-0.892165,-1.684692,-10.628013,0.349924,-0.037588,-2.768347,0.200000,0.220000,0.260000,0.100000,-1.000000,0.349924
476,-0.893071,-1.681291,-10.655697,0.349924,-0.037588,-2.768346,0.200000,0.200000,0.240000,0.100000,-1.000000,0.349924
477,-0.893883,-1.677867,-10.683380,0.349924,-0.037588,-2.768345,0.200000,0.200000,0.240000,0.100000,-1.000000,0.349924
478,-0.894601,-1.674421,-10.711064,0.349925,-0.037588,-2.768344,0.180000,0.200000,0.240000,0.100000,-1.000000,0.349925
479,-0.895222,-1.670957,-10.738747,0.349925,-0.037588,-2.768343,0.180000,0.200000,0.220000,0.100000,-1.000000,0.349925
480,-0.895747,-1.667477,-10.766431,0.349925,-0.037588,-2.768342,0.180000,0.180000,0.220000,0.100000,-1.000000,0.349925
481,-0.896176,-1.663984,-10.794114,0.349925,-0.037588,-2.768341,0.180000,0.180000,0.220000,0.100000,-1.000000,0.349925
482,-0.896508,-1.660480,-10.821797,0.349925,-0.037588,-2.768341,0.180000,0.180000,0.200000,0.100000,-1.000000,0.349925
483,-0.896743,-1.656969,-10.849481,0.349925,-0.037587,-2.768340,0.180000,0.180000,0.200000,0.100000,-1.000000,0.349925
484,-0.896880,-1.653452,-10.877164,0.349925,-0.037587,-2.768339,0.180000,0.180000,0.200000,0.100000,-1.000000,0.349925
485,-0.896920,-1.649933,-10.904848,0.349925,-0.037587,-2.768338,0.180000,0.180000,0.180000,0.100000,-1.000000,0.349925
486,-0.896863,-1.646414,-10.932531,0.349925,-0.037587,-2.768337,0.180000,0.160000,0.180000,0.100000,-1.000000,0.349925
487,-0.896708,-1.642898,-10.960214,0.349925,-0.037587,-2.768337,0.180000,0.160000,0.180000,0.100000,-1.000000,0.349925
488,-0.896457,-1.639388,-10.987898,0.349925,-0.037587,-2.768336,0.180000,0.160000,0.180000,0.100000,-1.000000,0.349925
489,-0.896108,-1.635886,-11.015581,0.349925,-0.037587,-2.768335,0.160000,0.160000,0.160000,0.100000,-1.000000,0.349925
490,-0.895662,-1.632395,-11.043265,0.349925,-0.037587,-2.768335,0.160000,0.160000,0.160000,0.100000,-1.000000,0.349925
491,-0.895119,-1.628917,-11.070948,0.349926,-0.037587,-2.768334,0.160000,0.160000,0.160000,0.100000,-1.000000,0.349926
492,-0.894481,-1.625456,-11.098631,0.349926,-0.037587,-2.768333,0.160000,0.160000,0.160000,0.100000,-1.000000,0.349926
493,-0.893747,-1.622014,-11.126315,0.349926,-0.037587,-2.768333,0.160000,0.140000,0.160000,0.100000,-1.000000,0.349926
494,-0.892918,-1.618594,-11.153998,0.349926,-0.037587,-2.768332,0.160000,0.140000,0.140000,0.100000,-1.000000,0.349926
495,-0.891995,-1.615198,-11.181681,0.349926,-0.037587,-2.768331,0.160000,0.140000,0.140000,0.100000,-1.000000,0.349926
496,-0.890978,-1.611828,-11.209364,0.349926,-0.037587,-2.768331,0.160000,0.140000,0.140000,0.100000,-1.000000,0.349926
497,-0.889869,-1.608488,-11.237048,0.349926,-0.037587,-2.768330,0.160000,0.140000,0.140000,0.100000,-1.000000,0.349926
498,-0.888667,-1.605181,-11.264731,0.349926,-0.037587,-2.768330,0.160000,0.140000,0.140000,0.100000,-1.000000,0.349926
499,-0.887374,-1.601907,-11.292414,0.349926,-0.037587,-2.768329,0.160000,0.140000,0.140000,0.100000,-1.000000,0.349926
500,-0.885991,-1.598671,-11.320098,0.349926,-0.037587,-2.768328,0.160000,0.140000,0.120000,0.100000,-1.000000,0.349926
501,-0.884519,-1.595474,-11.347781,0.349926,-0.037587,-2.768328,0.160000,0.140000,0.120000,0.100000,-1.000000,0.349926
502,-0.882959,-1.592319,-11.375464,0.349926,-0.037587,-2.768327,0.160000,0.140000,0.120000,0.100000,-1.000000,0.349926
503,-0.881312,-1.589209,-11.403148,0.349926,-0.037587,-2.768327,0.160000,0.140000,0.120000,0.100000,-1.000000,0.349926
504,-0.879580,-1.586145,-11.430831,0.349926,-0.037587,-2.768326,0.160000,0.140000,0.120000,0.100000,-1.000000,0.349926
505,-0.877764,-1.583131,-11.458514,0.349926,-0.037587,-2.768326,0.160000,0.120000,0.120000,0.100000,-1.000000,0.349926
506,-0.875865,-1.580168,-11.486197,0.349926,-0.037587,-2.768325,0.160000,0.120000,0.120000,0.100000,-1.000000,0.349926
507,-0.873885,-1.577258,-11.513881,0.349926,-0.037587,-2.768325,0.160000,0.120000,0.120000,0.100000,-1.000000,0.349926
508,-0.871825,-1.574405,-11.541564,0.349926,-0.037587,-2.768324,0.160000,0.120000,0.120000,0.100000,-1.000000,0.349926
509,-0.869686,-1.571610,-11.569247,0.349927,-0.037587,-2.768324,0.180000,0.120000,0.100000,0.100000,-1.000000,0.349927
510,-0.867472,-1.568875,-11.596930,0.349927,-0.037587,-2.768323,0.180000,0.120000,0.100000,0.100000,-1.000000,0.349927
511,-0.865182,-1.566202,-11.624614,0.349927,-0.037587,-2.768323,0.180000,0.120000,0.100000,0.100000,-1.000000,0.349927
512,-0.862819,-1.563593,-11.652297,0.349927,-0.037587,-2.768323,0.180000,0.120000,0.100000,0.100000,-1.000000,0.349927
513,-0.860385,-1.561052,-11.679980,0.349927,-0.037587,-2.768322,0.180000,0.120000,0.100000,0.100000,-1.000000,0.349927
514,-0.857882,-1.558578,-11.707663,0.349927,-0.037587,-2.768322,0.180000,0.120000,0.100000,0.100000,-1.000000,0.349927
515,-0.855311,-1.556175,-11.735346,0.349927,-0.037587,-2.768321,0.200000,0.120000,0.100000,0.100000,-1.000000,0.349927
516,-0.852674,-1.553843,-11.763030,0.349927,-0.037587,-2.768321,0.200000,0.120000,0.100000,0.100000,-1.000000,0.349927
517,-0.849974,-1.551586,-11.790713,0.349927,-0.037587,-2.768321,0.200000,0.120000,0.100000,0.100000,-1.000000,0.349927
518,-0.847212,-1.549404,-11.818396,0.349927,-0.037587,-2.768320,0.220000,0.120000,0.100000,0.100000,-1.000000,0.349927
519,-0.844392,-1.547300,-11.846079,0.349927,-0.037587,-2.768320,0.220000,0.120000,0.100000,0.100000,-1.000000,0.349927
520,-0.841514,-1.545274,-11.873762,0.349927,-0.037587,-2.768320,0.240000,0.120000,0.100000,0.100000,-1.000000,0.349927
521,-0.838581,-1.543329,-11.901446,0.349927,-0.037587,-2.768319,0.260000,0.140000,0.100000,0.100000,-1.000000,0.349927
522,-0.835595,-1.541466,-11.929129,0.349927,-0.037587,-2.768319,0.260000,0.140000,0.100000,0.100000,-1.000000,0.349927
523,-0.832559,-1.539686,-11.956812,0.349927,-0.037587,-2.768319,0.280000,0.140000,0.100000,0.100000,-1.000000,0.349927
524,-0.829475,-1.537991,-11.984495,0.349927,-0.037586,-2.768318,0.320000,0.140000,0.100000,0.100000,-1.000000,0.349927
525,-0.826345,-1.536381,-12.012178,0.349927,-0.037586,-2.768318,0.340000,0.140000,0.100000,0.100000,-1.000000,0.349927
526,-0.823171,-1.534859,-12.039862,0.349927,-0.037586,-2.768318,0.400000,0.140000,0.100000,0.100000,-1.000000,0.349927
527,-0.819957,-1.533426,-12.067545,0.349927,-0.037586,-2.768317,0.460000,0.140000,0.100000,0.100000,-1.000000,0.349927
528,-0.816704,-1.532082,-12.095228,0.349927,-0.037586,-2.768317,0.540000,0.160000,0.100000,0.100000,-1.000000,0.349927
529,-0.813416,-1.530829,-12.122911,0.349927,-0.037586,-2.768317,0.700000,0.160000,0.100000,0.100000,-1.000000,0.349927
530,-0.810094,-1.529667,-12.150594,0.349927,-0.037586,-2.768316,0.960000,0.160000,0.100000,0.100000,-1.000000,0.349927
531,-0.806741,-1.528597,-12.178277,0.349927,-0.037586,-2.768316,1.000000,0.180000,0.100000,0.100000,-1.000000,0.349927
532,-0.803359,-1.527621,-12.205961,0.349927,-0.037586,-2.768316,1.000000,0.180000,0.100000,0.100000,-1.000000,0.349927
533,-0.799952,-1.526739,-12.233644,0.349927,-0.037586,-2.768316,1.000000,0.200000,0.100000,0.100000,-1.000000,0.349927
534,-0.796522,-1.525951,-12.261327,0.349927,-0.037586,-2.768315,1.000000,0.220000,0.100000,0.100000,-1.000000,0.349927
535,-0.793072,-1.525258,-12.289010,0.349927,-0.037586,-2.768315,1.000000,0.220000,0.120000,0.100000,-1.000000,0.349927
536,-0.789603,-1.524662,-12.316693,0.349927,-0.037586,-2.768315,1.000000,0.260000,0.120000,0.100000,-1.000000,0.349927
537,-0.786120,-1.524161,-12.344376,0.349927,-0.037586,-2.768315,1.000000,0.280000,0.120000,0.100000,-1.000000,0.349927
538,-0.782623,-1.523757,-12.372060,0.349927,-0.037586,-2.768314,1.000000,0.320000,0.120000,0.100000,-1.000000,0.349927
539,-0.779117,-1.523451,-12.399743,0.349927,-0.037586,-2.768314,1.000000,0.360000,0.120000,0.100000,-1.000000,0.349927
540,-0.775604,-1.523241,-12.427426,0.349927,-0.037586,-2.768314,1.000000,0.440000,0.140000,0.100000,-1.000000,0.349927
541,-0.772087,-1.523128,-12.455109,0.349927,-0.037586,-2.768314,1.000000,0.540000,0.140000,0.100000,-1.000000,0.349927
542,-0.768567,-1.523113,-12.482792,0.349928,-0.037586,-2.768314,1.000000,0.720000,0.140000,0.100000,-1.000000,0.349928
543,-0.765049,-1.523196,-12.510475,0.349928,-0.037586,-2.768313,1.000000,1.000000,0.160000,0.100000,-1.000000,0.349928
544,-0.761534,-1.523376,-12.538158,0.349928,-0.037586,-2.768313,1.000000,1.000000,0.160000,0.100000,-1.000000,0.349928
545,-0.758026,-1.523653,-12.565841,0.349928,-0.037586,-2.768313,1.000000,1.000000,0.180000,0.100000,-1.000000,0.349928
546,-0.754526,-1.524027,-12.593525,0.349928,-0.037586,-2.768313,0.940000,1.000000,0.200000,0.100000,-1.000000,0.349928
547,-0.751038,-1.524497,-12.621208,0.349928,-0.037586,-2.768313,0.880000,1.000000,0.220000,0.100000,-1.000000,0.349928
548,-0.747565,-1.525065,-12.648891,0.349928,-0.037586,-2.768312,0.820000,1.000000,0.240000,0.100000,-1.000000,0.349928
549,-0.744108,-1.525728,-12.676574,0.349928,-0.037586,-2.768312,0.780000,1.000000,0.260000,0.100000,-1.000000,0.349928
550,-0.740672,-1.526486,-12.704257,0.349928,-0.037586,-2.768312,0.740000,1.000000,0.300000,0.100000,-1.000000,0.349928
551,-0.737257,-1.527339,-12.731940,0.349928,-0.037586,-2.768312,0.700000,1.000000,0.340000,0.100000,-1.000000,0.349928
552,-0.733868,-1.528287,-12.759623,0.349928,-0.037586,-2.768312,0.660000,1.000000,0.420000,0.100000,-1.000000,0.349928
553,-0.730506,-1.529328,-12.787306,0.349928,-0.037586,-2.768312,0.640000,1.000000,0.500000,0.100000,-1.000000,0.349928
554,-0.727174,-1.530461,-12.814990,0.349928,-0.037586,-2.768311,0.600000,1.000000,0.660000,0.100000,-1.000000,0.349928
555,-0.723875,-1.531687,-12.842673,0.349928,-0.037586,-2.768311,0.580000,1.000000,0.900000,0.100000,-1.000000,0.349928
556,-0.720611,-1.533003,-12.870356,0.349928,-0.037586,-2.768311,0.560000,1.000000,1.000000,0.100000,-1.000000,0.349928
557,-0.717385,-1.534409,-12.898039,0.349928,-0.037586,-2.768311,0.540000,1.000000,1.000000,0.100000,-1.000000,0.349928
558,-0.714198,-1.535904,-12.925722,0.349928,-0.037586,-2.768311,0.520000,0.960000,1.000000,0.100000,-1.000000,0.349928
559,-0.711055,-1.537486,-12.953405,0.349928,-0.037586,-2.768311,0.500000,0.880000,1.000000,0.100000,-1.000000,0.349928
560,-0.707956,-1.539155,-12.981088,0.349928,-0.037586,-2.768310,0.480000,0.820000,1.000000,0.100000,-1.000000,0.349928
561,-0.704905,-1.540909,-13.008771,0.349928,-0.037586,-2.768310,0.480000,0.780000,1.000000,0.100000,-1.000000,0.349928
562,-0.701904,-1.542747,-13.036454,0.349928,-0.037586,-2.768310,0.460000,0.720000,1.000000,0.100000,-1.000000,0.349928
563,-0.698954,-1.544667,-13.064138,0.349928,-0.037586,-2.768310,0.440000,0.680000,1.000000,0.100000,-1.000000,0.349928
564,-0.696059,-1.546668,-13.091821,0.349928,-0.037586,-2.768310,0.440000,0.660000,1.000000,0.100000,-1.000000,0.349928
565,-0.693220,-1.548748,-13.119504,0.349928,-0.037586,-2.768310,0.420000,0.620000,1.000000,0.100000,-1.000000,0.349928
566,-0.690440,-1.550906,-13.147187,0.349928,-0.037586,-2.768310,0.400000,0.600000,1.000000,0.100000,-1.000000,0.349928
567,-0.687721,-1.553141,-13.174870,0.349928,-0.037586,-2.768310,0.400000,0.560000,1.000000,0.100000,-1.000000,0.349928
568,-0.685065,-1.555449,-13.202553,0.349928,-0.037586,-2.768309,0.380000,0.540000,1.000000,0.100000,-1.000000,0.349928
569,-0.682473,-1.557831,-13.230236,0.349928,-0.037586,-2.768309,0.380000,0.520000,1.000000,0.100000,-1.000000,0.349928
570,-0.679949,-1.560283,-13.257919,0.349928,-0.037586,-2.768309,0.380000,0.500000,0.940000,0.100000,-1.000000,0.349928
571,-0.677493,-1.562804,-13.285602,0.349928,-0.037586,-2.768309,0.360000,0.480000,0.860000,0.100000,-1.000000,0.349928
572,-0.675108,-1.565392,-13.313285,0.349928,-0.037586,-2.768309,0.360000,0.460000,0.800000,0.100000,-1.000000,0.349928
573,-0.672796,-1.568045,-13.340968,0.349928,-0.037586,-2.768309,0.340000,0.440000,0.760000,0.100000,-1.000000,0.349928
574,-0.670558,-1.570761,-13.368652,0.349928,-0.037586,-2.768309,0.340000,0.440000,0.700000,0.100000,-1.000000,0.349928
575,-0.668396,-1.573538,-13.396335,0.349928,-0.037586,-2.768309,0.340000,0.420000,0.660000,0.100000,-1.000000,0.349928
576,-0.666311,-1.576374,-13.424018,0.349928,-0.037586,-2.768309,0.320000,0.400000,0.620000,0.100000,-1.000000,0.349928
577,-0.664306,-1.579267,-13.451701,0.349928,-0.037586,-2.768309,0.320000,0.400000,0.600000,0.100000,-1.000000,0.349928
578,-0.662382,-1.582213,-13.479384,0.349928,-0.037586,-2.768308,0.320000,0.380000,0.560000,0.100000,-1.000000,0.349928
579,-0.660540,-1.585212,-13.507067,0.349928,-0.037586,-2.768308,0.320000,0.380000,0.540000,0.100000,-1.000000,0.349928
580,-0.658782,-1.588261,-13.534750,0.349928,-0.037586,-2.768308,0.300000,0.360000,0.500000,0.100000,-1.000000,0.349928
581,-0.657109,-1.591357,-13.562433,0.349928,-0.037586,-2.768308,0.300000,0.360000,0.480000,0.100000,-1.000000,0.349928
582,-0.655522,-1.594499,-13.590116,0.349928,-0.037586,-2.768308,0.300000,0.340000,0.460000,0.100000,-1.000000,0.349928
583,-0.654023,-1.597683,-13.617799,0.349928,-0.037586,-2.768308,0.300000,0.340000,0.440000,0.100000,-1.000000,0.349928
584,-0.652612,-1.600907,-13.645482,0.349928,-0.037586,-2.768308,0.300000,0.320000,0.420000,0.100000,-1.000000,0.349928
585,-0.651292,-1.604170,-13.673166,0.349928,-0.037586,-2.768308,0.280000,0.320000,0.420000,0.100000,-1.000000,0.349928
586,-0.650062,-1.607467,-13.700849,0.349928,-0.037586,-2.768308,0.280000,0.320000,0.400000,0.100000,-1.000000,0.349928
587,-0.648924,-1.610797,-13.728532,0.349928,-0.037586,-2.768308,0.280000,0.300000,0.380000,0.100000,-1.000000,0.349928
588,-0.647878,-1.614158,-13.756215,0.349928,-0.037586,-2.768308,0.280000,0.300000,0.380000,0.100000,-1.000000,0.349928
589,-0.646926,-1.617546,-13.783898,0.349928,-0.037586,-2.768308,0.280000,0.300000,0.360000,0.100000,-1.000000,0.349928
590,-0.646068,-1.620959,-13.811581,0.349928,-0.037586,-2.768307,0.280000,0.280000,0.340000,0.100000,-1.000000,0.349928
591,-0.645305,-1.624395,-13.839264,0.349928,-0.037586,-2.768307,0.280000,0.280000,0.340000,0.100000,-1.000000,0.349928
592,-0.644637,-1.627850,-13.866947,0.349928,-0.037586,-2.768307,0.260000,0.280000,0.320000,0.100000,-1.000000,0.349928
593,-0.644065,-1.631323,-13.894630,0.349928,-0.037586,-2.768307,0.260000,0.280000,0.320000,0.100000,-1.000000,0.349928
594,-0.643590,-1.634810,-13.922313,0.349928,-0.037586,-2.768307,0.260000,0.260000,0.300000,0.100000,-1.000000,0.349928
595,-0.643211,-1.638309,-13.949996,0.349928,-0.037586,-2.768307,0.260000,0.260000,0.300000,0.100000,-1.000000,0.349928
596,-0.642929,-1.641817,-13.977679,0.349928,-0.037586,-2.768307,0.260000,0.260000,0.300000,0.100000,-1.000000,0.349928
597,-0.642744,-1.645332,-14.005362,0.349928,-0.037586,-2.768307,0.260000,0.260000,0.280000,0.100000,-1.000000,0.349928
598,-0.642657,-1.648850,-14.033045,0.349928,-0.037586,-2.768307,0.260000,0.260000,0.280000,0.100000,-1.000000,0.349928
599,-0.642667,-1.652369,-14.060729,0.349928,-0.037586,-2.768307,0.260000,0.240000,0.280000,0.100000,-1.000000,0.349928
600,-0.642775,-1.655887,-14.088412,0.349928,-0.037586,-2.768307,0.260000,0.240000,0.260000,0.100000,-1.000000,0.349928
601,-0.642979,-1.659401,-14.116095,0.349928,-0.037586,-2.768307,0.260000,0.240000,0.260000,0.100000,-1.000000,0.349928
602,-0.643282,-1.662907,-14.143778,0.349928,-0.037586,-2.768307,0.260000,0.240000,0.260000,0.100000,-1.000000,0.349928
603,-0.643681,-1.666404,-14.171461,0.349928,-0.037586,-2.768307,0.260000,0.240000,0.240000,0.100000,-1.000000,0.349928
604,-0.644176,-1.669888,-14.199144,0.349928,-0.037586,-2.768307,0.260000,0.240000,0.240000,0.100000,-1.000000,0.349928
605,-0.644768,-1.673357,-14.226827,0.349928,-0.037586,-2.768307,0.260000,0.240000,0.240000,0.100000,-1.000000,0.349928
606,-0.645456,-1.676809,-14.254510,0.349928,-0.037586,-2.768307,0.260000,0.240000,0.240000,0.100000,-1.000000,0.349928
607,-0.646239,-1.680240,-14.282193,0.349928,-0.037586,-2.768306,0.260000,0.220000,0.240000,0.100000,-1.000000,0.349928
608,-0.647116,-1.683648,-14.309876,0.349928,-0.037586,-2.768306,0.260000,0.220000,0.220000,0.100000,-1.000000,0.349928
609,-0.648088,-1.687031,-14.337559,0.349928,-0.037586,-2.768306,0.260000,0.220000,0.220000,0.100000,-1.000000,0.349928
610,-0.649153,-1.690386,-14.365242,0.349928,-0.037586,-2.768306,0.260000,0.220000,0.220000,0.100000,-1.000000,0.349928
611,-0.650310,-1.693709,-14.392925,0.349928,-0.037586,-2.768306,0.260000,0.220000,0.220000,0.100000,-1.000000,0.349928
612,-0.651559,-1.697000,-14.420608,0.349928,-0.037586,-2.768306,0.260000,0.220000,0.220000,0.100000,-1.000000,0.349928
613,-0.652898,-1.700254,-14.448291,0.349928,-0.037586,-2.768306,0.260000,0.220000,0.200000,0.100000,-1.000000,0.349928
614,-0.654327,-1.703470,-14.475975,0.349928,-0.037586,-2.768306,0.260000,0.220000,0.200000,0.100000,-1.000000,0.349928
615,-0.655845,-1.706646,-14.503658,0.349928,-0.037586,-2.768306,0.260000,0.220000,0.200000,0.100000,-1.000000,0.349928
616,-0.657450,-1.709778,-14.531341,0.349928,-0.037586,-2.768306,0.280000,0.220000,0.200000,0.100000,-1.000000,0.349928
617,-0.659141,-1.712865,-14.559024,0.349928,-0.037586,-2.768306,0.280000,0.220000,0.200000,0.100000,-1.000000,0.349928
618,-0.660916,-1.715903,-14.586707,0.349928,-0.037586,-2.768306,0.280000,0.220000,0.200000,0.100000,-1.000000,0.349928
619,-0.662776,-1.718891,-14.614390,0.349928,-0.037586,-2.768306,0.280000,0.220000,0.200000,0.100000,-1.000000,0.349928
620,-0.664717,-1.721827,-14.642073,0.349928,-0.037586,-2.768306,0.280000,0.220000,0.200000,0.100000,-1.000000,0.349928
621,-0.666738,-1.724708,-14.669756,0.349928,-0.037586,-2.768306,0.300000,0.220000,0.200000,0.100000,-1.000000,0.349928
622,-0.668839,-1.727532,-14.697439,0.349928,-0.037586,-2.768306,0.300000,0.220000,0.200000,0.100000,-1.000000,0.349928
623,-0.671017,-1.730296,-14.725122,0.349928,-0.037586,-2.768306,0.300000,0.220000,0.200000,0.100000,-1.000000,0.349928
624,-0.673271,-1.732999,-14.752805,0.349928,-0.037586,-2.768306,0.320000,0.220000,0.180000,0.100000,-1.000000,0.349928
625,-0.675598,-1.735639,-14.780488,0.349928,-0.037586,-2.768306,0.320000,0.220000,0.180000,0.100000,-1.000000,0.349928
626,-0.677998,-1.738214,-14.808171,0.349928,-0.037586,-2.768306,0.340000,0.220000,0.180000,0.100000,-1.000000,0.349928
627,-0.680468,-1.740721,-14.835854,0.349928,-0.037586,-2.768306,0.340000,0.220000,0.180000,0.100000,-1.000000,0.349928
628,-0.683007,-1.743158,-14.863537,0.349928,-0.037586,-2.768306,0.360000,0.240000,0.180000,0.100000,-1.000000,0.349928
629,-0.685612,-1.745525,-14.891220,0.349928,-0.037586,-2.768306,0.380000,0.240000,0.180000,0.100000,-1.000000,0.349928
630,-0.688281,-1.747818,-14.918903,0.349928,-0.037586,-2.768306,0.380000,0.240000,0.180000,0.100000,-1.000000,0.349928
631,-0.691013,-1.750037,-14.946587,0.349928,-0.037586,-2.768306,0.400000,0.240000,0.180000,0.100000,-1.000000,0.349928
632,-0.693806,-1.752179,-14.974270,0.349928,-0.037586,-2.768306,0.440000,0.240000,0.180000,0.100000,-1.000000,0.349928
633,-0.696656,-1.754243,-15.001953,0.349928,-0.037586,-2.768306,0.440000,0.260000,0.200000,0.100000,-1.000000,0.349928
634,-0.699563,-1.756227,-15.029636,0.349928,-0.037586,-2.768306,0.440000,0.260000,0.200000,0.100000,-1.000000,0.349928
635,-0.702524,-1.758130,-15.057319,0.349928,-0.037586,-2.768305,0.420000,0.260000,0.200000,0.100000,-1.000000,0.349928
636,-0.705536,-1.759951,-15.085002,0.349928,-0.037586,-2.768305,0.420000,0.280000,0.200000,0.100000,-1.000000,0.349928
637,-0.708597,-1.761687,-15.112685,0.349928,-0.037586,-2.768305,0.460000,0.280000,0.200000,0.100000,-1.000000,0.349928
638,-0.711705,-1.763338,-15.140368,0.349928,-0.037586,-2.768305,0.520000,0.280000,0.200000,0.100000,-1.000000,0.349928
639,-0.714858,-1.764902,-15.168051,0.349928,-0.037586,-2.768305,0.580000,0.300000,0.200000,0.100000,-1.000000,0.349928
640,-0.718052,-1.766379,-15.195734,0.349928,-0.037586,-2.768305,0.660000,0.300000,0.200000,0.100000,-1.000000,0.349928
641,-0.721287,-1.767766,-15.223417,0.349928,-0.037586,-2.768305,0.680000,0.320000,0.200000,0.100000,-1.000000,0.349928
642,-0.724558,-1.769064,-15.251100,0.349928,-0.037586,-2.768305,0.680000,0.340000,0.220000,0.100000,-1.000000,0.349928
643,-0.727865,-1.770270,-15.278783,0.349928,-0.037586,-2.768305,0.760000,0.360000,0.220000,0.100000,-1.000000,0.349928
644,-0.731203,-1.771384,-15.306466,0.349928,-0.037586,-2.768305,0.740000,0.380000,0.220000,0.100000,-1.000000,0.349928
645,-0.734571,-1.772406,-15.334149,0.349928,-0.037586,-2.768305,0.820000,0.400000,0.220000,0.100000,-1.000000,0.349928
646,-0.737966,-1.773334,-15.361832,0.349928,-0.037586,-2.768305,0.820000,0.400000,0.240000,0.100000,-1.000000,0.349928
647,-0.741385,-1.774167,-15.389515,0.349928,-0.037586,-2.768305,0.820000,0.400000,0.240000,0.100000,-1.000000,0.349928
648,-0.744826,-1.774906,-15.417198,0.349928,-0.037586,-2.768305,0.820000,0.400000,0.240000,0.100000,-1.000000,0.349928
649,-0.748286,-1.775549,-15.444881,0.349928,-0.037586,-2.768305,0.860000,0.400000,0.260000,0.100000,-1.000000,0.349928
650,-0.751763,-1.776096,-15.472565,0.349928,-0.037586,-2.768305,0.860000,0.440000,0.260000,0.100000,-1.000000,0.349928
651,-0.755253,-1.776547,-15.500248,0.349928,-0.037586,-2.768305,0.860000,0.480000,0.280000,0.100000,-1.000000,0.349928
652,-0.758755,-1.776901,-15.527931,0.349928,-0.037586,-2.768305,0.900000,0.560000,0.280000,0.100000,-1.000000,0.349928
653,-0.762265,-1.777158,-15.555614,0.349928,-0.037586,-2.768305,0.900000,0.640000,0.300000,0.100000,-1.000000,0.349928
654,-0.765781,-1.777317,-15.583297,0.349928,-0.037586,-2.768305,0.900000,0.640000,0.320000,0.100000,-1.000000,0.349928
655,-0.769299,-1.777379,-15.610980,0.349928,-0.037586,-2.768305,0.940000,0.640000,0.340000,0.100000,-1.000000,0.349928
656,-0.772819,-1.777344,-15.638663,0.349928,-0.037586,-2.768305,0.940000,0.720000,0.340000,0.100000,-1.000000,0.349928
657,-0.776336,-1.777211,-15.666346,0.349928,-0.037586,-2.768305,0.960000,0.700000,0.380000,0.100000,-1.000000,0.349928
658,-0.779847,-1.776981,-15.694029,0.349928,-0.037586,-2.768305,0.960000,0.780000,0.360000,0.100000,-1.000000,0.349928
659,-0.783352,-1.776654,-15.721712,0.349928,-0.037586,-2.768305,0.960000,0.780000,0.360000,0.100000,-1.000000,0.349928
660,-0.786845,-1.776230,-15.749395,0.349928,-0.037586,-2.768305,0.980000,0.780000,0.360000,0.100000,-1.000000,0.349928
661,-0.790326,-1.775710,-15.777078,0.349928,-0.037586,-2.768305,0.980000,0.780000,0.360000,0.100000,-1.000000,0.349928
662,-0.793791,-1.775093,-15.804761,0.349928,-0.037586,-2.768305,1.000000,0.820000,0.420000,0.100000,-1.000000,0.349928
663,-0.797238,-1.774381,-15.832444,0.349928,-0.037586,-2.768305,1.000000,0.820000,0.460000,0.100000,-1.000000,0.349928
664,-0.800663,-1.773574,-15.860127,0.349928,-0.037586,-2.768305,1.000000,0.820000,0.520000,0.100000,-1.000000,0.349928
665,-0.804065,-1.772672,-15.887810,0.349928,-0.037586,-2.768305,1.000000,0.860000,0.620000,0.100000,-1.000000,0.349928
666,-0.807441,-1.771676,-15.915493,0.349928,-0.037586,-2.768305,1.000000,0.860000,0.620000,0.100000,-1.000000,0.349928
667,-0.810787,-1.770587,-15.943176,0.349928,-0.037586,-2.768305,0.540000,0.860000,0.600000,0.100000,-1.000000,0.349928
668,-0.814103,-1.769406,-15.970859,0.349928,-0.037586,-2.768305,0.520000,0.900000,0.680000,0.100000,-1.000000,0.349928
669,-0.817384,-1.768134,-15.998543,0.349928,-0.037586,-2.768305,0.500000,0.920000,0.680000,0.100000,-1.000000,0.349928
670,-0.820629,-1.766771,-16.026226,0.349928,-0.037586,-2.768305,0.420000,0.920000,0.760000,0.100000,-1.000000,0.349928
671,-0.823835,-1.765319,-16.053909,0.349928,-0.037586,-2.768305,0.400000,0.920000,0.760000,0.100000,-1.000000,0.349928
672,-0.827000,-1.763779,-16.081592,0.349928,-0.037586,-2.768305,0.380000,0.940000,0.740000,0.100000,-1.000000,0.349928
673,-0.830120,-1.762152,-16.109275,0.349928,-0.037586,-2.768305,0.380000,0.940000,0.740000,0.100000,-1.000000,0.349928
674,-0.833195,-1.760439,-16.136958,0.349928,-0.037586,-2.768305,0.360000,0.940000,0.780000,0.100000,-1.000000,0.349928
675,-0.836220,-1.758642,-16.164641,0.349928,-0.037586,-2.768305,0.360000,0.960000,0.780000,0.100000,-1.000000,0.349928
676,-0.839195,-1.756761,-16.192324,0.349928,-0.037586,-2.768305,0.340000,0.960000,0.780000,0.100000,-1.000000,0.349928
677,-0.842117,-1.754799,-16.220007,0.349928,-0.037586,-2.768305,0.340000,0.980000,0.820000,0.100000,-1.000000,0.349928
678,-0.844984,-1.752757,-16.247690,0.349928,-0.037586,-2.768305,0.320000,1.000000,0.820000,0.100000,-1.000000,0.349928
679,-0.847792,-1.750636,-16.275373,0.349928,-0.037586,-2.768305,0.320000,1.000000,0.840000,0.100000,-1.000000,0.349928
680,-0.850541,-1.748439,-16.303056,0.349928,-0.037586,-2.768305,0.300000,0.500000,0.880000,0.100000,-1.000000,0.349928
681,-0.853228,-1.746166,-16.330739,0.349928,-0.037586,-2.768305,0.300000,0.480000,0.880000,0.100000,-1.000000,0.349928
682,-0.855851,-1.743819,-16.358422,0.349928,-0.037586,-2.768305,0.280000,0.460000,0.880000,0.100000,-1.000000,0.349928
683,-0.858408,-1.741401,-16.386105,0.349928,-0.037586,-2.768305,0.280000,0.380000,0.900000,0.100000,-1.000000,0.349928
684,-0.860898,-1.738913,-16.413788,0.349928,-0.037586,-2.768305,0.280000,0.360000,0.900000,0.100000,-1.000000,0.349928
685,-0.863317,-1.736357,-16.441471,0.349928,-0.037586,-2.768305,0.260000,0.360000,0.900000,0.100000,-1.000000,0.349928
686,-0.865665,-1.733735,-16.469154,0.349928,-0.037586,-2.768305,0.260000,0.340000,0.920000,0.100000,-1.000000,0.349928
687,-0.867939,-1.731050,-16.496837,0.349928,-0.037586,-2.768305,0.260000,0.320000,0.920000,0.100000,-1.000000,0.349928
688,-0.870138,-1.728302,-16.524520,0.349928,-0.037586,-2.768305,0.260000,0.320000,0.940000,0.100000,-1.000000,0.349928
689,-0.872260,-1.725494,-16.552203,0.349928,-0.037586,-2.768305,0.240000,0.300000,0.940000,0.100000,-1.000000,0.349928
690,-0.874304,-1.722629,-16.579887,0.349928,-0.037586,-2.768305,0.240000,0.300000,0.960000,0.100000,-1.000000,0.349928
691,-0.876267,-1.719708,-16.607570,0.349928,-0.037586,-2.768305,0.240000,0.280000,0.980000,0.100000,-1.000000,0.349928
692,-0.878149,-1.716734,-16.635253,0.349928,-0.037586,-2.768305,0.240000,0.280000,0.480000,0.100000,-1.000000,0.349928
693,-0.879948,-1.713709,-16.662936,0.349928,-0.037586,-2.768305,0.220000,0.260000,0.460000,0.100000,-1.000000,0.349928
694,-0.881663,-1.710636,-16.690619,0.349928,-0.037586,-2.768305,0.220000,0.260000,0.360000,0.100000,-1.000000,0.349928
695,-0.883292,-1.707516,-16.718302,0.349928,-0.037586,-2.768305,0.220000,0.260000,0.340000,0.100000,-1.000000,0.349928
696,-0.884833,-1.704352,-16.745985,0.349928,-0.037586,-2.768305,0.220000,0.240000,0.340000,0.100000,-1.000000,0.349928
697,-0.886287,-1.701147,-16.773668,0.349928,-0.037586,-2.768305,0.220000,0.240000,0.320000,0.100000,-1.000000,0.349928
698,-0.887651,-1.697903,-16.801351,0.349928,-0.037586,-2.768305,0.200000,0.240000,0.300000,0.100000,-1.000000,0.349928
699,-0.888925,-1.694622,-16.829034,0.349928,-0.037586,-2.768305,0.200000,0.220000,0.300000,0.100000,-1.000000,0.349928
700,-0.890108,-1.691307,-16.856717,0.349928,-0.037586,-2.768305,0.200000,0.220000,0.280000,0.100000,-1.000000,0.349928
701,-0.891199,-1.687961,-16.884400,0.349928,-0.037586,-2.768305,0.200000,0.220000,0.260000,0.100000,-1.000000,0.349928
702,-0.892196,-1.684586,-16.912083,0.349928,-0.037586,-2.768305,0.200000,0.220000,0.260000,0.100000,-1.000000,0.349928
703,-0.893100,-1.681184,-16.939766,0.349928,-0.037586,-2.768305,0.200000,0.200000,0.240000,0.100000,-1.000000,0.349928
704,-0.893909,-1.677759,-16.967449,0.349928,-0.037586,-2.768305,0.200000,0.200000,0.240000,0.100000,-1.000000,0.349928
705,-0.894623,-1.674313,-16.995132,0.349928,-0.037586,-2.768305,0.180000,0.200000,0.240000,0.100000,-1.000000,0.349928
706,-0.895241,-1.670848,-17.022815,0.349928,-0.037586,-2.768305,0.180000,0.200000,0.220000,0.100000,-1.000000,0.349928
707,-0.895764,-1.667368,-17.050498,0.349928,-0.037586,-2.768305,0.180000,0.180000,0.220000,0.100000,-1.000000,0.349928
708,-0.896189,-1.663874,-17.078181,0.349928,-0.037586,-2.768305,0.180000,0.180000,0.220000,0.100000,-1.000000,0.349928
709,-0.896518,-1.660370,-17.105864,0.349928,-0.037586,-2.768305,0.180000,0.180000,0.200000,0.100000,-1.000000,0.349928
710,-0.896750,-1.656859,-17.133547,0.349928,-0.037586,-2.768305,0.180000,0.180000,0.200000,0.100000,-1.000000,0.349928
711,-0.896884,-1.653342,-17.161230,0.349928,-0.037586,-2.768305,0.180000,0.180000,0.200000,0.100000,-1.000000,0.349928
712,-0.896921,-1.649823,-17.188914,0.349928,-0.037586,-2.768305,0.180000,0.180000,0.180000,0.100000,-1.000000,0.349928
713,-0.896861,-1.646304,-17.216597,0.349928,-0.037586,-2.768305,0.180000,0.160000,0.180000,0.100000,-1.000000,0.349928
714,-0.896703,-1.642788,-17.244280,0.349928,-0.037586,-2.768305,0.180000,0.160000,0.180000,0.100000,-1.000000,0.349928
715,-0.896448,-1.639278,-17.271963,0.349928,-0.037586,-2.768305,0.180000,0.160000,0.180000,0.100000,-1.000000,0.349928
716,-0.896096,-1.635776,-17.299646,0.349928,-0.037586,-2.768305,0.160000,0.160000,0.160000,0.100000,-1.000000,0.349928
717,-0.895647,-1.632285,-17.327329,0.349928,-0.037586,-2.768305,0.160000,0.160000,0.160000,0.100000,-1.000000,0.349928
718,-0.895102,-1.628808,-17.355012,0.349928,-0.037586,-2.768305,0.160000,0.160000,0.160000,0.100000,-1.000000,0.349928
719,-0.894461,-1.625348,-17.382695,0.349928,-0.037586,-2.768305,0.160000,0.160000,0.160000,0.100000,-1.000000,0.349928
720,-0.893724,-1.621906,-17.410378,0.349928,-0.037586,-2.768305,0.160000,0.140000,0.160000,0.100000,-1.000000,0.349928
721,-0.892892,-1.618487,-17.438061,0.349928,-0.037586,-2.768305,0.160000,0.140000,0.140000,0.100000,-1.000000,0.349928
722,-0.891966,-1.615091,-17.465744,0.349928,-0.037586,-2.768305,0.160000,0.140000,0.140000,0.100000,-1.000000,0.349928
723,-0.890946,-1.611723,-17.493427,0.349928,-0.037586,-2.768305,0.160000,0.140000,0.140000,0.100000,-1.000000,0.349928
724,-0.889833,-1.608384,-17.521110,0.349928,-0.037586,-2.768305,0.160000,0.140000,0.140000,0.100000,-1.000000,0.349928
725,-0.888629,-1.605077,-17.548793,0.349928,-0.037586,-2.768305,0.160000,0.140000,0.140000,0.100000,-1.000000,0.349928
726,-0.887333,-1.601805,-17.576476,0.349928,-0.037586,-2.768305,0.160000,0.140000,0.140000,0.100000,-1.000000,0.349928
727,-0.885947,-1.598570,-17.604159,0.349928,-0.037586,-2.768305,0.160000,0.140000,0.120000,0.100000,-1.000000,0.349928
728,-0.884472,-1.595374,-17.631842,0.349928,-0.037586,-2.768305,0.160000,0.140000,0.120000,0.100000,-1.000000,0.349928
729,-0.882910,-1.592221,-17.659525,0.349928,-0.037586,-2.768305,0.160000,0.140000,0.120000,0.100000,-1.000000,0.349928
730,-0.881260,-1.589112,-17.687208,0.349928,-0.037586,-2.768305,0.160000,0.140000,0.120000,0.100000,-1.000000,0.349928
731,-0.879525,-1.586050,-17.714891,0.349928,-0.037586,-2.768305,0.160000,0.140000,0.120000,0.100000,-1.000000,0.349928
732,-0.877707,-1.583037,-17.742574,0.349928,-0.037586,-2.768305,0.160000,0.120000,0.120000,0.100000,-1.000000,0.349928
733,-0.875805,-1.580075,-17.770257,0.349928,-0.037586,-2.768305,0.160000,0.120000,0.120000,0.100000,-1.000000,0.349928
734,-0.873822,-1.577168,-17.797941,0.349928,-0.037586,-2.768305,0.160000,0.120000,0.120000,0.100000,-1.000000,0.349928
735,-0.871760,-1.574316,-17.825624,0.349928,-0.037586,-2.768305,0.160000,0.120000,0.120000,0.100000,-1.000000,0.349928
736,-0.869619,-1.571523,-17.853307,0.349928,-0.037586,-2.768305,0.180000,0.120000,0.100000,0.100000,-1.000000,0.349928
737,-0.867402,-1.568789,-17.880990,0.349928,-0.037586,-2.768305,0.180000,0.120000,0.100000,0.100000,-1.000000,0.349928
738,-0.865110,-1.566119,-17.908673,0.349928,-0.037586,-2.768305,0.180000,0.120000,0.100000,0.100000,-1.000000,0.349928
739,-0.862745,-1.563512,-17.936356,0.349928,-0.037586,-2.768305,0.180000,0.120000,0.100000,0.100000,-1.000000,0.349928
740,-0.860308,-1.560973,-17.964039,0.349928,-0.037586,-2.768305,0.180000,0.120000,0.100000,0.100000,-1.000000,0.349928
741,-0.857803,-1.558501,-17.991722,0.349928,-0.037586,-2.768304,0.180000,0.120000,0.100000,0.100000,-1.000000,0.349928
742,-0.855229,-1.556100,-18.019405,0.349928,-0.037586,-2.768304,0.200000,0.120000,0.100000,0.100000,-1.000000,0.349928
743,-0.852591,-1.553771,-18.047088,0.349928,-0.037586,-2.768304,0.200000,0.120000,0.100000,0.100000,-1.000000,0.349928
744,-0.849889,-1.551516,-18.074771,0.349928,-0.037586,-2.768304,0.200000,0.120000,0.100000,0.100000,-1.000000,0.349928
745,-0.847125,-1.549337,-18.102454,0.349928,-0.037586,-2.768304,0.220000,0.120000,0.100000,0.100000,-1.000000,0.349928
746,-0.844303,-1.547235,-18.130137,0.349928,-0.037586,-2.768304,0.220000,0.120000,0.100000,0.100000,-1.000000,0.349928
747,-0.841423,-1.545211,-18.157820,0.349928,-0.037586,-2.768304,0.240000,0.120000,0.100000,0.100000,-1.000000,0.349928
748,-0.838488,-1.543269,-18.185503,0.349928,-0.037586,-2.768304,0.260000,0.140000,0.100000,0.100000,-1.000000,0.349928
749,-0.835501,-1.541408,-18.213186,0.349928,-0.037586,-2.768304,0.260000,0.140000,0.100000,0.100000,-1.000000,0.349928
750,-0.832463,-1.539631,-18.240869,0.349928,-0.037586,-2.768304,0.280000,0.140000,0.100000,0.100000,-1.000000,0.349928
751,-0.829378,-1.537938,-18.268552,0.349928,-0.037586,-2.768304,0.320000,0.140000,0.100000,0.100000,-1.000000,0.349928
752,-0.826246,-1.536332,-18.296235,0.349928,-0.037586,-2.768304,0.360000,0.140000,0.100000,0.100000,-1.000000,0.349928
753,-0.823071,-1.534813,-18.323918,0.349928,-0.037586,-2.768304,0.400000,0.140000,0.100000,0.100000,-1.000000,0.349928
754,-0.819856,-1.533382,-18.351601,0.349928,-0.037586,-2.768304,0.460000,0.140000,0.100000,0.100000,-1.000000,0.349928
755,-0.816602,-1.532041,-18.379284,0.349928,-0.037586,-2.768304,0.560000,0.160000,0.100000,0.100000,-1.000000,0.349928
756,-0.813312,-1.530790,-18.406968,0.349928,-0.037586,-2.768304,0.700000,0.160000,0.100000,0.100000,-1.000000,0.349928
757,-0.809989,-1.529631,-18.434651,0.349928,-0.037586,-2.768304,0.980000,0.160000,0.100000,0.100000,-1.000000,0.349928
758,-0.806635,-1.528565,-18.462334,0.349928,-0.037586,-2.768304,1.000000,0.180000,0.100000,0.100000,-1.000000,0.349928
759,-0.803253,-1.527591,-18.490017,0.349928,-0.037586,-2.768304,1.000000,0.180000,0.100000,0.100000,-1.000000,0.349928
760,-0.799845,-1.526712,-18.517700,0.349928,-0.037586,-2.768304,1.000000,0.200000,0.100000,0.100000,-1.000000,0.349928
761,-0.796415,-1.525927,-18.545383,0.349928,-0.037586,-2.768304,1.000000,0.220000,0.100000,0.100000,-1.000000,0.349928
762,-0.792963,-1.525238,-18.573066,0.349928,-0.037586,-2.768304,1.000000,0.240000,0.120000,0.100000,-1.000000,0.349928
763,-0.789494,-1.524644,-18.600749,0.349928,-0.037586,-2.768304,1.000000,0.260000,0.120000,0.100000,-1.000000,0.349928
764,-0.786010,-1.524147,-18.628432,0.349928,-0.037586,-2.768304,1.000000,0.280000,0.120000,0.100000,-1.000000,0.349928
765,-0.782514,-1.523746,-18.656115,0.349928,-0.037586,-2.768304,1.000000,0.320000,0.120000,0.100000,-1.000000,0.349928
766,-0.779008,-1.523442,-18.683798,0.349928,-0.037586,-2.768304,1.000000,0.360000,0.120000,0.100000,-1.000000,0.349928
767,-0.775494,-1.523236,-18.711481,0.349928,-0.037586,-2.768304,1.000000,0.440000,0.140000,0.100000,-1.000000,0.349928
768,-0.771977,-1.523126,-18.739164,0.349928,-0.037586,-2.768304,1.000000,0.540000,0.140000,0.100000,-1.000000,0.349928
769,-0.768457,-1.523114,-18.766847,0.349928,-0.037586,-2.768304,1.000000,0.720000,0.140000,0.100000,-1.000000,0.349928
770,-0.764939,-1.523200,-18.794530,0.349928,-0.037586,-2.768304,1.000000,1.000000,0.160000,0.100000,-1.000000,0.349928
771,-0.761424,-1.523383,-18.822213,0.349928,-0.037586,-2.768304,1.000000,1.000000,0.160000,0.100000,-1.000000,0.349928
772,-0.757916,-1.523663,-18.849896,0.349928,-0.037586,-2.768304,1.000000,1.000000,0.180000,0.100000,-1.000000,0.349928
773,-0.754417,-1.524040,-18.877579,0.349928,-0.037586,-2.768304,0.940000,1.000000,0.200000,0.100000,-1.000000,0.349928
774,-0.750929,-1.524513,-18.905262,0.349928,-0.037586,-2.768304,0.880000,1.000000,0.220000,0.100000,-1.000000,0.349928
775,-0.747456,-1.525084,-18.932945,0.349928,-0.037586,-2.768304,0.820000,1.000000,0.240000,0.100000,-1.000000,0.349928
776,-0.744001,-1.525750,-18.960628,0.349928,-0.037586,-2.768304,0.780000,1.000000,0.260000,0.100000,-1.000000,0.349928
777,-0.740565,-1.526511,-18.988311,0.349928,-0.037586,-2.768304,0.740000,1.000000,0.300000,0.100000,-1.000000,0.349928
778,-0.737151,-1.527367,-19.015995,0.349928,-0.037586,-2.768304,0.700000,1.000000,0.360000,0.100000,-1.000000,0.349928
779,-0.733762,-1.528318,-19.043678,0.349928,-0.037586,-2.768304,0.660000,1.000000,0.420000,0.100000,-1.000000,0.349928
780,-0.730401,-1.529361,-19.071361,0.349928,-0.037586,-2.768304,0.640000,1.000000,0.520000,0.100000,-1.000000,0.349928
781,-0.727070,-1.530498,-19.099044,0.349928,-0.037586,-2.768304,0.600000,1.000000,0.660000,0.100000,-1.000000,0.349928
782,-0.723772,-1.531726,-19.126727,0.349928,-0.037586,-2.768304,0.580000,1.000000,0.920000,0.100000,-1.000000,0.349928
783,-0.720509,-1.533045,-19.154410,0.349928,-0.037586,-2.768304,0.560000,1.000000,1.000000,0.100000,-1.000000,0.349928
784,-0.717284,-1.534454,-19.182093,0.349928,-0.037586,-2.768304,0.540000,1.000000,1.000000,0.100000,-1.000000,0.349928
785,-0.714099,-1.535952,-19.209776,0.349928,-0.037586,-2.768304,0.520000,0.940000,1.000000,0.100000,-1.000000,0.349928
786,-0.710957,-1.537537,-19.237459,0.349928,-0.037586,-2.768304,0.500000,0.880000,1.000000,0.100000,-1.000000,0.349928
787,-0.707860,-1.539208,-19.265142,0.349928,-0.037586,-2.768304,0.480000,0.820000,1.000000,0.100000,-1.000000,0.349928
788,-0.704810,-1.540965,-19.292825,0.349928,-0.037586,-2.768304,0.460000,0.780000,1.000000,0.100000,-1.000000,0.349928
789,-0.701810,-1.542805,-19.320508,0.349928,-0.037586,-2.768304,0.460000,0.720000,1.000000,0.100000,-1.000000,0.349928
790,-0.698863,-1.544728,-19.348191,0.349928,-0.037586,-2.768304,0.440000,0.680000,1.000000,0.100000,-1.000000,0.349928
791,-0.695969,-1.546731,-19.375874,0.349928,-0.037586,-2.768304,0.440000,0.660000,1.000000,0.100000,-1.000000,0.349928
792,-0.693132,-1.548814,-19.403557,0.349928,-0.037586,-2.768304,0.420000,0.620000,1.000000,0.100000,-1.000000,0.349928
793,-0.690354,-1.550975,-19.431240,0.349928,-0.037586,-2.768304,0.400000,0.600000,1.000000,0.100000,-1.000000,0.349928
794,-0.687637,-1.553212,-19.458923,0.349928,-0.037586,-2.768304,0.400000,0.560000,1.000000,0.100000,-1.000000,0.349928
795,-0.684982,-1.555523,-19.486606,0.349928,-0.037586,-2.768304,0.380000,0.540000,1.000000,0.100000,-1.000000,0.349928
796,-0.682393,-1.557906,-19.514289,0.349928,-0.037586,-2.768304,0.380000,0.520000,1.000000,0.100000,-1.000000,0.349928
797,-0.679871,-1.560361,-19.541972,0.349928,-0.037586,-2.768304,0.380000,0.500000,0.940000,0.100000,-1.000000,0.349928
798,-0.677417,-1.562884,-19.569655,0.349928,-0.037586,-2.768304,0.360000,0.480000,0.860000,0.100000,-1.000000,0.349928
799,-0.675035,-1.565474,-19.597338,0.349928,-0.037586,-2.768304,0.360000,0.460000,0.800000,0.100000,-1.000000,0.349928
800,-0.672724,-1.568129,-19.625021,0.349928,-0.037586,-2.768304,0.340000,0.440000,0.740000,0.100000,-1.000000,0.349928
801,-0.670489,-1.570847,-19.652705,0.349928,-0.037586,-2.768304,0.340000,0.440000,0.700000,0.100000,-1.000000,0.349928
802,-0.668329,-1.573626,-19.680388,0.349928,-0.037586,-2.768304,0.340000,0.420000,0.660000,0.100000,-1.000000,0.349928
803,-0.666247,-1.576464,-19.708071,0.349928,-0.037586,-2.768304,0.320000,0.400000,0.620000,0.100000,-1.000000,0.349928
804,-0.664245,-1.579358,-19.735754,0.349928,-0.037586,-2.768304,0.320000,0.400000,0.580000,0.100000,-1.000000,0.349928
805,-0.662323,-1.582306,-19.763437,0.349928,-0.037586,-2.768304,0.320000,0.380000,0.560000,0.100000,-1.000000,0.349928
806,-0.660484,-1.585307,-19.791120,0.349928,-0.037586,-2.768304,0.320000,0.380000,0.540000,0.100000,-1.000000,0.349928
807,-0.658728,-1.588357,-19.818803,0.349928,-0.037586,-2.768304,0.300000,0.360000,0.500000,0.100000,-1.000000,0.349928
808,-0.657058,-1.591455,-19.846486,0.349928,-0.037586,-2.768304,0.300000,0.360000,0.480000,0.100000,-1.000000,0.349928
809,-0.655474,-1.594598,-19.874169,0.349928,-0.037586,-2.768304,0.300000,0.340000,0.460000,0.100000,-1.000000,0.349928
810,-0.653977,-1.597783,-19.901852,0.349928,-0.037586,-2.768304,0.300000,0.340000,0.440000,0.100000,-1.000000,0.349928
811,-0.652570,-1.601009,-19.929535,0.349928,-0.037586,-2.768304,0.300000,0.320000,0.420000,0.100000,-1.000000,0.349928
812,-0.651252,-1.604272,-19.957218,0.349928,-0.037586,-2.768304,0.280000,0.320000,0.420000,0.100000,-1.000000,0.349928
813,-0.650025,-1.607571,-19.984901,0.349928,-0.037586,-2.768304,0.280000,0.320000,0.400000,0.100000,-1.000000,0.349928
814,-0.648889,-1.610902,-20.012584,0.349928,-0.037586,-2.768304,0.280000,0.300000,0.380000,0.100000,-1.000000,0.349928
815,-0.647847,-1.614263,-20.040267,0.349928,-0.037586,-2.768304,0.280000,0.300000,0.380000,0.100000,-1.000000,0.349928
816,-0.646898,-1.617652,-20.067950,0.349928,-0.037586,-2.768304,0.280000,0.300000,0.360000,0.100000,-1.000000,0.349928
817,-0.646043,-1.621066,-20.095633,0.349928,-0.037586,-2.768304,0.280000,0.280000,0.340000,0.100000,-1.000000,0.349928
818,-0.645282,-1.624503,-20.123316,0.349928,-0.037586,-2.768304,0.280000,0.280000,0.340000,0.100000,-1.000000,0.349928
819,-0.644618,-1.627959,-20.150999,0.349928,-0.037586,-2.768304,0.260000,0.280000,0.320000,0.100000,-1.000000,0.349928
820,-0.644049,-1.631432,-20.178682,0.349928,-0.037586,-2.768304,0.260000,0.280000,0.320000,0.100000,-1.000000,0.349928
821,-0.643576,-1.634919,-20.206365,0.349928,-0.037586,-2.768304,0.260000,0.260000,0.300000,0.100000,-1.000000,0.349928
822,-0.643200,-1.638419,-20.234048,0.349928,-0.037586,-2.768304,0.260000,0.260000,0.300000,0.100000,-1.000000,0.349928
823,-0.642922,-1.641927,-20.261731,0.349928,-0.037586,-2.768304,0.260000,0.260000,0.300000,0.100000,-1.000000,0.349928
824,-0.642740,-1.645442,-20.289415,0.349928,-0.037586,-2.768304,0.260000,0.260000,0.280000,0.100000,-1.000000,0.349928
825,-0.642656,-1.648960,-20.317098,0.349928,-0.037586,-2.768304,0.260000,0.260000,0.280000,0.100000,-1.000000,0.349928
826,-0.642669,-1.652480,-20.344781,0.349928,-0.037586,-2.768304,0.260000,0.240000,0.280000,0.100000,-1.000000,0.349928
827,-0.642779,-1.655997,-20.372464,0.349928,-0.037586,-2.768304,0.260000,0.240000,0.260000,0.100000,-1.000000,0.349928
828,-0.642987,-1.659510,-20.400147,0.349928,-0.037586,-2.768304,0.260000,0.240000,0.260000,0.100000,-1.000000,0.349928
829,-0.643292,-1.663017,-20.427830,0.349928,-0.037586,-2.768304,0.260000,0.240000,0.260000,0.100000,-1.000000,0.349928
830,-0.643694,-1.666513,-20.455513,0.349928,-0.037586,-2.768304,0.260000,0.240000,0.240000,0.100000,-1.000000,0.349928
831,-0.644193,-1.669997,-20.483196,0.349928,-0.037586,-2.768304,0.260000,0.240000,0.240000,0.100000,-1.000000,0.349928
832,-0.644788,-1.673466,-20.510879,0.349928,-0.037586,-2.768304,0.260000,0.240000,0.240000,0.100000,-1.000000,0.349928
833,-0.645479,-1.676917,-20.538562,0.349928,-0.037586,-2.768304,0.260000,0.240000,0.240000,0.100000,-1.000000,0.349928
834,-0.646265,-1.680347,-20.566245,0.349928,-0.037586,-2.768304,0.260000,0.220000,0.240000,0.100000,-1.000000,0.349928
835,-0.647145,-1.683755,-20.593928,0.349928,-0.037586,-2.768304,0.260000,0.220000,0.220000,0.100000,-1.000000,0.349928
836,-0.648120,-1.687136,-20.621611,0.349928,-0.037586,-2.768304,0.260000,0.220000,0.220000,0.100000,-1.000000,0.349928
837,-0.649187,-1.690490,-20.649294,0.349928,-0.037586,-2.768304,0.260000,0.220000,0.220000,0.100000,-1.000000,0.349928
838,-0.650348,-1.693813,-20.676977,0.349928,-0.037586,-2.768304,0.260000,0.220000,0.220000,0.100000,-1.000000,0.349928
839,-0.651599,-1.697102,-20.704660,0.349928,-0.037586,-2.768304,0.260000,0.220000,0.220000,0.100000,-1.000000,0.349928
840,-0.652942,-1.700355,-20.732343,0.349928,-0.037586,-2.768304,0.260000,0.220000,0.200000,0.100000,-1.000000,0.349928
841,-0.654374,-1.703570,-20.760026,0.349928,-0.037586,-2.768304,0.260000,0.220000,0.200000,0.100000,-1.000000,0.349928
842,-0.655894,-1.706744,-20.787709,0.349928,-0.037586,-2.768304,0.260000,0.220000,0.200000,0.100000,-1.000000,0.349928
843,-0.657501,-1.709875,-20.815392,0.349928,-0.037586,-2.768304,0.280000,0.220000,0.200000,0.100000,-1.000000,0.349928
844,-0.659195,-1.712960,-20.843075,0.349928,-0.037586,-2.768304,0.280000,0.220000,0.200000,0.100000,-1.000000,0.349928
845,-0.660973,-1.715997,-20.870758,0.349928,-0.037586,-2.768304,0.280000,0.220000,0.200000,0.100000,-1.000000,0.349928
846,-0.662835,-1.718984,-20.898442,0.349928,-0.037586,-2.768304,0.280000,0.220000,0.200000,0.100000,-1.000000,0.349928
847,-0.664779,-1.721918,-20.926125,0.349928,-0.037586,-2.768304,0.280000,0.220000,0.200000,0.100000,-1.000000,0.349928
848,-0.666803,-1.724797,-20.953808,0.349928,-0.037586,-2.768304,0.300000,0.220000,0.200000,0.100000,-1.000000,0.349928
849,-0.668906,-1.727619,-20.981491,0.349928,-0.037586,-2.768304,0.300000,0.220000,0.200000,0.100000,-1.000000,0.349928
850,-0.671086,-1.730382,-21.009174,0.349928,-0.037586,-2.768304,0.300000,0.220000,0.200000,0.100000,-1.000000,0.349928
851,-0.673342,-1.733083,-21.036857,0.349928,-0.037586,-2.768304,0.320000,0.220000,0.180000,0.100000,-1.000000,0.349928
852,-0.675672,-1.735721,-21.064540,0.349928,-0.037586,-2.768304,0.320000,0.220000,0.180000,0.100000,-1.000000,0.349928
853,-0.678074,-1.738293,-21.092223,0.349928,-0.037586,-2.768304,0.340000,0.220000,0.180000,0.100000,-1.000000,0.349928
854,-0.680547,-1.740798,-21.119906,0.349928,-0.037586,-2.768304,0.340000,0.220000,0.180000,0.100000,-1.000000,0.349928
855,-0.683087,-1.743233,-21.147589,0.349928,-0.037586,-2.768304,0.360000,0.240000,0.180000,0.100000,-1.000000,0.349928
856,-0.685694,-1.745597,-21.175272,0.349928,-0.037586,-2.768304,0.380000,0.240000,0.180000,0.100000,-1.000000,0.349928
857,-0.688366,-1.747888,-21.202955,0.349928,-0.037586,-2.768304,0.400000,0.240000,0.180000,0.100000,-1.000000,0.349928
858,-0.691100,-1.750105,-21.230638,0.349928,-0.037586,-2.768304,0.400000,0.240000,0.180000,0.100000,-1.000000,0.349928
859,-0.693894,-1.752244,-21.258321,0.349928,-0.037586,-2.768304,0.440000,0.240000,0.180000,0.100000,-1.000000,0.349928
860,-0.696747,-1.754306,-21.286004,0.349928,-0.037586,-2.768304,0.440000,0.260000,0.200000,0.100000,-1.000000,0.349928
861,-0.699655,-1.756288,-21.313687,0.349928,-0.037586,-2.768304,0.440000,0.260000,0.200000,0.100000,-1.000000,0.349928
862,-0.702617,-1.758188,-21.341370,0.349928,-0.037586,-2.768304,0.420000,0.260000,0.200000,0.100000,-1.000000,0.349928
863,-0.705631,-1.760006,-21.369053,0.349928,-0.037586,-2.768304,0.420000,0.280000,0.200000,0.100000,-1.000000,0.349928
864,-0.708693,-1.761740,-21.396736,0.349928,-0.037586,-2.768304,0.460000,0.280000,0.200000,0.100000,-1.000000,0.349928
865,-0.711803,-1.763388,-21.424419,0.349928,-0.037586,-2.768304,0.520000,0.280000,0.200000,0.100000,-1.000000,0.349928
866,-0.714957,-1.764950,-21.452102,0.349928,-0.037586,-2.768304,0.580000,0.300000,0.200000,0.100000,-1.000000,0.349928
867,-0.718153,-1.766424,-21.479785,0.349928,-0.037586,-2.768304,0.680000,0.320000,0.200000,0.100000,-1.000000,0.349928
868,-0.721389,-1.767808,-21.507468,0.349928,-0.037586,-2.768304,0.680000,0.320000,0.200000,0.100000,-1.000000,0.349928
869,-0.724661,-1.769103,-21.535152,0.349928,-0.037586,-2.768304,0.680000,0.340000,0.220000,0.100000,-1.000000,0.349928
870,-0.727968,-1.770306,-21.562835,0.349928,-0.037586,-2.768304,0.740000,0.360000,0.220000,0.100000,-1.000000,0.349928
871,-0.731308,-1.771418,-21.590518,0.349928,-0.037586,-2.768304,0.740000,0.380000,0.220000,0.100000,-1.000000,0.349928
872,-0.734676,-1.772436,-21.618201,0.349928,-0.037586,-2.768304,0.820000,0.400000,0.220000,0.100000,-1.000000,0.349928
873,-0.738072,-1.773361,-21.645884,0.349928,-0.037586,-2.768304,0.820000,0.400000,0.240000,0.100000,-1.000000,0.349928
874,-0.741492,-1.774192,-21.673567,0.349928,-0.037586,-2.768304,0.820000,0.400000,0.240000,0.100000,-1.000000,0.349928
875,-0.744934,-1.774928,-21.701250,0.349928,-0.037586,-2.768304,0.820000,0.380000,0.240000,0.100000,-1.000000,0.349928
876,-0.748395,-1.775568,-21.728933,0.349928,-0.037586,-2.768304,0.860000,0.400000,0.260000,0.100000,-1.000000,0.349928
877,-0.751872,-1.776112,-21.756616,0.349928,-0.037586,-2.768304,0.860000,0.440000,0.260000,0.100000,-1.000000,0.349928
878,-0.755362,-1.776559,-21.784299,0.349928,-0.037586,-2.768304,0.860000,0.500000,0.280000,0.100000,-1.000000,0.349928
879,-0.758864,-1.776910,-21.811982,0.349928,-0.037586,-2.768304,0.900000,0.560000,0.280000,0.100000,-1.000000,0.349928
880,-0.762375,-1.777164,-21.839665,0.349928,-0.037586,-2.768304,0.900000,0.640000,0.300000,0.100000,-1.000000,0.349928
881,-0.765891,-1.777321,-21.867348,0.349928,-0.037586,-2.768304,0.900000,0.640000,0.320000,0.100000,-1.000000,0.349928
882,-0.769409,-1.777380,-21.895031,0.349928,-0.037586,-2.768304,0.940000,0.640000,0.340000,0.100000,-1.000000,0.349928
883,-0.772929,-1.777341,-21.922714,0.349928,-0.037586,-2.768304,0.940000,0.720000,0.360000,0.100000,-1.000000,0.349928
884,-0.776445,-1.777206,-21.950397,0.349928,-0.037586,-2.768304,0.960000,0.700000,0.380000,0.100000,-1.000000,0.349928
885,-0.779957,-1.776973,-21.978080,0.349928,-0.037586,-2.768304,0.960000,0.780000,0.360000,0.100000,-1.000000,0.349928
886,-0.783461,-1.776643,-22.005763,0.349928,-0.037586,-2.768304,0.960000,0.780000,0.360000,0.100000,-1.000000,0.349928
887,-0.786954,-1.776216,-22.033446,0.349928,-0.037586,-2.768304,0.980000,0.780000,0.360000,0.100000,-1.000000,0.349928
888,-0.790435,-1.775692,-22.061129,0.349928,-0.037586,-2.768304,0.980000,0.780000,0.380000,0.100000,-1.000000,0.349928
889,-0.793899,-1.775072,-22.088812,0.349928,-0.037586,-2.768304,1.000000,0.820000,0.420000,0.100000,-1.000000,0.349928
890,-0.797345,-1.774357,-22.116495,0.349928,-0.037586,-2.768304,1.000000,0.820000,0.460000,0.100000,-1.000000,0.349928
891,-0.800770,-1.773547,-22.144178,0.349928,-0.037586,-2.768304,1.000000,0.820000,0.520000,0.100000,-1.000000,0.349928
892,-0.804171,-1.772642,-22.171862,0.349928,-0.037586,-2.768304,1.000000,0.860000,0.620000,0.100000,-1.000000,0.349928
893,-0.807546,-1.771643,-22.199545,0.349928,-0.037586,-2.768304,1.000000,0.860000,0.600000,0.100000,-1.000000,0.349928
894,-0.810892,-1.770552,-22.227228,0.349928,-0.037586,-2.768304,0.540000,0.860000,0.600000,0.100000,-1.000000,0.349928
895,-0.814206,-1.769368,-22.254911,0.349928,-0.037586,-2.768304,0.520000,0.900000,0.680000,0.100000,-1.000000,0.349928
896,-0.817486,-1.768093,-22.282594,0.349928,-0.037586,-2.768304,0.500000,0.920000,0.680000,0.100000,-1.000000,0.349928
897,-0.820730,-1.766727,-22.310277,0.349928,-0.037586,-2.768304,0.420000,0.920000,0.760000,0.100000,-1.000000,0.349928
898,-0.823935,-1.765272,-22.337960,0.349928,-0.037586,-2.768304,0.400000,0.920000,0.760000,0.100000,-1.000000,0.349928
899,-0.827098,-1.763729,-22.365643,0.349928,-0.037586,-2.768304,0.380000,0.940000,0.740000,0.100000,-1.000000,0.349928
900,-0.830217,-1.762100,-22.393326,0.349928,-0.037586,-2.768304,0.380000,0.940000,0.740000,0.100000,-1.000000,0.349928
901,-0.833290,-1.760384,-22.421009,0.349928,-0.037586,-2.768304,0.360000,0.940000,0.780000,0.100000,-1.000000,0.349928
902,-0.836314,-1.758584,-22.448692,0.349928,-0.037586,-2.768304,0.360000,0.960000,0.780000,0.100000,-1.000000,0.349928
903,-0.839288,-1.756701,-22.476375,0.349928,-0.037586,-2.768304,0.340000,0.960000,0.780000,0.100000,-1.000000,0.349928
904,-0.842208,-1.754736,-22.504058,0.349928,-0.037586,-2.768304,0.340000,0.980000,0.820000,0.100000,-1.000000,0.349928
905,-0.845072,-1.752692,-22.531741,0.349928,-0.037586,-2.768304,0.320000,1.000000,0.820000,0.100000,-1.000000,0.349928
906,-0.847879,-1.750569,-22.559424,0.349928,-0.037586,-2.768304,0.320000,1.000000,0.840000,0.100000,-1.000000,0.349928
907,-0.850626,-1.748369,-22.587107,0.349928,-0.037586,-2.768304,0.300000,0.500000,0.880000,0.100000,-1.000000,0.349928
908,-0.853311,-1.746093,-22.614790,0.349928,-0.037586,-2.768304,0.300000,0.480000,0.880000,0.100000,-1.000000,0.349928
909,-0.855932,-1.743745,-22.642473,0.349928,-0.037586,-2.768304,0.280000,0.460000,0.880000,0.100000,-1.000000,0.349928
910,-0.858487,-1.741324,-22.670156,0.349928,-0.037586,-2.768304,0.280000,0.380000,0.900000,0.100000,-1.000000,0.349928
911,-0.860974,-1.738834,-22.697839,0.349928,-0.037586,-2.768304,0.280000,0.360000,0.900000,0.100000,-1.000000,0.349928
912,-0.863392,-1.736276,-22.725522,0.349928,-0.037586,-2.768304,0.260000,0.360000,0.900000,0.100000,-1.000000,0.349928
913,-0.865737,-1.733652,-22.753205,0.349928,-0.037586,-2.768304,0.260000,0.340000,0.920000,0.100000,-1.000000,0.349928
914,-0.868009,-1.730965,-22.780889,0.349928,-0.037586,-2.768304,0.260000,0.320000,0.920000,0.100000,-1.000000,0.349928
915,-0.870206,-1.728215,-22.808572,0.349928,-0.037586,-2.768304,0.260000,0.320000,0.940000,0.100000,-1.000000,0.349928
916,-0.872325,-1.725405,-22.836255,0.349928,-0.037586,-2.768304,0.240000,0.300000,0.940000,0.100000,-1.000000,0.349928
917,-0.874367,-1.722538,-22.863938,0.349928,-0.037586,-2.768304,0.240000,0.300000,0.960000,0.100000,-1.000000,0.349928
918,-0.876328,-1.719616,-22.891621,0.349928,-0.037586,-2.768304,0.240000,0.280000,0.980000,0.100000,-1.000000,0.349928
919,-0.878207,-1.716640,-22.919304,0.349928,-0.037586,-2.768304,0.240000,0.280000,0.480000,0.100000,-1.000000,0.349928
920,-0.880003,-1.713614,-22.946987,0.349928,-0.037586,-2.768304,0.220000,0.260000,0.440000,0.100000,-1.000000,0.349928
921,-0.881715,-1.710539,-22.974670,0.349928,-0.037586,-2.768304,0.220000,0.260000,0.360000,0.100000,-1.000000,0.349928
922,-0.883341,-1.707417,-23.002353,0.349928,-0.037586,-2.768304,0.220000,0.260000,0.340000,0.100000,-1.000000,0.349928
923,-0.884880,-1.704252,-23.030036,0.349928,-0.037586,-2.768304,0.220000,0.240000,0.320000,0.100000,-1.000000,0.349928
924,-0.886331,-1.701046,-23.057719,0.349928,-0.037586,-2.768304,0.220000,0.240000,0.320000,0.100000,-1.000000,0.349928
925,-0.887693,-1.697801,-23.085402,0.349928,-0.037586,-2.768304,0.200000,0.240000,0.300000,0.100000,-1.000000,0.349928
926,-0.888964,-1.694519,-23.113085,0.349928,-0.037586,-2.768304,0.200000,0.220000,0.300000,0.100000,-1.000000,0.349928
927,-0.890144,-1.691203,-23.140768,0.349928,-0.037586,-2.768304,0.200000,0.220000,0.280000,0.100000,-1.000000,0.349928
928,-0.891231,-1.687856,-23.168451,0.349928,-0.037586,-2.768304,0.200000,0.220000,0.260000,0.100000,-1.000000,0.349928
929,-0.892226,-1.684480,-23.196134,0.349928,-0.037586,-2.768304,0.200000,0.220000,0.260000,0.100000,-1.000000,0.349928
930,-0.893126,-1.681078,-23.223817,0.349928,-0.037586,-2.768304,0.200000,0.200000,0.240000,0.100000,-1.000000,0.349928
931,-0.893933,-1.677652,-23.251500,0.349928,-0.037586,-2.768304,0.200000,0.200000,0.240000,0.100000,-1.000000,0.349928
932,-0.894644,-1.674205,-23.279183,0.349928,-0.037586,-2.768304,0.180000,0.200000,0.240000,0.100000,-1.000000,0.349928
933,-0.895259,-1.670740,-23.306866,0.349928,-0.037586,-2.768304,0.180000,0.200000,0.220000,0.100000,-1.000000,0.349928
934,-0.895778,-1.667259,-23.334549,0.349928,-0.037586,-2.768304,0.180000,0.180000,0.220000,0.100000,-1.000000,0.349928
935,-0.896201,-1.663765,-23.362232,0.349928,-0.037586,-2.768304,0.180000,0.180000,0.220000,0.100000,-1.000000,0.349928
936,-0.896527,-1.660261,-23.389915,0.349928,-0.037586,-2.768304,0.180000,0.180000,0.200000,0.100000,-1.000000,0.349928
937,-0.896756,-1.656749,-23.417599,0.349928,-0.037586,-2.768304,0.180000,0.180000,0.200000,0.100000,-1.000000,0.349928
938,-0.896887,-1.653232,-23.445282,0.349928,-0.037586,-2.768304,0.180000,0.180000,0.200000,0.100000,-1.000000,0.349928
939,-0.896921,-1.649713,-23.472965,0.349928,-0.037586,-2.768304,0.180000,0.180000,0.180000,0.100000,-1.000000,0.349928
940,-0.896858,-1.646194,-23.500648,0.349928,-0.037586,-2.768304,0.180000,0.160000,0.180000,0.100000,-1.000000,0.349928
941,-0.896697,-1.642678,-23.528331,0.349928,-0.037586,-2.768304,0.180000,0.160000,0.180000,0.100000,-1.000000,0.349928
942,-0.896439,-1.639168,-23.556014,0.349928,-0.037586,-2.768304,0.180000,0.160000,0.180000,0.100000,-1.000000,0.349928
943,-0.896084,-1.635667,-23.583697,0.349928,-0.037586,-2.768304,0.160000,0.160000,0.160000,0.100000,-1.000000,0.349928
944,-0.895632,-1.632176,-23.611380,0.349928,-0.037586,-2.768304,0.160000,0.160000,0.160000,0.100000,-1.000000,0.349928
945,-0.895083,-1.628700,-23.639063,0.349928,-0.037586,-2.768304,0.160000,0.160000,0.160000,0.100000,-1.000000,0.349928
946,-0.894439,-1.625240,-23.666746,0.349928,-0.037586,-2.768304,0.160000,0.160000,0.160000,0.100000,-1.000000,0.349928
947,-0.893699,-1.621799,-23.694429,0.349928,-0.037586,-2.768304,0.160000,0.140000,0.160000,0.100000,-1.000000,0.349928
948,-0.892864,-1.618380,-23.722112,0.349928,-0.037586,-2.768304,0.160000,0.140000,0.140000,0.100000,-1.000000,0.349928
949,-0.891935,-1.614986,-23.749795,0.349928,-0.037586,-2.768304,0.160000,0.140000,0.140000,0.100000,-1.000000,0.349928
950,-0.890913,-1.611618,-23.777478,0.349928,-0.037586,-2.768304,0.160000,0.140000,0.140000,0.100000,-1.000000,0.349928
951,-0.889797,-1.608280,-23.805161,0.349928,-0.037586,-2.768304,0.160000,0.140000,0.140000,0.100000,-1.000000,0.349928
952,-0.888590,-1.604974,-23.832844,0.349928,-0.037586,-2.768304,0.160000,0.140000,0.140000,0.100000,-1.000000,0.349928
953,-0.887291,-1.601703,-23.860527,0.349928,-0.037586,-2.768304,0.160000,0.140000,0.140000,0.100000,-1.000000,0.349928
954,-0.885902,-1.598469,-23.888210,0.349928,-0.037586,-2.768304,0.160000,0.140000,0.120000,0.100000,-1.000000,0.349928
955,-0.884425,-1.595275,-23.915893,0.349928,-0.037586,-2.768304,0.160000,0.140000,0.120000,0.100000,-1.000000,0.349928
956,-0.882859,-1.592123,-23.943576,0.349928,-0.037586,-2.768304,0.160000,0.140000,0.120000,0.100000,-1.000000,0.349928
957,-0.881207,-1.589016,-23.971259,0.349928,-0.037586,-2.768304,0.160000,0.140000,0.120000,0.100000,-1.000000,0.349928
958,-0.879470,-1.585955,-23.998942,0.349928,-0.037586,-2.768304,0.160000,0.140000,0.120000,0.100000,-1.000000,0.349928
959,-0.877648,-1.582944,-24.026625,0.349928,-0.037586,-2.768304,0.160000,0.120000,0.120000,0.100000,-1.000000,0.349928
960,-0.875744,-1.579984,-24.054309,0.349928,-0.037586,-2.768304,0.160000,0.120000,0.120000,0.100000,-1.000000,0.349928
961,-0.873759,-1.577078,-24.081992,0.349928,-0.037586,-2.768304,0.160000,0.120000,0.120000,0.100000,-1.000000,0.349928
962,-0.871694,-1.574228,-24.109675,0.349928,-0.037586,-2.768304,0.160000,0.120000,0.120000,0.100000,-1.000000,0.349928
963,-0.869551,-1.571436,-24.137358,0.349928,-0.037586,-2.768304,0.180000,0.120000,0.100000,0.100000,-1.000000,0.349928
964,-0.867331,-1.568705,-24.165041,0.349928,-0.037586,-2.768304,0.180000,0.120000,0.100000,0.100000,-1.000000,0.349928
965,-0.865037,-1.566036,-24.192724,0.349928,-0.037586,-2.768304,0.180000,0.120000,0.100000,0.100000,-1.000000,0.349928
966,-0.862669,-1.563432,-24.220407,0.349928,-0.037586,-2.768304,0.180000,0.120000,0.100000,0.100000,-1.000000,0.349928
967,-0.860231,-1.560894,-24.248090,0.349928,-0.037586,-2.768304,0.180000,0.120000,0.100000,0.100000,-1.000000,0.349928
968,-0.857723,-1.558425,-24.275773,0.349928,-0.037586,-2.768304,0.180000,0.120000,0.100000,0.100000,-1.000000,0.349928
969,-0.855148,-1.556026,-24.303456,0.349928,-0.037586,-2.768304,0.200000,0.120000,0.100000,0.100000,-1.000000,0.349928
970,-0.852507,-1.553699,-24.331139,0.349928,-0.037586,-2.768304,0.200000,0.120000,0.100000,0.100000,-1.000000,0.349928
971,-0.849803,-1.551447,-24.358822,0.349928,-0.037586,-2.768304,0.200000,0.120000,0.100000,0.100000,-1.000000,0.349928
972,-0.847038,-1.549270,-24.386505,0.349928,-0.037586,-2.768304,0.220000,0.120000,0.100000,0.100000,-1.000000,0.349928
973,-0.844214,-1.547170,-24.414188,0.349928,-0.037586,-2.768304,0.220000,0.120000,0.100000,0.100000,-1.000000,0.349928
974,-0.841332,-1.545149,-24.441871,0.349928,-0.037586,-2.768304,0.240000,0.120000,0.100000,0.100000,-1.000000,0.349928
975,-0.838396,-1.543209,-24.469554,0.349928,-0.037586,-2.768304,0.260000,0.140000,0.100000,0.100000,-1.000000,0.349928
976,-0.835407,-1.541351,-24.497237,0.349928,-0.037586,-2.768304,0.260000,0.140000,0.100000,0.100000,-1.000000,0.349928
977,-0.832367,-1.539577,-24.524920,0.349928,-0.037586,-2.768304,0.300000,0.140000,0.100000,0.100000,-1.000000,0.349928
978,-0.829280,-1.537887,-24.552603,0.349928,-0.037586,-2.768304,0.320000,0.140000,0.100000,0.100000,-1.000000,0.349928
979,-0.826147,-1.536283,-24.580286,0.349928,-0.037586,-2.768304,0.360000,0.140000,0.100000,0.100000,-1.000000,0.349928
980,-0.822972,-1.534767,-24.607969,0.349928,-0.037586,-2.768304,0.400000,0.140000,0.100000,0.100000,-1.000000,0.349928
981,-0.819755,-1.533339,-24.635652,0.349928,-0.037586,-2.768304,0.460000,0.140000,0.100000,0.100000,-1.000000,0.349928
982,-0.816500,-1.532000,-24.663336,0.349928,-0.037586,-2.768304,0.560000,0.160000,0.100000,0.100000,-1.000000,0.349928
983,-0.813209,-1.530753,-24.691019,0.349928,-0.037586,-2.768304,0.700000,0.160000,0.100000,0.100000,-1.000000,0.349928
984,-0.809885,-1.529597,-24.718702,0.349928,-0.037586,-2.768304,1.000000,0.160000,0.100000,0.100000,-1.000000,0.349928
985,-0.806530,-1.528533,-24.746385,0.349928,-0.037586,-2.768304,1.000000,0.180000,0.100000,0.100000,-1.000000,0.349928
986,-0.803147,-1.527562,-24.774068,0.349928,-0.037586,-2.768304,1.000000,0.180000,0.100000,0.100000,-1.000000,0.349928
987,-0.799739,-1.526686,-24.801751,0.349928,-0.037586,-2.768304,1.000000,0.200000,0.100000,0.100000,-1.000000,0.349928
988,-0.796307,-1.525904,-24.829434,0.349928,-0.037586,-2.768304,1.000000,0.220000,0.120000,0.100000,-1.000000,0.349928
989,-0.792855,-1.525218,-24.857117,0.349928,-0.037586,-2.768304,1.000000,0.240000,0.120000,0.100000,-1.000000,0.349928
990,-0.789386,-1.524627,-24.884800,0.349928,-0.037586,-2.768304,1.000000,0.260000,0.120000,0.100000,-1.000000,0.349928
991,-0.785901,-1.524133,-24.912483,0.349928,-0.037586,-2.768304,1.000000,0.280000,0.120000,0.100000,-1.000000,0.349928
992,-0.782404,-1.523735,-24.940166,0.349928,-0.037586,-2.768304,1.000000,0.320000,0.120000,0.100000,-1.000000,0.349928
993,-0.778898,-1.523434,-24.967849,0.349928,-0.037586,-2.768304,1.000000,0.360000,0.120000,0.100000,-1.000000,0.349928
994,-0.775384,-1.523231,-24.995532,0.349928,-0.037586,-2.768304,1.000000,0.440000,0.140000,0.100000,-1.000000,0.349928
995,-0.771866,-1.523124,-25.023215,0.349928,-0.037586,-2.768304,1.000000,0.540000,0.140000,0.100000,-1.000000,0.349928
996,-0.768347,-1.523115,-25.050898,0.349928,-0.037586,-2.768304,1.000000,0.720000,0.160000,0.100000,-1.000000,0.349928
997,-0.764829,-1.523204,-25.078581,0.349928,-0.037586,-2.768304,1.000000,1.000000,0.160000,0.100000,-1.000000,0.349928
998,-0.761314,-1.523390,-25.106264,0.349928,-0.037586,-2.768304,1.000000,1.000000,0.180000,0.100000,-1.000000,0.349928
999,-0.757806,-1.523673,-25.133947,0.349928,-0.037586,-2.768304,1.000000,1.000000,0.180000,0.100000,-1.000000,0.349928
