step,x,y,mu,vx,vy,omega,lidar_l,lidar_c,lidar_r,throttle,steering,reward
0,-1.557150,-1.303549,0.116352,0.000000,0.000000,0.000000,0.140000,0.140000,0.160000,0.200000,-1.000000,0.000000
1,-1.557150,-1.303549,0.116352,0.014000,0.000000,0.000000,0.140000,0.140000,0.160000,0.200000,-1.000000,0.014000
2,-1.557011,-1.303533,0.116352,0.019635,-0.005371,-0.229722,0.140000,0.140000,0.160000,0.200000,-1.000000,0.019635
3,-1.556810,-1.303563,0.114055,0.026408,-0.013514,-0.256268,0.140000,0.140000,0.160000,0.200000,-1.000000,0.026408
4,-1.556532,-1.303667,0.111492,0.034132,-0.012225,-0.686223,0.140000,0.140000,0.140000,0.200000,-1.000000,0.034132
5,-1.556179,-1.303751,0.104630,0.042938,-0.022081,-0.505021,0.140000,0.140000,0.140000,0.200000,-1.000000,0.042938
6,-1.555729,-1.303926,0.099580,0.051144,-0.021767,-0.856438,0.140000,0.140000,0.140000,0.200000,-1.000000,0.051144
7,-1.555199,-1.304091,0.091016,0.059825,-0.028774,-0.817285,0.140000,0.140000,0.140000,0.200000,-1.000000,0.059825
8,-1.554577,-1.304324,0.082843,0.068307,-0.030953,-1.025194,0.140000,0.140000,0.140000,0.200000,-1.000000,0.068307
9,-1.553870,-1.304576,0.072591,0.076952,-0.035320,-1.111639,0.140000,0.140000,0.140000,0.200000,-1.000000,0.076952
10,-1.553077,-1.304872,0.061474,0.085597,-0.038760,-1.239994,0.140000,0.140000,0.140000,0.200000,-1.000000,0.085597
11,-1.552199,-1.305206,0.049074,0.094294,-0.042272,-1.356946,0.140000,0.140000,0.140000,0.200000,-1.000000,0.094294
12,-1.551236,-1.305582,0.035505,0.103033,-0.045644,-1.473066,0.140000,0.140000,0.140000,0.200000,-1.000000,0.103033
13,-1.550191,-1.306002,0.020774,0.111815,-0.048888,-1.587093,0.140000,0.140000,0.140000,0.200000,-1.000000,0.111815
14,-1.549063,-1.306467,0.004903,0.120641,-0.051994,-1.698880,0.140000,0.120000,0.140000,0.200000,-1.000000,0.120641
15,-1.547854,-1.306981,-0.012085,0.129510,-0.054951,-1.808260,0.140000,0.120000,0.140000,0.200000,-1.000000,0.129510
16,-1.546565,-1.307546,-0.030168,0.138421,-0.057750,-1.915064,0.140000,0.120000,0.140000,0.200000,-1.000000,0.138421
17,-1.545199,-1.308165,-0.049319,0.147375,-0.060381,-2.019124,0.140000,0.120000,0.140000,0.200000,-1.000000,0.147375
18,-1.543757,-1.308841,-0.069510,0.156368,-0.062835,-2.120272,0.140000,0.120000,0.120000,0.200000,-1.000000,0.156368
19,-1.542241,-1.309577,-0.090713,0.165399,-0.065103,-2.218343,0.140000,0.120000,0.120000,0.200000,-1.000000,0.165399
20,-1.540652,-1.310375,-0.112896,0.174466,-0.067177,-2.313177,0.140000,0.120000,0.120000,0.200000,-1.000000,0.174466
21,-1.538995,-1.311239,-0.136028,0.183564,-0.069047,-2.404616,0.140000,0.120000,0.120000,0.200000,-1.000000,0.183564
22,-1.537269,-1.312172,-0.160074,0.192689,-0.070707,-2.492511,0.140000,0.120000,0.120000,0.200000,-1.000000,0.192689
23,-1.535480,-1.313177,-0.184999,0.201837,-0.072150,-2.576718,1.000000,0.120000,0.120000,0.200000,-1.000000,0.201837
24,-1.533629,-1.314258,-0.210766,0.211002,-0.073368,-2.657103,0.960000,0.120000,0.120000,0.200000,-1.000000,0.211002
25,-1.531719,-1.315416,-0.237337,0.220178,-0.074358,-2.733541,0.920000,0.120000,0.120000,0.200000,-1.000000,0.220178
26,-1.529754,-1.316657,-0.264673,0.229359,-0.075113,-2.805915,0.880000,0.120000,0.120000,0.200000,-1.000000,0.229359
27,-1.527736,-1.317982,-0.292732,0.238537,-0.075630,-2.874122,0.860000,0.120000,0.120000,0.200000,-1.000000,0.238537
28,-1.525671,-1.319394,-0.321473,0.247704,-0.075907,-2.938071,0.820000,0.120000,0.120000,0.200000,-1.000000,0.247704
29,-1.523560,-1.320897,-0.350854,0.256853,-0.075941,-2.997682,0.800000,0.120000,0.100000,0.200000,-1.000000,0.256853
30,-1.521409,-1.322493,-0.380831,0.265975,-0.075731,-3.052893,0.760000,0.120000,0.100000,0.200000,-1.000000,0.265975
31,-1.519222,-1.324185,-0.411360,0.275061,-0.075278,-3.103652,0.740000,0.120000,0.100000,0.200000,-1.000000,0.275061
32,-1.517002,-1.325975,-0.442396,0.284103,-0.074582,-3.149924,0.720000,0.120000,0.100000,0.200000,-1.000000,0.284103
33,-1.514753,-1.327865,-0.473895,0.293090,-0.073648,-3.191691,0.680000,0.120000,0.100000,0.200000,-1.000000,0.293090
34,-1.512481,-1.329858,-0.505812,0.302015,-0.072477,-3.228947,0.660000,1.000000,0.100000,0.200000,-1.000000,0.302015
35,-1.510191,-1.331955,-0.538102,0.310868,-0.071075,-3.261704,0.640000,0.980000,0.100000,0.200000,-1.000000,0.310868
36,-1.507886,-1.334159,-0.570719,0.319639,-0.069448,-3.289989,0.620000,0.920000,0.100000,0.200000,-1.000000,0.319639
37,-1.505571,-1.336470,-0.603619,0.328321,-0.067604,-3.313843,0.620000,0.880000,0.100000,0.200000,-1.000000,0.328321
38,-1.503252,-1.338890,-0.636757,0.336905,-0.065549,-3.333321,0.600000,0.840000,0.100000,0.200000,-1.000000,0.336905
39,-1.500933,-1.341420,-0.670090,0.345382,-0.063293,-3.348495,0.580000,0.800000,0.100000,0.200000,-1.000000,0.345382
40,-1.498619,-1.344061,-0.703575,0.353746,-0.060847,-3.359446,0.560000,0.760000,0.100000,0.200000,-1.000000,0.353746
41,-1.496315,-1.346814,-0.737170,0.361989,-0.058221,-3.366271,0.560000,0.720000,0.100000,0.200000,-1.000000,0.361989
42,-1.494026,-1.349678,-0.770832,0.370104,-0.055428,-3.369077,0.500000,0.700000,1.000000,0.200000,0.300000,0.370104
43,-1.491758,-1.352654,-0.804523,0.383128,-0.038270,-2.760260,0.480000,0.680000,1.000000,0.200000,0.300000,0.383128
44,-1.489376,-1.355680,-0.832126,0.395415,-0.022955,-2.175946,0.480000,0.660000,1.000000,0.200000,0.300000,0.395415
45,-1.486884,-1.358758,-0.853885,0.407248,-0.009598,-1.622975,0.480000,0.640000,0.980000,0.200000,0.300000,0.407248
46,-1.484280,-1.361891,-0.870115,0.418872,0.001735,-1.108552,0.460000,0.620000,0.960000,0.200000,0.300000,0.418872
47,-1.481566,-1.365082,-0.881200,0.430483,0.011031,-0.639131,0.460000,0.620000,0.940000,0.200000,0.300000,0.430483
48,-1.478742,-1.368333,-0.887592,0.442224,0.018348,-0.219130,0.460000,0.620000,0.920000,0.200000,0.300000,0.442224
49,-1.475808,-1.371647,-0.889783,0.454179,0.023812,0.149972,0.460000,0.600000,0.900000,0.200000,0.300000,0.454179
50,-1.472764,-1.375026,-0.888283,0.466379,0.027604,0.469736,0.460000,0.600000,0.900000,0.200000,0.300000,0.466379
51,-1.469608,-1.378471,-0.883586,0.478817,0.029937,0.744069,0.460000,0.600000,0.900000,0.200000,0.300000,0.478817
52,-1.466339,-1.381982,-0.876145,0.491462,0.031027,0.978210,0.460000,0.600000,0.920000,0.200000,0.300000,0.491462
53,-1.462955,-1.385559,-0.866363,0.504271,0.031072,1.177794,0.440000,0.600000,0.920000,0.200000,0.300000,0.504271
54,-1.459452,-1.389200,-0.854585,0.517196,0.030248,1.348232,0.440000,0.600000,0.940000,0.200000,0.300000,0.517196
55,-1.455829,-1.392903,-0.841103,0.530194,0.028697,1.494378,0.440000,0.600000,0.960000,0.200000,0.300000,0.530194
56,-1.452080,-1.396664,-0.826159,0.543224,0.026537,1.620405,0.440000,0.620000,0.980000,0.200000,0.300000,0.543224
57,-1.448204,-1.400478,-0.809955,0.556250,0.023859,1.729809,0.440000,0.620000,1.000000,0.200000,0.300000,0.556250
58,-1.444195,-1.404343,-0.792657,0.569242,0.020738,1.825474,0.440000,0.620000,1.000000,0.200000,0.300000,0.569242
59,-1.440052,-1.408251,-0.774402,0.582175,0.017228,1.909754,0.440000,0.620000,1.000000,0.100000,0.200000,0.582175
60,-1.435770,-1.412199,-0.755305,0.589017,0.010949,1.880819,0.500000,0.640000,1.000000,0.100000,0.200000,0.589017
61,-1.431406,-1.416157,-0.736497,0.595659,0.005327,1.856229,0.500000,0.640000,1.000000,0.100000,0.200000,0.595659
62,-1.426958,-1.420119,-0.717934,0.602128,0.000255,1.835448,0.500000,0.660000,1.000000,0.100000,0.200000,0.602128
63,-1.422421,-1.424078,-0.699580,0.608446,-0.004356,1.817992,0.500000,0.660000,1.000000,0.200000,0.300000,0.608446
64,-1.417794,-1.428029,-0.681400,0.620611,-0.006489,1.892886,0.500000,0.680000,1.000000,0.100000,0.200000,0.620611
65,-1.413015,-1.431988,-0.662471,0.626742,-0.011216,1.872960,0.500000,0.680000,1.000000,0.100000,0.200000,0.626742
66,-1.408142,-1.435932,-0.643741,0.632738,-0.015558,1.856121,0.500000,0.700000,1.000000,0.100000,0.100000,0.632738
67,-1.403174,-1.439854,-0.625180,0.639293,-0.022317,1.724619,0.500000,0.700000,1.000000,0.200000,0.300000,0.639293
68,-1.398121,-1.443776,-0.607934,0.650961,-0.023326,1.802457,0.500000,0.720000,1.000000,0.200000,0.300000,0.650961
69,-1.392911,-1.447686,-0.589909,0.662597,-0.024979,1.875545,0.500000,0.740000,1.000000,0.100000,0.100000,0.662597
70,-1.387544,-1.451579,-0.571154,0.668921,-0.031697,1.752912,0.520000,0.740000,1.000000,0.200000,0.300000,0.668921
71,-1.382088,-1.455462,-0.553625,0.680345,-0.032937,1.828453,0.520000,0.760000,1.000000,0.200000,0.300000,0.680345
72,-1.376474,-1.459319,-0.535340,0.691726,-0.034828,1.899655,0.520000,0.780000,1.000000,0.100000,0.100000,0.691726
73,-1.370702,-1.463148,-0.516344,0.697808,-0.041580,1.784630,0.520000,0.800000,1.000000,0.200000,0.300000,0.697808
74,-1.364839,-1.466954,-0.498497,0.708981,-0.043109,1.857230,0.520000,0.820000,1.000000,0.000000,0.100000,0.708981
75,-1.358818,-1.470723,-0.479925,0.707881,-0.049337,1.752650,0.540000,0.840000,1.000000,0.200000,0.300000,0.707881
76,-1.352767,-1.474429,-0.462399,0.718877,-0.050485,1.824380,0.540000,0.860000,1.000000,0.200000,0.300000,0.718877
77,-1.346558,-1.478087,-0.444155,0.729821,-0.052302,1.892659,0.540000,0.880000,1.000000,0.000000,0.100000,0.729821
78,-1.340193,-1.481696,-0.425228,0.728497,-0.058629,1.791427,0.540000,0.920000,1.000000,0.200000,0.300000,0.728497
79,-1.333798,-1.485235,-0.407314,0.739260,-0.060057,1.858695,0.560000,0.940000,1.000000,0.000000,0.100000,0.739260
80,-1.327248,-1.488715,-0.388727,0.737776,-0.065841,1.764318,0.560000,0.980000,1.000000,0.200000,0.300000,0.737776
81,-1.320671,-1.492121,-0.371084,0.748386,-0.066970,1.830693,0.560000,1.000000,1.000000,0.200000,0.300000,0.748386
82,-1.313939,-1.495458,-0.352777,0.758935,-0.068759,1.894385,0.580000,1.000000,1.000000,0.000000,0.100000,0.758935
83,-1.307055,-1.498726,-0.333833,0.757236,-0.074738,1.802796,0.580000,1.000000,1.000000,0.200000,0.300000,0.757236
84,-1.300145,-1.501913,-0.315805,0.767622,-0.076210,1.865364,0.600000,1.000000,1.000000,0.000000,0.100000,0.767622
85,-1.293085,-1.505022,-0.297151,0.765775,-0.081730,1.779537,0.600000,1.000000,0.860000,0.200000,0.300000,0.765775
86,-1.286002,-1.508045,-0.279356,0.776020,-0.082954,1.841110,0.620000,1.000000,0.680000,0.000000,0.100000,0.776020
87,-1.278772,-1.510983,-0.260945,0.774042,-0.088100,1.760220,0.620000,1.000000,0.560000,0.200000,0.300000,0.774042
88,-1.271521,-1.513831,-0.243343,0.784161,-0.089133,1.820887,0.640000,1.000000,0.500000,0.200000,0.300000,0.784161
89,-1.264125,-1.516585,-0.225134,0.794212,-0.090809,1.879620,0.640000,1.000000,0.440000,0.000000,-1.000000,0.794212
90,-1.256586,-1.519243,-0.206338,0.784109,-0.105805,1.393071,0.660000,1.000000,0.400000,0.200000,-1.000000,0.784109
91,-1.249128,-1.521885,-0.192407,0.788263,-0.116761,0.906186,0.680000,1.000000,0.380000,0.200000,-1.000000,0.788263
92,-1.241614,-1.524539,-0.183345,0.792853,-0.124056,0.426381,0.680000,1.000000,0.380000,0.200000,-1.000000,0.792853
93,-1.234045,-1.527204,-0.179081,0.797993,-0.127797,-0.042036,0.680000,1.000000,0.380000,0.200000,-1.000000,0.797993
94,-1.226420,-1.529883,-0.179502,0.803733,-0.128132,-0.494344,0.680000,1.000000,0.380000,0.200000,-1.000000,0.803733
95,-1.218740,-1.532579,-0.184445,0.810067,-0.125250,-0.925321,0.660000,1.000000,0.420000,0.200000,-1.000000,0.810067
96,-1.211007,-1.535296,-0.193698,0.816936,-0.119386,-1.329319,0.660000,1.000000,0.460000,0.200000,-1.000000,0.816936
97,-1.203220,-1.538040,-0.206992,0.824237,-0.110825,-1.700569,0.640000,1.000000,0.500000,0.200000,0.300000,0.824237
98,-1.195381,-1.540818,-0.223997,0.837445,-0.086141,-1.445780,0.620000,1.000000,0.600000,0.200000,0.300000,0.837445
99,-1.187408,-1.543518,-0.238455,0.850085,-0.064256,-1.169148,0.600000,1.000000,0.680000,0.200000,0.300000,0.850085
100,-1.179299,-1.546151,-0.250147,0.862309,-0.045319,-0.878242,0.580000,1.000000,0.780000,0.200000,0.300000,0.862309
101,-1.171056,-1.548724,-0.258929,0.874263,-0.029402,-0.580546,0.580000,1.000000,0.880000,0.200000,0.300000,0.874263
102,-1.162681,-1.551247,-0.264734,0.886074,-0.016508,-0.282791,0.560000,1.000000,0.980000,0.200000,0.300000,0.886074
103,-1.154172,-1.553725,-0.267562,0.897843,-0.006578,0.009377,0.560000,1.000000,1.000000,0.200000,0.300000,0.897843
104,-1.145530,-1.556162,-0.267469,0.909640,0.000495,0.291491,0.560000,1.000000,1.000000,0.200000,0.300000,0.909640
105,-1.136756,-1.558561,-0.264554,0.921507,0.004860,0.560211,0.560000,1.000000,1.000000,0.200000,0.300000,0.921507
106,-1.127849,-1.560924,-0.258952,0.933454,0.006694,0.813194,0.560000,1.000000,1.000000,0.200000,0.300000,0.933454
107,-1.118808,-1.563250,-0.250820,0.945470,0.006189,1.048944,0.560000,1.000000,0.940000,0.200000,0.300000,0.945470
108,-1.109634,-1.565536,-0.240330,0.957523,0.003549,1.266663,0.560000,1.000000,0.860000,0.200000,0.300000,0.957523
109,-1.100326,-1.567781,-0.227663,0.969572,-0.001025,1.466122,0.580000,1.000000,0.780000,0.200000,0.300000,0.969572
110,-1.090882,-1.569979,-0.213002,0.981561,-0.007336,1.647545,0.580000,1.000000,0.720000,0.200000,0.300000,0.981561
111,-1.081304,-1.572126,-0.196527,0.993435,-0.015198,1.811516,0.600000,1.000000,0.660000,0.200000,0.300000,0.993435
112,-1.071591,-1.574215,-0.178412,1.005136,-0.024439,1.958890,0.600000,1.000000,0.600000,0.000000,0.100000,1.005136
113,-1.061742,-1.576239,-0.158823,1.004364,-0.039196,1.906975,0.620000,1.000000,0.540000,0.000000,0.100000,1.004364
114,-1.051887,-1.578215,-0.139753,1.003277,-0.052579,1.857009,0.640000,1.000000,0.500000,0.000000,0.100000,1.003277
115,-1.042025,-1.580133,-0.121183,1.001920,-0.064705,1.809267,0.660000,1.000000,0.480000,0.200000,-1.000000,1.001920
116,-1.032158,-1.581986,-0.103090,1.006304,-0.084360,1.392808,0.680000,1.000000,0.440000,0.200000,-1.000000,1.006304
117,-1.022235,-1.583861,-0.089162,1.010699,-0.099761,0.970337,0.700000,1.000000,0.420000,0.200000,-1.000000,1.010699
118,-1.012257,-1.585755,-0.079459,1.015316,-0.110921,0.547247,0.720000,1.000000,0.420000,0.200000,-1.000000,1.015316
119,-1.002224,-1.587666,-0.073986,1.020308,-0.117904,0.128580,0.720000,1.000000,0.420000,0.200000,-1.000000,1.020308
120,-0.992136,-1.589596,-0.072701,1.025767,-0.120818,-0.280740,0.720000,1.000000,0.420000,0.200000,-1.000000,1.025767
121,-0.981993,-1.591546,-0.075508,1.031727,-0.119823,-0.675743,0.700000,1.000000,0.420000,0.200000,-1.000000,1.031727
122,-0.971795,-1.593519,-0.082265,1.038163,-0.115125,-1.051362,0.700000,1.000000,0.440000,0.200000,-1.000000,1.038163
123,-0.961544,-1.595520,-0.092779,1.045004,-0.106981,-1.402513,0.680000,1.000000,0.460000,0.200000,-1.000000,1.045004
124,-0.951238,-1.597553,-0.106804,1.052134,-0.095697,-1.724334,0.660000,1.000000,0.500000,0.200000,0.300000,1.052134
125,-0.940878,-1.599626,-0.124047,1.065173,-0.068169,-1.437242,0.620000,1.000000,0.540000,0.200000,0.300000,1.065173
126,-0.930393,-1.601621,-0.138420,1.077620,-0.044321,-1.132808,0.600000,1.000000,0.600000,0.200000,0.300000,1.077620
127,-0.919781,-1.603546,-0.149748,1.089672,-0.024292,-0.818435,0.580000,1.000000,0.640000,0.200000,0.300000,1.089672
128,-0.909042,-1.605412,-0.157932,1.101503,-0.008133,-0.500955,0.580000,1.000000,0.660000,0.200000,0.300000,1.101503
129,-0.898177,-1.607225,-0.162942,1.113256,0.004185,-0.186254,0.560000,1.000000,0.680000,0.200000,0.300000,1.113256
130,-0.887185,-1.608990,-0.164804,1.125033,0.012760,0.120846,0.560000,1.000000,0.700000,0.200000,0.300000,1.125033
131,-0.876066,-1.610710,-0.163596,1.136896,0.017743,0.416538,0.560000,1.000000,0.700000,0.200000,0.300000,1.136896
132,-0.864820,-1.612386,-0.159431,1.148866,0.019329,0.697918,0.560000,1.000000,0.700000,0.200000,0.300000,1.148866
133,-0.853447,-1.614019,-0.152451,1.160934,0.017741,0.962843,0.560000,1.000000,0.680000,0.200000,0.300000,1.160934
134,-0.841945,-1.615607,-0.142823,1.173058,0.013222,1.209815,0.580000,1.000000,0.660000,0.200000,0.300000,1.173058
135,-0.830315,-1.617146,-0.130725,1.185177,0.006023,1.437891,0.580000,1.000000,0.620000,0.200000,0.300000,1.185177
136,-0.818557,-1.618631,-0.116346,1.197217,-0.003602,1.646623,0.600000,1.000000,0.600000,0.200000,0.300000,1.197217
137,-0.806669,-1.620056,-0.099880,1.209091,-0.015403,1.836015,0.620000,1.000000,0.560000,0.000000,0.100000,1.209091
138,-0.794654,-1.621415,-0.081520,1.208475,-0.033425,1.823284,0.640000,1.000000,0.520000,0.200000,0.300000,1.208475
139,-0.782637,-1.622733,-0.063287,1.219703,-0.046329,1.981228,0.660000,1.000000,0.500000,0.000000,0.100000,1.219703
140,-0.770493,-1.623966,-0.043474,1.218385,-0.064813,1.953517,0.700000,1.000000,0.480000,0.000000,-1.000000,1.218385
141,-0.758349,-1.625143,-0.023939,1.208630,-0.090616,1.560012,0.720000,1.000000,0.440000,0.200000,-1.000000,1.208630
142,-0.746288,-1.626339,-0.008339,1.212745,-0.111159,1.152105,0.760000,1.000000,0.440000,0.200000,-1.000000,1.212745
143,-0.734170,-1.627551,0.003182,1.217007,-0.126671,0.737830,0.780000,1.000000,0.420000,0.200000,-1.000000,1.217007
144,-0.721996,-1.628779,0.010560,1.221628,-0.137153,0.322612,0.780000,1.000000,0.420000,0.200000,-1.000000,1.221628
145,-0.709766,-1.630022,0.013786,1.226753,-0.142668,-0.088434,0.780000,1.000000,0.420000,0.200000,-1.000000,1.226753
146,-0.697480,-1.631279,0.012902,1.232455,-0.143333,-0.490286,0.780000,1.000000,0.420000,0.200000,-1.000000,1.232455
147,-0.685138,-1.632553,0.007999,1.238740,-0.139326,-0.877850,0.760000,1.000000,0.420000,0.200000,-1.000000,1.238740
148,-0.672740,-1.633847,-0.000779,1.245548,-0.130882,-1.245908,0.740000,1.000000,0.440000,0.200000,-1.000000,1.245548
149,-0.660286,-1.635166,-0.013238,1.252763,-0.118303,-1.589194,0.720000,1.000000,0.460000,0.200000,-1.000000,1.252763
150,-0.647775,-1.636515,-0.029130,1.260224,-0.101949,-1.902635,0.680000,1.000000,0.480000,0.200000,-1.000000,1.260224
151,-0.635208,-1.637901,-0.048157,1.267738,-0.082238,-2.181740,0.660000,1.000000,0.520000,0.200000,0.300000,1.267738
152,-0.622584,-1.639332,-0.069974,1.280931,-0.046337,-1.854512,0.620000,1.000000,0.560000,0.200000,0.300000,1.280931
153,-0.609839,-1.640690,-0.088519,1.293280,-0.015318,-1.507517,0.600000,1.000000,0.600000,0.200000,0.300000,1.293280
154,-0.596970,-1.641986,-0.103594,1.305097,0.010614,-1.149335,0.580000,1.000000,0.640000,0.200000,0.300000,1.305097
155,-0.583978,-1.643230,-0.115088,1.316657,0.031376,-0.787584,0.560000,1.000000,0.680000,0.200000,0.300000,1.316657
156,-0.570863,-1.644430,-0.122964,1.328183,0.046993,-0.428588,0.540000,1.000000,0.700000,0.200000,0.300000,1.328183
157,-0.557624,-1.645593,-0.127249,1.339838,0.057578,-0.077378,0.540000,1.000000,0.720000,0.200000,0.300000,1.339838
158,-0.544260,-1.646722,-0.128023,1.351717,0.063315,0.262137,0.540000,1.000000,0.720000,0.200000,0.300000,1.351717
159,-0.530773,-1.647820,-0.125402,1.363860,0.064439,0.586925,0.540000,1.000000,0.720000,0.200000,0.300000,1.363860
160,-0.517161,-1.648887,-0.119533,1.376249,0.061228,0.894607,0.540000,1.000000,0.700000,0.200000,0.300000,1.376249
161,-0.503424,-1.649920,-0.110587,1.388824,0.053985,1.183283,0.560000,1.000000,0.680000,0.200000,0.300000,1.388824
162,-0.489561,-1.650916,-0.098754,1.401488,0.043035,1.451446,0.560000,1.000000,0.660000,0.200000,0.300000,1.401488
163,-0.475572,-1.651870,-0.084239,1.414120,0.028711,1.697976,0.580000,1.000000,0.620000,0.200000,0.300000,1.414120
164,-0.461456,-1.652773,-0.067259,1.426583,0.011352,1.922177,0.600000,1.000000,0.600000,-1.000000,0.100000,1.426583
165,-0.447215,-1.653619,-0.048038,1.356465,-0.013212,1.931160,0.620000,1.000000,0.560000,-1.000000,0.100000,1.356465
166,-0.433673,-1.654402,-0.028726,1.285845,-0.035432,1.927584,0.660000,1.000000,0.520000,-1.000000,0.100000,1.285845
167,-0.420830,-1.655126,-0.009450,1.214767,-0.055159,1.912556,0.680000,1.000000,0.500000,0.000000,0.100000,1.214767
168,-0.408688,-1.655792,0.009675,1.213288,-0.072299,1.887428,0.720000,1.000000,0.480000,0.000000,-1.000000,1.213288
169,-0.396548,-1.656398,0.028550,1.203440,-0.097069,1.487705,0.760000,1.000000,0.460000,0.200000,-1.000000,1.203440
170,-0.384491,-1.657024,0.043427,1.207529,-0.116559,1.075046,0.780000,1.000000,0.440000,0.200000,-1.000000,1.207529
171,-0.372377,-1.657665,0.054177,1.211823,-0.131004,0.657339,0.820000,1.000000,0.440000,0.200000,-1.000000,1.211823
172,-0.360205,-1.658317,0.060750,1.216523,-0.140422,0.239894,0.840000,1.000000,0.420000,0.200000,-1.000000,1.216523
173,-0.347977,-1.658980,0.063149,1.221758,-0.144888,-0.172230,0.840000,1.000000,0.420000,0.200000,-1.000000,1.221758
174,-0.335693,-1.659655,0.061427,1.227588,-0.144531,-0.574017,0.820000,1.000000,0.440000,0.200000,-1.000000,1.227588
175,-0.323351,-1.660344,0.055687,1.234004,-0.139542,-0.960343,0.820000,1.000000,0.440000,0.200000,-1.000000,1.234004
176,-0.310953,-1.661050,0.046084,1.240932,-0.130170,-1.325948,0.780000,1.000000,0.440000,0.200000,-1.000000,1.240932
177,-0.298496,-1.661779,0.032824,1.248245,-0.116729,-1.665545,0.760000,1.000000,0.460000,0.200000,-1.000000,1.248245
178,-0.285982,-1.662536,0.016169,1.255771,-0.099593,-1.974095,0.720000,1.000000,0.480000,0.200000,-1.000000,1.255771
179,-0.273410,-1.663328,-0.003572,1.263313,-0.079192,-2.247235,0.680000,1.000000,0.520000,0.200000,0.300000,1.263313
180,-0.260780,-1.664166,-0.026045,1.276493,-0.042704,-1.913354,0.640000,1.000000,0.540000,0.200000,0.300000,1.276493
181,-0.248031,-1.664925,-0.045178,1.288805,-0.011177,-1.559526,0.600000,1.000000,0.580000,0.200000,0.300000,1.288805
182,-0.235161,-1.665619,-0.060774,1.300572,0.015182,-1.194612,0.580000,1.000000,0.620000,0.200000,0.300000,1.300572
183,-0.222170,-1.666257,-0.072720,1.312083,0.036292,-0.826409,0.560000,1.000000,0.640000,0.200000,0.300000,1.312083
184,-0.209057,-1.666848,-0.080984,1.323570,0.052184,-0.461332,0.560000,1.000000,0.660000,0.200000,0.300000,1.323570
185,-0.195823,-1.667399,-0.085597,1.335201,0.062974,-0.104434,0.540000,1.000000,0.680000,0.200000,0.300000,1.335201
186,-0.182466,-1.667913,-0.086641,1.347078,0.068853,0.240395,0.540000,1.000000,0.680000,0.200000,0.300000,1.347078
187,-0.168986,-1.668393,-0.084237,1.359241,0.070062,0.570161,0.540000,1.000000,0.680000,0.200000,0.300000,1.359241
188,-0.155383,-1.668838,-0.078536,1.371673,0.066883,0.882515,0.560000,1.000000,0.660000,0.200000,0.300000,1.371673
189,-0.141656,-1.669248,-0.069711,1.384313,0.059626,1.175580,0.560000,1.000000,0.640000,0.200000,0.300000,1.384313
190,-0.127805,-1.669617,-0.057955,1.397062,0.048618,1.447846,0.580000,1.000000,0.620000,0.200000,0.300000,1.397062
191,-0.113829,-1.669941,-0.043476,1.409796,0.034200,1.698171,0.600000,1.000000,0.600000,0.200000,0.300000,1.409796
192,-0.099730,-1.670212,-0.026495,1.422375,0.016714,1.925823,0.620000,1.000000,0.560000,-1.000000,0.100000,1.422375
193,-0.085507,-1.670422,-0.007236,1.352373,-0.008060,1.935521,0.660000,1.000000,0.540000,-1.000000,0.100000,1.352373
194,-0.071984,-1.670600,0.012119,1.281865,-0.030491,1.932446,0.680000,1.000000,0.500000,-1.000000,0.100000,1.281865
195,-0.059163,-1.670750,0.031443,1.210893,-0.050424,1.917669,0.720000,1.000000,0.480000,0.000000,-1.000000,1.210893
196,-0.047044,-1.670873,0.050620,1.201434,-0.075991,1.540585,0.760000,1.000000,0.460000,0.200000,-1.000000,1.201434
197,-0.035006,-1.671024,0.066026,1.205787,-0.096511,1.148051,0.800000,1.000000,0.440000,0.200000,-1.000000,1.205787
198,-0.022911,-1.671191,0.077506,1.210216,-0.112197,0.748175,0.840000,1.000000,0.440000,0.200000,-1.000000,1.210216
199,-0.010758,-1.671373,0.084988,1.214927,-0.123043,0.346535,0.860000,1.000000,0.440000,0.200000,-1.000000,1.214927
200,0.001451,-1.671568,0.088453,1.220061,-0.129101,-0.051650,0.880000,1.000000,0.420000,0.200000,-1.000000,1.220061
201,0.013718,-1.671776,0.087937,1.225696,-0.130481,-0.441311,0.860000,1.000000,0.420000,0.200000,-1.000000,1.225696
202,0.026043,-1.671999,0.083524,1.231847,-0.127353,-0.817390,0.860000,1.000000,0.440000,0.200000,-1.000000,1.231847
203,0.038424,-1.672241,0.075350,1.238467,-0.119944,-1.174789,0.840000,1.000000,0.440000,0.200000,-1.000000,1.238467
204,0.050864,-1.672504,0.063602,1.245454,-0.108541,-1.508450,0.800000,1.000000,0.460000,0.200000,-1.000000,1.245454
205,0.063363,-1.672796,0.048517,1.252667,-0.093488,-1.813567,0.760000,1.000000,0.480000,0.200000,-1.000000,1.252667
206,0.075920,-1.673122,0.030382,1.259931,-0.075183,-2.085935,0.720000,1.000000,0.500000,0.200000,0.300000,1.259931
207,0.088536,-1.673491,0.009522,1.272917,-0.040818,-1.755986,0.680000,1.000000,0.520000,0.200000,0.300000,1.272917
208,0.101269,-1.673778,-0.008037,1.285143,-0.011321,-1.408306,0.640000,1.000000,0.540000,0.200000,0.300000,1.285143
209,0.114119,-1.673994,-0.022120,1.296907,0.013135,-1.051243,0.620000,1.000000,0.560000,0.200000,0.300000,1.296907
210,0.127088,-1.674150,-0.032633,1.308468,0.032492,-0.692102,0.600000,1.000000,0.580000,0.200000,0.300000,1.308468
211,0.140176,-1.674252,-0.039554,1.320031,0.046797,-0.336900,0.600000,1.000000,0.600000,0.200000,0.300000,1.320031
212,0.153384,-1.674306,-0.042923,1.331740,0.056177,0.009596,0.580000,1.000000,0.600000,0.200000,0.300000,1.331740
213,0.166714,-1.674317,-0.042827,1.343677,0.060829,0.343685,0.580000,1.000000,0.600000,0.200000,0.300000,1.343677
214,0.180164,-1.674284,-0.039390,1.355866,0.060995,0.662490,0.600000,1.000000,0.600000,0.200000,0.300000,1.355866
215,0.193736,-1.674209,-0.032765,1.368280,0.056956,0.963751,0.600000,1.000000,0.580000,0.200000,0.300000,1.368280
216,0.207430,-1.674088,-0.023128,1.380851,0.049018,1.245674,0.620000,1.000000,0.560000,0.200000,0.300000,1.380851
217,0.221246,-1.673917,-0.010671,1.393479,0.037505,1.506868,0.640000,1.000000,0.540000,0.200000,0.300000,1.393479
218,0.235184,-1.673691,0.004398,1.406040,0.022748,1.746339,0.660000,1.000000,0.520000,0.200000,0.300000,1.406040
219,0.249244,-1.673401,0.021861,1.418400,0.005080,1.963543,0.680000,1.000000,0.500000,-1.000000,0.100000,1.418400
220,0.263423,-1.673040,0.041497,1.348156,-0.019630,1.967716,0.680000,1.000000,0.480000,-1.000000,-1.000000,1.348156
221,0.276901,-1.672677,0.061174,1.269238,-0.049447,1.636008,0.660000,1.000000,0.460000,0.200000,-1.000000,1.269238
222,0.289600,-1.672395,0.077534,1.273927,-0.072918,1.276615,0.680000,1.000000,0.440000,0.200000,-1.000000,1.273927
223,0.302358,-1.672135,0.090300,1.278506,-0.091620,0.904975,0.720000,1.000000,0.420000,0.200000,-1.000000,1.278506
224,0.315173,-1.671895,0.099350,1.283198,-0.105487,0.527096,0.740000,1.000000,0.420000,0.200000,-1.000000,1.283198
225,0.328047,-1.671672,0.104621,1.288173,-0.114518,0.148503,0.760000,1.000000,0.420000,0.200000,-1.000000,1.288173
226,0.340978,-1.671465,0.106106,1.293543,-0.118780,-0.225583,0.760000,1.000000,0.420000,0.200000,-1.000000,1.293543
227,0.353966,-1.671276,0.103850,1.299357,-0.118398,-0.590095,0.760000,1.000000,0.420000,0.200000,-1.000000,1.299357
228,0.367012,-1.671107,0.097949,1.305606,-0.113560,-0.940037,0.740000,1.000000,0.420000,0.200000,-1.000000,1.305606
229,0.380117,-1.670960,0.088549,1.312225,-0.104514,-1.270486,0.720000,1.000000,0.420000,0.200000,-1.000000,1.312225
230,0.393280,-1.670841,0.075844,1.319102,-0.091567,-1.576719,0.680000,1.000000,0.440000,0.200000,-1.000000,1.319102
231,0.406503,-1.670755,0.060076,1.326092,-0.075082,-1.854443,0.660000,1.000000,0.460000,0.200000,-1.000000,1.326092
232,0.419785,-1.670708,0.041532,1.333023,-0.055468,-2.100109,0.620000,1.000000,0.480000,0.200000,-1.000000,1.333023
233,0.433126,-1.670709,0.020531,1.339719,-0.033169,-2.311239,0.580000,1.000000,0.600000,0.200000,0.300000,1.339719
234,0.446528,-1.670765,-0.002581,1.351972,0.004332,-1.931661,0.540000,1.000000,0.640000,0.200000,0.300000,1.351972
235,0.460047,-1.670757,-0.021898,1.363485,0.036017,-1.538622,0.520000,1.000000,1.000000,0.200000,0.300000,1.363485
236,0.473687,-1.670695,-0.037284,1.374643,0.061764,-1.141023,0.500000,0.920000,1.000000,0.200000,0.300000,1.374643
237,0.487447,-1.670590,-0.048695,1.385760,0.081581,-0.745988,0.500000,0.900000,1.000000,0.200000,0.300000,1.385760
238,0.501328,-1.670450,-0.056154,1.397074,0.095583,-0.358922,0.480000,0.900000,1.000000,0.200000,0.300000,1.397074
239,0.515330,-1.670280,-0.059744,1.408741,0.103967,0.016197,0.480000,0.880000,1.000000,0.200000,0.300000,1.408741
240,0.529454,-1.670083,-0.059582,1.420835,0.106985,0.376433,0.480000,0.860000,1.000000,0.200000,0.300000,1.420835
241,0.543701,-1.669861,-0.055817,1.433362,0.104936,0.719527,0.480000,0.860000,1.000000,0.200000,0.300000,1.433362
242,0.558071,-1.669613,-0.048622,1.446265,0.098146,1.043601,0.480000,0.840000,1.000000,0.200000,0.300000,1.446265
243,0.572564,-1.669336,-0.038186,1.459440,0.086966,1.346983,0.500000,0.840000,1.000000,0.200000,0.300000,1.459440
244,0.587181,-1.669024,-0.024716,1.472745,0.071762,1.628158,0.520000,0.900000,1.000000,0.200000,0.300000,1.472745
245,0.601922,-1.668671,-0.008435,1.486012,0.052913,1.885838,0.540000,0.880000,1.000000,-1.000000,0.100000,1.486012
246,0.616786,-1.668267,0.010424,1.416736,0.025957,1.911877,0.560000,0.880000,1.000000,-1.000000,0.100000,1.416736
247,0.630950,-1.667860,0.029543,1.346930,0.001070,1.924279,0.580000,0.860000,1.000000,-1.000000,0.100000,1.346930
248,0.644413,-1.667451,0.048785,1.276618,-0.021524,1.923571,0.560000,0.860000,1.000000,-1.000000,0.100000,1.276618
249,0.657174,-1.667043,0.068021,1.205843,-0.041656,1.910708,0.540000,0.880000,1.000000,0.000000,0.100000,1.205843
250,0.669233,-1.666639,0.087128,1.204657,-0.059218,1.886953,0.580000,0.880000,0.600000,0.000000,0.100000,1.204657
251,0.681286,-1.666181,0.105998,1.203106,-0.075649,1.861769,0.620000,0.860000,0.500000,0.000000,0.100000,1.203106
252,0.693329,-1.665660,0.124615,1.201227,-0.091008,1.835786,0.640000,0.900000,0.480000,0.000000,-1.000000,1.201227
253,0.705362,-1.665070,0.142973,1.191083,-0.114531,1.417121,0.620000,0.900000,0.460000,0.200000,-1.000000,1.191083
254,0.717314,-1.664507,0.157144,1.195006,-0.132646,0.987967,0.600000,0.920000,0.440000,0.200000,-1.000000,1.195006
255,0.729324,-1.663947,0.167024,1.199256,-0.145609,0.555949,0.620000,0.920000,0.440000,0.200000,-1.000000,1.199256
256,0.741392,-1.663389,0.172584,1.204020,-0.153461,0.126131,0.640000,0.920000,0.440000,0.200000,-1.000000,1.204020
257,0.753517,-1.662833,0.173845,1.209412,-0.156297,-0.296565,0.640000,0.900000,0.440000,0.200000,-1.000000,1.209412
258,0.765699,-1.662281,0.170879,1.215470,-0.154264,-0.707139,0.640000,0.900000,0.440000,0.200000,-1.000000,1.215470
259,0.777939,-1.661734,0.163808,1.222159,-0.147572,-1.100382,0.620000,0.880000,0.520000,0.200000,0.300000,1.222159
260,0.790238,-1.661197,0.152804,1.235122,-0.122988,-0.893377,0.580000,0.820000,1.000000,0.200000,0.300000,1.235122
261,0.802632,-1.660532,0.143870,1.247613,-0.101454,-0.672063,0.560000,0.820000,1.000000,0.200000,0.300000,1.247613
262,0.815125,-1.659748,0.137150,1.259742,-0.083131,-0.440347,0.540000,0.800000,1.000000,0.200000,0.300000,1.259742
263,0.827718,-1.658849,0.132746,1.271608,-0.068115,-0.202321,0.540000,0.800000,1.000000,0.200000,0.300000,1.271608
264,0.840412,-1.657841,0.130723,1.283297,-0.056444,0.038037,0.540000,0.780000,1.000000,0.200000,0.300000,1.283297
265,0.853209,-1.656728,0.131103,1.294872,-0.048099,0.277074,0.540000,0.780000,1.000000,0.200000,0.300000,1.294872
266,0.866110,-1.655512,0.133874,1.306374,-0.043012,0.511573,0.560000,0.760000,1.000000,0.200000,0.300000,1.306374
267,0.879114,-1.654194,0.138990,1.317820,-0.041076,0.738810,0.560000,0.760000,1.000000,0.200000,0.300000,1.317820
268,0.892222,-1.652776,0.146378,1.329205,-0.042148,0.956559,0.540000,0.740000,1.000000,0.200000,0.300000,1.329205
269,0.905433,-1.651254,0.155943,1.340504,-0.046062,1.163072,0.540000,0.740000,1.000000,0.200000,0.300000,1.340504
270,0.918747,-1.649627,0.167574,1.351673,-0.052633,1.357056,0.520000,0.760000,1.000000,0.200000,0.300000,1.351673
271,0.932162,-1.647891,0.181145,1.362659,-0.061666,1.537638,0.520000,0.760000,1.000000,0.200000,0.300000,1.362659
272,0.945677,-1.646043,0.196521,1.373398,-0.072961,1.704338,0.540000,0.740000,1.000000,0.200000,0.300000,1.373398
273,0.959289,-1.644077,0.213564,1.383822,-0.086317,1.857027,0.520000,0.740000,1.000000,-1.000000,0.100000,1.383822
274,0.972996,-1.641988,0.232135,1.311694,-0.105027,1.846662,0.520000,0.740000,1.000000,-1.000000,0.100000,1.311694
275,0.986003,-1.639992,0.250601,1.239206,-0.121341,1.828396,0.500000,0.720000,1.000000,0.200000,0.300000,1.239206
276,0.998309,-1.638094,0.268885,1.248554,-0.132182,1.933703,0.580000,0.760000,1.000000,0.000000,0.100000,1.248554
277,1.010697,-1.636052,0.288222,1.245410,-0.147188,1.903655,0.560000,0.760000,1.000000,0.000000,0.100000,1.245410
278,1.023055,-1.633923,0.307259,1.241991,-0.161223,1.874499,0.560000,0.740000,1.000000,0.000000,0.100000,1.241991
279,1.035381,-1.631703,0.326004,1.238326,-0.174350,1.846364,0.540000,0.740000,1.000000,0.000000,0.100000,1.238326
280,1.047671,-1.629389,0.344468,1.234440,-0.186629,1.819325,0.540000,0.740000,1.000000,0.200000,0.300000,1.234440
281,1.059920,-1.626977,0.362661,1.242466,-0.195755,1.894337,0.520000,0.720000,1.000000,0.000000,0.100000,1.242466
282,1.072231,-1.624400,0.381604,1.238059,-0.208092,1.866123,0.520000,0.760000,1.000000,0.000000,0.100000,1.238059
283,1.084496,-1.621720,0.400265,1.233457,-0.219634,1.839337,0.540000,0.760000,1.000000,0.000000,0.100000,1.233457
284,1.096712,-1.618937,0.418659,1.228680,-0.230434,1.813942,0.540000,0.760000,1.000000,0.200000,0.300000,1.228680
285,1.108874,-1.616047,0.436798,1.235842,-0.238583,1.873534,0.520000,0.760000,1.000000,0.000000,0.100000,1.235842
286,1.121081,-1.612981,0.455534,1.230610,-0.249393,1.848285,0.560000,0.740000,1.000000,0.000000,0.100000,1.230610
287,1.133230,-1.609806,0.474016,1.225223,-0.259518,1.824500,0.540000,0.740000,1.000000,0.200000,0.300000,1.225223
288,1.145316,-1.606523,0.492261,1.231785,-0.267283,1.875612,0.540000,0.740000,1.000000,0.000000,0.100000,1.231785
289,1.157434,-1.603056,0.511018,1.225973,-0.277382,1.852532,0.580000,0.740000,1.000000,0.000000,0.100000,1.225973
290,1.169484,-1.599480,0.529543,1.220023,-0.286855,1.830896,0.560000,0.780000,1.000000,0.200000,0.300000,1.220023
291,1.181463,-1.595793,0.547852,1.226030,-0.294228,1.875297,0.560000,0.780000,1.000000,0.000000,0.100000,1.226030
292,1.193461,-1.591919,0.566605,1.219682,-0.303657,1.854675,0.540000,0.780000,1.000000,0.000000,0.100000,1.219682
293,1.205382,-1.587934,0.585152,1.213210,-0.312515,1.835437,0.540000,0.780000,1.000000,0.000000,0.100000,1.213210
294,1.217222,-1.583838,0.603506,1.206623,-0.320836,1.817502,0.540000,0.780000,1.000000,0.200000,0.300000,1.206623
295,1.228977,-1.579632,0.621681,1.212008,-0.327383,1.855002,0.520000,0.760000,1.000000,0.000000,0.100000,1.212008
296,1.240736,-1.575234,0.640231,1.205070,-0.335669,1.838172,0.560000,0.760000,1.000000,0.000000,0.100000,1.205070
297,1.252406,-1.570727,0.658613,1.198026,-0.343465,1.822571,0.560000,0.760000,1.000000,0.200000,0.300000,1.198026
298,1.263982,-1.566112,0.676838,1.202957,-0.349673,1.856150,0.540000,0.760000,1.000000,0.000000,0.100000,1.202957
299,1.275550,-1.561303,0.695400,1.195581,-0.357431,1.841705,0.540000,0.760000,1.000000,0.000000,0.100000,1.195581
300,1.287020,-1.556387,0.713817,1.188105,-0.364739,1.828412,0.540000,0.820000,1.000000,0.200000,0.300000,1.188105
301,1.298388,-1.551365,0.732101,1.192606,-0.370627,1.858764,0.520000,0.820000,1.000000,0.000000,0.100000,1.192606
302,1.309736,-1.546150,0.750689,1.184813,-0.377897,1.846636,0.560000,0.820000,1.000000,0.000000,0.100000,1.184813
303,1.320977,-1.540831,0.769155,1.176924,-0.384755,1.835591,0.560000,0.820000,1.000000,0.000000,0.100000,1.176924
304,1.332110,-1.535410,0.787511,1.168946,-0.391222,1.825571,0.560000,0.820000,1.000000,0.200000,0.300000,1.168946
305,1.343130,-1.529887,0.805767,1.172949,-0.396480,1.852402,0.560000,0.820000,1.000000,0.000000,0.100000,1.172949
306,1.354113,-1.524172,0.824291,1.164681,-0.402922,1.843465,0.540000,0.820000,1.000000,0.000000,0.100000,1.164681
307,1.364980,-1.518359,0.842725,1.156324,-0.409003,1.835495,0.540000,0.840000,1.000000,0.000000,0.100000,1.156324
308,1.375728,-1.512449,0.861080,1.147883,-0.414742,1.828444,0.540000,0.840000,1.000000,0.200000,0.300000,1.147883
309,1.386354,-1.506444,0.879365,1.151425,-0.419447,1.852562,0.540000,0.840000,1.000000,0.000000,0.100000,1.151425
310,1.396927,-1.500249,0.897890,1.142714,-0.425169,1.846510,0.520000,0.840000,1.000000,0.000000,0.100000,1.142714
311,1.407374,-1.493963,0.916355,1.133920,-0.430574,1.841333,0.580000,0.860000,1.000000,0.000000,0.100000,1.133920
312,1.417692,-1.487587,0.934769,1.125044,-0.435676,1.836992,0.560000,0.860000,1.000000,0.000000,0.100000,1.125044
313,1.427880,-1.481125,0.953139,1.116090,-0.440488,1.833451,0.560000,0.860000,1.000000,0.000000,0.100000,1.116090
314,1.437934,-1.474577,0.971473,1.107060,-0.445024,1.830677,0.560000,0.880000,1.000000,0.200000,0.300000,1.107060
315,1.447854,-1.467946,0.989780,1.110014,-0.448755,1.851714,0.560000,0.880000,1.000000,0.000000,0.100000,1.110014
316,1.457698,-1.461130,1.008297,1.100746,-0.453292,1.849764,0.560000,0.900000,1.000000,0.000000,0.100000,1.100746
317,1.467402,-1.454236,1.026795,1.091400,-0.457570,1.848557,0.560000,0.920000,1.000000,0.000000,0.100000,1.091400
318,1.476966,-1.447266,1.045280,1.081978,-0.461597,1.848063,0.560000,0.920000,1.000000,0.000000,0.100000,1.081978
319,1.486387,-1.440222,1.063761,1.072482,-0.465385,1.848257,0.560000,0.920000,1.000000,0.000000,0.100000,1.072482
320,1.495663,-1.433106,1.082244,1.062913,-0.468941,1.849116,0.560000,0.900000,1.000000,0.000000,0.100000,1.062913
321,1.504793,-1.425921,1.100735,1.053272,-0.472274,1.850618,0.600000,0.880000,1.000000,0.000000,0.100000,1.053272
322,1.513774,-1.418670,1.119241,1.043560,-0.475393,1.852742,0.600000,0.900000,1.000000,0.000000,0.100000,1.043560
323,1.522605,-1.411355,1.137768,1.033779,-0.478304,1.855470,0.600000,0.920000,1.000000,0.000000,0.100000,1.033779
324,1.531285,-1.403979,1.156323,1.023930,-0.481014,1.858783,0.620000,0.940000,1.000000,0.000000,0.100000,1.023930
325,1.539811,-1.396543,1.174911,1.014013,-0.483529,1.862666,0.620000,0.960000,1.000000,0.000000,0.100000,1.014013
326,1.548183,-1.389052,1.193537,1.004030,-0.485856,1.867104,0.620000,0.940000,1.000000,0.000000,0.100000,1.004030
327,1.556398,-1.381508,1.212208,0.993980,-0.487999,1.872081,0.620000,0.940000,1.000000,0.000000,0.100000,0.993980
328,1.564456,-1.373913,1.230929,0.983865,-0.489963,1.877585,0.620000,0.940000,1.000000,0.000000,0.100000,0.983865
329,1.572355,-1.366270,1.249705,0.973685,-0.491752,1.883604,0.620000,0.960000,0.640000,0.000000,0.100000,0.973685
330,1.580095,-1.358583,1.268541,0.963442,-0.493372,1.890126,0.640000,1.000000,0.520000,0.000000,0.100000,0.963442
331,1.587673,-1.350854,1.287442,0.953135,-0.494825,1.897141,0.640000,1.000000,0.460000,0.000000,-1.000000,0.953135
332,1.595088,-1.343086,1.306414,0.935916,-0.510114,1.305944,0.640000,1.000000,0.440000,0.200000,-1.000000,0.935916
333,1.602458,-1.335385,1.319473,0.935550,-0.519455,0.717763,0.640000,0.980000,0.440000,0.200000,-1.000000,0.935550
334,1.609816,-1.327615,1.326651,0.938209,-0.523244,0.132769,0.640000,0.980000,0.460000,0.200000,-1.000000,0.938209
335,1.617161,-1.319776,1.327979,0.943972,-0.521544,-0.448983,0.640000,0.980000,0.520000,0.200000,0.300000,0.943972
336,1.624493,-1.311867,1.323489,0.957345,-0.500260,-0.423695,0.620000,0.960000,0.600000,0.200000,0.300000,0.957345
337,1.631687,-1.303810,1.319252,0.970503,-0.479245,-0.396858,0.600000,0.960000,1.000000,0.200000,0.300000,0.970503
338,1.638744,-1.295603,1.315283,0.983452,-0.458534,-0.368175,0.580000,0.960000,1.000000,0.200000,0.300000,0.983452
339,1.645666,-1.287247,1.311602,0.996196,-0.438165,-0.337321,0.580000,0.960000,1.000000,0.200000,0.300000,0.996196
340,1.652455,-1.278741,1.308228,1.008739,-0.418182,-0.303947,0.560000,0.920000,1.000000,0.200000,0.300000,1.008739
341,1.659112,-1.270084,1.305189,1.021087,-0.398632,-0.267683,0.560000,0.900000,1.000000,0.200000,0.300000,1.021087
342,1.665638,-1.261278,1.302512,1.033242,-0.379567,-0.228151,0.540000,0.860000,1.000000,0.200000,0.300000,1.033242
343,1.672037,-1.252321,1.300230,1.045210,-0.361045,-0.184975,0.540000,0.840000,1.000000,0.200000,0.300000,1.045210
344,1.678310,-1.243214,1.298381,1.056993,-0.343129,-0.137793,0.520000,0.820000,1.000000,0.200000,0.300000,1.056993
345,1.684459,-1.233958,1.297003,1.068596,-0.325883,-0.086281,0.520000,0.800000,1.000000,0.200000,0.300000,1.068596
346,1.690485,-1.224551,1.296140,1.080025,-0.309377,-0.030167,0.500000,0.780000,1.000000,0.200000,0.300000,1.080025
347,1.696392,-1.214994,1.295838,1.091282,-0.293682,0.030745,0.500000,0.780000,1.000000,0.200000,0.300000,1.091282
348,1.702182,-1.205289,1.296146,1.102373,-0.278870,0.096558,0.480000,0.760000,1.000000,0.200000,0.300000,1.102373
349,1.707856,-1.195435,1.297111,1.113304,-0.265013,0.167262,0.480000,0.760000,1.000000,0.200000,0.300000,1.113304
350,1.713416,-1.185432,1.298784,1.124080,-0.252178,0.242727,0.480000,0.740000,1.000000,0.200000,0.300000,1.124080
351,1.718865,-1.175282,1.301211,1.134706,-0.240431,0.322694,0.460000,0.740000,1.000000,0.200000,0.300000,1.134706
352,1.724205,-1.164985,1.304438,1.145188,-0.229830,0.406783,0.460000,0.720000,1.000000,0.200000,0.300000,1.145188
353,1.729437,-1.154542,1.308506,1.155529,-0.220425,0.494499,0.460000,0.720000,1.000000,0.200000,0.300000,1.155529
354,1.734562,-1.143954,1.313451,1.165733,-0.212261,0.585251,0.460000,0.700000,1.000000,0.200000,0.300000,1.165733
355,1.739581,-1.133221,1.319304,1.175801,-0.205369,0.678373,0.440000,0.700000,1.000000,0.200000,0.300000,1.175801
356,1.744496,-1.122343,1.326087,1.185735,-0.199773,0.773152,0.440000,0.680000,1.000000,0.200000,0.300000,1.185735
357,1.749307,-1.111323,1.333819,1.195531,-0.195486,0.868853,0.440000,0.700000,1.000000,0.200000,0.300000,1.195531
358,1.754014,-1.100161,1.342507,1.205186,-0.192510,0.964742,0.440000,0.700000,1.000000,0.200000,0.300000,1.205186
359,1.758617,-1.088858,1.352155,1.214692,-0.190837,1.060114,0.440000,0.720000,1.000000,0.200000,0.300000,1.214692
360,1.763115,-1.077414,1.362756,1.224041,-0.190451,1.154307,0.440000,0.740000,1.000000,0.200000,0.300000,1.224041
361,1.767506,-1.065831,1.374299,1.233220,-0.191328,1.246722,0.440000,0.760000,1.000000,0.200000,0.300000,1.233220
362,1.771790,-1.054109,1.386766,1.242216,-0.193435,1.336830,0.440000,0.740000,1.000000,0.200000,0.300000,1.242216
363,1.775965,-1.042251,1.400134,1.251012,-0.196735,1.424179,0.460000,0.740000,1.000000,0.200000,0.300000,1.251012
364,1.780029,-1.030257,1.414376,1.259591,-0.201185,1.508400,0.460000,0.720000,1.000000,0.200000,0.300000,1.259591
365,1.783978,-1.018128,1.429460,1.267933,-0.206738,1.589203,0.460000,0.720000,1.000000,0.200000,0.300000,1.267933
366,1.787811,-1.005866,1.445352,1.276019,-0.213343,1.666376,0.460000,0.720000,1.000000,0.200000,0.300000,1.276019
367,1.791524,-0.993473,1.462016,1.283828,-0.220949,1.739780,0.480000,0.800000,1.000000,0.200000,0.300000,1.283828
368,1.795114,-0.980951,1.479414,1.291339,-0.229502,1.809342,0.480000,0.800000,1.000000,0.200000,0.300000,1.291339
369,1.798578,-0.968301,1.497507,1.298530,-0.238950,1.875047,0.460000,0.780000,1.000000,-0.700000,0.100000,1.298530
370,1.801912,-0.955525,1.516258,1.244286,-0.251223,1.852128,0.440000,0.780000,1.000000,0.000000,0.100000,1.244286
371,1.805099,-0.943238,1.534779,1.238854,-0.261668,1.828796,0.440000,0.920000,1.000000,0.200000,0.300000,1.238854
372,1.808160,-0.930952,1.553067,1.245363,-0.269748,1.880419,0.440000,0.920000,1.000000,0.000000,0.100000,1.245363
373,1.811078,-0.918548,1.571871,1.239489,-0.280171,1.857756,0.460000,0.900000,1.000000,0.000000,0.100000,1.239489
374,1.813866,-0.906150,1.590449,1.233469,-0.289964,1.836517,0.480000,1.000000,1.000000,0.000000,0.100000,1.233469
375,1.816523,-0.893760,1.608814,1.227318,-0.299164,1.816625,0.480000,1.000000,1.000000,0.200000,0.300000,1.227318
376,1.819046,-0.881382,1.626980,1.233126,-0.306374,1.859370,0.500000,1.000000,1.000000,0.000000,0.100000,1.233126
377,1.821412,-0.868899,1.645574,1.226586,-0.315549,1.840455,0.480000,1.000000,1.000000,0.000000,0.100000,1.226586
378,1.823643,-0.856431,1.663978,1.219925,-0.324182,1.822836,0.480000,1.000000,0.980000,0.200000,0.300000,1.219925
379,1.825735,-0.843983,1.682207,1.225228,-0.331040,1.860585,0.460000,1.000000,0.860000,0.000000,0.100000,1.225228
380,1.827663,-0.831439,1.700813,1.218201,-0.339637,1.844085,0.460000,1.000000,0.840000,0.000000,0.100000,1.218201
381,1.829451,-0.818919,1.719253,1.211061,-0.347740,1.828812,0.500000,1.000000,0.820000,0.200000,0.300000,1.211061
382,1.831099,-0.806428,1.737542,1.215889,-0.354258,1.862499,0.540000,1.000000,0.800000,0.000000,0.100000,1.215889
383,1.832575,-0.793849,1.756167,1.208401,-0.362321,1.848409,0.540000,1.000000,0.680000,0.000000,0.100000,1.208401
384,1.833908,-0.781305,1.774651,1.200807,-0.369931,1.835476,0.520000,1.000000,0.680000,0.000000,0.100000,1.200807
385,1.835100,-0.768796,1.793005,1.193113,-0.377113,1.823638,0.500000,1.000000,0.660000,0.200000,0.300000,1.193113
386,1.836149,-0.756327,1.811242,1.197394,-0.382951,1.852972,0.500000,1.000000,0.640000,0.000000,0.100000,1.197394
387,1.837017,-0.743786,1.829772,1.189385,-0.390104,1.842266,0.580000,1.000000,0.620000,0.000000,0.100000,1.189385
388,1.837742,-0.731290,1.848194,1.181279,-0.396863,1.832593,0.600000,1.000000,0.600000,0.000000,0.100000,1.181279
389,1.838324,-0.718842,1.866520,1.173081,-0.403250,1.823900,0.580000,1.000000,0.600000,0.200000,0.300000,1.173081
390,1.838763,-0.706445,1.884759,1.176861,-0.408492,1.849924,0.580000,1.000000,0.580000,0.000000,0.100000,1.176861
391,1.839014,-0.693990,1.903258,1.168372,-0.414859,1.842292,0.560000,1.000000,0.560000,0.000000,0.100000,1.168372
392,1.839122,-0.681592,1.921681,1.159792,-0.420881,1.835590,0.720000,1.000000,0.560000,0.000000,0.100000,1.159792
393,1.839088,-0.669254,1.940037,1.151125,-0.426575,1.829776,0.700000,1.000000,0.540000,0.200000,0.300000,1.151125
394,1.838911,-0.656979,1.958335,1.154436,-0.431292,1.853240,0.700000,1.000000,0.540000,0.000000,0.100000,1.154436
395,1.838542,-0.644661,1.976867,1.145495,-0.436974,1.848411,1.000000,1.000000,0.520000,0.000000,0.100000,1.145495
396,1.838031,-0.632412,1.995351,1.136467,-0.442351,1.844433,1.000000,1.000000,0.520000,0.000000,0.100000,1.136467
397,1.837381,-0.620234,2.013796,1.127353,-0.447437,1.841268,1.000000,1.000000,0.500000,0.000000,0.100000,1.127353
398,1.836591,-0.608131,2.032208,1.118157,-0.452245,1.838885,1.000000,0.980000,0.500000,0.000000,0.100000,1.118157
399,1.835662,-0.596105,2.050597,1.108881,-0.456786,1.837254,1.000000,0.940000,0.480000,0.000000,-1.000000,1.108881
400,1.834596,-0.584160,2.068970,1.092404,-0.474748,1.251427,1.000000,0.900000,0.480000,0.200000,-1.000000,1.092404
401,1.833546,-0.572295,2.081484,1.092460,-0.485941,0.666955,1.000000,0.880000,0.460000,0.200000,-1.000000,1.092460
402,1.832446,-0.560389,2.088154,1.095275,-0.490733,0.085152,1.000000,0.880000,0.460000,0.200000,-1.000000,1.095275
403,1.831294,-0.548443,2.089005,1.100960,-0.489185,-0.493239,1.000000,0.860000,0.460000,0.200000,-1.000000,1.100960
404,1.830090,-0.536455,2.084073,1.109505,-0.481326,-1.067282,1.000000,0.880000,0.460000,0.200000,-1.000000,1.109505
405,1.828835,-0.524427,2.073400,1.120784,-0.467160,-1.635609,1.000000,0.880000,0.460000,0.200000,-1.000000,1.120784
406,1.827530,-0.512354,2.057044,1.134558,-0.446674,-2.196078,1.000000,1.000000,0.480000,0.200000,-1.000000,1.134558
407,1.826177,-0.500236,2.035083,1.150473,-0.419864,-2.745296,1.000000,1.000000,0.480000,0.200000,-1.000000,1.150473
408,1.824780,-0.488070,2.007630,1.168062,-0.386775,-3.277925,1.000000,1.000000,0.540000,0.200000,0.300000,1.168062
409,1.823343,-0.475849,1.974851,1.191793,-0.333344,-3.178086,0.880000,1.000000,0.560000,0.200000,0.300000,1.191793
410,1.821722,-0.463581,1.943070,1.213470,-0.281153,-3.048331,0.540000,1.000000,0.580000,0.200000,0.300000,1.213470
411,1.819927,-0.451255,1.912587,1.233162,-0.230838,-2.882990,0.540000,1.000000,0.600000,0.200000,0.300000,1.233162
412,1.817969,-0.438863,1.883757,1.250985,-0.183080,-2.678514,0.520000,1.000000,0.680000,0.200000,0.300000,1.250985
413,1.815859,-0.426397,1.856972,1.267116,-0.138547,-2.434693,0.440000,1.000000,0.700000,0.200000,0.300000,1.267116
414,1.813612,-0.413850,1.832625,1.281783,-0.097844,-2.154963,0.340000,1.000000,0.720000,0.200000,0.300000,1.281783
415,1.811239,-0.401215,1.811075,1.295264,-0.061469,-1.845662,0.340000,1.000000,0.740000,0.200000,0.300000,1.295264
416,1.808753,-0.388489,1.792619,1.307856,-0.029792,-1.514694,0.320000,1.000000,0.760000,0.200000,0.300000,1.307856
417,1.806167,-0.375665,1.777472,1.319856,-0.003057,-1.170237,0.320000,1.000000,0.780000,0.200000,0.300000,1.319856
418,1.803488,-0.362741,1.765769,1.331532,0.018619,-0.819843,0.300000,1.000000,0.780000,0.200000,0.300000,1.331532
419,1.800726,-0.349714,1.757571,1.343107,0.035226,-0.469982,0.300000,1.000000,0.880000,0.200000,0.300000,1.343107
420,1.797886,-0.336582,1.752871,1.354750,0.046845,-0.125935,0.280000,1.000000,0.880000,0.200000,0.300000,1.354750
421,1.794972,-0.323343,1.751612,1.366567,0.053633,0.208112,0.280000,1.000000,0.880000,0.200000,0.300000,1.366567
422,1.791987,-0.309997,1.753693,1.378609,0.055805,0.528871,0.300000,1.000000,0.860000,0.200000,0.300000,1.378609
423,1.788931,-0.296542,1.758981,1.390870,0.053617,0.833752,0.320000,1.000000,0.860000,0.200000,0.300000,1.390870
424,1.785802,-0.282979,1.767319,1.403302,0.047359,1.120692,0.340000,1.000000,0.840000,0.200000,0.300000,1.403302
425,1.782597,-0.269309,1.778526,1.415820,0.037343,1.388061,0.380000,1.000000,0.820000,0.200000,0.300000,1.415820
426,1.779312,-0.255532,1.792407,1.428312,0.023893,1.634639,0.380000,1.000000,0.800000,0.200000,0.300000,1.428312
427,1.775939,-0.241651,1.808753,1.440648,0.007341,1.859634,0.360000,1.000000,0.700000,-0.700000,0.100000,1.440648
428,1.772472,-0.227668,1.827349,1.391432,-0.016426,1.872737,0.360000,1.000000,0.680000,-0.700000,0.100000,1.391432
429,1.769100,-0.214167,1.846077,1.341738,-0.038398,1.875329,0.340000,1.000000,0.660000,-0.700000,0.100000,1.341738
430,1.765823,-0.201150,1.864830,1.291599,-0.058457,1.868537,0.500000,1.000000,0.640000,-0.700000,0.100000,1.291599
431,1.762639,-0.188619,1.883515,1.241057,-0.076524,1.853628,0.640000,1.000000,0.620000,0.000000,0.100000,1.241057
432,1.759549,-0.176575,1.902052,1.239158,-0.092559,1.831898,0.640000,1.000000,0.600000,0.000000,0.100000,1.239158
433,1.756394,-0.164556,1.920371,1.236948,-0.107615,1.809330,0.620000,1.000000,0.580000,0.200000,0.300000,1.236948
434,1.753169,-0.152566,1.938464,1.246603,-0.118552,1.922759,1.000000,1.000000,0.560000,0.000000,0.100000,1.246603
435,1.749794,-0.140507,1.957691,1.243761,-0.133877,1.893694,1.000000,1.000000,0.540000,0.000000,0.100000,1.243761
436,1.746341,-0.128484,1.976628,1.240633,-0.148214,1.865225,1.000000,1.000000,0.540000,0.000000,0.100000,1.240633
437,1.742805,-0.116500,1.995281,1.237248,-0.161627,1.837543,1.000000,0.960000,0.520000,0.000000,0.100000,1.237248
438,1.739182,-0.104560,2.013656,1.233632,-0.174175,1.810772,1.000000,0.920000,0.500000,0.200000,0.300000,1.233632
439,1.735470,-0.092667,2.031764,1.241924,-0.183435,1.890965,1.000000,0.880000,0.500000,0.000000,0.100000,1.241924
440,1.731588,-0.080729,2.050673,1.237776,-0.196075,1.862428,1.000000,0.840000,0.480000,0.000000,-1.000000,1.237776
441,1.727613,-0.068844,2.069298,1.225695,-0.218905,1.364422,1.000000,0.800000,0.460000,0.200000,-1.000000,1.225695
442,1.723676,-0.057032,2.082942,1.228307,-0.235278,0.861609,1.000000,0.780000,0.460000,0.200000,-1.000000,1.228307
443,1.719707,-0.045172,2.091558,1.231901,-0.245505,0.359883,1.000000,0.760000,0.440000,0.200000,-1.000000,1.231901
444,1.715708,-0.033264,2.095157,1.236656,-0.249660,-0.136955,1.000000,0.760000,0.440000,0.200000,-1.000000,1.236656
445,1.711677,-0.021309,2.093787,1.242652,-0.247853,-0.624871,1.000000,0.740000,0.440000,0.200000,-1.000000,1.242652
446,1.707618,-0.009306,2.087539,1.249862,-0.240239,-1.099303,1.000000,0.760000,0.440000,0.200000,-1.000000,1.249862
447,1.703532,0.002748,2.076546,1.258168,-0.227033,-1.554901,1.000000,0.760000,0.440000,0.200000,-1.000000,1.258168
448,1.699422,0.014854,2.060997,1.267359,-0.208521,-1.985366,1.000000,0.780000,0.440000,0.200000,-1.000000,1.267359
449,1.695295,0.027017,2.041143,1.277151,-0.185084,-2.383505,1.000000,0.800000,0.440000,0.200000,-1.000000,1.277151
450,1.691157,0.039241,2.017308,1.287201,-0.157203,-2.741664,1.000000,0.820000,0.440000,0.200000,-1.000000,1.287201
451,1.687017,0.051530,1.989891,1.297131,-0.125461,-3.052659,1.000000,0.860000,0.460000,0.200000,-1.000000,1.297131
452,1.682884,0.063889,1.959365,1.306561,-0.090514,-3.311076,1.000000,0.920000,0.460000,0.200000,-1.000000,1.306561
453,1.678772,0.076323,1.926254,1.315137,-0.053058,-3.514469,0.980000,1.000000,0.540000,0.200000,0.300000,1.315137
454,1.674692,0.088837,1.891109,1.328383,-0.000461,-3.094358,0.900000,1.000000,0.560000,0.200000,0.300000,1.328383
455,1.670514,0.101447,1.860166,1.339906,0.045695,-2.648335,0.900000,1.000000,0.580000,0.200000,0.300000,1.339906
456,1.666253,0.114158,1.833682,1.350348,0.085092,-2.190232,0.780000,1.000000,0.580000,0.200000,0.300000,1.350348
457,1.661922,0.126977,1.811780,1.360291,0.117612,-1.731051,0.660000,1.000000,0.600000,0.200000,0.300000,1.360291
458,1.657533,0.139906,1.794469,1.370215,0.143296,-1.278777,0.600000,1.000000,0.620000,0.200000,0.300000,1.370215
459,1.653097,0.152949,1.781682,1.380488,0.162311,-0.838700,0.580000,1.000000,0.620000,0.200000,0.300000,1.380488
460,1.648620,0.166108,1.773295,1.391359,0.174909,-0.413995,0.560000,1.000000,0.620000,0.200000,0.300000,1.391359
461,1.644108,0.179386,1.769155,1.402971,0.181395,-0.006386,0.580000,1.000000,0.620000,0.200000,0.300000,1.402971
462,1.639565,0.192783,1.769091,1.415372,0.182104,0.383207,0.600000,1.000000,0.600000,0.200000,0.300000,1.415372
463,1.634992,0.206301,1.772923,1.428528,0.177384,0.754126,0.640000,1.000000,0.600000,0.200000,0.300000,1.428528
464,1.630386,0.219939,1.780464,1.442341,0.167593,1.105583,0.700000,1.000000,0.580000,0.200000,0.300000,1.442341
465,1.625745,0.233698,1.791520,1.456658,0.153096,1.436433,0.780000,1.000000,0.560000,0.200000,0.300000,1.456658
466,1.621062,0.247576,1.805884,1.471286,0.134270,1.745127,0.780000,1.000000,0.540000,0.200000,0.300000,1.471286
467,1.616329,0.261571,1.823336,1.486002,0.111508,2.029840,0.760000,1.000000,0.520000,-1.000000,0.100000,1.486002
468,1.611536,0.275681,1.843634,1.418121,0.079889,2.060777,0.840000,1.000000,0.500000,-1.000000,0.100000,1.418121
469,1.606946,0.289122,1.864242,1.349590,0.050435,2.077164,0.820000,1.000000,0.480000,-1.000000,-1.000000,1.349590
470,1.602559,0.301896,1.885013,1.272087,0.017470,1.824290,0.880000,1.000000,0.460000,0.200000,-1.000000,1.272087
471,1.598461,0.313940,1.903256,1.277881,-0.009980,1.538453,0.880000,1.000000,0.460000,0.200000,-1.000000,1.277881
472,1.594385,0.326051,1.918641,1.283212,-0.033416,1.230465,0.900000,1.000000,0.440000,0.200000,-1.000000,1.283212
473,1.590325,0.338229,1.930945,1.288294,-0.052648,0.906829,0.900000,1.000000,0.420000,0.200000,-1.000000,1.288294
474,1.586278,0.350471,1.940014,1.293320,-0.067564,0.573601,0.880000,1.000000,0.420000,0.200000,-1.000000,1.293320
475,1.582240,0.362776,1.945750,1.298443,-0.078122,0.236406,0.880000,1.000000,0.420000,0.200000,-1.000000,1.298443
476,1.578212,0.375145,1.948114,1.303778,-0.084348,-0.099489,0.960000,1.000000,0.400000,0.200000,-1.000000,1.303778
477,1.574193,0.387576,1.947119,1.309386,-0.086328,-0.429086,0.940000,1.000000,0.400000,0.200000,-1.000000,1.309386
478,1.570184,0.400071,1.942828,1.315285,-0.084208,-0.747602,0.940000,1.000000,0.400000,0.200000,-1.000000,1.315285
479,1.566187,0.412630,1.935352,1.321445,-0.078191,-1.050478,0.920000,1.000000,0.400000,0.200000,-1.000000,1.321445
480,1.562206,0.425255,1.924847,1.327797,-0.068533,-1.333447,0.820000,1.000000,0.400000,0.200000,-1.000000,1.327797
481,1.558245,0.437947,1.911513,1.334238,-0.055540,-1.592689,0.820000,1.000000,0.400000,0.200000,-1.000000,1.334238
482,1.554310,0.450708,1.895586,1.340646,-0.039558,-1.825022,0.800000,1.000000,0.400000,0.200000,-1.000000,1.340646
483,1.550407,0.463540,1.877336,1.346886,-0.020966,-2.028108,0.800000,1.000000,0.400000,0.200000,-1.000000,1.346886
484,1.546543,0.476444,1.857055,1.352821,-0.000160,-2.200605,0.760000,1.000000,0.400000,0.200000,-1.000000,1.352821
485,1.542724,0.489422,1.835049,1.358327,0.022457,-2.342223,0.740000,1.000000,0.420000,0.200000,-1.000000,1.358327
486,1.538960,0.502475,1.811626,1.363295,0.046490,-2.453653,0.740000,1.000000,0.420000,0.200000,-1.000000,1.363295
487,1.535257,0.515604,1.787090,1.367639,0.071559,-2.536404,0.700000,1.000000,0.440000,0.200000,-1.000000,1.367639
488,1.531623,0.528808,1.761726,1.371299,0.097312,-2.592569,0.640000,0.960000,0.440000,0.200000,-1.000000,1.371299
489,1.528065,0.542087,1.735800,1.374244,0.123422,-2.624590,0.620000,0.940000,0.460000,0.200000,-1.000000,1.374244
490,1.524590,0.555440,1.709554,1.376465,0.149597,-2.635042,0.620000,0.940000,0.480000,0.200000,-1.000000,1.376465
491,1.521205,0.568866,1.683204,1.377975,0.175575,-2.626474,0.620000,0.920000,0.500000,0.200000,0.300000,1.377975
492,1.517914,0.582361,1.656939,1.385438,0.212218,-2.126930,0.580000,0.860000,1.000000,0.200000,0.300000,1.385438
493,1.514608,0.595982,1.635670,1.393209,0.241219,-1.645608,0.540000,0.860000,1.000000,0.200000,0.300000,1.393209
494,1.511298,0.609728,1.619214,1.401719,0.262911,-1.185088,0.520000,0.840000,1.000000,0.200000,0.300000,1.401719
495,1.507993,0.623602,1.607363,1.411251,0.277687,-0.745585,0.500000,0.840000,1.000000,0.200000,0.300000,1.411251
496,1.504702,0.637603,1.599907,1.421962,0.285951,-0.325893,0.500000,0.820000,1.000000,0.200000,0.300000,1.421962
497,1.501430,0.651734,1.596648,1.433909,0.288091,0.075807,0.520000,0.800000,1.000000,0.200000,0.300000,1.433909
498,1.498180,0.665994,1.597406,1.447066,0.284462,0.461327,0.520000,0.800000,1.000000,0.200000,0.300000,1.447066
499,1.494951,0.680383,1.602019,1.461341,0.275388,0.832024,0.540000,0.780000,1.000000,0.200000,0.300000,1.461341
500,1.491742,0.694904,1.610340,1.476584,0.261164,1.188487,0.520000,0.780000,1.000000,0.200000,0.300000,1.476584
501,1.488549,0.709555,1.622224,1.492599,0.242077,1.530334,0.500000,0.760000,1.000000,0.200000,0.300000,1.492599
502,1.485364,0.724337,1.637528,1.509145,0.218421,1.856118,0.480000,0.760000,1.000000,-1.000000,0.100000,1.509145
503,1.482178,0.739249,1.656089,1.443242,0.184728,1.916112,0.520000,0.740000,1.000000,-1.000000,0.100000,1.443242
504,1.479108,0.753471,1.675250,1.376802,0.152355,1.965236,0.540000,0.780000,1.000000,-1.000000,0.100000,1.376802
505,1.476158,0.767006,1.694902,1.309791,0.121626,2.001629,0.520000,0.760000,1.000000,-1.000000,0.100000,1.309791
506,1.473329,0.779852,1.714919,1.242191,0.092859,2.023709,0.520000,0.760000,1.000000,0.000000,0.100000,1.242191
507,1.470626,0.792012,1.735156,1.244004,0.066345,2.030377,0.540000,0.740000,1.000000,0.000000,0.100000,1.244004
508,1.467936,0.804176,1.755460,1.245220,0.041095,2.029066,0.540000,0.780000,1.000000,0.000000,0.100000,1.245220
509,1.465246,0.816341,1.775750,1.245860,0.017152,2.020813,0.520000,0.780000,1.000000,0.000000,0.100000,1.245860
510,1.462542,0.828504,1.795958,1.245953,-0.005474,2.006845,0.580000,0.760000,1.000000,0.000000,0.100000,1.245953
511,1.459814,0.840661,1.816027,1.245534,-0.026794,1.988411,0.580000,0.760000,1.000000,0.000000,0.100000,1.245534
512,1.457050,0.852809,1.835911,1.244641,-0.046842,1.966670,0.560000,0.760000,1.000000,0.000000,0.100000,1.244641
513,1.454241,0.864943,1.855578,1.243312,-0.065665,1.942624,0.580000,0.780000,0.280000,0.000000,-1.000000,1.243312
514,1.451378,0.877060,1.875004,1.233543,-0.091867,1.551429,0.620000,0.780000,1.000000,0.200000,0.300000,1.233543
515,1.448560,0.889104,1.890518,1.243742,-0.100114,1.685274,0.620000,0.780000,0.260000,0.200000,-1.000000,1.243742
516,1.445601,0.901226,1.907371,1.247578,-0.122567,1.267948,0.600000,0.780000,1.000000,0.200000,0.300000,1.247578
517,1.442638,0.913406,1.920050,1.257548,-0.126783,1.395861,0.600000,0.760000,0.240000,0.200000,-1.000000,1.257548
518,1.439526,0.925656,1.934009,1.261314,-0.145521,0.964480,0.580000,0.760000,1.000000,0.200000,0.300000,1.261314
519,1.436405,0.937964,1.943654,1.271364,-0.145656,1.091537,0.580000,0.800000,1.000000,0.200000,0.300000,1.271364
520,1.433130,0.950334,1.954569,1.281234,-0.147480,1.214733,0.580000,0.780000,1.000000,0.200000,0.300000,1.281234
521,1.429700,0.962767,1.966716,1.290907,-0.150928,1.333298,0.600000,0.780000,1.000000,0.200000,0.300000,1.290907
522,1.426114,0.975260,1.980049,1.300358,-0.155927,1.446622,0.600000,0.780000,1.000000,0.200000,0.300000,1.300358
523,1.422370,0.987810,1.994516,1.309562,-0.162398,1.554259,0.580000,0.760000,1.000000,0.200000,0.300000,1.309562
524,1.418466,1.000415,2.010058,1.318491,-0.170257,1.655908,0.580000,0.760000,1.000000,0.200000,0.300000,1.318491
525,1.414400,1.013072,2.026617,1.327114,-0.179418,1.751406,0.560000,0.800000,1.000000,0.200000,0.300000,1.327114
526,1.410169,1.025778,2.044131,1.335401,-0.189797,1.840711,0.560000,0.800000,1.000000,-0.900000,0.100000,1.335401
527,1.405771,1.038529,2.062539,1.268210,-0.203742,1.819744,0.540000,0.800000,1.000000,0.200000,0.300000,1.268210
528,1.401579,1.050671,2.080736,1.275891,-0.213273,1.891718,0.580000,0.780000,1.000000,-0.900000,0.100000,1.275891
529,1.397212,1.062847,2.099653,1.208130,-0.225878,1.866038,0.560000,0.780000,1.000000,0.000000,0.100000,1.208130
530,1.393067,1.074418,2.118314,1.203170,-0.236261,1.839042,0.560000,0.780000,1.000000,0.000000,0.100000,1.203170
531,1.388821,1.085920,2.136704,1.198066,-0.245948,1.813595,0.560000,0.780000,1.000000,0.200000,0.300000,1.198066
532,1.384473,1.097352,2.154840,1.204921,-0.253196,1.866088,0.540000,0.780000,1.000000,0.000000,0.100000,1.204921
533,1.379941,1.108800,2.173501,1.199414,-0.262859,1.841291,0.540000,0.780000,1.000000,0.000000,0.100000,1.199414
534,1.375308,1.120171,2.191914,1.193780,-0.271885,1.818006,0.580000,0.780000,0.320000,0.200000,-1.000000,1.193780
535,1.370572,1.131461,2.210094,1.194477,-0.292430,1.277937,0.560000,0.820000,1.000000,0.200000,0.300000,1.194477
536,1.365792,1.142792,2.222873,1.201970,-0.292665,1.329170,0.560000,0.820000,1.000000,0.200000,0.300000,1.201970
537,1.360824,1.154122,2.236165,1.209312,-0.293625,1.379999,0.560000,0.820000,1.000000,0.200000,0.300000,1.209312
538,1.355668,1.165448,2.249965,1.216494,-0.295300,1.430249,0.540000,0.820000,1.000000,0.200000,0.300000,1.216494
539,1.350325,1.176768,2.264267,1.223503,-0.297680,1.479758,0.540000,0.820000,1.000000,0.200000,0.300000,1.223503
540,1.344793,1.188080,2.279065,1.230331,-0.300752,1.528382,0.540000,0.820000,1.000000,0.200000,0.300000,1.230331
541,1.339074,1.199381,2.294349,1.236965,-0.304500,1.575990,0.520000,0.820000,1.000000,0.200000,0.300000,1.236965
542,1.333166,1.210667,2.310109,1.243395,-0.308908,1.622472,0.560000,0.820000,1.000000,0.200000,0.300000,1.243395
543,1.327071,1.221937,2.326333,1.249607,-0.313958,1.667734,0.560000,0.820000,1.000000,0.200000,0.300000,1.249607
544,1.320788,1.233185,2.343011,1.255592,-0.319631,1.711700,0.560000,0.820000,1.000000,0.200000,0.300000,1.255592
545,1.314317,1.244410,2.360128,1.261337,-0.325906,1.754310,0.540000,0.820000,1.000000,0.200000,0.300000,1.261337
546,1.307659,1.255607,2.377671,1.266830,-0.332762,1.795524,0.540000,0.820000,1.000000,0.200000,0.300000,1.266830
547,1.300813,1.266774,2.395626,1.272059,-0.340177,1.835315,0.580000,0.820000,1.000000,-1.000000,0.100000,1.272059
548,1.293779,1.277905,2.413979,1.194938,-0.349372,1.820524,0.580000,0.820000,1.000000,0.200000,0.300000,1.194938
549,1.287179,1.288462,2.432184,1.199763,-0.355439,1.853180,0.580000,0.820000,1.000000,0.000000,0.100000,1.199763
550,1.280391,1.298974,2.450716,1.192285,-0.363007,1.839435,0.560000,0.820000,1.000000,0.000000,0.100000,1.192285
551,1.273516,1.309369,2.469111,1.184710,-0.370139,1.826815,0.560000,0.840000,1.000000,0.200000,0.300000,1.184710
552,1.266554,1.319644,2.487379,1.189112,-0.375894,1.856421,0.560000,0.840000,1.000000,0.000000,0.100000,1.189112
553,1.259405,1.329863,2.505943,1.181226,-0.382990,1.844948,0.560000,0.840000,1.000000,0.000000,0.100000,1.181226
554,1.252174,1.339958,2.524392,1.173246,-0.389685,1.834533,0.560000,0.860000,1.000000,0.000000,0.100000,1.173246
555,1.244861,1.349926,2.542738,1.165178,-0.396000,1.825118,0.560000,0.860000,1.000000,0.200000,0.300000,1.165178
556,1.237469,1.359765,2.560989,1.169091,-0.401143,1.851381,0.540000,0.880000,1.000000,0.000000,0.100000,1.169091
557,1.229895,1.369532,2.579503,1.160737,-0.407434,1.843031,0.540000,0.880000,1.000000,0.000000,0.100000,1.160737
558,1.222245,1.379166,2.597933,1.152295,-0.413375,1.835627,0.600000,0.900000,1.000000,0.000000,0.100000,1.152295
559,1.214521,1.388664,2.616289,1.143771,-0.418981,1.829124,0.600000,0.900000,1.000000,0.200000,0.300000,1.143771
560,1.206727,1.398025,2.634581,1.147229,-0.423584,1.852802,0.600000,0.920000,1.000000,0.000000,0.100000,1.147229
561,1.198755,1.407298,2.653109,1.138438,-0.429176,1.847281,0.600000,0.940000,1.000000,0.000000,0.100000,1.138438
562,1.190716,1.416430,2.671581,1.129563,-0.434458,1.842618,0.600000,1.000000,1.000000,0.000000,0.100000,1.129563
563,1.182613,1.425420,2.690008,1.120608,-0.439444,1.838776,0.600000,1.000000,1.000000,0.000000,0.100000,1.120608
564,1.174447,1.434264,2.708395,1.111574,-0.444146,1.835722,0.600000,1.000000,1.000000,0.000000,0.100000,1.111574
565,1.166223,1.442961,2.726753,1.102465,-0.448578,1.833422,0.600000,1.000000,1.000000,0.000000,0.100000,1.102465
566,1.157941,1.451510,2.745087,1.093282,-0.452750,1.831847,0.600000,1.000000,1.000000,0.000000,0.100000,1.093282
567,1.149605,1.459908,2.763405,1.084027,-0.456672,1.830970,0.600000,1.000000,0.820000,0.200000,0.300000,1.084027
568,1.141217,1.468155,2.781715,1.086759,-0.459885,1.850900,0.600000,1.000000,0.800000,0.000000,0.100000,1.086759
569,1.132665,1.476286,2.800224,1.077282,-0.463819,1.850752,0.600000,1.000000,0.800000,0.000000,0.100000,1.077282
570,1.124067,1.484263,2.818731,1.067731,-0.467518,1.851285,0.600000,1.000000,0.780000,0.000000,0.100000,1.067731
571,1.115425,1.492085,2.837244,1.058107,-0.470989,1.852476,0.620000,1.000000,0.760000,0.000000,0.100000,1.058107
572,1.106741,1.499749,2.855769,1.048411,-0.474240,1.854303,0.620000,1.000000,0.640000,0.000000,0.100000,1.048411
573,1.098020,1.507255,2.874312,1.038645,-0.477280,1.856746,0.620000,1.000000,0.580000,0.000000,0.100000,1.038645
574,1.089262,1.514601,2.892880,1.028809,-0.480114,1.859787,0.620000,1.000000,0.520000,0.000000,0.100000,1.028809
575,1.080473,1.521787,2.911477,1.018905,-0.482751,1.863410,0.640000,1.000000,0.500000,0.000000,0.100000,1.018905
576,1.071653,1.528812,2.930112,1.008933,-0.485195,1.867598,0.640000,1.000000,0.460000,0.000000,-1.000000,1.008933
577,1.062807,1.535673,2.948787,0.991943,-0.501366,1.277219,0.660000,1.000000,0.460000,0.200000,-1.000000,0.991943
578,1.054032,1.542495,2.961560,0.991720,-0.511286,0.689241,0.660000,1.000000,0.440000,0.200000,-1.000000,0.991720
579,1.045191,1.549301,2.968452,0.994455,-0.515338,0.104222,0.660000,1.000000,0.460000,0.200000,-1.000000,0.994455
580,1.036283,1.556090,2.969494,1.000237,-0.513584,-0.477561,0.640000,1.000000,0.500000,0.200000,0.300000,1.000237
581,1.027308,1.562863,2.964719,1.013724,-0.491881,-0.449952,0.620000,1.000000,0.540000,0.200000,0.300000,1.013724
582,1.018194,1.569489,2.960219,1.026980,-0.470496,-0.420366,0.620000,1.000000,0.580000,0.200000,0.300000,1.026980
583,1.008942,1.575969,2.956016,1.040009,-0.449470,-0.388467,0.600000,1.000000,0.620000,0.200000,0.300000,1.040009
584,0.999549,1.582306,2.952131,1.052816,-0.428851,-0.353893,0.580000,1.000000,0.680000,0.200000,0.300000,1.052816
585,0.990017,1.588500,2.948592,1.065405,-0.408689,-0.316269,0.580000,1.000000,0.700000,0.200000,0.300000,1.065405
586,0.980345,1.594555,2.945429,1.077782,-0.389040,-0.275209,0.560000,1.000000,0.680000,0.200000,0.300000,1.077782
587,0.970532,1.600471,2.942677,1.089949,-0.369967,-0.230333,0.540000,1.000000,0.680000,0.200000,0.300000,1.089949
588,0.960579,1.606252,2.940374,1.101913,-0.351534,-0.181283,0.540000,1.000000,0.660000,0.200000,0.300000,1.101913
589,0.950484,1.611898,2.938561,1.113676,-0.333812,-0.127740,0.520000,1.000000,0.660000,0.200000,0.300000,1.113676
590,0.940249,1.617414,2.937284,1.125245,-0.316874,-0.069444,0.520000,1.000000,0.660000,0.200000,0.300000,1.125245
591,0.929874,1.622800,2.936589,1.136624,-0.300795,-0.006218,0.500000,1.000000,0.700000,0.200000,0.300000,1.136624
592,0.919358,1.628058,2.936527,1.147820,-0.285651,0.062018,0.500000,1.000000,0.720000,0.200000,0.300000,1.147820
593,0.908702,1.633192,2.937147,1.158838,-0.271515,0.135226,0.500000,1.000000,0.740000,0.200000,0.300000,1.158838
594,0.897906,1.638204,2.938499,1.169685,-0.258460,0.213245,0.480000,1.000000,0.780000,0.200000,0.300000,1.169685
595,0.886971,1.643094,2.940632,1.180366,-0.246552,0.295782,0.480000,1.000000,0.780000,0.200000,0.300000,1.180366
596,0.875897,1.647866,2.943590,1.190888,-0.235852,0.382423,0.480000,1.000000,0.800000,0.200000,0.300000,1.190888
597,0.864685,1.652521,2.947414,1.201256,-0.226411,0.472640,0.480000,1.000000,0.800000,0.200000,0.300000,1.201256
598,0.853335,1.657061,2.952140,1.211473,-0.218273,0.565810,0.460000,1.000000,0.800000,0.200000,0.300000,1.211473
599,0.841848,1.661486,2.957798,1.221541,-0.211471,0.661243,0.460000,1.000000,0.800000,0.200000,0.300000,1.221541
600,0.830225,1.665798,2.964411,1.231461,-0.206027,0.758202,0.460000,1.000000,0.780000,0.200000,0.300000,1.231461
601,0.818466,1.669996,2.971993,1.241231,-0.201952,0.855933,0.460000,1.000000,0.780000,0.200000,0.300000,1.241231
602,0.806573,1.674082,2.980552,1.250845,-0.199247,0.953692,0.460000,1.000000,0.760000,0.200000,0.300000,1.250845
603,0.794546,1.678054,2.990089,1.260298,-0.197903,1.050762,0.460000,1.000000,0.740000,0.200000,0.300000,1.260298
604,0.782386,1.681913,3.000597,1.269578,-0.197901,1.146480,0.460000,1.000000,0.720000,0.200000,0.300000,1.269578
605,0.770094,1.685656,3.012062,1.278674,-0.199212,1.240244,0.460000,1.000000,0.700000,0.200000,0.300000,1.278674
606,0.757672,1.689283,3.024464,1.287570,-0.201803,1.331526,0.480000,1.000000,0.660000,0.200000,0.300000,1.287570
607,0.745120,1.692792,3.037779,1.296250,-0.205632,1.419882,0.480000,1.000000,0.640000,0.200000,0.300000,1.296250
608,0.732441,1.696181,3.051978,1.304696,-0.210652,1.504948,0.480000,1.000000,0.620000,0.200000,0.300000,1.304696
609,0.719634,1.699446,3.067028,1.312886,-0.216813,1.586445,0.600000,1.000000,0.600000,0.200000,0.300000,1.312886
610,0.706704,1.702586,3.082892,1.320801,-0.224063,1.664170,0.600000,1.000000,0.580000,0.200000,0.300000,1.320801
611,0.693650,1.705598,3.099534,1.328418,-0.232345,1.737997,0.620000,1.000000,0.560000,0.200000,0.300000,1.328418
612,0.680475,1.708478,3.116914,1.335716,-0.241603,1.807864,0.640000,1.000000,0.540000,0.200000,0.300000,1.335716
613,0.667182,1.711223,3.134992,1.342673,-0.251781,1.873771,0.680000,1.000000,0.520000,-1.000000,0.100000,1.342673
614,0.653772,1.713829,3.153730,1.267173,-0.264755,1.853146,0.700000,1.000000,0.500000,0.000000,0.100000,1.267173
615,0.641069,1.716323,3.172261,1.261470,-0.275442,1.831470,0.740000,1.000000,0.480000,0.200000,-1.000000,1.261470
616,0.628376,1.718689,3.190576,1.262044,-0.297516,1.297229,0.780000,1.000000,0.460000,0.200000,-1.000000,1.262044
617,0.615625,1.721043,3.203548,1.263833,-0.312801,0.762033,0.800000,1.000000,0.460000,0.200000,-1.000000,1.263833
618,0.602817,1.723382,3.211169,1.267125,-0.321352,0.228782,0.820000,1.000000,0.440000,0.200000,-1.000000,1.267125
619,0.589953,1.725707,3.213457,1.272088,-0.323245,-0.299589,0.820000,1.000000,0.460000,0.200000,-1.000000,1.272088
620,0.577033,1.728018,3.210461,1.278770,-0.318575,-0.819804,0.800000,1.000000,0.460000,0.200000,-1.000000,1.278770
621,0.564056,1.730316,3.202263,1.287103,-0.307469,-1.327928,0.760000,1.000000,0.480000,0.200000,-1.000000,1.287103
622,0.551022,1.732605,3.188983,1.296907,-0.290104,-1.819006,0.720000,1.000000,0.500000,0.200000,0.300000,1.296907
623,0.537930,1.734888,3.170793,1.313329,-0.252730,-1.688096,0.680000,1.000000,0.520000,0.200000,0.300000,1.313329
624,0.524729,1.737031,3.153912,1.328778,-0.217478,-1.535595,0.640000,1.000000,0.540000,0.200000,0.300000,1.328778
625,0.511415,1.739042,3.138556,1.343344,-0.184720,-1.361492,0.620000,1.000000,0.580000,0.200000,0.300000,1.343344
626,0.497988,1.740930,3.124941,1.357133,-0.154805,-1.167043,0.580000,1.000000,0.600000,0.200000,0.300000,1.357133
627,0.484444,1.742704,3.113271,1.370265,-0.128039,-0.954683,0.560000,1.000000,0.620000,0.200000,0.300000,1.370265
628,0.470783,1.744372,3.103724,1.382865,-0.104671,-0.727756,0.560000,1.000000,0.620000,0.200000,0.300000,1.382865
629,0.457004,1.745941,3.096447,1.395059,-0.084884,-0.490155,0.540000,1.000000,0.600000,0.200000,0.300000,1.395059
630,0.443106,1.747419,3.091545,1.406959,-0.068792,-0.245960,0.520000,1.000000,0.600000,0.200000,0.300000,1.406959
631,0.429088,1.748810,3.089086,1.418662,-0.056446,0.000852,0.520000,1.000000,0.580000,0.200000,0.300000,1.418662
632,0.414951,1.750118,3.089094,1.430237,-0.047831,0.246604,0.520000,1.000000,0.560000,0.200000,0.300000,1.430237
633,0.400693,1.751346,3.091560,1.441732,-0.042879,0.488031,0.520000,1.000000,0.560000,0.200000,0.300000,1.441732
634,0.386315,1.752495,3.096440,1.453164,-0.041478,0.722333,0.520000,1.000000,0.560000,0.200000,0.300000,1.453164
635,0.371817,1.753566,3.103664,1.464524,-0.043474,0.947176,0.540000,1.000000,0.540000,0.200000,0.300000,1.464524
636,0.357199,1.754555,3.113135,1.475781,-0.048687,1.160685,0.540000,1.000000,0.520000,0.200000,0.300000,1.475781
637,0.342461,1.755462,3.124742,1.486885,-0.056912,1.361429,0.560000,1.000000,0.520000,0.200000,0.300000,1.486885
638,0.327604,1.756281,3.138357,1.497770,-0.067932,1.548395,0.580000,1.000000,0.500000,0.200000,0.300000,1.497770
639,0.312629,1.757009,3.153841,1.508362,-0.081521,1.720975,0.600000,1.000000,0.500000,0.200000,0.300000,1.508362
640,0.297536,1.757640,3.171050,1.518579,-0.097450,1.878937,0.620000,1.000000,0.480000,-1.000000,-1.000000,1.518579
641,0.282328,1.758166,3.189840,1.438199,-0.128009,1.487181,0.660000,1.000000,0.480000,0.200000,-1.000000,1.438199
642,0.267901,1.758751,3.204711,1.441784,-0.150935,1.072674,0.700000,1.000000,0.460000,0.200000,-1.000000,1.441784
643,0.253417,1.759348,3.215438,1.445667,-0.167777,0.651167,0.720000,1.000000,0.460000,0.200000,-1.000000,1.445667
644,0.238876,1.759955,3.221950,1.450090,-0.178518,0.228028,0.740000,1.000000,0.440000,0.200000,-1.000000,1.450090
645,0.224278,1.760570,3.224230,1.455208,-0.183208,-0.191668,0.740000,1.000000,0.420000,0.200000,-1.000000,1.455208
646,0.209625,1.761195,3.222314,1.461092,-0.181966,-0.602897,0.740000,1.000000,0.420000,0.200000,-1.000000,1.461092
647,0.194915,1.761831,3.216285,1.467726,-0.174977,-1.000495,0.720000,1.000000,0.420000,0.200000,-1.000000,1.467726
648,0.180148,1.762480,3.206280,1.475013,-0.162502,-1.379059,0.680000,1.000000,0.440000,0.200000,-1.000000,1.475013
649,0.165323,1.763148,3.192489,1.482788,-0.144878,-1.732979,0.660000,1.000000,0.440000,0.200000,-1.000000,1.482788
650,0.150441,1.763841,3.175159,1.490826,-0.122526,-2.056651,0.620000,1.000000,0.460000,0.200000,-1.000000,1.490826
651,0.135500,1.764565,3.154593,1.498864,-0.095946,-2.344891,0.580000,1.000000,0.500000,0.200000,0.300000,1.498864
652,0.120500,1.765330,3.131144,1.512471,-0.052452,-2.026599,0.540000,1.000000,0.520000,0.200000,0.300000,1.512471
653,0.105382,1.766012,3.110878,1.524982,-0.014507,-1.684849,0.520000,1.000000,0.560000,0.200000,0.300000,1.524982
654,0.090144,1.766626,3.094029,1.536770,0.017567,-1.328007,0.500000,1.000000,0.600000,0.200000,0.300000,1.536770
655,0.074785,1.767181,3.080749,1.548176,0.043601,-0.963776,0.480000,1.000000,0.620000,0.200000,0.300000,1.548176
656,0.059305,1.767687,3.071111,1.559488,0.063552,-0.598702,0.460000,1.000000,0.640000,0.200000,0.300000,1.559488
657,0.043704,1.768151,3.065124,1.570923,0.077488,-0.238075,0.460000,1.000000,0.660000,0.200000,0.300000,1.570923
658,0.027982,1.768579,3.062744,1.582623,0.085564,0.113936,0.460000,1.000000,0.660000,0.200000,0.300000,1.582623
659,0.012137,1.768972,3.063883,1.594658,0.088000,0.454043,0.460000,1.000000,0.660000,0.200000,0.300000,1.594658
660,-0.003829,1.769333,3.068424,1.607030,0.085068,0.779571,0.460000,1.000000,0.660000,0.200000,0.300000,1.607030
661,-0.019919,1.769659,3.076219,1.619681,0.077081,1.088256,0.460000,1.000000,0.640000,0.200000,0.300000,1.619681
662,-0.036131,1.769948,3.087102,1.632504,0.064379,1.378108,0.480000,1.000000,0.620000,0.200000,0.300000,1.632504
663,-0.052467,1.770195,3.100883,1.645356,0.047331,1.647394,0.500000,1.000000,0.600000,0.200000,0.300000,1.645356
664,-0.068926,1.770391,3.117357,1.658064,0.026320,1.894688,0.520000,1.000000,0.560000,-1.000000,0.100000,1.658064
665,-0.085509,1.770530,3.136304,1.588172,-0.002790,1.925136,0.540000,1.000000,0.540000,-1.000000,0.100000,1.588172
666,-0.101390,1.770642,3.155555,1.517700,-0.029930,1.942910,0.560000,1.000000,0.500000,-1.000000,0.100000,1.517700
667,-0.116570,1.770729,3.174984,1.446672,-0.054866,1.948723,0.600000,1.000000,0.480000,-1.000000,-1.000000,1.446672
668,-0.131047,1.770795,3.194471,1.367059,-0.085738,1.588018,0.640000,1.000000,0.460000,0.200000,-1.000000,1.367059
669,-0.144743,1.770928,3.210352,1.371187,-0.109582,1.201570,0.680000,1.000000,0.440000,0.200000,-1.000000,1.371187
670,-0.158498,1.771079,3.222367,1.375372,-0.127970,0.805143,0.700000,1.000000,0.440000,0.200000,-1.000000,1.375372
671,-0.172310,1.771245,3.230419,1.379855,-0.140854,0.404488,0.720000,1.000000,0.420000,0.200000,-1.000000,1.379855
672,-0.186179,1.771424,3.234464,1.384810,-0.148255,0.004935,0.740000,1.000000,0.420000,0.200000,-1.000000,1.384810
673,-0.200105,1.771616,3.234513,1.390335,-0.150259,-0.388384,0.740000,1.000000,0.420000,0.200000,-1.000000,1.390335
674,-0.214088,1.771822,3.230629,1.396457,-0.147020,-0.770362,0.720000,1.000000,0.420000,0.200000,-1.000000,1.396457
675,-0.228128,1.772045,3.222925,1.403130,-0.138757,-1.135821,0.700000,1.000000,0.440000,0.200000,-1.000000,1.403130
676,-0.242226,1.772288,3.211567,1.410245,-0.125762,-1.479522,0.680000,1.000000,0.440000,0.200000,-1.000000,1.410245
677,-0.256382,1.772556,3.196772,1.417642,-0.108394,-1.796324,0.640000,1.000000,0.460000,0.200000,-1.000000,1.417642
678,-0.270596,1.772857,3.178809,1.425118,-0.087081,-2.081481,0.600000,1.000000,0.480000,0.200000,-1.000000,1.425118
679,-0.284870,1.773197,3.157994,1.432451,-0.062310,-2.331072,0.560000,0.980000,0.500000,0.200000,0.300000,1.432451
680,-0.299203,1.773585,3.134683,1.445324,-0.021496,-1.981690,0.520000,0.980000,0.540000,0.200000,0.300000,1.445324
681,-0.313654,1.773900,3.114866,1.457272,0.013549,-1.613382,0.500000,0.920000,1.000000,0.200000,0.300000,1.457272
682,-0.328225,1.774154,3.098733,1.468679,0.042602,-1.235006,0.480000,0.900000,1.000000,0.200000,0.300000,1.468679
683,-0.342917,1.774357,3.086382,1.479883,0.065584,-0.854126,0.460000,0.900000,1.000000,0.200000,0.300000,1.479883
684,-0.357729,1.774519,3.077841,1.491149,0.082537,-0.476804,0.460000,0.880000,1.000000,0.200000,0.300000,1.491149
685,-0.372663,1.774645,3.073073,1.502667,0.093598,-0.107708,0.460000,0.880000,1.000000,0.200000,0.300000,1.502667
686,-0.387719,1.774740,3.071996,1.514546,0.098975,0.249604,0.460000,0.860000,1.000000,0.200000,0.300000,1.514546
687,-0.402896,1.774806,3.074492,1.526822,0.098933,0.592366,0.460000,0.840000,1.000000,0.200000,0.300000,1.526822
688,-0.418196,1.774843,3.080416,1.539466,0.093776,0.918314,0.460000,0.840000,1.000000,0.200000,0.300000,1.539466
689,-0.433620,1.774848,3.089599,1.552394,0.083838,1.225482,0.480000,0.820000,1.000000,0.200000,0.300000,1.552394
690,-0.449166,1.774818,3.101854,1.565478,0.069481,1.512107,0.480000,0.820000,1.000000,0.200000,0.300000,1.565478
691,-0.464836,1.774745,3.116975,1.578557,0.051080,1.776650,0.500000,0.840000,1.000000,0.200000,0.300000,1.578557
692,-0.480630,1.774623,3.134741,1.591449,0.029025,2.017900,0.520000,0.820000,1.000000,-1.000000,0.100000,1.591449
693,-0.496546,1.774442,3.154920,1.521680,-0.000904,2.037741,0.560000,0.820000,1.000000,-1.000000,0.100000,1.521680
694,-0.511761,1.774248,3.175298,1.451275,-0.028520,2.044571,0.600000,0.840000,1.000000,-1.000000,0.100000,1.451275
695,-0.526275,1.774044,3.195743,1.380274,-0.053619,2.039343,0.620000,0.840000,1.000000,-1.000000,0.100000,1.380274
696,-0.540087,1.773833,3.216137,1.308730,-0.076059,2.023386,0.600000,0.860000,1.000000,-1.000000,0.100000,1.308730
697,-0.553194,1.773616,3.236371,1.236710,-0.095754,1.998246,0.580000,0.860000,1.000000,0.000000,0.100000,1.236710
698,-0.565597,1.773399,3.256353,1.234286,-0.112673,1.965532,0.620000,0.840000,1.000000,0.000000,0.100000,1.234286
699,-0.577987,1.773105,3.276008,1.231525,-0.128467,1.933371,0.640000,0.840000,1.000000,0.000000,0.100000,1.231525
700,-0.590364,1.772728,3.295342,1.228461,-0.143208,1.902040,0.620000,0.820000,0.460000,0.000000,-1.000000,1.228461
701,-0.602723,1.772262,3.314363,1.217281,-0.167096,1.438552,0.620000,0.860000,0.360000,0.200000,-1.000000,1.217281
702,-0.615002,1.771815,3.328748,1.220444,-0.184948,0.967404,0.640000,0.860000,0.440000,0.200000,-1.000000,1.220444
703,-0.627337,1.771362,3.338422,1.224241,-0.197055,0.495451,0.640000,0.840000,0.420000,0.200000,-1.000000,1.224241
704,-0.639728,1.770900,3.343377,1.228866,-0.203475,0.027132,0.620000,0.840000,0.420000,0.200000,-1.000000,1.228866
705,-0.652175,1.770431,3.343648,1.234426,-0.204313,-0.433066,0.620000,0.820000,0.420000,0.200000,-1.000000,1.234426
706,-0.664679,1.769955,3.339317,1.240934,-0.199725,-0.880343,0.600000,0.820000,0.980000,0.200000,0.300000,1.240934
707,-0.677239,1.769475,3.330514,1.253963,-0.176237,-0.723952,0.600000,0.800000,0.960000,0.200000,0.300000,1.253963
708,-0.689886,1.768852,3.323274,1.266551,-0.155131,-0.554414,0.580000,0.800000,0.940000,0.200000,0.300000,1.266551
709,-0.702623,1.768089,3.317730,1.278765,-0.136577,-0.373846,0.580000,0.740000,0.940000,0.200000,0.300000,1.278765
710,-0.715452,1.767193,3.313992,1.290670,-0.120708,-0.184799,0.560000,0.720000,0.920000,0.200000,0.300000,1.290670
711,-0.728375,1.766168,3.312144,1.302329,-0.107613,0.009944,0.560000,0.720000,0.900000,0.200000,0.300000,1.302329
712,-0.741392,1.765018,3.312243,1.313792,-0.097337,0.207553,0.540000,0.700000,0.900000,0.200000,0.300000,1.313792
713,-0.754504,1.763746,3.314319,1.325097,-0.089883,0.405306,0.540000,0.700000,0.880000,0.200000,0.300000,1.325097
714,-0.767713,1.762354,3.318372,1.336269,-0.085217,0.600704,0.520000,0.680000,0.880000,0.200000,0.300000,1.336269
715,-0.781017,1.760843,3.324379,1.347317,-0.083270,0.791537,0.520000,0.680000,0.860000,0.200000,0.300000,1.347317
716,-0.794417,1.759213,3.332294,1.358235,-0.083945,0.975928,0.500000,0.660000,0.860000,0.200000,0.300000,1.358235
717,-0.807912,1.757463,3.342054,1.369002,-0.087124,1.152342,0.520000,0.700000,0.840000,0.200000,0.300000,1.369002
718,-0.821502,1.755590,3.353577,1.379588,-0.092671,1.319590,0.520000,0.680000,0.840000,0.200000,0.300000,1.379588
719,-0.835184,1.753594,3.366773,1.389952,-0.100436,1.476814,0.500000,0.680000,0.840000,0.200000,0.300000,1.389952
720,-0.848956,1.751469,3.381541,1.400047,-0.110266,1.623464,0.500000,0.660000,0.820000,0.200000,0.300000,1.400047
721,-0.862818,1.749213,3.397776,1.409820,-0.122001,1.759274,0.480000,0.660000,0.820000,0.200000,0.300000,1.409820
722,-0.876765,1.746821,3.415368,1.419217,-0.135483,1.884226,0.520000,0.660000,0.820000,-1.000000,0.200000,1.419217
723,-0.890795,1.744288,3.434211,1.345206,-0.151672,1.950909,0.500000,0.640000,0.820000,-1.000000,0.200000,1.345206
724,-0.904113,1.741860,3.453720,1.270763,-0.166676,2.003751,0.480000,0.680000,0.820000,-1.000000,0.200000,1.270763
725,-0.916718,1.739544,3.473757,1.195911,-0.180238,2.044207,0.500000,0.680000,0.820000,0.000000,0.200000,1.195911
726,-0.928611,1.737348,3.494199,1.190688,-0.192159,2.073840,0.500000,0.660000,0.820000,0.000000,0.200000,1.190688
727,-0.940449,1.735039,3.514938,1.185139,-0.204018,2.100037,0.500000,0.660000,0.820000,0.000000,0.200000,1.185139
728,-0.952228,1.732616,3.535938,1.179267,-0.215783,2.123246,0.480000,0.660000,0.820000,0.000000,0.200000,1.179267
729,-0.963945,1.730078,3.557171,1.173075,-0.227423,2.143873,0.520000,0.660000,0.820000,0.000000,0.200000,1.173075
730,-0.975595,1.727423,3.578609,1.166568,-0.238916,2.162280,0.520000,0.640000,0.840000,0.000000,0.200000,1.166568
731,-0.987176,1.724650,3.600232,1.159749,-0.250240,2.178791,0.500000,0.640000,0.840000,0.000000,0.200000,1.159749
732,-0.998683,1.721759,3.622020,1.152625,-0.261380,2.193693,0.500000,0.640000,0.840000,0.000000,0.200000,1.152625
733,-1.010112,1.718750,3.643957,1.145200,-0.272321,2.207240,0.480000,0.640000,0.840000,0.000000,0.200000,1.145200
734,-1.021461,1.715623,3.666029,1.137480,-0.283053,2.219656,0.480000,0.640000,0.920000,0.000000,0.200000,1.137480
735,-1.032724,1.712377,3.688226,1.129472,-0.293566,2.231140,0.520000,0.640000,0.920000,0.000000,0.200000,1.129472
736,-1.043899,1.709014,3.710537,1.121180,-0.303854,2.241865,0.500000,0.640000,0.940000,0.000000,0.200000,1.121180
737,-1.054981,1.705533,3.732956,1.112612,-0.313910,2.251986,0.500000,0.640000,0.960000,0.000000,0.200000,1.112612
738,-1.065968,1.701937,3.755476,1.103771,-0.323730,2.261637,0.500000,0.640000,0.960000,0.000000,0.200000,1.103771
739,-1.076855,1.698225,3.778092,1.094666,-0.333311,2.270937,0.480000,0.620000,0.980000,0.000000,0.200000,1.094666
740,-1.087640,1.694399,3.800801,1.085299,-0.342649,2.279990,0.480000,0.620000,1.000000,0.000000,0.200000,1.085299
741,-1.098317,1.690460,3.823601,1.075678,-0.351743,2.288887,0.520000,0.640000,1.000000,0.000000,0.200000,1.075678
742,-1.108885,1.686410,3.846490,1.065807,-0.360592,2.297708,0.520000,0.640000,1.000000,0.000000,0.200000,1.065807
743,-1.119340,1.682250,3.869467,1.055691,-0.369194,2.306526,0.500000,0.640000,1.000000,0.000000,0.200000,1.055691
744,-1.129678,1.677984,3.892533,1.045335,-0.377549,2.315401,0.500000,0.640000,1.000000,0.000000,0.200000,1.045335
745,-1.139896,1.673611,3.915687,1.034743,-0.385657,2.324389,0.500000,0.640000,1.000000,0.000000,0.200000,1.034743
746,-1.149991,1.669135,3.938930,1.023920,-0.393516,2.333537,0.500000,0.640000,1.000000,0.000000,0.200000,1.023920
747,-1.159959,1.664558,3.962266,1.012871,-0.401128,2.342889,0.500000,0.640000,1.000000,0.000000,0.200000,1.012871
748,-1.169799,1.659882,3.985695,1.001598,-0.408491,2.352481,0.500000,0.640000,1.000000,0.000000,0.200000,1.001598
749,-1.179507,1.655111,4.009220,0.990106,-0.415606,2.362347,0.480000,0.660000,1.000000,0.000000,0.200000,0.990106
750,-1.189079,1.650246,4.032843,0.978399,-0.422473,2.372515,0.480000,0.660000,1.000000,0.000000,0.200000,0.978399
751,-1.198514,1.645290,4.056568,0.966480,-0.429091,2.383011,0.480000,0.660000,1.000000,0.000000,0.200000,0.966480
752,-1.207809,1.640247,4.080398,0.954354,-0.435460,2.393857,0.480000,0.680000,1.000000,0.000000,0.200000,0.954354
753,-1.216960,1.635119,4.104337,0.942022,-0.441580,2.405074,0.480000,0.680000,1.000000,0.000000,0.200000,0.942022
754,-1.225966,1.629910,4.128388,0.929489,-0.447450,2.416679,0.480000,0.780000,1.000000,0.000000,0.100000,0.929489
755,-1.234824,1.624623,4.152554,0.917721,-0.453385,2.415190,0.480000,0.780000,1.000000,0.000000,0.100000,0.917721
756,-1.243539,1.619254,4.176706,0.905812,-0.458946,2.415128,0.480000,0.800000,1.000000,0.000000,0.100000,0.905812
757,-1.252109,1.613808,4.200858,0.893766,-0.464148,2.416423,0.480000,0.820000,1.000000,0.000000,0.100000,0.893766
758,-1.260531,1.608286,4.225022,0.881585,-0.469005,2.419012,0.480000,0.840000,1.000000,0.000000,0.100000,0.881585
759,-1.268804,1.602693,4.249212,0.869272,-0.473529,2.422835,0.480000,0.880000,1.000000,0.000000,0.100000,0.869272
760,-1.276924,1.597032,4.273440,0.856829,-0.477730,2.427840,0.480000,0.900000,1.000000,0.000000,0.100000,0.856829
761,-1.284890,1.591306,4.297719,0.844258,-0.481617,2.433980,0.500000,0.940000,1.000000,0.000000,0.100000,0.844258
762,-1.292699,1.585520,4.322058,0.831560,-0.485199,2.441212,0.500000,0.980000,1.000000,0.000000,0.100000,0.831560
763,-1.300350,1.579676,4.346471,0.818739,-0.488483,2.449496,0.500000,1.000000,1.000000,0.000000,0.100000,0.818739
764,-1.307841,1.573778,4.370966,0.805795,-0.491476,2.458795,0.500000,1.000000,1.000000,0.000000,0.100000,0.805795
765,-1.315170,1.567831,4.395553,0.792730,-0.494184,2.469076,0.500000,1.000000,1.000000,0.000000,0.100000,0.792730
766,-1.322336,1.561838,4.420244,0.779547,-0.496610,2.480309,0.520000,1.000000,1.000000,0.000000,0.100000,0.779547
767,-1.329337,1.555803,4.445047,0.766246,-0.498759,2.492465,0.520000,1.000000,0.780000,0.000000,0.100000,0.766246
768,-1.336172,1.549730,4.469972,0.752831,-0.500633,2.505519,0.540000,1.000000,0.660000,0.000000,0.100000,0.752831
769,-1.342839,1.543624,4.495027,0.739302,-0.502237,2.519446,0.540000,1.000000,0.580000,0.000000,0.100000,0.739302
770,-1.349337,1.537488,4.520222,0.725662,-0.503571,2.534225,0.560000,1.000000,0.520000,0.000000,0.100000,0.725662
771,-1.355666,1.531326,4.545564,0.711913,-0.504636,2.549834,0.560000,1.000000,0.480000,0.000000,-1.000000,0.711913
772,-1.361825,1.525144,4.571062,0.691730,-0.519520,1.963793,0.660000,1.000000,0.440000,0.100000,-1.000000,0.691730
773,-1.367942,1.519028,4.590700,0.681496,-0.529650,1.385241,0.680000,1.000000,0.420000,0.200000,-1.000000,0.681496
774,-1.374027,1.512906,4.604553,0.681378,-0.535476,0.813549,0.700000,1.000000,0.420000,0.200000,-1.000000,0.681378
775,-1.380084,1.506708,4.612688,0.684423,-0.537294,0.247099,0.700000,1.000000,0.440000,0.200000,-1.000000,0.684423
776,-1.386111,1.500433,4.615159,0.690632,-0.535181,-0.315184,0.680000,1.000000,0.440000,0.200000,-1.000000,0.690632
777,-1.392108,1.494078,4.612007,0.699937,-0.529162,-0.874505,0.660000,1.000000,0.480000,0.200000,-1.000000,0.699937
778,-1.398075,1.487645,4.603262,0.712206,-0.519205,-1.432013,0.640000,1.000000,0.500000,0.200000,0.300000,0.712206
779,-1.404012,1.481130,4.588942,0.730666,-0.491673,-1.408877,0.620000,1.000000,0.560000,0.200000,0.300000,0.730666
780,-1.409791,1.474485,4.574853,0.748622,-0.464121,-1.384226,0.500000,1.000000,0.620000,0.200000,0.300000,0.748622
781,-1.415414,1.467706,4.561011,0.766083,-0.436597,-1.357465,0.480000,1.000000,0.680000,0.200000,0.300000,0.766083
782,-1.420886,1.460791,4.547436,0.783054,-0.409158,-1.327846,0.460000,1.000000,0.760000,0.200000,0.300000,0.783054
783,-1.426208,1.453738,4.534158,0.799541,-0.381871,-1.294448,0.440000,1.000000,0.840000,0.200000,0.300000,0.799541
784,-1.431383,1.446547,4.521213,0.815550,-0.354820,-1.256159,0.420000,1.000000,0.940000,0.200000,0.300000,0.815550
785,-1.436417,1.439214,4.508652,0.831087,-0.328101,-1.211666,0.420000,1.000000,1.000000,0.200000,0.300000,0.831087
786,-1.441311,1.431739,4.496535,0.846160,-0.301831,-1.159477,0.400000,1.000000,1.000000,0.200000,0.300000,0.846160
787,-1.446072,1.424120,4.484940,0.860777,-0.276146,-1.097970,0.380000,1.000000,1.000000,0.200000,0.300000,0.860777
788,-1.450703,1.416357,4.473961,0.874949,-0.251199,-1.025493,0.360000,1.000000,1.000000,0.200000,0.300000,0.874949
789,-1.455210,1.408448,4.463706,0.888692,-0.227162,-0.940514,0.360000,0.960000,1.000000,0.200000,0.300000,0.888692
790,-1.459600,1.400393,4.454301,0.902025,-0.204218,-0.841808,0.340000,0.920000,1.000000,0.200000,0.300000,0.902025
791,-1.463876,1.392193,4.445883,0.914975,-0.182553,-0.728657,0.340000,0.880000,1.000000,0.200000,0.300000,0.914975
792,-1.468047,1.383847,4.438596,0.927574,-0.162351,-0.601020,0.320000,0.840000,1.000000,0.200000,0.300000,0.927574
793,-1.472118,1.375356,4.432586,0.939859,-0.143783,-0.459613,0.320000,0.820000,1.000000,0.200000,0.300000,0.939859
794,-1.476096,1.366720,4.427990,0.951872,-0.126998,-0.305899,0.320000,0.800000,1.000000,0.200000,0.300000,0.951872
795,-1.479985,1.357940,4.424931,0.963657,-0.112117,-0.141963,0.300000,0.780000,1.000000,0.200000,0.300000,0.963657
796,-1.483793,1.349017,4.423511,0.975260,-0.099228,0.029681,0.300000,0.760000,1.000000,0.200000,0.300000,0.975260
797,-1.487522,1.339951,4.423808,0.986719,-0.088386,0.206303,0.300000,0.740000,1.000000,0.200000,0.300000,0.986719
798,-1.491178,1.330743,4.425871,0.998069,-0.079613,0.385164,0.300000,0.740000,1.000000,0.200000,0.300000,0.998069
799,-1.494762,1.321394,4.429722,1.009335,-0.072898,0.563680,0.280000,0.740000,1.000000,0.200000,0.300000,1.009335
800,-1.498277,1.311905,4.435359,1.020532,-0.068204,0.739537,0.280000,0.740000,1.000000,0.200000,0.300000,1.020532
801,-1.501724,1.302275,4.442755,1.031667,-0.065471,0.910754,0.280000,0.760000,1.000000,0.200000,0.300000,1.031667
802,-1.505104,1.292506,4.451862,1.042735,-0.064619,1.075718,0.280000,0.780000,1.000000,0.200000,0.300000,1.042735
803,-1.508414,1.282597,4.462619,1.053721,-0.065555,1.233175,0.280000,0.800000,1.000000,0.200000,0.300000,1.053721
804,-1.511654,1.272549,4.474951,1.064606,-0.068176,1.382215,0.280000,0.820000,1.000000,0.200000,0.300000,1.064606
805,-1.514820,1.262362,4.488773,1.075362,-0.072374,1.522240,0.280000,0.860000,1.000000,0.200000,0.300000,1.075362
806,-1.517911,1.252036,4.503996,1.085956,-0.078037,1.652923,0.280000,0.900000,1.000000,0.200000,0.300000,1.085956
807,-1.520921,1.241573,4.520525,1.096356,-0.085055,1.774171,0.280000,1.000000,1.000000,0.200000,0.300000,1.096356
808,-1.523847,1.230973,4.538267,1.106523,-0.093320,1.886086,0.300000,1.000000,1.000000,0.000000,0.100000,1.106523
809,-1.526683,1.220237,4.557127,1.104268,-0.106052,1.846691,0.380000,1.000000,0.960000,0.000000,0.100000,1.104268
810,-1.529438,1.209491,4.575594,1.101782,-0.117752,1.809012,0.380000,1.000000,0.920000,0.200000,0.300000,1.101782
811,-1.532107,1.198736,4.593685,1.111234,-0.125512,1.900822,0.400000,1.000000,0.920000,0.000000,0.100000,1.111234
812,-1.534669,1.187851,4.612693,1.108282,-0.137185,1.860671,0.400000,1.000000,0.900000,0.000000,0.100000,1.108282
813,-1.537138,1.176960,4.631299,1.105137,-0.147900,1.822702,0.420000,1.000000,0.880000,0.200000,0.300000,1.105137
814,-1.539507,1.166064,4.649526,1.113946,-0.155097,1.899514,0.440000,1.000000,0.840000,0.000000,0.100000,1.113946
815,-1.541755,1.155044,4.668522,1.110374,-0.165737,1.860879,0.440000,1.000000,0.780000,0.000000,0.100000,1.110374
816,-1.543897,1.144024,4.687130,1.106643,-0.175504,1.824517,0.460000,1.000000,0.740000,0.200000,0.300000,1.106643
817,-1.545931,1.133005,4.705376,1.114882,-0.182132,1.890008,0.480000,1.000000,0.720000,0.000000,0.100000,1.114882
818,-1.547831,1.121870,4.724276,1.110764,-0.191812,1.853952,0.500000,1.000000,0.680000,0.000000,0.100000,1.110764
819,-1.549617,1.110740,4.742815,1.106515,-0.200701,1.820079,0.520000,1.000000,0.660000,0.200000,0.300000,1.106515
820,-1.551286,1.099619,4.761016,1.114251,-0.206785,1.876882,0.540000,1.000000,0.640000,0.000000,0.100000,1.114251
821,-1.552810,1.088389,4.779785,1.109654,-0.215589,1.843804,0.580000,1.000000,0.600000,0.000000,0.100000,1.109654
822,-1.554214,1.077173,4.798223,1.104947,-0.223679,1.812743,0.620000,1.000000,0.580000,0.200000,0.300000,1.104947
823,-1.555495,1.065972,4.816350,1.112239,-0.229253,1.862765,0.660000,1.000000,0.560000,0.000000,0.100000,1.112239
824,-1.556621,1.054672,4.834978,1.107218,-0.237269,1.832718,0.700000,1.000000,0.540000,0.000000,0.100000,1.107218
825,-1.557622,1.043392,4.853305,1.102105,-0.244639,1.804503,0.760000,1.000000,0.540000,0.200000,0.300000,1.102105
826,-1.558496,1.032137,4.871350,1.109002,-0.249741,1.849139,1.000000,1.000000,0.520000,0.000000,0.100000,1.109002
827,-1.559206,1.020792,4.889842,1.103603,-0.257049,1.822011,1.000000,1.000000,0.500000,0.200000,0.300000,1.103603
828,-1.559788,1.009475,4.908062,1.110213,-0.262200,1.863643,1.000000,1.000000,0.480000,0.000000,-1.000000,1.110213
829,-1.560202,0.998075,4.926698,1.096986,-0.281598,1.317282,1.000000,0.980000,0.480000,0.200000,-1.000000,1.096986
830,-1.560620,0.986757,4.939871,1.098977,-0.294689,0.769832,1.000000,0.940000,0.460000,0.200000,-1.000000,1.098977
831,-1.561013,0.975386,4.947569,1.102440,-0.301816,0.225502,1.000000,0.900000,0.460000,0.200000,-1.000000,1.102440
832,-1.561379,0.963962,4.949824,1.107516,-0.303054,-0.313063,1.000000,0.900000,0.460000,0.200000,-1.000000,1.107516
833,-1.561720,0.952485,4.946694,1.114242,-0.298497,-0.842774,1.000000,0.920000,0.460000,0.200000,-1.000000,1.114242
834,-1.562036,0.940954,4.938266,1.122544,-0.288264,-1.359770,1.000000,0.940000,0.460000,0.200000,-1.000000,1.122544
835,-1.562332,0.929368,4.924668,1.132252,-0.272518,-1.859040,1.000000,0.980000,0.480000,0.200000,-1.000000,1.132252
836,-1.562610,0.917725,4.906078,1.143100,-0.251492,-2.334055,1.000000,0.960000,0.500000,0.200000,0.300000,1.143100
837,-1.562878,0.906024,4.882737,1.160130,-0.211483,-2.176267,1.000000,1.000000,0.520000,0.200000,0.300000,1.160130
838,-1.562995,0.894232,4.860974,1.175938,-0.173831,-1.988083,1.000000,1.000000,0.540000,0.200000,0.300000,1.175938
839,-1.562974,0.882345,4.841094,1.190654,-0.139002,-1.770206,0.880000,1.000000,0.560000,0.200000,0.300000,1.190654
840,-1.562824,0.870358,4.823392,1.204435,-0.107408,-1.525624,0.640000,1.000000,0.580000,0.200000,0.300000,1.204435
841,-1.562557,0.858269,4.808135,1.217460,-0.079389,-1.259126,0.600000,1.000000,0.600000,0.200000,0.300000,1.217460
842,-1.562183,0.846074,4.795544,1.229917,-0.055193,-0.976543,0.580000,1.000000,0.600000,0.200000,0.300000,1.229917
843,-1.561712,0.833772,4.785779,1.241987,-0.034978,-0.683984,0.560000,1.000000,0.620000,0.200000,0.300000,1.241987
844,-1.561150,0.821360,4.778939,1.253828,-0.018815,-0.387266,0.560000,1.000000,0.620000,0.200000,0.300000,1.253828
845,-1.560504,0.808837,4.775066,1.265570,-0.006694,-0.091576,0.540000,1.000000,0.620000,0.200000,0.300000,1.265570
846,-1.559778,0.796202,4.774150,1.277305,0.001464,0.198680,0.540000,1.000000,0.620000,0.200000,0.300000,1.277305
847,-1.558975,0.783454,4.776137,1.289087,0.005793,0.479875,0.560000,1.000000,0.600000,0.200000,0.300000,1.289087
848,-1.558096,0.770593,4.780936,1.300932,0.006472,0.749105,0.560000,1.000000,0.600000,0.200000,0.300000,1.300932
849,-1.557140,0.757619,4.788427,1.312822,0.003714,1.004106,0.580000,1.000000,0.580000,0.200000,0.300000,1.312822
850,-1.556106,0.744531,4.798468,1.324714,-0.002244,1.243177,0.760000,1.000000,0.580000,0.200000,0.300000,1.324714
851,-1.554990,0.731331,4.810900,1.336541,-0.011150,1.465124,0.960000,1.000000,0.580000,0.200000,0.300000,1.336541
852,-1.553786,0.718020,4.825551,1.348220,-0.022747,1.669231,1.000000,1.000000,0.560000,0.200000,0.300000,1.348220
853,-1.552490,0.704598,4.842243,1.359660,-0.036775,1.855224,1.000000,1.000000,0.540000,-1.000000,0.100000,1.359660
854,-1.551094,0.691068,4.860796,1.288557,-0.056995,1.851664,1.000000,1.000000,0.520000,-1.000000,0.100000,1.288557
855,-1.549752,0.678240,4.879312,1.217054,-0.074847,1.837759,1.000000,0.980000,0.500000,0.000000,0.100000,1.217054
856,-1.548468,0.666114,4.897690,1.215205,-0.090251,1.814813,1.000000,0.880000,0.480000,0.200000,-1.000000,1.215205
857,-1.547116,0.654004,4.915838,1.219091,-0.113842,1.399368,1.000000,0.800000,0.460000,0.200000,-1.000000,1.219091
858,-1.545768,0.641834,4.929832,1.223037,-0.132238,0.975062,1.000000,0.740000,0.460000,0.200000,-1.000000,1.223037
859,-1.544421,0.629607,4.939582,1.227301,-0.145413,0.547456,1.000000,0.740000,0.440000,0.200000,-1.000000,1.227301
860,-1.543073,0.617322,4.945057,1.232071,-0.153402,0.121675,1.000000,0.720000,0.440000,0.200000,-1.000000,1.232071
861,-1.541725,0.604979,4.946274,1.237462,-0.156296,-0.297318,1.000000,0.720000,0.440000,0.200000,-1.000000,1.237462
862,-1.540377,0.592579,4.943300,1.243512,-0.154244,-0.704505,1.000000,0.700000,0.440000,0.200000,-1.000000,1.243512
863,-1.539033,0.580121,4.936255,1.250189,-0.147452,-1.094685,1.000000,0.700000,0.440000,0.200000,-1.000000,1.250189
864,-1.537695,0.567604,4.925309,1.257394,-0.136193,-1.462453,1.000000,0.720000,0.440000,0.200000,-1.000000,1.257394
865,-1.536369,0.555026,4.910684,1.264975,-0.120805,-1.802355,1.000000,0.760000,0.440000,0.200000,-1.000000,1.264975
866,-1.535062,0.542386,4.892660,1.272735,-0.101690,-2.109217,1.000000,0.840000,0.420000,0.200000,-1.000000,1.272735
867,-1.533780,0.529683,4.871568,1.280453,-0.079307,-2.378643,1.000000,0.920000,0.400000,0.200000,-1.000000,1.280453
868,-1.532534,0.516914,4.847782,1.287902,-0.054156,-2.607562,1.000000,0.920000,0.400000,0.200000,-1.000000,1.287902
869,-1.531332,0.504080,4.821706,1.294865,-0.026752,-2.794636,1.000000,0.980000,0.420000,0.200000,-1.000000,1.294865
870,-1.530185,0.491180,4.793760,1.301149,0.002392,-2.940379,0.980000,1.000000,0.460000,0.200000,-1.000000,1.301149
871,-1.529104,0.478213,4.764356,1.306602,0.032789,-3.046940,0.880000,1.000000,0.480000,0.200000,-1.000000,1.306602
872,-1.528097,0.465182,4.733887,1.311113,0.063987,-3.117641,0.820000,1.000000,0.520000,0.200000,0.300000,1.311113
873,-1.527176,0.452087,4.702710,1.320789,0.108002,-2.625195,0.740000,1.000000,0.560000,0.200000,0.300000,1.320789
874,-1.526224,0.438870,4.676458,1.329802,0.144755,-2.134611,0.700000,1.000000,0.580000,0.200000,0.300000,1.329802
875,-1.525255,0.425528,4.655112,1.338745,0.174310,-1.654450,0.660000,1.000000,0.580000,0.200000,0.300000,1.338745
876,-1.524281,0.412063,4.638568,1.348070,0.196863,-1.189956,0.640000,1.000000,0.560000,0.200000,0.300000,1.348070
877,-1.523312,0.398474,4.626668,1.358095,0.212707,-0.743752,0.640000,1.000000,0.540000,0.200000,0.300000,1.358095
878,-1.522355,0.384761,4.619231,1.369014,0.222183,-0.316651,0.620000,1.000000,0.560000,0.200000,0.300000,1.369014
879,-1.521417,0.370923,4.616064,1.380912,0.225651,0.091552,0.620000,1.000000,0.560000,0.200000,0.300000,1.380912
880,-1.520499,0.356961,4.616980,1.393788,0.223470,0.481400,0.620000,1.000000,0.560000,0.200000,0.300000,1.393788
881,-1.519602,0.342874,4.621794,1.407567,0.215990,0.853255,0.640000,1.000000,0.540000,0.200000,0.300000,1.407567
882,-1.518724,0.328660,4.630326,1.422115,0.203552,1.206944,0.640000,1.000000,0.520000,0.200000,0.300000,1.422115
883,-1.517862,0.314320,4.642396,1.437248,0.186498,1.541570,0.660000,1.000000,0.500000,0.200000,0.300000,1.437248
884,-1.517006,0.299852,4.657811,1.452747,0.165183,1.855488,0.680000,1.000000,0.480000,-1.000000,-1.000000,1.452747
885,-1.516149,0.285256,4.676366,1.377220,0.130462,1.739537,0.720000,1.000000,0.460000,0.200000,-1.000000,1.377220
886,-1.515342,0.271446,4.693762,1.384920,0.099326,1.595307,0.760000,1.000000,0.460000,0.200000,-1.000000,1.384920
887,-1.514606,0.257581,4.709715,1.391940,0.070694,1.420312,0.780000,1.000000,0.440000,0.200000,-1.000000,1.391940
888,-1.513937,0.243660,4.723918,1.398384,0.044949,1.218250,0.820000,1.000000,0.440000,0.200000,-1.000000,1.398384
889,-1.513326,0.229682,4.736100,1.404378,0.022412,0.993579,0.860000,1.000000,0.420000,0.200000,-1.000000,1.404378
890,-1.512769,0.215647,4.746036,1.410052,0.003330,0.751144,0.880000,1.000000,0.420000,0.200000,-1.000000,1.410052
891,-1.512261,0.201556,4.753547,1.415535,-0.012117,0.495898,1.000000,1.000000,0.400000,0.200000,-1.000000,1.415535
892,-1.511800,0.187408,4.758506,1.420938,-0.023821,0.232723,1.000000,1.000000,0.380000,0.200000,-1.000000,1.420938
893,-1.511383,0.173202,4.760834,1.426351,-0.031739,-0.033663,1.000000,1.000000,0.380000,0.200000,-1.000000,1.426351
894,-1.511009,0.158940,4.760497,1.431834,-0.035890,-0.298758,1.000000,1.000000,0.360000,0.200000,-1.000000,1.431834
895,-1.510679,0.144621,4.757509,1.437416,-0.036353,-0.558299,1.000000,1.000000,0.360000,0.200000,-1.000000,1.437416
896,-1.510394,0.130245,4.751927,1.443095,-0.033261,-0.808300,1.000000,1.000000,0.340000,0.200000,-1.000000,1.443095
897,-1.510156,0.115813,4.743844,1.448840,-0.026799,-1.045104,1.000000,1.000000,0.360000,0.200000,-1.000000,1.448840
898,-1.509968,0.101323,4.733392,1.454595,-0.017198,-1.265457,0.980000,1.000000,0.360000,0.200000,-1.000000,1.454595
899,-1.509835,0.086776,4.720738,1.460285,-0.004727,-1.466605,0.940000,1.000000,0.380000,0.200000,-1.000000,1.460285
900,-1.509760,0.072174,4.706072,1.465823,0.010311,-1.646384,0.900000,1.000000,0.400000,0.200000,-1.000000,1.465823
901,-1.509749,0.057515,4.689608,1.471116,0.027591,-1.803299,0.760000,1.000000,0.400000,0.200000,-1.000000,1.471116
902,-1.509809,0.042802,4.671575,1.476077,0.046776,-1.936557,0.720000,1.000000,0.440000,0.200000,-1.000000,1.476077
903,-1.509944,0.028034,4.652209,1.480623,0.067523,-2.046052,0.700000,1.000000,0.460000,0.200000,-1.000000,1.480623
904,-1.510160,0.013214,4.631749,1.484687,0.089495,-2.132293,0.660000,1.000000,0.500000,0.200000,0.300000,1.484687
905,-1.510464,-0.001657,4.610426,1.494564,0.124295,-1.686159,0.640000,1.000000,0.500000,0.200000,0.300000,1.494564
906,-1.510749,-0.016651,4.593564,1.504400,0.151821,-1.244355,0.620000,1.000000,0.480000,0.200000,-1.000000,1.504400
907,-1.511025,-0.031769,4.581121,1.507924,0.161211,-1.283061,0.600000,1.000000,0.480000,0.200000,-1.000000,1.507924
908,-1.511400,-0.046930,4.568290,1.511267,0.171063,-1.313802,0.580000,1.000000,0.460000,0.200000,-1.000000,1.511267
909,-1.511877,-0.062131,4.555152,1.514428,0.181259,-1.336708,0.560000,1.000000,0.480000,0.200000,-1.000000,1.514428
910,-1.512459,-0.077373,4.541785,1.517411,0.191686,-1.352001,0.560000,1.000000,0.520000,0.200000,0.300000,1.517411
911,-1.513146,-0.092652,4.528265,1.527021,0.212803,-0.907879,0.540000,1.000000,0.560000,0.200000,0.300000,1.527021
912,-1.513850,-0.108054,4.519186,1.537424,0.226761,-0.479097,0.540000,1.000000,0.600000,0.200000,0.300000,1.537424
913,-1.514576,-0.123577,4.514395,1.548778,0.233895,-0.066559,0.520000,1.000000,0.620000,0.200000,0.300000,1.548778
914,-1.515329,-0.139223,4.513730,1.561139,0.234557,0.329561,0.520000,1.000000,0.620000,0.200000,0.300000,1.561139
915,-1.516111,-0.154990,4.517025,1.574471,0.229098,0.709241,0.520000,1.000000,0.620000,0.200000,0.300000,1.574471
916,-1.516920,-0.170880,4.524118,1.588667,0.217865,1.072184,0.540000,1.000000,0.600000,0.200000,0.300000,1.588667
917,-1.517753,-0.186893,4.534840,1.603557,0.201207,1.417535,0.540000,1.000000,0.560000,0.200000,0.300000,1.603557
918,-1.518605,-0.203032,4.549015,1.618920,0.179487,1.743752,0.560000,1.000000,0.520000,0.200000,0.300000,1.618920
919,-1.519467,-0.219298,4.566453,1.634494,0.153086,2.048658,0.560000,1.000000,0.480000,-1.000000,-1.000000,1.634494
920,-1.520329,-0.235692,4.586939,1.558995,0.112446,1.903259,0.680000,1.000000,0.440000,-1.000000,-1.000000,1.558995
921,-1.521164,-0.251300,4.605972,1.482526,0.076298,1.725208,0.700000,1.000000,0.420000,0.200000,-1.000000,1.482526
922,-1.521980,-0.266122,4.623224,1.489259,0.044884,1.516387,0.720000,1.000000,0.380000,0.200000,-1.000000,1.489259
923,-1.522859,-0.280996,4.638388,1.495362,0.017033,1.280268,0.740000,1.000000,0.380000,0.200000,-1.000000,1.495362
924,-1.523795,-0.295921,4.651190,1.501010,-0.006916,1.022101,0.760000,1.000000,0.360000,0.200000,-1.000000,1.501010
925,-1.524782,-0.310899,4.661411,1.506375,-0.026710,0.747313,0.780000,1.000000,0.340000,0.200000,-1.000000,1.506375
926,-1.525816,-0.325929,4.668884,1.511618,-0.042180,0.461272,0.800000,1.000000,0.340000,0.200000,-1.000000,1.511618
927,-1.526895,-0.341013,4.673497,1.516872,-0.053231,0.169159,0.800000,1.000000,0.340000,0.200000,-1.000000,1.516872
928,-1.528017,-0.356149,4.675189,1.522236,-0.059845,-0.124069,0.800000,1.000000,0.340000,0.200000,-1.000000,1.522236
929,-1.529181,-0.371339,4.673948,1.527768,-0.062072,-0.413682,0.800000,1.000000,0.340000,0.200000,-1.000000,1.527768
930,-1.530389,-0.386581,4.669811,1.533485,-0.060030,-0.695181,0.780000,1.000000,0.360000,0.200000,-1.000000,1.533485
931,-1.531641,-0.401877,4.662859,1.539362,-0.053899,-0.964321,0.760000,1.000000,0.360000,0.200000,-1.000000,1.539362
932,-1.532941,-0.417225,4.653216,1.545341,-0.043919,-1.217174,0.740000,1.000000,0.380000,0.200000,-1.000000,1.545341
933,-1.534294,-0.432625,4.641044,1.551333,-0.030381,-1.450238,0.720000,1.000000,0.400000,0.200000,-1.000000,1.551333
934,-1.535703,-0.448077,4.626542,1.557226,-0.013624,-1.660569,0.700000,1.000000,0.420000,0.200000,-1.000000,1.557226
935,-1.537174,-0.463581,4.609936,1.562899,0.005975,-1.845918,0.680000,1.000000,0.460000,0.200000,-1.000000,1.562899
936,-1.538713,-0.479134,4.591477,1.568230,0.028016,-2.004846,0.640000,1.000000,0.500000,0.200000,0.300000,1.568230
937,-1.540326,-0.494735,4.571429,1.579279,0.064497,-1.605982,0.620000,1.000000,0.560000,0.200000,0.300000,1.579279
938,-1.541906,-0.510462,4.555369,1.589973,0.094062,-1.202163,0.600000,1.000000,0.600000,0.200000,0.300000,1.589973
939,-1.543464,-0.526313,4.543347,1.600684,0.116711,-0.800218,0.580000,1.000000,0.660000,0.200000,0.300000,1.600684
940,-1.545006,-0.542288,4.535345,1.611695,0.132561,-0.405219,0.580000,0.960000,0.680000,0.200000,0.300000,1.611695
941,-1.546540,-0.558387,4.531293,1.623187,0.141814,-0.020819,0.560000,0.940000,1.000000,0.200000,0.300000,1.623187
942,-1.548068,-0.574609,4.531085,1.635252,0.144736,0.350321,0.560000,0.920000,1.000000,0.200000,0.300000,1.635252
943,-1.549593,-0.590954,4.534588,1.647894,0.141633,0.706113,0.560000,0.920000,1.000000,0.200000,0.300000,1.647894
944,-1.551114,-0.607424,4.541649,1.661049,0.132843,1.044711,0.580000,0.940000,1.000000,0.200000,0.300000,1.661049
945,-1.552627,-0.624019,4.552096,1.674586,0.118733,1.364290,0.580000,0.960000,1.000000,0.200000,0.300000,1.674586
946,-1.554128,-0.640739,4.565739,1.688329,0.099692,1.662976,0.600000,0.940000,0.620000,0.200000,0.300000,1.688329
947,-1.555608,-0.657587,4.582369,1.702066,0.076134,1.938909,0.600000,0.940000,0.580000,-1.000000,0.100000,1.702066
948,-1.557060,-0.674563,4.601758,1.633226,0.043578,1.980308,0.620000,0.920000,0.540000,-1.000000,0.100000,1.633226
949,-1.558430,-0.690843,4.621561,1.563744,0.012865,2.008323,0.660000,0.900000,0.500000,-1.000000,0.100000,1.563744
950,-1.559721,-0.706428,4.641644,1.493626,-0.015715,2.023110,0.680000,0.920000,0.480000,-1.000000,-1.000000,1.493626
951,-1.560933,-0.721316,4.661875,1.414741,-0.049461,1.703008,0.680000,0.920000,0.440000,0.200000,-1.000000,1.414741
952,-1.562141,-0.735420,4.678905,1.419363,-0.076466,1.353581,0.660000,0.900000,0.420000,0.200000,-1.000000,1.419363
953,-1.563381,-0.749580,4.692441,1.423803,-0.098262,0.988960,0.660000,0.900000,0.420000,0.200000,-1.000000,1.423803
954,-1.564647,-0.763796,4.702331,1.428317,-0.114728,0.615337,0.660000,0.880000,0.400000,0.200000,-1.000000,1.428317
955,-1.565938,-0.778067,4.708484,1.433107,-0.125821,0.238390,0.660000,0.860000,0.400000,0.200000,-1.000000,1.433107
956,-1.567252,-0.792393,4.710868,1.438312,-0.131571,-0.136552,0.660000,0.860000,0.400000,0.200000,-1.000000,1.438312
957,-1.568590,-0.806774,4.709503,1.444002,-0.132078,-0.504347,0.660000,0.840000,0.400000,0.200000,-1.000000,1.444002
958,-1.569952,-0.821210,4.704459,1.450183,-0.127511,-0.859924,0.660000,0.840000,0.420000,0.200000,-1.000000,1.450183
959,-1.571342,-0.835701,4.695860,1.456795,-0.118108,-1.198243,0.640000,0.820000,0.420000,0.200000,-1.000000,1.456795
960,-1.572764,-0.850248,4.683877,1.463723,-0.104176,-1.514362,0.620000,0.820000,0.440000,0.200000,-1.000000,1.463723
961,-1.574223,-0.864849,4.668734,1.470810,-0.086088,-1.803624,0.580000,0.800000,0.880000,0.200000,0.300000,1.470810
962,-1.575725,-0.879506,4.650698,1.483765,-0.051143,-1.500034,0.560000,0.780000,0.860000,0.200000,0.300000,1.483765
963,-1.577150,-0.894284,4.635697,1.496016,-0.021322,-1.179970,0.540000,0.780000,0.840000,0.200000,0.300000,1.496016
964,-1.578509,-0.909184,4.623898,1.507834,0.003179,-0.850259,0.540000,0.720000,0.840000,0.200000,0.300000,1.507834
965,-1.579810,-0.924206,4.615395,1.519452,0.022277,-0.517106,0.520000,0.720000,0.820000,0.200000,0.300000,1.519452
966,-1.581059,-0.939350,4.610224,1.531055,0.035993,-0.185833,0.500000,0.700000,0.800000,0.200000,0.300000,1.531055
967,-1.582263,-0.954618,4.608366,1.542767,0.044433,0.139145,0.500000,0.680000,0.780000,0.200000,0.300000,1.542767
968,-1.583423,-0.970008,4.609757,1.554657,0.047772,0.454218,0.500000,0.680000,0.780000,0.200000,0.300000,1.554657
969,-1.584540,-0.985522,4.614299,1.566735,0.046238,0.756428,0.500000,0.660000,0.760000,0.200000,0.300000,1.566735
970,-1.585614,-1.001159,4.621863,1.578963,0.040102,1.043336,0.500000,0.660000,0.760000,0.200000,0.300000,1.578963
971,-1.586643,-1.016920,4.632297,1.591262,0.029668,1.312924,0.520000,0.640000,0.740000,0.200000,0.300000,1.591262
972,-1.587620,-1.032806,4.645426,1.603520,0.015264,1.563567,0.500000,0.660000,0.740000,0.200000,0.300000,1.603520
973,-1.588541,-1.048815,4.661062,1.615600,-0.002766,1.794052,0.480000,0.660000,0.720000,0.200000,0.300000,1.615600
974,-1.589397,-1.064949,4.679002,1.627354,-0.024072,2.003632,0.480000,0.640000,0.720000,-1.000000,0.200000,1.627354
975,-1.590181,-1.081205,4.699039,1.555657,-0.049946,2.121779,0.480000,0.620000,0.700000,-1.000000,0.200000,1.555657
976,-1.590888,-1.096753,4.720256,1.483345,-0.075259,2.219243,0.500000,0.620000,0.700000,-1.000000,0.200000,1.483345
977,-1.591524,-1.111592,4.742449,1.410380,-0.099516,2.296962,0.500000,0.600000,0.680000,-1.000000,0.200000,1.410380
978,-1.592095,-1.125720,4.765418,1.336755,-0.122303,2.356489,0.500000,0.600000,0.680000,-1.000000,0.200000,1.336755
979,-1.592607,-1.139133,4.788983,1.262490,-0.143290,2.399824,0.480000,0.620000,0.680000,0.000000,0.200000,1.262490
980,-1.593070,-1.151831,4.812982,1.257625,-0.162227,2.429217,0.520000,0.620000,0.680000,0.000000,0.200000,1.257625
981,-1.593421,-1.164506,4.837274,1.252212,-0.180887,2.453575,0.540000,0.600000,0.680000,0.000000,0.200000,1.252212
982,-1.593656,-1.177156,4.861809,1.246260,-0.199237,2.473796,0.520000,0.600000,0.720000,0.000000,0.200000,1.246260
983,-1.593771,-1.189777,4.886547,1.239778,-0.217249,2.490658,0.500000,0.580000,0.720000,0.000000,0.200000,1.239778
984,-1.593762,-1.202363,4.911454,1.232778,-0.234905,2.504821,0.500000,0.580000,0.720000,0.000000,0.200000,1.232778
985,-1.593627,-1.214912,4.936502,1.225271,-0.252190,2.516849,0.480000,0.580000,0.700000,0.000000,0.200000,1.225271
986,-1.593363,-1.227419,4.961671,1.217270,-0.269097,2.527216,0.480000,0.560000,0.700000,0.000000,0.200000,1.217270
987,-1.592968,-1.239879,4.986943,1.208786,-0.285620,2.536319,0.500000,0.560000,0.700000,0.000000,0.200000,1.208786
988,-1.592440,-1.252289,5.012306,1.199832,-0.301757,2.544495,0.480000,0.560000,0.720000,0.000000,0.200000,1.199832
989,-1.591778,-1.264643,5.037751,1.190420,-0.317507,2.552023,0.480000,0.540000,0.720000,0.000000,0.200000,1.190420
990,-1.590981,-1.276938,5.063271,1.180560,-0.332871,2.559139,0.460000,0.540000,0.720000,0.000000,0.200000,1.180560
991,-1.590049,-1.289168,5.088863,1.170263,-0.347851,2.566037,0.460000,0.540000,0.720000,0.000000,0.200000,1.170263
992,-1.588982,-1.301330,5.114523,1.159541,-0.362450,2.572882,0.440000,0.540000,0.720000,0.000000,0.200000,1.159541
993,-1.587779,-1.313419,5.140252,1.148401,-0.376671,2.579810,0.480000,0.520000,0.720000,0.000000,0.200000,1.148401
994,-1.586441,-1.325431,5.166050,1.136852,-0.390518,2.586935,0.480000,0.520000,0.720000,0.000000,0.200000,1.136852
995,-1.584969,-1.337361,5.191919,1.124904,-0.403994,2.594351,0.460000,0.520000,0.740000,0.000000,0.200000,1.124904
996,-1.583363,-1.349205,5.217863,1.112563,-0.417102,2.602139,0.460000,0.520000,0.740000,0.000000,0.200000,1.112563
997,-1.581625,-1.360959,5.243884,1.099837,-0.429846,2.610363,0.440000,0.520000,0.760000,0.000000,0.200000,1.099837
998,-1.579756,-1.372619,5.269988,1.086732,-0.442229,2.619077,0.440000,0.500000,0.760000,0.000000,0.200000,1.086732
999,-1.577758,-1.384180,5.296179,1.073255,-0.454252,2.628328,0.440000,0.500000,0.780000,0.000000,0.200000,1.073255
