step,x,y,mu,vx,vy,omega,lidar_l,lidar_c,lidar_r,throttle,steering,reward
0,0.522911,1.617845,1.710889,0.000000,0.000000,0.000000,0.280000,0.280000,0.320000,0.600000,-1.000000,0.000000
1,0.522911,1.617845,1.710889,0.042000,0.000000,0.000000,0.280000,0.280000,0.320000,0.600000,-1.000000,0.042000
2,0.522853,1.618261,1.710889,0.075635,-0.005371,-0.229722,0.280000,0.280000,0.320000,0.600000,-1.000000,0.075635
3,0.522800,1.619017,1.708592,0.109385,-0.011496,-0.408216,0.280000,0.280000,0.300000,0.600000,-1.000000,0.109385
4,0.522764,1.620116,1.704510,0.143224,-0.016936,-0.603583,0.280000,0.280000,0.300000,0.400000,-1.000000,0.143224
5,0.522741,1.621558,1.698474,0.163149,-0.022032,-0.793494,0.280000,0.280000,0.300000,0.400000,-1.000000,0.163149
6,0.522751,1.623205,1.690539,0.183195,-0.026823,-0.974455,0.280000,0.280000,0.300000,0.400000,-1.000000,0.183195
7,0.522799,1.625056,1.680794,0.203363,-0.031224,-1.148410,0.280000,0.280000,0.300000,0.400000,-1.000000,0.203363
8,0.522886,1.627111,1.669310,0.223654,-0.035181,-1.315587,0.280000,0.260000,0.300000,0.400000,-0.800000,0.223654
9,0.523016,1.629371,1.656154,0.245792,-0.039625,-1.517366,0.280000,0.260000,0.300000,0.200000,-0.800000,0.245792
10,0.523201,1.631854,1.640981,0.254116,-0.043425,-1.708001,0.280000,0.260000,0.280000,0.200000,-0.800000,0.254116
11,0.523456,1.634420,1.623901,0.262684,-0.046786,-1.880886,0.280000,0.260000,0.280000,0.200000,-0.800000,0.262684
12,0.523784,1.637068,1.605092,0.271480,-0.049694,-2.038715,0.280000,0.260000,0.280000,0.200000,-0.800000,0.271480
13,0.524188,1.639798,1.584705,0.280480,-0.052146,-2.183441,0.280000,0.260000,0.280000,0.200000,-0.800000,0.280480
14,0.524670,1.642610,1.562870,0.289659,-0.054150,-2.316552,0.280000,0.260000,0.280000,0.200000,-0.800000,0.289659
15,0.525235,1.645502,1.539705,0.298989,-0.055715,-2.439227,0.280000,0.260000,0.260000,0.200000,-0.800000,0.298989
16,0.525884,1.648473,1.515312,0.308445,-0.056854,-2.552418,0.280000,0.260000,0.260000,0.000000,-0.800000,0.308445
17,0.526623,1.651521,1.489788,0.304000,-0.057578,-2.656909,0.280000,0.240000,0.260000,0.200000,-0.600000,0.304000
18,0.527443,1.654505,1.463219,0.316664,-0.056851,-2.681292,0.280000,0.240000,0.260000,0.200000,-0.600000,0.316664
19,0.528348,1.657592,1.436406,0.329140,-0.055998,-2.715741,0.280000,0.240000,0.240000,0.200000,-0.600000,0.329140
20,0.529344,1.660779,1.409249,0.341460,-0.054983,-2.756680,0.280000,0.240000,0.240000,0.000000,-0.600000,0.341460
21,0.530436,1.664060,1.381682,0.339641,-0.053778,-2.801647,0.280000,0.240000,0.240000,0.000000,-0.600000,0.339641
22,0.531603,1.667295,1.353666,0.337834,-0.052665,-2.834157,0.280000,0.240000,0.240000,0.000000,-0.600000,0.337834
23,0.532845,1.670481,1.325324,0.336029,-0.051655,-2.856794,0.280000,0.240000,0.240000,0.000000,-0.600000,0.336029
24,0.534163,1.673615,1.296756,0.334218,-0.050753,-2.871590,0.280000,0.240000,0.240000,0.000000,-0.600000,0.334218
25,0.535556,1.676695,1.268040,0.332395,-0.049962,-2.880150,0.280000,0.240000,0.220000,0.200000,-0.600000,0.332395
26,0.537024,1.679719,1.239239,0.344559,-0.049283,-2.883754,0.280000,0.240000,0.220000,0.200000,-0.600000,0.344559
27,0.538611,1.682816,1.210401,0.356559,-0.048393,-2.899318,0.300000,0.240000,0.220000,0.200000,-0.600000,0.356559
28,0.540321,1.685982,1.181408,0.368416,-0.047271,-2.923329,0.300000,0.240000,0.220000,0.200000,-0.600000,0.368416
29,0.542157,1.689211,1.152175,0.380140,-0.045902,-2.953169,0.300000,0.240000,0.220000,0.200000,-0.600000,0.380140
30,0.544122,1.692497,1.122643,0.391736,-0.044272,-2.986873,0.300000,0.240000,0.220000,0.000000,-0.600000,0.391736
31,0.546218,1.695836,1.092774,0.389206,-0.042375,-3.022955,0.280000,0.240000,0.220000,0.000000,-0.600000,0.389206
32,0.548385,1.699097,1.062545,0.386634,-0.040616,-3.049170,0.280000,0.240000,0.220000,0.200000,-0.600000,0.386634
33,0.550621,1.702277,1.032053,0.398017,-0.039008,-3.067239,0.260000,0.240000,0.220000,0.200000,-0.600000,0.398017
34,0.552998,1.705493,1.001381,0.409266,-0.037139,-3.089906,0.260000,0.240000,0.220000,0.200000,-0.600000,0.409266
35,0.555518,1.708740,0.970481,0.420379,-0.035001,-3.115702,0.280000,0.240000,0.200000,0.200000,-0.600000,0.420379
36,0.558181,1.712011,0.939324,0.431356,-0.032589,-3.143469,0.280000,0.240000,0.200000,0.200000,-0.600000,0.431356
37,0.560991,1.715300,0.907890,0.442191,-0.029899,-3.172296,0.280000,0.240000,0.200000,0.200000,-0.600000,0.442191
38,0.563948,1.718602,0.876167,0.452878,-0.026930,-3.201461,0.300000,0.260000,0.200000,0.200000,-0.600000,0.452878
39,0.567053,1.721909,0.844152,0.463409,-0.023682,-3.230393,0.300000,0.260000,0.200000,0.200000,-0.600000,0.463409
40,0.570309,1.725215,0.811848,0.473777,-0.020157,-3.258645,0.320000,0.260000,0.200000,0.200000,-0.600000,0.473777
41,0.573716,1.728514,0.779262,0.483972,-0.016358,-3.285860,0.340000,0.260000,0.200000,0.200000,-0.600000,0.483972
42,0.577274,1.731798,0.746403,0.493988,-0.012287,-3.311764,0.360000,0.260000,0.200000,0.200000,-0.600000,0.493988
43,0.580984,1.735062,0.713286,0.503813,-0.007952,-3.336141,0.360000,0.240000,0.200000,0.200000,-0.600000,0.503813
44,0.584846,1.738299,0.679924,0.513440,-0.003356,-3.358830,0.360000,0.240000,0.200000,0.200000,-0.600000,0.513440
45,0.588859,1.741501,0.646336,0.522859,0.001492,-3.379710,0.360000,0.220000,0.200000,-0.200000,-0.400000,0.522859
46,0.593024,1.744662,0.612539,0.506538,0.008172,-3.330795,0.340000,0.220000,0.220000,-0.400000,-0.400000,0.506538
47,0.597122,1.747641,0.579231,0.475925,0.013640,-3.277298,0.360000,0.240000,0.220000,-0.400000,-0.400000,0.475925
48,0.601030,1.750360,0.546458,0.445116,0.017488,-3.212279,0.420000,0.240000,0.220000,-0.200000,-0.400000,0.445116
49,0.604742,1.752823,0.514335,0.428186,0.019784,-3.136527,0.420000,0.240000,0.220000,-0.200000,-0.400000,0.428186
50,0.608373,1.755102,0.482970,0.411174,0.021048,-3.058373,0.400000,0.260000,0.220000,-0.200000,-0.400000,0.411174
51,0.611916,1.757197,0.452386,0.394127,0.021349,-2.977483,0.400000,0.280000,0.220000,-0.200000,-0.400000,0.394127
52,0.615368,1.759112,0.422611,0.377093,0.020756,-2.893411,0.460000,0.280000,0.220000,0.000000,-0.400000,0.377093
53,0.618722,1.760848,0.393677,0.374112,0.019340,-2.805618,0.480000,0.300000,0.200000,0.000000,-0.400000,0.374112
54,0.622103,1.762462,0.365621,0.371178,0.017560,-2.722762,0.480000,0.320000,0.200000,0.200000,-0.400000,0.371178
55,0.625506,1.763953,0.338393,0.382306,0.015473,-2.644498,0.460000,0.320000,0.200000,0.000000,-0.400000,0.382306
56,0.629061,1.765368,0.311948,0.379467,0.013514,-2.579961,0.540000,0.320000,0.180000,0.200000,-0.400000,0.379467
57,0.632631,1.766661,0.286149,0.390698,0.011354,-2.519189,0.540000,0.320000,0.180000,0.200000,-0.400000,0.390698
58,0.636347,1.767873,0.260957,0.401967,0.009410,-2.471559,0.540000,0.320000,0.200000,0.400000,-0.600000,0.401967
59,0.640207,1.769001,0.236241,0.424877,0.006441,-2.490852,0.620000,0.300000,0.200000,0.200000,-0.400000,0.424877
60,0.644322,1.770058,0.211333,0.436249,0.005664,-2.468389,0.620000,0.320000,0.200000,0.400000,-0.600000,0.436249
61,0.648576,1.771029,0.186649,0.459236,0.003919,-2.508559,0.700000,0.360000,0.220000,0.400000,-0.400000,0.459236
62,0.653081,1.771919,0.161563,0.484634,0.004337,-2.505597,0.700000,0.380000,0.220000,0.400000,-0.400000,0.484634
63,0.657857,1.772742,0.136507,0.509965,0.005414,-2.516555,0.700000,0.360000,0.220000,0.400000,-0.400000,0.509965
64,0.662902,1.773489,0.111342,0.535214,0.007176,-2.538443,0.700000,0.360000,0.240000,0.200000,-0.400000,0.535214
65,0.668213,1.774155,0.085957,0.546365,0.009644,-2.568718,0.740000,0.360000,0.240000,0.200000,-0.400000,0.546365
66,0.673648,1.774720,0.060270,0.557419,0.012429,-2.599393,0.740000,0.360000,0.260000,0.200000,-0.400000,0.557419
67,0.679205,1.775180,0.034276,0.568363,0.015527,-2.630142,0.740000,0.420000,0.280000,0.400000,-0.400000,0.568363
68,0.684880,1.775530,0.007975,0.593189,0.018933,-2.660696,0.740000,0.420000,0.280000,0.200000,-0.400000,0.593189
69,0.690810,1.775767,-0.018632,0.603870,0.023065,-2.696023,0.780000,0.420000,0.280000,0.200000,-0.400000,0.603870
70,0.696852,1.775885,-0.045592,0.614396,0.027508,-2.729899,0.840000,0.420000,0.260000,0.200000,-0.400000,0.614396
71,0.703002,1.775880,-0.072891,0.624757,0.032253,-2.762297,0.840000,0.480000,0.260000,0.400000,-0.400000,0.624757
72,0.709257,1.775746,-0.100514,0.648940,0.037291,-2.793206,0.840000,0.480000,0.260000,0.400000,-0.400000,0.648940
73,0.715751,1.775466,-0.128446,0.672926,0.043063,-2.826851,0.900000,0.560000,0.280000,0.400000,-0.400000,0.672926
74,0.722480,1.775031,-0.156715,0.696692,0.049579,-2.862290,0.900000,0.560000,0.320000,0.400000,-0.400000,0.696692
75,0.729439,1.774434,-0.185338,0.720211,0.056848,-2.898741,0.960000,0.640000,0.320000,0.400000,-0.400000,0.720211
76,0.736622,1.773665,-0.214325,0.743457,0.064874,-2.935563,0.960000,0.640000,0.300000,0.400000,-0.400000,0.743457
77,0.744025,1.772718,-0.243681,0.766402,0.073662,-2.972230,0.980000,0.640000,0.300000,0.400000,-0.400000,0.766402
78,0.751640,1.771584,-0.273403,0.789019,0.083213,-3.008320,1.000000,0.640000,0.320000,0.400000,-0.400000,0.789019
79,0.759462,1.770254,-0.303486,0.811279,0.093526,-3.043501,1.000000,0.680000,0.360000,0.200000,-0.200000,0.811279
80,0.767483,1.768722,-0.333921,0.821273,0.106775,-2.984386,1.000000,0.680000,0.360000,0.200000,-0.200000,0.821273
81,0.775592,1.767039,-0.363765,0.830855,0.119361,-2.933385,1.000000,0.680000,0.340000,0.200000,-0.400000,0.830855
82,0.783782,1.765199,-0.393099,0.837969,0.129609,-2.965387,1.000000,0.720000,0.420000,0.200000,-0.400000,0.837969
83,0.792019,1.763186,-0.422753,0.844710,0.140143,-2.994276,1.000000,0.760000,0.420000,0.200000,-0.400000,0.844710
84,0.800297,1.760999,-0.452696,0.851070,0.150937,-3.020336,1.000000,0.760000,0.420000,0.200000,-0.400000,0.851070
85,0.808611,1.758633,-0.482899,0.857039,0.161969,-3.043831,1.000000,0.780000,0.480000,0.200000,-0.400000,0.857039
86,0.816953,1.756088,-0.513337,0.862609,0.173218,-3.064999,1.000000,0.820000,0.480000,0.200000,-0.400000,0.862609
87,0.825318,1.753361,-0.543987,0.867774,0.184664,-3.084063,1.000000,0.820000,0.560000,0.200000,-0.400000,0.867774
88,0.833699,1.750450,-0.574828,0.872528,0.196286,-3.101224,1.000000,0.880000,0.560000,0.200000,-0.400000,0.872528
89,0.842089,1.747353,-0.605840,0.876866,0.208066,-3.116666,1.000000,0.900000,0.560000,0.400000,-0.400000,0.876866
90,0.850482,1.744070,-0.637007,0.894784,0.219985,-3.130559,1.000000,0.900000,0.600000,0.400000,-0.400000,0.894784
91,0.858984,1.740517,-0.668313,0.912280,0.232506,-3.144263,0.560000,0.920000,0.600000,0.400000,-0.400000,0.912280
92,0.867585,1.736689,-0.699755,0.929332,0.245618,-3.157684,0.500000,0.940000,0.600000,0.400000,-0.400000,0.929332
93,0.876276,1.732582,-0.731332,0.945919,0.259310,-3.170743,0.440000,0.940000,0.600000,0.200000,-0.400000,0.945919
94,0.885048,1.728195,-0.763039,0.948021,0.273568,-3.183382,0.440000,0.960000,0.640000,0.200000,-0.400000,0.948021
95,0.893791,1.723620,-0.794873,0.949617,0.287897,-3.194635,0.380000,0.980000,0.680000,0.200000,-0.400000,0.949617
96,0.902496,1.718858,-0.826820,0.950705,0.302277,-3.204666,0.380000,1.000000,0.680000,0.200000,-0.400000,0.950705
97,0.911159,1.713910,-0.858866,0.951287,0.316687,-3.213622,0.360000,1.000000,0.740000,0.400000,-0.400000,0.951287
98,0.919771,1.708777,-0.891002,0.965361,0.331110,-3.221637,0.320000,1.000000,0.740000,0.400000,-0.400000,0.965361
99,0.928415,1.703351,-0.923219,0.978932,0.346006,-3.229461,0.300000,1.000000,0.740000,0.400000,-0.400000,0.978932
100,0.937080,1.697631,-0.955513,0.991982,0.361361,-3.237070,0.300000,1.000000,0.800000,0.400000,-0.400000,0.991982
101,0.945756,1.691616,-0.987884,1.004495,0.377160,-3.244446,0.300000,1.000000,0.820000,0.400000,-0.400000,1.004495
102,0.954434,1.685306,-1.020329,1.016457,0.393384,-3.251581,0.280000,1.000000,0.820000,0.400000,-0.400000,1.016457
103,0.963104,1.678700,-1.052844,1.027851,0.410019,-3.258469,0.280000,1.000000,0.840000,0.400000,-0.400000,1.027851
104,0.971755,1.671800,-1.085429,1.038665,0.427046,-3.265110,0.260000,1.000000,0.860000,0.400000,-0.400000,1.038665
105,0.980378,1.664605,-1.118080,1.048883,0.444447,-3.271509,0.260000,0.460000,0.860000,0.000000,-0.400000,1.048883
106,0.988963,1.657117,-1.150795,1.030495,0.462203,-3.277674,0.260000,0.460000,0.880000,-0.200000,-0.400000,1.030495
107,0.997385,1.649593,-1.183572,0.997485,0.479339,-3.282973,0.240000,0.400000,0.900000,-0.200000,-0.400000,0.997485
108,1.005590,1.642166,-1.216402,0.963878,0.495355,-3.287357,0.240000,0.380000,0.940000,0.000000,-0.400000,0.963878
109,1.013581,1.634846,-1.249275,0.943715,0.510232,-3.291107,0.240000,0.340000,0.960000,-0.200000,-0.400000,0.943715
110,1.021404,1.627504,-1.282186,0.909036,0.524429,-3.294584,0.240000,0.320000,0.980000,-0.200000,-0.400000,0.909036
111,1.029019,1.620283,-1.315132,0.873865,0.537456,-3.297800,0.220000,0.320000,1.000000,-0.200000,-0.400000,0.873865
112,1.036429,1.613187,-1.348110,0.838242,0.549302,-3.300919,0.220000,0.300000,1.000000,-0.400000,-0.400000,0.838242
113,1.043637,1.606225,-1.381119,0.788206,0.559956,-3.304075,0.220000,0.300000,1.000000,-0.400000,-0.400000,0.788206
114,1.050622,1.599540,-1.414160,0.737797,0.568938,-3.307415,0.220000,0.300000,1.000000,-0.400000,-0.400000,0.737797
115,1.057393,1.593140,-1.447234,0.687069,0.576242,-3.311092,0.200000,0.240000,1.000000,-0.400000,-0.400000,0.687069
116,1.063958,1.587032,-1.480345,0.636075,0.581865,-3.315227,0.200000,0.240000,1.000000,0.000000,-0.400000,0.636075
117,1.070328,1.581223,-1.513498,0.612870,0.585804,-3.319912,0.200000,0.240000,1.000000,0.000000,-0.400000,0.612870
118,1.076527,1.575439,-1.546697,0.589506,0.588994,-3.324897,0.200000,0.240000,0.380000,-0.400000,-0.400000,0.589506
119,1.082558,1.569688,-1.579946,0.538006,0.591432,-3.330189,0.200000,0.220000,0.360000,-0.400000,-0.400000,0.538006
120,1.088422,1.564254,-1.613248,0.486394,0.592175,-3.336146,0.200000,0.220000,0.360000,-0.400000,-0.400000,0.486394
121,1.094132,1.559143,-1.646609,0.434721,0.591224,-3.342802,0.200000,0.220000,0.300000,-0.400000,-0.400000,0.434721
122,1.099698,1.554361,-1.680037,0.383042,0.588578,-3.350172,0.200000,0.220000,0.300000,-0.400000,-0.400000,0.383042
123,1.105131,1.549911,-1.713539,0.331409,0.584237,-3.358260,0.200000,0.220000,0.300000,-0.400000,-0.400000,0.331409
124,1.110443,1.545800,-1.747121,0.279876,0.578201,-3.367055,0.200000,0.200000,0.300000,-0.400000,-0.400000,0.279876
125,1.115644,1.542030,-1.780792,0.228497,0.570471,-3.376536,0.200000,0.200000,0.280000,-0.400000,-0.400000,0.228497
126,1.120747,1.538606,-1.814557,0.177327,0.561048,-3.386669,0.200000,0.200000,0.280000,-0.600000,-0.600000,0.177327
127,1.125764,1.535531,-1.848424,0.110673,0.550904,-3.355900,0.200000,0.200000,0.240000,-0.400000,-0.600000,0.110673
128,1.130759,1.532957,-1.881983,0.058540,0.538500,-3.325780,0.200000,0.200000,0.240000,-0.400000,-0.600000,0.058540
129,1.135706,1.530751,-1.915241,0.006992,0.524353,-3.296143,0.200000,0.200000,0.240000,-0.400000,-0.600000,0.006992
130,1.140618,1.528915,-1.948202,-0.043924,0.508517,-3.266964,0.200000,0.200000,0.240000,0.200000,-0.600000,-0.043924
131,1.145507,1.527449,-1.980872,-0.052162,0.491043,-3.238221,0.200000,0.200000,0.240000,0.200000,-0.600000,-0.052162
132,1.150218,1.525970,-2.013254,-0.059688,0.473320,-3.209555,0.220000,0.200000,0.240000,0.200000,-0.600000,-0.059688
133,1.154751,1.524483,-2.045350,-0.066502,0.455376,-3.180960,0.220000,0.200000,0.240000,0.200000,-0.600000,-0.066502
134,1.159106,1.522993,-2.077159,-0.072609,0.437238,-3.152432,0.220000,0.180000,0.240000,0.200000,-0.600000,-0.072609
135,1.163282,1.521508,-2.108683,-0.078013,0.418931,-3.123968,0.220000,0.180000,0.240000,0.200000,-0.600000,-0.078013
136,1.167279,1.520031,-2.139923,-0.082719,0.400480,-3.095563,0.240000,0.180000,0.240000,0.200000,-0.600000,-0.082719
137,1.171098,1.518570,-2.170879,-0.086734,0.381912,-3.067210,0.240000,0.180000,0.240000,0.400000,-0.600000,-0.086734
138,1.174740,1.517129,-2.201551,-0.076064,0.363249,-3.038906,0.240000,0.180000,0.220000,0.200000,-0.600000,-0.076064
139,1.178122,1.515601,-2.231940,-0.078720,0.344930,-3.010517,0.260000,0.180000,0.220000,0.200000,-0.600000,-0.078720
140,1.181328,1.514104,-2.262045,-0.080719,0.326558,-2.982161,0.260000,0.180000,0.200000,0.200000,-0.800000,-0.080719
141,1.184359,1.512645,-2.291867,-0.083577,0.309444,-2.898590,0.260000,0.180000,0.200000,0.200000,-0.600000,-0.083577
142,1.187235,1.511229,-2.320853,-0.084159,0.291029,-2.870310,0.260000,0.180000,0.200000,0.200000,-0.600000,-0.084159
143,1.189938,1.509861,-2.349556,-0.084123,0.272625,-2.842038,0.260000,0.180000,0.200000,0.200000,-0.600000,-0.084123
144,1.192469,1.508545,-2.377976,-0.083481,0.254251,-2.813767,0.260000,0.200000,0.200000,0.200000,-0.600000,-0.083481
145,1.194830,1.507286,-2.406114,-0.082242,0.235923,-2.785482,0.260000,0.200000,0.200000,0.200000,-0.600000,-0.082242
146,1.197023,1.506088,-2.433969,-0.080419,0.217658,-2.757169,0.260000,0.200000,0.200000,0.200000,-0.600000,-0.080419
147,1.199049,1.504957,-2.461540,-0.078024,0.199471,-2.728810,0.260000,0.200000,0.200000,0.200000,-0.600000,-0.078024
148,1.200910,1.503897,-2.488828,-0.075068,0.181378,-2.700382,0.280000,0.220000,0.200000,0.200000,-0.600000,-0.075068
149,1.202608,1.502912,-2.515832,-0.071564,0.163392,-2.671855,0.320000,0.220000,0.200000,0.200000,-0.600000,-0.071564
150,1.204145,1.502007,-2.542551,-0.067525,0.145526,-2.643190,0.340000,0.220000,0.200000,0.200000,-0.600000,-0.067525
151,1.205523,1.501185,-2.568983,-0.062963,0.127795,-2.614333,0.380000,0.240000,0.220000,0.200000,-0.600000,-0.062963
152,1.206745,1.500452,-2.595126,-0.057890,0.110210,-2.585208,0.420000,0.240000,0.220000,0.200000,-0.600000,-0.057890
153,1.207812,1.499812,-2.620978,-0.052320,0.092783,-2.555706,0.420000,0.260000,0.200000,0.200000,-0.600000,-0.052320
154,1.208728,1.499267,-2.646535,-0.046263,0.075529,-2.525671,0.420000,0.260000,0.200000,0.200000,-0.600000,-0.046263
155,1.209493,1.498822,-2.671792,-0.039731,0.058459,-2.494908,0.420000,0.280000,0.200000,0.200000,-0.600000,-0.039731
156,1.210112,1.498481,-2.696741,-0.021560,0.057920,-1.764538,0.420000,0.280000,0.200000,0.200000,-0.600000,-0.021560
157,1.210556,1.498051,-2.714386,-0.014152,0.041605,-1.733436,0.500000,0.280000,0.200000,0.400000,-0.800000,-0.014152
158,1.210857,1.497731,-2.731721,0.020306,0.040530,-1.055509,0.640000,0.280000,0.180000,0.200000,-0.800000,0.020306
159,1.210833,1.497278,-2.742276,0.026694,0.025876,-0.969857,0.760000,0.280000,0.180000,0.200000,-0.800000,0.026694
160,1.210687,1.496936,-2.751974,0.033535,0.011495,-0.870881,0.860000,0.280000,0.180000,0.400000,-0.800000,0.033535
161,1.210421,1.496702,-2.760683,0.055475,-0.001971,-0.730559,0.860000,0.280000,0.180000,0.400000,-0.800000,0.055475
162,1.209898,1.496514,-2.767989,0.077565,-0.014609,-0.621868,0.860000,0.280000,0.180000,0.400000,-0.800000,0.077565
163,1.209123,1.496367,-2.774207,0.099749,-0.022369,-0.745208,0.860000,0.280000,0.180000,0.400000,-0.800000,0.099749
164,1.208112,1.496218,-2.781660,0.122117,-0.028017,-0.949058,0.860000,0.280000,0.180000,0.400000,-0.800000,0.122117
165,1.206870,1.496050,-2.791150,0.144662,-0.033334,-1.141812,0.860000,0.280000,0.200000,0.400000,-0.800000,0.144662
166,1.205397,1.495866,-2.802568,0.167348,-0.038233,-1.328551,1.000000,0.260000,0.200000,0.600000,-0.800000,0.167348
167,1.203692,1.495670,-2.815854,0.204157,-0.042681,-1.509776,1.000000,0.260000,0.200000,0.600000,-0.800000,0.204157
168,1.201621,1.495421,-2.830951,0.240905,-0.046509,-1.696745,1.000000,0.260000,0.200000,0.600000,-0.800000,0.240905
169,1.199185,1.495128,-2.847919,0.277666,-0.049605,-1.882091,1.000000,0.280000,0.200000,0.600000,-0.800000,0.277666
170,1.196384,1.494799,-2.866740,0.314466,-0.051849,-2.062599,1.000000,0.280000,0.200000,0.600000,-0.800000,0.314466
171,1.193216,1.494444,-2.887366,0.351314,-0.053129,-2.236340,1.000000,0.320000,0.220000,0.600000,-0.600000,0.351314
172,1.189682,1.494075,-2.909729,0.390665,-0.052832,-2.379889,1.000000,0.340000,0.220000,0.600000,-0.600000,0.390665
173,1.185759,1.493692,-2.933528,0.429906,-0.051572,-2.523828,1.000000,0.380000,0.220000,0.400000,-0.600000,0.429906
174,1.181446,1.493308,-2.958766,0.455040,-0.049223,-2.665048,1.000000,0.400000,0.240000,0.400000,-0.600000,0.455040
175,1.176882,1.492965,-2.985417,0.480104,-0.046051,-2.794627,1.000000,0.400000,0.240000,0.400000,-0.600000,0.480104
176,1.172068,1.492673,-3.013363,0.505059,-0.042027,-2.913744,1.000000,0.400000,0.260000,0.400000,-0.600000,0.505059
177,1.167005,1.492444,-3.042501,0.529867,-0.037131,-3.023206,1.000000,0.380000,0.240000,0.400000,-0.400000,0.529867
178,1.161695,1.492289,-3.072733,0.557120,-0.029165,-3.030413,1.000000,0.500000,0.240000,0.400000,-0.600000,0.557120
179,1.156117,1.492197,-3.103037,0.581372,-0.022928,-3.127844,1.000000,0.820000,0.240000,0.400000,-0.400000,0.581372
180,1.150299,1.492202,-3.134315,0.607893,-0.014048,-3.143634,1.000000,0.820000,0.220000,0.400000,-0.400000,0.607893
181,1.144219,1.492298,-3.165752,0.633974,-0.004843,-3.165303,1.000000,1.000000,0.240000,0.600000,-0.200000,0.633974
182,1.137883,1.492500,-3.197405,0.675796,0.009149,-3.003959,1.000000,1.000000,0.260000,0.400000,-0.200000,0.675796
183,1.131130,1.492785,-3.227444,0.702971,0.022259,-2.884385,0.980000,1.000000,0.300000,0.400000,-0.200000,0.702971
184,1.124107,1.493166,-3.256288,0.729622,0.034446,-2.790311,0.820000,1.000000,0.340000,0.400000,-0.200000,0.729622
185,1.116819,1.493659,-3.284191,0.755829,0.045987,-2.715889,0.780000,1.000000,0.360000,0.400000,-0.200000,0.755829
186,1.109273,1.494278,-3.311350,0.781646,0.057093,-2.656796,0.740000,1.000000,0.340000,0.400000,-0.200000,0.781646
187,1.101472,1.495036,-3.337918,0.807109,0.067924,-2.609820,0.720000,1.000000,0.340000,0.400000,-0.200000,0.807109
188,1.093423,1.495944,-3.364016,0.832244,0.078610,-2.572544,0.680000,1.000000,0.320000,0.400000,-0.200000,0.832244
189,1.085133,1.497013,-3.389742,0.857066,0.089250,-2.543122,0.660000,1.000000,0.380000,0.200000,-0.200000,0.857066
190,1.076605,1.498253,-3.415173,0.867584,0.099926,-2.520121,0.620000,1.000000,0.520000,0.200000,-0.200000,0.867584
191,1.067982,1.499635,-3.440374,0.877805,0.110290,-2.500221,0.600000,1.000000,0.740000,0.200000,-0.200000,0.877805
192,1.059268,1.501165,-3.465376,0.887742,0.120394,-2.483014,0.580000,1.000000,0.740000,0.400000,-0.200000,0.887742
193,1.050469,1.502848,-3.490206,0.911407,0.130283,-2.468160,0.560000,1.000000,1.000000,0.400000,-0.200000,0.911407
194,1.041458,1.504737,-3.514888,0.934810,0.140406,-2.457085,0.540000,1.000000,1.000000,0.400000,-0.200000,0.934810
195,1.032242,1.506838,-3.539459,0.957946,0.150796,-2.449218,0.540000,1.000000,1.000000,0.400000,-0.200000,0.957946
196,1.022826,1.509160,-3.563951,0.980807,0.161479,-2.444084,0.520000,0.960000,1.000000,0.400000,-0.200000,0.980807
197,1.013218,1.511707,-3.588392,1.003385,0.172479,-2.441286,0.500000,0.920000,1.000000,0.400000,-0.400000,1.003385
198,1.003424,1.514487,-3.612805,1.023619,0.182606,-2.492336,0.480000,0.860000,1.000000,0.200000,-0.200000,1.023619
199,0.993475,1.517507,-3.637728,1.031543,0.194800,-2.491369,0.480000,0.740000,1.000000,0.200000,-0.200000,1.031543
200,0.983476,1.520705,-3.662642,1.039137,0.206935,-2.490964,0.460000,0.700000,1.000000,0.200000,-0.200000,1.039137
201,0.973433,1.524083,-3.687551,1.046401,0.219025,-2.491110,0.440000,0.660000,1.000000,0.200000,-0.200000,1.046401
202,0.963353,1.527644,-3.712463,1.053339,0.231084,-2.491792,0.440000,0.640000,1.000000,0.200000,-0.200000,1.053339
203,0.953241,1.531391,-3.737380,1.059950,0.243122,-2.493000,0.420000,0.600000,1.000000,0.200000,-0.200000,1.059950
204,0.943104,1.535327,-3.762310,1.066236,0.255149,-2.494723,0.420000,0.580000,1.000000,0.200000,-0.200000,1.066236
205,0.932946,1.539453,-3.787258,1.072196,0.267175,-2.496953,0.400000,0.560000,1.000000,0.200000,-0.200000,1.072196
206,0.922775,1.543771,-3.812227,1.077830,0.279207,-2.499682,0.400000,0.540000,1.000000,0.200000,-0.200000,1.077830
207,0.912596,1.548282,-3.837224,1.083138,0.291252,-2.502905,0.380000,0.520000,1.000000,0.200000,-0.200000,1.083138
208,0.902414,1.552988,-3.862253,1.088116,0.303316,-2.506615,0.380000,0.500000,1.000000,0.200000,-0.200000,1.088116
209,0.892237,1.557889,-3.887319,1.092764,0.315406,-2.510810,0.360000,0.480000,0.920000,-0.200000,-0.200000,1.092764
210,0.882070,1.562986,-3.912427,1.069080,0.327525,-2.515485,0.360000,0.460000,0.860000,-0.200000,-0.200000,1.069080
211,0.872119,1.568086,-3.937582,1.045057,0.338881,-2.519978,0.340000,0.440000,0.800000,-0.200000,-0.200000,1.045057
212,0.862386,1.573182,-3.962782,1.020717,0.349481,-2.524499,0.340000,0.420000,0.760000,-0.200000,-0.200000,1.020717
213,0.852874,1.578272,-3.988027,0.996077,0.359334,-2.529225,0.320000,0.400000,0.720000,-0.200000,-0.200000,0.996077
214,0.843582,1.583351,-4.013319,0.971158,0.368446,-2.534298,0.320000,0.400000,0.600000,-0.200000,-0.200000,0.971158
215,0.834512,1.588414,-4.038662,0.945977,0.376827,-2.539839,0.320000,0.380000,0.560000,-0.200000,-0.200000,0.945977
216,0.825665,1.593456,-4.064061,0.920550,0.384486,-2.545945,0.300000,0.360000,0.540000,-0.400000,-0.200000,0.920550
217,0.817042,1.598472,-4.089520,0.880894,0.391429,-2.552697,0.300000,0.360000,0.500000,-0.400000,-0.200000,0.880894
218,0.808724,1.603343,-4.115047,0.841023,0.397270,-2.560319,0.300000,0.340000,0.480000,-0.400000,-0.200000,0.841023
219,0.800709,1.608062,-4.140650,0.800961,0.402020,-2.568953,0.300000,0.340000,0.460000,-0.400000,-0.200000,0.800961
220,0.792994,1.612623,-4.166340,0.760733,0.405690,-2.578718,0.280000,0.320000,0.440000,-0.200000,-0.400000,0.760733
221,0.785576,1.617017,-4.192127,0.732414,0.408460,-2.582464,0.280000,0.320000,0.420000,-0.200000,-0.400000,0.732414
222,0.778391,1.621342,-4.217952,0.704003,0.410483,-2.585853,0.280000,0.300000,0.400000,-0.400000,-0.400000,0.704003
223,0.771437,1.625591,-4.243810,0.661521,0.411757,-2.588992,0.280000,0.300000,0.380000,-0.200000,-0.400000,0.661521
224,0.764776,1.629633,-4.269700,0.632989,0.411903,-2.591930,0.260000,0.300000,0.380000,-0.200000,-0.400000,0.632989
225,0.758342,1.633588,-4.295619,0.604437,0.411300,-2.594831,0.260000,0.280000,0.360000,-0.200000,-0.400000,0.604437
226,0.752135,1.637450,-4.321568,0.575886,0.409947,-2.597768,0.260000,0.280000,0.340000,-0.200000,-0.400000,0.575886
227,0.746151,1.641213,-4.347545,0.547355,0.407847,-2.600804,0.260000,0.280000,0.340000,-0.200000,-0.400000,0.547355
228,0.740388,1.644871,-4.373553,0.518864,0.405002,-2.603996,0.260000,0.260000,0.320000,-0.400000,-0.400000,0.518864
229,0.734843,1.648419,-4.399593,0.476431,0.401414,-2.607396,0.260000,0.260000,0.320000,-0.400000,-0.400000,0.476431
230,0.729558,1.651717,-4.425667,0.434074,0.396713,-2.611245,0.240000,0.260000,0.300000,-0.400000,-0.400000,0.434074
231,0.724525,1.654758,-4.451780,0.391821,0.390905,-2.615652,0.240000,0.260000,0.300000,-0.400000,-0.400000,0.391821
232,0.719738,1.657537,-4.477936,0.349698,0.383997,-2.620715,0.240000,0.260000,0.300000,-0.400000,-0.400000,0.349698
233,0.715191,1.660046,-4.504143,0.307735,0.375995,-2.626518,0.240000,0.240000,0.280000,-0.400000,-0.400000,0.307735
234,0.710876,1.662280,-4.530409,0.265956,0.366907,-2.633130,0.240000,0.240000,0.280000,-0.400000,-0.400000,0.265956
235,0.706786,1.664231,-4.556740,0.224391,0.356739,-2.640604,0.240000,0.240000,0.280000,-0.400000,-0.400000,0.224391
236,0.702914,1.665895,-4.583146,0.183065,0.345498,-2.648974,0.240000,0.240000,0.260000,-0.400000,-0.400000,0.183065
237,0.699252,1.667265,-4.609636,0.142006,0.333192,-2.658246,0.240000,0.240000,0.260000,-0.400000,-0.400000,0.142006
238,0.695792,1.668336,-4.636218,0.101243,0.319827,-2.668395,0.240000,0.240000,0.260000,-0.400000,-0.400000,0.101243
239,0.692526,1.669102,-4.662902,0.060805,0.305411,-2.679357,0.240000,0.240000,0.260000,-0.400000,-0.400000,0.060805
240,0.689446,1.669558,-4.689696,0.020722,0.289950,-2.691027,0.240000,0.240000,0.260000,-0.400000,-0.400000,0.020722
241,0.686542,1.669700,-4.716606,-0.018975,0.273453,-2.703264,0.240000,0.240000,0.240000,0.000000,-0.600000,-0.018975
242,0.683807,1.669522,-4.743638,-0.031993,0.256896,-2.674358,0.260000,0.240000,0.240000,0.000000,-0.600000,-0.031993
243,0.681229,1.669282,-4.770382,-0.044485,0.240011,-2.645588,0.240000,0.240000,0.240000,0.200000,-0.400000,-0.044485
244,0.678807,1.668977,-4.796838,-0.040716,0.221851,-2.658430,0.240000,0.240000,0.240000,0.200000,-0.400000,-0.040716
245,0.676562,1.668758,-4.823422,-0.036495,0.203786,-2.671197,0.240000,0.240000,0.240000,0.200000,-0.400000,-0.036495
246,0.674496,1.668622,-4.850134,-0.031819,0.185827,-2.683873,0.220000,0.240000,0.240000,0.000000,-0.400000,-0.031819
247,0.672612,1.668562,-4.876973,-0.040687,0.167988,-2.696440,0.220000,0.240000,0.240000,0.400000,-0.400000,-0.040687
248,0.670888,1.668435,-4.903937,-0.021092,0.149926,-2.708888,0.220000,0.240000,0.240000,0.000000,-0.400000,-0.021092
249,0.669376,1.668514,-4.931026,-0.029034,0.132364,-2.721175,0.220000,0.240000,0.240000,0.000000,-0.400000,-0.029034
250,0.668021,1.668517,-4.958238,-0.036508,0.114611,-2.733084,0.240000,0.240000,0.240000,0.400000,-0.400000,-0.036508
251,0.666821,1.668442,-4.985569,-0.015502,0.096684,-2.744355,0.240000,0.240000,0.240000,0.000000,-0.400000,-0.015502
252,0.665848,1.668554,-5.013012,-0.022019,0.079306,-2.754923,0.240000,0.240000,0.240000,0.000000,-0.400000,-0.022019
253,0.665025,1.668578,-5.040562,-0.020341,0.080033,-1.984237,0.240000,0.240000,0.240000,0.200000,-0.600000,-0.020341
254,0.664202,1.668644,-5.060404,-0.013522,0.063652,-1.954138,0.260000,0.240000,0.240000,0.000000,-0.600000,-0.013522
255,0.663558,1.668734,-5.079945,-0.020342,0.047426,-1.922705,0.260000,0.260000,0.240000,0.200000,-0.600000,-0.020342
256,0.663042,1.668714,-5.099172,-0.001622,0.047474,-1.191276,0.260000,0.260000,0.240000,0.400000,-0.800000,-0.001622
257,0.662596,1.668878,-5.111085,0.018681,0.032701,-1.106553,0.260000,0.260000,0.240000,0.400000,-0.600000,0.018681
258,0.662367,1.669177,-5.122151,0.040993,0.017231,-1.055430,0.260000,0.260000,0.240000,0.400000,-0.600000,0.040993
259,0.662372,1.669622,-5.132705,0.064912,0.003996,-0.911352,0.260000,0.260000,0.240000,0.400000,-0.600000,0.064912
260,0.662601,1.670231,-5.141819,0.089125,-0.008568,-0.772319,0.260000,0.260000,0.240000,0.400000,-0.800000,0.089125
261,0.663050,1.671006,-5.149542,0.110947,-0.019188,-0.776482,0.260000,0.260000,0.240000,0.400000,-0.800000,0.110947
262,0.663693,1.671930,-5.157307,0.132971,-0.026213,-0.936433,0.280000,0.260000,0.240000,0.400000,-0.800000,0.132971
263,0.664502,1.673017,-5.166671,0.155211,-0.031996,-1.127598,0.280000,0.260000,0.240000,0.400000,-0.800000,0.155211
264,0.665471,1.674271,-5.177947,0.177643,-0.037143,-1.318258,0.280000,0.240000,0.240000,0.400000,-0.600000,0.177643
265,0.666600,1.675692,-5.191129,0.203083,-0.040470,-1.449617,0.280000,0.240000,0.240000,0.400000,-0.600000,0.203083
266,0.667895,1.677308,-5.205626,0.228445,-0.043465,-1.591112,0.280000,0.240000,0.240000,0.400000,-0.600000,0.228445
267,0.669359,1.679114,-5.221537,0.253780,-0.046070,-1.735434,0.280000,0.220000,0.220000,0.400000,-0.600000,0.253780
268,0.670999,1.681106,-5.238891,0.279111,-0.048218,-1.879409,0.280000,0.220000,0.220000,0.400000,-0.600000,0.279111
269,0.672818,1.683277,-5.257685,0.304445,-0.049848,-2.021327,0.280000,0.220000,0.220000,0.400000,-0.600000,0.304445
270,0.674823,1.685621,-5.277898,0.329781,-0.050905,-2.160100,0.300000,0.220000,0.220000,0.400000,-0.600000,0.329781
271,0.677020,1.688133,-5.299499,0.355110,-0.051337,-2.294947,0.300000,0.220000,0.220000,0.200000,-0.600000,0.355110
272,0.679415,1.690805,-5.322449,0.366422,-0.051100,-2.425260,0.300000,0.220000,0.220000,0.200000,-0.600000,0.366422
273,0.681933,1.693515,-5.346701,0.377789,-0.050445,-2.540602,0.300000,0.220000,0.220000,0.000000,-0.600000,0.377789
274,0.684578,1.696259,-5.372107,0.375176,-0.049389,-2.643709,0.300000,0.220000,0.220000,0.000000,-0.600000,0.375176
275,0.687268,1.698921,-5.398545,0.372645,-0.048286,-2.725968,0.300000,0.220000,0.220000,0.000000,-0.600000,0.372645
276,0.690002,1.701498,-5.425804,0.370168,-0.047175,-2.790987,0.300000,0.220000,0.220000,0.000000,-0.600000,0.370168
277,0.692782,1.703988,-5.453714,0.367727,-0.046089,-2.841753,0.280000,0.220000,0.220000,0.000000,-0.600000,0.367727
278,0.695605,1.706389,-5.482132,0.365306,-0.045052,-2.880729,0.280000,0.220000,0.220000,0.000000,-0.600000,0.365306
279,0.698471,1.708699,-5.510939,0.362893,-0.044086,-2.909943,0.280000,0.220000,0.200000,0.200000,-0.600000,0.362893
280,0.701378,1.710915,-5.540038,0.374483,-0.043205,-2.931067,0.300000,0.240000,0.180000,0.200000,-0.600000,0.374483
281,0.704428,1.713131,-5.569349,0.385961,-0.042039,-2.958278,0.320000,0.240000,0.180000,0.200000,-0.600000,0.385961
282,0.707620,1.715340,-5.598932,0.397330,-0.040582,-2.989653,0.340000,0.240000,0.180000,0.200000,-0.600000,0.397330
283,0.710955,1.717537,-5.628828,0.408587,-0.038832,-3.023703,0.340000,0.240000,0.180000,0.200000,-0.600000,0.408587
284,0.714434,1.719716,-5.659065,0.419727,-0.036785,-3.059269,0.340000,0.260000,0.180000,0.200000,-0.600000,0.419727
285,0.718055,1.721870,-5.689658,0.430744,-0.034442,-3.095453,0.320000,0.260000,0.180000,0.200000,-0.400000,0.430744
286,0.721818,1.723994,-5.720613,0.444427,-0.028952,-3.009631,0.320000,0.280000,0.180000,0.400000,-0.400000,0.444427
287,0.725732,1.726119,-5.750709,0.471663,-0.024034,-2.947870,0.340000,0.260000,0.200000,0.200000,-0.600000,0.471663
288,0.729917,1.728307,-5.780188,0.481858,-0.021266,-3.006604,0.380000,0.260000,0.200000,0.200000,-0.400000,0.481858
289,0.734242,1.730443,-5.810254,0.494545,-0.016054,-2.973221,0.380000,0.240000,0.200000,0.200000,-0.400000,0.494545
290,0.738717,1.732553,-5.839986,0.506922,-0.011058,-2.950507,0.380000,0.240000,0.200000,0.200000,-0.400000,0.506922
291,0.743344,1.734627,-5.869491,0.519023,-0.006188,-2.936043,0.380000,0.240000,0.200000,0.200000,-0.600000,0.519023
292,0.748122,1.736657,-5.898851,0.528423,-0.002870,-2.991945,0.380000,0.260000,0.200000,0.200000,-0.400000,0.528423
293,0.753031,1.738612,-5.928771,0.540132,0.002284,-2.982226,0.440000,0.260000,0.200000,0.000000,-0.200000,0.540132
294,0.758089,1.740507,-5.958593,0.539761,0.011840,-2.788505,0.440000,0.280000,0.220000,-0.200000,-0.200000,0.539761
295,0.763167,1.742341,-5.986478,0.524966,0.019432,-2.623899,0.440000,0.300000,0.220000,-0.200000,-0.200000,0.524966
296,0.768130,1.744062,-6.012717,0.509881,0.025030,-2.475111,0.440000,0.280000,0.220000,0.000000,-0.200000,0.509881
297,0.772977,1.745665,-6.037468,0.508598,0.028919,-2.339272,0.520000,0.280000,0.220000,0.200000,-0.200000,0.508598
298,0.777840,1.747183,-6.060861,0.521178,0.031701,-2.220807,0.520000,0.280000,0.220000,0.200000,-0.200000,0.521178
299,0.782853,1.748641,-6.083069,0.533660,0.033930,-2.122830,0.500000,0.260000,0.220000,0.200000,-0.200000,0.533660
300,0.788016,1.750035,-6.104297,0.546070,0.035757,-2.041683,0.580000,0.260000,0.200000,0.200000,-0.400000,0.546070
301,0.793326,1.751358,-6.124714,0.556273,0.034486,-2.094963,0.580000,0.260000,0.200000,0.200000,-0.400000,0.556273
302,0.798765,1.752577,-6.145664,0.566501,0.033808,-2.148721,0.580000,0.280000,0.200000,0.200000,-0.400000,0.566501
303,0.804330,1.753688,-6.167151,0.576736,0.033706,-2.202427,0.580000,0.320000,0.180000,0.200000,-0.200000,0.576736
304,0.810019,1.754691,-6.189175,0.589123,0.037104,-2.129720,0.580000,0.320000,0.180000,0.000000,-0.400000,0.589123
305,0.815850,1.755613,-6.210472,0.585257,0.037340,-2.189279,0.580000,0.320000,0.200000,0.000000,-0.200000,0.585257
306,0.821660,1.756411,-6.232365,0.583531,0.040617,-2.121850,0.620000,0.320000,0.200000,0.000000,-0.400000,0.583531
307,0.827467,1.757113,-6.253584,0.579571,0.040498,-2.177383,0.620000,0.300000,0.220000,0.000000,-0.400000,0.579571
308,0.833248,1.757689,-6.275358,0.575603,0.040573,-2.227983,0.620000,0.300000,0.220000,0.000000,-0.400000,0.575603
309,0.839001,1.758140,-6.297637,0.571625,0.040804,-2.273850,0.620000,0.300000,0.240000,0.000000,-0.400000,0.571625
310,0.844722,1.758465,-6.320376,0.567632,0.041155,-2.315210,0.620000,0.380000,0.220000,0.200000,-0.200000,0.567632
311,0.850410,1.758665,-6.343528,0.579778,0.044450,-2.230262,0.620000,0.380000,0.220000,0.200000,-0.200000,0.579778
312,0.856224,1.758759,-6.365831,0.591832,0.047338,-2.158843,0.660000,0.360000,0.220000,0.000000,-0.200000,0.591832
313,0.862161,1.758743,-6.387419,0.589814,0.049922,-2.098756,0.720000,0.360000,0.200000,0.000000,-0.200000,0.589814
314,0.868079,1.758625,-6.408407,0.587738,0.051921,-2.044064,0.720000,0.360000,0.200000,0.000000,-0.200000,0.587738
315,0.873975,1.758407,-6.428847,0.585622,0.053409,-1.994048,0.720000,0.440000,0.200000,0.200000,-0.200000,0.585622
316,0.879847,1.758085,-6.448788,0.597482,0.054449,-1.948123,0.720000,0.440000,0.200000,0.200000,-0.200000,0.597482
317,0.885830,1.757637,-6.468269,0.609328,0.055447,-1.909732,0.760000,0.420000,0.220000,0.200000,-0.200000,0.609328
318,0.891921,1.757061,-6.487366,0.621160,0.056443,-1.877980,0.760000,0.420000,0.240000,0.200000,-0.200000,0.621160
319,0.898118,1.756354,-6.506146,0.632976,0.057472,-1.852093,0.780000,0.500000,0.260000,0.200000,-0.400000,0.632976
320,0.904418,1.755515,-6.524667,0.642657,0.056379,-1.924800,0.780000,0.500000,0.240000,0.200000,-0.400000,0.642657
321,0.910793,1.754525,-6.543915,0.652333,0.055986,-1.996508,0.820000,0.500000,0.240000,0.200000,-0.400000,0.652333
322,0.917240,1.753385,-6.563880,0.661989,0.056273,-2.066693,0.840000,0.500000,0.240000,0.200000,-0.400000,0.661989
323,0.923757,1.752092,-6.584547,0.671606,0.057217,-2.134923,0.840000,0.500000,0.240000,0.200000,-0.400000,0.671606
324,0.930340,1.750645,-6.605896,0.681169,0.058793,-2.200851,0.840000,0.500000,0.220000,0.200000,-0.200000,0.681169
325,0.936987,1.749042,-6.627905,0.692789,0.063323,-2.163796,0.860000,0.540000,0.220000,0.000000,-0.200000,0.692789
326,0.943721,1.747297,-6.649543,0.690298,0.067658,-2.132625,0.860000,0.520000,0.300000,0.000000,-0.200000,0.690298
327,0.950408,1.745456,-6.670869,0.687703,0.071479,-2.103366,0.880000,0.520000,0.280000,0.000000,-0.200000,0.687703
328,0.957045,1.743517,-6.691903,0.685021,0.074832,-2.075818,0.880000,0.520000,0.280000,0.000000,-0.200000,0.685021
329,0.963629,1.741482,-6.712661,0.682266,0.077754,-2.049803,0.900000,0.520000,0.280000,0.200000,-0.200000,0.682266
330,0.970156,1.739348,-6.733159,0.693451,0.080281,-2.025166,0.900000,0.520000,0.280000,0.000000,-0.200000,0.693451
331,0.976749,1.737054,-6.753411,0.690587,0.082804,-2.004533,0.920000,0.560000,0.360000,0.200000,-0.200000,0.690587
332,0.983281,1.734664,-6.773456,0.701673,0.084989,-1.984782,0.920000,0.560000,0.340000,0.200000,-0.200000,0.701673
333,0.989871,1.732110,-6.793304,0.712718,0.087219,-1.968450,0.940000,0.620000,0.340000,0.200000,-0.200000,0.712718
334,0.996517,1.729391,-6.812988,0.723721,0.089510,-1.955175,0.960000,0.620000,0.340000,0.200000,-0.200000,0.723721
335,1.003214,1.726506,-6.832540,0.734678,0.091881,-1.944635,0.960000,0.620000,0.420000,0.200000,-0.200000,0.734678
336,1.009959,1.723453,-6.851986,0.745588,0.094345,-1.936542,0.980000,0.620000,0.420000,0.200000,-0.200000,0.745588
337,1.016750,1.720232,-6.871352,0.756446,0.096916,-1.930637,1.000000,0.660000,0.400000,0.200000,-0.200000,0.756446
338,1.023581,1.716841,-6.890658,0.767249,0.099603,-1.926685,1.000000,0.660000,0.400000,0.200000,-0.200000,0.767249
339,1.030449,1.713280,-6.909925,0.777993,0.102416,-1.924475,1.000000,0.680000,0.400000,0.200000,-0.200000,0.777993
340,1.037351,1.709546,-6.929170,0.788674,0.105364,-1.923815,1.000000,0.720000,0.400000,0.400000,-0.200000,0.788674
341,1.044283,1.705640,-6.948408,0.813289,0.108452,-1.924533,1.000000,0.720000,0.400000,0.400000,-0.200000,0.813289
342,1.051351,1.701473,-6.967653,0.837834,0.112032,-1.928492,1.000000,0.740000,0.440000,0.400000,-0.200000,0.837834
343,1.058551,1.697044,-6.986938,0.862295,0.116111,-1.935278,1.000000,0.740000,0.420000,0.400000,-0.200000,0.862295
344,1.065876,1.692350,-7.006291,0.886658,0.120695,-1.944504,1.000000,0.740000,0.420000,0.400000,-0.200000,0.886658
345,1.073323,1.687387,-7.025736,0.910909,0.125791,-1.955813,1.000000,0.740000,0.420000,0.400000,-0.200000,0.910909
346,1.080884,1.682155,-7.045294,0.935032,0.131405,-1.968881,1.000000,0.740000,0.420000,0.400000,-0.200000,0.935032
347,1.088555,1.676649,-7.064983,0.959014,0.137543,-1.983413,1.000000,0.760000,0.420000,0.400000,-0.200000,0.959014
348,1.096330,1.670869,-7.084817,0.982840,0.144209,-1.999146,1.000000,0.760000,0.460000,0.400000,-0.200000,0.982840
349,1.104202,1.664810,-7.104808,1.006494,0.151408,-2.015845,1.000000,0.760000,0.460000,0.200000,-0.200000,1.006494
350,1.112165,1.658471,-7.124967,1.015962,0.159143,-2.033303,1.000000,0.780000,0.500000,0.200000,-0.200000,1.015962
351,1.120120,1.651954,-7.145300,1.025228,0.167070,-2.049949,1.000000,0.780000,0.500000,0.200000,-0.200000,1.025228
352,1.128061,1.645258,-7.165799,1.034286,0.175184,-2.065849,1.000000,0.800000,0.500000,0.200000,-0.200000,1.034286
353,1.135983,1.638381,-7.186458,1.043131,0.183478,-2.081067,1.000000,0.800000,0.500000,0.200000,-0.200000,1.043131
354,1.143882,1.631325,-7.207269,1.051759,0.191948,-2.095662,1.000000,0.820000,0.540000,0.200000,-0.200000,1.051759
355,1.151751,1.624088,-7.228225,1.060165,0.200588,-2.109691,1.000000,0.820000,0.540000,0.200000,-0.200000,1.060165
356,1.159586,1.616670,-7.249322,1.068345,0.209394,-2.123209,1.000000,0.840000,0.540000,0.200000,-0.200000,1.068345
357,1.167382,1.609071,-7.270554,1.076293,0.218362,-2.136264,1.000000,0.860000,0.540000,0.200000,-0.200000,1.076293
358,1.175134,1.601291,-7.291917,1.084005,0.227489,-2.148906,1.000000,0.880000,0.600000,0.400000,-0.200000,1.084005
359,1.182836,1.593331,-7.313406,1.105477,0.236770,-2.161180,1.000000,0.900000,0.600000,0.400000,-0.200000,1.105477
360,1.190555,1.585071,-7.335018,1.126706,0.246562,-2.173996,1.000000,1.000000,0.600000,0.400000,-0.200000,1.126706
361,1.198284,1.576511,-7.356758,1.147677,0.256864,-2.187263,1.000000,1.000000,0.600000,0.400000,-0.200000,1.147677
362,1.206016,1.567649,-7.378630,1.168374,0.267679,-2.200901,1.000000,1.000000,0.600000,0.400000,-0.200000,1.168374
363,1.213743,1.558485,-7.400639,1.188783,0.279007,-2.214841,1.000000,1.000000,0.600000,0.400000,-0.200000,1.188783
364,1.221458,1.549020,-7.422788,1.208888,0.290849,-2.229025,1.000000,1.000000,0.620000,0.400000,-0.200000,1.208888
365,1.229153,1.539254,-7.445078,1.228674,0.303203,-2.243401,0.840000,1.000000,0.620000,0.400000,-0.200000,1.228674
366,1.236820,1.529185,-7.467512,1.248125,0.316070,-2.257930,0.840000,1.000000,0.620000,0.400000,-0.200000,1.248125
367,1.244452,1.518816,-7.490091,1.267226,0.329448,-2.272576,0.820000,1.000000,0.620000,0.400000,-0.200000,1.267226
368,1.252041,1.508146,-7.512817,1.285960,0.343336,-2.287314,0.300000,1.000000,0.640000,0.400000,0.000000,1.285960
369,1.259579,1.497176,-7.535690,1.305966,0.360221,-2.195725,0.280000,1.000000,0.640000,0.400000,-0.200000,1.305966
370,1.267088,1.485900,-7.557647,1.324240,0.373752,-2.212242,0.280000,1.000000,0.660000,0.400000,-0.200000,1.324240
371,1.274529,1.474326,-7.579770,1.342142,0.387814,-2.228740,0.280000,1.000000,0.660000,0.400000,-0.200000,1.342142
372,1.281897,1.462456,-7.602057,1.359655,0.402402,-2.245211,0.280000,1.000000,0.680000,0.400000,-0.200000,1.359655
373,1.289183,1.450292,-7.624509,1.376763,0.417515,-2.261652,0.280000,1.000000,0.680000,0.400000,-0.200000,1.376763
374,1.296380,1.437835,-7.647126,1.393449,0.433146,-2.278063,0.280000,1.000000,0.700000,0.400000,0.000000,1.393449
375,1.303481,1.425087,-7.669906,1.411416,0.451288,-2.209163,0.280000,1.000000,0.720000,0.400000,0.000000,1.411416
376,1.310502,1.412038,-7.691998,1.429276,0.468666,-2.145477,0.280000,1.000000,0.720000,0.400000,0.000000,1.429276
377,1.317432,1.398688,-7.713453,1.447047,0.485354,-2.086355,0.280000,1.000000,0.840000,0.400000,-0.200000,1.447047
378,1.324264,1.385040,-7.734316,1.462989,0.499683,-2.105210,0.280000,1.000000,0.860000,0.400000,-0.200000,1.462989
379,1.330972,1.371111,-7.755369,1.478527,0.514559,-2.123975,0.280000,1.000000,0.880000,0.400000,-0.200000,1.478527
380,1.337548,1.356904,-7.776608,1.493645,0.529977,-2.142653,0.280000,1.000000,0.900000,0.400000,-0.200000,1.493645
381,1.343987,1.342422,-7.798035,1.508326,0.545933,-2.161255,0.280000,1.000000,0.940000,0.400000,-0.200000,1.508326
382,1.350281,1.327668,-7.819647,1.522554,0.562420,-2.179789,0.260000,1.000000,1.000000,0.400000,0.000000,1.522554
383,1.356424,1.312644,-7.841445,1.538096,0.580900,-2.135503,0.260000,1.000000,1.000000,0.400000,-0.200000,1.538096
384,1.362426,1.297337,-7.862800,1.551695,0.597503,-2.154419,0.260000,1.000000,1.000000,0.400000,-0.200000,1.551695
385,1.368264,1.281768,-7.884344,1.564816,0.614631,-2.173288,0.260000,0.920000,1.000000,0.400000,-0.200000,1.564816
386,1.373932,1.265941,-7.906077,1.577442,0.632280,-2.192123,0.260000,0.900000,1.000000,0.200000,-0.200000,1.577442
387,1.379425,1.249858,-7.927999,1.575556,0.650443,-2.210940,0.260000,0.860000,1.000000,0.200000,-0.200000,1.575556
388,1.384747,1.233665,-7.950108,1.573142,0.668779,-2.229649,0.260000,0.720000,1.000000,0.200000,-0.200000,1.573142
389,1.389894,1.217364,-7.972404,1.570190,0.687278,-2.248302,0.260000,0.620000,1.000000,0.200000,-0.200000,1.570190
390,1.394863,1.200960,-7.994887,1.566689,0.705930,-2.266946,0.260000,0.580000,1.000000,0.200000,-0.200000,1.566689
391,1.399652,1.184457,-8.017557,1.562631,0.724725,-2.285625,0.260000,0.560000,1.000000,0.200000,-0.200000,1.562631
392,1.404258,1.167859,-8.040413,1.558005,0.743652,-2.304380,0.260000,0.560000,1.000000,0.200000,-0.200000,1.558005
393,1.408678,1.151171,-8.063457,1.552801,0.762702,-2.323247,0.240000,0.540000,1.000000,0.200000,-0.200000,1.552801
394,1.412909,1.134396,-8.086689,1.547009,0.781863,-2.342262,0.240000,0.540000,1.000000,0.200000,-0.200000,1.547009
395,1.416949,1.117540,-8.110112,1.540617,0.801126,-2.361456,0.240000,0.520000,1.000000,0.200000,-0.200000,1.540617
396,1.420796,1.100607,-8.133727,1.533616,0.820480,-2.380857,0.240000,0.500000,1.000000,0.200000,-0.400000,1.533616
397,1.424448,1.083602,-8.157535,1.524052,0.840163,-2.389834,0.240000,0.480000,1.000000,0.200000,-0.400000,1.524052
398,1.427910,1.066547,-8.181434,1.513942,0.859722,-2.398279,0.240000,0.460000,1.000000,0.200000,-0.400000,1.513942
399,1.431181,1.049446,-8.205416,1.503289,0.879137,-2.406255,0.240000,0.440000,1.000000,0.000000,-0.400000,1.503289
400,1.434260,1.032306,-8.229479,1.478099,0.898388,-2.413817,0.240000,0.420000,1.000000,0.000000,-0.400000,1.478099
401,1.437197,1.015260,-8.253617,1.452378,0.917110,-2.420890,0.240000,0.400000,0.860000,0.000000,-0.400000,1.452378
402,1.439994,0.998312,-8.277826,1.426142,0.935283,-2.427561,0.220000,0.380000,0.860000,0.000000,-0.400000,1.426142
403,1.442654,0.981466,-8.302102,1.399406,0.952888,-2.433905,0.220000,0.360000,0.760000,-0.200000,-0.400000,1.399406
404,1.445179,0.964725,-8.326441,1.358183,0.969908,-2.439989,0.220000,0.360000,0.660000,-0.400000,-0.400000,1.358183
405,1.447635,0.948218,-8.350841,1.302492,0.985979,-2.445822,0.220000,0.340000,0.660000,-0.400000,-0.400000,1.302492
406,1.450094,0.932068,-8.375299,1.246359,1.000738,-2.451457,0.220000,0.340000,0.640000,-0.400000,-0.400000,1.246359
407,1.452565,0.916276,-8.399813,1.189815,1.014170,-2.457006,0.220000,0.320000,0.640000,-0.400000,-0.400000,1.189815
408,1.455056,0.900842,-8.424383,1.132892,1.026261,-2.462563,0.220000,0.320000,0.580000,-0.400000,-0.400000,1.132892
409,1.457577,0.885765,-8.449009,1.075623,1.037001,-2.468209,0.220000,0.300000,0.520000,-0.400000,-0.400000,1.075623
410,1.460136,0.871045,-8.473691,1.018038,1.046379,-2.474010,0.220000,0.300000,0.480000,-0.400000,-0.400000,1.018038
411,1.462741,0.856680,-8.498431,0.960168,1.054385,-2.480025,0.220000,0.300000,0.460000,-0.400000,-0.200000,0.960168
412,1.465402,0.842670,-8.523231,0.903966,1.060486,-2.508755,0.220000,0.280000,0.440000,-0.400000,-0.200000,0.903966
413,1.468111,0.829001,-8.548319,0.847313,1.065439,-2.538237,0.220000,0.280000,0.400000,-0.400000,-0.200000,0.847313
414,1.470877,0.815672,-8.573701,0.790228,1.069209,-2.568463,0.220000,0.280000,0.380000,-0.400000,-0.200000,0.790228
415,1.473708,0.802682,-8.599386,0.732729,1.071762,-2.599420,0.220000,0.280000,0.360000,-0.400000,-0.200000,0.732729
416,1.476613,0.790028,-8.625380,0.674838,1.073059,-2.631093,0.220000,0.280000,0.360000,-0.400000,-0.200000,0.674838
417,1.479602,0.777709,-8.651691,0.616579,1.073063,-2.663463,0.220000,0.260000,0.340000,-0.400000,-0.200000,0.616579
418,1.482683,0.765723,-8.678326,0.557978,1.071733,-2.696510,0.220000,0.260000,0.320000,-0.400000,-0.200000,0.557978
419,1.485864,0.754066,-8.705291,0.499062,1.069030,-2.730210,0.220000,0.260000,0.320000,-0.400000,-0.200000,0.499062
420,1.489155,0.742737,-8.732593,0.439863,1.064911,-2.764539,0.220000,0.260000,0.300000,-0.400000,-0.200000,0.439863
421,1.492565,0.731731,-8.760238,0.380416,1.059333,-2.799468,0.220000,0.260000,0.300000,-0.400000,-0.200000,0.380416
422,1.496104,0.721046,-8.788233,0.320756,1.052254,-2.834970,0.220000,0.260000,0.300000,-0.200000,-0.200000,0.320756
423,1.499779,0.710678,-8.816583,0.274924,1.043628,-2.871015,0.220000,0.260000,0.280000,-0.200000,-0.200000,0.274924
424,1.503486,0.700542,-8.845293,0.228964,1.033811,-2.907451,0.220000,0.260000,0.280000,-0.200000,-0.200000,0.228964
425,1.507231,0.690638,-8.874367,0.182910,1.022767,-2.944262,0.220000,0.260000,0.280000,-0.400000,-0.200000,0.182910
426,1.511022,0.680964,-8.903810,0.122803,1.010462,-2.981431,0.220000,0.260000,0.280000,-0.400000,0.000000,0.122803
427,1.514986,0.671589,-8.933624,0.064676,0.996242,-3.027852,0.220000,0.260000,0.260000,-0.400000,-0.200000,0.064676
428,1.519114,0.662499,-8.963903,0.004521,0.980540,-3.065863,0.220000,0.260000,0.260000,-0.400000,-0.200000,0.004521
429,1.523434,0.653696,-8.994561,-0.055530,0.963036,-3.104257,0.220000,0.260000,0.260000,0.200000,-0.400000,-0.055530
430,1.527956,0.645175,-9.025604,-0.075314,0.944293,-3.117036,0.240000,0.260000,0.260000,0.200000,-0.400000,-0.075314
431,1.532320,0.636767,-9.056774,-0.094636,0.924934,-3.129925,0.240000,0.260000,0.260000,0.000000,-0.400000,-0.094636
432,1.536530,0.628478,-9.088074,-0.127474,0.904966,-3.142921,0.240000,0.260000,0.260000,0.000000,-0.400000,-0.127474
433,1.540723,0.620357,-9.119503,-0.159803,0.883965,-3.156095,0.240000,0.260000,0.260000,0.000000,-0.400000,-0.159803
434,1.544904,0.612407,-9.151064,-0.191587,0.861937,-3.169442,0.240000,0.260000,0.260000,0.000000,-0.400000,-0.191587
435,1.549079,0.604626,-9.182758,-0.222791,0.838892,-3.182958,0.260000,0.260000,0.240000,0.000000,-0.400000,-0.222791
436,1.553252,0.597016,-9.214588,-0.253377,0.814839,-3.196637,0.260000,0.260000,0.240000,0.000000,-0.400000,-0.253377
437,1.557430,0.589575,-9.246554,-0.283309,0.789788,-3.210477,0.260000,0.260000,0.240000,0.000000,-0.400000,-0.283309
438,1.561619,0.582305,-9.278659,-0.312548,0.763754,-3.224471,0.260000,0.260000,0.240000,0.000000,-0.400000,-0.312548
439,1.565823,0.575204,-9.310904,-0.341058,0.736748,-3.238617,0.260000,0.260000,0.240000,0.000000,-0.400000,-0.341058
440,1.570048,0.568271,-9.343290,-0.368801,0.708786,-3.252910,0.280000,0.260000,0.240000,0.000000,-0.400000,-0.368801
441,1.574301,0.561507,-9.375819,-0.395740,0.679885,-3.267348,0.280000,0.260000,0.240000,0.000000,-0.400000,-0.395740
442,1.578586,0.554910,-9.408492,-0.421837,0.650062,-3.281927,0.280000,0.280000,0.240000,0.200000,-0.400000,-0.421837
443,1.582910,0.548479,-9.441312,-0.433053,0.619336,-3.296644,0.300000,0.280000,0.240000,0.200000,-0.400000,-0.433053
444,1.587138,0.542215,-9.474278,-0.443352,0.588187,-3.311443,0.300000,0.280000,0.260000,0.200000,-0.400000,-0.443352
445,1.591275,0.536121,-9.507393,-0.452710,0.556640,-3.326322,0.320000,0.280000,0.260000,0.200000,-0.400000,-0.452710
446,1.595327,0.530200,-9.540656,-0.461106,0.524725,-3.341280,0.320000,0.280000,0.260000,0.200000,-0.400000,-0.461106
447,1.599301,0.524455,-9.574069,-0.468518,0.492470,-3.356315,0.320000,0.300000,0.260000,0.200000,-0.400000,-0.468518
448,1.603201,0.518888,-9.607632,-0.474924,0.459906,-3.371426,0.340000,0.300000,0.260000,0.200000,-0.400000,-0.474924
449,1.607035,0.513502,-9.641346,-0.480307,0.427063,-3.386611,0.340000,0.300000,0.260000,0.200000,-0.400000,-0.480307
450,1.610808,0.508299,-9.675212,-0.484646,0.393976,-3.401871,0.360000,0.300000,0.260000,0.400000,-0.200000,-0.484646
451,1.614527,0.503281,-9.709231,-0.472038,0.360075,-3.442888,0.380000,0.320000,0.260000,0.200000,-0.400000,-0.472038
452,1.618047,0.498500,-9.743660,-0.474307,0.327017,-3.458219,0.380000,0.320000,0.260000,0.200000,-0.400000,-0.474307
453,1.621526,0.493908,-9.778242,-0.475486,0.293817,-3.473623,0.400000,0.320000,0.260000,0.200000,-0.400000,-0.475486
454,1.624970,0.489506,-9.812978,-0.475561,0.260513,-3.489100,0.420000,0.340000,0.320000,0.200000,-0.400000,-0.475561
455,1.628385,0.485294,-9.847869,-0.474517,0.227142,-3.504652,0.440000,0.340000,0.320000,0.200000,-0.400000,-0.474517
456,1.631780,0.481275,-9.882916,-0.472343,0.193744,-3.520281,0.460000,0.360000,0.320000,0.200000,-0.200000,-0.472343
457,1.635159,0.477448,-9.918118,-0.467146,0.159761,-3.561525,0.480000,0.360000,0.320000,0.200000,-0.200000,-0.467146
458,1.638517,0.473829,-9.953734,-0.460817,0.125779,-3.602807,0.500000,0.380000,0.320000,0.400000,-0.200000,-0.460817
459,1.641861,0.470418,-9.989762,-0.439329,0.091844,-3.644132,0.520000,0.380000,0.340000,0.400000,-0.200000,-0.439329
460,1.645079,0.467290,-10.026203,-0.412725,0.077890,-2.856585,0.560000,0.400000,0.340000,0.400000,-0.400000,-0.412725
461,1.648042,0.464312,-10.054769,-0.383101,0.067593,-2.093720,0.580000,0.400000,0.340000,0.400000,-0.400000,-0.383101
462,1.650739,0.461509,-10.075706,-0.360368,0.042852,-2.110286,0.600000,0.420000,0.340000,0.400000,-0.400000,-0.360368
463,1.653346,0.458985,-10.096809,-0.329419,0.036753,-1.347771,0.620000,0.420000,0.360000,0.400000,-0.400000,-0.329419
464,1.655695,0.456646,-10.110287,-0.298060,0.033821,-0.585716,0.640000,0.420000,0.360000,0.600000,-0.400000,-0.298060
465,1.657788,0.454497,-10.116144,-0.260106,0.015370,-0.603218,1.000000,0.440000,0.360000,0.600000,-0.600000,-0.260106
466,1.659694,0.452721,-10.122176,-0.212593,0.014386,0.118354,1.000000,0.440000,0.360000,0.600000,-0.600000,-0.212593
467,1.661231,0.451245,-10.120993,-0.176141,-0.001102,0.141040,1.000000,0.440000,0.360000,0.600000,-0.800000,-0.176141
468,1.662590,0.450124,-10.119582,-0.134146,-0.000854,0.141040,1.000000,0.440000,0.360000,0.600000,-0.800000,-0.134146
469,1.663626,0.449271,-10.118172,-0.092148,-0.000664,0.141040,1.000000,0.440000,0.360000,0.600000,-0.800000,-0.092148
470,1.664339,0.448688,-10.116761,-0.050150,-0.000534,0.141040,1.000000,0.440000,0.360000,0.600000,-0.800000,-0.050150
471,1.664728,0.448372,-10.115351,-0.008151,-0.000464,0.141040,1.000000,0.440000,0.360000,0.800000,-0.600000,-0.008151
472,1.664794,0.448323,-10.113941,0.047848,-0.000452,0.141040,1.000000,0.440000,0.360000,0.600000,-0.600000,0.047848
473,1.664428,0.448631,-10.112530,0.084458,-0.005014,-0.360562,1.000000,0.440000,0.360000,0.400000,-0.600000,0.084458
474,1.663807,0.449206,-10.116136,0.107747,-0.014286,-0.526441,1.000000,0.440000,0.360000,0.400000,-0.600000,0.107747
475,1.663068,0.450003,-10.121400,0.131568,-0.020912,-0.744910,1.000000,0.440000,0.360000,0.400000,-0.600000,0.131568
476,1.662193,0.451008,-10.128849,0.155800,-0.026615,-0.943891,1.000000,0.440000,0.360000,0.400000,-0.600000,0.155800
477,1.661178,0.452219,-10.138288,0.180306,-0.031606,-1.129684,1.000000,0.440000,0.360000,0.400000,-0.600000,0.180306
478,1.660022,0.453638,-10.149585,0.205002,-0.035986,-1.306303,1.000000,0.440000,0.360000,0.400000,-0.400000,0.205002
479,1.658725,0.455267,-10.162648,0.232821,-0.036017,-1.314360,1.000000,0.460000,0.360000,0.400000,-0.400000,0.232821
480,1.657245,0.457099,-10.175792,0.260216,-0.036573,-1.370756,1.000000,0.460000,0.360000,0.400000,-0.200000,0.260216
481,1.655592,0.459142,-10.189499,0.289223,-0.031612,-1.207736,1.000000,0.460000,0.360000,0.400000,-0.400000,0.289223
482,1.653724,0.461373,-10.201577,0.315709,-0.033557,-1.351591,1.000000,0.460000,0.360000,0.400000,-0.200000,0.315709
483,1.651708,0.463825,-10.215093,0.344317,-0.029674,-1.259437,1.000000,0.460000,0.360000,0.400000,-0.200000,0.344317
484,1.649496,0.466481,-10.227687,0.372618,-0.026815,-1.215468,1.000000,0.480000,0.360000,0.400000,-0.400000,0.372618
485,1.647101,0.469347,-10.239842,0.398558,-0.029112,-1.396725,1.000000,0.480000,0.360000,0.400000,-0.200000,0.398558
486,1.644579,0.472448,-10.253809,0.426785,-0.025806,-1.361752,1.000000,0.480000,0.360000,0.400000,-0.200000,0.426785
487,1.641886,0.475769,-10.267426,0.454826,-0.022960,-1.350222,1.000000,0.480000,0.360000,0.400000,-0.200000,0.454826
488,1.639031,0.479316,-10.280929,0.482729,-0.020343,-1.354644,1.000000,0.480000,0.360000,0.400000,-0.200000,0.482729
489,1.636021,0.483096,-10.294475,0.510520,-0.017794,-1.370123,1.000000,0.480000,0.360000,0.400000,-0.200000,0.510520
490,1.632864,0.487112,-10.308176,0.538215,-0.015195,-1.393377,1.000000,0.500000,0.360000,0.400000,-0.400000,0.538215
491,1.629566,0.491368,-10.322110,0.563644,-0.016132,-1.579233,1.000000,0.500000,0.360000,0.400000,-0.200000,0.563644
492,1.626177,0.495874,-10.337902,0.591331,-0.012027,-1.590109,1.000000,0.500000,0.360000,0.400000,-0.400000,0.591331
493,1.622657,0.500628,-10.353803,0.616708,-0.011476,-1.761467,1.000000,0.500000,0.360000,0.400000,-0.400000,0.616708
494,1.619057,0.505636,-10.371418,0.642109,-0.009648,-1.920339,1.000000,0.520000,0.360000,0.400000,-0.400000,0.642109
495,1.615383,0.510903,-10.390621,0.667493,-0.006590,-2.067344,1.000000,0.520000,0.360000,0.400000,-0.200000,0.667493
496,1.611641,0.516431,-10.411295,0.694994,0.001280,-2.048302,0.980000,0.540000,0.380000,0.400000,-0.200000,0.694994
497,1.607797,0.522221,-10.431778,0.722243,0.008969,-2.038113,0.980000,0.540000,0.380000,0.400000,-0.200000,0.722243
498,1.603861,0.528278,-10.452159,0.749258,0.016601,-2.034808,0.960000,0.560000,0.380000,0.400000,-0.200000,0.749258
499,1.599845,0.534605,-10.472507,0.776050,0.024274,-2.036882,0.920000,1.000000,0.380000,0.400000,0.000000,0.776050
500,1.595758,0.541207,-10.492876,0.803505,0.037781,-1.798782,0.900000,1.000000,0.380000,0.400000,0.000000,0.803505
501,1.591556,0.548066,-10.510864,0.830770,0.049032,-1.592210,0.900000,1.000000,0.380000,0.400000,0.000000,0.830770
502,1.587251,0.555188,-10.526786,0.857930,0.058361,-1.412229,0.900000,1.000000,0.380000,0.400000,0.000000,0.857930
503,1.582854,0.562578,-10.540908,0.885043,0.066055,-1.254461,0.880000,1.000000,0.380000,0.400000,0.000000,0.885043
504,1.578374,0.570239,-10.553453,0.912148,0.072352,-1.115263,0.880000,1.000000,0.380000,0.400000,-0.200000,0.912148
505,1.573817,0.578174,-10.564605,0.938027,0.072670,-1.196095,0.880000,1.000000,0.380000,0.400000,-0.200000,0.938027
506,1.569239,0.586393,-10.576566,0.963852,0.074095,-1.274608,0.780000,1.000000,0.380000,0.400000,0.000000,0.963852
507,1.564640,0.594896,-10.589312,0.990828,0.081445,-1.143043,0.780000,1.000000,0.380000,0.400000,-0.200000,0.990828
508,1.559977,0.603676,-10.600743,1.016555,0.082819,-1.226639,0.760000,1.000000,0.380000,0.400000,-0.200000,1.016555
509,1.555302,0.612741,-10.613009,1.042199,0.085347,-1.307343,0.760000,1.000000,0.380000,0.400000,0.000000,1.042199
510,1.550620,0.622091,-10.626083,1.068991,0.093755,-1.181422,0.760000,1.000000,0.380000,0.400000,-0.200000,1.068991
511,1.545885,0.631721,-10.637897,1.094503,0.096219,-1.265044,0.740000,1.000000,0.380000,0.400000,0.000000,1.094503
512,1.541152,0.641636,-10.650547,1.121184,0.104511,-1.147169,0.740000,1.000000,0.380000,0.400000,-0.200000,1.121184
513,1.536376,0.651834,-10.662019,1.146570,0.107012,-1.232745,0.720000,0.980000,0.380000,0.400000,-0.200000,1.146570
514,1.531611,0.662318,-10.674346,1.171835,0.110762,-1.315183,0.640000,0.960000,0.380000,0.400000,0.000000,1.171835
515,1.526860,0.673087,-10.687498,1.198261,0.120259,-1.200363,0.640000,0.960000,0.380000,0.400000,-0.200000,1.198261
516,1.522081,0.684141,-10.699502,1.223364,0.124005,-1.283380,0.620000,0.940000,0.380000,0.400000,0.000000,1.223364
517,1.517325,0.695480,-10.712336,1.249644,0.133420,-1.174656,0.620000,0.880000,0.380000,0.400000,-0.200000,1.249644
518,1.512552,0.707106,-10.724082,1.274587,0.137236,-1.257810,0.600000,0.880000,0.380000,0.200000,-0.200000,1.274587
519,1.507812,0.719017,-10.736660,1.285368,0.142354,-1.337887,0.600000,0.860000,0.380000,0.200000,-0.200000,1.285368
520,1.503145,0.731078,-10.750039,1.295963,0.148503,-1.413463,0.580000,0.860000,0.380000,0.200000,-0.200000,1.295963
521,1.498554,0.743287,-10.764174,1.306354,0.155617,-1.484537,0.580000,0.840000,0.380000,0.200000,-0.200000,1.306354
522,1.494043,0.755646,-10.779019,1.316522,0.163628,-1.551172,0.580000,0.820000,1.000000,0.400000,-0.200000,1.316522
523,1.489617,0.768152,-10.794531,1.340449,0.172475,-1.613479,0.560000,0.820000,1.000000,0.400000,-0.200000,1.340449
524,1.485250,0.780942,-10.810666,1.364115,0.182371,-1.672760,0.560000,0.760000,1.000000,0.400000,-0.200000,1.364115
525,1.480949,0.794015,-10.827393,1.387497,0.193285,-1.729026,0.540000,0.740000,1.000000,0.400000,-0.200000,1.387497
526,1.476721,0.807371,-10.844684,1.410568,0.205185,-1.782321,0.520000,0.740000,1.000000,0.400000,-0.200000,1.410568
527,1.472572,0.821008,-10.862507,1.433304,0.218038,-1.832717,0.480000,0.720000,0.980000,0.400000,-0.200000,1.433304
528,1.468509,0.834925,-10.880834,1.455679,0.231815,-1.880307,0.480000,0.700000,0.960000,0.200000,-0.200000,1.455679
529,1.464540,0.849121,-10.899637,1.463669,0.246485,-1.925204,0.460000,0.700000,0.940000,0.200000,-0.200000,1.463669
530,1.460684,0.863454,-10.918889,1.471251,0.261704,-1.966617,0.460000,0.680000,0.880000,0.000000,-0.200000,1.471251
531,1.456948,0.877923,-10.938555,1.464409,0.277424,-2.004845,0.440000,0.620000,0.860000,0.000000,-0.200000,1.464409
532,1.453344,0.892385,-10.958604,1.457130,0.293279,-2.039354,0.440000,0.620000,0.840000,0.000000,-0.200000,1.457130
533,1.449874,0.906838,-10.978997,1.449412,0.309213,-2.070578,0.420000,0.600000,0.780000,0.000000,-0.200000,1.449412
534,1.446542,0.921279,-10.999703,1.441252,0.325179,-2.098924,0.420000,0.600000,0.760000,0.000000,-0.200000,1.441252
535,1.443350,0.935705,-11.020692,1.432650,0.341135,-2.124765,0.400000,0.580000,0.740000,0.000000,-0.200000,1.432650
536,1.440300,0.950112,-11.041940,1.423606,0.357045,-2.148444,0.400000,0.580000,0.720000,0.000000,-0.200000,1.423606
537,1.437393,0.964499,-11.063424,1.414122,0.372880,-2.170272,0.400000,0.560000,0.660000,0.200000,-0.200000,1.414122
538,1.434631,0.978860,-11.085127,1.418200,0.388612,-2.190531,0.380000,0.540000,0.640000,0.000000,-0.200000,1.418200
539,1.432029,0.993333,-11.107032,1.407842,0.404564,-2.209938,0.380000,0.500000,0.640000,0.000000,-0.200000,1.407842
540,1.429574,1.007774,-11.129132,1.397041,0.420376,-2.228188,0.360000,0.440000,0.620000,-0.200000,-0.200000,1.397041
541,1.427268,1.022180,-11.151414,1.371799,0.436029,-2.245495,0.360000,0.440000,0.600000,-0.200000,-0.200000,1.371799
542,1.425090,1.036408,-11.173869,1.346120,0.451156,-2.261727,0.340000,0.420000,0.540000,-0.200000,-0.200000,1.346120
543,1.423037,1.050456,-11.196486,1.320016,0.465741,-2.277157,0.340000,0.420000,0.540000,-0.200000,-0.200000,1.320016
544,1.421108,1.064320,-11.219257,1.293499,0.479769,-2.292019,0.320000,0.400000,0.520000,-0.200000,-0.200000,1.293499
545,1.419299,1.077997,-11.242178,1.266581,0.493229,-2.306521,0.320000,0.400000,0.520000,-0.200000,0.000000,1.266581
546,1.417608,1.091484,-11.265243,1.241068,0.507518,-2.260659,0.320000,0.400000,0.500000,0.000000,-0.200000,1.241068
547,1.416022,1.104798,-11.287849,1.227654,0.519106,-2.275440,0.300000,0.380000,0.480000,-0.200000,0.000000,1.227654
548,1.414589,1.118050,-11.310604,1.201713,0.531686,-2.238876,0.300000,0.360000,0.480000,-0.200000,-0.200000,1.201713
549,1.413257,1.131123,-11.332993,1.173853,0.541920,-2.254236,0.280000,0.340000,0.420000,-0.200000,-0.200000,1.173853
550,1.412030,1.143993,-11.355535,1.145676,0.551611,-2.269782,0.280000,0.320000,0.420000,-0.200000,-0.200000,1.145676
551,1.410902,1.156659,-11.378233,1.117189,0.560752,-2.285602,0.280000,0.300000,0.400000,-0.400000,-0.200000,1.117189
552,1.409872,1.169117,-11.401089,1.074401,0.569338,-2.301773,0.260000,0.300000,0.400000,-0.400000,-0.200000,1.074401
553,1.408879,1.181235,-11.424107,1.031321,0.577019,-2.318482,0.260000,0.280000,0.380000,-0.400000,-0.200000,1.031321
554,1.407916,1.193014,-11.447291,0.987964,0.583787,-2.335837,0.240000,0.280000,0.380000,-0.200000,-0.200000,0.987964
555,1.406976,1.204451,-11.470650,0.958346,0.589637,-2.353932,0.240000,0.260000,0.360000,-0.200000,-0.200000,0.958346
556,1.406116,1.215670,-11.494189,0.928482,0.594913,-2.372623,0.240000,0.260000,0.360000,-0.200000,-0.200000,0.928482
557,1.405331,1.226669,-11.517915,0.898380,0.599608,-2.391943,0.220000,0.240000,0.360000,-0.200000,-0.200000,0.898380
558,1.404617,1.237446,-11.541835,0.868049,0.603714,-2.411920,0.220000,0.240000,0.340000,-0.200000,-0.200000,0.868049
559,1.403968,1.248000,-11.565954,0.837497,0.607224,-2.432576,0.220000,0.220000,0.340000,-0.200000,-0.200000,0.837497
560,1.403379,1.258328,-11.590280,0.806734,0.610131,-2.453931,0.200000,0.220000,0.320000,-0.200000,-0.200000,0.806734
561,1.402845,1.268429,-11.614819,0.775769,0.612424,-2.476002,0.200000,0.220000,0.300000,-0.200000,-0.200000,0.775769
562,1.402361,1.278300,-11.639579,0.744612,0.614095,-2.498802,0.200000,0.200000,0.280000,-0.400000,-0.200000,0.744612
563,1.401920,1.287942,-11.664567,0.699272,0.615135,-2.522341,0.200000,0.200000,0.260000,-0.400000,-0.200000,0.699272
564,1.401432,1.297243,-11.689790,0.653760,0.615167,-2.546967,0.200000,0.200000,0.240000,-0.400000,0.000000,0.653760
565,1.400887,1.306203,-11.715260,0.610055,0.614268,-2.568859,0.200000,0.200000,0.220000,-0.400000,0.000000,0.610055
566,1.400288,1.314839,-11.740949,0.566244,0.612323,-2.593542,0.180000,0.180000,0.220000,-0.400000,0.000000,0.566244
567,1.399629,1.323153,-11.766884,0.522336,0.609332,-2.620850,0.180000,0.180000,0.200000,-0.600000,-0.200000,0.522336
568,1.398902,1.331146,-11.793093,0.462368,0.605315,-2.649735,0.180000,0.180000,0.200000,-0.600000,-0.200000,0.462368
569,1.397982,1.338707,-11.819590,0.402331,0.599840,-2.680058,0.180000,0.180000,0.200000,-0.600000,-0.200000,0.402331
570,1.396860,1.345842,-11.846391,0.342257,0.592886,-2.711770,0.180000,0.180000,0.200000,-0.400000,-0.200000,0.342257
571,1.395524,1.352557,-11.873508,0.296182,0.584426,-2.744804,0.180000,0.180000,0.200000,-0.400000,-0.200000,0.296182
572,1.394070,1.358945,-11.900956,0.250144,0.574816,-2.778769,0.180000,0.160000,0.180000,-0.600000,-0.200000,0.250144
573,1.392489,1.365011,-11.928744,0.190175,0.564034,-2.813613,0.180000,0.160000,0.180000,-0.600000,-0.200000,0.190175
574,1.390660,1.370676,-11.956880,0.130311,0.551664,-2.849532,0.180000,0.160000,0.180000,-0.400000,-0.200000,0.130311
575,1.388570,1.375945,-11.985375,0.084598,0.537676,-2.886390,0.180000,0.160000,0.180000,-0.400000,-0.200000,0.084598
576,1.386326,1.380904,-12.014239,0.039087,0.522434,-2.923867,0.180000,0.160000,0.180000,-0.400000,-0.200000,0.039087
577,1.383919,1.385557,-12.043478,-0.006178,0.505915,-2.961884,0.180000,0.160000,0.180000,-0.200000,-0.400000,-0.006178
578,1.381339,1.389909,-12.073097,-0.039054,0.488700,-2.974410,0.180000,0.160000,0.180000,0.000000,-0.400000,-0.039054
579,1.378681,1.394028,-12.102841,-0.057477,0.470526,-2.987210,0.180000,0.160000,0.180000,0.200000,-0.400000,-0.057477
580,1.376063,1.397980,-12.132713,-0.061419,0.451808,-3.000160,0.180000,0.160000,0.180000,0.200000,-0.400000,-0.061419
581,1.373607,1.401822,-12.162715,-0.064859,0.432969,-3.013144,0.200000,0.160000,0.180000,0.400000,-0.400000,-0.064859
582,1.371310,1.405549,-12.192846,-0.053790,0.414021,-3.026158,0.200000,0.160000,0.180000,0.400000,-0.400000,-0.053790
583,1.369298,1.409207,-12.223108,-0.042204,0.395395,-3.039087,0.200000,0.160000,0.180000,0.400000,-0.400000,-0.042204
584,1.367570,1.412789,-12.253498,-0.030107,0.377107,-3.051924,0.200000,0.160000,0.180000,0.200000,-0.400000,-0.030107
585,1.366123,1.416284,-12.284018,-0.031503,0.359176,-3.064661,0.240000,0.160000,0.200000,0.200000,-0.400000,-0.031503
586,1.364820,1.419646,-12.314664,-0.032398,0.341200,-3.077408,0.240000,0.160000,0.180000,0.200000,-0.400000,-0.032398
587,1.363656,1.422870,-12.345438,-0.032784,0.323195,-3.090157,0.240000,0.160000,0.180000,0.200000,-0.400000,-0.032784
588,1.362628,1.425951,-12.376340,-0.032657,0.305175,-3.102902,0.240000,0.160000,0.180000,0.200000,-0.400000,-0.032657
589,1.361731,1.428886,-12.407369,-0.032012,0.287157,-3.115634,0.240000,0.160000,0.180000,0.200000,-0.400000,-0.032012
590,1.360960,1.431671,-12.438525,-0.030844,0.269156,-3.128346,0.240000,0.160000,0.180000,0.200000,-0.400000,-0.030844
591,1.360311,1.434301,-12.469809,-0.029149,0.251189,-3.141027,0.240000,0.160000,0.180000,0.200000,-0.400000,-0.029149
592,1.359779,1.436773,-12.501219,-0.026924,0.233272,-3.153666,0.260000,0.180000,0.180000,0.200000,-0.400000,-0.026924
593,1.359358,1.439084,-12.532756,-0.024165,0.215421,-3.166254,0.260000,0.200000,0.180000,0.200000,-0.400000,-0.024165
594,1.359044,1.441228,-12.564418,-0.020869,0.197654,-3.178777,0.260000,0.200000,0.180000,0.200000,-0.400000,-0.020869
595,1.358832,1.443205,-12.596206,-0.017036,0.179987,-3.191224,0.260000,0.200000,0.180000,0.200000,-0.400000,-0.017036
596,1.358715,1.445009,-12.628118,-0.012664,0.162438,-3.203588,0.260000,0.200000,0.160000,0.000000,-0.400000,-0.012664
597,1.358689,1.446638,-12.660154,-0.021752,0.145023,-3.215871,0.260000,0.200000,0.160000,0.000000,-0.400000,-0.021752
598,1.358608,1.448102,-12.692313,-0.030292,0.127343,-3.227720,0.320000,0.200000,0.160000,0.000000,-0.400000,-0.030292
599,1.358468,1.449403,-12.724590,-0.038267,0.109421,-3.238769,0.320000,0.200000,0.160000,0.400000,-0.400000,-0.038267
600,1.358262,1.450544,-12.756978,-0.017660,0.091282,-3.248783,0.320000,0.200000,0.160000,0.000000,-0.400000,-0.017660
601,1.358262,1.451474,-12.789466,-0.016757,0.092045,-2.477205,0.340000,0.240000,0.160000,0.200000,-0.400000,-0.016757
602,1.358302,1.452409,-12.814238,-0.008903,0.074676,-2.488065,0.340000,0.260000,0.160000,0.000000,-0.400000,-0.008903
603,1.358399,1.453154,-12.839118,-0.014607,0.057538,-2.496575,0.340000,0.260000,0.160000,0.000000,-0.400000,-0.014607
604,1.358413,1.453748,-12.864084,-0.012151,0.058569,-1.722770,0.400000,0.260000,0.160000,0.200000,-0.400000,-0.012151
605,1.358469,1.454344,-12.881312,-0.003017,0.041429,-1.732823,0.400000,0.260000,0.160000,0.000000,-0.600000,-0.003017
606,1.358569,1.454747,-12.898640,0.001923,0.041821,-0.998301,0.420000,0.260000,0.160000,0.200000,-0.600000,0.001923
607,1.358723,1.455136,-12.908623,0.009866,0.025760,-0.969417,0.420000,0.260000,0.160000,0.400000,-0.600000,0.009866
608,1.358903,1.455345,-12.918317,0.033155,0.011465,-0.865283,0.420000,0.260000,0.160000,0.400000,-0.600000,0.033155
609,1.359253,1.455339,-12.926970,0.057880,-0.000860,-0.675957,0.420000,0.260000,0.160000,0.400000,-0.800000,0.057880
610,1.359792,1.455126,-12.933730,0.079666,-0.013657,-0.586426,0.420000,0.260000,0.160000,0.400000,-0.600000,0.079666
611,1.360486,1.454713,-12.939594,0.104327,-0.020548,-0.685177,0.420000,0.260000,0.200000,0.400000,-0.600000,0.104327
612,1.361383,1.454141,-12.946446,0.129071,-0.025472,-0.864603,0.420000,0.260000,0.200000,0.400000,-0.600000,0.129071
613,1.362487,1.453426,-12.955092,0.153932,-0.030072,-1.035164,0.420000,0.260000,0.200000,0.400000,-0.600000,0.153932
614,1.363797,1.452564,-12.965443,0.178873,-0.034308,-1.201741,0.440000,0.260000,0.200000,0.400000,-0.600000,0.178873
615,1.365312,1.451553,-12.977461,0.203880,-0.038150,-1.364946,0.440000,0.260000,0.200000,0.400000,-0.400000,0.203880
616,1.367029,1.450388,-12.991110,0.231967,-0.037532,-1.352535,0.440000,0.260000,0.200000,0.400000,-0.400000,0.231967
617,1.368988,1.449091,-13.004635,0.259521,-0.037680,-1.397838,0.440000,0.260000,0.200000,0.400000,-0.600000,0.259521
618,1.371178,1.447648,-13.018614,0.283965,-0.041118,-1.598874,0.440000,0.260000,0.200000,0.400000,-0.600000,0.283965
619,1.373552,1.446037,-13.034603,0.308585,-0.043856,-1.783330,0.460000,0.300000,0.200000,0.400000,-0.400000,0.308585
620,1.376108,1.444253,-13.052436,0.336198,-0.042735,-1.821127,0.460000,0.300000,0.200000,0.400000,-0.400000,0.336198
621,1.378881,1.442305,-13.070647,0.363559,-0.041677,-1.879085,0.460000,0.300000,0.180000,0.400000,-0.400000,0.363559
622,1.381863,1.440183,-13.089438,0.390741,-0.040480,-1.948824,0.460000,0.300000,0.180000,0.400000,-0.400000,0.390741
623,1.385045,1.437881,-13.108926,0.417780,-0.039006,-2.025440,0.480000,0.300000,0.220000,0.400000,-0.400000,0.417780
624,1.388422,1.435390,-13.129181,0.444697,-0.037152,-2.105875,0.480000,0.300000,0.220000,0.400000,-0.400000,0.444697
625,1.391985,1.432703,-13.150239,0.471495,-0.034840,-2.188107,0.500000,0.300000,0.220000,0.400000,-0.400000,0.471495
626,1.395726,1.429813,-13.172120,0.498171,-0.032009,-2.270739,0.500000,0.300000,0.220000,0.400000,-0.400000,0.498171
627,1.399640,1.426713,-13.194828,0.524718,-0.028607,-2.352766,0.520000,0.300000,0.220000,0.400000,-0.200000,0.524718
628,1.403716,1.423397,-13.218356,0.553260,-0.019807,-2.228823,0.520000,0.360000,0.220000,0.400000,-0.400000,0.553260
629,1.407994,1.419883,-13.240644,0.579208,-0.016430,-2.326604,0.540000,0.360000,0.220000,0.400000,-0.200000,0.579208
630,1.412415,1.416138,-13.263910,0.607220,-0.007955,-2.237439,0.540000,0.360000,0.220000,0.400000,-0.400000,0.607220
631,1.417018,1.412177,-13.286284,0.632700,-0.004107,-2.340129,0.560000,0.360000,0.200000,0.400000,-0.200000,0.632700
632,1.421748,1.407974,-13.309685,0.660242,0.004515,-2.273673,0.580000,0.360000,0.200000,0.400000,-0.200000,0.660242
633,1.426640,1.403540,-13.332422,0.687468,0.012655,-2.225041,0.600000,0.360000,0.200000,0.200000,-0.200000,0.687468
634,1.431682,1.398865,-13.354673,0.700420,0.020501,-2.190154,0.620000,0.380000,0.240000,0.200000,-0.200000,0.700420
635,1.436765,1.394042,-13.376574,0.713131,0.027861,-2.161646,0.640000,0.380000,0.240000,0.200000,-0.200000,0.713131
636,1.441883,1.389068,-13.398191,0.725626,0.034834,-2.138452,0.660000,0.380000,0.240000,0.200000,-0.200000,0.725626
637,1.447028,1.383939,-13.419575,0.737923,0.041502,-2.119709,0.800000,0.380000,0.240000,-0.200000,-0.200000,0.737923
638,1.452193,1.378653,-13.440772,0.722036,0.047929,-2.104717,0.820000,0.380000,0.240000,-0.200000,-0.200000,0.722036
639,1.457192,1.373421,-13.461819,0.705982,0.053471,-2.086055,0.860000,0.380000,0.240000,-0.200000,-0.200000,0.705982
640,1.462023,1.368245,-13.482680,0.689789,0.058153,-2.064397,0.900000,0.380000,0.240000,-0.200000,-0.200000,0.689789
641,1.466684,1.363126,-13.503324,0.673480,0.062008,-2.040263,0.960000,0.400000,0.280000,0.000000,-0.200000,0.673480
642,1.471172,1.358067,-13.523727,0.671082,0.065068,-2.014050,1.000000,0.400000,0.280000,0.000000,-0.200000,0.671082
643,1.475567,1.352954,-13.543867,0.668616,0.067721,-1.989308,1.000000,0.400000,0.280000,0.000000,-0.200000,0.668616
644,1.479867,1.347790,-13.563760,0.666094,0.070003,-1.965896,1.000000,0.400000,0.280000,0.000000,-0.200000,0.666094
645,1.484069,1.342574,-13.583419,0.663526,0.071944,-1.943688,1.000000,0.420000,0.280000,0.000000,-0.200000,0.663526
646,1.488170,1.337308,-13.602856,0.660920,0.073570,-1.922574,1.000000,0.420000,0.280000,0.000000,-0.200000,0.660920
647,1.492169,1.331995,-13.622082,0.658286,0.074907,-1.902457,1.000000,0.420000,0.280000,0.000000,-0.200000,0.658286
648,1.496063,1.326635,-13.641106,0.655631,0.075977,-1.883252,1.000000,0.440000,0.280000,0.000000,-0.200000,0.655631
649,1.499852,1.321231,-13.659939,0.652961,0.076799,-1.864882,1.000000,0.440000,0.280000,0.000000,-0.200000,0.652961
650,1.503534,1.315784,-13.678588,0.650282,0.077394,-1.847283,1.000000,0.460000,0.280000,0.000000,0.000000,0.650282
651,1.507106,1.310295,-13.697060,0.648816,0.082653,-1.621923,1.000000,0.460000,0.280000,0.000000,0.000000,0.648816
652,1.510618,1.304777,-13.713280,0.647439,0.085915,-1.422349,1.000000,0.480000,0.280000,0.000000,0.000000,0.647439
653,1.514064,1.299229,-13.727503,0.646182,0.087520,-1.244252,1.000000,0.480000,0.280000,0.400000,-0.400000,0.646182
654,1.517441,1.293651,-13.739946,0.669635,0.082063,-1.327567,1.000000,0.500000,0.280000,0.000000,0.000000,0.669635
655,1.520788,1.287793,-13.753221,0.668507,0.083758,-1.158816,1.000000,0.500000,0.280000,0.400000,-0.400000,0.668507
656,1.524069,1.281909,-13.764810,0.692086,0.078324,-1.255223,1.000000,0.500000,0.280000,0.000000,-0.200000,0.692086
657,1.527316,1.275747,-13.777362,0.689764,0.075677,-1.289134,1.000000,0.520000,0.280000,0.000000,-0.200000,0.689764
658,1.530453,1.269558,-13.790253,0.687466,0.073348,-1.321143,1.000000,0.520000,0.280000,0.000000,-0.200000,0.687466
659,1.533480,1.263342,-13.803465,0.685190,0.071309,-1.351202,1.000000,0.540000,0.280000,0.000000,-0.200000,0.685190
660,1.536398,1.257102,-13.816977,0.682934,0.069533,-1.379292,1.000000,0.680000,0.280000,0.000000,0.000000,0.682934
661,1.539208,1.250838,-13.830769,0.681935,0.072781,-1.200659,1.000000,0.700000,0.280000,0.400000,-0.200000,0.681935
662,1.541959,1.244556,-13.842776,0.707739,0.069876,-1.239189,1.000000,0.720000,0.280000,0.400000,0.000000,0.707739
663,1.544681,1.237986,-13.855168,0.734831,0.072580,-1.078705,1.000000,0.740000,0.280000,0.400000,0.000000,0.734831
664,1.547423,1.231130,-13.865955,0.762002,0.074397,-0.938728,1.000000,0.760000,0.280000,0.400000,0.000000,0.762002
665,1.550181,1.223988,-13.875342,0.789254,0.075476,-0.815997,1.000000,0.780000,0.280000,0.400000,0.000000,0.789254
666,1.552953,1.216559,-13.883502,0.816584,0.075936,-0.707964,1.000000,0.800000,0.280000,0.400000,0.000000,0.816584
667,1.555737,1.208845,-13.890582,0.843990,0.075876,-0.612599,1.000000,0.820000,0.280000,0.400000,0.000000,0.843990
668,1.558533,1.200846,-13.896708,0.871464,0.075377,-0.528256,1.000000,0.820000,0.280000,0.400000,0.000000,0.871464
669,1.561341,1.192562,-13.901990,0.899001,0.074506,-0.453568,1.000000,1.000000,0.280000,0.400000,-0.200000,0.899001
670,1.564160,1.183993,-13.906526,0.925272,0.068875,-0.577523,1.000000,1.000000,0.280000,0.400000,-0.200000,0.925272
671,1.566946,1.175142,-13.912301,0.951517,0.064824,-0.699631,1.000000,1.000000,0.280000,0.400000,-0.200000,0.951517
672,1.569699,1.166011,-13.919298,0.977734,0.062318,-0.818703,1.000000,1.000000,0.280000,0.400000,-0.200000,0.977734
673,1.572421,1.156600,-13.927485,1.003915,0.061315,-0.933845,1.000000,1.000000,0.280000,0.400000,-0.200000,1.003915
674,1.575110,1.146908,-13.936823,1.030048,0.061764,-1.044414,0.980000,1.000000,0.280000,0.400000,-0.200000,1.030048
675,1.577766,1.136937,-13.947267,1.056117,0.063612,-1.149980,0.980000,1.000000,0.280000,0.400000,-0.200000,1.056117
676,1.580384,1.126685,-13.958767,1.082102,0.066804,-1.250284,0.960000,1.000000,0.280000,0.400000,0.000000,1.082102
677,1.582962,1.116155,-13.971270,1.109166,0.076265,-1.132123,0.960000,1.000000,0.280000,0.400000,-0.200000,1.109166
678,1.585545,1.105341,-13.982591,1.134972,0.079507,-1.231844,0.960000,1.000000,0.280000,0.400000,-0.200000,1.134972
679,1.588078,1.094249,-13.994910,1.160658,0.084089,-1.326559,0.940000,1.000000,0.280000,0.400000,0.000000,1.160658
680,1.590556,1.082879,-14.008175,1.187428,0.094798,-1.209187,0.900000,1.000000,0.280000,0.400000,-0.200000,1.187428
681,1.593024,1.071225,-14.020267,1.212897,0.099355,-1.302529,0.860000,1.000000,0.280000,0.400000,0.000000,1.212897
682,1.595425,1.059295,-14.033292,1.239477,0.109929,-1.190780,0.820000,1.000000,0.300000,0.400000,-0.200000,1.239477
683,1.597804,1.047081,-14.045200,1.264738,0.114537,-1.282611,0.780000,1.000000,0.300000,0.400000,0.000000,1.264738
684,1.600106,1.034592,-14.058026,1.291133,0.125054,-1.175813,0.760000,1.000000,0.300000,0.400000,-0.200000,1.291133
685,1.602373,1.021820,-14.069784,1.316191,0.129770,-1.266020,0.740000,1.000000,0.300000,0.400000,0.000000,1.316191
686,1.604554,1.008776,-14.082445,1.342400,0.140291,-1.163620,0.720000,1.000000,0.300000,0.400000,-0.200000,1.342400
687,1.606689,0.995449,-14.094081,1.367258,0.145162,-1.252112,0.720000,1.000000,0.300000,0.400000,0.000000,1.367258
688,1.608728,0.981851,-14.106602,1.393281,0.155735,-1.153653,0.720000,1.000000,0.320000,0.400000,-0.200000,1.393281
689,1.610711,0.967972,-14.118138,1.417938,0.160797,-1.240354,0.700000,1.000000,0.440000,0.400000,-0.200000,1.417938
690,1.612588,0.953826,-14.130542,1.442391,0.167295,-1.323635,0.700000,1.000000,0.440000,0.400000,0.000000,1.442391
691,1.614357,0.939414,-14.143778,1.467999,0.179335,-1.225920,0.680000,1.000000,0.460000,0.400000,-0.200000,1.467999
692,1.616053,0.924722,-14.156037,1.492208,0.185938,-1.306809,0.680000,1.000000,0.460000,0.400000,0.000000,1.492208
693,1.617631,0.909768,-14.169106,1.517588,0.197951,-1.213010,0.660000,1.000000,0.480000,0.400000,-0.200000,1.517588
694,1.619124,0.894536,-14.181236,1.541557,0.204689,-1.291604,0.660000,1.000000,0.500000,0.200000,0.000000,1.541557
695,1.620490,0.879046,-14.194152,1.552710,0.216712,-1.201422,0.640000,1.000000,0.500000,0.400000,-0.200000,1.552710
696,1.621769,0.863420,-14.206166,1.576442,0.223399,-1.276882,0.640000,1.000000,0.520000,0.200000,0.000000,1.576442
697,1.622911,0.847539,-14.218935,1.587377,0.235217,-1.189795,0.620000,1.000000,0.700000,0.400000,-0.200000,1.587377
698,1.623959,0.831526,-14.230833,1.610882,0.241869,-1.262432,0.620000,1.000000,1.000000,0.200000,-0.200000,1.610882
699,1.624861,0.815262,-14.243457,1.620124,0.249899,-1.332637,0.600000,0.980000,1.000000,0.200000,-0.200000,1.620124
700,1.625627,0.798887,-14.256783,1.629079,0.259046,-1.399359,0.580000,0.980000,1.000000,0.200000,-0.200000,1.629079
701,1.626255,0.782404,-14.270777,1.637729,0.269248,-1.462571,0.580000,0.960000,1.000000,0.200000,-0.200000,1.637729
702,1.626741,0.765814,-14.285403,1.646053,0.280442,-1.522294,0.560000,0.960000,1.000000,0.200000,-0.200000,1.646053
703,1.627084,0.749119,-14.300626,1.654032,0.292567,-1.578587,0.540000,0.880000,1.000000,0.200000,-0.200000,1.654032
704,1.627279,0.732323,-14.316412,1.661648,0.305562,-1.631546,0.520000,0.800000,1.000000,0.200000,-0.200000,1.661648
705,1.627323,0.715428,-14.332727,1.668881,0.319371,-1.681294,0.520000,0.800000,1.000000,0.200000,-0.200000,1.668881
706,1.627213,0.698437,-14.349540,1.675715,0.333938,-1.727976,0.500000,0.780000,1.000000,0.200000,-0.200000,1.675715
707,1.626945,0.681353,-14.366820,1.682131,0.349211,-1.771754,0.480000,0.780000,1.000000,0.200000,-0.200000,1.682131
708,1.626517,0.664178,-14.384537,1.688115,0.365139,-1.812802,0.480000,0.760000,1.000000,0.200000,-0.200000,1.688115
709,1.625923,0.646917,-14.402665,1.693649,0.381678,-1.851302,0.460000,0.700000,1.000000,0.000000,-0.200000,1.693649
710,1.625162,0.629572,-14.421178,1.684721,0.398781,-1.887438,0.440000,0.660000,1.000000,0.000000,-0.200000,1.684721
711,1.624270,0.612282,-14.440053,1.675316,0.416108,-1.920825,0.440000,0.620000,1.000000,0.000000,-0.200000,1.675316
712,1.623244,0.595051,-14.459261,1.665431,0.433606,-1.951757,0.420000,0.580000,1.000000,0.000000,-0.200000,1.665431
713,1.622086,0.577880,-14.478778,1.655062,0.451228,-1.980512,0.420000,0.540000,1.000000,-0.200000,-0.200000,1.655062
714,1.620793,0.560774,-14.498584,1.630206,0.468932,-2.007353,0.400000,0.540000,1.000000,-0.200000,-0.200000,1.630206
715,1.619414,0.543867,-14.518657,1.604861,0.486366,-2.032117,0.400000,0.520000,1.000000,0.200000,-0.200000,1.604861
716,1.617954,0.527162,-14.538978,1.607035,0.503486,-2.055131,0.380000,0.520000,1.000000,0.200000,-0.200000,1.607035
717,1.616302,0.510402,-14.559530,1.608733,0.520897,-2.077340,0.380000,0.500000,0.860000,0.200000,-0.200000,1.608733
718,1.614459,0.493593,-14.580303,1.609946,0.538580,-2.098844,0.360000,0.500000,0.840000,0.200000,-0.200000,1.609946
719,1.612422,0.476740,-14.601291,1.610664,0.556521,-2.119737,0.360000,0.480000,0.800000,0.200000,-0.200000,1.610664
720,1.610188,0.459846,-14.622489,1.610879,0.574703,-2.140109,0.340000,0.460000,0.700000,0.200000,-0.200000,1.610879
721,1.607757,0.442916,-14.643890,1.610581,0.593113,-2.160041,0.340000,0.440000,0.700000,0.000000,-0.200000,1.610581
722,1.605127,0.425956,-14.665490,1.595760,0.611737,-2.179614,0.320000,0.420000,0.680000,0.000000,-0.200000,1.595760
723,1.602366,0.409090,-14.687286,1.580410,0.630230,-2.198739,0.320000,0.400000,0.620000,0.000000,-0.200000,1.580410
724,1.599476,0.392323,-14.709274,1.564528,0.648577,-2.217540,0.320000,0.380000,0.560000,0.000000,-0.200000,1.564528
725,1.596459,0.375658,-14.731449,1.548114,0.666761,-2.236128,0.300000,0.360000,0.520000,-0.200000,-0.200000,1.548114
726,1.593315,0.359097,-14.753810,1.517167,0.684770,-2.254599,0.300000,0.340000,0.520000,-0.200000,-0.200000,1.517167
727,1.590128,0.342760,-14.776356,1.485686,0.702251,-2.272998,0.280000,0.340000,0.500000,-0.200000,-0.200000,1.485686
728,1.586901,0.326647,-14.799086,1.453679,0.719189,-2.291452,0.280000,0.320000,0.500000,-0.200000,0.000000,1.453679
729,1.583639,0.310760,-14.822001,1.423018,0.736386,-2.275239,0.260000,0.300000,0.460000,-0.400000,-0.200000,1.423018
730,1.580342,0.295080,-14.844753,1.376213,0.751746,-2.294247,0.240000,0.300000,0.420000,-0.400000,-0.200000,1.376213
731,1.577109,0.279735,-14.867696,1.328915,0.766206,-2.313634,0.240000,0.280000,0.400000,-0.400000,-0.200000,1.328915
732,1.573948,0.264725,-14.890832,1.281137,0.779750,-2.333507,0.220000,0.280000,0.360000,-0.200000,0.000000,1.281137
733,1.570867,0.250047,-14.914167,1.248801,0.792843,-2.333470,0.200000,0.260000,0.340000,-0.400000,-0.200000,1.248801
734,1.567764,0.235584,-14.937502,1.200250,0.804646,-2.354477,0.200000,0.260000,0.320000,-0.400000,-0.200000,1.200250
735,1.564756,0.221450,-14.961047,1.151256,0.815503,-2.376174,0.200000,0.240000,0.300000,-0.400000,-0.200000,1.151256
736,1.561848,0.207645,-14.984808,1.101832,0.825400,-2.398614,0.200000,0.240000,0.280000,-0.400000,-0.200000,1.101832
737,1.559050,0.194165,-15.008795,1.051989,0.834318,-2.421838,0.180000,0.220000,0.260000,-0.400000,-0.200000,1.051989
738,1.556368,0.181009,-15.033013,1.001742,0.842241,-2.445882,0.180000,0.220000,0.260000,-0.400000,-0.200000,1.001742
739,1.553809,0.168174,-15.057472,0.951102,0.849147,-2.470767,0.180000,0.220000,0.240000,-0.400000,-0.200000,0.951102
740,1.551383,0.155657,-15.082179,0.900085,0.855019,-2.496512,0.180000,0.200000,0.220000,-0.600000,-0.200000,0.900085
741,1.549096,0.143455,-15.107145,0.834706,0.859832,-2.523127,0.180000,0.200000,0.220000,-0.600000,-0.200000,0.834706
742,1.547071,0.131644,-15.132376,0.768983,0.863205,-2.550836,0.180000,0.200000,0.200000,-0.600000,-0.200000,0.768983
743,1.545319,0.120217,-15.157884,0.702938,0.865109,-2.579637,0.160000,0.200000,0.200000,-0.600000,-0.200000,0.702938
744,1.543849,0.109167,-15.183681,0.636600,0.865513,-2.609518,0.160000,0.180000,0.180000,-0.400000,0.000000,0.636600
745,1.542671,0.098488,-15.209776,0.585980,0.864298,-2.644149,0.160000,0.180000,0.180000,-0.400000,-0.200000,0.585980
746,1.541653,0.088095,-15.236217,0.533112,0.862047,-2.675861,0.160000,0.180000,0.180000,-0.400000,-0.200000,0.533112
747,1.540822,0.077994,-15.262976,0.480034,0.858564,-2.708360,0.160000,0.180000,0.180000,-0.400000,-0.200000,0.480034
748,1.540185,0.068178,-15.290059,0.426773,0.853816,-2.741619,0.160000,0.180000,0.160000,-0.600000,-0.200000,0.426773
749,1.539749,0.058642,-15.317476,0.359359,0.847772,-2.775606,0.160000,0.180000,0.160000,-0.600000,-0.200000,0.359359
750,1.539653,0.049435,-15.345232,0.291826,0.840009,-2.810473,0.160000,0.180000,0.160000,-0.600000,-0.200000,0.291826
751,1.539906,0.040546,-15.373336,0.224219,0.830485,-2.846157,0.160000,0.180000,0.160000,-0.600000,-0.200000,0.224219
752,1.540515,0.031966,-15.401798,0.156586,0.819156,-2.882589,0.160000,0.160000,0.160000,-0.600000,-0.200000,0.156586
753,1.541491,0.023683,-15.430624,0.088980,0.805977,-2.919702,0.160000,0.160000,0.140000,-0.600000,-0.400000,0.088980
754,1.542842,0.015688,-15.459821,0.019552,0.791508,-2.931549,0.160000,0.160000,0.140000,-0.600000,-0.400000,0.019552
755,1.544596,0.007967,-15.489136,-0.049544,0.775038,-2.943889,0.160000,0.160000,0.140000,0.000000,-0.400000,-0.049544
756,1.546763,0.000509,-15.518575,-0.076249,0.756563,-2.956685,0.160000,0.180000,0.140000,-0.200000,-0.400000,-0.076249
757,1.548936,-0.006778,-15.548142,-0.116506,0.737302,-2.969652,0.180000,0.180000,0.140000,0.000000,-0.400000,-0.116506
758,1.551259,-0.013872,-15.577839,-0.142287,0.716852,-2.982871,0.180000,0.180000,0.140000,0.000000,-0.400000,-0.142287
759,1.553600,-0.020795,-15.607667,-0.167554,0.695628,-2.996250,0.180000,0.180000,0.140000,0.000000,-0.400000,-0.167554
760,1.555964,-0.027548,-15.637630,-0.192280,0.673640,-3.009786,0.180000,0.180000,0.140000,0.000000,-0.400000,-0.192280
761,1.558355,-0.034133,-15.667728,-0.216438,0.650895,-3.023475,0.180000,0.180000,0.140000,0.000000,-0.400000,-0.216438
762,1.560780,-0.040550,-15.697962,-0.239999,0.627406,-3.037311,0.180000,0.180000,0.140000,0.000000,-0.400000,-0.239999
763,1.563242,-0.046799,-15.728336,-0.262935,0.603182,-3.051292,0.200000,0.180000,0.140000,0.000000,-0.400000,-0.262935
764,1.565748,-0.052884,-15.758849,-0.285220,0.578237,-3.065413,0.200000,0.180000,0.140000,0.000000,-0.400000,-0.285220
765,1.568303,-0.058804,-15.789503,-0.306823,0.552584,-3.079672,0.200000,0.180000,0.140000,0.000000,-0.400000,-0.306823
766,1.570911,-0.064561,-15.820299,-0.327718,0.526236,-3.094063,0.200000,0.180000,0.160000,0.000000,-0.400000,-0.327718
767,1.573577,-0.070157,-15.851240,-0.347877,0.499210,-3.108587,0.220000,0.200000,0.160000,0.000000,-0.400000,-0.347877
768,1.576308,-0.075595,-15.882326,-0.367270,0.471522,-3.123239,0.220000,0.200000,0.160000,0.200000,-0.400000,-0.367270
769,1.579107,-0.080876,-15.913558,-0.371872,0.443189,-3.138019,0.220000,0.200000,0.160000,0.200000,-0.400000,-0.371872
770,1.581842,-0.085974,-15.944938,-0.375652,0.414666,-3.152859,0.240000,0.200000,0.160000,0.200000,-0.400000,-0.375652
771,1.584520,-0.090886,-15.976467,-0.378598,0.385977,-3.167757,0.240000,0.200000,0.160000,0.200000,-0.400000,-0.378598
772,1.587147,-0.095612,-16.008145,-0.380695,0.357147,-3.182711,0.240000,0.200000,0.160000,0.200000,-0.400000,-0.380695
773,1.589727,-0.100150,-16.039972,-0.381930,0.328203,-3.197720,0.260000,0.220000,0.160000,0.200000,-0.400000,-0.381930
774,1.592268,-0.104497,-16.071949,-0.382292,0.299171,-3.212783,0.260000,0.220000,0.160000,0.200000,-0.400000,-0.382292
775,1.594776,-0.108654,-16.104077,-0.381769,0.270079,-3.227898,0.280000,0.220000,0.160000,0.200000,-0.400000,-0.381769
776,1.597256,-0.112619,-16.136356,-0.380350,0.240955,-3.243066,0.280000,0.220000,0.160000,0.200000,-0.400000,-0.380350
777,1.599715,-0.116391,-16.168786,-0.378026,0.211830,-3.258288,0.360000,0.240000,0.180000,0.200000,-0.200000,-0.378026
778,1.602159,-0.119969,-16.201369,-0.372906,0.182134,-3.299143,0.380000,0.240000,0.180000,0.200000,-0.200000,-0.372906
779,1.604580,-0.123339,-16.234361,-0.366891,0.152463,-3.340002,0.400000,0.240000,0.180000,0.200000,-0.200000,-0.366891
780,1.606986,-0.126501,-16.267761,-0.359958,0.122852,-3.380867,0.400000,0.260000,0.180000,0.200000,-0.200000,-0.359958
781,1.609384,-0.129453,-16.301569,-0.352085,0.093337,-3.421743,0.440000,0.260000,0.180000,0.200000,-0.200000,-0.352085
782,1.611781,-0.132196,-16.335787,-0.339321,0.083335,-2.633792,0.460000,0.260000,0.180000,0.200000,-0.400000,-0.339321
783,1.614037,-0.134864,-16.362125,-0.331365,0.057665,-2.649702,0.480000,0.280000,0.180000,0.200000,-0.200000,-0.331365
784,1.616316,-0.137338,-16.388622,-0.316934,0.050947,-1.862266,0.500000,0.280000,0.200000,0.400000,-0.400000,-0.316934
785,1.618459,-0.139728,-16.407244,-0.286029,0.046543,-1.099697,0.520000,0.300000,0.200000,0.400000,-0.600000,-0.286029
786,1.620348,-0.141925,-16.418241,-0.264108,0.027637,-1.075830,0.540000,0.300000,0.200000,0.600000,-0.600000,-0.264108
787,1.622170,-0.143857,-16.429000,-0.216799,0.025371,-0.353760,0.540000,0.300000,0.200000,0.400000,-0.600000,-0.216799
788,1.623631,-0.145479,-16.432537,-0.194454,0.008854,-0.330488,0.560000,0.300000,0.200000,0.600000,-0.600000,-0.194454
789,1.625028,-0.146834,-16.435842,-0.152487,0.008211,-0.330488,0.560000,0.300000,0.200000,0.600000,-0.600000,-0.152487
790,1.626112,-0.147910,-16.439147,-0.110516,0.007707,-0.330488,0.560000,0.300000,0.200000,0.600000,-0.600000,-0.110516
791,1.626883,-0.148705,-16.442452,-0.068542,0.007342,-0.330488,0.560000,0.300000,0.200000,0.400000,-0.600000,-0.068542
792,1.627343,-0.149219,-16.445757,-0.040567,0.007115,-0.330488,0.580000,0.300000,0.200000,0.400000,-0.600000,-0.040567
793,1.627595,-0.149545,-16.449062,-0.012591,0.006981,-0.330488,0.580000,0.320000,0.200000,0.400000,-0.600000,-0.012591
794,1.627641,-0.149681,-16.452367,0.015386,0.006940,-0.330488,0.580000,0.320000,0.200000,0.400000,-0.400000,0.015386
795,1.627481,-0.149628,-16.455671,0.041026,-0.006509,-0.179059,0.580000,0.320000,0.200000,0.400000,-0.600000,0.041026
796,1.627224,-0.149301,-16.457462,0.064853,-0.012052,-0.464987,0.580000,0.320000,0.200000,0.400000,-0.600000,0.064853
797,1.626832,-0.148771,-16.462112,0.089570,-0.018336,-0.590595,0.680000,0.320000,0.200000,0.400000,-0.600000,0.089570
798,1.626304,-0.148024,-16.468018,0.114360,-0.023098,-0.776600,0.680000,0.320000,0.260000,0.400000,-0.600000,0.114360
799,1.625635,-0.147069,-16.475784,0.139248,-0.027774,-0.945573,0.700000,0.320000,0.260000,0.400000,-0.600000,0.139248
800,1.624826,-0.145902,-16.485240,0.164195,-0.032141,-1.111879,0.700000,0.320000,0.260000,0.400000,-0.600000,0.164195
801,1.623881,-0.144521,-16.496358,0.189197,-0.036160,-1.275559,0.720000,0.320000,0.260000,0.400000,-0.400000,0.189197
802,1.622803,-0.142925,-16.509114,0.217281,-0.035698,-1.261491,0.740000,0.320000,0.260000,0.400000,-0.400000,0.217281
803,1.621548,-0.141116,-16.521729,0.244797,-0.036088,-1.310406,0.760000,0.320000,0.260000,0.400000,-0.400000,0.244797
804,1.620129,-0.139088,-16.534833,0.272034,-0.036784,-1.386423,0.780000,0.380000,0.260000,0.400000,-0.400000,0.272034
805,1.618557,-0.136838,-16.548697,0.299119,-0.037489,-1.475450,0.800000,0.400000,0.260000,0.400000,-0.400000,0.299119
806,1.616842,-0.134359,-16.563452,0.326109,-0.038024,-1.571004,0.820000,0.400000,0.260000,0.400000,-0.400000,0.326109
807,1.614990,-0.131648,-16.579162,0.353033,-0.038270,-1.669682,0.860000,0.400000,0.260000,0.400000,-0.400000,0.353033
808,1.613010,-0.128700,-16.595859,0.379902,-0.038143,-1.769498,0.900000,0.400000,0.260000,0.400000,-0.400000,0.379902
809,1.610908,-0.125512,-16.613554,0.406718,-0.037576,-1.869190,0.940000,0.420000,0.260000,0.400000,-0.400000,0.406718
810,1.608694,-0.122081,-16.632245,0.433478,-0.036514,-1.967891,0.980000,0.420000,0.260000,0.400000,-0.400000,0.433478
811,1.606374,-0.118401,-16.651924,0.460173,-0.034911,-2.064973,1.000000,0.420000,0.260000,0.400000,-0.200000,0.460173
812,1.603957,-0.114469,-16.672574,0.488895,-0.027697,-1.944830,1.000000,0.440000,0.260000,0.400000,-0.400000,0.488895
813,1.601399,-0.110293,-16.692022,0.515077,-0.026173,-2.061593,1.000000,0.440000,0.260000,0.400000,-0.400000,0.515077
814,1.598766,-0.105859,-16.712638,0.541222,-0.023823,-2.172184,1.000000,0.460000,0.260000,0.400000,-0.200000,0.541222
815,1.596064,-0.101163,-16.734360,0.569464,-0.016172,-2.085469,1.000000,0.460000,0.260000,0.400000,-0.200000,0.569464
816,1.593253,-0.096208,-16.755215,0.597372,-0.009262,-2.024870,1.000000,0.480000,0.260000,0.400000,-0.400000,0.597372
817,1.590346,-0.090988,-16.775463,0.622828,-0.006650,-2.147387,1.000000,0.500000,0.260000,0.400000,-0.200000,0.622828
818,1.587401,-0.085500,-16.796937,0.650401,0.000790,-2.100850,1.000000,0.500000,0.260000,0.400000,0.000000,0.650401
819,1.584380,-0.079740,-16.817946,0.678348,0.013813,-1.816194,1.000000,0.620000,0.260000,0.400000,0.000000,0.678348
820,1.581240,-0.073726,-16.836108,0.706058,0.024449,-1.573895,1.000000,0.620000,0.320000,0.400000,-0.200000,0.706058
821,1.577994,-0.067451,-16.851847,0.732683,0.027464,-1.607204,1.000000,0.640000,0.320000,0.400000,-0.200000,0.732683
822,1.574711,-0.060895,-16.867919,0.759231,0.031010,-1.642013,1.000000,0.660000,0.320000,0.400000,-0.200000,0.759231
823,1.571394,-0.054058,-16.884339,0.785688,0.035091,-1.677784,1.000000,0.680000,0.340000,0.400000,-0.200000,0.785688
824,1.568051,-0.046940,-16.901117,0.812042,0.039711,-1.714081,1.000000,0.700000,0.340000,0.000000,0.000000,0.812042
825,1.564688,-0.039538,-16.918258,0.811305,0.050315,-1.517823,1.000000,0.720000,0.340000,0.400000,0.000000,0.811305
826,1.561355,-0.032124,-16.933436,0.838486,0.058559,-1.341744,1.000000,0.740000,0.340000,0.400000,0.000000,0.838486
827,1.557966,-0.024432,-16.946853,0.865640,0.065282,-1.187755,1.000000,0.760000,0.340000,0.400000,-0.200000,0.865640
828,1.554528,-0.016461,-16.958731,0.891587,0.065825,-1.261214,1.000000,0.780000,0.340000,0.400000,0.000000,0.891587
829,1.551098,-0.008205,-16.971343,0.918689,0.072310,-1.122186,1.000000,0.800000,0.340000,0.400000,-0.200000,0.918689
830,1.547629,0.000333,-16.982565,0.944565,0.072791,-1.203410,1.000000,0.820000,0.340000,0.400000,-0.200000,0.944565
831,1.544176,0.009154,-16.994599,0.970383,0.074381,-1.282201,1.000000,0.840000,0.340000,0.400000,0.000000,0.970383
832,1.540741,0.018261,-17.007421,0.997349,0.081901,-1.150708,1.000000,0.880000,0.340000,0.400000,-0.200000,0.997349
833,1.537279,0.027650,-17.018928,1.023063,0.083428,-1.234338,1.000000,0.900000,0.340000,0.400000,-0.200000,1.023063
834,1.533844,0.037323,-17.031271,1.048692,0.086113,-1.315011,1.000000,1.000000,0.340000,0.400000,0.000000,1.048692
835,1.530440,0.047279,-17.044421,1.075466,0.094673,-1.189140,1.000000,1.000000,0.340000,0.400000,-0.200000,1.075466
836,1.527022,0.057520,-17.056313,1.100958,0.097283,-1.272557,1.000000,1.000000,0.340000,0.400000,0.000000,1.100958
837,1.523645,0.068044,-17.069038,1.127617,0.105714,-1.154709,1.000000,1.000000,0.340000,0.400000,-0.200000,1.127617
838,1.520263,0.078853,-17.080586,1.152978,0.108353,-1.239945,0.960000,1.000000,0.340000,0.400000,-0.200000,1.152978
839,1.516931,0.089943,-17.092985,1.178216,0.112239,-1.322030,0.920000,1.000000,0.360000,0.400000,0.000000,1.178216
840,1.513651,0.101315,-17.106205,1.204614,0.121860,-1.207293,0.900000,1.000000,0.360000,0.400000,-0.200000,1.204614
841,1.510383,0.112973,-17.118278,1.229685,0.125734,-1.289864,0.900000,1.000000,0.440000,0.400000,0.000000,1.229685
842,1.507177,0.124911,-17.131177,1.255934,0.135263,-1.181230,0.880000,1.000000,0.440000,0.400000,-0.200000,1.255934
843,1.503992,0.137135,-17.142989,1.280842,0.139200,-1.263867,0.880000,1.000000,0.440000,0.400000,0.000000,1.280842
844,1.500879,0.149637,-17.155628,1.306943,0.148716,-1.160426,0.880000,1.000000,0.460000,0.400000,-0.200000,1.306943
845,1.497798,0.162425,-17.167232,1.331690,0.152774,-1.242792,0.860000,1.000000,0.460000,0.400000,-0.200000,1.331690
846,1.494797,0.175489,-17.179660,1.356260,0.158165,-1.322232,0.840000,1.000000,0.460000,0.400000,0.000000,1.356260
847,1.491882,0.188829,-17.192882,1.382012,0.169018,-1.220524,0.800000,1.000000,0.460000,0.400000,-0.200000,1.382012
848,1.489012,0.202453,-17.205088,1.406381,0.174471,-1.298839,0.780000,1.000000,0.480000,0.400000,0.000000,1.406381
849,1.486237,0.216350,-17.218076,1.431946,0.185282,-1.201670,0.760000,1.000000,0.480000,0.400000,-0.200000,1.431946
850,1.483519,0.230531,-17.230093,1.456117,0.190841,-1.278768,0.740000,1.000000,0.500000,0.400000,0.000000,1.456117
851,1.480905,0.244982,-17.242880,1.481495,0.201660,-1.185640,0.700000,1.000000,0.500000,0.400000,-0.200000,1.481495
852,1.478358,0.259715,-17.254737,1.505469,0.207363,-1.261443,0.700000,1.000000,0.520000,0.200000,0.000000,1.505469
853,1.475923,0.274716,-17.267351,1.516660,0.218231,-1.171950,0.680000,1.000000,0.520000,0.400000,-0.200000,1.516660
854,1.473568,0.289857,-17.279071,1.540437,0.223899,-1.245456,0.660000,1.000000,0.540000,0.400000,-0.200000,1.540437
855,1.471334,0.305262,-17.291525,1.563975,0.230920,-1.316634,0.640000,1.000000,0.540000,0.200000,-0.200000,1.563975
856,1.469225,0.320930,-17.304692,1.573253,0.239266,-1.385271,0.620000,1.000000,0.560000,0.200000,-0.200000,1.573253
857,1.467241,0.336719,-17.318544,1.582245,0.248666,-1.450310,0.600000,0.980000,0.580000,0.200000,-0.200000,1.582245
858,1.465385,0.352628,-17.333047,1.590934,0.259058,-1.511760,0.600000,0.960000,0.600000,0.200000,-0.200000,1.590934
859,1.463662,0.368654,-17.348165,1.599300,0.270381,-1.569674,0.580000,0.960000,0.620000,0.200000,-0.200000,1.599300
860,1.462074,0.384796,-17.363862,1.607324,0.282575,-1.624141,0.560000,0.860000,1.000000,0.200000,-0.200000,1.607324
861,1.460624,0.401051,-17.380103,1.614988,0.295582,-1.675280,0.540000,0.860000,1.000000,0.200000,-0.200000,1.614988
862,1.459318,0.417418,-17.396856,1.622273,0.309346,-1.723235,0.520000,0.840000,1.000000,0.200000,-0.200000,1.622273
863,1.458157,0.433892,-17.414088,1.629163,0.323817,-1.768169,0.520000,0.840000,1.000000,0.200000,-0.200000,1.629163
864,1.457147,0.450471,-17.431770,1.635641,0.338942,-1.810256,0.500000,0.780000,1.000000,0.200000,-0.200000,1.635641
865,1.456290,0.467153,-17.449873,1.641693,0.354677,-1.849682,0.480000,0.760000,1.000000,0.200000,-0.200000,1.641693
866,1.455590,0.483934,-17.468369,1.647303,0.370977,-1.886636,0.460000,0.760000,1.000000,0.200000,-0.200000,1.647303
867,1.455052,0.500811,-17.487236,1.652457,0.387802,-1.921307,0.460000,0.740000,1.000000,0.200000,-0.200000,1.652457
868,1.454678,0.517781,-17.506449,1.657143,0.405112,-1.953884,0.440000,0.700000,0.960000,0.000000,-0.200000,1.657143
869,1.454472,0.534839,-17.525988,1.647348,0.422874,-1.984553,0.440000,0.640000,0.940000,0.000000,-0.200000,1.647348
870,1.454403,0.551846,-17.545833,1.637062,0.440740,-2.012986,0.420000,0.640000,0.940000,0.000000,-0.200000,1.637062
871,1.454472,0.568800,-17.565963,1.626281,0.458668,-2.039461,0.400000,0.620000,0.920000,-0.200000,-0.200000,1.626281
872,1.454680,0.585696,-17.586358,1.601005,0.476621,-2.064237,0.400000,0.600000,0.860000,-0.200000,-0.200000,1.601005
873,1.454985,0.602397,-17.607000,1.575232,0.494244,-2.087175,0.380000,0.600000,0.840000,0.200000,-0.200000,1.575232
874,1.455385,0.618902,-17.627872,1.576971,0.511499,-2.108593,0.380000,0.580000,0.840000,0.200000,-0.200000,1.576971
875,1.455972,0.635470,-17.648958,1.578229,0.529008,-2.129359,0.360000,0.540000,0.820000,0.200000,-0.200000,1.578229
876,1.456751,0.652097,-17.670251,1.578996,0.546757,-2.149565,0.360000,0.520000,0.800000,0.200000,-0.200000,1.578996
877,1.457722,0.668779,-17.691747,1.579264,0.564731,-2.169297,0.340000,0.500000,0.720000,0.200000,-0.200000,1.579264
878,1.458888,0.685510,-17.713440,1.579023,0.582917,-2.188638,0.340000,0.460000,0.700000,0.200000,-0.200000,1.579023
879,1.460250,0.702287,-17.735326,1.578265,0.601302,-2.207661,0.340000,0.460000,0.680000,0.200000,-0.200000,1.578265
880,1.461811,0.719104,-17.757403,1.576981,0.619876,-2.226439,0.320000,0.440000,0.600000,0.000000,-0.200000,1.576981
881,1.463572,0.735956,-17.779667,1.561161,0.638625,-2.245035,0.320000,0.440000,0.580000,0.000000,-0.200000,1.561161
882,1.465467,0.752717,-17.802118,1.544797,0.657200,-2.263403,0.300000,0.420000,0.580000,0.000000,-0.200000,1.544797
883,1.467496,0.769382,-17.824752,1.527890,0.675587,-2.281648,0.300000,0.420000,0.560000,-0.200000,-0.200000,1.527890
884,1.469656,0.785947,-17.847568,1.496436,0.693773,-2.299861,0.300000,0.400000,0.520000,-0.200000,-0.200000,1.496436
885,1.471871,0.802292,-17.870567,1.464438,0.711402,-2.318100,0.280000,0.400000,0.500000,-0.200000,-0.200000,1.464438
886,1.474136,0.818415,-17.893748,1.431900,0.728460,-2.336484,0.280000,0.380000,0.500000,-0.200000,-0.200000,1.431900
887,1.476448,0.834313,-17.917113,1.398831,0.744932,-2.355113,0.280000,0.380000,0.480000,-0.200000,0.000000,1.398831
888,1.478801,0.849986,-17.940664,1.367120,0.761494,-2.344708,0.260000,0.360000,0.460000,-0.200000,-0.200000,1.367120
889,1.481196,0.865450,-17.964111,1.333213,0.776402,-2.364168,0.260000,0.340000,0.420000,-0.200000,-0.200000,1.333213
890,1.483624,0.880686,-17.987752,1.298804,0.790704,-2.384076,0.260000,0.340000,0.380000,-0.200000,-0.200000,1.298804
891,1.486079,0.895692,-18.011593,1.263899,0.804387,-2.404486,0.240000,0.320000,0.360000,-0.200000,-0.200000,1.263899
892,1.488555,0.910468,-18.035638,1.228504,0.817438,-2.425441,0.240000,0.320000,0.340000,-0.200000,-0.200000,1.228504
893,1.491048,0.925012,-18.059893,1.192624,0.829841,-2.446979,0.240000,0.300000,0.340000,-0.400000,-0.200000,1.192624
894,1.493552,0.939324,-18.084362,1.142266,0.841583,-2.469129,0.240000,0.300000,0.340000,-0.400000,-0.200000,1.142266
895,1.495961,0.953306,-18.109054,1.091436,0.852292,-2.492086,0.220000,0.280000,0.320000,-0.400000,-0.200000,1.091436
896,1.498267,0.966960,-18.133974,1.040149,0.861948,-2.515884,0.220000,0.280000,0.320000,-0.400000,-0.200000,1.040149
897,1.500463,0.980289,-18.159133,0.988419,0.870532,-2.540547,0.220000,0.260000,0.300000,-0.400000,-0.200000,0.988419
898,1.502539,0.993296,-18.184539,0.936262,0.878022,-2.566091,0.220000,0.260000,0.300000,-0.400000,-0.200000,0.936262
899,1.504489,1.005982,-18.210200,0.883693,0.884395,-2.592524,0.220000,0.260000,0.300000,-0.400000,-0.200000,0.883693
900,1.506303,1.018352,-18.236125,0.830730,0.889627,-2.619848,0.220000,0.240000,0.280000,-0.400000,-0.200000,0.830730
901,1.507974,1.030409,-18.262323,0.777392,0.893692,-2.648060,0.200000,0.240000,0.260000,-0.400000,-0.200000,0.777392
902,1.509494,1.042156,-18.288804,0.723699,0.896561,-2.677150,0.200000,0.240000,0.260000,-0.400000,-0.200000,0.723699
903,1.510855,1.053597,-18.315575,0.669673,0.898206,-2.707103,0.200000,0.240000,0.240000,-0.200000,0.000000,0.669673
904,1.512048,1.064737,-18.342647,0.631319,0.898512,-2.741440,0.200000,0.220000,0.240000,-0.400000,0.000000,0.631319
905,1.513205,1.075657,-18.370061,0.578653,0.897978,-2.777001,0.200000,0.220000,0.240000,-0.400000,0.000000,0.578653
906,1.514196,1.086294,-18.397831,0.525687,0.896183,-2.814139,0.200000,0.220000,0.220000,-0.400000,0.000000,0.525687
907,1.515014,1.096652,-18.425972,0.472444,0.893095,-2.852737,0.200000,0.220000,0.220000,-0.400000,-0.200000,0.472444
908,1.515650,1.106735,-18.454500,0.416958,0.888826,-2.886371,0.200000,0.200000,0.220000,-0.400000,-0.200000,0.416958
909,1.516078,1.116544,-18.483363,0.361298,0.883118,-2.920723,0.200000,0.200000,0.200000,-0.400000,0.000000,0.361298
910,1.516289,1.126083,-18.512571,0.307493,0.875763,-2.963124,0.200000,0.180000,0.200000,-0.400000,-0.200000,0.307493
911,1.516295,1.135365,-18.542202,0.251544,0.867148,-2.998773,0.200000,0.180000,0.200000,-0.400000,-0.200000,0.251544
912,1.516069,1.144391,-18.572190,0.195543,0.856977,-3.035024,0.200000,0.180000,0.200000,-0.400000,-0.200000,0.195543
913,1.515603,1.153168,-18.602540,0.139539,0.845210,-3.071833,0.200000,0.160000,0.180000,-0.400000,-0.200000,0.139539
914,1.514890,1.161705,-18.633258,0.083582,0.831810,-3.109156,0.200000,0.160000,0.180000,0.000000,-0.200000,0.083582
915,1.513921,1.170009,-18.664350,0.055729,0.816739,-3.146950,0.200000,0.160000,0.180000,0.000000,-0.200000,0.055729
916,1.512965,1.178139,-18.695819,0.028037,0.800832,-3.184961,0.200000,0.160000,0.180000,0.000000,-0.200000,0.028037
917,1.512015,1.186096,-18.727669,0.000541,0.784074,-3.223180,0.200000,0.160000,0.180000,0.000000,-0.200000,0.000541
918,1.511068,1.193879,-18.759901,-0.026719,0.766449,-3.261598,0.200000,0.160000,0.180000,0.200000,-0.200000,-0.026719
919,1.510115,1.201489,-18.792517,-0.039706,0.747946,-3.300205,0.220000,0.160000,0.180000,0.200000,-0.200000,-0.039706
920,1.509292,1.208934,-18.825519,-0.052377,0.729008,-3.338902,0.220000,0.160000,0.180000,0.200000,-0.200000,-0.052377
921,1.508594,1.216209,-18.858908,-0.064706,0.709637,-3.377686,0.220000,0.160000,0.180000,0.200000,-0.200000,-0.064706
922,1.508013,1.223311,-18.892685,-0.076662,0.689835,-3.416552,0.220000,0.160000,0.180000,0.200000,-0.200000,-0.076662
923,1.507544,1.230236,-18.926850,-0.088218,0.669605,-3.455499,0.220000,0.160000,0.160000,0.200000,-0.400000,-0.088218
924,1.507182,1.236980,-18.961405,-0.101242,0.649559,-3.468544,0.220000,0.160000,0.160000,0.200000,-0.400000,-0.101242
925,1.506901,1.243548,-18.996090,-0.113658,0.629056,-3.481674,0.240000,0.160000,0.160000,0.200000,-0.400000,-0.113658
926,1.506695,1.249937,-19.030907,-0.125444,0.608114,-3.494886,0.240000,0.160000,0.160000,0.200000,-0.400000,-0.125444
927,1.506558,1.256145,-19.065856,-0.136580,0.586752,-3.508175,0.240000,0.160000,0.160000,0.200000,-0.400000,-0.136580
928,1.506483,1.262169,-19.100938,-0.147047,0.564990,-3.521538,0.240000,0.160000,0.160000,0.200000,-0.400000,-0.147047
929,1.506464,1.268007,-19.136153,-0.156824,0.542848,-3.534969,0.260000,0.180000,0.160000,0.200000,-0.400000,-0.156824
930,1.506495,1.273658,-19.171503,-0.165894,0.520347,-3.548464,0.260000,0.180000,0.160000,0.200000,-0.400000,-0.165894
931,1.506567,1.279119,-19.206988,-0.174238,0.497511,-3.562018,0.260000,0.180000,0.160000,0.200000,-0.400000,-0.174238
932,1.506676,1.284389,-19.242608,-0.181837,0.474362,-3.575624,0.280000,0.220000,0.160000,0.200000,-0.200000,-0.181837
933,1.506813,1.289467,-19.278364,-0.186782,0.450320,-3.615196,0.280000,0.220000,0.160000,0.200000,-0.400000,-0.186782
934,1.506986,1.294339,-19.314516,-0.192937,0.426640,-3.628872,0.300000,0.220000,0.160000,0.200000,-0.200000,-0.192937
935,1.507175,1.299018,-19.350805,-0.196401,0.402114,-3.668468,0.300000,0.240000,0.160000,0.200000,-0.400000,-0.196401
936,1.507385,1.303488,-19.387489,-0.201025,0.377997,-3.682181,0.320000,0.240000,0.160000,0.400000,-0.200000,-0.201025
937,1.507595,1.307764,-19.424311,-0.188924,0.353087,-3.721759,0.340000,0.240000,0.160000,0.200000,-0.400000,-0.188924
938,1.507929,1.311755,-19.461529,-0.191935,0.329153,-3.735379,0.340000,0.240000,0.160000,0.200000,-0.400000,-0.191935
939,1.508249,1.315552,-19.498883,-0.194098,0.305089,-3.748989,0.360000,0.260000,0.180000,0.200000,-0.200000,-0.194098
940,1.508548,1.319155,-19.536372,-0.193513,0.280325,-3.788365,0.380000,0.260000,0.180000,0.200000,-0.200000,-0.193513
941,1.508829,1.322550,-19.574256,-0.192108,0.255516,-3.827643,0.420000,0.260000,0.180000,0.200000,-0.200000,-0.192108
942,1.509084,1.325736,-19.612532,-0.189863,0.230696,-3.866798,0.440000,0.280000,0.180000,0.400000,-0.400000,-0.189863
943,1.509306,1.328716,-19.651200,-0.174642,0.206499,-3.880116,0.480000,0.280000,0.180000,0.400000,-0.400000,-0.174642
944,1.509575,1.331407,-19.690002,-0.158509,0.182870,-3.893178,0.520000,0.300000,0.180000,0.200000,-0.200000,-0.158509
945,1.509880,1.333808,-19.728933,-0.153598,0.159252,-3.931543,0.580000,0.320000,0.180000,0.200000,-0.400000,-0.153598
946,1.510127,1.336007,-19.768249,-0.149708,0.136377,-3.944036,0.780000,0.320000,0.200000,0.200000,-0.400000,-0.149708
947,1.510303,1.338024,-19.807689,-0.144931,0.113650,-3.956315,0.900000,0.340000,0.240000,0.200000,-0.200000,-0.144931
948,1.510399,1.339863,-19.847252,-0.133462,0.109891,-3.164981,1.000000,0.360000,0.260000,0.400000,-0.200000,-0.133462
949,1.510599,1.341581,-19.878902,-0.110904,0.088255,-3.203093,1.000000,0.380000,0.260000,0.400000,-0.200000,-0.110904
950,1.510784,1.342986,-19.910933,-0.083764,0.086678,-2.411511,1.000000,0.400000,0.260000,0.400000,-0.200000,-0.083764
951,1.511132,1.344140,-19.935048,-0.059819,0.067227,-2.449107,1.000000,0.420000,0.260000,0.400000,-0.400000,-0.059819
952,1.511447,1.344982,-19.959539,-0.029601,0.067147,-1.680650,1.000000,0.440000,0.280000,0.400000,-0.200000,-0.029601
953,1.511917,1.345546,-19.976346,-0.004700,0.049149,-1.717475,1.000000,0.460000,0.280000,0.400000,-0.200000,-0.004700
954,1.512341,1.345800,-19.993521,0.024426,0.050962,-0.921218,1.000000,0.460000,0.280000,0.200000,-0.400000,0.024426
955,1.512906,1.345788,-20.002733,0.034061,0.034076,-0.930883,1.000000,0.480000,0.280000,0.200000,-0.200000,0.034061
956,1.513356,1.345615,-20.012042,0.046102,0.018355,-0.890693,1.000000,0.480000,0.280000,0.200000,-0.200000,0.046102
957,1.513707,1.345265,-20.020948,0.059698,0.009611,-0.553671,1.000000,0.500000,0.280000,0.400000,-0.200000,0.059698
958,1.514028,1.344752,-20.026485,0.087092,-0.000318,-0.303400,1.000000,0.500000,0.280000,0.600000,-0.400000,0.087092
959,1.514359,1.343947,-20.029519,0.126342,-0.010066,-0.410974,1.000000,0.500000,0.280000,0.400000,-0.400000,0.126342
960,1.514747,1.342740,-20.033629,0.152059,-0.015983,-0.600084,1.000000,0.500000,0.300000,0.400000,-0.400000,0.152059
961,1.515173,1.341272,-20.039630,0.178175,-0.020606,-0.758526,1.000000,0.520000,0.300000,0.400000,-0.400000,0.178175
962,1.515644,1.339541,-20.047215,0.204514,-0.024394,-0.900935,1.000000,0.520000,0.300000,0.400000,-0.400000,0.204514
963,1.516162,1.337548,-20.056224,0.230983,-0.027572,-1.034347,1.000000,0.540000,0.300000,0.400000,-0.400000,0.230983
964,1.516727,1.335291,-20.066568,0.257536,-0.030235,-1.162018,1.000000,0.540000,0.300000,0.400000,-0.400000,0.257536
965,1.517335,1.332771,-20.078188,0.284146,-0.032419,-1.285509,1.000000,0.560000,0.300000,0.400000,-0.200000,0.284146
966,1.517983,1.329985,-20.091043,0.312804,-0.028736,-1.174963,1.000000,0.580000,0.300000,0.400000,-0.400000,0.312804
967,1.518723,1.326932,-20.102793,0.339007,-0.031180,-1.336966,1.000000,0.600000,0.300000,0.400000,-0.200000,0.339007
968,1.519485,1.323614,-20.116162,0.367436,-0.027835,-1.269481,1.000000,0.760000,0.320000,0.400000,-0.200000,0.367436
969,1.520320,1.320025,-20.128857,0.395619,-0.025251,-1.239899,1.000000,0.780000,0.320000,0.400000,-0.200000,0.395619
970,1.521216,1.316163,-20.141256,0.423634,-0.023089,-1.234629,1.000000,0.820000,0.320000,0.400000,-0.200000,0.423634
971,1.522161,1.312027,-20.153602,0.451528,-0.021122,-1.245346,1.000000,0.860000,0.320000,0.400000,-0.200000,0.451528
972,1.523147,1.307616,-20.166056,0.479328,-0.019195,-1.266823,1.000000,0.900000,0.320000,0.400000,-0.200000,0.479328
973,1.524167,1.302929,-20.178724,0.507048,-0.017196,-1.295661,1.000000,1.000000,0.340000,0.600000,-0.200000,0.507048
974,1.525213,1.297964,-20.191681,0.548697,-0.015043,-1.329580,1.000000,1.000000,0.340000,0.600000,-0.200000,0.548697
975,1.526311,1.292586,-20.204977,0.590263,-0.012514,-1.372094,1.000000,1.000000,0.340000,0.600000,-0.200000,0.590263
976,1.527450,1.286793,-20.218698,0.631747,-0.009517,-1.420277,0.980000,1.000000,0.360000,0.600000,-0.200000,0.631747
977,1.528622,1.280585,-20.232900,0.673147,-0.005980,-1.472150,0.920000,1.000000,0.360000,0.600000,-0.200000,0.673147
978,1.529818,1.273960,-20.247622,0.714454,-0.001841,-1.526317,0.920000,1.000000,0.360000,0.600000,0.000000,0.714454
979,1.531028,1.266918,-20.262885,0.756438,0.008781,-1.332548,0.920000,1.000000,0.380000,0.600000,0.000000,0.756438
980,1.532301,1.259461,-20.276210,0.798272,0.017770,-1.168172,0.920000,1.000000,0.380000,0.400000,0.000000,0.798272
981,1.533623,1.251587,-20.287892,0.826010,0.025387,-1.027900,0.880000,1.000000,0.380000,0.400000,0.000000,0.826010
982,1.534966,1.243433,-20.298171,0.853691,0.031672,-0.905385,0.840000,1.000000,0.380000,0.400000,0.000000,0.853691
983,1.536320,1.234998,-20.307225,0.881342,0.036824,-0.797944,0.820000,1.000000,0.400000,0.400000,0.000000,0.881342
984,1.537681,1.226283,-20.315204,0.908982,0.041008,-0.703326,0.800000,1.000000,0.400000,0.400000,0.000000,0.908982
985,1.539043,1.217286,-20.322238,0.936623,0.044364,-0.619665,0.780000,1.000000,0.400000,0.400000,0.000000,0.936623
986,1.540402,1.208008,-20.328434,0.964273,0.047005,-0.545428,0.760000,1.000000,0.400000,0.400000,0.000000,0.964273
987,1.541755,1.198449,-20.333889,0.991938,0.049030,-0.479350,0.760000,1.000000,0.400000,0.400000,0.000000,0.991938
988,1.543100,1.188609,-20.338682,1.019618,0.050519,-0.420383,0.740000,1.000000,0.400000,0.400000,0.000000,1.019618
989,1.544436,1.178489,-20.342886,1.047317,0.051543,-0.367649,0.740000,1.000000,0.400000,0.400000,0.000000,1.047317
990,1.545760,1.168087,-20.346562,1.075034,0.052162,-0.320413,0.740000,1.000000,0.400000,0.400000,0.000000,1.075034
991,1.547073,1.157404,-20.349767,1.102768,0.052427,-0.278048,0.720000,1.000000,0.400000,0.400000,0.000000,1.102768
992,1.548373,1.146441,-20.352547,1.130519,0.052382,-0.240020,0.720000,1.000000,0.400000,0.400000,0.000000,1.130519
993,1.549662,1.135197,-20.354947,1.158284,0.052068,-0.205866,0.720000,1.000000,0.400000,0.400000,0.000000,1.158284
994,1.550939,1.123673,-20.357006,1.186062,0.051517,-0.175187,0.720000,1.000000,0.400000,0.400000,0.000000,1.186062
995,1.552204,1.111869,-20.358758,1.213852,0.050761,-0.147633,0.720000,1.000000,0.400000,0.400000,0.000000,1.213852
996,1.553457,1.099785,-20.360234,1.241651,0.049826,-0.122895,0.720000,1.000000,0.400000,0.400000,0.000000,1.241651
997,1.554701,1.087420,-20.361463,1.269458,0.048737,-0.100702,0.720000,1.000000,0.400000,0.400000,0.000000,1.269458
998,1.555934,1.074776,-20.362470,1.297272,0.047514,-0.080812,0.720000,1.000000,0.400000,0.400000,0.000000,1.297272
999,1.557159,1.061853,-20.363278,1.325090,0.046177,-0.063009,0.720000,1.000000,0.400000,0.400000,0.000000,1.325090
