step,x,y,mu,vx,vy,omega,lidar_l,lidar_c,lidar_r,throttle,steering,reward
0,1.508373,0.004880,-2.931696,0.000000,0.000000,0.000000,0.140000,0.140000,0.120000,0.600000,-0.400000,0.000000
1,1.508373,0.004880,-2.931696,0.042000,0.000000,0.000000,0.140000,0.140000,0.120000,0.600000,-0.400000,0.042000
2,1.507962,0.004792,-2.931696,0.080799,-0.007570,-0.323780,0.140000,0.140000,0.120000,0.600000,-0.600000,0.080799
3,1.507156,0.004698,-2.934933,0.118216,-0.015348,-0.548223,0.140000,0.140000,0.120000,0.600000,-0.600000,0.118216
4,1.505967,0.004606,-2.940416,0.155985,-0.021798,-0.779418,0.140000,0.140000,0.100000,0.400000,-0.600000,0.155985
5,1.504395,0.004507,-2.948210,0.179965,-0.027561,-0.999526,0.140000,0.140000,0.100000,0.400000,-0.600000,0.179965
6,1.502576,0.004432,-2.958205,0.204250,-0.032616,-1.198900,0.140000,0.140000,0.100000,0.400000,-0.600000,0.204250
7,1.500508,0.004380,-2.970194,0.228766,-0.036981,-1.384730,0.140000,0.140000,0.100000,0.000000,-0.600000,0.228766
8,1.498191,0.004354,-2.984041,0.225457,-0.040683,-1.560472,0.140000,0.140000,0.100000,0.200000,-0.600000,0.225457
9,1.495901,0.004402,-2.999646,0.236636,-0.043825,-1.697622,0.120000,0.120000,0.100000,0.000000,-0.600000,0.236636
10,1.493496,0.004502,-3.016622,0.234033,-0.046426,-1.822313,0.120000,0.120000,0.100000,0.000000,-0.600000,0.234033
11,1.491116,0.004670,-3.034845,0.231826,-0.048574,-1.917564,0.120000,0.120000,0.100000,0.000000,-0.600000,0.231826
12,1.488759,0.004906,-3.054021,0.229962,-0.050319,-1.989269,0.120000,0.120000,0.120000,0.000000,-0.600000,0.229962
13,1.486425,0.005207,-3.073914,0.228385,-0.051718,-2.042519,0.120000,0.120000,0.120000,0.000000,-0.600000,0.228385
14,1.484111,0.005568,-3.094339,0.227042,-0.052830,-2.081546,0.120000,0.120000,0.120000,0.200000,-0.600000,0.227042
15,1.481818,0.005989,-3.115154,0.239886,-0.053706,-2.109759,0.120000,0.120000,0.120000,0.000000,-0.600000,0.239886
16,1.479406,0.006462,-3.136252,0.238542,-0.054461,-2.157102,0.120000,0.120000,0.120000,0.000000,-0.600000,0.238542
17,1.477018,0.006994,-3.157823,0.237370,-0.055058,-2.190639,0.120000,0.120000,0.120000,0.000000,-0.600000,0.237370
18,1.474653,0.007583,-3.179729,0.236332,-0.055527,-2.214017,0.120000,0.100000,0.120000,0.000000,-0.600000,0.236332
19,1.472313,0.008228,-3.201870,0.235399,-0.055893,-2.229946,0.120000,0.100000,0.120000,0.000000,-0.600000,0.235399
20,1.469997,0.008928,-3.224169,0.234546,-0.056179,-2.240427,0.120000,0.100000,0.100000,0.000000,-0.600000,0.234546
21,1.467706,0.009681,-3.246573,0.233758,-0.056401,-2.246929,0.120000,0.100000,0.100000,0.000000,-0.600000,0.233758
22,1.465440,0.010487,-3.269043,0.233018,-0.056572,-2.250531,0.120000,0.100000,0.100000,0.000000,-0.600000,0.233018
23,1.463201,0.011344,-3.291548,0.232319,-0.056702,-2.252021,0.120000,0.100000,0.100000,0.000000,-0.600000,0.232319
24,1.460988,0.012252,-3.314068,0.231650,-0.056802,-2.251975,0.120000,0.100000,0.100000,0.000000,-0.600000,0.231650
25,1.458804,0.013209,-3.336588,0.231007,-0.056876,-2.250814,0.120000,0.100000,0.100000,0.000000,-0.600000,0.231007
26,1.456647,0.014215,-3.359096,0.230384,-0.056930,-2.248842,0.120000,0.100000,0.100000,0.000000,-0.600000,0.230384
27,1.454521,0.015268,-3.381584,0.229778,-0.056969,-2.246283,0.120000,0.100000,0.100000,0.000000,-0.600000,0.229778
28,1.452424,0.016367,-3.404047,0.229186,-0.056996,-2.243300,0.120000,0.100000,0.100000,0.000000,-0.600000,0.229186
29,1.450359,0.017512,-3.426480,0.228607,-0.057012,-2.240013,0.100000,0.100000,0.100000,0.000000,-0.600000,0.228607
30,1.448325,0.018702,-3.448880,0.228038,-0.057021,-2.236507,0.100000,0.100000,0.080000,0.000000,-0.600000,0.228038
31,1.446324,0.019935,-3.471245,0.227478,-0.057023,-2.232848,0.100000,0.100000,0.080000,0.200000,-0.600000,0.227478
32,1.444356,0.021211,-3.493574,0.240927,-0.057020,-2.229083,0.100000,0.100000,0.080000,0.000000,-0.600000,0.240927
33,1.442291,0.022577,-3.515865,0.240016,-0.057106,-2.254509,0.100000,0.080000,0.080000,0.000000,-0.600000,0.240016
34,1.440266,0.023986,-3.538410,0.239183,-0.057166,-2.270962,0.100000,0.080000,0.080000,0.000000,-0.600000,0.239183
35,1.438281,0.025438,-3.561119,0.238408,-0.057206,-2.281104,0.100000,0.080000,0.080000,0.000000,-0.600000,0.238408
36,1.436337,0.026931,-3.583931,0.237676,-0.057231,-2.286810,0.100000,0.080000,0.080000,0.000000,-0.600000,0.237676
37,1.434434,0.028466,-3.606799,0.236975,-0.057247,-2.289402,0.100000,0.080000,0.080000,0.000000,-0.600000,0.236975
38,1.432573,0.030040,-3.629693,0.236300,-0.057255,-2.289813,0.100000,0.080000,0.080000,0.000000,-0.600000,0.236300
39,1.430754,0.031654,-3.652591,0.235643,-0.057258,-2.288703,0.100000,0.080000,0.080000,0.000000,-0.600000,0.235643
40,1.428979,0.033306,-3.675478,0.235001,-0.057257,-2.286537,0.100000,0.080000,0.080000,0.000000,-0.600000,0.235001
41,1.427247,0.034995,-3.698343,0.234372,-0.057253,-2.283641,0.180000,0.080000,0.080000,0.000000,-0.600000,0.234372
42,1.425560,0.036719,-3.721180,0.233754,-0.057247,-2.280247,0.180000,0.080000,0.080000,0.000000,-0.600000,0.233754
43,1.423918,0.038479,-3.743982,0.233144,-0.057239,-2.276516,0.180000,0.080000,0.080000,0.000000,-0.600000,0.233144
44,1.422321,0.040271,-3.766747,0.232543,-0.057229,-2.272561,0.180000,0.080000,0.080000,0.000000,-0.600000,0.232543
45,1.420770,0.042096,-3.789473,0.231950,-0.057218,-2.268462,0.180000,0.080000,0.060000,0.000000,-0.600000,0.231950
46,1.419266,0.043952,-3.812157,0.231363,-0.057206,-2.264273,0.200000,0.080000,0.060000,0.000000,-0.600000,0.231363
47,1.417809,0.045838,-3.834800,0.230782,-0.057193,-2.260033,0.200000,0.080000,0.060000,0.000000,-0.600000,0.230782
48,1.416399,0.047753,-3.857401,0.230208,-0.057179,-2.255769,0.200000,0.080000,0.060000,0.000000,-0.600000,0.230208
49,1.415037,0.049695,-3.879958,0.229640,-0.057164,-2.251498,0.200000,0.080000,0.060000,0.000000,-0.600000,0.229640
50,1.413724,0.051663,-3.902473,0.229077,-0.057148,-2.247232,0.220000,0.080000,0.060000,0.000000,-0.600000,0.229077
51,1.412459,0.053657,-3.924946,0.228520,-0.057131,-2.242981,0.220000,0.080000,0.060000,0.000000,-0.600000,0.228520
52,1.411243,0.055674,-3.947375,0.227969,-0.057114,-2.238750,0.240000,0.080000,0.060000,0.200000,-0.600000,0.227969
53,1.410076,0.057714,-3.969763,0.241423,-0.057095,-2.234543,0.240000,0.080000,0.060000,0.200000,-0.600000,0.241423
54,1.408864,0.059879,-3.992108,0.254516,-0.057168,-2.259578,0.260000,0.080000,0.060000,0.200000,-0.600000,0.254516
55,1.407615,0.062169,-4.014704,0.267365,-0.057244,-2.301695,0.260000,0.080000,0.060000,0.200000,-0.600000,0.267365
56,1.406336,0.064586,-4.037721,0.280038,-0.057261,-2.353917,0.280000,0.080000,0.060000,0.200000,-0.600000,0.280038
57,1.405034,0.067130,-4.061260,0.292577,-0.057172,-2.412069,0.300000,0.080000,0.060000,0.200000,-0.600000,0.292577
58,1.403715,0.069804,-4.085381,0.305004,-0.056938,-2.473535,0.320000,0.160000,0.060000,0.400000,-0.600000,0.305004
59,1.402387,0.072608,-4.110116,0.331334,-0.056530,-2.536612,0.340000,0.160000,0.060000,0.000000,-0.600000,0.331334
60,1.400975,0.075658,-4.135482,0.329410,-0.055701,-2.615480,0.540000,0.160000,0.060000,-0.200000,-0.400000,0.329410
61,1.399646,0.078723,-4.161637,0.316616,-0.050656,-2.494006,0.600000,0.160000,0.060000,0.000000,-0.400000,0.316616
62,1.398420,0.081686,-4.186577,0.317515,-0.046797,-2.374340,0.680000,0.160000,0.060000,0.200000,-0.400000,0.317515
63,1.397231,0.084667,-4.210321,0.332011,-0.043875,-2.280855,0.780000,0.180000,0.060000,0.200000,-0.400000,0.332011
64,1.396018,0.087789,-4.233129,0.346058,-0.041580,-2.228127,1.000000,0.180000,0.060000,0.200000,-0.400000,0.346058
65,1.394791,0.091051,-4.255410,0.359786,-0.039662,-2.203273,1.000000,0.180000,0.060000,0.200000,-0.400000,0.359786
66,1.393560,0.094455,-4.277443,0.373276,-0.037951,-2.197743,1.000000,0.180000,0.060000,0.200000,-0.400000,0.373276
67,1.392331,0.098000,-4.299421,0.386580,-0.036328,-2.205784,1.000000,0.200000,0.120000,0.200000,-0.200000,0.386580
68,1.391113,0.101687,-4.321478,0.401696,-0.029220,-1.988627,1.000000,0.200000,0.120000,0.200000,-0.400000,0.401696
69,1.389852,0.105512,-4.341365,0.414259,-0.028906,-2.048661,1.000000,0.200000,0.120000,0.200000,-0.400000,0.414259
70,1.388619,0.109478,-4.361851,0.426808,-0.028232,-2.107310,1.000000,0.220000,0.120000,0.200000,-0.400000,0.426808
71,1.387419,0.113583,-4.382924,0.439327,-0.027218,-2.164398,1.000000,0.220000,0.120000,0.200000,-0.400000,0.439327
72,1.386255,0.117828,-4.404568,0.451805,-0.025881,-2.219813,1.000000,0.240000,0.120000,0.400000,-0.200000,0.451805
73,1.385133,0.122212,-4.426766,0.480344,-0.019271,-2.061291,1.000000,0.260000,0.120000,0.200000,-0.200000,0.480344
74,1.383964,0.126875,-4.447379,0.494495,-0.013726,-1.951327,1.000000,0.260000,0.120000,0.200000,-0.400000,0.494495
75,1.382802,0.131684,-4.466893,0.506209,-0.013335,-2.048592,1.000000,0.280000,0.120000,0.400000,-0.200000,0.506209
76,1.381701,0.136626,-4.487379,0.534112,-0.008082,-1.956844,1.000000,0.480000,0.140000,0.400000,-0.200000,0.534112
77,1.380588,0.141851,-4.506947,0.561769,-0.003341,-1.894052,1.000000,0.520000,0.140000,0.200000,-0.200000,0.561769
78,1.379475,0.147357,-4.525888,0.575229,0.001115,-1.852660,1.000000,0.560000,0.140000,0.400000,-0.200000,0.575229
79,1.378397,0.153008,-4.544414,0.602538,0.005180,-1.821479,1.000000,0.620000,0.140000,0.400000,-0.200000,0.602538
80,1.377339,0.158940,-4.562629,0.629705,0.009236,-1.803959,1.000000,0.700000,0.140000,0.400000,-0.200000,0.629705
81,1.376308,0.165152,-4.580669,0.656742,0.013383,-1.796910,1.000000,0.780000,0.140000,0.400000,-0.200000,0.656742
82,1.375312,0.171645,-4.598638,0.683655,0.017699,-1.797951,0.960000,1.000000,0.140000,0.400000,-0.200000,0.683655
83,1.374361,0.178418,-4.616617,0.710445,0.022244,-1.805270,0.940000,1.000000,0.140000,0.400000,-0.200000,0.710445
84,1.373460,0.185468,-4.634670,0.737110,0.027069,-1.817468,0.940000,1.000000,0.160000,0.400000,-0.200000,0.737110
85,1.372618,0.192796,-4.652844,0.763646,0.032214,-1.833445,0.920000,1.000000,0.160000,0.400000,-0.200000,0.763646
86,1.371842,0.200400,-4.671179,0.790046,0.037713,-1.852332,0.880000,1.000000,0.160000,0.200000,-0.200000,0.790046
87,1.371139,0.208278,-4.689702,0.802303,0.043594,-1.873429,0.840000,1.000000,0.160000,0.200000,-0.200000,0.802303
88,1.370522,0.216289,-4.708437,0.814411,0.049569,-1.893283,0.840000,1.000000,0.180000,0.200000,-0.200000,0.814411
89,1.369994,0.224431,-4.727369,0.826366,0.055642,-1.912040,0.840000,1.000000,0.180000,0.200000,-0.200000,0.826366
90,1.369561,0.232702,-4.746490,0.838165,0.061814,-1.929820,0.820000,1.000000,0.180000,0.200000,-0.200000,0.838165
91,1.369229,0.241100,-4.765788,0.849807,0.068091,-1.946726,0.780000,1.000000,0.200000,0.200000,-0.200000,0.849807
92,1.369003,0.249622,-4.785255,0.861288,0.074475,-1.962844,0.760000,1.000000,0.360000,0.200000,-0.200000,0.861288
93,1.368887,0.258267,-4.804884,0.872605,0.080969,-1.978250,0.720000,1.000000,0.380000,0.200000,-0.200000,0.872605
94,1.368887,0.267030,-4.824666,0.883756,0.087575,-1.993006,0.700000,1.000000,0.420000,0.000000,-0.200000,0.883756
95,1.369007,0.275910,-4.844596,0.880737,0.094295,-2.007171,0.660000,1.000000,0.460000,0.000000,-0.200000,0.880737
96,1.369233,0.284765,-4.864668,0.877546,0.100786,-2.018670,0.640000,0.960000,0.500000,0.400000,-0.200000,0.877546
97,1.369568,0.293592,-4.884855,0.902188,0.107039,-2.027889,0.620000,0.940000,0.560000,0.400000,-0.200000,0.902188
98,1.370062,0.302664,-4.905134,0.926673,0.113749,-2.039108,0.600000,0.940000,0.620000,0.200000,-0.200000,0.926673
99,1.370720,0.311977,-4.925525,0.936988,0.120927,-2.051963,0.580000,0.900000,1.000000,0.200000,-0.200000,0.936988
100,1.371520,0.321390,-4.946044,0.947118,0.128231,-2.064373,0.560000,0.900000,1.000000,0.200000,-0.200000,0.947118
101,1.372466,0.330901,-4.966688,0.957059,0.135662,-2.076372,0.540000,0.900000,1.000000,0.200000,-0.200000,0.957059
102,1.373560,0.340505,-4.987452,0.966810,0.143220,-2.087994,0.520000,0.820000,1.000000,0.200000,-0.200000,0.966810
103,1.374808,0.350199,-5.008332,0.976366,0.150905,-2.099271,0.500000,0.800000,1.000000,0.200000,-0.200000,0.976366
104,1.376212,0.359978,-5.029324,0.985724,0.158718,-2.110230,0.500000,0.800000,1.000000,0.200000,-0.200000,0.985724
105,1.377776,0.369839,-5.050427,0.994880,0.166657,-2.120902,0.480000,0.780000,1.000000,0.200000,-0.200000,0.994880
106,1.379503,0.379777,-5.071636,1.003832,0.174724,-2.131311,0.460000,0.740000,1.000000,0.200000,-0.200000,1.003832
107,1.381397,0.389789,-5.092949,1.012575,0.182919,-2.141484,0.460000,0.700000,1.000000,0.000000,-0.200000,1.012575
108,1.383459,0.399870,-5.114364,1.007106,0.191239,-2.151445,0.440000,0.700000,1.000000,0.000000,-0.200000,1.007106
109,1.385640,0.409887,-5.135878,1.001421,0.199324,-2.160094,0.420000,0.700000,1.000000,0.000000,-0.200000,1.001421
110,1.387938,0.419835,-5.157479,0.995525,0.207167,-2.167636,0.420000,0.680000,0.940000,0.000000,-0.200000,0.995525
111,1.390354,0.429712,-5.179155,0.989427,0.214764,-2.174252,0.400000,0.640000,0.920000,0.000000,-0.200000,0.989427
112,1.392888,0.439515,-5.200898,0.983132,0.222113,-2.180097,0.400000,0.620000,0.900000,0.000000,-0.200000,0.983132
113,1.395541,0.449239,-5.222699,0.976650,0.229212,-2.185306,0.380000,0.600000,0.820000,0.000000,-0.200000,0.976650
114,1.398311,0.458880,-5.244552,0.969985,0.236061,-2.189997,0.380000,0.560000,0.820000,0.000000,-0.200000,0.969985
115,1.401199,0.468437,-5.266452,0.963145,0.242659,-2.194273,0.360000,0.540000,0.800000,0.000000,-0.200000,0.963145
116,1.404203,0.477904,-5.288395,0.956137,0.249007,-2.198221,0.360000,0.520000,0.760000,0.000000,-0.200000,0.956137
117,1.407323,0.487279,-5.310377,0.948968,0.255106,-2.201918,0.340000,0.500000,0.760000,0.200000,-0.200000,0.948968
118,1.410557,0.496558,-5.332396,0.955643,0.260958,-2.205431,0.340000,0.480000,0.720000,0.200000,-0.200000,0.955643
119,1.413985,0.505852,-5.354450,0.962171,0.266928,-2.209343,0.340000,0.460000,0.680000,0.200000,-0.200000,0.962171
120,1.417610,0.515156,-5.376544,0.968549,0.273019,-2.213634,0.320000,0.440000,0.680000,0.200000,-0.200000,0.968549
121,1.421430,0.524466,-5.398680,0.974772,0.279230,-2.218287,0.320000,0.420000,0.660000,0.200000,-0.200000,0.974772
122,1.425447,0.533776,-5.420863,0.980836,0.285563,-2.223286,0.300000,0.400000,0.640000,0.000000,-0.200000,0.980836
123,1.429660,0.543082,-5.443096,0.972736,0.292019,-2.228616,0.300000,0.400000,0.600000,0.000000,-0.200000,0.972736
124,1.433978,0.552275,-5.465382,0.964468,0.298233,-2.233870,0.300000,0.380000,0.580000,0.000000,-0.200000,0.964468
125,1.438397,0.561351,-5.487721,0.956034,0.304207,-2.239096,0.280000,0.360000,0.580000,0.000000,-0.200000,0.956034
126,1.442916,0.570309,-5.510112,0.947442,0.309942,-2.244341,0.280000,0.360000,0.560000,0.000000,-0.200000,0.947442
127,1.447533,0.579143,-5.532555,0.938697,0.315439,-2.249643,0.280000,0.340000,0.540000,0.000000,-0.200000,0.938697
128,1.452246,0.587853,-5.555051,0.929802,0.320699,-2.255034,0.260000,0.320000,0.520000,0.000000,-0.200000,0.929802
129,1.457052,0.596434,-5.577602,0.920765,0.325725,-2.260546,0.260000,0.320000,0.480000,-0.200000,-0.200000,0.920765
130,1.461949,0.604885,-5.600207,0.897588,0.330517,-2.266203,0.260000,0.300000,0.460000,-0.400000,-0.400000,0.897588
131,1.466825,0.613113,-5.622869,0.858302,0.334555,-2.278721,0.240000,0.300000,0.440000,-0.400000,-0.400000,0.858302
132,1.471552,0.621020,-5.645657,0.818875,0.337702,-2.288939,0.240000,0.280000,0.420000,-0.400000,-0.400000,0.818875
133,1.476122,0.628608,-5.668546,0.779335,0.339937,-2.297217,0.240000,0.280000,0.400000,-0.400000,-0.400000,0.779335
134,1.480529,0.635879,-5.691518,0.739708,0.341242,-2.303880,0.240000,0.260000,0.380000,-0.400000,-0.400000,0.739708
135,1.484765,0.642837,-5.714557,0.700022,0.341606,-2.309220,0.220000,0.260000,0.360000,-0.400000,-0.400000,0.700022
136,1.488825,0.649485,-5.737649,0.660302,0.341022,-2.313503,0.220000,0.260000,0.340000,-0.400000,-0.200000,0.660302
137,1.492700,0.655827,-5.760784,0.622527,0.339348,-2.322738,0.220000,0.240000,0.320000,-0.400000,-0.200000,0.622527
138,1.496402,0.661874,-5.784011,0.584750,0.336766,-2.332994,0.220000,0.240000,0.320000,-0.400000,-0.200000,0.584750
139,1.499923,0.667630,-5.807341,0.546991,0.333281,-2.344366,0.220000,0.240000,0.300000,-0.400000,-0.400000,0.546991
140,1.503259,0.673098,-5.830785,0.507325,0.329142,-2.346562,0.200000,0.220000,0.300000,-0.400000,-0.400000,0.507325
141,1.506383,0.678276,-5.854251,0.467743,0.324042,-2.348707,0.200000,0.220000,0.280000,-0.400000,-0.400000,0.467743
142,1.509289,0.683168,-5.877738,0.428268,0.317987,-2.350967,0.200000,0.220000,0.280000,-0.400000,-0.400000,0.428268
143,1.511970,0.687779,-5.901247,0.388923,0.310983,-2.353503,0.200000,0.220000,0.260000,-0.400000,-0.400000,0.388923
144,1.514420,0.692115,-5.924782,0.349729,0.303037,-2.356467,0.200000,0.220000,0.260000,-0.400000,-0.400000,0.349729
145,1.516632,0.696179,-5.948347,0.310708,0.294157,-2.360010,0.200000,0.200000,0.260000,-0.400000,-0.400000,0.310708
146,1.518600,0.699979,-5.971947,0.271882,0.284351,-2.364276,0.200000,0.200000,0.240000,-0.400000,-0.400000,0.271882
147,1.520317,0.703518,-5.995590,0.233269,0.273627,-2.369404,0.200000,0.200000,0.240000,-0.400000,-0.400000,0.233269
148,1.521778,0.706804,-6.019284,0.194891,0.261995,-2.375526,0.200000,0.200000,0.240000,-0.400000,-0.400000,0.194891
149,1.522976,0.709841,-6.043039,0.156769,0.249463,-2.382759,0.200000,0.200000,0.220000,0.000000,-0.400000,0.156769
150,1.523906,0.712637,-6.066867,0.146923,0.236041,-2.391191,0.200000,0.200000,0.220000,0.000000,-0.400000,0.146923
151,1.524834,0.715258,-6.090779,0.137377,0.222400,-2.399685,0.200000,0.200000,0.220000,0.000000,-0.400000,0.137377
152,1.525757,0.717704,-6.114776,0.128139,0.208545,-2.408223,0.200000,0.200000,0.220000,0.000000,-0.400000,0.128139
153,1.526671,0.719974,-6.138858,0.119217,0.194484,-2.416777,0.200000,0.200000,0.220000,0.000000,-0.400000,0.119217
154,1.527571,0.722070,-6.163026,0.110619,0.180222,-2.425307,0.200000,0.180000,0.200000,0.000000,-0.400000,0.110619
155,1.528453,0.723992,-6.187279,0.102351,0.165768,-2.433746,0.200000,0.180000,0.200000,0.000000,-0.400000,0.102351
156,1.529313,0.725740,-6.211616,0.094423,0.151130,-2.441983,0.200000,0.180000,0.200000,0.000000,-0.400000,0.094423
157,1.530147,0.727315,-6.236036,0.086844,0.136320,-2.449820,0.200000,0.180000,0.200000,0.000000,-0.400000,0.086844
158,1.530950,0.728718,-6.260534,0.079625,0.121354,-2.456867,0.200000,0.180000,0.200000,0.000000,-0.400000,0.079625
159,1.531719,0.729949,-6.285103,0.072780,0.106257,-2.462280,0.200000,0.180000,0.200000,0.000000,-0.400000,0.072780
160,1.532449,0.731010,-6.309726,0.066338,0.091085,-2.463961,0.200000,0.180000,0.200000,0.000000,-0.400000,0.066338
161,1.533136,0.731903,-6.334365,0.060366,0.075988,-2.455780,0.200000,0.180000,0.200000,0.000000,-0.400000,0.060366
162,1.533778,0.732631,-6.358923,0.055078,0.061463,-2.416624,0.200000,0.180000,0.180000,0.000000,-0.400000,0.055078
163,1.534373,0.733202,-6.383089,0.051151,0.049102,-2.278336,0.200000,0.180000,0.180000,0.000000,-0.400000,0.051151
164,1.534931,0.733640,-6.405873,0.049092,0.040123,-1.987930,0.200000,0.180000,0.180000,0.000000,-0.400000,0.049092
165,1.535468,0.733978,-6.425752,0.047613,0.031557,-1.670876,0.200000,0.180000,0.180000,0.000000,-0.400000,0.047613
166,1.535984,0.734223,-6.442461,0.046382,0.022745,-1.355344,0.200000,0.180000,0.180000,0.000000,-0.400000,0.046382
167,1.536478,0.734374,-6.456014,0.045393,0.013801,-1.036776,0.200000,0.180000,0.180000,0.400000,-0.400000,0.045393
168,1.536949,0.734432,-6.466382,0.072582,0.004723,-0.716496,0.200000,0.180000,0.180000,0.400000,-0.400000,0.072582
169,1.537671,0.734346,-6.473547,0.098583,-0.006655,-0.562351,0.200000,0.180000,0.180000,0.600000,-0.600000,0.098583
170,1.538626,0.734094,-6.479170,0.136128,-0.016417,-0.660439,0.200000,0.180000,0.180000,0.600000,-0.400000,0.136128
171,1.539930,0.733668,-6.485775,0.176616,-0.020687,-0.759201,0.200000,0.180000,0.180000,0.600000,-0.400000,0.176616
172,1.541618,0.733110,-6.493367,0.216978,-0.024428,-0.899468,0.200000,0.180000,0.180000,0.400000,-0.400000,0.216978
173,1.543689,0.732418,-6.502362,0.243325,-0.027722,-1.048317,0.260000,0.180000,0.180000,0.600000,-0.400000,0.243325
174,1.546004,0.731619,-6.512845,0.283793,-0.030431,-1.185342,0.260000,0.180000,0.180000,0.400000,-0.400000,0.283793
175,1.548698,0.730676,-6.524698,0.310241,-0.032616,-1.327480,0.260000,0.180000,0.180000,-0.200000,-0.600000,0.310241
176,1.551632,0.729618,-6.537973,0.292156,-0.036313,-1.549881,0.260000,0.180000,0.160000,0.200000,-0.400000,0.292156
177,1.554368,0.728530,-6.553472,0.305246,-0.036957,-1.614990,0.260000,0.180000,0.160000,0.200000,-0.400000,0.305246
178,1.557211,0.727359,-6.569622,0.318337,-0.037368,-1.679199,0.260000,0.180000,0.160000,0.400000,-0.400000,0.318337
179,1.560159,0.726101,-6.586414,0.345418,-0.037555,-1.742349,0.260000,0.160000,0.160000,0.400000,-0.400000,0.345418
180,1.563344,0.724711,-6.603837,0.372386,-0.037432,-1.817949,0.260000,0.160000,0.160000,0.000000,-0.400000,0.372386
181,1.566760,0.723182,-6.622017,0.371265,-0.036916,-1.900595,0.260000,0.160000,0.160000,0.000000,-0.400000,0.371265
182,1.570138,0.721600,-6.641023,0.370216,-0.036274,-1.964557,0.260000,0.160000,0.160000,-0.200000,-0.600000,0.370216
183,1.573479,0.719963,-6.660668,0.352530,-0.037947,-2.115485,0.260000,0.160000,0.160000,0.400000,-0.400000,0.352530
184,1.576616,0.718311,-6.681823,0.379891,-0.036801,-2.117917,0.260000,0.160000,0.140000,0.000000,-0.600000,0.379891
185,1.579975,0.716498,-6.703002,0.376310,-0.037942,-2.252009,0.260000,0.160000,0.140000,0.200000,-0.600000,0.376310
186,1.583256,0.714617,-6.725522,0.386899,-0.038789,-2.366778,0.260000,0.160000,0.140000,-0.200000,-0.600000,0.386899
187,1.586587,0.712611,-6.749190,0.369571,-0.039062,-2.473523,0.260000,0.160000,0.140000,0.000000,-0.600000,0.369571
188,1.589713,0.710601,-6.773925,0.366438,-0.039505,-2.553440,0.260000,0.160000,0.140000,-0.200000,-0.600000,0.366438
189,1.592759,0.708526,-6.799460,0.349417,-0.039810,-2.620233,0.260000,0.160000,0.140000,-0.200000,-0.600000,0.349417
190,1.595601,0.706455,-6.825662,0.332590,-0.040368,-2.663482,0.280000,0.160000,0.140000,-0.200000,-0.600000,0.332590
191,1.598241,0.704392,-6.852297,0.315970,-0.041187,-2.685076,0.280000,0.200000,0.140000,-0.200000,-0.400000,0.315970
192,1.600681,0.702342,-6.879148,0.302591,-0.038283,-2.516557,0.280000,0.200000,0.140000,0.200000,-0.400000,0.302591
193,1.602970,0.700327,-6.904313,0.316976,-0.036422,-2.359910,0.280000,0.200000,0.140000,0.200000,-0.400000,0.316976
194,1.605336,0.698186,-6.927912,0.330877,-0.035192,-2.261113,0.300000,0.200000,0.140000,0.200000,-0.600000,0.330877
195,1.607769,0.695916,-6.950523,0.341608,-0.037350,-2.333964,0.300000,0.200000,0.120000,0.200000,-0.400000,0.341608
196,1.610221,0.693509,-6.973863,0.355287,-0.035809,-2.276755,0.300000,0.200000,0.120000,0.200000,-0.600000,0.355287
197,1.612731,0.690969,-6.996631,0.365916,-0.037313,-2.367917,0.320000,0.200000,0.120000,0.000000,-0.400000,0.365916
198,1.615254,0.688292,-7.020310,0.365432,-0.035370,-2.334058,0.320000,0.200000,0.120000,0.000000,-0.400000,0.365432
199,1.617722,0.685574,-7.043650,0.364818,-0.033797,-2.304423,0.340000,0.220000,0.120000,0.200000,-0.400000,0.364818
200,1.620132,0.682815,-7.066694,0.378099,-0.032531,-2.278336,0.340000,0.220000,0.120000,0.200000,-0.400000,0.378099
201,1.622581,0.679916,-7.089478,0.391204,-0.031306,-2.270040,0.360000,0.220000,0.120000,0.200000,-0.400000,0.391204
202,1.625063,0.676876,-7.112178,0.404166,-0.030041,-2.274718,0.380000,0.220000,0.120000,0.200000,-0.400000,0.404166
203,1.627572,0.673693,-7.134925,0.417007,-0.028682,-2.288887,0.400000,0.220000,0.120000,0.200000,-0.400000,0.417007
204,1.630103,0.670366,-7.157814,0.429739,-0.027187,-2.309993,0.400000,0.220000,0.160000,0.200000,-0.400000,0.429739
205,1.632650,0.666895,-7.180914,0.442370,-0.025528,-2.336137,0.560000,0.220000,0.160000,0.000000,-0.400000,0.442370
206,1.635208,0.663277,-7.204276,0.440902,-0.023683,-2.365887,1.000000,0.220000,0.160000,0.000000,-0.200000,0.440902
207,1.637687,0.659623,-7.227934,0.441484,-0.016878,-2.171732,1.000000,0.240000,0.160000,0.200000,-0.200000,0.441484
208,1.640137,0.655946,-7.249652,0.455705,-0.011768,-2.012257,1.000000,0.240000,0.160000,0.200000,-0.200000,0.455705
209,1.642630,0.652129,-7.269774,0.469635,-0.007756,-1.891675,1.000000,0.240000,0.160000,0.200000,-0.200000,0.469635
210,1.645155,0.648169,-7.288691,0.483354,-0.004530,-1.800700,1.000000,0.240000,0.160000,0.400000,-0.200000,0.483354
211,1.647706,0.644063,-7.306698,0.510916,-0.001856,-1.732466,1.000000,0.240000,0.160000,0.400000,-0.200000,0.510916
212,1.650349,0.639691,-7.324023,0.538341,0.000683,-1.689207,1.000000,0.240000,0.160000,0.200000,-0.200000,0.538341
213,1.653076,0.635049,-7.340915,0.551653,0.003232,-1.664489,1.000000,0.240000,0.160000,0.000000,-0.200000,0.551653
214,1.655812,0.630259,-7.357560,0.550879,0.005641,-1.647993,1.000000,0.260000,0.160000,0.000000,-0.200000,0.550879
215,1.658485,0.625442,-7.374040,0.550039,0.007719,-1.632483,1.000000,0.260000,0.160000,0.200000,-0.200000,0.550039
216,1.661093,0.620599,-7.390364,0.563143,0.009503,-1.617928,1.000000,0.260000,0.160000,0.000000,-0.200000,0.563143
217,1.663697,0.615604,-7.406544,0.562190,0.011286,-1.609758,1.000000,0.260000,0.160000,0.000000,-0.200000,0.562190
218,1.666231,0.610584,-7.422641,0.561191,0.012845,-1.601579,1.000000,0.260000,0.160000,0.000000,-0.200000,0.561191
219,1.668694,0.605540,-7.438657,0.560153,0.014201,-1.593472,1.000000,0.280000,0.160000,0.200000,-0.200000,0.560153
220,1.671084,0.600472,-7.454592,0.573081,0.015373,-1.585498,1.000000,0.280000,0.160000,0.200000,-0.200000,0.573081
221,1.673454,0.595252,-7.470447,0.585972,0.016643,-1.582778,1.000000,0.280000,0.160000,0.200000,-0.200000,0.585972
222,1.675801,0.589880,-7.486275,0.598825,0.018033,-1.584356,1.000000,0.280000,0.160000,0.200000,-0.200000,0.598825
223,1.678122,0.584357,-7.502118,0.611639,0.019560,-1.589441,1.000000,0.300000,0.160000,0.200000,-0.200000,0.611639
224,1.680414,0.578683,-7.518013,0.624411,0.021238,-1.597381,1.000000,0.300000,0.160000,0.200000,-0.200000,0.624411
225,1.682673,0.572858,-7.533986,0.637137,0.023076,-1.607631,1.000000,0.300000,0.160000,0.200000,-0.200000,0.637137
226,1.684896,0.566883,-7.550063,0.649816,0.025080,-1.619737,1.000000,0.460000,0.160000,0.000000,-0.200000,0.649816
227,1.687080,0.560757,-7.566260,0.648443,0.027258,-1.633322,1.000000,0.460000,0.160000,0.000000,-0.200000,0.648443
228,1.689181,0.554617,-7.582593,0.647019,0.029333,-1.644196,1.000000,1.000000,0.160000,0.400000,-0.200000,0.647019
229,1.691198,0.548462,-7.599035,0.673546,0.031295,-1.652735,1.000000,1.000000,0.160000,0.400000,-0.200000,0.673546
230,1.693200,0.542023,-7.615563,0.700018,0.033713,-1.666856,1.000000,1.000000,0.160000,0.200000,-0.200000,0.700018
231,1.695181,0.535301,-7.632231,0.712426,0.036601,-1.685381,0.920000,1.000000,0.160000,0.200000,-0.200000,0.712426
232,1.697105,0.528431,-7.649085,0.724762,0.039682,-1.704041,0.880000,1.000000,0.160000,0.200000,-0.200000,0.724762
233,1.698968,0.521416,-7.666125,0.737020,0.042955,-1.722730,0.880000,1.000000,0.160000,0.200000,-0.200000,0.737020
234,1.700766,0.514256,-7.683353,0.749196,0.046417,-1.741360,0.880000,1.000000,0.160000,0.200000,-0.200000,0.749196
235,1.702496,0.506952,-7.700766,0.761285,0.050069,-1.759857,0.840000,1.000000,0.180000,0.200000,-0.200000,0.761285
236,1.704152,0.499504,-7.718365,0.773282,0.053907,-1.778163,0.780000,1.000000,0.180000,0.200000,-0.200000,0.773282
237,1.705732,0.491915,-7.736146,0.785183,0.057930,-1.796229,0.740000,1.000000,0.180000,0.200000,-0.200000,0.785183
238,1.707230,0.484186,-7.754109,0.796983,0.062137,-1.814015,0.740000,1.000000,0.180000,0.200000,-0.200000,0.796983
239,1.708643,0.476318,-7.772249,0.808676,0.066525,-1.831492,0.740000,1.000000,0.180000,0.200000,-0.200000,0.808676
240,1.709967,0.468312,-7.790564,0.820259,0.071094,-1.848635,0.740000,1.000000,0.180000,0.200000,-0.200000,0.820259
241,1.711196,0.460171,-7.809050,0.831726,0.075841,-1.865426,0.700000,1.000000,0.200000,0.200000,-0.200000,0.831726
242,1.712327,0.451897,-7.827704,0.843073,0.080765,-1.881852,0.680000,1.000000,0.200000,0.000000,-0.200000,0.843073
243,1.713356,0.443490,-7.846523,0.840295,0.085864,-1.897905,0.640000,1.000000,0.200000,0.000000,-0.200000,0.840295
244,1.714277,0.435094,-7.865502,0.837388,0.090805,-1.911310,0.600000,1.000000,0.340000,0.000000,-0.200000,0.837388
245,1.715089,0.426710,-7.884615,0.834356,0.095574,-1.922405,0.600000,1.000000,0.480000,0.200000,-0.200000,0.834356
246,1.715789,0.418341,-7.903839,0.845203,0.100162,-1.931486,0.600000,1.000000,0.920000,0.200000,-0.200000,0.845203
247,1.716368,0.409850,-7.923154,0.855937,0.104902,-1.940918,0.580000,1.000000,0.980000,0.200000,-0.200000,0.855937
248,1.716823,0.401238,-7.942563,0.866552,0.109797,-1.950629,0.580000,1.000000,1.000000,0.200000,-0.200000,0.866552
249,1.717150,0.392509,-7.962070,0.877046,0.114848,-1.960553,0.580000,1.000000,1.000000,0.200000,-0.200000,0.877046
250,1.717345,0.383666,-7.981675,0.887413,0.120056,-1.970638,0.560000,1.000000,1.000000,0.200000,-0.200000,0.887413
251,1.717406,0.374712,-8.001381,0.897649,0.125422,-1.980835,0.540000,0.920000,1.000000,0.200000,-0.200000,0.897649
252,1.717328,0.365648,-8.021190,0.907751,0.130947,-1.991104,0.520000,0.820000,1.000000,0.200000,-0.200000,0.907751
253,1.717109,0.356479,-8.041101,0.917714,0.136630,-2.001413,0.500000,0.740000,1.000000,0.200000,-0.200000,0.917714
254,1.716744,0.347208,-8.061115,0.927533,0.142472,-2.011731,0.480000,0.740000,1.000000,0.000000,-0.200000,0.927533
255,1.716231,0.337838,-8.081232,0.923205,0.148473,-2.022037,0.480000,0.740000,1.000000,0.200000,-0.200000,0.923205
256,1.715597,0.328509,-8.101453,0.932723,0.154282,-2.030821,0.460000,0.720000,1.000000,0.000000,-0.200000,0.932723
257,1.714808,0.319088,-8.121761,0.928095,0.160243,-2.039710,0.440000,0.660000,1.000000,0.000000,-0.400000,0.928095
258,1.713898,0.309714,-8.142158,0.921268,0.164854,-2.096498,0.440000,0.620000,1.000000,0.000000,-0.400000,0.921268
259,1.712860,0.300412,-8.163123,0.914247,0.169723,-2.148817,0.420000,0.600000,1.000000,0.000000,-0.400000,0.914247
260,1.711696,0.291187,-8.184611,0.907027,0.174796,-2.196876,0.400000,0.600000,1.000000,0.000000,-0.400000,0.907027
261,1.710404,0.282041,-8.206580,0.899606,0.180025,-2.240904,0.400000,0.600000,1.000000,0.000000,-0.400000,0.899606
262,1.708987,0.272976,-8.228989,0.891982,0.185366,-2.281138,0.380000,0.580000,1.000000,0.200000,-0.400000,0.891982
263,1.707445,0.263997,-8.251800,0.898155,0.190777,-2.317820,0.380000,0.540000,1.000000,0.200000,-0.200000,0.898155
264,1.705724,0.254978,-8.274978,0.906157,0.197526,-2.312885,0.360000,0.520000,1.000000,0.000000,-0.200000,0.906157
265,1.703824,0.245901,-8.298107,0.899997,0.204306,-2.308965,0.360000,0.480000,1.000000,0.000000,-0.200000,0.899997
266,1.701802,0.236896,-8.321197,0.893671,0.210738,-2.305103,0.340000,0.460000,1.000000,0.000000,-0.200000,0.893671
267,1.699658,0.227968,-8.344248,0.887188,0.216831,-2.301346,0.340000,0.440000,0.860000,-0.200000,-0.200000,0.887188
268,1.697393,0.219120,-8.367261,0.866558,0.222595,-2.297732,0.340000,0.440000,0.740000,-0.200000,-0.200000,0.866558
269,1.695077,0.210478,-8.390239,0.845786,0.227654,-2.293641,0.340000,0.440000,0.640000,-0.200000,-0.200000,0.845786
270,1.692713,0.202044,-8.413175,0.824891,0.232019,-2.289222,0.340000,0.440000,0.620000,-0.200000,-0.200000,0.824891
271,1.690304,0.193821,-8.436067,0.803892,0.235703,-2.284596,0.340000,0.440000,0.620000,-0.200000,-0.200000,0.803892
272,1.687853,0.185810,-8.458913,0.782806,0.238717,-2.279859,0.340000,0.420000,0.600000,-0.200000,-0.200000,0.782806
273,1.685365,0.178014,-8.481712,0.761650,0.241072,-2.275084,0.340000,0.400000,0.540000,-0.200000,-0.200000,0.761650
274,1.682843,0.170433,-8.504463,0.740442,0.242781,-2.270327,0.320000,0.380000,0.500000,0.000000,-0.200000,0.740442
275,1.680291,0.163071,-8.527166,0.733195,0.243856,-2.265628,0.320000,0.360000,0.480000,0.000000,-0.200000,0.733195
276,1.677626,0.155818,-8.549822,0.725932,0.244684,-2.261112,0.320000,0.360000,0.480000,0.000000,-0.200000,0.725932
277,1.674851,0.148678,-8.572433,0.718656,0.245273,-2.256753,0.300000,0.340000,0.480000,0.000000,-0.200000,0.718656
278,1.671967,0.141653,-8.595001,0.711375,0.245625,-2.252526,0.300000,0.340000,0.480000,0.000000,-0.200000,0.711375
279,1.668977,0.134747,-8.617526,0.704092,0.245747,-2.248403,0.300000,0.320000,0.440000,0.000000,-0.400000,0.704092
280,1.665883,0.127961,-8.640010,0.694832,0.245346,-2.257050,0.280000,0.320000,0.420000,0.000000,-0.400000,0.694832
281,1.662701,0.121315,-8.662581,0.685558,0.244773,-2.265060,0.280000,0.300000,0.400000,0.000000,-0.400000,0.685558
282,1.659432,0.114811,-8.685231,0.676276,0.244023,-2.272465,0.280000,0.300000,0.380000,0.000000,-0.400000,0.676276
283,1.656081,0.108450,-8.707956,0.666992,0.243093,-2.279294,0.280000,0.280000,0.360000,-0.400000,-0.400000,0.666992
284,1.652649,0.102235,-8.730749,0.629712,0.241977,-2.285574,0.260000,0.280000,0.340000,-0.400000,-0.400000,0.629712
285,1.649357,0.096347,-8.753605,0.592435,0.239957,-2.289871,0.260000,0.260000,0.340000,-0.400000,-0.400000,0.592435
286,1.646210,0.090784,-8.776503,0.555185,0.237023,-2.292484,0.260000,0.260000,0.340000,-0.400000,-0.400000,0.555185
287,1.643215,0.085542,-8.799428,0.517989,0.233173,-2.293684,0.260000,0.240000,0.340000,-0.400000,-0.400000,0.517989
288,1.640381,0.080620,-8.822365,0.480871,0.228405,-2.293721,0.240000,0.240000,0.340000,-0.400000,-0.400000,0.480871
289,1.637713,0.076013,-8.845302,0.443855,0.222722,-2.292823,0.240000,0.240000,0.320000,-0.400000,-0.400000,0.443855
290,1.635218,0.071719,-8.868231,0.406965,0.216127,-2.291203,0.240000,0.240000,0.320000,-0.400000,-0.400000,0.406965
291,1.632905,0.067734,-8.891143,0.370223,0.208628,-2.289068,0.240000,0.220000,0.300000,-0.400000,-0.400000,0.370223
292,1.630778,0.064054,-8.914033,0.333651,0.200234,-2.286615,0.240000,0.220000,0.300000,-0.400000,-0.400000,0.333651
293,1.628846,0.060677,-8.936899,0.297269,0.190952,-2.284045,0.240000,0.220000,0.280000,-0.200000,-0.400000,0.297269
294,1.627116,0.057596,-8.959740,0.275098,0.180796,-2.281569,0.240000,0.220000,0.280000,0.000000,-0.400000,0.275098
295,1.625468,0.054747,-8.982556,0.267166,0.170124,-2.278704,0.240000,0.200000,0.260000,-0.200000,-0.400000,0.267166
296,1.623781,0.052066,-9.005343,0.245496,0.159296,-2.274596,0.220000,0.220000,0.260000,-0.200000,-0.400000,0.245496
297,1.622187,0.049611,-9.028089,0.224084,0.147972,-2.269773,0.220000,0.220000,0.260000,-0.200000,-0.400000,0.224084
298,1.620692,0.047381,-9.050786,0.202946,0.136163,-2.264012,0.220000,0.220000,0.240000,-0.200000,-0.400000,0.202946
299,1.619301,0.045372,-9.073426,0.182096,0.123888,-2.256962,0.220000,0.240000,0.240000,0.000000,-0.400000,0.182096
300,1.618017,0.043582,-9.095996,0.175551,0.111167,-2.248047,0.220000,0.240000,0.240000,-0.200000,-0.400000,0.175551
301,1.616715,0.041963,-9.118476,0.155351,0.098399,-2.234301,0.220000,0.240000,0.220000,0.000000,-0.400000,0.155351
302,1.615530,0.040556,-9.140819,0.149501,0.085266,-2.215652,0.220000,0.240000,0.220000,0.000000,-0.400000,0.149501
303,1.614334,0.039319,-9.162976,0.144067,0.072230,-2.186210,0.220000,0.220000,0.220000,0.000000,-0.400000,0.144067
304,1.613129,0.038248,-9.184838,0.139107,0.059422,-2.140311,0.220000,0.220000,0.220000,0.000000,-0.400000,0.139107
305,1.611919,0.037340,-9.206241,0.134700,0.047028,-2.069969,0.220000,0.220000,0.220000,0.000000,-0.400000,0.134700
306,1.610706,0.036589,-9.226941,0.130931,0.035263,-1.965876,0.220000,0.220000,0.200000,0.000000,-0.400000,0.130931
307,1.609492,0.035986,-9.246600,0.127859,0.024297,-1.821095,0.220000,0.220000,0.200000,0.200000,-0.400000,0.127859
308,1.608277,0.035520,-9.264811,0.139465,0.014161,-1.636182,0.220000,0.220000,0.200000,0.200000,-0.400000,0.139465
309,1.606922,0.035158,-9.281172,0.151413,0.004548,-1.450592,0.220000,0.220000,0.200000,0.200000,-0.400000,0.151413
310,1.605430,0.034897,-9.295678,0.163605,-0.004375,-1.285753,0.220000,0.220000,0.200000,0.200000,-0.600000,0.163605
311,1.603802,0.034730,-9.308536,0.173288,-0.014572,-1.271283,0.220000,0.220000,0.200000,0.200000,-0.600000,0.173288
312,1.602064,0.034673,-9.321249,0.183363,-0.022998,-1.303022,0.220000,0.220000,0.180000,0.200000,-0.400000,0.183363
313,1.600217,0.034713,-9.334279,0.196717,-0.026286,-1.230591,0.220000,0.220000,0.180000,0.600000,-0.400000,0.196717
314,1.598234,0.034797,-9.346585,0.237929,-0.028888,-1.225749,0.220000,0.200000,0.180000,0.400000,-0.400000,0.237929
315,1.595839,0.034899,-9.358842,0.264746,-0.031233,-1.301186,0.220000,0.200000,0.180000,0.200000,-0.600000,0.264746
316,1.593177,0.035036,-9.371854,0.274809,-0.035621,-1.499649,0.220000,0.200000,0.180000,0.000000,-0.600000,0.274809
317,1.590414,0.035246,-9.386851,0.271170,-0.039288,-1.677585,0.220000,0.200000,0.200000,0.200000,-0.400000,0.271170
318,1.587689,0.035536,-9.403627,0.284807,-0.039120,-1.683953,0.220000,0.200000,0.200000,0.200000,-0.400000,0.284807
319,1.584833,0.035867,-9.420466,0.298289,-0.039022,-1.708252,0.200000,0.200000,0.200000,0.200000,-0.400000,0.298289
320,1.581849,0.036244,-9.437549,0.311662,-0.038913,-1.743711,0.200000,0.200000,0.200000,0.200000,-0.400000,0.311662
321,1.578737,0.036673,-9.454986,0.324952,-0.038738,-1.786193,0.200000,0.200000,0.200000,0.200000,-0.400000,0.324952
322,1.575501,0.037158,-9.472848,0.338175,-0.038460,-1.833082,0.200000,0.200000,0.200000,0.200000,-0.400000,0.338175
323,1.572142,0.037705,-9.491178,0.351338,-0.038049,-1.882674,0.200000,0.180000,0.200000,0.200000,-0.400000,0.351338
324,1.568661,0.038318,-9.510005,0.364446,-0.037485,-1.933825,0.200000,0.180000,0.200000,0.200000,-0.400000,0.364446
325,1.565062,0.039002,-9.529343,0.377499,-0.036751,-1.985750,0.200000,0.180000,0.180000,0.000000,-0.400000,0.377499
326,1.561346,0.039761,-9.549201,0.376495,-0.035833,-2.037891,0.240000,0.180000,0.180000,0.000000,-0.400000,0.376495
327,1.557655,0.040584,-9.569580,0.375512,-0.034908,-2.077514,0.240000,0.180000,0.180000,0.000000,-0.400000,0.375512
328,1.553989,0.041471,-9.590355,0.374534,-0.034008,-2.107222,0.240000,0.180000,0.180000,0.000000,-0.400000,0.374534
329,1.550351,0.042424,-9.611427,0.373553,-0.033157,-2.129087,0.240000,0.180000,0.180000,0.000000,-0.400000,0.373553
330,1.546742,0.043443,-9.632718,0.372563,-0.032368,-2.144756,0.240000,0.180000,0.160000,0.000000,-0.400000,0.372563
331,1.543163,0.044529,-9.654166,0.371558,-0.031652,-2.155535,0.240000,0.160000,0.160000,-0.200000,-0.400000,0.371558
332,1.539617,0.045682,-9.675721,0.356538,-0.031012,-2.162459,0.240000,0.160000,0.160000,-0.200000,-0.600000,0.356538
333,1.536240,0.046868,-9.697346,0.338875,-0.033177,-2.259630,0.240000,0.160000,0.160000,0.200000,-0.600000,0.338875
334,1.533066,0.048099,-9.719942,0.349470,-0.035367,-2.334365,0.240000,0.160000,0.160000,0.000000,-0.600000,0.349470
335,1.529825,0.049454,-9.743286,0.346164,-0.036947,-2.411213,0.240000,0.160000,0.160000,0.200000,-0.400000,0.346164
336,1.526654,0.050889,-9.767398,0.359875,-0.035182,-2.344001,0.240000,0.160000,0.160000,0.000000,-0.600000,0.359875
337,1.523382,0.052430,-9.790838,0.356513,-0.036511,-2.426829,0.240000,0.160000,0.140000,0.200000,-0.600000,0.356513
338,1.520184,0.054047,-9.815106,0.367300,-0.037624,-2.497884,0.240000,0.160000,0.140000,-0.200000,-0.400000,0.367300
339,1.516930,0.055792,-9.840085,0.352969,-0.035213,-2.441077,0.260000,0.160000,0.140000,0.200000,-0.600000,0.352969
340,1.513843,0.057539,-9.864496,0.363734,-0.036514,-2.504326,0.260000,0.160000,0.140000,-0.200000,-0.600000,0.363734
341,1.510707,0.059417,-9.889539,0.346551,-0.037283,-2.569664,0.260000,0.160000,0.140000,-0.200000,-0.600000,0.346551
342,1.507776,0.061304,-9.915235,0.329573,-0.038273,-2.612862,0.260000,0.200000,0.140000,-0.200000,-0.400000,0.329573
343,1.505049,0.063194,-9.941364,0.315769,-0.035890,-2.481508,0.260000,0.200000,0.140000,0.200000,-0.600000,0.315769
344,1.502481,0.065066,-9.966179,0.326869,-0.037937,-2.506049,0.260000,0.200000,0.140000,-0.200000,-0.400000,0.326869
345,1.499875,0.067075,-9.991240,0.312938,-0.035960,-2.392247,0.280000,0.200000,0.140000,0.200000,-0.600000,0.312938
346,1.497427,0.069058,-10.015162,0.323969,-0.038220,-2.428568,0.280000,0.200000,0.140000,0.200000,-0.400000,0.323969
347,1.494949,0.071179,-10.039448,0.337985,-0.036459,-2.326738,0.280000,0.200000,0.140000,0.200000,-0.400000,0.337985
348,1.492398,0.073426,-10.062715,0.351641,-0.035108,-2.265488,0.280000,0.200000,0.120000,0.200000,-0.600000,0.351641
349,1.489782,0.075802,-10.085370,0.362251,-0.036790,-2.353936,0.300000,0.200000,0.120000,0.200000,-0.400000,0.362251
350,1.487148,0.078315,-10.108909,0.375754,-0.035010,-2.318045,0.300000,0.200000,0.120000,0.200000,-0.600000,0.375754
351,1.484457,0.080961,-10.132090,0.386286,-0.036021,-2.415314,0.300000,0.200000,0.120000,0.200000,-0.600000,0.386286
352,1.481755,0.083745,-10.156243,0.396891,-0.036460,-2.508146,0.320000,0.200000,0.120000,0.200000,-0.400000,0.396891
353,1.479045,0.086668,-10.181325,0.410299,-0.033684,-2.481609,0.320000,0.200000,0.120000,0.200000,-0.400000,0.410299
354,1.476292,0.089729,-10.206141,0.423467,-0.031084,-2.470334,0.340000,0.200000,0.160000,0.200000,-0.400000,0.423467
355,1.473505,0.092932,-10.230844,0.436434,-0.028557,-2.470320,0.460000,0.220000,0.160000,0.200000,-0.400000,0.436434
356,1.470689,0.096279,-10.255547,0.449228,-0.026028,-2.478669,0.480000,0.220000,0.160000,0.200000,-0.400000,0.449228
357,1.467852,0.099772,-10.280334,0.461864,-0.023442,-2.493245,0.500000,0.220000,0.160000,-0.200000,-0.400000,0.461864
358,1.465000,0.103412,-10.305266,0.446355,-0.020756,-2.512439,0.520000,0.220000,0.160000,-0.200000,-0.400000,0.446355
359,1.462318,0.106986,-10.330391,0.430802,-0.018613,-2.515794,0.560000,0.220000,0.160000,-0.200000,-0.400000,0.430802
360,1.459805,0.110490,-10.355549,0.415221,-0.017026,-2.505503,0.600000,0.220000,0.160000,-0.200000,-0.400000,0.415221
361,1.457462,0.113922,-10.380604,0.399625,-0.015997,-2.483333,0.640000,0.220000,0.160000,0.000000,-0.400000,0.399625
362,1.455287,0.117279,-10.405437,0.398036,-0.015509,-2.450683,0.700000,0.240000,0.160000,0.200000,-0.400000,0.398036
363,1.453201,0.120672,-10.429944,0.410408,-0.015227,-2.421086,0.760000,0.240000,0.160000,0.200000,-0.400000,0.410408
364,1.451130,0.124219,-10.454155,0.422694,-0.014799,-2.405759,1.000000,0.240000,0.160000,0.200000,-0.200000,0.422694
365,1.449079,0.127917,-10.478212,0.437019,-0.009220,-2.189440,1.000000,0.260000,0.160000,0.400000,-0.200000,0.437019
366,1.446997,0.131761,-10.500107,0.464989,-0.005036,-2.024601,1.000000,0.260000,0.160000,0.400000,-0.200000,0.464989
367,1.444831,0.135876,-10.520353,0.492685,-0.001585,-1.908948,1.000000,0.260000,0.160000,0.400000,-0.200000,0.492685
368,1.442591,0.140264,-10.539442,0.520185,0.001454,-1.829010,1.000000,0.260000,0.160000,0.200000,-0.200000,0.520185
369,1.440286,0.144928,-10.557732,0.533535,0.004303,-1.775426,1.000000,0.280000,0.160000,0.200000,-0.200000,0.533535
370,1.437985,0.149742,-10.575487,0.546776,0.006848,-1.735241,1.000000,0.280000,0.160000,0.200000,-0.200000,0.546776
371,1.435693,0.154706,-10.592839,0.559926,0.009193,-1.705783,1.000000,0.280000,0.160000,0.200000,-0.200000,0.559926
372,1.433414,0.159821,-10.609897,0.572998,0.011416,-1.684984,1.000000,0.400000,0.160000,0.200000,-0.200000,0.572998
373,1.431152,0.165087,-10.626747,0.586000,0.013577,-1.671219,1.000000,0.420000,0.160000,0.200000,-0.200000,0.586000
374,1.428913,0.170504,-10.643459,0.598936,0.015725,-1.663195,1.000000,0.420000,0.160000,0.200000,-0.200000,0.598936
375,1.426700,0.176072,-10.660091,0.611811,0.017897,-1.659870,1.000000,0.440000,0.180000,0.200000,-0.200000,0.611811
376,1.424517,0.181790,-10.676689,0.624626,0.020123,-1.660397,1.000000,0.460000,0.180000,0.200000,-0.200000,0.624626
377,1.422367,0.187658,-10.693293,0.637380,0.022429,-1.664081,1.000000,0.480000,0.180000,0.200000,-0.200000,0.637380
378,1.420256,0.193676,-10.709934,0.650073,0.024832,-1.670351,1.000000,0.500000,0.180000,0.200000,-0.200000,0.650073
379,1.418186,0.199844,-10.726638,0.662703,0.027348,-1.678731,1.000000,0.520000,0.180000,0.200000,-0.200000,0.662703
380,1.416161,0.206160,-10.743425,0.675269,0.029991,-1.688825,1.000000,0.540000,0.180000,0.200000,-0.200000,0.675269
381,1.414186,0.212624,-10.760313,0.687768,0.032769,-1.700302,1.000000,0.580000,0.180000,0.400000,-0.200000,0.687768
382,1.412264,0.219236,-10.777316,0.714196,0.035690,-1.712883,1.000000,0.600000,0.180000,0.400000,-0.200000,0.714196
383,1.410369,0.226131,-10.794445,0.740547,0.039056,-1.729765,1.000000,0.660000,0.180000,0.400000,-0.200000,0.740547
384,1.408507,0.233310,-10.811743,0.766810,0.042883,-1.750017,0.960000,0.700000,0.180000,0.400000,-0.200000,0.766810
385,1.406684,0.240770,-10.829243,0.792975,0.047185,-1.772870,0.960000,1.000000,0.180000,0.400000,-0.200000,0.792975
386,1.404906,0.248512,-10.846972,0.819030,0.051974,-1.797692,0.960000,1.000000,0.180000,0.400000,-0.200000,0.819030
387,1.403179,0.256535,-10.864949,0.844962,0.057260,-1.823960,0.920000,1.000000,0.180000,0.200000,0.000000,0.844962
388,1.401511,0.264838,-10.883188,0.857856,0.068312,-1.626395,0.860000,1.000000,0.200000,0.200000,0.000000,0.857856
389,1.399870,0.273286,-10.899452,0.870683,0.077227,-1.450990,0.860000,1.000000,0.200000,0.200000,0.000000,0.870683
390,1.398265,0.281879,-10.913962,0.883497,0.084307,-1.294494,0.860000,1.000000,0.300000,0.000000,0.000000,0.883497
391,1.396705,0.290616,-10.926907,0.882339,0.089810,-1.154133,0.860000,1.000000,0.300000,0.600000,0.000000,0.882339
392,1.395204,0.299356,-10.938448,0.923236,0.093707,-1.026360,0.840000,1.000000,0.300000,0.600000,0.000000,0.923236
393,1.393741,0.308520,-10.948712,0.964202,0.096895,-0.913000,0.840000,1.000000,0.300000,0.600000,0.000000,0.964202
394,1.392321,0.318106,-10.957842,1.005238,0.099453,-0.811842,0.820000,1.000000,0.320000,0.600000,0.000000,1.005238
395,1.390948,0.328114,-10.965960,1.046344,0.101450,-0.721140,0.800000,1.000000,0.320000,0.600000,0.000000,1.046344
396,1.389624,0.338543,-10.973172,1.087519,0.102938,-0.639492,0.780000,1.000000,0.320000,0.600000,0.000000,1.087519
397,1.388352,0.349392,-10.979567,1.128760,0.103963,-0.565760,0.780000,1.000000,0.320000,0.600000,0.000000,1.128760
398,1.387131,0.360662,-10.985224,1.170063,0.104565,-0.499001,0.760000,1.000000,0.320000,0.600000,0.000000,1.170063
399,1.385965,0.372351,-10.990214,1.211424,0.104777,-0.438432,0.760000,1.000000,0.320000,0.600000,0.000000,1.211424
400,1.384852,0.384459,-10.994599,1.252840,0.104630,-0.383391,0.740000,1.000000,0.320000,0.600000,0.000000,1.252840
401,1.383794,0.396987,-10.998432,1.294304,0.104151,-0.333313,0.740000,1.000000,0.320000,0.400000,-0.200000,1.294304
402,1.382789,0.409933,-11.001766,1.320477,0.098985,-0.474992,0.740000,1.000000,0.320000,0.400000,-0.200000,1.320477
403,1.381881,0.423143,-11.006516,1.346548,0.095969,-0.614166,0.740000,1.000000,0.320000,0.400000,-0.200000,1.346548
404,1.381069,0.436619,-11.012657,1.372514,0.095069,-0.749689,0.720000,0.980000,0.340000,0.400000,-0.200000,1.372514
405,1.380353,0.450358,-11.020154,1.398365,0.096234,-0.880638,0.720000,0.980000,0.340000,0.400000,-0.200000,1.398365
406,1.379734,0.464361,-11.028960,1.424086,0.099404,-1.006299,0.700000,0.960000,0.340000,0.400000,-0.200000,1.424086
407,1.379216,0.478627,-11.039023,1.449651,0.104509,-1.126144,0.680000,0.940000,0.360000,0.400000,-0.200000,1.449651
408,1.378802,0.493155,-11.050285,1.475033,0.111474,-1.239808,0.660000,0.940000,0.360000,0.400000,-0.200000,1.475033
409,1.378495,0.507945,-11.062683,1.500198,0.120219,-1.347068,0.640000,0.920000,0.380000,0.000000,-0.200000,1.500198
410,1.378302,0.522993,-11.076154,1.497109,0.130662,-1.447824,0.620000,0.920000,0.400000,0.000000,-0.200000,1.497109
411,1.378204,0.538021,-11.090632,1.493732,0.142242,-1.540072,0.600000,0.900000,0.420000,-0.200000,-0.200000,1.493732
412,1.378206,0.553026,-11.106033,1.476038,0.154802,-1.624107,0.600000,0.900000,0.440000,-0.200000,-0.200000,1.476038
413,1.378295,0.567867,-11.122274,1.458001,0.167929,-1.699259,0.580000,0.800000,1.000000,0.000000,-0.200000,1.458001
414,1.378471,0.582542,-11.139266,1.453604,0.181455,-1.766100,0.580000,0.800000,1.000000,0.000000,-0.200000,1.453604
415,1.378757,0.597188,-11.156927,1.448834,0.195524,-1.826341,0.560000,0.780000,0.980000,0.000000,-0.200000,1.448834
416,1.379155,0.611803,-11.175191,1.443674,0.210030,-1.880513,0.560000,0.780000,0.980000,0.000000,-0.200000,1.443674
417,1.379667,0.626382,-11.193996,1.438112,0.224882,-1.929158,0.540000,0.700000,0.920000,0.000000,-0.200000,1.438112
418,1.380297,0.640925,-11.213287,1.432137,0.239997,-1.972812,0.540000,0.680000,0.900000,0.000000,-0.200000,1.432137
419,1.381047,0.655426,-11.233016,1.425744,0.255302,-2.011997,0.540000,0.660000,0.900000,0.000000,-0.200000,1.425744
420,1.381920,0.669884,-11.253135,1.418925,0.270733,-2.047208,0.520000,0.660000,0.880000,0.000000,-0.200000,1.418925
421,1.382916,0.684295,-11.273608,1.411679,0.286234,-2.078913,0.520000,0.640000,0.820000,0.000000,-0.200000,1.411679
422,1.384038,0.698655,-11.294397,1.404003,0.301758,-2.107546,0.500000,0.600000,0.820000,0.000000,-0.200000,1.404003
423,1.385288,0.712962,-11.315472,1.395898,0.317263,-2.133506,0.480000,0.580000,0.800000,0.000000,-0.200000,1.395898
424,1.386666,0.727210,-11.336807,1.387364,0.332712,-2.157159,0.460000,0.580000,0.780000,0.000000,-0.200000,1.387364
425,1.388173,0.741397,-11.358379,1.378403,0.348075,-2.178836,0.460000,0.580000,0.740000,-0.200000,-0.200000,1.378403
426,1.389811,0.755519,-11.380167,1.355018,0.363325,-2.198835,0.440000,0.560000,0.720000,-0.200000,-0.200000,1.355018
427,1.391527,0.769443,-11.402156,1.331210,0.378090,-2.216918,0.420000,0.540000,0.720000,-0.200000,-0.200000,1.331210
428,1.393319,0.783165,-11.424325,1.306994,0.392344,-2.233458,0.420000,0.500000,0.700000,-0.200000,-0.200000,1.306994
429,1.395184,0.796683,-11.446659,1.282383,0.406066,-2.248780,0.400000,0.480000,0.700000,-0.200000,-0.200000,1.282383
430,1.397120,0.809994,-11.469147,1.257389,0.419240,-2.263171,0.400000,0.460000,0.680000,0.000000,-0.200000,1.257389
431,1.399123,0.823096,-11.491779,1.246026,0.431854,-2.276881,0.380000,0.440000,0.600000,-0.200000,-0.200000,1.246026
432,1.401258,0.836110,-11.514548,1.220307,0.444253,-2.290344,0.380000,0.440000,0.580000,-0.200000,-0.200000,1.220307
433,1.403453,0.848910,-11.537451,1.194236,0.456073,-2.303484,0.360000,0.440000,0.580000,-0.200000,-0.200000,1.194236
434,1.405705,0.861493,-11.560486,1.167824,0.467310,-2.316474,0.360000,0.420000,0.540000,-0.200000,-0.200000,1.167824
435,1.408010,0.873859,-11.583651,1.141084,0.477956,-2.329461,0.340000,0.420000,0.480000,-0.200000,-0.200000,1.141084
436,1.410363,0.886004,-11.606945,1.114027,0.488009,-2.342574,0.340000,0.420000,0.480000,-0.400000,-0.200000,1.114027
437,1.412762,0.897928,-11.630371,1.072664,0.497465,-2.355922,0.340000,0.400000,0.480000,-0.400000,-0.200000,1.072664
438,1.415117,0.909515,-11.653930,1.031005,0.505963,-2.369662,0.320000,0.380000,0.460000,-0.400000,-0.200000,1.031005
439,1.417423,0.920766,-11.677627,0.989070,0.513499,-2.383946,0.320000,0.360000,0.460000,-0.600000,-0.200000,0.989070
440,1.419672,0.931681,-11.701466,0.932877,0.520074,-2.398903,0.320000,0.360000,0.420000,-0.600000,-0.200000,0.932877
441,1.421765,0.942154,-11.725455,0.876444,0.525325,-2.414855,0.300000,0.340000,0.400000,-0.400000,-0.200000,0.876444
442,1.423694,0.952188,-11.749604,0.833795,0.529252,-2.431966,0.300000,0.340000,0.400000,-0.400000,-0.200000,0.833795
443,1.425544,0.961889,-11.773924,0.790956,0.532217,-2.450069,0.300000,0.320000,0.400000,-0.400000,-0.200000,0.790956
444,1.427308,0.971258,-11.798424,0.747945,0.534214,-2.469226,0.300000,0.320000,0.400000,-0.400000,-0.200000,0.747945
445,1.428977,0.980297,-11.823116,0.704779,0.535240,-2.489488,0.280000,0.300000,0.380000,-0.400000,-0.400000,0.704779
446,1.430544,0.989007,-11.848011,0.659545,0.535689,-2.493784,0.280000,0.300000,0.380000,-0.400000,-0.400000,0.659545
447,1.431984,0.997381,-11.872949,0.614275,0.535015,-2.498257,0.280000,0.280000,0.360000,-0.400000,-0.400000,0.614275
448,1.433289,1.005422,-11.897932,0.568998,0.533219,-2.503006,0.280000,0.280000,0.340000,-0.400000,-0.400000,0.568998
449,1.434450,1.013133,-11.922962,0.523739,0.530303,-2.508118,0.280000,0.280000,0.320000,-0.400000,-0.400000,0.523739
450,1.435458,1.020517,-11.948043,0.478525,0.526270,-2.513669,0.280000,0.260000,0.320000,-0.400000,-0.400000,0.478525
451,1.436307,1.027580,-11.973180,0.433384,0.521121,-2.519721,0.260000,0.260000,0.300000,-0.400000,-0.400000,0.433384
452,1.436987,1.034323,-11.998377,0.388340,0.514860,-2.526328,0.260000,0.260000,0.300000,-0.400000,-0.400000,0.388340
453,1.437491,1.040752,-12.023640,0.343420,0.507490,-2.533532,0.260000,0.260000,0.280000,-0.400000,-0.400000,0.343420
454,1.437811,1.046872,-12.048975,0.298651,0.499012,-2.541363,0.260000,0.260000,0.280000,-0.400000,-0.400000,0.298651
455,1.437938,1.052686,-12.074389,0.254058,0.489431,-2.549843,0.260000,0.260000,0.280000,-0.400000,-0.400000,0.254058
456,1.437866,1.058200,-12.099888,0.209669,0.478749,-2.558979,0.260000,0.260000,0.280000,-0.400000,-0.200000,0.209669
457,1.437585,1.063419,-12.125477,0.167424,0.466382,-2.593818,0.260000,0.260000,0.280000,-0.400000,-0.200000,0.167424
458,1.437109,1.068351,-12.151415,0.125333,0.453002,-2.629553,0.260000,0.280000,0.280000,-0.400000,-0.200000,0.125333
459,1.436430,1.073002,-12.177711,0.083428,0.438589,-2.666106,0.260000,0.280000,0.280000,-0.400000,-0.200000,0.083428
460,1.435540,1.077377,-12.204372,0.041743,0.423123,-2.703385,0.260000,0.280000,0.280000,-0.400000,-0.200000,0.041743
461,1.434432,1.081482,-12.231406,0.000314,0.406583,-2.741287,0.260000,0.280000,0.280000,-0.400000,-0.200000,0.000314
462,1.433098,1.085323,-12.258819,-0.040821,0.388950,-2.779705,0.260000,0.280000,0.280000,0.200000,-0.400000,-0.040821
463,1.431532,1.088906,-12.286616,-0.041519,0.370810,-2.792559,0.260000,0.280000,0.280000,0.200000,-0.400000,-0.041519
464,1.430109,1.092355,-12.314541,-0.041760,0.352646,-2.805420,0.260000,0.280000,0.280000,0.200000,-0.400000,-0.041760
465,1.428825,1.095666,-12.342596,-0.041539,0.334473,-2.818282,0.260000,0.280000,0.260000,0.200000,-0.200000,-0.041539
466,1.427678,1.098836,-12.370778,-0.038951,0.315695,-2.857116,0.280000,0.280000,0.260000,0.200000,-0.200000,-0.038951
467,1.426683,1.101857,-12.399350,-0.035957,0.296974,-2.895917,0.280000,0.280000,0.260000,0.000000,-0.200000,-0.035957
468,1.425834,1.104725,-12.428309,-0.046543,0.278325,-2.934678,0.280000,0.280000,0.260000,0.200000,-0.200000,-0.046543
469,1.424990,1.107418,-12.457656,-0.042695,0.259363,-2.973490,0.280000,0.280000,0.260000,0.000000,-0.200000,-0.042695
470,1.424284,1.109950,-12.487390,-0.052392,0.240498,-3.012235,0.280000,0.280000,0.260000,-0.200000,-0.200000,-0.052392
471,1.423572,1.112306,-12.517513,-0.075619,0.221339,-3.050962,0.280000,0.280000,0.240000,-0.200000,-0.200000,-0.075619
472,1.422709,1.114480,-12.548022,-0.098352,0.201485,-3.089665,0.280000,0.280000,0.240000,-0.200000,-0.200000,-0.098352
473,1.421689,1.116476,-12.578919,-0.120553,0.180933,-3.128306,0.300000,0.280000,0.240000,-0.200000,-0.200000,-0.120553
474,1.420506,1.118301,-12.610202,-0.142186,0.159684,-3.166912,0.300000,0.280000,0.240000,-0.200000,-0.200000,-0.142186
475,1.419155,1.119958,-12.641871,-0.163212,0.137735,-3.205564,0.300000,0.280000,0.240000,0.000000,-0.200000,-0.163212
476,1.417632,1.121455,-12.673927,-0.169595,0.115087,-3.244363,0.300000,0.280000,0.280000,0.000000,-0.200000,-0.169595
477,1.416069,1.122781,-12.706371,-0.175294,0.092189,-3.283153,0.320000,0.280000,0.280000,0.200000,-0.200000,-0.175294
478,1.414462,1.123939,-12.739202,-0.162356,0.088437,-2.493139,0.320000,0.280000,0.280000,0.200000,-0.200000,-0.162356
479,1.413015,1.125089,-12.764133,-0.152526,0.067011,-2.532618,0.320000,0.280000,0.280000,0.200000,-0.200000,-0.152526
480,1.411651,1.126046,-12.789460,-0.138257,0.065164,-1.743020,0.340000,0.280000,0.280000,0.400000,-0.200000,-0.138257
481,1.410447,1.126987,-12.806890,-0.113357,0.045387,-1.783084,0.340000,0.280000,0.280000,0.400000,-0.200000,-0.113357
482,1.409454,1.127698,-12.824721,-0.084199,0.045388,-0.993675,0.340000,0.300000,0.280000,0.600000,-0.200000,-0.084199
483,1.408756,1.128352,-12.834657,-0.044615,0.027174,-1.033874,0.340000,0.300000,0.280000,0.600000,-0.200000,-0.044615
484,1.408398,1.128732,-12.844996,-0.000928,0.028707,-0.243057,0.340000,0.300000,0.280000,0.600000,-0.400000,-0.000928
485,1.408468,1.129011,-12.847427,0.037113,0.011678,-0.255635,0.340000,0.300000,0.280000,0.600000,-0.400000,0.037113
486,1.408857,1.129020,-12.849983,0.075586,-0.004203,-0.234307,0.340000,0.300000,0.280000,0.600000,-0.400000,0.075586
487,1.409571,1.128768,-12.852326,0.115083,-0.011543,-0.411870,0.340000,0.300000,0.280000,0.600000,-0.400000,0.115083
488,1.410642,1.128333,-12.856445,0.155029,-0.016646,-0.594788,0.340000,0.300000,0.280000,0.600000,-0.400000,0.155029
489,1.412080,1.127730,-12.862393,0.195140,-0.021077,-0.763685,0.340000,0.300000,0.280000,0.600000,-0.400000,0.195140
490,1.413885,1.126959,-12.870030,0.235335,-0.024950,-0.927087,0.340000,0.300000,0.280000,0.600000,-0.400000,0.235335
491,1.416056,1.126017,-12.879300,0.275590,-0.028251,-1.086819,0.340000,0.300000,0.280000,0.600000,-0.400000,0.275590
492,1.418591,1.124900,-12.890169,0.315890,-0.030927,-1.243333,0.340000,0.280000,0.280000,0.600000,-0.400000,0.315890
493,1.421488,1.123602,-12.902602,0.356228,-0.032908,-1.396632,0.340000,0.280000,0.280000,0.200000,-0.400000,0.356228
494,1.424742,1.122116,-12.916568,0.368591,-0.034120,-1.546529,0.340000,0.280000,0.280000,0.200000,-0.400000,0.368591
495,1.428087,1.120531,-12.932034,0.381086,-0.034747,-1.675626,0.360000,0.280000,0.260000,0.200000,-0.400000,0.381086
496,1.431522,1.118844,-12.948790,0.393671,-0.034866,-1.788425,0.360000,0.280000,0.260000,0.200000,-0.400000,0.393671
497,1.435044,1.117051,-12.966674,0.406309,-0.034535,-1.888358,0.360000,0.280000,0.260000,0.200000,-0.400000,0.406309
498,1.438651,1.115150,-12.985558,0.418971,-0.033803,-1.978027,0.360000,0.280000,0.260000,0.200000,-0.400000,0.418971
499,1.442341,1.113136,-13.005338,0.431631,-0.032705,-2.059400,0.360000,0.280000,0.260000,0.200000,-0.400000,0.431631
500,1.446109,1.111005,-13.025932,0.444266,-0.031268,-2.133968,0.360000,0.280000,0.260000,0.200000,-0.400000,0.444266
501,1.449952,1.108754,-13.047272,0.456860,-0.029513,-2.202864,0.360000,0.280000,0.260000,0.200000,-0.400000,0.456860
502,1.453866,1.106379,-13.069300,0.469394,-0.027456,-2.266953,0.360000,0.280000,0.240000,0.200000,-0.400000,0.469394
503,1.457846,1.103876,-13.091970,0.481854,-0.025108,-2.326901,0.380000,0.280000,0.240000,0.000000,-0.400000,0.481854
504,1.461888,1.101242,-13.115239,0.480227,-0.022477,-2.383219,0.380000,0.280000,0.240000,0.000000,-0.400000,0.480227
505,1.465868,1.098544,-13.139071,0.478541,-0.019897,-2.428069,0.380000,0.280000,0.240000,0.200000,-0.400000,0.478541
506,1.469782,1.095784,-13.163352,0.490787,-0.017403,-2.463388,0.400000,0.280000,0.240000,0.200000,-0.400000,0.490787
507,1.473743,1.092881,-13.187986,0.502922,-0.014678,-2.499188,0.400000,0.280000,0.240000,0.200000,-0.400000,0.502922
508,1.477746,1.089833,-13.212977,0.514940,-0.011716,-2.535077,0.420000,0.280000,0.240000,0.200000,-0.400000,0.514940
509,1.481785,1.086637,-13.238328,0.526833,-0.008511,-2.570747,0.420000,0.280000,0.240000,0.200000,-0.400000,0.526833
510,1.485855,1.083291,-13.264036,0.538594,-0.005060,-2.605953,0.440000,0.280000,0.240000,0.200000,-0.400000,0.538594
511,1.489950,1.079792,-13.290095,0.550215,-0.001361,-2.640503,0.520000,0.280000,0.240000,0.000000,-0.400000,0.550215
512,1.494064,1.076138,-13.316500,0.547689,0.002588,-2.674243,0.540000,0.280000,0.240000,0.000000,-0.200000,0.547689
513,1.498089,1.072423,-13.343243,0.547206,0.010532,-2.523152,0.580000,0.300000,0.240000,0.000000,-0.200000,0.547206
514,1.502065,1.068662,-13.368474,0.546399,0.016895,-2.393563,0.600000,0.300000,0.240000,0.000000,-0.200000,0.546399
515,1.505985,1.064852,-13.392410,0.545352,0.021951,-2.281452,0.620000,0.300000,0.220000,0.000000,-0.200000,0.545352
516,1.509843,1.060991,-13.415224,0.544128,0.025921,-2.183637,0.640000,0.300000,0.220000,0.200000,-0.200000,0.544128
517,1.513633,1.057079,-13.437061,0.556776,0.028984,-2.097633,0.680000,0.300000,0.220000,0.200000,-0.200000,0.556776
518,1.517442,1.053007,-13.458037,0.569323,0.031628,-2.027234,0.700000,0.300000,0.220000,0.200000,-0.200000,0.569323
519,1.521264,1.048776,-13.478309,0.581789,0.033972,-1.969709,0.880000,0.300000,0.220000,0.200000,-0.200000,0.581789
520,1.525094,1.044384,-13.498007,0.594189,0.036106,-1.922929,1.000000,0.320000,0.220000,0.200000,-0.200000,0.594189
521,1.528929,1.039830,-13.517236,0.606531,0.038105,-1.885200,1.000000,0.320000,0.220000,0.200000,-0.200000,0.606531
522,1.532763,1.035115,-13.536088,0.618821,0.040026,-1.855146,1.000000,0.320000,0.220000,0.200000,-0.200000,0.618821
523,1.536592,1.030238,-13.554639,0.631064,0.041918,-1.831635,1.000000,0.320000,0.220000,0.200000,-0.200000,0.631064
524,1.540414,1.025199,-13.572956,0.643260,0.043820,-1.813721,1.000000,0.320000,0.220000,0.200000,-0.200000,0.643260
525,1.544224,1.019997,-13.591093,0.655410,0.045765,-1.800605,1.000000,0.320000,0.220000,0.200000,-0.200000,0.655410
526,1.548019,1.014634,-13.609099,0.667513,0.047778,-1.791607,1.000000,0.340000,0.220000,0.200000,-0.200000,0.667513
527,1.551795,1.009109,-13.627015,0.679568,0.049881,-1.786145,1.000000,0.340000,0.220000,0.200000,-0.200000,0.679568
528,1.555549,1.003422,-13.644876,0.691572,0.052093,-1.783714,1.000000,0.340000,0.220000,0.200000,-0.200000,0.691572
529,1.559277,0.997574,-13.662714,0.703522,0.054428,-1.783881,1.000000,0.340000,0.220000,0.200000,-0.200000,0.703522
530,1.562975,0.991564,-13.680552,0.715416,0.056898,-1.786267,1.000000,0.340000,0.220000,0.200000,-0.200000,0.715416
531,1.566640,0.985394,-13.698415,0.727250,0.059515,-1.790542,1.000000,0.440000,0.220000,0.200000,-0.200000,0.727250
532,1.570268,0.979063,-13.716320,0.739020,0.062285,-1.796419,1.000000,0.460000,0.220000,0.200000,-0.200000,0.739020
533,1.573856,0.972572,-13.734285,0.750722,0.065215,-1.803648,1.000000,0.480000,0.220000,0.200000,-0.200000,0.750722
534,1.577399,0.965922,-13.752321,0.762353,0.068311,-1.812009,1.000000,0.480000,0.220000,0.200000,-0.200000,0.762353
535,1.580894,0.959112,-13.770441,0.773907,0.071577,-1.821313,1.000000,0.500000,0.220000,0.200000,-0.200000,0.773907
536,1.584337,0.952144,-13.788654,0.785380,0.075017,-1.831392,1.000000,0.520000,0.220000,0.200000,-0.200000,0.785380
537,1.587724,0.945019,-13.806968,0.796768,0.078631,-1.842102,1.000000,0.540000,0.220000,0.200000,-0.200000,0.796768
538,1.591052,0.937737,-13.825389,0.808066,0.082424,-1.853315,1.000000,0.560000,0.220000,0.200000,-0.200000,0.808066
539,1.594315,0.930298,-13.843922,0.819269,0.086394,-1.864923,1.000000,0.580000,0.220000,0.200000,-0.200000,0.819269
540,1.597510,0.922705,-13.862572,0.830374,0.090545,-1.876830,1.000000,0.600000,0.220000,0.200000,-0.200000,0.830374
541,1.600633,0.914958,-13.881340,0.841374,0.094874,-1.888953,1.000000,1.000000,0.220000,0.200000,-0.200000,0.841374
542,1.603680,0.907058,-13.900229,0.852266,0.099384,-1.901223,1.000000,1.000000,0.220000,0.200000,-0.200000,0.852266
543,1.606647,0.899007,-13.919242,0.863045,0.104072,-1.913578,0.960000,1.000000,0.220000,0.200000,-0.200000,0.863045
544,1.609529,0.890806,-13.938377,0.873706,0.108940,-1.925967,0.940000,1.000000,0.220000,0.200000,-0.200000,0.873706
545,1.612322,0.882456,-13.957637,0.884244,0.113985,-1.938347,0.920000,1.000000,0.220000,0.200000,0.000000,0.884244
546,1.615023,0.873959,-13.977021,0.895968,0.123693,-1.758809,0.920000,1.000000,0.240000,0.200000,0.000000,0.895968
547,1.617673,0.865311,-13.994609,0.907723,0.131534,-1.597618,0.860000,1.000000,0.240000,0.200000,0.000000,0.907723
548,1.620264,0.856513,-14.010585,0.919552,0.137757,-1.451710,0.800000,1.000000,0.320000,0.200000,0.000000,0.919552
549,1.622792,0.847565,-14.025102,0.931480,0.142565,-1.318652,0.760000,1.000000,0.320000,-0.200000,0.000000,0.931480
550,1.625250,0.838468,-14.038289,0.915526,0.146126,-1.196522,0.740000,1.000000,0.340000,0.400000,0.000000,0.915526
551,1.627608,0.829502,-14.050254,0.941706,0.148054,-1.082954,0.740000,1.000000,0.340000,0.400000,0.000000,0.941706
552,1.629900,0.820249,-14.061083,0.968027,0.149296,-0.977973,0.740000,1.000000,0.340000,0.400000,0.000000,0.968027
553,1.632125,0.810710,-14.070863,0.994487,0.149914,-0.880668,0.720000,1.000000,0.340000,0.400000,0.000000,0.994487
554,1.634279,0.800886,-14.079670,1.021082,0.149959,-0.790308,0.720000,1.000000,0.340000,0.400000,0.000000,1.021082
555,1.636363,0.790779,-14.087573,1.047808,0.149477,-0.706301,0.720000,1.000000,0.340000,0.400000,0.000000,1.047808
556,1.638376,0.780387,-14.094636,1.074658,0.148511,-0.628161,0.700000,1.000000,0.340000,0.400000,0.000000,1.074658
557,1.640316,0.769714,-14.100917,1.101627,0.147098,-0.555480,0.700000,1.000000,0.340000,0.400000,0.000000,1.101627
558,1.642186,0.758758,-14.106472,1.128706,0.145273,-0.487915,0.700000,1.000000,0.360000,0.400000,0.000000,1.128706
559,1.643984,0.747521,-14.111351,1.155889,0.143071,-0.425168,0.680000,1.000000,0.360000,0.400000,0.000000,1.155889
560,1.645713,0.736003,-14.115603,1.183166,0.140522,-0.366976,0.680000,1.000000,0.360000,0.400000,0.000000,1.183166
561,1.647373,0.724204,-14.119273,1.210531,0.137657,-0.313102,0.660000,1.000000,0.360000,0.600000,0.000000,1.210531
562,1.648966,0.712125,-14.122404,1.251975,0.134505,-0.263331,0.660000,1.000000,0.340000,0.600000,0.000000,1.251975
563,1.650495,0.699627,-14.125037,1.293487,0.131196,-0.217769,0.640000,1.000000,0.340000,0.200000,0.000000,1.293487
564,1.651964,0.686709,-14.127215,1.307058,0.127736,-0.176160,0.640000,1.000000,0.340000,0.400000,0.000000,1.307058
565,1.653372,0.673652,-14.128976,1.334688,0.123970,-0.137714,0.620000,1.000000,0.340000,0.400000,0.000000,1.334688
566,1.654721,0.660315,-14.130354,1.362365,0.120014,-0.102572,0.620000,1.000000,0.340000,0.400000,0.000000,1.362365
567,1.656013,0.646700,-14.131379,1.390083,0.115893,-0.070564,0.620000,1.000000,0.340000,0.400000,0.000000,1.390083
568,1.657253,0.632806,-14.132085,1.417836,0.111631,-0.041521,0.620000,1.000000,0.340000,0.400000,0.000000,1.417836
569,1.658441,0.618634,-14.132500,1.445618,0.107250,-0.015280,0.620000,1.000000,0.340000,0.400000,0.000000,1.445618
570,1.659581,0.604183,-14.132653,1.473424,0.102774,0.008318,0.620000,1.000000,0.340000,0.600000,0.000000,1.473424
571,1.660675,0.589453,-14.132570,1.515247,0.098223,0.029431,0.620000,1.000000,0.440000,0.600000,0.000000,1.515247
572,1.661727,0.574306,-14.132275,1.557080,0.093648,0.048065,0.640000,1.000000,0.440000,0.600000,0.000000,1.557080
573,1.662740,0.558739,-14.131795,1.598918,0.089060,0.064418,0.640000,1.000000,0.440000,0.600000,0.000000,1.598918
574,1.663716,0.542755,-14.131151,1.640757,0.084466,0.078676,0.640000,1.000000,0.440000,0.600000,0.000000,1.640757
575,1.664660,0.526353,-14.130364,1.682594,0.079874,0.091012,0.640000,1.000000,0.440000,0.600000,0.000000,1.682594
576,1.665573,0.509533,-14.129454,1.724425,0.075295,0.101589,0.640000,1.000000,0.540000,0.600000,-0.200000,1.724425
577,1.666459,0.492295,-14.128438,1.765000,0.065978,-0.092990,0.640000,1.000000,0.420000,0.400000,0.000000,1.765000
578,1.667273,0.474652,-14.129368,1.792672,0.065188,-0.075832,0.620000,1.000000,0.660000,0.600000,-0.200000,1.792672
579,1.668064,0.456730,-14.130126,1.833137,0.059289,-0.269237,0.620000,1.000000,0.880000,0.600000,-0.200000,1.833137
580,1.668786,0.438404,-14.132818,1.873504,0.057111,-0.458170,0.600000,1.000000,0.900000,0.600000,-0.200000,1.873504
581,1.669439,0.419671,-14.137400,1.913774,0.058622,-0.641226,0.580000,1.000000,0.900000,0.400000,-0.200000,1.913774
582,1.670021,0.400533,-14.143812,1.939926,0.063764,-0.817269,0.560000,1.000000,0.920000,0.400000,0.000000,1.939926
583,1.670529,0.381130,-14.151985,1.967083,0.077402,-0.767886,0.560000,1.000000,0.940000,0.400000,0.000000,1.967083
584,1.671012,0.361450,-14.159664,1.994159,0.089886,-0.719586,0.540000,1.000000,0.960000,0.400000,-0.200000,1.994159
585,1.671462,0.341493,-14.166860,2.019962,0.096360,-0.882078,0.520000,1.000000,0.980000,0.400000,-0.200000,2.019962
586,1.671825,0.321274,-14.175681,2.045552,0.106131,-1.036964,0.500000,1.000000,1.000000,0.400000,-0.200000,2.045552
587,1.672098,0.300793,-14.186050,2.070876,0.119056,-1.183567,0.480000,1.000000,1.000000,0.400000,-0.200000,2.070876
588,1.672275,0.280051,-14.197886,2.095868,0.134977,-1.321394,0.480000,1.000000,1.000000,0.000000,-0.200000,2.095868
589,1.672351,0.259049,-14.211100,2.092459,0.153729,-1.450136,0.460000,1.000000,1.000000,-0.200000,-0.200000,2.092459
590,1.672338,0.238068,-14.225601,2.074582,0.174689,-1.568387,0.440000,1.000000,1.000000,0.000000,-0.200000,2.074582
591,1.672246,0.217249,-14.241285,2.070171,0.197346,-1.675545,0.420000,1.000000,1.000000,0.000000,-0.200000,2.070171
592,1.672057,0.196454,-14.258040,2.065165,0.221669,-1.772618,0.420000,0.820000,1.000000,0.000000,-0.200000,2.065165
593,1.671768,0.175686,-14.275767,2.059507,0.247421,-1.860040,0.400000,0.720000,1.000000,0.000000,-0.200000,2.059507
594,1.671373,0.154946,-14.294367,2.053145,0.274385,-1.938378,0.380000,0.640000,1.000000,-0.200000,-0.200000,2.053145
595,1.670869,0.134239,-14.313751,2.032036,0.302358,-2.008300,0.360000,0.560000,1.000000,-0.200000,-0.200000,2.032036
596,1.670276,0.113703,-14.333834,2.010145,0.330845,-2.069829,0.360000,0.560000,1.000000,-0.200000,-0.200000,2.010145
597,1.669592,0.093343,-14.354532,1.987452,0.359655,-2.123844,0.340000,0.540000,1.000000,-0.400000,-0.200000,1.987452
598,1.668818,0.073160,-14.375771,1.949942,0.388621,-2.171232,0.320000,0.520000,1.000000,-0.400000,-0.200000,1.949942
599,1.667986,0.053295,-14.397483,1.911611,0.417261,-2.212249,0.320000,0.500000,1.000000,-0.200000,-0.200000,1.911611
600,1.667098,0.033749,-14.419605,1.886466,0.445434,-2.247850,0.300000,0.480000,1.000000,-0.400000,-0.200000,1.886466
601,1.666118,0.014390,-14.442084,1.846518,0.473372,-2.279427,0.300000,0.460000,1.000000,-0.200000,-0.200000,1.846518
602,1.665090,-0.004645,-14.464878,1.819776,0.500638,-2.307200,0.280000,0.420000,1.000000,-0.200000,-0.200000,1.819776
603,1.663972,-0.023485,-14.487950,1.792256,0.527508,-2.332295,0.280000,0.400000,1.000000,-0.200000,-0.200000,1.792256
604,1.662767,-0.042129,-14.511273,1.763968,0.553926,-2.355233,0.260000,0.360000,1.000000,-0.200000,-0.200000,1.763968
605,1.661477,-0.060573,-14.534825,1.734923,0.579845,-2.376470,0.260000,0.340000,1.000000,-0.200000,-0.200000,1.734923
606,1.660104,-0.078814,-14.558590,1.705133,0.605227,-2.396404,0.260000,0.320000,1.000000,-0.200000,-0.200000,1.705133
607,1.658652,-0.096849,-14.582554,1.674607,0.630040,-2.415380,0.240000,0.300000,1.000000,-0.200000,-0.200000,1.674607
608,1.657124,-0.114676,-14.606708,1.643358,0.654256,-2.433693,0.240000,0.280000,1.000000,-0.200000,-0.200000,1.643358
609,1.655522,-0.132291,-14.631045,1.611396,0.677853,-2.451594,0.240000,0.280000,0.600000,-0.200000,-0.400000,1.611396
610,1.653852,-0.149693,-14.655561,1.576775,0.700868,-2.466778,0.220000,0.260000,0.500000,-0.600000,-0.400000,1.576775
611,1.652127,-0.166862,-14.680229,1.513482,0.723182,-2.479968,0.220000,0.240000,0.440000,-0.600000,-0.400000,1.513482
612,1.650498,-0.183556,-14.705028,1.449545,0.744025,-2.490908,0.220000,0.240000,0.380000,-0.600000,-0.400000,1.449545
613,1.648974,-0.199778,-14.729937,1.385012,0.763346,-2.500069,0.200000,0.220000,0.340000,-0.600000,-0.400000,1.385012
614,1.647568,-0.215530,-14.754938,1.319933,0.781105,-2.507860,0.200000,0.220000,0.300000,-0.600000,-0.400000,1.319933
615,1.646290,-0.230814,-14.780017,1.254353,0.797271,-2.514629,0.200000,0.200000,0.280000,-0.600000,-0.400000,1.254353
616,1.645151,-0.245633,-14.805163,1.188317,0.811818,-2.520675,0.200000,0.200000,0.260000,-0.600000,-0.400000,1.188317
617,1.644164,-0.259991,-14.830370,1.121872,0.824728,-2.526252,0.180000,0.200000,0.260000,-0.600000,-0.400000,1.121872
618,1.643339,-0.273890,-14.855632,1.055061,0.835985,-2.531573,0.180000,0.180000,0.240000,-0.600000,-0.400000,1.055061
619,1.642688,-0.287336,-14.880948,0.987926,0.845578,-2.536820,0.180000,0.180000,0.240000,-0.600000,-0.400000,0.987926
620,1.642222,-0.300331,-14.906316,0.920510,0.853497,-2.542146,0.180000,0.180000,0.220000,-0.600000,-0.400000,0.920510
621,1.641952,-0.312881,-14.931738,0.852853,0.859736,-2.547676,0.180000,0.160000,0.220000,-0.600000,-0.400000,0.852853
622,1.641889,-0.324991,-14.957214,0.784995,0.864288,-2.553516,0.160000,0.160000,0.220000,-0.600000,-0.400000,0.784995
623,1.642046,-0.336666,-14.982750,0.716977,0.867148,-2.559748,0.140000,0.160000,0.200000,-0.600000,-0.400000,0.716977
624,1.642432,-0.347911,-15.008347,0.648837,0.868313,-2.566440,0.140000,0.160000,0.200000,-0.400000,-0.400000,0.648837
625,1.643059,-0.358732,-15.034011,0.594615,0.867776,-2.573644,0.140000,0.160000,0.180000,-0.400000,-0.400000,0.594615
626,1.643828,-0.369224,-15.059748,0.540349,0.865894,-2.581280,0.140000,0.160000,0.180000,-0.400000,-0.400000,0.540349
627,1.644749,-0.379389,-15.085561,0.486070,0.862662,-2.589366,0.140000,0.160000,0.180000,-0.400000,-0.400000,0.486070
628,1.645829,-0.389231,-15.111454,0.431808,0.858076,-2.597910,0.140000,0.160000,0.160000,-0.400000,-0.400000,0.431808
629,1.647077,-0.398756,-15.137433,0.377596,0.852131,-2.606919,0.140000,0.140000,0.160000,-0.400000,-0.400000,0.377596
630,1.648501,-0.407967,-15.163503,0.323466,0.844823,-2.616394,0.140000,0.140000,0.160000,-0.400000,-0.400000,0.323466
631,1.650110,-0.416869,-15.189667,0.269450,0.836147,-2.626330,0.140000,0.140000,0.140000,-0.400000,-0.400000,0.269450
632,1.651912,-0.425467,-15.215930,0.215582,0.826098,-2.636722,0.140000,0.140000,0.140000,-0.400000,-0.400000,0.215582
633,1.653914,-0.433767,-15.242297,0.161896,0.814673,-2.647557,0.140000,0.140000,0.140000,-0.400000,-0.400000,0.161896
634,1.656126,-0.441773,-15.268773,0.108427,0.801867,-2.658822,0.140000,0.140000,0.140000,-0.400000,-0.400000,0.108427
635,1.658554,-0.449492,-15.295361,0.055209,0.787676,-2.670503,0.140000,0.140000,0.140000,-0.400000,-0.400000,0.055209
636,1.661207,-0.456929,-15.322066,0.002280,0.772095,-2.682580,0.140000,0.140000,0.120000,-0.400000,-0.400000,0.002280
637,1.664092,-0.464090,-15.348892,-0.050324,0.755120,-2.695036,0.140000,0.160000,0.140000,-0.200000,-0.400000,-0.050324
638,1.667216,-0.470983,-15.375842,-0.088563,0.736748,-2.707851,0.140000,0.160000,0.140000,-0.200000,-0.400000,-0.088563
639,1.670456,-0.477659,-15.402921,-0.126400,0.717349,-2.720920,0.140000,0.160000,0.140000,-0.200000,-0.400000,-0.126400
640,1.673816,-0.484122,-15.430130,-0.163804,0.696924,-2.734232,0.140000,0.160000,0.140000,-0.200000,-0.400000,-0.163804
641,1.677302,-0.490375,-15.457472,-0.200743,0.675476,-2.747778,0.160000,0.160000,0.140000,-0.200000,-0.400000,-0.200743
642,1.680922,-0.496421,-15.484950,-0.237186,0.653006,-2.761551,0.160000,0.160000,0.140000,-0.200000,-0.400000,-0.237186
643,1.684679,-0.502265,-15.512565,-0.273100,0.629517,-2.775542,0.160000,0.160000,0.140000,-0.200000,-0.400000,-0.273100
644,1.688580,-0.507910,-15.540321,-0.308453,0.605015,-2.789742,0.160000,0.160000,0.140000,-0.200000,-0.400000,-0.308453
645,1.692631,-0.513361,-15.568218,-0.343210,0.579503,-2.804146,0.160000,0.160000,0.140000,-0.200000,-0.400000,-0.343210
646,1.696837,-0.518621,-15.596260,-0.377339,0.552988,-2.818748,0.180000,0.160000,0.140000,-0.200000,-0.400000,-0.377339
647,1.701203,-0.523696,-15.624447,-0.410805,0.525476,-2.833541,0.180000,0.180000,0.140000,-0.200000,-0.400000,-0.410805
648,1.705735,-0.528590,-15.652783,-0.443572,0.496975,-2.848521,0.180000,0.180000,0.140000,-0.200000,-0.400000,-0.443572
649,1.710438,-0.533307,-15.681268,-0.475606,0.467494,-2.863684,0.180000,0.180000,0.140000,0.000000,-0.400000,-0.475606
650,1.715317,-0.537853,-15.709905,-0.492872,0.437042,-2.879026,0.200000,0.180000,0.160000,-0.200000,-0.400000,-0.492872
651,1.720238,-0.542233,-15.738695,-0.523332,0.406032,-2.894490,0.200000,0.180000,0.160000,-0.200000,-0.400000,-0.523332
652,1.725344,-0.546453,-15.767640,-0.552962,0.374077,-2.910128,0.200000,0.200000,0.160000,-0.200000,-0.400000,-0.552962
653,1.730640,-0.550517,-15.796741,-0.581727,0.341191,-2.925936,0.220000,0.200000,0.160000,-0.200000,-0.400000,-0.581727
654,1.736132,-0.554431,-15.826000,-0.609589,0.307388,-2.941911,0.220000,0.200000,0.160000,-0.200000,-0.400000,-0.609589
655,1.741824,-0.558201,-15.855420,-0.636512,0.272686,-2.958049,0.240000,0.200000,0.160000,-0.200000,-0.400000,-0.636512
656,1.747719,-0.561834,-15.885000,-0.662459,0.237100,-2.974346,0.240000,0.220000,0.180000,0.000000,-0.400000,-0.662459
657,1.753823,-0.565334,-15.914743,-0.673394,0.200649,-2.990798,0.240000,0.220000,0.180000,0.000000,-0.400000,-0.673394
658,1.760001,-0.568680,-15.944651,-0.683277,0.163772,-3.007369,0.300000,0.220000,0.180000,0.000000,-0.400000,-0.683277
659,1.766259,-0.571875,-15.974725,-0.692083,0.126495,-3.024058,0.320000,0.240000,0.180000,0.000000,-0.200000,-0.692083
660,1.772602,-0.574919,-16.004966,-0.697911,0.088251,-3.066345,0.340000,0.240000,0.180000,0.200000,-0.200000,-0.697911
661,1.779017,-0.577806,-16.035629,-0.684692,0.068925,-2.279880,0.340000,0.240000,0.200000,0.200000,-0.200000,-0.684692
662,1.785278,-0.580662,-16.058428,-0.674264,0.036015,-2.322552,0.360000,0.260000,0.200000,0.200000,-0.400000,-0.674264
663,1.791487,-0.583315,-16.081653,-0.657275,0.021874,-1.560730,0.380000,0.260000,0.200000,0.400000,-0.400000,-0.657275
664,1.797527,-0.585918,-16.097261,-0.625790,0.013139,-0.799201,0.380000,0.260000,0.200000,0.600000,-0.400000,-0.625790
665,1.803266,-0.588415,-16.105253,-0.580065,0.009663,-0.037960,0.440000,0.280000,0.220000,0.600000,-0.400000,-0.580065
666,1.808578,-0.590748,-16.105632,-0.538097,0.009443,-0.037960,0.400000,0.280000,0.220000,0.600000,-0.400000,-0.538097
667,1.813502,-0.592919,-16.106012,-0.496125,0.009239,-0.037960,0.400000,0.280000,0.220000,0.600000,-0.400000,-0.496125
668,1.818040,-0.594927,-16.106392,-0.454150,0.009051,-0.037960,0.460000,0.280000,0.220000,0.600000,-0.400000,-0.454150
669,1.822191,-0.596773,-16.106771,-0.412171,0.008878,-0.037960,0.480000,0.280000,0.220000,0.600000,-0.400000,-0.412171
670,1.825954,-0.598455,-16.107151,-0.370189,0.008722,-0.037960,0.480000,0.300000,0.240000,0.600000,-0.400000,-0.370189
671,1.829331,-0.599974,-16.107530,-0.328204,0.008581,-0.037960,0.480000,0.300000,0.240000,0.600000,-0.400000,-0.328204
672,1.832321,-0.601330,-16.107910,-0.286216,0.008457,-0.037960,0.480000,0.300000,0.240000,0.600000,-0.400000,-0.286216
673,1.834925,-0.602523,-16.108290,-0.244227,0.008348,-0.037960,0.480000,0.300000,0.240000,0.600000,-0.400000,-0.244227
674,1.837141,-0.603551,-16.108669,-0.202235,0.008255,-0.037960,0.480000,0.300000,0.240000,0.600000,-0.400000,-0.202235
675,1.838971,-0.604416,-16.109049,-0.160241,0.008179,-0.037960,0.500000,0.300000,0.240000,0.600000,-0.400000,-0.160241
676,1.840415,-0.605117,-16.109428,-0.118247,0.008118,-0.037960,0.500000,0.300000,0.240000,0.600000,-0.400000,-0.118247
677,1.841471,-0.605654,-16.109808,-0.076251,0.008073,-0.037960,0.500000,0.300000,0.240000,0.600000,-0.400000,-0.076251
678,1.842142,-0.606026,-16.110188,-0.034255,0.008044,-0.037960,0.500000,0.300000,0.240000,0.600000,-0.400000,-0.034255
679,1.842425,-0.606234,-16.110567,0.007742,0.008031,-0.037960,0.500000,0.300000,0.240000,0.600000,-0.400000,0.007742
680,1.842323,-0.606278,-16.110947,0.049739,0.008034,-0.037960,0.500000,0.300000,0.240000,0.600000,-0.400000,0.049739
681,1.841834,-0.606157,-16.111326,0.088195,-0.005510,-0.143666,0.500000,0.300000,0.240000,0.600000,-0.200000,0.088195
682,1.841044,-0.605760,-16.112763,0.129660,-0.007761,-0.272627,0.500000,0.300000,0.240000,0.600000,-0.200000,0.129660
683,1.839883,-0.605178,-16.115489,0.171200,-0.010102,-0.358037,0.500000,0.300000,0.240000,0.600000,-0.200000,0.171200
684,1.838351,-0.604407,-16.119070,0.212747,-0.012232,-0.444057,0.500000,0.300000,0.240000,0.600000,-0.200000,0.212747
685,1.836450,-0.603444,-16.123510,0.254301,-0.014123,-0.529730,0.500000,0.300000,0.240000,0.600000,-0.400000,0.254301
686,1.834180,-0.602289,-16.128808,0.293682,-0.019587,-0.779752,0.500000,0.300000,0.240000,0.600000,-0.400000,0.293682
687,1.831580,-0.600910,-16.136605,0.333303,-0.023981,-1.000318,0.500000,0.300000,0.240000,0.600000,-0.400000,0.333303
688,1.828648,-0.599307,-16.146608,0.373108,-0.027306,-1.200747,0.500000,0.300000,0.240000,0.600000,-0.400000,0.373108
689,1.825386,-0.597475,-16.158616,0.413050,-0.029564,-1.386365,0.500000,0.300000,0.240000,0.200000,-0.400000,0.413050
690,1.821796,-0.595410,-16.172479,0.425087,-0.030742,-1.560323,0.500000,0.300000,0.220000,0.200000,-0.400000,0.425087
691,1.818134,-0.593230,-16.188083,0.437262,-0.031167,-1.711914,0.500000,0.300000,0.220000,0.200000,-0.400000,0.437262
692,1.814399,-0.590934,-16.205202,0.449534,-0.030929,-1.844817,0.520000,0.300000,0.220000,0.200000,-0.400000,0.449534
693,1.810596,-0.588518,-16.223650,0.461863,-0.030107,-1.962143,0.520000,0.300000,0.260000,0.200000,-0.400000,0.461863
694,1.806726,-0.585979,-16.243271,0.474216,-0.028763,-2.066474,0.520000,0.340000,0.260000,0.200000,-0.400000,0.474216
695,1.802794,-0.583312,-16.263936,0.486562,-0.026951,-2.159918,0.540000,0.340000,0.260000,0.200000,-0.400000,0.486562
696,1.798804,-0.580515,-16.285535,0.498874,-0.024711,-2.244187,0.600000,0.340000,0.260000,0.200000,-0.400000,0.498874
697,1.794759,-0.577585,-16.307977,0.511127,-0.022077,-2.320661,0.620000,0.340000,0.260000,0.200000,-0.400000,0.511127
698,1.790665,-0.574516,-16.331184,0.523300,-0.019077,-2.390455,0.640000,0.340000,0.260000,0.200000,-0.400000,0.523300
699,1.786528,-0.571307,-16.355088,0.535374,-0.015731,-2.454472,0.660000,0.340000,0.240000,0.200000,-0.400000,0.535374
700,1.782351,-0.567954,-16.379633,0.547333,-0.012056,-2.513441,0.740000,0.340000,0.240000,0.000000,-0.400000,0.547333
701,1.778142,-0.564454,-16.404767,0.545160,-0.008067,-2.567957,0.780000,0.360000,0.240000,0.000000,-0.400000,0.545160
702,1.774013,-0.560893,-16.430447,0.542867,-0.004160,-2.612030,0.800000,0.360000,0.240000,0.000000,-0.400000,0.542867
703,1.769968,-0.557272,-16.456567,0.540449,-0.000373,-2.647295,0.840000,0.360000,0.240000,0.000000,-0.400000,0.540449
704,1.766011,-0.553591,-16.483040,0.537904,0.003264,-2.675127,0.880000,0.420000,0.240000,0.000000,-0.400000,0.537904
705,1.762145,-0.549850,-16.509791,0.535234,0.006728,-2.696677,1.000000,0.420000,0.240000,0.000000,-0.200000,0.535234
706,1.758375,-0.546051,-16.536758,0.534620,0.014109,-2.537248,1.000000,0.440000,0.240000,0.000000,-0.200000,0.534620
707,1.754658,-0.542205,-16.562131,0.533704,0.019919,-2.400694,1.000000,0.440000,0.280000,0.200000,-0.200000,0.533704
708,1.751002,-0.538312,-16.586138,0.546568,0.024437,-2.282626,1.000000,0.440000,0.280000,0.200000,-0.200000,0.546568
709,1.747324,-0.534262,-16.608964,0.559264,0.028243,-2.186093,1.000000,0.460000,0.280000,0.000000,-0.200000,0.559264
710,1.743631,-0.530053,-16.630825,0.557829,0.031514,-2.106884,1.000000,0.460000,0.280000,0.200000,-0.200000,0.557829
711,1.740013,-0.525795,-16.651894,0.570299,0.034042,-2.036416,1.000000,0.540000,0.300000,0.000000,-0.200000,0.570299
712,1.736392,-0.521376,-16.672258,0.568695,0.036281,-1.978569,1.000000,0.560000,0.300000,0.200000,-0.200000,0.568695
713,1.732852,-0.516910,-16.692044,0.581035,0.037981,-1.926423,1.000000,0.560000,0.300000,0.200000,-0.200000,0.581035
714,1.729319,-0.512282,-16.711308,0.593330,0.039552,-1.883977,1.000000,0.580000,0.300000,0.200000,-0.200000,0.593330
715,1.725796,-0.507491,-16.730148,0.605587,0.041054,-1.849808,1.000000,0.580000,0.300000,0.200000,-0.200000,0.605587
716,1.722288,-0.502538,-16.748646,0.617807,0.042535,-1.822737,1.000000,0.600000,0.300000,0.200000,-0.200000,0.617807
717,1.718797,-0.497423,-16.766873,0.629992,0.044035,-1.801773,1.000000,0.700000,0.300000,0.200000,-0.200000,0.629992
718,1.715327,-0.492146,-16.784891,0.642143,0.045586,-1.786072,1.000000,0.720000,0.340000,0.200000,-0.200000,0.642143
719,1.711882,-0.486708,-16.802751,0.654256,0.047216,-1.774909,1.000000,0.720000,0.340000,0.200000,-0.200000,0.654256
720,1.708464,-0.481109,-16.820501,0.666331,0.048945,-1.767659,1.000000,0.740000,0.360000,0.200000,-0.200000,0.666331
721,1.705078,-0.475350,-16.838177,0.678366,0.050793,-1.763778,1.000000,0.760000,0.360000,0.200000,-0.200000,0.678366
722,1.701725,-0.469431,-16.855815,0.690355,0.052773,-1.762793,1.000000,0.800000,0.360000,0.200000,-0.200000,0.690355
723,1.698410,-0.463352,-16.873443,0.702297,0.054899,-1.764289,1.000000,0.820000,0.360000,0.200000,-0.200000,0.702297
724,1.695137,-0.457115,-16.891086,0.714188,0.057180,-1.767906,1.000000,0.960000,0.360000,0.200000,-0.200000,0.714188
725,1.691907,-0.450719,-16.908765,0.726023,0.059624,-1.773326,1.000000,0.980000,0.360000,0.200000,-0.200000,0.726023
726,1.688726,-0.444166,-16.926498,0.737798,0.062238,-1.780272,1.000000,1.000000,0.360000,0.200000,-0.200000,0.737798
727,1.685596,-0.437455,-16.944301,0.749509,0.065027,-1.788500,1.000000,1.000000,0.380000,0.200000,-0.200000,0.749509
728,1.682522,-0.430589,-16.962186,0.761151,0.067994,-1.797798,1.000000,1.000000,0.380000,0.200000,-0.200000,0.761151
729,1.679506,-0.423567,-16.980164,0.772720,0.071142,-1.807980,1.000000,1.000000,0.440000,0.200000,-0.200000,0.772720
730,1.676553,-0.416391,-16.998244,0.784211,0.074475,-1.818884,0.860000,1.000000,0.460000,0.200000,-0.200000,0.784211
731,1.673666,-0.409062,-17.016432,0.795619,0.077992,-1.830367,0.820000,1.000000,0.460000,0.200000,0.000000,0.795619
732,1.670850,-0.401580,-17.034736,0.808137,0.086639,-1.630902,0.820000,1.000000,0.460000,0.000000,0.000000,0.808137
733,1.668056,-0.393948,-17.051045,0.806669,0.093377,-1.454164,0.820000,1.000000,0.480000,0.200000,0.000000,0.806669
734,1.665326,-0.386300,-17.065587,0.819255,0.098196,-1.294953,0.800000,1.000000,0.480000,0.200000,0.000000,0.819255
735,1.662633,-0.378501,-17.078536,0.831926,0.101648,-1.152000,0.760000,1.000000,0.480000,0.600000,0.000000,0.831926
736,1.659982,-0.370550,-17.090056,0.872696,0.103927,-1.022918,0.720000,1.000000,0.580000,0.600000,0.000000,0.872696
737,1.657324,-0.362173,-17.100285,0.913568,0.105670,-0.907759,0.680000,1.000000,0.580000,0.400000,0.000000,0.913568
738,1.654662,-0.353370,-17.109363,0.940538,0.106933,-0.804606,0.660000,1.000000,0.580000,0.400000,0.000000,0.940538
739,1.652023,-0.344279,-17.117409,0.967602,0.107561,-0.711131,0.640000,1.000000,0.580000,0.400000,0.000000,0.967602
740,1.649407,-0.334902,-17.124520,0.994757,0.107628,-0.626251,0.640000,1.000000,0.580000,0.400000,0.000000,0.994757
741,1.646815,-0.325238,-17.130783,1.021998,0.107197,-0.549076,0.620000,1.000000,0.600000,0.400000,0.000000,1.021998
742,1.644248,-0.315287,-17.136274,1.049321,0.106324,-0.478859,0.620000,1.000000,0.600000,0.600000,0.000000,1.049321
743,1.641705,-0.305051,-17.141062,1.090718,0.105059,-0.414968,0.620000,1.000000,0.600000,0.600000,0.000000,1.090718
744,1.639167,-0.294392,-17.145212,1.132180,0.103574,-0.357356,0.620000,1.000000,0.600000,0.600000,0.000000,1.132180
745,1.636633,-0.283309,-17.148785,1.173701,0.101883,-0.305404,0.620000,1.000000,0.600000,0.600000,0.000000,1.173701
746,1.634102,-0.271803,-17.151840,1.215272,0.100001,-0.258564,0.620000,1.000000,0.600000,0.600000,0.000000,1.215272
747,1.631572,-0.259874,-17.154425,1.256887,0.097942,-0.216347,0.620000,1.000000,0.600000,0.600000,0.000000,1.256887
748,1.629041,-0.247524,-17.156589,1.298540,0.095720,-0.178316,0.620000,1.000000,0.580000,0.600000,-0.200000,1.298540
749,1.626509,-0.234752,-17.158372,1.338899,0.088922,-0.333323,0.620000,1.000000,0.580000,0.400000,-0.200000,1.338899
750,1.624018,-0.221567,-17.161705,1.365156,0.084545,-0.486644,0.620000,1.000000,0.580000,0.400000,-0.200000,1.365156
751,1.621584,-0.208107,-17.166571,1.391317,0.082501,-0.636089,0.620000,1.000000,0.580000,0.400000,-0.200000,1.391317
752,1.619206,-0.194374,-17.172932,1.417377,0.082734,-0.780556,0.620000,1.000000,0.600000,0.400000,-0.200000,1.417377
753,1.616886,-0.180367,-17.180738,1.443322,0.085177,-0.919187,0.600000,1.000000,0.600000,0.400000,-0.200000,1.443322
754,1.614626,-0.166086,-17.189930,1.469130,0.089750,-1.051348,0.580000,1.000000,0.700000,0.400000,-0.200000,1.469130
755,1.612429,-0.151532,-17.200443,1.494772,0.096367,-1.176594,0.580000,1.000000,0.700000,0.400000,-0.200000,1.494772
756,1.610299,-0.136706,-17.212209,1.520213,0.104936,-1.294646,0.560000,1.000000,0.720000,0.200000,-0.200000,1.520213
757,1.608241,-0.121607,-17.225156,1.531413,0.115361,-1.405373,0.540000,1.000000,0.740000,0.200000,-0.200000,1.531413
758,1.606268,-0.106377,-17.239209,1.542332,0.127319,-1.507804,0.520000,1.000000,0.760000,0.200000,-0.200000,1.542332
759,1.604386,-0.091016,-17.254287,1.552932,0.140673,-1.602124,0.500000,1.000000,0.780000,0.000000,-0.200000,1.552932
760,1.602600,-0.075526,-17.270309,1.549174,0.155297,-1.688618,0.480000,1.000000,0.820000,0.000000,-0.200000,1.549174
761,1.600916,-0.060048,-17.287195,1.545023,0.170793,-1.766642,0.460000,1.000000,0.860000,0.000000,-0.200000,1.545023
762,1.599339,-0.044584,-17.304861,1.540452,0.187015,-1.836744,0.440000,1.000000,0.900000,0.000000,-0.200000,1.540452
763,1.597871,-0.029136,-17.323229,1.535437,0.203831,-1.899527,0.440000,1.000000,0.940000,0.000000,-0.200000,1.535437
764,1.596517,-0.013706,-17.342224,1.529958,0.221121,-1.955623,0.420000,1.000000,1.000000,0.000000,-0.200000,1.529958
765,1.595281,0.001703,-17.361780,1.524000,0.238779,-2.005671,0.400000,1.000000,1.000000,0.000000,-0.200000,1.524000
766,1.594165,0.017089,-17.381837,1.517551,0.256713,-2.050301,0.380000,0.960000,1.000000,0.000000,-0.200000,1.517551
767,1.593173,0.032448,-17.402340,1.510601,0.274841,-2.090121,0.380000,0.960000,1.000000,0.000000,-0.200000,1.510601
768,1.592308,0.047778,-17.423241,1.503146,0.293091,-2.125706,0.360000,0.880000,1.000000,0.200000,-0.200000,1.503146
769,1.591572,0.063074,-17.444498,1.509180,0.311403,-2.157593,0.340000,0.780000,1.000000,0.200000,-0.200000,1.509180
770,1.590990,0.078473,-17.466074,1.514702,0.330067,-2.187002,0.340000,0.700000,1.000000,0.000000,-0.200000,1.514702
771,1.590568,0.093970,-17.487944,1.505702,0.349053,-2.214230,0.320000,0.620000,1.000000,-0.200000,-0.200000,1.505702
772,1.590280,0.109423,-17.510086,1.482170,0.367979,-2.238932,0.320000,0.560000,1.000000,-0.200000,-0.200000,1.482170
773,1.590097,0.124694,-17.532476,1.458107,0.386456,-2.260945,0.300000,0.520000,1.000000,-0.200000,-0.200000,1.458107
774,1.590016,0.139778,-17.555085,1.433528,0.404442,-2.280766,0.300000,0.480000,1.000000,-0.200000,-0.200000,1.433528
775,1.590036,0.154673,-17.577893,1.408445,0.421908,-2.298829,0.280000,0.440000,1.000000,-0.200000,-0.200000,1.408445
776,1.590155,0.169376,-17.600881,1.382872,0.438826,-2.315516,0.280000,0.420000,1.000000,-0.200000,-0.200000,1.382872
777,1.590370,0.183882,-17.624036,1.356822,0.455175,-2.331160,0.280000,0.380000,1.000000,-0.200000,-0.200000,1.356822
778,1.590679,0.198190,-17.647348,1.330309,0.470941,-2.346047,0.260000,0.360000,0.980000,-0.400000,-0.200000,1.330309
779,1.591079,0.212297,-17.670808,1.289347,0.486109,-2.360428,0.260000,0.340000,0.960000,-0.200000,-0.200000,1.289347
780,1.591513,0.226069,-17.694413,1.261948,0.500307,-2.374374,0.260000,0.340000,0.880000,-0.400000,-0.200000,1.261948
781,1.592032,0.239634,-17.718156,1.220135,0.513889,-2.388253,0.240000,0.320000,0.860000,-0.400000,-0.200000,1.220135
782,1.592571,0.252863,-17.742039,1.177919,0.526485,-2.402176,0.240000,0.320000,0.780000,-0.400000,-0.200000,1.177919
783,1.593125,0.265753,-17.766061,1.135321,0.538089,-2.416354,0.240000,0.320000,0.760000,-0.400000,-0.200000,1.135321
784,1.593687,0.278304,-17.790224,1.092361,0.548697,-2.430966,0.220000,0.300000,0.760000,-0.400000,-0.200000,1.092361
785,1.594249,0.290516,-17.814534,1.049059,0.558307,-2.446162,0.220000,0.300000,0.680000,-0.400000,-0.400000,1.049059
786,1.594803,0.302386,-17.838996,1.003487,0.567131,-2.452875,0.220000,0.300000,0.600000,-0.400000,-0.400000,1.003487
787,1.595331,0.313901,-17.863524,0.957660,0.574846,-2.458776,0.220000,0.280000,0.540000,-0.400000,-0.400000,0.957660
788,1.595825,0.325059,-17.888112,0.911608,0.581439,-2.464083,0.200000,0.280000,0.480000,-0.200000,-0.400000,0.911608
789,1.596274,0.335863,-17.912753,0.879362,0.586902,-2.468985,0.200000,0.280000,0.440000,-0.400000,-0.400000,0.879362
790,1.596755,0.346424,-17.937443,0.832951,0.591583,-2.473701,0.200000,0.260000,0.420000,-0.400000,-0.400000,0.832951
791,1.597175,0.356632,-17.962180,0.786396,0.595121,-2.478286,0.200000,0.260000,0.380000,-0.400000,-0.400000,0.786396
792,1.597526,0.366488,-17.986963,0.739726,0.597514,-2.482870,0.200000,0.260000,0.360000,-0.400000,-0.400000,0.739726
793,1.597799,0.375993,-18.011791,0.692969,0.598759,-2.487565,0.200000,0.260000,0.340000,-0.400000,-0.400000,0.692969
794,1.597986,0.385149,-18.036667,0.646153,0.598855,-2.492471,0.200000,0.240000,0.320000,-0.400000,-0.400000,0.646153
795,1.598079,0.393958,-18.061592,0.599306,0.597802,-2.497670,0.180000,0.240000,0.300000,-0.400000,-0.400000,0.599306
796,1.598067,0.402423,-18.086568,0.552455,0.595601,-2.503237,0.180000,0.240000,0.280000,-0.400000,-0.400000,0.552455
797,1.597944,0.410546,-18.111601,0.505626,0.592252,-2.509232,0.180000,0.220000,0.280000,-0.400000,-0.400000,0.505626
798,1.597701,0.418329,-18.136693,0.458847,0.587756,-2.515706,0.180000,0.220000,0.260000,-0.400000,-0.400000,0.458847
799,1.597328,0.425777,-18.161850,0.412143,0.582116,-2.522702,0.180000,0.220000,0.240000,-0.400000,-0.400000,0.412143
800,1.596817,0.432891,-18.187077,0.365542,0.575331,-2.530250,0.180000,0.220000,0.240000,-0.400000,-0.400000,0.365542
801,1.596161,0.439675,-18.212380,0.319070,0.567403,-2.538374,0.180000,0.220000,0.240000,-0.400000,-0.400000,0.319070
802,1.595350,0.446134,-18.237763,0.272755,0.558334,-2.547087,0.180000,0.200000,0.220000,-0.400000,-0.400000,0.272755
803,1.594376,0.452272,-18.263234,0.226624,0.548124,-2.556394,0.180000,0.200000,0.220000,-0.400000,-0.400000,0.226624
804,1.593231,0.458091,-18.288798,0.180703,0.536775,-2.566289,0.180000,0.200000,0.220000,-0.400000,-0.400000,0.180703
805,1.591907,0.463598,-18.314461,0.135023,0.524286,-2.576759,0.180000,0.200000,0.200000,-0.400000,-0.400000,0.135023
806,1.590395,0.468796,-18.340229,0.089611,0.510658,-2.587781,0.180000,0.200000,0.200000,-0.400000,-0.400000,0.089611
807,1.588687,0.473692,-18.366107,0.044498,0.495893,-2.599325,0.180000,0.200000,0.200000,-0.400000,-0.400000,0.044498
808,1.586776,0.478289,-18.392100,-0.000287,0.479988,-2.611354,0.180000,0.200000,0.200000,-0.400000,-0.400000,-0.000287
809,1.584653,0.482594,-18.418213,-0.044712,0.462946,-2.623828,0.180000,0.200000,0.200000,-0.200000,-0.400000,-0.044712
810,1.582312,0.486613,-18.444452,-0.074746,0.444765,-2.636710,0.180000,0.200000,0.200000,-0.200000,-0.400000,-0.074746
811,1.579872,0.490406,-18.470819,-0.104358,0.425806,-2.649849,0.180000,0.200000,0.200000,0.000000,-0.400000,-0.104358
812,1.577328,0.493976,-18.497317,-0.119522,0.406073,-2.663232,0.180000,0.200000,0.200000,0.000000,-0.400000,-0.119522
813,1.574805,0.497375,-18.523949,-0.134216,0.385934,-2.676739,0.200000,0.200000,0.180000,0.000000,-0.400000,-0.134216
814,1.572299,0.500603,-18.550717,-0.148424,0.365399,-2.690364,0.200000,0.200000,0.180000,0.000000,-0.400000,-0.148424
815,1.569805,0.503658,-18.577621,-0.162129,0.344476,-2.704102,0.200000,0.200000,0.180000,-0.200000,-0.400000,-0.162129
816,1.567318,0.506540,-18.604662,-0.189317,0.323177,-2.717946,0.200000,0.200000,0.180000,-0.200000,-0.400000,-0.189317
817,1.564697,0.509217,-18.631841,-0.215971,0.301137,-2.731997,0.200000,0.200000,0.180000,0.200000,-0.400000,-0.215971
818,1.561938,0.511691,-18.659161,-0.214064,0.278365,-2.746257,0.200000,0.200000,0.180000,0.200000,-0.400000,-0.214064
819,1.559310,0.514019,-18.686624,-0.211574,0.255622,-2.760511,0.200000,0.200000,0.180000,0.200000,-0.400000,-0.211574
820,1.556807,0.516198,-18.714229,-0.208493,0.232926,-2.774751,0.200000,0.200000,0.180000,0.000000,-0.400000,-0.208493
821,1.554427,0.518225,-18.741976,-0.218817,0.210293,-2.788965,0.220000,0.200000,0.180000,0.000000,-0.400000,-0.218817
822,1.552026,0.520080,-18.769866,-0.228540,0.187358,-2.803281,0.220000,0.200000,0.180000,0.000000,-0.400000,-0.228540
823,1.549598,0.521766,-18.797899,-0.237648,0.164136,-2.817709,0.220000,0.220000,0.180000,0.000000,-0.200000,-0.237648
824,1.547140,0.523283,-18.826076,-0.244244,0.140041,-2.857855,0.220000,0.220000,0.180000,0.000000,-0.200000,-0.244244
825,1.544666,0.524625,-18.854654,-0.250215,0.115680,-2.898061,0.220000,0.220000,0.180000,0.000000,-0.200000,-0.250215
826,1.542170,0.525795,-18.883635,-0.255536,0.091063,-2.938347,0.240000,0.220000,0.200000,0.200000,-0.200000,-0.255536
827,1.539647,0.526792,-18.913018,-0.246179,0.066205,-2.978735,0.240000,0.220000,0.220000,0.200000,-0.200000,-0.246179
828,1.537232,0.527609,-18.942806,-0.232187,0.060916,-2.190205,0.240000,0.220000,0.220000,0.400000,-0.200000,-0.232187
829,1.534977,0.528432,-18.964708,-0.203559,0.057877,-1.402326,0.240000,0.220000,0.220000,0.400000,-0.200000,-0.203559
830,1.533021,0.529240,-18.978731,-0.178336,0.037688,-1.443854,0.260000,0.220000,0.220000,0.400000,-0.200000,-0.178336
831,1.531301,0.529844,-18.993170,-0.148916,0.037169,-0.656354,0.260000,0.220000,0.220000,0.600000,-0.200000,-0.148916
832,1.529881,0.530425,-18.999733,-0.109124,0.018866,-0.698528,0.260000,0.220000,0.240000,0.600000,-0.200000,-0.109124
833,1.528830,0.530775,-19.006718,-0.065290,0.020167,0.088503,0.260000,0.220000,0.240000,0.600000,-0.200000,-0.065290
834,1.528217,0.531076,-19.005833,-0.025238,0.002895,0.045019,0.260000,0.240000,0.240000,0.600000,-0.200000,-0.025238
835,1.527972,0.531144,-19.005383,0.016763,0.002907,0.045019,0.260000,0.240000,0.240000,0.600000,-0.200000,0.016763
836,1.528142,0.531147,-19.004933,0.057060,-0.008268,-0.180054,0.260000,0.240000,0.240000,0.600000,-0.400000,0.057060
837,1.528693,0.530977,-19.006733,0.097237,-0.011133,-0.433138,0.260000,0.220000,0.240000,0.600000,-0.400000,0.097237
838,1.529636,0.530714,-19.011065,0.137509,-0.016017,-0.559025,0.260000,0.220000,0.240000,0.600000,-0.400000,0.137509
839,1.530967,0.530335,-19.016655,0.177741,-0.020241,-0.717322,0.260000,0.220000,0.220000,0.600000,-0.400000,0.177741
840,1.532686,0.529840,-19.023828,0.217999,-0.024082,-0.875879,0.260000,0.220000,0.220000,0.600000,-0.400000,0.217999
841,1.534791,0.529225,-19.032587,0.258289,-0.027462,-1.033098,0.260000,0.220000,0.220000,0.600000,-0.400000,0.258289
842,1.537281,0.528485,-19.042918,0.298611,-0.030294,-1.188361,0.260000,0.220000,0.220000,0.400000,-0.400000,0.298611
843,1.540153,0.527614,-19.054802,0.324963,-0.032493,-1.341207,0.260000,0.220000,0.220000,0.000000,-0.400000,0.324963
844,1.543269,0.526633,-19.068214,0.323413,-0.034039,-1.481438,0.260000,0.220000,0.220000,0.000000,-0.400000,0.323413
845,1.546352,0.525599,-19.083028,0.322084,-0.035110,-1.590569,0.260000,0.220000,0.220000,0.000000,-0.400000,0.322084
846,1.549404,0.524513,-19.098934,0.320933,-0.035820,-1.674559,0.260000,0.220000,0.220000,0.000000,-0.400000,0.320933
847,1.552426,0.523373,-19.115679,0.319919,-0.036263,-1.738561,0.260000,0.220000,0.200000,0.000000,-0.400000,0.319919
848,1.555417,0.522182,-19.133065,0.319009,-0.036515,-1.786860,0.260000,0.220000,0.200000,0.400000,-0.400000,0.319009
849,1.558378,0.520939,-19.150934,0.346177,-0.036634,-1.822930,0.260000,0.220000,0.200000,0.400000,-0.400000,0.346177
850,1.561575,0.519562,-19.169163,0.373189,-0.036466,-1.879682,0.260000,0.220000,0.200000,0.000000,-0.400000,0.373189
851,1.565003,0.518043,-19.187960,0.372088,-0.035919,-1.948774,0.260000,0.200000,0.200000,0.000000,-0.400000,0.372088
852,1.568393,0.516469,-19.207448,0.371042,-0.035279,-2.002138,0.260000,0.200000,0.200000,0.000000,-0.400000,0.371042
853,1.571745,0.514839,-19.227469,0.370030,-0.034596,-2.042946,0.260000,0.200000,0.200000,0.000000,-0.400000,0.370030
854,1.575057,0.513152,-19.247898,0.369036,-0.033908,-2.073761,0.260000,0.200000,0.200000,0.000000,-0.400000,0.369036
855,1.578327,0.511408,-19.268636,0.368050,-0.033240,-2.096645,0.260000,0.200000,0.180000,0.000000,-0.400000,0.368050
856,1.581553,0.509607,-19.289602,0.367064,-0.032611,-2.113243,0.260000,0.200000,0.180000,0.000000,-0.400000,0.367064
857,1.584735,0.507748,-19.310735,0.366072,-0.032032,-2.124867,0.260000,0.200000,0.180000,0.000000,-0.400000,0.366072
858,1.587871,0.505832,-19.331984,0.365072,-0.031512,-2.132564,0.260000,0.200000,0.180000,-0.200000,-0.400000,0.365072
859,1.590959,0.503859,-19.353309,0.350063,-0.031052,-2.137166,0.260000,0.200000,0.180000,-0.200000,-0.400000,0.350063
860,1.593875,0.501898,-19.374681,0.335137,-0.030852,-2.124372,0.260000,0.200000,0.180000,-0.200000,-0.400000,0.335137
861,1.596620,0.499950,-19.395925,0.320297,-0.030907,-2.096562,0.280000,0.200000,0.180000,0.000000,-0.400000,0.320297
862,1.599196,0.498022,-19.416890,0.319548,-0.031195,-2.055807,0.280000,0.200000,0.180000,0.000000,-0.400000,0.319548
863,1.601723,0.496042,-19.437448,0.318773,-0.031552,-2.023198,0.280000,0.200000,0.180000,0.000000,-0.400000,0.318773
864,1.604201,0.494011,-19.457680,0.317984,-0.031942,-1.997130,0.280000,0.200000,0.180000,0.000000,-0.400000,0.317984
865,1.606628,0.491933,-19.477652,0.317191,-0.032343,-1.976283,0.280000,0.200000,0.180000,0.000000,-0.400000,0.317191
866,1.609005,0.489807,-19.497414,0.316399,-0.032738,-1.959582,0.360000,0.200000,0.160000,0.200000,-0.400000,0.316399
867,1.611330,0.487637,-19.517010,0.329613,-0.033117,-1.946146,0.380000,0.200000,0.160000,0.000000,-0.400000,0.329613
868,1.613714,0.485336,-19.536472,0.328724,-0.033349,-1.952430,0.380000,0.200000,0.160000,0.000000,-0.400000,0.328724
869,1.616044,0.482994,-19.555996,0.327860,-0.033538,-1.956593,0.380000,0.200000,0.160000,0.000000,-0.400000,0.327860
870,1.618320,0.480610,-19.575562,0.327016,-0.033697,-1.959064,0.400000,0.200000,0.160000,0.000000,-0.400000,0.327016
871,1.620542,0.478187,-19.595153,0.326189,-0.033834,-1.960189,0.420000,0.200000,0.160000,0.000000,-0.400000,0.326189
872,1.622709,0.475726,-19.614754,0.325377,-0.033954,-1.960249,0.420000,0.200000,0.160000,0.000000,-0.400000,0.325377
873,1.624821,0.473227,-19.634357,0.324578,-0.034062,-1.959473,0.540000,0.200000,0.160000,0.000000,-0.400000,0.324578
874,1.626876,0.470692,-19.653952,0.323789,-0.034163,-1.958042,0.540000,0.200000,0.160000,0.000000,-0.400000,0.323789
875,1.628876,0.468123,-19.673532,0.323010,-0.034257,-1.956103,0.780000,0.220000,0.160000,-0.200000,-0.200000,0.323010
876,1.630819,0.465520,-19.693093,0.310121,-0.028742,-1.713982,0.920000,0.220000,0.160000,-0.200000,-0.200000,0.310121
877,1.632666,0.463012,-19.710233,0.296897,-0.024893,-1.510968,0.960000,0.220000,0.160000,0.200000,-0.200000,0.296897
878,1.634413,0.460598,-19.725343,0.311435,-0.022317,-1.341948,1.000000,0.220000,0.160000,0.200000,-0.200000,0.311435
879,1.636236,0.458064,-19.738762,0.325690,-0.020648,-1.236049,1.000000,0.220000,0.160000,0.400000,-0.200000,0.325690
880,1.638127,0.455404,-19.751123,0.353762,-0.019540,-1.172363,1.000000,0.220000,0.160000,0.400000,-0.200000,0.353762
881,1.640169,0.452508,-19.762846,0.381677,-0.018708,-1.148178,1.000000,0.220000,0.160000,0.400000,-0.200000,0.381677
882,1.642353,0.449373,-19.774328,0.409487,-0.017949,-1.148597,1.000000,0.220000,0.160000,0.400000,-0.200000,0.409487
883,1.644675,0.445995,-19.785814,0.437224,-0.017133,-1.164831,1.000000,0.220000,0.160000,0.400000,-0.200000,0.437224
884,1.647129,0.442373,-19.797462,0.464902,-0.016171,-1.191483,1.000000,0.220000,0.160000,0.400000,-0.200000,0.464902
885,1.649710,0.438502,-19.809377,0.492531,-0.014999,-1.225107,1.000000,0.220000,0.160000,0.400000,-0.200000,0.492531
886,1.652412,0.434382,-19.821628,0.520112,-0.013570,-1.263421,1.000000,0.220000,0.160000,0.400000,-0.200000,0.520112
887,1.655232,0.430009,-19.834262,0.547645,-0.011844,-1.304866,1.000000,0.220000,0.160000,0.400000,-0.200000,0.547645
888,1.658162,0.425381,-19.847311,0.575128,-0.009793,-1.348344,1.000000,0.300000,0.160000,0.400000,-0.200000,0.575128
889,1.661198,0.420496,-19.860794,0.602556,-0.007389,-1.393065,1.000000,0.300000,0.160000,0.400000,-0.200000,0.602556
890,1.664334,0.415350,-19.874725,0.629921,-0.004610,-1.438445,1.000000,0.300000,0.140000,0.200000,-0.200000,0.629921
891,1.667563,0.409941,-19.889110,0.643217,-0.001436,-1.484044,1.000000,0.300000,0.140000,0.200000,-0.200000,0.643217
892,1.670810,0.404388,-19.903950,0.656444,0.001930,-1.525603,1.000000,0.300000,0.140000,0.200000,-0.200000,0.656444
893,1.674068,0.398689,-19.919206,0.669596,0.005475,-1.563731,1.000000,0.300000,0.140000,0.200000,-0.200000,0.669596
894,1.677333,0.392843,-19.934843,0.682665,0.009189,-1.598923,1.000000,0.300000,0.140000,0.200000,-0.200000,0.682665
895,1.680600,0.386848,-19.950833,0.695646,0.013063,-1.631588,1.000000,0.300000,0.140000,0.200000,-0.200000,0.695646
896,1.683864,0.380704,-19.967148,0.708534,0.017091,-1.662061,1.000000,0.320000,0.140000,0.200000,-0.200000,0.708534
897,1.687119,0.374408,-19.983769,0.721324,0.021270,-1.690617,1.000000,0.320000,0.140000,0.200000,-0.200000,0.721324
898,1.690362,0.367962,-20.000675,0.734011,0.025596,-1.717488,1.000000,0.320000,0.140000,0.200000,-0.200000,0.734011
899,1.693587,0.361363,-20.017850,0.746592,0.030067,-1.742862,1.000000,0.440000,0.140000,0.200000,-0.200000,0.746592
900,1.696788,0.354611,-20.035279,0.759061,0.034683,-1.766901,1.000000,0.540000,0.140000,0.000000,-0.200000,0.759061
901,1.699961,0.347707,-20.052948,0.757415,0.039441,-1.789737,1.000000,0.680000,0.140000,0.200000,-0.200000,0.757415
902,1.703049,0.340780,-20.070845,0.769652,0.044039,-1.808386,1.000000,0.820000,0.140000,0.200000,-0.200000,0.769652
903,1.706099,0.333699,-20.088929,0.781773,0.048769,-1.826514,1.000000,0.860000,0.120000,0.200000,-0.200000,0.781773
904,1.709104,0.326466,-20.107194,0.793775,0.053632,-1.844139,1.000000,0.900000,0.120000,0.200000,-0.200000,0.793775
905,1.712059,0.319079,-20.125635,0.805655,0.058631,-1.861278,1.000000,0.940000,0.200000,0.200000,-0.200000,0.805655
906,1.714961,0.311541,-20.144248,0.817407,0.063768,-1.877944,1.000000,1.000000,0.200000,0.200000,-0.200000,0.817407
907,1.717802,0.303850,-20.163028,0.829030,0.069044,-1.894153,1.000000,1.000000,0.200000,0.200000,-0.200000,0.829030
908,1.720580,0.296008,-20.181969,0.840519,0.074461,-1.909916,1.000000,1.000000,0.200000,0.200000,-0.200000,0.840519
909,1.723288,0.288017,-20.201068,0.851870,0.080020,-1.925247,1.000000,1.000000,0.200000,0.000000,0.000000,0.851870
910,1.725922,0.279876,-20.220321,0.850267,0.090701,-1.727173,0.960000,1.000000,0.200000,0.000000,0.000000,0.850267
911,1.728501,0.271723,-20.237593,0.848639,0.098975,-1.549344,0.880000,1.000000,0.200000,0.000000,-0.200000,0.848639
912,1.731016,0.263558,-20.253086,0.845736,0.100665,-1.581721,0.820000,1.000000,0.200000,0.000000,-0.200000,0.845736
913,1.733417,0.255386,-20.268903,0.842771,0.102495,-1.611274,0.760000,1.000000,0.200000,0.000000,-0.200000,0.842771
914,1.735702,0.247210,-20.285016,0.839743,0.104431,-1.638177,0.720000,1.000000,0.200000,0.000000,-0.200000,0.839743
915,1.737869,0.239030,-20.301398,0.836652,0.106447,-1.662601,0.660000,1.000000,0.200000,0.000000,-0.200000,0.836652
916,1.739919,0.230849,-20.318024,0.833496,0.108517,-1.684716,0.660000,1.000000,0.300000,0.000000,-0.200000,0.833496
917,1.741850,0.222668,-20.334871,0.830276,0.110619,-1.704686,0.660000,1.000000,0.320000,0.000000,-0.200000,0.830276
918,1.743661,0.214490,-20.351918,0.826992,0.112732,-1.722670,0.640000,1.000000,0.420000,0.000000,-0.200000,0.826992
919,1.745351,0.206317,-20.369144,0.823646,0.114838,-1.738817,0.640000,1.000000,0.540000,0.200000,-0.200000,0.823646
920,1.746920,0.198150,-20.386533,0.834239,0.116921,-1.753270,0.640000,1.000000,0.660000,0.200000,-0.200000,0.834239
921,1.748371,0.189852,-20.404065,0.844774,0.119287,-1.768032,0.620000,1.000000,0.680000,0.200000,-0.200000,0.844774
922,1.749701,0.181425,-20.421746,0.855244,0.121932,-1.783021,0.600000,1.000000,0.720000,0.200000,-0.200000,0.855244
923,1.750908,0.172870,-20.439576,0.865644,0.124850,-1.798164,0.560000,1.000000,0.740000,0.200000,-0.200000,0.865644
924,1.751990,0.164192,-20.457558,0.875965,0.128036,-1.813395,0.540000,1.000000,0.780000,0.000000,-0.200000,0.875965
925,1.752944,0.155390,-20.475691,0.872203,0.131484,-1.828655,0.520000,1.000000,0.840000,0.000000,-0.200000,0.872203
926,1.753774,0.146609,-20.493978,0.868347,0.134862,-1.842216,0.500000,1.000000,0.880000,0.000000,-0.200000,0.868347
927,1.754480,0.137850,-20.512400,0.864401,0.138156,-1.854235,0.480000,1.000000,0.900000,0.000000,-0.200000,0.864401
928,1.755062,0.129115,-20.530943,0.860367,0.141354,-1.864855,0.480000,1.000000,0.900000,0.000000,-0.200000,0.860367
929,1.755517,0.120408,-20.549591,0.856250,0.144448,-1.874206,0.480000,1.000000,0.900000,0.000000,-0.200000,0.856250
930,1.755846,0.111731,-20.568333,0.852052,0.147429,-1.882408,0.480000,1.000000,0.980000,0.000000,-0.200000,0.852052
931,1.756048,0.103086,-20.587157,0.847777,0.150289,-1.889567,0.480000,1.000000,1.000000,0.000000,-0.200000,0.847777
932,1.756122,0.094477,-20.606053,0.843429,0.153023,-1.895780,0.460000,1.000000,1.000000,0.000000,-0.200000,0.843429
933,1.756069,0.085905,-20.625011,0.839011,0.155625,-1.901133,0.460000,0.820000,1.000000,0.200000,-0.200000,0.839011
934,1.755887,0.077374,-20.644022,0.848527,0.158091,-1.905705,0.460000,0.760000,1.000000,0.200000,-0.200000,0.848527
935,1.755547,0.068749,-20.663079,0.857984,0.160758,-1.910911,0.440000,0.700000,1.000000,0.000000,-0.200000,0.857984
936,1.755045,0.060034,-20.682188,0.853377,0.163626,-1.916692,0.440000,0.640000,1.000000,0.000000,-0.200000,0.853377
937,1.754417,0.051368,-20.701355,0.848697,0.166355,-1.921696,0.420000,0.600000,1.000000,0.000000,-0.200000,0.848697
938,1.753661,0.042752,-20.720572,0.843949,0.168939,-1.925994,0.420000,0.560000,1.000000,0.000000,-0.200000,0.843949
939,1.752779,0.034191,-20.739832,0.839135,0.171378,-1.929650,0.400000,0.520000,1.000000,0.000000,-0.200000,0.839135
940,1.751771,0.025686,-20.759128,0.834261,0.173667,-1.932720,0.400000,0.500000,1.000000,0.000000,-0.200000,0.834261
941,1.750636,0.017240,-20.778456,0.829331,0.175806,-1.935256,0.380000,0.500000,1.000000,0.000000,-0.200000,0.829331
942,1.749376,0.008857,-20.797808,0.824348,0.177793,-1.937303,0.380000,0.500000,1.000000,0.000000,-0.200000,0.824348
943,1.747991,0.000538,-20.817181,0.819317,0.179626,-1.938900,0.360000,0.480000,1.000000,0.000000,-0.200000,0.819317
944,1.746481,-0.007712,-20.836570,0.814241,0.181305,-1.940082,0.360000,0.480000,1.000000,0.000000,-0.200000,0.814241
945,1.744847,-0.015893,-20.855971,0.809126,0.182830,-1.940880,0.340000,0.480000,1.000000,0.000000,-0.200000,0.809126
946,1.743090,-0.024000,-20.875380,0.803974,0.184201,-1.941321,0.340000,0.460000,1.000000,0.000000,-0.200000,0.803974
947,1.741211,-0.032031,-20.894793,0.798790,0.185417,-1.941426,0.320000,0.440000,1.000000,0.000000,-0.200000,0.798790
948,1.739212,-0.039984,-20.914207,0.793577,0.186479,-1.941218,0.320000,0.420000,1.000000,0.000000,-0.200000,0.793577
949,1.737092,-0.047855,-20.933620,0.788341,0.187388,-1.940711,0.320000,0.400000,1.000000,0.000000,-0.200000,0.788341
950,1.734853,-0.055643,-20.953027,0.783084,0.188143,-1.939921,0.300000,0.380000,1.000000,0.000000,-0.200000,0.783084
951,1.732497,-0.063344,-20.972426,0.777810,0.188747,-1.938858,0.300000,0.360000,1.000000,0.000000,-0.200000,0.777810
952,1.730025,-0.070957,-20.991814,0.772523,0.189200,-1.937533,0.300000,0.360000,0.660000,0.000000,-0.400000,0.772523
953,1.727438,-0.078478,-21.011190,0.765214,0.188794,-1.966263,0.280000,0.340000,0.600000,0.000000,-0.400000,0.765214
954,1.724743,-0.085884,-21.030852,0.757859,0.188438,-1.993656,0.280000,0.320000,0.560000,0.000000,-0.400000,0.757859
955,1.721943,-0.093174,-21.050789,0.750461,0.188118,-2.019730,0.280000,0.320000,0.500000,0.000000,-0.400000,0.750461
956,1.719038,-0.100345,-21.070986,0.743020,0.187817,-2.044507,0.260000,0.320000,0.460000,0.000000,-0.400000,0.743020
957,1.716032,-0.107395,-21.091431,0.735539,0.187522,-2.068016,0.260000,0.300000,0.420000,0.000000,-0.400000,0.735539
958,1.712927,-0.114322,-21.112111,0.728021,0.187219,-2.090286,0.260000,0.300000,0.400000,0.000000,-0.400000,0.728021
959,1.709725,-0.121122,-21.133014,0.720467,0.186894,-2.111352,0.240000,0.300000,0.380000,0.000000,-0.400000,0.720467
960,1.706428,-0.127796,-21.154128,0.712881,0.186536,-2.131247,0.240000,0.300000,0.380000,0.000000,-0.400000,0.712881
961,1.703040,-0.134339,-21.175440,0.705266,0.186132,-2.150007,0.240000,0.300000,0.380000,0.000000,-0.400000,0.705266
962,1.699561,-0.140751,-21.196940,0.697624,0.185673,-2.167671,0.240000,0.300000,0.360000,0.000000,-0.400000,0.697624
963,1.695997,-0.147028,-21.218617,0.689960,0.185147,-2.184274,0.220000,0.280000,0.360000,-0.200000,-0.400000,0.689960
964,1.692348,-0.153170,-21.240460,0.668276,0.184546,-2.199855,0.220000,0.280000,0.340000,-0.200000,-0.400000,0.668276
965,1.688720,-0.159078,-21.262458,0.646574,0.183500,-2.213021,0.220000,0.260000,0.320000,0.000000,-0.400000,0.646574
966,1.685118,-0.164752,-21.284589,0.638867,0.181992,-2.223951,0.220000,0.260000,0.320000,0.000000,-0.400000,0.638867
967,1.681440,-0.170284,-21.306828,0.631176,0.180371,-2.234134,0.200000,0.240000,0.300000,-0.200000,-0.400000,0.631176
968,1.677690,-0.175672,-21.329169,0.609504,0.178634,-2.243594,0.200000,0.240000,0.280000,-0.200000,-0.400000,0.609504
969,1.673980,-0.180827,-21.351605,0.587852,0.176409,-2.251032,0.200000,0.240000,0.260000,-0.200000,-0.400000,0.587852
970,1.670317,-0.185751,-21.374116,0.566236,0.173687,-2.256576,0.200000,0.220000,0.240000,-0.200000,-0.400000,0.566236
971,1.666703,-0.190444,-21.396682,0.544670,0.170461,-2.260333,0.200000,0.220000,0.240000,-0.200000,-0.400000,0.544670
972,1.663146,-0.194907,-21.419285,0.523171,0.166725,-2.262388,0.200000,0.220000,0.220000,-0.200000,-0.400000,0.523171
973,1.659649,-0.199140,-21.441909,0.501754,0.162476,-2.262800,0.220000,0.200000,0.220000,-0.200000,-0.400000,0.501754
974,1.656217,-0.203145,-21.464537,0.480435,0.157713,-2.261607,0.220000,0.200000,0.220000,-0.200000,-0.400000,0.480435
975,1.652857,-0.206923,-21.487153,0.459229,0.152437,-2.258816,0.220000,0.200000,0.220000,-0.200000,-0.400000,0.459229
976,1.649571,-0.210476,-21.509741,0.438151,0.146649,-2.254407,0.220000,0.200000,0.220000,-0.200000,-0.400000,0.438151
977,1.646367,-0.213804,-21.532285,0.417218,0.140354,-2.248318,0.200000,0.180000,0.220000,-0.200000,-0.400000,0.417218
978,1.643248,-0.216911,-21.554768,0.396443,0.133558,-2.240450,0.200000,0.180000,0.220000,-0.200000,-0.400000,0.396443
979,1.640220,-0.219797,-21.577173,0.375844,0.126270,-2.230644,0.200000,0.180000,0.220000,-0.200000,-0.400000,0.375844
980,1.637287,-0.222465,-21.599479,0.355435,0.118498,-2.218673,0.200000,0.180000,0.220000,-0.200000,-0.400000,0.355435
981,1.634454,-0.224917,-21.621666,0.335233,0.110257,-2.204220,0.200000,0.160000,0.200000,-0.200000,-0.400000,0.335233
982,1.631726,-0.227156,-21.643708,0.315254,0.101563,-2.186839,0.200000,0.160000,0.200000,-0.200000,-0.400000,0.315254
983,1.629107,-0.229184,-21.665576,0.295516,0.092438,-2.165914,0.200000,0.160000,0.200000,-0.200000,-0.400000,0.295516
984,1.626603,-0.231005,-21.687236,0.276039,0.082910,-2.140582,0.200000,0.160000,0.180000,-0.200000,-0.400000,0.276039
985,1.624217,-0.232622,-21.708641,0.256845,0.073017,-2.109621,0.180000,0.160000,0.180000,-0.200000,-0.400000,0.256845
986,1.621954,-0.234039,-21.729738,0.237960,0.062808,-2.071287,0.180000,0.160000,0.180000,-0.200000,-0.400000,0.237960
987,1.619818,-0.235261,-21.750451,0.219416,0.052356,-2.023055,0.180000,0.140000,0.180000,-0.200000,-0.400000,0.219416
988,1.617812,-0.236293,-21.770681,0.201255,0.041761,-1.961272,0.180000,0.140000,0.160000,0.000000,-0.400000,0.201255
989,1.615939,-0.237140,-21.790294,0.197533,0.031168,-1.880717,0.180000,0.140000,0.160000,0.000000,-0.400000,0.197533
990,1.614066,-0.237840,-21.809101,0.194268,0.021005,-1.783927,0.180000,0.140000,0.160000,0.000000,-0.400000,0.194268
991,1.612193,-0.238398,-21.826940,0.191459,0.011380,-1.672499,0.180000,0.140000,0.160000,0.000000,-0.400000,0.191459
992,1.610323,-0.238823,-21.843665,0.189087,0.002417,-1.551556,0.180000,0.140000,0.160000,0.000000,-0.400000,0.189087
993,1.608456,-0.239125,-21.859181,0.187115,-0.005723,-1.430503,0.180000,0.140000,0.160000,0.200000,-0.600000,0.187115
994,1.606594,-0.239314,-21.873486,0.196809,-0.015213,-1.424364,0.180000,0.140000,0.160000,0.200000,-0.600000,0.196809
995,1.604622,-0.239394,-21.887729,0.206851,-0.023206,-1.456490,0.180000,0.140000,0.140000,0.200000,-0.600000,0.206851
996,1.602540,-0.239377,-21.902294,0.217213,-0.029737,-1.522833,0.180000,0.140000,0.140000,0.200000,-0.600000,0.217213
997,1.600350,-0.239274,-21.917523,0.227870,-0.035016,-1.611865,0.180000,0.140000,0.140000,0.200000,-0.600000,0.227870
998,1.598052,-0.239092,-21.933641,0.238787,-0.039281,-1.712444,0.180000,0.160000,0.140000,0.000000,-0.400000,0.238787
999,1.595645,-0.238837,-21.950766,0.238933,-0.038807,-1.649224,0.180000,0.160000,0.140000,0.000000,-0.400000,0.238933
