step,x,y,mu,vx,vy,omega,lidar_l,lidar_c,lidar_r,throttle,steering,reward
0,-1.678383,-0.131191,-2.552187,0.000000,0.000000,0.000000,0.120000,0.180000,0.240000,0.600000,-0.800000,0.000000
1,-1.678383,-0.131191,-2.552187,0.042000,0.000000,0.000000,0.120000,0.180000,0.240000,0.600000,-0.800000,0.042000
2,-1.678732,-0.131425,-2.552187,0.076993,-0.006805,-0.291038,0.100000,0.180000,0.240000,0.600000,-0.800000,0.076993
3,-1.679410,-0.131796,-2.555097,0.112308,-0.014325,-0.509507,0.100000,0.180000,0.240000,0.400000,-0.800000,0.112308
4,-1.680425,-0.132299,-2.560192,0.133832,-0.020868,-0.744698,0.100000,0.180000,0.240000,0.400000,-1.000000,0.133832
5,-1.681658,-0.132859,-2.567639,0.153923,-0.025993,-0.920242,0.100000,0.180000,0.240000,0.400000,-1.000000,0.153923
6,-1.683092,-0.133477,-2.576842,0.174140,-0.030694,-1.093399,0.100000,0.160000,0.220000,0.400000,-1.000000,0.174140
7,-1.684727,-0.134149,-2.587776,0.194482,-0.034972,-1.261612,0.100000,0.160000,0.220000,0.200000,-0.800000,0.194482
8,-1.686565,-0.134875,-2.600392,0.202762,-0.039663,-1.460820,0.100000,0.160000,0.220000,0.000000,-0.800000,0.202762
9,-1.688507,-0.135579,-2.615000,0.197349,-0.043942,-1.640244,0.100000,0.160000,0.220000,0.000000,-0.800000,0.197349
10,-1.690434,-0.136191,-2.631403,0.192400,-0.047943,-1.791243,0.100000,0.160000,0.200000,0.000000,-0.800000,0.192400
11,-1.692347,-0.136713,-2.649315,0.187948,-0.051592,-1.917239,0.100000,0.100000,0.200000,0.000000,-0.800000,0.187948
12,-1.694247,-0.137146,-2.668487,0.184011,-0.054839,-2.020964,0.100000,0.100000,0.200000,0.000000,-0.800000,0.184011
13,-1.696135,-0.137497,-2.688697,0.180585,-0.057664,-2.104967,0.100000,0.100000,0.180000,0.000000,-0.800000,0.180585
14,-1.698011,-0.137768,-2.709747,0.177642,-0.060068,-2.171831,0.100000,0.100000,0.180000,0.200000,-0.800000,0.177642
15,-1.699876,-0.137966,-2.731465,0.189141,-0.062074,-2.224174,0.100000,0.100000,0.180000,0.000000,-0.800000,0.189141
16,-1.701858,-0.138151,-2.753707,0.186481,-0.063787,-2.294636,0.080000,0.100000,0.180000,0.000000,-0.800000,0.186481
17,-1.703826,-0.138266,-2.776653,0.184202,-0.065269,-2.346330,0.080000,0.100000,0.160000,0.000000,-0.800000,0.184202
18,-1.705779,-0.138314,-2.800116,0.182252,-0.066518,-2.384156,0.080000,0.080000,0.160000,0.000000,-0.800000,0.182252
19,-1.707719,-0.138297,-2.823958,0.180578,-0.067550,-2.411682,0.080000,0.080000,0.160000,0.000000,-0.800000,0.180578
20,-1.709646,-0.138219,-2.848075,0.179135,-0.068388,-2.431521,0.080000,0.080000,0.160000,0.000000,-0.800000,0.179135
21,-1.711558,-0.138083,-2.872390,0.177883,-0.069058,-2.445593,0.080000,0.080000,0.140000,0.000000,-0.800000,0.177883
22,-1.713457,-0.137890,-2.896846,0.176786,-0.069585,-2.455313,0.080000,0.080000,0.140000,0.200000,-0.800000,0.176786
23,-1.715341,-0.137644,-2.921399,0.189817,-0.069994,-2.461728,0.080000,0.080000,0.140000,0.000000,-0.800000,0.189817
24,-1.717346,-0.137375,-2.946016,0.188286,-0.070458,-2.500495,0.080000,0.080000,0.080000,0.000000,-0.800000,0.188286
25,-1.719330,-0.137050,-2.971021,0.186952,-0.070883,-2.525242,0.080000,0.080000,0.080000,0.000000,-0.800000,0.186952
26,-1.721293,-0.136669,-2.996274,0.185776,-0.071251,-2.540774,0.080000,0.080000,0.080000,0.000000,-0.800000,0.185776
27,-1.723234,-0.136233,-3.021681,0.184724,-0.071555,-2.550151,0.080000,0.080000,0.080000,0.000000,-0.800000,0.184724
28,-1.725153,-0.135743,-3.047183,0.183772,-0.071799,-2.555352,0.080000,0.080000,0.080000,0.000000,-0.800000,0.183772
29,-1.727051,-0.135202,-3.072736,0.182901,-0.071987,-2.557671,0.080000,0.060000,0.080000,0.000000,-0.800000,0.182901
30,-1.728925,-0.134610,-3.098313,0.182095,-0.072127,-2.557969,0.060000,0.060000,0.080000,0.000000,-0.800000,0.182095
31,-1.730775,-0.133968,-3.123893,0.181344,-0.072226,-2.556826,0.060000,0.060000,0.060000,0.000000,-0.800000,0.181344
32,-1.732601,-0.133278,-3.149461,0.180636,-0.072290,-2.554641,0.060000,0.060000,0.060000,0.000000,-0.800000,0.180636
33,-1.734402,-0.132541,-3.175008,0.179964,-0.072326,-2.551690,0.060000,0.060000,0.060000,0.000000,-0.800000,0.179964
34,-1.736176,-0.131758,-3.200524,0.179324,-0.072338,-2.548173,0.060000,0.060000,0.060000,0.000000,-0.800000,0.179324
35,-1.737924,-0.130930,-3.226006,0.178708,-0.072331,-2.544232,0.060000,0.060000,0.060000,0.000000,-0.800000,0.178708
36,-1.739644,-0.130058,-3.251448,0.178114,-0.072308,-2.539975,0.060000,0.060000,0.060000,0.000000,-0.800000,0.178114
37,-1.741335,-0.129144,-3.276848,0.177539,-0.072273,-2.535481,0.060000,0.060000,0.060000,0.000000,-0.800000,0.177539
38,-1.742996,-0.128189,-3.302203,0.176979,-0.072228,-2.530811,0.060000,0.060000,0.060000,0.000000,-0.800000,0.176979
39,-1.744628,-0.127193,-3.327511,0.176433,-0.072174,-2.526012,0.060000,0.060000,0.060000,0.000000,-0.800000,0.176433
40,-1.746228,-0.126157,-3.352771,0.175899,-0.072114,-2.521120,0.060000,0.060000,0.060000,0.000000,-0.800000,0.175899
41,-1.747797,-0.125084,-3.377982,0.175376,-0.072049,-2.516164,0.060000,0.060000,0.060000,0.000000,-0.800000,0.175376
42,-1.749333,-0.123972,-3.403144,0.174862,-0.071979,-2.511167,0.060000,0.060000,0.060000,0.000000,-0.800000,0.174862
43,-1.750837,-0.122825,-3.428256,0.174357,-0.071906,-2.506145,0.060000,0.060000,0.040000,0.000000,-0.800000,0.174357
44,-1.752306,-0.121642,-3.453317,0.173860,-0.071831,-2.501112,0.060000,0.060000,0.040000,0.000000,-0.800000,0.173860
45,-1.753740,-0.120425,-3.478328,0.173370,-0.071754,-2.496079,0.060000,0.040000,0.040000,0.000000,-0.800000,0.173370
46,-1.755139,-0.119175,-3.503289,0.172887,-0.071675,-2.491055,0.060000,0.040000,0.040000,0.000000,-0.800000,0.172887
47,-1.756503,-0.117893,-3.528200,0.172410,-0.071594,-2.486046,0.060000,0.040000,0.040000,0.200000,-0.800000,0.172410
48,-1.757830,-0.116580,-3.553060,0.185939,-0.071513,-2.481057,0.060000,0.040000,0.040000,0.000000,-0.800000,0.185939
49,-1.759248,-0.115181,-3.577871,0.184754,-0.071637,-2.512988,0.060000,0.040000,0.040000,0.000000,-0.800000,0.184754
50,-1.760620,-0.113751,-3.603001,0.183715,-0.071787,-2.531601,0.060000,0.040000,0.040000,0.000000,-0.800000,0.183715
51,-1.761945,-0.112290,-3.628317,0.182786,-0.071929,-2.541959,0.060000,0.040000,0.040000,0.000000,-0.800000,0.182786
52,-1.763224,-0.110799,-3.653736,0.181942,-0.072050,-2.547111,0.060000,0.040000,0.040000,0.000000,-0.800000,0.181942
53,-1.764457,-0.109280,-3.679207,0.181163,-0.072142,-2.548925,0.060000,0.040000,0.040000,0.000000,-0.800000,0.181163
54,-1.765644,-0.107732,-3.704697,0.180437,-0.072207,-2.548560,0.060000,0.040000,0.040000,0.000000,-0.800000,0.180437
55,-1.766784,-0.106159,-3.730182,0.179753,-0.072247,-2.546749,0.060000,0.040000,0.040000,0.000000,-0.800000,0.179753
56,-1.767878,-0.104560,-3.755650,0.179103,-0.072265,-2.543959,0.060000,0.040000,0.040000,0.000000,-0.800000,0.179103
57,-1.768925,-0.102937,-3.781089,0.178482,-0.072263,-2.540494,0.060000,0.040000,0.040000,0.000000,-0.800000,0.178482
58,-1.769926,-0.101292,-3.806494,0.177884,-0.072245,-2.536558,0.060000,0.040000,0.040000,0.000000,-0.800000,0.177884
59,-1.770880,-0.099626,-3.831860,0.177306,-0.072214,-2.532288,0.060000,0.040000,0.040000,0.000000,-0.800000,0.177306
60,-1.771788,-0.097940,-3.857183,0.176745,-0.072172,-2.527780,0.060000,0.040000,0.040000,0.000000,-0.800000,0.176745
61,-1.772648,-0.096236,-3.882460,0.176199,-0.072121,-2.523102,0.060000,0.040000,0.040000,0.000000,-0.800000,0.176199
62,-1.773462,-0.094515,-3.907691,0.175665,-0.072064,-2.518304,0.060000,0.040000,0.040000,0.000000,-0.800000,0.175665
63,-1.774228,-0.092777,-3.932875,0.175143,-0.072000,-2.513423,0.060000,0.040000,0.040000,0.000000,-0.800000,0.175143
64,-1.774947,-0.091026,-3.958009,0.174630,-0.071932,-2.508487,0.060000,0.040000,0.040000,0.000000,-0.800000,0.174630
65,-1.775619,-0.089260,-3.983094,0.174126,-0.071861,-2.503516,0.060000,0.040000,0.040000,0.000000,-0.800000,0.174126
66,-1.776243,-0.087483,-4.008129,0.173631,-0.071786,-2.498528,0.060000,0.040000,0.040000,0.000000,-0.800000,0.173631
67,-1.776820,-0.085695,-4.033114,0.173142,-0.071710,-2.493534,0.060000,0.040000,0.040000,0.000000,-0.800000,0.173142
68,-1.777350,-0.083898,-4.058049,0.172661,-0.071631,-2.488544,0.080000,0.040000,0.040000,0.000000,-0.800000,0.172661
69,-1.777833,-0.082092,-4.082935,0.172186,-0.071552,-2.483566,0.080000,0.040000,0.040000,0.200000,-0.800000,0.172186
70,-1.778268,-0.080279,-4.107770,0.185717,-0.071471,-2.478605,0.080000,0.040000,0.040000,0.000000,-0.800000,0.185717
71,-1.778736,-0.078344,-4.132557,0.184533,-0.071597,-2.510613,0.080000,0.040000,0.040000,0.000000,-0.800000,0.184533
72,-1.779148,-0.076408,-4.157663,0.183496,-0.071749,-2.529270,0.100000,0.040000,0.040000,0.000000,-0.800000,0.183496
73,-1.779504,-0.074471,-4.182955,0.182568,-0.071893,-2.539659,0.100000,0.040000,0.040000,0.000000,-0.800000,0.182568
74,-1.779806,-0.072532,-4.208352,0.181725,-0.072014,-2.544836,0.100000,0.040000,0.040000,0.000000,-0.800000,0.181725
75,-1.780053,-0.070593,-4.233800,0.180949,-0.072108,-2.546673,0.100000,0.040000,0.040000,0.000000,-0.800000,0.180949
76,-1.780246,-0.068655,-4.259267,0.180225,-0.072174,-2.546331,0.100000,0.040000,0.040000,0.000000,-0.800000,0.180225
77,-1.780386,-0.066718,-4.284730,0.179543,-0.072214,-2.544542,0.100000,0.040000,0.040000,0.000000,-0.800000,0.179543
78,-1.780474,-0.064785,-4.310176,0.178895,-0.072231,-2.541773,0.100000,0.040000,0.040000,0.000000,-0.800000,0.178895
79,-1.780509,-0.062856,-4.335593,0.178276,-0.072230,-2.538329,0.100000,0.060000,0.040000,0.000000,-0.800000,0.178276
80,-1.780494,-0.060933,-4.360977,0.177681,-0.072212,-2.534414,0.100000,0.060000,0.040000,0.000000,-0.800000,0.177681
81,-1.780427,-0.059016,-4.386321,0.177105,-0.072181,-2.530163,0.100000,0.060000,0.040000,0.000000,-0.800000,0.177105
82,-1.780311,-0.057107,-4.411623,0.176547,-0.072139,-2.525674,0.100000,0.060000,0.040000,0.000000,-0.800000,0.176547
83,-1.780145,-0.055207,-4.436879,0.176002,-0.072088,-2.521015,0.100000,0.060000,0.040000,0.000000,-0.800000,0.176002
84,-1.779930,-0.053317,-4.462089,0.175471,-0.072031,-2.516236,0.100000,0.080000,0.040000,0.000000,-0.800000,0.175471
85,-1.779667,-0.051439,-4.487252,0.174951,-0.071967,-2.511373,0.100000,0.080000,0.040000,0.000000,-0.800000,0.174951
86,-1.779356,-0.049573,-4.512366,0.174440,-0.071899,-2.506454,0.100000,0.100000,0.040000,0.000000,-0.800000,0.174440
87,-1.778998,-0.047720,-4.537430,0.173938,-0.071828,-2.501500,0.080000,0.080000,0.040000,0.000000,-0.800000,0.173938
88,-1.778593,-0.045882,-4.562445,0.173445,-0.071754,-2.496528,0.080000,0.080000,0.040000,0.000000,-0.800000,0.173445
89,-1.778143,-0.044060,-4.587410,0.172959,-0.071677,-2.491551,0.080000,0.080000,0.040000,0.000000,-0.800000,0.172959
90,-1.777647,-0.042255,-4.612326,0.172479,-0.071599,-2.486577,0.080000,0.080000,0.060000,0.200000,-0.800000,0.172479
91,-1.777107,-0.040467,-4.637192,0.186006,-0.071519,-2.481615,0.080000,0.080000,0.060000,0.000000,-0.800000,0.186006
92,-1.776534,-0.038559,-4.662008,0.184821,-0.071643,-2.513547,1.000000,0.080000,0.060000,0.200000,-0.600000,0.184821
93,-1.775911,-0.036677,-4.687143,0.201717,-0.067431,-2.345584,1.000000,0.080000,0.060000,0.200000,-0.600000,0.201717
94,-1.775288,-0.034643,-4.710599,0.217144,-0.064585,-2.274093,1.000000,0.080000,0.060000,0.400000,-0.600000,0.217144
95,-1.774646,-0.032470,-4.733340,0.245593,-0.062754,-2.258636,1.000000,0.080000,0.080000,0.400000,-0.600000,0.245593
96,-1.773967,-0.030028,-4.755926,0.273029,-0.061711,-2.303523,1.000000,0.080000,0.080000,0.400000,-0.600000,0.273029
97,-1.773232,-0.027327,-4.778962,0.299882,-0.060927,-2.378105,1.000000,0.080000,0.080000,0.400000,-0.600000,0.299882
98,-1.772424,-0.024376,-4.802743,0.326365,-0.060075,-2.467840,1.000000,0.060000,0.080000,0.400000,-0.600000,0.326365
99,-1.771532,-0.021180,-4.827421,0.352589,-0.058945,-2.565105,0.940000,0.060000,0.060000,0.200000,-0.600000,0.352589
100,-1.770541,-0.017745,-4.853072,0.364613,-0.057390,-2.665488,0.900000,0.060000,0.060000,0.000000,-0.600000,0.364613
101,-1.769462,-0.014215,-4.879727,0.362577,-0.055600,-2.754574,0.860000,0.060000,0.060000,0.000000,-0.600000,0.362577
102,-1.768310,-0.010733,-4.907273,0.360580,-0.053879,-2.822374,0.820000,0.060000,0.060000,0.000000,-0.600000,0.360580
103,-1.767083,-0.007299,-4.935496,0.358597,-0.052250,-2.873244,0.780000,0.060000,0.060000,0.000000,-0.600000,0.358597
104,-1.765780,-0.003918,-4.964229,0.356608,-0.050732,-2.910612,0.740000,1.000000,0.060000,0.400000,-0.200000,0.356608
105,-1.764400,-0.000591,-4.993335,0.386986,-0.039767,-2.527802,0.700000,1.000000,0.060000,0.400000,-0.200000,0.386986
106,-1.762945,0.003017,-5.018613,0.416484,-0.031036,-2.248458,0.680000,1.000000,0.040000,0.400000,-0.400000,0.416484
107,-1.761394,0.006895,-5.041098,0.443284,-0.029425,-2.278377,0.660000,1.000000,0.040000,0.400000,-0.400000,0.443284
108,-1.759684,0.010995,-5.063881,0.469926,-0.027371,-2.321815,0.640000,1.000000,0.040000,0.400000,-0.400000,0.469926
109,-1.757809,0.015313,-5.087100,0.496422,-0.024807,-2.374199,0.620000,1.000000,0.040000,0.400000,-0.400000,0.496422
110,-1.755761,0.019842,-5.110842,0.522773,-0.021680,-2.432333,0.600000,1.000000,0.040000,0.400000,-0.400000,0.522773
111,-1.753533,0.024576,-5.135165,0.548971,-0.017945,-2.493932,0.580000,1.000000,1.000000,0.400000,-0.400000,0.548971
112,-1.751117,0.029509,-5.160104,0.575004,-0.013567,-2.557320,0.580000,1.000000,1.000000,0.600000,-0.400000,0.575004
113,-1.748506,0.034633,-5.185677,0.614855,-0.008513,-2.621253,0.560000,0.880000,1.000000,0.400000,-0.400000,0.614855
114,-1.745627,0.040067,-5.211890,0.640484,-0.002363,-2.690337,0.540000,0.840000,1.000000,0.400000,-0.400000,0.640484
115,-1.742539,0.045678,-5.238793,0.665878,0.004534,-2.757074,0.520000,0.800000,1.000000,0.200000,-0.200000,0.665878
116,-1.739232,0.051458,-5.266364,0.679193,0.016012,-2.657904,0.500000,0.760000,1.000000,0.200000,-0.200000,0.679193
117,-1.735795,0.057319,-5.292943,0.692077,0.026345,-2.575606,0.500000,0.720000,1.000000,0.200000,-0.200000,0.692077
118,-1.732220,0.063250,-5.318699,0.704603,0.035759,-2.506927,0.480000,0.680000,1.000000,0.200000,-0.200000,0.704603
119,-1.728498,0.069244,-5.343768,0.716822,0.044435,-2.449312,0.480000,0.660000,1.000000,0.400000,-0.400000,0.716822
120,-1.724626,0.075292,-5.368262,0.740625,0.049779,-2.517753,0.460000,0.640000,1.000000,0.200000,-0.200000,0.740625
121,-1.720504,0.081466,-5.393439,0.752383,0.058729,-2.470446,0.440000,0.600000,1.000000,0.400000,-0.400000,0.752383
122,-1.716223,0.087681,-5.418144,0.775743,0.064705,-2.535933,0.440000,0.580000,1.000000,0.200000,-0.200000,0.775743
123,-1.711684,0.094005,-5.443503,0.787021,0.074029,-2.496700,0.420000,0.560000,1.000000,0.200000,-0.200000,0.787021
124,-1.706980,0.100358,-5.468470,0.798035,0.082925,-2.463046,0.420000,0.540000,1.000000,0.400000,-0.400000,0.798035
125,-1.702108,0.106733,-5.493100,0.820691,0.089387,-2.523216,0.400000,0.520000,0.980000,0.200000,-0.400000,0.820691
126,-1.696967,0.113192,-5.518332,0.829114,0.096788,-2.581491,0.400000,0.500000,0.820000,0.200000,-0.400000,0.829114
127,-1.691656,0.119631,-5.544147,0.837273,0.104699,-2.635043,0.400000,0.480000,0.780000,0.200000,-0.400000,0.837273
128,-1.686173,0.126045,-5.570498,0.845149,0.113083,-2.684159,0.380000,0.480000,0.720000,0.200000,-0.400000,0.845149
129,-1.680518,0.132427,-5.597339,0.852725,0.121906,-2.729127,0.380000,0.460000,0.680000,0.200000,-0.400000,0.852725
130,-1.674690,0.138771,-5.624631,0.859986,0.131135,-2.770231,0.360000,0.440000,0.640000,0.000000,-0.400000,0.859986
131,-1.668692,0.145071,-5.652333,0.852917,0.140740,-2.807750,0.360000,0.420000,0.620000,0.000000,-0.400000,0.852917
132,-1.662634,0.151238,-5.680410,0.845504,0.150245,-2.839948,0.360000,0.420000,0.580000,0.000000,-0.400000,0.845504
133,-1.656521,0.157269,-5.708810,0.837752,0.159607,-2.867482,0.340000,0.400000,0.540000,0.000000,-0.400000,0.837752
134,-1.650355,0.163161,-5.737485,0.829667,0.168788,-2.890936,0.340000,0.380000,0.520000,0.000000,-0.400000,0.829667
135,-1.644139,0.168910,-5.766394,0.821257,0.177754,-2.910829,0.320000,0.380000,0.500000,0.000000,-0.400000,0.821257
136,-1.637877,0.174513,-5.795502,0.812531,0.186477,-2.927620,0.320000,0.360000,0.480000,0.000000,-0.200000,0.812531
137,-1.631573,0.179967,-5.824779,0.805538,0.195958,-2.897866,0.320000,0.360000,0.460000,0.000000,-0.200000,0.805538
138,-1.625217,0.185289,-5.853757,0.798294,0.204753,-2.870922,0.320000,0.340000,0.440000,0.000000,-0.200000,0.798294
139,-1.618811,0.190475,-5.882467,0.790822,0.212908,-2.846503,0.300000,0.340000,0.420000,0.000000,-0.200000,0.790822
140,-1.612360,0.195520,-5.910932,0.783144,0.220463,-2.824358,0.300000,0.320000,0.400000,0.000000,-0.200000,0.783144
141,-1.605867,0.200422,-5.939175,0.775277,0.227453,-2.804275,0.300000,0.320000,0.380000,0.000000,-0.200000,0.775277
142,-1.599335,0.205178,-5.967218,0.767239,0.233910,-2.786063,0.280000,0.300000,0.360000,-0.200000,-0.400000,0.767239
143,-1.592769,0.209785,-5.995079,0.743042,0.239305,-2.793316,0.280000,0.300000,0.360000,-0.200000,-0.400000,0.743042
144,-1.586325,0.214191,-6.023012,0.718664,0.243965,-2.798553,0.280000,0.280000,0.340000,-0.200000,-0.400000,0.718664
145,-1.580008,0.218397,-6.050997,0.694131,0.247878,-2.802097,0.280000,0.280000,0.320000,-0.200000,-0.400000,0.694131
146,-1.573823,0.222407,-6.079018,0.669467,0.251035,-2.804222,0.280000,0.280000,0.320000,-0.200000,-0.400000,0.669467
147,-1.567777,0.226222,-6.107060,0.644700,0.253431,-2.805170,0.260000,0.260000,0.300000,-0.400000,-0.400000,0.644700
148,-1.561874,0.229847,-6.135112,0.605852,0.255062,-2.805147,0.260000,0.260000,0.300000,-0.400000,-0.400000,0.605852
149,-1.556258,0.233264,-6.163164,0.566946,0.255502,-2.803937,0.260000,0.260000,0.280000,-0.400000,-0.400000,0.566946
150,-1.550935,0.236479,-6.191203,0.528018,0.254754,-2.801892,0.260000,0.260000,0.280000,-0.200000,-0.400000,0.528018
151,-1.545911,0.239501,-6.219222,0.503105,0.252825,-2.799322,0.260000,0.240000,0.260000,-0.200000,-0.400000,0.503105
152,-1.541052,0.242346,-6.247215,0.478246,0.250143,-2.796518,0.260000,0.240000,0.260000,-0.200000,-0.400000,0.478246
153,-1.536362,0.245017,-6.275180,0.453464,0.246714,-2.793556,0.260000,0.240000,0.260000,-0.200000,-0.400000,0.453464
154,-1.531848,0.247521,-6.303116,0.428780,0.242546,-2.790498,0.260000,0.240000,0.240000,-0.200000,-0.400000,0.428780
155,-1.527512,0.249860,-6.331021,0.404215,0.237646,-2.787400,0.260000,0.240000,0.240000,-0.200000,-0.400000,0.404215
156,-1.523361,0.252041,-6.358895,0.379790,0.232021,-2.784304,0.260000,0.220000,0.240000,-0.400000,-0.400000,0.379790
157,-1.519399,0.254067,-6.386738,0.341525,0.225682,-2.781248,0.240000,0.220000,0.240000,0.000000,-0.400000,0.341525
158,-1.515768,0.255959,-6.414550,0.331434,0.218224,-2.778749,0.240000,0.220000,0.220000,0.000000,-0.400000,0.331434
159,-1.512197,0.257688,-6.442338,0.321561,0.210486,-2.775793,0.260000,0.220000,0.220000,0.000000,-0.400000,0.321561
160,-1.508688,0.259257,-6.470096,0.311915,0.202476,-2.772289,0.260000,0.220000,0.220000,0.000000,-0.400000,0.311915
161,-1.505247,0.260667,-6.497819,0.302504,0.194202,-2.768125,0.260000,0.220000,0.220000,0.000000,-0.400000,0.302504
162,-1.501878,0.261920,-6.525500,0.293340,0.185673,-2.763167,0.240000,0.220000,0.220000,-0.200000,-0.400000,0.293340
163,-1.498585,0.263018,-6.553132,0.270431,0.176898,-2.757245,0.240000,0.220000,0.200000,-0.200000,-0.400000,0.270431
164,-1.495507,0.264002,-6.580704,0.247777,0.167471,-2.751021,0.220000,0.220000,0.200000,-0.200000,-0.400000,0.247777
165,-1.492647,0.264877,-6.608214,0.225396,0.157408,-2.744368,0.220000,0.220000,0.200000,-0.200000,-0.400000,0.225396
166,-1.490008,0.265649,-6.635658,0.203310,0.146725,-2.737089,0.220000,0.220000,0.200000,-0.200000,-0.400000,0.203310
167,-1.487593,0.266324,-6.663029,0.181537,0.135442,-2.728871,0.220000,0.220000,0.200000,-0.200000,-0.400000,0.181537
168,-1.485405,0.266909,-6.690317,0.160100,0.123584,-2.719196,0.220000,0.220000,0.200000,0.000000,-0.400000,0.160100
169,-1.483446,0.267410,-6.717509,0.153023,0.111188,-2.707154,0.220000,0.220000,0.200000,0.000000,-0.400000,0.153023
170,-1.481590,0.267774,-6.744581,0.146364,0.098737,-2.688317,0.220000,0.220000,0.200000,0.200000,-0.400000,0.146364
171,-1.479840,0.268007,-6.771464,0.154163,0.086319,-2.659151,0.220000,0.220000,0.200000,0.200000,-0.400000,0.154163
172,-1.478073,0.268046,-6.798056,0.162491,0.074466,-2.612636,0.220000,0.220000,0.200000,0.000000,-0.400000,0.162491
173,-1.476292,0.267894,-6.824182,0.157370,0.063241,-2.546007,0.240000,0.220000,0.200000,0.200000,-0.400000,0.157370
174,-1.474618,0.267626,-6.849642,0.166822,0.052344,-2.455621,0.240000,0.220000,0.200000,0.200000,-0.400000,0.166822
175,-1.472929,0.267172,-6.874198,0.176829,0.042114,-2.343302,0.240000,0.220000,0.200000,0.200000,-0.400000,0.176829
176,-1.471226,0.266536,-6.897631,0.187331,0.032459,-2.214295,0.260000,0.220000,0.200000,0.200000,-0.400000,0.187331
177,-1.469508,0.265722,-6.919774,0.198255,0.023298,-2.075664,0.260000,0.220000,0.200000,0.200000,-0.600000,0.198255
178,-1.467776,0.264730,-6.940531,0.207053,0.012997,-2.004292,0.260000,0.220000,0.200000,0.200000,-0.400000,0.207053
179,-1.466057,0.263568,-6.960574,0.218797,0.005228,-1.854867,0.260000,0.220000,0.200000,0.200000,-0.400000,0.218797
180,-1.464319,0.262238,-6.979122,0.230738,-0.002033,-1.727547,0.280000,0.220000,0.200000,0.400000,-0.600000,0.230738
181,-1.462562,0.260743,-6.996398,0.254241,-0.010652,-1.719153,0.280000,0.200000,0.200000,0.200000,-0.600000,0.254241
182,-1.460709,0.258999,-7.013590,0.263955,-0.017894,-1.750595,0.280000,0.200000,0.200000,0.200000,-0.600000,0.263955
183,-1.458862,0.257104,-7.031095,0.273923,-0.024090,-1.804091,0.280000,0.200000,0.200000,0.200000,-0.600000,0.273923
184,-1.457017,0.255065,-7.049136,0.284127,-0.029293,-1.874986,0.300000,0.180000,0.200000,0.200000,-0.600000,0.284127
185,-1.455173,0.252884,-7.067886,0.294546,-0.033589,-1.957780,0.300000,0.180000,0.200000,0.200000,-0.600000,0.294546
186,-1.453326,0.250565,-7.087464,0.305156,-0.037072,-2.047520,0.320000,0.180000,0.200000,0.200000,-0.600000,0.305156
187,-1.451476,0.248110,-7.107939,0.315933,-0.039830,-2.140362,0.320000,0.180000,0.200000,0.200000,-0.600000,0.315933
188,-1.449624,0.245519,-7.129343,0.326851,-0.041936,-2.233585,0.340000,0.200000,0.200000,0.200000,-0.600000,0.326851
189,-1.447772,0.242794,-7.151679,0.337881,-0.043453,-2.325375,0.360000,0.200000,0.200000,0.200000,-0.600000,0.337881
190,-1.445921,0.239934,-7.174932,0.348996,-0.044431,-2.414584,0.380000,0.200000,0.200000,0.200000,-0.600000,0.348996
191,-1.444075,0.236939,-7.199078,0.360172,-0.044912,-2.500517,0.400000,0.200000,0.200000,0.200000,-0.600000,0.360172
192,-1.442237,0.233809,-7.224083,0.371383,-0.044929,-2.582778,0.420000,0.200000,0.200000,0.200000,-0.600000,0.371383
193,-1.440413,0.230544,-7.249911,0.382606,-0.044507,-2.661163,0.400000,0.200000,0.200000,0.200000,-0.600000,0.382606
194,-1.438606,0.227142,-7.276523,0.393818,-0.043671,-2.735588,0.400000,0.220000,0.180000,0.200000,-0.600000,0.393818
195,-1.436822,0.223604,-7.303879,0.404999,-0.042436,-2.806041,0.400000,0.220000,0.160000,0.200000,-0.600000,0.404999
196,-1.435066,0.219929,-7.331939,0.416129,-0.040820,-2.872552,0.400000,0.220000,0.160000,0.200000,-0.600000,0.416129
197,-1.433345,0.216119,-7.360665,0.427188,-0.038834,-2.935177,0.480000,0.240000,0.160000,0.200000,-0.600000,0.427188
198,-1.431664,0.212172,-7.390016,0.438160,-0.036490,-2.993983,0.580000,0.240000,0.160000,0.200000,-0.400000,0.438160
199,-1.430030,0.208091,-7.419956,0.451803,-0.031038,-2.930976,0.660000,0.260000,0.160000,0.200000,-0.600000,0.451803
200,-1.428411,0.203861,-7.449266,0.462337,-0.028513,-2.991863,0.660000,0.280000,0.160000,0.200000,-0.400000,0.462337
201,-1.426853,0.199499,-7.479185,0.475445,-0.023256,-2.947874,0.840000,0.280000,0.160000,0.200000,-0.400000,0.475445
202,-1.425329,0.194989,-7.508663,0.488208,-0.018317,-2.917699,1.000000,0.300000,0.160000,0.200000,-0.400000,0.488208
203,-1.423849,0.190334,-7.537840,0.500674,-0.013577,-2.898066,1.000000,0.320000,0.180000,0.200000,-0.400000,0.500674
204,-1.422421,0.185533,-7.566821,0.512876,-0.008948,-2.886556,1.000000,0.360000,0.180000,0.200000,-0.400000,0.512876
205,-1.421054,0.180589,-7.595687,0.524836,-0.004362,-2.881349,1.000000,0.360000,0.180000,0.200000,-0.400000,0.524836
206,-1.419756,0.175503,-7.624500,0.536571,0.000232,-2.881050,1.000000,0.360000,0.180000,0.200000,-0.200000,0.536571
207,-1.418533,0.170279,-7.653311,0.550259,0.009286,-2.696046,1.000000,0.360000,0.200000,0.200000,-0.200000,0.550259
208,-1.417345,0.164905,-7.680271,0.563527,0.016838,-2.546927,1.000000,0.340000,0.200000,0.200000,-0.200000,0.563527
209,-1.416205,0.159384,-7.705740,0.576482,0.023237,-2.425697,1.000000,0.360000,0.200000,0.400000,-0.400000,0.576482
210,-1.415124,0.153716,-7.729997,0.601022,0.025389,-2.470113,1.000000,0.440000,0.220000,0.400000,-0.200000,0.601022
211,-1.414129,0.147784,-7.754698,0.627645,0.031665,-2.377243,1.000000,0.520000,0.220000,0.400000,-0.200000,0.627645
212,-1.413192,0.141570,-7.778471,0.654051,0.037623,-2.305441,1.000000,0.600000,0.220000,0.400000,-0.200000,0.654051
213,-1.412323,0.135076,-7.801525,0.680268,0.043417,-2.250207,1.000000,0.600000,0.240000,0.400000,-0.400000,0.680268
214,-1.411533,0.128305,-7.824027,0.704167,0.046499,-2.322310,1.000000,0.600000,0.260000,0.400000,-0.200000,0.704167
215,-1.410857,0.121281,-7.847250,0.730095,0.053202,-2.280909,1.000000,1.000000,0.260000,0.400000,0.000000,0.730095
216,-1.410276,0.113984,-7.870060,0.756836,0.065417,-2.014666,1.000000,1.000000,0.280000,0.400000,-0.200000,0.756836
217,-1.409744,0.106406,-7.890206,0.782355,0.070212,-2.008632,1.000000,1.000000,0.300000,0.400000,-0.200000,0.782355
218,-1.409325,0.098562,-7.910293,0.807754,0.075353,-2.007412,1.000000,1.000000,0.300000,0.400000,-0.200000,0.807754
219,-1.409028,0.090455,-7.930367,0.833025,0.080867,-2.010192,0.960000,1.000000,0.300000,0.400000,-0.200000,0.833025
220,-1.408857,0.082087,-7.950469,0.858158,0.086777,-2.016282,0.820000,1.000000,0.280000,0.400000,-0.200000,0.858158
221,-1.408820,0.073462,-7.970631,0.883141,0.093100,-2.025100,0.800000,1.000000,0.280000,0.400000,-0.200000,0.883141
222,-1.408923,0.064582,-7.990882,0.907964,0.099855,-2.036150,0.760000,1.000000,0.260000,0.400000,-0.200000,0.907964
223,-1.409173,0.055451,-8.011244,0.932614,0.107057,-2.049010,0.740000,1.000000,0.260000,0.400000,-0.200000,0.932614
224,-1.409576,0.046072,-8.031734,0.957079,0.114718,-2.063320,0.720000,1.000000,0.280000,0.400000,-0.200000,0.957079
225,-1.410140,0.036450,-8.052367,0.981346,0.122849,-2.078774,0.680000,1.000000,0.340000,0.200000,-0.200000,0.981346
226,-1.410869,0.026587,-8.073155,0.991402,0.131459,-2.095113,0.660000,1.000000,0.380000,0.200000,-0.200000,0.991402
227,-1.411742,0.016624,-8.094106,1.001232,0.140203,-2.110483,0.640000,1.000000,0.460000,0.200000,-0.200000,1.001232
228,-1.412761,0.006565,-8.115211,1.010833,0.149077,-2.124991,0.620000,1.000000,0.500000,0.400000,-0.200000,1.010833
229,-1.413931,-0.003585,-8.136461,1.034201,0.158079,-2.138733,0.600000,1.000000,0.480000,0.200000,-0.200000,1.034201
230,-1.415296,-0.013958,-8.157848,1.043334,0.167568,-2.153195,0.580000,1.000000,0.480000,0.200000,-0.200000,1.043334
231,-1.416819,-0.024415,-8.179380,1.052217,0.177189,-2.166891,0.560000,1.000000,0.580000,0.400000,-0.200000,1.052217
232,-1.418504,-0.034951,-8.201049,1.074846,0.186937,-2.179911,0.540000,1.000000,1.000000,0.200000,-0.200000,1.074846
233,-1.420402,-0.045694,-8.222848,1.083219,0.197177,-2.193517,0.540000,1.000000,1.000000,0.400000,-0.200000,1.083219
234,-1.422468,-0.056509,-8.244783,1.105320,0.207546,-2.206471,0.520000,1.000000,1.000000,0.400000,-0.200000,1.105320
235,-1.424760,-0.067519,-8.266848,1.127147,0.218407,-2.219902,0.500000,0.960000,1.000000,0.400000,-0.200000,1.127147
236,-1.427282,-0.078720,-8.289047,1.148685,0.229765,-2.233708,0.480000,0.900000,1.000000,0.400000,-0.200000,1.148685
237,-1.430040,-0.090105,-8.311384,1.169920,0.241622,-2.247804,0.480000,0.860000,1.000000,0.400000,-0.200000,1.169920
238,-1.433038,-0.101669,-8.333862,1.190836,0.253979,-2.262118,0.460000,0.820000,1.000000,0.400000,-0.200000,1.190836
239,-1.436283,-0.113405,-8.356483,1.211419,0.266838,-2.276590,0.440000,0.780000,1.000000,0.400000,-0.200000,1.211419
240,-1.439779,-0.125307,-8.379249,1.231652,0.280199,-2.291173,0.440000,0.660000,1.000000,0.200000,-0.200000,1.231652
241,-1.443531,-0.137368,-8.402161,1.237522,0.294062,-2.305829,0.420000,0.640000,1.000000,0.200000,-0.200000,1.237522
242,-1.447470,-0.149462,-8.425219,1.243010,0.308057,-2.319864,0.420000,0.600000,1.000000,0.200000,-0.200000,1.243010
243,-1.451599,-0.161584,-8.448418,1.248114,0.322177,-2.333385,0.400000,0.580000,1.000000,0.200000,-0.200000,1.248114
244,-1.455920,-0.173729,-8.471752,1.252829,0.336417,-2.346490,0.400000,0.560000,1.000000,0.200000,-0.200000,1.252829
245,-1.460435,-0.185890,-8.495217,1.257150,0.350773,-2.359267,0.380000,0.540000,1.000000,0.000000,-0.400000,1.257150
246,-1.465144,-0.198063,-8.518809,1.245079,0.364807,-2.390290,0.380000,0.500000,1.000000,0.000000,-0.400000,1.245079
247,-1.469954,-0.210112,-8.542712,1.232554,0.378813,-2.417980,0.360000,0.480000,1.000000,-0.200000,-0.400000,1.232554
248,-1.474863,-0.222036,-8.566892,1.205577,0.392739,-2.442672,0.360000,0.460000,0.960000,-0.200000,-0.400000,1.205577
249,-1.479777,-0.233724,-8.591319,1.178157,0.406170,-2.463918,0.340000,0.460000,0.900000,-0.200000,-0.400000,1.178157
250,-1.484691,-0.245176,-8.615958,1.150313,0.419054,-2.482172,0.340000,0.440000,0.840000,-0.200000,-0.400000,1.150313
251,-1.489600,-0.256392,-8.640780,1.122067,0.431344,-2.497843,0.320000,0.420000,0.780000,-0.200000,-0.200000,1.122067
252,-1.494500,-0.267369,-8.665758,1.095406,0.443087,-2.507757,0.320000,0.400000,0.740000,-0.200000,-0.200000,1.095406
253,-1.499398,-0.278122,-8.690836,1.068397,0.454131,-2.518004,0.320000,0.380000,0.700000,-0.400000,-0.200000,1.068397
254,-1.504289,-0.288651,-8.716016,1.027054,0.464476,-2.528699,0.300000,0.380000,0.660000,-0.200000,-0.200000,1.027054
255,-1.509063,-0.298862,-8.741303,0.999391,0.473741,-2.540024,0.300000,0.360000,0.620000,-0.200000,-0.200000,0.999391
256,-1.513821,-0.308846,-8.766703,0.971433,0.482313,-2.551994,0.300000,0.340000,0.580000,-0.200000,-0.200000,0.971433
257,-1.518557,-0.318603,-8.792223,0.943191,0.490196,-2.564671,0.280000,0.340000,0.480000,-0.400000,-0.200000,0.943191
258,-1.523265,-0.328133,-8.817869,0.900680,0.497390,-2.578106,0.280000,0.320000,0.460000,-0.400000,-0.400000,0.900680
259,-1.527827,-0.337356,-8.843651,0.855965,0.503730,-2.583116,0.280000,0.320000,0.440000,-0.400000,-0.400000,0.855965
260,-1.532216,-0.346265,-8.869482,0.811058,0.508902,-2.587584,0.260000,0.300000,0.420000,-0.400000,-0.400000,0.811058
261,-1.536425,-0.354865,-8.895358,0.765992,0.512901,-2.591714,0.260000,0.300000,0.400000,-0.400000,-0.400000,0.765992
262,-1.540446,-0.363161,-8.921275,0.720798,0.515721,-2.595685,0.260000,0.300000,0.380000,-0.400000,-0.400000,0.720798
263,-1.544271,-0.371156,-8.947232,0.675508,0.517363,-2.599653,0.260000,0.280000,0.380000,0.000000,-0.400000,0.675508
264,-1.547893,-0.378855,-8.973228,0.658152,0.517825,-2.603751,0.260000,0.280000,0.360000,0.000000,-0.400000,0.658152
265,-1.551555,-0.386386,-8.999266,0.640763,0.517853,-2.607931,0.240000,0.280000,0.340000,0.000000,-0.400000,0.640763
266,-1.555254,-0.393748,-9.025345,0.623351,0.517445,-2.612204,0.240000,0.260000,0.340000,-0.200000,-0.400000,0.623351
267,-1.558984,-0.400939,-9.051467,0.591926,0.516601,-2.616585,0.240000,0.260000,0.320000,-0.200000,-0.400000,0.591926
268,-1.562612,-0.407908,-9.077633,0.560501,0.514949,-2.621202,0.240000,0.260000,0.300000,-0.200000,-0.400000,0.560501
269,-1.566131,-0.414657,-9.103845,0.529093,0.512488,-2.626093,0.240000,0.240000,0.300000,-0.200000,-0.400000,0.529093
270,-1.569535,-0.421190,-9.130106,0.497725,0.509221,-2.631293,0.240000,0.240000,0.300000,-0.200000,-0.400000,0.497725
271,-1.572818,-0.427508,-9.156419,0.466416,0.505149,-2.636832,0.240000,0.240000,0.280000,-0.200000,-0.400000,0.466416
272,-1.575976,-0.433615,-9.182787,0.435185,0.500274,-2.642736,0.240000,0.240000,0.280000,-0.400000,-0.400000,0.435185
273,-1.579002,-0.439515,-9.209214,0.390053,0.494597,-2.649029,0.220000,0.240000,0.260000,-0.400000,-0.400000,0.390053
274,-1.581755,-0.445181,-9.235705,0.345040,0.487750,-2.655958,0.220000,0.220000,0.260000,-0.400000,-0.400000,0.345040
275,-1.584227,-0.450620,-9.262264,0.300175,0.479737,-2.663557,0.220000,0.220000,0.260000,-0.400000,-0.400000,0.300175
276,-1.586413,-0.455840,-9.288900,0.255487,0.470560,-2.671847,0.220000,0.220000,0.240000,-0.400000,-0.400000,0.255487
277,-1.588307,-0.460848,-9.315618,0.211005,0.460224,-2.680837,0.220000,0.220000,0.240000,-0.400000,-0.400000,0.211005
278,-1.589903,-0.465653,-9.342427,0.166759,0.448731,-2.690519,0.220000,0.220000,0.240000,-0.200000,-0.400000,0.166759
279,-1.591196,-0.470262,-9.369332,0.136780,0.436085,-2.700871,0.220000,0.220000,0.240000,-0.200000,-0.400000,0.136780
280,-1.592320,-0.474692,-9.396340,0.107098,0.422660,-2.711647,0.220000,0.220000,0.240000,-0.200000,-0.400000,0.107098
281,-1.593270,-0.478947,-9.423457,0.077736,0.408460,-2.722829,0.220000,0.220000,0.220000,-0.200000,-0.400000,0.077736
282,-1.594042,-0.483033,-9.450685,0.048714,0.393488,-2.734398,0.240000,0.220000,0.220000,-0.200000,-0.400000,0.048714
283,-1.594631,-0.486954,-9.478029,0.020058,0.377750,-2.746327,0.240000,0.220000,0.220000,-0.200000,-0.400000,0.020058
284,-1.595032,-0.490715,-9.505493,-0.008210,0.361251,-2.758585,0.240000,0.220000,0.220000,0.200000,-0.400000,-0.008210
285,-1.595242,-0.494323,-9.533078,-0.008065,0.343996,-2.771140,0.240000,0.220000,0.220000,0.200000,-0.400000,-0.008065
286,-1.595534,-0.497751,-9.560790,-0.007488,0.326744,-2.783694,0.240000,0.220000,0.220000,0.200000,-0.400000,-0.007488
287,-1.595902,-0.500999,-9.588627,-0.006474,0.309507,-2.796241,0.240000,0.220000,0.220000,0.200000,-0.400000,-0.006474
288,-1.596343,-0.504063,-9.616589,-0.005018,0.292296,-2.808777,0.240000,0.220000,0.220000,0.200000,-0.400000,-0.005018
289,-1.596851,-0.506942,-9.644677,-0.003119,0.275125,-2.821298,0.260000,0.220000,0.220000,0.200000,-0.400000,-0.003119
290,-1.597421,-0.509634,-9.672890,-0.000771,0.258005,-2.833800,0.260000,0.220000,0.220000,0.000000,-0.400000,-0.000771
291,-1.598047,-0.512137,-9.701228,-0.011974,0.240949,-2.846279,0.260000,0.220000,0.220000,0.200000,-0.400000,-0.011974
292,-1.598590,-0.514487,-9.729691,-0.008720,0.223587,-2.858843,0.260000,0.220000,0.220000,0.200000,-0.400000,-0.008720
293,-1.599178,-0.516646,-9.758279,-0.005001,0.206314,-2.871372,0.260000,0.220000,0.220000,0.200000,-0.400000,-0.005001
294,-1.599806,-0.518612,-9.786993,-0.000815,0.189143,-2.883868,0.280000,0.220000,0.220000,0.200000,-0.400000,-0.000815
295,-1.600468,-0.520384,-9.815831,0.003840,0.172085,-2.896342,0.280000,0.220000,0.200000,0.000000,-0.400000,0.003840
296,-1.601160,-0.521960,-9.844795,-0.005037,0.155154,-2.908820,0.280000,0.220000,0.200000,0.200000,-0.400000,-0.005037
297,-1.601747,-0.523397,-9.873883,0.000561,0.137983,-2.921238,0.300000,0.240000,0.200000,0.200000,-0.400000,0.000561
298,-1.602351,-0.524638,-9.903095,0.006639,0.120963,-2.933723,0.300000,0.240000,0.200000,0.200000,-0.400000,0.006639
299,-1.602966,-0.525681,-9.932433,0.013193,0.104101,-2.946505,0.320000,0.240000,0.220000,0.200000,-0.400000,0.013193
300,-1.603588,-0.526527,-9.961898,0.020222,0.087412,-2.959491,0.320000,0.240000,0.220000,0.200000,-0.200000,0.020222
301,-1.604209,-0.527174,-9.991493,0.030282,0.073478,-2.862683,0.340000,0.240000,0.220000,0.200000,-0.400000,0.030282
302,-1.604859,-0.527632,-10.020119,0.041070,0.063853,-2.591670,0.340000,0.240000,0.220000,0.200000,-0.400000,0.041070
303,-1.605557,-0.527930,-10.046036,0.051924,0.053497,-2.358417,0.320000,0.260000,0.220000,0.400000,-0.400000,0.051924
304,-1.606290,-0.528063,-10.069620,0.077280,0.043535,-2.112870,0.320000,0.260000,0.220000,0.200000,-0.400000,0.077280
305,-1.607170,-0.527946,-10.090749,0.088463,0.032722,-1.917220,0.320000,0.260000,0.220000,0.200000,-0.400000,0.088463
306,-1.608067,-0.527657,-10.109921,0.100191,0.022560,-1.695655,0.320000,0.260000,0.220000,0.200000,-0.400000,0.100191
307,-1.608986,-0.527198,-10.126878,0.112227,0.012597,-1.469886,0.320000,0.260000,0.220000,0.200000,-0.400000,0.112227
308,-1.609924,-0.526569,-10.141577,0.124479,0.002840,-1.252707,0.320000,0.260000,0.220000,0.200000,-0.400000,0.124479
309,-1.610881,-0.525773,-10.154104,0.136892,-0.006323,-1.065938,0.340000,0.260000,0.220000,0.400000,-0.600000,0.136892
310,-1.611860,-0.524813,-10.164763,0.160690,-0.016695,-1.060542,0.340000,0.260000,0.220000,0.400000,-0.600000,0.160690
311,-1.612934,-0.523606,-10.175369,0.184747,-0.024586,-1.143978,0.340000,0.260000,0.220000,0.400000,-0.600000,0.184747
312,-1.614117,-0.522167,-10.186808,0.209027,-0.030672,-1.279336,0.340000,0.280000,0.220000,0.400000,-0.600000,0.209027
313,-1.615418,-0.520502,-10.199602,0.233501,-0.035570,-1.433958,0.360000,0.280000,0.220000,0.400000,-0.400000,0.233501
314,-1.616837,-0.518614,-10.213941,0.261053,-0.036169,-1.448048,0.360000,0.280000,0.220000,0.400000,-0.400000,0.261053
315,-1.618420,-0.516506,-10.228422,0.288309,-0.036876,-1.502564,0.360000,0.280000,0.220000,0.200000,-0.400000,0.288309
316,-1.620155,-0.514175,-10.243447,0.301400,-0.037477,-1.577440,0.380000,0.280000,0.220000,0.400000,-0.400000,0.301400
317,-1.621941,-0.511718,-10.259222,0.328500,-0.037860,-1.648252,0.380000,0.280000,0.220000,0.400000,-0.400000,0.328500
318,-1.623866,-0.509030,-10.275704,0.355490,-0.037981,-1.730232,0.400000,0.280000,0.220000,0.400000,-0.400000,0.355490
319,-1.625925,-0.506106,-10.293007,0.382398,-0.037745,-1.818274,0.420000,0.280000,0.220000,0.200000,-0.600000,0.382398
320,-1.628107,-0.502944,-10.311189,0.392601,-0.039274,-2.003095,0.420000,0.300000,0.220000,0.200000,-0.600000,0.392601
321,-1.630285,-0.499654,-10.331220,0.402966,-0.040118,-2.168507,0.440000,0.300000,0.220000,0.200000,-0.600000,0.402966
322,-1.632454,-0.496234,-10.352905,0.413456,-0.040322,-2.316780,0.460000,0.300000,0.220000,0.200000,-0.400000,0.413456
323,-1.634609,-0.492682,-10.376073,0.426745,-0.037440,-2.343644,0.460000,0.300000,0.220000,0.200000,-0.400000,0.426745
324,-1.636782,-0.488991,-10.399510,0.439860,-0.034585,-2.373610,0.460000,0.280000,0.220000,0.400000,-0.400000,0.439860
325,-1.638965,-0.485156,-10.423246,0.466815,-0.031702,-2.405733,0.440000,0.280000,0.220000,0.200000,-0.400000,0.466815
326,-1.641227,-0.481060,-10.447303,0.479563,-0.028451,-2.449050,0.440000,0.280000,0.220000,0.200000,-0.400000,0.479563
327,-1.643484,-0.476819,-10.471794,0.492165,-0.025064,-2.491008,0.500000,0.260000,0.220000,0.200000,-0.400000,0.492165
328,-1.645728,-0.472432,-10.496704,0.504619,-0.021522,-2.531656,0.560000,0.260000,0.220000,0.200000,-0.400000,0.504619
329,-1.647953,-0.467898,-10.522020,0.516921,-0.017809,-2.571016,0.660000,0.280000,0.240000,0.400000,-0.400000,0.516921
330,-1.650152,-0.463217,-10.547730,0.543067,-0.013911,-2.609090,0.820000,0.280000,0.240000,0.200000,-0.400000,0.543067
331,-1.652379,-0.458261,-10.573821,0.555019,-0.009439,-2.652992,1.000000,0.300000,0.240000,0.200000,-0.400000,0.555019
332,-1.654564,-0.453159,-10.600351,0.566796,-0.004744,-2.694186,1.000000,0.320000,0.240000,0.200000,-0.200000,0.566796
333,-1.656703,-0.447909,-10.627293,0.580562,0.004461,-2.549679,1.000000,0.320000,0.240000,0.200000,-0.200000,0.580562
334,-1.658835,-0.442509,-10.652790,0.593933,0.012355,-2.432926,1.000000,0.340000,0.240000,0.400000,-0.400000,0.593933
335,-1.660947,-0.436957,-10.677119,0.618816,0.015634,-2.491795,1.000000,0.360000,0.260000,0.200000,-0.200000,0.618816
336,-1.663033,-0.431129,-10.702037,0.631752,0.023260,-2.402000,1.000000,0.380000,0.240000,0.400000,-0.200000,0.631752
337,-1.665084,-0.425149,-10.726057,0.658423,0.030086,-2.328017,1.000000,0.400000,0.240000,0.400000,-0.200000,0.658423
338,-1.667127,-0.418882,-10.749337,0.684865,0.036650,-2.271593,1.000000,0.400000,0.220000,0.400000,-0.400000,0.684865
339,-1.669152,-0.412330,-10.772053,0.708950,0.040283,-2.349228,1.000000,0.380000,0.220000,0.200000,-0.200000,0.708950
340,-1.671116,-0.405506,-10.795545,0.721056,0.047680,-2.306814,1.000000,0.380000,0.200000,0.200000,-0.200000,0.721056
341,-1.673016,-0.398534,-10.818614,0.732949,0.054659,-2.271236,1.000000,0.380000,0.220000,0.400000,-0.200000,0.732949
342,-1.674844,-0.391415,-10.841326,0.758649,0.061305,-2.241379,1.000000,0.400000,0.220000,0.400000,-0.200000,0.758649
343,-1.676616,-0.384013,-10.863740,0.784168,0.068063,-2.219494,1.000000,0.460000,0.220000,0.400000,-0.200000,0.784168
344,-1.678321,-0.376329,-10.885935,0.809509,0.074991,-2.204154,1.000000,0.540000,0.220000,0.400000,-0.200000,0.809509
345,-1.679953,-0.368364,-10.907976,0.834668,0.082139,-2.194216,1.000000,0.660000,0.240000,0.400000,-0.200000,0.834668
346,-1.681501,-0.360121,-10.929918,0.859642,0.089550,-2.188750,1.000000,0.840000,0.240000,0.400000,-0.200000,0.859642
347,-1.682959,-0.351602,-10.951806,0.884424,0.097258,-2.186994,1.000000,1.000000,0.260000,0.400000,-0.200000,0.884424
348,-1.684317,-0.342809,-10.973676,0.909008,0.105293,-2.188316,1.000000,1.000000,0.260000,0.400000,-0.200000,0.909008
349,-1.685569,-0.333744,-10.995559,0.933383,0.113680,-2.192189,1.000000,1.000000,0.280000,0.400000,-0.200000,0.933383
350,-1.686706,-0.324410,-11.017481,0.957541,0.122441,-2.198174,0.980000,1.000000,0.300000,0.400000,-0.200000,0.957541
351,-1.687720,-0.314810,-11.039463,0.981471,0.131596,-2.205899,0.920000,1.000000,0.300000,0.400000,-0.200000,0.981471
352,-1.688604,-0.304947,-11.061522,1.005161,0.141160,-2.215051,0.880000,1.000000,0.300000,0.400000,-0.200000,1.005161
353,-1.689350,-0.294825,-11.083672,1.028601,0.151147,-2.225366,0.840000,1.000000,0.300000,0.400000,-0.200000,1.028601
354,-1.689951,-0.284445,-11.105926,1.051777,0.161570,-2.236621,0.800000,1.000000,0.280000,0.400000,-0.200000,1.051777
355,-1.690399,-0.273814,-11.128292,1.074677,0.172438,-2.248629,0.780000,1.000000,0.280000,0.400000,-0.200000,1.074677
356,-1.690686,-0.262933,-11.150778,1.097287,0.183761,-2.261230,0.740000,1.000000,0.260000,0.400000,-0.200000,1.097287
357,-1.690805,-0.251808,-11.173391,1.119594,0.195546,-2.274294,0.720000,1.000000,0.280000,0.400000,-0.200000,1.119594
358,-1.690749,-0.240443,-11.196133,1.141585,0.207799,-2.287711,0.680000,1.000000,0.340000,0.200000,-0.200000,1.141585
359,-1.690511,-0.228842,-11.219011,1.149245,0.220524,-2.301390,0.660000,1.000000,0.380000,0.200000,-0.200000,1.149245
360,-1.690115,-0.217147,-11.242024,1.156559,0.233350,-2.314275,0.640000,1.000000,0.480000,0.200000,-0.200000,1.156559
361,-1.689557,-0.205361,-11.265167,1.163523,0.246274,-2.326495,0.620000,1.000000,0.620000,0.400000,-0.200000,1.163523
362,-1.688832,-0.193490,-11.288432,1.184136,0.259293,-2.338164,0.600000,1.000000,0.880000,0.400000,-0.200000,1.184136
363,-1.687896,-0.181405,-11.311814,1.204396,0.272783,-2.350163,0.580000,1.000000,0.880000,0.400000,-0.200000,1.204396
364,-1.686743,-0.169109,-11.335315,1.224287,0.286749,-2.362436,0.560000,1.000000,1.000000,0.400000,-0.200000,1.224287
365,-1.685366,-0.156611,-11.358940,1.243794,0.301190,-2.374938,0.540000,0.980000,1.000000,0.400000,-0.200000,1.243794
366,-1.683761,-0.143914,-11.382689,1.262903,0.316108,-2.387634,0.520000,0.920000,1.000000,0.200000,-0.200000,1.262903
367,-1.681920,-0.131027,-11.406566,1.267599,0.331504,-2.400498,0.520000,0.880000,1.000000,0.000000,-0.200000,1.267599
368,-1.679895,-0.118082,-11.430571,1.257865,0.346996,-2.412981,0.500000,0.820000,1.000000,0.400000,-0.200000,1.257865
369,-1.677741,-0.105212,-11.454700,1.275696,0.362200,-2.424718,0.480000,0.780000,1.000000,0.200000,-0.200000,1.275696
370,-1.675335,-0.092171,-11.478947,1.279102,0.377872,-2.436731,0.480000,0.740000,1.000000,0.200000,-0.200000,1.279102
371,-1.672736,-0.079090,-11.503315,1.282066,0.393630,-2.448623,0.460000,0.700000,1.000000,0.000000,-0.200000,1.282066
372,-1.669942,-0.065972,-11.527801,1.270583,0.409470,-2.460466,0.440000,0.680000,1.000000,0.000000,-0.200000,1.270583
373,-1.667022,-0.052946,-11.552406,1.258648,0.425008,-2.472040,0.440000,0.640000,1.000000,0.000000,-0.200000,1.258648
374,-1.663979,-0.040015,-11.577126,1.246267,0.440238,-2.483491,0.420000,0.620000,1.000000,0.000000,-0.200000,1.246267
375,-1.660811,-0.027183,-11.601961,1.233446,0.455157,-2.494940,0.420000,0.580000,1.000000,0.000000,-0.200000,1.233446
376,-1.657522,-0.014453,-11.626910,1.220190,0.469763,-2.506496,0.400000,0.560000,1.000000,0.000000,-0.200000,1.220190
377,-1.654112,-0.001831,-11.651975,1.206504,0.484054,-2.518246,0.400000,0.540000,1.000000,-0.200000,-0.200000,1.206504
378,-1.650584,0.010681,-11.677158,1.178393,0.498026,-2.530269,0.380000,0.520000,1.000000,-0.200000,-0.200000,1.178393
379,-1.647027,0.022970,-11.702461,1.149860,0.511294,-2.542620,0.380000,0.500000,1.000000,-0.200000,-0.200000,1.149860
380,-1.643447,0.035034,-11.727887,1.120920,0.523856,-2.555416,0.360000,0.480000,0.860000,-0.200000,-0.200000,1.120920
381,-1.639848,0.046872,-11.753441,1.091585,0.535711,-2.568755,0.360000,0.460000,0.800000,-0.200000,-0.200000,1.091585
382,-1.636236,0.058482,-11.779128,1.061868,0.546858,-2.582719,0.360000,0.440000,0.740000,-0.400000,-0.200000,1.061868
383,-1.632615,0.069865,-11.804956,1.017783,0.557295,-2.597374,0.340000,0.440000,0.700000,-0.400000,-0.200000,1.017783
384,-1.629093,0.080921,-11.830929,0.973340,0.566633,-2.612961,0.340000,0.420000,0.660000,-0.400000,-0.200000,0.973340
385,-1.625677,0.091653,-11.857059,0.928561,0.574871,-2.629569,0.340000,0.400000,0.620000,-0.400000,-0.200000,0.928561
386,-1.622375,0.102063,-11.883355,0.883467,0.582007,-2.647271,0.320000,0.400000,0.600000,0.200000,-0.200000,0.883467
387,-1.619196,0.112153,-11.909827,0.880079,0.588036,-2.666125,0.320000,0.380000,0.560000,0.200000,-0.200000,0.880079
388,-1.615814,0.122183,-11.936489,0.876418,0.594125,-2.685260,0.320000,0.380000,0.540000,0.200000,-0.200000,0.876418
389,-1.612231,0.132147,-11.963341,0.872479,0.600268,-2.704685,0.300000,0.360000,0.500000,0.200000,-0.400000,0.872479
390,-1.608449,0.142039,-11.990388,0.866322,0.606818,-2.709067,0.300000,0.360000,0.480000,-0.400000,-0.400000,0.866322
391,-1.604489,0.151846,-12.017479,0.817960,0.613229,-2.713456,0.300000,0.340000,0.460000,-0.400000,-0.400000,0.817960
392,-1.600711,0.161345,-12.044613,0.769396,0.618332,-2.717871,0.300000,0.340000,0.440000,-0.400000,-0.400000,0.769396
393,-1.597122,0.170541,-12.071792,0.720667,0.622124,-2.722436,0.300000,0.320000,0.420000,-0.400000,-0.200000,0.720667
394,-1.593732,0.179437,-12.099016,0.673734,0.624153,-2.746512,0.280000,0.320000,0.420000,0.000000,-0.200000,0.673734
395,-1.590529,0.188045,-12.126481,0.654595,0.625029,-2.771805,0.280000,0.320000,0.400000,0.000000,-0.200000,0.654595
396,-1.587268,0.196488,-12.154200,0.635273,0.625531,-2.797588,0.280000,0.300000,0.380000,0.000000,-0.200000,0.635273
397,-1.583953,0.204764,-12.182175,0.615776,0.625649,-2.823860,0.280000,0.300000,0.360000,0.000000,-0.200000,0.615776
398,-1.580589,0.212872,-12.210414,0.596111,0.625372,-2.850619,0.280000,0.300000,0.360000,0.000000,-0.400000,0.596111
399,-1.577181,0.220811,-12.238920,0.574362,0.625191,-2.856409,0.280000,0.280000,0.340000,0.000000,-0.400000,0.574362
400,-1.573754,0.228578,-12.267484,0.552582,0.624420,-2.862420,0.260000,0.280000,0.340000,0.000000,-0.400000,0.552582
401,-1.570311,0.236173,-12.296109,0.530788,0.623057,-2.868657,0.260000,0.280000,0.320000,-0.200000,-0.400000,0.530788
402,-1.566860,0.243594,-12.324795,0.494994,0.621102,-2.875126,0.260000,0.280000,0.320000,-0.200000,-0.400000,0.494994
403,-1.563539,0.250809,-12.353546,0.459217,0.618151,-2.881998,0.260000,0.260000,0.300000,-0.200000,-0.400000,0.459217
404,-1.560356,0.257821,-12.382366,0.423484,0.614204,-2.889287,0.260000,0.260000,0.300000,-0.400000,-0.400000,0.423484
405,-1.557317,0.264634,-12.411259,0.373821,0.609260,-2.896999,0.260000,0.260000,0.300000,-0.400000,-0.400000,0.373821
406,-1.554565,0.271231,-12.440229,0.324255,0.602916,-2.905328,0.260000,0.260000,0.280000,-0.400000,-0.400000,0.324255
407,-1.552106,0.277621,-12.469282,0.274826,0.595173,-2.914272,0.260000,0.260000,0.280000,-0.400000,-0.200000,0.274826
408,-1.549948,0.283811,-12.498425,0.227484,0.585446,-2.948804,0.260000,0.260000,0.280000,0.000000,-0.400000,0.227484
409,-1.548076,0.289806,-12.527913,0.206313,0.575017,-2.958928,0.260000,0.240000,0.260000,-0.400000,-0.200000,0.206313
410,-1.546235,0.295631,-12.557503,0.159304,0.563398,-2.994637,0.260000,0.240000,0.260000,-0.200000,-0.400000,0.159304
411,-1.544692,0.301279,-12.587449,0.124528,0.551056,-3.005531,0.260000,0.240000,0.260000,-0.200000,-0.400000,0.124528
412,-1.543331,0.306762,-12.617504,0.090065,0.537700,-3.016800,0.260000,0.240000,0.260000,-0.200000,-0.400000,0.090065
413,-1.542157,0.312086,-12.647672,0.055945,0.523335,-3.028425,0.260000,0.240000,0.260000,-0.200000,-0.400000,0.055945
414,-1.541174,0.317257,-12.677956,0.022200,0.507964,-3.040386,0.280000,0.240000,0.240000,-0.200000,-0.200000,0.022200
415,-1.540388,0.322280,-12.708360,-0.009233,0.490985,-3.078586,0.280000,0.240000,0.240000,0.200000,-0.200000,-0.009233
416,-1.539785,0.327154,-12.739146,-0.012337,0.473064,-3.117095,0.280000,0.240000,0.240000,0.200000,-0.400000,-0.012337
417,-1.539093,0.331835,-12.770317,-0.016973,0.455651,-3.129672,0.280000,0.240000,0.240000,0.200000,-0.200000,-0.016973
418,-1.538336,0.336332,-12.801614,-0.019221,0.437489,-3.168254,0.280000,0.240000,0.240000,0.200000,-0.200000,-0.019221
419,-1.537504,0.340631,-12.833296,-0.021070,0.419250,-3.206857,0.300000,0.240000,0.240000,0.200000,-0.200000,-0.021070
420,-1.536601,0.344730,-12.865365,-0.022502,0.400946,-3.245477,0.300000,0.240000,0.240000,0.200000,-0.200000,-0.022502
421,-1.535635,0.348628,-12.897820,-0.023502,0.382589,-3.284109,0.300000,0.260000,0.240000,0.200000,-0.200000,-0.023502
422,-1.534612,0.352322,-12.930661,-0.024054,0.364193,-3.322747,0.320000,0.260000,0.240000,0.200000,-0.200000,-0.024054
423,-1.533539,0.355811,-12.963888,-0.024142,0.345770,-3.361385,0.320000,0.260000,0.240000,0.200000,-0.200000,-0.024142
424,-1.532423,0.359093,-12.997502,-0.023752,0.327335,-3.400019,0.300000,0.260000,0.240000,0.200000,-0.400000,-0.023752
425,-1.531271,0.362166,-13.031502,-0.024769,0.309513,-3.412666,0.300000,0.260000,0.240000,0.200000,-0.400000,-0.024769
426,-1.530104,0.365043,-13.065629,-0.025218,0.291656,-3.425308,0.300000,0.260000,0.240000,0.200000,-0.400000,-0.025218
427,-1.528929,0.367724,-13.099882,-0.025095,0.273782,-3.437937,0.300000,0.260000,0.240000,0.200000,-0.400000,-0.025095
428,-1.527753,0.370209,-13.134261,-0.024393,0.255910,-3.450543,0.300000,0.280000,0.240000,0.200000,-0.400000,-0.024393
429,-1.526582,0.372498,-13.168767,-0.023109,0.238061,-3.463114,0.320000,0.280000,0.240000,0.400000,-0.400000,-0.023109
430,-1.525424,0.374590,-13.203398,-0.007238,0.220254,-3.475638,0.340000,0.280000,0.240000,0.400000,-0.400000,-0.007238
431,-1.524172,0.376404,-13.238154,0.009217,0.202978,-3.488112,0.360000,0.300000,0.240000,0.000000,-0.200000,0.009217
432,-1.522836,0.377935,-13.273036,0.000147,0.185644,-3.526500,0.380000,0.300000,0.240000,0.200000,-0.200000,0.000147
433,-1.521630,0.379346,-13.308301,0.005612,0.168007,-3.564922,0.400000,0.300000,0.240000,0.200000,-0.200000,0.005612
434,-1.520453,0.380547,-13.343950,0.011633,0.150555,-3.603400,0.420000,0.320000,0.240000,0.000000,-0.200000,0.011633
435,-1.519314,0.381538,-13.379984,0.004216,0.133309,-3.641960,0.460000,0.320000,0.260000,0.000000,-0.200000,0.004216
436,-1.518316,0.382423,-13.416403,-0.002629,0.115807,-3.680634,0.500000,0.320000,0.260000,0.000000,-0.200000,-0.002629
437,-1.517464,0.383207,-13.453210,-0.008876,0.098095,-3.718113,0.540000,0.300000,0.260000,0.200000,-0.200000,-0.008876
438,-1.516759,0.383896,-13.490391,0.003460,0.099722,-2.919085,0.540000,0.300000,0.260000,0.200000,-0.200000,0.003460
439,-1.515943,0.384469,-13.519582,0.012557,0.082164,-2.957889,0.540000,0.300000,0.260000,0.200000,-0.200000,0.012557
440,-1.515200,0.384843,-13.549161,0.024610,0.077071,-2.474080,0.560000,0.320000,0.280000,0.400000,-0.400000,0.024610
441,-1.514422,0.385065,-13.573901,0.047053,0.061181,-2.460487,0.620000,0.340000,0.280000,0.400000,-0.400000,0.047053
442,-1.513654,0.384994,-13.598506,0.071542,0.049691,-2.278625,0.700000,0.340000,0.280000,0.400000,-0.400000,0.071542
443,-1.512860,0.384635,-13.621292,0.096510,0.038880,-2.083993,0.800000,0.360000,0.280000,0.400000,-0.400000,0.096510
444,-1.512046,0.383987,-13.642132,0.121752,0.028315,-1.893071,0.800000,0.360000,0.300000,0.400000,-0.400000,0.121752
445,-1.511218,0.383050,-13.661063,0.147226,0.018011,-1.709324,0.800000,0.380000,0.300000,0.400000,-0.200000,0.147226
446,-1.510384,0.381824,-13.678156,0.174985,0.013233,-1.323303,0.820000,0.380000,0.300000,0.400000,-0.200000,0.174985
447,-1.509490,0.380314,-13.691389,0.202459,0.006970,-1.063100,0.920000,0.400000,0.300000,0.400000,-0.400000,0.202459
448,-1.508554,0.378518,-13.702020,0.227703,-0.002757,-1.064166,1.000000,0.400000,0.300000,0.600000,-0.400000,0.227703
449,-1.507619,0.376441,-13.712662,0.267229,-0.010517,-1.109023,1.000000,0.420000,0.300000,0.600000,-0.400000,0.267229
450,-1.506614,0.373963,-13.723752,0.306919,-0.016410,-1.201471,1.000000,0.420000,0.300000,0.600000,-0.400000,0.306919
451,-1.505532,0.371086,-13.735767,0.346737,-0.020822,-1.320121,1.000000,0.440000,0.300000,0.400000,-0.200000,0.346737
452,-1.504368,0.367813,-13.748968,0.374810,-0.019367,-1.254454,1.000000,0.440000,0.300000,0.400000,-0.200000,0.374810
453,-1.503129,0.364271,-13.761513,0.402722,-0.018205,-1.226250,1.000000,0.460000,0.300000,0.600000,-0.400000,0.402722
454,-1.501821,0.360457,-13.773775,0.442345,-0.021237,-1.397765,1.000000,0.460000,0.280000,0.400000,-0.200000,0.442345
455,-1.500447,0.356247,-13.787753,0.470252,-0.018774,-1.384617,1.000000,0.480000,0.280000,0.400000,-0.200000,0.470252
456,-1.499014,0.351765,-13.801599,0.498039,-0.016421,-1.387331,1.000000,0.500000,0.280000,0.400000,-0.200000,0.498039
457,-1.497528,0.347008,-13.815472,0.525726,-0.014045,-1.401159,1.000000,0.500000,0.260000,0.400000,-0.200000,0.525726
458,-1.496000,0.341976,-13.829484,0.553325,-0.011552,-1.422873,1.000000,0.500000,0.260000,0.400000,-0.200000,0.553325
459,-1.494434,0.336668,-13.843713,0.580843,-0.008869,-1.450222,1.000000,0.500000,0.260000,0.400000,-0.200000,0.580843
460,-1.492839,0.331082,-13.858215,0.608280,-0.005940,-1.481593,1.000000,0.500000,0.280000,0.400000,-0.200000,0.608280
461,-1.491221,0.325218,-13.873031,0.635636,-0.002719,-1.515803,1.000000,0.480000,0.280000,0.400000,-0.200000,0.635636
462,-1.489588,0.319075,-13.888189,0.662906,0.000829,-1.551967,1.000000,0.480000,0.280000,0.400000,-0.200000,0.662906
463,-1.487946,0.312652,-13.903708,0.690084,0.004736,-1.589412,1.000000,0.480000,0.280000,0.400000,-0.200000,0.690084
464,-1.486304,0.305950,-13.919603,0.717163,0.009026,-1.627617,1.000000,0.520000,0.280000,0.400000,-0.200000,0.717163
465,-1.484667,0.298966,-13.935879,0.744134,0.013723,-1.666176,1.000000,0.540000,0.300000,0.400000,-0.200000,0.744134
466,-1.483045,0.291703,-13.952541,0.770987,0.018844,-1.704765,1.000000,0.580000,0.300000,0.400000,-0.200000,0.770987
467,-1.481445,0.284159,-13.969588,0.797712,0.024407,-1.743130,1.000000,0.640000,0.300000,0.400000,-0.200000,0.797712
468,-1.479873,0.276334,-13.987019,0.824297,0.030426,-1.781063,1.000000,0.700000,0.320000,0.400000,-0.200000,0.824297
469,-1.478340,0.268229,-14.004830,0.850731,0.036914,-1.818401,1.000000,0.720000,0.320000,0.400000,-0.200000,0.850731
470,-1.476851,0.259845,-14.023014,0.876999,0.043882,-1.855013,1.000000,0.700000,0.320000,0.400000,-0.200000,0.876999
471,-1.475416,0.251182,-14.041564,0.903089,0.051340,-1.890794,1.000000,0.700000,0.340000,0.400000,0.000000,0.903089
472,-1.474043,0.242241,-14.060472,0.930049,0.064651,-1.696616,1.000000,0.780000,0.340000,0.400000,-0.200000,0.930049
473,-1.472686,0.233018,-14.077438,0.955735,0.070813,-1.744227,1.000000,0.980000,0.360000,0.400000,0.000000,0.955735
474,-1.471408,0.223520,-14.094881,0.982422,0.082739,-1.573245,1.000000,1.000000,0.360000,0.400000,0.000000,0.982422
475,-1.470166,0.213739,-14.110613,1.009038,0.092875,-1.420881,1.000000,1.000000,0.380000,0.400000,0.000000,1.009038
476,-1.468970,0.203677,-14.124822,1.035631,0.101452,-1.284241,1.000000,1.000000,0.400000,0.400000,0.000000,1.035631
477,-1.467828,0.193334,-14.137664,1.062237,0.108661,-1.160945,1.000000,1.000000,0.380000,0.600000,-0.200000,1.062237
478,-1.466747,0.182711,-14.149274,1.101550,0.110248,-1.237780,0.880000,1.000000,0.380000,0.400000,-0.200000,1.101550
479,-1.465777,0.171683,-14.161652,1.126761,0.113215,-1.313963,0.860000,1.000000,0.360000,0.400000,-0.200000,1.126761
480,-1.464922,0.160391,-14.174791,1.151848,0.117322,-1.387537,0.820000,1.000000,0.360000,0.400000,-0.200000,1.151848
481,-1.464182,0.148837,-14.188667,1.176789,0.122541,-1.458285,0.800000,1.000000,0.340000,0.400000,-0.200000,1.176789
482,-1.463564,0.137021,-14.203249,1.201562,0.128840,-1.526056,0.780000,1.000000,0.340000,0.400000,-0.200000,1.201562
483,-1.463072,0.124947,-14.218510,1.226143,0.136189,-1.590758,0.760000,1.000000,0.360000,0.400000,-0.200000,1.226143
484,-1.462711,0.112615,-14.234418,1.250510,0.144556,-1.652352,0.720000,1.000000,0.380000,0.400000,-0.200000,1.250510
485,-1.462487,0.100029,-14.250941,1.274638,0.153910,-1.710838,0.700000,1.000000,0.400000,0.000000,0.000000,1.274638
486,-1.462405,0.087190,-14.268049,1.271866,0.168475,-1.584310,0.680000,1.000000,0.420000,0.000000,0.000000,1.271866
487,-1.462394,0.074361,-14.283893,1.269059,0.180805,-1.466992,0.660000,1.000000,0.460000,0.000000,0.000000,1.269059
488,-1.462461,0.061542,-14.298562,1.266269,0.191121,-1.357865,0.640000,1.000000,0.500000,0.400000,-0.200000,1.266269
489,-1.462609,0.048737,-14.312141,1.290072,0.195906,-1.414850,0.620000,1.000000,0.540000,0.200000,0.000000,1.290072
490,-1.462926,0.035692,-14.326290,1.301158,0.205428,-1.311703,0.620000,1.000000,0.520000,0.400000,0.000000,1.301158
491,-1.463354,0.022526,-14.339407,1.326319,0.213486,-1.215378,0.600000,1.000000,0.520000,0.400000,-0.200000,1.326319
492,-1.463927,0.009104,-14.351560,1.350075,0.216940,-1.275401,0.580000,1.000000,0.500000,0.400000,0.000000,1.350075
493,-1.464680,-0.004549,-14.364314,1.375152,0.225020,-1.183505,0.580000,1.000000,0.480000,0.400000,-0.200000,1.375152
494,-1.465584,-0.018454,-14.376149,1.398818,0.228566,-1.244867,0.560000,1.000000,0.480000,0.400000,-0.200000,1.398818
495,-1.466675,-0.032585,-14.388598,1.422299,0.233250,-1.305091,0.560000,1.000000,0.560000,0.400000,0.000000,1.422299
496,-1.467954,-0.046942,-14.401649,1.447082,0.242529,-1.215535,0.540000,1.000000,0.660000,0.200000,-0.200000,1.447082
497,-1.469396,-0.061543,-14.413804,1.456436,0.247283,-1.276262,0.520000,1.000000,0.780000,0.200000,0.000000,1.456436
498,-1.470995,-0.076229,-14.426567,1.467099,0.256340,-1.190393,0.520000,1.000000,0.960000,0.400000,-0.200000,1.467099
499,-1.472725,-0.091022,-14.438471,1.490327,0.260780,-1.249663,0.500000,1.000000,1.000000,0.400000,-0.200000,1.490327
500,-1.474657,-0.106027,-14.450968,1.513343,0.266366,-1.307774,0.500000,1.000000,1.000000,0.400000,0.000000,1.513343
501,-1.476795,-0.121244,-14.464045,1.537664,0.276372,-1.223999,0.480000,1.000000,1.000000,0.400000,-0.200000,1.537664
502,-1.479115,-0.136694,-14.476285,1.560531,0.282039,-1.282094,0.480000,1.000000,1.000000,0.400000,0.000000,1.560531
503,-1.481647,-0.152349,-14.489106,1.584707,0.292066,-1.201742,0.460000,0.980000,1.000000,0.400000,-0.200000,1.584707
504,-1.484368,-0.168231,-14.501124,1.607424,0.297847,-1.259683,0.460000,0.940000,1.000000,0.400000,0.000000,1.607424
505,-1.487306,-0.184313,-14.513720,1.631451,0.307932,-1.182403,0.440000,0.900000,1.000000,0.200000,-0.200000,1.631451
506,-1.490442,-0.200617,-14.525545,1.640013,0.313854,-1.240068,0.440000,0.880000,1.000000,0.200000,-0.200000,1.640013
507,-1.493748,-0.216984,-14.537945,1.648318,0.320751,-1.295715,0.420000,0.840000,1.000000,0.200000,-0.200000,1.648318
508,-1.497225,-0.233412,-14.550902,1.656352,0.328583,-1.349262,0.420000,0.820000,1.000000,0.200000,-0.200000,1.656352
509,-1.500875,-0.249899,-14.564395,1.664100,0.337309,-1.400661,0.400000,0.780000,1.000000,0.200000,-0.200000,1.664100
510,-1.504701,-0.266442,-14.578402,1.671549,0.346890,-1.449888,0.400000,0.760000,1.000000,0.200000,-0.200000,1.671549
511,-1.508702,-0.283038,-14.592900,1.678683,0.357284,-1.496945,0.380000,0.720000,1.000000,0.200000,-0.200000,1.678683
512,-1.512883,-0.299684,-14.607870,1.685488,0.368451,-1.541858,0.380000,0.700000,1.000000,0.000000,-0.200000,1.685488
513,-1.517243,-0.316377,-14.623288,1.677950,0.380350,-1.584672,0.360000,0.660000,1.000000,0.200000,-0.200000,1.677950
514,-1.521719,-0.332990,-14.639135,1.684055,0.392683,-1.624819,0.360000,0.640000,1.000000,0.200000,-0.200000,1.684055
515,-1.526380,-0.349642,-14.655383,1.689796,0.405660,-1.663068,0.340000,0.620000,1.000000,0.200000,-0.200000,1.689796
516,-1.531226,-0.366331,-14.672014,1.695158,0.419246,-1.699501,0.340000,0.580000,1.000000,0.200000,-0.200000,1.695158
517,-1.536259,-0.383052,-14.689009,1.700130,0.433407,-1.734209,0.340000,0.560000,1.000000,0.200000,-0.200000,1.700130
518,-1.541481,-0.399802,-14.706351,1.704700,0.448110,-1.767287,0.320000,0.540000,1.000000,0.000000,-0.200000,1.704700
519,-1.546894,-0.416576,-14.724024,1.694853,0.463325,-1.798836,0.320000,0.520000,0.980000,0.000000,-0.200000,1.694853
520,-1.552421,-0.433255,-14.742012,1.684581,0.478737,-1.828502,0.300000,0.500000,0.960000,0.000000,-0.200000,1.684581
521,-1.558062,-0.449834,-14.760297,1.673880,0.494306,-1.856476,0.300000,0.480000,0.880000,-0.200000,-0.200000,1.673880
522,-1.563817,-0.466312,-14.778862,1.648745,0.509996,-1.882938,0.280000,0.460000,0.880000,-0.200000,-0.200000,1.648745
523,-1.569600,-0.482572,-14.797692,1.623176,0.525477,-1.907711,0.280000,0.440000,0.860000,-0.200000,-0.200000,1.623176
524,-1.575409,-0.498614,-14.816769,1.597178,0.540712,-1.931041,0.260000,0.360000,0.820000,-0.400000,-0.200000,1.597178
525,-1.581241,-0.514435,-14.836079,1.556755,0.555666,-1.953158,0.260000,0.340000,0.760000,-0.400000,-0.200000,1.556755
526,-1.587003,-0.529928,-14.855611,1.515916,0.570007,-1.974038,0.260000,0.320000,0.700000,-0.400000,-0.200000,1.515916
527,-1.592690,-0.545092,-14.875351,1.474672,0.583702,-1.993955,0.240000,0.320000,0.660000,-0.400000,-0.200000,1.474672
528,-1.598296,-0.559928,-14.895291,1.433038,0.596725,-2.013159,0.240000,0.300000,0.620000,-0.400000,-0.200000,1.433038
529,-1.603816,-0.574437,-14.915422,1.391025,0.609053,-2.031870,0.220000,0.300000,0.580000,-0.400000,-0.200000,1.391025
530,-1.609245,-0.588618,-14.935741,1.348648,0.620666,-2.050285,0.220000,0.280000,0.540000,-0.400000,-0.200000,1.348648
531,-1.614575,-0.602474,-14.956244,1.305917,0.631547,-2.068580,0.220000,0.260000,0.520000,-0.400000,-0.200000,1.305917
532,-1.619802,-0.616006,-14.976929,1.262845,0.641681,-2.086910,0.200000,0.260000,0.480000,-0.400000,-0.400000,1.262845
533,-1.624920,-0.629215,-14.997799,1.217499,0.651263,-2.096490,0.200000,0.240000,0.460000,-0.400000,-0.400000,1.217499
534,-1.629906,-0.642090,-15.018763,1.171892,0.659954,-2.104949,0.200000,0.240000,0.440000,-0.400000,-0.400000,1.171892
535,-1.634753,-0.654636,-15.039813,1.126048,0.667733,-2.112490,0.200000,0.220000,0.420000,-0.400000,-0.400000,1.126048
536,-1.639455,-0.666854,-15.060938,1.079990,0.674583,-2.119293,0.180000,0.220000,0.400000,-0.400000,-0.400000,1.079990
537,-1.644006,-0.678746,-15.082131,1.033744,0.680490,-2.125518,0.180000,0.220000,0.380000,-0.400000,-0.400000,1.033744
538,-1.648398,-0.690317,-15.103386,0.987332,0.685442,-2.131312,0.180000,0.200000,0.360000,-0.400000,-0.400000,0.987332
539,-1.652625,-0.701569,-15.124699,0.940777,0.689432,-2.136802,0.180000,0.200000,0.340000,-0.400000,-0.400000,0.940777
540,-1.656680,-0.712504,-15.146067,0.894101,0.692452,-2.142106,0.160000,0.200000,0.320000,-0.400000,-0.400000,0.894101
541,-1.660557,-0.723128,-15.167488,0.847326,0.694497,-2.147327,0.160000,0.180000,0.320000,-0.400000,-0.400000,0.847326
542,-1.664249,-0.733443,-15.188961,0.800473,0.695563,-2.152555,0.160000,0.180000,0.300000,-0.400000,-0.400000,0.800473
543,-1.667750,-0.743453,-15.210487,0.753562,0.695647,-2.157874,0.160000,0.220000,0.300000,-0.400000,-0.400000,0.753562
544,-1.671052,-0.753162,-15.232066,0.706616,0.694747,-2.163355,0.160000,0.220000,0.280000,-0.400000,-0.400000,0.706616
545,-1.674150,-0.762575,-15.253699,0.659652,0.692862,-2.169064,0.160000,0.220000,0.280000,-0.400000,-0.400000,0.659652
546,-1.677038,-0.771696,-15.275390,0.612693,0.689990,-2.175056,0.140000,0.200000,0.260000,-0.600000,-0.400000,0.612693
547,-1.679708,-0.780528,-15.297140,0.551757,0.686131,-2.181382,0.140000,0.200000,0.260000,-0.600000,-0.400000,0.551757
548,-1.682026,-0.789022,-15.318954,0.490864,0.680979,-2.188213,0.140000,0.200000,0.240000,-0.200000,-0.400000,0.490864
549,-1.683985,-0.797185,-15.340836,0.458040,0.674534,-2.195611,0.140000,0.200000,0.240000,-0.200000,-0.400000,0.458040
550,-1.685839,-0.805125,-15.362793,0.425310,0.667407,-2.203313,0.140000,0.200000,0.240000,-0.400000,-0.400000,0.425310
551,-1.687583,-0.812844,-15.384826,0.378686,0.659597,-2.211329,0.140000,0.180000,0.220000,-0.400000,-0.400000,0.378686
552,-1.689080,-0.820301,-15.406939,0.332184,0.650798,-2.219831,0.140000,0.180000,0.220000,-0.400000,-0.400000,0.332184
553,-1.690323,-0.827502,-15.429137,0.285824,0.641009,-2.228832,0.140000,0.180000,0.220000,0.000000,-0.400000,0.285824
554,-1.691306,-0.834451,-15.451426,0.267626,0.630228,-2.238338,0.140000,0.180000,0.220000,0.000000,-0.400000,0.267626
555,-1.692296,-0.841226,-15.473809,0.249610,0.619071,-2.248015,0.140000,0.180000,0.200000,-0.200000,-0.400000,0.249610
556,-1.693287,-0.847827,-15.496289,0.217785,0.607539,-2.257865,0.140000,0.180000,0.200000,-0.200000,-0.400000,0.217785
557,-1.694140,-0.854224,-15.518868,0.186161,0.595324,-2.268057,0.140000,0.180000,0.200000,0.000000,-0.400000,0.186161
558,-1.694850,-0.860421,-15.541548,0.168754,0.582425,-2.278591,0.140000,0.180000,0.200000,0.000000,-0.400000,0.168754
559,-1.695549,-0.866445,-15.564334,0.151579,0.569154,-2.289298,0.140000,0.180000,0.200000,0.000000,-0.400000,0.151579
560,-1.696235,-0.872295,-15.587227,0.134647,0.555514,-2.300177,0.140000,0.180000,0.200000,0.000000,-0.400000,0.134647
561,-1.696902,-0.877971,-15.610229,0.117968,0.541508,-2.311229,0.140000,0.180000,0.200000,0.000000,-0.400000,0.117968
562,-1.697548,-0.883476,-15.633341,0.101552,0.527138,-2.322451,0.140000,0.180000,0.180000,-0.200000,-0.400000,0.101552
563,-1.698167,-0.888808,-15.656566,0.071410,0.512406,-2.333844,0.140000,0.180000,0.180000,-0.200000,-0.400000,0.071410
564,-1.698617,-0.893962,-15.679904,0.041554,0.496998,-2.345568,0.140000,0.180000,0.180000,-0.200000,-0.400000,0.041554
565,-1.698893,-0.898942,-15.703360,0.012002,0.480913,-2.357611,0.140000,0.180000,0.180000,-0.200000,-0.400000,0.012002
566,-1.698991,-0.903751,-15.726936,-0.017229,0.464154,-2.369961,0.140000,0.180000,0.180000,0.200000,-0.400000,-0.017229
567,-1.698907,-0.908395,-15.750636,-0.018118,0.446721,-2.382604,0.140000,0.180000,0.180000,0.200000,-0.400000,-0.018118
568,-1.698917,-0.912866,-15.774462,-0.018652,0.429266,-2.395259,0.140000,0.180000,0.180000,0.200000,-0.400000,-0.018652
569,-1.699016,-0.917162,-15.798414,-0.018823,0.411796,-2.407923,0.140000,0.180000,0.180000,0.200000,-0.400000,-0.018823
570,-1.699200,-0.921280,-15.822494,-0.018628,0.394321,-2.420591,0.140000,0.180000,0.180000,0.200000,-0.400000,-0.018628
571,-1.699466,-0.925219,-15.846699,-0.018062,0.376848,-2.433260,0.140000,0.180000,0.180000,0.200000,-0.400000,-0.018062
572,-1.699808,-0.928976,-15.871032,-0.017120,0.359387,-2.445926,0.140000,0.180000,0.180000,0.200000,-0.400000,-0.017120
573,-1.700223,-0.932550,-15.895491,-0.015800,0.341947,-2.458584,0.140000,0.180000,0.180000,0.000000,-0.400000,-0.015800
574,-1.700705,-0.935939,-15.920077,-0.028096,0.324536,-2.471229,0.160000,0.180000,0.180000,0.200000,-0.400000,-0.028096
575,-1.701113,-0.939171,-15.944789,-0.026003,0.306831,-2.484004,0.160000,0.180000,0.180000,0.200000,-0.400000,-0.026003
576,-1.701581,-0.942214,-15.969629,-0.023512,0.289174,-2.496756,0.160000,0.180000,0.160000,0.200000,-0.400000,-0.023512
577,-1.702101,-0.945068,-15.994597,-0.020619,0.271575,-2.509480,0.160000,0.180000,0.160000,0.200000,-0.400000,-0.020619
578,-1.702671,-0.947732,-16.019692,-0.017322,0.254044,-2.522170,0.160000,0.180000,0.160000,0.200000,-0.400000,-0.017322
579,-1.703286,-0.950203,-16.044914,-0.013617,0.236591,-2.534820,0.160000,0.180000,0.160000,0.000000,-0.400000,-0.013617
580,-1.703939,-0.952481,-16.070262,-0.023502,0.219227,-2.547425,0.160000,0.180000,0.160000,0.200000,-0.400000,-0.023502
581,-1.704497,-0.954614,-16.095736,-0.018972,0.201624,-2.560093,0.160000,0.180000,0.160000,0.200000,-0.400000,-0.018972
582,-1.705083,-0.956552,-16.121337,-0.014019,0.184130,-2.572696,0.180000,0.180000,0.160000,0.000000,-0.400000,-0.014019
583,-1.705695,-0.958295,-16.147064,-0.022643,0.166757,-2.585232,0.180000,0.180000,0.160000,0.000000,-0.400000,-0.022643
584,-1.706199,-0.959900,-16.172916,-0.030836,0.149177,-2.597712,0.180000,0.180000,0.160000,0.000000,-0.400000,-0.030836
585,-1.706592,-0.961372,-16.198893,-0.038588,0.131403,-2.610011,0.180000,0.180000,0.160000,0.000000,-0.400000,-0.038588
586,-1.706871,-0.962713,-16.224993,-0.045886,0.113451,-2.621968,0.180000,0.180000,0.160000,0.000000,-0.400000,-0.045886
587,-1.707033,-0.963926,-16.251213,-0.052719,0.095336,-2.633418,0.200000,0.180000,0.160000,0.000000,-0.400000,-0.052719
588,-1.707075,-0.965014,-16.277547,-0.059078,0.077071,-2.644313,0.200000,0.180000,0.160000,0.200000,-0.400000,-0.059078
589,-1.706993,-0.965982,-16.303990,-0.050956,0.058666,-2.654823,0.200000,0.180000,0.160000,0.200000,-0.400000,-0.050956
590,-1.706900,-0.966754,-16.330539,-0.034638,0.058714,-1.884907,0.220000,0.180000,0.180000,0.400000,-0.400000,-0.034638
591,-1.706961,-0.967433,-16.349388,-0.011587,0.041200,-1.895122,0.220000,0.160000,0.180000,0.400000,-0.400000,-0.011587
592,-1.707115,-0.967832,-16.368339,0.019527,0.042384,-1.121116,0.220000,0.160000,0.180000,0.400000,-0.400000,0.019527
593,-1.707529,-0.968047,-16.379550,0.043218,0.025649,-1.125117,0.220000,0.160000,0.180000,0.400000,-0.400000,0.043218
594,-1.708027,-0.967979,-16.390801,0.068521,0.012477,-0.981275,0.240000,0.160000,0.180000,0.400000,-0.400000,0.068521
595,-1.708637,-0.967643,-16.400614,0.094533,0.000890,-0.788006,0.240000,0.160000,0.180000,0.400000,-0.400000,0.094533
596,-1.709371,-0.967046,-16.408494,0.120653,-0.009307,-0.660491,0.240000,0.160000,0.180000,0.400000,-0.600000,0.120653
597,-1.710233,-0.966198,-16.415099,0.144238,-0.018347,-0.779836,0.240000,0.160000,0.180000,0.400000,-0.600000,0.144238
598,-1.711210,-0.965121,-16.422897,0.168187,-0.025072,-0.958156,0.240000,0.160000,0.180000,0.400000,-0.600000,0.168187
599,-1.712316,-0.963829,-16.432479,0.192438,-0.030606,-1.143216,0.240000,0.160000,0.180000,0.400000,-0.600000,0.192438
600,-1.713554,-0.962325,-16.443911,0.216924,-0.035305,-1.323541,0.240000,0.160000,0.180000,0.200000,-0.400000,0.216924
601,-1.714925,-0.960607,-16.457147,0.230528,-0.035773,-1.346830,0.240000,0.160000,0.180000,0.200000,-0.400000,0.230528
602,-1.716369,-0.958775,-16.470615,0.243993,-0.036338,-1.387166,0.260000,0.160000,0.180000,0.200000,-0.400000,0.243993
603,-1.717882,-0.956826,-16.484486,0.257371,-0.036913,-1.436708,0.260000,0.160000,0.180000,0.200000,-0.400000,0.257371
604,-1.719460,-0.954759,-16.498854,0.270692,-0.037444,-1.491340,0.260000,0.160000,0.160000,0.000000,-0.400000,0.270692
605,-1.721097,-0.952572,-16.513767,0.269970,-0.037890,-1.548771,0.260000,0.160000,0.160000,0.000000,-0.400000,0.269970
606,-1.722693,-0.950362,-16.529255,0.269360,-0.038172,-1.588955,0.280000,0.160000,0.160000,0.200000,-0.400000,0.269360
607,-1.724249,-0.948130,-16.545144,0.282830,-0.038343,-1.616793,0.280000,0.160000,0.160000,0.200000,-0.400000,0.282830
608,-1.725858,-0.945772,-16.561312,0.296200,-0.038491,-1.655821,0.280000,0.160000,0.160000,0.200000,-0.400000,0.296200
609,-1.727515,-0.943287,-16.577870,0.309498,-0.038567,-1.701664,0.300000,0.160000,0.160000,0.200000,-0.400000,0.309498
610,-1.729216,-0.940673,-16.594887,0.322737,-0.038535,-1.751644,0.300000,0.160000,0.160000,0.200000,-0.400000,0.322737
611,-1.730957,-0.937928,-16.612403,0.335925,-0.038370,-1.804070,0.320000,0.160000,0.140000,0.200000,-0.400000,0.335925
612,-1.732732,-0.935050,-16.630444,0.349067,-0.038051,-1.857832,0.320000,0.160000,0.140000,0.200000,-0.400000,0.349067
613,-1.734536,-0.932038,-16.649022,0.362163,-0.037564,-1.912186,0.340000,0.160000,0.120000,0.200000,-0.400000,0.362163
614,-1.736365,-0.928890,-16.668144,0.375210,-0.036897,-1.966613,0.360000,0.160000,0.120000,0.200000,-0.400000,0.375210
615,-1.738215,-0.925604,-16.687810,0.388206,-0.036038,-2.020744,0.380000,0.180000,0.120000,0.400000,-0.400000,0.388206
616,-1.740078,-0.922180,-16.708018,0.415146,-0.034980,-2.074310,0.400000,0.180000,0.120000,0.400000,-0.400000,0.415146
617,-1.742027,-0.918497,-16.728761,0.441958,-0.033500,-2.138001,0.440000,0.180000,0.120000,0.400000,-0.400000,0.441958
618,-1.744051,-0.914555,-16.750141,0.468651,-0.031530,-2.207866,0.480000,0.180000,0.120000,0.200000,-0.400000,0.468651
619,-1.746142,-0.910349,-16.772220,0.481226,-0.029017,-2.281243,0.540000,0.180000,0.120000,0.200000,-0.400000,0.481226
620,-1.748223,-0.906000,-16.795032,0.493719,-0.026213,-2.348262,0.580000,0.180000,0.120000,0.200000,-0.400000,0.493719
621,-1.750288,-0.901507,-16.818515,0.506114,-0.023128,-2.409922,0.580000,0.180000,0.120000,0.400000,-0.400000,0.506114
622,-1.752328,-0.896870,-16.842614,0.532397,-0.019770,-2.466994,0.560000,0.200000,0.120000,0.400000,-0.400000,0.532397
623,-1.754398,-0.891961,-16.867284,0.558520,-0.015796,-2.527305,0.600000,0.200000,0.120000,0.200000,-0.400000,0.558520
624,-1.756487,-0.886779,-16.892557,0.570471,-0.011169,-2.589260,0.760000,0.200000,0.120000,0.200000,-0.400000,0.570471
625,-1.758533,-0.881452,-16.918450,0.582256,-0.006245,-2.645583,0.760000,0.220000,0.120000,0.200000,-0.400000,0.582256
626,-1.760527,-0.875981,-16.944905,0.593861,-0.001033,-2.697002,1.000000,0.220000,0.120000,0.200000,-0.200000,0.593861
627,-1.762463,-0.870367,-16.971875,0.607451,0.008561,-2.568510,1.000000,0.240000,0.120000,0.200000,-0.200000,0.607451
628,-1.764380,-0.864603,-16.997560,0.620650,0.016925,-2.463842,1.000000,0.260000,0.120000,0.200000,-0.200000,0.620650
629,-1.766265,-0.858687,-17.022199,0.633539,0.024324,-2.378039,1.000000,0.280000,0.120000,0.400000,-0.200000,0.633539
630,-1.768108,-0.852620,-17.045979,0.660174,0.030965,-2.307310,1.000000,0.300000,0.120000,0.400000,-0.200000,0.660174
631,-1.769932,-0.846268,-17.069052,0.686590,0.037379,-2.253500,1.000000,0.320000,0.140000,0.400000,-0.200000,0.686590
632,-1.771727,-0.839631,-17.091587,0.712810,0.043697,-2.213048,1.000000,0.340000,0.140000,0.200000,-0.200000,0.712810
633,-1.773483,-0.832708,-17.113718,0.724846,0.050024,-2.183273,1.000000,0.380000,0.140000,0.400000,-0.200000,0.724846
634,-1.775167,-0.825640,-17.135551,0.750709,0.056079,-2.158653,1.000000,0.420000,0.140000,0.400000,0.000000,0.750709
635,-1.776793,-0.818290,-17.157137,0.777451,0.067691,-1.910453,1.000000,0.500000,0.140000,0.200000,0.000000,0.777451
636,-1.778409,-0.810655,-17.176242,0.790106,0.077220,-1.696124,1.000000,0.500000,0.140000,0.200000,0.000000,0.790106
637,-1.779985,-0.802875,-17.193203,0.802743,0.084683,-1.507274,1.000000,0.500000,0.140000,0.200000,0.000000,0.802743
638,-1.781515,-0.794949,-17.208276,0.815411,0.090396,-1.339693,1.000000,0.480000,0.140000,0.200000,0.000000,0.815411
639,-1.782991,-0.786879,-17.221673,0.828144,0.094618,-1.189976,1.000000,0.480000,0.140000,0.400000,-0.200000,0.828144
640,-1.784408,-0.778665,-17.233572,0.853624,0.093183,-1.242957,1.000000,0.480000,0.140000,0.400000,-0.200000,0.853624
641,-1.785725,-0.770179,-17.246002,0.879085,0.092682,-1.296837,1.000000,0.460000,0.140000,0.400000,0.000000,0.879085
642,-1.786939,-0.761424,-17.258970,0.905817,0.097629,-1.157643,1.000000,0.540000,0.140000,0.400000,-0.200000,0.905817
643,-1.788094,-0.752387,-17.270547,0.931287,0.097104,-1.221673,1.000000,0.660000,0.160000,0.400000,-0.200000,0.931287
644,-1.789142,-0.743082,-17.282763,0.956711,0.097593,-1.285365,1.000000,0.640000,0.160000,0.400000,0.000000,0.956711
645,-1.790079,-0.733511,-17.295617,0.983378,0.103597,-1.155037,1.000000,0.640000,0.160000,0.400000,-0.200000,0.983378
646,-1.790949,-0.723661,-17.307167,1.008767,0.104067,-1.225836,1.000000,0.620000,0.160000,0.400000,-0.200000,1.008767
647,-1.791703,-0.713548,-17.319426,1.034083,0.105616,-1.295385,1.000000,0.620000,0.160000,0.200000,0.000000,1.034083
648,-1.792338,-0.703173,-17.332380,1.046624,0.112702,-1.171717,1.000000,0.620000,0.160000,0.400000,0.000000,1.046624
649,-1.792902,-0.692661,-17.344097,1.073210,0.118354,-1.058515,1.000000,1.000000,0.180000,0.600000,0.000000,1.073210
650,-1.793383,-0.681875,-17.354682,1.113859,0.122959,-0.955270,1.000000,1.000000,0.180000,0.600000,-0.200000,1.113859
651,-1.793764,-0.670675,-17.364235,1.153204,0.122629,-1.041084,1.000000,1.000000,0.180000,0.600000,-0.200000,1.153204
652,-1.794001,-0.659080,-17.374646,1.192456,0.123801,-1.126551,1.000000,1.000000,0.180000,0.600000,-0.200000,1.192456
653,-1.794092,-0.647092,-17.385911,1.231593,0.126483,-1.210993,1.000000,1.000000,0.200000,0.600000,-0.200000,1.231593
654,-1.794032,-0.634712,-17.398021,1.270591,0.130676,-1.293839,0.980000,1.000000,0.200000,0.200000,0.000000,1.270591
655,-1.793818,-0.621940,-17.410959,1.282762,0.140750,-1.187532,0.940000,1.000000,0.220000,0.400000,-0.200000,1.282762
656,-1.793522,-0.609039,-17.422835,1.307584,0.145013,-1.269933,0.920000,1.000000,0.240000,0.200000,0.000000,1.307584
657,-1.793080,-0.595891,-17.435534,1.319597,0.154830,-1.167846,0.900000,1.000000,0.240000,0.400000,0.000000,1.319597
658,-1.792549,-0.582615,-17.447212,1.345640,0.163118,-1.072592,0.880000,1.000000,0.260000,0.400000,0.000000,1.345640
659,-1.791901,-0.569075,-17.457938,1.371736,0.170226,-0.983922,0.880000,1.000000,0.280000,0.400000,0.000000,1.371736
660,-1.791131,-0.555274,-17.467778,1.397900,0.176251,-0.901084,0.860000,1.000000,0.300000,0.400000,0.000000,1.397900
661,-1.790236,-0.541213,-17.476788,1.424145,0.181273,-0.823453,0.840000,1.000000,0.280000,0.400000,0.000000,1.424145
662,-1.789211,-0.526893,-17.485023,1.450479,0.185364,-0.750507,0.820000,1.000000,0.280000,0.400000,0.000000,1.450479
663,-1.788055,-0.512316,-17.492528,1.476908,0.188586,-0.681809,0.820000,1.000000,0.260000,0.400000,0.000000,1.476908
664,-1.786765,-0.497483,-17.499346,1.503436,0.190997,-0.616998,0.800000,1.000000,0.240000,0.400000,0.000000,1.503436
665,-1.785339,-0.482395,-17.505516,1.530065,0.192646,-0.555769,0.800000,1.000000,0.240000,0.400000,0.000000,1.530065
666,-1.783776,-0.467053,-17.511074,1.556795,0.193579,-0.497869,0.780000,1.000000,0.220000,0.400000,0.000000,1.556795
667,-1.782076,-0.451458,-17.516052,1.583624,0.193839,-0.443085,0.780000,1.000000,0.220000,0.400000,0.000000,1.583624
668,-1.780237,-0.435610,-17.520483,1.610551,0.193464,-0.391239,0.780000,1.000000,0.200000,0.400000,0.000000,1.610551
669,-1.778260,-0.419509,-17.524396,1.637573,0.192491,-0.342184,0.760000,1.000000,0.180000,0.400000,-0.200000,1.637573
670,-1.776145,-0.403157,-17.527818,1.663241,0.187123,-0.459694,0.760000,1.000000,0.200000,0.400000,0.000000,1.663241
671,-1.773859,-0.386577,-17.532415,1.690144,0.187889,-0.408693,0.740000,1.000000,0.220000,0.400000,-0.200000,1.690144
672,-1.771437,-0.369745,-17.536501,1.715707,0.184053,-0.528740,0.740000,1.000000,0.260000,0.400000,0.000000,1.715707
673,-1.768843,-0.352685,-17.541789,1.742483,0.186522,-0.475750,0.740000,1.000000,0.300000,0.400000,0.000000,1.742483
674,-1.766114,-0.335375,-17.546546,1.769336,0.188223,-0.425451,0.720000,1.000000,0.320000,0.400000,0.000000,1.769336
675,-1.763247,-0.317814,-17.550801,1.796268,0.189199,-0.377699,0.720000,1.000000,0.300000,0.400000,-0.200000,1.796268
676,-1.760243,-0.300003,-17.554578,1.821866,0.185485,-0.503720,0.700000,1.000000,0.300000,0.400000,-0.200000,1.821866
677,-1.757066,-0.281968,-17.559615,1.847251,0.184272,-0.628329,0.700000,1.000000,0.280000,0.400000,0.000000,1.847251
678,-1.753717,-0.263709,-17.565898,1.873802,0.189681,-0.573540,0.680000,1.000000,0.260000,0.400000,0.000000,1.873802
679,-1.750229,-0.245201,-17.571634,1.900414,0.194152,-0.521253,0.680000,1.000000,0.240000,0.400000,0.000000,1.900414
680,-1.746601,-0.226445,-17.576846,1.927094,0.197733,-0.471332,0.660000,1.000000,0.240000,0.400000,0.000000,1.927094
681,-1.742832,-0.207443,-17.581560,1.953845,0.200469,-0.423661,0.660000,1.000000,0.220000,0.400000,0.000000,1.953845
682,-1.738919,-0.188196,-17.585796,1.980670,0.202402,-0.378139,0.660000,1.000000,0.220000,0.400000,0.000000,1.980670
683,-1.734862,-0.168704,-17.589578,2.007570,0.203571,-0.334676,0.640000,1.000000,0.320000,0.400000,0.000000,2.007570
684,-1.730660,-0.148967,-17.592924,2.034544,0.204015,-0.293199,0.640000,1.000000,0.460000,0.400000,0.000000,2.034544
685,-1.726313,-0.128987,-17.595856,2.061593,0.203770,-0.253644,0.620000,1.000000,0.600000,0.400000,0.000000,2.061593
686,-1.721821,-0.108764,-17.598393,2.088713,0.202870,-0.215955,0.620000,1.000000,0.780000,0.400000,0.000000,2.088713
687,-1.717184,-0.088297,-17.600552,2.115903,0.201348,-0.180087,0.620000,1.000000,0.800000,0.400000,0.000000,2.115903
688,-1.712402,-0.067587,-17.602353,2.143158,0.199239,-0.146001,0.600000,1.000000,0.780000,0.400000,0.000000,2.143158
689,-1.707476,-0.046635,-17.603813,2.170475,0.196573,-0.113662,0.600000,1.000000,0.760000,0.400000,0.000000,2.170475
690,-1.702408,-0.025439,-17.604950,2.197849,0.193383,-0.083043,0.580000,1.000000,0.760000,0.400000,0.000000,2.197849
691,-1.697197,-0.004000,-17.605780,2.225276,0.189701,-0.054117,0.580000,1.000000,0.740000,0.400000,0.000000,2.225276
692,-1.691845,0.017683,-17.606321,2.252751,0.185557,-0.026863,0.580000,1.000000,0.720000,0.600000,0.000000,2.252751
693,-1.686354,0.039610,-17.606590,2.294268,0.180983,-0.001257,0.560000,1.000000,0.700000,0.400000,0.000000,2.294268
694,-1.680680,0.061914,-17.606603,2.321816,0.176039,0.022607,0.560000,1.000000,0.740000,0.600000,-0.200000,2.321816
695,-1.674871,0.084462,-17.606377,2.362050,0.166389,-0.140531,0.560000,1.000000,0.940000,0.400000,-0.200000,2.362050
696,-1.668845,0.107362,-17.607782,2.388016,0.160788,-0.303514,0.540000,1.000000,1.000000,0.400000,0.000000,2.388016
697,-1.662651,0.130480,-17.610817,2.415041,0.163731,-0.271582,0.540000,1.000000,1.000000,0.400000,0.000000,2.415041
698,-1.656326,0.153845,-17.613533,2.442098,0.165958,-0.240801,0.520000,1.000000,1.000000,0.400000,0.000000,2.442098
699,-1.649870,0.177456,-17.615941,2.469190,0.167501,-0.211172,0.520000,1.000000,1.000000,0.400000,0.000000,2.469190
700,-1.643282,0.201311,-17.618053,2.496315,0.168386,-0.182697,0.500000,1.000000,1.000000,0.400000,0.000000,2.496315
701,-1.636561,0.225412,-17.619880,2.523476,0.168643,-0.155376,0.500000,1.000000,1.000000,0.400000,0.000000,2.523476
702,-1.629708,0.249757,-17.621433,2.550670,0.168300,-0.129210,0.480000,1.000000,1.000000,0.400000,0.000000,2.550670
703,-1.622723,0.274346,-17.622725,2.577897,0.167384,-0.104199,0.480000,1.000000,1.000000,0.400000,0.000000,2.577897
704,-1.615606,0.299179,-17.623767,2.605156,0.165925,-0.080341,0.460000,1.000000,1.000000,0.400000,0.000000,2.605156
705,-1.608356,0.324257,-17.624571,2.632443,0.163949,-0.057636,0.460000,1.000000,1.000000,0.400000,0.000000,2.632443
706,-1.600976,0.349579,-17.625147,2.659757,0.161486,-0.036081,0.440000,1.000000,1.000000,0.400000,-0.200000,2.659757
707,-1.593465,0.375145,-17.625508,2.685797,0.154006,-0.210522,0.440000,1.000000,1.000000,0.400000,0.000000,2.685797
708,-1.585786,0.400928,-17.627613,2.712857,0.155972,-0.185327,0.420000,1.000000,1.000000,0.400000,-0.200000,2.712857
709,-1.577978,0.426955,-17.629466,2.738659,0.152682,-0.358655,0.420000,1.000000,1.000000,0.400000,-0.200000,2.738659
710,-1.570003,0.453199,-17.633053,2.764201,0.154235,-0.529000,0.400000,1.000000,1.000000,0.400000,-0.200000,2.764201
711,-1.561860,0.479660,-17.638343,2.789468,0.160551,-0.695001,0.400000,1.000000,1.000000,0.400000,-0.200000,2.789468
712,-1.553547,0.506335,-17.645293,2.814424,0.171516,-0.855460,0.380000,1.000000,1.000000,0.400000,-0.200000,2.814424
713,-1.545062,0.533225,-17.653848,2.839010,0.186979,-1.009344,0.360000,1.000000,0.980000,0.000000,0.000000,2.839010
714,-1.536401,0.560326,-17.663941,2.836435,0.211384,-0.958135,0.360000,0.720000,1.000000,0.400000,-0.200000,2.836435
715,-1.527703,0.587406,-17.673522,2.860411,0.229304,-1.099097,0.340000,0.700000,0.980000,0.000000,-0.200000,2.860411
716,-1.518819,0.614692,-17.684513,2.855868,0.251211,-1.232757,0.320000,0.660000,0.960000,0.000000,-0.200000,2.855868
717,-1.509854,0.641924,-17.696841,2.850730,0.276526,-1.357726,0.300000,0.620000,0.980000,-0.600000,0.000000,2.850730
718,-1.500807,0.669098,-17.710418,2.804282,0.309177,-1.292569,0.300000,0.580000,0.960000,0.000000,-0.200000,2.804282
719,-1.491883,0.695862,-17.723344,2.798209,0.334617,-1.400703,0.280000,0.560000,0.980000,0.000000,-0.200000,2.798209
720,-1.482869,0.722564,-17.737351,2.791426,0.362637,-1.500835,0.260000,0.520000,0.960000,0.000000,-0.200000,2.791426
721,-1.473764,0.749199,-17.752359,2.783867,0.392973,-1.593004,0.260000,0.500000,0.980000,0.000000,-0.200000,2.783867
722,-1.464564,0.775766,-17.768289,2.775468,0.425368,-1.677395,0.240000,0.460000,0.960000,0.000000,-0.200000,2.775468
723,-1.455267,0.802261,-17.785063,2.766173,0.459576,-1.754315,0.220000,0.440000,0.940000,0.000000,-0.200000,2.766173
724,-1.445872,0.828681,-17.802606,2.755928,0.495364,-1.824172,0.220000,0.400000,0.960000,-0.400000,-0.200000,2.755928
725,-1.436376,0.855023,-17.820848,2.716687,0.532516,-1.887450,0.200000,0.380000,0.940000,-0.400000,-0.200000,2.716687
726,-1.426921,0.881042,-17.839723,2.676421,0.570252,-1.943767,0.180000,0.360000,0.920000,-0.400000,-0.200000,2.676421
727,-1.417511,0.906738,-17.859160,2.635110,0.608338,-1.993857,0.180000,0.320000,0.900000,-0.400000,-0.200000,2.635110
728,-1.408149,0.932110,-17.879099,2.592745,0.646567,-2.038460,0.160000,0.300000,0.900000,-0.600000,-0.200000,2.592745
729,-1.398837,0.957156,-17.899483,2.535321,0.684761,-2.078297,0.200000,0.280000,0.880000,-0.400000,-0.400000,2.535321
730,-1.389661,0.981763,-17.920266,2.488858,0.722112,-2.128159,0.200000,0.260000,0.860000,-0.400000,-0.400000,2.488858
731,-1.380553,1.006025,-17.941548,2.441261,0.759518,-2.171287,0.180000,0.240000,0.840000,-0.400000,-0.400000,2.441261
732,-1.371519,1.029942,-17.963261,2.392542,0.796763,-2.208449,0.160000,0.220000,0.840000,-0.600000,-0.400000,2.392542
733,-1.362564,1.053516,-17.985345,2.328722,0.833658,-2.240375,0.160000,0.220000,0.820000,-0.600000,-0.400000,2.328722
734,-1.353785,1.076640,-18.007749,2.263829,0.869708,-2.267330,0.140000,0.200000,0.800000,-0.600000,-0.400000,2.263829
735,-1.345192,1.099318,-18.030422,2.197904,0.904757,-2.290044,0.140000,0.180000,0.800000,-0.600000,-0.400000,2.197904
736,-1.336794,1.121553,-18.053323,2.130989,0.938670,-2.309171,0.140000,0.160000,0.780000,-0.600000,-0.400000,2.130989
737,-1.328598,1.143349,-18.076415,2.063128,0.971336,-2.325297,0.120000,0.160000,0.780000,-0.600000,-0.400000,2.063128
738,-1.320616,1.164710,-18.099668,1.994368,1.002659,-2.338936,0.120000,0.140000,0.760000,-0.600000,-0.400000,1.994368
739,-1.312855,1.185639,-18.123057,1.924756,1.032562,-2.350541,0.100000,0.140000,0.760000,-0.600000,-0.400000,1.924756
740,-1.305327,1.206143,-18.146562,1.854336,1.060979,-2.360504,0.100000,0.120000,0.740000,-0.600000,-0.400000,1.854336
741,-1.298039,1.226226,-18.170167,1.783156,1.087855,-2.369165,0.100000,0.120000,0.160000,-0.600000,-0.400000,1.783156
742,-1.291002,1.245893,-18.193859,1.711261,1.113145,-2.376818,0.080000,0.100000,0.140000,-0.600000,-0.400000,1.711261
743,-1.284225,1.265150,-18.217627,1.638694,1.136811,-2.383716,0.080000,0.100000,0.720000,-0.600000,-0.400000,1.638694
744,-1.277718,1.284002,-18.241464,1.565500,1.158822,-2.390073,0.080000,0.080000,0.720000,-0.600000,-0.400000,1.565500
745,-1.271490,1.302457,-18.265365,1.491721,1.179153,-2.396075,0.060000,0.080000,0.700000,-0.600000,-0.400000,1.491721
746,-1.265550,1.320520,-18.289326,1.417400,1.197779,-2.401877,0.060000,0.080000,0.700000,-0.600000,-0.400000,1.417400
747,-1.259907,1.338199,-18.313345,1.342575,1.214684,-2.407612,0.060000,0.060000,0.700000,-0.600000,-0.400000,1.342575
748,-1.254571,1.355500,-18.337421,1.267288,1.229849,-2.413391,0.060000,0.060000,0.680000,-0.600000,-0.400000,1.267288
749,-1.249551,1.372430,-18.361555,1.191578,1.243261,-2.419307,0.060000,0.100000,0.680000,-0.600000,-0.400000,1.191578
750,-1.244855,1.388999,-18.385748,1.115484,1.254906,-2.425438,0.040000,0.100000,0.680000,-0.600000,-0.400000,1.115484
751,-1.240493,1.405212,-18.410002,1.039043,1.264772,-2.431847,0.080000,0.080000,0.680000,-0.600000,-0.400000,1.039043
752,-1.236472,1.421079,-18.434321,0.962293,1.272848,-2.438586,0.080000,0.120000,0.680000,-0.600000,-0.400000,0.962293
753,-1.232802,1.436608,-18.458706,0.885273,1.279123,-2.445696,0.080000,0.120000,0.680000,-0.600000,-0.400000,0.885273
754,-1.229490,1.451807,-18.483163,0.808020,1.283585,-2.453209,0.120000,0.200000,0.680000,-0.400000,-0.400000,0.808020
755,-1.226544,1.466686,-18.507695,0.744572,1.286224,-2.461148,0.120000,1.000000,0.680000,-0.200000,-0.200000,0.744572
756,-1.223841,1.481300,-18.532307,0.696880,1.286794,-2.494124,0.100000,1.000000,0.680000,0.000000,-0.200000,0.696880
757,-1.221235,1.495700,-18.557248,0.662755,1.286422,-2.527545,0.100000,1.000000,0.680000,0.000000,-0.200000,0.662755
758,-1.218595,1.509928,-18.582524,0.628212,1.285423,-2.561275,0.100000,1.000000,0.680000,0.000000,-0.200000,0.628212
759,-1.215928,1.523984,-18.608136,0.593265,1.283764,-2.595312,0.180000,1.000000,0.700000,0.000000,-0.200000,0.593265
760,-1.213236,1.537868,-18.634089,0.557926,1.281416,-2.629651,0.180000,1.000000,0.700000,0.000000,-0.200000,0.557926
761,-1.210526,1.551579,-18.660386,0.522212,1.278345,-2.664289,0.180000,1.000000,0.700000,0.000000,-0.200000,0.522212
762,-1.207800,1.565116,-18.687029,0.486138,1.274519,-2.699221,0.180000,1.000000,0.720000,0.000000,-0.200000,0.486138
763,-1.205066,1.578480,-18.714021,0.449725,1.269907,-2.734443,0.180000,1.000000,0.740000,0.000000,-0.200000,0.449725
764,-1.202325,1.591670,-18.741366,0.412991,1.264475,-2.769950,0.180000,1.000000,0.740000,-0.200000,-0.200000,0.412991
765,-1.199585,1.604687,-18.769065,0.361959,1.258190,-2.805736,0.180000,1.000000,0.760000,-0.400000,-0.200000,0.361959
766,-1.196989,1.617519,-18.797122,0.296655,1.250629,-2.841901,0.200000,1.000000,0.800000,0.000000,-0.200000,0.296655
767,-1.194682,1.630164,-18.825541,0.259114,1.241355,-2.878533,0.220000,1.000000,0.820000,0.000000,0.000000,0.259114
768,-1.192389,1.642636,-18.854327,0.223376,1.230916,-2.923950,0.220000,1.000000,0.860000,0.000000,0.000000,0.223376
769,-1.190097,1.654934,-18.883566,0.187380,1.219554,-2.969695,0.240000,1.000000,0.900000,0.000000,0.000000,0.187380
770,-1.187810,1.667059,-18.913263,0.151160,1.207230,-3.015758,0.240000,1.000000,0.960000,0.000000,0.000000,0.151160
771,-1.185532,1.679011,-18.943421,0.114751,1.193907,-3.062125,0.260000,1.000000,1.000000,0.000000,0.000000,0.114751
772,-1.183271,1.690790,-18.974042,0.078191,1.179544,-3.108784,0.260000,1.000000,1.000000,0.000000,0.000000,0.078191
773,-1.181031,1.702397,-19.005130,0.041521,1.164105,-3.155724,0.260000,1.000000,1.000000,0.000000,0.000000,0.041521
774,-1.178817,1.713833,-19.036687,0.004785,1.147553,-3.202930,0.260000,0.720000,1.000000,0.000000,0.000000,0.004785
775,-1.176635,1.725099,-19.068716,-0.031970,1.129851,-3.250392,0.280000,0.660000,1.000000,0.400000,-0.200000,-0.031970
776,-1.174490,1.736197,-19.101220,-0.042683,1.111178,-3.288981,0.280000,0.600000,1.000000,0.400000,-0.200000,-0.042683
777,-1.172137,1.747065,-19.134110,-0.053218,1.092143,-3.327627,0.280000,0.580000,1.000000,0.400000,-0.200000,-0.053218
778,-1.169581,1.757697,-19.167386,-0.063548,1.072744,-3.366329,0.280000,0.540000,1.000000,0.200000,-0.200000,-0.063548
779,-1.166833,1.768085,-19.201050,-0.087648,1.052980,-3.405086,0.280000,0.520000,1.000000,0.200000,-0.200000,-0.087648
780,-1.164030,1.778273,-19.235101,-0.111491,1.032377,-3.443968,0.280000,0.500000,1.000000,0.200000,-0.200000,-0.111491
781,-1.161181,1.788258,-19.269540,-0.135033,1.010926,-3.482970,0.280000,0.480000,1.000000,0.200000,-0.200000,-0.135033
782,-1.158292,1.798040,-19.304370,-0.158231,0.988618,-3.522089,0.280000,0.460000,1.000000,0.200000,-0.200000,-0.158231
783,-1.155370,1.807616,-19.339591,-0.181039,0.965448,-3.561322,0.280000,0.440000,1.000000,0.200000,-0.200000,-0.181039
784,-1.152424,1.816986,-19.375204,-0.203409,0.941411,-3.600665,0.280000,0.440000,1.000000,0.400000,-0.200000,-0.203409
785,-1.149460,1.826150,-19.411211,-0.211294,0.916505,-3.640114,0.280000,0.420000,1.000000,0.400000,-0.200000,-0.211294
786,-1.146367,1.835032,-19.447612,-0.218644,0.891236,-3.679608,0.300000,0.420000,1.000000,0.400000,-0.200000,-0.218644
787,-1.143156,1.843629,-19.484408,-0.225426,0.865616,-3.719144,0.300000,0.400000,0.980000,0.400000,-0.200000,-0.225426
788,-1.139837,1.851935,-19.521599,-0.231607,0.839662,-3.758720,0.300000,0.400000,0.900000,0.400000,0.000000,-0.231607
789,-1.136422,1.859948,-19.559187,-0.235173,0.813172,-3.807642,0.300000,0.400000,0.720000,0.400000,0.000000,-0.235173
790,-1.132908,1.867649,-19.597263,-0.238140,0.786437,-3.856592,0.300000,0.380000,0.660000,0.400000,0.000000,-0.238140
791,-1.129306,1.875035,-19.635829,-0.240474,0.759475,-3.905567,0.300000,0.380000,0.620000,0.400000,0.000000,-0.240474
792,-1.125630,1.882103,-19.674885,-0.242141,0.732309,-3.954564,0.300000,0.380000,0.580000,0.400000,0.000000,-0.242141
793,-1.121892,1.888849,-19.714430,-0.243106,0.704962,-4.003576,0.300000,0.360000,0.560000,0.400000,-0.200000,-0.243106
794,-1.118104,1.895272,-19.754466,-0.245316,0.677680,-4.043275,0.320000,0.360000,0.540000,0.200000,-0.200000,-0.245316
795,-1.114291,1.901388,-19.794899,-0.260703,0.650216,-4.082987,0.340000,0.360000,0.520000,0.200000,-0.200000,-0.260703
796,-1.110546,1.907308,-19.835729,-0.275237,0.622035,-4.122765,0.340000,0.360000,0.500000,0.200000,-0.200000,-0.275237
797,-1.106877,1.913036,-19.876956,-0.288868,0.593160,-4.162600,0.340000,0.340000,0.480000,0.200000,-0.200000,-0.288868
798,-1.103294,1.918576,-19.918582,-0.301544,0.563618,-4.202486,0.340000,0.340000,0.460000,0.200000,-0.200000,-0.301544
799,-1.099803,1.923931,-19.960607,-0.313216,0.533439,-4.242416,0.360000,0.340000,0.440000,0.200000,-0.200000,-0.313216
800,-1.096412,1.929104,-20.003031,-0.323831,0.502653,-4.282383,0.360000,0.340000,0.440000,0.200000,-0.200000,-0.323831
801,-1.093129,1.934102,-20.045855,-0.333341,0.471298,-4.322379,0.360000,0.340000,0.420000,0.000000,-0.200000,-0.333341
802,-1.089962,1.938929,-20.089079,-0.355696,0.439414,-4.362396,0.360000,0.340000,0.420000,0.000000,-0.200000,-0.355696
803,-1.086964,1.943721,-20.132703,-0.376849,0.406436,-4.402490,0.400000,0.340000,0.400000,0.200000,-0.200000,-0.376849
804,-1.084136,1.948488,-20.176728,-0.382725,0.372400,-4.442659,0.420000,0.340000,0.400000,0.200000,-0.200000,-0.382725
805,-1.081445,1.953101,-20.221154,-0.387252,0.337963,-4.482838,0.460000,0.340000,0.380000,0.200000,-0.200000,-0.387252
806,-1.078899,1.957565,-20.265983,-0.390384,0.303182,-4.523022,0.460000,0.380000,0.380000,0.200000,-0.200000,-0.390384
807,-1.076503,1.961889,-20.311213,-0.392078,0.268115,-4.563209,1.000000,0.380000,0.380000,0.400000,-0.200000,-0.392078
808,-1.074265,1.966078,-20.356845,-0.378292,0.232826,-4.603398,1.000000,0.380000,0.380000,0.200000,-0.200000,-0.378292
809,-1.072181,1.970001,-20.402879,-0.376987,0.198024,-4.643497,1.000000,0.380000,0.360000,0.200000,-0.200000,-0.376987
810,-1.070267,1.973805,-20.449314,-0.374158,0.163144,-4.683595,1.000000,0.380000,0.360000,0.400000,-0.200000,-0.374158
811,-1.068528,1.977498,-20.496150,-0.355773,0.128258,-4.723699,1.000000,0.440000,0.360000,0.400000,0.000000,-0.355773
812,-1.066980,1.980948,-20.543387,-0.333842,0.113662,-3.927094,1.000000,0.440000,0.360000,0.400000,0.000000,-0.333842
813,-1.065442,1.984122,-20.582658,-0.310315,0.102765,-3.130845,1.000000,0.480000,0.360000,0.400000,0.000000,-0.310315
814,-1.063927,1.987018,-20.613966,-0.285541,0.075493,-3.180639,1.000000,0.480000,0.360000,0.400000,0.000000,-0.285541
815,-1.062636,1.989675,-20.645773,-0.259949,0.068637,-2.384595,0.940000,1.000000,0.400000,0.600000,-0.200000,-0.259949
816,-1.061386,1.992056,-20.669619,-0.217624,0.064485,-1.596778,0.920000,1.000000,0.400000,0.600000,-0.200000,-0.217624
817,-1.060225,1.994005,-20.685586,-0.178620,0.043673,-1.638184,0.900000,1.000000,0.400000,0.600000,-0.200000,-0.178620
818,-1.059335,1.995615,-20.701968,-0.135371,0.042797,-0.850385,0.880000,1.000000,0.400000,0.600000,-0.400000,-0.135371
819,-1.058548,1.996796,-20.710472,-0.097579,0.024903,-0.866505,0.880000,1.000000,0.400000,0.600000,-0.400000,-0.097579
820,-1.058030,1.997660,-20.719137,-0.051932,0.025537,-0.103083,0.860000,1.000000,0.400000,0.600000,-0.200000,-0.051932
821,-1.057633,1.998081,-20.720168,-0.011926,0.008120,-0.145482,0.860000,1.000000,0.400000,0.600000,-0.200000,-0.011926
822,-1.057520,1.998171,-20.721623,0.030062,0.008103,-0.145482,0.860000,1.000000,0.400000,0.600000,-0.200000,0.030062
823,-1.057532,1.997860,-20.723078,0.070562,-0.006605,-0.098601,0.860000,1.000000,0.400000,0.600000,-0.200000,0.070562
824,-1.057805,1.997206,-20.724064,0.112164,-0.006929,-0.261750,0.860000,1.000000,0.400000,0.600000,-0.200000,0.112164
825,-1.058207,1.996157,-20.726681,0.153750,-0.009282,-0.327337,0.860000,1.000000,0.400000,0.600000,-0.200000,0.153750
826,-1.058759,1.994719,-20.729954,0.195306,-0.011450,-0.410628,0.840000,1.000000,0.400000,0.600000,-0.200000,0.195306
827,-1.059463,1.992893,-20.734061,0.236863,-0.013418,-0.495472,0.840000,1.000000,0.400000,0.600000,-0.200000,0.236863
828,-1.060322,1.990682,-20.739015,0.278425,-0.015134,-0.580337,0.840000,1.000000,0.400000,0.600000,-0.200000,0.278425
829,-1.061338,1.988085,-20.744819,0.319992,-0.016547,-0.664777,0.820000,1.000000,0.400000,0.600000,-0.200000,0.319992
830,-1.062515,1.985105,-20.751467,0.361563,-0.017610,-0.748563,0.820000,1.000000,0.400000,0.600000,-0.200000,0.361563
831,-1.063857,1.981743,-20.758952,0.403136,-0.018275,-0.831535,0.820000,1.000000,0.400000,0.600000,-0.200000,0.403136
832,-1.065368,1.978001,-20.767268,0.444706,-0.018499,-0.913555,0.800000,1.000000,0.400000,0.600000,-0.200000,0.444706
833,-1.067054,1.973882,-20.776403,0.486269,-0.018237,-0.994494,0.800000,1.000000,0.380000,0.600000,-0.200000,0.486269
834,-1.068920,1.969388,-20.786348,0.527817,-0.017446,-1.074229,0.780000,1.000000,0.380000,0.600000,-0.200000,0.527817
835,-1.070972,1.964522,-20.797090,0.569342,-0.016086,-1.152640,0.760000,1.000000,0.380000,0.600000,-0.400000,0.569342
836,-1.073216,1.959287,-20.808617,0.608657,-0.017552,-1.376584,0.760000,1.000000,0.380000,0.400000,-0.200000,0.608657
837,-1.075683,1.953719,-20.822383,0.636241,-0.013807,-1.433506,0.740000,1.000000,0.420000,0.400000,-0.200000,0.636241
838,-1.078299,1.947918,-20.836718,0.663739,-0.009738,-1.487930,0.720000,1.000000,0.400000,0.400000,-0.200000,0.663739
839,-1.081073,1.941887,-20.851597,0.691142,-0.005318,-1.540162,0.720000,1.000000,0.400000,0.400000,-0.200000,0.691142
840,-1.084010,1.935631,-20.866999,0.718440,-0.000524,-1.590413,0.700000,1.000000,0.400000,0.400000,-0.200000,0.718440
841,-1.087118,1.929154,-20.882903,0.745624,0.004666,-1.638833,0.680000,1.000000,0.400000,0.400000,-0.200000,0.745624
842,-1.090404,1.922460,-20.899291,0.772683,0.010270,-1.685525,0.680000,1.000000,0.440000,0.400000,-0.200000,0.772683
843,-1.093873,1.915555,-20.916146,0.799605,0.016304,-1.730567,0.660000,1.000000,0.420000,0.400000,-0.200000,0.799605
844,-1.097534,1.908445,-20.933452,0.826378,0.022783,-1.774012,0.640000,1.000000,0.420000,0.400000,-0.200000,0.826378
845,-1.101392,1.901133,-20.951192,0.852989,0.029720,-1.815905,0.640000,1.000000,0.420000,0.400000,-0.200000,0.852989
846,-1.105454,1.893627,-20.969351,0.879426,0.037126,-1.856280,0.620000,0.920000,1.000000,0.400000,0.000000,0.879426
847,-1.109726,1.885931,-20.987914,0.906671,0.050517,-1.659700,0.600000,0.880000,1.000000,0.400000,0.000000,0.906671
848,-1.114174,1.878014,-21.004511,0.933762,0.061850,-1.486334,0.600000,0.860000,1.000000,0.200000,0.000000,0.933762
849,-1.118808,1.869884,-21.019374,0.946768,0.071404,-1.332741,0.580000,0.840000,1.000000,0.200000,0.000000,0.946768
850,-1.123557,1.861662,-21.032702,0.959740,0.079172,-1.194364,0.580000,0.820000,1.000000,0.400000,0.000000,0.959740
851,-1.128425,1.853353,-21.044645,0.986716,0.085384,-1.069258,0.560000,0.800000,1.000000,0.400000,0.000000,0.986716
852,-1.133500,1.844848,-21.055338,1.013720,0.090453,-0.956899,0.560000,0.780000,1.000000,0.400000,0.000000,1.013720
853,-1.138785,1.836151,-21.064907,1.040767,0.094520,-0.855499,0.540000,0.760000,1.000000,0.200000,0.000000,1.040767
854,-1.144283,1.827263,-21.073462,1.053866,0.097702,-0.763612,0.540000,0.740000,1.000000,0.200000,0.000000,1.053866
855,-1.149911,1.818300,-21.081098,1.067025,0.099925,-0.679297,0.520000,0.720000,1.000000,0.200000,0.000000,1.067025
856,-1.155670,1.809262,-21.087891,1.080249,0.101298,-0.601815,0.520000,0.720000,1.000000,0.400000,-0.200000,1.080249
857,-1.161562,1.800151,-21.093909,1.106189,0.097606,-0.715039,0.460000,0.700000,1.000000,0.400000,-0.200000,1.106189
858,-1.167699,1.790896,-21.101060,1.132060,0.095513,-0.826427,0.500000,0.680000,1.000000,0.400000,-0.200000,1.132060
859,-1.174081,1.781497,-21.109324,1.157855,0.094993,-0.935107,0.500000,0.680000,1.000000,0.400000,-0.200000,1.157855
860,-1.180709,1.771956,-21.118675,1.183560,0.096010,-1.040387,0.480000,0.660000,1.000000,0.400000,-0.200000,1.183560
861,-1.187583,1.762274,-21.129079,1.209160,0.098524,-1.141737,0.480000,0.640000,1.000000,0.400000,-0.200000,1.209160
862,-1.194705,1.752453,-21.140496,1.234633,0.102488,-1.238769,0.420000,0.620000,1.000000,0.400000,-0.200000,1.234633
863,-1.202077,1.742496,-21.152884,1.259957,0.107851,-1.331223,0.460000,0.600000,1.000000,0.200000,0.000000,1.259957
864,-1.209701,1.732407,-21.166196,1.272386,0.119194,-1.220940,0.400000,0.580000,1.000000,0.200000,-0.200000,1.272386
865,-1.217460,1.722252,-21.178405,1.283478,0.124374,-1.310035,0.440000,0.580000,1.000000,0.200000,0.000000,1.283478
866,-1.225381,1.712077,-21.191506,1.295708,0.135139,-1.203086,0.380000,0.560000,1.000000,0.200000,-0.200000,1.295708
867,-1.233442,1.701843,-21.203537,1.306588,0.139963,-1.288192,0.380000,0.540000,1.000000,0.000000,0.000000,1.306588
868,-1.241669,1.691596,-21.216419,1.304640,0.150203,-1.184660,0.360000,0.520000,0.960000,0.400000,-0.200000,1.304640
869,-1.249941,1.681397,-21.228265,1.329332,0.154494,-1.265250,0.360000,0.500000,0.920000,0.200000,-0.200000,1.329332
870,-1.258483,1.671094,-21.240918,1.339843,0.160094,-1.342950,0.400000,0.500000,0.880000,0.200000,0.000000,1.339843
871,-1.267193,1.660788,-21.254347,1.351540,0.170865,-1.239687,0.340000,0.480000,0.840000,0.400000,-0.200000,1.351540
872,-1.276054,1.650441,-21.266744,1.375852,0.176050,-1.314257,0.380000,0.460000,0.800000,0.200000,0.000000,1.375852
873,-1.285192,1.640005,-21.279887,1.387377,0.186488,-1.215466,0.360000,0.440000,0.780000,0.200000,-0.200000,1.387377
874,-1.294484,1.629536,-21.292041,1.397508,0.191522,-1.288361,0.360000,0.440000,0.660000,0.000000,-0.200000,1.397508
875,-1.303948,1.619076,-21.304925,1.393433,0.197596,-1.357853,0.340000,0.420000,0.640000,0.000000,-0.200000,1.393433
876,-1.313477,1.608719,-21.318503,1.389134,0.204417,-1.422823,0.340000,0.400000,0.600000,0.000000,-0.200000,1.389134
877,-1.323068,1.598465,-21.332732,1.384602,0.211901,-1.483370,0.320000,0.400000,0.580000,0.000000,-0.200000,1.384602
878,-1.332723,1.588317,-21.347565,1.379824,0.219968,-1.539638,0.320000,0.380000,0.540000,0.000000,-0.200000,1.379824
879,-1.342441,1.578277,-21.362962,1.374793,0.228543,-1.591808,0.300000,0.360000,0.520000,0.000000,-0.200000,1.374793
880,-1.352222,1.568349,-21.378880,1.369498,0.237557,-1.640089,0.300000,0.340000,0.500000,0.000000,-0.200000,1.369498
881,-1.362064,1.558534,-21.395281,1.363932,0.246944,-1.684709,0.280000,0.340000,0.480000,-0.400000,-0.200000,1.363932
882,-1.371966,1.548835,-21.412128,1.330089,0.256645,-1.725910,0.280000,0.320000,0.440000,-0.400000,-0.200000,1.330089
883,-1.381695,1.539409,-21.429387,1.295963,0.266023,-1.762139,0.280000,0.320000,0.420000,-0.400000,-0.200000,1.295963
884,-1.391246,1.530254,-21.447008,1.261566,0.274994,-1.793926,0.260000,0.300000,0.400000,-0.400000,-0.200000,1.261566
885,-1.400616,1.521370,-21.464948,1.226909,0.283485,-1.821781,0.260000,0.280000,0.380000,-0.400000,-0.200000,1.226909
886,-1.409801,1.512757,-21.483165,1.192008,0.291437,-1.846188,0.240000,0.280000,0.360000,-0.400000,-0.200000,1.192008
887,-1.418799,1.504412,-21.501627,1.156879,0.298797,-1.867598,0.240000,0.260000,0.340000,-0.400000,-0.200000,1.156879
888,-1.427604,1.496336,-21.520303,1.121537,0.305525,-1.886430,0.220000,0.260000,0.320000,-0.400000,-0.200000,1.121537
889,-1.436213,1.488525,-21.539167,1.086001,0.311588,-1.903068,0.220000,0.240000,0.320000,-0.400000,-0.200000,1.086001
890,-1.444621,1.480979,-21.558198,1.050287,0.316956,-1.917860,0.220000,0.240000,0.300000,-0.400000,-0.200000,1.050287
891,-1.452825,1.473695,-21.577377,1.014413,0.321610,-1.931124,0.200000,0.220000,0.280000,-0.400000,-0.200000,1.014413
892,-1.460820,1.466672,-21.596688,0.978398,0.325532,-1.943143,0.200000,0.220000,0.260000,-0.400000,-0.200000,0.978398
893,-1.468602,1.459907,-21.616119,0.942258,0.328709,-1.954176,0.200000,0.200000,0.260000,-0.400000,-0.400000,0.942258
894,-1.476166,1.453397,-21.635661,0.904037,0.330954,-1.972126,0.180000,0.200000,0.240000,-0.400000,-0.400000,0.904037
895,-1.483489,1.447147,-21.655382,0.865707,0.332510,-1.987445,0.180000,0.200000,0.240000,-0.400000,-0.400000,0.865707
896,-1.490567,1.441156,-21.675257,0.827291,0.333346,-2.000439,0.180000,0.180000,0.220000,-0.400000,-0.400000,0.827291
897,-1.497395,1.435417,-21.695261,0.788810,0.333437,-2.011393,0.180000,0.180000,0.220000,-0.400000,-0.400000,0.788810
898,-1.503968,1.429927,-21.715375,0.750286,0.332762,-2.020570,0.160000,0.180000,0.200000,-0.400000,-0.400000,0.750286
899,-1.510281,1.424683,-21.735581,0.711739,0.331306,-2.028214,0.160000,0.160000,0.200000,-0.400000,-0.400000,0.711739
900,-1.516330,1.419678,-21.755863,0.673192,0.329056,-2.034552,0.160000,0.160000,0.180000,-0.400000,-0.400000,0.673192
901,-1.522109,1.414909,-21.776209,0.634665,0.326003,-2.039795,0.160000,0.160000,0.180000,-0.400000,-0.400000,0.634665
902,-1.527615,1.410370,-21.796607,0.596179,0.322141,-2.044139,0.140000,0.160000,0.180000,-0.400000,-0.400000,0.596179
903,-1.532841,1.406057,-21.817048,0.557752,0.317467,-2.047768,0.140000,0.140000,0.160000,-0.400000,-0.400000,0.557752
904,-1.537784,1.401964,-21.837526,0.519405,0.311979,-2.050856,0.140000,0.140000,0.160000,-0.400000,-0.400000,0.519405
905,-1.542440,1.398086,-21.858034,0.481156,0.305677,-2.053571,0.140000,0.140000,0.160000,-0.400000,-0.400000,0.481156
906,-1.546803,1.394418,-21.878570,0.443024,0.298565,-2.056072,0.140000,0.140000,0.140000,-0.400000,-0.200000,0.443024
907,-1.550870,1.390953,-21.899131,0.406963,0.290341,-2.071589,0.140000,0.120000,0.140000,-0.400000,-0.200000,0.406963
908,-1.554656,1.387688,-21.919846,0.371022,0.281384,-2.088234,0.140000,0.120000,0.140000,-0.400000,-0.200000,0.371022
909,-1.558156,1.384617,-21.940729,0.335213,0.271694,-2.106130,0.120000,0.120000,0.140000,-0.400000,-0.400000,0.335213
910,-1.561367,1.381735,-21.961790,0.297619,0.261652,-2.109111,0.120000,0.120000,0.120000,-0.200000,-0.400000,0.297619
911,-1.564265,1.379032,-21.982881,0.274223,0.250806,-2.112672,0.120000,0.120000,0.120000,-0.200000,-0.400000,0.274223
912,-1.566986,1.376501,-22.004008,0.251046,0.239471,-2.116475,0.120000,0.120000,0.120000,-0.200000,-0.400000,0.251046
913,-1.569527,1.374139,-22.025173,0.228097,0.227650,-2.120562,0.120000,0.120000,0.120000,-0.200000,-0.400000,0.228097
914,-1.571885,1.371942,-22.046378,0.205389,0.215351,-2.124976,0.120000,0.120000,0.120000,-0.200000,-0.400000,0.205389
915,-1.574054,1.369905,-22.067628,0.182930,0.202576,-2.129767,0.120000,0.120000,0.120000,-0.200000,-0.400000,0.182930
916,-1.576033,1.368025,-22.088926,0.160732,0.189332,-2.134991,0.120000,0.100000,0.120000,-0.200000,-0.400000,0.160732
917,-1.577817,1.366297,-22.110276,0.138804,0.175625,-2.140712,0.120000,0.100000,0.120000,0.000000,-0.400000,0.138804
918,-1.579404,1.364719,-22.131683,0.131157,0.161460,-2.147007,0.120000,0.100000,0.100000,0.000000,-0.400000,0.131157
919,-1.580929,1.363304,-22.153153,0.123809,0.147152,-2.152729,0.120000,0.100000,0.100000,0.000000,-0.400000,0.123809
920,-1.582388,1.362051,-22.174680,0.116769,0.132714,-2.157557,0.120000,0.100000,0.100000,0.000000,-0.400000,0.116769
921,-1.583779,1.360959,-22.196256,0.110047,0.118162,-2.160936,0.120000,0.100000,0.100000,0.000000,-0.400000,0.110047
922,-1.585097,1.360027,-22.217865,0.103659,0.103524,-2.161847,0.120000,0.100000,0.100000,-0.200000,-0.400000,0.103659
923,-1.586339,1.359251,-22.239484,0.083630,0.088850,-2.158275,0.120000,0.100000,0.100000,-0.200000,-0.400000,0.083630
924,-1.587368,1.358595,-22.261066,0.063971,0.073866,-2.150284,0.120000,0.100000,0.100000,0.000000,-0.400000,0.063971
925,-1.588182,1.358054,-22.282569,0.058779,0.058792,-2.129038,0.120000,0.100000,0.100000,0.000000,-0.400000,0.058779
926,-1.588914,1.357660,-22.303860,0.054516,0.044992,-2.047748,0.120000,0.100000,0.100000,0.000000,-0.400000,0.054516
927,-1.589571,1.357399,-22.324337,0.051999,0.034401,-1.822981,0.120000,0.100000,0.100000,0.000000,-0.400000,0.051999
928,-1.590175,1.357244,-22.342567,0.050670,0.025747,-1.507241,0.120000,0.100000,0.100000,0.000000,-0.400000,0.050670
929,-1.590739,1.357177,-22.357639,0.049575,0.016878,-1.191372,0.120000,0.100000,0.100000,0.400000,-0.600000,0.049575
930,-1.591263,1.357197,-22.369553,0.073711,0.004145,-1.032422,0.120000,0.100000,0.100000,0.400000,-0.600000,0.073711
931,-1.591963,1.357431,-22.379877,0.097953,-0.008186,-0.891838,0.120000,0.100000,0.100000,0.400000,-0.600000,0.097953
932,-1.592838,1.357878,-22.388796,0.122291,-0.018457,-0.848520,0.120000,0.100000,0.100000,0.400000,-0.600000,0.122291
933,-1.593894,1.358521,-22.397281,0.146748,-0.025386,-0.955028,0.120000,0.100000,0.100000,0.400000,-0.600000,0.146748
934,-1.595142,1.359334,-22.406831,0.171370,-0.030687,-1.112511,0.120000,0.100000,0.100000,0.400000,-0.600000,0.171370
935,-1.596586,1.360307,-22.417956,0.196137,-0.035194,-1.277704,0.120000,0.100000,0.100000,0.200000,-0.400000,0.196137
936,-1.598226,1.361439,-22.430733,0.210020,-0.035228,-1.276066,0.120000,0.100000,0.100000,0.000000,-0.400000,0.210020
937,-1.599976,1.362652,-22.443494,0.209650,-0.035591,-1.304408,0.120000,0.100000,0.100000,0.000000,-0.400000,0.209650
938,-1.601706,1.363888,-22.456538,0.209359,-0.035841,-1.321720,0.120000,0.100000,0.080000,0.000000,-0.400000,0.209359
939,-1.603417,1.365148,-22.469755,0.209119,-0.036011,-1.332215,0.120000,0.100000,0.080000,0.000000,-0.400000,0.209119
940,-1.605107,1.366431,-22.483077,0.208913,-0.036127,-1.338487,0.120000,0.100000,0.080000,0.000000,-0.400000,0.208913
941,-1.606778,1.367736,-22.496462,0.208729,-0.036205,-1.342137,0.120000,0.100000,0.080000,0.000000,-0.400000,0.208729
942,-1.608429,1.369063,-22.509883,0.208560,-0.036256,-1.344151,0.120000,0.100000,0.080000,0.000000,-0.400000,0.208560
943,-1.610060,1.370412,-22.523325,0.208401,-0.036289,-1.345142,0.120000,0.100000,0.080000,0.000000,-0.400000,0.208401
944,-1.611672,1.371782,-22.536776,0.208249,-0.036309,-1.345488,0.120000,0.100000,0.080000,0.000000,-0.400000,0.208249
945,-1.613264,1.373173,-22.550231,0.208101,-0.036319,-1.345426,0.120000,0.100000,0.080000,0.000000,-0.400000,0.208101
946,-1.614835,1.374585,-22.563686,0.207956,-0.036324,-1.345105,0.120000,0.100000,0.080000,0.000000,-0.400000,0.207956
947,-1.616386,1.376017,-22.577137,0.207814,-0.036324,-1.344617,0.120000,0.100000,0.080000,0.000000,-0.400000,0.207814
948,-1.617917,1.377469,-22.590583,0.207673,-0.036321,-1.344024,0.120000,0.080000,0.080000,0.000000,-0.400000,0.207673
949,-1.619427,1.378941,-22.604023,0.207534,-0.036315,-1.343361,0.120000,0.080000,0.080000,0.000000,-0.400000,0.207534
950,-1.620915,1.380431,-22.617457,0.207395,-0.036308,-1.342653,0.120000,0.080000,0.080000,0.000000,-0.400000,0.207395
951,-1.622383,1.381941,-22.630883,0.207258,-0.036300,-1.341917,0.120000,0.080000,0.080000,0.000000,-0.400000,0.207258
952,-1.623829,1.383470,-22.644302,0.207121,-0.036291,-1.341162,0.120000,0.080000,0.080000,0.000000,-0.400000,0.207121
953,-1.625253,1.385017,-22.657714,0.206985,-0.036282,-1.340395,0.120000,0.080000,0.080000,0.000000,-0.400000,0.206985
954,-1.626656,1.386582,-22.671118,0.206849,-0.036272,-1.339621,0.120000,0.080000,0.080000,0.000000,-0.400000,0.206849
955,-1.628036,1.388164,-22.684514,0.206713,-0.036262,-1.338842,0.120000,0.080000,0.080000,0.000000,-0.400000,0.206713
956,-1.629394,1.389764,-22.697903,0.206578,-0.036251,-1.338061,0.120000,0.080000,0.080000,0.000000,-0.400000,0.206578
957,-1.630730,1.391381,-22.711283,0.206444,-0.036241,-1.337279,0.100000,0.080000,0.060000,0.000000,-0.400000,0.206444
958,-1.632043,1.393015,-22.724656,0.206309,-0.036230,-1.336496,0.100000,0.080000,0.060000,0.000000,-0.400000,0.206309
959,-1.633333,1.394666,-22.738021,0.206175,-0.036220,-1.335714,0.100000,0.080000,0.060000,0.000000,-0.400000,0.206175
960,-1.634599,1.396332,-22.751378,0.206042,-0.036209,-1.334933,0.100000,0.080000,0.060000,0.000000,-0.400000,0.206042
961,-1.635843,1.398014,-22.764727,0.205909,-0.036198,-1.334153,0.100000,0.080000,0.060000,0.000000,-0.400000,0.205909
962,-1.637063,1.399712,-22.778069,0.205776,-0.036188,-1.333374,0.100000,0.080000,0.060000,0.000000,-0.400000,0.205776
963,-1.638260,1.401425,-22.791403,0.205643,-0.036177,-1.332597,0.100000,0.080000,0.060000,0.000000,-0.400000,0.205643
964,-1.639433,1.403152,-22.804729,0.205511,-0.036166,-1.331821,0.100000,0.080000,0.060000,0.000000,-0.400000,0.205511
965,-1.640581,1.404894,-22.818047,0.205379,-0.036155,-1.331047,0.100000,0.080000,0.060000,0.000000,-0.400000,0.205379
966,-1.641706,1.406650,-22.831357,0.205248,-0.036145,-1.330275,0.100000,0.080000,0.060000,0.000000,-0.400000,0.205248
967,-1.642807,1.408420,-22.844660,0.205116,-0.036134,-1.329504,0.080000,0.080000,0.060000,0.000000,-0.400000,0.205116
968,-1.643883,1.410203,-22.857955,0.204985,-0.036123,-1.328735,0.080000,0.080000,0.060000,0.000000,-0.400000,0.204985
969,-1.644934,1.412000,-22.871242,0.204855,-0.036112,-1.327967,0.080000,0.080000,0.060000,0.000000,-0.400000,0.204855
970,-1.645961,1.413809,-22.884522,0.204725,-0.036102,-1.327202,0.080000,0.080000,0.060000,0.000000,-0.400000,0.204725
971,-1.646963,1.415630,-22.897794,0.204595,-0.036091,-1.326438,0.080000,0.080000,0.060000,0.000000,-0.400000,0.204595
972,-1.647940,1.417464,-22.911058,0.204465,-0.036080,-1.325676,0.080000,0.080000,0.060000,0.000000,-0.400000,0.204465
973,-1.648891,1.419309,-22.924315,0.204336,-0.036069,-1.324915,0.080000,0.080000,0.060000,0.000000,-0.400000,0.204336
974,-1.649818,1.421166,-22.937564,0.204207,-0.036059,-1.324156,0.080000,0.080000,0.060000,0.000000,-0.400000,0.204207
975,-1.650719,1.423033,-22.950806,0.204078,-0.036048,-1.323399,0.080000,0.080000,0.060000,0.000000,-0.400000,0.204078
976,-1.651595,1.424911,-22.964040,0.203950,-0.036037,-1.322644,0.080000,0.080000,0.060000,0.000000,-0.400000,0.203950
977,-1.652445,1.426800,-22.977266,0.203822,-0.036027,-1.321890,0.080000,0.080000,0.060000,0.000000,-0.400000,0.203822
978,-1.653270,1.428698,-22.990485,0.203694,-0.036016,-1.321138,0.060000,0.080000,0.060000,0.000000,-0.400000,0.203694
979,-1.654068,1.430606,-23.003697,0.203567,-0.036005,-1.320388,0.060000,0.080000,0.060000,0.000000,-0.400000,0.203567
980,-1.654841,1.432524,-23.016901,0.203439,-0.035994,-1.319639,0.060000,0.080000,0.060000,0.000000,-0.400000,0.203439
981,-1.655588,1.434450,-23.030097,0.203313,-0.035984,-1.318892,0.060000,0.080000,0.060000,0.000000,-0.400000,0.203313
982,-1.656309,1.436385,-23.043286,0.203186,-0.035973,-1.318147,0.060000,0.060000,0.060000,0.000000,-0.400000,0.203186
983,-1.657004,1.438328,-23.056467,0.203060,-0.035962,-1.317403,0.060000,0.060000,0.060000,0.000000,-0.400000,0.203060
984,-1.657673,1.440279,-23.069641,0.202934,-0.035952,-1.316661,0.060000,0.060000,0.060000,0.000000,-0.400000,0.202934
985,-1.658315,1.442237,-23.082808,0.202808,-0.035941,-1.315921,0.060000,0.060000,0.060000,0.000000,-0.400000,0.202808
986,-1.658931,1.444202,-23.095967,0.202683,-0.035930,-1.315182,0.060000,0.060000,0.060000,0.000000,-0.400000,0.202683
987,-1.659521,1.446174,-23.109119,0.202558,-0.035920,-1.314445,0.060000,0.060000,0.060000,0.000000,-0.400000,0.202558
988,-1.660084,1.448153,-23.122263,0.202433,-0.035909,-1.313710,0.060000,0.060000,0.060000,0.000000,-0.400000,0.202433
989,-1.660621,1.450138,-23.135401,0.202309,-0.035898,-1.312976,0.060000,0.060000,0.060000,0.000000,-0.400000,0.202309
990,-1.661131,1.452128,-23.148530,0.202185,-0.035888,-1.312244,0.040000,0.060000,0.060000,0.000000,-0.400000,0.202185
991,-1.661614,1.454124,-23.161653,0.202061,-0.035877,-1.311513,0.040000,0.040000,0.060000,0.000000,-0.400000,0.202061
992,-1.662071,1.456124,-23.174768,0.201937,-0.035866,-1.310784,0.040000,0.040000,0.060000,0.000000,-0.400000,0.201937
993,-1.662502,1.458130,-23.187876,0.201814,-0.035856,-1.310057,0.040000,0.040000,0.060000,0.000000,-0.400000,0.201814
994,-1.662905,1.460139,-23.200976,0.201691,-0.035845,-1.309331,0.040000,0.040000,0.060000,0.000000,-0.400000,0.201691
995,-1.663282,1.462153,-23.214070,0.201569,-0.035834,-1.308607,0.040000,0.040000,0.040000,0.000000,-0.400000,0.201569
996,-1.663633,1.464170,-23.227156,0.201446,-0.035824,-1.307884,0.040000,0.040000,0.040000,0.000000,-0.400000,0.201446
997,-1.663956,1.466190,-23.240235,0.201324,-0.035813,-1.307163,0.040000,0.040000,0.040000,0.000000,-0.400000,0.201324
998,-1.664253,1.468213,-23.253306,0.201202,-0.035802,-1.306444,0.040000,0.040000,0.040000,0.000000,-0.400000,0.201202
999,-1.664523,1.470239,-23.266371,0.201081,-0.035792,-1.305726,0.040000,0.040000,0.040000,0.000000,-0.400000,0.201081
