step,x,y,mu,vx,vy,omega,lidar_l,lidar_c,lidar_r,throttle,steering,reward
0,-1.320976,-1.522335,-1.328263,0.000000,0.000000,0.000000,0.320000,0.320000,0.420000,0.100000,-0.450000,0.000000
1,-1.320976,-1.522335,-1.328263,0.007000,0.000000,0.000000,0.320000,0.320000,0.420000,0.100000,-0.450000,0.007000
2,-1.320959,-1.522403,-1.328263,0.014000,0.000000,0.000000,0.320000,0.320000,0.420000,0.100000,-0.450000,0.014000
3,-1.320925,-1.522539,-1.328263,0.017258,-0.007746,-0.331289,0.320000,0.320000,0.420000,0.100000,-0.450000,0.017258
4,-1.320959,-1.522725,-1.331576,0.027590,-0.005994,0.212125,0.320000,0.320000,0.420000,0.100000,-0.400000,0.027590
5,-1.320952,-1.523008,-1.329455,0.031358,-0.006121,-0.480858,0.320000,0.320000,0.420000,0.100000,-0.450000,0.031358
6,-1.320936,-1.523327,-1.334263,0.039915,-0.009554,-0.017192,0.320000,0.320000,0.420000,0.100000,-0.450000,0.039915
7,-1.320936,-1.523737,-1.334435,0.044529,-0.008682,-0.511259,0.320000,0.320000,0.420000,0.100000,-0.450000,0.044529
8,-1.320916,-1.524190,-1.339548,0.052054,-0.012598,-0.218739,0.320000,0.320000,0.420000,0.100000,-0.450000,0.052054
9,-1.320919,-1.524726,-1.341735,0.057768,-0.011910,-0.495167,0.320000,0.320000,0.420000,0.100000,-0.450000,0.057768
10,-1.320904,-1.525315,-1.346687,0.064514,-0.014792,-0.400165,0.320000,0.320000,0.420000,0.100000,-0.450000,0.064514
11,-1.320905,-1.525977,-1.350689,0.070753,-0.015392,-0.513548,0.320000,0.320000,0.420000,0.100000,-0.450000,0.070753
12,-1.320900,-1.526701,-1.355824,0.077222,-0.017042,-0.531064,0.320000,0.320000,0.420000,0.100000,-0.450000,0.077222
13,-1.320902,-1.527492,-1.361135,0.083614,-0.018291,-0.582447,0.320000,0.320000,0.400000,0.100000,-0.450000,0.083614
14,-1.320907,-1.528348,-1.366959,0.090029,-0.019615,-0.625110,0.320000,0.320000,0.400000,0.100000,-0.450000,0.090029
15,-1.320917,-1.529269,-1.373210,0.096443,-0.020903,-0.669048,0.320000,0.320000,0.400000,0.100000,-0.450000,0.096443
16,-1.320933,-1.530256,-1.379901,0.102859,-0.022171,-0.712735,0.300000,0.320000,0.400000,0.100000,-0.450000,0.102859
17,-1.320955,-1.531308,-1.387028,0.109278,-0.023415,-0.756280,0.300000,0.320000,0.400000,0.100000,-0.450000,0.109278
18,-1.320986,-1.532425,-1.394591,0.115698,-0.024635,-0.799674,0.300000,0.300000,0.400000,0.100000,-0.450000,0.115698
19,-1.321025,-1.533608,-1.402588,0.122121,-0.025829,-0.842906,0.300000,0.300000,0.400000,0.100000,-0.450000,0.122121
20,-1.321075,-1.534855,-1.411017,0.128545,-0.026995,-0.885967,0.300000,0.300000,0.400000,0.100000,-0.450000,0.128545
21,-1.321137,-1.536167,-1.419876,0.134971,-0.028133,-0.928846,0.300000,0.300000,0.380000,0.100000,-0.500000,0.134971
22,-1.321213,-1.537543,-1.429165,0.140632,-0.030444,-1.023013,0.300000,0.300000,0.380000,0.100000,-0.500000,0.140632
23,-1.321316,-1.538979,-1.439395,0.146561,-0.032337,-1.091998,0.300000,0.300000,0.380000,0.100000,-0.500000,0.146561
24,-1.321444,-1.540474,-1.450315,0.152637,-0.033931,-1.149970,0.300000,0.300000,0.380000,0.100000,-0.500000,0.152637
25,-1.321598,-1.542030,-1.461815,0.158796,-0.035322,-1.202501,0.300000,0.300000,0.380000,0.100000,-0.500000,0.158796
26,-1.321776,-1.543647,-1.473840,0.165005,-0.036570,-1.252035,0.300000,0.300000,0.380000,0.100000,-0.500000,0.165005
27,-1.321980,-1.545325,-1.486360,0.171242,-0.037713,-1.299751,0.300000,0.300000,0.360000,0.100000,-0.550000,0.171242
28,-1.322212,-1.547063,-1.499358,0.176677,-0.039865,-1.392909,0.300000,0.300000,0.360000,0.100000,-0.550000,0.176677
29,-1.322483,-1.548854,-1.513287,0.182333,-0.041669,-1.468137,0.300000,0.300000,0.360000,0.100000,-0.550000,0.182333
30,-1.322794,-1.550698,-1.527968,0.188134,-0.043201,-1.532875,0.300000,0.280000,0.360000,0.100000,-0.550000,0.188134
31,-1.323145,-1.552596,-1.543297,0.194031,-0.044522,-1.591162,0.300000,0.280000,0.360000,0.100000,-0.550000,0.194031
32,-1.323537,-1.554548,-1.559208,0.199989,-0.045676,-1.645271,0.300000,0.280000,0.340000,0.100000,-0.600000,0.199989
33,-1.323971,-1.556553,-1.575661,0.205134,-0.047647,-1.737151,0.300000,0.280000,0.340000,0.100000,-0.600000,0.205134
34,-1.324457,-1.558602,-1.593033,0.210474,-0.049305,-1.815045,0.300000,0.280000,0.300000,0.100000,-0.600000,0.210474
35,-1.324997,-1.560695,-1.611183,0.215953,-0.050702,-1.883455,0.300000,0.280000,0.300000,0.100000,-0.600000,0.215953
36,-1.325591,-1.562832,-1.630018,0.221530,-0.051885,-1.945243,0.300000,0.280000,0.300000,0.100000,-0.600000,0.221530
37,-1.326240,-1.565013,-1.649470,0.227174,-0.052888,-2.002262,0.300000,0.280000,0.280000,0.100000,-0.650000,0.227174
38,-1.326945,-1.567236,-1.669493,0.232002,-0.054525,-2.089359,0.300000,0.280000,0.280000,0.100000,-0.700000,0.232002
39,-1.327717,-1.569491,-1.690386,0.236158,-0.056473,-2.190581,0.300000,0.280000,0.280000,0.100000,-0.700000,0.236158
40,-1.328559,-1.571769,-1.712292,0.240522,-0.058114,-2.278849,0.300000,0.280000,0.280000,0.100000,-0.700000,0.240522
41,-1.329474,-1.574068,-1.735081,0.245051,-0.059480,-2.357001,0.300000,0.280000,0.280000,0.100000,-0.700000,0.245051
42,-1.330461,-1.576388,-1.758651,0.249710,-0.060603,-2.427148,0.320000,0.280000,0.280000,0.100000,-0.700000,0.249710
43,-1.331523,-1.578728,-1.782922,0.254465,-0.061509,-2.490869,0.320000,0.280000,0.260000,0.100000,-0.750000,0.254465
44,-1.332660,-1.581086,-1.807831,0.258477,-0.062676,-2.568726,0.320000,0.280000,0.260000,0.100000,-0.750000,0.258477
45,-1.333876,-1.583451,-1.833518,0.262609,-0.063619,-2.638594,0.320000,0.280000,0.260000,0.100000,-0.750000,0.262609
46,-1.335172,-1.585822,-1.859904,0.266836,-0.064357,-2.701829,0.300000,0.280000,0.260000,0.100000,-0.750000,0.266836
47,-1.336550,-1.588196,-1.886922,0.271133,-0.064909,-2.759488,0.280000,0.280000,0.260000,0.100000,-0.750000,0.271133
48,-1.338010,-1.590572,-1.914517,0.275480,-0.065290,-2.812397,0.280000,0.280000,0.260000,0.100000,-0.750000,0.275480
49,-1.339553,-1.592945,-1.942641,0.279858,-0.065516,-2.861204,0.280000,0.280000,0.260000,0.100000,-0.750000,0.279858
50,-1.341180,-1.595315,-1.971253,0.284254,-0.065599,-2.906424,0.280000,0.280000,0.260000,0.100000,-0.750000,0.284254
51,-1.342892,-1.597676,-2.000317,0.288653,-0.065550,-2.948464,0.300000,0.280000,0.260000,0.100000,-0.750000,0.288653
52,-1.344690,-1.600028,-2.029802,0.293045,-0.065378,-2.987652,0.300000,0.280000,0.260000,0.100000,-0.750000,0.293045
53,-1.346575,-1.602365,-2.059678,0.297419,-0.065091,-3.024250,0.300000,0.280000,0.260000,0.100000,-0.750000,0.297419
54,-1.348546,-1.604685,-2.089921,0.301766,-0.064698,-3.058471,0.320000,0.280000,0.240000,0.100000,-0.800000,0.301766
55,-1.350605,-1.606984,-2.120506,0.305355,-0.064431,-3.100223,0.320000,0.280000,0.240000,0.100000,-0.800000,0.305355
56,-1.352750,-1.609252,-2.151508,0.308943,-0.064047,-3.137875,0.300000,0.280000,0.240000,0.100000,-0.800000,0.308943
57,-1.354980,-1.611483,-2.182887,0.312519,-0.063555,-3.171883,0.300000,0.280000,0.240000,0.100000,-0.800000,0.312519
58,-1.357296,-1.613676,-2.214606,0.316073,-0.062961,-3.202622,0.280000,0.260000,0.240000,0.100000,-0.800000,0.316073
59,-1.359697,-1.615826,-2.246632,0.319597,-0.062274,-3.230401,0.300000,0.260000,0.260000,0.100000,-0.750000,0.319597
60,-1.362182,-1.617930,-2.278936,0.323782,-0.061315,-3.247507,0.300000,0.260000,0.260000,0.100000,-0.750000,0.323782
61,-1.364754,-1.619990,-2.311411,0.327888,-0.060295,-3.263999,0.320000,0.260000,0.260000,0.100000,-0.750000,0.327888
62,-1.367411,-1.622003,-2.344051,0.331914,-0.059218,-3.279751,0.340000,0.260000,0.260000,0.100000,-0.750000,0.331914
63,-1.370153,-1.623965,-2.376848,0.335858,-0.058086,-3.294669,0.340000,0.280000,0.260000,0.100000,-0.750000,0.335858
64,-1.372979,-1.625871,-2.409795,0.339721,-0.056900,-3.308682,0.340000,0.280000,0.260000,0.100000,-0.750000,0.339721
65,-1.375886,-1.627718,-2.442882,0.343500,-0.055664,-3.321736,0.320000,0.280000,0.260000,0.100000,-0.750000,0.343500
66,-1.378875,-1.629501,-2.476099,0.347195,-0.054380,-3.333797,0.320000,0.280000,0.260000,0.100000,-0.750000,0.347195
67,-1.381941,-1.631217,-2.509437,0.350805,-0.053051,-3.344838,0.320000,0.280000,0.260000,0.100000,-0.750000,0.350805
68,-1.385085,-1.632862,-2.542886,0.354328,-0.051681,-3.354844,0.320000,0.260000,0.240000,0.100000,-0.800000,0.354328
69,-1.388303,-1.634432,-2.576434,0.357143,-0.050334,-3.366525,0.300000,0.260000,0.220000,0.100000,-0.800000,0.357143
70,-1.391589,-1.635920,-2.610099,0.359887,-0.048954,-3.376064,0.300000,0.260000,0.240000,0.100000,-0.800000,0.359887
71,-1.394939,-1.637322,-2.643860,0.362557,-0.047544,-3.383637,0.340000,0.280000,0.240000,0.100000,-0.800000,0.362557
72,-1.398352,-1.638635,-2.677696,0.365152,-0.046110,-3.389398,0.340000,0.300000,0.240000,0.100000,-0.800000,0.365152
73,-1.401824,-1.639856,-2.711590,0.367671,-0.044658,-3.393486,0.320000,0.320000,0.240000,0.100000,-0.800000,0.367671
74,-1.405352,-1.640983,-2.745525,0.370112,-0.043192,-3.396025,0.320000,0.300000,0.260000,0.100000,-0.750000,0.370112
75,-1.408933,-1.642013,-2.779485,0.373060,-0.041712,-3.396925,0.320000,0.300000,0.260000,0.100000,-0.750000,0.373060
76,-1.412570,-1.642944,-2.813455,0.375919,-0.040215,-3.397297,0.320000,0.300000,0.260000,0.100000,-0.750000,0.375919
77,-1.416258,-1.643775,-2.847428,0.378692,-0.038704,-3.397106,0.320000,0.280000,0.240000,0.100000,-0.800000,0.378692
78,-1.419995,-1.644503,-2.881399,0.380812,-0.037158,-3.395289,0.320000,0.280000,0.240000,0.100000,-0.800000,0.380812
79,-1.423770,-1.645123,-2.915351,0.382853,-0.035620,-3.392199,0.360000,0.280000,0.240000,0.100000,-0.800000,0.382853
80,-1.427581,-1.645635,-2.949273,0.384815,-0.034095,-3.387939,0.360000,0.280000,0.240000,0.100000,-0.800000,0.384815
81,-1.431423,-1.646036,-2.983153,0.386699,-0.032587,-3.382606,0.360000,0.280000,0.260000,0.100000,-0.750000,0.386699
82,-1.435293,-1.646324,-3.016979,0.389053,-0.031155,-3.378699,0.360000,0.300000,0.280000,0.100000,-0.700000,0.389053
83,-1.439192,-1.646498,-3.050766,0.391917,-0.029680,-3.372595,0.340000,0.300000,0.280000,0.100000,-0.700000,0.391917
84,-1.443122,-1.646558,-3.084492,0.394693,-0.028203,-3.366971,0.340000,0.300000,0.280000,0.100000,-0.700000,0.394693
85,-1.447079,-1.646502,-3.118162,0.397383,-0.026724,-3.361695,0.360000,0.300000,0.280000,0.100000,-0.700000,0.397383
86,-1.451058,-1.646328,-3.151779,0.399990,-0.025243,-3.356653,0.400000,0.280000,0.260000,0.100000,-0.750000,0.399990
87,-1.455055,-1.646035,-3.185345,0.401948,-0.023763,-3.351905,0.400000,0.280000,0.260000,0.100000,-0.750000,0.401948
88,-1.459060,-1.645622,-3.218864,0.403832,-0.022297,-3.346538,0.400000,0.280000,0.260000,0.100000,-0.750000,0.403832
89,-1.463069,-1.645088,-3.252329,0.405644,-0.020844,-3.340580,0.400000,0.280000,0.240000,0.100000,-0.800000,0.405644
90,-1.467078,-1.644432,-3.285735,0.406874,-0.019299,-3.329305,0.400000,0.320000,0.240000,0.100000,-0.800000,0.406874
91,-1.471077,-1.643657,-3.319028,0.408032,-0.017808,-3.317185,0.400000,0.320000,0.280000,0.100000,-0.700000,0.408032
92,-1.475061,-1.642761,-3.352200,0.410171,-0.016529,-3.311013,0.420000,0.320000,0.280000,0.100000,-0.700000,0.410171
93,-1.479038,-1.641742,-3.385310,0.412243,-0.015252,-3.304971,0.420000,0.320000,0.260000,0.100000,-0.750000,0.412243
94,-1.483002,-1.640599,-3.418360,0.413713,-0.013932,-3.297007,0.420000,0.320000,0.260000,0.100000,-0.750000,0.413713
95,-1.486943,-1.639335,-3.451330,0.415121,-0.012638,-3.288629,0.420000,0.320000,0.260000,0.100000,-0.750000,0.415121
96,-1.490859,-1.637949,-3.484216,0.416469,-0.011373,-3.279867,0.440000,0.320000,0.260000,0.100000,-0.750000,0.416469
97,-1.494743,-1.636443,-3.517015,0.417759,-0.010139,-3.270756,0.440000,0.360000,0.260000,0.100000,-0.750000,0.417759
98,-1.498592,-1.634817,-3.549723,0.418993,-0.008937,-3.261326,0.460000,0.360000,0.260000,0.100000,-0.750000,0.418993
99,-1.502403,-1.633072,-3.582336,0.420172,-0.007769,-3.251611,0.460000,0.360000,0.240000,0.100000,-0.800000,0.420172
100,-1.506170,-1.631209,-3.614852,0.420816,-0.006480,-3.234949,0.480000,0.360000,0.280000,0.100000,-0.700000,0.420816
101,-1.509886,-1.629233,-3.647201,0.422401,-0.005514,-3.228348,0.480000,0.360000,0.280000,0.100000,-0.700000,0.422401
102,-1.513555,-1.627139,-3.679485,0.423941,-0.004553,-3.221891,0.500000,0.360000,0.280000,0.100000,-0.700000,0.423941
103,-1.517172,-1.624928,-3.711704,0.425436,-0.003597,-3.215544,0.520000,0.380000,0.280000,0.100000,-0.700000,0.425436
104,-1.520734,-1.622602,-3.743859,0.426887,-0.002647,-3.209278,0.540000,0.380000,0.280000,0.100000,-0.700000,0.426887
105,-1.524237,-1.620161,-3.775952,0.428294,-0.001703,-3.203068,0.560000,0.380000,0.280000,0.100000,-0.700000,0.428294
106,-1.527677,-1.617609,-3.807983,0.429659,-0.000768,-3.196893,0.580000,0.380000,0.280000,0.100000,-0.700000,0.429659
107,-1.531049,-1.614947,-3.839952,0.430983,0.000159,-3.190734,0.600000,0.400000,0.320000,0.100000,-0.650000,0.430983
108,-1.534351,-1.612178,-3.871859,0.432803,0.001054,-3.185546,0.620000,0.400000,0.320000,0.100000,-0.650000,0.432803
109,-1.537583,-1.609298,-3.903715,0.434580,0.001959,-3.180733,0.660000,0.420000,0.320000,0.100000,-0.650000,0.434580
110,-1.540740,-1.606312,-3.935522,0.436316,0.002872,-3.176230,0.680000,0.420000,0.320000,0.100000,-0.650000,0.436316
111,-1.543819,-1.603221,-3.967284,0.438010,0.003795,-3.171982,0.660000,0.440000,0.340000,0.100000,-0.600000,0.438010
112,-1.546817,-1.600027,-3.999004,0.440226,0.004789,-3.165270,0.700000,0.440000,0.340000,0.100000,-0.600000,0.440226
113,-1.549734,-1.596729,-4.030657,0.442394,0.005792,-3.159323,0.740000,0.460000,0.340000,0.100000,-0.600000,0.442394
114,-1.552566,-1.593331,-4.062250,0.444513,0.006805,-3.154039,0.820000,0.460000,0.340000,0.100000,-0.600000,0.444513
115,-1.555311,-1.589834,-4.093790,0.446585,0.007831,-3.149329,0.900000,0.480000,0.340000,0.100000,-0.600000,0.446585
116,-1.557965,-1.586241,-4.125284,0.448609,0.008869,-3.145108,1.000000,0.500000,0.340000,0.150000,-0.600000,0.448609
117,-1.560524,-1.582555,-4.156735,0.454086,0.009919,-3.141302,1.000000,0.520000,0.360000,0.150000,-0.550000,0.454086
118,-1.563003,-1.578750,-4.188148,0.460090,0.011249,-3.133264,1.000000,0.540000,0.360000,0.150000,-0.550000,0.460090
119,-1.565404,-1.574823,-4.219480,0.466025,0.012696,-3.127744,1.000000,0.580000,0.360000,0.150000,-0.550000,0.466025
120,-1.567721,-1.570778,-4.250758,0.471887,0.014265,-3.124380,1.000000,0.600000,0.380000,0.150000,-0.500000,0.471887
121,-1.569950,-1.566616,-4.282002,0.478270,0.016202,-3.112438,1.000000,0.640000,0.380000,0.150000,-0.500000,0.478270
122,-1.572093,-1.562337,-4.313126,0.484557,0.018216,-3.103404,1.000000,0.620000,0.400000,0.150000,-0.450000,0.484557
123,-1.574144,-1.557944,-4.344160,0.491357,0.020681,-3.081230,1.000000,0.620000,0.400000,0.150000,-0.450000,0.491357
124,-1.576106,-1.553434,-4.374972,0.498036,0.023149,-3.063189,1.000000,0.680000,0.420000,0.150000,-0.450000,0.498036
125,-1.577973,-1.548811,-4.405604,0.504600,0.025639,-3.048702,1.000000,0.740000,0.440000,0.150000,-0.400000,0.504600
126,-1.579742,-1.544078,-4.436091,0.511656,0.028639,-3.017056,1.000000,0.800000,0.440000,0.150000,-0.400000,0.511656
127,-1.581413,-1.539234,-4.466262,0.518576,0.031561,-2.990598,1.000000,0.900000,0.460000,0.150000,-0.350000,0.518576
128,-1.582983,-1.534281,-4.496168,0.525963,0.035041,-2.942656,1.000000,1.000000,0.480000,0.150000,-0.300000,0.525963
129,-1.584453,-1.529219,-4.525594,0.533778,0.039096,-2.868712,1.000000,1.000000,0.500000,0.150000,-0.300000,0.533778
130,-1.585829,-1.524047,-4.554281,0.541426,0.042750,-2.805585,1.000000,1.000000,0.520000,0.150000,-0.250000,0.541426
131,-1.587103,-1.518767,-4.582337,0.549473,0.046991,-2.712847,0.700000,1.000000,0.560000,0.100000,-0.150000,0.549473
132,-1.588282,-1.513380,-4.609466,0.554757,0.053034,-2.532593,0.620000,1.000000,0.580000,0.100000,-0.100000,0.554757
133,-1.589379,-1.507916,-4.634792,0.560195,0.059071,-2.318428,0.580000,1.000000,0.580000,0.100000,-0.100000,0.560195
134,-1.590402,-1.502377,-4.657976,0.565541,0.063455,-2.134412,0.540000,1.000000,0.580000,0.100000,-0.100000,0.565541
135,-1.591344,-1.496764,-4.679320,0.570853,0.066508,-1.974468,0.500000,1.000000,0.560000,0.100000,-0.150000,0.570853
136,-1.592197,-1.491081,-4.699065,0.575812,0.067264,-1.886049,0.480000,1.000000,0.600000,0.100000,-0.100000,0.575812
137,-1.592946,-1.485332,-4.717925,0.581158,0.068757,-1.755963,0.460000,1.000000,0.620000,0.100000,-0.050000,0.581158
138,-1.593602,-1.479517,-4.735485,0.586800,0.070818,-1.582728,0.440000,1.000000,0.660000,0.100000,0.050000,0.586800
139,-1.594174,-1.473634,-4.751312,0.592638,0.074764,-1.301333,0.420000,1.000000,0.680000,0.100000,0.100000,0.592638
140,-1.594691,-1.467683,-4.764325,0.598519,0.078235,-0.989343,0.400000,1.000000,0.700000,0.100000,0.100000,0.598519
141,-1.595161,-1.461665,-4.774219,0.604660,0.079531,-0.715165,0.400000,1.000000,0.720000,0.100000,0.150000,0.604660
142,-1.595581,-1.455581,-4.781371,0.610817,0.080584,-0.408653,0.400000,1.000000,0.740000,0.100000,0.200000,0.610817
143,-1.595964,-1.449432,-4.785457,0.616929,0.081140,-0.076626,0.400000,1.000000,0.760000,0.100000,0.250000,0.616929
144,-1.596323,-1.443220,-4.786223,0.622942,0.080987,0.273351,0.400000,1.000000,0.760000,0.100000,0.250000,0.622942
145,-1.596671,-1.436948,-4.783490,0.629335,0.078782,0.582742,0.400000,1.000000,0.740000,0.100000,0.200000,0.629335
146,-1.597010,-1.430614,-4.777662,0.636460,0.073548,0.794355,0.400000,1.000000,0.740000,0.100000,0.200000,0.636460
147,-1.597329,-1.424215,-4.769719,0.643708,0.067530,0.977247,0.400000,1.000000,0.720000,0.100000,0.150000,0.643708
148,-1.597634,-1.417750,-4.759946,0.651323,0.059468,1.069484,0.420000,1.000000,0.680000,0.100000,0.100000,0.651323
149,-1.597919,-1.411216,-4.749252,0.659039,0.050076,1.080783,0.440000,1.000000,0.660000,0.100000,0.050000,0.659039
150,-1.598176,-1.404612,-4.738444,0.666654,0.039992,1.022362,0.440000,1.000000,0.640000,0.100000,0.000000,0.666654
151,-1.598402,-1.397937,-4.728220,0.674025,0.029752,0.905266,0.460000,1.000000,0.620000,0.100000,-0.050000,0.674025
152,-1.598593,-1.391193,-4.719167,0.681063,0.019792,0.739685,0.460000,1.000000,0.600000,0.100000,-0.100000,0.681063
153,-1.598745,-1.384381,-4.711771,0.687715,0.010461,0.534831,0.480000,1.000000,0.600000,0.100000,-0.100000,0.687715
154,-1.598854,-1.377504,-4.706422,0.694332,0.003168,0.347518,0.480000,1.000000,0.580000,0.100000,-0.100000,0.694332
155,-1.598927,-1.370561,-4.702947,0.700952,-0.002327,0.178306,0.480000,1.000000,0.580000,0.100000,-0.100000,0.700952
156,-1.598970,-1.363552,-4.701164,0.707596,-0.006263,0.026779,0.500000,1.000000,0.580000,0.100000,-0.100000,0.707596
157,-1.598987,-1.356475,-4.700896,0.714275,-0.008866,-0.108055,0.500000,1.000000,0.580000,0.100000,-0.100000,0.714275
158,-1.598980,-1.349332,-4.701977,0.720990,-0.010344,-0.227474,0.480000,1.000000,0.580000,0.100000,-0.100000,0.720990
159,-1.598952,-1.342121,-4.704252,0.727737,-0.010879,-0.332861,0.480000,1.000000,0.580000,0.100000,-0.100000,0.727737
160,-1.598902,-1.334843,-4.707580,0.734510,-0.010636,-0.425599,0.480000,1.000000,0.580000,0.100000,-0.100000,0.734510
161,-1.598831,-1.327498,-4.711836,0.741300,-0.009753,-0.507014,0.480000,1.000000,0.600000,0.100000,-0.100000,0.741300
162,-1.598738,-1.320085,-4.716906,0.748098,-0.008351,-0.578346,0.460000,1.000000,0.600000,0.100000,-0.100000,0.748098
163,-1.598620,-1.312604,-4.722690,0.754896,-0.006532,-0.640737,0.460000,1.000000,0.620000,0.100000,-0.050000,0.754896
164,-1.598477,-1.305056,-4.729097,0.761864,-0.002875,-0.630734,0.460000,1.000000,0.620000,0.100000,-0.050000,0.761864
165,-1.598321,-1.297439,-4.735404,0.768798,0.000440,-0.621050,0.440000,1.000000,0.640000,0.100000,0.000000,0.768798
166,-1.598149,-1.289753,-4.741615,0.775745,0.004995,-0.545650,0.440000,1.000000,0.660000,0.100000,0.050000,0.775745
167,-1.597972,-1.281998,-4.747071,0.782568,0.010171,-0.413077,0.440000,1.000000,0.660000,0.100000,0.050000,0.782568
168,-1.597802,-1.274173,-4.751202,0.789394,0.013973,-0.294110,0.420000,1.000000,0.680000,0.100000,0.100000,0.789394
169,-1.597635,-1.266280,-4.754143,0.796020,0.018057,-0.125400,0.420000,1.000000,0.680000,0.100000,0.100000,0.796020
170,-1.597484,-1.258319,-4.755397,0.802696,0.020572,0.026256,0.420000,1.000000,0.680000,0.100000,0.100000,0.802696
171,-1.597344,-1.250291,-4.755135,0.809424,0.021745,0.162004,0.420000,1.000000,0.680000,0.100000,0.100000,0.809424
172,-1.597215,-1.242194,-4.753515,0.816198,0.021786,0.283081,0.420000,1.000000,0.680000,0.100000,0.100000,0.816198
173,-1.597097,-1.234030,-4.750684,0.823010,0.020878,0.390733,0.420000,1.000000,0.680000,0.100000,0.100000,0.823010
174,-1.596991,-1.225798,-4.746777,0.829848,0.019184,0.486162,0.440000,1.000000,0.660000,0.100000,0.050000,0.829848
175,-1.596897,-1.217498,-4.741915,0.836867,0.015327,0.505603,0.440000,1.000000,0.660000,0.100000,0.050000,0.836867
176,-1.596804,-1.209129,-4.736859,0.843862,0.011591,0.521678,0.440000,1.000000,0.640000,0.100000,0.000000,0.843862
177,-1.596713,-1.200690,-4.731642,0.850862,0.006438,0.468731,0.440000,1.000000,0.640000,0.100000,0.000000,0.850862
178,-1.596614,-1.192181,-4.726955,0.857830,0.002084,0.419890,0.460000,1.000000,0.620000,0.100000,-0.050000,0.857830
179,-1.596509,-1.183604,-4.722756,0.864675,-0.003079,0.310215,0.460000,1.000000,0.620000,0.100000,-0.050000,0.864675
180,-1.596389,-1.174958,-4.719654,0.871514,-0.006975,0.210172,0.460000,1.000000,0.620000,0.100000,-0.050000,0.871514
181,-1.596256,-1.166243,-4.717552,0.878360,-0.009765,0.119281,0.460000,1.000000,0.620000,0.100000,-0.050000,0.878360
182,-1.596113,-1.157460,-4.716359,0.885216,-0.011597,0.036973,0.460000,1.000000,0.620000,0.100000,-0.050000,0.885216
183,-1.595962,-1.148609,-4.715990,0.892086,-0.012604,-0.037352,0.460000,1.000000,0.620000,0.100000,-0.050000,0.892086
184,-1.595804,-1.139688,-4.716363,0.898969,-0.012904,-0.104294,0.460000,1.000000,0.620000,0.100000,-0.050000,0.898969
185,-1.595639,-1.130699,-4.717406,0.905864,-0.012603,-0.164438,0.580000,1.000000,0.620000,0.100000,-0.050000,0.905864
186,-1.595467,-1.121641,-4.719050,0.912767,-0.011794,-0.218340,0.580000,1.000000,0.620000,0.100000,-0.050000,0.912767
187,-1.595289,-1.112515,-4.721234,0.919675,-0.010560,-0.266530,0.580000,1.000000,0.620000,0.100000,-0.050000,0.919675
188,-1.595102,-1.103319,-4.723899,0.926584,-0.008973,-0.309503,0.560000,1.000000,0.620000,0.050000,-0.050000,0.926584
189,-1.594905,-1.094055,-4.726994,0.929992,-0.007097,-0.347723,0.560000,1.000000,0.640000,0.050000,0.000000,0.929992
190,-1.594699,-1.084757,-4.730471,0.933442,-0.003452,-0.315399,0.560000,1.000000,0.640000,0.050000,0.000000,0.933442
191,-1.594495,-1.075425,-4.733625,0.936879,-0.000344,-0.285088,0.560000,1.000000,0.640000,0.050000,0.000000,0.936879
192,-1.594293,-1.066058,-4.736476,0.940305,0.002281,-0.256784,0.540000,1.000000,0.660000,0.050000,0.050000,0.940305
193,-1.594089,-1.056657,-4.739044,0.943639,0.006004,-0.165044,0.540000,1.000000,0.660000,0.050000,0.050000,0.943639
194,-1.593898,-1.047223,-4.740694,0.946978,0.008642,-0.080865,0.540000,1.000000,0.660000,0.050000,0.050000,0.946978
195,-1.593716,-1.037754,-4.741503,0.950328,0.010333,-0.003935,0.540000,1.000000,0.660000,0.050000,0.050000,0.950328
196,-1.593543,-1.028252,-4.741542,0.953690,0.011203,0.066109,0.540000,1.000000,0.660000,0.050000,0.050000,0.953690
197,-1.593377,-1.018716,-4.740881,0.957063,0.011366,0.129658,0.540000,1.000000,0.660000,0.050000,0.050000,0.957063
198,-1.593218,-1.009146,-4.739585,0.960447,0.010927,0.187115,0.540000,1.000000,0.660000,0.050000,0.050000,0.960447
199,-1.593066,-0.999542,-4.737714,0.963838,0.009978,0.238881,0.540000,1.000000,0.660000,0.050000,0.050000,0.963838
200,-1.592921,-0.989904,-4.735325,0.967232,0.008603,0.285353,0.540000,1.000000,0.660000,0.050000,0.050000,0.967232
201,-1.592786,-0.980233,-4.732471,0.970627,0.006876,0.326919,0.540000,1.000000,0.640000,0.050000,0.000000,0.970627
202,-1.592660,-0.970527,-4.729202,0.974069,0.003319,0.297867,0.560000,1.000000,0.640000,0.050000,0.000000,0.974069
203,-1.592529,-0.960787,-4.726223,0.977498,0.000266,0.270453,0.560000,1.000000,0.640000,0.050000,0.000000,0.977498
204,-1.592396,-0.951013,-4.723519,0.980917,-0.002332,0.244694,0.560000,1.000000,0.640000,0.050000,0.000000,0.980917
205,-1.592264,-0.941205,-4.721072,0.984329,-0.004520,0.220583,0.560000,1.000000,0.620000,0.050000,-0.050000,0.984329
206,-1.592133,-0.931362,-4.718866,0.987657,-0.007873,0.132531,0.560000,1.000000,0.620000,0.050000,-0.050000,0.987657
207,-1.591990,-0.921486,-4.717541,0.990992,-0.010170,0.051515,0.560000,1.000000,0.620000,0.050000,-0.050000,0.990992
208,-1.591838,-0.911577,-4.717026,0.994340,-0.011541,-0.022737,0.560000,1.000000,0.620000,0.050000,-0.050000,0.994340
209,-1.591676,-0.901634,-4.717253,0.997700,-0.012106,-0.090542,0.680000,1.000000,0.600000,0.050000,-0.100000,0.997700
210,-1.591507,-0.891658,-4.718159,1.000869,-0.013451,-0.215301,0.680000,1.000000,0.600000,0.050000,-0.100000,1.000869
211,-1.591314,-0.881650,-4.720312,1.004069,-0.013500,-0.329398,0.680000,1.000000,0.580000,0.050000,-0.100000,1.004069
212,-1.591100,-0.871611,-4.723605,1.007294,-0.012429,-0.433256,0.680000,1.000000,0.580000,0.050000,-0.100000,1.007294
213,-1.590863,-0.861540,-4.727938,1.010534,-0.010401,-0.527366,0.660000,1.000000,0.580000,0.050000,-0.100000,1.010534
214,-1.590601,-0.851437,-4.733212,1.013775,-0.007564,-0.612264,0.660000,1.000000,0.560000,0.050000,-0.150000,1.013775
215,-1.590315,-0.841303,-4.739334,1.016686,-0.005408,-0.746520,0.640000,1.000000,0.560000,0.050000,-0.150000,1.016686
216,-1.589987,-0.831142,-4.746800,1.019597,-0.002046,-0.868284,0.640000,1.000000,0.560000,0.050000,-0.150000,1.019597
217,-1.589616,-0.820953,-4.755482,1.022485,0.002338,-0.978106,0.620000,1.000000,0.560000,0.050000,-0.150000,1.022485
218,-1.589198,-0.810736,-4.765263,1.025327,0.007578,-1.076632,0.600000,1.000000,0.580000,0.050000,-0.100000,1.025327
219,-1.588732,-0.800493,-4.776030,1.028422,0.014872,-1.106817,0.480000,1.000000,0.620000,0.050000,-0.050000,1.028422
220,-1.588227,-0.790220,-4.787098,1.031616,0.023547,-1.068883,0.580000,1.000000,0.640000,0.050000,0.000000,1.031616
221,-1.587691,-0.779915,-4.797787,1.034773,0.032890,-0.966445,0.460000,1.000000,0.660000,0.050000,0.050000,1.034773
222,-1.587137,-0.769577,-4.807451,1.037794,0.042198,-0.805385,0.460000,1.000000,0.680000,0.050000,0.100000,1.037794
223,-1.586572,-0.759206,-4.815505,1.040615,0.050821,-0.592906,0.440000,1.000000,0.680000,0.050000,0.100000,1.040615
224,-1.586006,-0.748803,-4.821434,1.043515,0.056802,-0.395893,0.440000,1.000000,0.660000,0.050000,0.050000,1.043515
225,-1.585435,-0.738368,-4.825393,1.046687,0.058916,-0.279038,0.520000,1.000000,0.660000,0.050000,0.050000,1.046687
226,-1.584840,-0.727901,-4.828183,1.049927,0.059720,-0.171797,0.420000,1.000000,0.640000,0.050000,0.000000,1.049927
227,-1.584220,-0.717404,-4.829901,1.053230,0.057849,-0.139225,0.520000,1.000000,0.640000,0.050000,0.000000,1.053230
228,-1.583560,-0.706876,-4.831294,1.056555,0.055767,-0.109923,0.520000,1.000000,0.640000,0.050000,0.000000,1.056555
229,-1.582860,-0.696319,-4.832393,1.059899,0.053517,-0.083683,0.520000,1.000000,0.620000,0.050000,-0.050000,1.059899
230,-1.582123,-0.685732,-4.833230,1.063111,0.049687,-0.122500,0.500000,1.000000,0.620000,0.050000,-0.050000,1.063111
231,-1.581334,-0.675119,-4.834455,1.066314,0.046488,-0.159602,0.500000,1.000000,0.600000,0.050000,-0.100000,1.066314
232,-1.580497,-0.664478,-4.836051,1.069240,0.042546,-0.251569,0.500000,1.000000,0.620000,0.050000,-0.050000,1.069240
233,-1.579601,-0.653815,-4.838566,1.072410,0.041128,-0.280744,0.500000,1.000000,0.620000,0.050000,-0.050000,1.072410
234,-1.578659,-0.643124,-4.841374,1.075574,0.040113,-0.308104,0.500000,1.000000,0.640000,0.050000,0.000000,1.075574
235,-1.577674,-0.632406,-4.844455,1.078852,0.040954,-0.269735,0.500000,1.000000,0.660000,0.050000,0.050000,1.078852
236,-1.576659,-0.621658,-4.847152,1.082112,0.042903,-0.168346,0.480000,1.000000,0.660000,0.050000,0.050000,1.082112
237,-1.575630,-0.610877,-4.848836,1.085417,0.043674,-0.075076,0.480000,1.000000,0.680000,0.050000,0.100000,1.085417
238,-1.574586,-0.600065,-4.849586,1.088595,0.044932,0.075290,0.480000,1.000000,0.680000,0.050000,0.100000,1.088595
239,-1.573543,-0.589219,-4.848834,1.091854,0.044522,0.213588,0.480000,1.000000,0.680000,0.050000,0.100000,1.091854
240,-1.572499,-0.578342,-4.846698,1.095183,0.042661,0.340289,0.480000,1.000000,0.680000,0.050000,0.100000,1.095183
241,-1.571455,-0.567432,-4.843295,1.098566,0.039549,0.455888,0.480000,1.000000,0.660000,0.050000,0.050000,1.098566
242,-1.570413,-0.556488,-4.838736,1.102140,0.033841,0.495581,0.480000,1.000000,0.660000,0.050000,0.050000,1.102140
243,-1.569360,-0.545512,-4.833780,1.105694,0.028032,0.530300,0.480000,1.000000,0.660000,0.050000,0.050000,1.105694
244,-1.568299,-0.534503,-4.828477,1.109222,0.022176,0.560417,0.480000,1.000000,0.640000,0.050000,0.000000,1.109222
245,-1.567235,-0.523459,-4.822873,1.112741,0.014776,0.520204,0.500000,1.000000,0.620000,0.050000,-0.050000,1.112741
246,-1.566155,-0.512383,-4.817671,1.116096,0.006732,0.417022,0.500000,1.000000,0.620000,0.050000,-0.050000,1.116096
247,-1.565049,-0.501277,-4.813501,1.119416,0.000256,0.319387,0.500000,1.000000,0.620000,0.050000,-0.050000,1.119416
248,-1.563921,-0.490140,-4.810307,1.122720,-0.004794,0.227546,0.500000,1.000000,0.600000,0.050000,-0.100000,1.122720
249,-1.562776,-0.478971,-4.808031,1.125799,-0.009994,0.080151,0.500000,1.000000,0.600000,0.050000,-0.100000,1.125799
250,-1.561601,-0.467774,-4.807230,1.128903,-0.013298,-0.057685,0.500000,1.000000,0.600000,0.050000,-0.100000,1.128903
251,-1.560400,-0.456549,-4.807807,1.132040,-0.014905,-0.185859,0.580000,1.000000,0.620000,0.050000,-0.050000,1.132040
252,-1.559173,-0.445294,-4.809665,1.135409,-0.013526,-0.241109,0.580000,1.000000,0.620000,0.050000,-0.050000,1.135409
253,-1.557936,-0.434007,-4.812076,1.138782,-0.011606,-0.291437,0.580000,1.000000,0.640000,0.050000,0.000000,1.138782
254,-1.556687,-0.422687,-4.814991,1.142206,-0.007682,-0.271004,0.580000,1.000000,0.640000,0.050000,0.000000,1.142206
255,-1.555441,-0.411333,-4.817701,1.145615,-0.004202,-0.251123,0.560000,1.000000,0.660000,0.050000,0.050000,1.145615
256,-1.554195,-0.399944,-4.820212,1.148922,0.000388,-0.166702,0.560000,1.000000,0.660000,0.050000,0.050000,1.148922
257,-1.552962,-0.388521,-4.821879,1.152226,0.003778,-0.087545,0.560000,1.000000,0.680000,0.050000,0.100000,1.152226
258,-1.551741,-0.377064,-4.822755,1.155314,0.007535,0.048075,0.560000,1.000000,0.680000,0.050000,0.100000,1.155314
259,-1.550543,-0.365573,-4.822274,1.158426,0.009563,0.174699,0.560000,1.000000,0.680000,0.050000,0.100000,1.158426
260,-1.549368,-0.354048,-4.820527,1.161565,0.010049,0.292295,0.560000,1.000000,0.680000,0.050000,0.100000,1.161565
261,-1.548214,-0.342489,-4.817604,1.164726,0.009169,0.400970,0.560000,1.000000,0.680000,0.050000,0.100000,1.164726
262,-1.547082,-0.330897,-4.813594,1.167899,0.007091,0.500923,0.560000,1.000000,0.680000,0.050000,0.100000,1.167899
263,-1.545972,-0.319271,-4.808585,1.171072,0.003972,0.592425,0.560000,1.000000,0.660000,0.050000,0.050000,1.171072
264,-1.544887,-0.307610,-4.802661,1.174429,-0.001525,0.612451,0.560000,1.000000,0.660000,0.050000,0.050000,1.174429
265,-1.543813,-0.295915,-4.796536,1.177746,-0.006970,0.629391,0.560000,1.000000,0.640000,0.050000,0.000000,1.177746
266,-1.542754,-0.284185,-4.790242,1.181084,-0.013877,0.577589,0.580000,1.000000,0.620000,0.050000,-0.050000,1.181084
267,-1.541697,-0.272421,-4.784466,1.184304,-0.021357,0.462602,0.580000,1.000000,0.620000,0.050000,-0.050000,1.184304
268,-1.540631,-0.260624,-4.779840,1.187519,-0.027116,0.354448,0.580000,1.000000,0.620000,0.050000,-0.050000,1.187519
269,-1.539560,-0.248794,-4.776296,1.190747,-0.031319,0.253150,0.580000,1.000000,0.600000,0.050000,-0.100000,1.190747
270,-1.538487,-0.236931,-4.773764,1.193805,-0.035609,0.095097,0.580000,1.000000,0.600000,0.050000,-0.100000,1.193805
271,-1.537400,-0.225037,-4.772813,1.196929,-0.037836,-0.052429,0.580000,1.000000,0.600000,0.050000,-0.100000,1.196929
272,-1.536299,-0.213113,-4.773338,1.200123,-0.038220,-0.189520,0.580000,1.000000,0.620000,0.050000,-0.050000,1.200123
273,-1.535187,-0.201157,-4.775233,1.203551,-0.035459,-0.251680,0.580000,1.000000,0.620000,0.050000,-0.050000,1.203551
274,-1.534077,-0.189167,-4.777750,1.206994,-0.032108,-0.308328,0.580000,1.000000,0.620000,0.050000,-0.050000,1.206994
275,-1.532968,-0.177144,-4.780833,1.210444,-0.028262,-0.359728,0.560000,1.000000,0.640000,0.050000,0.000000,1.210444
276,-1.531858,-0.165087,-4.784430,1.213921,-0.022457,-0.340024,0.560000,1.000000,0.640000,0.050000,0.000000,1.213921
277,-1.530761,-0.152996,-4.787830,1.217371,-0.017189,-0.320216,0.560000,1.000000,0.660000,0.050000,0.050000,1.217371
278,-1.529672,-0.140870,-4.791033,1.220691,-0.010924,-0.236012,0.540000,1.000000,0.660000,0.050000,0.050000,1.220691
279,-1.528604,-0.128709,-4.793393,1.223991,-0.005985,-0.156067,0.540000,1.000000,0.680000,0.050000,0.100000,1.223991
280,-1.527554,-0.116514,-4.794953,1.227050,-0.000841,-0.019900,0.540000,1.000000,0.680000,0.050000,0.100000,1.227050
281,-1.526533,-0.104286,-4.795152,1.230120,0.002415,0.108465,0.540000,1.000000,0.680000,0.050000,0.100000,1.230120
282,-1.525540,-0.092025,-4.794068,1.233207,0.003963,0.228773,0.540000,1.000000,0.680000,0.000000,0.100000,1.233207
283,-1.524574,-0.079731,-4.791780,1.232812,0.003977,0.340932,0.540000,1.000000,0.680000,0.000000,0.100000,1.232812
284,-1.523636,-0.067438,-4.788371,1.232429,0.002637,0.444909,0.540000,1.000000,0.680000,0.000000,0.100000,1.232429
285,-1.522727,-0.055148,-4.783922,1.232048,0.000110,0.540790,0.540000,1.000000,0.680000,0.000000,0.100000,1.232048
286,-1.521847,-0.042859,-4.778514,1.231656,-0.003444,0.628739,0.540000,1.000000,0.660000,0.000000,0.050000,1.231656
287,-1.520999,-0.030571,-4.772226,1.231447,-0.009346,0.646173,0.560000,1.000000,0.660000,0.000000,0.050000,1.231447
288,-1.520169,-0.018284,-4.765765,1.231192,-0.015150,0.660629,0.560000,1.000000,0.640000,0.000000,0.000000,1.231192
289,-1.519361,-0.005998,-4.759158,1.230962,-0.022364,0.606616,0.560000,1.000000,0.620000,0.000000,-0.050000,1.230962
290,-1.518562,0.006288,-4.753092,1.230626,-0.030080,0.489087,0.580000,1.000000,0.620000,0.050000,-0.050000,1.230626
291,-1.517761,0.018571,-4.748201,1.233792,-0.035969,0.378234,0.580000,1.000000,0.620000,0.000000,-0.050000,1.233792
292,-1.516960,0.030888,-4.744419,1.233481,-0.040224,0.274227,0.580000,1.000000,0.600000,0.000000,-0.100000,1.233481
293,-1.516163,0.043204,-4.741677,1.233016,-0.044488,0.112884,0.580000,1.000000,0.600000,0.000000,-0.100000,1.233016
294,-1.515357,0.055516,-4.740548,1.232633,-0.046577,-0.038035,0.580000,1.000000,0.600000,0.000000,-0.100000,1.232633
295,-1.514544,0.067824,-4.740928,1.232334,-0.046728,-0.178567,0.580000,1.000000,0.600000,0.000000,-0.100000,1.232334
296,-1.513725,0.080129,-4.742714,1.232111,-0.045167,-0.308849,0.580000,1.000000,0.620000,0.000000,-0.050000,1.232111
297,-1.512900,0.092431,-4.745802,1.232111,-0.040584,-0.363966,0.580000,1.000000,0.620000,0.000000,-0.050000,1.232111
298,-1.512083,0.104732,-4.749442,1.232116,-0.035573,-0.413750,0.560000,1.000000,0.640000,0.000000,0.000000,1.232116
299,-1.511271,0.117031,-4.753580,1.232134,-0.028676,-0.392409,0.560000,1.000000,0.640000,0.000000,0.000000,1.232134
300,-1.510477,0.129330,-4.757504,1.232117,-0.022401,-0.370704,0.560000,1.000000,0.660000,0.000000,0.050000,1.232117
301,-1.509698,0.141629,-4.761211,1.231953,-0.015220,-0.284762,0.540000,1.000000,0.640000,0.000000,0.000000,1.231953
302,-1.508945,0.153926,-4.764058,1.231867,-0.010960,-0.267387,0.540000,1.000000,0.640000,0.000000,0.000000,1.231867
303,-1.508199,0.166223,-4.766732,1.231767,-0.007135,-0.250137,0.540000,1.000000,0.620000,0.000000,-0.050000,1.231767
304,-1.507459,0.178518,-4.769233,1.231596,-0.005266,-0.299125,0.540000,1.000000,0.620000,0.000000,-0.050000,1.231596
305,-1.506706,0.190811,-4.772225,1.231423,-0.002902,-0.343869,0.520000,1.000000,0.600000,0.000000,-0.100000,1.231423
306,-1.505941,0.203102,-4.775663,1.231034,-0.001586,-0.447206,0.520000,1.000000,0.600000,0.000000,-0.100000,1.231034
307,-1.505147,0.215387,-4.780135,1.230647,0.000909,-0.542498,0.520000,1.000000,0.580000,0.050000,-0.100000,1.230647
308,-1.504323,0.227665,-4.785560,1.233748,0.004424,-0.629907,0.500000,1.000000,0.580000,0.000000,-0.100000,1.233748
309,-1.503465,0.239973,-4.791860,1.233323,0.008837,-0.709792,0.500000,1.000000,0.600000,0.000000,-0.100000,1.233323
310,-1.502574,0.252275,-4.798957,1.232858,0.013990,-0.782300,0.480000,1.000000,0.620000,0.000000,-0.050000,1.232858
311,-1.501647,0.264569,-4.806780,1.232553,0.021216,-0.785415,0.480000,1.000000,0.640000,0.000000,0.000000,1.232553
312,-1.500697,0.276860,-4.814635,1.232257,0.029640,-0.720668,0.460000,1.000000,0.660000,0.000000,0.050000,1.232257
313,-1.499734,0.289148,-4.821841,1.231847,0.038376,-0.592914,0.460000,1.000000,0.680000,0.000000,0.100000,1.231847
314,-1.498770,0.301435,-4.827770,1.231240,0.046586,-0.409179,0.460000,1.000000,0.700000,0.000000,0.100000,1.231240
315,-1.497815,0.313719,-4.831862,1.230702,0.052155,-0.236219,0.440000,1.000000,0.720000,0.050000,0.150000,1.230702
316,-1.496866,0.326000,-4.834224,1.233449,0.056736,-0.014666,0.440000,1.000000,0.740000,0.000000,0.200000,1.233449
317,-1.495930,0.338312,-4.834371,1.232436,0.059668,0.246021,0.440000,1.000000,0.740000,0.000000,0.200000,1.232436
318,-1.495023,0.350618,-4.831911,1.231620,0.059333,0.490701,0.440000,1.000000,0.740000,0.000000,0.200000,1.231620
319,-1.494143,0.362917,-4.827004,1.230975,0.056078,0.718659,0.440000,1.000000,0.720000,0.000000,0.150000,1.230975
320,-1.493293,0.375210,-4.819817,1.230854,0.048947,0.873953,0.460000,1.000000,0.700000,0.000000,0.100000,1.230854
321,-1.492460,0.387500,-4.811078,1.231030,0.038850,0.953249,0.460000,1.000000,0.680000,0.000000,0.100000,1.231030
322,-1.491633,0.399789,-4.801545,1.231130,0.028320,1.023553,0.460000,1.000000,0.660000,0.000000,0.050000,1.231130
323,-1.490819,0.412076,-4.791310,1.231286,0.015961,1.020039,0.480000,1.000000,0.640000,0.000000,0.000000,1.231286
324,-1.490008,0.424364,-4.781109,1.231319,0.002752,0.947312,0.480000,1.000000,0.620000,0.000000,-0.050000,1.231319
325,-1.489190,0.436650,-4.771636,1.231102,-0.010385,0.812118,0.500000,1.000000,0.600000,0.000000,-0.100000,1.231102
326,-1.488357,0.448933,-4.763515,1.230561,-0.022623,0.622371,0.500000,1.000000,0.580000,0.050000,-0.100000,1.230561
327,-1.487502,0.461211,-4.757291,1.233503,-0.031963,0.441590,0.500000,1.000000,0.580000,0.000000,-0.100000,1.233503
328,-1.486629,0.473519,-4.752875,1.232977,-0.038671,0.270751,0.620000,1.000000,0.580000,0.000000,-0.100000,1.232977
329,-1.485744,0.485823,-4.750168,1.232515,-0.042969,0.110115,0.620000,1.000000,0.560000,0.000000,-0.150000,1.232515
330,-1.484849,0.498123,-4.749067,1.231819,-0.046478,-0.099128,0.620000,1.000000,0.580000,0.000000,-0.100000,1.231819
331,-1.483933,0.510416,-4.750058,1.231552,-0.045893,-0.235166,0.620000,1.000000,0.580000,0.000000,-0.100000,1.231552
332,-1.483010,0.522706,-4.752410,1.231356,-0.043689,-0.361040,0.600000,1.000000,0.580000,0.000000,-0.100000,1.231356
333,-1.482081,0.534992,-4.756020,1.231212,-0.040073,-0.476965,0.600000,1.000000,0.580000,0.000000,-0.100000,1.231212
334,-1.481144,0.547275,-4.760790,1.231102,-0.035242,-0.583192,0.600000,1.000000,0.600000,0.000000,-0.100000,1.231102
335,-1.480196,0.559554,-4.766622,1.231002,-0.029376,-0.680003,0.580000,1.000000,0.620000,0.000000,-0.050000,1.231002
336,-1.479235,0.571830,-4.773422,1.231056,-0.021126,-0.702822,0.580000,1.000000,0.640000,0.000000,0.000000,1.231056
337,-1.478274,0.584105,-4.780450,1.231075,-0.011490,-0.655491,0.560000,1.000000,0.640000,0.000000,0.000000,1.231075
338,-1.477322,0.596379,-4.787005,1.231021,-0.002936,-0.608978,0.540000,1.000000,0.660000,0.000000,0.050000,1.231021
339,-1.476375,0.608653,-4.793095,1.230808,0.006118,-0.498809,0.540000,1.000000,0.680000,0.000000,0.100000,1.230808
340,-1.475443,0.620926,-4.798083,1.230331,0.014792,-0.333105,0.540000,1.000000,0.700000,0.050000,0.100000,1.230331
341,-1.474538,0.633197,-4.801414,1.233366,0.021034,-0.175989,0.520000,1.000000,0.720000,0.000000,0.150000,1.233366
342,-1.473651,0.645500,-4.803174,1.232605,0.026393,0.028291,0.520000,1.000000,0.720000,0.000000,0.150000,1.232605
343,-1.472796,0.657800,-4.802891,1.231923,0.029039,0.220812,0.520000,1.000000,0.700000,0.000000,0.100000,1.231923
344,-1.471972,0.670095,-4.800683,1.231642,0.027873,0.342457,0.520000,1.000000,0.700000,0.000000,0.100000,1.231642
345,-1.471164,0.682388,-4.797258,1.231397,0.025296,0.454736,0.520000,0.980000,0.680000,0.000000,0.100000,1.231397
346,-1.470372,0.694679,-4.792711,1.231173,0.021496,0.557842,0.520000,0.980000,0.680000,0.000000,0.100000,1.231173
347,-1.469598,0.706968,-4.787132,1.230952,0.016647,0.652024,0.540000,0.960000,0.660000,0.000000,0.050000,1.230952
348,-1.468845,0.719256,-4.780612,1.230899,0.009409,0.673379,0.540000,0.960000,0.660000,0.000000,0.050000,1.230899
349,-1.468100,0.731542,-4.773878,1.230792,0.002296,0.691068,0.540000,0.940000,0.660000,0.000000,0.050000,1.230792
350,-1.467366,0.743829,-4.766968,1.230629,-0.004657,0.705407,0.560000,0.900000,0.640000,0.050000,0.000000,1.230629
351,-1.466649,0.756114,-4.759913,1.233967,-0.012962,0.650692,1.000000,0.880000,0.640000,0.100000,0.000000,1.233967
352,-1.465933,0.768434,-4.753407,1.240753,-0.020189,0.598094,1.000000,0.880000,0.620000,0.100000,-0.050000,1.240753
353,-1.465222,0.780822,-4.747426,1.247427,-0.027982,0.482179,1.000000,0.860000,0.620000,0.100000,-0.050000,1.247427
354,-1.464506,0.793279,-4.742604,1.254100,-0.033998,0.372956,1.000000,0.860000,0.600000,0.100000,-0.100000,1.254100
355,-1.463787,0.805804,-4.738874,1.260592,-0.039878,0.207026,1.000000,0.840000,0.600000,0.100000,-0.100000,1.260592
356,-1.463055,0.818395,-4.736804,1.267152,-0.043444,0.051232,1.000000,0.840000,0.580000,0.100000,-0.100000,1.267152
357,-1.462311,0.831052,-4.736292,1.273789,-0.044915,-0.094448,1.000000,0.820000,0.580000,0.100000,-0.100000,1.273789
358,-1.461557,0.843776,-4.737236,1.280502,-0.044502,-0.230163,1.000000,0.820000,0.560000,0.100000,-0.150000,1.280502
359,-1.460794,0.856566,-4.739538,1.286976,-0.043803,-0.416041,1.000000,0.800000,0.560000,0.100000,-0.150000,1.286976
360,-1.460007,0.869419,-4.743698,1.293543,-0.040789,-0.588999,0.980000,0.800000,0.540000,0.100000,-0.200000,1.293543
361,-1.459195,0.882335,-4.749588,1.299761,-0.036942,-0.801929,0.980000,0.780000,0.520000,0.100000,-0.250000,1.299761
362,-1.458342,0.895310,-4.757607,1.305553,-0.031571,-1.043206,0.960000,0.780000,0.520000,0.050000,-0.250000,1.305553
363,-1.457437,0.908338,-4.768040,1.307882,-0.023333,-1.266535,0.960000,0.760000,0.540000,0.050000,-0.200000,1.307882
364,-1.456476,0.921384,-4.780705,1.310658,-0.011559,-1.427327,0.960000,0.800000,0.560000,0.050000,-0.150000,1.310658
365,-1.455466,0.934452,-4.794978,1.313690,0.003006,-1.520006,0.940000,0.780000,0.560000,0.050000,-0.150000,1.313690
366,-1.454412,0.947546,-4.810178,1.316474,0.018144,-1.601349,0.940000,0.780000,0.540000,0.050000,-0.200000,1.316474
367,-1.453308,0.960666,-4.826192,1.318550,0.032554,-1.721300,0.940000,0.800000,0.540000,0.050000,-0.200000,1.318550
368,-1.452134,0.973803,-4.843405,1.320319,0.047962,-1.827577,0.940000,0.800000,0.560000,0.050000,-0.150000,1.320319
369,-1.450884,0.986956,-4.861680,1.322165,0.065256,-1.874900,0.940000,0.780000,0.600000,0.050000,-0.100000,1.322165
370,-1.449563,1.000127,-4.880429,1.323972,0.083754,-1.861373,0.940000,0.780000,0.580000,0.050000,-0.100000,1.323972
371,-1.448174,1.013321,-4.899043,1.325404,0.101354,-1.845991,0.920000,0.780000,0.560000,0.050000,-0.150000,1.325404
372,-1.446711,1.026533,-4.917503,1.326116,0.116955,-1.878081,0.920000,0.760000,0.580000,0.050000,-0.100000,1.326116
373,-1.445155,1.039754,-4.936284,1.326848,0.133553,-1.858171,0.920000,0.800000,0.580000,0.050000,-0.100000,1.326848
374,-1.443511,1.052988,-4.954866,1.327263,0.149313,-1.837999,0.920000,0.800000,0.580000,0.050000,-0.100000,1.327263
375,-1.441774,1.066231,-4.973246,1.327387,0.164284,-1.817854,0.920000,0.780000,0.560000,0.050000,-0.150000,1.327387
376,-1.439937,1.079479,-4.991424,1.326842,0.177555,-1.838788,0.920000,0.780000,0.580000,0.050000,-0.100000,1.326842
377,-1.437990,1.092723,-5.009812,1.326400,0.191640,-1.817568,0.920000,0.760000,0.580000,0.050000,-0.100000,1.326400
378,-1.435935,1.105967,-5.027988,1.325716,0.205022,-1.797007,0.920000,0.760000,0.560000,0.050000,-0.150000,1.325716
379,-1.433769,1.119206,-5.045958,1.324395,0.216908,-1.813037,0.920000,0.760000,0.600000,0.050000,-0.100000,1.324395
380,-1.431482,1.132430,-5.064088,1.323225,0.229500,-1.792660,0.920000,0.740000,0.580000,0.050000,-0.100000,1.323225
381,-1.429078,1.145643,-5.082015,1.321856,0.241477,-1.773205,0.920000,0.740000,0.580000,0.050000,-0.100000,1.321856
382,-1.426555,1.158841,-5.099747,1.320302,0.252878,-1.754678,0.920000,0.740000,0.600000,0.050000,-0.100000,1.320302
383,-1.423909,1.172021,-5.117294,1.318578,0.263737,-1.737072,0.920000,0.740000,0.600000,0.050000,-0.100000,1.318578
384,-1.421139,1.185179,-5.134664,1.316696,0.274087,-1.720372,0.920000,0.720000,0.580000,0.050000,-0.100000,1.316696
385,-1.418242,1.198313,-5.151868,1.314668,0.283957,-1.704556,0.920000,0.720000,0.580000,0.050000,-0.100000,1.314668
386,-1.415219,1.211418,-5.168914,1.312502,0.293375,-1.689600,0.920000,0.720000,0.600000,0.050000,-0.100000,1.312502
387,-1.412066,1.224493,-5.185810,1.310210,0.302366,-1.675476,0.920000,0.700000,0.600000,0.050000,-0.100000,1.310210
388,-1.408783,1.237532,-5.202564,1.307798,0.310955,-1.662154,0.920000,0.700000,0.580000,0.050000,-0.100000,1.307798
389,-1.405370,1.250534,-5.219186,1.305275,0.319164,-1.649606,0.920000,0.700000,0.580000,0.050000,-0.100000,1.305275
390,-1.401825,1.263495,-5.235682,1.302647,0.327013,-1.637801,0.920000,0.700000,0.560000,0.050000,-0.150000,1.302647
391,-1.398148,1.276413,-5.252060,1.299472,0.333993,-1.649310,0.920000,0.680000,0.560000,0.050000,-0.150000,1.299472
392,-1.394335,1.289277,-5.268553,1.296138,0.340958,-1.660342,0.940000,0.680000,0.560000,0.050000,-0.150000,1.296138
393,-1.390388,1.302085,-5.285157,1.292643,0.347903,-1.670953,0.940000,0.680000,0.580000,0.050000,-0.100000,1.292643
394,-1.386307,1.314834,-5.301866,1.289441,0.355308,-1.660423,0.940000,0.660000,0.580000,0.050000,-0.100000,1.289441
395,-1.382092,1.327527,-5.318470,1.286145,0.362399,-1.650626,0.940000,0.660000,0.560000,0.050000,-0.150000,1.286145
396,-1.377744,1.340162,-5.334977,1.282307,0.368740,-1.661008,0.940000,0.660000,0.560000,0.050000,-0.150000,1.282307
397,-1.373262,1.352730,-5.351587,1.278320,0.375060,-1.671129,0.960000,0.660000,0.560000,0.050000,-0.150000,1.278320
398,-1.368646,1.365227,-5.368298,1.274185,0.381355,-1.681027,0.960000,0.660000,0.540000,0.050000,-0.200000,1.274185
399,-1.363897,1.377650,-5.385108,1.269419,0.387327,-1.703321,0.960000,0.640000,0.540000,0.050000,-0.200000,1.269419
400,-1.359017,1.389992,-5.402141,1.264462,0.393428,-1.724887,0.980000,0.640000,0.520000,0.100000,-0.250000,1.264462
401,-1.354005,1.402250,-5.419390,1.262317,0.399470,-1.753272,0.980000,0.640000,0.520000,0.100000,-0.250000,1.262317
402,-1.348843,1.414442,-5.436923,1.259950,0.405776,-1.780775,1.000000,0.640000,0.520000,0.100000,-0.250000,1.259950
403,-1.343531,1.426566,-5.454731,1.257355,0.412330,-1.807427,1.000000,0.640000,0.500000,0.100000,-0.300000,1.257355
404,-1.338069,1.438619,-5.472805,1.254032,0.419040,-1.836510,1.000000,0.620000,0.500000,0.100000,-0.300000,1.254032
405,-1.332462,1.450593,-5.491170,1.250461,0.425999,-1.864558,1.000000,0.620000,0.500000,0.100000,-0.300000,1.250461
406,-1.326711,1.462486,-5.509816,1.246638,0.433190,-1.891607,1.000000,0.620000,0.480000,0.100000,-0.300000,1.246638
407,-1.320816,1.474294,-5.528732,1.242559,0.440592,-1.917699,1.000000,0.620000,0.480000,0.100000,-0.300000,1.242559
408,-1.314780,1.486015,-5.547909,1.238220,0.448187,-1.942875,1.000000,0.620000,0.480000,0.100000,-0.300000,1.238220
409,-1.308603,1.497645,-5.567338,1.233618,0.455957,-1.967182,1.000000,0.620000,0.460000,0.100000,-0.350000,1.233618
410,-1.302288,1.509181,-5.587009,1.228256,0.463902,-1.989911,1.000000,0.620000,0.460000,0.150000,-0.350000,1.228256
411,-1.295838,1.520617,-5.606908,1.226129,0.471973,-2.011667,1.000000,0.620000,0.460000,0.150000,-0.350000,1.226129
412,-1.289229,1.531972,-5.627025,1.223734,0.480226,-2.032631,1.000000,0.620000,0.460000,0.150000,-0.350000,1.223734
413,-1.282463,1.543243,-5.647351,1.221067,0.488647,-2.052836,1.000000,0.620000,0.440000,0.150000,-0.400000,1.221067
414,-1.275540,1.554426,-5.667880,1.217642,0.497303,-2.068732,1.000000,0.620000,0.440000,0.150000,-0.400000,1.217642
415,-1.268468,1.565515,-5.688567,1.213957,0.506046,-2.083806,1.000000,0.640000,0.440000,0.150000,-0.400000,1.213957
416,-1.261247,1.576507,-5.709405,1.210011,0.514859,-2.098100,1.000000,0.640000,0.440000,0.150000,-0.400000,1.210011
417,-1.253879,1.587399,-5.730386,1.205803,0.523727,-2.111656,1.000000,0.640000,0.440000,0.150000,-0.400000,1.205803
418,-1.246367,1.598188,-5.751503,1.201335,0.532636,-2.124513,1.000000,0.640000,0.420000,0.150000,-0.450000,1.201335
419,-1.238712,1.608870,-5.772748,1.196135,0.541712,-2.130718,1.000000,0.660000,0.420000,0.150000,-0.450000,1.196135
420,-1.230922,1.619440,-5.794055,1.190705,0.550721,-2.136206,1.000000,0.660000,0.420000,0.150000,-0.450000,1.190705
421,-1.222999,1.629896,-5.815417,1.185050,0.559651,-2.141024,1.000000,0.660000,0.420000,0.150000,-0.450000,1.185050
422,-1.214945,1.640235,-5.836827,1.179175,0.568490,-2.145214,1.000000,0.680000,0.420000,0.150000,-0.450000,1.179175
423,-1.206762,1.650453,-5.858279,1.173084,0.577226,-2.148818,1.000000,0.680000,0.420000,0.150000,-0.450000,1.173084
424,-1.198454,1.660548,-5.879768,1.166783,0.585849,-2.151877,1.000000,0.700000,0.400000,0.150000,-0.450000,1.166783
425,-1.190023,1.670516,-5.901286,1.160277,0.594348,-2.154426,1.000000,0.720000,0.400000,0.150000,-0.450000,1.160277
426,-1.181471,1.680356,-5.922831,1.153570,0.602714,-2.156502,1.000000,0.740000,0.400000,0.150000,-0.450000,1.153570
427,-1.172801,1.690064,-5.944396,1.146668,0.610938,-2.158138,1.000000,0.760000,0.400000,0.150000,-0.450000,1.146668
428,-1.164017,1.699637,-5.965977,1.139578,0.619012,-2.159367,1.000000,0.780000,0.400000,0.150000,-0.450000,1.139578
429,-1.155121,1.709072,-5.987571,1.132304,0.626927,-2.160217,1.000000,0.800000,0.400000,0.150000,-0.450000,1.132304
430,-1.146115,1.718368,-6.009173,1.124853,0.634676,-2.160717,1.000000,0.840000,0.400000,0.150000,-0.450000,1.124853
431,-1.137004,1.727522,-6.030780,1.117229,0.642253,-2.160895,1.000000,0.880000,0.400000,0.150000,-0.450000,1.117229
432,-1.127789,1.736531,-6.052389,1.109440,0.649651,-2.160773,1.000000,0.940000,0.400000,0.150000,-0.450000,1.109440
433,-1.118475,1.745393,-6.073997,1.101490,0.656863,-2.160377,1.000000,1.000000,0.400000,0.150000,-0.450000,1.101490
434,-1.109064,1.754106,-6.095601,1.093386,0.663885,-2.159729,1.000000,1.000000,0.400000,0.150000,-0.450000,1.093386
435,-1.099560,1.762668,-6.117198,1.085134,0.670710,-2.158848,1.000000,1.000000,0.400000,0.150000,-0.450000,1.085134
436,-1.089966,1.771076,-6.138786,1.076740,0.677335,-2.157754,1.000000,1.000000,0.400000,0.150000,-0.450000,1.076740
437,-1.080286,1.779328,-6.160364,1.068209,0.683754,-2.156467,1.000000,1.000000,0.400000,0.150000,-0.450000,1.068209
438,-1.070522,1.787422,-6.181929,1.059549,0.689964,-2.155001,0.940000,1.000000,0.400000,0.100000,-0.450000,1.059549
439,-1.060678,1.795358,-6.203479,1.047264,0.695960,-2.153375,0.900000,1.000000,0.400000,0.100000,-0.450000,1.047264
440,-1.050793,1.803129,-6.225012,1.034861,0.701662,-2.151569,0.860000,1.000000,0.400000,0.100000,-0.450000,1.034861
441,-1.040870,1.810736,-6.246528,1.022348,0.707067,-2.149605,0.820000,1.000000,0.420000,0.100000,-0.450000,1.022348
442,-1.030912,1.818176,-6.268024,1.009733,0.712172,-2.147501,0.660000,1.000000,0.420000,0.100000,-0.450000,1.009733
443,-1.020924,1.825450,-6.289499,0.997023,0.716974,-2.145274,0.640000,1.000000,0.420000,0.100000,-0.450000,0.997023
444,-1.010909,1.832557,-6.310952,0.984227,0.721472,-2.142940,0.620000,1.000000,0.440000,0.100000,-0.400000,0.984227
445,-1.000870,1.839496,-6.332381,0.971814,0.725480,-2.148334,0.600000,1.000000,0.440000,0.100000,-0.400000,0.971814
446,-0.990807,1.846264,-6.353865,0.959277,0.729267,-2.153689,0.600000,1.000000,0.460000,0.100000,-0.350000,0.959277
447,-0.980723,1.852861,-6.375401,0.947092,0.732671,-2.165654,0.580000,1.000000,0.480000,0.100000,-0.300000,0.947092
448,-0.970618,1.859284,-6.397058,0.935227,0.735793,-2.182991,0.560000,1.000000,0.500000,0.100000,-0.300000,0.935227
449,-0.960490,1.865532,-6.418888,0.923166,0.738812,-2.200409,0.560000,1.000000,0.520000,0.100000,-0.250000,0.923166
450,-0.950344,1.871603,-6.440892,0.911398,0.741624,-2.221965,0.540000,1.000000,0.560000,0.100000,-0.150000,0.911398
451,-0.940178,1.877496,-6.463112,0.900391,0.744279,-2.247301,0.520000,1.000000,0.600000,0.100000,-0.100000,0.900391
452,-0.929987,1.883207,-6.485585,0.889629,0.746920,-2.272300,0.520000,1.000000,0.640000,0.100000,0.000000,0.889629
453,-0.919771,1.888736,-6.508308,0.879589,0.749688,-2.290837,0.500000,1.000000,0.740000,0.100000,0.200000,0.879589
454,-0.909524,1.894080,-6.531216,0.871071,0.753380,-2.266919,0.500000,1.000000,0.860000,0.100000,0.450000,0.871071
455,-0.899230,1.899245,-6.553885,0.863445,0.759955,-2.102278,0.500000,1.000000,0.860000,0.100000,0.450000,0.863445
456,-0.888878,1.904259,-6.574908,0.857022,0.764728,-1.946465,0.480000,1.000000,0.840000,0.100000,0.400000,0.857022
457,-0.878470,1.909118,-6.594373,0.851797,0.767006,-1.834376,0.480000,1.000000,0.880000,0.100000,0.450000,0.851797
458,-0.868013,1.913811,-6.612716,0.847413,0.768979,-1.690087,0.480000,1.000000,1.000000,0.150000,0.700000,0.847413
459,-0.857507,1.918345,-6.629617,0.844940,0.775237,-1.306837,0.460000,1.000000,1.000000,0.150000,0.700000,0.844940
460,-0.846927,1.922768,-6.642686,0.845598,0.777901,-0.937019,0.460000,1.000000,1.000000,0.150000,0.700000,0.845598
461,-0.836275,1.927075,-6.652056,0.849266,0.777246,-0.575880,0.460000,1.000000,1.000000,0.150000,0.700000,0.849266
462,-0.825551,1.931262,-6.657815,0.855833,0.773460,-0.219176,0.480000,1.000000,1.000000,0.150000,0.700000,0.855833
463,-0.814756,1.935329,-6.660006,0.865188,0.766651,0.136916,0.480000,1.000000,1.000000,0.150000,0.700000,0.865188
464,-0.803890,1.939274,-6.658637,0.877225,0.756862,0.495887,0.480000,1.000000,1.000000,0.150000,0.700000,0.877225
465,-0.792953,1.943099,-6.653678,0.891836,0.744067,0.860973,0.480000,1.000000,1.000000,0.150000,0.700000,0.891836
466,-0.781946,1.946805,-6.645069,0.908906,0.728183,1.235181,0.500000,1.000000,1.000000,0.150000,0.700000,0.908906
467,-0.770868,1.950398,-6.632717,0.928310,0.709068,1.621295,0.500000,1.000000,1.000000,0.150000,0.700000,0.928310
468,-0.759718,1.953881,-6.616504,0.949903,0.686522,2.021816,0.520000,1.000000,0.740000,0.100000,0.200000,0.949903
469,-0.748495,1.957260,-6.596286,0.972435,0.650943,2.038924,0.600000,1.000000,0.720000,0.100000,0.150000,0.972435
470,-0.737239,1.960458,-6.575896,0.993941,0.614626,2.046158,0.620000,1.000000,0.580000,0.100000,-0.100000,0.993941
471,-0.725949,1.963475,-6.555435,1.012475,0.577026,2.013816,0.640000,1.000000,0.400000,0.100000,-0.350000,1.012475
472,-0.714645,1.966310,-6.535297,1.027619,0.539723,1.988148,0.660000,1.000000,0.280000,0.100000,-0.400000,1.027619
473,-0.703347,1.968973,-6.515415,1.041406,0.502660,1.964301,0.700000,1.000000,0.220000,0.050000,-0.400000,1.041406
474,-0.692056,1.971468,-6.495772,1.050845,0.465735,1.934696,0.720000,1.000000,0.180000,0.050000,-0.400000,1.050845
475,-0.680802,1.973803,-6.476425,1.059430,0.429133,1.898058,0.740000,1.000000,0.140000,0.050000,-0.400000,1.059430
476,-0.669580,1.975980,-6.457445,1.067162,0.392994,1.852661,0.860000,1.000000,0.120000,0.050000,-0.400000,1.067162
477,-0.658389,1.978000,-6.438918,1.074044,0.357483,1.796519,0.880000,1.000000,0.100000,0.050000,-0.400000,1.074044
478,-0.647224,1.979866,-6.420953,1.080084,0.322795,1.727434,0.920000,1.000000,0.080000,0.100000,-0.400000,1.080084
479,-0.636082,1.981580,-6.403678,1.088799,0.289150,1.643118,0.940000,1.000000,0.080000,0.100000,-0.400000,1.088799
480,-0.624926,1.983142,-6.387247,1.096711,0.256750,1.540949,0.980000,1.000000,0.060000,0.100000,-0.400000,1.096711
481,-0.613751,1.984556,-6.371838,1.103855,0.225869,1.419069,1.000000,1.000000,0.060000,0.150000,-0.450000,1.103855
482,-0.602556,1.985829,-6.357647,1.113293,0.196874,1.279826,1.000000,1.000000,0.060000,0.150000,-0.450000,1.113293
483,-0.591307,1.986964,-6.344849,1.122075,0.169875,1.118319,1.000000,1.000000,0.040000,0.150000,-0.450000,1.122075
484,-0.580003,1.987968,-6.333666,1.130270,0.145149,0.935403,1.000000,0.600000,0.040000,0.150000,-0.500000,1.130270
485,-0.568642,1.988847,-6.324312,1.137472,0.123024,0.736634,1.000000,0.580000,0.040000,0.150000,-0.500000,1.137472
486,-0.557226,1.989609,-6.316945,1.144255,0.103563,0.520599,1.000000,0.580000,0.040000,0.150000,-0.500000,1.144255
487,-0.545755,1.990258,-6.311739,1.150703,0.086923,0.290856,1.000000,0.560000,0.040000,0.150000,-0.550000,1.150703
488,-0.534228,1.990798,-6.308831,1.156413,0.073306,0.055418,1.000000,0.560000,0.040000,0.150000,-0.550000,1.156413
489,-0.522649,1.991234,-6.308277,1.161937,0.062610,-0.186278,1.000000,0.540000,0.040000,0.150000,-0.600000,1.161937
490,-0.511017,1.991569,-6.310139,1.166854,0.054975,-0.424642,1.000000,0.540000,0.040000,0.150000,-0.600000,1.166854
491,-0.499338,1.991804,-6.314386,1.171672,0.050161,-0.661863,1.000000,0.520000,0.040000,0.150000,-0.650000,1.171672
492,-0.487612,1.991940,-6.321004,1.175946,0.048268,-0.887171,1.000000,0.520000,0.040000,0.150000,-0.650000,1.175946
493,-0.475842,1.991977,-6.329876,1.180133,0.048925,-1.105025,1.000000,0.520000,0.040000,0.150000,-0.700000,1.180133
494,-0.464031,1.991915,-6.340926,1.183771,0.052214,-1.303716,1.000000,0.500000,0.040000,0.150000,-0.700000,1.183771
495,-0.452183,1.991753,-6.353964,1.187271,0.057653,-1.490337,1.000000,1.000000,0.040000,0.150000,-0.700000,1.187271
496,-0.440299,1.991489,-6.368867,1.190592,0.065073,-1.663306,1.000000,1.000000,0.040000,0.150000,-0.750000,1.190592
497,-0.428381,1.991118,-6.385500,1.193267,0.074548,-1.810628,1.000000,1.000000,0.040000,0.150000,-0.750000,1.193267
498,-0.416435,1.990641,-6.403606,1.195669,0.085500,-1.942586,0.960000,1.000000,0.040000,0.100000,-0.750000,1.195669
499,-0.404462,1.990053,-6.423032,1.194253,0.097743,-2.059056,0.920000,1.000000,0.040000,0.100000,-1.000000,1.194253
500,-0.392500,1.989357,-6.443623,1.190740,0.112760,-2.085012,0.900000,1.000000,0.060000,0.050000,-1.000000,1.190740
501,-0.380565,1.988568,-6.464473,1.183386,0.127699,-2.095936,0.860000,1.000000,0.060000,0.050000,-1.000000,1.183386
502,-0.368695,1.987690,-6.485432,1.175703,0.142319,-2.092746,0.840000,1.000000,0.080000,0.050000,-1.000000,1.175703
503,-0.356892,1.986723,-6.506360,1.167716,0.156475,-2.076894,0.800000,1.000000,0.100000,0.050000,-0.950000,1.167716
504,-0.345158,1.985664,-6.527129,1.159751,0.169642,-2.066934,0.780000,1.000000,0.120000,0.050000,-0.950000,1.159751
505,-0.333494,1.984509,-6.547798,1.151526,0.182316,-2.046969,0.760000,1.000000,0.160000,0.050000,-0.750000,1.151526
506,-0.321903,1.983257,-6.568268,1.144478,0.193004,-2.077851,0.740000,1.000000,0.220000,0.050000,-0.800000,1.144478
507,-0.310377,1.981891,-6.589046,1.136764,0.204041,-2.087440,0.700000,1.000000,0.340000,0.050000,-0.600000,1.136764
508,-0.298923,1.980413,-6.609920,1.130446,0.213795,-2.135471,0.680000,1.000000,0.360000,0.050000,-0.550000,1.130446
509,-0.287530,1.978810,-6.631275,1.124274,0.223629,-2.184628,0.660000,1.000000,0.360000,0.050000,-0.550000,1.124274
510,-0.276199,1.977077,-6.653121,1.117773,0.233734,-2.227892,0.660000,1.000000,0.360000,0.050000,-0.550000,1.117773
511,-0.264932,1.975215,-6.675400,1.110942,0.244038,-2.265617,0.640000,1.000000,0.340000,0.050000,-0.600000,1.110942
512,-0.253733,1.973224,-6.698057,1.103326,0.254660,-2.290164,0.620000,1.000000,0.860000,0.050000,0.450000,1.103326
513,-0.242610,1.971107,-6.720958,1.097910,0.279448,-1.702644,0.600000,1.000000,1.000000,0.100000,0.700000,1.097910
514,-0.231481,1.968984,-6.737985,1.094335,0.298220,-1.086226,0.580000,1.000000,1.000000,0.100000,0.700000,1.094335
515,-0.220340,1.966856,-6.748847,1.092405,0.310041,-0.476335,0.580000,1.000000,1.000000,0.100000,0.700000,1.092405
516,-0.209187,1.964721,-6.753610,1.092352,0.315105,0.124807,0.580000,1.000000,1.000000,0.100000,0.700000,1.092352
517,-0.198022,1.962578,-6.752362,1.094263,0.313615,0.715088,0.580000,1.000000,1.000000,0.100000,0.700000,1.094263
518,-0.186844,1.960428,-6.745211,1.098089,0.305788,1.292057,0.580000,1.000000,1.000000,0.100000,0.700000,1.098089
519,-0.175651,1.958270,-6.732291,1.103659,0.291861,1.852372,0.580000,1.000000,1.000000,0.100000,0.700000,1.103659
520,-0.164442,1.956108,-6.713767,1.110686,0.272115,2.391150,0.580000,1.000000,0.940000,0.100000,0.600000,1.110686
521,-0.153213,1.953945,-6.689856,1.120052,0.246506,2.884270,0.600000,1.000000,0.940000,0.100000,0.600000,1.120052
522,-0.141951,1.951778,-6.661013,1.129933,0.216118,3.341886,0.620000,1.000000,0.760000,0.050000,0.250000,1.129933
523,-0.130651,1.949619,-6.627594,1.140701,0.174729,3.462860,0.640000,1.000000,0.240000,0.050000,-0.250000,1.140701
524,-0.119324,1.947412,-6.592965,1.147956,0.124892,3.183484,0.660000,1.000000,0.220000,0.050000,-0.250000,1.147956
525,-0.108010,1.945102,-6.561131,1.153214,0.079510,2.859513,0.680000,1.000000,0.220000,0.050000,-0.300000,1.153214
526,-0.096703,1.942702,-6.532535,1.156353,0.038823,2.489450,0.700000,1.000000,0.200000,0.050000,-0.350000,1.156353
527,-0.085401,1.940225,-6.507641,1.157765,0.003254,2.083202,0.740000,1.000000,0.200000,0.050000,-0.350000,1.157765
528,-0.074107,1.937680,-6.486809,1.158386,-0.026732,1.659142,0.820000,1.000000,0.200000,0.050000,-0.400000,1.158386
529,-0.062816,1.935075,-6.470217,1.158068,-0.051335,1.216142,0.840000,1.000000,0.180000,0.050000,-0.450000,1.158068
530,-0.051533,1.932418,-6.458056,1.157130,-0.070487,0.762570,0.860000,1.000000,0.180000,0.050000,-0.500000,1.157130
531,-0.040261,1.929710,-6.450430,1.155828,-0.084209,0.306256,0.860000,1.000000,0.160000,0.050000,-0.550000,1.155828
532,-0.029004,1.926956,-6.447368,1.154345,-0.092601,-0.145209,0.960000,1.000000,0.160000,0.100000,-0.600000,1.154345
533,-0.017767,1.924156,-6.448820,1.156291,-0.095841,-0.584249,0.940000,1.000000,0.140000,0.100000,-0.650000,1.156291
534,-0.006520,1.921304,-6.454662,1.158196,-0.094175,-1.002930,0.920000,1.000000,0.140000,0.100000,-0.650000,1.158196
535,0.004731,1.918400,-6.464692,1.160509,-0.088046,-1.399510,0.820000,1.000000,0.160000,0.050000,-0.700000,1.160509
536,0.015987,1.915439,-6.478687,1.159138,-0.077691,-1.763140,0.800000,1.000000,0.200000,0.050000,-0.750000,1.159138
537,0.027206,1.912425,-6.496318,1.157451,-0.063594,-2.086892,0.780000,1.000000,0.240000,0.050000,-0.800000,1.157451
538,0.038384,1.909355,-6.517187,1.155289,-0.046272,-2.364877,0.760000,1.000000,0.300000,0.050000,-0.650000,1.155289
539,0.049515,1.906226,-6.540836,1.154234,-0.027169,-2.630724,0.720000,1.000000,0.400000,0.050000,-0.450000,1.154234
540,0.060607,1.903022,-6.567143,1.154922,-0.005606,-2.848414,0.620000,1.000000,0.580000,0.050000,-0.100000,1.154922
541,0.071678,1.899733,-6.595627,1.158394,0.024043,-2.757292,0.600000,1.000000,0.600000,0.050000,-0.100000,1.158394
542,0.082775,1.896401,-6.623200,1.160958,0.051222,-2.670216,0.580000,1.000000,0.580000,0.050000,-0.100000,1.160958
543,0.093891,1.893012,-6.649902,1.162740,0.076151,-2.588418,0.560000,1.000000,0.740000,0.050000,0.200000,1.162740
544,0.105018,1.889554,-6.675786,1.163081,0.107343,-2.157579,0.540000,1.000000,0.720000,0.050000,0.150000,1.163081
545,0.116175,1.886096,-6.697362,1.163655,0.131179,-1.797397,0.520000,1.000000,0.800000,0.050000,0.300000,1.163655
546,0.127356,1.882614,-6.715336,1.162895,0.153127,-1.319475,0.500000,1.000000,0.880000,0.050000,0.450000,1.162895
547,0.138557,1.879134,-6.728531,1.160888,0.170597,-0.784760,0.500000,1.000000,0.860000,0.050000,0.450000,1.160888
548,0.149768,1.875673,-6.736379,1.159704,0.181537,-0.262441,0.480000,1.000000,0.860000,0.050000,0.450000,1.159704
549,0.160989,1.872227,-6.739003,1.159508,0.186258,0.243639,0.480000,1.000000,0.840000,0.050000,0.400000,1.159508
550,0.172221,1.868795,-6.736567,1.160974,0.184514,0.704273,0.480000,1.000000,0.840000,0.050000,0.400000,1.160974
551,0.183466,1.865369,-6.729524,1.163353,0.177591,1.141768,0.480000,1.000000,0.820000,0.050000,0.350000,1.163353
552,0.194726,1.861949,-6.718106,1.167123,0.165066,1.516219,0.480000,1.000000,0.820000,0.050000,0.350000,1.167123
553,0.206006,1.858529,-6.702944,1.171353,0.148751,1.864105,0.480000,1.000000,0.800000,0.050000,0.300000,1.171353
554,0.217309,1.855113,-6.684303,1.176398,0.128052,2.137023,0.480000,1.000000,0.720000,0.050000,0.150000,1.176398
555,0.228639,1.851699,-6.662933,1.182563,0.100955,2.203835,0.500000,1.000000,0.700000,0.050000,0.100000,1.182563
556,0.239997,1.848253,-6.640894,1.188288,0.072896,2.192877,0.560000,1.000000,0.700000,0.050000,0.100000,1.188288
557,0.251382,1.844775,-6.618966,1.193310,0.046380,2.174675,0.580000,1.000000,0.600000,0.050000,-0.100000,1.193310
558,0.262802,1.841281,-6.597219,1.197174,0.015939,1.916204,0.580000,1.000000,0.600000,0.050000,-0.100000,1.197174
559,0.274237,1.837735,-6.578057,1.200404,-0.010170,1.658365,0.600000,1.000000,0.600000,0.050000,-0.100000,1.200404
560,0.285694,1.834149,-6.561473,1.203230,-0.032080,1.406901,0.600000,1.000000,0.580000,0.050000,-0.100000,1.203230
561,0.297175,1.830535,-6.547404,1.205837,-0.050014,1.165629,0.680000,1.000000,0.580000,0.050000,-0.100000,1.205837
562,0.308684,1.826903,-6.535748,1.208369,-0.064249,0.936722,0.680000,1.000000,0.560000,0.050000,-0.150000,1.208369
563,0.320224,1.823261,-6.526381,1.210617,-0.076461,0.662377,0.680000,1.000000,0.560000,0.050000,-0.150000,1.210617
564,0.331790,1.819604,-6.519757,1.213027,-0.084855,0.403427,0.680000,1.000000,0.540000,0.050000,-0.200000,1.213027
565,0.343384,1.815936,-6.515723,1.215256,-0.091064,0.105069,1.000000,1.000000,0.540000,0.150000,-0.200000,1.215256
566,0.354999,1.812249,-6.514672,1.224792,-0.093448,-0.175777,1.000000,1.000000,0.520000,0.150000,-0.250000,1.224792
567,0.366706,1.808530,-6.516430,1.234150,-0.093546,-0.488212,1.000000,0.980000,0.520000,0.100000,-0.250000,1.234150
568,0.378497,1.804767,-6.521312,1.240337,-0.089894,-0.780799,1.000000,0.980000,0.520000,0.100000,-0.250000,1.240337
569,0.390338,1.800968,-6.529120,1.246788,-0.082857,-1.052875,1.000000,0.960000,0.500000,0.100000,-0.300000,1.246788
570,0.402229,1.797129,-6.539649,1.252870,-0.073783,-1.345750,1.000000,0.960000,0.500000,0.100000,-0.300000,1.252870
571,0.414161,1.793237,-6.553106,1.259065,-0.061500,-1.614644,0.620000,0.960000,0.560000,0.000000,-0.150000,1.259065
572,0.426132,1.789287,-6.569252,1.259630,-0.042886,-1.708425,0.600000,0.940000,0.560000,0.000000,-0.150000,1.259630
573,0.438095,1.785321,-6.586337,1.259879,-0.024036,-1.789100,0.580000,0.980000,0.540000,0.000000,-0.200000,1.259879
574,0.450048,1.781331,-6.604228,1.259370,-0.006405,-1.912594,0.560000,1.000000,0.540000,0.000000,-0.200000,1.259370
575,0.461978,1.777296,-6.623354,1.258499,0.011929,-2.019668,0.540000,1.000000,0.600000,0.000000,-0.100000,1.258499
576,0.473882,1.773209,-6.643550,1.257931,0.033352,-2.000332,0.520000,1.000000,0.600000,0.000000,-0.100000,1.257931
577,0.485770,1.769086,-6.663554,1.256885,0.053502,-1.977916,0.520000,1.000000,0.660000,0.000000,0.050000,1.256885
578,0.497640,1.764916,-6.683333,1.255611,0.076945,-1.760192,0.500000,1.000000,0.660000,0.000000,0.050000,1.255611
579,0.509504,1.760734,-6.700935,1.254077,0.096548,-1.555625,0.420000,1.000000,0.640000,0.000000,0.000000,1.254077
580,0.521358,1.756528,-6.716491,1.252440,0.111112,-1.430545,0.420000,1.000000,0.720000,0.000000,0.150000,1.252440
581,0.533191,1.752278,-6.730796,1.250293,0.127937,-1.121015,0.400000,1.000000,0.700000,0.000000,0.100000,1.250293
582,0.545016,1.748020,-6.742007,1.248652,0.138655,-0.893431,0.400000,1.000000,0.700000,0.000000,0.100000,1.248652
583,0.556825,1.743733,-6.750941,1.247249,0.146021,-0.680886,0.380000,1.000000,0.760000,0.000000,0.250000,1.247249
584,0.568616,1.739412,-6.757750,1.245065,0.154548,-0.303820,0.380000,1.000000,0.760000,0.000000,0.250000,1.245065
585,0.580397,1.735098,-6.760788,1.243502,0.158056,0.053648,0.420000,1.000000,0.760000,0.000000,0.250000,1.243502
586,0.592167,1.730786,-6.760251,1.242565,0.156994,0.391354,0.360000,1.000000,0.740000,0.000000,0.200000,1.242565
587,0.603926,1.726475,-6.756338,1.242651,0.150457,0.651616,0.420000,1.000000,0.740000,0.000000,0.200000,1.242651
588,0.615673,1.722151,-6.749822,1.243108,0.140989,0.895021,0.420000,1.000000,0.720000,0.000000,0.150000,1.243108
589,0.627410,1.717818,-6.740872,1.244162,0.127464,1.058018,0.420000,1.000000,0.720000,0.000000,0.150000,1.244162
590,0.639134,1.713464,-6.730291,1.245269,0.112571,1.208138,0.420000,1.000000,0.700000,0.000000,0.100000,1.245269
591,0.650849,1.709095,-6.718210,1.246553,0.095021,1.279399,0.420000,0.940000,0.700000,0.000000,0.100000,1.246553
592,0.662554,1.704703,-6.705416,1.247653,0.077468,1.341700,0.420000,0.920000,0.680000,0.000000,0.100000,1.247653
593,0.674253,1.700297,-6.691999,1.248538,0.060038,1.395040,1.000000,0.900000,0.600000,0.100000,-0.100000,1.248538
594,0.685948,1.695885,-6.678049,1.255743,0.037260,1.200859,1.000000,0.880000,0.580000,0.100000,-0.100000,1.255743
595,0.697682,1.691398,-6.666040,1.262609,0.017793,1.007328,1.000000,0.880000,0.580000,0.100000,-0.100000,1.262609
596,0.709461,1.686846,-6.655967,1.269255,0.001534,0.817627,1.000000,0.820000,0.560000,0.100000,-0.150000,1.269255
597,0.721287,1.682238,-6.647790,1.275418,-0.012873,0.582717,1.000000,0.800000,0.560000,0.100000,-0.150000,1.275418
598,0.733157,1.677570,-6.641963,1.281550,-0.023771,0.356012,1.000000,0.800000,0.540000,0.100000,-0.200000,1.281550
599,0.745073,1.672847,-6.638403,1.287292,-0.032488,0.092037,1.000000,0.780000,0.540000,0.100000,-0.200000,1.287292
600,0.757029,1.668066,-6.637483,1.293142,-0.037559,-0.160119,1.000000,0.780000,0.520000,0.100000,-0.250000,1.293142
601,0.769027,1.663227,-6.639084,1.298632,-0.040227,-0.440592,1.000000,0.760000,0.520000,0.100000,-0.250000,1.298632
602,0.781059,1.658325,-6.643490,1.304278,-0.039265,-0.705890,1.000000,0.760000,0.500000,0.100000,-0.300000,1.304278
603,0.793126,1.653359,-6.650549,1.309510,-0.035783,-0.989036,1.000000,0.740000,0.580000,0.100000,-0.100000,1.309510
604,0.805219,1.648322,-6.660439,1.316561,-0.024302,-1.059475,1.000000,0.740000,0.560000,0.100000,-0.150000,1.316561
605,0.817369,1.643246,-6.671034,1.323190,-0.013811,-1.182017,1.000000,0.720000,0.560000,0.100000,-0.150000,1.323190
606,0.829566,1.638114,-6.682854,1.329701,-0.002148,-1.292634,1.000000,0.760000,0.540000,0.100000,-0.200000,1.329701
607,0.841807,1.632920,-6.695780,1.335629,0.009325,-1.442323,1.000000,0.760000,0.540000,0.100000,-0.200000,1.335629
608,0.854080,1.627650,-6.710204,1.341370,0.022348,-1.577533,1.000000,0.760000,0.520000,0.100000,-0.250000,1.341370
609,0.866382,1.622298,-6.725979,1.346366,0.035785,-1.737944,1.000000,0.740000,0.520000,0.100000,-0.250000,1.346366
610,0.878700,1.616853,-6.743358,1.351062,0.050914,-1.882227,1.000000,0.740000,0.560000,0.100000,-0.150000,1.351062
611,0.891032,1.611309,-6.762181,1.356316,0.069432,-1.928306,1.000000,0.780000,0.540000,0.100000,-0.200000,1.356316
612,0.903388,1.605674,-6.781464,1.360703,0.086929,-2.010933,1.000000,0.780000,0.540000,0.100000,-0.200000,1.360703
613,0.915756,1.599935,-6.801573,1.364637,0.105026,-2.083262,1.000000,0.780000,0.520000,0.100000,-0.250000,1.364637
614,0.928130,1.594085,-6.822406,1.367588,0.122873,-2.177505,1.000000,0.780000,0.520000,0.100000,-0.250000,1.367588
615,0.940496,1.588118,-6.844181,1.370013,0.141557,-2.260776,1.000000,0.780000,0.500000,0.100000,-0.300000,1.370013
616,0.952850,1.582027,-6.866789,1.371349,0.160466,-2.354322,1.000000,0.780000,0.540000,0.100000,-0.200000,1.371349
617,0.965178,1.575810,-6.890332,1.373092,0.181302,-2.392061,1.000000,0.780000,0.540000,0.100000,-0.200000,1.373092
618,0.977489,1.569465,-6.914252,1.374232,0.202188,-2.424541,1.000000,0.780000,0.580000,0.100000,-0.100000,1.374232
619,0.989777,1.562989,-6.938498,1.375636,0.224694,-2.383451,1.000000,0.780000,0.560000,0.100000,-0.150000,1.375636
620,1.002054,1.556388,-6.962332,1.376137,0.245247,-2.381815,0.380000,0.780000,0.560000,0.000000,-0.150000,1.376137
621,1.014302,1.549652,-6.986150,1.369119,0.265355,-2.379744,0.380000,0.780000,0.560000,0.000000,-0.150000,1.369119
622,1.026463,1.542825,-7.009948,1.361595,0.284847,-2.377183,0.360000,0.780000,0.580000,0.000000,-0.100000,1.361595
623,1.038531,1.535907,-7.033720,1.354019,0.304435,-2.344898,0.360000,0.780000,0.580000,0.000000,-0.100000,1.354019
624,1.050510,1.528898,-7.057169,1.346052,0.323002,-2.315508,0.340000,0.800000,0.580000,0.000000,-0.100000,1.346052
625,1.062393,1.521800,-7.080324,1.337724,0.340626,-2.288852,0.340000,0.800000,0.580000,0.000000,-0.100000,1.337724
626,1.074178,1.514610,-7.103212,1.329060,0.357378,-2.264772,0.320000,0.800000,0.620000,0.000000,-0.050000,1.329060
627,1.085857,1.507331,-7.125860,1.320485,0.374006,-2.213897,0.320000,0.800000,0.620000,0.000000,-0.050000,1.320485
628,1.097437,1.499963,-7.147999,1.311714,0.389451,-2.167839,0.300000,0.820000,0.620000,0.000000,-0.050000,1.311714
629,1.108910,1.492508,-7.169677,1.302772,0.403820,-2.126097,0.300000,0.820000,0.600000,0.000000,-0.100000,1.302772
630,1.120275,1.484966,-7.190938,1.293263,0.416639,-2.112297,0.300000,0.820000,0.600000,0.000000,-0.100000,1.293263
631,1.131519,1.477338,-7.212061,1.283528,0.428896,-2.100186,0.280000,0.840000,0.600000,0.000000,-0.100000,1.283528
632,1.142639,1.469626,-7.233063,1.273578,0.440623,-2.089681,0.280000,0.840000,0.600000,0.000000,-0.100000,1.273578
633,1.153632,1.461830,-7.253960,1.263420,0.451852,-2.080704,0.260000,0.920000,0.600000,0.000000,-0.100000,1.263420
634,1.164495,1.453955,-7.274767,1.253061,0.462613,-2.073184,0.260000,0.940000,0.600000,0.000000,-0.100000,1.253061
635,1.175226,1.446000,-7.295499,1.242507,0.472931,-2.067054,0.260000,0.960000,0.600000,0.000000,-0.100000,1.242507
636,1.185820,1.437969,-7.316169,1.231762,0.482831,-2.062255,0.240000,0.960000,0.600000,0.000000,-0.100000,1.231762
637,1.196277,1.429863,-7.336792,1.220830,0.492335,-2.058731,0.240000,0.980000,0.600000,0.050000,-0.100000,1.220830
638,1.206593,1.421686,-7.357379,1.213214,0.501462,-2.056433,0.220000,1.000000,0.600000,0.050000,-0.100000,1.213214
639,1.216782,1.413409,-7.377944,1.205418,0.510315,-2.055230,1.000000,1.000000,0.600000,0.150000,-0.100000,1.205418
640,1.226841,1.405033,-7.398496,1.204442,0.518908,-2.055082,1.000000,1.000000,0.600000,0.150000,-0.100000,1.204442
641,1.236800,1.396499,-7.419047,1.203286,0.527418,-2.055775,1.000000,1.000000,0.600000,0.150000,-0.100000,1.203286
642,1.246653,1.387809,-7.439604,1.201948,0.535853,-2.057281,1.000000,1.000000,0.600000,0.150000,-0.100000,1.201948
643,1.256397,1.378964,-7.460177,1.200424,0.544223,-2.059577,0.720000,1.000000,0.600000,0.050000,-0.100000,1.200424
644,1.266029,1.369967,-7.480773,1.191713,0.552534,-2.062642,0.700000,1.000000,0.600000,0.050000,-0.100000,1.191713
645,1.275519,1.360885,-7.501399,1.182810,0.560632,-2.066643,0.700000,1.000000,0.600000,0.050000,-0.100000,1.182810
646,1.284865,1.351720,-7.522066,1.173715,0.568527,-2.071554,0.700000,1.000000,0.600000,0.050000,-0.100000,1.173715
647,1.294065,1.342477,-7.542781,1.164427,0.576229,-2.077354,0.680000,1.000000,0.600000,0.050000,-0.100000,1.164427
648,1.303116,1.333156,-7.563555,1.154943,0.583744,-2.084019,0.680000,1.000000,0.600000,0.050000,-0.100000,1.154943
649,1.312016,1.323762,-7.584395,1.145262,0.591082,-2.091532,0.640000,1.000000,0.620000,0.050000,-0.050000,1.145262
650,1.320763,1.314297,-7.605310,1.135847,0.598473,-2.090330,0.580000,1.000000,0.620000,0.050000,-0.050000,1.135847
651,1.329360,1.304761,-7.626214,1.126284,0.605589,-2.090440,0.540000,1.000000,0.620000,0.050000,-0.050000,1.126284
652,1.337802,1.295156,-7.647118,1.116571,0.612446,-2.091805,0.500000,1.000000,0.640000,0.050000,0.000000,1.116571
653,1.346089,1.285487,-7.668036,1.107153,0.619337,-2.082469,0.480000,1.000000,0.720000,0.100000,0.150000,1.107153
654,1.354223,1.275751,-7.688861,1.102250,0.627306,-2.013020,0.460000,1.000000,0.740000,0.100000,0.200000,1.102250
655,1.362222,1.265910,-7.708991,1.097866,0.635021,-1.916603,0.460000,1.000000,0.740000,0.100000,0.200000,1.097866
656,1.370092,1.255964,-7.728157,1.093967,0.641450,-1.825556,0.440000,1.000000,0.760000,0.100000,0.250000,1.093967
657,1.377829,1.245915,-7.746413,1.090701,0.647530,-1.703147,0.440000,1.000000,0.780000,0.100000,0.250000,1.090701
658,1.385438,1.235767,-7.763444,1.088151,0.652078,-1.586284,0.440000,1.000000,0.780000,0.100000,0.250000,1.088151
659,1.392916,1.225519,-7.779307,1.086314,0.655204,-1.473846,0.440000,1.000000,0.800000,0.100000,0.300000,1.086314
660,1.400260,1.215175,-7.794045,1.085238,0.657935,-1.324718,0.440000,1.000000,0.820000,0.100000,0.350000,1.085238
661,1.407478,1.204736,-7.807293,1.085047,0.660018,-1.133561,0.440000,1.000000,0.820000,0.100000,0.350000,1.085047
662,1.414577,1.194206,-7.818628,1.086132,0.659913,-0.947479,0.440000,1.000000,0.840000,0.100000,0.400000,1.086132
663,1.421556,1.183585,-7.828103,1.088229,0.658942,-0.713061,0.440000,1.000000,0.840000,0.100000,0.400000,1.088229
664,1.428425,1.172876,-7.835234,1.091912,0.655374,-0.482310,0.460000,1.000000,0.940000,0.100000,0.600000,1.091912
665,1.435182,1.162082,-7.840057,1.094463,0.654565,-0.028138,0.460000,1.000000,0.940000,0.100000,0.600000,1.094463
666,1.441879,1.151230,-7.840338,1.100114,0.648636,0.417464,0.480000,1.000000,0.940000,0.100000,0.600000,1.100114
667,1.448515,1.140318,-7.836163,1.108696,0.637777,0.859121,0.500000,1.000000,0.800000,0.100000,0.300000,1.108696
668,1.455089,1.129346,-7.827572,1.122892,0.614643,0.982926,0.520000,1.000000,0.760000,0.050000,0.250000,1.122892
669,1.461530,1.118284,-7.817743,1.133981,0.589465,1.078673,0.520000,1.000000,0.740000,0.050000,0.200000,1.133981
670,1.467832,1.107165,-7.806956,1.145147,0.562648,1.149163,0.520000,1.000000,0.700000,0.050000,0.100000,1.145147
671,1.473990,1.095991,-7.795465,1.155803,0.533982,1.172611,0.500000,1.000000,0.660000,0.050000,0.050000,1.155803
672,1.479997,1.084765,-7.783739,1.165864,0.504753,1.179699,0.540000,1.000000,0.640000,0.050000,0.000000,1.165864
673,1.485850,1.073489,-7.771942,1.175202,0.475226,1.171785,0.580000,1.000000,0.620000,0.050000,-0.050000,1.175202
674,1.491550,1.062166,-7.760224,1.183720,0.445652,1.149926,0.620000,1.000000,0.580000,0.050000,-0.100000,1.183720
675,1.497095,1.050798,-7.748724,1.191345,0.416274,1.114947,0.660000,1.000000,0.560000,0.050000,-0.150000,1.191345
676,1.502486,1.039388,-7.737575,1.198026,0.387326,1.067494,0.720000,1.000000,0.540000,0.050000,-0.200000,1.198026
677,1.507725,1.027939,-7.726900,1.203734,0.359036,1.008103,0.740000,1.000000,0.520000,0.050000,-0.250000,1.203734
678,1.512812,1.016453,-7.716819,1.208456,0.331623,0.937274,0.720000,1.000000,0.500000,0.050000,-0.300000,1.208456
679,1.517749,1.004936,-7.707446,1.212194,0.305298,0.855555,0.700000,1.000000,0.480000,0.050000,-0.300000,1.212194
680,1.522539,0.993389,-7.698891,1.215459,0.280274,0.764359,0.720000,1.000000,0.460000,0.050000,-0.350000,1.215459
681,1.527186,0.981814,-7.691247,1.217783,0.256660,0.661793,0.780000,1.000000,0.460000,0.050000,-0.350000,1.217783
682,1.531692,0.970213,-7.684629,1.219689,0.234630,0.548580,0.820000,1.000000,0.440000,0.050000,-0.350000,1.219689
683,1.536060,0.958586,-7.679143,1.221210,0.214323,0.425018,0.820000,1.000000,0.440000,0.050000,-0.400000,1.221210
684,1.540295,0.946932,-7.674893,1.221882,0.195841,0.290875,0.820000,1.000000,0.420000,0.050000,-0.400000,1.221882
685,1.544399,0.935258,-7.671984,1.222239,0.179303,0.147413,0.800000,1.000000,0.420000,0.050000,-0.400000,1.222239
686,1.548374,0.923562,-7.670510,1.222317,0.164797,-0.003977,0.800000,1.000000,0.400000,0.050000,-0.450000,1.222317
687,1.552225,0.911845,-7.670550,1.221649,0.152390,-0.161451,0.800000,1.000000,0.400000,0.050000,-0.450000,1.221649
688,1.555951,0.900111,-7.672165,1.220763,0.142093,-0.323853,0.780000,1.000000,0.400000,0.050000,-0.450000,1.220763
689,1.559556,0.888362,-7.675403,1.219684,0.133919,-0.489192,0.780000,1.000000,0.400000,0.050000,-0.450000,1.219684
690,1.563041,0.876597,-7.680295,1.218429,0.127850,-0.655453,0.760000,1.000000,0.380000,0.050000,-0.500000,1.218429
691,1.566406,0.864816,-7.686850,1.216509,0.123878,-0.819220,0.760000,1.000000,0.380000,0.050000,-0.500000,1.216509
692,1.569651,0.853027,-7.695042,1.214424,0.121873,-0.980367,0.740000,1.000000,0.380000,0.050000,-0.500000,1.214424
693,1.572776,0.841229,-7.704845,1.212169,0.121751,-1.137201,0.740000,1.000000,0.400000,0.050000,-0.450000,1.212169
694,1.575781,0.829422,-7.716217,1.210235,0.123394,-1.289048,0.720000,1.000000,0.400000,0.050000,-0.450000,1.210235
695,1.578666,0.817604,-7.729108,1.208100,0.126725,-1.433834,0.720000,1.000000,0.400000,0.050000,-0.450000,1.208100
696,1.581428,0.805775,-7.743446,1.205740,0.131618,-1.570642,0.720000,1.000000,0.400000,0.050000,-0.450000,1.205740
697,1.584066,0.793937,-7.759153,1.203128,0.137942,-1.698816,0.700000,1.000000,0.420000,0.050000,-0.450000,1.203128
698,1.586578,0.782090,-7.776141,1.200236,0.145563,-1.817945,0.700000,1.000000,0.420000,0.050000,-0.450000,1.200236
699,1.588963,0.770237,-7.794320,1.197034,0.154346,-1.927844,0.680000,1.000000,0.440000,0.050000,-0.400000,1.197034
700,1.591217,0.758380,-7.813599,1.194008,0.164210,-2.026293,0.640000,1.000000,0.440000,0.050000,-0.400000,1.194008
701,1.593340,0.746516,-7.833862,1.190617,0.174954,-2.116111,0.620000,1.000000,0.460000,0.050000,-0.350000,1.190617
702,1.595329,0.734647,-7.855023,1.187356,0.186589,-2.192172,0.580000,1.000000,0.600000,0.050000,-0.100000,1.187356
703,1.597182,0.722772,-7.876945,1.186097,0.201453,-2.148108,0.560000,1.000000,1.000000,0.150000,0.700000,1.186097
704,1.598924,0.710868,-7.898426,1.186176,0.228153,-1.559058,0.520000,1.000000,1.000000,0.150000,0.700000,1.186176
705,1.600676,0.698916,-7.914016,1.187117,0.247675,-0.970630,0.520000,1.000000,1.000000,0.150000,0.700000,1.187117
706,1.602436,0.686918,-7.923723,1.189300,0.260123,-0.386759,0.500000,1.000000,1.000000,0.150000,0.700000,1.189300
707,1.604202,0.674873,-7.927590,1.192959,0.265638,0.189015,0.500000,1.000000,1.000000,0.150000,0.700000,1.192959
708,1.605974,0.662780,-7.925700,1.198189,0.264397,0.753120,0.520000,0.980000,1.000000,0.150000,0.700000,1.198189
709,1.607753,0.650640,-7.918169,1.204950,0.256613,1.301505,0.520000,0.980000,1.000000,0.150000,0.700000,1.204950
710,1.609541,0.638450,-7.905154,1.213080,0.242549,1.829166,0.540000,0.960000,1.000000,0.150000,0.700000,1.213080
711,1.611343,0.626211,-7.886862,1.222302,0.222539,2.329759,0.580000,1.000000,1.000000,0.150000,0.700000,1.222302
712,1.613165,0.613922,-7.863564,1.232246,0.197014,2.795469,0.580000,1.000000,1.000000,0.100000,0.700000,1.232246
713,1.615017,0.601581,-7.835610,1.238968,0.166513,3.217470,0.560000,1.000000,0.640000,0.000000,0.000000,1.238968
714,1.616909,0.589224,-7.803435,1.244194,0.119452,3.059521,0.600000,1.000000,0.480000,0.000000,-0.250000,1.244194
715,1.618731,0.576858,-7.772840,1.245651,0.072787,2.738218,0.680000,1.000000,0.460000,0.000000,-0.250000,1.245651
716,1.620466,0.564502,-7.745458,1.245543,0.031451,2.384985,0.680000,1.000000,0.420000,0.000000,-0.350000,1.245543
717,1.622128,0.552154,-7.721608,1.243258,-0.004921,1.982341,0.660000,1.000000,0.400000,0.000000,-0.350000,1.243258
718,1.623720,0.539823,-7.701784,1.240233,-0.035330,1.562682,0.720000,1.000000,0.300000,0.000000,-0.400000,1.240233
719,1.625251,0.527511,-7.686158,1.236323,-0.060026,1.123410,0.760000,1.000000,0.300000,0.000000,-0.450000,1.236323
720,1.626724,0.515221,-7.674923,1.231846,-0.078941,0.672860,0.760000,1.000000,0.280000,0.000000,-0.500000,1.231846
721,1.628142,0.502959,-7.668195,1.227055,-0.092106,0.218947,0.740000,1.000000,0.280000,0.050000,-0.550000,1.227055
722,1.629503,0.490729,-7.666005,1.225629,-0.099641,-0.230582,0.740000,1.000000,0.360000,0.050000,-0.500000,1.225629
723,1.630815,0.478503,-7.668311,1.225236,-0.101655,-0.663596,0.720000,1.000000,0.360000,0.050000,-0.500000,1.225236
724,1.632077,0.466273,-7.674947,1.225335,-0.098586,-1.077912,0.720000,1.000000,0.360000,0.050000,-0.550000,1.225335
725,1.633289,0.454040,-7.685726,1.225293,-0.090951,-1.474277,0.700000,1.000000,0.360000,0.050000,-0.550000,1.225293
726,1.634445,0.441808,-7.700469,1.225541,-0.078997,-1.842779,0.700000,1.000000,0.360000,0.050000,-0.550000,1.225541
727,1.635538,0.429576,-7.718897,1.225900,-0.063194,-2.179198,0.680000,1.000000,0.380000,0.050000,-0.500000,1.225900
728,1.636563,0.417344,-7.740689,1.226720,-0.043915,-2.474955,0.640000,1.000000,0.480000,0.050000,-0.300000,1.226720
729,1.637513,0.405105,-7.765438,1.229540,-0.019897,-2.650527,0.600000,1.000000,0.600000,0.050000,-0.100000,1.229540
730,1.638402,0.392841,-7.791944,1.233372,0.010189,-2.589174,0.540000,1.000000,0.840000,0.000000,0.400000,1.233372
731,1.639269,0.380537,-7.817835,1.229622,0.047516,-2.125705,0.540000,1.000000,0.880000,0.050000,0.450000,1.229622
732,1.640188,0.368266,-7.839092,1.228208,0.078391,-1.641707,0.540000,1.000000,0.940000,0.100000,0.600000,1.228208
733,1.641154,0.355997,-7.855510,1.228573,0.102766,-1.149185,0.520000,1.000000,0.980000,0.100000,0.650000,1.228573
734,1.642163,0.343709,-7.867001,1.228630,0.120704,-0.657421,0.520000,1.000000,1.000000,0.150000,0.700000,1.228630
735,1.643210,0.331409,-7.873576,1.232160,0.132332,-0.173778,0.500000,1.000000,1.000000,0.100000,0.700000,1.232160
736,1.644292,0.319063,-7.875313,1.232796,0.138076,0.302779,0.500000,1.000000,1.000000,0.100000,0.700000,1.232796
737,1.645409,0.306709,-7.872286,1.234115,0.138124,0.766823,0.480000,1.000000,1.000000,0.100000,0.700000,1.234115
738,1.646565,0.294344,-7.864617,1.236100,0.132762,1.212479,0.480000,1.000000,0.980000,0.100000,0.650000,1.236100
739,1.647761,0.281970,-7.852493,1.239144,0.122454,1.638517,0.480000,1.000000,0.940000,0.050000,0.600000,1.239144
740,1.649004,0.269580,-7.836107,1.239611,0.107475,2.035348,0.500000,1.000000,0.900000,0.050000,0.500000,1.239611
741,1.650300,0.257205,-7.815754,1.241377,0.088079,2.385896,0.540000,1.000000,0.860000,0.000000,0.450000,1.241377
742,1.651654,0.244834,-7.791895,1.240113,0.064896,2.684707,0.540000,1.000000,0.800000,0.000000,0.300000,1.240113
743,1.653071,0.232497,-7.765048,1.240213,0.037140,2.861855,0.540000,1.000000,0.760000,0.000000,0.250000,1.240213
744,1.654543,0.220177,-7.736429,1.240061,0.007449,2.967536,0.540000,1.000000,0.720000,0.000000,0.150000,1.240061
745,1.656071,0.207871,-7.706754,1.239812,-0.024698,2.946419,0.620000,1.000000,0.580000,0.000000,-0.100000,1.239812
746,1.657646,0.195571,-7.677290,1.238526,-0.062325,2.611219,0.620000,1.000000,0.560000,0.000000,-0.150000,1.238526
747,1.659209,0.183269,-7.651178,1.236087,-0.095440,2.236932,0.600000,1.000000,0.540000,0.000000,-0.200000,1.236087
748,1.660764,0.170969,-7.628808,1.232851,-0.123730,1.829939,0.720000,1.000000,0.440000,0.000000,-0.350000,1.232851
749,1.662311,0.158675,-7.610509,1.228049,-0.148451,1.331902,0.860000,1.000000,0.420000,0.050000,-0.400000,1.228049
750,1.663830,0.146399,-7.597190,1.226613,-0.166904,0.821943,1.000000,1.000000,0.420000,0.150000,-0.400000,1.226613
751,1.665331,0.134112,-7.588970,1.232928,-0.178709,0.325081,1.000000,1.000000,0.400000,0.100000,-0.400000,1.232928
752,1.666836,0.121745,-7.585720,1.236653,-0.184249,-0.154763,1.000000,1.000000,0.400000,0.100000,-0.450000,1.236653
753,1.668337,0.109332,-7.587267,1.240718,-0.184396,-0.639314,1.000000,1.000000,0.400000,0.100000,-0.450000,1.240718
754,1.669829,0.096877,-7.593660,1.245742,-0.178700,-1.102919,1.000000,1.000000,0.480000,0.100000,-0.300000,1.245742
755,1.671308,0.084380,-7.604690,1.253440,-0.165062,-1.435001,1.000000,1.000000,0.480000,0.100000,-0.300000,1.253440
756,1.672801,0.071826,-7.619040,1.261503,-0.147834,-1.744246,1.000000,1.000000,0.480000,0.100000,-0.300000,1.261503
757,1.674300,0.059213,-7.636482,1.269720,-0.127430,-2.028825,0.760000,1.000000,0.560000,0.000000,-0.150000,1.269720
758,1.675796,0.046540,-7.656770,1.272148,-0.100198,-2.112625,0.680000,1.000000,0.580000,0.000000,-0.100000,1.272148
759,1.677306,0.033869,-7.677897,1.274207,-0.071697,-2.117826,0.600000,1.000000,0.600000,0.000000,-0.100000,1.274207
760,1.678832,0.021198,-7.699075,1.275600,-0.044537,-2.114791,0.540000,1.000000,0.620000,0.000000,-0.050000,1.275600
761,1.680360,0.008526,-7.720223,1.276453,-0.017224,-2.038597,0.500000,1.000000,0.640000,0.000000,0.000000,1.276453
762,1.681891,-0.004147,-7.740609,1.276666,0.009298,-1.895757,0.460000,1.000000,0.680000,0.000000,0.100000,1.276666
763,1.683428,-0.016821,-7.759566,1.275957,0.035539,-1.636269,0.460000,1.000000,0.700000,0.000000,0.100000,1.275957
764,1.684985,-0.029491,-7.775929,1.274912,0.057326,-1.385127,0.440000,1.000000,0.720000,0.000000,0.150000,1.274912
765,1.686551,-0.042156,-7.789780,1.273387,0.076259,-1.088864,0.440000,1.000000,0.740000,0.000000,0.200000,1.273387
766,1.688128,-0.054815,-7.800669,1.271494,0.091824,-0.754674,0.420000,1.000000,0.740000,0.000000,0.200000,1.271494
767,1.689723,-0.067463,-7.808216,1.269833,0.102545,-0.435277,0.420000,1.000000,0.760000,0.000000,0.250000,1.269833
768,1.691328,-0.080101,-7.812568,1.268018,0.109923,-0.084184,0.400000,1.000000,0.760000,0.000000,0.250000,1.268018
769,1.692952,-0.092725,-7.813410,1.266634,0.112628,0.249379,0.400000,1.000000,0.760000,0.000000,0.250000,1.266634
770,1.694591,-0.105335,-7.810916,1.265681,0.111072,0.564135,0.400000,1.000000,0.740000,0.000000,0.200000,1.265681
771,1.696245,-0.117932,-7.805275,1.265579,0.104444,0.806350,0.400000,1.000000,0.740000,0.000000,0.200000,1.265579
772,1.697905,-0.130522,-7.797212,1.265694,0.095101,1.030710,0.420000,1.000000,0.720000,0.000000,0.150000,1.265694
773,1.699572,-0.143105,-7.786904,1.266300,0.081996,1.176800,0.440000,1.000000,0.700000,0.000000,0.100000,1.266300
774,1.701239,-0.155684,-7.775136,1.267102,0.066201,1.244421,0.460000,1.000000,0.680000,0.000000,0.100000,1.267102
775,1.702897,-0.168264,-7.762692,1.267728,0.050355,1.303026,0.480000,1.000000,0.660000,0.000000,0.050000,1.267728
776,1.704554,-0.180843,-7.749662,1.268277,0.033036,1.286996,0.520000,1.000000,0.640000,0.000000,0.000000,1.268277
777,1.706203,-0.193422,-7.736792,1.268565,0.015269,1.201912,0.560000,1.000000,0.620000,0.000000,-0.050000,1.268565
778,1.707838,-0.206003,-7.724773,1.268477,-0.002013,1.054821,0.580000,0.980000,0.600000,0.000000,-0.100000,1.268477
779,1.709453,-0.218584,-7.714225,1.267959,-0.017987,0.853544,1.000000,0.960000,0.600000,0.100000,-0.100000,1.267959
780,1.711041,-0.231165,-7.705689,1.274355,-0.030697,0.659935,1.000000,0.960000,0.580000,0.100000,-0.100000,1.274355
781,1.712620,-0.243814,-7.699090,1.280740,-0.040436,0.475708,1.000000,0.940000,0.560000,0.100000,-0.150000,1.280740
782,1.714197,-0.256531,-7.694333,1.286844,-0.048780,0.244058,1.000000,0.940000,0.560000,0.100000,-0.150000,1.286844
783,1.715761,-0.269313,-7.691892,1.293065,-0.053860,0.024753,1.000000,0.920000,0.560000,0.100000,-0.150000,1.293065
784,1.717316,-0.282161,-7.691645,1.299426,-0.055950,-0.181652,1.000000,0.920000,0.560000,0.100000,-0.150000,1.299426
785,1.718864,-0.295075,-7.693461,1.305924,-0.055324,-0.374922,1.000000,0.900000,0.560000,0.100000,-0.150000,1.305924
786,1.720405,-0.308055,-7.697210,1.312542,-0.052249,-0.555004,1.000000,0.900000,0.560000,0.100000,-0.150000,1.312542
787,1.721938,-0.321101,-7.702761,1.319246,-0.046984,-0.721957,1.000000,0.880000,0.560000,0.100000,-0.150000,1.319246
788,1.723461,-0.334214,-7.709980,1.325996,-0.039777,-0.875910,1.000000,0.880000,0.560000,0.100000,-0.150000,1.325996
789,1.724970,-0.347393,-7.718739,1.332744,-0.030863,-1.017060,1.000000,0.860000,0.560000,0.100000,-0.150000,1.332744
790,1.726462,-0.360641,-7.728910,1.339440,-0.020463,-1.145679,1.000000,0.840000,0.540000,0.100000,-0.200000,1.339440
791,1.727929,-0.373956,-7.740367,1.345620,-0.010006,-1.314241,1.000000,0.880000,0.520000,0.100000,-0.250000,1.345620
792,1.729356,-0.387337,-7.753509,1.351185,0.001303,-1.509657,1.000000,0.900000,0.500000,0.100000,-0.300000,1.351185
793,1.730724,-0.400779,-7.768606,1.356040,0.014054,-1.719477,1.000000,0.900000,0.520000,0.100000,-0.250000,1.356040
794,1.732020,-0.414278,-7.785800,1.361185,0.029913,-1.878124,1.000000,0.880000,0.540000,0.100000,-0.200000,1.361185
795,1.733246,-0.427838,-7.804582,1.366464,0.048301,-1.980349,1.000000,0.900000,0.560000,0.100000,-0.150000,1.366464
796,1.734403,-0.441462,-7.824385,1.371731,0.068561,-2.022982,1.000000,0.900000,0.580000,0.100000,-0.100000,1.371731
797,1.735494,-0.455153,-7.844615,1.376865,0.089977,-2.004849,1.000000,0.920000,0.600000,0.100000,-0.100000,1.376865
798,1.736523,-0.468913,-7.864663,1.381538,0.110422,-1.985327,1.000000,0.920000,0.580000,0.100000,-0.100000,1.381538
799,1.737480,-0.482739,-7.884517,1.385783,0.129945,-1.965009,0.520000,0.900000,0.580000,-0.250000,-0.100000,1.385783
800,1.738355,-0.496630,-7.904167,1.365130,0.148601,-1.944357,0.500000,0.980000,0.580000,0.000000,-0.100000,1.365130
801,1.739155,-0.510339,-7.923610,1.361612,0.165878,-1.921998,0.380000,0.960000,0.620000,0.000000,-0.050000,1.361612
802,1.739862,-0.524038,-7.942830,1.358075,0.183401,-1.849358,0.360000,0.960000,0.660000,0.000000,0.050000,1.358075
803,1.740484,-0.537727,-7.961324,1.354595,0.202061,-1.662423,0.360000,0.940000,0.640000,0.000000,0.000000,1.354595
804,1.741042,-0.551412,-7.977948,1.351079,0.215990,-1.550566,0.340000,0.980000,0.620000,0.000000,-0.050000,1.351079
805,1.741514,-0.565086,-7.993454,1.347329,0.226662,-1.498150,0.340000,0.960000,0.620000,0.000000,-0.050000,1.347329
806,1.741886,-0.578744,-8.008435,1.343523,0.236245,-1.448664,0.320000,0.960000,0.660000,0.000000,0.050000,1.343523
807,1.742153,-0.592382,-8.022922,1.340087,0.247298,-1.296028,0.320000,1.000000,0.660000,0.000000,0.050000,1.340087
808,1.742338,-0.606008,-8.035882,1.336886,0.255855,-1.153483,0.400000,0.980000,0.660000,0.000000,0.050000,1.336886
809,1.742436,-0.619619,-8.047417,1.333952,0.262154,-1.019618,0.300000,0.980000,0.640000,0.000000,0.000000,1.333952
810,1.742444,-0.633214,-8.057613,1.331127,0.265167,-0.945896,0.380000,0.960000,0.620000,0.000000,-0.050000,1.331127
811,1.742349,-0.646787,-8.067072,1.328170,0.266047,-0.918988,0.380000,0.960000,0.640000,0.000000,0.000000,1.328170
812,1.742141,-0.660330,-8.076262,1.325574,0.267516,-0.849765,0.360000,0.940000,0.680000,0.000000,0.100000,1.325574
813,1.741828,-0.673850,-8.084760,1.323397,0.270558,-0.673251,0.360000,0.940000,0.680000,0.000000,0.100000,1.323397
814,1.741434,-0.687352,-8.091492,1.321689,0.271092,-0.505589,0.360000,0.920000,0.660000,0.000000,0.050000,1.321689
815,1.740960,-0.700836,-8.096548,1.320374,0.267990,-0.402927,0.360000,0.920000,0.660000,0.000000,0.050000,1.320374
816,1.740390,-0.714296,-8.100577,1.319350,0.263594,-0.303841,0.360000,0.900000,0.640000,0.000000,0.000000,1.319350
817,1.739725,-0.727734,-8.103616,1.318400,0.256835,-0.257861,0.360000,0.900000,0.640000,0.000000,0.000000,1.318400
818,1.738957,-0.741144,-8.106194,1.317589,0.249648,-0.213211,0.340000,0.880000,0.620000,0.000000,-0.050000,1.317589
819,1.738086,-0.754526,-8.108326,1.316606,0.241078,-0.212469,0.420000,0.880000,0.600000,0.000000,-0.100000,1.316606
820,1.737107,-0.767875,-8.110451,1.315269,0.231905,-0.247241,0.420000,0.860000,0.600000,0.000000,-0.100000,1.315269
821,1.736014,-0.781186,-8.112924,1.313881,0.223406,-0.282446,0.480000,0.860000,0.580000,0.000000,-0.100000,1.313881
822,1.734809,-0.794459,-8.115748,1.312448,0.215576,-0.317948,0.480000,0.840000,0.600000,0.000000,-0.100000,1.312448
823,1.733495,-0.807694,-8.118928,1.310970,0.208406,-0.353603,0.480000,0.840000,0.600000,0.000000,-0.100000,1.310970
824,1.732073,-0.820892,-8.122464,1.309452,0.201885,-0.389263,0.460000,0.820000,0.600000,0.000000,-0.100000,1.309452
825,1.730546,-0.834053,-8.126356,1.307894,0.195997,-0.424779,1.000000,0.820000,0.580000,0.100000,-0.100000,1.307894
826,1.728915,-0.847177,-8.130604,1.313299,0.190727,-0.460003,1.000000,0.800000,0.580000,0.100000,-0.100000,1.313299
827,1.727163,-0.860332,-8.135204,1.318667,0.186116,-0.495121,1.000000,0.840000,0.560000,0.100000,-0.150000,1.318667
828,1.725292,-0.873517,-8.140155,1.323576,0.181363,-0.563573,1.000000,0.780000,0.560000,0.100000,-0.150000,1.323576
829,1.723295,-0.886726,-8.145791,1.328396,0.177676,-0.631130,1.000000,0.820000,0.540000,0.100000,-0.200000,1.328396
830,1.721175,-0.899960,-8.152102,1.332658,0.174392,-0.724333,1.000000,0.800000,0.540000,0.100000,-0.200000,1.332658
831,1.718928,-0.913211,-8.159346,1.336790,0.172451,-0.815672,1.000000,0.800000,0.560000,0.100000,-0.150000,1.336790
832,1.716554,-0.926479,-8.167502,1.341254,0.172457,-0.876537,1.000000,0.780000,0.540000,0.100000,-0.200000,1.341254
833,1.714058,-0.939769,-8.176268,1.345149,0.172658,-0.963485,1.000000,0.780000,0.540000,0.100000,-0.200000,1.345149
834,1.711435,-0.953075,-8.185903,1.348897,0.174048,-1.047338,1.000000,0.760000,0.520000,0.100000,-0.250000,1.348897
835,1.708685,-0.966395,-8.196376,1.351989,0.176066,-1.148980,1.000000,0.760000,0.520000,0.100000,-0.250000,1.351989
836,1.705804,-0.979721,-8.207866,1.354883,0.179422,-1.246446,1.000000,0.760000,0.500000,0.100000,-0.300000,1.354883
837,1.702792,-0.993052,-8.220330,1.357047,0.183690,-1.354187,1.000000,0.740000,0.580000,0.100000,-0.100000,1.357047
838,1.699646,-1.006380,-8.233872,1.360849,0.191713,-1.354749,1.000000,0.740000,0.560000,0.100000,-0.150000,1.360849
839,1.696380,-1.019729,-8.247420,1.364115,0.198727,-1.391135,1.000000,0.720000,0.560000,0.100000,-0.150000,1.364115
840,1.692986,-1.033090,-8.261331,1.367203,0.206111,-1.425032,1.000000,0.720000,0.540000,0.100000,-0.200000,1.367203
841,1.689462,-1.046460,-8.275581,1.369639,0.213198,-1.483409,1.000000,0.720000,0.540000,0.100000,-0.200000,1.369639
842,1.685802,-1.059829,-8.290415,1.371841,0.220963,-1.538245,1.000000,0.700000,0.520000,0.100000,-0.250000,1.371841
843,1.682006,-1.073196,-8.305798,1.373297,0.228910,-1.608363,1.000000,0.740000,0.520000,0.100000,-0.250000,1.373297
844,1.678070,-1.086550,-8.321881,1.374461,0.237684,-1.674249,1.000000,0.740000,0.500000,0.100000,-0.300000,1.374461
845,1.673992,-1.099890,-8.338624,1.374806,0.246938,-1.747958,1.000000,0.740000,0.540000,0.100000,-0.200000,1.374806
846,1.669772,-1.113205,-8.356103,1.375810,0.257722,-1.788182,1.000000,0.720000,0.520000,0.100000,-0.250000,1.375810
847,1.665409,-1.126505,-8.373985,1.376009,0.268493,-1.842127,1.000000,0.720000,0.520000,0.100000,-0.250000,1.376009
848,1.660902,-1.139781,-8.392407,1.375858,0.279835,-1.892430,1.000000,0.720000,0.540000,0.100000,-0.200000,1.375858
849,1.656249,-1.153028,-8.411331,1.375838,0.292046,-1.924052,1.000000,0.720000,0.540000,0.100000,-0.200000,1.375838
850,1.651451,-1.166248,-8.430571,1.375480,0.304497,-1.953468,1.000000,0.720000,0.540000,0.100000,-0.200000,1.375480
851,1.646505,-1.179439,-8.450106,1.374776,0.317159,-1.980893,1.000000,0.700000,0.520000,0.100000,-0.250000,1.374776
852,1.641411,-1.192597,-8.469915,1.373227,0.329697,-2.019570,1.000000,0.700000,0.520000,0.100000,-0.250000,1.373227
853,1.636168,-1.205710,-8.490111,1.371288,0.342577,-2.055725,1.000000,0.700000,0.500000,0.100000,-0.300000,1.371288
854,1.630777,-1.218776,-8.510668,1.368448,0.355593,-2.096693,1.000000,0.700000,0.540000,0.100000,-0.200000,1.368448
855,1.625239,-1.231785,-8.531635,1.366180,0.369386,-2.117276,1.000000,0.700000,0.540000,0.100000,-0.200000,1.366180
856,1.619552,-1.244744,-8.552808,1.363531,0.383252,-2.136785,1.000000,0.700000,0.520000,0.100000,-0.250000,1.363531
857,1.613714,-1.257649,-8.574175,1.360006,0.396947,-2.165005,1.000000,0.740000,0.520000,0.100000,-0.250000,1.360006
858,1.607728,-1.270490,-8.595825,1.356063,0.410820,-2.191660,1.000000,0.740000,0.520000,0.100000,-0.250000,1.356063
859,1.601594,-1.283263,-8.617742,1.351699,0.424843,-2.216911,1.000000,0.740000,0.500000,0.100000,-0.300000,1.351699
860,1.595314,-1.295964,-8.639911,1.346410,0.438897,-2.244969,1.000000,0.760000,0.500000,0.100000,-0.300000,1.346410
861,1.588890,-1.308584,-8.662361,1.340675,0.453106,-2.271406,1.000000,0.760000,0.500000,0.100000,-0.300000,1.340675
862,1.582324,-1.321121,-8.685075,1.334492,0.467441,-2.296377,1.000000,0.760000,0.480000,0.100000,-0.300000,1.334492
863,1.575618,-1.333569,-8.708039,1.327856,0.481874,-2.320027,1.000000,0.760000,0.520000,0.100000,-0.250000,1.327856
864,1.568772,-1.345925,-8.731239,1.321261,0.496432,-2.340211,1.000000,0.760000,0.520000,0.100000,-0.250000,1.321261
865,1.561785,-1.358189,-8.754641,1.314219,0.511010,-2.359777,1.000000,0.780000,0.520000,0.100000,-0.250000,1.314219
866,1.554659,-1.370356,-8.778239,1.306726,0.525590,-2.378825,1.000000,0.780000,0.520000,0.100000,-0.250000,1.306726
867,1.547395,-1.382424,-8.802027,1.298781,0.540158,-2.397444,1.000000,0.780000,0.520000,0.100000,-0.250000,1.298781
868,1.539996,-1.394387,-8.826002,1.290381,0.554700,-2.415719,1.000000,0.800000,0.500000,0.100000,-0.300000,1.290381
869,1.532464,-1.406242,-8.850159,1.281030,0.569191,-2.434122,1.000000,0.820000,0.500000,0.100000,-0.300000,1.281030
870,1.524804,-1.417982,-8.874500,1.271217,0.583629,-2.451984,1.000000,0.820000,0.500000,0.100000,-0.300000,1.271217
871,1.517021,-1.429604,-8.899020,1.260943,0.597994,-2.469385,1.000000,0.840000,0.500000,0.100000,-0.300000,1.260943
872,1.509115,-1.441105,-8.923714,1.250207,0.612271,-2.486401,1.000000,0.860000,0.500000,0.100000,-0.300000,1.250207
873,1.501091,-1.452480,-8.948578,1.239009,0.626442,-2.503100,1.000000,0.880000,0.500000,0.100000,-0.300000,1.239009
874,1.492951,-1.463728,-8.973609,1.227349,0.640493,-2.519544,1.000000,0.900000,0.500000,0.150000,-0.300000,1.227349
875,1.484699,-1.474843,-8.998804,1.218727,0.654406,-2.535791,1.000000,0.920000,0.560000,0.150000,-0.150000,1.218727
876,1.476304,-1.485838,-9.024162,1.211114,0.668304,-2.550109,1.000000,0.960000,0.560000,0.150000,-0.150000,1.211114
877,1.467759,-1.496715,-9.049663,1.203049,0.682126,-2.565187,1.000000,1.000000,0.560000,0.150000,-0.150000,1.203049
878,1.459064,-1.507470,-9.075315,1.194525,0.695872,-2.581016,1.000000,1.000000,0.560000,0.150000,-0.150000,1.194525
879,1.450223,-1.518098,-9.101125,1.185534,0.709538,-2.597589,1.000000,1.000000,0.560000,0.150000,-0.150000,1.185534
880,1.441240,-1.528595,-9.127101,1.176070,0.723122,-2.614897,1.000000,1.000000,0.560000,0.150000,-0.150000,1.176070
881,1.432117,-1.538958,-9.153250,1.166125,0.736619,-2.632932,0.920000,1.000000,0.580000,0.100000,-0.100000,1.166125
882,1.422859,-1.549182,-9.179579,1.152678,0.750104,-2.648313,0.780000,1.000000,0.580000,0.100000,-0.100000,1.152678
883,1.413498,-1.559257,-9.206062,1.138759,0.763359,-2.664844,0.680000,1.000000,0.600000,0.100000,-0.100000,1.138759
884,1.404038,-1.569179,-9.232711,1.124362,0.776385,-2.682490,0.620000,1.000000,0.600000,0.100000,-0.100000,1.124362
885,1.394483,-1.578947,-9.259536,1.109480,0.789179,-2.701219,0.580000,1.000000,0.620000,0.100000,-0.050000,1.109480
886,1.384837,-1.588556,-9.286548,1.094587,0.801839,-2.716718,0.540000,1.000000,0.620000,0.100000,-0.050000,1.094587
887,1.375101,-1.598006,-9.313715,1.079230,0.814218,-2.733609,0.520000,1.000000,0.640000,0.100000,0.000000,1.079230
888,1.365278,-1.607294,-9.341051,1.063873,0.826455,-2.745902,0.480000,1.000000,0.660000,0.150000,0.050000,1.063873
889,1.355367,-1.616420,-9.368510,1.052042,0.838541,-2.751797,0.480000,1.000000,0.680000,0.150000,0.100000,1.052042
890,1.345335,-1.625383,-9.396028,1.040274,0.850555,-2.749087,0.460000,1.000000,0.720000,0.150000,0.150000,1.040274
891,1.335181,-1.634184,-9.423519,1.028620,0.862461,-2.735622,0.440000,1.000000,0.740000,0.150000,0.200000,1.028620
892,1.324906,-1.642822,-9.450875,1.017146,0.874206,-2.709090,0.440000,1.000000,0.780000,0.150000,0.250000,1.017146
893,1.314510,-1.651296,-9.477966,1.005936,0.885725,-2.667012,0.420000,1.000000,0.820000,0.150000,0.350000,1.005936
894,1.303994,-1.659606,-9.504636,0.995289,0.897574,-2.579552,0.420000,1.000000,0.880000,0.150000,0.450000,0.995289
895,1.293356,-1.667759,-9.530432,0.985248,0.909700,-2.430717,0.400000,1.000000,0.940000,0.150000,0.600000,0.985248
896,1.282600,-1.675766,-9.554739,0.975327,0.923089,-2.153950,0.400000,1.000000,1.000000,0.200000,0.700000,0.975327
897,1.271732,-1.683655,-9.576279,0.969822,0.935585,-1.789503,0.400000,1.000000,1.000000,0.200000,0.700000,0.969822
898,1.260733,-1.691440,-9.594174,0.967774,0.944054,-1.441056,0.400000,1.000000,1.000000,0.200000,0.700000,0.967774
899,1.249602,-1.699114,-9.608584,0.969087,0.948848,-1.103939,0.400000,1.000000,1.000000,0.200000,0.700000,0.969087
900,1.238340,-1.706671,-9.619624,0.973671,0.950227,-0.774029,0.400000,1.000000,1.000000,0.200000,0.700000,0.973671
901,1.226948,-1.714109,-9.627364,0.981442,0.948365,-0.447647,0.420000,1.000000,1.000000,0.200000,0.700000,0.981442
902,1.215426,-1.721424,-9.631840,0.992324,0.943358,-0.121446,0.420000,1.000000,1.000000,0.200000,0.700000,0.992324
903,1.203776,-1.728616,-9.633055,1.006244,0.935237,0.207685,0.440000,1.000000,1.000000,0.200000,0.700000,1.006244
904,1.191997,-1.735685,-9.630978,1.023129,0.923967,0.542696,0.440000,1.000000,1.000000,0.200000,0.700000,1.023129
905,1.180091,-1.742634,-9.625551,1.042906,0.909451,0.886436,0.460000,1.000000,1.000000,0.150000,0.700000,1.042906
906,1.168057,-1.749466,-9.616687,1.061992,0.891532,1.241665,0.480000,1.000000,1.000000,0.150000,0.700000,1.061992
907,1.155932,-1.756192,-9.604270,1.083823,0.869990,1.609444,0.500000,1.000000,0.920000,0.150000,0.550000,1.083823
908,1.143715,-1.762818,-9.588176,1.110497,0.840930,1.836009,0.520000,1.000000,0.820000,0.100000,0.350000,1.110497
909,1.131390,-1.769308,-9.569815,1.135396,0.805630,1.919137,0.540000,1.000000,0.720000,0.100000,0.150000,1.135396
910,1.118990,-1.775639,-9.550624,1.159077,0.767194,1.924725,0.580000,1.000000,0.640000,0.100000,0.000000,1.159077
911,1.106528,-1.781796,-9.531377,1.180729,0.727698,1.902867,0.620000,1.000000,0.580000,0.100000,-0.100000,1.180729
912,1.094014,-1.787775,-9.512348,1.200502,0.687971,1.872485,0.640000,1.000000,0.520000,0.100000,-0.250000,1.200502
913,1.081453,-1.793578,-9.493623,1.217843,0.648356,1.840702,0.680000,1.000000,0.460000,0.100000,-0.300000,1.217843
914,1.068858,-1.799209,-9.475216,1.233756,0.609003,1.809260,0.720000,1.000000,0.420000,0.050000,-0.350000,1.233756
915,1.056229,-1.804669,-9.457124,1.244778,0.569990,1.778277,0.780000,1.000000,0.380000,0.050000,-0.400000,1.244778
916,1.043603,-1.809964,-9.439341,1.254450,0.531451,1.747873,0.820000,1.000000,0.360000,0.050000,-0.400000,1.254450
917,1.030983,-1.815095,-9.421862,1.263285,0.493304,1.711161,0.880000,1.000000,0.320000,0.000000,-0.400000,1.263285
918,1.018364,-1.820065,-9.404751,1.267783,0.455683,1.666823,0.920000,1.000000,0.300000,0.050000,-0.400000,1.267783
919,1.005780,-1.824874,-9.388082,1.274950,0.418794,1.613659,0.980000,1.000000,0.280000,0.100000,-0.400000,1.274950
920,0.993193,-1.829527,-9.371946,1.284794,0.382760,1.549833,1.000000,1.000000,0.260000,0.100000,-0.400000,1.284794
921,0.980565,-1.834028,-9.356447,1.293831,0.347735,1.473365,1.000000,1.000000,0.240000,0.100000,-0.450000,1.293831
922,0.967894,-1.838381,-9.341714,1.301601,0.314063,1.387329,1.000000,1.000000,0.220000,0.100000,-0.450000,1.301601
923,0.955184,-1.842590,-9.327840,1.308625,0.281815,1.285056,1.000000,0.900000,0.200000,0.100000,-0.450000,1.308625
924,0.942432,-1.846662,-9.314990,1.314935,0.251257,1.165454,1.000000,0.760000,0.200000,0.100000,-0.450000,1.314935
925,0.929637,-1.850600,-9.303335,1.320577,0.222660,1.028009,1.000000,0.660000,0.180000,0.100000,-0.450000,1.320577
926,0.916798,-1.854410,-9.293055,1.325607,0.196284,0.872918,1.000000,0.600000,0.180000,0.100000,-0.500000,1.325607
927,0.903915,-1.858097,-9.284326,1.329606,0.172464,0.705123,1.000000,0.540000,0.160000,0.100000,-0.500000,1.329606
928,0.890991,-1.861666,-9.277275,1.333134,0.151252,0.521739,1.000000,0.500000,0.160000,0.100000,-0.500000,1.333134
929,0.878027,-1.865121,-9.272057,1.336261,0.132827,0.325055,1.000000,0.460000,0.160000,0.100000,-0.550000,1.336261
930,0.865022,-1.868467,-9.268807,1.338577,0.117433,0.122594,1.000000,0.420000,0.140000,0.100000,-0.550000,1.338577
931,0.851981,-1.871706,-9.267581,1.340627,0.104973,-0.087771,1.000000,0.420000,0.140000,0.100000,-0.600000,1.340627
932,0.838904,-1.874842,-9.268459,1.341992,0.095638,-0.296533,1.000000,0.400000,0.140000,0.100000,-0.600000,1.341992
933,0.825797,-1.877876,-9.271424,1.343180,0.089185,-0.507099,1.000000,0.380000,0.120000,0.100000,-0.600000,1.343180
934,0.812659,-1.880809,-9.276495,1.344213,0.085574,-0.716389,1.000000,0.380000,0.120000,0.100000,-0.650000,1.344213
935,0.799491,-1.883641,-9.283659,1.344639,0.084909,-0.913731,1.000000,0.380000,0.120000,0.100000,-0.650000,1.344639
936,0.786297,-1.886373,-9.292796,1.344909,0.086780,-1.104497,1.000000,0.400000,0.120000,0.100000,-0.700000,1.344909
937,0.773079,-1.889003,-9.303841,1.344562,0.091272,-1.276898,1.000000,0.420000,0.120000,0.100000,-0.700000,1.344562
938,0.759842,-1.891532,-9.316610,1.344009,0.097863,-1.438790,1.000000,0.440000,0.120000,0.100000,-0.700000,1.344009
939,0.746586,-1.893955,-9.330998,1.343212,0.106376,-1.588836,1.000000,0.480000,0.120000,0.100000,-0.750000,1.343212
940,0.733313,-1.896272,-9.346886,1.341715,0.116888,-1.714755,1.000000,0.560000,0.120000,0.100000,-0.750000,1.341715
941,0.720027,-1.898482,-9.364034,1.339899,0.128781,-1.827323,1.000000,0.680000,0.120000,0.100000,-0.750000,1.339899
942,0.706731,-1.900581,-9.382307,1.337729,0.141863,-1.926421,1.000000,0.940000,0.120000,0.100000,-0.750000,1.337729
943,0.693426,-1.902566,-9.401571,1.335174,0.155945,-2.012212,1.000000,1.000000,0.120000,0.100000,-0.750000,1.335174
944,0.680114,-1.904435,-9.421694,1.332206,0.170842,-2.085091,1.000000,1.000000,0.120000,0.100000,-0.950000,1.332206
945,0.666797,-1.906184,-9.442544,1.327394,0.187766,-2.086424,1.000000,1.000000,0.120000,0.100000,-0.950000,1.327394
946,0.653492,-1.907826,-9.463409,1.322222,0.204361,-2.076075,0.980000,1.000000,0.120000,0.100000,-0.950000,1.322222
947,0.640201,-1.909357,-9.484169,1.316722,0.220490,-2.055246,0.940000,1.000000,0.120000,0.050000,-0.950000,1.316722
948,0.626926,-1.910777,-9.504722,1.307431,0.236033,-2.025073,0.900000,1.000000,0.120000,0.000000,-0.750000,1.307431
949,0.613705,-1.912085,-9.524973,1.295784,0.249396,-2.046562,0.860000,1.000000,0.140000,0.000000,-0.750000,1.295784
950,0.600563,-1.913271,-9.545438,1.283808,0.262624,-2.060060,0.820000,1.000000,0.140000,0.000000,-0.950000,1.283808
951,0.587502,-1.914332,-9.566039,1.270136,0.277038,-2.005458,0.800000,1.000000,0.140000,0.000000,-0.750000,1.270136
952,0.574537,-1.915287,-9.586093,1.257701,0.288906,-2.005089,0.780000,1.000000,0.160000,0.000000,-0.750000,1.257701
953,0.561659,-1.916119,-9.606144,1.245026,0.300390,-1.998930,0.740000,1.000000,0.180000,0.000000,-0.750000,1.245026
954,0.548871,-1.916827,-9.626134,1.232136,0.311425,-1.987510,0.720000,1.000000,0.200000,0.000000,-0.750000,1.232136
955,0.536176,-1.917415,-9.646009,1.219060,0.321953,-1.971322,0.700000,1.000000,0.220000,0.050000,-0.700000,1.219060
956,0.523576,-1.917881,-9.665722,1.209718,0.331624,-1.963740,0.680000,1.000000,0.240000,0.050000,-0.700000,1.209718
957,0.511037,-1.918214,-9.685359,1.200208,0.340937,-1.952643,0.660000,1.000000,0.300000,0.050000,-0.600000,1.200208
958,0.498562,-1.918416,-9.704886,1.191390,0.349331,-1.960700,0.640000,1.000000,0.380000,0.050000,-0.500000,1.191390
959,0.486146,-1.918480,-9.724493,1.183281,0.357187,-1.982632,0.640000,1.000000,0.520000,0.050000,-0.250000,1.183281
960,0.473786,-1.918399,-9.744319,1.177379,0.364958,-2.007043,0.620000,1.000000,0.860000,0.050000,0.450000,1.177379
961,0.461462,-1.918165,-9.764390,1.171121,0.386256,-1.455419,0.600000,1.000000,1.000000,0.100000,0.700000,1.171121
962,0.449133,-1.917906,-9.778944,1.167011,0.402528,-0.834724,0.580000,1.000000,1.000000,0.100000,0.700000,1.167011
963,0.436791,-1.917634,-9.787291,1.165317,0.411328,-0.222448,0.580000,1.000000,1.000000,0.100000,0.700000,1.165317
964,0.424437,-1.917348,-9.789515,1.166199,0.412877,0.380671,0.580000,1.000000,1.000000,0.100000,0.700000,1.166199
965,0.412069,-1.917045,-9.785709,1.169662,0.407379,0.974073,0.580000,1.000000,1.000000,0.100000,0.700000,1.169662
966,0.399688,-1.916726,-9.775968,1.175578,0.395020,1.556911,0.580000,1.000000,1.000000,0.100000,0.700000,1.175578
967,0.387290,-1.916390,-9.760399,1.183687,0.375976,2.127468,0.600000,1.000000,1.000000,0.100000,0.700000,1.183687
968,0.374876,-1.916042,-9.739124,1.193613,0.350439,2.682417,0.620000,1.000000,0.800000,0.050000,0.300000,1.193613
969,0.362441,-1.915684,-9.712300,1.206796,0.311389,2.905087,0.640000,1.000000,0.460000,0.050000,-0.250000,1.206796
970,0.349985,-1.915248,-9.683249,1.216939,0.262368,2.768566,0.660000,1.000000,0.320000,0.050000,-0.300000,1.216939
971,0.337550,-1.914674,-9.655563,1.224846,0.215613,2.597155,0.680000,1.000000,0.240000,0.050000,-0.300000,1.224846
972,0.325133,-1.913971,-9.629592,1.231137,0.171772,2.390410,0.720000,1.000000,0.220000,0.000000,-0.350000,1.231137
973,0.312729,-1.913149,-9.605688,1.231989,0.131298,2.145064,0.740000,1.000000,0.180000,0.000000,-0.350000,1.231989
974,0.300374,-1.912224,-9.584237,1.231612,0.094825,1.866545,0.760000,1.000000,0.180000,0.000000,-0.400000,1.231612
975,0.288064,-1.911204,-9.565572,1.229744,0.062620,1.556405,0.800000,1.000000,0.160000,0.050000,-0.400000,1.229744
976,0.275800,-1.910099,-9.550008,1.230649,0.035030,1.223616,0.820000,1.000000,0.160000,0.050000,-0.450000,1.230649
977,0.263546,-1.908909,-9.537772,1.230559,0.012068,0.871981,0.840000,1.000000,0.160000,0.050000,-0.500000,1.230559
978,0.251306,-1.907642,-9.529052,1.229694,-0.006145,0.509488,0.840000,1.000000,0.140000,0.050000,-0.550000,1.229694
979,0.239082,-1.906301,-9.523957,1.228239,-0.019592,0.144025,0.860000,1.000000,0.160000,0.050000,-0.550000,1.228239
980,0.226879,-1.904889,-9.522517,1.226832,-0.028432,-0.220285,0.860000,1.000000,0.160000,0.050000,-0.600000,1.226832
981,0.214697,-1.903409,-9.524719,1.225055,-0.032758,-0.574770,0.840000,1.000000,0.160000,0.050000,-0.650000,1.225055
982,0.202540,-1.901861,-9.530467,1.222949,-0.032785,-0.912295,0.840000,1.000000,0.160000,0.050000,-0.650000,1.222949
983,0.190414,-1.900245,-9.539590,1.220970,-0.028985,-1.233832,0.820000,1.000000,0.180000,0.050000,-0.700000,1.220970
984,0.178318,-1.898558,-9.551928,1.218598,-0.021494,-1.527683,0.800000,1.000000,0.200000,0.050000,-0.700000,1.218598
985,0.166257,-1.896800,-9.567205,1.216199,-0.010930,-1.798062,0.760000,1.000000,0.220000,0.050000,-0.700000,1.216199
986,0.154234,-1.894965,-9.585186,1.213665,0.002344,-2.042437,0.740000,1.000000,0.240000,0.050000,-0.700000,1.213665
987,0.142249,-1.893050,-9.605610,1.210879,0.017953,-2.259269,0.720000,1.000000,0.280000,0.050000,-0.700000,1.210879
988,0.130306,-1.891049,-9.628203,1.207723,0.035526,-2.448053,0.680000,1.000000,0.340000,0.050000,-0.600000,1.207723
989,0.118406,-1.888957,-9.652683,1.205020,0.054382,-2.623087,0.660000,1.000000,0.420000,0.050000,-0.450000,1.205020
990,0.106544,-1.886764,-9.678914,1.203283,0.074704,-2.771543,0.620000,1.000000,0.540000,0.050000,-0.200000,1.203283
991,0.094710,-1.884462,-9.706630,1.203531,0.098657,-2.791335,0.600000,1.000000,0.800000,0.050000,0.300000,1.203531
992,0.082875,-1.882062,-9.734543,1.202110,0.134223,-2.283193,0.580000,1.000000,1.000000,0.100000,0.700000,1.202110
993,0.071017,-1.879676,-9.757375,1.199826,0.163950,-1.732440,0.560000,1.000000,1.000000,0.100000,0.700000,1.199826
994,0.059141,-1.877308,-9.774699,1.197840,0.186743,-1.176252,0.540000,1.000000,1.000000,0.100000,0.700000,1.197840
995,0.047248,-1.874956,-9.786462,1.196571,0.202680,-0.620239,0.540000,0.980000,1.000000,0.100000,0.700000,1.196571
996,0.035340,-1.872618,-9.792664,1.196311,0.211900,-0.069299,0.520000,0.960000,1.000000,0.100000,0.700000,1.196311
997,0.023415,-1.870292,-9.793357,1.197220,0.214595,0.471913,0.520000,0.940000,1.000000,0.100000,0.700000,1.197220
998,0.011474,-1.867981,-9.788638,1.199335,0.211006,0.998558,0.520000,0.940000,1.000000,0.100000,0.700000,1.199335
999,-0.000485,-1.865684,-9.778653,1.202574,0.201434,1.505232,0.520000,0.960000,1.000000,0.100000,0.700000,1.202574
