step,x,y,mu,vx,vy,omega,lidar_l,lidar_c,lidar_r,throttle,steering,reward
0,-1.592555,-0.491876,-0.836335,0.000000,0.000000,0.000000,0.420000,0.240000,0.200000,0.100000,-1.000000,0.000000
1,-1.592555,-0.491876,-0.836335,0.007000,0.000000,0.000000,0.420000,0.240000,0.200000,0.100000,-1.000000,0.007000
2,-1.592508,-0.491928,-0.836335,0.014000,0.000000,0.000000,0.420000,0.240000,0.200000,0.100000,-1.000000,0.014000
3,-1.592414,-0.492031,-0.836335,0.012635,-0.005371,-0.229722,0.420000,0.240000,0.200000,0.100000,-1.000000,0.012635
4,-1.592370,-0.492161,-0.838632,0.014456,-0.013642,-0.130547,0.420000,0.240000,0.200000,0.100000,-1.000000,0.014456
5,-1.592374,-0.492360,-0.839937,0.018464,-0.007716,-0.594771,0.420000,0.240000,0.200000,0.100000,-1.000000,0.018464
6,-1.592309,-0.492549,-0.845885,0.023814,-0.016534,-0.259800,0.420000,0.240000,0.200000,0.100000,-1.000000,0.023814
7,-1.592274,-0.492837,-0.848483,0.026136,-0.012580,-0.726427,0.440000,0.240000,0.180000,0.100000,-1.000000,0.026136
8,-1.592196,-0.493116,-0.855747,0.030956,-0.021285,-0.426882,0.440000,0.240000,0.180000,0.100000,-1.000000,0.030956
9,-1.592154,-0.493489,-0.860016,0.033981,-0.017852,-0.826197,0.440000,0.240000,0.180000,0.100000,-1.000000,0.033981
10,-1.592067,-0.493863,-0.868278,0.038344,-0.025797,-0.589363,0.460000,0.240000,0.180000,0.100000,-1.000000,0.038344
11,-1.592017,-0.494323,-0.874172,0.041704,-0.023224,-0.926226,0.460000,0.240000,0.180000,0.100000,-1.000000,0.041704
12,-1.591927,-0.494792,-0.883434,0.045867,-0.029787,-0.767228,0.480000,0.260000,0.180000,0.100000,-1.000000,0.045867
13,-1.591866,-0.495335,-0.891106,0.049446,-0.028652,-1.019612,0.480000,0.260000,0.180000,0.100000,-1.000000,0.049446
14,-1.591778,-0.495900,-0.901302,0.053473,-0.033471,-0.952181,0.500000,0.260000,0.200000,0.100000,-1.000000,0.053473
15,-1.591709,-0.496527,-0.910824,0.057212,-0.033962,-1.113680,0.520000,0.260000,0.200000,0.100000,-1.000000,0.057212
16,-1.591626,-0.497187,-0.921961,0.061152,-0.037174,-1.128214,0.520000,0.260000,0.200000,0.100000,-1.000000,0.061152
17,-1.591553,-0.497899,-0.933243,0.064996,-0.038811,-1.224822,0.540000,0.260000,0.200000,0.100000,-1.000000,0.064996
18,-1.591478,-0.498652,-0.945491,0.068903,-0.041150,-1.281770,0.580000,0.280000,0.200000,0.100000,-1.000000,0.068903
19,-1.591408,-0.499452,-0.958309,0.072800,-0.043167,-1.353740,0.600000,0.280000,0.200000,0.100000,-1.000000,0.072800
20,-1.591343,-0.500296,-0.971846,0.076713,-0.045245,-1.420158,0.620000,0.280000,0.200000,0.100000,-1.000000,0.076713
21,-1.591284,-0.501184,-0.986048,0.080636,-0.047265,-1.487219,0.660000,0.280000,0.200000,0.100000,-1.000000,0.080636
22,-1.591233,-0.502117,-1.000920,0.084568,-0.049253,-1.553404,0.700000,0.300000,0.200000,0.100000,-1.000000,0.084568
23,-1.591192,-0.503095,-1.016454,0.088510,-0.051204,-1.618947,1.000000,0.300000,0.200000,0.100000,-1.000000,0.088510
24,-1.591161,-0.504117,-1.032644,0.092462,-0.053116,-1.683782,1.000000,0.300000,0.200000,0.100000,-1.000000,0.092462
25,-1.591143,-0.505184,-1.049482,0.096422,-0.054987,-1.747878,1.000000,0.320000,0.200000,0.100000,-1.000000,0.096422
26,-1.591140,-0.506294,-1.066960,0.100391,-0.056815,-1.811200,1.000000,0.320000,0.220000,0.100000,-1.000000,0.100391
27,-1.591153,-0.507447,-1.085072,0.104368,-0.058600,-1.873714,1.000000,0.340000,0.220000,0.100000,-1.000000,0.104368
28,-1.591184,-0.508644,-1.103809,0.108353,-0.060338,-1.935386,1.000000,0.340000,0.220000,0.100000,-1.000000,0.108353
29,-1.591235,-0.509883,-1.123163,0.112344,-0.062029,-1.996181,1.000000,0.360000,0.220000,0.100000,-1.000000,0.112344
30,-1.591308,-0.511164,-1.143125,0.116341,-0.063671,-2.056065,1.000000,0.380000,0.220000,0.100000,-1.000000,0.116341
31,-1.591405,-0.512487,-1.163686,0.120343,-0.065262,-2.115003,1.000000,0.400000,0.240000,0.100000,-1.000000,0.120343
32,-1.591527,-0.513850,-1.184836,0.124349,-0.066802,-2.172961,1.000000,0.420000,0.240000,0.100000,-1.000000,0.124349
33,-1.591678,-0.515254,-1.206565,0.128358,-0.068287,-2.229905,1.000000,0.440000,0.240000,0.100000,-1.000000,0.128358
34,-1.591859,-0.516696,-1.228864,0.132369,-0.069718,-2.285802,1.000000,0.460000,0.260000,0.100000,-1.000000,0.132369
35,-1.592072,-0.518177,-1.251722,0.136380,-0.071092,-2.340617,1.000000,0.500000,0.260000,0.100000,-1.000000,0.136380
36,-1.592319,-0.519695,-1.275129,0.140391,-0.072408,-2.394318,1.000000,0.540000,0.260000,0.100000,-1.000000,0.140391
37,-1.592603,-0.521249,-1.299072,0.144399,-0.073665,-2.446873,1.000000,0.580000,0.280000,0.100000,-1.000000,0.144399
38,-1.592925,-0.522838,-1.323541,0.148404,-0.074862,-2.498250,1.000000,0.640000,0.280000,0.100000,-1.000000,0.148404
39,-1.593287,-0.524460,-1.348523,0.152403,-0.075998,-2.548418,1.000000,1.000000,0.300000,0.100000,-1.000000,0.152403
40,-1.593693,-0.526114,-1.374007,0.156395,-0.077072,-2.597348,0.960000,1.000000,0.300000,0.100000,-1.000000,0.156395
41,-1.594143,-0.527798,-1.399981,0.160378,-0.078082,-2.645011,0.940000,1.000000,0.320000,0.100000,-1.000000,0.160378
42,-1.594640,-0.529512,-1.426431,0.164351,-0.079028,-2.691379,0.880000,1.000000,0.340000,0.100000,-1.000000,0.164351
43,-1.595185,-0.531252,-1.453345,0.168311,-0.079910,-2.736426,0.880000,1.000000,0.360000,0.100000,-1.000000,0.168311
44,-1.595782,-0.533017,-1.480709,0.172256,-0.080726,-2.780126,0.820000,1.000000,0.380000,0.100000,-1.000000,0.172256
45,-1.596431,-0.534805,-1.508510,0.176185,-0.081476,-2.822456,0.820000,1.000000,0.400000,0.100000,-1.000000,0.176185
46,-1.597134,-0.536614,-1.536735,0.180096,-0.082160,-2.863393,0.800000,1.000000,0.440000,0.100000,-1.000000,0.180096
47,-1.597894,-0.538442,-1.565369,0.183986,-0.082778,-2.902919,0.720000,1.000000,0.460000,0.100000,-1.000000,0.183986
48,-1.598712,-0.540286,-1.594398,0.187853,-0.083329,-2.941013,0.680000,1.000000,0.500000,0.100000,-1.000000,0.187853
49,-1.599589,-0.542145,-1.623808,0.191695,-0.083813,-2.977659,0.620000,1.000000,0.560000,0.100000,-1.000000,0.191695
50,-1.600528,-0.544015,-1.653585,0.195510,-0.084231,-3.012842,0.580000,1.000000,0.620000,0.100000,-1.000000,0.195510
51,-1.601529,-0.545893,-1.683713,0.199296,-0.084583,-3.046550,0.540000,1.000000,0.700000,0.100000,-1.000000,0.199296
52,-1.602594,-0.547778,-1.714178,0.203050,-0.084870,-3.078772,0.520000,0.940000,1.000000,0.100000,-1.000000,0.203050
53,-1.603724,-0.549667,-1.744966,0.206771,-0.085091,-3.109500,0.480000,0.920000,1.000000,0.100000,-1.000000,0.206771
54,-1.604920,-0.551556,-1.776061,0.210456,-0.085248,-3.138727,0.460000,0.860000,1.000000,0.100000,-1.000000,0.210456
55,-1.606184,-0.553442,-1.807448,0.214102,-0.085341,-3.166451,0.440000,0.840000,1.000000,0.100000,-1.000000,0.214102
56,-1.607515,-0.555324,-1.839113,0.217709,-0.085372,-3.192670,0.420000,0.800000,1.000000,0.100000,-1.000000,0.217709
57,-1.608916,-0.557196,-1.871040,0.221273,-0.085341,-3.217384,0.400000,0.800000,1.000000,0.100000,-1.000000,0.221273
58,-1.610385,-0.559058,-1.903213,0.224793,-0.085251,-3.240598,0.380000,0.720000,1.000000,0.100000,-1.000000,0.224793
59,-1.611925,-0.560904,-1.935619,0.228266,-0.085102,-3.262318,0.300000,0.660000,1.000000,0.100000,-1.000000,0.228266
60,-1.613534,-0.562733,-1.968243,0.231691,-0.084896,-3.282553,0.280000,0.600000,1.000000,0.100000,-1.000000,0.231691
61,-1.615214,-0.564541,-2.001068,0.235066,-0.084634,-3.301313,0.280000,0.560000,1.000000,0.100000,-1.000000,0.235066
62,-1.616964,-0.566324,-2.034081,0.238389,-0.084319,-3.318612,0.260000,0.520000,0.940000,0.100000,-1.000000,0.238389
63,-1.618783,-0.568080,-2.067267,0.241658,-0.083953,-3.334466,0.260000,0.480000,0.920000,0.100000,-1.000000,0.241658
64,-1.620672,-0.569805,-2.100612,0.244872,-0.083537,-3.348894,0.240000,0.460000,0.840000,0.100000,-1.000000,0.244872
65,-1.622631,-0.571496,-2.134101,0.248029,-0.083073,-3.361916,0.240000,0.420000,0.860000,0.100000,-1.000000,0.248029
66,-1.624658,-0.573149,-2.167720,0.251128,-0.082564,-3.373556,0.240000,0.400000,0.780000,0.100000,-1.000000,0.251128
67,-1.626752,-0.574762,-2.201456,0.254167,-0.082013,-3.383839,0.220000,0.380000,0.780000,0.100000,-1.000000,0.254167
68,-1.628913,-0.576331,-2.235294,0.257146,-0.081421,-3.392792,0.220000,0.360000,0.700000,0.100000,-1.000000,0.257146
69,-1.631140,-0.577854,-2.269222,0.260062,-0.080791,-3.400445,0.220000,0.280000,0.640000,0.100000,-1.000000,0.260062
70,-1.633431,-0.579326,-2.303227,0.262916,-0.080126,-3.406830,0.200000,0.260000,0.580000,0.100000,-1.000000,0.262916
71,-1.635785,-0.580745,-2.337295,0.265706,-0.079427,-3.411980,0.200000,0.260000,0.540000,0.100000,-1.000000,0.265706
72,-1.638200,-0.582108,-2.371415,0.268432,-0.078699,-3.415930,0.200000,0.240000,0.480000,0.100000,-1.000000,0.268432
73,-1.640675,-0.583412,-2.405574,0.271092,-0.077943,-3.418717,0.200000,0.240000,0.460000,0.100000,-1.000000,0.271092
74,-1.643207,-0.584654,-2.439761,0.273687,-0.077161,-3.420380,0.180000,0.220000,0.420000,0.100000,-1.000000,0.273687
75,-1.645795,-0.585832,-2.473965,0.276217,-0.076358,-3.420958,0.180000,0.220000,0.400000,0.100000,-1.000000,0.276217
76,-1.648437,-0.586943,-2.508174,0.278680,-0.075534,-3.420492,0.180000,0.220000,0.380000,0.100000,-1.000000,0.278680
77,-1.651130,-0.587983,-2.542379,0.281077,-0.074694,-3.419025,0.180000,0.200000,0.360000,0.100000,-1.000000,0.281077
78,-1.653873,-0.588952,-2.576570,0.283408,-0.073838,-3.416600,0.180000,0.200000,0.260000,0.100000,-1.000000,0.283408
79,-1.656662,-0.589846,-2.610736,0.285673,-0.072971,-3.413261,0.160000,0.180000,0.260000,0.100000,-1.000000,0.285673
80,-1.659495,-0.590663,-2.644868,0.287873,-0.072094,-3.409053,0.160000,0.180000,0.240000,0.100000,-1.000000,0.287873
81,-1.662369,-0.591401,-2.678959,0.290007,-0.071210,-3.404020,0.160000,0.180000,0.220000,0.100000,-1.000000,0.290007
82,-1.665282,-0.592058,-2.712999,0.292076,-0.070321,-3.398210,0.160000,0.180000,0.220000,0.100000,-1.000000,0.292076
83,-1.668231,-0.592632,-2.746981,0.294082,-0.069430,-3.391668,0.160000,0.160000,0.200000,0.100000,-1.000000,0.294082
84,-1.671213,-0.593122,-2.780898,0.296023,-0.068538,-3.384440,0.160000,0.160000,0.200000,0.100000,-1.000000,0.296023
85,-1.674224,-0.593525,-2.814742,0.297902,-0.067648,-3.376573,0.160000,0.160000,0.200000,0.100000,-1.000000,0.297902
86,-1.677263,-0.593841,-2.848508,0.299719,-0.066762,-3.368113,0.140000,0.160000,0.180000,0.100000,-1.000000,0.299719
87,-1.680325,-0.594068,-2.882189,0.301476,-0.065881,-3.359106,0.140000,0.160000,0.180000,0.100000,-1.000000,0.301476
88,-1.683408,-0.594204,-2.915780,0.303172,-0.065008,-3.349597,0.140000,0.140000,0.160000,0.100000,-1.000000,0.303172
89,-1.686508,-0.594249,-2.949276,0.304810,-0.064144,-3.339633,0.140000,0.140000,0.160000,0.100000,-1.000000,0.304810
90,-1.689623,-0.594202,-2.982672,0.306390,-0.063290,-3.329256,0.140000,0.140000,0.160000,0.100000,-1.000000,0.306390
91,-1.692748,-0.594062,-3.015965,0.307914,-0.062449,-3.318511,0.140000,0.140000,0.160000,0.100000,-1.000000,0.307914
92,-1.695881,-0.593829,-3.049150,0.309383,-0.061621,-3.307441,0.140000,0.140000,0.140000,0.100000,-1.000000,0.309383
93,-1.699019,-0.593501,-3.082224,0.310798,-0.060808,-3.296088,0.140000,0.140000,0.140000,0.100000,-1.000000,0.310798
94,-1.702157,-0.593078,-3.115185,0.312160,-0.060011,-3.284493,0.140000,0.120000,0.140000,0.100000,-1.000000,0.312160
95,-1.705294,-0.592561,-3.148030,0.313472,-0.059230,-3.272694,0.140000,0.120000,0.140000,0.100000,-1.000000,0.313472
96,-1.708425,-0.591948,-3.180757,0.314734,-0.058468,-3.260732,0.140000,0.120000,0.120000,0.100000,-1.000000,0.314734
97,-1.711547,-0.591241,-3.213365,0.315948,-0.057723,-3.248642,0.140000,0.120000,0.120000,0.100000,-1.000000,0.315948
98,-1.714657,-0.590438,-3.245851,0.317115,-0.056998,-3.236461,0.140000,0.120000,0.120000,0.100000,-1.000000,0.317115
99,-1.717751,-0.589541,-3.278216,0.318237,-0.056292,-3.224222,0.120000,0.120000,0.120000,0.100000,-1.000000,0.318237
100,-1.720827,-0.588550,-3.310458,0.319315,-0.055607,-3.211959,0.120000,0.120000,0.120000,0.100000,-1.000000,0.319315
101,-1.723881,-0.587465,-3.342577,0.320351,-0.054941,-3.199702,0.120000,0.120000,0.120000,0.100000,-1.000000,0.320351
102,-1.726911,-0.586288,-3.374574,0.321345,-0.054297,-3.187481,0.120000,0.120000,0.100000,0.100000,-1.000000,0.321345
103,-1.729912,-0.585017,-3.406449,0.322301,-0.053673,-3.175324,0.120000,0.100000,0.100000,0.100000,-1.000000,0.322301
104,-1.732882,-0.583656,-3.438202,0.323218,-0.053070,-3.163256,0.120000,0.100000,0.100000,0.100000,-1.000000,0.323218
105,-1.735818,-0.582203,-3.469835,0.324099,-0.052488,-3.151302,0.120000,0.100000,0.100000,0.100000,-1.000000,0.324099
106,-1.738717,-0.580662,-3.501348,0.324944,-0.051926,-3.139484,0.120000,0.100000,0.100000,0.100000,-1.000000,0.324944
107,-1.741576,-0.579032,-3.532743,0.325756,-0.051386,-3.127823,0.120000,0.100000,0.100000,0.100000,-1.000000,0.325756
108,-1.744391,-0.577315,-3.564021,0.326535,-0.050865,-3.116339,0.120000,0.100000,0.100000,0.100000,-1.000000,0.326535
109,-1.747161,-0.575512,-3.595184,0.327283,-0.050365,-3.105048,0.120000,0.100000,0.100000,0.100000,-1.000000,0.327283
110,-1.749882,-0.573625,-3.626235,0.328001,-0.049884,-3.093966,0.120000,0.100000,0.100000,0.100000,-1.000000,0.328001
111,-1.752552,-0.571656,-3.657175,0.328690,-0.049423,-3.083107,0.140000,0.100000,0.080000,0.100000,-1.000000,0.328690
112,-1.755168,-0.569605,-3.688006,0.329352,-0.048980,-3.072483,0.140000,0.100000,0.080000,0.100000,-1.000000,0.329352
113,-1.757727,-0.567475,-3.718730,0.329987,-0.048557,-3.062105,0.140000,0.100000,0.080000,0.100000,-1.000000,0.329987
114,-1.760228,-0.565268,-3.749352,0.330598,-0.048151,-3.051982,0.140000,0.100000,0.080000,0.100000,-1.000000,0.330598
115,-1.762667,-0.562985,-3.779871,0.331184,-0.047762,-3.042122,0.140000,0.100000,0.080000,0.100000,-1.000000,0.331184
116,-1.765042,-0.560628,-3.810293,0.331747,-0.047391,-3.032530,0.140000,0.100000,0.080000,0.100000,-1.000000,0.331747
117,-1.767351,-0.558199,-3.840618,0.332289,-0.047036,-3.023212,0.140000,0.100000,0.080000,0.100000,-1.000000,0.332289
118,-1.769592,-0.555701,-3.870850,0.332809,-0.046696,-3.014171,0.140000,0.100000,0.080000,0.100000,-1.000000,0.332809
119,-1.771763,-0.553135,-3.900992,0.333309,-0.046372,-3.005410,0.160000,0.100000,0.080000,0.100000,-1.000000,0.333309
120,-1.773861,-0.550504,-3.931046,0.333791,-0.046063,-2.996928,0.160000,0.100000,0.080000,0.100000,-1.000000,0.333791
121,-1.775884,-0.547810,-3.961015,0.334254,-0.045767,-2.988728,0.160000,0.100000,0.080000,0.100000,-1.000000,0.334254
122,-1.777832,-0.545055,-3.990902,0.334700,-0.045485,-2.980806,0.160000,0.100000,0.080000,0.100000,-1.000000,0.334700
123,-1.779701,-0.542242,-4.020710,0.335129,-0.045216,-2.973162,0.180000,0.100000,0.080000,0.100000,-1.000000,0.335129
124,-1.781490,-0.539372,-4.050442,0.335543,-0.044960,-2.965792,0.180000,0.100000,0.080000,0.100000,-1.000000,0.335543
125,-1.783198,-0.536449,-4.080100,0.335941,-0.044715,-2.958694,0.200000,0.100000,0.080000,0.100000,-1.000000,0.335941
126,-1.784823,-0.533475,-4.109687,0.336325,-0.044481,-2.951862,0.220000,0.100000,0.080000,0.100000,-1.000000,0.336325
127,-1.786363,-0.530452,-4.139206,0.336696,-0.044258,-2.945292,0.240000,0.100000,0.080000,0.100000,-1.000000,0.336696
128,-1.787817,-0.527383,-4.168658,0.337054,-0.044045,-2.938978,0.260000,0.100000,0.080000,0.100000,-1.000000,0.337054
129,-1.789184,-0.524271,-4.198048,0.337399,-0.043842,-2.932914,0.280000,0.100000,0.080000,0.100000,-1.000000,0.337399
130,-1.790462,-0.521118,-4.227377,0.337732,-0.043647,-2.927095,0.260000,0.120000,0.080000,0.100000,-1.000000,0.337732
131,-1.791650,-0.517926,-4.256648,0.338054,-0.043462,-2.921512,0.260000,0.120000,0.080000,0.100000,-1.000000,0.338054
132,-1.792748,-0.514700,-4.285863,0.338365,-0.043284,-2.916160,0.260000,0.120000,0.080000,0.100000,-1.000000,0.338365
133,-1.793754,-0.511440,-4.315025,0.338666,-0.043115,-2.911031,0.260000,0.120000,0.080000,0.100000,-1.000000,0.338666
134,-1.794667,-0.508150,-4.344135,0.338958,-0.042953,-2.906118,0.260000,0.140000,0.080000,0.100000,-1.000000,0.338958
135,-1.795486,-0.504833,-4.373197,0.339240,-0.042797,-2.901413,0.460000,0.140000,0.080000,0.100000,-1.000000,0.339240
136,-1.796211,-0.501492,-4.402211,0.339513,-0.042648,-2.896908,0.460000,0.160000,0.080000,0.100000,-1.000000,0.339513
137,-1.796841,-0.498129,-4.431180,0.339777,-0.042505,-2.892596,0.440000,0.160000,0.080000,0.100000,-1.000000,0.339777
138,-1.797376,-0.494746,-4.460106,0.340033,-0.042369,-2.888470,1.000000,0.180000,0.080000,0.100000,-1.000000,0.340033
139,-1.797814,-0.491348,-4.488990,0.340282,-0.042237,-2.884521,1.000000,0.200000,0.080000,0.100000,-1.000000,0.340282
140,-1.798156,-0.487936,-4.517836,0.340523,-0.042111,-2.880742,1.000000,0.220000,0.100000,0.100000,-1.000000,0.340523
141,-1.798402,-0.484514,-4.546643,0.340757,-0.041989,-2.877126,1.000000,0.240000,0.100000,0.100000,-1.000000,0.340757
142,-1.798550,-0.481084,-4.575414,0.340984,-0.041873,-2.873666,1.000000,0.240000,0.100000,0.100000,-1.000000,0.340984
143,-1.798601,-0.477648,-4.604151,0.341204,-0.041760,-2.870354,1.000000,0.240000,0.100000,0.100000,-1.000000,0.341204
144,-1.798554,-0.474211,-4.632854,0.341418,-0.041652,-2.867183,1.000000,0.240000,0.100000,0.100000,-1.000000,0.341418
145,-1.798410,-0.470775,-4.661526,0.341626,-0.041547,-2.864147,1.000000,0.220000,0.120000,0.100000,-1.000000,0.341626
146,-1.798169,-0.467342,-4.690168,0.341828,-0.041446,-2.861240,1.000000,0.220000,0.120000,0.100000,-1.000000,0.341828
147,-1.797830,-0.463915,-4.718780,0.342025,-0.041349,-2.858454,1.000000,0.420000,0.140000,0.100000,-1.000000,0.342025
148,-1.797395,-0.460498,-4.747365,0.342216,-0.041255,-2.855785,1.000000,0.420000,0.140000,0.100000,-1.000000,0.342216
149,-1.796863,-0.457092,-4.775923,0.342402,-0.041163,-2.853225,1.000000,0.420000,0.160000,0.100000,-1.000000,0.342402
150,-1.796235,-0.453701,-4.804455,0.342584,-0.041075,-2.850769,1.000000,1.000000,0.180000,0.100000,-1.000000,0.342584
151,-1.795511,-0.450327,-4.832963,0.342760,-0.040990,-2.848412,0.980000,1.000000,0.200000,0.100000,-1.000000,0.342760
152,-1.794692,-0.446974,-4.861447,0.342931,-0.040907,-2.846150,0.920000,1.000000,0.220000,0.100000,-1.000000,0.342931
153,-1.793778,-0.443644,-4.889908,0.343099,-0.040826,-2.843975,0.880000,1.000000,0.200000,0.100000,-1.000000,0.343099
154,-1.792770,-0.440339,-4.918348,0.343261,-0.040748,-2.841885,0.840000,1.000000,0.200000,0.100000,-1.000000,0.343261
155,-1.791669,-0.437062,-4.946767,0.343420,-0.040672,-2.839875,0.800000,1.000000,0.200000,0.100000,-1.000000,0.343420
156,-1.790476,-0.433816,-4.975165,0.343575,-0.040599,-2.837940,0.760000,1.000000,0.200000,0.100000,-1.000000,0.343575
157,-1.789192,-0.430604,-5.003545,0.343725,-0.040527,-2.836077,0.740000,1.000000,0.200000,0.100000,-1.000000,0.343725
158,-1.787817,-0.427427,-5.031906,0.343872,-0.040457,-2.834281,0.700000,1.000000,0.340000,0.100000,-1.000000,0.343872
159,-1.786352,-0.424290,-5.060248,0.344015,-0.040390,-2.832550,0.680000,1.000000,0.380000,0.100000,-1.000000,0.344015
160,-1.784800,-0.421193,-5.088574,0.344155,-0.040323,-2.830879,0.660000,1.000000,0.380000,0.100000,-1.000000,0.344155
161,-1.783161,-0.418141,-5.116883,0.344291,-0.040259,-2.829265,0.640000,1.000000,0.380000,0.100000,-1.000000,0.344291
162,-1.781436,-0.415134,-5.145175,0.344424,-0.040196,-2.827707,0.560000,1.000000,1.000000,0.100000,-1.000000,0.344424
163,-1.779626,-0.412176,-5.173452,0.344553,-0.040135,-2.826199,0.540000,0.960000,1.000000,0.100000,-1.000000,0.344553
164,-1.777734,-0.409269,-5.201714,0.344680,-0.040076,-2.824741,0.520000,0.900000,1.000000,0.100000,-1.000000,0.344680
165,-1.775760,-0.406415,-5.229962,0.344803,-0.040018,-2.823330,0.500000,0.860000,1.000000,0.100000,-1.000000,0.344803
166,-1.773706,-0.403616,-5.258195,0.344923,-0.039961,-2.821963,0.500000,0.820000,1.000000,0.100000,-1.000000,0.344923
167,-1.771574,-0.400876,-5.286415,0.345041,-0.039906,-2.820638,0.480000,0.780000,1.000000,0.100000,-1.000000,0.345041
168,-1.769365,-0.398195,-5.314621,0.345155,-0.039852,-2.819353,0.480000,0.740000,1.000000,0.100000,-1.000000,0.345155
169,-1.767082,-0.395576,-5.342815,0.345267,-0.039799,-2.818106,0.460000,0.720000,1.000000,0.100000,-1.000000,0.345267
170,-1.764725,-0.393022,-5.370996,0.345376,-0.039747,-2.816896,0.440000,0.680000,1.000000,0.100000,-1.000000,0.345376
171,-1.762297,-0.390534,-5.399165,0.345482,-0.039697,-2.815721,0.440000,0.660000,1.000000,0.100000,-1.000000,0.345482
172,-1.759799,-0.388114,-5.427322,0.345586,-0.039648,-2.814578,0.440000,0.640000,1.000000,0.100000,-1.000000,0.345586
173,-1.757234,-0.385764,-5.455468,0.345688,-0.039600,-2.813468,0.420000,0.600000,1.000000,0.100000,-1.000000,0.345688
174,-1.754604,-0.383487,-5.483602,0.345787,-0.039553,-2.812388,0.420000,0.580000,1.000000,0.100000,-1.000000,0.345787
175,-1.751910,-0.381283,-5.511726,0.345883,-0.039507,-2.811337,0.400000,0.520000,0.940000,0.100000,-1.000000,0.345883
176,-1.749155,-0.379155,-5.539840,0.345978,-0.039463,-2.810314,0.400000,0.500000,0.880000,0.100000,-1.000000,0.345978
177,-1.746341,-0.377104,-5.567943,0.346070,-0.039419,-2.809318,0.400000,0.480000,0.820000,0.100000,-1.000000,0.346070
178,-1.743470,-0.375132,-5.596036,0.346160,-0.039377,-2.808348,0.380000,0.460000,0.780000,0.100000,-1.000000,0.346160
179,-1.740544,-0.373240,-5.624119,0.346248,-0.039335,-2.807402,0.380000,0.460000,0.740000,0.100000,-1.000000,0.346248
180,-1.737566,-0.371431,-5.652193,0.346333,-0.039294,-2.806481,0.340000,0.440000,0.720000,0.100000,-1.000000,0.346333
181,-1.734538,-0.369705,-5.680258,0.346417,-0.039254,-2.805583,0.320000,0.440000,0.680000,0.100000,-1.000000,0.346417
182,-1.731462,-0.368064,-5.708314,0.346499,-0.039216,-2.804707,0.320000,0.420000,0.640000,0.100000,-1.000000,0.346499
183,-1.728340,-0.366509,-5.736361,0.346578,-0.039178,-2.803853,0.320000,0.420000,0.620000,0.100000,-1.000000,0.346578
184,-1.725176,-0.365042,-5.764400,0.346656,-0.039141,-2.803020,0.320000,0.400000,0.600000,0.100000,-1.000000,0.346656
185,-1.721972,-0.363663,-5.792430,0.346732,-0.039104,-2.802207,0.320000,0.400000,0.580000,0.100000,-1.000000,0.346732
186,-1.718729,-0.362373,-5.820452,0.346806,-0.039069,-2.801414,0.300000,0.380000,0.500000,0.100000,-1.000000,0.346806
187,-1.715452,-0.361175,-5.848466,0.346879,-0.039034,-2.800640,0.300000,0.380000,0.480000,0.100000,-1.000000,0.346879
188,-1.712141,-0.360068,-5.876473,0.346950,-0.039001,-2.799885,0.300000,0.360000,0.460000,0.100000,-1.000000,0.346950
189,-1.708800,-0.359054,-5.904471,0.347019,-0.038968,-2.799147,0.300000,0.360000,0.440000,0.100000,-1.000000,0.347019
190,-1.705432,-0.358133,-5.932463,0.347086,-0.038935,-2.798427,0.300000,0.360000,0.440000,0.100000,-1.000000,0.347086
191,-1.702039,-0.357306,-5.960447,0.347152,-0.038904,-2.797724,0.300000,0.340000,0.420000,0.100000,-1.000000,0.347152
192,-1.698623,-0.356574,-5.988424,0.347216,-0.038873,-2.797038,0.280000,0.340000,0.400000,0.100000,-1.000000,0.347216
193,-1.695188,-0.355937,-6.016395,0.347279,-0.038843,-2.796367,0.280000,0.300000,0.400000,0.100000,-1.000000,0.347279
194,-1.691735,-0.355396,-6.044358,0.347340,-0.038814,-2.795713,0.280000,0.300000,0.380000,0.100000,-1.000000,0.347340
195,-1.688269,-0.354952,-6.072316,0.347400,-0.038785,-2.795074,0.280000,0.280000,0.380000,0.100000,-1.000000,0.347400
196,-1.684790,-0.354604,-6.100266,0.347459,-0.038757,-2.794450,0.280000,0.280000,0.360000,0.100000,-1.000000,0.347459
197,-1.681303,-0.354353,-6.128211,0.347516,-0.038730,-2.793840,0.280000,0.280000,0.360000,0.100000,-1.000000,0.347516
198,-1.677810,-0.354199,-6.156149,0.347572,-0.038704,-2.793245,0.280000,0.280000,0.360000,0.100000,-1.000000,0.347572
199,-1.674313,-0.354143,-6.184082,0.347626,-0.038678,-2.792664,0.280000,0.280000,0.340000,0.100000,-1.000000,0.347626
200,-1.670816,-0.354184,-6.212008,0.347679,-0.038652,-2.792096,0.280000,0.260000,0.340000,0.100000,-1.000000,0.347679
201,-1.667320,-0.354322,-6.239929,0.347731,-0.038627,-2.791541,0.280000,0.260000,0.320000,0.100000,-1.000000,0.347731
202,-1.663830,-0.354557,-6.267845,0.347782,-0.038603,-2.791000,0.280000,0.260000,0.320000,0.100000,-1.000000,0.347782
203,-1.660346,-0.354890,-6.295755,0.347831,-0.038579,-2.790471,0.280000,0.260000,0.320000,0.100000,-1.000000,0.347831
204,-1.656873,-0.355320,-6.323659,0.347880,-0.038556,-2.789955,0.280000,0.260000,0.260000,0.100000,-1.000000,0.347880
205,-1.653413,-0.355846,-6.351559,0.347927,-0.038534,-2.789450,0.280000,0.260000,0.260000,0.100000,-1.000000,0.347927
206,-1.649968,-0.356468,-6.379453,0.347973,-0.038512,-2.788958,0.280000,0.260000,0.260000,0.100000,-1.000000,0.347973
207,-1.646541,-0.357186,-6.407343,0.348018,-0.038490,-2.788477,0.280000,0.240000,0.260000,0.100000,-1.000000,0.348018
208,-1.643136,-0.357998,-6.435228,0.348062,-0.038469,-2.788007,0.280000,0.240000,0.240000,0.100000,-1.000000,0.348062
209,-1.639753,-0.358906,-6.463108,0.348105,-0.038449,-2.787548,0.280000,0.240000,0.240000,0.100000,-1.000000,0.348105
210,-1.636397,-0.359907,-6.490983,0.348147,-0.038429,-2.787100,0.280000,0.240000,0.240000,0.100000,-1.000000,0.348147
211,-1.633070,-0.361001,-6.518854,0.348188,-0.038409,-2.786663,0.280000,0.240000,0.240000,0.100000,-1.000000,0.348188
212,-1.629774,-0.362188,-6.546721,0.348228,-0.038390,-2.786236,0.280000,0.240000,0.240000,0.100000,-1.000000,0.348228
213,-1.626512,-0.363466,-6.574583,0.348267,-0.038372,-2.785819,0.280000,0.240000,0.240000,0.100000,-1.000000,0.348267
214,-1.623286,-0.364834,-6.602441,0.348305,-0.038353,-2.785411,0.280000,0.240000,0.220000,0.100000,-1.000000,0.348305
215,-1.620100,-0.366291,-6.630296,0.348342,-0.038336,-2.785014,0.300000,0.240000,0.220000,0.100000,-1.000000,0.348342
216,-1.616955,-0.367837,-6.658146,0.348378,-0.038318,-2.784625,0.300000,0.240000,0.220000,0.100000,-1.000000,0.348378
217,-1.613853,-0.369469,-6.685992,0.348414,-0.038301,-2.784246,0.280000,0.240000,0.220000,0.100000,-1.000000,0.348414
218,-1.610798,-0.371187,-6.713834,0.348449,-0.038285,-2.783876,0.280000,0.240000,0.220000,0.100000,-1.000000,0.348449
219,-1.607791,-0.372990,-6.741673,0.348483,-0.038269,-2.783515,0.260000,0.240000,0.220000,0.100000,-1.000000,0.348483
220,-1.604836,-0.374875,-6.769508,0.348516,-0.038253,-2.783162,0.260000,0.240000,0.220000,0.100000,-1.000000,0.348516
221,-1.601934,-0.376842,-6.797340,0.348548,-0.038238,-2.782817,0.260000,0.240000,0.220000,0.100000,-1.000000,0.348548
222,-1.599087,-0.378889,-6.825168,0.348580,-0.038223,-2.782480,0.260000,0.240000,0.220000,0.100000,-1.000000,0.348580
223,-1.596298,-0.381015,-6.852993,0.348611,-0.038208,-2.782152,0.260000,0.240000,0.220000,0.100000,-1.000000,0.348611
224,-1.593569,-0.383217,-6.880814,0.348641,-0.038194,-2.781831,0.280000,0.240000,0.220000,0.100000,-1.000000,0.348641
225,-1.590901,-0.385495,-6.908633,0.348670,-0.038180,-2.781518,0.280000,0.240000,0.220000,0.100000,-1.000000,0.348670
226,-1.588298,-0.387846,-6.936448,0.348699,-0.038166,-2.781212,0.280000,0.260000,0.200000,0.100000,-1.000000,0.348699
227,-1.585761,-0.390268,-6.964260,0.348727,-0.038153,-2.780913,0.300000,0.260000,0.200000,0.100000,-1.000000,0.348727
228,-1.583292,-0.392760,-6.992069,0.348754,-0.038140,-2.780622,0.300000,0.260000,0.200000,0.100000,-1.000000,0.348754
229,-1.580893,-0.395320,-7.019875,0.348781,-0.038127,-2.780337,0.320000,0.260000,0.200000,0.100000,-1.000000,0.348781
230,-1.578566,-0.397946,-7.047679,0.348808,-0.038115,-2.780059,0.340000,0.240000,0.200000,0.100000,-1.000000,0.348808
231,-1.576312,-0.400635,-7.075479,0.348833,-0.038102,-2.779788,0.340000,0.240000,0.220000,0.100000,-1.000000,0.348833
232,-1.574134,-0.403386,-7.103277,0.348858,-0.038091,-2.779523,0.360000,0.220000,0.220000,0.100000,-1.000000,0.348858
233,-1.572033,-0.406197,-7.131073,0.348883,-0.038079,-2.779264,0.380000,0.220000,0.220000,0.100000,-1.000000,0.348883
234,-1.570010,-0.409065,-7.158865,0.348906,-0.038068,-2.779011,0.420000,0.220000,0.220000,0.100000,-1.000000,0.348906
235,-1.568068,-0.411988,-7.186655,0.348930,-0.038057,-2.778764,0.440000,0.220000,0.220000,0.100000,-1.000000,0.348930
236,-1.566207,-0.414965,-7.214443,0.348952,-0.038046,-2.778523,0.480000,0.240000,0.220000,0.100000,-1.000000,0.348952
237,-1.564430,-0.417992,-7.242228,0.348975,-0.038035,-2.778288,0.520000,0.240000,0.220000,0.100000,-1.000000,0.348975
238,-1.562737,-0.421067,-7.270011,0.348996,-0.038025,-2.778058,0.560000,0.240000,0.220000,0.100000,-1.000000,0.348996
239,-1.561130,-0.424188,-7.297792,0.349018,-0.038015,-2.777834,0.640000,0.260000,0.220000,0.100000,-1.000000,0.349018
240,-1.559610,-0.427353,-7.325570,0.349038,-0.038005,-2.777614,0.720000,0.260000,0.220000,0.100000,-1.000000,0.349038
241,-1.558179,-0.430559,-7.353346,0.349059,-0.037996,-2.777400,1.000000,0.280000,0.220000,0.100000,-1.000000,0.349059
242,-1.556837,-0.433804,-7.381120,0.349079,-0.037986,-2.777191,1.000000,0.280000,0.200000,0.100000,-1.000000,0.349079
243,-1.555585,-0.437084,-7.408892,0.349098,-0.037977,-2.776987,1.000000,0.300000,0.200000,0.100000,-1.000000,0.349098
244,-1.554425,-0.440399,-7.436662,0.349117,-0.037968,-2.776788,1.000000,0.320000,0.180000,0.100000,-1.000000,0.349117
245,-1.553357,-0.443744,-7.464430,0.349135,-0.037959,-2.776593,1.000000,0.340000,0.200000,0.100000,-1.000000,0.349135
246,-1.552382,-0.447118,-7.492196,0.349153,-0.037951,-2.776403,1.000000,0.360000,0.200000,0.100000,-1.000000,0.349153
247,-1.551501,-0.450518,-7.519960,0.349171,-0.037943,-2.776217,1.000000,0.380000,0.200000,0.100000,-1.000000,0.349171
248,-1.550715,-0.453941,-7.547722,0.349188,-0.037934,-2.776036,1.000000,0.400000,0.200000,0.100000,-1.000000,0.349188
249,-1.550024,-0.457385,-7.575482,0.349205,-0.037926,-2.775859,1.000000,0.440000,0.220000,0.100000,-1.000000,0.349205
250,-1.549429,-0.460846,-7.603241,0.349222,-0.037919,-2.775686,1.000000,0.500000,0.220000,0.100000,-1.000000,0.349222
251,-1.548929,-0.464324,-7.630998,0.349238,-0.037911,-2.775517,1.000000,0.540000,0.240000,0.100000,-1.000000,0.349238
252,-1.548527,-0.467813,-7.658753,0.349253,-0.037904,-2.775352,1.000000,0.620000,0.240000,0.100000,-1.000000,0.349253
253,-1.548221,-0.471313,-7.686506,0.349269,-0.037896,-2.775190,1.000000,0.720000,0.260000,0.100000,-1.000000,0.349269
254,-1.548013,-0.474820,-7.714258,0.349284,-0.037889,-2.775033,0.980000,1.000000,0.260000,0.100000,-1.000000,0.349284
255,-1.547901,-0.478332,-7.742009,0.349298,-0.037882,-2.774879,0.940000,1.000000,0.280000,0.100000,-1.000000,0.349298
256,-1.547888,-0.481845,-7.769757,0.349313,-0.037876,-2.774729,0.940000,1.000000,0.300000,0.100000,-1.000000,0.349313
257,-1.547971,-0.485358,-7.797505,0.349327,-0.037869,-2.774582,0.860000,1.000000,0.320000,0.100000,-1.000000,0.349327
258,-1.548152,-0.488867,-7.825250,0.349340,-0.037863,-2.774438,0.860000,1.000000,0.340000,0.100000,-1.000000,0.349340
259,-1.548430,-0.492370,-7.852995,0.349354,-0.037856,-2.774298,0.840000,1.000000,0.360000,0.100000,-1.000000,0.349354
260,-1.548805,-0.495863,-7.880738,0.349367,-0.037850,-2.774162,0.780000,1.000000,0.380000,0.100000,-1.000000,0.349367
261,-1.549277,-0.499346,-7.908479,0.349380,-0.037844,-2.774028,0.720000,1.000000,0.420000,0.100000,-1.000000,0.349380
262,-1.549845,-0.502814,-7.936220,0.349392,-0.037838,-2.773897,0.680000,1.000000,0.460000,0.100000,-1.000000,0.349392
263,-1.550509,-0.506265,-7.963959,0.349404,-0.037833,-2.773770,0.640000,1.000000,0.520000,0.100000,-1.000000,0.349404
264,-1.551269,-0.509696,-7.991696,0.349416,-0.037827,-2.773645,0.600000,1.000000,0.580000,0.100000,-1.000000,0.349416
265,-1.552123,-0.513105,-8.019433,0.349428,-0.037821,-2.773523,0.580000,0.980000,0.680000,0.100000,-1.000000,0.349428
266,-1.553072,-0.516490,-8.047168,0.349439,-0.037816,-2.773404,0.540000,0.980000,1.000000,0.100000,-1.000000,0.349439
267,-1.554114,-0.519846,-8.074902,0.349450,-0.037811,-2.773288,0.520000,0.900000,1.000000,0.100000,-1.000000,0.349450
268,-1.555248,-0.523173,-8.102635,0.349461,-0.037806,-2.773174,0.500000,0.900000,1.000000,0.100000,-1.000000,0.349461
269,-1.556475,-0.526467,-8.130367,0.349472,-0.037801,-2.773063,0.480000,0.880000,1.000000,0.100000,-1.000000,0.349472
270,-1.557792,-0.529726,-8.158097,0.349482,-0.037796,-2.772955,0.460000,0.820000,1.000000,0.100000,-1.000000,0.349482
271,-1.559199,-0.532947,-8.185827,0.349492,-0.037791,-2.772849,0.440000,0.820000,1.000000,0.100000,-1.000000,0.349492
272,-1.560695,-0.536129,-8.213555,0.349502,-0.037786,-2.772745,0.420000,0.780000,1.000000,0.100000,-1.000000,0.349502
273,-1.562279,-0.539267,-8.241283,0.349512,-0.037782,-2.772644,0.420000,0.720000,1.000000,0.100000,-1.000000,0.349512
274,-1.563949,-0.542361,-8.269009,0.349521,-0.037777,-2.772546,0.340000,0.680000,1.000000,0.100000,-1.000000,0.349521
275,-1.565704,-0.545407,-8.296735,0.349530,-0.037773,-2.772449,0.320000,0.640000,1.000000,0.100000,-1.000000,0.349530
276,-1.567542,-0.548403,-8.324459,0.349539,-0.037769,-2.772355,0.320000,0.600000,1.000000,0.100000,-1.000000,0.349539
277,-1.569464,-0.551348,-8.352183,0.349548,-0.037765,-2.772263,0.300000,0.560000,0.980000,0.100000,-1.000000,0.349548
278,-1.571466,-0.554238,-8.379905,0.349557,-0.037761,-2.772172,0.300000,0.540000,0.940000,0.100000,-1.000000,0.349557
279,-1.573547,-0.557071,-8.407627,0.349565,-0.037757,-2.772085,0.300000,0.500000,0.900000,0.100000,-1.000000,0.349565
280,-1.575706,-0.559846,-8.435348,0.349574,-0.037753,-2.771999,0.280000,0.480000,0.860000,0.100000,-1.000000,0.349574
281,-1.577941,-0.562560,-8.463068,0.349582,-0.037749,-2.771915,0.280000,0.460000,0.860000,0.100000,-1.000000,0.349582
282,-1.580251,-0.565212,-8.490787,0.349589,-0.037745,-2.771832,0.260000,0.440000,0.780000,0.100000,-1.000000,0.349589
283,-1.582633,-0.567798,-8.518505,0.349597,-0.037742,-2.771752,0.260000,0.420000,0.800000,0.100000,-1.000000,0.349597
284,-1.585086,-0.570317,-8.546223,0.349605,-0.037738,-2.771674,0.260000,0.400000,0.760000,0.100000,-1.000000,0.349605
285,-1.587608,-0.572768,-8.573940,0.349612,-0.037735,-2.771597,0.240000,0.380000,0.700000,0.100000,-1.000000,0.349612
286,-1.590197,-0.575147,-8.601656,0.349619,-0.037731,-2.771522,0.240000,0.380000,0.640000,0.100000,-1.000000,0.349619
287,-1.592851,-0.577454,-8.629371,0.349626,-0.037728,-2.771449,0.240000,0.300000,0.600000,0.100000,-1.000000,0.349626
288,-1.595568,-0.579687,-8.657085,0.349633,-0.037725,-2.771378,0.240000,0.300000,0.560000,0.100000,-1.000000,0.349633
289,-1.598345,-0.581844,-8.684799,0.349640,-0.037722,-2.771308,0.220000,0.280000,0.540000,0.100000,-1.000000,0.349640
290,-1.601182,-0.583923,-8.712512,0.349646,-0.037719,-2.771240,0.220000,0.280000,0.500000,0.100000,-1.000000,0.349646
291,-1.604075,-0.585922,-8.740225,0.349653,-0.037716,-2.771173,0.220000,0.260000,0.480000,0.100000,-1.000000,0.349653
292,-1.607022,-0.587841,-8.767936,0.349659,-0.037713,-2.771108,0.220000,0.260000,0.440000,0.100000,-1.000000,0.349659
293,-1.610021,-0.589678,-8.795647,0.349665,-0.037710,-2.771044,0.200000,0.240000,0.420000,0.100000,-1.000000,0.349665
294,-1.613070,-0.591430,-8.823358,0.349671,-0.037707,-2.770982,0.200000,0.240000,0.400000,0.100000,-1.000000,0.349671
295,-1.616167,-0.593098,-8.851068,0.349677,-0.037704,-2.770921,0.200000,0.240000,0.380000,0.100000,-1.000000,0.349677
296,-1.619308,-0.594679,-8.878777,0.349683,-0.037701,-2.770862,0.200000,0.220000,0.360000,0.100000,-1.000000,0.349683
297,-1.622493,-0.596173,-8.906486,0.349688,-0.037699,-2.770804,0.200000,0.220000,0.360000,0.100000,-1.000000,0.349688
298,-1.625717,-0.597578,-8.934194,0.349694,-0.037696,-2.770747,0.200000,0.220000,0.340000,0.100000,-1.000000,0.349694
299,-1.628979,-0.598893,-8.961901,0.349699,-0.037694,-2.770692,0.180000,0.200000,0.260000,0.100000,-1.000000,0.349699
300,-1.632276,-0.600117,-8.989608,0.349704,-0.037691,-2.770637,0.180000,0.200000,0.260000,0.100000,-1.000000,0.349704
301,-1.635606,-0.601249,-9.017314,0.349709,-0.037689,-2.770585,0.180000,0.200000,0.240000,0.100000,-1.000000,0.349709
302,-1.638967,-0.602289,-9.045020,0.349714,-0.037687,-2.770533,0.180000,0.200000,0.240000,0.100000,-1.000000,0.349714
303,-1.642354,-0.603235,-9.072726,0.349719,-0.037684,-2.770482,0.180000,0.180000,0.220000,0.100000,-1.000000,0.349719
304,-1.645767,-0.604088,-9.100430,0.349724,-0.037682,-2.770433,0.180000,0.180000,0.220000,0.100000,-1.000000,0.349724
305,-1.649202,-0.604845,-9.128135,0.349728,-0.037680,-2.770385,0.180000,0.180000,0.220000,0.100000,-1.000000,0.349728
306,-1.652657,-0.605507,-9.155839,0.349733,-0.037678,-2.770337,0.160000,0.180000,0.200000,0.100000,-1.000000,0.349733
307,-1.656128,-0.606073,-9.183542,0.349737,-0.037676,-2.770291,0.160000,0.160000,0.200000,0.100000,-1.000000,0.349737
308,-1.659614,-0.606543,-9.211245,0.349742,-0.037674,-2.770246,0.160000,0.160000,0.200000,0.100000,-1.000000,0.349742
309,-1.663112,-0.606916,-9.238947,0.349746,-0.037672,-2.770202,0.160000,0.160000,0.180000,0.100000,-1.000000,0.349746
310,-1.666619,-0.607192,-9.266649,0.349750,-0.037670,-2.770159,0.160000,0.160000,0.180000,0.100000,-1.000000,0.349750
311,-1.670132,-0.607370,-9.294351,0.349754,-0.037668,-2.770117,0.160000,0.160000,0.180000,0.100000,-1.000000,0.349754
312,-1.673649,-0.607452,-9.322052,0.349758,-0.037666,-2.770076,0.160000,0.160000,0.160000,0.100000,-1.000000,0.349758
313,-1.677167,-0.607436,-9.349753,0.349762,-0.037664,-2.770036,0.160000,0.140000,0.160000,0.100000,-1.000000,0.349762
314,-1.680683,-0.607322,-9.377453,0.349766,-0.037662,-2.769997,0.160000,0.140000,0.160000,0.100000,-1.000000,0.349766
315,-1.684194,-0.607112,-9.405153,0.349769,-0.037661,-2.769958,0.160000,0.140000,0.160000,0.100000,-1.000000,0.349769
316,-1.687699,-0.606804,-9.432853,0.349773,-0.037659,-2.769921,0.140000,0.140000,0.140000,0.100000,-1.000000,0.349773
317,-1.691193,-0.606399,-9.460552,0.349776,-0.037657,-2.769884,0.140000,0.140000,0.140000,0.100000,-1.000000,0.349776
318,-1.694675,-0.605897,-9.488251,0.349780,-0.037656,-2.769848,0.140000,0.140000,0.140000,0.100000,-1.000000,0.349780
319,-1.698142,-0.605300,-9.515949,0.349783,-0.037654,-2.769813,0.140000,0.140000,0.140000,0.100000,-1.000000,0.349783
320,-1.701591,-0.604606,-9.543647,0.349786,-0.037653,-2.769779,0.140000,0.120000,0.140000,0.100000,-1.000000,0.349786
321,-1.705020,-0.603818,-9.571345,0.349790,-0.037651,-2.769746,0.140000,0.120000,0.120000,0.100000,-1.000000,0.349790
322,-1.708425,-0.602934,-9.599043,0.349793,-0.037650,-2.769713,0.140000,0.120000,0.120000,0.100000,-1.000000,0.349793
323,-1.711805,-0.601957,-9.626740,0.349796,-0.037648,-2.769681,0.140000,0.120000,0.120000,0.100000,-1.000000,0.349796
324,-1.715156,-0.600887,-9.654437,0.349799,-0.037647,-2.769650,0.140000,0.120000,0.120000,0.100000,-1.000000,0.349799
325,-1.718477,-0.599724,-9.682133,0.349802,-0.037645,-2.769619,0.140000,0.120000,0.120000,0.100000,-1.000000,0.349802
326,-1.721764,-0.598469,-9.709829,0.349805,-0.037644,-2.769590,0.140000,0.120000,0.120000,0.100000,-1.000000,0.349805
327,-1.725015,-0.597124,-9.737525,0.349808,-0.037643,-2.769560,0.140000,0.120000,0.120000,0.100000,-1.000000,0.349808
328,-1.728227,-0.595690,-9.765221,0.349810,-0.037641,-2.769532,0.140000,0.120000,0.100000,0.100000,-1.000000,0.349810
329,-1.731399,-0.594167,-9.792916,0.349813,-0.037640,-2.769504,0.140000,0.120000,0.100000,0.100000,-1.000000,0.349813
330,-1.734527,-0.592557,-9.820611,0.349816,-0.037639,-2.769477,0.140000,0.120000,0.100000,0.100000,-1.000000,0.349816
331,-1.737610,-0.590861,-9.848306,0.349818,-0.037638,-2.769450,0.140000,0.100000,0.100000,0.100000,-1.000000,0.349818
332,-1.740644,-0.589080,-9.876000,0.349821,-0.037637,-2.769424,0.140000,0.100000,0.100000,0.100000,-1.000000,0.349821
333,-1.743628,-0.587216,-9.903695,0.349823,-0.037635,-2.769399,0.140000,0.100000,0.100000,0.100000,-1.000000,0.349823
334,-1.746559,-0.585270,-9.931389,0.349825,-0.037634,-2.769374,0.140000,0.100000,0.100000,0.100000,-1.000000,0.349825
335,-1.749436,-0.583243,-9.959082,0.349828,-0.037633,-2.769350,0.140000,0.100000,0.100000,0.100000,-1.000000,0.349828
336,-1.752255,-0.581138,-9.986776,0.349830,-0.037632,-2.769326,0.140000,0.100000,0.100000,0.100000,-1.000000,0.349830
337,-1.755014,-0.578956,-10.014469,0.349832,-0.037631,-2.769303,0.140000,0.100000,0.080000,0.100000,-1.000000,0.349832
338,-1.757713,-0.576697,-10.042162,0.349834,-0.037630,-2.769281,0.140000,0.100000,0.080000,0.100000,-1.000000,0.349834
339,-1.760347,-0.574365,-10.069855,0.349837,-0.037629,-2.769259,0.140000,0.100000,0.080000,0.100000,-1.000000,0.349837
340,-1.762916,-0.571961,-10.097548,0.349839,-0.037628,-2.769237,0.140000,0.100000,0.080000,0.100000,-1.000000,0.349839
341,-1.765418,-0.569487,-10.125240,0.349841,-0.037627,-2.769216,0.140000,0.100000,0.080000,0.100000,-1.000000,0.349841
342,-1.767850,-0.566944,-10.152932,0.349843,-0.037626,-2.769195,0.140000,0.100000,0.080000,0.100000,-1.000000,0.349843
343,-1.770211,-0.564335,-10.180624,0.349845,-0.037625,-2.769175,0.160000,0.100000,0.080000,0.100000,-1.000000,0.349845
344,-1.772499,-0.561662,-10.208316,0.349846,-0.037624,-2.769155,0.160000,0.100000,0.080000,0.100000,-1.000000,0.349846
345,-1.774712,-0.558926,-10.236007,0.349848,-0.037623,-2.769136,0.160000,0.100000,0.080000,0.100000,-1.000000,0.349848
346,-1.776848,-0.556130,-10.263699,0.349850,-0.037623,-2.769117,0.160000,0.100000,0.080000,0.100000,-1.000000,0.349850
347,-1.778906,-0.553276,-10.291390,0.349852,-0.037622,-2.769099,0.180000,0.100000,0.080000,0.100000,-1.000000,0.349852
348,-1.780884,-0.550366,-10.319081,0.349854,-0.037621,-2.769081,0.180000,0.100000,0.080000,0.100000,-1.000000,0.349854
349,-1.782781,-0.547403,-10.346772,0.349855,-0.037620,-2.769063,0.200000,0.100000,0.080000,0.100000,-1.000000,0.349855
350,-1.784595,-0.544388,-10.374462,0.349857,-0.037619,-2.769046,0.200000,0.100000,0.080000,0.100000,-1.000000,0.349857
351,-1.786325,-0.541324,-10.402153,0.349859,-0.037619,-2.769029,0.220000,0.100000,0.080000,0.100000,-1.000000,0.349859
352,-1.787970,-0.538213,-10.429843,0.349860,-0.037618,-2.769013,0.240000,0.100000,0.080000,0.100000,-1.000000,0.349860
353,-1.789528,-0.535058,-10.457533,0.349862,-0.037617,-2.768997,0.260000,0.100000,0.080000,0.100000,-1.000000,0.349862
354,-1.790998,-0.531860,-10.485223,0.349863,-0.037616,-2.768981,0.280000,0.100000,0.080000,0.100000,-1.000000,0.349863
355,-1.792378,-0.528624,-10.512913,0.349865,-0.037616,-2.768966,0.280000,0.100000,0.080000,0.100000,-1.000000,0.349865
356,-1.793669,-0.525350,-10.540603,0.349866,-0.037615,-2.768951,0.280000,0.120000,0.080000,0.100000,-1.000000,0.349866
357,-1.794869,-0.522042,-10.568292,0.349868,-0.037614,-2.768936,0.260000,0.120000,0.080000,0.100000,-1.000000,0.349868
358,-1.795976,-0.518702,-10.595982,0.349869,-0.037614,-2.768922,0.260000,0.120000,0.080000,0.100000,-1.000000,0.349869
359,-1.796991,-0.515333,-10.623671,0.349870,-0.037613,-2.768908,0.260000,0.120000,0.080000,0.100000,-1.000000,0.349870
360,-1.797912,-0.511937,-10.651360,0.349872,-0.037613,-2.768894,0.460000,0.140000,0.080000,0.100000,-1.000000,0.349872
361,-1.798738,-0.508516,-10.679049,0.349873,-0.037612,-2.768881,0.460000,0.140000,0.080000,0.100000,-1.000000,0.349873
362,-1.799470,-0.505074,-10.706738,0.349874,-0.037611,-2.768868,0.460000,0.160000,0.080000,0.100000,-1.000000,0.349874
363,-1.800106,-0.501613,-10.734426,0.349875,-0.037611,-2.768855,1.000000,0.160000,0.080000,0.100000,-1.000000,0.349875
364,-1.800646,-0.498136,-10.762115,0.349877,-0.037610,-2.768843,1.000000,0.180000,0.080000,0.100000,-1.000000,0.349877
365,-1.801089,-0.494645,-10.789803,0.349878,-0.037610,-2.768831,1.000000,0.200000,0.080000,0.100000,-1.000000,0.349878
366,-1.801436,-0.491143,-10.817492,0.349879,-0.037609,-2.768819,1.000000,0.220000,0.080000,0.100000,-1.000000,0.349879
367,-1.801686,-0.487633,-10.845180,0.349880,-0.037609,-2.768807,1.000000,0.240000,0.100000,0.100000,-1.000000,0.349880
368,-1.801838,-0.484118,-10.872868,0.349881,-0.037608,-2.768796,1.000000,0.240000,0.100000,0.100000,-1.000000,0.349881
369,-1.801893,-0.480599,-10.900556,0.349882,-0.037608,-2.768785,1.000000,0.240000,0.100000,0.100000,-1.000000,0.349882
370,-1.801851,-0.477080,-10.928244,0.349883,-0.037607,-2.768774,1.000000,0.240000,0.100000,0.100000,-1.000000,0.349883
371,-1.801711,-0.473564,-10.955931,0.349884,-0.037607,-2.768763,1.000000,0.220000,0.120000,0.100000,-1.000000,0.349884
372,-1.801474,-0.470053,-10.983619,0.349885,-0.037606,-2.768753,1.000000,0.220000,0.120000,0.100000,-1.000000,0.349885
373,-1.801140,-0.466550,-11.011307,0.349886,-0.037606,-2.768743,1.000000,0.420000,0.120000,0.100000,-1.000000,0.349886
374,-1.800709,-0.463058,-11.038994,0.349887,-0.037605,-2.768733,1.000000,0.420000,0.140000,0.100000,-1.000000,0.349887
375,-1.800181,-0.459578,-11.066681,0.349888,-0.037605,-2.768723,1.000000,0.420000,0.160000,0.100000,-1.000000,0.349888
376,-1.799557,-0.456115,-11.094368,0.349889,-0.037604,-2.768713,1.000000,1.000000,0.180000,0.100000,-1.000000,0.349889
377,-1.798838,-0.452670,-11.122056,0.349890,-0.037604,-2.768704,0.960000,1.000000,0.200000,0.100000,-1.000000,0.349890
378,-1.798024,-0.449247,-11.149743,0.349891,-0.037604,-2.768695,0.920000,1.000000,0.220000,0.100000,-1.000000,0.349891
379,-1.797115,-0.445847,-11.177430,0.349892,-0.037603,-2.768686,0.880000,1.000000,0.200000,0.100000,-1.000000,0.349892
380,-1.796112,-0.442474,-11.205116,0.349892,-0.037603,-2.768678,0.840000,1.000000,0.200000,0.100000,-1.000000,0.349892
381,-1.795016,-0.439130,-11.232803,0.349893,-0.037602,-2.768669,0.800000,1.000000,0.200000,0.100000,-1.000000,0.349893
382,-1.793829,-0.435817,-11.260490,0.349894,-0.037602,-2.768661,0.760000,1.000000,0.200000,0.100000,-1.000000,0.349894
383,-1.792550,-0.432539,-11.288177,0.349895,-0.037602,-2.768653,0.740000,1.000000,0.200000,0.100000,-1.000000,0.349895
384,-1.791180,-0.429297,-11.315863,0.349896,-0.037601,-2.768645,0.700000,1.000000,0.260000,0.100000,-1.000000,0.349896
385,-1.789722,-0.426094,-11.343550,0.349896,-0.037601,-2.768637,0.680000,1.000000,0.400000,0.100000,-1.000000,0.349896
386,-1.788175,-0.422933,-11.371236,0.349897,-0.037601,-2.768630,0.660000,1.000000,0.380000,0.100000,-1.000000,0.349897
387,-1.786542,-0.419816,-11.398922,0.349898,-0.037600,-2.768622,0.640000,1.000000,0.380000,0.100000,-1.000000,0.349898
388,-1.784823,-0.416746,-11.426608,0.349898,-0.037600,-2.768615,0.560000,1.000000,1.000000,0.100000,-1.000000,0.349898
389,-1.783019,-0.413724,-11.454295,0.349899,-0.037600,-2.768608,0.540000,0.980000,1.000000,0.100000,-1.000000,0.349899
390,-1.781133,-0.410753,-11.481981,0.349900,-0.037599,-2.768601,0.520000,0.920000,1.000000,0.100000,-1.000000,0.349900
391,-1.779165,-0.407836,-11.509667,0.349900,-0.037599,-2.768595,0.520000,0.880000,1.000000,0.100000,-1.000000,0.349900
392,-1.777117,-0.404974,-11.537353,0.349901,-0.037599,-2.768588,0.500000,0.820000,1.000000,0.100000,-1.000000,0.349901
393,-1.774990,-0.402170,-11.565039,0.349902,-0.037598,-2.768582,0.480000,0.780000,1.000000,0.100000,-1.000000,0.349902
394,-1.772787,-0.399426,-11.592724,0.349902,-0.037598,-2.768575,0.480000,0.760000,1.000000,0.100000,-1.000000,0.349902
395,-1.770509,-0.396744,-11.620410,0.349903,-0.037598,-2.768569,0.460000,0.720000,1.000000,0.100000,-1.000000,0.349903
396,-1.768157,-0.394126,-11.648096,0.349903,-0.037598,-2.768563,0.460000,0.700000,1.000000,0.100000,-1.000000,0.349903
397,-1.765733,-0.391574,-11.675781,0.349904,-0.037597,-2.768557,0.440000,0.660000,1.000000,0.100000,-1.000000,0.349904
398,-1.763240,-0.389090,-11.703467,0.349905,-0.037597,-2.768552,0.440000,0.640000,1.000000,0.100000,-1.000000,0.349905
399,-1.760680,-0.386676,-11.731152,0.349905,-0.037597,-2.768546,0.420000,0.620000,1.000000,0.100000,-1.000000,0.349905
400,-1.758053,-0.384334,-11.758838,0.349906,-0.037597,-2.768541,0.420000,0.600000,1.000000,0.100000,-1.000000,0.349906
401,-1.755362,-0.382065,-11.786523,0.349906,-0.037596,-2.768535,0.420000,0.520000,0.960000,0.100000,-1.000000,0.349906
402,-1.752610,-0.379872,-11.814209,0.349907,-0.037596,-2.768530,0.400000,0.500000,0.900000,0.100000,-1.000000,0.349907
403,-1.749798,-0.377756,-11.841894,0.349907,-0.037596,-2.768525,0.400000,0.500000,0.840000,0.100000,-1.000000,0.349907
404,-1.746929,-0.375719,-11.869579,0.349908,-0.037596,-2.768520,0.400000,0.480000,0.800000,0.100000,-1.000000,0.349908
405,-1.744004,-0.373762,-11.897264,0.349908,-0.037595,-2.768515,0.380000,0.460000,0.760000,0.100000,-1.000000,0.349908
406,-1.741026,-0.371886,-11.924950,0.349909,-0.037595,-2.768510,0.380000,0.460000,0.720000,0.100000,-1.000000,0.349909
407,-1.737998,-0.370094,-11.952635,0.349909,-0.037595,-2.768506,0.340000,0.440000,0.700000,0.100000,-1.000000,0.349909
408,-1.734921,-0.368386,-11.980320,0.349909,-0.037595,-2.768501,0.320000,0.420000,0.660000,0.100000,-1.000000,0.349909
409,-1.731797,-0.366764,-12.008005,0.349910,-0.037595,-2.768497,0.320000,0.420000,0.640000,0.100000,-1.000000,0.349910
410,-1.728631,-0.365229,-12.035690,0.349910,-0.037594,-2.768492,0.320000,0.400000,0.620000,0.100000,-1.000000,0.349910
411,-1.725423,-0.363782,-12.063375,0.349911,-0.037594,-2.768488,0.320000,0.400000,0.580000,0.100000,-1.000000,0.349911
412,-1.722176,-0.362425,-12.091060,0.349911,-0.037594,-2.768484,0.320000,0.380000,0.500000,0.100000,-1.000000,0.349911
413,-1.718892,-0.361158,-12.118744,0.349911,-0.037594,-2.768480,0.300000,0.380000,0.480000,0.100000,-1.000000,0.349911
414,-1.715575,-0.359982,-12.146429,0.349912,-0.037594,-2.768476,0.300000,0.380000,0.480000,0.100000,-1.000000,0.349912
415,-1.712227,-0.358899,-12.174114,0.349912,-0.037593,-2.768472,0.300000,0.360000,0.460000,0.100000,-1.000000,0.349912
416,-1.708850,-0.357908,-12.201799,0.349913,-0.037593,-2.768468,0.300000,0.360000,0.440000,0.100000,-1.000000,0.349913
417,-1.705447,-0.357012,-12.229483,0.349913,-0.037593,-2.768465,0.300000,0.360000,0.420000,0.100000,-1.000000,0.349913
418,-1.702020,-0.356210,-12.257168,0.349913,-0.037593,-2.768461,0.300000,0.340000,0.420000,0.100000,-1.000000,0.349913
419,-1.698572,-0.355504,-12.284853,0.349914,-0.037593,-2.768457,0.280000,0.300000,0.400000,0.100000,-1.000000,0.349914
420,-1.695106,-0.354893,-12.312537,0.349914,-0.037593,-2.768454,0.280000,0.300000,0.400000,0.100000,-1.000000,0.349914
421,-1.691625,-0.354378,-12.340222,0.349914,-0.037592,-2.768451,0.280000,0.300000,0.380000,0.100000,-1.000000,0.349914
422,-1.688131,-0.353960,-12.367906,0.349915,-0.037592,-2.768447,0.280000,0.280000,0.380000,0.100000,-1.000000,0.349915
423,-1.684626,-0.353638,-12.395591,0.349915,-0.037592,-2.768444,0.280000,0.280000,0.360000,0.100000,-1.000000,0.349915
424,-1.681114,-0.353414,-12.423275,0.349915,-0.037592,-2.768441,0.280000,0.280000,0.360000,0.100000,-1.000000,0.349915
425,-1.677597,-0.353287,-12.450960,0.349916,-0.037592,-2.768438,0.280000,0.280000,0.340000,0.100000,-1.000000,0.349916
426,-1.674078,-0.353257,-12.478644,0.349916,-0.037592,-2.768435,0.280000,0.280000,0.340000,0.100000,-1.000000,0.349916
427,-1.670559,-0.353325,-12.506328,0.349916,-0.037592,-2.768432,0.280000,0.260000,0.340000,0.100000,-1.000000,0.349916
428,-1.667044,-0.353491,-12.534013,0.349916,-0.037592,-2.768429,0.280000,0.260000,0.320000,0.100000,-1.000000,0.349916
429,-1.663534,-0.353753,-12.561697,0.349917,-0.037591,-2.768426,0.280000,0.260000,0.320000,0.100000,-1.000000,0.349917
430,-1.660033,-0.354113,-12.589381,0.349917,-0.037591,-2.768423,0.280000,0.260000,0.320000,0.100000,-1.000000,0.349917
431,-1.656544,-0.354569,-12.617065,0.349917,-0.037591,-2.768421,0.280000,0.260000,0.260000,0.100000,-1.000000,0.349917
432,-1.653068,-0.355122,-12.644750,0.349917,-0.037591,-2.768418,0.280000,0.260000,0.260000,0.100000,-1.000000,0.349917
433,-1.649609,-0.355770,-12.672434,0.349918,-0.037591,-2.768415,0.280000,0.260000,0.260000,0.100000,-1.000000,0.349918
434,-1.646169,-0.356515,-12.700118,0.349918,-0.037591,-2.768413,0.280000,0.240000,0.260000,0.100000,-1.000000,0.349918
435,-1.642752,-0.357354,-12.727802,0.349918,-0.037591,-2.768410,0.280000,0.240000,0.240000,0.100000,-1.000000,0.349918
436,-1.639358,-0.358287,-12.755486,0.349918,-0.037591,-2.768408,0.280000,0.240000,0.240000,0.100000,-1.000000,0.349918
437,-1.635992,-0.359314,-12.783170,0.349919,-0.037590,-2.768406,0.280000,0.240000,0.240000,0.100000,-1.000000,0.349919
438,-1.632656,-0.360434,-12.810854,0.349919,-0.037590,-2.768403,0.280000,0.240000,0.240000,0.100000,-1.000000,0.349919
439,-1.629352,-0.361646,-12.838538,0.349919,-0.037590,-2.768401,0.280000,0.240000,0.240000,0.100000,-1.000000,0.349919
440,-1.626082,-0.362949,-12.866222,0.349919,-0.037590,-2.768399,0.280000,0.240000,0.240000,0.100000,-1.000000,0.349919
441,-1.622850,-0.364341,-12.893906,0.349919,-0.037590,-2.768397,0.280000,0.240000,0.220000,0.100000,-1.000000,0.349919
442,-1.619658,-0.365823,-12.921590,0.349920,-0.037590,-2.768395,0.300000,0.240000,0.220000,0.100000,-1.000000,0.349920
443,-1.616508,-0.367392,-12.949274,0.349920,-0.037590,-2.768393,0.280000,0.240000,0.220000,0.100000,-1.000000,0.349920
444,-1.613403,-0.369048,-12.976958,0.349920,-0.037590,-2.768391,0.280000,0.240000,0.220000,0.100000,-1.000000,0.349920
445,-1.610344,-0.370790,-13.004642,0.349920,-0.037590,-2.768389,0.260000,0.240000,0.220000,0.100000,-1.000000,0.349920
446,-1.607335,-0.372615,-13.032326,0.349920,-0.037590,-2.768387,0.260000,0.240000,0.220000,0.100000,-1.000000,0.349920
447,-1.604378,-0.374523,-13.060010,0.349921,-0.037590,-2.768385,0.260000,0.240000,0.220000,0.100000,-1.000000,0.349921
448,-1.601475,-0.376512,-13.087694,0.349921,-0.037589,-2.768383,0.260000,0.240000,0.220000,0.100000,-1.000000,0.349921
449,-1.598628,-0.378581,-13.115378,0.349921,-0.037589,-2.768381,0.260000,0.240000,0.220000,0.100000,-1.000000,0.349921
450,-1.595839,-0.380727,-13.143061,0.349921,-0.037589,-2.768380,0.280000,0.240000,0.220000,0.100000,-1.000000,0.349921
451,-1.593111,-0.382951,-13.170745,0.349921,-0.037589,-2.768378,0.280000,0.240000,0.220000,0.100000,-1.000000,0.349921
452,-1.590445,-0.385248,-13.198429,0.349921,-0.037589,-2.768376,0.280000,0.240000,0.220000,0.100000,-1.000000,0.349921
453,-1.587844,-0.387619,-13.226113,0.349922,-0.037589,-2.768375,0.300000,0.260000,0.200000,0.100000,-1.000000,0.349922
454,-1.585309,-0.390061,-13.253796,0.349922,-0.037589,-2.768373,0.300000,0.260000,0.200000,0.100000,-1.000000,0.349922
455,-1.582843,-0.392572,-13.281480,0.349922,-0.037589,-2.768372,0.320000,0.260000,0.200000,0.100000,-1.000000,0.349922
456,-1.580448,-0.395150,-13.309164,0.349922,-0.037589,-2.768370,0.320000,0.260000,0.200000,0.100000,-1.000000,0.349922
457,-1.578124,-0.397793,-13.336848,0.349922,-0.037589,-2.768369,0.340000,0.240000,0.200000,0.100000,-1.000000,0.349922
458,-1.575875,-0.400500,-13.364531,0.349922,-0.037589,-2.768367,0.360000,0.240000,0.220000,0.100000,-1.000000,0.349922
459,-1.573702,-0.403268,-13.392215,0.349922,-0.037589,-2.768366,0.380000,0.220000,0.220000,0.100000,-1.000000,0.349922
460,-1.571606,-0.406095,-13.419899,0.349923,-0.037589,-2.768364,0.400000,0.220000,0.220000,0.100000,-1.000000,0.349923
461,-1.569589,-0.408980,-13.447582,0.349923,-0.037589,-2.768363,0.420000,0.220000,0.220000,0.100000,-1.000000,0.349923
462,-1.567653,-0.411918,-13.475266,0.349923,-0.037588,-2.768362,0.440000,0.220000,0.220000,0.100000,-1.000000,0.349923
463,-1.565799,-0.414910,-13.502949,0.349923,-0.037588,-2.768360,0.480000,0.240000,0.220000,0.100000,-1.000000,0.349923
464,-1.564028,-0.417951,-13.530633,0.349923,-0.037588,-2.768359,0.520000,0.240000,0.220000,0.100000,-1.000000,0.349923
465,-1.562342,-0.421041,-13.558317,0.349923,-0.037588,-2.768358,0.580000,0.240000,0.220000,0.100000,-1.000000,0.349923
466,-1.560742,-0.424175,-13.586000,0.349923,-0.037588,-2.768357,0.660000,0.260000,0.220000,0.100000,-1.000000,0.349923
467,-1.559230,-0.427353,-13.613684,0.349923,-0.037588,-2.768355,0.740000,0.260000,0.220000,0.100000,-1.000000,0.349923
468,-1.557806,-0.430572,-13.641367,0.349924,-0.037588,-2.768354,1.000000,0.280000,0.220000,0.100000,-1.000000,0.349924
469,-1.556472,-0.433828,-13.669051,0.349924,-0.037588,-2.768353,1.000000,0.280000,0.200000,0.100000,-1.000000,0.349924
470,-1.555229,-0.437121,-13.696734,0.349924,-0.037588,-2.768352,1.000000,0.300000,0.200000,0.100000,-1.000000,0.349924
471,-1.554077,-0.440446,-13.724418,0.349924,-0.037588,-2.768351,1.000000,0.320000,0.180000,0.100000,-1.000000,0.349924
472,-1.553018,-0.443803,-13.752101,0.349924,-0.037588,-2.768350,1.000000,0.340000,0.200000,0.100000,-1.000000,0.349924
473,-1.552052,-0.447187,-13.779785,0.349924,-0.037588,-2.768349,1.000000,0.360000,0.200000,0.100000,-1.000000,0.349924
474,-1.551180,-0.450596,-13.807468,0.349924,-0.037588,-2.768348,1.000000,0.380000,0.200000,0.100000,-1.000000,0.349924
475,-1.550403,-0.454029,-13.835152,0.349924,-0.037588,-2.768347,1.000000,0.420000,0.200000,0.100000,-1.000000,0.349924
476,-1.549721,-0.457482,-13.862835,0.349924,-0.037588,-2.768346,1.000000,0.460000,0.220000,0.100000,-1.000000,0.349924
477,-1.549134,-0.460952,-13.890519,0.349924,-0.037588,-2.768345,1.000000,0.500000,0.220000,0.100000,-1.000000,0.349924
478,-1.548645,-0.464437,-13.918202,0.349925,-0.037588,-2.768344,1.000000,0.560000,0.240000,0.100000,-1.000000,0.349925
479,-1.548251,-0.467934,-13.945886,0.349925,-0.037588,-2.768343,1.000000,0.640000,0.240000,0.100000,-1.000000,0.349925
480,-1.547955,-0.471441,-13.973569,0.349925,-0.037588,-2.768342,1.000000,0.740000,0.260000,0.100000,-1.000000,0.349925
481,-1.547756,-0.474955,-14.001253,0.349925,-0.037588,-2.768341,0.960000,1.000000,0.260000,0.100000,-1.000000,0.349925
482,-1.547654,-0.478473,-14.028936,0.349925,-0.037588,-2.768341,0.940000,1.000000,0.280000,0.100000,-1.000000,0.349925
483,-1.547650,-0.481992,-14.056619,0.349925,-0.037587,-2.768340,0.920000,1.000000,0.300000,0.100000,-1.000000,0.349925
484,-1.547743,-0.485510,-14.084303,0.349925,-0.037587,-2.768339,0.860000,1.000000,0.320000,0.100000,-1.000000,0.349925
485,-1.547934,-0.489024,-14.111986,0.349925,-0.037587,-2.768338,0.860000,1.000000,0.340000,0.100000,-1.000000,0.349925
486,-1.548221,-0.492532,-14.139670,0.349925,-0.037587,-2.768337,0.820000,1.000000,0.360000,0.100000,-1.000000,0.349925
487,-1.548606,-0.496030,-14.167353,0.349925,-0.037587,-2.768337,0.760000,1.000000,0.380000,0.100000,-1.000000,0.349925
488,-1.549087,-0.499517,-14.195036,0.349925,-0.037587,-2.768336,0.720000,1.000000,0.420000,0.100000,-1.000000,0.349925
489,-1.549665,-0.502988,-14.222720,0.349925,-0.037587,-2.768335,0.680000,1.000000,0.460000,0.100000,-1.000000,0.349925
490,-1.550338,-0.506443,-14.250403,0.349925,-0.037587,-2.768335,0.640000,1.000000,0.520000,0.100000,-1.000000,0.349925
491,-1.551107,-0.509877,-14.278086,0.349926,-0.037587,-2.768334,0.600000,1.000000,0.600000,0.100000,-1.000000,0.349926
492,-1.551971,-0.513289,-14.305770,0.349926,-0.037587,-2.768333,0.580000,0.980000,0.680000,0.100000,-1.000000,0.349926
493,-1.552929,-0.516675,-14.333453,0.349926,-0.037587,-2.768333,0.540000,0.980000,1.000000,0.100000,-1.000000,0.349926
494,-1.553980,-0.520034,-14.361136,0.349926,-0.037587,-2.768332,0.520000,0.900000,1.000000,0.100000,-1.000000,0.349926
495,-1.555123,-0.523363,-14.388820,0.349926,-0.037587,-2.768331,0.500000,0.900000,1.000000,0.100000,-1.000000,0.349926
496,-1.556359,-0.526658,-14.416503,0.349926,-0.037587,-2.768331,0.480000,0.860000,1.000000,0.100000,-1.000000,0.349926
497,-1.557685,-0.529918,-14.444186,0.349926,-0.037587,-2.768330,0.460000,0.820000,1.000000,0.100000,-1.000000,0.349926
498,-1.559101,-0.533140,-14.471870,0.349926,-0.037587,-2.768330,0.440000,0.820000,1.000000,0.100000,-1.000000,0.349926
499,-1.560605,-0.536322,-14.499553,0.349926,-0.037587,-2.768329,0.420000,0.780000,1.000000,0.100000,-1.000000,0.349926
500,-1.562197,-0.539460,-14.527236,0.349926,-0.037587,-2.768328,0.420000,0.720000,1.000000,0.100000,-1.000000,0.349926
501,-1.563875,-0.542554,-14.554919,0.349926,-0.037587,-2.768328,0.340000,0.680000,1.000000,0.100000,-1.000000,0.349926
502,-1.565639,-0.545600,-14.582603,0.349926,-0.037587,-2.768327,0.320000,0.640000,1.000000,0.100000,-1.000000,0.349926
503,-1.567485,-0.548596,-14.610286,0.349926,-0.037587,-2.768327,0.320000,0.600000,1.000000,0.100000,-1.000000,0.349926
504,-1.569414,-0.551539,-14.637969,0.349926,-0.037587,-2.768326,0.300000,0.560000,0.960000,0.100000,-1.000000,0.349926
505,-1.571424,-0.554428,-14.665653,0.349926,-0.037587,-2.768326,0.300000,0.540000,0.940000,0.100000,-1.000000,0.349926
506,-1.573513,-0.557261,-14.693336,0.349926,-0.037587,-2.768325,0.300000,0.500000,0.900000,0.100000,-1.000000,0.349926
507,-1.575680,-0.560034,-14.721019,0.349926,-0.037587,-2.768325,0.280000,0.480000,0.860000,0.100000,-1.000000,0.349926
508,-1.577922,-0.562746,-14.748702,0.349926,-0.037587,-2.768324,0.280000,0.460000,0.840000,0.100000,-1.000000,0.349926
509,-1.580239,-0.565396,-14.776386,0.349927,-0.037587,-2.768324,0.260000,0.440000,0.800000,0.100000,-1.000000,0.349927
510,-1.582628,-0.567980,-14.804069,0.349927,-0.037587,-2.768323,0.260000,0.420000,0.800000,0.100000,-1.000000,0.349927
511,-1.585088,-0.570497,-14.831752,0.349927,-0.037587,-2.768323,0.260000,0.400000,0.760000,0.100000,-1.000000,0.349927
512,-1.587617,-0.572945,-14.859435,0.349927,-0.037587,-2.768323,0.240000,0.380000,0.700000,0.100000,-1.000000,0.349927
513,-1.590212,-0.575322,-14.887119,0.349927,-0.037587,-2.768322,0.240000,0.380000,0.640000,0.100000,-1.000000,0.349927
514,-1.592872,-0.577626,-14.914802,0.349927,-0.037587,-2.768322,0.240000,0.300000,0.600000,0.100000,-1.000000,0.349927
515,-1.595595,-0.579856,-14.942485,0.349927,-0.037587,-2.768321,0.240000,0.300000,0.560000,0.100000,-1.000000,0.349927
516,-1.598379,-0.582010,-14.970168,0.349927,-0.037587,-2.768321,0.220000,0.280000,0.520000,0.100000,-1.000000,0.349927
517,-1.601221,-0.584085,-14.997851,0.349927,-0.037587,-2.768321,0.220000,0.280000,0.500000,0.100000,-1.000000,0.349927
518,-1.604119,-0.586081,-15.025535,0.349927,-0.037587,-2.768320,0.220000,0.260000,0.480000,0.100000,-1.000000,0.349927
519,-1.607072,-0.587997,-15.053218,0.349927,-0.037587,-2.768320,0.220000,0.260000,0.440000,0.100000,-1.000000,0.349927
520,-1.610077,-0.589829,-15.080901,0.349927,-0.037587,-2.768320,0.200000,0.240000,0.420000,0.100000,-1.000000,0.349927
521,-1.613131,-0.591578,-15.108584,0.349927,-0.037587,-2.768319,0.200000,0.240000,0.400000,0.100000,-1.000000,0.349927
522,-1.616232,-0.593242,-15.136267,0.349927,-0.037587,-2.768319,0.200000,0.240000,0.380000,0.100000,-1.000000,0.349927
523,-1.619378,-0.594819,-15.163951,0.349927,-0.037587,-2.768319,0.200000,0.220000,0.360000,0.100000,-1.000000,0.349927
524,-1.622567,-0.596309,-15.191634,0.349927,-0.037586,-2.768318,0.200000,0.220000,0.360000,0.100000,-1.000000,0.349927
525,-1.625795,-0.597709,-15.219317,0.349927,-0.037586,-2.768318,0.200000,0.220000,0.340000,0.100000,-1.000000,0.349927
526,-1.629062,-0.599020,-15.247000,0.349927,-0.037586,-2.768318,0.180000,0.200000,0.260000,0.100000,-1.000000,0.349927
527,-1.632363,-0.600240,-15.274683,0.349927,-0.037586,-2.768317,0.180000,0.200000,0.260000,0.100000,-1.000000,0.349927
528,-1.635697,-0.601368,-15.302366,0.349927,-0.037586,-2.768317,0.180000,0.200000,0.240000,0.100000,-1.000000,0.349927
529,-1.639060,-0.602404,-15.330050,0.349927,-0.037586,-2.768317,0.180000,0.200000,0.240000,0.100000,-1.000000,0.349927
530,-1.642451,-0.603345,-15.357733,0.349927,-0.037586,-2.768316,0.180000,0.180000,0.220000,0.100000,-1.000000,0.349927
531,-1.645867,-0.604193,-15.385416,0.349927,-0.037586,-2.768316,0.180000,0.180000,0.220000,0.100000,-1.000000,0.349927
532,-1.649305,-0.604946,-15.413099,0.349927,-0.037586,-2.768316,0.180000,0.180000,0.220000,0.100000,-1.000000,0.349927
533,-1.652763,-0.605603,-15.440782,0.349927,-0.037586,-2.768316,0.160000,0.180000,0.200000,0.100000,-1.000000,0.349927
534,-1.656237,-0.606164,-15.468465,0.349927,-0.037586,-2.768315,0.160000,0.160000,0.200000,0.100000,-1.000000,0.349927
535,-1.659725,-0.606629,-15.496149,0.349927,-0.037586,-2.768315,0.160000,0.160000,0.180000,0.100000,-1.000000,0.349927
536,-1.663226,-0.606997,-15.523832,0.349927,-0.037586,-2.768315,0.160000,0.160000,0.180000,0.100000,-1.000000,0.349927
537,-1.666734,-0.607269,-15.551515,0.349927,-0.037586,-2.768315,0.160000,0.160000,0.180000,0.100000,-1.000000,0.349927
538,-1.670250,-0.607443,-15.579198,0.349927,-0.037586,-2.768314,0.160000,0.160000,0.180000,0.100000,-1.000000,0.349927
539,-1.673768,-0.607519,-15.606881,0.349927,-0.037586,-2.768314,0.160000,0.160000,0.160000,0.100000,-1.000000,0.349927
540,-1.677287,-0.607498,-15.634564,0.349927,-0.037586,-2.768314,0.160000,0.140000,0.160000,0.100000,-1.000000,0.349927
541,-1.680805,-0.607380,-15.662247,0.349927,-0.037586,-2.768314,0.160000,0.140000,0.160000,0.100000,-1.000000,0.349927
542,-1.684318,-0.607165,-15.689931,0.349928,-0.037586,-2.768314,0.160000,0.140000,0.160000,0.100000,-1.000000,0.349928
543,-1.687823,-0.606852,-15.717614,0.349928,-0.037586,-2.768313,0.140000,0.140000,0.140000,0.100000,-1.000000,0.349928
544,-1.691319,-0.606442,-15.745297,0.349928,-0.037586,-2.768313,0.140000,0.140000,0.140000,0.100000,-1.000000,0.349928
545,-1.694801,-0.605936,-15.772980,0.349928,-0.037586,-2.768313,0.140000,0.140000,0.140000,0.100000,-1.000000,0.349928
546,-1.698269,-0.605334,-15.800663,0.349928,-0.037586,-2.768313,0.140000,0.140000,0.140000,0.100000,-1.000000,0.349928
547,-1.701718,-0.604635,-15.828346,0.349928,-0.037586,-2.768313,0.140000,0.120000,0.140000,0.100000,-1.000000,0.349928
548,-1.705147,-0.603842,-15.856029,0.349928,-0.037586,-2.768312,0.140000,0.120000,0.120000,0.100000,-1.000000,0.349928
549,-1.708553,-0.602954,-15.883713,0.349928,-0.037586,-2.768312,0.140000,0.120000,0.120000,0.100000,-1.000000,0.349928
550,-1.711932,-0.601972,-15.911396,0.349928,-0.037586,-2.768312,0.140000,0.120000,0.120000,0.100000,-1.000000,0.349928
551,-1.715284,-0.600897,-15.939079,0.349928,-0.037586,-2.768312,0.140000,0.120000,0.120000,0.100000,-1.000000,0.349928
552,-1.718604,-0.599730,-15.966762,0.349928,-0.037586,-2.768312,0.140000,0.120000,0.120000,0.100000,-1.000000,0.349928
553,-1.721890,-0.598471,-15.994445,0.349928,-0.037586,-2.768312,0.140000,0.120000,0.120000,0.100000,-1.000000,0.349928
554,-1.725141,-0.597121,-16.022128,0.349928,-0.037586,-2.768311,0.140000,0.120000,0.100000,0.100000,-1.000000,0.349928
555,-1.728353,-0.595683,-16.049811,0.349928,-0.037586,-2.768311,0.140000,0.120000,0.100000,0.100000,-1.000000,0.349928
556,-1.731523,-0.594155,-16.077494,0.349928,-0.037586,-2.768311,0.140000,0.120000,0.100000,0.100000,-1.000000,0.349928
557,-1.734651,-0.592541,-16.105177,0.349928,-0.037586,-2.768311,0.140000,0.120000,0.100000,0.100000,-1.000000,0.349928
558,-1.737732,-0.590841,-16.132861,0.349928,-0.037586,-2.768311,0.140000,0.100000,0.100000,0.100000,-1.000000,0.349928
559,-1.740765,-0.589056,-16.160544,0.349928,-0.037586,-2.768311,0.140000,0.100000,0.100000,0.100000,-1.000000,0.349928
560,-1.743748,-0.587188,-16.188227,0.349928,-0.037586,-2.768310,0.140000,0.100000,0.100000,0.100000,-1.000000,0.349928
561,-1.746678,-0.585238,-16.215910,0.349928,-0.037586,-2.768310,0.140000,0.100000,0.100000,0.100000,-1.000000,0.349928
562,-1.749552,-0.583207,-16.243593,0.349928,-0.037586,-2.768310,0.140000,0.100000,0.100000,0.100000,-1.000000,0.349928
563,-1.752370,-0.581098,-16.271276,0.349928,-0.037586,-2.768310,0.140000,0.100000,0.080000,0.100000,-1.000000,0.349928
564,-1.755128,-0.578912,-16.298959,0.349928,-0.037586,-2.768310,0.140000,0.100000,0.080000,0.100000,-1.000000,0.349928
565,-1.757824,-0.576650,-16.326642,0.349928,-0.037586,-2.768310,0.140000,0.100000,0.080000,0.100000,-1.000000,0.349928
566,-1.760457,-0.574314,-16.354325,0.349928,-0.037586,-2.768310,0.140000,0.100000,0.080000,0.100000,-1.000000,0.349928
567,-1.763024,-0.571907,-16.382008,0.349928,-0.037586,-2.768310,0.140000,0.100000,0.080000,0.100000,-1.000000,0.349928
568,-1.765523,-0.569429,-16.409692,0.349928,-0.037586,-2.768309,0.140000,0.100000,0.080000,0.100000,-1.000000,0.349928
569,-1.767953,-0.566883,-16.437375,0.349928,-0.037586,-2.768309,0.140000,0.100000,0.080000,0.100000,-1.000000,0.349928
570,-1.770311,-0.564271,-16.465058,0.349928,-0.037586,-2.768309,0.160000,0.100000,0.080000,0.100000,-1.000000,0.349928
571,-1.772597,-0.561594,-16.492741,0.349928,-0.037586,-2.768309,0.160000,0.100000,0.080000,0.100000,-1.000000,0.349928
572,-1.774807,-0.558855,-16.520424,0.349928,-0.037586,-2.768309,0.160000,0.100000,0.080000,0.100000,-1.000000,0.349928
573,-1.776941,-0.556056,-16.548107,0.349928,-0.037586,-2.768309,0.160000,0.100000,0.080000,0.100000,-1.000000,0.349928
574,-1.778996,-0.553199,-16.575790,0.349928,-0.037586,-2.768309,0.180000,0.100000,0.080000,0.100000,-1.000000,0.349928
575,-1.780971,-0.550287,-16.603473,0.349928,-0.037586,-2.768309,0.180000,0.100000,0.080000,0.100000,-1.000000,0.349928
576,-1.782865,-0.547321,-16.631156,0.349928,-0.037586,-2.768309,0.200000,0.100000,0.080000,0.100000,-1.000000,0.349928
577,-1.784677,-0.544303,-16.658839,0.349928,-0.037586,-2.768309,0.200000,0.100000,0.080000,0.100000,-1.000000,0.349928
578,-1.786404,-0.541236,-16.686522,0.349928,-0.037586,-2.768308,0.220000,0.100000,0.080000,0.100000,-1.000000,0.349928
579,-1.788045,-0.538123,-16.714206,0.349928,-0.037586,-2.768308,0.240000,0.100000,0.080000,0.100000,-1.000000,0.349928
580,-1.789600,-0.534966,-16.741889,0.349928,-0.037586,-2.768308,0.260000,0.100000,0.080000,0.100000,-1.000000,0.349928
581,-1.791067,-0.531767,-16.769572,0.349928,-0.037586,-2.768308,0.280000,0.100000,0.080000,0.100000,-1.000000,0.349928
582,-1.792444,-0.528528,-16.797255,0.349928,-0.037586,-2.768308,0.280000,0.100000,0.080000,0.100000,-1.000000,0.349928
583,-1.793732,-0.525253,-16.824938,0.349928,-0.037586,-2.768308,0.280000,0.120000,0.080000,0.100000,-1.000000,0.349928
584,-1.794928,-0.521943,-16.852621,0.349928,-0.037586,-2.768308,0.260000,0.120000,0.080000,0.100000,-1.000000,0.349928
585,-1.796032,-0.518601,-16.880304,0.349928,-0.037586,-2.768308,0.260000,0.120000,0.080000,0.100000,-1.000000,0.349928
586,-1.797044,-0.515230,-16.907987,0.349928,-0.037586,-2.768308,0.260000,0.120000,0.080000,0.100000,-1.000000,0.349928
587,-1.797961,-0.511832,-16.935670,0.349928,-0.037586,-2.768308,0.460000,0.140000,0.080000,0.100000,-1.000000,0.349928
588,-1.798784,-0.508411,-16.963353,0.349928,-0.037586,-2.768308,0.460000,0.140000,0.080000,0.100000,-1.000000,0.349928
589,-1.799513,-0.504967,-16.991036,0.349928,-0.037586,-2.768308,0.460000,0.160000,0.080000,0.100000,-1.000000,0.349928
590,-1.800145,-0.501505,-17.018719,0.349928,-0.037586,-2.768307,1.000000,0.160000,0.080000,0.100000,-1.000000,0.349928
591,-1.800682,-0.498027,-17.046402,0.349928,-0.037586,-2.768307,1.000000,0.180000,0.080000,0.100000,-1.000000,0.349928
592,-1.801122,-0.494535,-17.074086,0.349928,-0.037586,-2.768307,1.000000,0.200000,0.080000,0.100000,-1.000000,0.349928
593,-1.801465,-0.491033,-17.101769,0.349928,-0.037586,-2.768307,1.000000,0.240000,0.080000,0.100000,-1.000000,0.349928
594,-1.801711,-0.487522,-17.129452,0.349928,-0.037586,-2.768307,1.000000,0.240000,0.100000,0.100000,-1.000000,0.349928
595,-1.801860,-0.484006,-17.157135,0.349928,-0.037586,-2.768307,1.000000,0.240000,0.100000,0.100000,-1.000000,0.349928
596,-1.801911,-0.480487,-17.184818,0.349928,-0.037586,-2.768307,1.000000,0.240000,0.100000,0.100000,-1.000000,0.349928
597,-1.801865,-0.476967,-17.212501,0.349928,-0.037586,-2.768307,1.000000,0.240000,0.100000,0.100000,-1.000000,0.349928
598,-1.801722,-0.473451,-17.240184,0.349928,-0.037586,-2.768307,1.000000,0.220000,0.120000,0.100000,-1.000000,0.349928
599,-1.801481,-0.469940,-17.267867,0.349928,-0.037586,-2.768307,1.000000,0.220000,0.120000,0.100000,-1.000000,0.349928
600,-1.801144,-0.466437,-17.295550,0.349928,-0.037586,-2.768307,1.000000,0.420000,0.120000,0.100000,-1.000000,0.349928
601,-1.800709,-0.462944,-17.323233,0.349928,-0.037586,-2.768307,1.000000,0.420000,0.140000,0.100000,-1.000000,0.349928
602,-1.800178,-0.459465,-17.350916,0.349928,-0.037586,-2.768307,1.000000,0.420000,0.160000,0.100000,-1.000000,0.349928
603,-1.799551,-0.456002,-17.378599,0.349928,-0.037586,-2.768307,1.000000,1.000000,0.180000,0.100000,-1.000000,0.349928
604,-1.798828,-0.452558,-17.406282,0.349928,-0.037586,-2.768307,0.960000,1.000000,0.200000,0.100000,-1.000000,0.349928
605,-1.798010,-0.449134,-17.433965,0.349928,-0.037586,-2.768307,0.920000,1.000000,0.220000,0.100000,-1.000000,0.349928
606,-1.797098,-0.445735,-17.461649,0.349928,-0.037586,-2.768307,0.880000,1.000000,0.200000,0.100000,-1.000000,0.349928
607,-1.796092,-0.442363,-17.489332,0.349928,-0.037586,-2.768306,0.840000,1.000000,0.200000,0.100000,-1.000000,0.349928
608,-1.794993,-0.439019,-17.517015,0.349928,-0.037586,-2.768306,0.800000,1.000000,0.200000,0.100000,-1.000000,0.349928
609,-1.793802,-0.435708,-17.544698,0.349928,-0.037586,-2.768306,0.760000,1.000000,0.200000,0.100000,-1.000000,0.349928
610,-1.792520,-0.432430,-17.572381,0.349928,-0.037586,-2.768306,0.740000,1.000000,0.200000,0.100000,-1.000000,0.349928
611,-1.791147,-0.429189,-17.600064,0.349928,-0.037586,-2.768306,0.700000,1.000000,0.260000,0.100000,-1.000000,0.349928
612,-1.789685,-0.425988,-17.627747,0.349928,-0.037586,-2.768306,0.680000,1.000000,0.400000,0.100000,-1.000000,0.349928
613,-1.788136,-0.422828,-17.655430,0.349928,-0.037586,-2.768306,0.660000,1.000000,0.380000,0.100000,-1.000000,0.349928
614,-1.786499,-0.419712,-17.683113,0.349928,-0.037586,-2.768306,0.640000,1.000000,0.380000,0.100000,-1.000000,0.349928
615,-1.784777,-0.416643,-17.710796,0.349928,-0.037586,-2.768306,0.560000,1.000000,1.000000,0.100000,-1.000000,0.349928
616,-1.782970,-0.413623,-17.738479,0.349928,-0.037586,-2.768306,0.540000,0.980000,1.000000,0.100000,-1.000000,0.349928
617,-1.781081,-0.410654,-17.766162,0.349928,-0.037586,-2.768306,0.520000,0.920000,1.000000,0.100000,-1.000000,0.349928
618,-1.779110,-0.407738,-17.793845,0.349928,-0.037586,-2.768306,0.520000,0.860000,1.000000,0.100000,-1.000000,0.349928
619,-1.777059,-0.404878,-17.821528,0.349928,-0.037586,-2.768306,0.500000,0.820000,1.000000,0.100000,-1.000000,0.349928
620,-1.774930,-0.402075,-17.849211,0.349928,-0.037586,-2.768306,0.480000,0.780000,1.000000,0.100000,-1.000000,0.349928
621,-1.772724,-0.399333,-17.876894,0.349928,-0.037586,-2.768306,0.480000,0.760000,1.000000,0.100000,-1.000000,0.349928
622,-1.770443,-0.396653,-17.904578,0.349928,-0.037586,-2.768306,0.460000,0.720000,1.000000,0.100000,-1.000000,0.349928
623,-1.768088,-0.394037,-17.932261,0.349928,-0.037586,-2.768306,0.460000,0.700000,1.000000,0.100000,-1.000000,0.349928
624,-1.765662,-0.391487,-17.959944,0.349928,-0.037586,-2.768306,0.440000,0.660000,1.000000,0.100000,-1.000000,0.349928
625,-1.763167,-0.389006,-17.987627,0.349928,-0.037586,-2.768306,0.440000,0.640000,1.000000,0.100000,-1.000000,0.349928
626,-1.760604,-0.386594,-18.015310,0.349928,-0.037586,-2.768306,0.420000,0.620000,1.000000,0.100000,-1.000000,0.349928
627,-1.757975,-0.384254,-18.042993,0.349928,-0.037586,-2.768306,0.420000,0.600000,1.000000,0.100000,-1.000000,0.349928
628,-1.755282,-0.381988,-18.070676,0.349928,-0.037586,-2.768306,0.420000,0.520000,0.960000,0.100000,-1.000000,0.349928
629,-1.752527,-0.379798,-18.098359,0.349928,-0.037586,-2.768306,0.400000,0.500000,0.900000,0.100000,-1.000000,0.349928
630,-1.749713,-0.377684,-18.126042,0.349928,-0.037586,-2.768306,0.400000,0.500000,0.840000,0.100000,-1.000000,0.349928
631,-1.746842,-0.375649,-18.153725,0.349928,-0.037586,-2.768306,0.400000,0.480000,0.800000,0.100000,-1.000000,0.349928
632,-1.743915,-0.373694,-18.181408,0.349928,-0.037586,-2.768306,0.380000,0.460000,0.760000,0.100000,-1.000000,0.349928
633,-1.740935,-0.371822,-18.209091,0.349928,-0.037586,-2.768306,0.380000,0.440000,0.720000,0.100000,-1.000000,0.349928
634,-1.737905,-0.370032,-18.236774,0.349928,-0.037586,-2.768306,0.340000,0.440000,0.700000,0.100000,-1.000000,0.349928
635,-1.734826,-0.368327,-18.264457,0.349928,-0.037586,-2.768305,0.320000,0.420000,0.660000,0.100000,-1.000000,0.349928
636,-1.731701,-0.366707,-18.292140,0.349928,-0.037586,-2.768305,0.320000,0.420000,0.640000,0.100000,-1.000000,0.349928
637,-1.728533,-0.365175,-18.319823,0.349928,-0.037586,-2.768305,0.320000,0.400000,0.600000,0.100000,-1.000000,0.349928
638,-1.725323,-0.363731,-18.347506,0.349928,-0.037586,-2.768305,0.320000,0.400000,0.580000,0.100000,-1.000000,0.349928
639,-1.722075,-0.362377,-18.375189,0.349928,-0.037586,-2.768305,0.320000,0.380000,0.500000,0.100000,-1.000000,0.349928
640,-1.718790,-0.361113,-18.402873,0.349928,-0.037586,-2.768305,0.300000,0.380000,0.480000,0.100000,-1.000000,0.349928
641,-1.715472,-0.359940,-18.430556,0.349928,-0.037586,-2.768305,0.300000,0.380000,0.480000,0.100000,-1.000000,0.349928
642,-1.712123,-0.358860,-18.458239,0.349928,-0.037586,-2.768305,0.300000,0.360000,0.460000,0.100000,-1.000000,0.349928
643,-1.708745,-0.357873,-18.485922,0.349928,-0.037586,-2.768305,0.300000,0.360000,0.440000,0.100000,-1.000000,0.349928
644,-1.705340,-0.356980,-18.513605,0.349928,-0.037586,-2.768305,0.300000,0.360000,0.420000,0.100000,-1.000000,0.349928
645,-1.701913,-0.356181,-18.541288,0.349928,-0.037586,-2.768305,0.300000,0.340000,0.420000,0.100000,-1.000000,0.349928
646,-1.698464,-0.355477,-18.568971,0.349928,-0.037586,-2.768305,0.280000,0.300000,0.400000,0.100000,-1.000000,0.349928
647,-1.694998,-0.354869,-18.596654,0.349928,-0.037586,-2.768305,0.280000,0.300000,0.400000,0.100000,-1.000000,0.349928
648,-1.691516,-0.354358,-18.624337,0.349928,-0.037586,-2.768305,0.280000,0.300000,0.380000,0.100000,-1.000000,0.349928
649,-1.688021,-0.353943,-18.652020,0.349928,-0.037586,-2.768305,0.280000,0.280000,0.380000,0.100000,-1.000000,0.349928
650,-1.684516,-0.353624,-18.679703,0.349928,-0.037586,-2.768305,0.280000,0.280000,0.360000,0.100000,-1.000000,0.349928
651,-1.681004,-0.353403,-18.707386,0.349928,-0.037586,-2.768305,0.280000,0.280000,0.360000,0.100000,-1.000000,0.349928
652,-1.677486,-0.353280,-18.735069,0.349928,-0.037586,-2.768305,0.280000,0.280000,0.340000,0.100000,-1.000000,0.349928
653,-1.673967,-0.353253,-18.762752,0.349928,-0.037586,-2.768305,0.280000,0.280000,0.340000,0.100000,-1.000000,0.349928
654,-1.670448,-0.353324,-18.790435,0.349928,-0.037586,-2.768305,0.280000,0.260000,0.340000,0.100000,-1.000000,0.349928
655,-1.666933,-0.353493,-18.818118,0.349928,-0.037586,-2.768305,0.280000,0.260000,0.320000,0.100000,-1.000000,0.349928
656,-1.663424,-0.353758,-18.845801,0.349928,-0.037586,-2.768305,0.280000,0.260000,0.320000,0.100000,-1.000000,0.349928
657,-1.659923,-0.354121,-18.873484,0.349928,-0.037586,-2.768305,0.280000,0.260000,0.320000,0.100000,-1.000000,0.349928
658,-1.656434,-0.354581,-18.901167,0.349928,-0.037586,-2.768305,0.280000,0.260000,0.260000,0.100000,-1.000000,0.349928
659,-1.652958,-0.355136,-18.928851,0.349928,-0.037586,-2.768305,0.280000,0.260000,0.260000,0.100000,-1.000000,0.349928
660,-1.649500,-0.355788,-18.956534,0.349928,-0.037586,-2.768305,0.280000,0.260000,0.260000,0.100000,-1.000000,0.349928
661,-1.646061,-0.356536,-18.984217,0.349928,-0.037586,-2.768305,0.280000,0.240000,0.260000,0.100000,-1.000000,0.349928
662,-1.642644,-0.357378,-19.011900,0.349928,-0.037586,-2.768305,0.280000,0.240000,0.240000,0.100000,-1.000000,0.349928
663,-1.639251,-0.358314,-19.039583,0.349928,-0.037586,-2.768305,0.280000,0.240000,0.240000,0.100000,-1.000000,0.349928
664,-1.635886,-0.359345,-19.067266,0.349928,-0.037586,-2.768305,0.280000,0.240000,0.240000,0.100000,-1.000000,0.349928
665,-1.632550,-0.360467,-19.094949,0.349928,-0.037586,-2.768305,0.280000,0.240000,0.240000,0.100000,-1.000000,0.349928
666,-1.629247,-0.361682,-19.122632,0.349928,-0.037586,-2.768305,0.280000,0.240000,0.240000,0.100000,-1.000000,0.349928
667,-1.625979,-0.362988,-19.150315,0.349928,-0.037586,-2.768305,0.280000,0.240000,0.240000,0.100000,-1.000000,0.349928
668,-1.622748,-0.364383,-19.177998,0.349928,-0.037586,-2.768305,0.300000,0.240000,0.220000,0.100000,-1.000000,0.349928
669,-1.619557,-0.365868,-19.205681,0.349928,-0.037586,-2.768305,0.300000,0.240000,0.220000,0.100000,-1.000000,0.349928
670,-1.616408,-0.367440,-19.233364,0.349928,-0.037586,-2.768305,0.280000,0.240000,0.220000,0.100000,-1.000000,0.349928
671,-1.613304,-0.369099,-19.261047,0.349928,-0.037586,-2.768305,0.280000,0.240000,0.220000,0.100000,-1.000000,0.349928
672,-1.610248,-0.370843,-19.288730,0.349928,-0.037586,-2.768305,0.260000,0.240000,0.220000,0.100000,-1.000000,0.349928
673,-1.607240,-0.372671,-19.316413,0.349928,-0.037586,-2.768305,0.260000,0.240000,0.220000,0.100000,-1.000000,0.349928
674,-1.604285,-0.374582,-19.344096,0.349928,-0.037586,-2.768305,0.260000,0.240000,0.220000,0.100000,-1.000000,0.349928
675,-1.601383,-0.376573,-19.371779,0.349928,-0.037586,-2.768305,0.260000,0.240000,0.220000,0.100000,-1.000000,0.349928
676,-1.598538,-0.378645,-19.399462,0.349928,-0.037586,-2.768305,0.260000,0.240000,0.220000,0.100000,-1.000000,0.349928
677,-1.595751,-0.380794,-19.427145,0.349928,-0.037586,-2.768305,0.280000,0.240000,0.220000,0.100000,-1.000000,0.349928
678,-1.593024,-0.383019,-19.454828,0.349928,-0.037586,-2.768305,0.280000,0.240000,0.220000,0.100000,-1.000000,0.349928
679,-1.590360,-0.385320,-19.482512,0.349928,-0.037586,-2.768305,0.280000,0.240000,0.220000,0.100000,-1.000000,0.349928
680,-1.587761,-0.387693,-19.510195,0.349928,-0.037586,-2.768305,0.300000,0.260000,0.200000,0.100000,-1.000000,0.349928
681,-1.585229,-0.390137,-19.537878,0.349928,-0.037586,-2.768305,0.300000,0.260000,0.200000,0.100000,-1.000000,0.349928
682,-1.582765,-0.392650,-19.565561,0.349928,-0.037586,-2.768305,0.320000,0.260000,0.200000,0.100000,-1.000000,0.349928
683,-1.580372,-0.395230,-19.593244,0.349928,-0.037586,-2.768305,0.320000,0.260000,0.200000,0.100000,-1.000000,0.349928
684,-1.578051,-0.397876,-19.620927,0.349928,-0.037586,-2.768305,0.340000,0.240000,0.220000,0.100000,-1.000000,0.349928
685,-1.575804,-0.400585,-19.648610,0.349928,-0.037586,-2.768305,0.360000,0.240000,0.220000,0.100000,-1.000000,0.349928
686,-1.573633,-0.403355,-19.676293,0.349928,-0.037586,-2.768305,0.380000,0.220000,0.220000,0.100000,-1.000000,0.349928
687,-1.571540,-0.406184,-19.703976,0.349928,-0.037586,-2.768305,0.400000,0.220000,0.220000,0.100000,-1.000000,0.349928
688,-1.569525,-0.409070,-19.731659,0.349928,-0.037586,-2.768305,0.420000,0.220000,0.220000,0.100000,-1.000000,0.349928
689,-1.567592,-0.412010,-19.759342,0.349928,-0.037586,-2.768305,0.440000,0.220000,0.220000,0.100000,-1.000000,0.349928
690,-1.565740,-0.415003,-19.787025,0.349928,-0.037586,-2.768305,0.480000,0.240000,0.220000,0.100000,-1.000000,0.349928
691,-1.563972,-0.418046,-19.814708,0.349928,-0.037586,-2.768305,0.520000,0.240000,0.220000,0.100000,-1.000000,0.349928
692,-1.562289,-0.421137,-19.842391,0.349928,-0.037586,-2.768305,0.580000,0.240000,0.220000,0.100000,-1.000000,0.349928
693,-1.560692,-0.424273,-19.870074,0.349928,-0.037586,-2.768305,0.660000,0.260000,0.220000,0.100000,-1.000000,0.349928
694,-1.559182,-0.427453,-19.897757,0.349928,-0.037586,-2.768305,0.740000,0.260000,0.220000,0.100000,-1.000000,0.349928
695,-1.557762,-0.430673,-19.925440,0.349928,-0.037586,-2.768305,1.000000,0.280000,0.220000,0.100000,-1.000000,0.349928
696,-1.556430,-0.433930,-19.953123,0.349928,-0.037586,-2.768305,1.000000,0.280000,0.200000,0.100000,-1.000000,0.349928
697,-1.555190,-0.437224,-19.980806,0.349928,-0.037586,-2.768305,1.000000,0.300000,0.200000,0.100000,-1.000000,0.349928
698,-1.554041,-0.440551,-20.008489,0.349928,-0.037586,-2.768305,1.000000,0.320000,0.180000,0.100000,-1.000000,0.349928
699,-1.552984,-0.443908,-20.036172,0.349928,-0.037586,-2.768305,1.000000,0.340000,0.200000,0.100000,-1.000000,0.349928
700,-1.552021,-0.447293,-20.063856,0.349928,-0.037586,-2.768305,1.000000,0.360000,0.200000,0.100000,-1.000000,0.349928
701,-1.551152,-0.450703,-20.091539,0.349928,-0.037586,-2.768305,1.000000,0.380000,0.200000,0.100000,-1.000000,0.349928
702,-1.550378,-0.454136,-20.119222,0.349928,-0.037586,-2.768305,1.000000,0.420000,0.200000,0.100000,-1.000000,0.349928
703,-1.549699,-0.457590,-20.146905,0.349928,-0.037586,-2.768305,1.000000,0.460000,0.220000,0.100000,-1.000000,0.349928
704,-1.549116,-0.461061,-20.174588,0.349928,-0.037586,-2.768305,1.000000,0.500000,0.220000,0.100000,-1.000000,0.349928
705,-1.548629,-0.464546,-20.202271,0.349928,-0.037586,-2.768305,1.000000,0.560000,0.240000,0.100000,-1.000000,0.349928
706,-1.548239,-0.468044,-20.229954,0.349928,-0.037586,-2.768305,1.000000,0.640000,0.240000,0.100000,-1.000000,0.349928
707,-1.547946,-0.471551,-20.257637,0.349928,-0.037586,-2.768305,1.000000,0.740000,0.260000,0.100000,-1.000000,0.349928
708,-1.547750,-0.475065,-20.285320,0.349928,-0.037586,-2.768305,0.960000,1.000000,0.260000,0.100000,-1.000000,0.349928
709,-1.547651,-0.478583,-20.313003,0.349928,-0.037586,-2.768305,0.940000,1.000000,0.280000,0.100000,-1.000000,0.349928
710,-1.547650,-0.482102,-20.340686,0.349928,-0.037586,-2.768305,0.920000,1.000000,0.300000,0.100000,-1.000000,0.349928
711,-1.547746,-0.485620,-20.368369,0.349928,-0.037586,-2.768305,0.860000,1.000000,0.320000,0.100000,-1.000000,0.349928
712,-1.547940,-0.489135,-20.396052,0.349928,-0.037586,-2.768305,0.860000,1.000000,0.340000,0.100000,-1.000000,0.349928
713,-1.548231,-0.492642,-20.423735,0.349928,-0.037586,-2.768305,0.820000,1.000000,0.360000,0.100000,-1.000000,0.349928
714,-1.548618,-0.496140,-20.451418,0.349928,-0.037586,-2.768305,0.760000,1.000000,0.400000,0.100000,-1.000000,0.349928
715,-1.549103,-0.499626,-20.479101,0.349928,-0.037586,-2.768305,0.720000,1.000000,0.420000,0.100000,-1.000000,0.349928
716,-1.549683,-0.503097,-20.506784,0.349928,-0.037586,-2.768305,0.680000,1.000000,0.480000,0.100000,-1.000000,0.349928
717,-1.550360,-0.506551,-20.534467,0.349928,-0.037586,-2.768305,0.640000,1.000000,0.520000,0.100000,-1.000000,0.349928
718,-1.551132,-0.509985,-20.562150,0.349928,-0.037586,-2.768305,0.600000,1.000000,0.600000,0.100000,-1.000000,0.349928
719,-1.551998,-0.513396,-20.589833,0.349928,-0.037586,-2.768305,0.580000,0.980000,0.700000,0.100000,-1.000000,0.349928
720,-1.552959,-0.516781,-20.617516,0.349928,-0.037586,-2.768305,0.540000,0.980000,1.000000,0.100000,-1.000000,0.349928
721,-1.554013,-0.520139,-20.645199,0.349928,-0.037586,-2.768305,0.520000,0.900000,1.000000,0.100000,-1.000000,0.349928
722,-1.555160,-0.523467,-20.672883,0.349928,-0.037586,-2.768305,0.500000,0.900000,1.000000,0.100000,-1.000000,0.349928
723,-1.556398,-0.526761,-20.700566,0.349928,-0.037586,-2.768305,0.480000,0.860000,1.000000,0.100000,-1.000000,0.349928
724,-1.557727,-0.530020,-20.728249,0.349928,-0.037586,-2.768305,0.460000,0.820000,1.000000,0.100000,-1.000000,0.349928
725,-1.559146,-0.533241,-20.755932,0.349928,-0.037586,-2.768305,0.440000,0.820000,1.000000,0.100000,-1.000000,0.349928
726,-1.560653,-0.536421,-20.783615,0.349928,-0.037586,-2.768305,0.420000,0.780000,1.000000,0.100000,-1.000000,0.349928
727,-1.562248,-0.539558,-20.811298,0.349928,-0.037586,-2.768305,0.420000,0.720000,1.000000,0.100000,-1.000000,0.349928
728,-1.563928,-0.542650,-20.838981,0.349928,-0.037586,-2.768305,0.340000,0.680000,1.000000,0.100000,-1.000000,0.349928
729,-1.565694,-0.545695,-20.866664,0.349928,-0.037586,-2.768305,0.320000,0.620000,1.000000,0.100000,-1.000000,0.349928
730,-1.567544,-0.548689,-20.894347,0.349928,-0.037586,-2.768305,0.320000,0.600000,1.000000,0.100000,-1.000000,0.349928
731,-1.569475,-0.551631,-20.922030,0.349928,-0.037586,-2.768305,0.300000,0.560000,0.960000,0.100000,-1.000000,0.349928
732,-1.571488,-0.554518,-20.949713,0.349928,-0.037586,-2.768305,0.300000,0.540000,0.940000,0.100000,-1.000000,0.349928
733,-1.573579,-0.557349,-20.977396,0.349928,-0.037586,-2.768305,0.300000,0.500000,0.880000,0.100000,-1.000000,0.349928
734,-1.575748,-0.560120,-21.005079,0.349928,-0.037586,-2.768305,0.280000,0.480000,0.860000,0.100000,-1.000000,0.349928
735,-1.577993,-0.562831,-21.032762,0.349928,-0.037586,-2.768305,0.280000,0.460000,0.840000,0.100000,-1.000000,0.349928
736,-1.580312,-0.565478,-21.060445,0.349928,-0.037586,-2.768305,0.260000,0.440000,0.800000,0.100000,-1.000000,0.349928
737,-1.582704,-0.568060,-21.088128,0.349928,-0.037586,-2.768305,0.260000,0.420000,0.800000,0.100000,-1.000000,0.349928
738,-1.585166,-0.570575,-21.115811,0.349928,-0.037586,-2.768305,0.260000,0.400000,0.760000,0.100000,-1.000000,0.349928
739,-1.587697,-0.573021,-21.143494,0.349928,-0.037586,-2.768305,0.240000,0.380000,0.700000,0.100000,-1.000000,0.349928
740,-1.590294,-0.575396,-21.171177,0.349928,-0.037586,-2.768305,0.240000,0.380000,0.640000,0.100000,-1.000000,0.349928
741,-1.592956,-0.577698,-21.198860,0.349928,-0.037586,-2.768304,0.240000,0.300000,0.600000,0.100000,-1.000000,0.349928
742,-1.595681,-0.579925,-21.226543,0.349928,-0.037586,-2.768304,0.240000,0.300000,0.560000,0.100000,-1.000000,0.349928
743,-1.598466,-0.582076,-21.254226,0.349928,-0.037586,-2.768304,0.220000,0.280000,0.520000,0.100000,-1.000000,0.349928
744,-1.601310,-0.584149,-21.281910,0.349928,-0.037586,-2.768304,0.220000,0.280000,0.500000,0.100000,-1.000000,0.349928
745,-1.604211,-0.586143,-21.309593,0.349928,-0.037586,-2.768304,0.220000,0.260000,0.480000,0.100000,-1.000000,0.349928
746,-1.607165,-0.588056,-21.337276,0.349928,-0.037586,-2.768304,0.220000,0.260000,0.440000,0.100000,-1.000000,0.349928
747,-1.610171,-0.589886,-21.364959,0.349928,-0.037586,-2.768304,0.200000,0.240000,0.420000,0.100000,-1.000000,0.349928
748,-1.613227,-0.591632,-21.392642,0.349928,-0.037586,-2.768304,0.200000,0.240000,0.400000,0.100000,-1.000000,0.349928
749,-1.616329,-0.593293,-21.420325,0.349928,-0.037586,-2.768304,0.200000,0.240000,0.380000,0.100000,-1.000000,0.349928
750,-1.619477,-0.594868,-21.448008,0.349928,-0.037586,-2.768304,0.200000,0.220000,0.360000,0.100000,-1.000000,0.349928
751,-1.622667,-0.596354,-21.475691,0.349928,-0.037586,-2.768304,0.200000,0.220000,0.360000,0.100000,-1.000000,0.349928
752,-1.625897,-0.597752,-21.503374,0.349928,-0.037586,-2.768304,0.200000,0.220000,0.340000,0.100000,-1.000000,0.349928
753,-1.629164,-0.599060,-21.531057,0.349928,-0.037586,-2.768304,0.180000,0.200000,0.260000,0.100000,-1.000000,0.349928
754,-1.632467,-0.600277,-21.558740,0.349928,-0.037586,-2.768304,0.180000,0.200000,0.260000,0.100000,-1.000000,0.349928
755,-1.635801,-0.601402,-21.586423,0.349928,-0.037586,-2.768304,0.180000,0.200000,0.240000,0.100000,-1.000000,0.349928
756,-1.639166,-0.602435,-21.614106,0.349928,-0.037586,-2.768304,0.180000,0.200000,0.240000,0.100000,-1.000000,0.349928
757,-1.642558,-0.603374,-21.641789,0.349928,-0.037586,-2.768304,0.180000,0.180000,0.220000,0.100000,-1.000000,0.349928
758,-1.645974,-0.604218,-21.669472,0.349928,-0.037586,-2.768304,0.180000,0.180000,0.220000,0.100000,-1.000000,0.349928
759,-1.649413,-0.604968,-21.697155,0.349928,-0.037586,-2.768304,0.180000,0.180000,0.220000,0.100000,-1.000000,0.349928
760,-1.652871,-0.605622,-21.724838,0.349928,-0.037586,-2.768304,0.160000,0.180000,0.200000,0.100000,-1.000000,0.349928
761,-1.656346,-0.606181,-21.752521,0.349928,-0.037586,-2.768304,0.160000,0.160000,0.200000,0.100000,-1.000000,0.349928
762,-1.659835,-0.606643,-21.780204,0.349928,-0.037586,-2.768304,0.160000,0.160000,0.180000,0.100000,-1.000000,0.349928
763,-1.663335,-0.607008,-21.807887,0.349928,-0.037586,-2.768304,0.160000,0.160000,0.180000,0.100000,-1.000000,0.349928
764,-1.666844,-0.607276,-21.835570,0.349928,-0.037586,-2.768304,0.160000,0.160000,0.180000,0.100000,-1.000000,0.349928
765,-1.670360,-0.607447,-21.863253,0.349928,-0.037586,-2.768304,0.160000,0.160000,0.180000,0.100000,-1.000000,0.349928
766,-1.673878,-0.607520,-21.890936,0.349928,-0.037586,-2.768304,0.160000,0.160000,0.160000,0.100000,-1.000000,0.349928
767,-1.677398,-0.607496,-21.918620,0.349928,-0.037586,-2.768304,0.160000,0.140000,0.160000,0.100000,-1.000000,0.349928
768,-1.680915,-0.607375,-21.946303,0.349928,-0.037586,-2.768304,0.160000,0.140000,0.160000,0.100000,-1.000000,0.349928
769,-1.684428,-0.607157,-21.973986,0.349928,-0.037586,-2.768304,0.160000,0.140000,0.160000,0.100000,-1.000000,0.349928
770,-1.687933,-0.606841,-22.001669,0.349928,-0.037586,-2.768304,0.140000,0.140000,0.140000,0.100000,-1.000000,0.349928
771,-1.691428,-0.606428,-22.029352,0.349928,-0.037586,-2.768304,0.140000,0.140000,0.140000,0.100000,-1.000000,0.349928
772,-1.694910,-0.605919,-22.057035,0.349928,-0.037586,-2.768304,0.140000,0.140000,0.140000,0.100000,-1.000000,0.349928
773,-1.698377,-0.605314,-22.084718,0.349928,-0.037586,-2.768304,0.140000,0.140000,0.140000,0.100000,-1.000000,0.349928
774,-1.701826,-0.604612,-22.112401,0.349928,-0.037586,-2.768304,0.140000,0.120000,0.140000,0.100000,-1.000000,0.349928
775,-1.705254,-0.603816,-22.140084,0.349928,-0.037586,-2.768304,0.140000,0.120000,0.120000,0.100000,-1.000000,0.349928
776,-1.708659,-0.602925,-22.167767,0.349928,-0.037586,-2.768304,0.140000,0.120000,0.120000,0.100000,-1.000000,0.349928
777,-1.712038,-0.601940,-22.195450,0.349928,-0.037586,-2.768304,0.140000,0.120000,0.120000,0.100000,-1.000000,0.349928
778,-1.715388,-0.600862,-22.223133,0.349928,-0.037586,-2.768304,0.140000,0.120000,0.120000,0.100000,-1.000000,0.349928
779,-1.718707,-0.599692,-22.250816,0.349928,-0.037586,-2.768304,0.140000,0.120000,0.120000,0.100000,-1.000000,0.349928
780,-1.721993,-0.598430,-22.278499,0.349928,-0.037586,-2.768304,0.140000,0.120000,0.120000,0.100000,-1.000000,0.349928
781,-1.725242,-0.597078,-22.306182,0.349928,-0.037586,-2.768304,0.140000,0.120000,0.100000,0.100000,-1.000000,0.349928
782,-1.728453,-0.595636,-22.333865,0.349928,-0.037586,-2.768304,0.140000,0.120000,0.100000,0.100000,-1.000000,0.349928
783,-1.731622,-0.594106,-22.361548,0.349928,-0.037586,-2.768304,0.140000,0.120000,0.100000,0.100000,-1.000000,0.349928
784,-1.734748,-0.592489,-22.389231,0.349928,-0.037586,-2.768304,0.140000,0.120000,0.100000,0.100000,-1.000000,0.349928
785,-1.737828,-0.590786,-22.416914,0.349928,-0.037586,-2.768304,0.140000,0.100000,0.100000,0.100000,-1.000000,0.349928
786,-1.740860,-0.588999,-22.444597,0.349928,-0.037586,-2.768304,0.140000,0.100000,0.100000,0.100000,-1.000000,0.349928
787,-1.743841,-0.587128,-22.472280,0.349928,-0.037586,-2.768304,0.140000,0.100000,0.100000,0.100000,-1.000000,0.349928
788,-1.746769,-0.585175,-22.499963,0.349928,-0.037586,-2.768304,0.140000,0.100000,0.100000,0.100000,-1.000000,0.349928
789,-1.749641,-0.583143,-22.527647,0.349928,-0.037586,-2.768304,0.140000,0.100000,0.100000,0.100000,-1.000000,0.349928
790,-1.752457,-0.581031,-22.555330,0.349928,-0.037586,-2.768304,0.140000,0.100000,0.080000,0.100000,-1.000000,0.349928
791,-1.755213,-0.578842,-22.583013,0.349928,-0.037586,-2.768304,0.140000,0.100000,0.080000,0.100000,-1.000000,0.349928
792,-1.757907,-0.576578,-22.610696,0.349928,-0.037586,-2.768304,0.140000,0.100000,0.080000,0.100000,-1.000000,0.349928
793,-1.760538,-0.574240,-22.638379,0.349928,-0.037586,-2.768304,0.140000,0.100000,0.080000,0.100000,-1.000000,0.349928
794,-1.763103,-0.571830,-22.666062,0.349928,-0.037586,-2.768304,0.140000,0.100000,0.080000,0.100000,-1.000000,0.349928
795,-1.765600,-0.569350,-22.693745,0.349928,-0.037586,-2.768304,0.140000,0.100000,0.080000,0.100000,-1.000000,0.349928
796,-1.768028,-0.566802,-22.721428,0.349928,-0.037586,-2.768304,0.140000,0.100000,0.080000,0.100000,-1.000000,0.349928
797,-1.770384,-0.564188,-22.749111,0.349928,-0.037586,-2.768304,0.160000,0.100000,0.080000,0.100000,-1.000000,0.349928
798,-1.772667,-0.561509,-22.776794,0.349928,-0.037586,-2.768304,0.160000,0.100000,0.080000,0.100000,-1.000000,0.349928
799,-1.774875,-0.558769,-22.804477,0.349928,-0.037586,-2.768304,0.160000,0.100000,0.080000,0.100000,-1.000000,0.349928
800,-1.777006,-0.555968,-22.832160,0.349928,-0.037586,-2.768304,0.160000,0.100000,0.080000,0.100000,-1.000000,0.349928
801,-1.779059,-0.553109,-22.859843,0.349928,-0.037586,-2.768304,0.180000,0.100000,0.080000,0.100000,-1.000000,0.349928
802,-1.781032,-0.550195,-22.887526,0.349928,-0.037586,-2.768304,0.180000,0.100000,0.080000,0.100000,-1.000000,0.349928
803,-1.782924,-0.547227,-22.915209,0.349928,-0.037586,-2.768304,0.200000,0.100000,0.080000,0.100000,-1.000000,0.349928
804,-1.784732,-0.544208,-22.942892,0.349928,-0.037586,-2.768304,0.200000,0.100000,0.080000,0.100000,-1.000000,0.349928
805,-1.786457,-0.541140,-22.970575,0.349928,-0.037586,-2.768304,0.220000,0.100000,0.080000,0.100000,-1.000000,0.349928
806,-1.788095,-0.538025,-22.998258,0.349928,-0.037586,-2.768304,0.240000,0.100000,0.080000,0.100000,-1.000000,0.349928
807,-1.789647,-0.534867,-23.025941,0.349928,-0.037586,-2.768304,0.260000,0.100000,0.080000,0.100000,-1.000000,0.349928
808,-1.791111,-0.531666,-23.053624,0.349928,-0.037586,-2.768304,0.280000,0.100000,0.080000,0.100000,-1.000000,0.349928
809,-1.792486,-0.528426,-23.081307,0.349928,-0.037586,-2.768304,0.280000,0.100000,0.080000,0.100000,-1.000000,0.349928
810,-1.793771,-0.525150,-23.108990,0.349928,-0.037586,-2.768304,0.280000,0.120000,0.080000,0.100000,-1.000000,0.349928
811,-1.794964,-0.521839,-23.136673,0.349928,-0.037586,-2.768304,0.260000,0.120000,0.080000,0.100000,-1.000000,0.349928
812,-1.796065,-0.518496,-23.164357,0.349928,-0.037586,-2.768304,0.260000,0.120000,0.080000,0.100000,-1.000000,0.349928
813,-1.797074,-0.515124,-23.192040,0.349928,-0.037586,-2.768304,0.260000,0.120000,0.080000,0.100000,-1.000000,0.349928
814,-1.797988,-0.511726,-23.219723,0.349928,-0.037586,-2.768304,0.460000,0.140000,0.080000,0.100000,-1.000000,0.349928
815,-1.798809,-0.508303,-23.247406,0.349928,-0.037586,-2.768304,0.460000,0.140000,0.080000,0.100000,-1.000000,0.349928
816,-1.799534,-0.504859,-23.275089,0.349928,-0.037586,-2.768304,0.460000,0.160000,0.080000,0.100000,-1.000000,0.349928
817,-1.800163,-0.501397,-23.302772,0.349928,-0.037586,-2.768304,1.000000,0.160000,0.080000,0.100000,-1.000000,0.349928
818,-1.800697,-0.497918,-23.330455,0.349928,-0.037586,-2.768304,1.000000,0.180000,0.080000,0.100000,-1.000000,0.349928
819,-1.801134,-0.494426,-23.358138,0.349928,-0.037586,-2.768304,1.000000,0.200000,0.080000,0.100000,-1.000000,0.349928
820,-1.801474,-0.490923,-23.385821,0.349928,-0.037586,-2.768304,1.000000,0.240000,0.080000,0.100000,-1.000000,0.349928
821,-1.801717,-0.487412,-23.413504,0.349928,-0.037586,-2.768304,1.000000,0.240000,0.100000,0.100000,-1.000000,0.349928
822,-1.801863,-0.483896,-23.441187,0.349928,-0.037586,-2.768304,1.000000,0.240000,0.100000,0.100000,-1.000000,0.349928
823,-1.801911,-0.480376,-23.468870,0.349928,-0.037586,-2.768304,1.000000,0.240000,0.100000,0.100000,-1.000000,0.349928
824,-1.801862,-0.476857,-23.496553,0.349928,-0.037586,-2.768304,1.000000,0.240000,0.100000,0.100000,-1.000000,0.349928
825,-1.801716,-0.473341,-23.524236,0.349928,-0.037586,-2.768304,1.000000,0.220000,0.120000,0.100000,-1.000000,0.349928
826,-1.801472,-0.469830,-23.551919,0.349928,-0.037586,-2.768304,1.000000,0.220000,0.120000,0.100000,-1.000000,0.349928
827,-1.801132,-0.466327,-23.579602,0.349928,-0.037586,-2.768304,1.000000,0.420000,0.140000,0.100000,-1.000000,0.349928
828,-1.800694,-0.462835,-23.607285,0.349928,-0.037586,-2.768304,1.000000,0.420000,0.140000,0.100000,-1.000000,0.349928
829,-1.800160,-0.459356,-23.634968,0.349928,-0.037586,-2.768304,1.000000,0.420000,0.160000,0.100000,-1.000000,0.349928
830,-1.799530,-0.455894,-23.662651,0.349928,-0.037586,-2.768304,1.000000,1.000000,0.180000,0.100000,-1.000000,0.349928
831,-1.798804,-0.452450,-23.690334,0.349928,-0.037586,-2.768304,0.960000,1.000000,0.200000,0.100000,-1.000000,0.349928
832,-1.797983,-0.449028,-23.718017,0.349928,-0.037586,-2.768304,0.920000,1.000000,0.220000,0.100000,-1.000000,0.349928
833,-1.797068,-0.445629,-23.745700,0.349928,-0.037586,-2.768304,0.880000,1.000000,0.200000,0.100000,-1.000000,0.349928
834,-1.796059,-0.442258,-23.773384,0.349928,-0.037586,-2.768304,0.840000,1.000000,0.200000,0.100000,-1.000000,0.349928
835,-1.794957,-0.438915,-23.801067,0.349928,-0.037586,-2.768304,0.800000,1.000000,0.200000,0.100000,-1.000000,0.349928
836,-1.793763,-0.435605,-23.828750,0.349928,-0.037586,-2.768304,0.760000,1.000000,0.200000,0.100000,-1.000000,0.349928
837,-1.792478,-0.432328,-23.856433,0.349928,-0.037586,-2.768304,0.740000,1.000000,0.200000,0.100000,-1.000000,0.349928
838,-1.791103,-0.429089,-23.884116,0.349928,-0.037586,-2.768304,0.700000,1.000000,0.280000,0.100000,-1.000000,0.349928
839,-1.789638,-0.425888,-23.911799,0.349928,-0.037586,-2.768304,0.680000,1.000000,0.400000,0.100000,-1.000000,0.349928
840,-1.788086,-0.422730,-23.939482,0.349928,-0.037586,-2.768304,0.660000,1.000000,0.380000,0.100000,-1.000000,0.349928
841,-1.786446,-0.419616,-23.967165,0.349928,-0.037586,-2.768304,0.640000,1.000000,0.380000,0.100000,-1.000000,0.349928
842,-1.784722,-0.416548,-23.994848,0.349928,-0.037586,-2.768304,0.560000,1.000000,1.000000,0.100000,-1.000000,0.349928
843,-1.782912,-0.413529,-24.022531,0.349928,-0.037586,-2.768304,0.540000,0.960000,1.000000,0.100000,-1.000000,0.349928
844,-1.781020,-0.410562,-24.050214,0.349928,-0.037586,-2.768304,0.520000,0.920000,1.000000,0.100000,-1.000000,0.349928
845,-1.779047,-0.407647,-24.077897,0.349928,-0.037586,-2.768304,0.520000,0.860000,1.000000,0.100000,-1.000000,0.349928
846,-1.776994,-0.404789,-24.105580,0.349928,-0.037586,-2.768304,0.500000,0.820000,1.000000,0.100000,-1.000000,0.349928
847,-1.774862,-0.401989,-24.133263,0.349928,-0.037586,-2.768304,0.480000,0.780000,1.000000,0.100000,-1.000000,0.349928
848,-1.772653,-0.399248,-24.160946,0.349928,-0.037586,-2.768304,0.480000,0.760000,1.000000,0.100000,-1.000000,0.349928
849,-1.770370,-0.396570,-24.188629,0.349928,-0.037586,-2.768304,0.460000,0.720000,1.000000,0.100000,-1.000000,0.349928
850,-1.768013,-0.393956,-24.216312,0.349928,-0.037586,-2.768304,0.460000,0.700000,1.000000,0.100000,-1.000000,0.349928
851,-1.765585,-0.391409,-24.243995,0.349928,-0.037586,-2.768304,0.440000,0.660000,1.000000,0.100000,-1.000000,0.349928
852,-1.763088,-0.388929,-24.271678,0.349928,-0.037586,-2.768304,0.440000,0.640000,1.000000,0.100000,-1.000000,0.349928
853,-1.760522,-0.386520,-24.299361,0.349928,-0.037586,-2.768304,0.420000,0.620000,1.000000,0.100000,-1.000000,0.349928
854,-1.757891,-0.384182,-24.327044,0.349928,-0.037586,-2.768304,0.420000,0.600000,1.000000,0.100000,-1.000000,0.349928
855,-1.755197,-0.381919,-24.354727,0.349928,-0.037586,-2.768304,0.420000,0.520000,0.960000,0.100000,-1.000000,0.349928
856,-1.752440,-0.379730,-24.382410,0.349928,-0.037586,-2.768304,0.400000,0.500000,0.900000,0.100000,-1.000000,0.349928
857,-1.749624,-0.377619,-24.410094,0.349928,-0.037586,-2.768304,0.400000,0.480000,0.840000,0.100000,-1.000000,0.349928
858,-1.746751,-0.375587,-24.437777,0.349928,-0.037586,-2.768304,0.380000,0.480000,0.800000,0.100000,-1.000000,0.349928
859,-1.743823,-0.373635,-24.465460,0.349928,-0.037586,-2.768304,0.380000,0.460000,0.760000,0.100000,-1.000000,0.349928
860,-1.740841,-0.371764,-24.493143,0.349928,-0.037586,-2.768304,0.340000,0.440000,0.720000,0.100000,-1.000000,0.349928
861,-1.737809,-0.369977,-24.520826,0.349928,-0.037586,-2.768304,0.340000,0.440000,0.700000,0.100000,-1.000000,0.349928
862,-1.734729,-0.368275,-24.548509,0.349928,-0.037586,-2.768304,0.320000,0.420000,0.660000,0.100000,-1.000000,0.349928
863,-1.731603,-0.366658,-24.576192,0.349928,-0.037586,-2.768304,0.320000,0.420000,0.640000,0.100000,-1.000000,0.349928
864,-1.728433,-0.365129,-24.603875,0.349928,-0.037586,-2.768304,0.320000,0.400000,0.600000,0.100000,-1.000000,0.349928
865,-1.725222,-0.363688,-24.631558,0.349928,-0.037586,-2.768304,0.320000,0.400000,0.580000,0.100000,-1.000000,0.349928
866,-1.721973,-0.362336,-24.659241,0.349928,-0.037586,-2.768304,0.300000,0.380000,0.500000,0.100000,-1.000000,0.349928
867,-1.718687,-0.361075,-24.686924,0.349928,-0.037586,-2.768304,0.300000,0.380000,0.480000,0.100000,-1.000000,0.349928
868,-1.715368,-0.359905,-24.714607,0.349928,-0.037586,-2.768304,0.300000,0.380000,0.480000,0.100000,-1.000000,0.349928
869,-1.712017,-0.358828,-24.742290,0.349928,-0.037586,-2.768304,0.300000,0.360000,0.460000,0.100000,-1.000000,0.349928
870,-1.708638,-0.357843,-24.769973,0.349928,-0.037586,-2.768304,0.300000,0.360000,0.440000,0.100000,-1.000000,0.349928
871,-1.705234,-0.356953,-24.797656,0.349928,-0.037586,-2.768304,0.300000,0.360000,0.420000,0.100000,-1.000000,0.349928
872,-1.701805,-0.356157,-24.825339,0.349928,-0.037586,-2.768304,0.300000,0.340000,0.420000,0.100000,-1.000000,0.349928
873,-1.698356,-0.355457,-24.853022,0.349928,-0.037586,-2.768304,0.280000,0.300000,0.400000,0.100000,-1.000000,0.349928
874,-1.694889,-0.354852,-24.880705,0.349928,-0.037586,-2.768304,0.280000,0.300000,0.400000,0.100000,-1.000000,0.349928
875,-1.691407,-0.354343,-24.908388,0.349928,-0.037586,-2.768304,0.280000,0.300000,0.380000,0.100000,-1.000000,0.349928
876,-1.687912,-0.353931,-24.936071,0.349928,-0.037586,-2.768304,0.280000,0.280000,0.380000,0.100000,-1.000000,0.349928
877,-1.684406,-0.353616,-24.963754,0.349928,-0.037586,-2.768304,0.280000,0.280000,0.360000,0.100000,-1.000000,0.349928
878,-1.680894,-0.353398,-24.991437,0.349928,-0.037586,-2.768304,0.280000,0.280000,0.360000,0.100000,-1.000000,0.349928
879,-1.677376,-0.353277,-25.019120,0.349928,-0.037586,-2.768304,0.280000,0.280000,0.340000,0.100000,-1.000000,0.349928
880,-1.673857,-0.353254,-25.046804,0.349928,-0.037586,-2.768304,0.280000,0.280000,0.340000,0.100000,-1.000000,0.349928
881,-1.670338,-0.353328,-25.074487,0.349928,-0.037586,-2.768304,0.280000,0.260000,0.340000,0.100000,-1.000000,0.349928
882,-1.666823,-0.353500,-25.102170,0.349928,-0.037586,-2.768304,0.280000,0.260000,0.320000,0.100000,-1.000000,0.349928
883,-1.663314,-0.353768,-25.129853,0.349928,-0.037586,-2.768304,0.280000,0.260000,0.320000,0.100000,-1.000000,0.349928
884,-1.659814,-0.354134,-25.157536,0.349928,-0.037586,-2.768304,0.280000,0.260000,0.320000,0.100000,-1.000000,0.349928
885,-1.656325,-0.354597,-25.185219,0.349928,-0.037586,-2.768304,0.280000,0.260000,0.260000,0.100000,-1.000000,0.349928
886,-1.652850,-0.355155,-25.212902,0.349928,-0.037586,-2.768304,0.280000,0.260000,0.260000,0.100000,-1.000000,0.349928
887,-1.649392,-0.355810,-25.240585,0.349928,-0.037586,-2.768304,0.280000,0.260000,0.260000,0.100000,-1.000000,0.349928
888,-1.645954,-0.356561,-25.268268,0.349928,-0.037586,-2.768304,0.280000,0.240000,0.260000,0.100000,-1.000000,0.349928
889,-1.642537,-0.357406,-25.295951,0.349928,-0.037586,-2.768304,0.280000,0.240000,0.240000,0.100000,-1.000000,0.349928
890,-1.639145,-0.358345,-25.323634,0.349928,-0.037586,-2.768304,0.280000,0.240000,0.240000,0.100000,-1.000000,0.349928
891,-1.635781,-0.359378,-25.351317,0.349928,-0.037586,-2.768304,0.280000,0.240000,0.240000,0.100000,-1.000000,0.349928
892,-1.632447,-0.360504,-25.379000,0.349928,-0.037586,-2.768304,0.280000,0.240000,0.240000,0.100000,-1.000000,0.349928
893,-1.629144,-0.361721,-25.406683,0.349928,-0.037586,-2.768304,0.280000,0.240000,0.240000,0.100000,-1.000000,0.349928
894,-1.625877,-0.363030,-25.434366,0.349928,-0.037586,-2.768304,0.280000,0.240000,0.240000,0.100000,-1.000000,0.349928
895,-1.622648,-0.364428,-25.462049,0.349928,-0.037586,-2.768304,0.300000,0.240000,0.220000,0.100000,-1.000000,0.349928
896,-1.619458,-0.365916,-25.489732,0.349928,-0.037586,-2.768304,0.300000,0.240000,0.220000,0.100000,-1.000000,0.349928
897,-1.616311,-0.367491,-25.517415,0.349928,-0.037586,-2.768304,0.280000,0.240000,0.220000,0.100000,-1.000000,0.349928
898,-1.613208,-0.369152,-25.545098,0.349928,-0.037586,-2.768304,0.280000,0.240000,0.220000,0.100000,-1.000000,0.349928
899,-1.610153,-0.370899,-25.572781,0.349928,-0.037586,-2.768304,0.260000,0.240000,0.220000,0.100000,-1.000000,0.349928
900,-1.607147,-0.372730,-25.600464,0.349928,-0.037586,-2.768304,0.260000,0.240000,0.220000,0.100000,-1.000000,0.349928
901,-1.604193,-0.374643,-25.628147,0.349928,-0.037586,-2.768304,0.260000,0.240000,0.220000,0.100000,-1.000000,0.349928
902,-1.601293,-0.376637,-25.655831,0.349928,-0.037586,-2.768304,0.260000,0.240000,0.220000,0.100000,-1.000000,0.349928
903,-1.598449,-0.378711,-25.683514,0.349928,-0.037586,-2.768304,0.260000,0.240000,0.220000,0.100000,-1.000000,0.349928
904,-1.595664,-0.380862,-25.711197,0.349928,-0.037586,-2.768304,0.280000,0.240000,0.220000,0.100000,-1.000000,0.349928
905,-1.592940,-0.383090,-25.738880,0.349928,-0.037586,-2.768304,0.280000,0.240000,0.220000,0.100000,-1.000000,0.349928
906,-1.590278,-0.385393,-25.766563,0.349928,-0.037586,-2.768304,0.280000,0.240000,0.220000,0.100000,-1.000000,0.349928
907,-1.587681,-0.387768,-25.794246,0.349928,-0.037586,-2.768304,0.300000,0.260000,0.200000,0.100000,-1.000000,0.349928
908,-1.585151,-0.390214,-25.821929,0.349928,-0.037586,-2.768304,0.300000,0.260000,0.200000,0.100000,-1.000000,0.349928
909,-1.582689,-0.392729,-25.849612,0.349928,-0.037586,-2.768304,0.320000,0.260000,0.200000,0.100000,-1.000000,0.349928
910,-1.580298,-0.395312,-25.877295,0.349928,-0.037586,-2.768304,0.320000,0.260000,0.200000,0.100000,-1.000000,0.349928
911,-1.577979,-0.397960,-25.904978,0.349928,-0.037586,-2.768304,0.340000,0.240000,0.220000,0.100000,-1.000000,0.349928
912,-1.575735,-0.400670,-25.932661,0.349928,-0.037586,-2.768304,0.360000,0.240000,0.220000,0.100000,-1.000000,0.349928
913,-1.573566,-0.403442,-25.960344,0.349928,-0.037586,-2.768304,0.380000,0.220000,0.220000,0.100000,-1.000000,0.349928
914,-1.571475,-0.406273,-25.988027,0.349928,-0.037586,-2.768304,0.400000,0.220000,0.220000,0.100000,-1.000000,0.349928
915,-1.569464,-0.409161,-26.015710,0.349928,-0.037586,-2.768304,0.420000,0.220000,0.220000,0.100000,-1.000000,0.349928
916,-1.567532,-0.412103,-26.043393,0.349928,-0.037586,-2.768304,0.440000,0.220000,0.220000,0.100000,-1.000000,0.349928
917,-1.565683,-0.415098,-26.071076,0.349928,-0.037586,-2.768304,0.480000,0.240000,0.220000,0.100000,-1.000000,0.349928
918,-1.563918,-0.418142,-26.098759,0.349928,-0.037586,-2.768304,0.520000,0.240000,0.220000,0.100000,-1.000000,0.349928
919,-1.562238,-0.421235,-26.126442,0.349928,-0.037586,-2.768304,0.580000,0.240000,0.220000,0.100000,-1.000000,0.349928
920,-1.560643,-0.424372,-26.154125,0.349928,-0.037586,-2.768304,0.660000,0.260000,0.220000,0.100000,-1.000000,0.349928
921,-1.559137,-0.427553,-26.181808,0.349928,-0.037586,-2.768304,0.760000,0.260000,0.220000,0.100000,-1.000000,0.349928
922,-1.557719,-0.430774,-26.209491,0.349928,-0.037586,-2.768304,1.000000,0.280000,0.220000,0.100000,-1.000000,0.349928
923,-1.556390,-0.434033,-26.237174,0.349928,-0.037586,-2.768304,1.000000,0.280000,0.200000,0.100000,-1.000000,0.349928
924,-1.555152,-0.437328,-26.264857,0.349928,-0.037586,-2.768304,1.000000,0.300000,0.200000,0.100000,-1.000000,0.349928
925,-1.554006,-0.440655,-26.292541,0.349928,-0.037586,-2.768304,1.000000,0.320000,0.180000,0.100000,-1.000000,0.349928
926,-1.552953,-0.444013,-26.320224,0.349928,-0.037586,-2.768304,1.000000,0.340000,0.200000,0.100000,-1.000000,0.349928
927,-1.551993,-0.447399,-26.347907,0.349928,-0.037586,-2.768304,1.000000,0.360000,0.200000,0.100000,-1.000000,0.349928
928,-1.551127,-0.450810,-26.375590,0.349928,-0.037586,-2.768304,1.000000,0.380000,0.200000,0.100000,-1.000000,0.349928
929,-1.550355,-0.454244,-26.403273,0.349928,-0.037586,-2.768304,1.000000,0.420000,0.200000,0.100000,-1.000000,0.349928
930,-1.549680,-0.457698,-26.430956,0.349928,-0.037586,-2.768304,1.000000,0.460000,0.220000,0.100000,-1.000000,0.349928
931,-1.549099,-0.461169,-26.458639,0.349928,-0.037586,-2.768304,1.000000,0.500000,0.220000,0.100000,-1.000000,0.349928
932,-1.548616,-0.464655,-26.486322,0.349928,-0.037586,-2.768304,1.000000,0.560000,0.240000,0.100000,-1.000000,0.349928
933,-1.548229,-0.468153,-26.514005,0.349928,-0.037586,-2.768304,1.000000,0.640000,0.240000,0.100000,-1.000000,0.349928
934,-1.547938,-0.471661,-26.541688,0.349928,-0.037586,-2.768304,1.000000,0.740000,0.260000,0.100000,-1.000000,0.349928
935,-1.547745,-0.475175,-26.569371,0.349928,-0.037586,-2.768304,0.960000,1.000000,0.260000,0.100000,-1.000000,0.349928
936,-1.547650,-0.478693,-26.597054,0.349928,-0.037586,-2.768304,0.940000,1.000000,0.280000,0.100000,-1.000000,0.349928
937,-1.547652,-0.482212,-26.624737,0.349928,-0.037586,-2.768304,0.920000,1.000000,0.300000,0.100000,-1.000000,0.349928
938,-1.547751,-0.485730,-26.652420,0.349928,-0.037586,-2.768304,0.860000,1.000000,0.320000,0.100000,-1.000000,0.349928
939,-1.547947,-0.489244,-26.680103,0.349928,-0.037586,-2.768304,0.860000,1.000000,0.340000,0.100000,-1.000000,0.349928
940,-1.548241,-0.492751,-26.707786,0.349928,-0.037586,-2.768304,0.820000,1.000000,0.360000,0.100000,-1.000000,0.349928
941,-1.548632,-0.496249,-26.735469,0.349928,-0.037586,-2.768304,0.760000,1.000000,0.400000,0.100000,-1.000000,0.349928
942,-1.549119,-0.499735,-26.763152,0.349928,-0.037586,-2.768304,0.720000,1.000000,0.420000,0.100000,-1.000000,0.349928
943,-1.549703,-0.503205,-26.790835,0.349928,-0.037586,-2.768304,0.680000,1.000000,0.480000,0.100000,-1.000000,0.349928
944,-1.550383,-0.506659,-26.818518,0.349928,-0.037586,-2.768304,0.640000,1.000000,0.520000,0.100000,-1.000000,0.349928
945,-1.551157,-0.510092,-26.846201,0.349928,-0.037586,-2.768304,0.600000,1.000000,0.600000,0.100000,-1.000000,0.349928
946,-1.552027,-0.513502,-26.873884,0.349928,-0.037586,-2.768304,0.580000,0.980000,0.700000,0.100000,-1.000000,0.349928
947,-1.552991,-0.516887,-26.901567,0.349928,-0.037586,-2.768304,0.540000,0.980000,1.000000,0.100000,-1.000000,0.349928
948,-1.554048,-0.520244,-26.929251,0.349928,-0.037586,-2.768304,0.520000,0.900000,1.000000,0.100000,-1.000000,0.349928
949,-1.555197,-0.523570,-26.956934,0.349928,-0.037586,-2.768304,0.500000,0.900000,1.000000,0.100000,-1.000000,0.349928
950,-1.556438,-0.526863,-26.984617,0.349928,-0.037586,-2.768304,0.480000,0.860000,1.000000,0.100000,-1.000000,0.349928
951,-1.557770,-0.530121,-27.012300,0.349928,-0.037586,-2.768304,0.460000,0.820000,1.000000,0.100000,-1.000000,0.349928
952,-1.559191,-0.533341,-27.039983,0.349928,-0.037586,-2.768304,0.440000,0.820000,1.000000,0.100000,-1.000000,0.349928
953,-1.560701,-0.536520,-27.067666,0.349928,-0.037586,-2.768304,0.420000,0.780000,1.000000,0.100000,-1.000000,0.349928
954,-1.562299,-0.539656,-27.095349,0.349928,-0.037586,-2.768304,0.420000,0.720000,1.000000,0.100000,-1.000000,0.349928
955,-1.563982,-0.542746,-27.123032,0.349928,-0.037586,-2.768304,0.340000,0.660000,1.000000,0.100000,-1.000000,0.349928
956,-1.565751,-0.545789,-27.150715,0.349928,-0.037586,-2.768304,0.320000,0.620000,1.000000,0.100000,-1.000000,0.349928
957,-1.567603,-0.548782,-27.178398,0.349928,-0.037586,-2.768304,0.320000,0.600000,1.000000,0.100000,-1.000000,0.349928
958,-1.569537,-0.551722,-27.206081,0.349928,-0.037586,-2.768304,0.300000,0.560000,0.960000,0.100000,-1.000000,0.349928
959,-1.571552,-0.554608,-27.233764,0.349928,-0.037586,-2.768304,0.300000,0.520000,0.940000,0.100000,-1.000000,0.349928
960,-1.573646,-0.557436,-27.261447,0.349928,-0.037586,-2.768304,0.300000,0.500000,0.880000,0.100000,-1.000000,0.349928
961,-1.575817,-0.560206,-27.289130,0.349928,-0.037586,-2.768304,0.280000,0.480000,0.860000,0.100000,-1.000000,0.349928
962,-1.578065,-0.562915,-27.316813,0.349928,-0.037586,-2.768304,0.280000,0.460000,0.840000,0.100000,-1.000000,0.349928
963,-1.580386,-0.565560,-27.344496,0.349928,-0.037586,-2.768304,0.260000,0.440000,0.800000,0.100000,-1.000000,0.349928
964,-1.582780,-0.568140,-27.372179,0.349928,-0.037586,-2.768304,0.260000,0.420000,0.800000,0.100000,-1.000000,0.349928
965,-1.585244,-0.570653,-27.399862,0.349928,-0.037586,-2.768304,0.260000,0.400000,0.740000,0.100000,-1.000000,0.349928
966,-1.587777,-0.573096,-27.427545,0.349928,-0.037586,-2.768304,0.240000,0.380000,0.700000,0.100000,-1.000000,0.349928
967,-1.590376,-0.575469,-27.455228,0.349928,-0.037586,-2.768304,0.240000,0.380000,0.640000,0.100000,-1.000000,0.349928
968,-1.593040,-0.577768,-27.482911,0.349928,-0.037586,-2.768304,0.240000,0.300000,0.600000,0.100000,-1.000000,0.349928
969,-1.595767,-0.579993,-27.510594,0.349928,-0.037586,-2.768304,0.240000,0.300000,0.560000,0.100000,-1.000000,0.349928
970,-1.598555,-0.582142,-27.538278,0.349928,-0.037586,-2.768304,0.220000,0.280000,0.520000,0.100000,-1.000000,0.349928
971,-1.601400,-0.584213,-27.565961,0.349928,-0.037586,-2.768304,0.220000,0.280000,0.500000,0.100000,-1.000000,0.349928
972,-1.604302,-0.586204,-27.593644,0.349928,-0.037586,-2.768304,0.220000,0.260000,0.460000,0.100000,-1.000000,0.349928
973,-1.607258,-0.588114,-27.621327,0.349928,-0.037586,-2.768304,0.220000,0.260000,0.440000,0.100000,-1.000000,0.349928
974,-1.610266,-0.589942,-27.649010,0.349928,-0.037586,-2.768304,0.200000,0.240000,0.420000,0.100000,-1.000000,0.349928
975,-1.613323,-0.591685,-27.676693,0.349928,-0.037586,-2.768304,0.200000,0.240000,0.400000,0.100000,-1.000000,0.349928
976,-1.616427,-0.593344,-27.704376,0.349928,-0.037586,-2.768304,0.200000,0.240000,0.380000,0.100000,-1.000000,0.349928
977,-1.619576,-0.594916,-27.732059,0.349928,-0.037586,-2.768304,0.200000,0.220000,0.360000,0.100000,-1.000000,0.349928
978,-1.622767,-0.596400,-27.759742,0.349928,-0.037586,-2.768304,0.200000,0.220000,0.360000,0.100000,-1.000000,0.349928
979,-1.625999,-0.597795,-27.787425,0.349928,-0.037586,-2.768304,0.200000,0.220000,0.340000,0.100000,-1.000000,0.349928
980,-1.629267,-0.599100,-27.815108,0.349928,-0.037586,-2.768304,0.180000,0.200000,0.260000,0.100000,-1.000000,0.349928
981,-1.632570,-0.600314,-27.842791,0.349928,-0.037586,-2.768304,0.180000,0.200000,0.260000,0.100000,-1.000000,0.349928
982,-1.635906,-0.601436,-27.870474,0.349928,-0.037586,-2.768304,0.180000,0.200000,0.240000,0.100000,-1.000000,0.349928
983,-1.639271,-0.602466,-27.898157,0.349928,-0.037586,-2.768304,0.180000,0.200000,0.240000,0.100000,-1.000000,0.349928
984,-1.642664,-0.603402,-27.925840,0.349928,-0.037586,-2.768304,0.180000,0.180000,0.220000,0.100000,-1.000000,0.349928
985,-1.646081,-0.604243,-27.953523,0.349928,-0.037586,-2.768304,0.180000,0.180000,0.220000,0.100000,-1.000000,0.349928
986,-1.649521,-0.604990,-27.981206,0.349928,-0.037586,-2.768304,0.180000,0.180000,0.220000,0.100000,-1.000000,0.349928
987,-1.652979,-0.605641,-28.008889,0.349928,-0.037586,-2.768304,0.160000,0.180000,0.200000,0.100000,-1.000000,0.349928
988,-1.656455,-0.606197,-28.036572,0.349928,-0.037586,-2.768304,0.160000,0.160000,0.200000,0.100000,-1.000000,0.349928
989,-1.659944,-0.606656,-28.064255,0.349928,-0.037586,-2.768304,0.160000,0.160000,0.180000,0.100000,-1.000000,0.349928
990,-1.663445,-0.607018,-28.091938,0.349928,-0.037586,-2.768304,0.160000,0.160000,0.180000,0.100000,-1.000000,0.349928
991,-1.666954,-0.607283,-28.119621,0.349928,-0.037586,-2.768304,0.160000,0.160000,0.180000,0.100000,-1.000000,0.349928
992,-1.670470,-0.607451,-28.147304,0.349928,-0.037586,-2.768304,0.160000,0.160000,0.180000,0.100000,-1.000000,0.349928
993,-1.673988,-0.607521,-28.174988,0.349928,-0.037586,-2.768304,0.160000,0.160000,0.160000,0.100000,-1.000000,0.349928
994,-1.677508,-0.607494,-28.202671,0.349928,-0.037586,-2.768304,0.160000,0.140000,0.160000,0.100000,-1.000000,0.349928
995,-1.681025,-0.607370,-28.230354,0.349928,-0.037586,-2.768304,0.160000,0.140000,0.160000,0.100000,-1.000000,0.349928
996,-1.684537,-0.607148,-28.258037,0.349928,-0.037586,-2.768304,0.160000,0.140000,0.160000,0.100000,-1.000000,0.349928
997,-1.688042,-0.606829,-28.285720,0.349928,-0.037586,-2.768304,0.140000,0.140000,0.140000,0.100000,-1.000000,0.349928
998,-1.691537,-0.606414,-28.313403,0.349928,-0.037586,-2.768304,0.140000,0.140000,0.140000,0.100000,-1.000000,0.349928
999,-1.695019,-0.605901,-28.341086,0.349928,-0.037586,-2.768304,0.140000,0.140000,0.140000,0.100000,-1.000000,0.349928
