step,x,y,mu,vx,vy,omega,lidar_l,lidar_c,lidar_r,throttle,steering,reward
0,-1.502166,-1.746078,2.979534,0.000000,0.000000,0.000000,0.320000,0.220000,0.220000,0.100000,-1.000000,0.000000
1,-1.502166,-1.746078,2.979534,0.007000,0.000000,0.000000,0.320000,0.220000,0.220000,0.100000,-1.000000,0.007000
2,-1.502235,-1.746067,2.979534,0.014000,0.000000,0.000000,0.320000,0.220000,0.220000,0.100000,-1.000000,0.014000
3,-1.502373,-1.746044,2.979534,0.012635,-0.005371,-0.229722,0.320000,0.220000,0.220000,0.100000,-1.000000,0.012635
4,-1.502489,-1.745971,2.977237,0.014456,-0.013642,-0.130547,0.320000,0.220000,0.220000,0.100000,-1.000000,0.014456
5,-1.502609,-1.745812,2.975931,0.018464,-0.007716,-0.594771,0.320000,0.220000,0.220000,0.100000,-1.000000,0.018464
6,-1.502779,-1.745706,2.969983,0.023814,-0.016534,-0.259800,0.340000,0.260000,0.220000,0.100000,-1.000000,0.023814
7,-1.502985,-1.745502,2.967385,0.026136,-0.012580,-0.726427,0.340000,0.260000,0.220000,0.100000,-1.000000,0.026136
8,-1.503221,-1.745333,2.960121,0.030956,-0.021285,-0.426882,0.340000,0.260000,0.220000,0.100000,-1.000000,0.030956
9,-1.503487,-1.745068,2.955852,0.033981,-0.017852,-0.826197,0.340000,0.260000,0.200000,0.100000,-1.000000,0.033981
10,-1.503788,-1.744830,2.947590,0.038344,-0.025797,-0.589363,0.340000,0.260000,0.200000,0.100000,-1.000000,0.038344
11,-1.504114,-1.744503,2.941697,0.041704,-0.023224,-0.926226,0.340000,0.260000,0.200000,0.100000,-1.000000,0.041704
12,-1.504477,-1.744192,2.932435,0.045867,-0.029787,-0.767228,0.340000,0.260000,0.200000,0.100000,-1.000000,0.045867
13,-1.504864,-1.743806,2.924762,0.049446,-0.028652,-1.019612,0.340000,0.260000,0.200000,0.100000,-1.000000,0.049446
14,-1.505285,-1.743419,2.914566,0.053473,-0.033471,-0.952181,0.340000,0.260000,0.200000,0.100000,-1.000000,0.053473
15,-1.505731,-1.742973,2.905044,0.057212,-0.033962,-1.113680,0.340000,0.260000,0.200000,0.100000,-1.000000,0.057212
16,-1.506207,-1.742509,2.893908,0.061152,-0.037174,-1.128214,0.340000,0.260000,0.200000,0.100000,-1.000000,0.061152
17,-1.506709,-1.741998,2.882625,0.064996,-0.038811,-1.224822,0.400000,0.260000,0.200000,0.100000,-1.000000,0.064996
18,-1.507238,-1.741457,2.870377,0.068903,-0.041150,-1.281770,0.400000,0.260000,0.200000,0.100000,-1.000000,0.068903
19,-1.507791,-1.740876,2.857559,0.072800,-0.043167,-1.353740,0.400000,0.260000,0.200000,0.100000,-1.000000,0.072800
20,-1.508369,-1.740257,2.844022,0.076713,-0.045245,-1.420158,0.400000,0.260000,0.200000,0.100000,-1.000000,0.076713
21,-1.508970,-1.739600,2.829820,0.080636,-0.047265,-1.487219,0.400000,0.260000,0.200000,0.100000,-1.000000,0.080636
22,-1.509593,-1.738903,2.814948,0.084568,-0.049253,-1.553404,0.420000,0.260000,0.200000,0.100000,-1.000000,0.084568
23,-1.510236,-1.738165,2.799414,0.088510,-0.051204,-1.618947,0.420000,0.260000,0.200000,0.100000,-1.000000,0.088510
24,-1.510898,-1.737385,2.783225,0.092462,-0.053116,-1.683782,0.420000,0.260000,0.200000,0.100000,-1.000000,0.092462
25,-1.511577,-1.736564,2.766387,0.096422,-0.054987,-1.747878,0.420000,0.260000,0.200000,0.100000,-1.000000,0.096422
26,-1.512273,-1.735699,2.748908,0.100391,-0.056815,-1.811200,0.440000,0.260000,0.200000,0.100000,-1.000000,0.100391
27,-1.512983,-1.734790,2.730796,0.104368,-0.058600,-1.873714,0.440000,0.260000,0.200000,0.100000,-1.000000,0.104368
28,-1.513706,-1.733836,2.712059,0.108353,-0.060338,-1.935386,0.440000,0.300000,0.200000,0.100000,-1.000000,0.108353
29,-1.514439,-1.732836,2.692705,0.112344,-0.062029,-1.996181,0.460000,0.300000,0.200000,0.100000,-1.000000,0.112344
30,-1.515182,-1.731789,2.672743,0.116341,-0.063671,-2.056065,0.460000,0.320000,0.200000,0.100000,-1.000000,0.116341
31,-1.515933,-1.730696,2.652183,0.120343,-0.065262,-2.115003,0.460000,0.320000,0.240000,0.100000,-0.900000,0.120343
32,-1.516688,-1.729554,2.631033,0.126616,-0.065665,-2.124366,0.480000,0.320000,0.240000,0.100000,-0.900000,0.126616
33,-1.517472,-1.728362,2.609789,0.132409,-0.066229,-2.154709,0.500000,0.320000,0.240000,0.100000,-0.900000,0.132409
34,-1.518277,-1.727120,2.588242,0.137888,-0.066963,-2.193951,0.500000,0.320000,0.240000,0.100000,-0.900000,0.137888
35,-1.519098,-1.725826,2.566302,0.143148,-0.067818,-2.237811,0.520000,0.320000,0.240000,0.100000,-0.900000,0.143148
36,-1.519930,-1.724478,2.543924,0.148253,-0.068746,-2.284290,0.540000,0.380000,0.240000,0.100000,-0.900000,0.148253
37,-1.520769,-1.723075,2.521081,0.153241,-0.069711,-2.332252,0.540000,0.380000,0.240000,0.100000,-0.900000,0.153241
38,-1.521610,-1.721617,2.497759,0.158143,-0.070686,-2.380969,0.560000,0.380000,0.240000,0.100000,-0.900000,0.158143
39,-1.522451,-1.720103,2.473949,0.162975,-0.071652,-2.429939,0.580000,0.400000,0.240000,0.100000,-0.900000,0.162975
40,-1.523287,-1.718531,2.449650,0.167752,-0.072595,-2.478801,0.600000,0.400000,0.240000,0.100000,-0.900000,0.167752
41,-1.524116,-1.716902,2.424862,0.172483,-0.073502,-2.527284,0.640000,0.400000,0.240000,0.100000,-0.900000,0.172483
42,-1.524933,-1.715214,2.399589,0.177174,-0.074367,-2.575184,0.660000,0.420000,0.240000,0.100000,-0.900000,0.177174
43,-1.525737,-1.713469,2.373837,0.181830,-0.075183,-2.622339,0.700000,0.420000,0.300000,0.100000,-0.800000,0.181830
44,-1.526523,-1.711665,2.347614,0.188530,-0.074698,-2.615310,0.740000,0.440000,0.300000,0.100000,-0.800000,0.188530
45,-1.527312,-1.709797,2.321461,0.194830,-0.074394,-2.625531,0.760000,0.440000,0.300000,0.100000,-0.800000,0.194830
46,-1.528097,-1.707865,2.295205,0.200836,-0.074231,-2.645918,0.740000,0.460000,0.300000,0.100000,-0.800000,0.200836
47,-1.528872,-1.705869,2.268746,0.206620,-0.074167,-2.672494,0.760000,0.480000,0.300000,0.100000,-0.800000,0.206620
48,-1.529631,-1.703809,2.242021,0.212230,-0.074167,-2.702899,0.820000,0.480000,0.360000,0.100000,-0.700000,0.212230
49,-1.530371,-1.701686,2.214992,0.219730,-0.072554,-2.665182,0.880000,0.500000,0.360000,0.100000,-0.700000,0.219730
50,-1.531110,-1.699493,2.188340,0.226707,-0.071334,-2.651530,0.980000,0.520000,0.360000,0.100000,-0.700000,0.226707
51,-1.531841,-1.697232,2.161825,0.233302,-0.070401,-2.653237,1.000000,0.540000,0.380000,0.100000,-0.700000,0.233302
52,-1.532557,-1.694902,2.135293,0.239610,-0.069668,-2.664972,1.000000,0.560000,0.380000,0.100000,-0.700000,0.239610
53,-1.533250,-1.692505,2.108643,0.245696,-0.069074,-2.683365,1.000000,0.580000,0.380000,0.100000,-0.700000,0.245696
54,-1.533915,-1.690041,2.081809,0.251604,-0.068571,-2.706215,1.000000,0.600000,0.400000,0.100000,-0.600000,0.251604
55,-1.534548,-1.687511,2.054747,0.259232,-0.066240,-2.651597,1.000000,0.640000,0.400000,0.100000,-0.600000,0.259232
56,-1.535167,-1.684909,2.028231,0.266365,-0.064411,-2.622267,1.000000,0.680000,0.420000,0.100000,-0.600000,0.266365
57,-1.535766,-1.682234,2.002009,0.273133,-0.062938,-2.610083,1.000000,0.700000,0.420000,0.100000,-0.600000,0.273133
58,-1.536336,-1.679490,1.975908,0.279622,-0.061714,-2.609696,1.000000,0.740000,0.440000,0.100000,-0.600000,0.279622
59,-1.536871,-1.676677,1.949811,0.285893,-0.060662,-2.617531,1.000000,0.720000,0.440000,0.100000,-0.600000,0.285893
60,-1.537365,-1.673796,1.923635,0.291988,-0.059725,-2.631144,1.000000,0.740000,0.460000,0.100000,-0.500000,0.291988
61,-1.537813,-1.670850,1.897324,0.299614,-0.056755,-2.558761,1.000000,0.780000,0.480000,0.100000,-0.500000,0.299614
62,-1.538237,-1.667830,1.871736,0.306788,-0.054399,-2.513044,1.000000,0.860000,0.480000,0.100000,-0.500000,0.306788
63,-1.538627,-1.664739,1.846606,0.313624,-0.052477,-2.486197,1.000000,0.920000,0.500000,0.100000,-0.500000,0.313624
64,-1.538976,-1.661578,1.821744,0.320203,-0.050862,-2.472861,1.000000,1.000000,0.520000,0.100000,-0.400000,0.320203
65,-1.539278,-1.658350,1.797015,0.328038,-0.047009,-2.364500,1.000000,1.000000,0.540000,0.100000,-0.400000,0.328038
66,-1.539556,-1.655048,1.773370,0.335411,-0.044024,-2.290084,0.780000,1.000000,0.560000,0.100000,-0.300000,0.335411
67,-1.539800,-1.651674,1.750470,0.343575,-0.038839,-2.119667,0.680000,1.000000,0.580000,0.100000,-0.300000,0.343575
68,-1.540031,-1.648224,1.729273,0.351242,-0.034958,-1.997230,0.600000,1.000000,0.600000,0.100000,-0.300000,0.351242
69,-1.540241,-1.644700,1.709301,0.358552,-0.032025,-1.910295,0.540000,1.000000,0.620000,0.100000,-0.200000,0.358552
70,-1.540418,-1.641105,1.690198,0.366392,-0.026805,-1.722775,0.500000,1.000000,0.640000,0.100000,-0.200000,0.366392
71,-1.540589,-1.637435,1.672970,0.373883,-0.022974,-1.583852,0.480000,1.000000,0.660000,0.100000,-0.100000,0.373883
72,-1.540742,-1.633693,1.657131,0.381483,-0.017147,-1.352851,0.440000,1.000000,0.700000,0.100000,-0.100000,0.381483
73,-1.540900,-1.629877,1.643603,0.388846,-0.012935,-1.175832,0.420000,1.000000,0.700000,0.100000,-0.100000,0.388846
74,-1.541054,-1.625990,1.631845,0.396049,-0.009943,-1.041511,0.400000,1.000000,0.680000,0.100000,-0.100000,0.396049
75,-1.541196,-1.622030,1.621429,0.403142,-0.007842,-0.940100,0.400000,1.000000,0.680000,0.100000,-0.100000,0.403142
76,-1.541322,-1.618000,1.612028,0.410161,-0.006381,-0.863830,0.380000,1.000000,0.680000,0.100000,-0.100000,0.410161
77,-1.541427,-1.613899,1.603390,0.417129,-0.005372,-0.806756,0.380000,1.000000,0.680000,0.100000,-0.100000,0.417129
78,-1.541509,-1.609729,1.595323,0.424062,-0.004677,-0.764375,0.360000,1.000000,0.680000,0.100000,-0.100000,0.424062
79,-1.541566,-1.605488,1.587679,0.430969,-0.004197,-0.733283,0.360000,1.000000,0.700000,0.100000,-0.100000,0.430969
80,-1.541597,-1.601178,1.580346,0.437857,-0.003859,-0.710893,0.360000,1.000000,0.720000,0.100000,0.000000,0.437857
81,-1.541600,-1.596800,1.573237,0.444868,-0.000545,-0.564122,0.340000,1.000000,0.720000,0.100000,0.000000,0.444868
82,-1.541606,-1.592351,1.567596,0.451855,0.001762,-0.447097,0.340000,1.000000,0.740000,0.100000,0.000000,0.451855
83,-1.541609,-1.587832,1.563125,0.458829,0.003310,-0.353944,0.340000,1.000000,0.740000,0.100000,0.000000,0.458829
84,-1.541607,-1.583244,1.559585,0.465800,0.004293,-0.279821,0.340000,1.000000,0.760000,0.100000,0.000000,0.465800
85,-1.541598,-1.578586,1.556787,0.472769,0.004863,-0.220832,0.320000,1.000000,0.760000,0.100000,0.000000,0.472769
86,-1.541580,-1.573858,1.554579,0.479739,0.005132,-0.173880,0.320000,1.000000,0.760000,0.100000,0.000000,0.479739
87,-1.541554,-1.569060,1.552840,0.486711,0.005188,-0.136506,0.320000,1.000000,0.760000,0.100000,0.000000,0.486711
88,-1.541518,-1.564193,1.551475,0.493683,0.005094,-0.106765,0.320000,1.000000,0.780000,0.100000,0.100000,0.493683
89,-1.541474,-1.559256,1.550407,0.500370,0.007887,0.044709,0.320000,1.000000,0.780000,0.100000,0.100000,0.500370
90,-1.541450,-1.554252,1.550854,0.507105,0.009684,0.171196,0.320000,1.000000,0.780000,0.100000,0.100000,0.507105
91,-1.541446,-1.549180,1.552566,0.513884,0.010698,0.276589,0.320000,1.000000,0.760000,0.100000,0.000000,0.513884
92,-1.541459,-1.544040,1.555332,0.520891,0.008048,0.233608,0.320000,1.000000,0.760000,0.100000,0.000000,0.520891
93,-1.541459,-1.538830,1.557668,0.527887,0.005929,0.197058,0.320000,1.000000,0.760000,0.100000,0.000000,0.527887
94,-1.541449,-1.533551,1.559639,0.534874,0.004243,0.166036,0.340000,1.000000,0.760000,0.100000,0.000000,0.534874
95,-1.541432,-1.528202,1.561299,0.541857,0.002909,0.139739,0.340000,1.000000,0.760000,0.100000,0.000000,0.541857
96,-1.541410,-1.522784,1.562697,0.548836,0.001861,0.117467,0.340000,1.000000,0.740000,0.100000,0.000000,0.548836
97,-1.541384,-1.517295,1.563871,0.555813,0.001045,0.098617,0.340000,1.000000,0.740000,0.100000,0.000000,0.555813
98,-1.541356,-1.511737,1.564858,0.562787,0.000415,0.082672,0.340000,1.000000,0.740000,0.100000,0.000000,0.562787
99,-1.541326,-1.506109,1.565684,0.569761,-0.000065,0.069193,0.340000,1.000000,0.740000,0.100000,0.000000,0.569761
100,-1.541297,-1.500412,1.566376,0.576733,-0.000424,0.057803,0.340000,1.000000,0.740000,0.100000,0.000000,0.576733
101,-1.541267,-1.494645,1.566954,0.583704,-0.000686,0.048186,0.340000,1.000000,0.740000,0.100000,0.000000,0.583704
102,-1.541238,-1.488808,1.567436,0.590675,-0.000872,0.040071,0.340000,1.000000,0.740000,0.100000,0.000000,0.590675
103,-1.541209,-1.482901,1.567837,0.597645,-0.000996,0.033229,0.340000,1.000000,0.740000,0.100000,0.000000,0.597645
104,-1.541181,-1.476925,1.568169,0.604614,-0.001073,0.027466,0.340000,1.000000,0.740000,0.100000,0.000000,0.604614
105,-1.541155,-1.470879,1.568444,0.611582,-0.001113,0.022617,0.340000,1.000000,0.740000,0.100000,0.000000,0.611582
106,-1.541129,-1.464763,1.568670,0.618550,-0.001124,0.018543,0.340000,1.000000,0.740000,0.100000,0.000000,0.618550
107,-1.541105,-1.458577,1.568855,0.625517,-0.001113,0.015124,0.340000,1.000000,0.740000,0.100000,0.000000,0.625517
108,-1.541082,-1.452322,1.569007,0.632484,-0.001086,0.012259,0.340000,1.000000,0.740000,0.100000,0.000000,0.632484
109,-1.541059,-1.445997,1.569129,0.639449,-0.001047,0.009865,0.340000,1.000000,0.740000,0.100000,0.000000,0.639449
110,-1.541038,-1.439603,1.569228,0.646414,-0.001000,0.007867,0.340000,1.000000,0.740000,0.100000,0.000000,0.646414
111,-1.541018,-1.433139,1.569307,0.653379,-0.000947,0.006204,0.340000,1.000000,0.740000,0.100000,0.000000,0.653379
112,-1.540999,-1.426605,1.569369,0.660342,-0.000891,0.004824,0.340000,1.000000,0.740000,0.100000,0.000000,0.660342
113,-1.540981,-1.420002,1.569417,0.667305,-0.000833,0.003683,0.340000,1.000000,0.740000,0.100000,0.000000,0.667305
114,-1.540963,-1.413329,1.569454,0.674267,-0.000775,0.002744,0.340000,1.000000,0.740000,0.100000,0.000000,0.674267
115,-1.540946,-1.406586,1.569481,0.681228,-0.000717,0.001973,0.340000,1.000000,0.740000,0.100000,0.000000,0.681228
116,-1.540930,-1.399774,1.569501,0.688188,-0.000661,0.001345,0.340000,1.000000,0.740000,0.100000,0.000000,0.688188
117,-1.540915,-1.392892,1.569514,0.695148,-0.000607,0.000836,0.340000,1.000000,0.740000,0.100000,0.000000,0.695148
118,-1.540900,-1.385940,1.569523,0.702107,-0.000556,0.000427,0.340000,1.000000,0.740000,0.100000,0.000000,0.702107
119,-1.540885,-1.378919,1.569527,0.709065,-0.000507,0.000101,0.340000,1.000000,0.740000,0.100000,0.000000,0.709065
120,-1.540871,-1.371829,1.569528,0.716022,-0.000461,-0.000155,0.340000,1.000000,0.740000,0.100000,0.000000,0.716022
121,-1.540857,-1.364668,1.569526,0.722978,-0.000418,-0.000353,0.340000,1.000000,0.740000,0.100000,0.000000,0.722978
122,-1.540844,-1.357439,1.569523,0.729933,-0.000378,-0.000504,0.340000,1.000000,0.740000,0.100000,0.000000,0.729933
123,-1.540831,-1.350139,1.569518,0.736888,-0.000341,-0.000615,0.340000,1.000000,0.740000,0.100000,0.000000,0.736888
124,-1.540818,-1.342770,1.569512,0.743841,-0.000306,-0.000694,0.340000,1.000000,0.740000,0.100000,0.000000,0.743841
125,-1.540806,-1.335332,1.569505,0.750794,-0.000274,-0.000747,0.340000,1.000000,0.740000,0.100000,0.000000,0.750794
126,-1.540793,-1.327824,1.569497,0.757746,-0.000245,-0.000778,0.340000,1.000000,0.740000,0.100000,0.000000,0.757746
127,-1.540781,-1.320247,1.569489,0.764697,-0.000218,-0.000791,0.340000,1.000000,0.740000,0.100000,0.000000,0.764697
128,-1.540769,-1.312600,1.569482,0.771647,-0.000194,-0.000792,0.340000,1.000000,0.740000,0.100000,0.000000,0.771647
129,-1.540757,-1.304883,1.569474,0.778596,-0.000172,-0.000781,0.340000,1.000000,0.740000,0.100000,0.000000,0.778596
130,-1.540745,-1.297097,1.569466,0.785545,-0.000151,-0.000762,0.340000,1.000000,0.740000,0.100000,0.000000,0.785545
131,-1.540733,-1.289242,1.569458,0.792492,-0.000133,-0.000737,0.340000,1.000000,0.740000,0.100000,0.000000,0.792492
132,-1.540721,-1.281317,1.569451,0.799438,-0.000116,-0.000707,0.340000,1.000000,0.740000,0.100000,0.000000,0.799438
133,-1.540709,-1.273323,1.569444,0.806384,-0.000101,-0.000674,0.340000,1.000000,0.740000,0.100000,0.000000,0.806384
134,-1.540697,-1.265259,1.569437,0.813328,-0.000088,-0.000638,0.340000,1.000000,0.740000,0.100000,0.000000,0.813328
135,-1.540685,-1.257125,1.569431,0.820272,-0.000076,-0.000602,0.340000,1.000000,0.740000,0.100000,0.000000,0.820272
136,-1.540673,-1.248923,1.569425,0.827214,-0.000065,-0.000565,0.340000,1.000000,0.740000,0.100000,0.000000,0.827214
137,-1.540661,-1.240651,1.569419,0.834156,-0.000055,-0.000527,0.340000,1.000000,0.740000,0.100000,0.000000,0.834156
138,-1.540649,-1.232309,1.569414,0.841096,-0.000047,-0.000491,0.340000,1.000000,0.740000,0.100000,0.000000,0.841096
139,-1.540637,-1.223898,1.569409,0.848036,-0.000039,-0.000455,0.340000,1.000000,0.740000,0.100000,0.000000,0.848036
140,-1.540625,-1.215418,1.569404,0.854975,-0.000032,-0.000421,0.340000,1.000000,0.740000,0.100000,0.000000,0.854975
141,-1.540612,-1.206868,1.569400,0.861912,-0.000027,-0.000388,0.340000,1.000000,0.740000,0.100000,0.000000,0.861912
142,-1.540600,-1.198249,1.569396,0.868849,-0.000021,-0.000356,0.340000,1.000000,0.740000,0.100000,0.000000,0.868849
143,-1.540588,-1.189560,1.569393,0.875784,-0.000017,-0.000326,0.340000,1.000000,0.740000,0.100000,0.000000,0.875784
144,-1.540575,-1.180803,1.569389,0.882719,-0.000013,-0.000298,0.340000,1.000000,0.740000,0.100000,0.000000,0.882719
145,-1.540563,-1.171975,1.569386,0.889652,-0.000009,-0.000271,0.340000,1.000000,0.740000,0.100000,0.000000,0.889652
146,-1.540550,-1.163079,1.569384,0.896585,-0.000006,-0.000246,0.340000,1.000000,0.740000,0.100000,0.000000,0.896585
147,-1.540537,-1.154113,1.569381,0.903516,-0.000004,-0.000223,0.340000,1.000000,0.740000,0.100000,0.000000,0.903516
148,-1.540525,-1.145078,1.569379,0.910447,-0.000001,-0.000201,0.340000,1.000000,0.740000,0.100000,0.000000,0.910447
149,-1.540512,-1.135973,1.569377,0.917376,0.000001,-0.000181,0.340000,1.000000,0.740000,0.100000,0.000000,0.917376
150,-1.540499,-1.126800,1.569375,0.924304,0.000002,-0.000162,0.340000,1.000000,0.740000,0.100000,0.000000,0.924304
151,-1.540485,-1.117557,1.569373,0.931231,0.000003,-0.000145,0.340000,1.000000,0.740000,0.100000,0.000000,0.931231
152,-1.540472,-1.108244,1.569372,0.938157,0.000004,-0.000129,0.340000,1.000000,0.740000,0.100000,0.000000,0.938157
153,-1.540459,-1.098863,1.569371,0.945082,0.000005,-0.000115,0.340000,1.000000,0.740000,0.100000,0.000000,0.945082
154,-1.540446,-1.089412,1.569370,0.952006,0.000006,-0.000102,0.340000,1.000000,0.740000,0.100000,0.000000,0.952006
155,-1.540432,-1.079892,1.569369,0.958928,0.000007,-0.000089,0.340000,1.000000,0.740000,0.100000,0.000000,0.958928
156,-1.540418,-1.070303,1.569368,0.965850,0.000007,-0.000078,0.340000,1.000000,0.740000,0.100000,0.000000,0.965850
157,-1.540405,-1.060644,1.569367,0.972770,0.000007,-0.000068,0.340000,1.000000,0.740000,0.100000,0.000000,0.972770
158,-1.540391,-1.050917,1.569366,0.979689,0.000007,-0.000059,0.340000,1.000000,0.740000,0.100000,0.000000,0.979689
159,-1.540377,-1.041120,1.569366,0.986607,0.000007,-0.000051,0.340000,1.000000,0.720000,0.100000,0.000000,0.986607
160,-1.540363,-1.031254,1.569365,0.993524,0.000007,-0.000044,0.340000,1.000000,0.720000,0.100000,0.000000,0.993524
161,-1.540349,-1.021318,1.569365,1.000440,0.000007,-0.000037,0.340000,1.000000,0.700000,0.100000,-0.100000,1.000440
162,-1.540334,-1.011314,1.569364,1.007056,-0.002968,-0.127282,0.340000,1.000000,0.700000,0.100000,-0.100000,1.007056
163,-1.540290,-1.001243,1.568092,1.013693,-0.004519,-0.244626,0.340000,1.000000,0.700000,0.100000,-0.100000,1.013693
164,-1.540218,-0.991107,1.565645,1.020350,-0.004815,-0.352338,0.440000,1.000000,0.680000,0.100000,-0.100000,1.020350
165,-1.540117,-0.980904,1.562122,1.027021,-0.004010,-0.450792,0.440000,1.000000,0.680000,0.100000,-0.100000,1.027021
166,-1.539988,-0.970634,1.557614,1.033698,-0.002250,-0.540435,0.440000,1.000000,0.660000,0.100000,-0.100000,1.033698
167,-1.539829,-0.960298,1.552210,1.040369,0.000333,-0.621751,0.440000,1.000000,0.660000,0.100000,-0.100000,1.040369
168,-1.539639,-0.949896,1.545992,1.047024,0.003620,-0.695247,0.420000,1.000000,0.660000,0.100000,-0.100000,1.047024
169,-1.539416,-0.939428,1.539040,1.053651,0.007503,-0.761441,0.420000,1.000000,0.680000,0.100000,-0.100000,1.053651
170,-1.539156,-0.928895,1.531425,1.060240,0.011886,-0.820852,0.400000,1.000000,0.700000,0.100000,-0.100000,1.060240
171,-1.538857,-0.918296,1.523217,1.066779,0.016681,-0.873995,0.400000,1.000000,0.720000,0.100000,0.000000,1.066779
172,-1.538517,-0.907632,1.514477,1.073536,0.024814,-0.793024,0.400000,1.000000,0.740000,0.100000,0.000000,1.073536
173,-1.538160,-0.896900,1.506546,1.080241,0.031675,-0.717386,0.380000,1.000000,0.760000,0.100000,0.000000,1.080241
174,-1.537783,-0.886100,1.499373,1.086914,0.037390,-0.646927,0.380000,1.000000,0.780000,0.100000,0.100000,1.086914
175,-1.537380,-0.875231,1.492903,1.093321,0.045103,-0.452071,0.380000,1.000000,0.780000,0.100000,0.100000,1.093321
176,-1.536979,-0.864296,1.488383,1.099800,0.050349,-0.270846,0.360000,1.000000,0.760000,0.100000,0.000000,1.099800
177,-1.536575,-0.853294,1.485674,1.106561,0.050328,-0.233802,0.360000,1.000000,0.760000,0.100000,0.000000,1.106561
178,-1.536136,-0.842226,1.483336,1.113338,0.049940,-0.199969,0.360000,1.000000,0.740000,0.100000,0.000000,1.113338
179,-1.535661,-0.831091,1.481336,1.120133,0.049237,-0.169148,0.360000,1.000000,0.740000,0.100000,0.000000,1.120133
180,-1.535151,-0.819891,1.479645,1.126942,0.048265,-0.141149,0.360000,1.000000,0.720000,0.100000,0.000000,1.126942
181,-1.534605,-0.808624,1.478234,1.133766,0.047064,-0.115792,0.360000,1.000000,0.720000,0.100000,0.000000,1.133766
182,-1.534026,-0.797292,1.477076,1.140602,0.045673,-0.092906,0.360000,1.000000,0.720000,0.100000,0.000000,1.140602
183,-1.533413,-0.785893,1.476147,1.147448,0.044126,-0.072327,0.360000,1.000000,0.700000,0.100000,-0.100000,1.147448
184,-1.532768,-0.774428,1.475423,1.153908,0.039640,-0.174248,0.360000,1.000000,0.700000,0.100000,-0.100000,1.153908
185,-1.532064,-0.762904,1.473681,1.160347,0.036544,-0.270865,0.340000,1.000000,0.700000,0.100000,-0.100000,1.160347
186,-1.531303,-0.751320,1.470972,1.166768,0.034720,-0.361901,0.340000,1.000000,0.720000,0.100000,0.000000,1.166768
187,-1.530485,-0.739675,1.467353,1.173526,0.036946,-0.323512,0.340000,1.000000,0.740000,0.100000,0.000000,1.173526
188,-1.529641,-0.727965,1.464118,1.180289,0.038642,-0.287774,0.340000,1.000000,0.740000,0.100000,0.000000,1.180289
189,-1.528769,-0.716188,1.461240,1.187058,0.039865,-0.254578,0.340000,1.000000,0.760000,0.100000,0.000000,1.187058
190,-1.527867,-0.704345,1.458694,1.193837,0.040664,-0.223813,0.320000,1.000000,0.760000,0.100000,0.000000,1.193837
191,-1.526936,-0.692436,1.456456,1.200624,0.041089,-0.195368,0.320000,1.000000,0.780000,0.100000,0.100000,1.200624
192,-1.525974,-0.680461,1.454503,1.207206,0.044230,-0.038752,0.320000,1.000000,0.780000,0.100000,0.100000,1.207206
193,-1.525012,-0.668419,1.454115,1.213869,0.045375,0.107033,0.320000,1.000000,0.800000,0.100000,0.100000,1.213869
194,-1.524050,-0.656310,1.455185,1.220608,0.044735,0.242251,0.320000,1.000000,0.800000,0.100000,0.100000,1.220608
195,-1.523086,-0.644134,1.457608,1.227413,0.042511,0.367220,0.320000,1.000000,0.780000,0.100000,0.100000,1.227413
196,-1.522122,-0.631890,1.461280,1.234267,0.038889,0.482285,0.320000,1.000000,0.780000,0.100000,0.100000,1.234267
197,-1.521160,-0.619579,1.466103,1.241149,0.034044,0.587807,0.320000,1.000000,0.760000,0.100000,0.000000,1.241149
198,-1.520202,-0.607200,1.471981,1.248218,0.025077,0.553210,0.420000,1.000000,0.760000,0.100000,0.000000,1.248218
199,-1.519220,-0.594754,1.477513,1.255224,0.016967,0.518796,0.420000,1.000000,0.740000,0.100000,0.000000,1.255224
200,-1.518219,-0.582241,1.482701,1.262177,0.009670,0.484842,0.420000,1.000000,0.720000,0.100000,0.000000,1.262177
201,-1.517205,-0.569659,1.487550,1.269088,0.003140,0.451574,0.420000,1.000000,0.720000,0.000000,0.000000,1.269088
202,-1.516181,-0.557010,1.492065,1.268965,-0.002671,0.419173,0.420000,1.000000,0.720000,0.000000,0.000000,1.268965
203,-1.515157,-0.544362,1.496257,1.268816,-0.007777,0.387609,0.420000,1.000000,0.700000,0.000000,-0.100000,1.268816
204,-1.514134,-0.531714,1.500133,1.268342,-0.015191,0.230178,0.440000,1.000000,0.700000,0.000000,-0.100000,1.268342
205,-1.513087,-0.519073,1.502435,1.267890,-0.020285,0.081045,0.440000,1.000000,0.700000,0.000000,-0.100000,1.267890
206,-1.512019,-0.506438,1.503245,1.267478,-0.023273,-0.059354,0.420000,1.000000,0.700000,0.000000,-0.100000,1.267478
207,-1.510931,-0.493808,1.502652,1.267112,-0.024366,-0.190803,0.420000,1.000000,0.700000,0.000000,-0.100000,1.267112
208,-1.509825,-0.481183,1.500744,1.266790,-0.023768,-0.313239,0.420000,1.000000,0.700000,0.000000,-0.100000,1.266790
209,-1.508701,-0.468562,1.497611,1.266502,-0.021678,-0.426707,0.420000,1.000000,0.720000,0.000000,0.000000,1.266502
210,-1.507559,-0.455947,1.493344,1.266458,-0.015236,-0.401128,0.420000,1.000000,0.740000,0.000000,0.000000,1.266458
211,-1.506427,-0.443332,1.489333,1.266382,-0.009445,-0.375658,0.400000,1.000000,0.740000,0.000000,0.000000,1.266382
212,-1.505302,-0.430718,1.485576,1.266281,-0.004270,-0.350485,0.400000,1.000000,0.760000,0.000000,0.000000,1.266281
213,-1.504182,-0.418105,1.482072,1.266159,0.000324,-0.325767,0.400000,1.000000,0.780000,0.000000,0.100000,1.266159
214,-1.503063,-0.405493,1.478814,1.265703,0.007323,-0.175500,0.400000,1.000000,0.780000,0.000000,0.100000,1.265703
215,-1.501974,-0.392883,1.477059,1.265259,0.012116,-0.033083,0.380000,1.000000,0.800000,0.000000,0.100000,1.265259
216,-1.500910,-0.380274,1.476728,1.264845,0.014907,0.101035,0.380000,1.000000,0.800000,0.000000,0.100000,1.264845
217,-1.499870,-0.367668,1.477738,1.264464,0.015896,0.226618,0.380000,1.000000,0.800000,0.000000,0.100000,1.264464
218,-1.498854,-0.355063,1.480005,1.264116,0.015278,0.343582,0.380000,1.000000,0.800000,0.000000,0.100000,1.264116
219,-1.497860,-0.342460,1.483440,1.263790,0.013240,0.451952,0.380000,1.000000,0.780000,0.000000,0.100000,1.263790
220,-1.496889,-0.329859,1.487960,1.263474,0.009961,0.551839,0.480000,1.000000,0.780000,0.000000,0.100000,1.263474
221,-1.495943,-0.317259,1.493478,1.263152,0.005608,0.643423,0.480000,1.000000,0.760000,0.100000,0.000000,1.263152
222,-1.495023,-0.304661,1.499913,1.270052,-0.002692,0.597377,0.500000,1.000000,0.760000,0.000000,0.000000,1.270052
223,-1.494097,-0.291994,1.505886,1.269898,-0.010033,0.552764,0.500000,1.000000,0.740000,0.000000,0.000000,1.269898
224,-1.493173,-0.279329,1.511414,1.269705,-0.016440,0.509525,0.500000,1.000000,0.720000,0.000000,0.000000,1.269705
225,-1.492255,-0.266664,1.516509,1.269484,-0.021976,0.467832,0.500000,1.000000,0.720000,0.000000,0.000000,1.269484
226,-1.491347,-0.253999,1.521188,1.269243,-0.026707,0.427810,0.500000,1.000000,0.720000,0.000000,0.000000,1.269243
227,-1.490451,-0.241336,1.525466,1.268991,-0.030694,0.389547,0.520000,1.000000,0.700000,0.000000,-0.100000,1.268991
228,-1.489569,-0.228673,1.529361,1.268479,-0.037019,0.223933,0.520000,1.000000,0.700000,0.000000,-0.100000,1.268479
229,-1.488674,-0.216014,1.531600,1.268028,-0.040965,0.067972,0.520000,1.000000,0.700000,0.000000,-0.100000,1.268028
230,-1.487768,-0.203360,1.532280,1.267653,-0.042770,-0.078156,0.520000,1.000000,0.700000,0.000000,-0.100000,1.267653
231,-1.486852,-0.190709,1.531499,1.267352,-0.042661,-0.214437,0.520000,1.000000,0.700000,0.000000,-0.100000,1.267352
232,-1.485928,-0.178062,1.529354,1.267119,-0.040858,-0.340955,0.500000,1.000000,0.700000,0.000000,-0.100000,1.267119
233,-1.484995,-0.165419,1.525945,1.266938,-0.037567,-0.457860,0.500000,1.000000,0.720000,0.000000,0.000000,1.266938
234,-1.484051,-0.152779,1.521366,1.266973,-0.029924,-0.434432,0.500000,1.000000,0.740000,0.000000,0.000000,1.266973
235,-1.483127,-0.140140,1.517022,1.266966,-0.022962,-0.410583,0.480000,1.000000,0.740000,0.000000,0.000000,1.266966
236,-1.482216,-0.127501,1.512916,1.266923,-0.016655,-0.386553,0.480000,1.000000,0.760000,0.000000,0.000000,1.266923
237,-1.481317,-0.114862,1.509050,1.266850,-0.010971,-0.362554,0.480000,1.000000,0.760000,0.000000,0.000000,1.266850
238,-1.480426,-0.102225,1.505425,1.266753,-0.005879,-0.338769,0.460000,1.000000,0.780000,0.000000,0.100000,1.266753
239,-1.479540,-0.089588,1.502037,1.266304,0.001582,-0.190099,0.460000,1.000000,0.800000,0.000000,0.100000,1.266304
240,-1.478686,-0.076954,1.500136,1.265857,0.006837,-0.048856,0.460000,1.000000,0.800000,0.000000,0.100000,1.265857
241,-1.477860,-0.064322,1.499648,1.265430,0.010084,0.084433,0.460000,1.000000,0.800000,0.000000,0.100000,1.265430
242,-1.477061,-0.051693,1.500492,1.265031,0.011517,0.209469,0.460000,1.000000,0.800000,0.000000,0.100000,1.265031
243,-1.476287,-0.039065,1.502587,1.264659,0.011328,0.326117,0.460000,1.000000,0.800000,0.000000,0.100000,1.264659
244,-1.475538,-0.026440,1.505848,1.264307,0.009702,0.434365,0.460000,1.000000,0.780000,0.000000,0.100000,1.264307
245,-1.474815,-0.013818,1.510192,1.263964,0.006815,0.534294,0.460000,1.000000,0.780000,0.000000,0.100000,1.263964
246,-1.474117,-0.001197,1.515534,1.263616,0.002833,0.626058,0.460000,1.000000,0.760000,0.000000,0.000000,1.263616
247,-1.473447,0.011421,1.521795,1.263497,-0.005110,0.580565,0.480000,1.000000,0.760000,0.000000,0.000000,1.263497
248,-1.472777,0.024039,1.527601,1.263331,-0.012078,0.536329,0.480000,1.000000,0.740000,0.000000,0.000000,1.263331
249,-1.472111,0.036655,1.532964,1.263130,-0.018135,0.493556,0.480000,1.000000,0.740000,0.100000,0.000000,1.263130
250,-1.471452,0.049270,1.537900,1.269904,-0.023347,0.452397,0.480000,1.000000,0.720000,0.000000,0.000000,1.269904
251,-1.470801,0.061955,1.542424,1.269661,-0.027817,0.413178,0.480000,1.000000,0.720000,0.000000,0.000000,1.269661
252,-1.470163,0.074638,1.546555,1.269409,-0.031567,0.375724,0.500000,1.000000,0.700000,0.000000,-0.100000,1.269409
253,-1.469540,0.087321,1.550313,1.268900,-0.037678,0.210812,0.500000,1.000000,0.700000,0.000000,-0.100000,1.268900
254,-1.468903,0.100000,1.552421,1.268455,-0.041430,0.055585,0.500000,1.000000,0.680000,0.000000,-0.100000,1.268455
255,-1.468256,0.112674,1.552977,1.268086,-0.043058,-0.089797,0.500000,1.000000,0.680000,0.000000,-0.100000,1.268086
256,-1.467599,0.125346,1.552079,1.267792,-0.042790,-0.225331,0.500000,1.000000,0.660000,0.000000,-0.100000,1.267792
257,-1.466934,0.138013,1.549825,1.267565,-0.040844,-0.351109,0.480000,1.000000,0.660000,0.000000,-0.100000,1.267565
258,-1.466260,0.150678,1.546314,1.267388,-0.037427,-0.467285,0.480000,1.000000,0.640000,0.000000,-0.200000,1.267388
259,-1.465576,0.163339,1.541641,1.266526,-0.035353,-0.686135,0.480000,1.000000,0.640000,0.000000,-0.200000,1.266526
260,-1.464853,0.175988,1.534780,1.265747,-0.030682,-0.889439,0.460000,1.000000,0.620000,0.000000,-0.200000,1.265747
261,-1.464091,0.188626,1.525886,1.265003,-0.023728,-1.076786,0.460000,1.000000,0.640000,0.000000,-0.200000,1.265003
262,-1.463286,0.201253,1.515118,1.264237,-0.014793,-1.248015,0.440000,1.000000,0.660000,0.000000,-0.100000,1.264237
263,-1.462434,0.213868,1.502638,1.264103,-0.001546,-1.291099,0.420000,1.000000,0.700000,0.000000,-0.100000,1.264103
264,-1.461558,0.226478,1.489727,1.263776,0.011574,-1.327076,0.420000,1.000000,0.740000,0.000000,0.000000,1.263776
265,-1.460650,0.239084,1.476456,1.263486,0.027525,-1.226855,0.400000,1.000000,0.760000,0.000000,0.000000,1.263486
266,-1.459734,0.251688,1.464187,1.263012,0.041418,-1.130519,0.400000,1.000000,0.820000,0.100000,0.200000,1.263012
267,-1.458802,0.264291,1.452882,1.268359,0.058795,-0.808152,0.380000,1.000000,0.860000,0.000000,0.200000,1.268359
268,-1.457894,0.276956,1.444801,1.266789,0.071532,-0.497424,0.380000,1.000000,0.880000,0.000000,0.300000,1.266789
269,-1.457011,0.289613,1.439826,1.264392,0.081690,-0.122324,0.360000,1.000000,0.900000,0.000000,0.300000,1.264392
270,-1.456170,0.302255,1.438603,1.262336,0.086871,0.238620,0.360000,1.000000,0.920000,0.100000,0.300000,1.262336
271,-1.455367,0.314883,1.440989,1.267655,0.087439,0.582348,0.360000,1.000000,0.900000,0.000000,0.300000,1.267655
272,-1.454593,0.327566,1.446813,1.266320,0.083772,0.906326,0.360000,1.000000,0.880000,0.000000,0.300000,1.266320
273,-1.453859,0.340236,1.455876,1.265261,0.076293,1.208782,0.380000,1.000000,0.860000,0.000000,0.200000,1.265261
274,-1.453166,0.352892,1.467964,1.265386,0.063278,1.395820,0.380000,1.000000,0.820000,0.000000,0.200000,1.265386
275,-1.452496,0.365544,1.481922,1.265440,0.048566,1.564542,0.400000,1.000000,0.780000,0.000000,0.100000,1.265440
276,-1.451857,0.378192,1.497567,1.265983,0.029648,1.594620,0.400000,1.000000,0.740000,0.000000,0.000000,1.265983
277,-1.451226,0.390839,1.513514,1.266319,0.008248,1.486062,0.420000,1.000000,0.700000,0.000000,-0.100000,1.266319
278,-1.450584,0.403487,1.528374,1.265899,-0.013518,1.259895,0.440000,1.000000,0.680000,0.000000,-0.100000,1.265899
279,-1.449912,0.416128,1.540973,1.265244,-0.031464,1.040040,0.440000,1.000000,0.640000,0.000000,-0.200000,1.265244
280,-1.449220,0.428766,1.551374,1.263707,-0.048170,0.728651,0.460000,1.000000,0.620000,0.000000,-0.200000,1.263707
281,-1.448493,0.441391,1.558660,1.262234,-0.060331,0.427526,0.460000,1.000000,0.620000,0.100000,-0.200000,1.262234
282,-1.447736,0.454005,1.562935,1.267929,-0.068251,0.139440,0.460000,1.000000,0.620000,0.000000,-0.200000,1.267929
283,-1.446954,0.466679,1.564330,1.266846,-0.072294,-0.133601,0.460000,1.000000,0.620000,0.000000,-0.200000,1.266846
284,-1.446149,0.479342,1.562994,1.266001,-0.072771,-0.390781,0.460000,1.000000,0.620000,0.000000,-0.200000,1.266001
285,-1.445323,0.491996,1.559086,1.265376,-0.070041,-0.631360,0.460000,1.000000,0.620000,0.000000,-0.200000,1.265376
286,-1.444474,0.504641,1.552772,1.264926,-0.064461,-0.854844,0.440000,1.000000,0.640000,0.000000,-0.200000,1.264926
287,-1.443602,0.517276,1.544224,1.264589,-0.056380,-1.060907,0.440000,1.000000,0.660000,0.000000,-0.100000,1.264589
288,-1.442702,0.529903,1.533615,1.264954,-0.043346,-1.130049,0.420000,1.000000,0.680000,0.000000,-0.100000,1.264954
289,-1.441799,0.542528,1.522314,1.265185,-0.030112,-1.190386,0.400000,1.000000,0.700000,0.000000,-0.100000,1.265185
290,-1.440885,0.555150,1.510410,1.265256,-0.016797,-1.242369,0.400000,1.000000,0.740000,0.000000,0.000000,1.265256
291,-1.439954,0.567769,1.497987,1.265328,-0.000445,-1.155571,0.380000,1.000000,0.780000,0.000000,0.100000,1.265328
292,-1.439029,0.580389,1.486431,1.264826,0.016857,-0.948259,0.380000,1.000000,0.780000,0.000000,0.100000,1.264826
293,-1.438131,0.593006,1.476948,1.264208,0.030767,-0.748371,0.360000,1.000000,0.760000,0.000000,0.000000,1.264208
294,-1.437253,0.605622,1.469465,1.263841,0.038523,-0.685769,0.360000,1.000000,0.740000,0.000000,0.000000,1.263841
295,-1.436357,0.618234,1.462607,1.263441,0.045104,-0.626014,0.340000,1.000000,0.740000,0.000000,0.000000,1.263441
296,-1.435442,0.630843,1.456347,1.263022,0.050604,-0.569178,0.340000,1.000000,0.740000,0.100000,0.000000,1.263022
297,-1.434502,0.643449,1.450655,1.269598,0.055117,-0.515281,0.340000,1.000000,0.760000,0.000000,0.000000,1.269598
298,-1.433528,0.656119,1.445502,1.269176,0.058780,-0.464569,0.340000,1.000000,0.780000,0.000000,0.100000,1.269176
299,-1.432525,0.668785,1.440857,1.268570,0.064679,-0.285968,0.320000,1.000000,0.780000,0.000000,0.100000,1.268570
300,-1.431522,0.681448,1.437997,1.268077,0.068050,-0.118392,0.320000,1.000000,0.760000,0.000000,0.000000,1.268077
301,-1.430518,0.694107,1.436813,1.267859,0.066088,-0.092860,0.320000,1.000000,0.760000,0.000000,0.000000,1.267859
302,-1.429479,0.706760,1.435884,1.267661,0.063901,-0.069536,0.400000,1.000000,0.740000,0.000000,0.000000,1.267661
303,-1.428407,0.719407,1.435189,1.267479,0.061529,-0.048332,0.400000,1.000000,0.740000,0.000000,0.000000,1.267479
304,-1.427303,0.732049,1.434706,1.267312,0.059008,-0.029157,0.400000,1.000000,0.720000,0.000000,0.000000,1.267312
305,-1.426169,0.744685,1.434414,1.267158,0.056371,-0.011921,0.400000,0.980000,0.720000,0.000000,0.000000,1.267158
306,-1.425004,0.757316,1.434295,1.267014,0.053649,0.003472,0.400000,0.980000,0.700000,0.000000,-0.100000,1.267014
307,-1.423812,0.769941,1.434330,1.266469,0.048088,-0.101883,0.400000,0.960000,0.680000,0.000000,-0.100000,1.266469
308,-1.422565,0.782553,1.433311,1.265889,0.044085,-0.202592,0.400000,0.960000,0.680000,0.000000,-0.100000,1.265889
309,-1.421267,0.795153,1.431285,1.265284,0.041511,-0.298199,0.380000,0.940000,0.700000,0.000000,-0.100000,1.265284
310,-1.419918,0.807741,1.428303,1.264655,0.040239,-0.388388,0.380000,0.940000,0.720000,0.000000,0.000000,1.264655
311,-1.418521,0.820316,1.424419,1.264362,0.043023,-0.349685,0.380000,0.920000,0.720000,0.000000,0.000000,1.264362
312,-1.417102,0.832887,1.420922,1.264076,0.045182,-0.313133,0.380000,0.960000,0.720000,0.000000,0.000000,1.264076
313,-1.415662,0.845454,1.417791,1.263798,0.046774,-0.278715,0.360000,0.940000,0.700000,0.000000,-0.100000,1.263798
314,-1.414198,0.858016,1.415004,1.263151,0.045009,-0.368086,0.360000,0.940000,0.700000,0.100000,-0.100000,1.263151
315,-1.412682,0.870564,1.411323,1.269477,0.044429,-0.452144,0.360000,0.920000,0.680000,0.000000,-0.100000,1.269477
316,-1.411105,0.883168,1.406801,1.268774,0.044955,-0.531020,0.360000,0.920000,0.680000,0.000000,-0.100000,1.268774
317,-1.409477,0.895759,1.401491,1.268036,0.046434,-0.604410,0.340000,0.900000,0.660000,0.000000,-0.100000,1.268036
318,-1.407798,0.908336,1.395447,1.267258,0.048751,-0.672346,0.340000,0.900000,0.660000,0.000000,-0.100000,1.267258
319,-1.406068,0.920900,1.388724,1.266432,0.051800,-0.734922,0.340000,0.880000,0.680000,0.000000,-0.100000,1.266432
320,-1.404284,0.933448,1.381375,1.265551,0.055481,-0.792282,0.320000,0.880000,0.680000,0.000000,-0.100000,1.265551
321,-1.402446,0.945982,1.373452,1.264608,0.059699,-0.844612,0.320000,0.860000,0.660000,0.000000,-0.100000,1.264608
322,-1.400552,0.958500,1.365006,1.263594,0.064367,-0.892128,0.320000,0.860000,0.640000,0.000000,-0.200000,1.263594
323,-1.398600,0.971001,1.356084,1.261688,0.067299,-1.025221,0.300000,0.860000,0.640000,0.100000,-0.200000,1.261688
324,-1.396569,0.983471,1.345832,1.266670,0.071727,-1.149083,0.300000,0.840000,0.660000,0.000000,-0.100000,1.266670
325,-1.394443,0.995979,1.334341,1.265329,0.079683,-1.173930,0.300000,0.840000,0.660000,0.000000,-0.100000,1.265329
326,-1.392253,1.008466,1.322602,1.263862,0.087590,-1.195137,0.280000,0.820000,0.640000,0.000000,-0.200000,1.263862
327,-1.389998,1.020933,1.310651,1.261444,0.093386,-1.299472,0.280000,0.820000,0.640000,0.100000,-0.200000,1.261444
328,-1.387655,1.033363,1.297656,1.265851,0.100225,-1.395439,0.260000,0.820000,0.660000,0.000000,-0.100000,1.265851
329,-1.385206,1.045823,1.283701,1.263893,0.110064,-1.399216,0.260000,0.800000,0.660000,0.000000,-0.100000,1.263893
330,-1.382682,1.058256,1.269709,1.261776,0.119528,-1.400933,0.260000,0.800000,0.640000,0.100000,-0.200000,1.261776
331,-1.380082,1.070661,1.255700,1.265661,0.126753,-1.480581,0.240000,0.800000,0.640000,0.000000,-0.200000,1.265661
332,-1.377365,1.083087,1.240894,1.262332,0.134805,-1.554106,0.240000,0.780000,0.660000,0.100000,-0.100000,1.262332
333,-1.374551,1.095466,1.225353,1.266622,0.145262,-1.544206,0.220000,0.780000,0.660000,0.000000,-0.100000,1.266622
334,-1.371629,1.107876,1.209911,1.263746,0.155312,-1.534120,0.220000,0.780000,0.640000,0.000000,-0.200000,1.263746
335,-1.368619,1.120248,1.194570,1.259846,0.163163,-1.595191,0.220000,0.760000,0.680000,0.100000,-0.100000,1.259846
336,-1.365508,1.132565,1.178618,1.263582,0.173123,-1.580972,0.200000,0.760000,0.660000,0.000000,-0.100000,1.263582
337,-1.362278,1.144903,1.162808,1.260167,0.182665,-1.567141,0.200000,0.760000,0.660000,0.100000,-0.100000,1.260167
338,-1.358955,1.157195,1.147137,1.263610,0.191673,-1.553332,0.200000,0.740000,0.640000,0.000000,-0.200000,1.263610
339,-1.355508,1.169502,1.131604,1.259041,0.198833,-1.603196,0.180000,0.740000,0.640000,0.100000,-0.200000,1.259041
340,-1.351954,1.181743,1.115572,1.261250,0.206358,-1.649246,0.180000,0.740000,0.620000,0.100000,-0.200000,1.261250
341,-1.348262,1.193978,1.099079,1.263232,0.214331,-1.692256,0.180000,0.740000,0.620000,0.000000,-0.200000,1.263232
342,-1.344431,1.206205,1.082157,1.257977,0.222710,-1.732392,0.160000,0.720000,0.660000,0.100000,-0.100000,1.257977
343,-1.340492,1.218358,1.064833,1.260373,0.232644,-1.712050,0.160000,0.720000,0.640000,0.100000,-0.200000,1.260373
344,-1.336419,1.230510,1.047712,1.261730,0.240837,-1.747965,0.160000,0.720000,0.640000,0.100000,-0.200000,1.261730
345,-1.332202,1.242643,1.030232,1.262849,0.249351,-1.781620,0.140000,0.720000,0.620000,0.100000,-0.200000,1.262849
346,-1.327841,1.254754,1.012416,1.263723,0.258153,-1.813165,0.140000,0.720000,0.620000,0.000000,-0.200000,1.263723
347,-1.323335,1.266840,0.994285,1.257345,0.267214,-1.842750,0.140000,0.700000,0.620000,0.100000,-0.200000,1.257345
348,-1.318722,1.278838,0.975857,1.257712,0.276351,-1.870106,0.120000,0.700000,0.600000,0.100000,-0.300000,1.257712
349,-1.313961,1.290803,0.957156,1.256819,0.285150,-1.918945,0.120000,0.700000,0.600000,0.100000,-0.300000,1.256819
350,-1.309055,1.302720,0.937967,1.255613,0.294424,-1.964874,0.120000,0.700000,0.600000,0.100000,-0.300000,1.255613
351,-1.304003,1.314586,0.918318,1.254084,0.304130,-2.008021,0.100000,0.700000,0.580000,0.100000,-0.300000,1.254084
352,-1.298806,1.326397,0.898238,1.252221,0.314224,-2.048526,0.100000,0.700000,0.580000,0.100000,-0.300000,1.252221
353,-1.293462,1.338150,0.877752,1.250018,0.324668,-2.086536,0.140000,0.700000,0.580000,0.100000,-0.300000,1.250018
354,-1.287974,1.349841,0.856887,1.247466,0.335423,-2.122205,0.140000,0.700000,0.560000,0.100000,-0.300000,1.247466
355,-1.282341,1.361466,0.835665,1.244559,0.346453,-2.155688,0.120000,0.700000,0.560000,0.100000,-0.300000,1.244559
356,-1.276563,1.373021,0.814108,1.241290,0.357725,-2.187141,0.120000,0.700000,0.560000,0.100000,-0.300000,1.241290
357,-1.270643,1.384502,0.792237,1.237655,0.369208,-2.216718,0.120000,0.700000,0.560000,0.100000,-0.300000,1.237655
358,-1.264580,1.395906,0.770070,1.233649,0.380871,-2.244568,0.160000,0.700000,0.540000,0.100000,-0.400000,1.233649
359,-1.258376,1.407229,0.747624,1.228278,0.392690,-2.270684,0.140000,0.700000,0.540000,0.100000,-0.400000,1.228278
360,-1.252038,1.418459,0.724917,1.222531,0.404623,-2.294683,0.140000,0.720000,0.540000,0.100000,-0.400000,1.222531
361,-1.245570,1.429594,0.701970,1.216407,0.416637,-2.316727,0.140000,0.720000,0.540000,0.100000,-0.400000,1.216407
362,-1.238972,1.440630,0.678803,1.209908,0.428701,-2.336967,0.120000,0.720000,0.540000,0.100000,-0.400000,1.209908
363,-1.232247,1.451564,0.655433,1.203035,0.440786,-2.355550,0.120000,0.720000,0.520000,0.100000,-0.400000,1.203035
364,-1.225396,1.462391,0.631878,1.195791,0.452864,-2.372613,0.200000,0.740000,0.520000,0.100000,-0.400000,1.195791
365,-1.218422,1.473108,0.608152,1.188177,0.464910,-2.388289,0.200000,0.740000,0.520000,0.100000,-0.400000,1.188177
366,-1.211327,1.483712,0.584269,1.180199,0.476899,-2.402699,0.180000,0.760000,0.520000,0.100000,-0.400000,1.180199
367,-1.204113,1.494200,0.560242,1.171859,0.488809,-2.415958,0.180000,0.780000,0.520000,0.100000,-0.400000,1.171859
368,-1.196783,1.504568,0.536082,1.163163,0.500620,-2.428175,0.180000,0.780000,0.520000,0.100000,-0.400000,1.163163
369,-1.189340,1.514813,0.511800,1.154114,0.512311,-2.439449,0.160000,0.800000,0.520000,0.100000,-0.400000,1.154114
370,-1.181787,1.524932,0.487406,1.144719,0.523863,-2.449872,1.000000,0.820000,0.520000,0.100000,-0.400000,1.144719
371,-1.174126,1.534922,0.462907,1.134982,0.535261,-2.459531,1.000000,0.840000,0.520000,0.100000,-0.400000,1.134982
372,-1.166361,1.544779,0.438312,1.124911,0.546487,-2.468505,1.000000,0.860000,0.520000,0.100000,-0.400000,1.124911
373,-1.158495,1.554502,0.413627,1.114509,0.557527,-2.476867,1.000000,0.900000,0.520000,0.100000,-0.400000,1.114509
374,-1.150531,1.564086,0.388858,1.103785,0.568366,-2.484684,1.000000,0.920000,0.520000,0.100000,-0.400000,1.103785
375,-1.142472,1.573530,0.364011,1.092744,0.578992,-2.492019,1.000000,0.960000,0.540000,0.100000,-0.400000,1.092744
376,-1.134322,1.582831,0.339091,1.081394,0.589391,-2.498929,1.000000,1.000000,0.540000,0.100000,-0.400000,1.081394
377,-1.126084,1.591987,0.314102,1.069741,0.599551,-2.505467,1.000000,1.000000,0.540000,0.100000,-0.400000,1.069741
378,-1.117762,1.600994,0.289047,1.057792,0.609462,-2.511680,1.000000,1.000000,0.540000,0.100000,-0.400000,1.057792
379,-1.109360,1.609851,0.263930,1.045554,0.619114,-2.517612,0.580000,1.000000,0.560000,0.100000,-0.300000,1.045554
380,-1.100882,1.618555,0.238754,1.033995,0.628269,-2.533003,0.500000,1.000000,0.560000,0.100000,-0.300000,1.033995
381,-1.092321,1.627105,0.213424,1.022107,0.637265,-2.548434,0.460000,1.000000,0.560000,0.100000,-0.300000,1.022107
382,-1.083682,1.635498,0.187940,1.009889,0.646091,-2.563928,0.440000,1.000000,0.580000,0.100000,-0.300000,1.009889
383,-1.074968,1.643732,0.162301,0.997345,0.654739,-2.579506,0.420000,1.000000,0.600000,0.100000,-0.300000,0.997345
384,-1.066183,1.651805,0.136506,0.984475,0.663197,-2.595186,0.400000,1.000000,0.600000,0.100000,-0.300000,0.984475
385,-1.057333,1.659715,0.110554,0.971281,0.671456,-2.610986,0.380000,1.000000,0.620000,0.100000,-0.200000,0.971281
386,-1.048420,1.667460,0.084444,0.958743,0.679394,-2.631695,0.360000,1.000000,0.640000,0.100000,-0.200000,0.958743
387,-1.039440,1.675038,0.058127,0.945855,0.687178,-2.652836,0.360000,1.000000,0.660000,0.100000,-0.100000,0.945855
388,-1.030396,1.682448,0.031599,0.933597,0.694844,-2.672503,0.340000,1.000000,0.700000,0.100000,-0.100000,0.933597
389,-1.021285,1.689688,0.004873,0.920998,0.702337,-2.693016,0.340000,1.000000,0.720000,0.100000,0.000000,0.920998
390,-1.012109,1.696756,-0.022057,0.909012,0.709878,-2.704742,0.340000,1.000000,0.760000,0.100000,0.000000,0.909012
391,-1.002865,1.703653,-0.049104,0.896741,0.717159,-2.717891,0.320000,1.000000,0.820000,0.100000,0.200000,0.896741
392,-0.993556,1.710376,-0.076283,0.885844,0.725372,-2.681725,0.320000,1.000000,0.880000,0.100000,0.300000,0.885844
393,-0.984170,1.716933,-0.103100,0.875547,0.733985,-2.601771,0.320000,1.000000,0.940000,0.100000,0.400000,0.875547
394,-0.974706,1.723333,-0.129118,0.865827,0.743029,-2.461463,0.320000,1.000000,0.940000,0.100000,0.400000,0.865827
395,-0.965163,1.729587,-0.153733,0.857014,0.750372,-2.330911,0.300000,1.000000,0.920000,0.100000,0.300000,0.857014
396,-0.955545,1.735689,-0.177042,0.848816,0.754773,-2.268962,0.300000,1.000000,1.000000,0.100000,0.500000,0.848816
397,-0.945860,1.741624,-0.199731,0.841042,0.761650,-2.070349,0.300000,1.000000,1.000000,0.100000,0.500000,0.841042
398,-0.936106,1.747421,-0.220435,0.834766,0.766426,-1.882527,0.300000,1.000000,1.000000,0.100000,0.500000,0.834766
399,-0.926284,1.753074,-0.239260,0.829937,0.769308,-1.703034,0.300000,0.860000,1.000000,0.100000,0.500000,0.829937
400,-0.916398,1.758581,-0.256290,0.826516,0.770462,-1.529826,0.300000,0.820000,1.000000,0.100000,0.500000,0.826516
401,-0.906450,1.763939,-0.271589,0.824468,0.770021,-1.361169,0.300000,0.800000,1.000000,0.100000,0.500000,0.824468
402,-0.896442,1.769145,-0.285200,0.823765,0.768087,-1.195553,0.300000,0.780000,1.000000,0.100000,0.500000,0.823765
403,-0.886376,1.774198,-0.297156,0.824381,0.764742,-1.031628,0.300000,0.760000,1.000000,0.100000,0.500000,0.824381
404,-0.876254,1.779097,-0.307472,0.826296,0.760044,-0.868159,0.320000,0.740000,1.000000,0.100000,0.500000,0.826296
405,-0.866079,1.783840,-0.316154,0.829492,0.754034,-0.703978,0.320000,0.740000,1.000000,0.100000,0.500000,0.829492
406,-0.855850,1.788428,-0.323194,0.833952,0.746738,-0.537960,0.320000,0.740000,1.000000,0.100000,0.500000,0.833952
407,-0.845571,1.792860,-0.328573,0.839664,0.738164,-0.368988,0.320000,0.740000,1.000000,0.100000,0.500000,0.839664
408,-0.835242,1.797137,-0.332263,0.846613,0.728306,-0.195931,0.320000,0.740000,1.000000,0.100000,0.500000,0.846613
409,-0.824863,1.801260,-0.334222,0.854789,0.717141,-0.017624,0.320000,0.740000,1.000000,0.100000,0.500000,0.854789
410,-0.814436,1.805231,-0.334399,0.864177,0.704633,0.167149,0.340000,0.760000,1.000000,0.100000,0.500000,0.864177
411,-0.803960,1.809051,-0.332727,0.874763,0.690731,0.359675,0.340000,0.760000,1.000000,0.100000,0.500000,0.874763
412,-0.793436,1.812722,-0.329130,0.886530,0.675365,0.561320,0.340000,0.780000,1.000000,0.100000,0.500000,0.886530
413,-0.782864,1.816248,-0.323517,0.899458,0.658450,0.773534,0.360000,0.940000,1.000000,0.100000,0.500000,0.899458
414,-0.772242,1.819631,-0.315782,0.913518,0.639881,0.997851,0.360000,0.960000,1.000000,0.100000,0.500000,0.913518
415,-0.761572,1.822876,-0.305803,0.928676,0.619534,1.235868,0.360000,1.000000,1.000000,0.100000,0.500000,0.928676
416,-0.750851,1.825989,-0.293445,0.944883,0.597266,1.489207,0.380000,1.000000,1.000000,0.100000,0.500000,0.944883
417,-0.740078,1.828973,-0.278553,0.962077,0.572911,1.759447,0.400000,1.000000,1.000000,0.100000,0.500000,0.962077
418,-0.729253,1.831836,-0.260958,0.980175,0.546282,2.047997,0.400000,1.000000,1.000000,0.100000,0.500000,0.980175
419,-0.718373,1.834585,-0.240478,0.999068,0.517174,2.355908,0.420000,1.000000,0.860000,0.100000,0.200000,0.999068
420,-0.707439,1.837228,-0.216919,1.019659,0.478829,2.403816,0.520000,1.000000,0.700000,0.100000,-0.100000,1.019659
421,-0.696450,1.839710,-0.192881,1.037151,0.437800,2.360784,0.540000,1.000000,0.700000,0.100000,-0.100000,1.037151
422,-0.685432,1.842018,-0.169273,1.053480,0.397193,2.312079,0.560000,1.000000,0.680000,0.100000,-0.100000,1.053480
423,-0.674379,1.844159,-0.146152,1.068672,0.357203,2.255682,0.580000,1.000000,0.620000,0.100000,-0.200000,1.068672
424,-0.663286,1.846136,-0.123595,1.081794,0.317727,2.174920,0.620000,1.000000,0.560000,0.100000,-0.300000,1.081794
425,-0.652159,1.847956,-0.101846,1.092812,0.279333,2.073039,0.640000,1.000000,0.500000,0.100000,-0.500000,1.092812
426,-0.641003,1.849624,-0.081116,1.100818,0.242806,1.964316,0.680000,1.000000,0.460000,0.100000,-0.500000,1.100818
427,-0.629834,1.851152,-0.061473,1.107825,0.207952,1.828398,0.820000,1.000000,0.420000,0.100000,-0.600000,1.107825
428,-0.618649,1.852547,-0.043189,1.112985,0.175540,1.680021,0.860000,1.000000,0.400000,0.100000,-0.600000,1.112985
429,-0.607454,1.853820,-0.026389,1.117315,0.145366,1.501547,0.900000,1.000000,0.380000,0.100000,-0.700000,1.117315
430,-0.596246,1.854978,-0.011373,1.120049,0.118269,1.315345,0.920000,1.000000,0.360000,0.100000,-0.700000,1.120049
431,-0.585033,1.856034,0.001780,1.122175,0.093812,1.102240,0.960000,1.000000,0.340000,0.100000,-0.800000,1.122175
432,-0.573813,1.856992,0.012803,1.123012,0.072837,0.891462,1.000000,1.000000,0.340000,0.100000,-0.800000,1.123012
433,-0.562593,1.857864,0.021717,1.123478,0.054645,0.661307,1.000000,1.000000,0.320000,0.100000,-0.800000,1.123478
434,-0.551373,1.858654,0.028331,1.123671,0.039363,0.416409,1.000000,1.000000,0.320000,0.100000,-0.800000,1.123671
435,-0.540152,1.859366,0.032495,1.123681,0.027063,0.161592,1.000000,1.000000,0.320000,0.100000,-0.800000,1.123681
436,-0.528930,1.860001,0.034111,1.123586,0.017758,-0.098355,1.000000,1.000000,0.300000,0.100000,-0.800000,1.123586
437,-0.517707,1.860562,0.033127,1.123442,0.011408,-0.358830,1.000000,1.000000,0.300000,0.100000,-0.800000,1.123442
438,-0.506482,1.861048,0.029539,1.123286,0.007927,-0.615522,1.000000,1.000000,0.320000,0.100000,-0.800000,1.123286
439,-0.495256,1.861459,0.023383,1.123131,0.007188,-0.864497,1.000000,1.000000,0.320000,0.100000,-0.800000,1.123131
440,-0.484030,1.861794,0.014738,1.122971,0.009027,-1.102268,1.000000,1.000000,0.320000,0.100000,-0.800000,1.122971
441,-0.472803,1.862049,0.003716,1.122778,0.013252,-1.325864,0.980000,1.000000,0.320000,0.100000,-0.800000,1.122778
442,-0.461576,1.862224,-0.009543,1.122510,0.019648,-1.532891,0.940000,1.000000,0.340000,0.100000,-0.800000,1.122510
443,-0.450349,1.862313,-0.024872,1.122117,0.027988,-1.721578,0.920000,1.000000,0.360000,0.100000,-0.700000,1.122117
444,-0.439124,1.862314,-0.042088,1.122372,0.037511,-1.913135,0.880000,1.000000,0.380000,0.100000,-0.700000,1.122372
445,-0.427895,1.862216,-0.061219,1.122386,0.048764,-2.084586,0.840000,1.000000,0.400000,0.100000,-0.600000,1.122386
446,-0.416662,1.862016,-0.082065,1.123014,0.061160,-2.250659,0.800000,1.000000,0.420000,0.100000,-0.600000,1.123014
447,-0.405420,1.861705,-0.104571,1.123268,0.074995,-2.397127,0.760000,1.000000,0.460000,0.100000,-0.500000,1.123268
448,-0.394170,1.861279,-0.128543,1.124081,0.089926,-2.529968,0.720000,1.000000,0.460000,0.100000,-0.500000,1.124081
449,-0.382907,1.860729,-0.153842,1.124393,0.105940,-2.645868,0.700000,1.000000,0.440000,0.100000,-0.600000,1.124393
450,-0.371633,1.860053,-0.180301,1.123167,0.123013,-2.739260,0.660000,1.000000,0.440000,0.100000,-0.600000,1.123167
451,-0.360363,1.859249,-0.207694,1.121354,0.140733,-2.817460,0.620000,1.000000,0.520000,0.100000,-0.400000,1.121354
452,-0.349100,1.858314,-0.235868,1.120925,0.158832,-2.886625,0.600000,1.000000,0.660000,0.100000,-0.100000,1.120925
453,-0.337830,1.857239,-0.264734,1.122763,0.180684,-2.802858,0.580000,1.000000,0.900000,0.100000,0.300000,1.122763
454,-0.326521,1.856045,-0.292763,1.122919,0.211506,-2.277082,0.560000,1.000000,0.920000,0.100000,0.300000,1.122919
455,-0.315159,1.854830,-0.315534,1.123578,0.235458,-1.779386,0.540000,1.000000,1.000000,0.100000,0.500000,1.123578
456,-0.303747,1.853581,-0.333328,1.122638,0.255844,-1.188826,0.460000,1.000000,1.000000,0.100000,0.500000,1.122638
457,-0.292302,1.852326,-0.345216,1.123040,0.269217,-0.612836,0.460000,1.000000,1.000000,0.100000,0.500000,1.123040
458,-0.280823,1.851059,-0.351344,1.125006,0.275868,-0.053238,0.440000,1.000000,1.000000,0.100000,0.500000,1.125006
459,-0.269311,1.849777,-0.351877,1.128616,0.276109,0.488915,0.500000,1.000000,1.000000,0.100000,0.500000,1.128616
460,-0.257765,1.848479,-0.346988,1.133823,0.270266,1.012728,0.500000,1.000000,1.000000,0.100000,0.500000,1.133823
461,-0.246183,1.847165,-0.336860,1.140470,0.258675,1.516789,0.520000,1.000000,1.000000,0.100000,0.500000,1.140470
462,-0.234564,1.845837,-0.321692,1.148312,0.241696,1.998531,0.520000,1.000000,1.000000,0.100000,0.500000,1.148312
463,-0.222906,1.844499,-0.301707,1.157023,0.219731,2.453737,0.540000,1.000000,0.940000,0.100000,0.400000,1.157023
464,-0.211205,1.843159,-0.277170,1.167593,0.191649,2.808172,0.540000,1.000000,0.820000,0.100000,0.200000,1.167593
465,-0.199451,1.841807,-0.249088,1.180041,0.155197,2.904020,0.560000,1.000000,0.820000,0.100000,0.200000,1.180041
466,-0.187632,1.840402,-0.220048,1.191430,0.119231,2.986141,0.580000,1.000000,0.700000,0.100000,-0.100000,1.191430
467,-0.175745,1.838965,-0.190186,1.201200,0.076392,2.729829,0.620000,1.000000,0.580000,0.100000,-0.300000,1.201200
468,-0.163805,1.837445,-0.162888,1.207665,0.035918,2.365559,0.640000,1.000000,0.500000,0.100000,-0.500000,1.207665
469,-0.151830,1.835841,-0.139232,1.210939,0.000387,1.959447,0.660000,1.000000,0.440000,0.100000,-0.600000,1.210939
470,-0.139837,1.834164,-0.119638,1.212473,-0.029377,1.538365,0.700000,1.000000,0.420000,0.100000,-0.600000,1.212473
471,-0.127834,1.832425,-0.104254,1.213604,-0.053569,1.100728,0.700000,1.000000,0.400000,0.100000,-0.600000,1.213604
472,-0.115820,1.830629,-0.093247,1.214655,-0.072137,0.654747,0.720000,1.000000,0.380000,0.100000,-0.700000,1.214655
473,-0.103793,1.828780,-0.086700,1.214939,-0.084818,0.220713,0.820000,1.000000,0.380000,0.100000,-0.700000,1.214939
474,-0.091763,1.826883,-0.084492,1.215544,-0.092226,-0.209471,0.820000,1.000000,0.380000,0.100000,-0.700000,1.215544
475,-0.079728,1.824938,-0.086587,1.216560,-0.094542,-0.629720,0.820000,1.000000,0.400000,0.100000,-0.600000,1.216560
476,-0.067690,1.822944,-0.092884,1.218979,-0.092240,-1.043890,0.800000,1.000000,0.420000,0.100000,-0.600000,1.218979
477,-0.055639,1.820895,-0.103323,1.221788,-0.085266,-1.435931,0.780000,1.000000,0.440000,0.100000,-0.600000,1.221788
478,-0.043574,1.818787,-0.117683,1.224868,-0.074001,-1.800896,0.660000,1.000000,0.460000,0.100000,-0.500000,1.224868
479,-0.031497,1.816614,-0.135692,1.229143,-0.058728,-2.128323,0.640000,1.000000,0.520000,0.100000,-0.400000,1.229143
480,-0.019398,1.814370,-0.156975,1.234478,-0.039478,-2.394565,0.620000,1.000000,0.580000,0.100000,-0.300000,1.234478
481,-0.007266,1.812050,-0.180920,1.240619,-0.016417,-2.573003,0.580000,1.000000,0.660000,0.100000,-0.100000,1.240619
482,0.004908,1.809656,-0.206650,1.247828,0.012830,-2.518194,0.560000,1.000000,0.660000,0.100000,-0.100000,1.247828
483,0.017147,1.807221,-0.231832,1.254213,0.040144,-2.462947,0.540000,1.000000,0.640000,0.100000,-0.200000,1.254213
484,0.029446,1.804730,-0.256462,1.259119,0.063138,-2.516368,0.500000,1.000000,0.780000,0.100000,0.100000,1.259119
485,0.041785,1.802147,-0.281626,1.264075,0.094378,-2.203144,0.480000,1.000000,0.780000,0.000000,0.100000,1.264075
486,0.054190,1.799541,-0.303657,1.261630,0.120483,-1.908575,0.480000,1.000000,0.840000,0.100000,0.200000,1.261630
487,0.066590,1.796918,-0.322743,1.265348,0.144387,-1.518464,0.460000,1.000000,0.840000,0.000000,0.200000,1.265348
488,0.079048,1.794274,-0.337927,1.262313,0.162554,-1.148834,0.440000,1.000000,0.820000,0.100000,0.200000,1.262313
489,0.091496,1.791622,-0.349416,1.266726,0.175289,-0.799957,0.440000,1.000000,0.900000,0.000000,0.300000,1.266726
490,0.103998,1.788933,-0.357415,1.263708,0.185555,-0.369097,0.420000,1.000000,0.880000,0.000000,0.300000,1.263708
491,0.116485,1.786250,-0.361106,1.261528,0.190018,0.042175,0.420000,1.000000,0.880000,0.100000,0.300000,1.261528
492,0.128958,1.783571,-0.360685,1.267206,0.189140,0.433395,0.420000,1.000000,0.860000,0.000000,0.200000,1.267206
493,0.141483,1.780868,-0.356351,1.267631,0.180745,0.691085,0.420000,1.000000,0.860000,0.000000,0.200000,1.267631
494,0.153993,1.778140,-0.349440,1.268480,0.169430,0.933907,0.420000,1.000000,0.840000,0.000000,0.200000,1.268480
495,0.166491,1.775389,-0.340101,1.269642,0.155527,1.161669,0.420000,1.000000,0.840000,0.000000,0.200000,1.269642
496,0.178979,1.772620,-0.328484,1.270993,0.139364,1.373763,0.420000,1.000000,0.820000,0.000000,0.200000,1.270993
497,0.191459,1.769838,-0.314746,1.272405,0.121263,1.569316,0.420000,1.000000,0.740000,0.000000,0.000000,1.272405
498,0.203934,1.767052,-0.299053,1.274170,0.095662,1.495748,0.440000,1.000000,0.720000,0.000000,0.000000,1.274170
499,0.216392,1.764213,-0.284096,1.275462,0.072141,1.417623,0.440000,1.000000,0.720000,0.000000,0.000000,1.275462
500,0.228837,1.761330,-0.269919,1.276346,0.050713,1.336520,0.440000,1.000000,0.700000,0.000000,-0.100000,1.276346
501,0.241274,1.758416,-0.256554,1.276409,0.028731,1.142185,0.440000,1.000000,0.700000,0.000000,-0.100000,1.276409
502,0.253693,1.755455,-0.245132,1.276173,0.010156,0.949276,0.520000,1.000000,0.700000,0.000000,-0.100000,1.276173
503,0.266098,1.752456,-0.235640,1.275753,-0.005155,0.760725,0.520000,1.000000,0.680000,0.000000,-0.100000,1.275753
504,0.278491,1.749427,-0.228032,1.275240,-0.017387,0.578677,0.520000,1.000000,0.680000,0.000000,-0.100000,1.275240
505,0.290874,1.746375,-0.222246,1.274703,-0.026755,0.404589,0.520000,1.000000,0.660000,0.000000,-0.100000,1.274703
506,0.303248,1.743305,-0.218200,1.274191,-0.033488,0.239371,0.520000,1.000000,0.660000,0.000000,-0.100000,1.274191
507,0.315616,1.740219,-0.215806,1.273732,-0.037822,0.083537,0.520000,1.000000,0.640000,0.000000,-0.200000,1.273732
508,0.327977,1.737122,-0.214971,1.272605,-0.042527,-0.171215,0.520000,1.000000,0.640000,0.000000,-0.200000,1.272605
509,0.340319,1.733992,-0.216683,1.271625,-0.043871,-0.412054,0.500000,1.000000,0.620000,0.000000,-0.200000,1.271625
510,0.352644,1.730830,-0.220803,1.270785,-0.042175,-0.637885,0.500000,1.000000,0.620000,0.000000,-0.200000,1.270785
511,0.364951,1.727635,-0.227182,1.270051,-0.037767,-0.847976,0.500000,0.980000,0.600000,0.000000,-0.300000,1.270051
512,0.377240,1.724407,-0.235662,1.268350,-0.032824,-1.121317,0.480000,1.000000,0.600000,0.000000,-0.300000,1.268350
513,0.389496,1.721126,-0.246875,1.266709,-0.024767,-1.374664,0.460000,1.000000,0.620000,0.000000,-0.200000,1.266709
514,0.401718,1.717790,-0.260622,1.266063,-0.012097,-1.526725,0.460000,1.000000,0.660000,0.000000,-0.100000,1.266063
515,0.413920,1.714411,-0.275889,1.265941,0.004510,-1.549098,0.440000,1.000000,0.640000,0.000000,-0.200000,1.265941
516,0.426113,1.711006,-0.291380,1.264796,0.018005,-1.674955,0.420000,1.000000,0.640000,0.000000,-0.200000,1.264796
517,0.438280,1.707545,-0.308130,1.263384,0.032448,-1.786144,0.420000,1.000000,0.700000,0.000000,-0.100000,1.263384
518,0.450417,1.704023,-0.325991,1.262412,0.050081,-1.778796,0.400000,1.000000,0.680000,0.100000,-0.100000,1.262412
519,0.462537,1.700454,-0.343779,1.268090,0.066791,-1.768220,0.380000,1.000000,0.680000,0.000000,-0.100000,1.268090
520,0.474701,1.696809,-0.361461,1.266440,0.082743,-1.755839,0.380000,1.000000,0.760000,0.000000,0.000000,1.266440
521,0.486839,1.693104,-0.379020,1.264850,0.100701,-1.618703,0.360000,1.000000,0.740000,0.000000,0.000000,1.264850
522,0.498963,1.689360,-0.395207,1.263084,0.116085,-1.490656,0.360000,1.000000,0.820000,0.100000,0.200000,1.263084
523,0.511067,1.685568,-0.410113,1.267401,0.134935,-1.123481,0.340000,1.000000,0.800000,0.000000,0.100000,1.267401
524,0.523228,1.681752,-0.421348,1.265688,0.145650,-0.897236,0.340000,1.000000,0.800000,0.000000,0.100000,1.265688
525,0.535374,1.677905,-0.430320,1.264226,0.152996,-0.685816,0.320000,1.000000,0.780000,0.000000,0.100000,1.264226
526,0.547501,1.674022,-0.437178,1.263056,0.157317,-0.487958,0.320000,1.000000,0.780000,0.100000,0.100000,1.263056
527,0.559610,1.670099,-0.442058,1.269192,0.158923,-0.302462,0.320000,1.000000,0.760000,0.000000,0.000000,1.269192
528,0.571762,1.666106,-0.445083,1.268573,0.155229,-0.253454,0.300000,1.000000,0.760000,0.000000,0.000000,1.268573
529,0.583880,1.662046,-0.447617,1.268043,0.151057,-0.207379,0.300000,1.000000,0.740000,0.000000,0.000000,1.268043
530,0.595965,1.657919,-0.449691,1.267592,0.146468,-0.164191,0.300000,1.000000,0.740000,0.000000,0.000000,1.267592
531,0.608017,1.653728,-0.451333,1.267214,0.141519,-0.123856,0.300000,1.000000,0.720000,0.000000,0.000000,1.267214
532,0.620038,1.649474,-0.452571,1.266902,0.136265,-0.086348,0.280000,1.000000,0.720000,0.000000,0.000000,1.266902
533,0.632027,1.645160,-0.453435,1.266647,0.130758,-0.051641,0.280000,1.000000,0.700000,0.000000,-0.100000,1.266647
534,0.643987,1.640787,-0.453951,1.265898,0.122657,-0.122036,0.280000,1.000000,0.740000,0.000000,0.000000,1.265898
535,0.655901,1.636338,-0.455172,1.265612,0.118184,-0.086760,0.280000,0.980000,0.720000,0.000000,0.000000,1.265612
536,0.667789,1.631836,-0.456039,1.265372,0.113464,-0.054312,0.260000,0.980000,0.720000,0.000000,0.000000,1.265372
537,0.679649,1.627282,-0.456582,1.265174,0.108547,-0.024634,0.320000,0.960000,0.720000,0.000000,0.000000,1.265174
538,0.691483,1.622678,-0.456829,1.265011,0.103480,0.002338,0.320000,0.960000,0.700000,0.000000,-0.100000,1.265011
539,0.703292,1.618027,-0.456805,1.264374,0.095771,-0.081742,0.300000,0.940000,0.700000,0.000000,-0.100000,1.264374
540,0.715062,1.613309,-0.457623,1.263675,0.089418,-0.163918,0.300000,0.940000,0.680000,0.000000,-0.100000,1.263675
541,0.726794,1.608528,-0.459262,1.262923,0.084344,-0.243624,0.300000,0.920000,0.680000,0.100000,-0.100000,1.262923
542,0.738488,1.603686,-0.461698,1.269126,0.080468,-0.320390,0.300000,0.920000,0.660000,0.000000,-0.100000,1.269126
543,0.750209,1.598753,-0.464902,1.268287,0.077745,-0.394125,0.280000,0.900000,0.660000,0.000000,-0.100000,1.268287
544,0.761894,1.593761,-0.468843,1.267409,0.076050,-0.464253,0.280000,0.900000,0.640000,0.000000,-0.200000,1.267409
545,0.773545,1.588713,-0.473486,1.265657,0.073332,-0.614522,0.280000,0.880000,0.640000,0.000000,-0.200000,1.265657
546,0.785143,1.583594,-0.479631,1.263827,0.072543,-0.758037,0.260000,0.880000,0.620000,0.000000,-0.200000,1.263827
547,0.796690,1.578406,-0.487212,1.261912,0.073524,-0.893955,0.260000,0.880000,0.620000,0.100000,-0.200000,1.261912
548,0.808185,1.573148,-0.496151,1.266898,0.076112,-1.021679,0.240000,0.860000,0.600000,0.000000,-0.300000,1.266898
549,0.819689,1.567786,-0.506368,1.263742,0.078992,-1.194418,0.240000,0.860000,0.600000,0.000000,-0.300000,1.263742
550,0.831123,1.562348,-0.518312,1.260426,0.083837,-1.356541,0.240000,0.860000,0.640000,0.100000,-0.200000,1.260426
551,0.842488,1.556832,-0.531877,1.264941,0.091699,-1.453933,0.220000,0.860000,0.620000,0.000000,-0.200000,1.264941
552,0.853855,1.551207,-0.546417,1.262245,0.100558,-1.543101,0.220000,0.840000,0.660000,0.100000,-0.100000,1.262245
553,0.865162,1.545507,-0.561848,1.267142,0.112169,-1.538125,0.200000,0.840000,0.660000,0.000000,-0.100000,1.267142
554,0.876483,1.539706,-0.577229,1.264843,0.123355,-1.532127,0.200000,0.840000,0.640000,0.000000,-0.200000,1.264843
555,0.887755,1.533837,-0.592550,1.261513,0.132137,-1.604537,0.200000,0.840000,0.640000,0.100000,-0.200000,1.261513
556,0.898957,1.527888,-0.608596,1.264935,0.141483,-1.670224,0.180000,0.840000,0.640000,0.000000,-0.200000,1.264935
557,0.910144,1.521817,-0.625298,1.261097,0.151438,-1.730269,0.180000,0.840000,0.620000,0.100000,-0.200000,1.261097
558,0.921256,1.515663,-0.642601,1.263982,0.161778,-1.784421,0.160000,0.840000,0.660000,0.000000,-0.100000,1.263982
559,0.932344,1.509383,-0.660445,1.260446,0.174253,-1.761891,0.160000,0.840000,0.660000,0.100000,-0.100000,1.260446
560,0.943367,1.503027,-0.678064,1.263704,0.185974,-1.739918,0.160000,0.840000,0.640000,0.000000,-0.200000,1.263704
561,0.954375,1.496548,-0.695463,1.258898,0.195598,-1.784752,0.140000,0.840000,0.640000,0.100000,-0.200000,1.258898
562,0.965294,1.489984,-0.713310,1.260821,0.205452,-1.825491,0.180000,0.840000,0.640000,0.100000,-0.200000,1.260821
563,0.976172,1.483287,-0.731565,1.262467,0.215634,-1.863040,0.180000,0.840000,0.680000,0.100000,-0.100000,1.262467
564,0.987007,1.476458,-0.750196,1.264719,0.227502,-1.837888,0.160000,0.840000,0.680000,0.000000,-0.100000,1.264719
565,0.997810,1.469500,-0.768575,1.259789,0.238799,-1.814300,0.160000,0.840000,0.660000,0.100000,-0.100000,1.259789
566,1.008527,1.462460,-0.786718,1.261691,0.249411,-1.791920,0.160000,0.840000,0.660000,0.100000,-0.100000,1.261691
567,1.019203,1.455288,-0.804637,1.263443,0.259535,-1.770947,0.140000,0.860000,0.660000,0.000000,-0.100000,1.263443
568,1.029833,1.447983,-0.822346,1.258053,0.269207,-1.751292,0.140000,0.860000,0.660000,0.100000,-0.100000,1.258053
569,1.040367,1.440597,-0.839859,1.259533,0.278305,-1.732682,0.180000,0.860000,0.660000,0.100000,-0.100000,1.259533
570,1.050847,1.433077,-0.857186,1.260894,0.287014,-1.715245,0.160000,0.860000,0.660000,0.100000,-0.100000,1.260894
571,1.061270,1.425423,-0.874338,1.262144,0.295359,-1.698906,0.160000,0.860000,0.640000,0.100000,-0.200000,1.262144
572,1.071633,1.417636,-0.891328,1.262371,0.302358,-1.726665,0.160000,0.940000,0.640000,0.100000,-0.200000,1.262371
573,1.081917,1.409716,-0.908594,1.262386,0.309609,-1.753157,0.140000,0.940000,0.640000,0.100000,-0.200000,1.262386
574,1.092121,1.401663,-0.926126,1.262185,0.317091,-1.778457,0.140000,0.960000,0.640000,0.100000,-0.200000,1.262185
575,1.102240,1.393480,-0.943910,1.261764,0.324787,-1.802640,0.120000,0.960000,0.640000,0.100000,-0.200000,1.261764
576,1.112273,1.385167,-0.961937,1.261120,0.332678,-1.825780,0.160000,0.980000,0.640000,0.100000,-0.200000,1.261120
577,1.122214,1.376725,-0.980195,1.260247,0.340747,-1.847953,0.160000,0.980000,0.640000,0.100000,-0.200000,1.260247
578,1.132062,1.368155,-0.998674,1.259143,0.348979,-1.869231,0.140000,1.000000,0.640000,0.100000,-0.200000,1.259143
579,1.141814,1.359458,-1.017366,1.257804,0.357359,-1.889688,0.140000,1.000000,0.620000,0.100000,-0.200000,1.257804
580,1.151465,1.350636,-1.036263,1.256226,0.365873,-1.909395,0.140000,1.000000,0.620000,0.100000,-0.200000,1.256226
581,1.161013,1.341690,-1.055357,1.254407,0.374509,-1.928418,0.120000,1.000000,0.620000,0.100000,-0.200000,1.254407
582,1.170455,1.332621,-1.074641,1.252344,0.383254,-1.946825,0.120000,1.000000,0.620000,0.100000,-0.200000,1.252344
583,1.179787,1.323432,-1.094110,1.250032,0.392097,-1.964680,0.100000,1.000000,0.640000,0.100000,-0.200000,1.250032
584,1.189006,1.314125,-1.113756,1.247471,0.401028,-1.982043,0.140000,1.000000,0.640000,0.100000,-0.200000,1.247471
585,1.198110,1.304700,-1.133577,1.244656,0.410038,-1.998972,0.140000,1.000000,0.640000,0.100000,-0.200000,1.244656
586,1.207095,1.295161,-1.153567,1.241586,0.419116,-2.015523,0.120000,1.000000,0.640000,0.100000,-0.200000,1.241586
587,1.215958,1.285508,-1.173722,1.238257,0.428256,-2.031749,0.120000,1.000000,0.640000,0.100000,-0.200000,1.238257
588,1.224696,1.275745,-1.194039,1.234667,0.437448,-2.047701,0.120000,1.000000,0.640000,0.100000,-0.200000,1.234667
589,1.233306,1.265874,-1.214516,1.230813,0.446686,-2.063426,0.100000,1.000000,0.640000,0.100000,-0.200000,1.230813
590,1.241785,1.255897,-1.235151,1.226693,0.455962,-2.078969,0.100000,1.000000,0.660000,0.100000,-0.100000,1.226693
591,1.250131,1.245816,-1.255940,1.223255,0.465780,-2.072557,0.080000,1.000000,0.720000,0.100000,0.000000,1.223255
592,1.258348,1.235627,-1.276666,1.220474,0.476307,-2.026434,0.140000,1.000000,0.740000,0.100000,0.000000,1.220474
593,1.266445,1.225328,-1.296930,1.217694,0.486070,-1.983834,0.180000,1.000000,0.740000,0.100000,0.000000,1.217694
594,1.274417,1.214919,-1.316769,1.214925,0.495129,-1.944380,0.220000,1.000000,0.760000,0.100000,0.000000,1.214925
595,1.282263,1.204404,-1.336212,1.212172,0.503540,-1.907748,0.240000,1.000000,0.760000,0.100000,0.000000,1.212172
596,1.289978,1.193785,-1.355290,1.209440,0.511349,-1.873657,0.260000,1.000000,0.780000,0.100000,0.100000,1.209440
597,1.297559,1.183064,-1.374026,1.207388,0.519941,-1.784559,0.260000,1.000000,0.780000,0.100000,0.100000,1.207388
598,1.305019,1.172239,-1.391872,1.205652,0.527268,-1.700571,0.260000,1.000000,0.800000,0.100000,0.100000,1.205652
599,1.312353,1.161313,-1.408878,1.204240,0.533425,-1.620909,0.280000,1.000000,0.800000,0.100000,0.100000,1.204240
600,1.319559,1.150289,-1.425087,1.203158,0.538494,-1.544904,0.280000,1.000000,0.820000,0.100000,0.200000,1.203158
601,1.326634,1.139166,-1.440536,1.202748,0.544389,-1.393102,0.300000,1.000000,0.840000,0.100000,0.200000,1.202748
602,1.333594,1.127948,-1.454467,1.203105,0.548297,-1.247771,0.300000,1.000000,0.940000,0.100000,0.400000,1.203105
603,1.340436,1.116635,-1.466945,1.203169,0.555643,-0.881009,0.300000,1.000000,0.940000,0.100000,0.400000,1.203169
604,1.347210,1.105244,-1.475755,1.205331,0.558228,-0.530075,0.320000,1.000000,0.940000,0.100000,0.400000,1.205331
605,1.353911,1.093775,-1.481055,1.209528,0.556391,-0.190149,0.340000,1.000000,0.940000,0.100000,0.400000,1.209528
606,1.360536,1.082227,-1.482957,1.215675,0.550381,0.142982,0.360000,1.000000,0.940000,0.100000,0.400000,1.215675
607,1.367086,1.070599,-1.481527,1.223672,0.540366,0.472971,0.380000,1.000000,0.920000,0.100000,0.300000,1.223672
608,1.373559,1.058893,-1.476797,1.234185,0.523662,0.683719,0.400000,1.000000,0.900000,0.100000,0.300000,1.234185
609,1.379931,1.047097,-1.469960,1.245638,0.504660,0.901263,0.440000,1.000000,0.880000,0.100000,0.300000,1.245638
610,1.386205,1.035212,-1.460948,1.257961,0.483298,1.126509,0.460000,1.000000,0.840000,0.100000,0.200000,1.257961
611,1.392388,1.023238,-1.449682,1.271302,0.456979,1.252131,0.440000,1.000000,0.720000,0.000000,0.000000,1.271302
612,1.398461,1.011171,-1.437161,1.276886,0.426246,1.246836,0.420000,1.000000,0.700000,0.000000,-0.100000,1.276886
613,1.404386,0.999083,-1.424693,1.281205,0.395114,1.206097,0.420000,1.000000,0.680000,0.000000,-0.100000,1.281205
614,1.410161,0.986983,-1.412632,1.284990,0.364849,1.161543,0.480000,1.000000,0.660000,0.000000,-0.100000,1.284990
615,1.415788,0.974868,-1.401016,1.288266,0.335553,1.112546,0.520000,1.000000,0.620000,0.000000,-0.200000,1.288266
616,1.421272,0.962738,-1.389891,1.290113,0.306711,1.031780,0.580000,1.000000,0.600000,0.000000,-0.300000,1.290113
617,1.426610,0.950599,-1.379573,1.290427,0.279043,0.929958,0.660000,1.000000,0.600000,0.000000,-0.300000,1.290427
618,1.431802,0.938460,-1.370273,1.290200,0.253090,0.816942,0.640000,1.000000,0.580000,0.000000,-0.300000,1.290200
619,1.436852,0.926321,-1.362104,1.289477,0.229013,0.692795,0.640000,1.000000,0.560000,0.000000,-0.300000,1.289477
620,1.441764,0.914180,-1.355176,1.288305,0.206957,0.558006,0.620000,1.000000,0.540000,0.000000,-0.400000,1.288305
621,1.446542,0.902039,-1.349596,1.285724,0.186898,0.407083,0.620000,1.000000,0.540000,0.000000,-0.400000,1.285724
622,1.451186,0.889905,-1.345525,1.282778,0.169127,0.246083,0.660000,1.000000,0.520000,0.000000,-0.400000,1.282778
623,1.455700,0.877779,-1.343064,1.279516,0.153730,0.076756,0.700000,1.000000,0.520000,0.000000,-0.400000,1.279516
624,1.460087,0.865661,-1.342297,1.275985,0.140759,-0.098853,0.740000,1.000000,0.500000,0.000000,-0.500000,1.275985
625,1.464348,0.853552,-1.343285,1.271221,0.130261,-0.277328,0.740000,1.000000,0.500000,0.000000,-0.500000,1.271221
626,1.468484,0.841461,-1.346059,1.266255,0.122147,-0.458484,0.720000,1.000000,0.500000,0.000000,-0.500000,1.266255
627,1.472497,0.829389,-1.350644,1.261108,0.116378,-0.639962,0.720000,1.000000,0.500000,0.100000,-0.500000,1.261108
628,1.476386,0.817336,-1.357043,1.262792,0.112884,-0.819492,0.720000,1.000000,0.500000,0.100000,-0.500000,1.262792
629,1.480168,0.805235,-1.365238,1.264308,0.111643,-0.995718,0.700000,1.000000,0.500000,0.000000,-0.500000,1.264308
630,1.483842,0.793086,-1.375195,1.258647,0.112567,-1.166710,0.700000,1.000000,0.500000,0.100000,-0.500000,1.258647
631,1.487392,0.780959,-1.386862,1.259791,0.115449,-1.330030,0.680000,1.000000,0.500000,0.100000,-0.500000,1.259791
632,1.490832,0.768784,-1.400163,1.260715,0.120244,-1.485184,0.640000,1.000000,0.500000,0.100000,-0.500000,1.260715
633,1.494157,0.756564,-1.415014,1.261388,0.126816,-1.631126,0.620000,1.000000,0.600000,0.100000,-0.300000,1.261388
634,1.497367,0.744300,-1.431326,1.263858,0.135574,-1.743553,0.580000,1.000000,0.620000,0.000000,-0.200000,1.263858
635,1.500467,0.731973,-1.448761,1.260038,0.146590,-1.802288,0.540000,1.000000,0.620000,0.100000,-0.200000,1.260038
636,1.503456,0.719644,-1.466784,1.262918,0.157936,-1.854841,0.520000,1.000000,0.640000,0.100000,-0.200000,1.262918
637,1.506338,0.707248,-1.485333,1.265488,0.169687,-1.902411,0.500000,1.000000,0.860000,0.000000,0.200000,1.265488
638,1.509109,0.694784,-1.504357,1.261475,0.191822,-1.516017,0.460000,1.000000,0.980000,0.100000,0.500000,1.261475
639,1.511860,0.682324,-1.519517,1.261563,0.212751,-0.956291,0.460000,1.000000,1.000000,0.100000,0.500000,1.261563
640,1.514631,0.669834,-1.529080,1.262662,0.226333,-0.405754,0.440000,1.000000,1.000000,0.100000,0.500000,1.262662
641,1.517419,0.657313,-1.533137,1.264999,0.232816,0.131962,0.440000,1.000000,1.000000,0.000000,0.500000,1.264999
642,1.520222,0.644759,-1.531818,1.261660,0.232497,0.653807,0.460000,1.000000,1.000000,0.100000,0.500000,1.261660
643,1.523037,0.632243,-1.525280,1.266608,0.225723,1.157137,0.480000,1.000000,1.000000,0.000000,0.500000,1.266608
644,1.525868,0.619693,-1.513708,1.265680,0.212887,1.638019,0.500000,1.000000,1.000000,0.000000,0.500000,1.265680
645,1.528716,0.607178,-1.497328,1.265635,0.194498,2.092370,0.540000,1.000000,0.920000,0.000000,0.300000,1.265635
646,1.531585,0.594699,-1.476404,1.268676,0.167726,2.370220,0.540000,1.000000,0.880000,0.000000,0.300000,1.268676
647,1.534450,0.582226,-1.452702,1.271503,0.138589,2.623476,0.520000,1.000000,0.740000,0.000000,0.000000,1.271503
648,1.537324,0.569763,-1.426467,1.275001,0.099141,2.489544,0.560000,1.000000,0.620000,0.000000,-0.200000,1.275001
649,1.540139,0.557288,-1.401572,1.275831,0.059546,2.195305,0.640000,1.000000,0.600000,0.000000,-0.300000,1.275831
650,1.542875,0.544813,-1.379619,1.274580,0.024062,1.843962,0.660000,1.000000,0.480000,0.000000,-0.500000,1.274580
651,1.545533,0.532345,-1.361179,1.270480,-0.006520,1.451322,0.640000,1.000000,0.460000,0.000000,-0.500000,1.270480
652,1.548113,0.519905,-1.346666,1.265912,-0.031449,1.041392,0.640000,1.000000,0.460000,0.000000,-0.500000,1.265912
653,1.550620,0.507492,-1.336252,1.261181,-0.050696,0.622381,0.720000,1.000000,0.440000,0.100000,-0.600000,1.261181
654,1.553058,0.495108,-1.330028,1.262513,-0.064279,0.204223,0.740000,1.000000,0.440000,0.100000,-0.600000,1.262513
655,1.555444,0.482694,-1.327986,1.264074,-0.072533,-0.210737,0.720000,1.000000,0.440000,0.000000,-0.600000,1.264074
656,1.557779,0.470249,-1.330093,1.258958,-0.075629,-0.616425,0.720000,1.000000,0.440000,0.100000,-0.600000,1.258958
657,1.560046,0.457842,-1.336258,1.261187,-0.073842,-1.007527,0.700000,1.000000,0.500000,0.100000,-0.500000,1.261187
658,1.562259,0.445404,-1.346333,1.264782,-0.067388,-1.374977,0.700000,1.000000,0.500000,0.000000,-0.500000,1.264782
659,1.564417,0.432924,-1.360083,1.261571,-0.056728,-1.717211,0.680000,1.000000,0.520000,0.100000,-0.400000,1.261571
660,1.566501,0.420468,-1.377255,1.266554,-0.041814,-2.006070,0.620000,1.000000,0.520000,0.000000,-0.400000,1.266554
661,1.568527,0.407959,-1.397316,1.264375,-0.023879,-2.265551,0.560000,1.000000,0.620000,0.000000,-0.200000,1.264375
662,1.570474,0.395464,-1.419971,1.264029,-0.000296,-2.357527,0.540000,1.000000,0.720000,0.000000,0.000000,1.264029
663,1.572370,0.382966,-1.443546,1.263900,0.029124,-2.186808,0.520000,1.000000,0.840000,0.000000,0.200000,1.263900
664,1.574263,0.370467,-1.465414,1.261943,0.059974,-1.809526,0.520000,1.000000,0.880000,0.100000,0.300000,1.261943
665,1.576187,0.357980,-1.483510,1.265642,0.086482,-1.373236,0.520000,1.000000,0.900000,0.000000,0.300000,1.265642
666,1.578152,0.345447,-1.497242,1.262374,0.106832,-0.943273,0.500000,1.000000,0.940000,0.100000,0.400000,1.262374
667,1.580145,0.332936,-1.506675,1.265274,0.122277,-0.476239,0.500000,1.000000,0.940000,0.000000,0.400000,1.265274
668,1.582176,0.320388,-1.511437,1.261707,0.131593,-0.020345,0.480000,1.000000,0.960000,0.100000,0.400000,1.261707
669,1.584238,0.307871,-1.511641,1.265789,0.135034,0.420543,0.480000,1.000000,0.940000,0.000000,0.400000,1.265789
670,1.586334,0.295315,-1.507435,1.263534,0.132987,0.842153,0.460000,1.000000,0.940000,0.000000,0.400000,1.263534
671,1.588461,0.282789,-1.499014,1.261878,0.125872,1.241399,0.460000,1.000000,0.920000,0.100000,0.300000,1.261878
672,1.590622,0.270293,-1.486600,1.268879,0.112585,1.547153,0.440000,1.000000,0.880000,0.000000,0.300000,1.268879
673,1.592811,0.257744,-1.471128,1.269030,0.096019,1.827557,0.480000,1.000000,0.860000,0.000000,0.200000,1.269030
674,1.595029,0.245212,-1.452853,1.270148,0.074331,1.979523,0.520000,1.000000,0.820000,0.000000,0.200000,1.270148
675,1.597262,0.232687,-1.433057,1.270906,0.051785,2.112767,0.520000,1.000000,0.780000,0.000000,0.100000,1.270906
676,1.599520,0.220169,-1.411930,1.271827,0.025764,2.104163,0.520000,1.000000,0.760000,0.000000,0.000000,1.271827
677,1.601786,0.207652,-1.390888,1.272231,-0.001909,1.958574,0.500000,1.000000,0.720000,0.000000,0.000000,1.272231
678,1.604044,0.195131,-1.371302,1.272056,-0.026398,1.816274,0.560000,1.000000,0.700000,0.000000,-0.100000,1.272056
679,1.606306,0.182611,-1.353140,1.271084,-0.050785,1.555681,0.600000,1.000000,0.680000,0.000000,-0.100000,1.271084
680,1.608555,0.170090,-1.337583,1.269870,-0.070780,1.305708,0.580000,1.000000,0.580000,0.000000,-0.300000,1.269870
681,1.610801,0.157572,-1.324526,1.266814,-0.090902,0.888608,0.580000,1.000000,0.560000,0.000000,-0.300000,1.266814
682,1.613008,0.145064,-1.315640,1.263996,-0.105158,0.481001,0.560000,1.000000,0.560000,0.000000,-0.300000,1.263996
683,1.615181,0.132568,-1.310830,1.261590,-0.113861,0.087233,0.600000,1.000000,0.540000,0.100000,-0.400000,1.261590
684,1.617323,0.120083,-1.309957,1.265519,-0.118681,-0.345040,0.620000,1.000000,0.540000,0.000000,-0.400000,1.265519
685,1.619440,0.107550,-1.313408,1.263025,-0.118096,-0.759345,0.620000,1.000000,0.540000,0.100000,-0.400000,1.263025
686,1.621513,0.095035,-1.321001,1.268069,-0.112502,-1.152351,0.580000,1.000000,0.620000,0.000000,-0.200000,1.268069
687,1.623558,0.082470,-1.332525,1.268716,-0.098455,-1.355994,0.540000,1.000000,0.620000,0.000000,-0.200000,1.268716
688,1.625596,0.069909,-1.346085,1.269365,-0.082527,-1.541389,0.500000,1.000000,0.640000,0.000000,-0.200000,1.269365
689,1.627620,0.057351,-1.361498,1.269905,-0.065044,-1.708233,0.500000,1.000000,0.640000,0.000000,-0.200000,1.269905
690,1.629622,0.044794,-1.378581,1.270230,-0.046317,-1.856479,0.500000,1.000000,0.660000,0.000000,-0.100000,1.270230
691,1.631594,0.032237,-1.397146,1.270886,-0.023795,-1.864983,0.480000,1.000000,0.680000,0.000000,-0.100000,1.270886
692,1.633555,0.019678,-1.415795,1.271072,-0.002295,-1.866729,0.480000,1.000000,0.700000,0.000000,-0.100000,1.271072
693,1.635495,0.007116,-1.434463,1.270807,0.018162,-1.862771,0.460000,1.000000,0.720000,0.000000,0.000000,1.270807
694,1.637402,-0.005449,-1.453090,1.270331,0.040620,-1.723876,0.460000,1.000000,0.740000,0.000000,0.000000,1.270331
695,1.639297,-0.018017,-1.470329,1.269493,0.060225,-1.591320,0.440000,1.000000,0.760000,0.000000,0.000000,1.269493
696,1.641170,-0.030588,-1.486242,1.268397,0.077203,-1.465861,0.440000,1.000000,0.780000,0.000000,0.100000,1.268397
697,1.643010,-0.043161,-1.500901,1.266907,0.094824,-1.217484,0.420000,1.000000,0.800000,0.000000,0.100000,1.266907
698,1.644841,-0.055733,-1.513076,1.265453,0.108490,-0.983707,0.420000,1.000000,0.780000,0.000000,0.100000,1.265453
699,1.646654,-0.068304,-1.522913,1.264135,0.118562,-0.764465,0.400000,1.000000,0.780000,0.000000,0.100000,1.264135
700,1.648443,-0.080874,-1.530558,1.263019,0.125391,-0.559162,0.400000,1.000000,0.760000,0.100000,0.000000,1.263019
701,1.650204,-0.093444,-1.536149,1.269181,0.126275,-0.496455,0.400000,1.000000,0.760000,0.000000,0.000000,1.269181
702,1.651906,-0.106084,-1.541114,1.268417,0.126390,-0.437728,0.380000,1.000000,0.760000,0.000000,0.000000,1.268417
703,1.653546,-0.118725,-1.545491,1.267726,0.125750,-0.382565,0.380000,1.000000,0.760000,0.000000,0.000000,1.267726
704,1.655124,-0.131366,-1.549317,1.267108,0.124435,-0.330820,0.360000,1.000000,0.780000,0.000000,0.100000,1.267108
705,1.656640,-0.144008,-1.552625,1.266530,0.125537,-0.153321,0.360000,1.000000,0.780000,0.000000,0.100000,1.266530
706,1.658125,-0.156648,-1.554158,1.266186,0.124339,0.012738,0.340000,1.000000,0.780000,0.000000,0.100000,1.266186
707,1.659579,-0.169288,-1.554031,1.266059,0.121095,0.167923,0.340000,1.000000,0.780000,0.000000,0.100000,1.266059
708,1.661002,-0.181926,-1.552351,1.266123,0.116043,0.312658,0.320000,1.000000,0.760000,0.000000,0.000000,1.266123
709,1.662396,-0.194564,-1.549225,1.266349,0.106412,0.319153,0.320000,1.000000,0.760000,0.000000,0.000000,1.266349
710,1.663733,-0.207201,-1.546033,1.266552,0.097139,0.323175,0.300000,1.000000,0.740000,0.000000,0.000000,1.266552
711,1.665017,-0.219839,-1.542802,1.266729,0.088248,0.324841,0.300000,1.000000,0.740000,0.000000,0.000000,1.266729
712,1.666254,-0.232477,-1.539553,1.266878,0.079757,0.324298,0.300000,1.000000,0.720000,0.000000,0.000000,1.266878
713,1.667447,-0.245114,-1.536310,1.267000,0.071681,0.321714,0.320000,1.000000,0.720000,0.000000,0.000000,1.267000
714,1.668600,-0.257752,-1.533093,1.267094,0.064030,0.317274,0.320000,1.000000,0.720000,0.000000,0.000000,1.267094
715,1.669718,-0.270390,-1.529920,1.267160,0.056812,0.311174,0.320000,1.000000,0.700000,0.000000,-0.100000,1.267160
716,1.670803,-0.283028,-1.526809,1.266766,0.047302,0.186966,0.340000,1.000000,0.700000,0.000000,-0.100000,1.266766
717,1.671833,-0.295662,-1.524939,1.266309,0.039761,0.066644,0.340000,1.000000,0.700000,0.000000,-0.100000,1.266309
718,1.672811,-0.308294,-1.524272,1.265812,0.034058,-0.048910,0.340000,1.000000,0.680000,0.000000,-0.100000,1.265812
719,1.673739,-0.320922,-1.524762,1.265291,0.030051,-0.159037,0.340000,1.000000,0.680000,0.000000,-0.100000,1.265291
720,1.674622,-0.333548,-1.526352,1.264753,0.027595,-0.263275,0.340000,1.000000,0.680000,0.000000,-0.100000,1.264753
721,1.675459,-0.346171,-1.528985,1.264203,0.026545,-0.361320,0.340000,1.000000,0.700000,0.000000,-0.100000,1.264203
722,1.676253,-0.358791,-1.532598,1.263637,0.026756,-0.453003,0.340000,1.000000,0.700000,0.000000,-0.100000,1.263637
723,1.677003,-0.371408,-1.537128,1.263052,0.028090,-0.538266,0.340000,1.000000,0.680000,0.100000,-0.100000,1.263052
724,1.677709,-0.384022,-1.542511,1.269439,0.030411,-0.617136,0.340000,0.980000,0.660000,0.000000,-0.100000,1.269439
725,1.678372,-0.396702,-1.548682,1.268788,0.033647,-0.690010,0.320000,0.980000,0.660000,0.000000,-0.100000,1.268788
726,1.678989,-0.409380,-1.555582,1.268090,0.037632,-0.756748,0.320000,1.000000,0.640000,0.000000,-0.200000,1.268090
727,1.679558,-0.422053,-1.563149,1.266541,0.040008,-0.913615,0.320000,1.000000,0.640000,0.000000,-0.200000,1.266541
728,1.680055,-0.434715,-1.572286,1.264919,0.044198,-1.059609,0.320000,1.000000,0.640000,0.000000,-0.200000,1.264919
729,1.680478,-0.447365,-1.582882,1.263194,0.049992,-1.194455,0.300000,1.000000,0.660000,0.000000,-0.100000,1.263194
730,1.680825,-0.460002,-1.594826,1.262129,0.059434,-1.221991,0.300000,1.000000,0.680000,0.100000,-0.100000,1.262129
731,1.681116,-0.472634,-1.607046,1.267917,0.068776,-1.245110,0.280000,1.000000,0.700000,0.000000,-0.100000,1.267917
732,1.681344,-0.485330,-1.619497,1.266555,0.078080,-1.264808,0.280000,0.980000,0.700000,0.000000,-0.100000,1.266555
733,1.681507,-0.498018,-1.632145,1.265045,0.087209,-1.280945,0.280000,0.980000,0.680000,0.000000,-0.100000,1.265045
734,1.681602,-0.510699,-1.644955,1.263388,0.096131,-1.293933,0.260000,1.000000,0.660000,0.000000,-0.100000,1.263388
735,1.681625,-0.523369,-1.657894,1.261588,0.104823,-1.304152,0.260000,1.000000,0.680000,0.100000,-0.100000,1.261588
736,1.681572,-0.536028,-1.670936,1.266649,0.113265,-1.311947,0.260000,0.980000,0.720000,0.000000,0.000000,1.266649
737,1.681432,-0.548744,-1.684055,1.265026,0.124241,-1.203430,0.240000,1.000000,0.720000,0.000000,0.000000,1.265026
738,1.681237,-0.561454,-1.696089,1.263394,0.133343,-1.101806,0.240000,1.000000,0.700000,0.000000,-0.100000,1.263394
739,1.680981,-0.574156,-1.707107,1.261290,0.138202,-1.115414,0.240000,1.000000,0.680000,0.100000,-0.100000,1.261290
740,1.680637,-0.586839,-1.718262,1.266106,0.143025,-1.127320,0.220000,1.000000,0.680000,0.000000,-0.100000,1.266106
741,1.680191,-0.599573,-1.729535,1.263843,0.147900,-1.138115,0.220000,0.980000,0.720000,0.000000,0.000000,1.263843
742,1.679654,-0.612286,-1.740916,1.262023,0.155177,-1.041729,0.220000,0.980000,0.740000,0.100000,0.000000,1.262023
743,1.679046,-0.624987,-1.751333,1.267270,0.160915,-0.951239,0.220000,0.960000,0.720000,0.000000,0.000000,1.267270
744,1.678354,-0.637743,-1.760846,1.265603,0.165357,-0.866334,0.220000,0.960000,0.700000,0.000000,-0.100000,1.265603
745,1.677587,-0.650483,-1.769509,1.263471,0.166196,-0.885901,0.200000,0.980000,0.700000,0.000000,-0.100000,1.263471
746,1.676722,-0.663198,-1.778368,1.261300,0.167224,-0.904290,0.200000,0.980000,0.700000,0.100000,-0.100000,1.261300
747,1.675759,-0.675884,-1.787411,1.266087,0.168421,-0.921527,0.200000,0.980000,0.720000,0.000000,0.000000,1.266087
748,1.674683,-0.688611,-1.796626,1.264399,0.172180,-0.838773,0.200000,0.960000,0.700000,0.000000,-0.100000,1.264399
749,1.673530,-0.701320,-1.805014,1.262244,0.172438,-0.858345,0.180000,0.960000,0.700000,0.100000,-0.100000,1.262244
750,1.672277,-0.713998,-1.813597,1.267054,0.172905,-0.876864,0.180000,0.940000,0.680000,0.000000,-0.100000,1.267054
751,1.670909,-0.726713,-1.822366,1.264828,0.173652,-0.894724,0.180000,0.940000,0.680000,0.000000,-0.100000,1.264828
752,1.669443,-0.739395,-1.831313,1.262564,0.174570,-0.911530,0.180000,0.920000,0.700000,0.100000,-0.100000,1.262564
753,1.667878,-0.752044,-1.840429,1.267261,0.175640,-0.927308,0.180000,0.920000,0.700000,0.000000,-0.100000,1.267261
754,1.666195,-0.764727,-1.849702,1.264921,0.176938,-0.942465,0.160000,0.920000,0.680000,0.000000,-0.100000,1.264921
755,1.664413,-0.777374,-1.859126,1.262540,0.178353,-0.956622,0.160000,0.900000,0.660000,0.100000,-0.100000,1.262540
756,1.662533,-0.789986,-1.868692,1.267119,0.179868,-0.969813,0.160000,0.900000,0.660000,0.000000,-0.100000,1.267119
757,1.660534,-0.802627,-1.878391,1.264658,0.181567,-0.982452,0.220000,0.880000,0.720000,0.000000,0.000000,1.264658
758,1.658435,-0.815229,-1.888215,1.262738,0.185591,-0.897777,0.220000,0.880000,0.720000,0.100000,0.000000,1.262738
759,1.656257,-0.827805,-1.897193,1.267936,0.188365,-0.817797,0.200000,0.880000,0.700000,0.000000,-0.100000,1.267936
760,1.653976,-0.840419,-1.905371,1.265660,0.187906,-0.835822,0.200000,0.860000,0.700000,0.000000,-0.100000,1.265660
761,1.651595,-0.852991,-1.913729,1.263355,0.187657,-0.853029,0.200000,0.900000,0.680000,0.000000,-0.100000,1.263355
762,1.649114,-0.865520,-1.922259,1.261022,0.187602,-0.869418,0.200000,0.900000,0.680000,0.100000,-0.100000,1.261022
763,1.646534,-0.878005,-1.930954,1.265659,0.187723,-0.884991,0.200000,0.880000,0.660000,0.000000,-0.100000,1.265659
764,1.643830,-0.890511,-1.939803,1.263266,0.188097,-0.900117,0.180000,0.880000,0.660000,0.000000,-0.100000,1.263266
765,1.641028,-0.902972,-1.948805,1.260842,0.188618,-0.914419,0.180000,0.860000,0.640000,0.100000,-0.200000,1.260842
766,1.638128,-0.915386,-1.957949,1.264495,0.187875,-0.987529,0.180000,0.860000,0.640000,0.000000,-0.200000,1.264495
767,1.635093,-0.927805,-1.967824,1.261023,0.188106,-1.058547,0.160000,0.860000,0.660000,0.100000,-0.100000,1.261023
768,1.631952,-0.940162,-1.978410,1.265308,0.190580,-1.065979,0.160000,0.840000,0.660000,0.000000,-0.100000,1.265308
769,1.628686,-0.952533,-1.989069,1.262548,0.193139,-1.073044,0.160000,0.840000,0.640000,0.100000,-0.200000,1.262548
770,1.625322,-0.964855,-1.999800,1.265854,0.194275,-1.139080,0.200000,0.840000,0.640000,0.000000,-0.200000,1.265854
771,1.621824,-0.977175,-2.011191,1.262021,0.196253,-1.202703,0.200000,0.820000,0.680000,0.100000,-0.100000,1.262021
772,1.618219,-0.989427,-2.023218,1.265930,0.200314,-1.203399,0.200000,0.820000,0.660000,0.000000,-0.100000,1.265930
773,1.614487,-1.001689,-2.035252,1.262783,0.204333,-1.203951,0.200000,0.820000,0.660000,0.100000,-0.100000,1.262783
774,1.610657,-1.013894,-2.047291,1.266581,0.208194,-1.204034,0.180000,0.800000,0.640000,0.000000,-0.200000,1.266581
775,1.606698,-1.026104,-2.059331,1.262432,0.210672,-1.261381,0.180000,0.800000,0.640000,0.100000,-0.200000,1.262432
776,1.602633,-1.038240,-2.071945,1.265131,0.213742,-1.315870,0.180000,0.800000,0.620000,0.000000,-0.200000,1.265131
777,1.598429,-1.050363,-2.085104,1.260672,0.217469,-1.368024,0.160000,0.800000,0.620000,0.100000,-0.200000,1.260672
778,1.594121,-1.062408,-2.098784,1.263047,0.221689,-1.417282,0.160000,0.780000,0.600000,0.100000,-0.300000,1.263047
779,1.589673,-1.074436,-2.112957,1.264243,0.225805,-1.492962,0.200000,0.780000,0.640000,0.000000,-0.200000,1.264243
780,1.585084,-1.086430,-2.127887,1.259213,0.231474,-1.536811,0.140000,0.780000,0.640000,0.100000,-0.200000,1.259213
781,1.580391,-1.098342,-2.143255,1.260990,0.237482,-1.577856,0.200000,0.780000,0.620000,0.100000,-0.200000,1.260990
782,1.575556,-1.110228,-2.159033,1.262569,0.243918,-1.616719,0.180000,0.820000,0.620000,0.100000,-0.200000,1.262569
783,1.570580,-1.122085,-2.175201,1.263942,0.250749,-1.653480,0.180000,0.820000,0.620000,0.000000,-0.200000,1.263942
784,1.565460,-1.133910,-2.191735,1.258104,0.257943,-1.688231,0.180000,0.820000,0.600000,0.100000,-0.300000,1.258104
785,1.560238,-1.145644,-2.208618,1.258044,0.264745,-1.745395,0.160000,0.820000,0.600000,0.100000,-0.300000,1.258044
786,1.554874,-1.157327,-2.226072,1.257710,0.272159,-1.799550,0.160000,0.800000,0.600000,0.100000,-0.300000,1.257710
787,1.549368,-1.168958,-2.244067,1.257091,0.280137,-1.850745,0.160000,0.800000,0.580000,0.100000,-0.300000,1.257091
788,1.543720,-1.180532,-2.262575,1.256177,0.288633,-1.899053,0.140000,0.800000,0.580000,0.100000,-0.300000,1.256177
789,1.537929,-1.192047,-2.281565,1.254956,0.297603,-1.944571,0.140000,0.820000,0.620000,0.100000,-0.200000,1.254956
790,1.531997,-1.203500,-2.301011,1.254419,0.307490,-1.966636,0.120000,0.820000,0.620000,0.100000,-0.200000,1.254419
791,1.525921,-1.214897,-2.320677,1.253610,0.317502,-1.987525,0.120000,0.820000,0.600000,0.100000,-0.300000,1.253610
792,1.519700,-1.226234,-2.340552,1.251527,0.327185,-2.026047,0.120000,0.820000,0.600000,0.100000,-0.300000,1.251527
793,1.513339,-1.237498,-2.360813,1.249115,0.337199,-2.062332,0.100000,0.820000,0.600000,0.100000,-0.300000,1.249115
794,1.506839,-1.248685,-2.381436,1.246369,0.347510,-2.096513,0.100000,0.820000,0.600000,0.100000,-0.300000,1.246369
795,1.500201,-1.259792,-2.402401,1.243280,0.358084,-2.128722,0.140000,0.820000,0.580000,0.100000,-0.300000,1.243280
796,1.493425,-1.270814,-2.423689,1.239844,0.368890,-2.159094,0.140000,0.840000,0.580000,0.100000,-0.300000,1.239844
797,1.486514,-1.281748,-2.445279,1.236057,0.379899,-2.187763,0.120000,0.840000,0.580000,0.100000,-0.300000,1.236057
798,1.479467,-1.292591,-2.467157,1.231912,0.391083,-2.214859,0.120000,0.860000,0.580000,0.100000,-0.300000,1.231912
799,1.472287,-1.303338,-2.489306,1.227407,0.402415,-2.240509,0.120000,0.860000,0.580000,0.100000,-0.300000,1.227407
800,1.464976,-1.313986,-2.511711,1.222539,0.413872,-2.264836,0.100000,0.880000,0.580000,0.100000,-0.300000,1.222539
801,1.457534,-1.324532,-2.534359,1.217304,0.425431,-2.287957,0.180000,0.880000,0.620000,0.100000,-0.200000,1.217304
802,1.449965,-1.334972,-2.557239,1.212689,0.437283,-2.300778,0.180000,0.900000,0.620000,0.100000,-0.200000,1.212689
803,1.442263,-1.345309,-2.580246,1.207737,0.449086,-2.313597,0.160000,0.920000,0.620000,0.100000,-0.200000,1.207737
804,1.434429,-1.355540,-2.603382,1.202447,0.460835,-2.326466,0.160000,0.940000,0.620000,0.100000,-0.200000,1.202447
805,1.426467,-1.365661,-2.626647,1.196817,0.472527,-2.339430,0.160000,0.960000,0.620000,0.100000,-0.200000,1.196817
806,1.418378,-1.375667,-2.650041,1.190845,0.484157,-2.352531,0.340000,0.980000,0.620000,0.100000,-0.200000,1.190845
807,1.410165,-1.385556,-2.673567,1.184530,0.495722,-2.365807,0.340000,1.000000,0.620000,0.100000,-0.200000,1.184530
808,1.401830,-1.395324,-2.697225,1.177869,0.507219,-2.379292,0.340000,1.000000,0.640000,0.100000,-0.200000,1.177869
809,1.393375,-1.404967,-2.721018,1.170861,0.518644,-2.393018,0.320000,1.000000,0.640000,0.100000,-0.200000,1.170861
810,1.384805,-1.414482,-2.744948,1.163503,0.529993,-2.407012,0.320000,1.000000,0.640000,0.100000,-0.200000,1.163503
811,1.376120,-1.423865,-2.769018,1.155793,0.541263,-2.421301,0.320000,1.000000,0.640000,0.100000,-0.200000,1.155793
812,1.367326,-1.433114,-2.793231,1.147729,0.552449,-2.435907,0.300000,1.000000,0.660000,0.100000,-0.100000,1.147729
813,1.358424,-1.442225,-2.817590,1.140271,0.563838,-2.438431,0.300000,1.000000,0.660000,0.100000,-0.100000,1.140271
814,1.349409,-1.451200,-2.841974,1.132518,0.574997,-2.442307,0.280000,1.000000,0.680000,0.100000,-0.100000,1.132518
815,1.340286,-1.460036,-2.866397,1.124467,0.585936,-2.447479,0.280000,1.000000,0.680000,0.100000,-0.100000,1.124467
816,1.331056,-1.468731,-2.890872,1.116115,0.596668,-2.453897,0.280000,1.000000,0.700000,0.100000,-0.100000,1.116115
817,1.321725,-1.477280,-2.915411,1.107458,0.607202,-2.461518,0.260000,1.000000,0.700000,0.100000,-0.100000,1.107458
818,1.312294,-1.485681,-2.940026,1.098494,0.617547,-2.470298,0.260000,1.000000,0.720000,0.100000,0.000000,1.098494
819,1.302768,-1.493931,-2.964729,1.090136,0.628175,-2.460246,0.260000,1.000000,0.740000,0.100000,0.000000,1.090136
820,1.293141,-1.502032,-2.989332,1.081580,0.638405,-2.452506,0.240000,1.000000,0.760000,0.100000,0.000000,1.081580
821,1.283419,-1.509983,-3.013857,1.072823,0.648264,-2.446928,0.240000,1.000000,0.780000,0.100000,0.100000,1.072823
822,1.273604,-1.517779,-3.038326,1.064677,0.658525,-2.411431,0.240000,1.000000,0.800000,0.100000,0.100000,1.064677
823,1.263693,-1.525427,-3.062440,1.056526,0.668101,-2.379630,0.240000,1.000000,0.820000,0.100000,0.200000,1.056526
824,1.253689,-1.532923,-3.086237,1.048989,0.678171,-2.303136,0.240000,1.000000,0.860000,0.100000,0.200000,1.048989
825,1.243590,-1.540274,-3.109268,1.041761,0.687107,-2.232445,0.240000,1.000000,0.900000,0.100000,0.300000,1.041761
826,1.233400,-1.547478,-3.131593,1.035150,0.696579,-2.099692,0.240000,1.000000,0.920000,0.100000,0.300000,1.035150
827,1.223119,-1.554547,-3.152590,1.029315,0.704322,-1.975337,0.240000,1.000000,0.960000,0.100000,0.400000,1.029315
828,1.212749,-1.561477,-3.172343,1.024090,0.712541,-1.770270,0.260000,1.000000,1.000000,0.100000,0.500000,1.024090
829,1.202294,-1.568284,-3.190046,1.019455,0.720803,-1.468923,0.260000,1.000000,1.000000,0.100000,0.500000,1.019455
830,1.191762,-1.574990,-3.204735,1.017037,0.725562,-1.182398,0.260000,1.000000,1.000000,0.100000,0.500000,1.017037
831,1.181154,-1.581589,-3.216559,1.016763,0.727127,-0.906466,0.260000,1.000000,1.000000,0.100000,0.500000,1.016763
832,1.170471,-1.588079,-3.225623,1.018563,0.725728,-0.637506,0.280000,1.000000,1.000000,0.100000,0.500000,1.018563
833,1.159712,-1.594456,-3.231999,1.022373,0.721528,-0.372355,0.280000,1.000000,1.000000,0.100000,0.500000,1.022373
834,1.148878,-1.600718,-3.235722,1.028130,0.714637,-0.108188,0.300000,1.000000,1.000000,0.100000,0.500000,1.028130
835,1.137971,-1.606867,-3.236804,1.035771,0.705115,0.157586,0.300000,1.000000,1.000000,0.100000,0.500000,1.035771
836,1.126990,-1.612901,-3.235228,1.045233,0.692976,0.427396,0.320000,1.000000,1.000000,0.100000,0.500000,1.045233
837,1.115935,-1.618823,-3.230954,1.056450,0.678197,0.703562,0.320000,1.000000,1.000000,0.100000,0.500000,1.056450
838,1.104808,-1.624635,-3.223919,1.069347,0.660716,0.988326,0.340000,1.000000,1.000000,0.100000,0.500000,1.069347
839,1.093607,-1.630341,-3.214035,1.083839,0.640433,1.283842,0.360000,1.000000,0.940000,0.100000,0.400000,1.083839
840,1.082334,-1.635944,-3.201197,1.100716,0.614643,1.482120,0.380000,1.000000,0.900000,0.100000,0.300000,1.100716
841,1.070980,-1.641424,-3.186376,1.118543,0.584791,1.602786,0.400000,1.000000,0.840000,0.100000,0.200000,1.118543
842,1.059544,-1.646765,-3.170348,1.136261,0.552144,1.664459,0.440000,1.000000,0.780000,0.100000,0.100000,1.136261
843,1.048027,-1.651958,-3.153703,1.153149,0.517734,1.682152,0.460000,1.000000,0.740000,0.100000,0.000000,1.153149
844,1.036434,-1.656995,-3.136882,1.168744,0.482393,1.667483,0.500000,1.000000,0.680000,0.100000,-0.100000,1.168744
845,1.024769,-1.661874,-3.120207,1.182769,0.446792,1.629475,0.540000,1.000000,0.640000,0.100000,-0.200000,1.182769
846,1.013040,-1.666594,-3.103912,1.195080,0.411478,1.575251,0.580000,1.000000,0.620000,0.100000,-0.200000,1.195080
847,1.001252,-1.671156,-3.088160,1.206611,0.376968,1.513655,0.620000,1.000000,0.580000,0.100000,-0.300000,1.206611
848,0.989405,-1.675564,-3.073023,1.216402,0.343310,1.438209,0.660000,1.000000,0.560000,0.100000,-0.300000,1.216402
849,0.977505,-1.679823,-3.058641,1.225450,0.310829,1.350601,0.700000,1.000000,0.520000,0.100000,-0.400000,1.225450
850,0.965550,-1.683936,-3.045135,1.232801,0.279789,1.251437,0.760000,1.000000,0.500000,0.100000,-0.500000,1.232801
851,0.953549,-1.687908,-3.032621,1.238525,0.250547,1.145893,0.820000,1.000000,0.480000,0.100000,-0.500000,1.238525
852,0.941509,-1.691746,-3.021162,1.243639,0.222981,1.022515,0.860000,1.000000,0.460000,0.100000,-0.500000,1.243639
853,0.929431,-1.695453,-3.010936,1.248185,0.197342,0.881159,0.920000,1.000000,0.460000,0.100000,-0.500000,1.248185
854,0.917313,-1.699036,-3.002125,1.252214,0.173865,0.722423,0.960000,1.000000,0.440000,0.100000,-0.600000,1.252214
855,0.905154,-1.702499,-2.994901,1.254859,0.153084,0.561531,1.000000,1.000000,0.420000,0.100000,-0.600000,1.254859
856,0.892964,-1.705847,-2.989285,1.257127,0.134664,0.385713,1.000000,1.000000,0.420000,0.100000,-0.600000,1.257127
857,0.880742,-1.709086,-2.985428,1.259075,0.118752,0.197365,1.000000,1.000000,0.400000,0.100000,-0.600000,1.259075
858,0.868489,-1.712217,-2.983455,1.260756,0.105458,-0.000698,1.000000,1.000000,0.400000,0.100000,-0.600000,1.260756
859,0.856205,-1.715244,-2.983462,1.262220,0.094846,-0.205408,1.000000,1.000000,0.400000,0.100000,-0.600000,1.262220
860,0.843890,-1.718168,-2.985516,1.263507,0.086937,-0.413598,1.000000,1.000000,0.400000,0.000000,-0.600000,1.263507
861,0.831543,-1.720991,-2.989652,1.257645,0.081710,-0.622139,1.000000,1.000000,0.400000,0.100000,-0.600000,1.257645
862,0.819236,-1.723702,-2.995873,1.258648,0.079050,-0.827433,1.000000,1.000000,0.400000,0.100000,-0.600000,1.258648
863,0.806897,-1.726312,-3.004147,1.259515,0.078900,-1.027450,1.000000,1.000000,0.400000,0.100000,-0.600000,1.259515
864,0.794529,-1.728819,-3.014422,1.260233,0.081140,-1.219799,1.000000,1.000000,0.400000,0.100000,-0.600000,1.260233
865,0.782131,-1.731222,-3.026620,1.260776,0.085623,-1.402458,0.980000,1.000000,0.400000,0.100000,-0.600000,1.260776
866,0.769705,-1.733519,-3.040644,1.261109,0.092187,-1.573818,0.940000,1.000000,0.400000,0.100000,-0.600000,1.261109
867,0.757251,-1.735707,-3.056383,1.261190,0.100654,-1.732686,0.880000,1.000000,0.420000,0.100000,-0.600000,1.261190
868,0.744771,-1.737784,-3.073709,1.260973,0.110840,-1.878287,0.840000,1.000000,0.420000,0.100000,-0.600000,1.260973
869,0.732265,-1.739745,-3.092492,1.260410,0.122558,-2.010233,0.800000,1.000000,0.440000,0.100000,-0.600000,1.260410
870,0.719736,-1.741588,-3.112595,1.259457,0.135621,-2.128484,0.760000,1.000000,0.460000,0.100000,-0.500000,1.259457
871,0.707186,-1.743308,-3.133879,1.259034,0.149635,-2.242367,0.720000,1.000000,0.480000,0.100000,-0.500000,1.259034
872,0.694608,-1.744902,-3.156303,1.258127,0.164764,-2.343846,0.680000,1.000000,0.500000,0.100000,-0.500000,1.258127
873,0.682004,-1.746364,-3.179742,1.256696,0.180846,-2.433554,0.640000,1.000000,0.540000,0.100000,-0.400000,1.256696
874,0.669377,-1.747692,-3.204077,1.255719,0.197744,-2.511692,0.600000,1.000000,0.580000,0.100000,-0.300000,1.255719
875,0.656721,-1.748881,-3.229194,1.255191,0.215655,-2.565722,0.580000,1.000000,0.640000,0.100000,-0.200000,1.255191
876,0.644028,-1.749932,-3.254851,1.255077,0.234721,-2.578959,0.540000,1.000000,0.700000,0.100000,-0.100000,1.255077
877,0.631293,-1.750845,-3.280641,1.255295,0.254978,-2.530557,0.520000,1.000000,0.780000,0.100000,0.100000,1.255295
878,0.618508,-1.751631,-3.305946,1.255843,0.279044,-2.278212,0.500000,1.000000,0.880000,0.100000,0.300000,1.255843
879,0.605662,-1.752329,-3.328729,1.255214,0.304841,-1.805251,0.480000,1.000000,1.000000,0.100000,0.500000,1.255214
880,0.592762,-1.752989,-3.346781,1.253152,0.327202,-1.217480,0.480000,1.000000,1.000000,0.100000,0.500000,1.253152
881,0.579826,-1.753639,-3.358956,1.252821,0.341746,-0.644962,0.460000,1.000000,1.000000,0.100000,0.500000,1.252821
882,0.566856,-1.754274,-3.365405,1.254453,0.348810,-0.088350,0.460000,1.000000,1.000000,0.100000,0.500000,1.254453
883,0.553850,-1.754891,-3.366289,1.258124,0.348729,0.452569,0.460000,1.000000,1.000000,0.100000,0.500000,1.258124
884,0.540808,-1.755487,-3.361763,1.263778,0.341827,0.978240,0.460000,1.000000,1.000000,0.000000,0.500000,1.263778
885,0.527729,-1.756063,-3.351981,1.264242,0.328414,1.488666,0.480000,1.000000,1.000000,0.000000,0.500000,1.264242
886,0.514679,-1.756634,-3.337094,1.266259,0.308854,1.982508,0.480000,1.000000,1.000000,0.000000,0.500000,1.266259
887,0.501658,-1.757204,-3.317269,1.269470,0.283544,2.457043,0.500000,1.000000,0.900000,0.000000,0.300000,1.269470
888,0.488663,-1.757777,-3.292699,1.276048,0.248508,2.718360,0.520000,1.000000,0.800000,0.000000,0.100000,1.276048
889,0.475674,-1.758313,-3.265515,1.283096,0.205672,2.721580,0.560000,1.000000,0.700000,0.000000,-0.100000,1.283096
890,0.462687,-1.758768,-3.238299,1.287818,0.160502,2.550532,0.580000,1.000000,0.620000,0.000000,-0.200000,1.287818
891,0.449714,-1.759122,-3.212794,1.290173,0.117797,2.309896,0.620000,1.000000,0.560000,0.000000,-0.300000,1.290173
892,0.436761,-1.759379,-3.189695,1.290225,0.078733,2.013898,0.640000,1.000000,0.520000,0.000000,-0.400000,1.290225
893,0.423836,-1.759545,-3.169556,1.288189,0.044194,1.677742,0.680000,1.000000,0.500000,0.000000,-0.500000,1.288189
894,0.410947,-1.759627,-3.152779,1.284363,0.014777,1.316827,0.720000,1.000000,0.460000,0.000000,-0.500000,1.284363
895,0.398103,-1.759631,-3.139610,1.280052,-0.009364,0.938009,0.740000,1.000000,0.460000,0.000000,-0.500000,1.280052
896,0.385302,-1.759563,-3.130230,1.275521,-0.028178,0.548965,0.760000,1.000000,0.440000,0.000000,-0.600000,1.275521
897,0.372544,-1.759426,-3.124741,1.269977,-0.041623,0.160830,0.760000,1.000000,0.440000,0.000000,-0.600000,1.269977
898,0.359839,-1.759224,-3.123132,1.264563,-0.050028,-0.225857,0.780000,1.000000,0.440000,0.000000,-0.600000,1.264563
899,0.347187,-1.758957,-3.125391,1.259364,-0.053592,-0.605020,0.760000,1.000000,0.440000,0.100000,-0.600000,1.259364
900,0.334586,-1.758625,-3.131441,1.261406,-0.052586,-0.971049,0.760000,1.000000,0.440000,0.100000,-0.600000,1.261406
901,0.321967,-1.758228,-3.141152,1.263653,-0.047276,-1.318721,0.740000,1.000000,0.460000,0.000000,-0.500000,1.263653
902,0.309330,-1.757760,-3.154339,1.260076,-0.037950,-1.641884,0.700000,1.000000,0.480000,0.100000,-0.500000,1.260076
903,0.296736,-1.757220,-3.170758,1.263500,-0.025140,-1.938586,0.680000,1.000000,0.500000,0.000000,-0.500000,1.263500
904,0.284113,-1.756601,-3.190144,1.259775,-0.009153,-2.206818,0.640000,1.000000,0.540000,0.100000,-0.400000,1.259775
905,0.271535,-1.755898,-3.212212,1.263864,0.009907,-2.425284,0.620000,1.000000,0.580000,0.000000,-0.300000,1.263864
906,0.258921,-1.755105,-3.236465,1.261597,0.032096,-2.572217,0.580000,1.000000,0.640000,0.100000,-0.200000,1.261597
907,0.246331,-1.754229,-3.262187,1.266705,0.056962,-2.622932,0.540000,1.000000,0.700000,0.000000,-0.100000,1.266705
908,0.233687,-1.753271,-3.288416,1.264818,0.084075,-2.558834,0.520000,1.000000,0.800000,0.000000,0.100000,1.264818
909,0.221052,-1.752252,-3.314004,1.262253,0.115134,-2.243128,0.500000,1.000000,0.920000,0.100000,0.300000,1.262253
910,0.208419,-1.751221,-3.336436,1.264604,0.145240,-1.759797,0.480000,1.000000,1.000000,0.000000,0.500000,1.264604
911,0.195731,-1.750197,-3.354034,1.257872,0.170207,-1.215591,0.460000,1.000000,1.000000,0.100000,0.500000,1.257872
912,0.183077,-1.749209,-3.366190,1.258756,0.187843,-0.675010,0.460000,1.000000,1.000000,0.100000,0.500000,1.258756
913,0.170387,-1.748237,-3.372940,1.260559,0.198475,-0.143936,0.440000,1.000000,1.000000,0.100000,0.500000,1.260559
914,0.157662,-1.747278,-3.374379,1.263445,0.202356,0.373509,0.440000,1.000000,1.000000,0.000000,0.500000,1.263445
915,0.144902,-1.746333,-3.370644,1.260450,0.199794,0.873563,0.440000,1.000000,1.000000,0.100000,0.500000,1.260450
916,0.132173,-1.745417,-3.361908,1.265500,0.191178,1.352786,0.440000,1.000000,1.000000,0.000000,0.500000,1.265500
917,0.119406,-1.744517,-3.348380,1.264410,0.176912,1.806330,0.460000,1.000000,1.000000,0.000000,0.500000,1.264410
918,0.106668,-1.743652,-3.330317,1.263926,0.157565,2.229504,0.460000,1.000000,1.000000,0.000000,0.500000,1.263926
919,0.093957,-1.742828,-3.308022,1.263727,0.133724,2.616770,0.480000,1.000000,0.920000,0.000000,0.300000,1.263727
920,0.081273,-1.742054,-3.281854,1.265926,0.103148,2.839555,0.500000,1.000000,0.820000,0.000000,0.200000,1.265926
921,0.068594,-1.741305,-3.253459,1.268386,0.068585,2.922076,0.540000,1.000000,0.720000,0.000000,0.000000,1.268386
922,0.055913,-1.740571,-3.224238,1.270252,0.028730,2.734172,0.560000,1.000000,0.640000,0.000000,-0.200000,1.270252
923,0.043230,-1.739809,-3.196896,1.269528,-0.011142,2.365237,0.600000,1.000000,0.600000,0.000000,-0.300000,1.269528
924,0.030560,-1.738996,-3.173244,1.266857,-0.046184,1.938274,0.640000,1.000000,0.560000,0.000000,-0.300000,1.266857
925,0.017913,-1.738133,-3.153861,1.263688,-0.074819,1.505376,0.660000,1.000000,0.520000,0.000000,-0.400000,1.263688
926,0.005286,-1.737230,-3.138807,1.259312,-0.098048,1.036796,0.680000,1.000000,0.500000,0.100000,-0.500000,1.259312
927,-0.007310,-1.736284,-3.128440,1.261049,-0.115293,0.552497,0.700000,1.000000,0.500000,0.100000,-0.500000,1.261049
928,-0.019934,-1.735297,-3.122915,1.263252,-0.126266,0.073843,0.720000,1.000000,0.480000,0.000000,-0.500000,1.263252
929,-0.032588,-1.734271,-3.122176,1.259074,-0.131176,-0.393539,0.720000,1.000000,0.480000,0.100000,-0.500000,1.259074
930,-0.045202,-1.733204,-3.126112,1.262568,-0.130309,-0.845047,0.700000,1.000000,0.500000,0.100000,-0.500000,1.262568
931,-0.057847,-1.732096,-3.134562,1.266689,-0.124024,-1.275202,0.680000,1.000000,0.520000,0.000000,-0.400000,1.266689
932,-0.070522,-1.730945,-3.147314,1.265509,-0.111928,-1.645389,0.660000,1.000000,0.540000,0.000000,-0.400000,1.265509
933,-0.083170,-1.729754,-3.163768,1.264583,-0.095791,-1.986247,0.620000,1.000000,0.560000,0.000000,-0.300000,1.264583
934,-0.095792,-1.728516,-3.183630,1.264878,-0.074614,-2.229380,0.600000,1.000000,0.600000,0.000000,-0.300000,1.264878
935,-0.108398,-1.727238,-3.205924,1.264862,-0.051373,-2.444021,0.560000,1.000000,0.640000,0.000000,-0.200000,1.264862
936,-0.120987,-1.725913,-3.230364,1.265367,-0.024279,-2.535164,0.540000,1.000000,0.700000,0.000000,-0.100000,1.265367
937,-0.133570,-1.724549,-3.255716,1.265775,0.005514,-2.488305,0.500000,1.000000,0.780000,0.000000,0.100000,1.265775
938,-0.146151,-1.723162,-3.280599,1.265066,0.039057,-2.191205,0.480000,1.000000,0.880000,0.000000,0.300000,1.265066
939,-0.158734,-1.721796,-3.302511,1.261894,0.070966,-1.750755,0.460000,1.000000,0.860000,0.100000,0.200000,1.261894
940,-0.171304,-1.720475,-3.320019,1.266506,0.094785,-1.379294,0.440000,1.000000,0.860000,0.000000,0.200000,1.266506
941,-0.183936,-1.719160,-3.333812,1.264175,0.113132,-1.022343,0.420000,1.000000,0.940000,0.000000,0.400000,1.264175
942,-0.196561,-1.717855,-3.344035,1.259941,0.129379,-0.547837,0.420000,1.000000,1.000000,0.100000,0.500000,1.259941
943,-0.209163,-1.716590,-3.349513,1.262115,0.139912,-0.058125,0.420000,1.000000,1.000000,0.100000,0.500000,1.262115
944,-0.221801,-1.715353,-3.350095,1.264995,0.144253,0.419432,0.420000,1.000000,1.000000,0.000000,0.500000,1.264995
945,-0.234476,-1.714146,-3.345900,1.261624,0.142692,0.879922,0.420000,1.000000,1.000000,0.100000,0.500000,1.261624
946,-0.247119,-1.712984,-3.337101,1.265948,0.135621,1.319028,0.420000,1.000000,0.980000,0.000000,0.500000,1.265948
947,-0.259801,-1.711855,-3.323911,1.263824,0.123435,1.731487,0.420000,1.000000,0.920000,0.000000,0.300000,1.263824
948,-0.272454,-1.710777,-3.306596,1.264460,0.104202,2.005910,0.440000,1.000000,0.840000,0.000000,0.200000,1.264460
949,-0.285098,-1.709728,-3.286537,1.265977,0.079971,2.147864,0.440000,1.000000,0.760000,0.000000,0.000000,1.265977
950,-0.297740,-1.708691,-3.265058,1.267558,0.049217,2.017988,0.460000,1.000000,0.760000,0.000000,0.000000,1.267558
951,-0.310380,-1.707618,-3.244878,1.268414,0.021546,1.885627,0.480000,1.000000,0.740000,0.000000,0.000000,1.268414
952,-0.323019,-1.706525,-3.226022,1.268683,-0.003119,1.753995,0.500000,1.000000,0.740000,0.000000,0.000000,1.268683
953,-0.335658,-1.705424,-3.208482,1.268491,-0.024913,1.625525,0.520000,1.000000,0.720000,0.000000,0.000000,1.268491
954,-0.348298,-1.704327,-3.192227,1.267948,-0.044012,1.501856,0.540000,1.000000,0.680000,0.000000,-0.100000,1.267948
955,-0.360939,-1.703246,-3.177208,1.266853,-0.063587,1.256640,0.540000,1.000000,0.660000,0.000000,-0.100000,1.266853
956,-0.373576,-1.702159,-3.164642,1.265679,-0.079170,1.023495,0.560000,1.000000,0.620000,0.000000,-0.200000,1.265679
957,-0.386212,-1.701076,-3.154407,1.263826,-0.093700,0.691635,0.580000,1.000000,0.620000,0.000000,-0.200000,1.263826
958,-0.398837,-1.699977,-3.147491,1.262228,-0.103475,0.375077,0.580000,1.000000,0.600000,0.100000,-0.300000,1.262228
959,-0.411453,-1.698868,-3.143740,1.266947,-0.110925,-0.012272,0.580000,1.000000,0.600000,0.000000,-0.300000,1.266947
960,-0.424120,-1.697732,-3.143863,1.265147,-0.113354,-0.381951,0.580000,1.000000,0.600000,0.000000,-0.300000,1.265147
961,-0.436769,-1.696570,-3.147682,1.263829,-0.111131,-0.732129,0.580000,1.000000,0.620000,0.000000,-0.200000,1.263829
962,-0.449400,-1.695381,-3.155003,1.263936,-0.102410,-0.963313,0.560000,1.000000,0.620000,0.000000,-0.200000,1.263936
963,-0.462025,-1.694188,-3.164636,1.264208,-0.091219,-1.176504,0.540000,1.000000,0.640000,0.000000,-0.200000,1.264208
964,-0.474642,-1.692985,-3.176402,1.264544,-0.077906,-1.371441,0.520000,1.000000,0.620000,0.000000,-0.200000,1.264544
965,-0.487253,-1.691766,-3.190116,1.264842,-0.062809,-1.547926,0.500000,1.000000,0.600000,0.000000,-0.300000,1.264842
966,-0.499856,-1.690525,-3.205595,1.263987,-0.048381,-1.797246,0.480000,1.000000,0.600000,0.000000,-0.300000,1.263987
967,-0.512439,-1.689234,-3.223568,1.262996,-0.031531,-2.021132,0.460000,1.000000,0.640000,0.100000,-0.200000,1.262996
968,-0.525001,-1.687885,-3.243779,1.269750,-0.010640,-2.132694,0.440000,1.000000,0.700000,0.000000,-0.100000,1.269750
969,-0.537621,-1.686484,-3.265106,1.269707,0.013537,-2.111860,0.420000,1.000000,0.780000,0.000000,0.100000,1.269707
970,-0.550238,-1.685054,-3.286225,1.268885,0.042141,-1.836175,0.400000,1.000000,0.820000,0.000000,0.200000,1.268885
971,-0.562855,-1.683642,-3.304586,1.266862,0.068279,-1.472530,0.400000,1.000000,0.820000,0.000000,0.200000,1.266862
972,-0.575467,-1.682260,-3.319312,1.264728,0.088846,-1.118326,0.380000,1.000000,0.800000,0.000000,0.100000,1.264728
973,-0.588072,-1.680899,-3.330495,1.263428,0.101498,-0.891087,0.380000,1.000000,0.860000,0.000000,0.200000,1.263428
974,-0.600672,-1.679524,-3.339406,1.261582,0.113431,-0.560607,0.360000,1.000000,0.860000,0.100000,0.200000,1.261582
975,-0.613265,-1.678156,-3.345012,1.267092,0.120722,-0.247218,0.360000,1.000000,0.840000,0.000000,0.200000,1.267092
976,-0.625918,-1.676779,-3.347484,1.266004,0.123824,0.048339,0.360000,1.000000,0.840000,0.000000,0.200000,1.266004
977,-0.638564,-1.675403,-3.347001,1.265326,0.123079,0.326278,0.360000,1.000000,0.820000,0.000000,0.200000,1.265326
978,-0.651202,-1.674027,-3.343738,1.265021,0.118883,0.586614,0.360000,1.000000,0.820000,0.000000,0.200000,1.265021
979,-0.663834,-1.672652,-3.337872,1.265026,0.111621,0.829312,0.360000,1.000000,0.800000,0.000000,0.100000,1.265026
980,-0.676459,-1.671279,-3.329579,1.265837,0.098708,0.927867,0.360000,1.000000,0.800000,0.000000,0.100000,1.265837
981,-0.689079,-1.669884,-3.320300,1.266612,0.085192,1.017121,0.360000,1.000000,0.800000,0.000000,0.100000,1.266612
982,-0.701694,-1.668470,-3.310129,1.267312,0.071229,1.097046,0.360000,0.980000,0.780000,0.000000,0.100000,1.267312
983,-0.714307,-1.667047,-3.299158,1.267898,0.056967,1.167734,0.360000,0.980000,0.780000,0.000000,0.100000,1.267898
984,-0.726919,-1.665620,-3.287481,1.268338,0.042540,1.229415,0.380000,0.960000,0.740000,0.000000,0.000000,1.268338
985,-0.739529,-1.664197,-3.275187,1.268723,0.025011,1.151456,0.380000,0.900000,0.700000,0.000000,-0.100000,1.268723
986,-0.752137,-1.662755,-3.263672,1.268455,0.006575,0.955730,0.380000,0.900000,0.680000,0.000000,-0.100000,1.268455
987,-0.764735,-1.661276,-3.254115,1.268009,-0.008575,0.764815,0.380000,0.880000,0.660000,0.000000,-0.100000,1.268009
988,-0.777325,-1.659767,-3.246467,1.267478,-0.020633,0.580822,0.400000,0.880000,0.640000,0.000000,-0.200000,1.267478
989,-0.789909,-1.658235,-3.240658,1.266157,-0.032181,0.304177,0.400000,0.860000,0.640000,0.000000,-0.200000,1.266157
990,-0.802476,-1.656662,-3.237617,1.264923,-0.039828,0.038250,0.480000,0.860000,0.620000,0.000000,-0.200000,1.264923
991,-0.815029,-1.655053,-3.237234,1.263826,-0.043869,-0.214829,0.480000,0.840000,0.640000,0.000000,-0.200000,1.263826
992,-0.827568,-1.653409,-3.239382,1.262881,-0.044619,-0.453584,0.480000,0.840000,0.640000,0.100000,-0.200000,1.262881
993,-0.840093,-1.651732,-3.243918,1.269073,-0.042403,-0.677018,0.480000,0.820000,0.660000,0.000000,-0.100000,1.269073
994,-0.852674,-1.650014,-3.250688,1.269065,-0.034834,-0.770192,0.460000,0.820000,0.660000,0.000000,-0.100000,1.269065
995,-0.865251,-1.648286,-3.258390,1.269028,-0.026484,-0.854326,0.460000,0.800000,0.660000,0.000000,-0.100000,1.269028
996,-0.877824,-1.646544,-3.266934,1.268934,-0.017505,-0.929765,0.440000,0.800000,0.640000,0.000000,-0.200000,1.268934
997,-0.890392,-1.644784,-3.276231,1.268035,-0.010623,-1.107535,0.440000,0.780000,0.640000,0.000000,-0.200000,1.268035
998,-0.902943,-1.642977,-3.287307,1.267085,-0.001868,-1.269927,0.420000,0.780000,0.640000,0.000000,-0.200000,1.267085
999,-0.915477,-1.641118,-3.300006,1.266026,0.008486,-1.417061,0.400000,0.800000,0.680000,0.000000,-0.100000,1.266026
