step,x,y,mu,vx,vy,omega,lidar_l,lidar_c,lidar_r,throttle,steering,reward
0,1.184980,1.337194,-1.085627,0.000000,0.000000,0.000000,0.160000,1.000000,0.620000,0.100000,-0.200000,0.000000
1,1.184980,1.337194,-1.085627,0.007000,0.000000,0.000000,0.160000,1.000000,0.620000,0.100000,-0.200000,0.007000
2,1.185013,1.337132,-1.085627,0.014000,0.000000,0.000000,0.160000,1.000000,0.620000,0.100000,-0.200000,0.014000
3,1.185078,1.337008,-1.085627,0.019923,-0.005314,-0.227281,0.160000,1.000000,0.620000,0.100000,-0.200000,0.019923
4,1.185124,1.336807,-1.087900,0.028446,-0.001278,0.260219,0.160000,1.000000,0.620000,0.100000,-0.200000,0.028446
5,1.185245,1.336549,-1.085298,0.033782,-0.002537,-0.431202,0.160000,1.000000,0.620000,0.100000,-0.200000,0.033782
6,1.185380,1.336238,-1.089610,0.041945,-0.003712,0.152679,0.160000,1.000000,0.620000,0.100000,-0.200000,0.041945
7,1.185541,1.335849,-1.088083,0.047794,-0.003865,-0.359435,0.160000,1.000000,0.620000,0.100000,-0.200000,0.047794
8,1.185729,1.335408,-1.091677,0.055349,-0.005841,-0.010811,0.160000,1.000000,0.620000,0.100000,-0.200000,0.055349
9,1.185932,1.334890,-1.091786,0.061815,-0.005297,-0.277946,0.160000,1.000000,0.620000,0.100000,-0.200000,0.061815
10,1.186170,1.334317,-1.094565,0.068908,-0.006824,-0.159673,0.160000,1.000000,0.620000,0.100000,-0.200000,0.068908
11,1.186425,1.333673,-1.096162,0.075703,-0.007012,-0.242799,0.160000,1.000000,0.620000,0.100000,-0.200000,0.075703
12,1.186709,1.332968,-1.098590,0.082618,-0.007780,-0.242179,0.160000,1.000000,0.620000,0.100000,-0.200000,0.082618
13,1.187015,1.332197,-1.101012,0.089496,-0.008357,-0.267374,0.160000,1.000000,0.620000,0.100000,-0.200000,0.089496
14,1.187346,1.331361,-1.103685,0.096383,-0.008960,-0.287108,0.160000,1.000000,0.620000,0.100000,-0.200000,0.096383
15,1.187700,1.330460,-1.106556,0.103270,-0.009550,-0.307470,0.160000,1.000000,0.620000,0.100000,-0.200000,0.103270
16,1.188077,1.329494,-1.109631,0.110156,-0.010130,-0.327764,0.160000,1.000000,0.640000,0.100000,-0.200000,0.110156
17,1.188476,1.328462,-1.112909,0.117043,-0.010698,-0.348018,0.160000,1.000000,0.640000,0.100000,-0.200000,0.117043
18,1.188898,1.327365,-1.116389,0.123930,-0.011255,-0.368229,0.160000,1.000000,0.640000,0.100000,-0.200000,0.123930
19,1.189341,1.326202,-1.120071,0.130818,-0.011800,-0.388395,0.160000,1.000000,0.640000,0.100000,-0.200000,0.130818
20,1.189804,1.324973,-1.123955,0.137705,-0.012331,-0.408513,0.160000,1.000000,0.640000,0.100000,-0.200000,0.137705
21,1.190288,1.323678,-1.128040,0.144593,-0.012849,-0.428582,0.140000,1.000000,0.640000,0.100000,-0.200000,0.144593
22,1.190792,1.322317,-1.132326,0.151481,-0.013352,-0.448598,0.140000,1.000000,0.640000,0.100000,-0.200000,0.151481
23,1.191314,1.320888,-1.136812,0.158369,-0.013840,-0.468559,0.140000,1.000000,0.640000,0.100000,-0.200000,0.158369
24,1.191854,1.319393,-1.141498,0.165256,-0.014313,-0.488462,0.140000,1.000000,0.640000,0.100000,-0.200000,0.165256
25,1.192412,1.317831,-1.146382,0.172143,-0.014769,-0.508304,0.140000,1.000000,0.640000,0.100000,-0.200000,0.172143
26,1.192986,1.316202,-1.151465,0.179030,-0.015208,-0.528084,0.140000,1.000000,0.660000,0.100000,-0.100000,0.179030
27,1.193576,1.314505,-1.156746,0.186317,-0.012598,-0.418134,0.140000,1.000000,0.660000,0.100000,-0.100000,0.186317
28,1.194210,1.312748,-1.160927,0.193466,-0.011058,-0.365409,0.140000,1.000000,0.660000,0.100000,-0.100000,0.193466
29,1.194880,1.310930,-1.164582,0.200538,-0.010174,-0.341659,0.140000,1.000000,0.660000,0.100000,-0.100000,0.200538
30,1.195579,1.309047,-1.167998,0.207569,-0.009683,-0.332767,0.140000,1.000000,0.660000,0.100000,-0.100000,0.207569
31,1.196303,1.307100,-1.171326,0.214576,-0.009426,-0.331754,0.140000,1.000000,0.660000,0.100000,-0.100000,0.214576
32,1.197051,1.305086,-1.174643,0.221567,-0.009311,-0.335071,0.140000,1.000000,0.660000,0.100000,-0.100000,0.221567
33,1.197820,1.303006,-1.177994,0.228550,-0.009280,-0.340849,0.140000,1.000000,0.660000,0.100000,-0.100000,0.228550
34,1.198609,1.300859,-1.181403,0.235527,-0.009300,-0.348063,0.140000,1.000000,0.660000,0.100000,-0.100000,0.235527
35,1.199417,1.298645,-1.184883,0.242499,-0.009348,-0.356135,0.120000,1.000000,0.660000,0.100000,-0.100000,0.242499
36,1.200244,1.296363,-1.188445,0.249469,-0.009411,-0.364726,0.120000,1.000000,0.660000,0.100000,-0.100000,0.249469
37,1.201087,1.294014,-1.192092,0.256436,-0.009479,-0.373634,0.120000,1.000000,0.680000,0.100000,-0.100000,0.256436
38,1.201947,1.291596,-1.195828,0.263401,-0.009547,-0.382734,0.120000,1.000000,0.680000,0.100000,-0.100000,0.263401
39,1.202823,1.289110,-1.199656,0.270364,-0.009610,-0.391946,0.120000,1.000000,0.680000,0.100000,-0.100000,0.270364
40,1.203714,1.286555,-1.203575,0.277325,-0.009666,-0.401219,0.120000,1.000000,0.680000,0.100000,-0.100000,0.277325
41,1.204619,1.283932,-1.207587,0.284286,-0.009713,-0.410521,0.120000,1.000000,0.680000,0.100000,-0.100000,0.284286
42,1.205539,1.281241,-1.211692,0.291244,-0.009750,-0.419828,0.120000,1.000000,0.680000,0.100000,-0.100000,0.291244
43,1.206471,1.278480,-1.215891,0.298201,-0.009775,-0.429124,0.120000,1.000000,0.680000,0.100000,-0.100000,0.298201
44,1.207415,1.275649,-1.220182,0.305156,-0.009787,-0.438400,0.120000,1.000000,0.680000,0.100000,-0.100000,0.305156
45,1.208372,1.272750,-1.224566,0.312110,-0.009786,-0.447647,0.100000,1.000000,0.680000,0.100000,-0.100000,0.312110
46,1.209339,1.269781,-1.229042,0.319061,-0.009772,-0.456859,0.100000,1.000000,0.680000,0.100000,-0.100000,0.319061
47,1.210316,1.266742,-1.233611,0.326011,-0.009743,-0.466033,0.100000,1.000000,0.760000,0.100000,0.000000,0.326011
48,1.211303,1.263633,-1.238271,0.333047,-0.006647,-0.344557,0.100000,1.000000,0.760000,0.100000,0.000000,0.333047
49,1.212327,1.260464,-1.241717,0.340060,-0.004450,-0.255336,0.100000,1.000000,0.760000,0.100000,0.000000,0.340060
50,1.213384,1.257231,-1.244270,0.347062,-0.002905,-0.189842,0.100000,1.000000,0.760000,0.100000,0.000000,0.347062
51,1.214469,1.253934,-1.246169,0.354057,-0.001828,-0.141642,0.100000,1.000000,0.760000,0.100000,0.000000,0.354057
52,1.215581,1.250573,-1.247585,0.361049,-0.001082,-0.106031,0.100000,1.000000,0.760000,0.100000,0.000000,0.361049
53,1.216718,1.247146,-1.248645,0.368039,-0.000571,-0.079608,0.080000,1.000000,0.760000,0.100000,0.000000,0.368039
54,1.217878,1.243653,-1.249441,0.375028,-0.000227,-0.059920,0.080000,0.080000,0.760000,0.100000,0.000000,0.375028
55,1.219060,1.240094,-1.250041,0.382016,0.000001,-0.045192,0.080000,1.000000,0.760000,0.100000,0.000000,0.382016
56,1.220265,1.236469,-1.250493,0.389004,0.000146,-0.034134,0.080000,1.000000,0.760000,0.100000,0.000000,0.389004
57,1.221491,1.232777,-1.250834,0.395991,0.000234,-0.025805,0.080000,1.000000,0.760000,0.100000,0.000000,0.395991
58,1.222739,1.229019,-1.251092,0.402977,0.000283,-0.019513,0.080000,1.000000,0.760000,0.100000,0.000000,0.402977
59,1.224008,1.225194,-1.251287,0.409963,0.000304,-0.014749,0.080000,1.000000,0.760000,0.100000,0.000000,0.409963
60,1.225298,1.221303,-1.251435,0.416949,0.000308,-0.011134,0.060000,1.000000,0.760000,0.100000,0.000000,0.416949
61,1.226610,1.217345,-1.251546,0.423934,0.000300,-0.008387,0.060000,1.000000,0.760000,0.100000,0.000000,0.423934
62,1.227944,1.213321,-1.251630,0.430919,0.000285,-0.006297,0.060000,1.000000,0.740000,0.100000,0.000000,0.430919
63,1.229298,1.209230,-1.251693,0.437903,0.000266,-0.004707,0.060000,1.000000,0.740000,0.100000,0.000000,0.437903
64,1.230675,1.205073,-1.251740,0.444886,0.000244,-0.003496,0.060000,1.000000,0.740000,0.100000,0.000000,0.444886
65,1.232073,1.200850,-1.251775,0.451869,0.000222,-0.002575,0.060000,1.000000,0.740000,0.100000,0.000000,0.451869
66,1.233492,1.196560,-1.251801,0.458852,0.000200,-0.001876,0.040000,0.040000,0.740000,0.100000,0.000000,0.458852
67,1.234933,1.192203,-1.251819,0.465834,0.000179,-0.001345,0.040000,1.000000,0.740000,0.100000,0.000000,0.465834
68,1.236395,1.187781,-1.251833,0.472816,0.000160,-0.000945,0.040000,1.000000,0.740000,0.100000,0.000000,0.472816
69,1.237880,1.183291,-1.251842,0.479796,0.000142,-0.000643,0.040000,1.000000,0.740000,0.100000,0.000000,0.479796
70,1.239385,1.178736,-1.251849,0.486777,0.000125,-0.000417,0.040000,1.000000,0.740000,0.100000,0.000000,0.486777
71,1.240913,1.174114,-1.251853,0.493757,0.000110,-0.000250,0.020000,1.000000,0.740000,0.100000,0.000000,0.493757
72,1.242462,1.169426,-1.251855,0.500736,0.000097,-0.000127,0.020000,1.000000,0.740000,0.100000,0.000000,0.500736
73,1.244033,1.164671,-1.251857,0.507714,0.000085,-0.000037,0.020000,1.000000,0.720000,0.100000,0.000000,0.507714
74,1.245626,1.159850,-1.251857,0.514692,0.000074,0.000026,0.020000,1.000000,0.720000,0.100000,0.000000,0.514692
75,1.247241,1.154963,-1.251857,0.521670,0.000065,0.000070,0.020000,1.000000,0.720000,0.100000,0.000000,0.521670
76,1.248877,1.150010,-1.251856,0.528646,0.000056,0.000100,0.020000,1.000000,0.720000,0.100000,0.000000,0.528646
77,1.250535,1.144990,-1.251855,0.535623,0.000049,0.000118,0.020000,1.000000,0.720000,0.100000,0.000000,0.535623
78,1.252215,1.139904,-1.251854,0.542598,0.000042,0.000129,0.060000,1.000000,0.720000,0.100000,0.000000,0.542598
79,1.253917,1.134752,-1.251852,0.549573,0.000037,0.000133,0.120000,1.000000,0.720000,0.100000,0.000000,0.549573
80,1.255641,1.129534,-1.251851,0.556547,0.000031,0.000133,0.160000,1.000000,0.720000,0.100000,0.000000,0.556547
81,1.257386,1.124249,-1.251850,0.563521,0.000027,0.000130,0.200000,1.000000,0.720000,0.100000,0.000000,0.563521
82,1.259153,1.118898,-1.251849,0.570494,0.000023,0.000125,0.260000,1.000000,0.700000,0.100000,-0.100000,0.570494
83,1.260942,1.113481,-1.251847,0.577167,-0.002955,-0.127127,0.300000,1.000000,0.700000,0.100000,-0.100000,0.577167
84,1.262724,1.107991,-1.253119,0.583876,-0.004948,-0.237037,0.340000,1.000000,0.700000,0.100000,-0.100000,0.583876
85,1.264501,1.102429,-1.255489,0.590618,-0.006137,-0.331669,0.360000,1.000000,0.700000,0.100000,-0.100000,0.590618
86,1.266274,1.096795,-1.258806,0.597386,-0.006676,-0.412999,0.360000,1.000000,0.700000,0.100000,-0.100000,0.597386
87,1.268044,1.091089,-1.262936,0.604173,-0.006693,-0.482844,0.360000,1.000000,0.700000,0.100000,-0.100000,0.604173
88,1.269811,1.085311,-1.267764,0.610974,-0.006296,-0.542822,0.360000,1.000000,0.700000,0.100000,-0.100000,0.610974
89,1.271574,1.079461,-1.273192,0.617781,-0.005573,-0.594359,0.340000,1.000000,0.720000,0.100000,0.000000,0.617781
90,1.273333,1.073538,-1.279136,0.624782,-0.001537,-0.507904,0.340000,1.000000,0.720000,0.100000,0.000000,0.624782
91,1.275114,1.067550,-1.284215,0.631757,0.001611,-0.433019,0.340000,1.000000,0.720000,0.100000,0.000000,0.631757
92,1.276916,1.061495,-1.288545,0.638715,0.004026,-0.368302,0.340000,1.000000,0.720000,0.100000,0.000000,0.638715
93,1.278733,1.055371,-1.292228,0.645666,0.005838,-0.312461,0.340000,1.000000,0.720000,0.100000,0.000000,0.645666
94,1.280565,1.049180,-1.295353,0.652612,0.007158,-0.264342,0.340000,1.000000,0.720000,0.100000,0.000000,0.652612
95,1.282409,1.042919,-1.297996,0.659557,0.008077,-0.222928,0.360000,1.000000,0.720000,0.100000,0.000000,0.659557
96,1.284264,1.036589,-1.300225,0.666502,0.008674,-0.187328,0.360000,1.000000,0.720000,0.100000,0.000000,0.666502
97,1.286129,1.030190,-1.302099,0.673447,0.009011,-0.156769,0.380000,1.000000,0.720000,0.100000,0.000000,0.673447
98,1.288003,1.023721,-1.303666,0.680395,0.009142,-0.130576,0.380000,1.000000,0.720000,0.100000,0.000000,0.680395
99,1.289887,1.017182,-1.304972,0.687343,0.009111,-0.108165,0.400000,1.000000,0.720000,0.100000,0.000000,0.687343
100,1.291781,1.010574,-1.306054,0.694293,0.008955,-0.089025,0.400000,1.000000,0.720000,0.100000,0.000000,0.694293
101,1.293684,1.003897,-1.306944,0.701244,0.008703,-0.072716,0.420000,1.000000,0.720000,0.100000,0.000000,0.701244
102,1.295597,0.997150,-1.307671,0.708195,0.008380,-0.058852,0.400000,1.000000,0.720000,0.100000,0.000000,0.708195
103,1.297520,0.990333,-1.308260,0.715148,0.008006,-0.047099,0.400000,1.000000,0.720000,0.100000,0.000000,0.715148
104,1.299453,0.983448,-1.308731,0.722100,0.007598,-0.037166,0.400000,1.000000,0.700000,0.100000,-0.100000,0.722100
105,1.301397,0.976493,-1.309102,0.728730,0.004226,-0.154638,0.400000,1.000000,0.700000,0.100000,-0.100000,0.728730
106,1.303324,0.969464,-1.310649,0.735380,0.001950,-0.260161,0.380000,1.000000,0.700000,0.100000,-0.100000,0.735380
107,1.305234,0.962363,-1.313250,0.742052,0.000610,-0.354512,0.380000,1.000000,0.700000,0.100000,-0.100000,0.742052
108,1.307130,0.955189,-1.316795,0.748741,0.000063,-0.438566,0.380000,1.000000,0.700000,0.100000,-0.100000,0.748741
109,1.309012,0.947942,-1.321181,0.755442,0.000184,-0.513234,0.380000,1.000000,0.700000,0.100000,-0.100000,0.755442
110,1.310880,0.940622,-1.326313,0.762149,0.000861,-0.579407,0.360000,1.000000,0.700000,0.100000,-0.100000,0.762149
111,1.312733,0.933229,-1.332108,0.768855,0.001998,-0.637941,0.360000,1.000000,0.780000,0.100000,0.100000,0.768855
112,1.314570,0.925763,-1.338487,0.775435,0.009437,-0.436303,0.360000,1.000000,0.780000,0.100000,0.100000,0.775435
113,1.316447,0.918239,-1.342850,0.782032,0.014864,-0.253295,0.340000,1.000000,0.800000,0.100000,0.100000,0.782032
114,1.318360,0.910655,-1.345383,0.788671,0.018542,-0.088343,0.340000,1.000000,0.800000,0.100000,0.100000,0.788671
115,1.320303,0.903009,-1.346266,0.795360,0.020716,0.059572,0.340000,1.000000,0.800000,0.100000,0.100000,0.795360
116,1.322276,0.895301,-1.345671,0.802100,0.021612,0.191675,0.320000,1.000000,0.780000,0.100000,0.100000,0.802100
117,1.324277,0.887531,-1.343754,0.808885,0.021432,0.309255,0.320000,1.000000,0.780000,0.100000,0.100000,0.808885
118,1.326307,0.879698,-1.340661,0.815705,0.020355,0.413587,0.320000,1.000000,0.780000,0.100000,0.100000,0.815705
119,1.328365,0.871802,-1.336525,0.822548,0.018538,0.505896,0.300000,1.000000,0.760000,0.100000,0.000000,0.822548
120,1.330455,0.863844,-1.331467,0.829584,0.013056,0.456415,0.300000,1.000000,0.760000,0.100000,0.000000,0.829584
121,1.332549,0.855816,-1.326902,0.836585,0.008373,0.410504,0.300000,1.000000,0.760000,0.100000,0.000000,0.836585
122,1.334650,0.847718,-1.322797,0.843560,0.004400,0.368115,0.280000,1.000000,0.740000,0.100000,0.000000,0.843560
123,1.336763,0.839551,-1.319116,0.850515,0.001056,0.329135,0.320000,1.000000,0.740000,0.100000,0.000000,0.850515
124,1.338892,0.831317,-1.315825,0.857457,-0.001736,0.293412,0.340000,1.000000,0.720000,0.100000,0.000000,0.857457
125,1.341037,0.823015,-1.312891,0.864389,-0.004041,0.260769,0.380000,1.000000,0.720000,0.100000,0.000000,0.864389
126,1.343203,0.814647,-1.310283,0.871315,-0.005921,0.231019,0.400000,1.000000,0.720000,0.100000,0.000000,0.871315
127,1.345390,0.806212,-1.307973,0.878236,-0.007431,0.203973,0.440000,1.000000,0.720000,0.100000,0.000000,0.878236
128,1.347600,0.797712,-1.305933,0.885155,-0.008617,0.179440,0.460000,1.000000,0.700000,0.100000,-0.100000,0.885155
129,1.349834,0.789147,-1.304139,0.891785,-0.012513,0.029444,0.500000,1.000000,0.700000,0.100000,-0.100000,0.891785
130,1.352063,0.780511,-1.303844,0.898452,-0.014867,-0.107307,0.520000,1.000000,0.700000,0.100000,-0.100000,0.898452
131,1.354290,0.771806,-1.304917,0.905157,-0.015883,-0.231415,0.500000,1.000000,0.700000,0.100000,-0.100000,0.905157
132,1.356515,0.763030,-1.307231,0.911896,-0.015745,-0.343606,0.500000,1.000000,0.700000,0.100000,-0.100000,0.911896
133,1.358739,0.754185,-1.310668,0.918661,-0.014621,-0.444660,0.500000,1.000000,0.700000,0.100000,-0.100000,0.918661
134,1.360960,0.745270,-1.315114,0.925441,-0.012661,-0.535376,0.480000,1.000000,0.700000,0.100000,-0.100000,0.925441
135,1.363178,0.736284,-1.320468,0.932224,-0.010000,-0.616543,0.480000,1.000000,0.700000,0.100000,-0.100000,0.932224
136,1.365391,0.727228,-1.326633,0.938998,-0.006757,-0.688933,0.480000,1.000000,0.700000,0.100000,-0.100000,0.938998
137,1.367595,0.718100,-1.333523,0.945752,-0.003036,-0.753291,0.460000,1.000000,0.780000,0.100000,0.100000,0.945752
138,1.369789,0.708901,-1.341056,0.952330,0.006982,-0.557580,0.460000,1.000000,0.780000,0.100000,0.100000,0.952330
139,1.372025,0.699643,-1.346631,0.958888,0.014623,-0.374859,0.460000,1.000000,0.780000,0.100000,0.100000,0.958888
140,1.374299,0.690327,-1.350380,0.965467,0.020125,-0.205603,0.440000,1.000000,0.780000,0.100000,0.100000,0.965467
141,1.376607,0.680950,-1.352436,0.972089,0.023725,-0.049757,0.440000,1.000000,0.780000,0.100000,0.100000,0.972089
142,1.378944,0.671511,-1.352934,0.978763,0.025647,0.093058,0.440000,1.000000,0.860000,0.100000,0.200000,0.978763
143,1.381310,0.662010,-1.352003,0.984753,0.028647,0.332282,0.420000,1.000000,0.860000,0.100000,0.200000,0.984753
144,1.383727,0.652460,-1.348680,0.990859,0.029235,0.553442,0.420000,1.000000,0.840000,0.100000,0.200000,0.990859
145,1.386195,0.642859,-1.343146,0.997062,0.027686,0.756384,0.400000,1.000000,0.840000,0.100000,0.200000,0.997062
146,1.388715,0.633208,-1.335582,1.003332,0.024269,0.941328,0.400000,1.000000,0.820000,0.100000,0.200000,1.003332
147,1.391289,0.623508,-1.326169,1.009627,0.019235,1.108772,0.400000,1.000000,0.740000,0.100000,0.000000,1.009627
148,1.393921,0.613758,-1.315081,1.016753,0.007065,1.013360,0.380000,1.000000,0.720000,0.100000,0.000000,1.016753
149,1.396561,0.603939,-1.304947,1.023737,-0.003461,0.923015,0.460000,1.000000,0.700000,0.100000,-0.100000,1.023737
150,1.399218,0.594053,-1.295717,1.030255,-0.015373,0.714772,0.520000,1.000000,0.700000,0.100000,-0.100000,1.030255
151,1.401868,0.584096,-1.288569,1.036742,-0.024573,0.519033,0.520000,1.000000,0.680000,0.100000,-0.100000,1.036742
152,1.404519,0.574070,-1.283379,1.043250,-0.031312,0.336477,0.520000,1.000000,0.680000,0.100000,-0.100000,1.043250
153,1.407176,0.563977,-1.280014,1.049812,-0.035839,0.167193,0.500000,1.000000,0.680000,0.100000,-0.100000,1.049812
154,1.409843,0.553816,-1.278342,1.056443,-0.038396,0.010917,0.500000,1.000000,0.660000,0.100000,-0.100000,1.056443
155,1.412521,0.543590,-1.278233,1.063149,-0.039212,-0.132806,0.480000,1.000000,0.660000,0.100000,-0.100000,1.063149
156,1.415212,0.533297,-1.279561,1.069922,-0.038499,-0.264523,0.480000,1.000000,0.660000,0.100000,-0.100000,1.069922
157,1.417915,0.522938,-1.282207,1.076752,-0.036456,-0.384818,0.460000,1.000000,0.660000,0.100000,-0.100000,1.076752
158,1.420630,0.512512,-1.286055,1.083623,-0.033263,-0.494282,0.460000,1.000000,0.720000,0.100000,0.000000,1.083623
159,1.423355,0.502019,-1.290998,1.090687,-0.026020,-0.462481,0.460000,1.000000,0.720000,0.100000,0.000000,1.090687
160,1.426117,0.491464,-1.295622,1.097706,-0.019522,-0.431191,0.440000,1.000000,0.720000,0.100000,0.000000,1.097706
161,1.428912,0.480847,-1.299934,1.104687,-0.013722,-0.400645,0.440000,1.000000,0.720000,0.100000,0.000000,1.104687
162,1.431735,0.470166,-1.303941,1.111638,-0.008570,-0.371027,0.420000,1.000000,0.720000,0.100000,0.000000,1.111638
163,1.434584,0.459421,-1.307651,1.118564,-0.004020,-0.342475,0.420000,1.000000,0.720000,0.100000,0.000000,1.118564
164,1.437455,0.448609,-1.311076,1.125471,-0.000026,-0.315089,0.420000,1.000000,0.720000,0.100000,0.000000,1.125471
165,1.440345,0.437732,-1.314227,1.132363,0.003458,-0.288939,0.400000,1.000000,0.800000,0.100000,0.100000,1.132363
166,1.443252,0.426788,-1.317116,1.138933,0.009432,-0.137472,0.400000,1.000000,0.800000,0.100000,0.100000,1.138933
167,1.446201,0.415787,-1.318491,1.145524,0.013421,0.004519,0.400000,1.000000,0.800000,0.100000,0.100000,1.145524
168,1.449191,0.404728,-1.318445,1.152148,0.015617,0.136908,0.420000,1.000000,0.780000,0.100000,0.100000,1.152148
169,1.452219,0.393610,-1.317076,1.158805,0.016207,0.259763,0.440000,1.000000,0.780000,0.100000,0.100000,1.158805
170,1.455284,0.382434,-1.314479,1.165492,0.015369,0.373279,0.480000,1.000000,0.780000,0.100000,0.100000,1.165492
171,1.458388,0.371199,-1.310746,1.172199,0.013269,0.477732,0.500000,1.000000,0.760000,0.100000,0.000000,1.172199
172,1.461530,0.359905,-1.305969,1.179145,0.007026,0.443547,0.500000,1.000000,0.760000,0.100000,0.000000,1.179145
173,1.464684,0.348543,-1.301533,1.186057,0.001494,0.410437,0.500000,1.000000,0.740000,0.100000,0.000000,1.186057
174,1.467854,0.337114,-1.297429,1.192943,-0.003377,0.378537,0.480000,1.000000,0.740000,0.100000,0.000000,1.192943
175,1.471042,0.325618,-1.293643,1.199809,-0.007635,0.347944,0.480000,1.000000,0.740000,0.100000,0.000000,1.199809
176,1.474251,0.314057,-1.290164,1.206659,-0.011329,0.318724,0.460000,1.000000,0.720000,0.100000,0.000000,1.206659
177,1.477485,0.302431,-1.286977,1.213499,-0.014503,0.290917,0.460000,1.000000,0.720000,0.100000,0.000000,1.213499
178,1.480743,0.290741,-1.284068,1.220331,-0.017200,0.264543,0.440000,1.000000,0.700000,0.100000,-0.100000,1.220331
179,1.484030,0.278987,-1.281422,1.226882,-0.022460,0.111298,0.460000,1.000000,0.700000,0.100000,-0.100000,1.226882
180,1.487315,0.267164,-1.280309,1.233474,-0.025634,-0.032513,0.520000,1.000000,0.700000,0.100000,-0.100000,1.233474
181,1.490603,0.255273,-1.280634,1.240115,-0.026920,-0.166837,0.540000,1.000000,0.700000,0.100000,-0.100000,1.240115
182,1.493893,0.243313,-1.282303,1.246803,-0.026511,-0.291767,0.520000,1.000000,0.760000,0.100000,0.000000,1.246803
183,1.497186,0.231285,-1.285220,1.253748,-0.021543,-0.277203,0.520000,1.000000,0.760000,0.100000,0.000000,1.253748
184,1.500511,0.219195,-1.287992,1.260673,-0.016998,-0.262430,0.500000,1.000000,0.760000,0.100000,0.000000,1.260673
185,1.503866,0.207041,-1.290617,1.267582,-0.012859,-0.247587,0.500000,1.000000,0.760000,0.000000,0.000000,1.267582
186,1.507248,0.194824,-1.293093,1.267477,-0.009104,-0.232794,0.480000,1.000000,0.760000,0.000000,0.000000,1.267477
187,1.510635,0.182610,-1.295421,1.267361,-0.005727,-0.218075,0.480000,1.000000,0.740000,0.000000,0.000000,1.267361
188,1.514026,0.170398,-1.297601,1.267236,-0.002708,-0.203529,0.460000,1.000000,0.740000,0.000000,0.000000,1.267236
189,1.517419,0.158189,-1.299637,1.267105,-0.000026,-0.189244,0.460000,1.000000,0.740000,0.000000,0.000000,1.267105
190,1.520812,0.145981,-1.301529,1.266968,0.002338,-0.175292,0.440000,1.000000,0.740000,0.000000,0.000000,1.266968
191,1.524205,0.133774,-1.303282,1.266826,0.004407,-0.161735,0.440000,1.000000,0.740000,0.000000,0.000000,1.266826
192,1.527597,0.121568,-1.304899,1.266682,0.006200,-0.148625,0.420000,1.000000,0.740000,0.000000,0.000000,1.266682
193,1.530985,0.109362,-1.306386,1.266536,0.007736,-0.136004,0.420000,1.000000,0.740000,0.000000,0.000000,1.266536
194,1.534370,0.097157,-1.307746,1.266389,0.009035,-0.123903,0.400000,1.000000,0.720000,0.000000,0.000000,1.266389
195,1.537750,0.084952,-1.308985,1.266241,0.010117,-0.112347,0.400000,1.000000,0.720000,0.000000,0.000000,1.266241
196,1.541125,0.072748,-1.310108,1.266092,0.010998,-0.101356,0.380000,1.000000,0.720000,0.000000,0.000000,1.266092
197,1.544494,0.060543,-1.311122,1.265944,0.011696,-0.090939,0.400000,1.000000,0.720000,0.000000,0.000000,1.265944
198,1.547858,0.048338,-1.312031,1.265797,0.012228,-0.081104,0.440000,1.000000,0.720000,0.000000,0.000000,1.265797
199,1.551215,0.036133,-1.312842,1.265650,0.012610,-0.071852,0.460000,1.000000,0.700000,0.000000,-0.100000,1.265650
200,1.554566,0.023927,-1.313561,1.265183,0.009911,-0.189135,0.480000,1.000000,0.700000,0.000000,-0.100000,1.265183
201,1.557880,0.011717,-1.315452,1.264719,0.008796,-0.299254,0.460000,1.000000,0.700000,0.000000,-0.100000,1.264719
202,1.561160,-0.000498,-1.318444,1.264258,0.009098,-0.402052,0.460000,1.000000,0.700000,0.000000,-0.100000,1.264258
203,1.564405,-0.012718,-1.322465,1.263792,0.010658,-0.497489,0.440000,1.000000,0.700000,0.000000,-0.100000,1.263792
204,1.567614,-0.024942,-1.327440,1.263312,0.013321,-0.585621,0.440000,1.000000,0.700000,0.000000,-0.100000,1.263312
205,1.570788,-0.037170,-1.333296,1.262808,0.016944,-0.666577,0.420000,1.000000,0.700000,0.100000,-0.100000,1.262808
206,1.573923,-0.049404,-1.339962,1.269265,0.021390,-0.740551,0.420000,1.000000,0.700000,0.000000,-0.100000,1.269265
207,1.577036,-0.061711,-1.347367,1.268671,0.026591,-0.808112,0.400000,1.000000,0.700000,0.000000,-0.100000,1.268671
208,1.580106,-0.074024,-1.355448,1.268013,0.032380,-0.869212,0.400000,1.000000,0.720000,0.000000,0.000000,1.268013
209,1.583132,-0.086342,-1.364141,1.267595,0.041604,-0.797778,0.380000,1.000000,0.720000,0.000000,0.000000,1.267595
210,1.586140,-0.098663,-1.372118,1.267125,0.049467,-0.729589,0.380000,1.000000,0.720000,0.000000,0.000000,1.267125
211,1.589126,-0.110987,-1.379414,1.266627,0.056080,-0.664730,0.360000,1.000000,0.720000,0.000000,0.000000,1.266627
212,1.592086,-0.123315,-1.386062,1.266118,0.061548,-0.603219,0.360000,1.000000,0.720000,0.000000,0.000000,1.266118
213,1.595016,-0.135648,-1.392094,1.265610,0.065972,-0.545030,0.340000,1.000000,0.740000,0.000000,0.000000,1.265610
214,1.597915,-0.147985,-1.397544,1.265113,0.069445,-0.490107,0.340000,1.000000,0.740000,0.000000,0.000000,1.265113
215,1.600780,-0.160327,-1.402445,1.264636,0.072058,-0.438376,0.320000,1.000000,0.740000,0.000000,0.000000,1.264636
216,1.603610,-0.172674,-1.406829,1.264184,0.073892,-0.389754,0.320000,1.000000,0.720000,0.000000,0.000000,1.264184
217,1.606402,-0.185026,-1.410726,1.263759,0.075025,-0.344151,0.300000,1.000000,0.720000,0.000000,0.000000,1.263759
218,1.609157,-0.197382,-1.414168,1.263365,0.075530,-0.301477,0.300000,1.000000,0.700000,0.000000,-0.100000,1.263365
219,1.611874,-0.209743,-1.417183,1.262565,0.072752,-0.378056,0.280000,1.000000,0.680000,0.100000,-0.100000,1.262565
220,1.614525,-0.222109,-1.420963,1.268728,0.071038,-0.450819,0.280000,1.000000,0.680000,0.000000,-0.100000,1.268728
221,1.617121,-0.234548,-1.425471,1.267852,0.070343,-0.519863,0.280000,1.000000,0.660000,0.000000,-0.100000,1.267852
222,1.619653,-0.246991,-1.430670,1.266936,0.070531,-0.584746,0.280000,1.000000,0.660000,0.000000,-0.100000,1.266936
223,1.622121,-0.259438,-1.436518,1.265976,0.071510,-0.645411,0.280000,1.000000,0.660000,0.000000,-0.100000,1.265976
224,1.624524,-0.271888,-1.442972,1.264970,0.073193,-0.701859,0.280000,1.000000,0.660000,0.000000,-0.100000,1.264970
225,1.626863,-0.284341,-1.449990,1.263911,0.075494,-0.754141,0.280000,1.000000,0.660000,0.000000,-0.100000,1.263911
226,1.629136,-0.296797,-1.457532,1.262795,0.078334,-0.802349,0.280000,1.000000,0.680000,0.100000,-0.100000,1.262795
227,1.631341,-0.309256,-1.465555,1.268617,0.081638,-0.846609,0.280000,1.000000,0.680000,0.000000,-0.100000,1.268617
228,1.633486,-0.321786,-1.474021,1.267372,0.085417,-0.887493,0.280000,1.000000,0.680000,0.000000,-0.100000,1.267372
229,1.635560,-0.334318,-1.482896,1.266055,0.089532,-0.924716,0.280000,1.000000,0.700000,0.000000,-0.100000,1.266055
230,1.637564,-0.346851,-1.492143,1.264662,0.093923,-0.958466,0.280000,1.000000,0.700000,0.000000,-0.100000,1.264662
231,1.639494,-0.359384,-1.501728,1.263191,0.098537,-0.988940,0.260000,1.000000,0.700000,0.000000,-0.100000,1.263191
232,1.641348,-0.371918,-1.511617,1.261639,0.103322,-1.016343,0.260000,1.000000,0.680000,0.100000,-0.100000,1.261639
233,1.643126,-0.384451,-1.521781,1.267004,0.108236,-1.040878,0.260000,0.980000,0.680000,0.000000,-0.100000,1.267004
234,1.644828,-0.397053,-1.532190,1.265283,0.113334,-1.063214,0.260000,1.000000,0.660000,0.000000,-0.100000,1.265283
235,1.646449,-0.409653,-1.542822,1.263477,0.118489,-1.083042,0.260000,1.000000,0.660000,0.000000,-0.100000,1.263477
236,1.647987,-0.422250,-1.553652,1.261584,0.123667,-1.100559,0.260000,1.000000,0.680000,0.100000,-0.100000,1.261584
237,1.649439,-0.434842,-1.564658,1.266605,0.128841,-1.115952,0.240000,1.000000,0.700000,0.000000,-0.100000,1.266605
238,1.650805,-0.447500,-1.575817,1.264540,0.134090,-1.129863,0.240000,1.000000,0.720000,0.000000,0.000000,1.264540
239,1.652083,-0.460152,-1.587116,1.262889,0.141837,-1.033040,0.240000,1.000000,0.720000,0.100000,0.000000,1.262889
240,1.653295,-0.472803,-1.597446,1.268287,0.148013,-0.942171,0.240000,1.000000,0.700000,0.000000,-0.100000,1.268287
241,1.654437,-0.485520,-1.606868,1.266225,0.150422,-0.961444,0.240000,0.980000,0.700000,0.000000,-0.100000,1.266225
242,1.655483,-0.498229,-1.616482,1.264108,0.152961,-0.979192,0.220000,1.000000,0.680000,0.000000,-0.100000,1.264108
243,1.656434,-0.510926,-1.626274,1.261936,0.155606,-0.995490,0.220000,1.000000,0.680000,0.100000,-0.100000,1.261936
244,1.657288,-0.523613,-1.636229,1.266709,0.158336,-1.010412,0.220000,1.000000,0.700000,0.000000,-0.100000,1.266709
245,1.658040,-0.536356,-1.646333,1.264428,0.161229,-1.024444,0.220000,0.980000,0.720000,0.000000,0.000000,1.264428
246,1.658693,-0.549086,-1.656578,1.262640,0.166547,-0.935495,0.220000,0.980000,0.720000,0.100000,0.000000,1.262640
247,1.659271,-0.561809,-1.665933,1.267946,0.170506,-0.851743,0.220000,1.000000,0.700000,0.000000,-0.100000,1.267946
248,1.659763,-0.574593,-1.674450,1.265786,0.171025,-0.871205,0.220000,1.000000,0.700000,0.000000,-0.100000,1.265786
249,1.660155,-0.587360,-1.683162,1.263589,0.171745,-0.889569,0.200000,0.980000,0.680000,0.000000,-0.100000,1.263589
250,1.660445,-0.600108,-1.692058,1.261353,0.172643,-0.906854,0.200000,0.980000,0.680000,0.100000,-0.100000,1.261353
251,1.660633,-0.612838,-1.701126,1.266079,0.173698,-0.923085,0.200000,0.960000,0.700000,0.000000,-0.100000,1.266079
252,1.660709,-0.625617,-1.710357,1.263767,0.174988,-0.938670,0.200000,0.960000,0.720000,0.000000,0.000000,1.263767
253,1.660684,-0.638376,-1.719744,1.261988,0.178684,-0.855538,0.200000,0.940000,0.720000,0.100000,0.000000,1.261988
254,1.660579,-0.651121,-1.728299,1.267323,0.181164,-0.777026,0.200000,0.940000,0.700000,0.000000,-0.100000,1.267323
255,1.660380,-0.663921,-1.736070,1.265189,0.180403,-0.797972,0.180000,0.940000,0.700000,0.000000,-0.100000,1.265189
256,1.660078,-0.676698,-1.744049,1.263025,0.179902,-0.818010,0.180000,0.920000,0.680000,0.100000,-0.100000,1.263025
257,1.659673,-0.689449,-1.752229,1.267830,0.179640,-0.837132,0.180000,0.920000,0.680000,0.000000,-0.100000,1.267830
258,1.659152,-0.702243,-1.760601,1.265605,0.179687,-0.855702,0.180000,0.940000,0.700000,0.000000,-0.100000,1.265605
259,1.658529,-0.715011,-1.769158,1.263346,0.179938,-0.873324,0.180000,0.940000,0.680000,0.000000,-0.100000,1.263346
260,1.657803,-0.727751,-1.777891,1.261054,0.180372,-0.890008,0.180000,0.920000,0.680000,0.100000,-0.100000,1.261054
261,1.656975,-0.740463,-1.786791,1.265728,0.180971,-0.905767,0.160000,0.920000,0.660000,0.000000,-0.100000,1.265728
262,1.656030,-0.753214,-1.795849,1.263368,0.181812,-0.920988,0.160000,0.920000,0.660000,0.000000,-0.100000,1.263368
263,1.654983,-0.765935,-1.805059,1.260973,0.182786,-0.935292,0.160000,0.900000,0.680000,0.100000,-0.100000,1.260973
264,1.653834,-0.778625,-1.814412,1.265541,0.183876,-0.948704,0.160000,0.900000,0.680000,0.000000,-0.100000,1.265541
265,1.652566,-0.791350,-1.823899,1.263073,0.185165,-0.961622,0.220000,0.880000,0.660000,0.100000,-0.100000,1.263073
266,1.651196,-0.804042,-1.833515,1.267568,0.186542,-0.973674,0.220000,0.880000,0.640000,0.000000,-0.200000,1.267568
267,1.649705,-0.816767,-1.843252,1.264137,0.186675,-1.045910,0.220000,0.860000,0.640000,0.000000,-0.200000,1.264137
268,1.648101,-0.829445,-1.853711,1.260574,0.187654,-1.115200,0.220000,0.860000,0.640000,0.100000,-0.200000,1.260574
269,1.646384,-0.842073,-1.864863,1.263872,0.189416,-1.181375,0.200000,0.860000,0.700000,0.000000,-0.100000,1.263872
270,1.644534,-0.854718,-1.876676,1.260913,0.193438,-1.183635,0.200000,0.840000,0.680000,0.100000,-0.100000,1.260913
271,1.642582,-0.867325,-1.888513,1.264896,0.197323,-1.185289,0.200000,0.840000,0.680000,0.000000,-0.100000,1.264896
272,1.640505,-0.879957,-1.900366,1.261825,0.201182,-1.186756,0.180000,0.840000,0.660000,0.100000,-0.100000,1.261825
273,1.638324,-0.892547,-1.912233,1.265699,0.204899,-1.187705,0.180000,0.860000,0.660000,0.000000,-0.100000,1.265699
274,1.636017,-0.905160,-1.924110,1.262522,0.208588,-1.188532,0.180000,0.860000,0.640000,0.100000,-0.200000,1.262522
275,1.633606,-0.917727,-1.935996,1.265399,0.210800,-1.245960,0.180000,0.860000,0.640000,0.000000,-0.200000,1.265399
276,1.631055,-0.930299,-1.948455,1.261128,0.213724,-1.301138,0.160000,0.840000,0.620000,0.100000,-0.200000,1.261128
277,1.628392,-0.942810,-1.961467,1.263700,0.217200,-1.353458,0.160000,0.840000,0.660000,0.000000,-0.100000,1.263700
278,1.625588,-0.955322,-1.975001,1.260006,0.222613,-1.347200,0.220000,0.840000,0.640000,0.100000,-0.200000,1.260006
279,1.622679,-0.967782,-1.988473,1.262347,0.226454,-1.395819,0.200000,0.820000,0.640000,0.100000,-0.200000,1.262347
280,1.619628,-0.980239,-2.002431,1.264522,0.230863,-1.442267,0.200000,0.820000,0.620000,0.000000,-0.200000,1.264522
281,1.616435,-0.992690,-2.016854,1.259523,0.235802,-1.486549,0.200000,0.820000,0.660000,0.100000,-0.100000,1.259523
282,1.613129,-1.005070,-2.031720,1.262244,0.242344,-1.475132,0.200000,0.800000,0.640000,0.100000,-0.200000,1.262244
283,1.609685,-1.017453,-2.046471,1.263982,0.247429,-1.516013,0.180000,0.800000,0.640000,0.000000,-0.200000,1.263982
284,1.606096,-1.029823,-2.061631,1.258538,0.252962,-1.554963,0.180000,0.800000,0.640000,0.100000,-0.200000,1.258538
285,1.602395,-1.042115,-2.077181,1.259904,0.258778,-1.591568,0.180000,0.800000,0.620000,0.100000,-0.200000,1.259904
286,1.598547,-1.054388,-2.093096,1.261077,0.264974,-1.626390,0.160000,0.800000,0.620000,0.100000,-0.200000,1.261077
287,1.594553,-1.066639,-2.109360,1.262052,0.271522,-1.659495,0.160000,0.780000,0.600000,0.100000,-0.300000,1.262052
288,1.590410,-1.078866,-2.125955,1.261821,0.277856,-1.713996,0.200000,0.780000,0.640000,0.100000,-0.200000,1.261821
289,1.586121,-1.091054,-2.143095,1.262327,0.285305,-1.743370,0.140000,0.780000,0.640000,0.100000,-0.200000,1.262327
290,1.581683,-1.103211,-2.160529,1.262613,0.293016,-1.771255,0.200000,0.820000,0.620000,0.100000,-0.200000,1.262613
291,1.577096,-1.115334,-2.178241,1.262673,0.300968,-1.797743,0.180000,0.820000,0.620000,0.100000,-0.200000,1.262673
292,1.572361,-1.127419,-2.196219,1.262503,0.309138,-1.822927,0.180000,0.820000,0.620000,0.100000,-0.200000,1.262503
293,1.567476,-1.139465,-2.214448,1.262098,0.317506,-1.846899,0.160000,0.820000,0.600000,0.100000,-0.300000,1.262098
294,1.562441,-1.151466,-2.232917,1.260457,0.325624,-1.888195,0.160000,0.820000,0.600000,0.100000,-0.300000,1.260457
295,1.557260,-1.163409,-2.251799,1.258524,0.334137,-1.927360,0.160000,0.820000,0.600000,0.100000,-0.300000,1.258524
296,1.551933,-1.175290,-2.271073,1.256291,0.343012,-1.964478,0.160000,0.820000,0.580000,0.100000,-0.300000,1.256291
297,1.546460,-1.187107,-2.290717,1.253750,0.352215,-1.999642,0.140000,0.820000,0.620000,0.100000,-0.200000,1.253750
298,1.540842,-1.198856,-2.310714,1.251892,0.362072,-2.017681,0.140000,0.820000,0.620000,0.100000,-0.200000,1.251892
299,1.535075,-1.210542,-2.330891,1.249760,0.372004,-2.035063,0.140000,0.820000,0.620000,0.100000,-0.200000,1.249760
300,1.529161,-1.222163,-2.351241,1.247354,0.382002,-2.051870,0.120000,0.820000,0.600000,0.100000,-0.300000,1.247354
301,1.523099,-1.233715,-2.371760,1.243677,0.391758,-2.080828,0.120000,0.840000,0.600000,0.100000,-0.300000,1.243677
302,1.516896,-1.245184,-2.392568,1.239679,0.401715,-2.108368,0.160000,0.840000,0.600000,0.100000,-0.300000,1.239679
303,1.510552,-1.256567,-2.413652,1.235354,0.411849,-2.134586,0.140000,0.840000,0.600000,0.100000,-0.300000,1.235354
304,1.504070,-1.267861,-2.434998,1.230700,0.422137,-2.159578,0.140000,0.860000,0.600000,0.100000,-0.300000,1.230700
305,1.497450,-1.279062,-2.456594,1.225713,0.432555,-2.183437,0.140000,0.860000,0.580000,0.100000,-0.300000,1.225713
306,1.490695,-1.290167,-2.478428,1.220390,0.443084,-2.206254,0.120000,0.860000,0.580000,0.100000,-0.300000,1.220390
307,1.483805,-1.301171,-2.500490,1.214729,0.453703,-2.228117,0.120000,0.880000,0.580000,0.100000,-0.300000,1.214729
308,1.476783,-1.312072,-2.522772,1.208727,0.464393,-2.249109,0.200000,0.880000,0.580000,0.100000,-0.300000,1.208727
309,1.469631,-1.322867,-2.545263,1.202382,0.475137,-2.269312,0.200000,0.900000,0.620000,0.100000,-0.200000,1.202382
310,1.462351,-1.333551,-2.567956,1.196679,0.486051,-2.283098,0.180000,0.920000,0.620000,0.100000,-0.200000,1.196679
311,1.454938,-1.344127,-2.590787,1.190655,0.496924,-2.296996,0.180000,0.940000,0.620000,0.100000,-0.200000,1.190655
312,1.447393,-1.354593,-2.613757,1.184306,0.507752,-2.311042,0.180000,0.960000,0.620000,0.100000,-0.200000,1.184306
313,1.439719,-1.364945,-2.636867,1.177630,0.518531,-2.325266,0.160000,0.980000,0.640000,0.100000,-0.200000,1.177630
314,1.431918,-1.375178,-2.660120,1.170625,0.529257,-2.339697,0.360000,1.000000,0.640000,0.100000,-0.200000,1.170625
315,1.423994,-1.385290,-2.683517,1.163289,0.539926,-2.354363,0.360000,1.000000,0.640000,0.100000,-0.200000,1.163289
316,1.415948,-1.395277,-2.707060,1.155618,0.550534,-2.369287,0.340000,1.000000,0.640000,0.100000,-0.200000,1.155618
317,1.407783,-1.405136,-2.730753,1.147609,0.561075,-2.384492,0.340000,1.000000,0.640000,0.100000,-0.200000,1.147609
318,1.399503,-1.414863,-2.754598,1.139261,0.571547,-2.399998,0.320000,1.000000,0.640000,0.100000,-0.200000,1.139261
319,1.391110,-1.424455,-2.778598,1.130570,0.581944,-2.415824,0.320000,1.000000,0.660000,0.100000,-0.100000,1.130570
320,1.382607,-1.433910,-2.802756,1.122500,0.592497,-2.421869,0.320000,1.000000,0.660000,0.100000,-0.100000,1.122500
321,1.373990,-1.443229,-2.826975,1.114137,0.602858,-2.429092,0.300000,1.000000,0.660000,0.100000,-0.100000,1.114137
322,1.365261,-1.452409,-2.851266,1.105476,0.613036,-2.437452,0.300000,1.000000,0.680000,0.100000,-0.100000,1.105476
323,1.356424,-1.461448,-2.875641,1.096514,0.623037,-2.446913,0.300000,1.000000,0.680000,0.100000,-0.100000,1.096514
324,1.347482,-1.470341,-2.900110,1.087247,0.632868,-2.457444,0.280000,1.000000,0.700000,0.100000,-0.100000,1.087247
325,1.338438,-1.479086,-2.924684,1.077670,0.642534,-2.469012,0.280000,1.000000,0.720000,0.100000,0.000000,1.077670
326,1.329297,-1.487680,-2.949374,1.068707,0.652446,-2.464191,0.280000,1.000000,0.720000,0.100000,0.000000,1.068707
327,1.320053,-1.496126,-2.974016,1.059532,0.662014,-2.461390,0.280000,1.000000,0.740000,0.100000,0.000000,1.059532
328,1.310710,-1.504421,-2.998630,1.050141,0.671262,-2.460492,0.260000,1.000000,0.760000,0.100000,0.000000,1.050141
329,1.301272,-1.512561,-3.023235,1.040531,0.680206,-2.461394,0.260000,1.000000,0.780000,0.100000,0.100000,1.040531
330,1.291743,-1.520544,-3.047849,1.031540,0.689504,-2.436707,0.260000,1.000000,0.820000,0.100000,0.200000,1.031540
331,1.282118,-1.528375,-3.072216,1.023163,0.699257,-2.371530,0.240000,1.000000,0.840000,0.100000,0.200000,1.023163
332,1.272396,-1.536060,-3.095931,1.015032,0.708004,-2.311567,0.240000,1.000000,0.880000,0.100000,0.300000,1.015032
333,1.262580,-1.543596,-3.119047,1.007522,0.717263,-2.194908,0.240000,1.000000,0.900000,0.100000,0.300000,1.007522
334,1.252669,-1.550994,-3.140996,1.000692,0.724987,-2.085846,0.240000,1.000000,0.940000,0.100000,0.400000,1.000692
335,1.242666,-1.558249,-3.161855,0.994483,0.733207,-1.902119,0.240000,1.000000,0.980000,0.100000,0.500000,0.994483
336,1.232575,-1.565379,-3.180876,0.988864,0.741608,-1.626759,0.260000,1.000000,1.000000,0.100000,0.500000,0.988864
337,1.222402,-1.572401,-3.197143,0.985311,0.746845,-1.365575,0.260000,1.000000,1.000000,0.100000,0.500000,0.985311
338,1.212150,-1.579310,-3.210799,0.983755,0.749209,-1.114737,0.260000,1.000000,1.000000,0.100000,0.500000,0.983755
339,1.201818,-1.586104,-3.221946,0.984137,0.748922,-0.871004,0.280000,1.000000,1.000000,0.100000,0.500000,0.984137
340,1.191407,-1.592779,-3.230656,0.986400,0.746146,-0.631568,0.280000,1.000000,1.000000,0.100000,0.500000,0.986400
341,1.180918,-1.599334,-3.236972,0.990494,0.740997,-0.393936,0.280000,1.000000,1.000000,0.100000,0.500000,0.990494
342,1.170353,-1.605767,-3.240912,0.996370,0.733545,-0.155835,0.300000,1.000000,1.000000,0.100000,0.500000,0.996370
343,1.159711,-1.612078,-3.242470,1.003982,0.723824,0.084869,0.300000,1.000000,1.000000,0.100000,0.500000,1.003982
344,1.148993,-1.618269,-3.241621,1.013283,0.711834,0.330227,0.320000,1.000000,1.000000,0.100000,0.500000,1.013283
345,1.138200,-1.624339,-3.238319,1.024224,0.697541,0.582247,0.340000,1.000000,1.000000,0.100000,0.500000,1.024224
346,1.127332,-1.630293,-3.232496,1.036749,0.680880,0.842922,0.340000,1.000000,1.000000,0.100000,0.500000,1.036749
347,1.116389,-1.636133,-3.224067,1.050795,0.661756,1.114234,0.360000,1.000000,0.960000,0.100000,0.400000,1.050795
348,1.105372,-1.641862,-3.212925,1.067051,0.637586,1.293136,0.380000,1.000000,0.900000,0.100000,0.300000,1.067051
349,1.094274,-1.647461,-3.199994,1.084147,0.609758,1.400119,0.400000,1.000000,0.860000,0.100000,0.200000,1.084147
350,1.083095,-1.652916,-3.185992,1.101099,0.579441,1.453432,0.440000,1.000000,0.800000,0.100000,0.100000,1.101099
351,1.071838,-1.658216,-3.171458,1.117249,0.547565,1.467556,0.460000,1.000000,0.760000,0.100000,0.000000,1.117249
352,1.060507,-1.663355,-3.156782,1.132179,0.514869,1.453766,0.480000,1.000000,0.700000,0.100000,-0.100000,1.132179
353,1.049108,-1.668331,-3.142245,1.145638,0.481936,1.420966,0.520000,1.000000,0.680000,0.100000,-0.100000,1.145638
354,1.037649,-1.673143,-3.128035,1.158471,0.449459,1.386223,0.560000,1.000000,0.640000,0.100000,-0.200000,1.158471
355,1.026126,-1.677794,-3.114173,1.169734,0.417238,1.336670,0.580000,1.000000,0.600000,0.100000,-0.300000,1.169734
356,1.014547,-1.682286,-3.100806,1.179376,0.385681,1.278601,0.620000,1.000000,0.580000,0.100000,-0.300000,1.179376
357,1.002921,-1.686620,-3.088020,1.188392,0.354984,1.211964,0.660000,1.000000,0.540000,0.100000,-0.400000,1.188392
358,0.991244,-1.690801,-3.075901,1.195822,0.325397,1.139631,0.700000,1.000000,0.520000,0.100000,-0.400000,1.195822
359,0.979525,-1.694833,-3.064504,1.202678,0.296927,1.055197,0.740000,1.000000,0.500000,0.100000,-0.500000,1.202678
360,0.967763,-1.698720,-3.053952,1.208029,0.270006,0.967975,0.780000,1.000000,0.480000,0.100000,-0.500000,1.208029
361,0.955965,-1.702467,-3.044273,1.212878,0.244449,0.866029,0.820000,1.000000,0.460000,0.200000,-0.500000,1.212878
362,0.944131,-1.706079,-3.035612,1.224249,0.220462,0.748972,0.860000,1.000000,0.460000,0.200000,-0.500000,1.224249
363,0.932191,-1.709566,-3.028123,1.235176,0.198214,0.616093,0.900000,1.000000,0.440000,0.200000,-0.600000,1.235176
364,0.920143,-1.712934,-3.021962,1.244773,0.178258,0.482727,0.940000,1.000000,0.420000,0.300000,-0.600000,1.244773
365,0.907997,-1.716189,-3.017134,1.261026,0.160251,0.334818,0.960000,1.000000,0.420000,0.300000,-0.600000,1.261026
366,0.895683,-1.719345,-3.013786,1.276969,0.144362,0.173294,1.000000,1.000000,0.420000,0.300000,-0.600000,1.276969
367,0.883202,-1.722404,-3.012053,1.292642,0.130766,0.000416,1.000000,1.000000,0.400000,0.300000,-0.600000,1.292642
368,0.870552,-1.725371,-3.012049,1.308079,0.119606,-0.181223,1.000000,1.000000,0.400000,0.300000,-0.600000,1.308079
369,0.857736,-1.728247,-3.013861,1.323312,0.110991,-0.368837,1.000000,1.000000,0.400000,0.300000,-0.600000,1.323312
370,0.844752,-1.731033,-3.017550,1.338365,0.104992,-0.559586,1.000000,1.000000,0.400000,0.300000,-0.600000,1.338365
371,0.831601,-1.733731,-3.023146,1.353248,0.101644,-0.750688,1.000000,1.000000,0.400000,0.300000,-0.600000,1.353248
372,0.818283,-1.736339,-3.030652,1.367963,0.100946,-0.939515,0.980000,1.000000,0.400000,0.300000,-0.600000,1.367963
373,0.804799,-1.738857,-3.040048,1.382496,0.102866,-1.123671,0.960000,1.000000,0.400000,0.200000,-0.600000,1.382496
374,0.791150,-1.741282,-3.051284,1.389823,0.107342,-1.301044,0.920000,1.000000,0.400000,0.200000,-0.600000,1.389823
375,0.777405,-1.743604,-3.064295,1.396908,0.114178,-1.469160,0.880000,1.000000,0.400000,0.200000,-0.600000,1.396908
376,0.763566,-1.745821,-3.078986,1.403710,0.123232,-1.626652,0.840000,1.000000,0.420000,0.200000,-0.600000,1.403710
377,0.749634,-1.747930,-3.095253,1.410178,0.134346,-1.772520,0.800000,1.000000,0.420000,0.100000,-0.600000,1.410178
378,0.735609,-1.749925,-3.112978,1.409261,0.147352,-1.906127,0.780000,1.000000,0.440000,0.100000,-0.600000,1.409261
379,0.721564,-1.751801,-3.132039,1.407908,0.161924,-2.026395,0.740000,1.000000,0.460000,0.100000,-0.500000,1.407908
380,0.707501,-1.753555,-3.152303,1.407030,0.177631,-2.143368,0.700000,1.000000,0.480000,0.000000,-0.500000,1.407030
381,0.693413,-1.755180,-3.173737,1.398611,0.194657,-2.247968,0.660000,1.000000,0.520000,0.000000,-0.400000,1.398611
382,0.679372,-1.756676,-3.196217,1.390617,0.212648,-2.339830,0.640000,1.000000,0.540000,0.000000,-0.400000,1.390617
383,0.665370,-1.758040,-3.219615,1.382001,0.231410,-2.420972,0.600000,1.000000,0.580000,0.000000,-0.300000,1.382001
384,0.651412,-1.759270,-3.243825,1.373767,0.251079,-2.479522,0.580000,1.000000,0.640000,0.000000,-0.200000,1.373767
385,0.637489,-1.760366,-3.268620,1.365890,0.271749,-2.500023,0.560000,1.000000,0.700000,0.000000,-0.100000,1.365890
386,0.623596,-1.761331,-3.293620,1.358310,0.293409,-2.462893,0.520000,1.000000,0.780000,0.000000,0.100000,1.358310
387,0.609726,-1.762174,-3.318249,1.351116,0.318551,-2.230823,0.500000,1.000000,0.880000,0.000000,0.300000,1.351116
388,0.595865,-1.762936,-3.340557,1.342855,0.345354,-1.773074,0.500000,1.000000,1.000000,0.000000,0.500000,1.342855
389,0.582019,-1.763667,-3.358288,1.333268,0.368560,-1.189705,0.480000,1.000000,1.000000,0.000000,0.500000,1.333268
390,0.568205,-1.764400,-3.370185,1.325646,0.383363,-0.621784,0.480000,1.000000,1.000000,0.000000,0.500000,1.325646
391,0.554425,-1.765130,-3.376403,1.320223,0.390199,-0.069699,0.460000,1.000000,1.000000,0.000000,0.500000,1.320223
392,0.540677,-1.765853,-3.377100,1.317067,0.389493,0.467152,0.460000,1.000000,1.000000,0.000000,0.500000,1.317067
393,0.526961,-1.766567,-3.372428,1.316109,0.381646,0.989735,0.480000,1.000000,1.000000,0.000000,0.500000,1.316109
394,0.513276,-1.767271,-3.362531,1.317162,0.367025,1.498721,0.480000,1.000000,1.000000,0.000000,0.500000,1.317162
395,0.499620,-1.767966,-3.347544,1.319935,0.345980,1.993812,0.500000,1.000000,1.000000,0.000000,0.500000,1.319935
396,0.485992,-1.768653,-3.327606,1.324055,0.318861,2.473060,0.500000,1.000000,0.900000,0.000000,0.300000,1.324055
397,0.472391,-1.769338,-3.302875,1.331670,0.281457,2.735447,0.540000,1.000000,0.780000,0.000000,0.100000,1.331670
398,0.458795,-1.769978,-3.275521,1.339682,0.236103,2.747373,0.560000,1.000000,0.680000,0.000000,-0.100000,1.339682
399,0.445203,-1.770529,-3.248047,1.345264,0.188377,2.594293,0.600000,1.000000,0.600000,0.000000,-0.300000,1.345264
400,0.431626,-1.770973,-3.222104,1.347376,0.142493,2.354134,0.620000,1.000000,0.540000,0.000000,-0.400000,1.347376
401,0.418081,-1.771309,-3.198563,1.347006,0.100713,2.071966,0.660000,1.000000,0.500000,0.000000,-0.500000,1.347006
402,0.404576,-1.771548,-3.177843,1.344436,0.063743,1.759319,0.700000,1.000000,0.480000,0.000000,-0.500000,1.344436
403,0.391117,-1.771698,-3.160250,1.340954,0.031802,1.418063,0.720000,1.000000,0.440000,0.100000,-0.600000,1.340954
404,0.377704,-1.771765,-3.146069,1.342892,0.005335,1.064403,0.760000,1.000000,0.440000,0.100000,-0.600000,1.342892
405,0.364275,-1.771759,-3.135425,1.344479,-0.015973,0.695198,0.780000,1.000000,0.420000,0.100000,-0.600000,1.344479
406,0.350829,-1.771682,-3.128473,1.345939,-0.032044,0.317508,0.800000,1.000000,0.420000,0.100000,-0.600000,1.345939
407,0.337367,-1.771538,-3.125298,1.347447,-0.042896,-0.062062,0.800000,1.000000,0.400000,0.100000,-0.600000,1.347447
408,0.323887,-1.771329,-3.125919,1.349118,-0.048631,-0.437398,0.800000,1.000000,0.420000,0.100000,-0.600000,1.349118
409,0.310390,-1.771054,-3.130293,1.351002,-0.049428,-0.802854,0.780000,1.000000,0.420000,0.100000,-0.600000,1.351002
410,0.296875,-1.770712,-3.138321,1.353089,-0.045534,-1.153250,0.760000,1.000000,0.420000,0.100000,-0.600000,1.353089
411,0.283343,-1.770301,-3.149854,1.355316,-0.037256,-1.483925,0.740000,1.000000,0.440000,0.100000,-0.600000,1.355316
412,0.269793,-1.769817,-3.164693,1.357572,-0.024953,-1.790864,0.720000,1.000000,0.460000,0.100000,-0.500000,1.357572
413,0.256227,-1.769254,-3.182602,1.360759,-0.009008,-2.070314,0.680000,1.000000,0.480000,0.000000,-0.500000,1.360759
414,0.242635,-1.768606,-3.203305,1.356666,0.010147,-2.321352,0.640000,1.000000,0.520000,0.000000,-0.400000,1.356666
415,0.229088,-1.767870,-3.226518,1.353229,0.032312,-2.525804,0.620000,1.000000,0.560000,0.000000,-0.300000,1.353229
416,0.215577,-1.767044,-3.251776,1.350282,0.057326,-2.663367,0.580000,1.000000,0.620000,0.000000,-0.200000,1.350282
417,0.202093,-1.766129,-3.278410,1.347584,0.084875,-2.711796,0.560000,1.000000,0.700000,0.000000,-0.100000,1.347584
418,0.188627,-1.765132,-3.305528,1.344816,0.114347,-2.651286,0.520000,1.000000,0.820000,0.000000,0.200000,1.344816
419,0.175173,-1.764066,-3.332041,1.340673,0.150272,-2.232587,0.500000,1.000000,0.960000,0.000000,0.400000,1.340673
420,0.161724,-1.763003,-3.354367,1.334213,0.182373,-1.699797,0.480000,1.000000,1.000000,0.000000,0.500000,1.334213
421,0.148297,-1.761968,-3.371365,1.327018,0.207229,-1.145798,0.460000,1.000000,1.000000,0.000000,0.500000,1.327018
422,0.134904,-1.760964,-3.382823,1.320687,0.224250,-0.597175,0.460000,1.000000,1.000000,0.000000,0.500000,1.320687
423,0.121544,-1.759986,-3.388794,1.315520,0.233720,-0.058394,0.460000,1.000000,1.000000,0.000000,0.500000,1.315520
424,0.108217,-1.759034,-3.389378,1.311664,0.235979,0.466947,0.440000,1.000000,1.000000,0.000000,0.500000,1.311664
425,0.094922,-1.758104,-3.384709,1.309127,0.231411,0.975572,0.460000,1.000000,1.000000,0.000000,0.500000,1.309127
426,0.081658,-1.757199,-3.374953,1.307797,0.220441,1.463986,0.460000,1.000000,1.000000,0.000000,0.500000,1.307797
427,0.068425,-1.756319,-3.360313,1.307452,0.203541,1.928009,0.460000,1.000000,1.000000,0.000000,0.500000,1.307452
428,0.055221,-1.755469,-3.341033,1.307789,0.181241,2.362507,0.480000,1.000000,1.000000,0.000000,0.500000,1.307789
429,0.042043,-1.754655,-3.317408,1.308438,0.154138,2.761519,0.500000,1.000000,0.920000,0.000000,0.300000,1.308438
430,0.028891,-1.753884,-3.289793,1.311482,0.119831,2.987908,0.520000,1.000000,0.800000,0.000000,0.100000,1.311482
431,0.015743,-1.753132,-3.259914,1.315088,0.078379,2.941563,0.540000,1.000000,0.700000,0.000000,-0.100000,1.315088
432,0.002591,-1.752358,-3.230498,1.316657,0.034318,2.667170,0.580000,1.000000,0.620000,0.000000,-0.200000,1.316657
433,-0.010554,-1.751531,-3.203826,1.316053,-0.006187,2.310557,0.620000,1.000000,0.580000,0.000000,-0.300000,1.316053
434,-0.023685,-1.750651,-3.180721,1.313489,-0.041857,1.894724,0.640000,1.000000,0.540000,0.000000,-0.400000,1.313489
435,-0.036794,-1.749719,-3.161774,1.309315,-0.071788,1.440899,0.680000,1.000000,0.500000,0.000000,-0.500000,1.309315
436,-0.049870,-1.748737,-3.147365,1.303928,-0.095407,0.968085,0.700000,1.000000,0.480000,0.000000,-0.500000,1.303928
437,-0.062903,-1.747708,-3.137684,1.298740,-0.112436,0.493113,0.720000,1.000000,0.480000,0.100000,-0.500000,1.298740
438,-0.075895,-1.746634,-3.132753,1.301005,-0.123055,0.022661,0.720000,1.000000,0.480000,0.100000,-0.500000,1.301005
439,-0.088915,-1.745518,-3.132526,1.303867,-0.127546,-0.436858,0.720000,1.000000,0.480000,0.100000,-0.500000,1.303867
440,-0.101965,-1.744361,-3.136895,1.307369,-0.126188,-0.880280,0.700000,1.000000,0.480000,0.000000,-0.500000,1.307369
441,-0.115044,-1.743161,-3.145697,1.304460,-0.119323,-1.302707,0.680000,1.000000,0.500000,0.000000,-0.500000,1.304460
442,-0.128084,-1.741914,-3.158724,1.302014,-0.107429,-1.699663,0.660000,1.000000,0.520000,0.000000,-0.400000,1.302014
443,-0.141084,-1.740617,-3.175721,1.301032,-0.090265,-2.034115,0.640000,1.000000,0.560000,0.000000,-0.300000,1.301032
444,-0.154056,-1.739271,-3.196062,1.301210,-0.068085,-2.272942,0.600000,1.000000,0.600000,0.000000,-0.300000,1.301210
445,-0.167012,-1.737883,-3.218792,1.301027,-0.043820,-2.483408,0.560000,1.000000,0.640000,0.000000,-0.200000,1.301027
446,-0.179949,-1.736442,-3.243626,1.301315,-0.015739,-2.573078,0.540000,1.000000,0.700000,0.000000,-0.100000,1.301315
447,-0.192879,-1.734960,-3.269357,1.301481,0.015017,-2.526610,0.500000,1.000000,0.800000,0.000000,0.100000,1.301481
448,-0.205807,-1.733451,-3.294623,1.300541,0.049560,-2.228203,0.480000,1.000000,0.820000,0.000000,0.200000,1.300541
449,-0.218736,-1.731958,-3.316905,1.298169,0.081033,-1.842791,0.460000,1.000000,0.800000,0.000000,0.100000,1.298169
450,-0.231660,-1.730492,-3.335333,1.296293,0.103879,-1.573175,0.440000,1.000000,0.880000,0.000000,0.300000,1.296293
451,-0.244580,-1.729016,-3.351064,1.292611,0.126690,-1.127867,0.440000,1.000000,1.000000,0.000000,0.500000,1.292611
452,-0.257487,-1.727567,-3.362343,1.286993,0.144771,-0.620971,0.420000,1.000000,1.000000,0.000000,0.500000,1.286993
453,-0.270362,-1.726161,-3.368553,1.282004,0.156044,-0.119863,0.420000,1.000000,1.000000,0.000000,0.500000,1.282004
454,-0.283204,-1.724797,-3.369751,1.277816,0.160792,0.370067,0.420000,1.000000,1.000000,0.000000,0.500000,1.277816
455,-0.296015,-1.723473,-3.366051,1.274481,0.159365,0.843916,0.420000,1.000000,1.000000,0.000000,0.500000,1.274481
456,-0.308795,-1.722190,-3.357611,1.271944,0.152173,1.296898,0.420000,1.000000,1.000000,0.000000,0.500000,1.271944
457,-0.321545,-1.720950,-3.344643,1.270062,0.139684,1.724117,0.420000,1.000000,1.000000,0.000000,0.500000,1.270062
458,-0.334266,-1.719757,-3.327401,1.268616,0.122425,2.120544,0.440000,1.000000,0.900000,0.000000,0.300000,1.268616
459,-0.346960,-1.718617,-3.306196,1.269762,0.098369,2.370117,0.440000,1.000000,0.800000,0.000000,0.100000,1.269762
460,-0.359647,-1.717506,-3.282495,1.272051,0.066782,2.355937,0.460000,1.000000,0.720000,0.000000,0.000000,1.272051
461,-0.372335,-1.716381,-3.258935,1.273486,0.033958,2.206830,0.480000,1.000000,0.700000,0.000000,-0.100000,1.273486
462,-0.385022,-1.715228,-3.236867,1.273605,0.001994,1.946812,0.500000,1.000000,0.680000,0.000000,-0.100000,1.273605
463,-0.397703,-1.714036,-3.217399,1.273087,-0.025329,1.688196,0.520000,1.000000,0.680000,0.000000,-0.100000,1.273087
464,-0.410378,-1.712819,-3.200517,1.272172,-0.048181,1.436376,0.540000,1.000000,0.660000,0.000000,-0.100000,1.272172
465,-0.423049,-1.711589,-3.186153,1.271058,-0.066813,1.194850,0.560000,1.000000,0.640000,0.000000,-0.200000,1.271058
466,-0.435717,-1.710355,-3.174205,1.269153,-0.084053,0.857732,0.560000,1.000000,0.620000,0.000000,-0.200000,1.269153
467,-0.448374,-1.709101,-3.165627,1.267424,-0.096359,0.534385,0.580000,1.000000,0.620000,0.000000,-0.200000,1.267424
468,-0.461022,-1.707833,-3.160284,1.265986,-0.104096,0.226810,0.580000,1.000000,0.600000,0.000000,-0.300000,1.265986
469,-0.473660,-1.706556,-3.158015,1.263876,-0.109723,-0.152606,0.580000,1.000000,0.600000,0.000000,-0.300000,1.263876
470,-0.486279,-1.705251,-3.159542,1.262245,-0.110461,-0.513985,0.580000,1.000000,0.620000,0.100000,-0.200000,1.262245
471,-0.498880,-1.703920,-3.164681,1.269078,-0.104491,-0.759294,0.560000,1.000000,0.600000,0.000000,-0.300000,1.269078
472,-0.511543,-1.702583,-3.172274,1.268127,-0.097962,-1.082845,0.560000,1.000000,0.580000,0.000000,-0.300000,1.268127
473,-0.524188,-1.701215,-3.183103,1.267459,-0.087726,-1.383375,0.540000,1.000000,0.580000,0.000000,-0.300000,1.267459
474,-0.536816,-1.699812,-3.196937,1.266936,-0.074234,-1.659363,0.520000,1.000000,0.560000,0.000000,-0.300000,1.266936
475,-0.549424,-1.698370,-3.213530,1.266406,-0.057938,-1.909597,0.500000,1.000000,0.600000,0.000000,-0.300000,1.266406
476,-0.562014,-1.696882,-3.232626,1.265709,-0.039280,-2.133343,0.480000,1.000000,0.640000,0.000000,-0.200000,1.265709
477,-0.574583,-1.695340,-3.253960,1.265707,-0.016586,-2.240928,0.460000,1.000000,0.700000,0.000000,-0.100000,1.265707
478,-0.587142,-1.693756,-3.276369,1.265832,0.009154,-2.213329,0.420000,1.000000,0.780000,0.000000,0.100000,1.265832
479,-0.599698,-1.692146,-3.298502,1.265079,0.039127,-1.932295,0.400000,1.000000,0.780000,0.000000,0.100000,1.265079
480,-0.612254,-1.690556,-3.317825,1.263852,0.064251,-1.660027,0.400000,1.000000,0.780000,0.000000,0.100000,1.263852
481,-0.624809,-1.688972,-3.334425,1.262386,0.084815,-1.400341,0.380000,1.000000,0.840000,0.100000,0.200000,1.262386
482,-0.637362,-1.687385,-3.348429,1.267138,0.103751,-1.044465,0.360000,1.000000,0.820000,0.000000,0.200000,1.267138
483,-0.649976,-1.685799,-3.358873,1.265102,0.117558,-0.704757,0.360000,1.000000,0.820000,0.000000,0.200000,1.265102
484,-0.662583,-1.684219,-3.365921,1.263417,0.126517,-0.382241,0.360000,1.000000,0.800000,0.000000,0.100000,1.263417
485,-0.675182,-1.682642,-3.369743,1.262770,0.128145,-0.201369,0.360000,1.000000,0.800000,0.100000,0.100000,1.262770
486,-0.687773,-1.681034,-3.371757,1.269365,0.127410,-0.032113,0.340000,1.000000,0.820000,0.000000,0.200000,1.269365
487,-0.700422,-1.679379,-3.372078,1.268589,0.127535,0.251344,0.340000,1.000000,0.820000,0.000000,0.200000,1.268589
488,-0.713064,-1.677723,-3.369565,1.268211,0.124087,0.517235,0.340000,0.980000,0.820000,0.000000,0.200000,1.268211
489,-0.725698,-1.676065,-3.364392,1.268172,0.117453,0.765586,0.340000,0.980000,0.800000,0.000000,0.100000,1.268172
490,-0.738326,-1.674408,-3.356737,1.268964,0.105047,0.869554,0.340000,0.960000,0.760000,0.000000,0.000000,1.268964
491,-0.750947,-1.672726,-3.348041,1.269740,0.088951,0.836682,0.340000,0.940000,0.740000,0.000000,0.000000,1.269740
492,-0.763558,-1.670993,-3.339674,1.270347,0.074021,0.801272,0.340000,0.940000,0.720000,0.000000,0.000000,1.270347
493,-0.776158,-1.669219,-3.331661,1.270802,0.060253,0.763859,0.360000,0.920000,0.720000,0.000000,0.000000,1.270802
494,-0.788751,-1.667410,-3.324023,1.271125,0.047629,0.724984,0.360000,0.920000,0.700000,0.000000,-0.100000,1.271125
495,-0.801338,-1.665572,-3.316773,1.270893,0.033406,0.569047,0.360000,0.900000,0.700000,0.000000,-0.100000,1.270893
496,-0.813911,-1.663686,-3.311083,1.270543,0.021770,0.416688,0.360000,0.900000,0.680000,0.000000,-0.100000,1.270543
497,-0.826471,-1.661758,-3.306916,1.270126,0.012570,0.269425,0.360000,0.880000,0.680000,0.000000,-0.100000,1.270126
498,-0.839020,-1.659792,-3.304221,1.269680,0.005638,0.128377,0.360000,0.880000,0.680000,0.000000,-0.100000,1.269680
499,-0.851558,-1.657791,-3.302938,1.269231,0.000793,-0.005676,0.360000,0.860000,0.660000,0.000000,-0.100000,1.269231
500,-0.864087,-1.655760,-3.302994,1.268793,-0.002150,-0.132226,0.340000,0.840000,0.640000,0.000000,-0.200000,1.268793
501,-0.876606,-1.653700,-3.304317,1.267601,-0.005750,-0.352489,0.340000,0.840000,0.640000,0.000000,-0.200000,1.267601
502,-0.889105,-1.651590,-3.307842,1.266460,-0.006494,-0.560899,0.420000,0.840000,0.660000,0.000000,-0.100000,1.266460
503,-0.901585,-1.649430,-3.313451,1.266111,-0.002185,-0.650723,0.420000,0.820000,0.700000,0.000000,-0.100000,1.266111
504,-0.914056,-1.647243,-3.319958,1.265737,0.003025,-0.732641,0.400000,0.820000,0.680000,0.000000,-0.100000,1.265737
505,-0.926518,-1.645027,-3.327284,1.265320,0.008993,-0.806932,0.400000,0.800000,0.680000,0.000000,-0.100000,1.265320
506,-0.938970,-1.642780,-3.335354,1.264844,0.015588,-0.873919,0.380000,0.800000,0.660000,0.000000,-0.100000,1.264844
507,-0.951412,-1.640497,-3.344093,1.264295,0.022689,-0.933963,0.380000,0.780000,0.660000,0.000000,-0.100000,1.264295
508,-0.963842,-1.638177,-3.353432,1.263657,0.030188,-0.987455,0.360000,0.780000,0.640000,0.000000,-0.200000,1.263657
509,-0.976259,-1.635815,-3.363307,1.262141,0.035656,-1.134451,0.360000,0.760000,0.640000,0.100000,-0.200000,1.262141
510,-0.988650,-1.633387,-3.374651,1.267514,0.042679,-1.269366,0.340000,0.760000,0.620000,0.000000,-0.200000,1.267514
511,-1.001081,-1.630875,-3.387345,1.265739,0.051148,-1.392851,0.340000,0.760000,0.620000,0.000000,-0.200000,1.265739
512,-1.013483,-1.628292,-3.401274,1.263779,0.060773,-1.504642,0.320000,0.740000,0.640000,0.000000,-0.200000,1.263779
513,-1.025853,-1.625634,-3.416320,1.261597,0.071369,-1.605209,0.320000,0.740000,0.640000,0.100000,-0.200000,1.261597
514,-1.038189,-1.622898,-3.432372,1.266160,0.082765,-1.695156,0.300000,0.720000,0.620000,0.000000,-0.200000,1.266160
515,-1.050557,-1.620061,-3.449324,1.263440,0.094944,-1.775864,0.300000,0.720000,0.620000,0.000000,-0.200000,1.263440
516,-1.062885,-1.617139,-3.467082,1.260408,0.107643,-1.847352,0.280000,0.720000,0.600000,0.100000,-0.300000,1.260408
517,-1.075172,-1.614129,-3.485556,1.263022,0.119538,-1.961762,0.280000,0.720000,0.580000,0.100000,-0.300000,1.263022
518,-1.087465,-1.610995,-3.505173,1.265256,0.132572,-2.065422,0.260000,0.700000,0.580000,0.000000,-0.300000,1.265256
519,-1.099762,-1.607734,-3.525828,1.260073,0.146603,-2.158920,0.260000,0.700000,0.620000,0.100000,-0.200000,1.260073
520,-1.111994,-1.604370,-3.547417,1.262455,0.162380,-2.197029,0.240000,0.700000,0.600000,0.100000,-0.300000,1.262455
521,-1.124234,-1.600878,-3.569387,1.263381,0.177279,-2.272790,0.240000,0.700000,0.600000,0.000000,-0.300000,1.263381
522,-1.136465,-1.597250,-3.592115,1.256818,0.192830,-2.340772,0.240000,0.680000,0.580000,0.100000,-0.300000,1.256818
523,-1.148618,-1.593513,-3.615523,1.256743,0.208748,-2.400987,0.220000,0.680000,0.580000,0.100000,-0.300000,1.256743
524,-1.160753,-1.589635,-3.639533,1.256142,0.225124,-2.454925,0.220000,0.680000,0.600000,0.100000,-0.300000,1.256142
525,-1.172865,-1.585613,-3.664082,1.254999,0.241880,-2.503242,0.200000,0.680000,0.600000,0.100000,-0.300000,1.254999
526,-1.184947,-1.581446,-3.689114,1.253301,0.258947,-2.546557,0.200000,0.680000,0.600000,0.100000,-0.300000,1.253301
527,-1.196996,-1.577133,-3.714580,1.251037,0.276263,-2.585448,0.180000,0.680000,0.580000,0.100000,-0.300000,1.251037
528,-1.209006,-1.572672,-3.740434,1.248200,0.293774,-2.620449,0.180000,0.680000,0.580000,0.100000,-0.300000,1.248200
529,-1.220972,-1.568062,-3.766639,1.244783,0.311429,-2.652044,0.180000,0.680000,0.580000,0.100000,-0.300000,1.244783
530,-1.232889,-1.563304,-3.793159,1.240783,0.329184,-2.680675,0.160000,0.680000,0.560000,0.100000,-0.300000,1.240783
531,-1.244751,-1.558397,-3.819966,1.236196,0.346999,-2.706737,0.160000,0.680000,0.560000,0.100000,-0.300000,1.236196
532,-1.256553,-1.553342,-3.847033,1.231020,0.364839,-2.730587,0.160000,0.680000,0.560000,0.100000,-0.300000,1.231020
533,-1.268291,-1.548138,-3.874339,1.225256,0.382670,-2.752540,0.140000,0.680000,0.560000,0.100000,-0.300000,1.225256
534,-1.279959,-1.542786,-3.901865,1.218903,0.400463,-2.772879,0.140000,0.700000,0.560000,0.100000,-0.300000,1.218903
535,-1.291551,-1.537288,-3.929593,1.211961,0.418190,-2.791853,0.140000,0.700000,0.540000,0.100000,-0.400000,1.211961
536,-1.303063,-1.531646,-3.957512,1.203448,0.435864,-2.808183,0.120000,0.700000,0.540000,0.100000,-0.400000,1.203448
537,-1.314484,-1.525867,-3.985594,1.194358,0.453397,-2.822654,0.120000,0.720000,0.540000,0.100000,-0.400000,1.194358
538,-1.325808,-1.519954,-4.013820,1.184699,0.470759,-2.835504,0.120000,0.700000,0.540000,0.100000,-0.400000,1.184699
539,-1.337032,-1.513910,-4.042175,1.174480,0.487917,-2.846948,0.100000,0.680000,0.540000,0.100000,-0.400000,1.174480
540,-1.348151,-1.507736,-4.070645,1.163709,0.504845,-2.857175,0.100000,0.680000,0.540000,0.100000,-0.400000,1.163709
541,-1.359161,-1.501436,-4.099217,1.152396,0.521517,-2.866354,0.100000,0.700000,0.540000,0.100000,-0.400000,1.152396
542,-1.370058,-1.495013,-4.127880,1.140552,0.537908,-2.874635,0.080000,0.700000,0.540000,0.100000,-0.400000,1.140552
543,-1.380838,-1.488469,-4.156627,1.128185,0.553998,-2.882152,1.000000,0.720000,0.540000,0.300000,-0.400000,1.128185
544,-1.391496,-1.481808,-4.185448,1.129309,0.569765,-2.889021,1.000000,0.740000,0.540000,0.300000,-0.400000,1.129309
545,-1.402100,-1.474912,-4.214338,1.129933,0.585610,-2.895579,1.000000,0.760000,0.540000,0.300000,-0.400000,1.129933
546,-1.412643,-1.467783,-4.243294,1.130054,0.601516,-2.901858,1.000000,0.780000,0.540000,0.300000,-0.400000,1.130054
547,-1.423117,-1.460422,-4.272313,1.129673,0.617467,-2.907888,1.000000,0.820000,0.540000,0.300000,-0.400000,1.129673
548,-1.433516,-1.452832,-4.301392,1.128786,0.633449,-2.913698,1.000000,0.840000,0.560000,0.300000,-0.300000,1.128786
549,-1.443832,-1.445015,-4.330528,1.128355,0.649234,-2.928305,1.000000,0.880000,0.560000,0.300000,-0.300000,1.128355
550,-1.454062,-1.436964,-4.359812,1.127363,0.665141,-2.943024,1.000000,0.920000,0.560000,0.300000,-0.300000,1.127363
551,-1.464197,-1.428680,-4.389242,1.125804,0.681158,-2.957866,1.000000,0.980000,0.560000,0.300000,-0.300000,1.125804
552,-1.474231,-1.420168,-4.418820,1.123667,0.697268,-2.972844,1.000000,1.000000,0.580000,0.300000,-0.300000,1.123667
553,-1.484157,-1.411430,-4.448549,1.120945,0.713457,-2.987968,1.000000,1.000000,0.560000,0.300000,-0.300000,1.120945
554,-1.493968,-1.402469,-4.478429,1.117630,0.729711,-3.003250,1.000000,1.000000,0.540000,0.300000,-0.400000,1.117630
555,-1.503657,-1.393289,-4.508461,1.112756,0.746260,-3.008145,0.580000,1.000000,0.540000,0.100000,-0.400000,1.112756
556,-1.513219,-1.383903,-4.538543,1.093346,0.762700,-3.012999,0.520000,1.000000,0.540000,0.100000,-0.400000,1.093346
557,-1.522622,-1.374454,-4.568673,1.073404,0.778586,-3.017794,0.500000,1.000000,0.560000,0.100000,-0.300000,1.073404
558,-1.531865,-1.364946,-4.598850,1.053899,0.793635,-3.033995,0.460000,1.000000,0.580000,0.100000,-0.300000,1.053899
559,-1.540944,-1.355374,-4.629190,1.033809,0.808242,-3.050476,0.440000,1.000000,0.600000,0.100000,-0.300000,1.033809
560,-1.549858,-1.345743,-4.659695,1.013143,0.822389,-3.067253,0.420000,1.000000,0.620000,0.100000,-0.200000,1.013143
561,-1.558604,-1.336059,-4.690368,0.992884,0.835903,-3.090843,0.400000,1.000000,0.660000,0.100000,-0.100000,0.992884
562,-1.567180,-1.326316,-4.721276,0.972996,0.848997,-3.115483,0.400000,1.000000,0.680000,0.100000,-0.100000,0.972996
563,-1.575583,-1.316511,-4.752431,0.952496,0.861682,-3.141197,0.380000,1.000000,0.740000,0.100000,0.000000,0.952496
564,-1.583811,-1.306649,-4.783843,0.932351,0.874081,-3.162123,0.380000,1.000000,0.780000,0.100000,0.100000,0.932351
565,-1.591864,-1.296725,-4.815464,0.912568,0.886316,-3.171133,0.360000,1.000000,0.860000,0.100000,0.200000,0.912568
566,-1.599741,-1.286736,-4.847175,0.893177,0.898476,-3.160014,0.360000,1.000000,0.900000,0.100000,0.300000,0.893177
567,-1.607444,-1.276678,-4.878776,0.874227,0.910616,-3.119179,0.340000,1.000000,0.880000,0.100000,0.300000,0.874227
568,-1.614977,-1.266548,-4.909967,0.855307,0.921674,-3.083719,0.340000,1.000000,1.000000,0.100000,0.500000,0.855307
569,-1.622335,-1.256352,-4.940805,0.837040,0.934189,-2.947746,0.340000,1.000000,1.000000,0.100000,0.500000,0.837040
570,-1.629539,-1.246084,-4.970282,0.819807,0.944736,-2.823227,0.340000,1.000000,1.000000,0.100000,0.500000,0.819807
571,-1.636583,-1.235748,-4.998514,0.803562,0.953533,-2.708248,0.320000,0.820000,1.000000,0.100000,0.500000,0.803562
572,-1.643463,-1.225347,-5.025597,0.788270,0.960763,-2.601275,0.320000,0.780000,1.000000,0.100000,0.500000,0.788270
573,-1.650175,-1.214888,-5.051610,0.773897,0.966579,-2.501070,0.320000,0.740000,1.000000,0.100000,0.500000,0.773897
574,-1.656714,-1.204374,-5.076620,0.760417,0.971113,-2.406616,0.320000,0.700000,1.000000,0.100000,0.500000,0.760417
575,-1.663080,-1.193809,-5.100686,0.747804,0.974479,-2.317070,0.320000,0.680000,1.000000,0.100000,0.500000,0.747804
576,-1.669268,-1.183198,-5.123857,0.736037,0.976776,-2.231726,0.320000,0.640000,1.000000,0.100000,0.500000,0.736037
577,-1.675276,-1.172545,-5.146174,0.725098,0.978090,-2.149983,0.320000,0.620000,1.000000,0.100000,0.500000,0.725098
578,-1.681104,-1.161855,-5.167674,0.714969,0.978497,-2.071326,0.320000,0.620000,1.000000,0.100000,0.500000,0.714969
579,-1.686748,-1.151131,-5.188387,0.705636,0.978063,-1.995309,0.320000,0.600000,1.000000,0.100000,0.500000,0.705636
580,-1.692208,-1.140377,-5.208341,0.697084,0.976849,-1.921540,0.320000,0.580000,1.000000,0.100000,0.500000,0.697084
581,-1.697482,-1.129598,-5.227556,0.689302,0.974906,-1.849671,0.320000,0.580000,1.000000,0.100000,0.500000,0.689302
582,-1.702570,-1.118796,-5.246053,0.682280,0.972283,-1.779389,0.320000,0.480000,1.000000,0.100000,0.500000,0.682280
583,-1.707470,-1.107976,-5.263847,0.676006,0.969020,-1.710409,0.320000,0.560000,1.000000,0.100000,0.500000,0.676006
584,-1.712182,-1.097141,-5.280951,0.670472,0.965156,-1.642472,0.320000,0.540000,1.000000,0.100000,0.500000,0.670472
585,-1.716705,-1.086295,-5.297375,0.665671,0.960723,-1.575334,0.320000,0.460000,1.000000,0.100000,0.500000,0.665671
586,-1.721039,-1.075440,-5.313129,0.661596,0.955752,-1.508764,0.320000,0.460000,1.000000,0.100000,0.500000,0.661596
587,-1.725184,-1.064580,-5.328216,0.658240,0.950267,-1.442544,0.320000,0.520000,1.000000,0.100000,0.500000,0.658240
588,-1.729139,-1.053718,-5.342642,0.655599,0.944292,-1.376462,0.320000,0.520000,1.000000,0.100000,0.500000,0.655599
589,-1.732904,-1.042856,-5.356406,0.653667,0.937847,-1.310308,0.320000,0.520000,1.000000,0.100000,0.500000,0.653667
590,-1.736479,-1.031998,-5.369509,0.652441,0.930949,-1.243876,0.320000,0.520000,1.000000,0.100000,0.500000,0.652441
591,-1.739864,-1.021146,-5.381948,0.651919,0.923611,-1.176958,0.320000,0.520000,1.000000,0.100000,0.500000,0.651919
592,-1.743060,-1.010302,-5.393718,0.652097,0.915846,-1.109341,0.340000,0.500000,1.000000,0.100000,0.500000,0.652097
593,-1.746067,-0.999468,-5.404811,0.652975,0.907662,-1.040806,0.340000,0.500000,1.000000,0.100000,0.500000,0.652975
594,-1.748884,-0.988648,-5.415219,0.654551,0.899065,-0.971125,0.340000,0.500000,1.000000,0.100000,0.500000,0.654551
595,-1.751513,-0.977842,-5.424931,0.656826,0.890059,-0.900058,0.340000,0.500000,1.000000,0.100000,0.500000,0.656826
596,-1.753955,-0.967053,-5.433931,0.659800,0.880644,-0.827352,0.340000,0.500000,1.000000,0.100000,0.500000,0.659800
597,-1.756208,-0.956282,-5.442205,0.663475,0.870820,-0.752731,0.340000,0.500000,1.000000,0.100000,0.500000,0.663475
598,-1.758275,-0.945531,-5.449732,0.667853,0.860580,-0.675903,0.340000,0.500000,1.000000,0.100000,0.500000,0.667853
599,-1.760155,-0.934802,-5.456491,0.672937,0.849917,-0.596546,0.340000,0.500000,1.000000,0.100000,0.500000,0.672937
600,-1.761850,-0.924094,-5.462456,0.678731,0.838820,-0.514310,0.340000,0.500000,1.000000,0.100000,0.500000,0.678731
601,-1.763360,-0.913410,-5.467600,0.685239,0.827273,-0.428809,0.340000,0.500000,1.000000,0.100000,0.500000,0.685239
602,-1.764687,-0.902750,-5.471888,0.692467,0.815259,-0.339616,0.340000,0.500000,1.000000,0.100000,0.500000,0.692467
603,-1.765831,-0.892115,-5.475284,0.700419,0.802754,-0.246258,0.340000,0.500000,1.000000,0.100000,0.500000,0.700419
604,-1.766794,-0.881505,-5.477746,0.709103,0.789731,-0.148208,0.340000,0.500000,1.000000,0.100000,0.500000,0.709103
605,-1.767576,-0.870920,-5.479228,0.718524,0.776159,-0.044877,0.340000,0.500000,1.000000,0.100000,0.500000,0.718524
606,-1.768180,-0.860361,-5.479677,0.728691,0.761998,0.064397,0.340000,0.500000,1.000000,0.100000,0.500000,0.728691
607,-1.768606,-0.849826,-5.479033,0.739608,0.747204,0.180352,0.340000,0.500000,1.000000,0.100000,0.500000,0.739608
608,-1.768857,-0.839315,-5.477230,0.751284,0.731726,0.303817,0.340000,0.500000,1.000000,0.100000,0.500000,0.751284
609,-1.768934,-0.828828,-5.474192,0.763724,0.715505,0.435721,0.340000,0.500000,1.000000,0.100000,0.500000,0.763724
610,-1.768840,-0.818363,-5.469834,0.776933,0.698471,0.577102,0.340000,0.500000,1.000000,0.100000,0.500000,0.776933
611,-1.768577,-0.807919,-5.464063,0.790912,0.680546,0.729114,0.340000,0.500000,1.000000,0.100000,0.500000,0.790912
612,-1.768148,-0.797494,-5.456772,0.805662,0.661639,0.893031,0.340000,0.500000,1.000000,0.100000,0.500000,0.805662
613,-1.767556,-0.787086,-5.447842,0.821178,0.641647,1.070246,0.380000,0.500000,1.000000,0.100000,0.500000,0.821178
614,-1.766804,-0.776692,-5.437139,0.837449,0.620449,1.262259,0.380000,0.520000,1.000000,0.100000,0.500000,0.837449
615,-1.765898,-0.766309,-5.424517,0.854455,0.597912,1.470649,0.400000,0.520000,1.000000,0.100000,0.500000,0.854455
616,-1.764840,-0.755934,-5.409810,0.872166,0.573883,1.697016,0.400000,0.520000,1.000000,0.100000,0.500000,0.872166
617,-1.763638,-0.745563,-5.392840,0.890539,0.548190,1.942900,0.400000,0.600000,1.000000,0.100000,0.500000,0.890539
618,-1.762296,-0.735192,-5.373411,0.909507,0.520643,2.209628,0.400000,0.620000,1.000000,0.100000,0.500000,0.909507
619,-1.760822,-0.724816,-5.351315,0.928982,0.491038,2.498095,0.400000,0.620000,1.000000,0.100000,0.500000,0.928982
620,-1.759224,-0.714431,-5.326334,0.948843,0.459159,2.808422,0.400000,0.640000,1.000000,0.100000,0.500000,0.948843
621,-1.757511,-0.704030,-5.298250,0.968926,0.424796,3.139451,0.420000,0.680000,1.000000,0.100000,0.500000,0.968926
622,-1.755693,-0.693607,-5.266855,0.989022,0.387766,3.488025,0.420000,0.700000,1.000000,0.100000,0.500000,0.989022
623,-1.753782,-0.683157,-5.231975,1.008860,0.347951,3.848007,0.440000,0.820000,1.000000,0.100000,0.500000,1.008860
624,-1.751794,-0.672673,-5.193495,1.028104,0.305349,4.209193,0.440000,0.880000,1.000000,0.100000,0.500000,1.028104
625,-1.749743,-0.662146,-5.151403,1.046353,0.260137,4.556696,0.460000,0.960000,1.000000,0.100000,0.500000,1.046353
626,-1.747650,-0.651569,-5.105836,1.063156,0.212706,4.872188,0.540000,1.000000,1.000000,0.100000,0.500000,1.063156
627,-1.745539,-0.640934,-5.057114,1.078044,0.163619,5.138494,0.560000,1.000000,0.840000,0.100000,0.200000,1.078044
628,-1.743435,-0.630235,-5.005729,1.093846,0.105973,5.024980,0.600000,1.000000,0.560000,0.100000,-0.300000,1.093846
629,-1.741287,-0.619457,-4.955479,1.103399,0.044210,4.566501,0.640000,1.000000,0.460000,0.100000,-0.500000,1.103399
630,-1.739060,-0.608641,-4.909814,1.107758,-0.011416,4.058917,0.760000,1.000000,0.340000,0.100000,-0.800000,1.107758
631,-1.736775,-0.597801,-4.869225,1.107110,-0.059241,3.569430,0.820000,1.000000,0.340000,0.200000,-0.800000,1.107110
632,-1.734461,-0.586959,-4.833531,1.111849,-0.100933,3.049920,0.860000,1.000000,0.320000,0.200000,-0.800000,1.111849
633,-1.732116,-0.576043,-4.803032,1.115670,-0.136549,2.511675,0.920000,1.000000,0.320000,0.200000,-0.800000,1.115670
634,-1.729746,-0.565056,-4.777915,1.119190,-0.165952,1.962211,0.960000,1.000000,0.320000,0.300000,-0.800000,1.119190
635,-1.727357,-0.553997,-4.758293,1.129937,-0.189085,1.407397,1.000000,1.000000,0.300000,0.300000,-0.800000,1.129937
636,-1.724950,-0.542796,-4.744219,1.141330,-0.206070,0.853019,1.000000,1.000000,0.300000,0.300000,-0.800000,1.141330
637,-1.722527,-0.531454,-4.735689,1.153675,-0.216892,0.303236,1.000000,1.000000,0.280000,0.300000,-1.000000,1.153675
638,-1.720090,-0.519971,-4.732656,1.165662,-0.220320,-0.184100,1.000000,1.000000,0.280000,0.300000,-1.000000,1.165662
639,-1.717651,-0.508362,-4.734497,1.178724,-0.218322,-0.659978,1.000000,1.000000,0.280000,0.300000,-1.000000,1.178724
640,-1.715207,-0.496626,-4.741097,1.192826,-0.211015,-1.119607,1.000000,1.000000,0.260000,0.300000,-1.000000,1.192826
641,-1.712756,-0.484763,-4.752293,1.207850,-0.198577,-1.557452,0.980000,1.000000,0.240000,0.300000,-1.000000,1.207850
642,-1.710290,-0.472773,-4.767868,1.223598,-0.181261,-1.967217,0.940000,1.000000,0.260000,0.300000,-1.000000,1.223598
643,-1.707801,-0.460656,-4.787540,1.239809,-0.159413,-2.342096,0.900000,1.000000,0.280000,0.200000,-1.000000,1.239809
644,-1.705281,-0.448413,-4.810961,1.249173,-0.133466,-2.675380,0.860000,1.000000,0.320000,0.200000,-0.800000,1.249173
645,-1.702723,-0.436113,-4.837715,1.259844,-0.105391,-3.016149,0.800000,1.000000,0.360000,0.100000,-0.700000,1.259844
646,-1.700103,-0.423745,-4.867876,1.264003,-0.074219,-3.322710,0.760000,1.000000,0.400000,0.100000,-0.600000,1.264003
647,-1.697412,-0.411373,-4.901103,1.268417,-0.040360,-3.583576,0.700000,1.000000,0.380000,0.000000,-0.700000,1.268417
648,-1.694636,-0.398990,-4.936939,1.263744,-0.004055,-3.787661,0.660000,1.000000,0.380000,0.000000,-0.700000,1.263744
649,-1.691783,-0.386678,-4.974816,1.257729,0.033572,-3.944184,0.620000,1.000000,0.540000,0.100000,-0.400000,1.257729
650,-1.688844,-0.374445,-5.014257,1.260320,0.072213,-4.048443,0.580000,1.000000,1.000000,0.100000,0.500000,1.260320
651,-1.685787,-0.362197,-5.054742,1.259907,0.126470,-3.477137,0.560000,1.000000,1.000000,0.100000,0.500000,1.259907
652,-1.682748,-0.349904,-5.089513,1.258160,0.172721,-2.890603,0.480000,0.960000,1.000000,0.100000,0.500000,1.258160
653,-1.679721,-0.337571,-5.118419,1.255978,0.210881,-2.299266,0.460000,0.880000,1.000000,0.100000,0.500000,1.255978
654,-1.676698,-0.325199,-5.141412,1.254115,0.241007,-1.710711,0.440000,0.840000,1.000000,0.100000,0.500000,1.254115
655,-1.673673,-0.312792,-5.158519,1.253158,0.263262,-1.130291,0.420000,0.800000,1.000000,0.100000,0.500000,1.253158
656,-1.670640,-0.300351,-5.169822,1.253519,0.277877,-0.561606,0.420000,0.780000,1.000000,0.100000,0.500000,1.253519
657,-1.667597,-0.287877,-5.175438,1.255448,0.285134,-0.006979,0.420000,0.760000,1.000000,0.100000,0.500000,1.255448
658,-1.664541,-0.275371,-5.175508,1.259038,0.285342,0.532009,0.420000,0.760000,1.000000,0.100000,0.500000,1.259038
659,-1.661469,-0.262832,-5.170188,1.264250,0.278825,1.053917,0.460000,0.760000,1.000000,0.000000,0.500000,1.264250
660,-1.658382,-0.250259,-5.159649,1.263924,0.265928,1.556806,0.460000,0.760000,1.000000,0.000000,0.500000,1.263924
661,-1.655314,-0.237713,-5.144081,1.264809,0.247093,2.037764,0.480000,0.780000,1.000000,0.000000,0.500000,1.264809
662,-1.652266,-0.225192,-5.123703,1.266560,0.222807,2.492240,0.480000,0.820000,1.000000,0.000000,0.500000,1.266560
663,-1.649244,-0.212692,-5.098780,1.268763,0.193624,2.914047,0.480000,0.860000,1.000000,0.000000,0.500000,1.268763
664,-1.646256,-0.200210,-5.069640,1.270960,0.160183,3.295858,0.500000,0.920000,1.000000,0.000000,0.500000,1.270960
665,-1.643312,-0.187742,-5.036681,1.272677,0.123192,3.630567,0.520000,1.000000,1.000000,0.000000,0.500000,1.272677
666,-1.640425,-0.175287,-5.000376,1.273457,0.083402,3.913254,0.540000,1.000000,0.880000,0.000000,0.300000,1.273457
667,-1.637608,-0.162840,-4.961243,1.275337,0.038812,4.026120,0.560000,1.000000,0.860000,0.000000,0.200000,1.275337
668,-1.634843,-0.150383,-4.920982,1.276288,-0.007768,4.007719,0.600000,1.000000,0.660000,0.000000,-0.100000,1.276288
669,-1.632124,-0.137913,-4.880905,1.275328,-0.060528,3.622101,0.620000,1.000000,0.540000,0.000000,-0.400000,1.275328
670,-1.629388,-0.125442,-4.844684,1.269688,-0.110295,3.080522,0.660000,1.000000,0.460000,0.000000,-0.500000,1.269688
671,-1.626620,-0.113002,-4.813879,1.261928,-0.152332,2.515678,0.700000,1.000000,0.420000,0.100000,-0.600000,1.261928
672,-1.623826,-0.100602,-4.788722,1.259829,-0.186394,1.942607,0.740000,1.000000,0.380000,0.100000,-0.700000,1.259829
673,-1.621007,-0.088182,-4.769296,1.257068,-0.212598,1.374903,0.760000,1.000000,0.360000,0.100000,-0.700000,1.257068
674,-1.618169,-0.075753,-4.755547,1.255085,-0.231411,0.806123,0.780000,1.000000,0.360000,0.100000,-0.700000,1.255085
675,-1.615316,-0.063314,-4.747485,1.254235,-0.242964,0.240900,0.780000,1.000000,0.360000,0.100000,-0.700000,1.254235
676,-1.612447,-0.050864,-4.745076,1.254732,-0.247431,-0.316532,0.780000,1.000000,0.360000,0.100000,-0.700000,1.254732
677,-1.609564,-0.038404,-4.748242,1.256651,-0.245036,-0.861893,0.780000,1.000000,0.380000,0.100000,-0.700000,1.256651
678,-1.606665,-0.025934,-4.756861,1.259933,-0.236049,-1.390410,0.760000,1.000000,0.400000,0.100000,-0.600000,1.259933
679,-1.603747,-0.013452,-4.770765,1.265519,-0.220725,-1.893136,0.720000,1.000000,0.420000,0.100000,-0.600000,1.265519
680,-1.600805,-0.000947,-4.789696,1.271993,-0.199582,-2.366683,0.680000,1.000000,0.460000,0.000000,-0.500000,1.271993
681,-1.597833,0.011581,-4.813363,1.273215,-0.172562,-2.779481,0.640000,1.000000,0.500000,0.000000,-0.500000,1.273215
682,-1.594833,0.024074,-4.841158,1.274434,-0.141355,-3.151563,0.600000,1.000000,0.580000,0.000000,-0.300000,1.274434
683,-1.591794,0.036531,-4.872673,1.277711,-0.103552,-3.343775,0.580000,1.000000,0.680000,0.000000,-0.100000,1.277711
684,-1.588733,0.048980,-4.906111,1.281205,-0.059312,-3.262271,0.540000,1.000000,0.700000,0.000000,-0.100000,1.281205
685,-1.585684,0.061438,-4.938734,1.283060,-0.018191,-3.174236,0.500000,1.000000,0.760000,0.000000,0.000000,1.283060
686,-1.582628,0.073900,-4.970476,1.283497,0.022887,-2.954679,0.480000,1.000000,1.000000,0.000000,0.500000,1.283497
687,-1.579573,0.086369,-5.000023,1.278299,0.065805,-2.464527,0.460000,1.000000,1.000000,0.000000,0.500000,1.278299
688,-1.576578,0.098813,-5.024668,1.272258,0.101537,-1.953873,0.440000,1.000000,1.000000,0.000000,0.500000,1.272258
689,-1.573635,0.111232,-5.044207,1.265965,0.130033,-1.432860,0.420000,0.920000,1.000000,0.000000,0.500000,1.265965
690,-1.570741,0.123625,-5.058536,1.259908,0.151373,-0.909637,0.420000,0.760000,1.000000,0.100000,0.500000,1.259908
691,-1.567890,0.135990,-5.067632,1.261451,0.165740,-0.390765,0.400000,0.740000,1.000000,0.100000,0.500000,1.261451
692,-1.565056,0.148394,-5.071540,1.263822,0.173448,0.117691,0.400000,0.720000,1.000000,0.000000,0.500000,1.263822
693,-1.562238,0.160835,-5.070363,1.260126,0.174764,0.611187,0.400000,0.720000,1.000000,0.100000,0.500000,1.260126
694,-1.559460,0.173250,-5.064251,1.264359,0.170032,1.085887,0.400000,0.720000,1.000000,0.000000,0.500000,1.264359
695,-1.556698,0.185705,-5.053392,1.262404,0.159643,1.536733,0.400000,0.860000,1.000000,0.100000,0.500000,1.262404
696,-1.553981,0.198136,-5.038025,1.268068,0.144123,1.959272,0.400000,0.900000,1.000000,0.000000,0.500000,1.268068
697,-1.551290,0.210611,-5.018432,1.267085,0.123909,2.348173,0.400000,0.940000,1.000000,0.000000,0.500000,1.267085
698,-1.548654,0.223067,-4.994950,1.266152,0.099696,2.698770,0.420000,1.000000,1.000000,0.000000,0.500000,1.266152
699,-1.546081,0.235504,-4.967963,1.264945,0.072122,3.007183,0.420000,1.000000,1.000000,0.000000,0.500000,1.264945
700,-1.543581,0.247925,-4.937891,1.263147,0.041825,3.271396,0.440000,1.000000,1.000000,0.100000,0.500000,1.263147
701,-1.541164,0.260330,-4.905177,1.267472,0.009413,3.491760,0.460000,1.000000,0.820000,0.000000,0.200000,1.267472
702,-1.538828,0.272788,-4.870259,1.266999,-0.028843,3.499336,0.480000,1.000000,0.680000,0.000000,-0.100000,1.266999
703,-1.536551,0.285255,-4.835266,1.265406,-0.074054,3.134992,0.520000,1.000000,0.600000,0.000000,-0.300000,1.265406
704,-1.534265,0.297723,-4.803916,1.260791,-0.116468,2.630868,0.540000,1.000000,0.540000,0.100000,-0.400000,1.260791
705,-1.531953,0.310172,-4.777607,1.261506,-0.152243,2.090358,0.580000,1.000000,0.500000,0.100000,-0.500000,1.261506
706,-1.529612,0.322661,-4.756704,1.261140,-0.181044,1.531349,0.600000,1.000000,0.500000,0.100000,-0.500000,1.261140
707,-1.527245,0.335180,-4.741390,1.261325,-0.202377,0.975702,0.720000,1.000000,0.480000,0.100000,-0.500000,1.261325
708,-1.524856,0.347729,-4.731633,1.262442,-0.216415,0.428472,0.740000,1.000000,0.480000,0.100000,-0.500000,1.262442
709,-1.522449,0.360309,-4.727348,1.264725,-0.223399,-0.106414,0.740000,1.000000,0.460000,0.100000,-0.500000,1.264725
710,-1.520026,0.372922,-4.728413,1.268269,-0.223617,-0.625638,0.720000,1.000000,0.460000,0.100000,-0.500000,1.268269
711,-1.517587,0.385567,-4.734669,1.273042,-0.217401,-1.125958,0.720000,1.000000,0.460000,0.100000,-0.500000,1.273042
712,-1.515130,0.398246,-4.745928,1.278898,-0.205129,-1.603713,0.680000,1.000000,0.480000,0.000000,-0.500000,1.278898
713,-1.512651,0.410959,-4.761966,1.278596,-0.187229,-2.054456,0.660000,1.000000,0.520000,0.000000,-0.400000,1.278596
714,-1.510147,0.423636,-4.782510,1.280118,-0.163116,-2.422111,0.520000,1.000000,0.560000,0.000000,-0.300000,1.280118
715,-1.507623,0.436292,-4.806731,1.282887,-0.133318,-2.671253,0.500000,1.000000,0.620000,0.000000,-0.200000,1.282887
716,-1.505088,0.448938,-4.833444,1.286080,-0.098978,-2.777469,0.460000,1.000000,0.700000,0.000000,-0.100000,1.286080
717,-1.502552,0.461585,-4.861219,1.288807,-0.061874,-2.736154,0.440000,1.000000,0.800000,0.000000,0.100000,1.288807
718,-1.500029,0.474239,-4.888580,1.289799,-0.021784,-2.460906,0.400000,1.000000,0.840000,0.000000,0.200000,1.289799
719,-1.497554,0.486899,-4.913189,1.288858,0.014986,-2.103706,0.380000,1.000000,0.840000,0.000000,0.200000,1.288858
720,-1.495130,0.499559,-4.934226,1.287187,0.045913,-1.741691,0.380000,1.000000,0.900000,0.000000,0.300000,1.287187
721,-1.492746,0.512216,-4.951643,1.284127,0.072553,-1.320693,0.360000,1.000000,0.880000,0.000000,0.300000,1.284127
722,-1.490408,0.524863,-4.964850,1.281037,0.093020,-0.902980,0.340000,1.000000,0.920000,0.000000,0.300000,1.281037
723,-1.488108,0.537500,-4.973880,1.278188,0.107546,-0.494561,0.340000,1.000000,0.940000,0.000000,0.400000,1.278188
724,-1.485843,0.550125,-4.978825,1.274607,0.117638,-0.048728,0.340000,1.000000,0.940000,0.000000,0.400000,1.274607
725,-1.483622,0.562731,-4.979313,1.271590,0.121915,0.383472,0.340000,1.000000,0.920000,0.000000,0.300000,1.271590
726,-1.481444,0.575319,-4.975478,1.270343,0.119339,0.737485,0.340000,1.000000,0.920000,0.000000,0.300000,1.270343
727,-1.479292,0.587895,-4.968103,1.269547,0.112480,1.070020,0.340000,1.000000,0.900000,0.000000,0.300000,1.269547
728,-1.477170,0.600462,-4.957403,1.269089,0.101795,1.379429,0.340000,1.000000,0.900000,0.000000,0.300000,1.269089
729,-1.475079,0.613021,-4.943609,1.268824,0.087745,1.664152,0.340000,1.000000,0.860000,0.000000,0.200000,1.268824
730,-1.473025,0.625573,-4.926967,1.269590,0.068493,1.824452,0.340000,1.000000,0.800000,0.000000,0.100000,1.269590
731,-1.470991,0.638124,-4.908723,1.270687,0.045251,1.841487,0.360000,1.000000,0.780000,0.000000,0.100000,1.270687
732,-1.468956,0.650675,-4.890308,1.271313,0.022963,1.850830,0.360000,1.000000,0.780000,0.000000,0.100000,1.271313
733,-1.466932,0.663228,-4.871799,1.271478,0.001674,1.853412,0.440000,1.000000,0.780000,0.000000,0.100000,1.271478
734,-1.464930,0.675784,-4.853265,1.271198,-0.018593,1.850276,0.460000,1.000000,0.720000,0.000000,0.000000,1.271198
735,-1.462961,0.688344,-4.834763,1.270716,-0.040880,1.712219,0.480000,1.000000,0.680000,0.000000,-0.100000,1.270716
736,-1.461004,0.700906,-4.817640,1.269561,-0.063283,1.454280,0.480000,1.000000,0.660000,0.000000,-0.100000,1.269561
737,-1.459041,0.713465,-4.803098,1.268251,-0.081408,1.208488,0.500000,0.960000,0.660000,0.000000,-0.100000,1.268251
738,-1.457082,0.726022,-4.791013,1.266937,-0.095588,0.976253,0.500000,0.960000,0.660000,0.000000,-0.100000,1.266937
739,-1.455134,0.738577,-4.781250,1.265722,-0.106171,0.757913,0.520000,0.940000,0.640000,0.000000,-0.200000,1.265722
740,-1.453203,0.751131,-4.773671,1.264009,-0.116274,0.434407,0.520000,0.940000,0.640000,0.000000,-0.200000,1.264009
741,-1.451269,0.763676,-4.769327,1.262675,-0.121889,0.128189,0.520000,0.920000,0.620000,0.100000,-0.200000,1.262675
742,-1.449333,0.776213,-4.768045,1.268752,-0.123423,-0.160395,0.520000,0.920000,0.620000,0.000000,-0.200000,1.268752
743,-1.447395,0.788812,-4.769649,1.268222,-0.121298,-0.431236,0.520000,0.900000,0.600000,0.000000,-0.300000,1.268222
744,-1.445458,0.801404,-4.773961,1.267036,-0.118156,-0.782350,0.500000,0.900000,0.600000,0.000000,-0.300000,1.267036
745,-1.443499,0.813978,-4.781785,1.266288,-0.110804,-1.111721,0.480000,0.880000,0.600000,0.000000,-0.300000,1.266288
746,-1.441516,0.826533,-4.792902,1.265858,-0.099698,-1.417715,0.480000,0.880000,0.640000,0.000000,-0.200000,1.265858
747,-1.439504,0.839071,-4.807079,1.266601,-0.082972,-1.599160,0.460000,0.900000,0.640000,0.000000,-0.200000,1.266601
748,-1.437481,0.851602,-4.823071,1.267207,-0.064787,-1.762011,0.440000,0.900000,0.620000,0.000000,-0.200000,1.267207
749,-1.435437,0.864125,-4.840691,1.267569,-0.045447,-1.906233,0.420000,0.880000,0.620000,0.000000,-0.200000,1.267569
750,-1.433364,0.876638,-4.859753,1.267593,-0.025236,-2.032186,0.400000,0.880000,0.680000,0.000000,-0.100000,1.267593
751,-1.431254,0.889139,-4.880075,1.267864,-0.001633,-2.021925,0.380000,0.920000,0.660000,0.000000,-0.100000,1.267864
752,-1.429121,0.901637,-4.900294,1.267599,0.020673,-2.006557,0.360000,0.900000,0.660000,0.000000,-0.100000,1.267599
753,-1.426957,0.914129,-4.920360,1.266833,0.041704,-1.987287,0.360000,0.900000,0.680000,0.000000,-0.100000,1.266833
754,-1.424749,0.926610,-4.940233,1.265604,0.061497,-1.965192,0.340000,0.900000,0.680000,0.000000,-0.100000,1.265604
755,-1.422489,0.939078,-4.959885,1.263951,0.080101,-1.941183,0.320000,0.880000,0.660000,0.000000,-0.100000,1.263951
756,-1.420170,0.951529,-4.979297,1.261910,0.097572,-1.916001,0.320000,0.880000,0.700000,0.100000,-0.100000,1.261910
757,-1.417782,0.963958,-4.998457,1.266517,0.113970,-1.890230,0.300000,0.880000,0.680000,0.000000,-0.100000,1.266517
758,-1.415302,0.976431,-5.017359,1.263805,0.129510,-1.864924,0.300000,0.860000,0.660000,0.000000,-0.100000,1.263805
759,-1.412743,0.988874,-5.036008,1.260801,0.144097,-1.839727,0.280000,0.860000,0.700000,0.100000,-0.100000,1.260801
760,-1.410099,1.001286,-5.054405,1.264534,0.157787,-1.814897,0.280000,0.860000,0.680000,0.000000,-0.100000,1.264534
761,-1.407345,1.013728,-5.072554,1.261029,0.170789,-1.791103,0.260000,0.860000,0.720000,0.100000,0.000000,1.261029
762,-1.404499,1.026131,-5.090465,1.264834,0.185446,-1.663211,0.260000,0.840000,0.700000,0.000000,-0.100000,1.264834
763,-1.401553,1.038571,-5.107097,1.261056,0.195678,-1.645554,0.240000,0.840000,0.700000,0.100000,-0.100000,1.261056
764,-1.398510,1.050964,-5.123553,1.264125,0.205311,-1.628291,0.240000,0.840000,0.740000,0.000000,0.000000,1.264125
765,-1.395340,1.063373,-5.139836,1.260646,0.216746,-1.516705,0.240000,0.840000,0.720000,0.100000,0.000000,1.260646
766,-1.392087,1.075743,-5.155003,1.264222,0.226306,-1.412928,0.220000,0.820000,0.720000,0.000000,0.000000,1.264222
767,-1.388717,1.088137,-5.169132,1.260889,0.234309,-1.316007,0.220000,0.820000,0.700000,0.100000,-0.100000,1.260889
768,-1.385259,1.100486,-5.182292,1.264027,0.238765,-1.310527,0.220000,0.820000,0.700000,0.000000,-0.100000,1.264027
769,-1.381664,1.112838,-5.195398,1.260114,0.243100,-1.305273,0.200000,0.820000,0.680000,0.100000,-0.100000,1.260114
770,-1.377965,1.125126,-5.208450,1.263152,0.247195,-1.299979,0.200000,0.800000,0.680000,0.100000,-0.100000,1.263152
771,-1.374126,1.137412,-5.221450,1.266143,0.251182,-1.294918,0.200000,0.800000,0.700000,0.000000,-0.100000,1.266143
772,-1.370149,1.149692,-5.234399,1.262091,0.255065,-1.290084,0.180000,0.800000,0.700000,0.100000,-0.100000,1.262091
773,-1.366067,1.161904,-5.247300,1.264996,0.258728,-1.285232,0.180000,0.780000,0.700000,0.000000,-0.100000,1.264996
774,-1.361844,1.174106,-5.260152,1.260862,0.262299,-1.280607,0.180000,0.780000,0.680000,0.100000,-0.100000,1.260862
775,-1.357517,1.186236,-5.272959,1.263689,0.265661,-1.275980,0.160000,0.780000,0.680000,0.000000,-0.100000,1.263689
776,-1.353049,1.198351,-5.285718,1.259482,0.268941,-1.271577,0.160000,0.780000,0.660000,0.100000,-0.100000,1.259482
777,-1.348476,1.210391,-5.298434,1.262241,0.272023,-1.267182,0.160000,0.760000,0.660000,0.100000,-0.100000,1.262241
778,-1.343761,1.222411,-5.311106,1.264969,0.275033,-1.263005,0.160000,0.760000,0.660000,0.000000,-0.100000,1.264969
779,-1.338904,1.234411,-5.323736,1.260667,0.277974,-1.259039,0.140000,0.760000,0.640000,0.100000,-0.200000,1.260667
780,-1.333945,1.246329,-5.336326,1.262418,0.279706,-1.298909,0.140000,0.760000,0.640000,0.100000,-0.200000,1.262418
781,-1.328839,1.258209,-5.349315,1.264034,0.281937,-1.337660,0.140000,0.740000,0.620000,0.000000,-0.200000,1.264034
782,-1.323588,1.270048,-5.362692,1.258511,0.284646,-1.375251,0.120000,0.740000,0.620000,0.100000,-0.200000,1.258511
783,-1.318234,1.281788,-5.376445,1.259842,0.287686,-1.411243,0.120000,0.740000,0.620000,0.100000,-0.200000,1.259842
784,-1.312735,1.293482,-5.390557,1.261025,0.291153,-1.446062,0.120000,0.740000,0.600000,0.100000,-0.300000,1.261025
785,-1.307091,1.305128,-5.405018,1.261055,0.294556,-1.499709,0.100000,0.740000,0.600000,0.100000,-0.300000,1.261055
786,-1.301305,1.316714,-5.420015,1.260876,0.298585,-1.551549,0.100000,0.720000,0.600000,0.100000,-0.300000,1.260876
787,-1.295378,1.328236,-5.435530,1.260479,0.303207,-1.601512,0.100000,0.720000,0.580000,0.100000,-0.300000,1.260479
788,-1.289310,1.339693,-5.451545,1.259854,0.308389,-1.649552,0.100000,0.720000,0.580000,0.100000,-0.300000,1.259854
789,-1.283102,1.351081,-5.468041,1.258994,0.314099,-1.695644,0.080000,0.720000,0.580000,0.100000,-0.300000,1.258994
790,-1.276755,1.362399,-5.484997,1.257890,0.320301,-1.739784,0.120000,0.720000,0.560000,0.100000,-0.300000,1.257890
791,-1.270268,1.373642,-5.502395,1.256534,0.326965,-1.781986,0.120000,0.720000,0.560000,0.100000,-0.300000,1.256534
792,-1.263644,1.384809,-5.520215,1.254917,0.334057,-1.822280,0.100000,0.720000,0.560000,0.100000,-0.300000,1.254917
793,-1.256882,1.395895,-5.538438,1.253033,0.341545,-1.860708,0.100000,0.720000,0.560000,0.100000,-0.300000,1.253033
794,-1.249984,1.406900,-5.557045,1.250874,0.349399,-1.897327,0.140000,0.720000,0.540000,0.100000,-0.400000,1.250874
795,-1.242950,1.417818,-5.576018,1.247440,0.357559,-1.933437,0.140000,0.720000,0.540000,0.100000,-0.400000,1.247440
796,-1.235790,1.428640,-5.595352,1.243716,0.366030,-1.967363,0.120000,0.720000,0.540000,0.100000,-0.400000,1.243716
797,-1.228505,1.439364,-5.615026,1.239698,0.374778,-1.999180,0.120000,0.740000,0.540000,0.100000,-0.400000,1.239698
798,-1.221095,1.449987,-5.635018,1.235382,0.383768,-2.028975,0.120000,0.740000,0.540000,0.100000,-0.400000,1.235382
799,-1.213564,1.460504,-5.655308,1.230766,0.392968,-2.056837,0.100000,0.740000,0.540000,0.100000,-0.400000,1.230766
800,-1.205912,1.470914,-5.675876,1.225848,0.402349,-2.082860,0.180000,0.760000,0.520000,0.100000,-0.400000,1.225848
801,-1.198142,1.481214,-5.696705,1.220626,0.411879,-2.107143,0.180000,0.760000,0.520000,0.100000,-0.400000,1.220626
802,-1.190255,1.491400,-5.717776,1.215100,0.421532,-2.129782,0.160000,0.760000,0.520000,0.100000,-0.400000,1.215100
803,-1.182253,1.501469,-5.739074,1.209268,0.431280,-2.150875,0.160000,0.780000,0.520000,0.100000,-0.400000,1.209268
804,-1.174139,1.511419,-5.760583,1.203133,0.441098,-2.170518,0.160000,0.800000,0.520000,0.100000,-0.400000,1.203133
805,-1.165916,1.521246,-5.782288,1.196694,0.450962,-2.188806,0.140000,0.800000,0.520000,0.100000,-0.400000,1.196694
806,-1.157584,1.530949,-5.804176,1.189952,0.460849,-2.205831,1.000000,0.820000,0.520000,0.300000,-0.400000,1.189952
807,-1.149148,1.540523,-5.826234,1.196911,0.470737,-2.221680,1.000000,0.840000,0.520000,0.300000,-0.400000,1.196911
808,-1.140484,1.550028,-5.848451,1.203572,0.480940,-2.236982,1.000000,0.860000,0.520000,0.300000,-0.400000,1.203572
809,-1.131593,1.559460,-5.870821,1.209927,0.491447,-2.251737,1.000000,0.880000,0.520000,0.300000,-0.400000,1.209927
810,-1.122478,1.568811,-5.893338,1.215969,0.502245,-2.265952,1.000000,0.920000,0.520000,0.300000,-0.400000,1.215969
811,-1.113139,1.578078,-5.915998,1.221691,0.513322,-2.279634,1.000000,0.960000,0.520000,0.300000,-0.400000,1.221691
812,-1.103580,1.587255,-5.938794,1.227087,0.524668,-2.292794,1.000000,0.980000,0.520000,0.300000,-0.400000,1.227087
813,-1.093801,1.596336,-5.961722,1.232150,0.536269,-2.305443,1.000000,1.000000,0.520000,0.300000,-0.400000,1.232150
814,-1.083805,1.605317,-5.984776,1.236874,0.548114,-2.317596,1.000000,1.000000,0.540000,0.300000,-0.400000,1.236874
815,-1.073594,1.614193,-6.007952,1.241253,0.560190,-2.329267,1.000000,1.000000,0.540000,0.300000,-0.400000,1.241253
816,-1.063171,1.622957,-6.031245,1.245282,0.572484,-2.340474,0.620000,1.000000,0.540000,0.100000,-0.400000,1.245282
817,-1.052539,1.631606,-6.054650,1.234955,0.584985,-2.351233,0.560000,1.000000,0.540000,0.100000,-0.400000,1.234955
818,-1.041835,1.640101,-6.078162,1.224269,0.597334,-2.361233,0.520000,1.000000,0.560000,0.100000,-0.300000,1.224269
819,-1.031065,1.648442,-6.101774,1.214195,0.609334,-2.378230,0.480000,1.000000,0.560000,0.100000,-0.300000,1.214195
820,-1.020222,1.656626,-6.125557,1.203730,0.621259,-2.394963,0.460000,1.000000,0.580000,0.100000,-0.300000,1.203730
821,-1.009309,1.664651,-6.149506,1.192874,0.633094,-2.411479,0.440000,1.000000,0.580000,0.100000,-0.300000,1.192874
822,-0.998331,1.672515,-6.173621,1.181626,0.644827,-2.427823,0.420000,1.000000,0.600000,0.100000,-0.300000,1.181626
823,-0.987290,1.680217,-6.197899,1.169986,0.656444,-2.444035,0.400000,1.000000,0.620000,0.100000,-0.200000,1.169986
824,-0.976192,1.687754,-6.222340,1.158935,0.667887,-2.462091,0.400000,1.000000,0.640000,0.100000,-0.200000,1.158935
825,-0.965030,1.695125,-6.246961,1.147480,0.679227,-2.480527,0.380000,1.000000,0.660000,0.100000,-0.100000,1.147480
826,-0.953809,1.702329,-6.271766,1.136592,0.690597,-2.493373,0.380000,1.000000,0.680000,0.100000,-0.100000,1.136592
827,-0.942523,1.709364,-6.296700,1.125332,0.701790,-2.507275,0.360000,1.000000,0.720000,0.100000,0.000000,1.125332
828,-0.931176,1.716229,-6.321772,1.114628,0.713170,-2.506776,0.360000,1.000000,0.760000,0.100000,0.000000,1.114628
829,-0.919762,1.722926,-6.346840,1.103644,0.724206,-2.508273,0.360000,1.000000,0.800000,0.100000,0.100000,1.103644
830,-0.908288,1.729451,-6.371923,1.093222,0.735547,-2.484815,0.340000,1.000000,0.860000,0.100000,0.200000,1.093222
831,-0.896747,1.735809,-6.396771,1.083370,0.747272,-2.422019,0.340000,1.000000,0.880000,0.100000,0.300000,1.083370
832,-0.885136,1.742005,-6.420991,1.074092,0.759384,-2.302442,0.340000,1.000000,0.860000,0.100000,0.200000,1.074092
833,-0.873454,1.748052,-6.444016,1.065093,0.768382,-2.250934,0.340000,1.000000,0.880000,0.100000,0.300000,1.065093
834,-0.861710,1.753931,-6.466525,1.056736,0.777850,-2.146617,0.340000,1.000000,0.960000,0.100000,0.400000,1.056736
835,-0.849901,1.759652,-6.487991,1.049016,0.787700,-1.970338,0.320000,1.000000,1.000000,0.100000,0.500000,1.049016
836,-0.838028,1.765231,-6.507695,1.041945,0.797610,-1.705033,0.320000,1.000000,1.000000,0.100000,0.500000,1.041945
837,-0.826095,1.770687,-6.524745,1.036981,0.804276,-1.454123,0.320000,1.000000,1.000000,0.100000,0.500000,1.036981
838,-0.814102,1.776016,-6.539286,1.034060,0.808003,-1.213936,0.320000,1.000000,1.000000,0.100000,0.500000,1.034060
839,-0.802052,1.781213,-6.551425,1.033123,0.809026,-0.981374,0.320000,1.000000,1.000000,0.100000,0.500000,1.033123
840,-0.789946,1.786276,-6.561239,1.034118,0.807524,-0.753769,0.340000,1.000000,1.000000,0.100000,0.500000,1.034118
841,-0.777785,1.791203,-6.568777,1.036996,0.803623,-0.528768,0.340000,0.980000,1.000000,0.100000,0.500000,1.036996
842,-0.765571,1.795992,-6.574065,1.041715,0.797409,-0.304230,0.340000,0.980000,1.000000,0.100000,0.500000,1.041715
843,-0.753305,1.800643,-6.577107,1.048232,0.788930,-0.078159,0.340000,0.980000,1.000000,0.100000,0.500000,1.048232
844,-0.740987,1.805158,-6.577888,1.056509,0.778201,0.151361,0.360000,0.980000,1.000000,0.100000,0.500000,1.056509
845,-0.728617,1.809535,-6.576375,1.066503,0.765202,0.386211,0.360000,1.000000,1.000000,0.100000,0.500000,1.066503
846,-0.716195,1.813779,-6.572513,1.078171,0.749884,0.628273,0.360000,1.000000,1.000000,0.100000,0.500000,1.078171
847,-0.703722,1.817890,-6.566230,1.091465,0.732167,0.879450,0.380000,1.000000,1.000000,0.100000,0.500000,1.091465
848,-0.691197,1.821872,-6.557436,1.106326,0.711941,1.141672,0.380000,1.000000,1.000000,0.100000,0.500000,1.106326
849,-0.678619,1.825729,-6.546019,1.122685,0.689063,1.416880,0.400000,1.000000,1.000000,0.100000,0.500000,1.122685
850,-0.665987,1.829466,-6.531850,1.140455,0.663360,1.706979,0.400000,1.000000,0.980000,0.100000,0.500000,1.140455
851,-0.653301,1.833089,-6.514780,1.159529,0.634628,2.013742,0.500000,1.000000,0.800000,0.100000,0.100000,1.159529
852,-0.640559,1.836604,-6.494643,1.180045,0.595201,2.020749,0.520000,1.000000,0.680000,0.100000,-0.100000,1.180045
853,-0.627772,1.839947,-6.474435,1.198020,0.554574,1.986723,0.540000,1.000000,0.640000,0.100000,-0.200000,1.198020
854,-0.614956,1.843114,-6.454568,1.214021,0.514097,1.943682,0.560000,1.000000,0.640000,0.100000,-0.200000,1.214021
855,-0.602117,1.846109,-6.435131,1.229010,0.474090,1.895419,0.580000,1.000000,0.620000,0.100000,-0.200000,1.229010
856,-0.589251,1.848935,-6.416177,1.243009,0.434701,1.840561,0.620000,1.000000,0.580000,0.100000,-0.300000,1.243009
857,-0.576354,1.851596,-6.397771,1.255058,0.396045,1.775018,0.640000,1.000000,0.520000,0.100000,-0.400000,1.255058
858,-0.563433,1.854095,-6.380021,1.265184,0.358499,1.702890,0.760000,1.000000,0.480000,0.100000,-0.500000,1.265184
859,-0.550494,1.856440,-6.362992,1.273462,0.322373,1.627562,0.800000,1.000000,0.440000,0.100000,-0.600000,1.273462
860,-0.537543,1.858638,-6.346717,1.280004,0.287914,1.551918,0.820000,1.000000,0.420000,0.200000,-0.600000,1.280004
861,-0.524586,1.860699,-6.331198,1.292782,0.254780,1.455796,0.860000,1.000000,0.380000,0.200000,-0.700000,1.292782
862,-0.511550,1.862623,-6.316640,1.303974,0.223727,1.359171,0.900000,1.000000,0.360000,0.200000,-0.700000,1.303974
863,-0.498443,1.864423,-6.303048,1.314509,0.194296,1.238532,0.920000,1.000000,0.340000,0.200000,-0.900000,1.314509
864,-0.485262,1.866105,-6.290663,1.322956,0.168166,1.150987,0.960000,1.000000,0.320000,0.200000,-0.900000,1.322956
865,-0.472020,1.867688,-6.279153,1.330936,0.143591,1.039572,1.000000,1.000000,0.320000,0.300000,-0.900000,1.330936
866,-0.458717,1.869177,-6.268757,1.345479,0.120883,0.905478,1.000000,1.000000,0.300000,0.300000,-0.900000,1.345479
867,-0.445281,1.870580,-6.259702,1.359629,0.100275,0.750213,1.000000,1.000000,0.300000,0.300000,-0.900000,1.359629
868,-0.431712,1.871902,-6.252200,1.373441,0.082039,0.576632,1.000000,1.000000,0.280000,0.300000,-1.000000,1.373441
869,-0.418009,1.873147,-6.246434,1.386361,0.067183,0.421492,1.000000,0.980000,0.280000,0.300000,-1.000000,1.386361
870,-0.404180,1.874328,-6.242219,1.399093,0.054653,0.254532,1.000000,0.980000,0.280000,0.300000,-1.000000,1.399093
871,-0.390223,1.875447,-6.239674,1.411682,0.044586,0.078990,1.000000,0.960000,0.280000,0.300000,-1.000000,1.411682
872,-0.376139,1.876506,-6.238884,1.424169,0.037079,-0.101860,1.000000,0.960000,0.260000,0.300000,-1.000000,1.424169
873,-0.361928,1.877508,-6.239902,1.436583,0.032186,-0.284808,1.000000,0.940000,0.260000,0.300000,-1.000000,1.436583
874,-0.347589,1.878451,-6.242750,1.448943,0.029916,-0.466773,1.000000,0.920000,0.260000,0.300000,-1.000000,1.448943
875,-0.333124,1.879335,-6.247418,1.461254,0.030242,-0.644869,1.000000,0.920000,0.260000,0.300000,-1.000000,1.461254
876,-0.318531,1.880160,-6.253867,1.473509,0.033095,-0.816446,1.000000,0.900000,0.260000,0.300000,-1.000000,1.473509
877,-0.303812,1.880923,-6.262031,1.485685,0.038374,-0.979145,1.000000,0.900000,0.280000,0.300000,-1.000000,1.485685
878,-0.288967,1.881621,-6.271823,1.497753,0.045945,-1.130927,1.000000,1.000000,0.280000,0.300000,-1.000000,1.497753
879,-0.273996,1.882250,-6.283132,1.509673,0.055647,-1.270114,1.000000,1.000000,0.280000,0.300000,-1.000000,1.509673
880,-0.258899,1.882808,-6.295833,1.521402,0.067299,-1.395409,1.000000,1.000000,0.300000,0.300000,-0.900000,1.521402
881,-0.243678,1.883288,-6.309787,1.533519,0.079928,-1.538860,1.000000,1.000000,0.300000,0.300000,-0.900000,1.533519
882,-0.228327,1.883679,-6.325176,1.545340,0.094602,-1.666771,1.000000,1.000000,0.320000,0.300000,-0.900000,1.545340
883,-0.212847,1.883976,-6.341843,1.556806,0.111098,-1.778577,1.000000,1.000000,0.320000,0.300000,-0.900000,1.556806
884,-0.197241,1.884172,-6.359629,1.567866,0.129184,-1.874108,0.940000,1.000000,0.300000,0.200000,-0.900000,1.567866
885,-0.181509,1.884263,-6.378370,1.571472,0.148626,-1.953551,0.920000,1.000000,0.280000,0.200000,-1.000000,1.571472
886,-0.165724,1.884249,-6.397906,1.573971,0.169820,-1.983378,0.880000,1.000000,0.260000,0.200000,-1.000000,1.573971
887,-0.149894,1.884134,-6.417740,1.575999,0.191211,-1.997774,0.760000,1.000000,0.260000,0.100000,-1.000000,1.575999
888,-0.134020,1.883915,-6.437717,1.570572,0.212573,-1.998010,0.720000,1.000000,0.280000,0.100000,-1.000000,1.570572
889,-0.118174,1.883598,-6.457697,1.564715,0.233546,-1.984657,0.700000,1.000000,0.320000,0.000000,-0.900000,1.564715
890,-0.102359,1.883181,-6.477544,1.552079,0.253150,-1.992794,0.680000,1.000000,0.360000,0.000000,-0.700000,1.552079
891,-0.086641,1.882667,-6.497472,1.540516,0.271077,-2.045226,0.660000,1.000000,0.420000,0.000000,-0.600000,1.540516
892,-0.071012,1.882040,-6.517924,1.529310,0.288874,-2.107680,0.640000,1.000000,0.480000,0.000000,-0.500000,1.529310
893,-0.055467,1.881293,-6.539001,1.518479,0.306856,-2.174396,0.620000,1.000000,0.600000,0.000000,-0.300000,1.518479
894,-0.039999,1.880419,-6.560745,1.509050,0.325470,-2.230125,0.600000,1.000000,0.680000,0.000000,-0.100000,1.509050
895,-0.024595,1.879414,-6.583046,1.500928,0.346150,-2.208530,0.580000,1.000000,0.680000,0.000000,-0.100000,1.500928
896,-0.009233,1.878288,-6.605132,1.492400,0.365951,-2.188721,0.560000,1.000000,0.660000,0.000000,-0.100000,1.492400
897,0.006082,1.877037,-6.627019,1.483489,0.384930,-2.170687,0.540000,1.000000,0.800000,0.000000,0.100000,1.483489
898,0.021347,1.875660,-6.648726,1.475281,0.407061,-1.986769,0.520000,1.000000,0.800000,0.000000,0.100000,1.475281
899,0.036580,1.874189,-6.668593,1.467394,0.425708,-1.819047,0.520000,1.000000,0.860000,0.000000,0.200000,1.467394
900,0.051778,1.872617,-6.686784,1.459765,0.444026,-1.546202,0.500000,1.000000,0.840000,0.000000,0.200000,1.459765
901,0.066946,1.870967,-6.702246,1.453123,0.457639,-1.293207,0.500000,1.000000,0.920000,0.000000,0.300000,1.453123
902,0.082082,1.869235,-6.715178,1.446855,0.469989,-0.929467,0.480000,1.000000,0.900000,0.000000,0.300000,1.446855
903,0.097189,1.867445,-6.724473,1.442281,0.476519,-0.585039,0.480000,1.000000,0.900000,0.000000,0.300000,1.442281
904,0.112266,1.865594,-6.730323,1.439394,0.477718,-0.255670,0.480000,1.000000,0.880000,0.000000,0.300000,1.439394
905,0.127310,1.863678,-6.732880,1.438140,0.473983,0.062452,0.480000,1.000000,0.880000,0.000000,0.300000,1.438140
906,0.142322,1.861695,-6.732255,1.438438,0.465627,0.372616,0.460000,1.000000,0.860000,0.000000,0.200000,1.438438
907,0.157302,1.859645,-6.728529,1.440698,0.450027,0.554755,0.460000,1.000000,0.840000,0.000000,0.200000,1.440698
908,0.172242,1.857500,-6.722981,1.443681,0.432105,0.738382,0.460000,1.000000,0.840000,0.000000,0.200000,1.443681
909,0.187145,1.855264,-6.715598,1.447312,0.411904,0.923943,0.480000,1.000000,0.820000,0.000000,0.200000,1.447312
910,0.202012,1.852938,-6.706358,1.451501,0.389463,1.111592,0.480000,1.000000,0.820000,0.000000,0.200000,1.451501
911,0.216846,1.850529,-6.695242,1.456148,0.364826,1.301121,0.480000,1.000000,0.800000,0.000000,0.100000,1.456148
912,0.231650,1.848040,-6.682231,1.461189,0.335392,1.378200,0.480000,1.000000,0.700000,0.000000,-0.100000,1.461189
913,0.246417,1.845453,-6.668449,1.464856,0.302150,1.310832,0.480000,1.000000,0.700000,0.000000,-0.100000,1.464856
914,0.261127,1.842748,-6.655341,1.467886,0.270499,1.235798,0.540000,1.000000,0.680000,0.000000,-0.100000,1.467886
915,0.275785,1.839930,-6.642983,1.470326,0.240602,1.152889,0.560000,1.000000,0.660000,0.000000,-0.100000,1.470326
916,0.290394,1.837005,-6.631454,1.472226,0.212614,1.062246,0.560000,1.000000,0.660000,0.000000,-0.100000,1.472226
917,0.304958,1.833980,-6.620831,1.473642,0.186671,0.964379,0.560000,1.000000,0.640000,0.000000,-0.200000,1.473642
918,0.319480,1.830859,-6.611188,1.473732,0.161599,0.805167,0.560000,1.000000,0.640000,0.000000,-0.200000,1.473732
919,0.333953,1.827641,-6.603136,1.473369,0.139476,0.637270,0.560000,1.000000,0.620000,0.000000,-0.200000,1.473369
920,0.348377,1.824331,-6.596763,1.472639,0.120384,0.462955,0.620000,1.000000,0.580000,0.000000,-0.300000,1.472639
921,0.362757,1.820934,-6.592134,1.470607,0.103435,0.245273,0.620000,1.000000,0.580000,0.000000,-0.300000,1.470607
922,0.377081,1.817448,-6.589681,1.468315,0.090039,0.023652,0.620000,1.000000,0.580000,0.000000,-0.300000,1.468315
923,0.391352,1.813876,-6.589444,1.465830,0.080157,-0.198728,0.620000,1.000000,0.580000,0.000000,-0.300000,1.465830
924,0.405570,1.810221,-6.591432,1.463199,0.073698,-0.418876,0.620000,1.000000,0.560000,0.000000,-0.300000,1.463199
925,0.419736,1.806484,-6.595620,1.460448,0.070525,-0.634090,0.600000,1.000000,0.560000,0.000000,-0.300000,1.460448
926,0.433850,1.802666,-6.601961,1.457581,0.070465,-0.842015,0.600000,1.000000,0.540000,0.000000,-0.400000,1.457581
927,0.447912,1.798767,-6.610381,1.453507,0.072700,-1.066937,0.580000,0.980000,0.540000,0.000000,-0.400000,1.453507
928,0.461910,1.794784,-6.621051,1.449261,0.077979,-1.280775,0.580000,1.000000,0.520000,0.000000,-0.400000,1.449261
929,0.475841,1.790716,-6.633859,1.444794,0.086053,-1.481671,0.560000,1.000000,0.580000,0.000000,-0.300000,1.444794
930,0.489706,1.786561,-6.648675,1.441123,0.097279,-1.641661,0.540000,1.000000,0.580000,0.000000,-0.300000,1.441123
931,0.503513,1.782319,-6.665092,1.437115,0.110376,-1.787984,0.520000,1.000000,0.560000,0.000000,-0.300000,1.437115
932,0.517260,1.777987,-6.682972,1.432710,0.125103,-1.920717,0.520000,1.000000,0.640000,0.000000,-0.200000,1.432710
933,0.530944,1.773563,-6.702179,1.428874,0.142392,-1.990387,0.500000,1.000000,0.620000,0.000000,-0.200000,1.428874
934,0.544576,1.769050,-6.722083,1.424571,0.160097,-2.051530,0.480000,1.000000,0.700000,0.000000,-0.100000,1.424571
935,0.558152,1.764446,-6.742598,1.420636,0.179901,-2.027969,0.460000,1.000000,0.680000,0.000000,-0.100000,1.420636
936,0.571683,1.759759,-6.762878,1.416306,0.198686,-2.004569,0.460000,1.000000,0.760000,0.000000,0.000000,1.416306
937,0.585165,1.754985,-6.782923,1.412152,0.218924,-1.878429,0.380000,1.000000,0.760000,0.000000,0.000000,1.412152
938,0.598608,1.750140,-6.801708,1.407870,0.236625,-1.762049,0.420000,1.000000,0.740000,0.000000,0.000000,1.407870
939,0.612009,1.745218,-6.819328,1.403531,0.252040,-1.654340,0.360000,1.000000,0.740000,0.000000,0.000000,1.403531
940,0.625362,1.740215,-6.835872,1.399193,0.265390,-1.554284,0.400000,1.000000,0.720000,0.000000,0.000000,1.399193
941,0.638664,1.735128,-6.851414,1.394901,0.276867,-1.460956,0.340000,1.000000,0.760000,0.000000,0.000000,1.394901
942,0.651911,1.729955,-6.866024,1.390690,0.286638,-1.373537,0.380000,1.000000,0.740000,0.000000,0.000000,1.390690
943,0.665100,1.724694,-6.879759,1.386588,0.294848,-1.291306,0.380000,1.000000,0.740000,0.000000,0.000000,1.386588
944,0.678227,1.719343,-6.892672,1.382616,0.301627,-1.213634,0.380000,1.000000,0.740000,0.000000,0.000000,1.382616
945,0.691291,1.713902,-6.904809,1.378793,0.307086,-1.139972,0.360000,1.000000,0.720000,0.000000,0.000000,1.378793
946,0.704288,1.708369,-6.916209,1.375130,0.311324,-1.069843,0.360000,1.000000,0.720000,0.000000,0.000000,1.375130
947,0.717216,1.702744,-6.926907,1.371637,0.314430,-1.002831,0.340000,1.000000,0.740000,0.000000,0.000000,1.371637
948,0.730075,1.697026,-6.936935,1.368324,0.316482,-0.938578,0.340000,1.000000,0.740000,0.000000,0.000000,1.368324
949,0.742861,1.691217,-6.946321,1.365193,0.317550,-0.876769,0.340000,1.000000,0.740000,0.000000,0.000000,1.365193
950,0.755575,1.685315,-6.955089,1.362250,0.317698,-0.817136,0.320000,1.000000,0.760000,0.000000,0.000000,1.362250
951,0.768214,1.679322,-6.963260,1.359496,0.316981,-0.759444,0.320000,1.000000,0.760000,0.000000,0.000000,1.359496
952,0.780777,1.673238,-6.970855,1.356931,0.315454,-0.703494,0.320000,1.000000,0.740000,0.000000,0.000000,1.356931
953,0.793265,1.667062,-6.977889,1.354554,0.313163,-0.649115,0.300000,1.000000,0.740000,0.000000,0.000000,1.354554
954,0.805676,1.660797,-6.984381,1.352365,0.310154,-0.596166,0.300000,1.000000,0.720000,0.000000,0.000000,1.352365
955,0.818010,1.654442,-6.990342,1.350360,0.306467,-0.544531,0.280000,1.000000,0.720000,0.000000,0.000000,1.350360
956,0.830267,1.647999,-6.995788,1.348535,0.302142,-0.494118,0.280000,0.980000,0.720000,0.000000,0.000000,1.348535
957,0.842446,1.641468,-7.000729,1.346887,0.297216,-0.444858,0.280000,0.980000,0.700000,0.000000,-0.100000,1.346887
958,0.854548,1.634851,-7.005177,1.344688,0.290115,-0.465527,0.260000,0.960000,0.700000,0.000000,-0.100000,1.344688
959,0.866557,1.628142,-7.009833,1.342468,0.283412,-0.486248,0.260000,0.960000,0.680000,0.000000,-0.100000,1.342468
960,0.878474,1.621341,-7.014695,1.340228,0.277103,-0.506983,0.260000,0.940000,0.680000,0.000000,-0.100000,1.340228
961,0.890298,1.614451,-7.019765,1.337968,0.271180,-0.527698,0.240000,0.940000,0.660000,0.000000,-0.100000,1.337968
962,0.902031,1.607472,-7.025042,1.335688,0.265638,-0.548352,0.240000,0.940000,0.700000,0.000000,-0.100000,1.335688
963,0.913673,1.600405,-7.030525,1.333390,0.260470,-0.568904,0.280000,0.920000,0.700000,0.000000,-0.100000,1.333390
964,0.925224,1.593253,-7.036214,1.331072,0.255666,-0.589312,0.220000,0.920000,0.680000,0.000000,-0.100000,1.331072
965,0.936684,1.586016,-7.042108,1.328735,0.251219,-0.609535,0.260000,0.900000,0.680000,0.000000,-0.100000,1.328735
966,0.948054,1.578695,-7.048203,1.326380,0.247117,-0.629530,0.260000,0.900000,0.660000,0.000000,-0.100000,1.326380
967,0.959333,1.571292,-7.054498,1.324005,0.243351,-0.649258,0.300000,0.900000,0.660000,0.000000,-0.100000,1.324005
968,0.970523,1.563807,-7.060991,1.321612,0.239908,-0.668678,0.240000,0.880000,0.660000,0.000000,-0.100000,1.321612
969,0.981622,1.556242,-7.067678,1.319198,0.236778,-0.687753,0.280000,0.880000,0.640000,0.000000,-0.200000,1.319198
970,0.992631,1.548598,-7.074555,1.315858,0.232774,-0.756640,0.280000,0.880000,0.640000,0.000000,-0.200000,1.315858
971,1.003536,1.540875,-7.082122,1.312393,0.229709,-0.824455,0.260000,0.860000,0.620000,0.000000,-0.200000,1.312393
972,1.014335,1.533072,-7.090366,1.308804,0.227544,-0.890897,0.260000,0.860000,0.660000,0.000000,-0.100000,1.308804
973,1.025030,1.525192,-7.099275,1.305991,0.227470,-0.902926,0.240000,0.860000,0.660000,0.000000,-0.100000,1.305991
974,1.035634,1.517236,-7.108304,1.303151,0.227517,-0.914405,0.280000,0.860000,0.660000,0.000000,-0.100000,1.303151
975,1.046147,1.509206,-7.117448,1.300286,0.227673,-0.925341,0.280000,0.840000,0.640000,0.000000,-0.200000,1.300286
976,1.056568,1.501103,-7.126702,1.296491,0.226696,-0.988428,0.260000,0.840000,0.640000,0.000000,-0.200000,1.296491
977,1.066881,1.492926,-7.136586,1.292567,0.226495,-1.049590,0.260000,0.840000,0.640000,0.000000,-0.200000,1.292567
978,1.077085,1.484675,-7.147082,1.288510,0.227024,-1.108656,0.260000,0.840000,0.620000,0.000000,-0.200000,1.288510
979,1.087180,1.476352,-7.158169,1.284314,0.228234,-1.165487,0.240000,0.840000,0.620000,0.000000,-0.200000,1.284314
980,1.097164,1.467957,-7.169823,1.279977,0.230076,-1.219983,0.240000,0.840000,0.620000,0.000000,-0.200000,1.279977
981,1.107037,1.459492,-7.182023,1.275491,0.232502,-1.272076,0.220000,0.840000,0.620000,0.000000,-0.200000,1.275491
982,1.116797,1.450958,-7.194744,1.270854,0.235463,-1.321732,0.260000,0.840000,0.600000,0.000000,-0.300000,1.270854
983,1.126442,1.442354,-7.207961,1.265054,0.238290,-1.395549,0.260000,0.840000,0.600000,0.000000,-0.300000,1.265054
984,1.135961,1.433688,-7.221917,1.259039,0.241892,-1.466037,0.240000,0.900000,0.600000,0.100000,-0.300000,1.259039
985,1.145351,1.424959,-7.236577,1.259802,0.246203,-1.533089,0.240000,0.920000,0.600000,0.100000,-0.300000,1.259802
986,1.154652,1.416112,-7.251908,1.260332,0.251291,-1.597273,0.220000,0.920000,0.600000,0.100000,-0.300000,1.260332
987,1.163861,1.407148,-7.267881,1.260619,0.257107,-1.658509,0.220000,0.940000,0.600000,0.100000,-0.300000,1.260619
988,1.172975,1.398068,-7.284466,1.260649,0.263602,-1.716757,0.220000,0.940000,0.600000,0.100000,-0.300000,1.260649
989,1.181993,1.388872,-7.301633,1.260411,0.270730,-1.772018,0.200000,0.960000,0.580000,0.100000,-0.300000,1.260411
990,1.190911,1.379563,-7.319354,1.259894,0.278442,-1.824325,0.200000,0.960000,0.580000,0.100000,-0.300000,1.259894
991,1.199726,1.370141,-7.337597,1.259085,0.286691,-1.873738,0.180000,0.980000,0.580000,0.100000,-0.300000,1.259085
992,1.208436,1.360607,-7.356334,1.257976,0.295434,-1.920343,0.180000,1.000000,0.580000,0.100000,-0.300000,1.257976
993,1.217037,1.350964,-7.375538,1.256555,0.304627,-1.964244,0.180000,1.000000,0.580000,0.100000,-0.300000,1.256555
994,1.225526,1.341212,-7.395180,1.254814,0.314228,-2.005559,0.160000,1.000000,0.600000,0.100000,-0.300000,1.254814
995,1.233901,1.331353,-7.415236,1.252744,0.324197,-2.044418,0.960000,1.000000,0.600000,0.300000,-0.300000,1.252744
996,1.242158,1.321389,-7.435680,1.264337,0.334498,-2.080959,0.660000,1.000000,0.600000,0.000000,-0.300000,1.264337
997,1.250350,1.311195,-7.456489,1.254588,0.345424,-2.116175,0.660000,1.000000,0.600000,0.100000,-0.300000,1.254588
998,1.258392,1.300964,-7.477651,1.251478,0.356456,-2.148855,0.660000,1.000000,0.600000,0.100000,-0.300000,1.251478
999,1.266306,1.290635,-7.499140,1.248008,0.367722,-2.179602,0.640000,1.000000,0.600000,0.100000,-0.300000,1.248008
