step,x,y,mu,vx,vy,omega,lidar_l,lidar_c,lidar_r,throttle,steering,reward
0,1.662705,0.507567,0.448499,0.000000,0.000000,0.000000,0.120000,0.140000,0.120000,0.100000,-0.800000,0.000000
1,1.662705,0.507567,0.448499,0.007000,0.000000,0.000000,0.120000,0.140000,0.120000,0.100000,-0.800000,0.007000
2,1.662768,0.507597,0.448499,0.014000,0.000000,0.000000,0.120000,0.140000,0.120000,0.100000,-0.800000,0.014000
3,1.662894,0.507658,0.448499,0.013994,-0.006805,-0.291038,0.120000,0.140000,0.120000,0.100000,-0.800000,0.013994
4,1.663050,0.507658,0.445589,0.021638,-0.011577,-0.001296,0.120000,0.140000,0.120000,0.100000,-0.800000,0.021638
5,1.663295,0.507646,0.445576,0.023458,-0.008918,-0.590751,0.120000,0.140000,0.120000,0.100000,-0.800000,0.023458
6,1.663545,0.507667,0.439668,0.031345,-0.015456,-0.191701,0.120000,0.140000,0.120000,0.100000,-0.800000,0.031345
7,1.663894,0.507660,0.437751,0.034349,-0.012729,-0.679022,0.120000,0.140000,0.120000,0.100000,-0.800000,0.034349
8,1.664259,0.507691,0.430961,0.040474,-0.019915,-0.403263,0.120000,0.120000,0.120000,0.100000,-0.800000,0.040474
9,1.664710,0.507679,0.426928,0.044705,-0.017785,-0.752051,0.120000,0.120000,0.120000,0.100000,-0.800000,0.044705
10,1.665191,0.507702,0.419408,0.050201,-0.023649,-0.595721,0.120000,0.120000,0.120000,0.100000,-0.800000,0.050201
11,1.665746,0.507691,0.413450,0.054882,-0.023133,-0.824630,0.120000,0.120000,0.120000,0.100000,-0.800000,0.054882
12,1.666341,0.507699,0.405204,0.060103,-0.027043,-0.787303,0.120000,0.120000,0.120000,0.100000,-0.800000,0.060103
13,1.667000,0.507688,0.397331,0.065025,-0.028190,-0.911812,0.120000,0.120000,0.120000,0.100000,-0.800000,0.065025
14,1.667709,0.507679,0.388213,0.070112,-0.030699,-0.953550,0.120000,0.120000,0.120000,0.100000,-0.800000,0.070112
15,1.668474,0.507661,0.378678,0.075143,-0.032602,-1.029249,0.120000,0.120000,0.120000,0.100000,-0.800000,0.075143
16,1.669293,0.507635,0.368385,0.080203,-0.034658,-1.093598,0.120000,0.120000,0.120000,0.100000,-0.800000,0.080203
17,1.670166,0.507601,0.357449,0.085265,-0.036640,-1.160154,0.120000,0.120000,0.120000,0.100000,-0.800000,0.085265
18,1.671093,0.507556,0.345848,0.090335,-0.038596,-1.225866,0.120000,0.120000,0.120000,0.100000,-0.800000,0.090335
19,1.672073,0.507499,0.333589,0.095413,-0.040516,-1.291172,0.120000,0.120000,0.120000,0.100000,-0.800000,0.095413
20,1.673108,0.507429,0.320677,0.100498,-0.042400,-1.356002,0.120000,0.120000,0.120000,0.100000,-0.800000,0.100498
21,1.674195,0.507343,0.307117,0.105590,-0.044245,-1.420331,0.120000,0.120000,0.140000,0.100000,-0.800000,0.105590
22,1.675335,0.507241,0.292914,0.110688,-0.046049,-1.484131,0.100000,0.120000,0.140000,0.100000,-0.800000,0.110688
23,1.676528,0.507119,0.278072,0.115792,-0.047811,-1.547373,0.100000,0.120000,0.140000,0.100000,-0.800000,0.115792
24,1.677773,0.506977,0.262599,0.120902,-0.049529,-1.610028,0.100000,0.120000,0.120000,0.100000,-0.800000,0.120902
25,1.679069,0.506813,0.246498,0.126017,-0.051200,-1.672068,0.100000,0.100000,0.120000,0.100000,-0.800000,0.126017
26,1.680416,0.506624,0.229778,0.131136,-0.052823,-1.733461,0.100000,0.100000,0.120000,0.100000,-0.800000,0.131136
27,1.681813,0.506408,0.212443,0.136259,-0.054396,-1.794178,0.100000,0.100000,0.120000,0.100000,-0.800000,0.136259
28,1.683260,0.506164,0.194501,0.141385,-0.055916,-1.854190,0.100000,0.100000,0.120000,0.100000,-0.800000,0.141385
29,1.684755,0.505888,0.175960,0.146512,-0.057383,-1.913465,0.100000,0.100000,0.120000,0.100000,-0.800000,0.146512
30,1.686298,0.505580,0.156825,0.151639,-0.058795,-1.971973,0.100000,0.100000,0.120000,0.100000,-0.800000,0.151639
31,1.687887,0.505236,0.137105,0.156766,-0.060149,-2.029683,0.100000,0.100000,0.120000,0.100000,-0.800000,0.156766
32,1.689523,0.504855,0.116808,0.161891,-0.061444,-2.086566,0.100000,0.100000,0.100000,0.100000,-0.800000,0.161891
33,1.691202,0.504433,0.095943,0.167012,-0.062678,-2.142589,0.100000,0.100000,0.100000,0.100000,-0.800000,0.167012
34,1.692925,0.503969,0.074517,0.172128,-0.063850,-2.197723,0.100000,0.100000,0.100000,0.100000,-0.800000,0.172128
35,1.694689,0.503460,0.052540,0.177238,-0.064958,-2.251936,0.100000,0.100000,0.100000,0.100000,-0.800000,0.177238
36,1.696493,0.502905,0.030020,0.182340,-0.066001,-2.305200,0.100000,0.100000,0.100000,0.100000,-0.800000,0.182340
37,1.698335,0.502300,0.006968,0.187431,-0.066977,-2.357483,0.100000,0.100000,0.100000,0.100000,-0.800000,0.187431
38,1.700214,0.501643,-0.016607,0.192511,-0.067884,-2.408756,0.100000,0.080000,0.100000,0.100000,-0.800000,0.192511
39,1.702128,0.500932,-0.040694,0.197576,-0.068723,-2.458989,0.100000,0.080000,0.100000,0.100000,-0.800000,0.197576
40,1.704074,0.500165,-0.065284,0.202626,-0.069491,-2.508155,0.100000,0.080000,0.080000,0.100000,-0.800000,0.202626
41,1.706050,0.499340,-0.090366,0.207657,-0.070187,-2.556225,0.100000,0.080000,0.080000,0.100000,-0.800000,0.207657
42,1.708055,0.498453,-0.115928,0.212668,-0.070810,-2.603171,0.100000,0.080000,0.080000,0.100000,-0.800000,0.212668
43,1.710086,0.497504,-0.141960,0.217657,-0.071361,-2.648968,0.100000,0.080000,0.080000,0.100000,-0.800000,0.217657
44,1.712139,0.496490,-0.168449,0.222620,-0.071837,-2.693590,0.100000,0.080000,0.080000,0.100000,-0.800000,0.222620
45,1.714214,0.495408,-0.195385,0.227555,-0.072238,-2.737012,0.100000,0.080000,0.080000,0.100000,-0.800000,0.227555
46,1.716306,0.494258,-0.222755,0.232461,-0.072564,-2.779210,0.080000,0.080000,0.080000,0.100000,-0.800000,0.232461
47,1.718412,0.493037,-0.250547,0.237334,-0.072814,-2.820164,0.080000,0.080000,0.080000,0.100000,-0.800000,0.237334
48,1.720531,0.491743,-0.278749,0.242172,-0.072989,-2.859850,0.080000,0.080000,0.080000,0.100000,-0.800000,0.242172
49,1.722659,0.490375,-0.307348,0.246973,-0.073087,-2.898251,0.080000,0.080000,0.080000,0.100000,-0.800000,0.246973
50,1.724791,0.488931,-0.336330,0.251733,-0.073110,-2.935349,0.080000,0.080000,0.080000,0.100000,-0.800000,0.251733
51,1.726926,0.487410,-0.365684,0.256450,-0.073057,-2.971125,0.080000,0.080000,0.060000,0.100000,-0.800000,0.256450
52,1.729060,0.485811,-0.395395,0.261122,-0.072928,-3.005567,0.080000,0.080000,0.060000,0.100000,-0.800000,0.261122
53,1.731189,0.484132,-0.425451,0.265746,-0.072725,-3.038661,0.080000,0.080000,0.060000,0.100000,-0.800000,0.265746
54,1.733309,0.482373,-0.455837,0.270319,-0.072448,-3.070396,0.080000,0.060000,0.060000,0.100000,-0.800000,0.270319
55,1.735418,0.480532,-0.486541,0.274838,-0.072098,-3.100763,0.080000,0.060000,0.060000,0.100000,-0.800000,0.274838
56,1.737510,0.478610,-0.517549,0.279302,-0.071676,-3.129754,0.080000,0.060000,0.060000,0.100000,-0.800000,0.279302
57,1.739583,0.476605,-0.548846,0.283707,-0.071182,-3.157364,0.080000,0.060000,0.060000,0.100000,-0.800000,0.283707
58,1.741632,0.474518,-0.580420,0.288052,-0.070620,-3.183590,0.080000,0.060000,0.060000,0.100000,-0.800000,0.288052
59,1.743653,0.472348,-0.612256,0.292333,-0.069989,-3.208430,0.080000,0.060000,0.060000,0.100000,-0.800000,0.292333
60,1.745643,0.470095,-0.644340,0.296549,-0.069292,-3.231887,0.080000,0.060000,0.060000,0.100000,-0.800000,0.296549
61,1.747598,0.467759,-0.676659,0.300697,-0.068531,-3.253962,0.100000,0.060000,0.060000,0.100000,-0.800000,0.300697
62,1.749513,0.465342,-0.709199,0.304776,-0.067707,-3.274661,0.100000,0.060000,0.060000,0.100000,-0.800000,0.304776
63,1.751385,0.462844,-0.741945,0.308782,-0.066823,-3.293991,0.100000,0.060000,0.060000,0.100000,-0.800000,0.308782
64,1.753210,0.460264,-0.774885,0.312715,-0.065881,-3.311963,0.100000,0.060000,0.060000,0.100000,-0.800000,0.312715
65,1.754983,0.457606,-0.808005,0.316572,-0.064884,-3.328586,0.100000,0.060000,0.060000,0.100000,-0.800000,0.316572
66,1.756702,0.454869,-0.841291,0.320351,-0.063834,-3.343876,0.100000,0.060000,0.040000,0.100000,-0.800000,0.320351
67,1.758361,0.452055,-0.874729,0.324052,-0.062734,-3.357847,0.100000,0.060000,0.040000,0.100000,-0.800000,0.324052
68,1.759957,0.449166,-0.908308,0.327673,-0.061586,-3.370517,0.120000,0.060000,0.040000,0.100000,-0.800000,0.327673
69,1.761487,0.446204,-0.942013,0.331211,-0.060394,-3.381907,0.120000,0.060000,0.040000,0.100000,-0.800000,0.331211
70,1.762947,0.443170,-0.975832,0.334668,-0.059161,-3.392037,0.140000,0.060000,0.040000,0.100000,-0.800000,0.334668
71,1.764333,0.440067,-1.009752,0.338040,-0.057890,-3.400930,0.140000,0.060000,0.040000,0.100000,-0.800000,0.338040
72,1.765641,0.436897,-1.043762,0.341328,-0.056584,-3.408612,0.160000,0.060000,0.040000,0.100000,-0.800000,0.341328
73,1.766869,0.433662,-1.077848,0.344531,-0.055246,-3.415109,1.000000,0.060000,0.040000,0.100000,-0.800000,0.344531
74,1.768012,0.430366,-1.111999,0.347648,-0.053880,-3.420449,1.000000,0.060000,0.040000,0.100000,-0.800000,0.347648
75,1.769069,0.427010,-1.146203,0.350679,-0.052488,-3.424662,1.000000,0.080000,0.040000,0.100000,-0.800000,0.350679
76,1.770035,0.423598,-1.180450,0.353623,-0.051075,-3.427779,1.000000,0.080000,0.040000,0.100000,-0.800000,0.353623
77,1.770909,0.420134,-1.214728,0.356482,-0.049643,-3.429833,1.000000,0.080000,0.040000,0.100000,-0.800000,0.356482
78,1.771686,0.416619,-1.249026,0.359254,-0.048197,-3.430856,1.000000,0.080000,0.040000,0.100000,-0.800000,0.359254
79,1.772365,0.413059,-1.283335,0.361941,-0.046739,-3.430883,1.000000,0.080000,0.040000,0.100000,-0.800000,0.361941
80,1.772943,0.409455,-1.317644,0.364542,-0.045273,-3.429950,1.000000,0.100000,0.040000,0.100000,-0.800000,0.364542
81,1.773418,0.405813,-1.351943,0.367058,-0.043802,-3.428094,1.000000,0.100000,0.040000,0.100000,-0.800000,0.367058
82,1.773787,0.402135,-1.386224,0.369490,-0.042329,-3.425351,1.000000,0.120000,0.060000,0.100000,-0.800000,0.369490
83,1.774049,0.398425,-1.420477,0.371839,-0.040857,-3.421760,0.920000,0.140000,0.060000,0.100000,-0.800000,0.371839
84,1.774202,0.394687,-1.454695,0.374106,-0.039391,-3.417358,0.780000,1.000000,0.060000,0.100000,0.100000,0.374106
85,1.774244,0.390926,-1.488869,0.381578,-0.023370,-2.789408,0.800000,1.000000,0.060000,0.100000,0.100000,0.381578
86,1.774323,0.387104,-1.516763,0.388428,-0.009921,-2.206358,0.760000,1.000000,0.060000,0.100000,0.100000,0.388428
87,1.774434,0.383220,-1.538826,0.394940,0.000863,-1.681330,0.720000,1.000000,0.060000,0.100000,0.100000,0.394940
88,1.774569,0.379273,-1.555640,0.401330,0.009021,-1.224560,0.680000,1.000000,0.060000,0.100000,0.100000,0.401330
89,1.774720,0.375261,-1.567885,0.407739,0.014773,-0.839934,0.660000,1.000000,0.060000,0.100000,0.100000,0.407739
90,1.774879,0.371184,-1.576285,0.414239,0.018490,-0.524300,0.660000,1.000000,0.060000,0.100000,0.100000,0.414239
91,1.775042,0.367041,-1.581528,0.420851,0.020606,-0.269745,0.660000,1.000000,0.080000,0.100000,0.100000,0.420851
92,1.775202,0.362830,-1.584225,0.427568,0.021533,-0.066576,0.660000,1.000000,0.080000,0.100000,0.100000,0.427568
93,1.775360,0.358552,-1.584891,0.434372,0.021612,0.094671,0.660000,1.000000,0.060000,0.100000,0.100000,0.434372
94,1.775515,0.354206,-1.583944,0.441241,0.021110,0.222339,0.660000,1.000000,0.060000,0.100000,0.100000,0.441241
95,1.775668,0.349791,-1.581721,0.448156,0.020223,0.323407,0.660000,1.000000,0.060000,0.100000,0.100000,0.448156
96,1.775822,0.345308,-1.578487,0.455099,0.019093,0.403557,0.640000,1.000000,0.060000,0.100000,0.100000,0.455099
97,1.775978,0.340755,-1.574451,0.462058,0.017819,0.467335,0.640000,1.000000,0.060000,0.100000,0.100000,0.462058
98,1.776139,0.336134,-1.569778,0.469024,0.016473,0.518338,0.660000,1.000000,0.060000,0.100000,0.100000,0.469024
99,1.776308,0.331444,-1.564594,0.475989,0.015100,0.559392,0.660000,1.000000,0.060000,0.100000,0.100000,0.475989
100,1.776489,0.326685,-1.559000,0.482948,0.013733,0.592705,0.680000,1.000000,0.060000,0.100000,0.100000,0.482948
101,1.776683,0.321858,-1.553073,0.489899,0.012391,0.620000,0.700000,1.000000,0.060000,0.100000,0.100000,0.489899
102,1.776894,0.316961,-1.546873,0.496838,0.011086,0.642614,0.700000,1.000000,0.060000,0.100000,0.100000,0.496838
103,1.777124,0.311997,-1.540447,0.503764,0.009823,0.661587,0.720000,1.000000,0.060000,0.100000,0.100000,0.503764
104,1.777375,0.306965,-1.533831,0.510677,0.008606,0.677726,0.740000,1.000000,0.060000,0.100000,0.100000,0.510677
105,1.777649,0.301865,-1.527054,0.517575,0.007433,0.691657,0.720000,1.000000,0.060000,0.100000,0.100000,0.517575
106,1.777950,0.296697,-1.520138,0.524460,0.006302,0.703868,0.720000,1.000000,0.060000,0.100000,0.100000,0.524460
107,1.778278,0.291463,-1.513099,0.531330,0.005209,0.714736,0.720000,1.000000,0.060000,0.100000,0.100000,0.531330
108,1.778637,0.286161,-1.505951,0.538186,0.004152,0.724555,0.700000,1.000000,0.060000,0.100000,0.100000,0.538186
109,1.779027,0.280793,-1.498706,0.545028,0.003124,0.733554,0.700000,1.000000,0.060000,0.100000,0.100000,0.545028
110,1.779451,0.275359,-1.491370,0.551856,0.002123,0.741911,0.700000,1.000000,0.040000,0.100000,0.100000,0.551856
111,1.779910,0.269860,-1.483951,0.558671,0.001144,0.749763,0.720000,1.000000,0.040000,0.100000,0.100000,0.558671
112,1.780406,0.264295,-1.476454,0.565473,0.000183,0.757218,0.740000,1.000000,0.040000,0.100000,0.100000,0.565473
113,1.780940,0.258666,-1.468881,0.572261,-0.000765,0.764359,0.760000,1.000000,0.040000,0.100000,0.100000,0.572261
114,1.781515,0.252972,-1.461238,0.579036,-0.001702,0.771249,0.800000,1.000000,0.040000,0.100000,0.100000,0.579036
115,1.782131,0.247215,-1.453525,0.585798,-0.002632,0.777940,0.820000,1.000000,0.040000,0.100000,0.100000,0.585798
116,1.782790,0.241394,-1.445746,0.592547,-0.003557,0.784468,0.840000,1.000000,0.120000,0.100000,0.100000,0.592547
117,1.783494,0.235510,-1.437901,0.599283,-0.004482,0.790863,0.880000,1.000000,0.120000,0.100000,0.100000,0.599283
118,1.784244,0.229564,-1.429993,0.606007,-0.005407,0.797147,0.920000,1.000000,0.120000,0.100000,0.100000,0.606007
119,1.785041,0.223557,-1.422021,0.612717,-0.006336,0.803337,1.000000,1.000000,0.120000,0.100000,0.100000,0.612717
120,1.785886,0.217488,-1.413988,0.619414,-0.007270,0.809446,1.000000,1.000000,0.120000,0.100000,0.100000,0.619414
121,1.786782,0.211358,-1.405893,0.626099,-0.008212,0.815483,1.000000,1.000000,0.120000,0.100000,0.100000,0.626099
122,1.787728,0.205169,-1.397739,0.632770,-0.009162,0.821453,1.000000,1.000000,0.100000,0.100000,0.100000,0.632770
123,1.788728,0.198920,-1.389524,0.639427,-0.010122,0.827363,1.000000,0.940000,0.100000,0.100000,0.000000,0.639427
124,1.789781,0.192612,-1.381250,0.646309,-0.014128,0.703429,1.000000,0.940000,0.100000,0.100000,0.000000,0.646309
125,1.790860,0.186238,-1.374216,0.653174,-0.017043,0.596523,1.000000,0.940000,0.100000,0.100000,0.000000,0.653174
126,1.791969,0.179799,-1.368251,0.660036,-0.019069,0.504371,1.000000,0.940000,0.100000,0.100000,0.000000,0.660036
127,1.793110,0.173295,-1.363207,0.666902,-0.020375,0.424984,1.000000,0.920000,0.100000,0.100000,0.000000,0.666902
128,1.794285,0.166727,-1.358957,0.673778,-0.021101,0.356644,1.000000,0.920000,0.100000,0.100000,0.000000,0.673778
129,1.795495,0.160096,-1.355391,0.680664,-0.021367,0.297875,1.000000,0.920000,0.100000,0.100000,0.000000,0.680664
130,1.796741,0.153401,-1.352412,0.687561,-0.021269,0.247409,1.000000,0.920000,0.080000,0.100000,0.000000,0.687561
131,1.798023,0.146642,-1.349938,0.694468,-0.020889,0.204150,1.000000,0.900000,0.080000,0.100000,0.000000,0.694468
132,1.799341,0.139820,-1.347897,0.701384,-0.020292,0.167150,1.000000,0.900000,0.080000,0.100000,0.000000,0.701384
133,1.800693,0.132935,-1.346225,0.708308,-0.019535,0.135584,1.000000,0.900000,0.080000,0.100000,0.000000,0.708308
134,1.802080,0.125987,-1.344869,0.715239,-0.018662,0.108731,1.000000,0.900000,0.080000,0.100000,0.000000,0.715239
135,1.803500,0.118974,-1.343782,0.722175,-0.017710,0.085965,1.000000,0.880000,0.080000,0.100000,0.000000,0.722175
136,1.804953,0.111898,-1.342922,0.729115,-0.016710,0.066735,1.000000,0.880000,0.080000,0.100000,0.000000,0.729115
137,1.806438,0.104757,-1.342255,0.736058,-0.015685,0.050561,1.000000,0.880000,0.080000,0.100000,0.000000,0.736058
138,1.807952,0.097553,-1.341749,0.743004,-0.014655,0.037022,1.000000,0.860000,0.080000,0.100000,-0.100000,0.743004
139,1.809497,0.090283,-1.341379,0.749705,-0.016661,-0.103720,1.000000,0.860000,0.060000,0.100000,-0.100000,0.749705
140,1.811039,0.082945,-1.342416,0.756450,-0.017512,-0.228519,1.000000,0.860000,0.060000,0.100000,-0.100000,0.756450
141,1.812581,0.075537,-1.344701,0.763234,-0.017399,-0.338821,1.000000,0.860000,0.060000,0.100000,-0.100000,0.763234
142,1.814123,0.068060,-1.348090,0.770047,-0.016489,-0.436036,1.000000,0.840000,0.060000,0.100000,-0.100000,0.770047
143,1.815663,0.060513,-1.352450,0.776878,-0.014930,-0.521498,1.000000,0.840000,0.140000,0.100000,-0.100000,0.776878
144,1.817200,0.052897,-1.357665,0.783717,-0.012846,-0.596452,1.000000,0.840000,0.140000,0.100000,-0.100000,0.783717
145,1.818732,0.045210,-1.363630,0.790554,-0.010344,-0.662047,1.000000,0.820000,0.140000,0.100000,-0.100000,0.790554
146,1.820257,0.037452,-1.370250,0.797378,-0.007513,-0.719337,1.000000,0.820000,0.140000,0.100000,-0.100000,0.797378
147,1.821772,0.029623,-1.377443,0.804181,-0.004430,-0.769281,1.000000,0.800000,0.140000,0.100000,-0.200000,0.804181
148,1.823273,0.021722,-1.385136,0.810227,-0.003733,-0.922870,1.000000,0.800000,0.140000,0.100000,-0.200000,0.810227
149,1.824732,0.013753,-1.394365,0.816293,-0.001878,-1.060859,1.000000,0.800000,0.140000,0.100000,-0.200000,0.816293
150,1.826147,0.005713,-1.404973,0.822354,0.000961,-1.184221,1.000000,0.860000,0.120000,0.100000,-0.100000,0.822354
151,1.827514,-0.002396,-1.416816,0.829104,0.007250,-1.181868,1.000000,0.900000,0.220000,0.100000,0.000000,0.829104
152,1.828857,-0.010578,-1.428634,0.835959,0.016187,-1.047868,1.000000,0.940000,0.220000,0.100000,0.000000,0.835959
153,1.830201,-0.018830,-1.439113,0.842730,0.023448,-0.926751,1.000000,0.920000,0.220000,0.100000,0.000000,0.842730
154,1.831540,-0.027154,-1.448381,0.849452,0.029251,-0.817559,1.000000,0.920000,0.220000,0.100000,0.000000,0.849452
155,1.832868,-0.035549,-1.456556,0.856151,0.033796,-0.719248,1.000000,0.900000,0.220000,0.100000,0.000000,0.856151
156,1.834180,-0.044016,-1.463749,0.862846,0.037256,-0.630796,1.000000,0.900000,0.220000,0.100000,0.000000,0.862846
157,1.835472,-0.052555,-1.470057,0.869547,0.039786,-0.551256,1.000000,0.920000,0.320000,0.100000,0.000000,0.869547
158,1.836742,-0.061167,-1.475569,0.876263,0.041520,-0.479769,1.000000,0.960000,0.320000,0.100000,0.000000,0.876263
159,1.837989,-0.069850,-1.480367,0.882998,0.042576,-0.415570,1.000000,1.000000,0.320000,0.100000,0.100000,0.882998
160,1.839210,-0.078606,-1.484523,0.889556,0.046113,-0.227304,1.000000,1.000000,0.320000,0.100000,0.100000,0.889556
161,1.840436,-0.087428,-1.486796,0.896213,0.047820,-0.056848,1.000000,0.980000,0.400000,0.100000,0.100000,0.896213
162,1.841665,-0.096319,-1.487364,0.902968,0.047956,0.097072,1.000000,0.980000,0.400000,0.100000,0.100000,0.902968
163,1.842895,-0.105277,-1.486393,0.909810,0.046755,0.235689,1.000000,0.960000,0.300000,0.100000,0.000000,0.909810
164,1.844128,-0.114303,-1.484036,0.916850,0.041361,0.229094,1.000000,0.960000,0.400000,0.100000,0.000000,0.916850
165,1.845334,-0.123402,-1.481745,0.923873,0.036404,0.221236,1.000000,0.960000,0.400000,0.100000,0.000000,0.923873
166,1.846519,-0.132571,-1.479533,0.930881,0.031864,0.212399,1.000000,0.920000,0.400000,0.100000,0.000000,0.930881
167,1.847684,-0.141812,-1.477409,0.937874,0.027719,0.202837,1.000000,0.880000,0.380000,0.100000,0.000000,0.937874
168,1.848835,-0.151124,-1.475381,0.944855,0.023946,0.192771,1.000000,0.860000,0.380000,0.100000,-0.100000,0.944855
169,1.849974,-0.160507,-1.473453,0.951443,0.017681,0.060851,1.000000,0.840000,0.380000,0.100000,-0.100000,0.951443
170,1.851074,-0.169959,-1.472845,0.958023,0.013012,-0.062596,1.000000,0.820000,0.380000,0.100000,-0.100000,0.958023
171,1.852141,-0.179481,-1.473470,0.964606,0.009780,-0.177298,1.000000,0.820000,0.380000,0.100000,-0.100000,0.964606
172,1.853175,-0.189072,-1.475243,0.971197,0.007829,-0.283249,1.000000,0.820000,0.380000,0.100000,-0.100000,0.971197
173,1.854180,-0.198732,-1.478076,0.977797,0.007011,-0.380625,1.000000,0.840000,0.380000,0.100000,-0.100000,0.977797
174,1.855155,-0.208462,-1.481882,0.984402,0.007189,-0.469728,1.000000,0.860000,0.380000,0.100000,-0.100000,0.984402
175,1.856101,-0.218260,-1.486579,0.991005,0.008233,-0.550939,1.000000,0.880000,0.380000,0.100000,0.000000,0.991005
176,1.857016,-0.228128,-1.492089,0.997876,0.013027,-0.496380,1.000000,0.880000,0.380000,0.100000,0.000000,0.997876
177,1.857931,-0.238066,-1.497053,1.004726,0.017020,-0.445754,1.000000,0.860000,0.380000,0.100000,-0.100000,1.004726
178,1.858841,-0.248073,-1.501510,1.011254,0.017338,-0.525545,1.000000,0.860000,0.380000,0.100000,-0.100000,1.011254
179,1.859714,-0.258150,-1.506766,1.017772,0.018455,-0.598569,1.000000,0.840000,0.380000,0.100000,-0.100000,1.017772
180,1.860549,-0.268295,-1.512751,1.024271,0.020270,-0.665159,1.000000,0.840000,0.400000,0.100000,-0.100000,1.024271
181,1.861346,-0.278508,-1.519403,1.030746,0.022687,-0.725678,1.000000,0.820000,0.400000,0.100000,-0.100000,1.030746
182,1.862102,-0.288791,-1.526660,1.037188,0.025621,-0.780505,1.000000,0.820000,0.400000,0.100000,-0.100000,1.037188
183,1.862815,-0.299141,-1.534465,1.043589,0.028995,-0.830027,1.000000,0.820000,0.400000,0.100000,-0.100000,1.043589
184,1.863484,-0.309560,-1.542765,1.049944,0.032740,-0.874630,1.000000,0.880000,0.420000,0.100000,0.000000,1.049944
185,1.864106,-0.320046,-1.551511,1.056564,0.039744,-0.788525,1.000000,0.880000,0.420000,0.100000,0.000000,1.056564
186,1.864707,-0.330602,-1.559397,1.063155,0.045507,-0.708766,1.000000,0.860000,0.440000,0.100000,-0.100000,1.063155
187,1.865283,-0.341227,-1.566484,1.069374,0.047281,-0.758165,1.000000,0.860000,0.440000,0.100000,-0.100000,1.069374
188,1.865802,-0.351919,-1.574066,1.075556,0.049536,-0.803505,1.000000,0.840000,0.440000,0.100000,-0.100000,1.075556
189,1.866262,-0.362676,-1.582101,1.081695,0.052210,-0.845001,1.000000,0.840000,0.460000,0.100000,-0.100000,1.081695
190,1.866662,-0.373498,-1.590551,1.087786,0.055248,-0.882875,1.000000,0.920000,0.460000,0.100000,0.000000,1.087786
191,1.867000,-0.384385,-1.599380,1.094197,0.061461,-0.794961,1.000000,0.900000,0.480000,0.100000,0.000000,1.094197
192,1.867301,-0.395340,-1.607329,1.100607,0.066452,-0.713573,1.000000,0.900000,0.480000,0.100000,0.000000,1.100607
193,1.867563,-0.406363,-1.614465,1.107029,0.070352,-0.638257,1.000000,0.880000,0.460000,0.100000,0.000000,1.107029
194,1.867783,-0.417453,-1.620848,1.113475,0.073281,-0.568584,1.000000,0.880000,0.460000,0.100000,0.000000,1.113475
195,1.867958,-0.428611,-1.626533,1.119953,0.075346,-0.504163,1.000000,0.860000,0.440000,0.100000,-0.100000,1.119953
196,1.868086,-0.439835,-1.631575,1.126027,0.073933,-0.560702,1.000000,0.860000,0.440000,0.100000,-0.100000,1.126027
197,1.868140,-0.451119,-1.637182,1.132072,0.073261,-0.614218,1.000000,0.900000,0.420000,0.100000,0.000000,1.132072
198,1.868120,-0.462464,-1.643324,1.138513,0.076011,-0.547257,1.000000,0.880000,0.420000,0.100000,0.000000,1.138513
199,1.868053,-0.473874,-1.648797,1.144986,0.077923,-0.485227,1.000000,0.880000,0.400000,0.100000,0.000000,1.144986
200,1.867938,-0.485350,-1.653649,1.151496,0.079090,-0.427807,1.000000,0.860000,0.420000,0.100000,-0.100000,1.151496
201,1.867773,-0.496891,-1.657927,1.157597,0.076904,-0.489814,1.000000,0.860000,0.420000,0.100000,-0.100000,1.157597
202,1.867532,-0.508490,-1.662825,1.163667,0.075568,-0.548811,1.000000,0.840000,0.420000,0.100000,-0.100000,1.163667
203,1.867215,-0.520147,-1.668313,1.169705,0.075014,-0.604677,1.000000,0.840000,0.440000,0.100000,-0.100000,1.169705
204,1.866823,-0.531861,-1.674360,1.175707,0.075178,-0.657348,1.000000,0.820000,0.440000,0.100000,-0.100000,1.175707
205,1.866355,-0.543633,-1.680934,1.181672,0.075996,-0.706808,1.000000,0.820000,0.460000,0.100000,-0.100000,1.181672
206,1.865811,-0.555462,-1.688002,1.187594,0.077407,-0.753082,1.000000,0.860000,0.480000,0.100000,-0.100000,1.187594
207,1.865191,-0.567347,-1.695533,1.193470,0.079353,-0.796227,1.000000,0.840000,0.480000,0.100000,-0.100000,1.193470
208,1.864494,-0.579287,-1.703495,1.199294,0.081780,-0.836327,1.000000,0.840000,0.480000,0.100000,-0.100000,1.199294
209,1.863718,-0.591283,-1.711858,1.205064,0.084635,-0.873487,1.000000,0.820000,0.460000,0.100000,-0.100000,1.205064
210,1.862862,-0.603333,-1.720593,1.210774,0.087872,-0.907826,1.000000,0.820000,0.460000,0.100000,-0.100000,1.210774
211,1.861923,-0.615436,-1.729671,1.216420,0.091446,-0.939475,1.000000,0.800000,0.440000,0.100000,-0.200000,1.216420
212,1.860902,-0.627592,-1.739066,1.221162,0.093379,-1.051410,1.000000,0.880000,0.440000,0.100000,0.000000,1.221162
213,1.859777,-0.639787,-1.749580,1.227053,0.101304,-0.956769,1.000000,0.880000,0.440000,0.100000,0.000000,1.227053
214,1.858592,-0.652042,-1.759148,1.232955,0.107785,-0.868412,1.000000,0.860000,0.460000,0.100000,-0.100000,1.232955
215,1.857342,-0.664356,-1.767832,1.238420,0.110328,-0.898504,1.000000,0.860000,0.500000,0.100000,-0.100000,1.238420
216,1.856000,-0.676716,-1.776817,1.243826,0.113204,-0.926565,1.000000,0.840000,0.520000,0.100000,-0.100000,1.243826
217,1.854564,-0.689123,-1.786083,1.249171,0.116379,-0.952672,1.000000,0.840000,0.500000,0.100000,-0.100000,1.249171
218,1.853032,-0.701575,-1.795609,1.254451,0.119821,-0.976906,1.000000,0.820000,0.500000,0.100000,-0.100000,1.254451
219,1.851404,-0.714071,-1.805378,1.259663,0.123502,-0.999355,1.000000,0.820000,0.480000,0.100000,-0.100000,1.259663
220,1.849677,-0.726610,-1.815372,1.264806,0.127393,-1.020108,1.000000,0.820000,0.480000,0.000000,-0.100000,1.264806
221,1.847850,-0.739190,-1.825573,1.262878,0.131469,-1.039258,1.000000,0.840000,0.460000,0.100000,-0.100000,1.262878
222,1.845940,-0.751742,-1.835966,1.267877,0.135607,-1.056453,1.000000,0.840000,0.520000,0.000000,-0.100000,1.267877
223,1.843926,-0.764333,-1.846530,1.265802,0.139882,-1.072273,1.000000,0.820000,0.520000,0.000000,-0.100000,1.265802
224,1.841825,-0.776894,-1.857253,1.263655,0.144172,-1.086368,1.000000,0.820000,0.500000,0.000000,-0.100000,1.263655
225,1.839638,-0.789423,-1.868117,1.261434,0.148457,-1.098868,1.000000,0.860000,0.500000,0.100000,-0.100000,1.261434
226,1.837362,-0.801919,-1.879105,1.266142,0.152715,-1.109900,1.000000,0.840000,0.480000,0.000000,-0.100000,1.266142
227,1.834975,-0.814447,-1.890204,1.263779,0.157037,-1.120011,1.000000,0.840000,0.480000,0.000000,-0.100000,1.263779
228,1.832497,-0.826938,-1.901404,1.261346,0.161305,-1.128844,1.000000,0.840000,0.540000,0.100000,-0.100000,1.261346
229,1.829929,-0.839392,-1.912693,1.265845,0.165505,-1.136508,1.000000,0.820000,0.540000,0.000000,-0.100000,1.265845
230,1.827244,-0.851873,-1.924058,1.263277,0.169733,-1.143517,1.000000,0.820000,0.520000,0.000000,-0.100000,1.263277
231,1.824466,-0.864313,-1.935493,1.260643,0.173874,-1.149516,1.000000,0.820000,0.520000,0.100000,-0.100000,1.260643
232,1.821594,-0.876710,-1.946988,1.264945,0.177917,-1.154595,1.000000,0.800000,0.500000,0.000000,-0.200000,1.264945
233,1.818602,-0.889129,-1.958534,1.261303,0.180477,-1.222949,1.000000,0.840000,0.540000,0.100000,-0.100000,1.261303
234,1.815503,-0.901488,-1.970764,1.265390,0.185248,-1.224129,1.000000,0.840000,0.520000,0.000000,-0.100000,1.265390
235,1.812282,-0.913865,-1.983005,1.262409,0.189957,-1.225040,1.000000,0.820000,0.520000,0.100000,-0.100000,1.262409
236,1.808965,-0.926192,-1.995255,1.266362,0.194488,-1.225345,1.000000,0.820000,0.520000,0.000000,-0.100000,1.266362
237,1.805522,-0.938533,-2.007509,1.263251,0.198957,-1.225477,1.000000,0.820000,0.500000,0.000000,-0.100000,1.263251
238,1.801982,-0.950822,-2.019764,1.260080,0.203248,-1.225106,1.000000,0.800000,0.540000,0.100000,-0.200000,1.260080
239,1.798344,-0.963056,-2.032015,1.262958,0.205996,-1.282651,1.000000,0.800000,0.520000,0.100000,-0.200000,1.262958
240,1.794568,-0.975282,-2.044841,1.265681,0.209443,-1.337753,1.000000,0.800000,0.520000,0.000000,-0.200000,1.265681
241,1.790654,-0.987500,-2.058219,1.261242,0.213547,-1.390358,1.000000,0.800000,0.500000,0.100000,-0.200000,1.261242
242,1.786633,-0.999643,-2.072122,1.263631,0.218139,-1.439915,1.000000,0.780000,0.580000,0.000000,-0.200000,1.263631
243,1.782474,-1.011773,-2.086521,1.258842,0.223294,-1.487018,1.000000,0.780000,0.560000,0.100000,-0.200000,1.258842
244,1.778208,-1.023825,-2.101392,1.260867,0.228840,-1.531186,1.000000,0.820000,0.560000,0.100000,-0.100000,1.260867
245,1.773801,-1.035858,-2.116703,1.263600,0.236143,-1.518229,1.000000,0.820000,0.560000,0.000000,-0.100000,1.263600
246,1.769259,-1.047884,-2.131886,1.259243,0.243157,-1.505892,1.000000,0.820000,0.540000,0.100000,-0.100000,1.259243
247,1.764617,-1.059840,-2.146945,1.261799,0.249762,-1.493895,1.000000,0.820000,0.540000,0.100000,-0.100000,1.261799
248,1.759837,-1.071781,-2.161884,1.264277,0.256113,-1.482489,1.000000,0.800000,0.520000,0.000000,-0.200000,1.264277
249,1.754918,-1.083706,-2.176708,1.258772,0.261075,-1.520812,1.000000,0.800000,0.560000,0.100000,-0.200000,1.258772
250,1.749896,-1.095540,-2.191917,1.260087,0.266325,-1.556981,1.000000,0.800000,0.560000,0.100000,-0.200000,1.260087
251,1.744728,-1.107337,-2.207486,1.261219,0.271963,-1.591524,1.000000,0.800000,0.540000,0.100000,-0.200000,1.261219
252,1.739417,-1.119095,-2.223402,1.262164,0.277961,-1.624486,1.000000,0.800000,0.580000,0.100000,-0.200000,1.262164
253,1.733960,-1.130811,-2.239646,1.262913,0.284293,-1.655925,1.000000,0.800000,0.580000,0.100000,-0.200000,1.262913
254,1.728360,-1.142482,-2.256206,1.263463,0.290935,-1.685902,1.000000,0.800000,0.560000,0.000000,-0.200000,1.263463
255,1.722614,-1.154105,-2.273065,1.256808,0.297863,-1.714485,1.000000,0.800000,0.560000,0.100000,-0.200000,1.256808
256,1.716770,-1.165623,-2.290210,1.256942,0.304911,-1.741381,1.000000,0.800000,0.560000,0.100000,-0.200000,1.256942
257,1.710781,-1.177087,-2.307623,1.256865,0.312197,-1.767064,1.000000,0.840000,0.540000,0.100000,-0.100000,1.256865
258,1.704648,-1.188493,-2.325294,1.257496,0.320647,-1.751234,1.000000,0.840000,0.580000,0.100000,-0.100000,1.257496
259,1.698371,-1.199851,-2.342806,1.258020,0.328767,-1.736489,1.000000,0.840000,0.580000,0.100000,-0.100000,1.258020
260,1.691951,-1.211159,-2.360171,1.258441,0.336578,-1.722761,1.000000,0.840000,0.580000,0.100000,-0.100000,1.258441
261,1.685388,-1.222411,-2.377399,1.258766,0.344100,-1.709989,1.000000,0.860000,0.560000,0.100000,-0.100000,1.258766
262,1.678681,-1.233606,-2.394499,1.258997,0.351353,-1.698115,1.000000,0.860000,0.560000,0.100000,-0.100000,1.258997
263,1.671832,-1.244738,-2.411480,1.259140,0.358352,-1.687087,1.000000,0.860000,0.560000,0.100000,-0.100000,1.259140
264,1.664840,-1.255806,-2.428351,1.259197,0.365115,-1.676859,1.000000,0.860000,0.560000,0.100000,-0.100000,1.259197
265,1.657706,-1.266806,-2.445119,1.259171,0.371654,-1.667386,1.000000,0.860000,0.540000,0.100000,-0.100000,1.259171
266,1.650431,-1.277735,-2.461793,1.259065,0.377984,-1.658629,1.000000,0.860000,0.540000,0.100000,-0.100000,1.259065
267,1.643016,-1.288589,-2.478380,1.258881,0.384118,-1.650550,1.000000,0.860000,0.580000,0.100000,-0.100000,1.258881
268,1.635460,-1.299367,-2.494885,1.258622,0.390068,-1.643115,1.000000,0.880000,0.580000,0.100000,0.000000,1.258622
269,1.627766,-1.310064,-2.511316,1.259078,0.397086,-1.583155,1.000000,0.880000,0.580000,0.100000,0.000000,1.259078
270,1.619935,-1.320692,-2.527148,1.259656,0.403234,-1.526318,1.000000,0.880000,0.580000,0.100000,0.000000,1.259656
271,1.611967,-1.331249,-2.542411,1.260366,0.408570,-1.472216,1.000000,0.880000,0.580000,0.100000,0.000000,1.260366
272,1.603863,-1.341731,-2.557133,1.261215,0.413147,-1.420508,1.000000,0.900000,0.560000,0.100000,0.000000,1.261215
273,1.595624,-1.352135,-2.571338,1.262211,0.417010,-1.370896,1.000000,0.900000,0.560000,0.100000,0.000000,1.262211
274,1.587250,-1.362460,-2.585047,1.263358,0.420200,-1.323120,1.000000,0.900000,0.560000,0.000000,0.000000,1.263358
275,1.578743,-1.372701,-2.598278,1.257662,0.422754,-1.276947,1.000000,0.900000,0.560000,0.100000,0.000000,1.257662
276,1.570163,-1.382822,-2.611048,1.259129,0.424581,-1.232539,1.000000,0.900000,0.540000,0.100000,0.000000,1.259129
277,1.561451,-1.392855,-2.623373,1.260760,0.425842,-1.189306,1.000000,0.900000,0.540000,0.100000,0.000000,1.260760
278,1.552608,-1.402800,-2.635266,1.262560,0.426562,-1.147086,1.000000,0.920000,0.540000,0.100000,0.000000,1.262560
279,1.543635,-1.412653,-2.646737,1.264531,0.426762,-1.105732,1.000000,0.920000,0.540000,0.000000,0.000000,1.264531
280,1.534533,-1.422414,-2.657794,1.259675,0.426462,-1.065111,1.000000,0.920000,0.520000,0.100000,0.000000,1.259675
281,1.525366,-1.432048,-2.668446,1.261998,0.425574,-1.025455,1.000000,0.920000,0.520000,0.100000,0.000000,1.261998
282,1.516072,-1.441587,-2.678700,1.264498,0.424227,-0.986271,1.000000,0.920000,0.520000,0.000000,0.000000,1.264498
283,1.506652,-1.451030,-2.688563,1.260177,0.422437,-0.947460,1.000000,0.920000,0.500000,0.100000,0.000000,1.260177
284,1.497170,-1.460344,-2.698037,1.263039,0.420115,-0.909275,1.000000,0.920000,0.500000,0.100000,0.000000,1.263039
285,1.487565,-1.469559,-2.707130,1.266083,0.417380,-0.871264,1.000000,0.920000,0.560000,0.000000,0.000000,1.266083
286,1.477837,-1.478674,-2.715843,1.262310,0.414241,-0.833360,1.000000,0.920000,0.540000,0.100000,0.000000,1.262310
287,1.468052,-1.487660,-2.724176,1.265721,0.410615,-0.795820,1.000000,0.920000,0.540000,0.000000,0.000000,1.265721
288,1.458146,-1.496545,-2.732135,1.262317,0.406608,-0.758238,1.000000,0.920000,0.540000,0.100000,0.000000,1.262317
289,1.448185,-1.505300,-2.739717,1.266098,0.402139,-0.720876,1.000000,0.920000,0.540000,0.000000,0.000000,1.266098
290,1.438106,-1.513953,-2.746926,1.263062,0.397309,-0.683356,1.000000,0.920000,0.520000,0.100000,0.000000,1.263062
291,1.427974,-1.522478,-2.753759,1.267211,0.392041,-0.645943,1.000000,0.920000,0.520000,0.000000,0.000000,1.267211
292,1.417726,-1.530899,-2.760219,1.264541,0.386427,-0.608289,1.000000,0.920000,0.520000,0.000000,0.000000,1.264541
293,1.407427,-1.539192,-2.766302,1.262054,0.380396,-0.570659,1.000000,0.900000,0.500000,0.100000,0.000000,1.262054
294,1.397079,-1.547358,-2.772008,1.266748,0.373959,-0.533008,1.000000,0.900000,0.500000,0.000000,0.000000,1.266748
295,1.386618,-1.555421,-2.777338,1.264617,0.367204,-0.495048,1.000000,0.900000,0.500000,0.000000,0.000000,1.264617
296,1.376109,-1.563357,-2.782289,1.262663,0.360064,-0.457040,1.000000,0.880000,0.480000,0.100000,0.000000,1.262663
297,1.365555,-1.571167,-2.786859,1.267881,0.352550,-0.418973,1.000000,0.880000,0.480000,0.000000,0.000000,1.267881
298,1.354890,-1.578877,-2.791049,1.266267,0.344744,-0.380624,1.000000,0.880000,0.480000,0.000000,0.000000,1.266267
299,1.344182,-1.586464,-2.794855,1.264818,0.336586,-0.342256,1.000000,0.860000,0.460000,0.000000,-0.100000,1.264818
300,1.333430,-1.593927,-2.798278,1.262754,0.326772,-0.360302,1.000000,0.860000,0.460000,0.100000,-0.100000,1.262754
301,1.322639,-1.601255,-2.801881,1.267674,0.317331,-0.378485,1.000000,0.840000,0.440000,0.000000,-0.100000,1.267674
302,1.311744,-1.608471,-2.805666,1.265578,0.308321,-0.396985,1.000000,0.840000,0.440000,0.000000,-0.100000,1.265578
303,1.300812,-1.615554,-2.809635,1.263467,0.299688,-0.415628,1.000000,0.840000,0.440000,0.000000,-0.100000,1.263467
304,1.289844,-1.622505,-2.813792,1.261343,0.291433,-0.434407,1.000000,0.820000,0.420000,0.100000,-0.100000,1.261343
305,1.278841,-1.629325,-2.818136,1.266208,0.283554,-0.453308,1.000000,0.820000,0.420000,0.000000,-0.100000,1.266208
306,1.267737,-1.636038,-2.822669,1.264060,0.276114,-0.472537,1.000000,0.820000,0.420000,0.000000,-0.100000,1.264060
307,1.256599,-1.642623,-2.827394,1.261902,0.269050,-0.491848,1.000000,0.800000,0.400000,0.100000,-0.200000,1.261902
308,1.245429,-1.649082,-2.832313,1.265811,0.261387,-0.552788,1.000000,0.800000,0.400000,0.000000,-0.200000,1.265811
309,1.234167,-1.655425,-2.837841,1.262611,0.254656,-0.614491,1.000000,0.800000,0.400000,0.100000,-0.200000,1.262611
310,1.222881,-1.661631,-2.843985,1.266303,0.248787,-0.676172,1.000000,0.800000,0.400000,0.000000,-0.200000,1.266303
311,1.211504,-1.667723,-2.850747,1.262889,0.243836,-0.738050,1.000000,0.800000,0.380000,0.100000,-0.200000,1.262889
312,1.200105,-1.673680,-2.858128,1.266367,0.239714,-0.799328,1.000000,0.800000,0.380000,0.000000,-0.200000,1.266367
313,1.188617,-1.679524,-2.866121,1.262737,0.236476,-0.860249,1.000000,0.800000,0.380000,0.100000,-0.200000,1.262737
314,1.177109,-1.685234,-2.874723,1.265997,0.234018,-0.920034,1.000000,0.820000,0.380000,0.000000,-0.100000,1.265997
315,1.165514,-1.690830,-2.883924,1.263052,0.233573,-0.928634,1.000000,0.820000,0.380000,0.100000,-0.100000,1.263052
316,1.153896,-1.696307,-2.893210,1.267092,0.233206,-0.936845,1.000000,0.840000,0.380000,0.000000,-0.100000,1.267092
317,1.142187,-1.701682,-2.902579,1.264117,0.233008,-0.944960,1.000000,0.840000,0.360000,0.000000,-0.100000,1.264117
318,1.130457,-1.706939,-2.912028,1.261125,0.232875,-0.952681,1.000000,0.860000,0.360000,0.100000,-0.100000,1.261125
319,1.118707,-1.712076,-2.921555,1.265117,0.232801,-0.960016,1.000000,0.880000,0.360000,0.000000,0.000000,1.265117
320,1.106869,-1.717110,-2.931155,1.262745,0.234828,-0.883789,1.000000,0.900000,0.360000,0.100000,0.000000,1.262745
321,1.095010,-1.722044,-2.939993,1.267534,0.235787,-0.811135,1.000000,0.920000,0.360000,0.000000,0.000000,1.267534
322,1.083064,-1.726892,-2.948104,1.265484,0.235858,-0.741706,1.000000,0.940000,0.360000,0.000000,0.000000,1.265484
323,1.071098,-1.731640,-2.955521,1.263598,0.235012,-0.675229,1.000000,0.960000,0.360000,0.000000,0.000000,1.263598
324,1.059115,-1.736287,-2.962274,1.261875,0.233322,-0.611471,1.000000,0.960000,0.340000,0.100000,0.000000,1.261875
325,1.047115,-1.740834,-2.968388,1.267312,0.230853,-0.550242,1.000000,0.980000,0.340000,0.000000,0.100000,1.267312
326,1.035029,-1.745292,-2.973891,1.266112,0.230404,-0.377596,1.000000,1.000000,0.340000,0.000000,0.100000,1.266112
327,1.022931,-1.749677,-2.977667,1.265323,0.227737,-0.213443,1.000000,1.000000,0.340000,0.000000,0.100000,1.265323
328,1.010819,-1.753988,-2.979801,1.264923,0.223052,-0.056868,1.000000,0.980000,0.340000,0.000000,0.100000,1.264923
329,0.998694,-1.758227,-2.980370,1.264882,0.216531,0.092779,1.000000,0.960000,0.320000,0.000000,0.000000,1.264882
330,0.986557,-1.762395,-2.979442,1.264946,0.205705,0.123085,1.000000,0.940000,0.320000,0.000000,0.000000,1.264946
331,0.974405,-1.766467,-2.978211,1.265062,0.194864,0.151582,1.000000,0.920000,0.300000,0.000000,0.000000,1.265062
332,0.962240,-1.770448,-2.976695,1.265221,0.184047,0.178083,1.000000,0.880000,0.300000,0.000000,0.000000,1.265221
333,0.950062,-1.774340,-2.974915,1.265412,0.173292,0.202419,1.000000,0.860000,0.300000,0.000000,-0.100000,1.265412
334,0.937870,-1.778148,-2.972890,1.265008,0.160538,0.134547,1.000000,0.820000,0.280000,0.000000,-0.100000,1.265008
335,0.925669,-1.781855,-2.971545,1.264489,0.149052,0.065436,1.000000,0.800000,0.280000,0.000000,-0.200000,1.264489
336,0.913459,-1.785464,-2.970891,1.262986,0.137367,-0.066551,1.000000,0.780000,0.280000,0.100000,-0.200000,1.262986
337,0.901246,-1.788963,-2.971556,1.268325,0.127652,-0.199334,1.000000,0.780000,0.260000,0.000000,-0.200000,1.268325
338,0.888962,-1.792367,-2.973549,1.266529,0.119896,-0.331970,1.000000,0.760000,0.260000,0.000000,-0.300000,1.266529
339,0.876675,-1.795668,-2.976869,1.263600,0.113070,-0.502878,1.000000,0.760000,0.260000,0.000000,-0.300000,1.263600
340,0.864396,-1.798855,-2.981898,1.260526,0.108493,-0.671261,1.000000,0.780000,0.260000,0.100000,-0.200000,1.260526
341,0.852124,-1.801931,-2.988611,1.265332,0.107096,-0.791214,1.000000,0.780000,0.260000,0.000000,-0.200000,1.265332
342,0.839781,-1.804917,-2.996523,1.263031,0.107267,-0.906299,1.000000,0.820000,0.260000,0.100000,-0.100000,1.263031
343,0.827439,-1.807805,-3.005586,1.268461,0.110671,-0.936243,1.000000,0.840000,0.260000,0.000000,-0.100000,1.268461
344,0.815021,-1.810621,-3.014948,1.266821,0.114383,-0.963983,1.000000,0.900000,0.260000,0.000000,0.000000,1.266821
345,0.802599,-1.813356,-3.024588,1.265581,0.120903,-0.876874,1.000000,0.940000,0.260000,0.000000,0.000000,1.265581
346,0.790171,-1.816034,-3.033357,1.264384,0.126021,-0.794968,1.000000,1.000000,0.260000,0.000000,0.100000,1.264384
347,0.777737,-1.818653,-3.041306,1.263188,0.132906,-0.587999,1.000000,1.000000,0.260000,0.000000,0.100000,1.263188
348,0.765302,-1.821240,-3.047186,1.262244,0.136848,-0.394275,1.000000,1.000000,0.260000,0.100000,0.100000,1.262244
349,0.752865,-1.823792,-3.051129,1.268565,0.138153,-0.212861,1.000000,1.000000,0.240000,0.000000,0.100000,1.268565
350,0.740356,-1.826314,-3.053258,1.268145,0.137150,-0.042987,1.000000,1.000000,0.240000,0.000000,0.100000,1.268145
351,0.727845,-1.828799,-3.053688,1.267970,0.134035,0.116115,1.000000,1.000000,0.240000,0.000000,0.100000,1.267970
352,0.715332,-1.831247,-3.052526,1.268013,0.129044,0.264936,1.000000,1.000000,0.240000,0.000000,0.100000,1.268013
353,0.702816,-1.833660,-3.049877,1.268240,0.122401,0.403805,1.000000,1.000000,0.220000,0.000000,0.100000,1.268240
354,0.690299,-1.836041,-3.045839,1.268614,0.114317,0.532920,1.000000,0.960000,0.220000,0.000000,0.000000,1.268614
355,0.677781,-1.838392,-3.040510,1.269086,0.102005,0.524749,1.000000,0.900000,0.220000,0.000000,0.000000,1.269086
356,0.665258,-1.840687,-3.035262,1.269484,0.090362,0.514090,1.000000,0.840000,0.200000,0.000000,-0.100000,1.269484
357,0.652730,-1.842933,-3.030121,1.269306,0.076872,0.393069,1.000000,0.780000,0.200000,0.000000,-0.200000,1.269306
358,0.640202,-1.845109,-3.026191,1.268144,0.063647,0.195629,1.000000,0.740000,0.200000,0.000000,-0.300000,1.268144
359,0.627678,-1.847201,-3.024234,1.265831,0.052208,-0.048333,1.000000,0.720000,0.200000,0.000000,-0.300000,1.265831
360,0.615168,-1.849202,-3.024718,1.263416,0.044100,-0.289922,1.000000,0.700000,0.180000,0.000000,-0.300000,1.263416
361,0.602671,-1.851113,-3.027617,1.260940,0.039176,-0.525876,1.000000,0.700000,0.180000,0.100000,-0.300000,1.260940
362,0.590188,-1.852936,-3.032876,1.265420,0.037252,-0.753412,1.000000,0.720000,0.180000,0.000000,-0.300000,1.265420
363,0.577649,-1.854680,-3.040410,1.262850,0.038174,-0.970647,1.000000,0.760000,0.180000,0.100000,-0.300000,1.262850
364,0.565124,-1.856335,-3.050116,1.267207,0.041663,-1.175397,1.000000,0.840000,0.180000,0.000000,-0.100000,1.267207
365,0.552543,-1.857908,-3.061870,1.266265,0.051306,-1.206831,1.000000,0.940000,0.180000,0.000000,0.000000,1.266265
366,0.539961,-1.859428,-3.073939,1.265509,0.063811,-1.108246,1.000000,1.000000,0.180000,0.000000,0.100000,1.265509
367,0.527378,-1.860920,-3.085021,1.264438,0.077503,-0.884781,1.000000,1.000000,0.200000,0.000000,0.100000,1.264438
368,0.514798,-1.862408,-3.093869,1.263435,0.087738,-0.674005,1.000000,1.000000,0.200000,0.000000,0.100000,1.263435
369,0.502220,-1.863888,-3.100609,1.262566,0.094836,-0.475980,1.000000,1.000000,0.200000,0.100000,0.100000,1.262566
370,0.489643,-1.865352,-3.105369,1.268868,0.099105,-0.290411,1.000000,1.000000,0.200000,0.000000,0.100000,1.268868
371,0.476999,-1.866802,-3.108273,1.268354,0.100884,-0.117009,1.000000,1.000000,0.180000,0.000000,0.100000,1.268354
372,0.464356,-1.868233,-3.109443,1.268026,0.100389,0.044941,1.000000,1.000000,0.180000,0.000000,0.100000,1.268026
373,0.451715,-1.869644,-3.108994,1.267873,0.097874,0.195867,1.000000,1.000000,0.180000,0.000000,0.100000,1.267873
374,0.439075,-1.871036,-3.107035,1.267870,0.093581,0.336125,1.000000,1.000000,0.180000,0.000000,0.100000,1.267870
375,0.426436,-1.872409,-3.103674,1.267989,0.087733,0.465998,1.000000,1.000000,0.180000,0.000000,0.100000,1.267989
376,0.413798,-1.873766,-3.099014,1.268198,0.080541,0.585713,1.000000,1.000000,0.160000,0.000000,0.100000,1.268198
377,0.401162,-1.875111,-3.093157,1.268461,0.072204,0.695461,1.000000,1.000000,0.160000,0.000000,0.100000,1.268461
378,0.388527,-1.876446,-3.086202,1.268741,0.062907,0.795427,1.000000,1.000000,0.160000,0.000000,0.100000,1.268741
379,0.375894,-1.877777,-3.078248,1.269004,0.052827,0.885820,1.000000,0.920000,0.160000,0.000000,0.000000,1.269004
380,0.363263,-1.879107,-3.069389,1.269335,0.039061,0.835901,1.000000,0.800000,0.140000,0.000000,-0.200000,1.269335
381,0.350631,-1.880412,-3.061030,1.268261,0.021911,0.584495,1.000000,0.700000,0.140000,0.000000,-0.300000,1.268261
382,0.338007,-1.881651,-3.055186,1.266031,0.007249,0.280936,1.000000,0.640000,0.140000,0.000000,-0.400000,1.266031
383,0.325400,-1.882816,-3.052376,1.262674,-0.003917,-0.049512,1.000000,0.620000,0.140000,0.100000,-0.400000,1.262674
384,0.312820,-1.883902,-3.052871,1.266354,-0.010766,-0.374853,1.000000,0.600000,0.140000,0.000000,-0.500000,1.266354
385,0.300197,-1.884917,-3.056620,1.262034,-0.013794,-0.703384,1.000000,0.620000,0.140000,0.100000,-0.400000,1.262034
386,0.287610,-1.885851,-3.063654,1.265891,-0.012513,-1.004938,1.000000,0.660000,0.140000,0.000000,-0.400000,1.265891
387,0.274980,-1.886712,-3.073703,1.262799,-0.007638,-1.289522,1.000000,0.760000,0.140000,0.100000,-0.300000,1.262799
388,0.262376,-1.887492,-3.086598,1.267812,0.001404,-1.513198,1.000000,0.920000,0.140000,0.000000,0.000000,1.267812
389,0.249718,-1.888203,-3.101730,1.267654,0.020252,-1.402246,1.000000,1.000000,0.140000,0.000000,0.100000,1.267654
390,0.237060,-1.888911,-3.115753,1.266890,0.039678,-1.170545,1.000000,1.000000,0.140000,0.000000,0.100000,1.266890
391,0.224405,-1.889634,-3.127458,1.266003,0.055297,-0.948401,1.000000,1.000000,0.140000,0.000000,0.100000,1.266003
392,0.211754,-1.890366,-3.136942,1.265105,0.067393,-0.737364,1.000000,1.000000,0.140000,0.000000,0.100000,1.265105
393,0.199106,-1.891099,-3.144316,1.264277,0.076263,-0.538134,1.000000,1.000000,0.140000,0.000000,0.100000,1.264277
394,0.186462,-1.891827,-3.149697,1.263571,0.082208,-0.350863,1.000000,1.000000,0.140000,0.000000,0.100000,1.263571
395,0.173820,-1.892547,-3.153206,1.263014,0.085515,-0.175394,1.000000,1.000000,0.140000,0.100000,0.100000,1.263014
396,0.161180,-1.893255,-3.154960,1.269615,0.086462,-0.011424,1.000000,1.000000,0.140000,0.000000,0.100000,1.269615
397,0.148474,-1.893950,-3.155074,1.269368,0.085333,0.141308,1.000000,1.000000,0.140000,0.000000,0.100000,1.269368
398,0.135770,-1.894632,-3.153661,1.269260,0.082337,0.283278,1.000000,1.000000,0.140000,0.000000,0.100000,1.269260
399,0.123068,-1.895302,-3.150828,1.269267,0.077704,0.414770,1.000000,1.000000,0.140000,0.000000,0.100000,1.269267
400,0.110369,-1.895962,-3.146680,1.269361,0.071648,0.536032,1.000000,1.000000,0.140000,0.000000,0.100000,1.269361
401,0.097672,-1.896614,-3.141320,1.269510,0.064374,0.647291,1.000000,1.000000,0.140000,0.000000,0.100000,1.269510
402,0.084977,-1.897261,-3.134847,1.269683,0.056069,0.748768,1.000000,1.000000,0.140000,0.000000,0.100000,1.269683
403,0.072284,-1.897908,-3.127359,1.269845,0.046911,0.840704,1.000000,1.000000,0.120000,0.000000,0.100000,1.269845
404,0.059594,-1.898557,-3.118952,1.269967,0.037065,0.923382,1.000000,1.000000,0.120000,0.000000,0.100000,1.269967
405,0.046906,-1.899216,-3.109719,1.270019,0.026683,0.997134,1.000000,1.000000,0.120000,0.000000,0.100000,1.270019
406,0.034220,-1.899887,-3.099747,1.269975,0.015903,1.062358,1.000000,0.960000,0.120000,0.000000,0.000000,1.269975
407,0.021538,-1.900577,-3.089124,1.270006,0.001792,0.988727,1.000000,0.760000,0.120000,0.000000,-0.300000,1.270006
408,0.008857,-1.901261,-3.079236,1.267690,-0.017038,0.644712,1.000000,0.640000,0.100000,0.000000,-0.400000,1.267690
409,-0.003806,-1.901881,-3.072789,1.264237,-0.031764,0.270452,1.000000,0.560000,0.100000,0.000000,-0.500000,1.264237
410,-0.016440,-1.902433,-3.070085,1.259797,-0.041810,-0.113026,1.000000,0.540000,0.100000,0.100000,-0.600000,1.259797
411,-0.029036,-1.902916,-3.071215,1.261514,-0.046952,-0.487855,1.000000,0.540000,0.100000,0.100000,-0.600000,1.261514
412,-0.041653,-1.903335,-3.076094,1.263441,-0.047515,-0.851409,1.000000,0.580000,0.100000,0.000000,-0.500000,1.263441
413,-0.054291,-1.903688,-3.084608,1.259608,-0.043739,-1.198019,1.000000,0.660000,0.100000,0.100000,-0.400000,1.259608
414,-0.066892,-1.903969,-3.096588,1.264038,-0.035532,-1.502862,1.000000,0.820000,0.100000,0.000000,-0.100000,1.264038
415,-0.079536,-1.904182,-3.111617,1.264320,-0.018067,-1.533578,1.000000,0.900000,0.100000,0.000000,0.000000,1.264320
416,-0.092178,-1.904381,-3.126952,1.264461,0.001965,-1.425906,1.000000,0.900000,0.120000,0.000000,0.000000,1.264461
417,-0.104821,-1.904585,-3.141211,1.264296,0.019644,-1.320823,1.000000,0.880000,0.120000,0.000000,0.000000,1.264296
418,-0.117464,-1.904787,-3.154420,1.263901,0.035118,-1.219380,1.000000,1.000000,0.120000,0.000000,0.100000,1.263901
419,-0.130107,-1.904976,-3.166613,1.263037,0.051520,-0.995004,1.000000,1.000000,0.120000,0.100000,0.100000,1.263037
420,-0.142746,-1.905175,-3.176563,1.269140,0.064341,-0.781483,1.000000,1.000000,0.120000,0.000000,0.100000,1.269140
421,-0.155452,-1.905374,-3.184378,1.268295,0.073951,-0.580044,1.000000,1.000000,0.120000,0.000000,0.100000,1.268295
422,-0.168155,-1.905570,-3.190179,1.267561,0.080565,-0.390470,1.000000,1.000000,0.140000,0.000000,0.100000,1.267561
423,-0.180855,-1.905759,-3.194083,1.266969,0.084476,-0.212676,1.000000,1.000000,0.140000,0.000000,0.100000,1.266969
424,-0.193552,-1.905938,-3.196210,1.266535,0.085961,-0.046393,1.000000,1.000000,0.140000,0.000000,0.100000,1.266535
425,-0.206245,-1.906105,-3.196674,1.266255,0.085285,0.108706,1.000000,1.000000,0.140000,0.000000,0.100000,1.266255
426,-0.218935,-1.906260,-3.195587,1.266118,0.082694,0.252949,1.000000,1.000000,0.140000,0.000000,0.100000,1.266118
427,-0.231623,-1.906402,-3.193058,1.266100,0.078422,0.386632,1.000000,1.000000,0.120000,0.000000,0.100000,1.266100
428,-0.244307,-1.906534,-3.189191,1.266176,0.072687,0.510014,1.000000,1.000000,0.120000,0.000000,0.100000,1.266176
429,-0.256989,-1.906658,-3.184091,1.266314,0.065694,0.623326,1.000000,1.000000,0.120000,0.000000,0.100000,1.266314
430,-0.269669,-1.906776,-3.177858,1.266482,0.057635,0.726794,1.000000,1.000000,0.120000,0.000000,0.100000,1.266482
431,-0.282346,-1.906893,-3.170590,1.266647,0.048689,0.820656,1.000000,1.000000,0.120000,0.000000,0.100000,1.266647
432,-0.295021,-1.907012,-3.162383,1.266778,0.039025,0.905189,1.000000,1.000000,0.120000,0.000000,0.100000,1.266778
433,-0.307695,-1.907139,-3.153331,1.266846,0.028795,0.980718,1.000000,1.000000,0.120000,0.000000,0.100000,1.266846
434,-0.320366,-1.907278,-3.143524,1.266823,0.018142,1.047628,1.000000,0.720000,0.120000,0.000000,-0.300000,1.266823
435,-0.333034,-1.907435,-3.133048,1.264629,-0.001950,0.715382,1.000000,0.700000,0.100000,0.000000,-0.400000,1.264629
436,-0.345680,-1.907524,-3.125894,1.261230,-0.017991,0.353156,1.000000,0.700000,0.100000,0.100000,-0.400000,1.261230
437,-0.358294,-1.907542,-3.122363,1.264851,-0.029164,-0.007526,1.000000,0.680000,0.100000,0.000000,-0.400000,1.264851
438,-0.370945,-1.907493,-3.122438,1.261598,-0.035665,-0.360939,1.000000,0.680000,0.100000,0.100000,-0.400000,1.261598
439,-0.383566,-1.907379,-3.126047,1.265524,-0.037722,-0.702495,1.000000,0.660000,0.100000,0.000000,-0.400000,1.265524
440,-0.396226,-1.907198,-3.133072,1.262623,-0.035604,-1.028047,1.000000,0.660000,0.100000,0.100000,-0.400000,1.262623
441,-0.408854,-1.906950,-3.143353,1.266849,-0.029683,-1.334174,1.000000,0.640000,0.120000,0.000000,-0.400000,1.266849
442,-0.421522,-1.906630,-3.156694,1.264113,-0.020253,-1.618298,1.000000,0.920000,0.120000,0.000000,0.000000,1.264113
443,-0.434159,-1.906237,-3.172877,1.264304,0.000941,-1.505098,1.000000,0.900000,0.120000,0.000000,0.000000,1.264304
444,-0.446796,-1.905851,-3.187928,1.264153,0.019658,-1.394537,1.000000,0.900000,0.120000,0.000000,0.000000,1.264153
445,-0.459433,-1.905462,-3.201874,1.263743,0.036051,-1.287809,1.000000,0.960000,0.140000,0.000000,0.000000,1.263743
446,-0.472069,-1.905060,-3.214752,1.263142,0.050287,-1.185652,1.000000,0.960000,0.140000,0.100000,0.000000,1.263142
447,-0.484704,-1.904639,-3.226608,1.269410,0.062533,-1.088454,1.000000,0.940000,0.140000,0.000000,0.000000,1.269410
448,-0.497405,-1.904184,-3.237493,1.268592,0.073048,-0.996803,1.000000,1.000000,0.160000,0.000000,0.100000,1.268592
449,-0.510103,-1.903696,-3.247461,1.267527,0.084950,-0.779450,1.000000,1.000000,0.160000,0.000000,0.100000,1.267527
450,-0.522797,-1.903202,-3.255255,1.266572,0.093548,-0.574913,1.000000,1.000000,0.180000,0.000000,0.100000,1.266572
451,-0.535487,-1.902694,-3.261005,1.265776,0.099157,-0.383014,1.000000,0.980000,0.180000,0.000000,0.100000,1.265776
452,-0.548173,-1.902171,-3.264835,1.265165,0.102079,-0.203339,1.000000,0.980000,0.180000,0.000000,0.100000,1.265165
453,-0.560854,-1.901629,-3.266868,1.264746,0.102597,-0.035400,1.000000,0.960000,0.180000,0.000000,0.000000,1.264746
454,-0.573530,-1.901066,-3.267222,1.264574,0.097936,-0.008734,1.000000,0.960000,0.180000,0.000000,0.000000,1.264574
455,-0.586199,-1.900454,-3.267309,1.264429,0.093157,0.015329,1.000000,0.940000,0.180000,0.000000,0.000000,1.264429
456,-0.598860,-1.899792,-3.267156,1.264306,0.088301,0.036872,1.000000,0.940000,0.200000,0.000000,0.000000,1.264306
457,-0.611515,-1.899085,-3.266787,1.264202,0.083404,0.055987,1.000000,0.920000,0.200000,0.000000,0.000000,1.264202
458,-0.624162,-1.898334,-3.266227,1.264113,0.078503,0.072772,1.000000,0.920000,0.200000,0.000000,0.000000,1.264113
459,-0.636802,-1.897542,-3.265500,1.264033,0.073628,0.087332,1.000000,0.900000,0.200000,0.000000,0.000000,1.264033
460,-0.649437,-1.896710,-3.264626,1.263961,0.068807,0.099781,1.000000,0.900000,0.200000,0.000000,0.000000,1.263961
461,-0.662065,-1.895842,-3.263629,1.263894,0.064068,0.110237,1.000000,0.880000,0.200000,0.000000,0.000000,1.263894
462,-0.674688,-1.894939,-3.262526,1.263828,0.059432,0.118824,1.000000,0.880000,0.200000,0.000000,0.000000,1.263828
463,-0.687306,-1.894004,-3.261338,1.263762,0.054919,0.125668,1.000000,0.860000,0.200000,0.000000,-0.100000,1.263762
464,-0.699919,-1.893040,-3.260081,1.263275,0.047786,0.012849,1.000000,0.860000,0.200000,0.000000,-0.100000,1.263275
465,-0.712519,-1.892021,-3.259953,1.262745,0.042371,-0.095589,1.000000,0.840000,0.220000,0.100000,-0.100000,1.262745
466,-0.725108,-1.890951,-3.260909,1.269186,0.038544,-0.199030,1.000000,0.840000,0.220000,0.000000,-0.100000,1.269186
467,-0.737756,-1.889823,-3.262899,1.268604,0.036197,-0.297194,1.000000,0.820000,0.220000,0.000000,-0.100000,1.268604
468,-0.750393,-1.888647,-3.265871,1.268002,0.035176,-0.389635,1.000000,0.820000,0.240000,0.000000,-0.100000,1.268002
469,-0.763018,-1.887424,-3.269767,1.267378,0.035348,-0.476182,1.000000,0.800000,0.240000,0.000000,-0.200000,1.267378
470,-0.775633,-1.886155,-3.274529,1.265928,0.034373,-0.651321,1.000000,0.800000,0.240000,0.000000,-0.200000,1.265928
471,-0.788227,-1.884817,-3.281042,1.264441,0.035572,-0.816405,1.000000,0.780000,0.260000,0.000000,-0.200000,1.264441
472,-0.800798,-1.883412,-3.289206,1.262899,0.038731,-0.970705,1.000000,0.780000,0.280000,0.100000,-0.200000,1.262899
473,-0.813346,-1.881938,-3.298913,1.268276,0.043632,-1.113789,1.000000,0.760000,0.300000,0.000000,-0.300000,1.268276
474,-0.825941,-1.880382,-3.310051,1.265512,0.048730,-1.307034,1.000000,0.760000,0.320000,0.000000,-0.300000,1.265512
475,-0.838498,-1.878740,-3.323122,1.262600,0.055961,-1.486164,1.000000,0.760000,0.300000,0.100000,-0.300000,1.262600
476,-0.851018,-1.877011,-3.337983,1.266487,0.065076,-1.650649,1.000000,0.780000,0.300000,0.000000,-0.200000,1.266487
477,-0.863566,-1.875178,-3.354490,1.264144,0.077359,-1.741387,0.980000,0.780000,0.280000,0.000000,-0.200000,1.264144
478,-0.876086,-1.873263,-3.371904,1.261500,0.090264,-1.821722,0.980000,0.760000,0.280000,0.100000,-0.300000,1.261500
479,-0.888574,-1.871262,-3.390121,1.264503,0.102364,-1.947512,0.980000,0.760000,0.260000,0.000000,-0.300000,1.264503
480,-0.901082,-1.869144,-3.409596,1.260133,0.115721,-2.061187,0.980000,0.760000,0.320000,0.100000,-0.300000,1.260133
481,-0.913540,-1.866923,-3.430208,1.262345,0.130009,-2.162607,1.000000,0.740000,0.440000,0.100000,-0.300000,1.262345
482,-0.926011,-1.864576,-3.451834,1.264101,0.145230,-2.253419,1.000000,0.780000,0.500000,0.000000,-0.200000,1.264101
483,-0.938492,-1.862100,-3.474368,1.259386,0.162326,-2.288436,1.000000,0.780000,0.500000,0.100000,-0.200000,1.259386
484,-0.950926,-1.859520,-3.497253,1.261189,0.179277,-2.318173,1.000000,0.780000,0.480000,0.100000,-0.200000,1.261189
485,-0.963372,-1.856809,-3.520434,1.262514,0.196224,-2.344063,1.000000,0.820000,0.560000,0.100000,-0.100000,1.262514
486,-0.975828,-1.853963,-3.543875,1.264234,0.214714,-2.299264,1.000000,0.820000,0.560000,0.000000,-0.100000,1.264234
487,-0.988302,-1.850989,-3.566868,1.258587,0.232183,-2.258211,1.000000,0.820000,0.620000,0.100000,-0.100000,1.258587
488,-1.000725,-1.847912,-3.589450,1.259606,0.248540,-2.220319,1.000000,0.800000,0.620000,0.100000,-0.100000,1.259606
489,-1.013155,-1.844697,-3.611653,1.260325,0.264059,-2.185609,1.000000,0.800000,0.600000,0.100000,-0.200000,1.260325
490,-1.025587,-1.841343,-3.633509,1.259865,0.277613,-2.205282,1.000000,0.800000,0.600000,0.100000,-0.200000,1.259865
491,-1.038003,-1.837840,-3.655562,1.259034,0.291184,-2.223465,1.000000,0.800000,0.580000,0.100000,-0.200000,1.259034
492,-1.050398,-1.834185,-3.677796,1.257830,0.304756,-2.240377,1.000000,0.800000,0.620000,0.100000,-0.100000,1.257830
493,-1.062768,-1.830379,-3.700200,1.257173,0.319346,-2.212189,1.000000,0.800000,0.620000,0.100000,-0.100000,1.257173
494,-1.075121,-1.826424,-3.722322,1.256262,0.333309,-2.186595,1.000000,0.800000,0.600000,0.100000,-0.200000,1.256262
495,-1.087453,-1.822319,-3.744188,1.254187,0.345787,-2.202281,0.420000,0.800000,0.600000,0.100000,-0.200000,1.254187
496,-1.099746,-1.818059,-3.766211,1.251770,0.358264,-2.217289,0.420000,0.800000,0.600000,0.100000,-0.200000,1.251770
497,-1.111995,-1.813645,-3.788384,1.249011,0.370730,-2.231736,0.400000,0.800000,0.580000,0.100000,-0.200000,1.249011
498,-1.124197,-1.809076,-3.810701,1.245908,0.383177,-2.245730,0.400000,0.800000,0.620000,0.100000,-0.100000,1.245908
499,-1.136346,-1.804354,-3.833158,1.243399,0.396333,-2.227903,0.380000,0.800000,0.620000,0.100000,-0.100000,1.243399
500,-1.148451,-1.799477,-3.855437,1.240653,0.409040,-2.212101,0.380000,0.800000,0.620000,0.100000,-0.100000,1.240653
501,-1.160507,-1.794445,-3.877558,1.237680,0.421331,-2.198184,0.360000,0.800000,0.600000,0.100000,-0.200000,1.237680
502,-1.172508,-1.789260,-3.899540,1.233539,0.432624,-2.212278,0.360000,0.820000,0.640000,0.100000,-0.100000,1.233539
503,-1.184441,-1.783922,-3.921663,1.230026,0.444484,-2.201351,0.340000,0.820000,0.640000,0.100000,-0.100000,1.230026
504,-1.196311,-1.778430,-3.943677,1.226292,0.456004,-2.192041,0.340000,0.820000,0.640000,0.100000,-0.100000,1.226292
505,-1.208114,-1.772786,-3.965597,1.222339,0.467207,-2.184252,0.340000,0.820000,0.640000,0.100000,-0.100000,1.222339
506,-1.219846,-1.766989,-3.987439,1.218170,0.478116,-2.177902,0.320000,0.840000,0.620000,0.100000,-0.100000,1.218170
507,-1.231503,-1.761041,-4.009218,1.213787,0.488753,-2.172915,0.320000,0.840000,0.620000,0.100000,-0.100000,1.213787
508,-1.243080,-1.754943,-4.030948,1.209191,0.499137,-2.169224,0.320000,0.840000,0.620000,0.100000,-0.100000,1.209191
509,-1.254573,-1.748696,-4.052640,1.204383,0.509283,-2.166768,0.300000,0.860000,0.620000,0.100000,-0.100000,1.204383
510,-1.265979,-1.742301,-4.074308,1.199362,0.519210,-2.165494,0.300000,0.860000,0.620000,0.100000,-0.100000,1.199362
511,-1.277294,-1.735760,-4.095962,1.194128,0.528931,-2.165353,0.280000,0.880000,0.620000,0.100000,0.000000,1.194128
512,-1.288513,-1.729074,-4.117616,1.189553,0.539197,-2.134725,0.280000,0.860000,0.620000,0.100000,-0.100000,1.189553
513,-1.299644,-1.722243,-4.138963,1.184043,0.548185,-2.137020,0.280000,0.840000,0.620000,0.100000,-0.100000,1.184043
514,-1.310673,-1.715270,-4.160333,1.178326,0.557016,-2.140274,0.260000,0.840000,0.620000,0.100000,-0.100000,1.178326
515,-1.321595,-1.708158,-4.181736,1.172398,0.565699,-2.144458,0.260000,0.840000,0.620000,0.100000,-0.100000,1.172398
516,-1.332408,-1.700910,-4.203181,1.166257,0.574243,-2.149544,0.260000,0.860000,0.620000,0.100000,-0.100000,1.166257
517,-1.343107,-1.693526,-4.224676,1.159901,0.582657,-2.155508,0.240000,0.880000,0.620000,0.100000,0.000000,1.159901
518,-1.353689,-1.686010,-4.246231,1.154227,0.591522,-2.137798,0.240000,0.900000,0.620000,0.100000,0.000000,1.154227
519,-1.364161,-1.678358,-4.267609,1.148468,0.599979,-2.122157,0.240000,0.920000,0.620000,0.100000,0.000000,1.148468
520,-1.374519,-1.670572,-4.288831,1.142623,0.608060,-2.108440,0.220000,0.940000,0.620000,0.100000,0.000000,1.142623
521,-1.384758,-1.662655,-4.309915,1.136691,0.615791,-2.096520,0.220000,0.960000,0.620000,0.100000,0.000000,1.136691
522,-1.394877,-1.654608,-4.330880,1.130671,0.623197,-2.086281,1.000000,0.980000,0.620000,0.100000,0.100000,1.130671
523,-1.404870,-1.646434,-4.351743,1.125344,0.631160,-2.040818,1.000000,1.000000,0.620000,0.100000,0.100000,1.125344
524,-1.414747,-1.638132,-4.372151,1.120148,0.638407,-1.998529,1.000000,1.000000,0.620000,0.100000,0.100000,1.120148
525,-1.424503,-1.629703,-4.392137,1.115083,0.644989,-1.959076,0.700000,1.000000,0.620000,0.100000,0.100000,1.115083
526,-1.434135,-1.621150,-4.411727,1.110149,0.650955,-1.922168,0.580000,1.000000,0.620000,0.100000,0.100000,1.110149
527,-1.443641,-1.612474,-4.430949,1.105345,0.656346,-1.887546,0.520000,1.000000,0.620000,0.100000,0.100000,1.105345
528,-1.453016,-1.603679,-4.449825,1.100671,0.661202,-1.854984,0.500000,1.000000,0.640000,0.100000,0.100000,1.100671
529,-1.462258,-1.594765,-4.468374,1.096127,0.665555,-1.824280,0.480000,1.000000,0.640000,0.100000,0.100000,1.096127
530,-1.471365,-1.585737,-4.486617,1.091711,0.669439,-1.795257,0.480000,1.000000,0.640000,0.100000,0.100000,1.091711
531,-1.480333,-1.576595,-4.504570,1.087424,0.672880,-1.767754,0.460000,1.000000,0.640000,0.100000,0.100000,1.087424
532,-1.489161,-1.567343,-4.522247,1.083264,0.675904,-1.741627,0.460000,1.000000,0.660000,0.100000,0.100000,1.083264
533,-1.497845,-1.557983,-4.539664,1.079232,0.678535,-1.716745,0.460000,1.000000,0.660000,0.100000,0.100000,1.079232
534,-1.506385,-1.548518,-4.556831,1.075327,0.680795,-1.692990,0.460000,1.000000,0.640000,0.100000,0.100000,1.075327
535,-1.514776,-1.538949,-4.573761,1.071548,0.682702,-1.670254,0.440000,1.000000,0.640000,0.100000,0.100000,1.071548
536,-1.523019,-1.529280,-4.590464,1.067895,0.684276,-1.648437,0.440000,1.000000,0.620000,0.100000,0.100000,1.067895
537,-1.531109,-1.519512,-4.606948,1.064368,0.685531,-1.627449,0.440000,1.000000,0.600000,0.100000,0.100000,1.064368
538,-1.539047,-1.509649,-4.623222,1.060966,0.686483,-1.607204,0.440000,1.000000,0.600000,0.100000,0.100000,1.060966
539,-1.546829,-1.499693,-4.639294,1.057691,0.687145,-1.587623,0.440000,1.000000,0.600000,0.100000,0.100000,1.057691
540,-1.554455,-1.489646,-4.655171,1.054541,0.687532,-1.568634,0.440000,1.000000,0.600000,0.100000,0.100000,1.054541
541,-1.561922,-1.479511,-4.670857,1.051518,0.687653,-1.550167,0.440000,1.000000,0.620000,0.100000,0.100000,1.051518
542,-1.569229,-1.469291,-4.686359,1.048622,0.687520,-1.532157,0.440000,1.000000,0.620000,0.100000,0.100000,1.048622
543,-1.576375,-1.458987,-4.701680,1.045853,0.687142,-1.514543,0.440000,1.000000,0.640000,0.100000,0.100000,1.045853
544,-1.583358,-1.448603,-4.716826,1.043212,0.686528,-1.497266,0.440000,1.000000,0.640000,0.100000,0.100000,1.043212
545,-1.590177,-1.438140,-4.731798,1.040701,0.685686,-1.480269,0.440000,1.000000,0.660000,0.100000,0.100000,1.040701
546,-1.596830,-1.427602,-4.746601,1.038319,0.684625,-1.463500,0.440000,1.000000,0.660000,0.100000,0.100000,1.038319
547,-1.603317,-1.416991,-4.761236,1.036069,0.683350,-1.446906,0.420000,1.000000,0.680000,0.100000,0.100000,1.036069
548,-1.609637,-1.406309,-4.775705,1.033952,0.681867,-1.430437,0.420000,1.000000,0.700000,0.100000,0.100000,1.033952
549,-1.615788,-1.395559,-4.790009,1.031969,0.680182,-1.414045,0.420000,1.000000,0.700000,0.100000,0.100000,1.031969
550,-1.621769,-1.384742,-4.804150,1.030121,0.678300,-1.397680,0.420000,1.000000,0.720000,0.100000,0.100000,1.030121
551,-1.627579,-1.373863,-4.818127,1.028412,0.676226,-1.381297,0.420000,1.000000,0.740000,0.100000,0.100000,1.028412
552,-1.633218,-1.362923,-4.831940,1.026843,0.673962,-1.364849,0.420000,1.000000,0.780000,0.100000,0.100000,1.026843
553,-1.638685,-1.351924,-4.845588,1.025415,0.671513,-1.348289,0.420000,1.000000,0.800000,0.100000,0.100000,1.025415
554,-1.643979,-1.340869,-4.859071,1.024132,0.668881,-1.331572,0.420000,1.000000,0.820000,0.200000,0.200000,1.024132
555,-1.649099,-1.329760,-4.872387,1.030676,0.667041,-1.273043,0.420000,1.000000,0.860000,0.200000,0.200000,1.030676
556,-1.654042,-1.318522,-4.885117,1.037627,0.664721,-1.213442,0.420000,1.000000,0.900000,0.200000,0.200000,1.037627
557,-1.658807,-1.307157,-4.897252,1.044996,0.661915,-1.152574,0.420000,1.000000,0.900000,0.200000,0.200000,1.044996
558,-1.663393,-1.295669,-4.908777,1.052791,0.658612,-1.090237,0.420000,1.000000,0.900000,0.200000,0.200000,1.052791
559,-1.667798,-1.284058,-4.919680,1.061024,0.654799,-1.026224,0.420000,1.000000,0.880000,0.200000,0.200000,1.061024
560,-1.672022,-1.272327,-4.929942,1.069705,0.650461,-0.960320,0.420000,1.000000,0.880000,0.200000,0.200000,1.069705
561,-1.676065,-1.260479,-4.939545,1.078845,0.645578,-0.892300,0.420000,1.000000,0.860000,0.200000,0.200000,1.078845
562,-1.679925,-1.248513,-4.948468,1.088456,0.640130,-0.821929,0.420000,1.000000,0.860000,0.200000,0.200000,1.088456
563,-1.683603,-1.236434,-4.956687,1.098548,0.634092,-0.748960,0.420000,1.000000,0.900000,0.200000,0.200000,1.098548
564,-1.687098,-1.224241,-4.964177,1.109134,0.627436,-0.673131,0.420000,1.000000,0.940000,0.300000,0.300000,1.109134
565,-1.690412,-1.211936,-4.970908,1.127416,0.621921,-0.517515,0.420000,1.000000,0.980000,0.300000,0.300000,1.127416
566,-1.693542,-1.199446,-4.976084,1.146653,0.614952,-0.356794,0.420000,1.000000,1.000000,0.300000,0.300000,1.146653
567,-1.696490,-1.186773,-4.979651,1.166857,0.606448,-0.190131,0.420000,1.000000,1.000000,0.300000,0.300000,1.166857
568,-1.699258,-1.173917,-4.981553,1.188035,0.596315,-0.016672,0.420000,1.000000,1.000000,0.300000,0.300000,1.188035
569,-1.701847,-1.160879,-4.981720,1.210189,0.584443,0.164452,0.420000,1.000000,0.980000,0.300000,0.300000,1.210189
570,-1.704260,-1.147658,-4.980075,1.233317,0.570709,0.354110,0.440000,1.000000,0.960000,0.300000,0.300000,1.233317
571,-1.706502,-1.134255,-4.976534,1.257407,0.554973,0.553153,0.440000,1.000000,0.900000,0.200000,0.200000,1.257407
572,-1.708576,-1.120668,-4.971002,1.275521,0.534795,0.664578,0.440000,1.000000,0.820000,0.200000,0.200000,1.275521
573,-1.710485,-1.106969,-4.964357,1.294053,0.513507,0.784403,0.440000,1.000000,0.740000,0.100000,0.100000,1.294053
574,-1.712231,-1.093157,-4.956513,1.305639,0.489187,0.835004,0.460000,1.000000,0.720000,0.100000,0.100000,1.305639
575,-1.713822,-1.079305,-4.948163,1.317253,0.464512,0.890575,0.540000,1.000000,0.720000,0.100000,0.100000,1.317253
576,-1.715262,-1.065412,-4.939257,1.328887,0.439451,0.951024,0.540000,1.000000,0.700000,0.100000,0.100000,1.328887
577,-1.716555,-1.051475,-4.929747,1.340530,0.413977,1.016138,0.560000,1.000000,0.700000,0.100000,0.100000,1.340530
578,-1.717706,-1.037493,-4.919585,1.352163,0.388070,1.085552,0.560000,1.000000,0.680000,0.100000,0.100000,1.352163
579,-1.718722,-1.023462,-4.908730,1.363763,0.361719,1.158720,0.580000,1.000000,0.680000,0.100000,0.100000,1.363763
580,-1.719610,-1.009381,-4.897142,1.375299,0.334926,1.234884,0.600000,1.000000,0.640000,0.000000,0.100000,1.375299
581,-1.720375,-0.995247,-4.884794,1.379734,0.307710,1.313054,0.600000,1.000000,0.600000,0.000000,0.100000,1.379734
582,-1.721040,-0.981126,-4.871663,1.384030,0.280151,1.391581,0.620000,1.000000,0.560000,0.000000,0.100000,1.384030
583,-1.721611,-0.967017,-4.857747,1.388137,0.252322,1.469109,0.640000,1.000000,0.520000,0.000000,0.100000,1.388137
584,-1.722097,-0.952916,-4.843056,1.392004,0.224318,1.544114,0.740000,1.000000,0.480000,0.000000,0.100000,1.392004
585,-1.722507,-0.938822,-4.827615,1.395575,0.196251,1.614985,0.760000,1.000000,0.460000,0.000000,0.100000,1.395575
586,-1.722852,-0.924734,-4.811465,1.398799,0.168253,1.680155,0.800000,1.000000,0.420000,0.000000,0.100000,1.398799
587,-1.723143,-0.910648,-4.794664,1.401624,0.140466,1.738235,0.820000,1.000000,0.400000,0.000000,0.100000,1.401624
588,-1.723391,-0.896563,-4.777281,1.404007,0.113036,1.788167,0.860000,1.000000,0.380000,0.000000,0.100000,1.404007
589,-1.723608,-0.882480,-4.759400,1.405912,0.086105,1.829317,1.000000,1.000000,0.340000,0.000000,0.100000,1.405912
590,-1.723808,-0.868396,-4.741106,1.407314,0.059803,1.861524,1.000000,1.000000,0.340000,0.000000,0.100000,1.407314
591,-1.724001,-0.854311,-4.722491,1.408198,0.034240,1.885072,1.000000,1.000000,0.320000,0.000000,0.100000,1.408198
592,-1.724202,-0.840226,-4.703640,1.408561,0.009508,1.900601,1.000000,1.000000,0.300000,0.000000,0.100000,1.408561
593,-1.724420,-0.826142,-4.684634,1.408406,-0.014330,1.908996,1.000000,0.740000,0.280000,0.000000,-0.300000,1.408406
594,-1.724667,-0.812060,-4.665544,1.405748,-0.046537,1.513166,1.000000,0.700000,0.260000,0.000000,-0.400000,1.405748
595,-1.724861,-0.797996,-4.650413,1.401681,-0.073090,1.079384,1.000000,0.680000,0.260000,0.000000,-0.400000,1.401681
596,-1.725000,-0.783961,-4.639619,1.397631,-0.092989,0.642509,1.000000,0.680000,0.260000,0.000000,-0.400000,1.397631
597,-1.725088,-0.769954,-4.633194,1.393868,-0.106390,0.209204,1.000000,0.660000,0.260000,0.000000,-0.400000,1.393868
598,-1.725130,-0.755974,-4.631102,1.390566,-0.113541,-0.214995,1.000000,0.660000,0.240000,0.000000,-0.400000,1.390566
599,-1.725128,-0.742022,-4.633252,1.387798,-0.114767,-0.625389,1.000000,0.640000,0.260000,0.000000,-0.400000,1.387798
600,-1.725081,-0.728097,-4.639506,1.385554,-0.110456,-1.017829,1.000000,0.640000,0.260000,0.000000,-0.400000,1.385554
601,-1.724988,-0.714198,-4.649684,1.383744,-0.101047,-1.388513,1.000000,0.620000,0.260000,0.000000,-0.400000,1.383744
602,-1.724847,-0.700324,-4.663569,1.382220,-0.087021,-1.733907,1.000000,0.620000,0.260000,0.000000,-0.400000,1.382220
603,-1.724652,-0.686476,-4.680908,1.380786,-0.068891,-2.050842,1.000000,0.660000,0.280000,0.000000,-0.400000,1.380786
604,-1.724398,-0.672654,-4.701417,1.379225,-0.047195,-2.336765,1.000000,1.000000,0.300000,0.000000,0.100000,1.379225
605,-1.724078,-0.658857,-4.724784,1.379659,-0.010667,-2.085222,1.000000,1.000000,0.320000,0.000000,0.100000,1.379659
606,-1.723800,-0.645063,-4.745636,1.379287,0.020989,-1.831448,1.000000,1.000000,0.340000,0.000000,0.100000,1.379287
607,-1.723551,-0.631271,-4.763951,1.378379,0.047880,-1.581418,0.980000,1.000000,0.360000,0.000000,0.100000,1.378379
608,-1.723319,-0.617480,-4.779765,1.377165,0.070217,-1.339297,0.940000,1.000000,0.360000,0.000000,0.100000,1.377165
609,-1.723092,-0.603693,-4.793158,1.375828,0.088280,-1.107605,0.920000,1.000000,0.340000,0.000000,0.100000,1.375828
610,-1.722862,-0.589908,-4.804234,1.374508,0.102387,-0.887581,0.900000,1.000000,0.340000,0.000000,0.100000,1.374508
611,-1.722621,-0.576127,-4.813110,1.373302,0.112864,-0.679596,0.880000,1.000000,0.320000,0.000000,0.100000,1.373302
612,-1.722363,-0.562350,-4.819906,1.372274,0.120032,-0.483498,0.860000,1.000000,0.300000,0.000000,0.100000,1.372274
613,-1.722084,-0.548578,-4.824741,1.371462,0.124199,-0.298869,0.860000,1.000000,0.300000,0.000000,0.100000,1.371462
614,-1.721781,-0.534810,-4.827730,1.370881,0.125654,-0.125204,0.860000,1.000000,0.280000,0.000000,0.100000,1.370881
615,-1.721451,-0.521048,-4.828982,1.370529,0.124668,0.037985,0.840000,1.000000,0.280000,0.000000,0.100000,1.370529
616,-1.721095,-0.507291,-4.828602,1.370389,0.121493,0.191110,0.840000,1.000000,0.280000,0.000000,0.100000,1.370389
617,-1.720713,-0.493538,-4.826691,1.370438,0.116367,0.334482,0.860000,1.000000,0.280000,0.000000,0.100000,1.370438
618,-1.720306,-0.479791,-4.823346,1.370641,0.109513,0.468311,0.860000,1.000000,0.280000,0.000000,0.100000,1.370641
619,-1.719877,-0.466047,-4.818663,1.370961,0.101143,0.592722,0.860000,1.000000,0.280000,0.000000,0.100000,1.370961
620,-1.719428,-0.452308,-4.812736,1.371357,0.091458,0.707779,0.880000,1.000000,0.280000,0.000000,0.100000,1.371357
621,-1.718964,-0.438572,-4.805658,1.371787,0.080652,0.813520,0.880000,1.000000,0.260000,0.000000,0.100000,1.371787
622,-1.718490,-0.424838,-4.797523,1.372208,0.068908,0.909991,0.900000,1.000000,0.260000,0.000000,0.100000,1.372208
623,-1.718009,-0.411107,-4.788423,1.372579,0.056400,0.997277,0.920000,1.000000,0.260000,0.000000,0.100000,1.372579
624,-1.717529,-0.397378,-4.778450,1.372864,0.043291,1.075530,0.940000,1.000000,0.240000,0.000000,0.100000,1.372864
625,-1.717055,-0.383651,-4.767695,1.373028,0.029734,1.144989,0.960000,1.000000,0.240000,0.000000,0.100000,1.373028
626,-1.716593,-0.369925,-4.756245,1.373042,0.015868,1.205984,0.980000,1.000000,0.240000,0.000000,0.100000,1.373042
627,-1.716149,-0.356201,-4.744185,1.372880,0.001820,1.258937,1.000000,1.000000,0.220000,0.000000,0.100000,1.372880
628,-1.715731,-0.342479,-4.731595,1.372523,-0.012296,1.304351,1.000000,1.000000,0.220000,0.000000,0.100000,1.372523
629,-1.715345,-0.328758,-4.718552,1.371956,-0.026382,1.342789,1.000000,1.000000,0.220000,0.000000,0.100000,1.371956
630,-1.714996,-0.315041,-4.705124,1.371168,-0.040353,1.374854,1.000000,0.980000,0.200000,0.000000,0.100000,1.371168
631,-1.714692,-0.301326,-4.691376,1.370153,-0.054138,1.401169,1.000000,0.980000,0.200000,0.000000,0.100000,1.370153
632,-1.714439,-0.287617,-4.677364,1.368909,-0.067675,1.422352,1.000000,0.820000,0.200000,0.000000,-0.100000,1.368909
633,-1.714242,-0.273912,-4.663140,1.367542,-0.086846,1.185447,1.000000,0.600000,0.180000,0.000000,-0.500000,1.367542
634,-1.714048,-0.260211,-4.651286,1.362192,-0.107699,0.714869,1.000000,0.480000,0.180000,0.000000,-0.600000,1.362192
635,-1.713805,-0.246548,-4.644137,1.356135,-0.121836,0.243522,1.000000,0.440000,0.180000,0.000000,-0.700000,1.356135
636,-1.713514,-0.232935,-4.641702,1.349638,-0.129234,-0.213245,1.000000,0.420000,0.180000,0.000000,-0.700000,1.349638
637,-1.713178,-0.219381,-4.643834,1.343747,-0.130562,-0.661094,1.000000,0.440000,0.180000,0.000000,-0.700000,1.343747
638,-1.712796,-0.205886,-4.650445,1.338469,-0.126139,-1.093968,1.000000,0.500000,0.180000,0.000000,-0.600000,1.338469
639,-1.712366,-0.192449,-4.661385,1.334723,-0.116534,-1.513453,1.000000,0.600000,0.200000,0.000000,-0.500000,1.334723
640,-1.711882,-0.179060,-4.676520,1.332479,-0.101713,-1.896992,1.000000,0.860000,0.200000,0.000000,-0.100000,1.332479
641,-1.711344,-0.165707,-4.695489,1.334310,-0.074910,-1.923079,1.000000,0.860000,0.200000,0.000000,-0.100000,1.334310
642,-1.710820,-0.152353,-4.714720,1.335591,-0.049030,-1.940504,1.000000,0.860000,0.180000,0.000000,-0.100000,1.335591
643,-1.710299,-0.138998,-4.734125,1.336324,-0.024154,-1.949894,1.000000,1.000000,0.160000,0.000000,0.100000,1.336324
644,-1.709767,-0.125644,-4.753624,1.336189,0.005401,-1.706703,0.980000,1.000000,0.160000,0.000000,0.100000,1.336189
645,-1.709270,-0.112291,-4.770691,1.335558,0.030500,-1.466130,0.940000,1.000000,0.140000,0.000000,0.100000,1.335558
646,-1.708796,-0.098940,-4.785353,1.334635,0.051329,-1.232321,0.900000,1.000000,0.140000,0.000000,0.100000,1.334635
647,-1.708335,-0.085592,-4.797676,1.333585,0.068142,-1.007939,0.880000,1.000000,0.140000,0.000000,0.100000,1.333585
648,-1.707878,-0.072247,-4.807755,1.332531,0.081229,-0.794454,0.860000,1.000000,0.140000,0.000000,0.100000,1.332531
649,-1.707418,-0.058904,-4.815700,1.331562,0.090895,-0.592488,0.840000,1.000000,0.160000,0.000000,0.100000,1.331562
650,-1.706949,-0.045566,-4.821625,1.330734,0.097446,-0.402126,0.840000,1.000000,0.160000,0.000000,0.100000,1.330734
651,-1.706467,-0.032232,-4.825646,1.330082,0.101177,-0.223158,0.820000,1.000000,0.160000,0.000000,0.100000,1.330082
652,-1.705969,-0.018902,-4.827877,1.329616,0.102367,-0.055248,0.820000,1.000000,0.160000,0.000000,0.100000,1.329616
653,-1.705453,-0.005576,-4.828430,1.329333,0.101281,0.101966,0.820000,1.000000,0.160000,0.000000,0.100000,1.329333
654,-1.704920,0.007745,-4.827410,1.329218,0.098167,0.248808,0.820000,1.000000,0.160000,0.000000,0.100000,1.329218
655,-1.704370,0.021062,-4.824922,1.329247,0.093260,0.385546,0.820000,1.000000,0.160000,0.000000,0.100000,1.329247
656,-1.703804,0.034375,-4.821067,1.329389,0.086779,0.512387,0.840000,1.000000,0.160000,0.000000,0.100000,1.329389
657,-1.703225,0.047685,-4.815943,1.329609,0.078932,0.629489,0.840000,1.000000,0.160000,0.000000,0.100000,1.329609
658,-1.702635,0.060991,-4.809648,1.329872,0.069917,0.736992,0.840000,1.000000,0.160000,0.000000,0.100000,1.329872
659,-1.702040,0.074295,-4.802278,1.330139,0.059920,0.835035,0.860000,1.000000,0.160000,0.000000,0.100000,1.330139
660,-1.701443,0.087596,-4.793928,1.330375,0.049114,0.923790,0.980000,1.000000,0.160000,0.000000,0.100000,1.330375
661,-1.700849,0.100896,-4.784690,1.330545,0.037664,1.003480,0.980000,1.000000,0.160000,0.000000,0.100000,1.330545
662,-1.700263,0.114194,-4.774655,1.330619,0.025720,1.074398,1.000000,1.000000,0.160000,0.000000,0.100000,1.330619
663,-1.699692,0.127490,-4.763911,1.330569,0.013421,1.136911,1.000000,1.000000,0.140000,0.000000,0.100000,1.330569
664,-1.699141,0.140785,-4.752542,1.330372,0.000891,1.191457,1.000000,1.000000,0.140000,0.000000,0.100000,1.330372
665,-1.698615,0.154078,-4.740627,1.330009,-0.011757,1.238543,1.000000,1.000000,0.140000,0.000000,0.100000,1.330009
666,-1.698122,0.167370,-4.728242,1.329465,-0.024425,1.278720,1.000000,1.000000,0.140000,0.000000,0.100000,1.329465
667,-1.697667,0.180659,-4.715455,1.328730,-0.037030,1.312576,1.000000,1.000000,0.140000,0.000000,0.100000,1.328730
668,-1.697256,0.193945,-4.702329,1.327797,-0.049500,1.340708,1.000000,0.580000,0.140000,0.000000,-0.500000,1.327797
669,-1.696895,0.207227,-4.688922,1.322734,-0.072743,0.894514,1.000000,0.560000,0.120000,0.000000,-0.500000,1.322734
670,-1.696478,0.220468,-4.679977,1.317764,-0.089669,0.444453,1.000000,0.560000,0.120000,0.000000,-0.500000,1.317764
671,-1.696009,0.233668,-4.675532,1.313120,-0.100430,-0.002609,1.000000,0.540000,0.120000,0.000000,-0.600000,1.313120
672,-1.695489,0.246827,-4.675558,1.307881,-0.105331,-0.443414,1.000000,0.540000,0.120000,0.000000,-0.600000,1.307881
673,-1.694918,0.259936,-4.679992,1.303145,-0.104628,-0.871289,1.000000,0.520000,0.120000,0.000000,-0.600000,1.303145
674,-1.694295,0.272994,-4.688705,1.298882,-0.098679,-1.280462,1.000000,0.520000,0.140000,0.000000,-0.600000,1.298882
675,-1.693616,0.286003,-4.701510,1.294986,-0.087911,-1.665408,1.000000,0.500000,0.140000,0.000000,-0.600000,1.294986
676,-1.692877,0.298962,-4.718164,1.291294,-0.072804,-2.021019,1.000000,0.980000,0.140000,0.000000,0.100000,1.291294
677,-1.692075,0.311870,-4.738374,1.292079,-0.041121,-1.796917,1.000000,0.960000,0.160000,0.000000,0.000000,1.292079
678,-1.691328,0.324776,-4.756343,1.292675,-0.016192,-1.679762,1.000000,1.000000,0.160000,0.000000,0.100000,1.292675
679,-1.690598,0.337683,-4.773141,1.292375,0.008768,-1.446479,1.000000,1.000000,0.180000,0.000000,0.100000,1.292375
680,-1.689901,0.350588,-4.787606,1.291738,0.029649,-1.217908,1.000000,1.000000,0.180000,0.000000,0.100000,1.291738
681,-1.689226,0.363491,-4.799785,1.290924,0.046664,-0.997242,1.000000,1.000000,0.200000,0.000000,0.100000,1.290924
682,-1.688564,0.376392,-4.809757,1.290056,0.060073,-0.786459,1.000000,1.000000,0.200000,0.000000,0.100000,1.290056
683,-1.687908,0.389290,-4.817622,1.289226,0.070160,-0.586612,1.000000,1.000000,0.220000,0.000000,0.100000,1.289226
684,-1.687252,0.402185,-4.823488,1.288492,0.077216,-0.398118,0.880000,1.000000,0.220000,0.000000,0.100000,1.288492
685,-1.686590,0.415076,-4.827469,1.287893,0.081527,-0.221007,0.880000,1.000000,0.220000,0.000000,0.100000,1.287893
686,-1.685921,0.427963,-4.829679,1.287442,0.083370,-0.055102,1.000000,1.000000,0.240000,0.000000,0.100000,1.287442
687,-1.685243,0.440847,-4.830230,1.287142,0.083005,0.099863,1.000000,1.000000,0.240000,0.000000,0.100000,1.287142
688,-1.684554,0.453726,-4.829232,1.286981,0.080682,0.244171,1.000000,1.000000,0.240000,0.000000,0.100000,1.286981
689,-1.683855,0.466602,-4.826790,1.286938,0.076632,0.378086,1.000000,1.000000,0.240000,0.000000,0.100000,1.286938
690,-1.683147,0.479475,-4.823009,1.286988,0.071074,0.501844,1.000000,1.000000,0.240000,0.000000,0.100000,1.286988
691,-1.682433,0.492345,-4.817991,1.287099,0.064215,0.615661,1.000000,0.980000,0.240000,0.000000,0.100000,1.287099
692,-1.681715,0.505212,-4.811834,1.287241,0.056249,0.719747,1.000000,0.980000,0.240000,0.000000,0.100000,1.287241
693,-1.680996,0.518077,-4.804637,1.287381,0.047355,0.814327,1.000000,0.960000,0.220000,0.000000,0.000000,1.287381
694,-1.680282,0.530939,-4.796493,1.287625,0.034639,0.768545,1.000000,0.940000,0.220000,0.000000,0.000000,1.287625
695,-1.679545,0.543799,-4.788808,1.287750,0.023136,0.722351,1.000000,0.940000,0.220000,0.000000,0.000000,1.287750
696,-1.678793,0.556657,-4.781584,1.287775,0.012795,0.676236,1.000000,0.840000,0.220000,0.000000,-0.100000,1.287775
697,-1.678030,0.569512,-4.774822,1.287354,0.000689,0.507786,1.000000,0.840000,0.220000,0.000000,-0.100000,1.287354
698,-1.677234,0.582361,-4.769744,1.286885,-0.008722,0.345796,1.000000,0.820000,0.220000,0.000000,-0.100000,1.286885
699,-1.676409,0.595204,-4.766286,1.286412,-0.015641,0.191319,1.000000,0.820000,0.220000,0.000000,-0.100000,1.286412
700,-1.675560,0.608041,-4.764373,1.285964,-0.020276,0.045033,1.000000,0.800000,0.220000,0.000000,-0.200000,1.285964
701,-1.674689,0.620873,-4.763923,1.284799,-0.025285,-0.197301,1.000000,0.800000,0.220000,0.000000,-0.200000,1.284799
702,-1.673775,0.633691,-4.765896,1.283734,-0.027055,-0.427122,1.000000,0.780000,0.220000,0.000000,-0.200000,1.283734
703,-1.672818,0.646495,-4.770167,1.282764,-0.025885,-0.643175,1.000000,0.780000,0.220000,0.000000,-0.200000,1.282764
704,-1.671819,0.659286,-4.776599,1.281864,-0.022078,-0.844607,1.000000,0.760000,0.220000,0.000000,-0.300000,1.281864
705,-1.670776,0.672064,-4.785045,1.279964,-0.017697,-1.106142,1.000000,0.760000,0.200000,0.000000,-0.300000,1.279964
706,-1.669671,0.684818,-4.796106,1.278086,-0.010293,-1.349084,1.000000,0.820000,0.180000,0.000000,-0.100000,1.278086
707,-1.668499,0.697545,-4.809597,1.277898,0.004170,-1.384554,1.000000,0.820000,0.180000,0.000000,-0.100000,1.277898
708,-1.667301,0.710268,-4.823442,1.277483,0.018366,-1.413285,1.000000,0.800000,0.160000,0.000000,-0.200000,1.277483
709,-1.666067,0.722984,-4.837575,1.276082,0.029765,-1.541519,1.000000,0.840000,0.160000,0.000000,-0.100000,1.276082
710,-1.664769,0.735682,-4.852990,1.275218,0.044684,-1.552387,1.000000,0.820000,0.140000,0.000000,-0.100000,1.275218
711,-1.663425,0.748371,-4.868514,1.274088,0.059037,-1.558841,1.000000,0.820000,0.160000,0.000000,-0.100000,1.274088
712,-1.662027,0.761049,-4.884103,1.272701,0.072808,-1.561574,1.000000,0.860000,0.180000,0.000000,-0.100000,1.272701
713,-1.660569,0.773713,-4.899719,1.271069,0.085989,-1.561212,1.000000,0.840000,0.200000,0.000000,-0.100000,1.271069
714,-1.659047,0.786362,-4.915331,1.269204,0.098583,-1.558307,1.000000,0.880000,0.240000,0.000000,0.000000,1.269204
715,-1.657455,0.798992,-4.930914,1.267531,0.113378,-1.434258,1.000000,0.880000,0.280000,0.000000,0.000000,1.267531
716,-1.655814,0.811612,-4.945256,1.265767,0.125918,-1.318355,1.000000,0.860000,0.320000,0.000000,-0.100000,1.265767
717,-1.654118,0.824218,-4.958440,1.263496,0.133800,-1.322043,1.000000,0.900000,0.360000,0.000000,0.000000,1.263496
718,-1.652338,0.836799,-4.971660,1.261591,0.143980,-1.213964,1.000000,0.880000,0.440000,0.100000,0.000000,1.261591
719,-1.650495,0.849362,-4.983800,1.266707,0.152341,-1.112867,1.000000,0.880000,0.520000,0.000000,0.000000,1.266707
720,-1.648567,0.861974,-4.994929,1.264875,0.159167,-1.018377,1.000000,0.920000,0.520000,0.000000,0.000000,1.264875
721,-1.646569,0.874565,-5.005112,1.263117,0.164495,-0.929596,1.000000,0.900000,0.520000,0.100000,0.000000,1.263117
722,-1.644499,0.887133,-5.014408,1.268452,0.168464,-0.846009,1.000000,0.900000,0.500000,0.000000,0.000000,1.268452
723,-1.642335,0.899745,-5.022868,1.266890,0.171293,-0.767349,1.000000,0.900000,0.500000,0.000000,0.000000,1.266890
724,-1.640095,0.912331,-5.030542,1.265438,0.172994,-0.693020,1.000000,0.880000,0.480000,0.000000,0.000000,1.265438
725,-1.637780,0.924892,-5.037472,1.264102,0.173669,-0.622695,1.000000,0.880000,0.480000,0.000000,0.000000,1.264102
726,-1.635388,0.937425,-5.043699,1.262885,0.173411,-0.556103,1.000000,0.860000,0.540000,0.100000,-0.100000,1.262885
727,-1.632920,0.949931,-5.049260,1.268196,0.170079,-0.588305,1.000000,0.860000,0.540000,0.000000,-0.100000,1.268196
728,-1.630333,0.962463,-5.055143,1.266477,0.167310,-0.620024,1.000000,0.840000,0.520000,0.000000,-0.100000,1.266477
729,-1.627653,0.974953,-5.061343,1.264727,0.165010,-0.650782,1.000000,0.840000,0.520000,0.000000,-0.100000,1.264727
730,-1.624879,0.987402,-5.067851,1.262945,0.163152,-0.680502,1.000000,0.840000,0.500000,0.100000,-0.100000,1.262945
731,-1.622013,0.999810,-5.074656,1.268131,0.161706,-0.709120,1.000000,0.820000,0.500000,0.000000,-0.100000,1.268131
732,-1.619031,1.012241,-5.081747,1.266284,0.160725,-0.736960,1.000000,0.860000,0.480000,0.000000,-0.100000,1.266284
733,-1.615958,1.024630,-5.089117,1.264402,0.160104,-0.763578,1.000000,0.840000,0.560000,0.000000,-0.100000,1.264402
734,-1.612796,1.036977,-5.096753,1.262484,0.159815,-0.788947,1.000000,0.840000,0.540000,0.100000,-0.100000,1.262484
735,-1.609543,1.049280,-5.104642,1.267529,0.159829,-0.813054,1.000000,0.840000,0.540000,0.000000,-0.100000,1.267529
736,-1.606175,1.061603,-5.112773,1.265537,0.160207,-0.836283,1.000000,0.820000,0.520000,0.000000,-0.100000,1.265537
737,-1.602718,1.073882,-5.121136,1.263505,0.160838,-0.858220,1.000000,0.820000,0.520000,0.000000,-0.100000,1.263505
738,-1.599171,1.086116,-5.129718,1.261432,0.161696,-0.878878,1.000000,0.800000,0.500000,0.100000,-0.200000,1.261432
739,-1.595537,1.098303,-5.138507,1.265440,0.161226,-0.963820,1.000000,0.800000,0.540000,0.000000,-0.200000,1.265440
740,-1.591774,1.110492,-5.148145,1.262321,0.161869,-1.045840,1.000000,0.800000,0.520000,0.100000,-0.200000,1.262321
741,-1.587914,1.122619,-5.158603,1.266067,0.163467,-1.124043,1.000000,0.780000,0.520000,0.000000,-0.200000,1.266067
742,-1.583924,1.134745,-5.169844,1.262669,0.166044,-1.198828,1.000000,0.780000,0.500000,0.100000,-0.200000,1.262669
743,-1.579837,1.146807,-5.181832,1.266118,0.169427,-1.269443,1.000000,0.780000,0.500000,0.000000,-0.200000,1.266118
744,-1.575621,1.158865,-5.194526,1.262403,0.173652,-1.336436,1.000000,0.760000,0.520000,0.100000,-0.300000,1.262403
745,-1.571306,1.170855,-5.207891,1.264502,0.177699,-1.435035,1.000000,0.760000,0.520000,0.000000,-0.300000,1.264502
746,-1.566857,1.182824,-5.222241,1.259368,0.182908,-1.528735,1.000000,0.760000,0.520000,0.100000,-0.300000,1.259368
747,-1.562307,1.194709,-5.237528,1.260984,0.189069,-1.616616,1.000000,0.760000,0.500000,0.100000,-0.300000,1.260984
748,-1.557621,1.206568,-5.253695,1.262332,0.196218,-1.699360,1.000000,0.760000,0.540000,0.100000,-0.300000,1.262332
749,-1.552798,1.218397,-5.270688,1.263394,0.204275,-1.776946,1.000000,0.740000,0.520000,0.000000,-0.300000,1.263394
750,-1.547838,1.230195,-5.288458,1.257150,0.213163,-1.849433,1.000000,0.740000,0.520000,0.100000,-0.200000,1.257150
751,-1.542778,1.241899,-5.306952,1.258590,0.223396,-1.884507,1.000000,0.740000,0.560000,0.100000,-0.200000,1.258590
752,-1.537578,1.253576,-5.325797,1.259746,0.233887,-1.916891,1.000000,0.740000,0.540000,0.100000,-0.200000,1.259746
753,-1.532239,1.265223,-5.344966,1.260612,0.244602,-1.946824,1.000000,0.740000,0.580000,0.100000,-0.200000,1.260612
754,-1.526759,1.276836,-5.364434,1.261181,0.255509,-1.974538,1.000000,0.740000,0.580000,0.100000,-0.200000,1.261181
755,-1.521137,1.288411,-5.384180,1.261451,0.266582,-2.000251,1.000000,0.740000,0.560000,0.100000,-0.200000,1.261451
756,-1.515372,1.299944,-5.404182,1.261418,0.277796,-2.024166,1.000000,0.740000,0.560000,0.100000,-0.200000,1.261418
757,-1.509464,1.311430,-5.424424,1.261077,0.289128,-2.046478,1.000000,0.740000,0.560000,0.100000,-0.200000,1.261077
758,-1.503414,1.322866,-5.444888,1.260427,0.300559,-2.067363,1.000000,0.740000,0.600000,0.100000,-0.200000,1.260427
759,-1.497220,1.334247,-5.465562,1.259465,0.312071,-2.086989,1.000000,0.740000,0.580000,0.100000,-0.200000,1.259465
760,-1.490882,1.345570,-5.486432,1.258189,0.323648,-2.105509,1.000000,0.740000,0.580000,0.100000,-0.200000,1.258189
761,-1.484401,1.356830,-5.507487,1.256596,0.335276,-2.123063,1.000000,0.740000,0.580000,0.100000,-0.200000,1.256596
762,-1.477778,1.368022,-5.528718,1.254687,0.346942,-2.139782,1.000000,0.740000,0.580000,0.100000,-0.200000,1.254687
763,-1.471012,1.379143,-5.550116,1.252458,0.358635,-2.155785,1.000000,0.760000,0.580000,0.100000,-0.200000,1.252458
764,-1.464104,1.390189,-5.571673,1.249909,0.370345,-2.171182,1.000000,0.760000,0.560000,0.100000,-0.200000,1.249909
765,-1.457056,1.401156,-5.593385,1.247038,0.382062,-2.186072,1.000000,0.760000,0.560000,0.100000,-0.200000,1.247038
766,-1.449868,1.412039,-5.615246,1.243844,0.393779,-2.200548,1.000000,0.760000,0.560000,0.100000,-0.200000,1.243844
767,-1.442542,1.422834,-5.637251,1.240325,0.405487,-2.214692,1.000000,0.780000,0.560000,0.100000,-0.200000,1.240325
768,-1.435078,1.433538,-5.659398,1.236480,0.417181,-2.228582,1.000000,0.780000,0.560000,0.100000,-0.200000,1.236480
769,-1.427479,1.444147,-5.681684,1.232309,0.428854,-2.242287,1.000000,0.800000,0.560000,0.100000,-0.200000,1.232309
770,-1.419745,1.454656,-5.704107,1.227808,0.440500,-2.255870,1.000000,0.800000,0.560000,0.100000,-0.200000,1.227808
771,-1.411879,1.465062,-5.726666,1.222977,0.452115,-2.269390,1.000000,0.820000,0.560000,0.100000,-0.100000,1.222977
772,-1.403883,1.475361,-5.749360,1.218763,0.464222,-2.260259,1.000000,0.840000,0.560000,0.100000,-0.100000,1.218763
773,-1.395754,1.485559,-5.771962,1.214310,0.476000,-2.252760,1.000000,0.860000,0.560000,0.100000,-0.100000,1.214310
774,-1.387492,1.495652,-5.794490,1.209619,0.487473,-2.246800,1.000000,0.860000,0.560000,0.100000,-0.100000,1.209619
775,-1.379100,1.505635,-5.816958,1.204693,0.498663,-2.242299,1.000000,0.880000,0.560000,0.100000,0.000000,1.204693
776,-1.370580,1.515504,-5.839381,1.200388,0.510432,-2.203089,1.000000,0.920000,0.560000,0.100000,0.000000,1.200388
777,-1.361931,1.525268,-5.861412,1.196019,0.521491,-2.167466,1.000000,0.940000,0.560000,0.100000,0.000000,1.196019
778,-1.353154,1.534923,-5.883086,1.191594,0.531900,-2.135076,1.000000,0.960000,0.560000,0.100000,0.000000,1.191594
779,-1.344251,1.544463,-5.904437,1.187117,0.541711,-2.105613,1.000000,1.000000,0.560000,0.100000,0.100000,1.187117
780,-1.335224,1.553885,-5.925493,1.183279,0.552181,-2.027044,1.000000,1.000000,0.560000,0.100000,0.100000,1.183279
781,-1.326074,1.563201,-5.945764,1.179671,0.561476,-1.953930,1.000000,1.000000,0.560000,0.100000,0.100000,1.179671
782,-1.316801,1.572404,-5.965303,1.176299,0.569695,-1.885522,0.580000,1.000000,0.560000,0.100000,0.100000,1.176299
783,-1.307408,1.581492,-5.984158,1.173167,0.576923,-1.821182,0.520000,1.000000,0.560000,0.100000,0.100000,1.173167
784,-1.297896,1.590461,-6.002370,1.170280,0.583231,-1.760367,0.480000,1.000000,0.560000,0.100000,0.100000,1.170280
785,-1.288268,1.599309,-6.019974,1.167641,0.588686,-1.702607,0.480000,1.000000,0.560000,0.100000,0.100000,1.167641
786,-1.278526,1.608031,-6.037000,1.165254,0.593342,-1.647495,0.460000,1.000000,0.560000,0.100000,0.100000,1.165254
787,-1.268670,1.616625,-6.053475,1.163122,0.597250,-1.594671,0.460000,1.000000,0.580000,0.100000,0.100000,1.163122
788,-1.258705,1.625089,-6.069421,1.161246,0.600452,-1.543817,0.460000,1.000000,0.580000,0.100000,0.100000,1.161246
789,-1.248630,1.633420,-6.084860,1.159629,0.602987,-1.494649,0.460000,1.000000,0.580000,0.100000,0.100000,1.159629
790,-1.238449,1.641617,-6.099806,1.158273,0.604888,-1.446913,0.460000,1.000000,0.580000,0.100000,0.100000,1.158273
791,-1.228164,1.649676,-6.114275,1.157181,0.606184,-1.400375,0.460000,1.000000,0.580000,0.100000,0.100000,1.157181
792,-1.217776,1.657597,-6.128279,1.156355,0.606903,-1.354824,0.460000,1.000000,0.580000,0.100000,0.100000,1.156355
793,-1.207287,1.665378,-6.141827,1.155797,0.607065,-1.310062,0.460000,1.000000,0.580000,0.100000,0.100000,1.155797
794,-1.196700,1.673016,-6.154928,1.155511,0.606691,-1.265907,0.460000,1.000000,0.580000,0.100000,0.100000,1.155511
795,-1.186015,1.680511,-6.167587,1.155497,0.605798,-1.222187,0.460000,1.000000,0.580000,0.100000,0.100000,1.155497
796,-1.175236,1.687862,-6.179809,1.155761,0.604400,-1.178740,0.460000,1.000000,0.580000,0.100000,0.100000,1.155761
797,-1.164364,1.695066,-6.191596,1.156303,0.602509,-1.135409,0.460000,1.000000,0.580000,0.100000,0.100000,1.156303
798,-1.153401,1.702123,-6.202950,1.157129,0.600135,-1.092046,0.460000,1.000000,0.580000,0.100000,0.100000,1.157129
799,-1.142348,1.709033,-6.213871,1.158240,0.597285,-1.048507,0.480000,1.000000,0.580000,0.100000,0.100000,1.158240
800,-1.131207,1.715794,-6.224356,1.159640,0.593967,-1.004649,0.480000,1.000000,0.580000,0.100000,0.100000,1.159640
801,-1.119980,1.722405,-6.234402,1.161334,0.590183,-0.960334,0.480000,1.000000,0.580000,0.100000,0.100000,1.161334
802,-1.108668,1.728866,-6.244006,1.163324,0.585936,-0.915425,0.480000,1.000000,0.580000,0.100000,0.100000,1.163324
803,-1.097273,1.735176,-6.253160,1.165615,0.581226,-0.869786,0.480000,1.000000,0.580000,0.100000,0.100000,1.165615
804,-1.085797,1.741336,-6.261858,1.168210,0.576052,-0.823279,0.480000,1.000000,0.580000,0.100000,0.100000,1.168210
805,-1.074240,1.747344,-6.270091,1.171114,0.570411,-0.775769,0.480000,1.000000,0.580000,0.100000,0.100000,1.171114
806,-1.062605,1.753201,-6.277848,1.174330,0.564297,-0.727117,0.500000,1.000000,0.580000,0.100000,0.100000,1.174330
807,-1.050892,1.758907,-6.285119,1.177862,0.557706,-0.677183,0.500000,1.000000,0.580000,0.100000,0.100000,1.177862
808,-1.039102,1.764461,-6.291891,1.181715,0.550629,-0.625827,0.500000,1.000000,0.580000,0.100000,0.100000,1.181715
809,-1.027238,1.769864,-6.298150,1.185891,0.543055,-0.572906,0.500000,1.000000,0.580000,0.100000,0.100000,1.185891
810,-1.015299,1.775117,-6.303879,1.190394,0.534975,-0.518274,0.500000,1.000000,0.560000,0.100000,0.100000,1.190394
811,-1.003287,1.780219,-6.309061,1.195227,0.526375,-0.461786,0.520000,1.000000,0.560000,0.100000,0.100000,1.195227
812,-0.991202,1.785172,-6.313679,1.200393,0.517240,-0.403295,0.520000,1.000000,0.560000,0.100000,0.100000,1.200393
813,-0.979046,1.789976,-6.317712,1.205893,0.507556,-0.342655,0.520000,1.000000,0.560000,0.100000,0.100000,1.205893
814,-0.966819,1.794632,-6.321139,1.211729,0.497304,-0.279722,0.520000,1.000000,0.540000,0.100000,0.100000,1.211729
815,-0.954522,1.799142,-6.323936,1.217901,0.486466,-0.214353,0.540000,1.000000,0.540000,0.100000,0.100000,1.217901
816,-0.942155,1.803506,-6.326079,1.224407,0.475023,-0.146416,0.540000,1.000000,0.540000,0.100000,0.100000,1.224407
817,-0.929718,1.807727,-6.327544,1.231247,0.462954,-0.075787,0.540000,1.000000,0.520000,0.100000,0.100000,1.231247
818,-0.917213,1.811806,-6.328301,1.238415,0.450238,-0.002357,0.560000,1.000000,0.520000,0.100000,0.100000,1.238415
819,-0.904638,1.815745,-6.328325,1.245906,0.436852,0.073958,0.560000,1.000000,0.500000,0.100000,0.100000,1.245906
820,-0.891995,1.819547,-6.327585,1.253712,0.422777,0.153216,0.680000,1.000000,0.500000,0.100000,0.100000,1.253712
821,-0.879282,1.823214,-6.326053,1.261822,0.407992,0.235432,0.680000,1.000000,0.480000,0.100000,0.100000,1.261822
822,-0.866501,1.826750,-6.323699,1.270223,0.392479,0.320568,0.700000,1.000000,0.460000,0.000000,0.100000,1.270223
823,-0.853650,1.830157,-6.320493,1.271898,0.376222,0.408520,0.720000,1.000000,0.460000,0.000000,0.100000,1.271898
824,-0.840799,1.833442,-6.316408,1.273830,0.359192,0.498474,0.720000,1.000000,0.440000,0.000000,0.100000,1.273830
825,-0.827949,1.836609,-6.311423,1.275992,0.341402,0.590228,0.740000,1.000000,0.420000,0.000000,0.100000,1.275992
826,-0.815098,1.839661,-6.305521,1.278353,0.322872,0.683465,0.760000,1.000000,0.400000,0.000000,0.100000,1.278353
827,-0.802245,1.842604,-6.298686,1.280878,0.303633,0.777725,0.780000,1.000000,0.400000,0.000000,0.100000,1.280878
828,-0.789391,1.845441,-6.290909,1.283527,0.283722,0.872395,0.800000,1.000000,0.380000,0.000000,0.100000,1.283527
829,-0.776534,1.848179,-6.282185,1.286256,0.263194,0.966690,0.940000,1.000000,0.360000,0.000000,0.100000,1.286256
830,-0.763674,1.850824,-6.272518,1.289019,0.242114,1.059657,0.980000,1.000000,0.340000,0.000000,0.100000,1.289019
831,-0.750810,1.853382,-6.261922,1.291765,0.220563,1.150186,1.000000,1.000000,0.340000,0.000000,0.100000,1.291765
832,-0.737943,1.855862,-6.250420,1.294441,0.198639,1.237055,1.000000,1.000000,0.320000,0.000000,0.100000,1.294441
833,-0.725070,1.858272,-6.238049,1.296995,0.176454,1.318989,1.000000,1.000000,0.300000,0.000000,0.100000,1.296995
834,-0.712193,1.860620,-6.224859,1.299374,0.154132,1.394753,1.000000,1.000000,0.300000,0.000000,0.100000,1.299374
835,-0.699311,1.862916,-6.210912,1.301529,0.131805,1.463253,1.000000,0.980000,0.280000,0.000000,0.100000,1.301529
836,-0.686425,1.865170,-6.196279,1.303415,0.109609,1.523634,1.000000,0.800000,0.260000,0.000000,-0.200000,1.303415
837,-0.673535,1.867393,-6.181043,1.303480,0.081008,1.290198,1.000000,0.680000,0.260000,0.000000,-0.300000,1.303480
838,-0.660651,1.869528,-6.168141,1.301975,0.055415,1.006578,1.000000,0.660000,0.240000,0.000000,-0.300000,1.301975
839,-0.647781,1.871573,-6.158075,1.300057,0.034189,0.712527,1.000000,0.660000,0.240000,0.000000,-0.300000,1.300057
840,-0.634925,1.873535,-6.150950,1.297896,0.017339,0.413741,1.000000,0.640000,0.220000,0.000000,-0.400000,1.297896
841,-0.622082,1.875418,-6.146813,1.294552,0.004131,0.087426,1.000000,0.640000,0.220000,0.000000,-0.400000,1.294552
842,-0.609262,1.877219,-6.145938,1.291194,-0.004644,-0.236475,1.000000,0.620000,0.220000,0.000000,-0.400000,1.291194
843,-0.596465,1.878939,-6.148303,1.287893,-0.009173,-0.553093,1.000000,0.620000,0.220000,0.000000,-0.400000,1.287893
844,-0.583691,1.880580,-6.153834,1.284670,-0.009699,-0.858177,1.000000,0.600000,0.220000,0.000000,-0.500000,1.284670
845,-0.570939,1.882141,-6.162416,1.280417,-0.006849,-1.162505,1.000000,0.600000,0.220000,0.000000,-0.500000,1.280417
846,-0.558220,1.883616,-6.174041,1.276175,-0.000457,-1.449018,1.000000,0.580000,0.220000,0.000000,-0.500000,1.276175
847,-0.545534,1.885002,-6.188531,1.271867,0.009132,-1.714752,1.000000,0.560000,0.220000,0.000000,-0.500000,1.271867
848,-0.532881,1.886295,-6.205679,1.267391,0.021553,-1.957556,1.000000,0.660000,0.220000,0.000000,-0.300000,1.267391
849,-0.520261,1.887491,-6.225254,1.264847,0.037690,-2.122437,1.000000,0.880000,0.240000,0.000000,0.000000,1.264847
850,-0.507656,1.888599,-6.246478,1.263910,0.062347,-1.962449,1.000000,1.000000,0.240000,0.000000,0.100000,1.263910
851,-0.495048,1.889686,-6.266103,1.262264,0.086792,-1.683854,1.000000,1.000000,0.260000,0.100000,0.100000,1.262264
852,-0.482442,1.890770,-6.282941,1.267454,0.106620,-1.420611,1.000000,1.000000,0.260000,0.000000,0.100000,1.267454
853,-0.469768,1.891839,-6.297148,1.265653,0.122345,-1.174120,1.000000,1.000000,0.280000,0.000000,0.100000,1.265653
854,-0.457096,1.892886,-6.308889,1.263986,0.134221,-0.943523,0.980000,1.000000,0.280000,0.000000,0.100000,1.263986
855,-0.444425,1.893902,-6.318324,1.262535,0.142626,-0.727962,0.960000,1.000000,0.280000,0.100000,0.100000,1.262535
856,-0.431758,1.894884,-6.325604,1.268348,0.147908,-0.526324,0.940000,1.000000,0.280000,0.000000,0.100000,1.268348
857,-0.419023,1.895824,-6.330867,1.267445,0.150462,-0.337577,0.940000,1.000000,0.300000,0.000000,0.100000,1.267445
858,-0.406291,1.896723,-6.334243,1.266833,0.150492,-0.160548,0.920000,1.000000,0.300000,0.000000,0.100000,1.266833
859,-0.393563,1.897579,-6.335848,1.266499,0.148266,0.005593,0.920000,1.000000,0.300000,0.000000,0.100000,1.266499
860,-0.380837,1.898393,-6.335792,1.266422,0.144026,0.161481,0.920000,1.000000,0.280000,0.000000,0.100000,1.266422
861,-0.368115,1.899166,-6.334177,1.266570,0.138001,0.307559,1.000000,1.000000,0.280000,0.000000,0.100000,1.266570
862,-0.355395,1.899898,-6.331102,1.266906,0.130403,0.444092,1.000000,1.000000,0.280000,0.000000,0.100000,1.266906
863,-0.342678,1.900594,-6.326661,1.267387,0.121434,0.571209,1.000000,1.000000,0.280000,0.000000,0.100000,1.267387
864,-0.329963,1.901256,-6.320949,1.267970,0.111285,0.688933,1.000000,1.000000,0.260000,0.000000,0.100000,1.267970
865,-0.317251,1.901890,-6.314059,1.268609,0.100141,0.797234,1.000000,1.000000,0.260000,0.000000,0.100000,1.268609
866,-0.304540,1.902499,-6.306087,1.269260,0.088179,0.896074,1.000000,1.000000,0.260000,0.000000,0.100000,1.269260
867,-0.291830,1.903090,-6.297126,1.269881,0.075566,0.985452,1.000000,1.000000,0.240000,0.000000,0.100000,1.269881
868,-0.279122,1.903669,-6.287272,1.270432,0.062461,1.065442,1.000000,1.000000,0.240000,0.000000,0.100000,1.270432
869,-0.266416,1.904241,-6.276617,1.270877,0.049012,1.136223,1.000000,0.860000,0.240000,0.000000,-0.100000,1.270877
870,-0.253710,1.904815,-6.265255,1.270833,0.029645,0.953842,1.000000,0.860000,0.220000,0.000000,-0.100000,1.270833
871,-0.241009,1.905339,-6.255717,1.270561,0.013418,0.773746,1.000000,0.840000,0.220000,0.000000,-0.100000,1.270561
872,-0.228312,1.905822,-6.247979,1.270153,0.000184,0.598346,1.000000,0.840000,0.220000,0.000000,-0.100000,1.270153
873,-0.215619,1.906271,-6.241996,1.269680,-0.010241,0.429408,1.000000,0.820000,0.200000,0.000000,-0.100000,1.269680
874,-0.202928,1.906692,-6.237702,1.269195,-0.018060,0.268146,1.000000,0.780000,0.200000,0.000000,-0.200000,1.269195
875,-0.190241,1.907088,-6.235020,1.267965,-0.025887,0.012752,1.000000,0.720000,0.200000,0.000000,-0.300000,1.267965
876,-0.177564,1.907440,-6.234893,1.265805,-0.031871,-0.301010,1.000000,0.720000,0.200000,0.000000,-0.300000,1.265805
877,-0.164905,1.907733,-6.237903,1.263798,-0.033824,-0.601649,1.000000,0.760000,0.200000,0.000000,-0.300000,1.263798
878,-0.152265,1.907967,-6.243919,1.261939,-0.032068,-0.886329,1.000000,0.780000,0.200000,0.100000,-0.200000,1.261939
879,-0.139643,1.908142,-6.252783,1.268213,-0.025118,-1.074479,1.000000,0.760000,0.200000,0.000000,-0.300000,1.268213
880,-0.126959,1.908276,-6.263528,1.266439,-0.017937,-1.324626,1.000000,0.760000,0.220000,0.000000,-0.300000,1.266439
881,-0.114293,1.908346,-6.276774,1.264632,-0.008021,-1.554455,1.000000,0.740000,0.220000,0.000000,-0.300000,1.264632
882,-0.101647,1.908347,-6.292318,1.262702,0.004272,-1.763233,1.000000,0.900000,0.220000,0.100000,0.000000,1.262702
883,-0.089020,1.908274,-6.309951,1.269490,0.026017,-1.633256,1.000000,0.880000,0.220000,0.000000,0.000000,1.269490
884,-0.076322,1.908195,-6.326283,1.268928,0.045176,-1.508953,1.000000,0.880000,0.200000,0.000000,0.000000,1.268928
885,-0.063626,1.908099,-6.341373,1.268108,0.061824,-1.390493,1.000000,0.940000,0.180000,0.000000,0.000000,1.268108
886,-0.050930,1.907979,-6.355278,1.267112,0.076165,-1.278308,1.000000,0.940000,0.180000,0.000000,0.000000,1.267112
887,-0.038237,1.907826,-6.368061,1.266001,0.088397,-1.172477,1.000000,0.920000,0.160000,0.000000,0.000000,1.266001
888,-0.025547,1.907634,-6.379786,1.264828,0.098708,-1.072857,1.000000,1.000000,0.160000,0.000000,0.100000,1.264828
889,-0.012863,1.907396,-6.390514,1.263489,0.110340,-0.848054,1.000000,0.980000,0.160000,0.000000,0.100000,1.263489
890,-0.000183,1.907140,-6.398995,1.262317,0.118588,-0.637355,1.000000,0.980000,0.160000,0.100000,0.100000,1.262317
891,0.012493,1.906859,-6.405368,1.268361,0.123788,-0.440084,1.000000,0.960000,0.160000,0.000000,0.000000,1.268361
892,0.025233,1.906542,-6.409769,1.267679,0.123290,-0.384971,1.000000,0.960000,0.160000,0.000000,0.000000,1.267679
893,0.037964,1.906164,-6.413619,1.267067,0.122113,-0.333287,1.000000,0.940000,0.180000,0.000000,0.000000,1.267067
894,0.050686,1.905727,-6.416952,1.266523,0.120330,-0.284903,1.000000,1.000000,0.180000,0.000000,0.100000,1.266523
895,0.063398,1.905231,-6.419801,1.266007,0.121035,-0.110440,1.000000,1.000000,0.180000,0.000000,0.100000,1.266007
896,0.076105,1.904705,-6.420905,1.265714,0.119499,0.052670,1.000000,1.000000,0.180000,0.000000,0.100000,1.265714
897,0.088807,1.904152,-6.420378,1.265626,0.115974,0.204945,1.000000,0.900000,0.180000,0.000000,0.000000,1.265626
898,0.101503,1.903569,-6.418329,1.265727,0.107694,0.218375,1.000000,0.900000,0.180000,0.000000,0.000000,1.265727
899,0.114190,1.902931,-6.416145,1.265825,0.099623,0.229302,1.000000,0.880000,0.180000,0.000000,0.000000,1.265825
900,0.126868,1.902241,-6.413852,1.265917,0.091789,0.237814,1.000000,0.880000,0.180000,0.000000,0.000000,1.265917
901,0.139539,1.901501,-6.411474,1.265998,0.084217,0.244024,1.000000,0.860000,0.180000,0.000000,-0.100000,1.265998
902,0.152203,1.900717,-6.409034,1.265586,0.074329,0.136846,1.000000,0.860000,0.180000,0.000000,-0.100000,1.265586
903,0.164852,1.899866,-6.407665,1.265094,0.066193,0.031944,1.000000,0.840000,0.200000,0.000000,-0.100000,1.265094
904,0.177487,1.898952,-6.407346,1.264542,0.059710,-0.069811,1.000000,0.840000,0.200000,0.000000,-0.100000,1.264542
905,0.190109,1.897978,-6.408044,1.263946,0.054775,-0.167717,1.000000,0.820000,0.200000,0.000000,-0.100000,1.263946
906,0.202718,1.896948,-6.409721,1.263315,0.051271,-0.261233,1.000000,0.820000,0.200000,0.000000,-0.100000,1.263315
907,0.215315,1.895862,-6.412333,1.262654,0.049082,-0.349963,1.000000,0.800000,0.200000,0.100000,-0.200000,1.262654
908,0.227900,1.894723,-6.415833,1.268150,0.045981,-0.523664,1.000000,0.800000,0.220000,0.000000,-0.200000,1.268150
909,0.240531,1.893501,-6.421070,1.266600,0.045161,-0.689319,1.000000,0.780000,0.220000,0.000000,-0.200000,1.266600
910,0.253139,1.892207,-6.427963,1.264996,0.046392,-0.845601,1.000000,0.780000,0.240000,0.000000,-0.200000,1.264996
911,0.265723,1.890842,-6.436419,1.263321,0.049474,-0.991827,1.000000,0.840000,0.260000,0.000000,-0.100000,1.263321
912,0.278284,1.889402,-6.446337,1.262351,0.056422,-1.032842,1.000000,0.840000,0.280000,0.100000,-0.100000,1.262351
913,0.290831,1.887908,-6.456666,1.268277,0.063551,-1.069028,1.000000,0.820000,0.300000,0.000000,-0.100000,1.268277
914,0.303433,1.886345,-6.467356,1.267093,0.070888,-1.101236,1.000000,0.900000,0.320000,0.000000,0.000000,1.267093
915,0.316020,1.884722,-6.478368,1.266175,0.081134,-1.007661,1.000000,0.900000,0.360000,0.000000,0.000000,1.266175
916,0.328599,1.883062,-6.488445,1.265221,0.089705,-0.919360,1.000000,0.880000,0.380000,0.000000,0.000000,1.265221
917,0.341168,1.881361,-6.497638,1.264259,0.096752,-0.836146,1.000000,0.960000,0.380000,0.000000,0.000000,1.264259
918,0.353727,1.879616,-6.506000,1.263314,0.102415,-0.757789,1.000000,0.960000,0.360000,0.000000,0.000000,1.263314
919,0.366274,1.877823,-6.513578,1.262402,0.106822,-0.684045,1.000000,0.940000,0.360000,0.100000,0.000000,1.262402
920,0.378808,1.875981,-6.520418,1.268535,0.110093,-0.614673,1.000000,0.940000,0.340000,0.000000,0.000000,1.268535
921,0.391397,1.874069,-6.526565,1.267721,0.112406,-0.549708,1.000000,0.920000,0.340000,0.000000,0.000000,1.267721
922,0.403972,1.872105,-6.532062,1.266966,0.113787,-0.488640,1.000000,0.920000,0.320000,0.000000,0.000000,1.266966
923,0.416531,1.870087,-6.536948,1.266273,0.114330,-0.431287,1.000000,0.900000,0.320000,0.000000,0.000000,1.266273
924,0.429076,1.868015,-6.541261,1.265643,0.114119,-0.377486,1.000000,0.900000,0.300000,0.000000,0.000000,1.265643
925,0.441604,1.865888,-6.545036,1.265075,0.113236,-0.327096,1.000000,0.880000,0.320000,0.000000,0.000000,1.265075
926,0.454117,1.863707,-6.548307,1.264568,0.111754,-0.279989,1.000000,0.880000,0.360000,0.000000,0.000000,1.264568
927,0.466613,1.861472,-6.551107,1.264119,0.109743,-0.236054,1.000000,0.860000,0.400000,0.000000,-0.100000,1.264119
928,0.479094,1.859184,-6.553468,1.263222,0.104730,-0.303735,1.000000,0.860000,0.420000,0.000000,-0.100000,1.263222
929,0.491547,1.856821,-6.556505,1.262278,0.100752,-0.369261,1.000000,0.840000,0.420000,0.100000,-0.100000,1.262278
930,0.503974,1.854383,-6.560198,1.268291,0.097740,-0.432311,1.000000,0.840000,0.400000,0.000000,-0.100000,1.268291
931,0.516440,1.851855,-6.564521,1.267262,0.095678,-0.492960,1.000000,0.820000,0.400000,0.000000,-0.100000,1.267262
932,0.528880,1.849256,-6.569450,1.266191,0.094448,-0.550662,1.000000,0.820000,0.380000,0.000000,-0.100000,1.266191
933,0.541294,1.846586,-6.574957,1.265076,0.093978,-0.605283,1.000000,0.820000,0.380000,0.000000,-0.100000,1.265076
934,0.553680,1.843847,-6.581010,1.263917,0.094196,-0.656740,1.000000,0.800000,0.360000,0.000000,-0.200000,1.263917
935,0.566039,1.841039,-6.587577,1.261868,0.093148,-0.785662,1.000000,0.840000,0.360000,0.100000,-0.100000,1.261868
936,0.578357,1.838146,-6.595434,1.267557,0.095610,-0.826435,1.000000,0.820000,0.340000,0.000000,-0.100000,1.267557
937,0.590713,1.835162,-6.603698,1.266185,0.098542,-0.864420,1.000000,0.820000,0.420000,0.000000,-0.100000,1.266185
938,0.603041,1.832108,-6.612342,1.264748,0.101812,-0.899277,1.000000,0.820000,0.400000,0.000000,-0.100000,1.264748
939,0.615338,1.828983,-6.621335,1.263244,0.105367,-0.931142,1.000000,0.800000,0.400000,0.000000,-0.200000,1.263244
940,0.627605,1.825786,-6.630646,1.260824,0.107292,-1.039994,1.000000,0.800000,0.380000,0.100000,-0.200000,1.260824
941,0.639825,1.822502,-6.641046,1.265272,0.110458,-1.142298,1.000000,0.780000,0.380000,0.000000,-0.200000,1.265272
942,0.652063,1.819105,-6.652469,1.262574,0.114840,-1.238465,1.000000,0.780000,0.360000,0.100000,-0.200000,1.262574
943,0.664252,1.815618,-6.664854,1.266711,0.120224,-1.327800,1.000000,0.780000,0.360000,0.000000,-0.200000,1.266711
944,0.676456,1.812016,-6.678132,1.263667,0.126605,-1.410993,1.000000,0.820000,0.420000,0.000000,-0.100000,1.263667
945,0.688607,1.808322,-6.692242,1.261274,0.135588,-1.409555,1.000000,0.800000,0.420000,0.100000,-0.200000,1.261274
946,0.700718,1.804550,-6.706338,1.264884,0.142416,-1.482489,1.000000,0.840000,0.420000,0.000000,-0.100000,1.264884
947,0.712836,1.800654,-6.721162,1.262141,0.151753,-1.475590,1.000000,0.840000,0.400000,0.100000,-0.100000,1.262141
948,0.724910,1.796676,-6.735918,1.266253,0.160632,-1.467939,1.000000,0.840000,0.480000,0.000000,-0.100000,1.266253
949,0.736999,1.792581,-6.750598,1.263232,0.169199,-1.460161,1.000000,0.820000,0.460000,0.000000,-0.100000,1.263232
950,0.749039,1.788400,-6.765199,1.260084,0.177335,-1.451904,1.000000,0.820000,0.460000,0.100000,-0.100000,1.260084
951,0.761026,1.784130,-6.779718,1.263818,0.185054,-1.443296,1.000000,0.860000,0.440000,0.000000,-0.100000,1.263818
952,0.773020,1.779736,-6.794151,1.260444,0.192502,-1.434835,1.000000,0.860000,0.520000,0.100000,-0.100000,1.260444
953,0.784956,1.775252,-6.808500,1.263967,0.199562,-1.426178,1.000000,0.860000,0.500000,0.000000,-0.100000,1.263967
954,0.796892,1.770640,-6.822761,1.260395,0.206376,-1.417758,1.000000,0.860000,0.500000,0.100000,-0.100000,1.260395
955,0.808765,1.765935,-6.836939,1.263733,0.212829,-1.409247,1.000000,0.840000,0.580000,0.000000,-0.100000,1.263733
956,0.820633,1.761099,-6.851032,1.259988,0.219062,-1.401029,1.000000,0.900000,0.560000,0.100000,0.000000,1.259988
957,0.832434,1.756170,-6.865042,1.263783,0.227059,-1.302910,1.000000,0.880000,0.560000,0.000000,0.000000,1.263783
958,0.844240,1.751121,-6.878071,1.260688,0.233623,-1.210887,1.000000,0.880000,0.560000,0.100000,0.000000,1.260688
959,0.855991,1.745991,-6.890180,1.264724,0.238754,-1.124186,1.000000,0.880000,0.540000,0.000000,0.000000,1.264724
960,0.867740,1.740738,-6.901422,1.261903,0.242692,-1.042164,1.000000,0.880000,0.540000,0.100000,0.000000,1.261903
961,0.879430,1.735402,-6.911843,1.266238,0.245420,-0.964298,1.000000,0.880000,0.520000,0.000000,0.000000,1.266238
962,0.891115,1.729940,-6.921486,1.263735,0.247142,-0.890099,1.000000,0.860000,0.560000,0.000000,-0.100000,1.263735
963,0.902737,1.724396,-6.930387,1.260726,0.245972,-0.898639,1.000000,0.860000,0.560000,0.100000,-0.100000,1.260726
964,0.914278,1.718756,-6.939374,1.264708,0.244895,-0.906862,1.000000,0.860000,0.540000,0.000000,-0.100000,1.264708
965,0.925792,1.712981,-6.948442,1.261682,0.244002,-0.915036,1.000000,0.840000,0.540000,0.100000,-0.100000,1.261682
966,0.937225,1.707112,-6.957593,1.265645,0.243192,-0.922881,1.000000,0.840000,0.520000,0.000000,-0.100000,1.265645
967,0.948629,1.701109,-6.966821,1.262597,0.242554,-0.930669,1.000000,0.840000,0.520000,0.100000,-0.100000,1.262597
968,0.959950,1.695015,-6.976128,1.266538,0.241987,-0.938120,1.000000,0.840000,0.520000,0.000000,-0.100000,1.266538
969,0.971240,1.688786,-6.985509,1.263467,0.241583,-0.945509,1.000000,0.820000,0.500000,0.000000,-0.100000,1.263467
970,0.982445,1.682468,-6.994964,1.260382,0.241239,-0.952555,1.000000,0.820000,0.500000,0.100000,-0.100000,1.260382
971,0.993565,1.676062,-7.004490,1.264284,0.240948,-0.959264,1.000000,0.820000,0.480000,0.000000,-0.100000,1.264284
972,1.004650,1.669522,-7.014083,1.261174,0.240803,-0.965914,1.000000,0.820000,0.520000,0.100000,-0.100000,1.261174
973,1.015648,1.662897,-7.023742,1.265049,0.240701,-0.972226,1.000000,0.800000,0.520000,0.000000,-0.200000,1.265049
974,1.026609,1.656138,-7.033464,1.261002,0.239584,-1.027785,1.000000,0.800000,0.500000,0.100000,-0.200000,1.261002
975,1.037467,1.649292,-7.043742,1.263836,0.239125,-1.081747,1.000000,0.800000,0.540000,0.000000,-0.200000,1.263836
976,1.048271,1.642313,-7.054559,1.259549,0.239388,-1.134479,1.000000,0.800000,0.540000,0.100000,-0.200000,1.259549
977,1.058970,1.635248,-7.065904,1.262135,0.240238,-1.185336,1.000000,0.780000,0.540000,0.100000,-0.200000,1.262135
978,1.069613,1.628051,-7.077757,1.264591,0.241745,-1.234732,1.000000,0.780000,0.520000,0.000000,-0.200000,1.264591
979,1.080197,1.620721,-7.090105,1.259909,0.243878,-1.282569,1.000000,0.780000,0.520000,0.100000,-0.200000,1.259909
980,1.090674,1.613309,-7.102930,1.262082,0.246490,-1.328284,1.000000,0.780000,0.520000,0.100000,-0.200000,1.262082
981,1.101088,1.605766,-7.116213,1.264108,0.249660,-1.372352,1.000000,0.780000,0.500000,0.000000,-0.200000,1.264108
982,1.111438,1.598091,-7.129937,1.258978,0.253357,-1.414737,1.000000,0.780000,0.540000,0.100000,-0.200000,1.258978
983,1.121676,1.590338,-7.144084,1.260687,0.257425,-1.454962,1.000000,0.780000,0.540000,0.100000,-0.200000,1.260687
984,1.131845,1.582455,-7.158634,1.262230,0.261953,-1.493532,1.000000,0.780000,0.540000,0.100000,-0.200000,1.262230
985,1.141943,1.574441,-7.173569,1.263600,0.266913,-1.530463,1.000000,0.780000,0.540000,0.000000,-0.200000,1.263600
986,1.151967,1.566298,-7.188874,1.257793,0.272276,-1.565782,1.000000,0.780000,0.520000,0.100000,-0.200000,1.257793
987,1.161872,1.558081,-7.204532,1.258801,0.277880,-1.599106,1.000000,0.780000,0.520000,0.100000,-0.200000,1.258801
988,1.171698,1.549737,-7.220523,1.259621,0.283829,-1.630944,1.000000,0.800000,0.560000,0.100000,-0.200000,1.259621
989,1.181441,1.541264,-7.236832,1.260249,0.290100,-1.661350,1.000000,0.800000,0.560000,0.100000,-0.200000,1.260249
990,1.191100,1.532665,-7.253446,1.260679,0.296667,-1.690383,1.000000,0.800000,0.560000,0.100000,-0.200000,1.260679
991,1.200672,1.523941,-7.270349,1.260906,0.303510,-1.718107,1.000000,0.800000,0.560000,0.100000,-0.200000,1.260906
992,1.210153,1.515092,-7.287530,1.260926,0.310607,-1.744589,1.000000,0.820000,0.560000,0.100000,-0.100000,1.260926
993,1.219541,1.506119,-7.304976,1.261655,0.318889,-1.729233,1.000000,0.820000,0.560000,0.100000,-0.100000,1.261655
994,1.228845,1.497020,-7.322269,1.262281,0.326849,-1.714909,1.000000,0.920000,0.560000,0.100000,0.000000,1.262281
995,1.238062,1.487797,-7.339418,1.263540,0.336064,-1.635089,1.000000,0.920000,0.540000,0.000000,0.000000,1.263540
996,1.247206,1.478452,-7.355769,1.257909,0.344088,-1.560186,1.000000,0.940000,0.540000,0.100000,0.000000,1.257909
997,1.256239,1.469046,-7.371371,1.259405,0.350872,-1.489830,1.000000,0.940000,0.540000,0.100000,0.000000,1.259405
998,1.265192,1.459519,-7.386269,1.261042,0.356653,-1.423129,1.000000,0.960000,0.540000,0.100000,0.000000,1.261042
999,1.274061,1.449871,-7.400500,1.262831,0.361504,-1.359605,1.000000,0.980000,0.540000,0.100000,0.100000,1.262831
