step,x,y,mu,vx,vy,omega,lidar_l,lidar_c,lidar_r,throttle,steering,reward
0,-1.587172,-1.281498,1.492034,0.000000,0.000000,0.000000,0.380000,1.000000,0.800000,0.050000,0.150000,0.000000
1,-1.587172,-1.281498,1.492034,0.003500,0.000000,0.000000,0.380000,1.000000,0.800000,0.050000,0.150000,0.003500
2,-1.587169,-1.281463,1.492034,0.007000,0.000000,0.000000,0.380000,1.000000,0.800000,0.050000,0.150000,0.007000
3,-1.587163,-1.281393,1.492034,0.010500,0.000000,0.000000,0.380000,1.000000,0.800000,0.050000,0.150000,0.010500
4,-1.587155,-1.281289,1.492034,0.013358,0.004249,0.181709,0.380000,1.000000,0.800000,0.050000,0.150000,0.013358
5,-1.587187,-1.281152,1.493851,0.018170,-0.000399,-0.382253,0.380000,1.000000,0.800000,0.050000,0.150000,0.018170
6,-1.587169,-1.280971,1.490028,0.020233,0.001327,0.407486,0.360000,1.000000,0.800000,0.050000,0.150000,0.020233
7,-1.587166,-1.280769,1.494103,0.024998,0.000699,-0.328191,0.380000,1.000000,0.800000,0.050000,0.150000,0.024998
8,-1.587154,-1.280519,1.490821,0.027174,0.002008,0.411773,0.360000,1.000000,0.800000,0.050000,0.150000,0.027174
9,-1.587152,-1.280246,1.494939,0.031793,0.001944,-0.262921,0.380000,1.000000,0.780000,0.050000,0.100000,0.031793
10,-1.587147,-1.279928,1.492310,0.034610,0.001861,0.362905,0.380000,1.000000,0.800000,0.050000,0.150000,0.034610
11,-1.587139,-1.279581,1.495939,0.038907,0.003091,-0.181322,0.380000,1.000000,0.780000,0.050000,0.100000,0.038907
12,-1.587140,-1.279191,1.494125,0.041959,0.001652,0.295490,0.380000,1.000000,0.800000,0.050000,0.150000,0.041959
13,-1.587125,-1.278771,1.497080,0.045864,0.004178,-0.075781,0.380000,1.000000,0.780000,0.050000,0.100000,0.045864
14,-1.587133,-1.278311,1.496323,0.049187,0.001594,0.210211,0.380000,1.000000,0.780000,0.050000,0.100000,0.049187
15,-1.587112,-1.277819,1.498425,0.052859,0.003244,-0.028882,0.380000,1.000000,0.780000,0.050000,0.100000,0.052859
16,-1.587106,-1.277290,1.498136,0.056191,0.002321,0.168929,0.380000,1.000000,0.780000,0.050000,0.100000,0.056191
17,-1.587088,-1.276728,1.499825,0.059780,0.003307,0.038110,0.380000,1.000000,0.780000,0.050000,0.100000,0.059780
18,-1.587079,-1.276129,1.500206,0.063200,0.002931,0.129429,0.380000,1.000000,0.780000,0.050000,0.100000,0.063200
19,-1.587064,-1.275496,1.501501,0.066720,0.003407,0.087107,0.380000,1.000000,0.780000,0.050000,0.100000,0.066720
20,-1.587051,-1.274829,1.502372,0.070187,0.003425,0.115324,0.380000,1.000000,0.760000,0.050000,0.100000,0.070187
21,-1.587038,-1.274126,1.503525,0.073679,0.003649,0.111368,0.380000,1.000000,0.760000,0.050000,0.100000,0.073679
22,-1.587024,-1.273388,1.504639,0.077161,0.003792,0.119896,0.380000,1.000000,0.760000,0.050000,0.100000,0.077161
23,-1.587011,-1.272616,1.505837,0.080646,0.003960,0.124359,0.380000,1.000000,0.760000,0.050000,0.100000,0.080646
24,-1.586998,-1.271809,1.507081,0.084131,0.004120,0.129904,0.380000,1.000000,0.760000,0.050000,0.100000,0.084131
25,-1.586986,-1.270966,1.508380,0.087615,0.004280,0.135211,0.380000,1.000000,0.760000,0.050000,0.100000,0.087615
26,-1.586974,-1.270089,1.509732,0.091100,0.004438,0.140553,0.380000,1.000000,0.760000,0.050000,0.100000,0.091100
27,-1.586963,-1.269177,1.511138,0.094584,0.004596,0.145885,0.380000,1.000000,0.740000,0.050000,0.050000,0.094584
28,-1.586952,-1.268230,1.512597,0.098157,0.003212,0.085382,0.380000,1.000000,0.740000,0.050000,0.050000,0.098157
29,-1.586927,-1.267249,1.513450,0.101671,0.002746,0.081631,0.380000,1.000000,0.740000,0.050000,0.050000,0.101671
30,-1.586896,-1.266232,1.514267,0.105172,0.002638,0.082156,0.380000,1.000000,0.740000,0.050000,0.050000,0.105172
31,-1.586863,-1.265180,1.515088,0.108670,0.002647,0.084045,0.380000,1.000000,0.740000,0.050000,0.050000,0.108670
32,-1.586829,-1.264094,1.515929,0.112166,0.002696,0.086408,0.400000,1.000000,0.740000,0.050000,0.050000,0.112166
33,-1.586795,-1.262973,1.516793,0.115662,0.002760,0.088945,0.400000,1.000000,0.740000,0.050000,0.050000,0.115662
34,-1.586760,-1.261816,1.517682,0.119157,0.002829,0.091548,0.400000,1.000000,0.740000,0.050000,0.050000,0.119157
35,-1.586725,-1.260625,1.518598,0.122652,0.002899,0.094175,0.400000,1.000000,0.740000,0.050000,0.050000,0.122652
36,-1.586690,-1.259398,1.519539,0.126147,0.002970,0.096812,0.400000,1.000000,0.720000,0.050000,0.000000,0.126147
37,-1.586655,-1.258137,1.520508,0.129649,0.001500,0.033589,0.400000,1.000000,0.720000,0.050000,0.000000,0.129649
38,-1.586605,-1.256841,1.520843,0.133148,0.000762,0.013337,0.400000,1.000000,0.720000,0.050000,0.000000,0.133148
39,-1.586546,-1.255511,1.520977,0.136647,0.000394,0.005920,0.400000,1.000000,0.720000,0.050000,0.000000,0.136647
40,-1.586482,-1.254146,1.521036,0.140145,0.000208,0.002849,0.400000,1.000000,0.720000,0.050000,0.000000,0.140145
41,-1.586414,-1.252746,1.521065,0.143643,0.000112,0.001452,0.400000,1.000000,0.720000,0.050000,0.000000,0.143643
42,-1.586344,-1.251312,1.521079,0.147142,0.000061,0.000771,0.400000,1.000000,0.720000,0.050000,0.000000,0.147142
43,-1.586271,-1.249842,1.521087,0.150640,0.000034,0.000422,0.400000,1.000000,0.720000,0.050000,0.000000,0.150640
44,-1.586197,-1.248338,1.521091,0.154138,0.000019,0.000237,0.400000,1.000000,0.720000,0.050000,0.000000,0.154138
45,-1.586120,-1.246798,1.521093,0.157636,0.000011,0.000136,0.400000,1.000000,0.720000,0.050000,0.000000,0.157636
46,-1.586042,-1.245224,1.521095,0.161134,0.000007,0.000079,0.400000,1.000000,0.720000,0.050000,0.000000,0.161134
47,-1.585962,-1.243614,1.521096,0.164631,0.000004,0.000047,0.400000,1.000000,0.720000,0.050000,0.000000,0.164631
48,-1.585880,-1.241970,1.521096,0.168129,0.000002,0.000028,0.400000,1.000000,0.720000,0.050000,0.000000,0.168129
49,-1.585797,-1.240291,1.521096,0.171627,0.000001,0.000017,0.400000,1.000000,0.720000,0.050000,0.000000,0.171627
50,-1.585712,-1.238577,1.521096,0.175124,0.000001,0.000011,0.400000,1.000000,0.720000,0.050000,0.000000,0.175124
51,-1.585625,-1.236828,1.521097,0.178622,0.000001,0.000007,0.400000,1.000000,0.720000,0.050000,0.000000,0.178622
52,-1.585536,-1.235044,1.521097,0.182119,0.000000,0.000004,0.400000,1.000000,0.720000,0.050000,0.000000,0.182119
53,-1.585445,-1.233225,1.521097,0.185616,0.000000,0.000003,0.400000,1.000000,0.720000,0.050000,0.000000,0.185616
54,-1.585353,-1.231371,1.521097,0.189113,0.000000,0.000002,0.400000,1.000000,0.720000,0.050000,0.000000,0.189113
55,-1.585259,-1.229482,1.521097,0.192610,0.000000,0.000001,0.400000,1.000000,0.720000,0.050000,0.000000,0.192610
56,-1.585163,-1.227558,1.521097,0.196107,0.000000,0.000001,0.400000,1.000000,0.720000,0.050000,0.000000,0.196107
57,-1.585066,-1.225600,1.521097,0.199604,0.000000,0.000000,0.400000,1.000000,0.720000,0.050000,0.000000,0.199604
58,-1.584967,-1.223606,1.521097,0.203100,0.000000,0.000000,0.400000,1.000000,0.720000,0.050000,0.000000,0.203100
59,-1.584866,-1.221577,1.521097,0.206597,0.000000,0.000000,0.400000,1.000000,0.720000,0.050000,0.000000,0.206597
60,-1.584763,-1.219514,1.521097,0.210093,0.000000,0.000000,0.400000,1.000000,0.720000,0.050000,0.000000,0.210093
61,-1.584659,-1.217416,1.521097,0.213589,0.000000,0.000000,0.400000,1.000000,0.720000,0.050000,0.000000,0.213589
62,-1.584553,-1.215282,1.521097,0.217085,0.000000,0.000000,0.400000,1.000000,0.740000,0.050000,0.050000,0.217085
63,-1.584445,-1.213114,1.521097,0.220504,0.001535,0.065642,0.400000,1.000000,0.740000,0.050000,0.050000,0.220504
64,-1.584351,-1.210911,1.521753,0.223948,0.002550,0.106267,0.400000,1.000000,0.720000,0.050000,0.000000,0.223948
65,-1.584266,-1.208673,1.522816,0.227447,0.001680,0.065864,0.400000,1.000000,0.720000,0.050000,0.000000,0.227447
66,-1.584174,-1.206401,1.523474,0.230943,0.001115,0.041324,0.400000,1.000000,0.720000,0.050000,0.000000,0.230943
67,-1.584076,-1.204093,1.523888,0.234439,0.000746,0.026243,0.400000,1.000000,0.720000,0.050000,0.000000,0.234439
68,-1.583974,-1.201751,1.524150,0.237935,0.000502,0.016861,0.400000,1.000000,0.720000,0.050000,0.000000,0.237935
69,-1.583868,-1.199374,1.524319,0.241430,0.000341,0.010954,0.400000,1.000000,0.720000,0.050000,0.000000,0.241430
70,-1.583759,-1.196962,1.524428,0.244925,0.000233,0.007192,0.400000,1.000000,0.720000,0.050000,0.000000,0.244925
71,-1.583648,-1.194515,1.524500,0.248420,0.000160,0.004770,0.400000,1.000000,0.720000,0.050000,0.000000,0.248420
72,-1.583534,-1.192034,1.524548,0.251915,0.000110,0.003194,0.400000,1.000000,0.720000,0.050000,0.000000,0.251915
73,-1.583419,-1.189517,1.524580,0.255409,0.000077,0.002157,0.400000,1.000000,0.720000,0.050000,0.000000,0.255409
74,-1.583302,-1.186966,1.524601,0.258904,0.000054,0.001470,0.400000,1.000000,0.720000,0.050000,0.000000,0.258904
75,-1.583183,-1.184380,1.524616,0.262398,0.000038,0.001009,0.400000,1.000000,0.720000,0.050000,0.000000,0.262398
76,-1.583062,-1.181758,1.524626,0.265892,0.000026,0.000698,0.400000,1.000000,0.720000,0.050000,0.000000,0.265892
77,-1.582940,-1.179102,1.524633,0.269386,0.000019,0.000487,0.400000,1.000000,0.720000,0.050000,0.000000,0.269386
78,-1.582815,-1.176411,1.524638,0.272880,0.000013,0.000341,0.380000,1.000000,0.720000,0.050000,0.000000,0.272880
79,-1.582690,-1.173685,1.524641,0.276374,0.000009,0.000241,0.380000,1.000000,0.720000,0.050000,0.000000,0.276374
80,-1.582562,-1.170925,1.524644,0.279867,0.000007,0.000171,0.380000,1.000000,0.720000,0.050000,0.000000,0.279867
81,-1.582433,-1.168129,1.524646,0.283360,0.000005,0.000122,0.380000,1.000000,0.720000,0.050000,0.000000,0.283360
82,-1.582302,-1.165298,1.524647,0.286853,0.000003,0.000088,0.380000,1.000000,0.720000,0.050000,0.000000,0.286853
83,-1.582170,-1.162433,1.524648,0.290346,0.000003,0.000063,0.380000,1.000000,0.720000,0.050000,0.000000,0.290346
84,-1.582036,-1.159532,1.524648,0.293839,0.000002,0.000046,0.380000,1.000000,0.720000,0.050000,0.000000,0.293839
85,-1.581901,-1.156597,1.524649,0.297332,0.000001,0.000033,0.380000,1.000000,0.720000,0.050000,0.000000,0.297332
86,-1.581764,-1.153627,1.524649,0.300824,0.000001,0.000024,0.380000,1.000000,0.720000,0.050000,0.000000,0.300824
87,-1.581625,-1.150622,1.524649,0.304317,0.000001,0.000018,0.380000,1.000000,0.720000,0.050000,0.000000,0.304317
88,-1.581484,-1.147582,1.524650,0.307809,0.000000,0.000013,0.380000,1.000000,0.740000,0.050000,0.050000,0.307809
89,-1.581342,-1.144507,1.524650,0.311224,0.001535,0.065652,0.380000,1.000000,0.740000,0.050000,0.050000,0.311224
90,-1.581214,-1.141398,1.525306,0.314656,0.002600,0.113597,0.380000,1.000000,0.720000,0.050000,0.000000,0.314656
91,-1.581097,-1.138253,1.526442,0.318151,0.001787,0.082692,0.380000,1.000000,0.720000,0.050000,0.000000,0.318151
92,-1.580974,-1.135074,1.527269,0.321644,0.001218,0.060317,0.380000,1.000000,0.720000,0.050000,0.000000,0.321644
93,-1.580846,-1.131860,1.527872,0.325136,0.000820,0.044077,0.380000,1.000000,0.720000,0.050000,0.000000,0.325136
94,-1.580715,-1.128611,1.528313,0.328627,0.000543,0.032263,0.380000,1.000000,0.720000,0.050000,0.000000,0.328627
95,-1.580581,-1.125328,1.528636,0.332118,0.000352,0.023648,0.380000,1.000000,0.720000,0.050000,0.000000,0.332118
96,-1.580444,-1.122009,1.528872,0.335609,0.000221,0.017352,0.380000,1.000000,0.720000,0.050000,0.000000,0.335609
97,-1.580306,-1.118656,1.529046,0.339099,0.000131,0.012742,0.380000,1.000000,0.720000,0.050000,0.000000,0.339099
98,-1.580165,-1.115268,1.529173,0.342589,0.000072,0.009361,0.380000,1.000000,0.720000,0.050000,0.000000,0.342589
99,-1.580024,-1.111845,1.529267,0.346079,0.000032,0.006878,0.380000,1.000000,0.720000,0.050000,0.000000,0.346079
100,-1.579880,-1.108387,1.529335,0.349569,0.000007,0.005052,0.380000,1.000000,0.720000,0.050000,0.000000,0.349569
101,-1.579735,-1.104895,1.529386,0.353059,-0.000009,0.003708,0.380000,1.000000,0.720000,0.050000,0.000000,0.353059
102,-1.579589,-1.101367,1.529423,0.356548,-0.000018,0.002717,0.380000,1.000000,0.720000,0.050000,0.000000,0.356548
103,-1.579442,-1.097805,1.529450,0.360037,-0.000022,0.001988,0.380000,1.000000,0.720000,0.050000,0.000000,0.360037
104,-1.579292,-1.094207,1.529470,0.363526,-0.000024,0.001451,0.380000,1.000000,0.720000,0.050000,0.000000,0.363526
105,-1.579142,-1.090575,1.529485,0.367015,-0.000024,0.001055,0.380000,1.000000,0.720000,0.050000,0.000000,0.367015
106,-1.578990,-1.086908,1.529495,0.370503,-0.000023,0.000764,0.380000,1.000000,0.720000,0.050000,0.000000,0.370503
107,-1.578837,-1.083206,1.529503,0.373992,-0.000021,0.000550,0.380000,1.000000,0.720000,0.050000,0.000000,0.373992
108,-1.578682,-1.079470,1.529508,0.377480,-0.000019,0.000393,0.380000,1.000000,0.720000,0.050000,0.000000,0.377480
109,-1.578526,-1.075698,1.529512,0.380967,-0.000017,0.000278,0.380000,1.000000,0.720000,0.050000,0.000000,0.380967
110,-1.578369,-1.071892,1.529515,0.384455,-0.000015,0.000194,0.380000,1.000000,0.720000,0.050000,0.000000,0.384455
111,-1.578210,-1.068050,1.529517,0.387942,-0.000013,0.000134,0.380000,1.000000,0.720000,0.050000,0.000000,0.387942
112,-1.578050,-1.064174,1.529518,0.391430,-0.000011,0.000090,0.380000,1.000000,0.720000,0.050000,0.000000,0.391430
113,-1.577888,-1.060263,1.529519,0.394917,-0.000010,0.000058,0.380000,1.000000,0.720000,0.050000,0.000000,0.394917
114,-1.577725,-1.056318,1.529520,0.398403,-0.000008,0.000036,0.380000,1.000000,0.720000,0.050000,0.000000,0.398403
115,-1.577561,-1.052337,1.529520,0.401890,-0.000007,0.000020,0.380000,1.000000,0.720000,0.050000,0.000000,0.401890
116,-1.577395,-1.048321,1.529520,0.405376,-0.000006,0.000010,0.380000,1.000000,0.720000,0.050000,0.000000,0.405376
117,-1.577228,-1.044271,1.529520,0.408862,-0.000005,0.000002,0.380000,1.000000,0.720000,0.050000,0.000000,0.408862
118,-1.577059,-1.040186,1.529520,0.412348,-0.000004,-0.000002,0.380000,1.000000,0.720000,0.050000,0.000000,0.412348
119,-1.576889,-1.036066,1.529520,0.415833,-0.000004,-0.000005,0.480000,1.000000,0.720000,0.050000,0.000000,0.415833
120,-1.576717,-1.031911,1.529520,0.419318,-0.000003,-0.000007,0.480000,1.000000,0.700000,0.050000,-0.050000,0.419318
121,-1.576544,-1.027722,1.529520,0.422727,-0.001537,-0.065651,0.480000,1.000000,0.700000,0.050000,-0.050000,0.422727
122,-1.576354,-1.023499,1.528864,0.426148,-0.002599,-0.118280,0.480000,1.000000,0.700000,0.050000,-0.050000,0.426148
123,-1.576149,-1.019242,1.527681,0.429580,-0.003306,-0.160466,0.480000,1.000000,0.700000,0.050000,-0.050000,0.429580
124,-1.575931,-1.014952,1.526076,0.433021,-0.003746,-0.194305,0.480000,1.000000,0.700000,0.050000,-0.050000,0.433021
125,-1.575700,-1.010627,1.524133,0.436468,-0.003991,-0.221492,0.480000,1.000000,0.680000,0.050000,-0.050000,0.436468
126,-1.575457,-1.006269,1.521918,0.439921,-0.004093,-0.243387,0.480000,1.000000,0.680000,0.050000,-0.050000,0.439921
127,-1.575201,-1.001877,1.519485,0.443376,-0.004091,-0.261078,0.480000,1.000000,0.680000,0.050000,-0.050000,0.443376
128,-1.574933,-0.997452,1.516874,0.446833,-0.004015,-0.275430,0.460000,1.000000,0.680000,0.050000,-0.050000,0.446833
129,-1.574652,-0.992992,1.514119,0.450291,-0.003889,-0.287136,0.460000,1.000000,0.680000,0.050000,-0.050000,0.450291
130,-1.574358,-0.988498,1.511248,0.453750,-0.003728,-0.296743,0.460000,1.000000,0.660000,0.050000,-0.100000,0.453750
131,-1.574051,-0.983971,1.508281,0.457022,-0.005042,-0.368761,0.460000,1.000000,0.660000,0.050000,-0.100000,0.457022
132,-1.573715,-0.979413,1.504593,0.460323,-0.005882,-0.428020,0.460000,1.000000,0.660000,0.050000,-0.100000,0.460323
133,-1.573352,-0.974824,1.500313,0.463646,-0.006359,-0.476754,0.440000,1.000000,0.660000,0.050000,-0.100000,0.463646
134,-1.572962,-0.970203,1.495545,0.466985,-0.006562,-0.516857,0.440000,1.000000,0.680000,0.050000,-0.050000,0.466985
135,-1.572545,-0.965552,1.490377,0.470494,-0.005035,-0.484689,0.440000,1.000000,0.700000,0.050000,-0.050000,0.470494
136,-1.572117,-0.960866,1.485530,0.473985,-0.003842,-0.458535,0.440000,1.000000,0.700000,0.050000,-0.050000,0.473985
137,-1.571675,-0.956147,1.480945,0.477462,-0.002910,-0.437352,0.420000,1.000000,0.720000,0.050000,0.000000,0.477462
138,-1.571218,-0.951394,1.476571,0.480955,-0.000636,-0.354156,0.420000,1.000000,0.740000,0.050000,0.050000,0.480955
139,-1.570759,-0.946606,1.473029,0.484327,0.002492,-0.221582,0.420000,1.000000,0.740000,0.050000,0.050000,0.484327
140,-1.570311,-0.941784,1.470814,0.487713,0.004652,-0.111891,0.420000,1.000000,0.760000,0.050000,0.100000,0.487713
141,-1.569870,-0.936926,1.469695,0.490897,0.007508,0.040393,0.420000,1.000000,0.760000,0.050000,0.100000,0.490897
142,-1.569450,-0.932035,1.470099,0.494131,0.009358,0.167313,0.420000,1.000000,0.760000,0.050000,0.100000,0.494131
143,-1.569046,-0.927109,1.471772,0.497409,0.010423,0.272548,0.420000,1.000000,0.760000,0.050000,0.100000,0.497409
144,-1.568658,-0.922149,1.474497,0.500723,0.010890,0.359501,0.420000,1.000000,0.760000,0.050000,0.100000,0.500723
145,-1.568285,-0.917154,1.478092,0.504065,0.010909,0.431185,0.420000,1.000000,0.740000,0.050000,0.050000,0.504065
146,-1.567927,-0.912125,1.482404,0.507585,0.009072,0.424961,0.420000,1.000000,0.740000,0.050000,0.050000,0.507585
147,-1.567569,-0.907061,1.486654,0.511090,0.007492,0.419146,0.420000,1.000000,0.720000,0.050000,0.000000,0.511090
148,-1.567214,-0.901962,1.490845,0.514599,0.004589,0.347796,0.420000,1.000000,0.720000,0.050000,0.000000,0.514599
149,-1.566849,-0.896829,1.494323,0.518092,0.002375,0.287802,0.440000,1.000000,0.700000,0.050000,-0.050000,0.518092
150,-1.566477,-0.891661,1.497201,0.521468,-0.000796,0.172975,0.440000,1.000000,0.700000,0.050000,-0.050000,0.521468
151,-1.566085,-0.886461,1.498931,0.524855,-0.003048,0.076194,0.440000,1.000000,0.700000,0.050000,-0.050000,0.524855
152,-1.565678,-0.881229,1.499693,0.528255,-0.004572,-0.005036,0.440000,1.000000,0.700000,0.050000,-0.050000,0.528255
153,-1.565257,-0.875963,1.499642,0.531668,-0.005525,-0.073011,0.440000,1.000000,0.700000,0.050000,-0.050000,0.531668
154,-1.564824,-0.870663,1.498912,0.535093,-0.006035,-0.129764,0.440000,1.000000,0.700000,0.050000,-0.050000,0.535093
155,-1.564380,-0.865331,1.497615,0.538527,-0.006206,-0.177063,0.420000,1.000000,0.700000,0.050000,-0.050000,0.538527
156,-1.563924,-0.859964,1.495844,0.541969,-0.006124,-0.216424,0.420000,1.000000,0.700000,0.050000,-0.050000,0.541969
157,-1.563457,-0.854564,1.493680,0.545415,-0.005853,-0.249141,0.420000,1.000000,0.720000,0.050000,0.000000,0.545415
158,-1.562979,-0.849131,1.491188,0.548904,-0.003901,-0.210162,0.420000,1.000000,0.720000,0.050000,0.000000,0.548904
159,-1.562503,-0.843662,1.489087,0.552387,-0.002372,-0.176820,0.420000,1.000000,0.720000,0.050000,0.000000,0.552387
160,-1.562029,-0.838159,1.487319,0.555865,-0.001189,-0.148373,0.420000,1.000000,0.740000,0.050000,0.050000,0.555865
161,-1.561553,-0.832621,1.485835,0.559248,0.001238,-0.058968,0.420000,1.000000,0.740000,0.050000,0.050000,0.559248
162,-1.561091,-0.827047,1.485245,0.562643,0.002933,0.017247,0.420000,1.000000,0.740000,0.050000,0.050000,0.562643
163,-1.560640,-0.821439,1.485418,0.566049,0.004042,0.082003,0.420000,1.000000,0.740000,0.050000,0.050000,0.566049
164,-1.560197,-0.815796,1.486238,0.569465,0.004688,0.136881,0.420000,1.000000,0.720000,0.050000,0.000000,0.569465
165,-1.559763,-0.810117,1.487607,0.572944,0.003427,0.117227,0.420000,1.000000,0.720000,0.050000,0.000000,0.572944
166,-1.559321,-0.804405,1.488779,0.576420,0.002413,0.100142,0.420000,1.000000,0.720000,0.050000,0.000000,0.576420
167,-1.558873,-0.798658,1.489780,0.579894,0.001602,0.085327,0.420000,1.000000,0.720000,0.050000,0.000000,0.579894
168,-1.558420,-0.792877,1.490634,0.583367,0.000961,0.072513,0.420000,1.000000,0.700000,0.050000,-0.050000,0.583367
169,-1.557962,-0.787061,1.491359,0.586754,-0.001070,-0.003965,0.420000,1.000000,0.700000,0.050000,-0.050000,0.586754
170,-1.557486,-0.781213,1.491319,0.590151,-0.002466,-0.069670,0.400000,1.000000,0.700000,0.050000,-0.050000,0.590151
171,-1.556993,-0.775332,1.490622,0.593557,-0.003350,-0.125950,0.400000,1.000000,0.700000,0.050000,-0.050000,0.593557
172,-1.556484,-0.769418,1.489363,0.596972,-0.003826,-0.174038,0.400000,1.000000,0.680000,0.050000,-0.050000,0.596972
173,-1.555960,-0.763471,1.487622,0.600394,-0.003981,-0.215037,0.400000,1.000000,0.680000,0.050000,-0.050000,0.600394
174,-1.555422,-0.757491,1.485472,0.603821,-0.003885,-0.249926,0.400000,1.000000,0.680000,0.050000,-0.050000,0.603821
175,-1.554868,-0.751479,1.482973,0.607251,-0.003598,-0.279566,0.400000,1.000000,0.680000,0.050000,-0.050000,0.607251
176,-1.554300,-0.745433,1.480177,0.610682,-0.003166,-0.304707,0.400000,1.000000,0.660000,0.050000,-0.100000,0.610682
177,-1.553716,-0.739354,1.477130,0.613917,-0.004113,-0.389486,0.400000,1.000000,0.660000,0.050000,-0.100000,0.613917
178,-1.553100,-0.733245,1.473235,0.617174,-0.004473,-0.462643,0.380000,1.000000,0.660000,0.050000,-0.100000,0.617174
179,-1.552455,-0.727107,1.468609,0.620446,-0.004366,-0.525577,0.380000,1.000000,0.660000,0.050000,-0.100000,0.620446
180,-1.551778,-0.720940,1.463353,0.623728,-0.003895,-0.579577,0.380000,1.000000,0.680000,0.050000,-0.050000,0.623728
181,-1.551071,-0.714742,1.457557,0.627191,-0.001633,-0.561324,0.380000,1.000000,0.700000,0.050000,-0.050000,0.627191
182,-1.550346,-0.708513,1.451944,0.630634,0.000307,-0.545055,0.360000,1.000000,0.700000,0.050000,-0.050000,0.630634
183,-1.549601,-0.702250,1.446493,0.634059,0.001971,-0.530620,0.360000,1.000000,0.720000,0.050000,0.000000,0.634059
184,-1.548835,-0.695956,1.441187,0.637514,0.004946,-0.451735,0.360000,1.000000,0.740000,0.050000,0.050000,0.637514
185,-1.548060,-0.689628,1.436670,0.640861,0.008684,-0.318207,0.360000,1.000000,0.760000,0.050000,0.100000,0.640861
186,-1.547289,-0.683265,1.433488,0.643997,0.012703,-0.140384,0.340000,1.000000,0.780000,0.050000,0.100000,0.643997
187,-1.546533,-0.676869,1.432084,0.647183,0.015290,0.015436,0.340000,1.000000,0.780000,0.050000,0.100000,0.647183
188,-1.545790,-0.670438,1.432238,0.650420,0.016698,0.151169,0.340000,1.000000,0.800000,0.050000,0.150000,0.650420
189,-1.545057,-0.663973,1.433750,0.653391,0.018530,0.327814,0.340000,1.000000,0.780000,0.050000,0.100000,0.653391
190,-1.544348,-0.657475,1.437028,0.656741,0.017726,0.421957,0.340000,1.000000,0.780000,0.050000,0.100000,0.656741
191,-1.543647,-0.650943,1.441248,0.660112,0.016418,0.502640,0.340000,1.000000,0.760000,0.050000,0.100000,0.660112
192,-1.542958,-0.644376,1.446274,0.663495,0.014730,0.571556,0.340000,1.000000,0.760000,0.050000,0.100000,0.663495
193,-1.542280,-0.637774,1.451990,0.666879,0.012765,0.630233,0.440000,1.000000,0.740000,0.050000,0.050000,0.666879
194,-1.541616,-0.631137,1.458292,0.670416,0.009082,0.614801,0.440000,1.000000,0.720000,0.050000,0.000000,0.670416
195,-1.540954,-0.624465,1.464440,0.673934,0.004295,0.534087,0.440000,1.000000,0.700000,0.050000,-0.050000,0.673934
196,-1.540281,-0.617759,1.469781,0.677298,-0.001031,0.398501,0.460000,1.000000,0.700000,0.050000,-0.050000,0.677298
197,-1.539588,-0.611022,1.473766,0.680655,-0.005014,0.278248,0.460000,1.000000,0.680000,0.050000,-0.050000,0.680655
198,-1.538878,-0.604252,1.476548,0.684017,-0.007865,0.172190,0.460000,1.000000,0.680000,0.050000,-0.050000,0.684017
199,-1.538156,-0.597450,1.478270,0.687394,-0.009775,0.079055,0.460000,1.000000,0.680000,0.050000,-0.050000,0.687394
200,-1.537424,-0.590614,1.479061,0.690785,-0.010908,-0.002438,0.460000,1.000000,0.680000,0.050000,-0.050000,0.690785
201,-1.536682,-0.583745,1.479036,0.694192,-0.011408,-0.073518,0.460000,1.000000,0.680000,0.050000,-0.050000,0.694192
202,-1.535933,-0.576843,1.478301,0.697612,-0.011396,-0.135330,0.460000,1.000000,0.680000,0.050000,-0.050000,0.697612
203,-1.535175,-0.569907,1.476948,0.701043,-0.010979,-0.188928,0.440000,1.000000,0.700000,0.050000,-0.050000,0.701043
204,-1.534409,-0.562938,1.475059,0.704480,-0.010242,-0.235266,0.440000,1.000000,0.700000,0.050000,-0.050000,0.704480
205,-1.533633,-0.555935,1.472706,0.707922,-0.009261,-0.275211,0.440000,1.000000,0.700000,0.050000,-0.050000,0.707922
206,-1.532848,-0.548899,1.469954,0.711365,-0.008097,-0.309540,0.440000,1.000000,0.720000,0.050000,0.000000,0.711365
207,-1.532051,-0.541830,1.466859,0.714847,-0.005254,-0.272806,0.440000,1.000000,0.720000,0.050000,0.000000,0.714847
208,-1.531257,-0.534725,1.464130,0.718318,-0.002913,-0.239664,0.440000,1.000000,0.740000,0.050000,0.050000,0.718318
209,-1.530463,-0.527586,1.461734,0.721684,0.000515,-0.144896,0.420000,1.000000,0.740000,0.050000,0.050000,0.721684
210,-1.529683,-0.520411,1.460285,0.725054,0.002998,-0.060465,0.420000,1.000000,0.760000,0.050000,0.100000,0.725054
211,-1.528913,-0.513202,1.459680,0.728213,0.006128,0.076228,0.420000,1.000000,0.760000,0.050000,0.100000,0.728213
212,-1.528167,-0.505958,1.460443,0.731406,0.008059,0.198053,0.420000,1.000000,0.760000,0.050000,0.100000,0.731406
213,-1.527441,-0.498679,1.462423,0.734631,0.008983,0.306046,0.420000,1.000000,0.760000,0.050000,0.100000,0.734631
214,-1.526736,-0.491366,1.465483,0.737883,0.009074,0.401337,0.420000,1.000000,0.760000,0.050000,0.100000,0.737883
215,-1.526050,-0.484019,1.469497,0.741155,0.008484,0.485078,0.420000,1.000000,0.740000,0.050000,0.050000,0.741155
216,-1.525385,-0.476637,1.474348,0.744619,0.005842,0.494088,0.420000,1.000000,0.720000,0.050000,0.000000,0.744619
217,-1.524726,-0.469220,1.479289,0.748100,0.001805,0.434868,0.440000,1.000000,0.720000,0.050000,0.000000,0.748100
218,-1.524061,-0.461768,1.483637,0.751560,-0.001472,0.381445,0.440000,1.000000,0.700000,0.050000,-0.050000,0.751560
219,-1.523392,-0.454282,1.487452,0.754911,-0.005616,0.268396,0.440000,1.000000,0.700000,0.050000,-0.050000,0.754911
220,-1.522708,-0.446764,1.490136,0.758266,-0.008608,0.167196,0.440000,1.000000,0.700000,0.050000,-0.050000,0.758266
221,-1.522011,-0.439213,1.491808,0.761633,-0.010625,0.076990,0.440000,1.000000,0.700000,0.050000,-0.050000,0.761633
222,-1.521304,-0.431629,1.492577,0.765015,-0.011822,-0.003121,0.440000,1.000000,0.700000,0.050000,-0.050000,0.765015
223,-1.520588,-0.424011,1.492546,0.768412,-0.012336,-0.074032,0.440000,1.000000,0.700000,0.050000,-0.050000,0.768412
224,-1.519865,-0.416360,1.491806,0.771823,-0.012289,-0.136599,0.440000,1.000000,0.700000,0.050000,-0.050000,0.771823
225,-1.519133,-0.408676,1.490440,0.775244,-0.011784,-0.191632,0.440000,1.000000,0.700000,0.050000,-0.050000,0.775244
226,-1.518393,-0.400958,1.488524,0.778673,-0.010911,-0.239884,0.420000,1.000000,0.720000,0.050000,0.000000,0.778673
227,-1.517645,-0.393207,1.486125,0.782147,-0.008201,-0.215910,0.420000,1.000000,0.720000,0.050000,0.000000,0.782147
228,-1.516901,-0.385420,1.483966,0.785613,-0.005892,-0.193700,0.420000,1.000000,0.720000,0.050000,0.000000,0.785613
229,-1.516161,-0.377599,1.482029,0.789071,-0.003938,-0.173217,0.420000,1.000000,0.740000,0.050000,0.050000,0.789071
230,-1.515423,-0.369743,1.480297,0.792431,-0.000774,-0.089290,0.500000,1.000000,0.740000,0.050000,0.050000,0.792431
231,-1.514699,-0.361851,1.479404,0.795795,0.001502,-0.013624,0.500000,1.000000,0.740000,0.050000,0.050000,0.795795
232,-1.513988,-0.353925,1.479267,0.799166,0.003019,0.054312,0.500000,1.000000,0.760000,0.050000,0.100000,0.799166
233,-1.513287,-0.345964,1.479811,0.802331,0.005348,0.177288,0.500000,1.000000,0.760000,0.050000,0.100000,0.802331
234,-1.512611,-0.337969,1.481583,0.805524,0.006556,0.287837,0.500000,1.000000,0.740000,0.050000,0.050000,0.805524
235,-1.511959,-0.329940,1.484462,0.808938,0.005335,0.323342,0.500000,1.000000,0.740000,0.050000,0.050000,0.808938
236,-1.511315,-0.321876,1.487695,0.812351,0.003927,0.354357,0.500000,1.000000,0.740000,0.050000,0.050000,0.812351
237,-1.510679,-0.313778,1.491239,0.815758,0.002380,0.381358,0.520000,1.000000,0.720000,0.050000,0.000000,0.815758
238,-1.510055,-0.305644,1.495052,0.819210,-0.000814,0.338697,0.520000,1.000000,0.720000,0.050000,0.000000,0.819210
239,-1.509427,-0.297476,1.498439,0.822650,-0.003429,0.299757,0.520000,1.000000,0.720000,0.050000,0.000000,0.822650
240,-1.508798,-0.289274,1.501437,0.826082,-0.005540,0.264333,0.520000,1.000000,0.700000,0.050000,-0.050000,0.826082
241,-1.508170,-0.281036,1.504080,0.829429,-0.008746,0.166669,0.520000,1.000000,0.700000,0.050000,-0.050000,0.829429
242,-1.507530,-0.272766,1.505747,0.832786,-0.010934,0.078556,0.520000,1.000000,0.700000,0.050000,-0.050000,0.832786
243,-1.506879,-0.264463,1.506532,0.836157,-0.012253,-0.000640,0.520000,1.000000,0.700000,0.050000,-0.050000,0.836157
244,-1.506220,-0.256127,1.506526,0.839543,-0.012837,-0.071577,0.520000,1.000000,0.700000,0.050000,-0.050000,0.839543
245,-1.505553,-0.247757,1.505810,0.842942,-0.012804,-0.134905,0.520000,1.000000,0.700000,0.050000,-0.050000,0.842942
246,-1.504878,-0.239354,1.504461,0.846352,-0.012260,-0.191254,0.520000,1.000000,0.720000,0.050000,0.000000,0.846352
247,-1.504194,-0.230917,1.502549,0.849814,-0.009749,-0.175096,0.520000,1.000000,0.720000,0.050000,0.000000,0.849814
248,-1.503518,-0.222445,1.500798,0.853270,-0.007560,-0.159759,0.500000,1.000000,0.720000,0.050000,0.000000,0.853270
249,-1.502845,-0.213939,1.499200,0.856720,-0.005662,-0.145282,0.500000,1.000000,0.740000,0.050000,0.050000,0.856720
250,-1.502176,-0.205397,1.497747,0.860071,-0.002504,-0.066582,0.500000,1.000000,0.740000,0.050000,0.050000,0.860071
251,-1.501523,-0.196822,1.497081,0.863425,-0.000229,0.005089,0.500000,1.000000,0.740000,0.050000,0.050000,0.863425
252,-1.500885,-0.188211,1.497132,0.866784,0.001280,0.070086,0.500000,1.000000,0.740000,0.050000,0.050000,0.866784
253,-1.500260,-0.179566,1.497833,0.870150,0.002133,0.128809,0.500000,1.000000,0.740000,0.050000,0.050000,0.870150
254,-1.499647,-0.170886,1.499121,0.873522,0.002426,0.181676,0.500000,1.000000,0.740000,0.050000,0.050000,0.873522
255,-1.499046,-0.162171,1.500938,0.876897,0.002248,0.229109,0.500000,1.000000,0.740000,0.050000,0.050000,0.876897
256,-1.498456,-0.153422,1.503229,0.880276,0.001674,0.271525,0.500000,1.000000,0.740000,0.050000,0.050000,0.880276
257,-1.497878,-0.144638,1.505944,0.883654,0.000773,0.309327,0.500000,1.000000,0.720000,0.050000,0.000000,0.883654
258,-1.497313,-0.135820,1.509038,0.887089,-0.001937,0.276924,0.500000,1.000000,0.720000,0.050000,0.000000,0.887089
259,-1.496747,-0.126967,1.511807,0.890517,-0.004180,0.247027,0.500000,1.000000,0.720000,0.050000,0.000000,0.890517
260,-1.496180,-0.118080,1.514277,0.893939,-0.006010,0.219535,0.500000,1.000000,0.720000,0.050000,0.000000,0.893939
261,-1.495615,-0.109158,1.516473,0.897357,-0.007478,0.194336,0.520000,1.000000,0.720000,0.050000,0.000000,0.897357
262,-1.495053,-0.100202,1.518416,0.900774,-0.008629,0.171307,0.520000,1.000000,0.700000,0.050000,-0.050000,0.900774
263,-1.494495,-0.091211,1.520129,0.904119,-0.011042,0.084537,0.520000,1.000000,0.700000,0.050000,-0.050000,0.904119
264,-1.493927,-0.082187,1.520974,0.907478,-0.012531,0.005744,0.520000,1.000000,0.700000,0.050000,-0.050000,0.907478
265,-1.493350,-0.073130,1.521032,0.910851,-0.013225,-0.065551,0.520000,1.000000,0.700000,0.050000,-0.050000,0.910851
266,-1.492765,-0.064039,1.520376,0.914237,-0.013243,-0.129840,0.500000,1.000000,0.700000,0.050000,-0.050000,0.914237
267,-1.492172,-0.054915,1.519078,0.917634,-0.012690,-0.187616,0.500000,1.000000,0.720000,0.050000,0.000000,0.917634
268,-1.491571,-0.045757,1.517202,0.921086,-0.010114,-0.173237,0.500000,1.000000,0.720000,0.050000,0.000000,0.921086
269,-1.490976,-0.036565,1.515469,0.924531,-0.007845,-0.159407,0.500000,1.000000,0.720000,0.050000,0.000000,0.924531
270,-1.490387,-0.027338,1.513875,0.927971,-0.005858,-0.146185,0.500000,1.000000,0.740000,0.050000,0.050000,0.927971
271,-1.489800,-0.018077,1.512413,0.931313,-0.002603,-0.068474,0.500000,1.000000,0.740000,0.050000,0.050000,0.931313
272,-1.489231,-0.008781,1.511729,0.934656,-0.000270,0.002883,0.500000,1.000000,0.740000,0.050000,0.050000,0.934656
273,-1.488676,0.000549,1.511758,0.938005,0.001257,0.068131,0.500000,1.000000,0.740000,0.050000,0.050000,0.938005
274,-1.488135,0.009913,1.512439,0.941359,0.002085,0.127564,0.500000,1.000000,0.740000,0.050000,0.050000,0.941359
275,-1.487607,0.019312,1.513715,0.944718,0.002311,0.181504,0.500000,1.000000,0.740000,0.050000,0.050000,0.944718
276,-1.487091,0.028745,1.515530,0.948082,0.002022,0.230284,0.500000,1.000000,0.740000,0.050000,0.050000,0.948082
277,-1.486588,0.038213,1.517832,0.951447,0.001297,0.274246,0.500000,1.000000,0.740000,0.050000,0.050000,0.951447
278,-1.486097,0.047714,1.520575,0.954811,0.000207,0.313726,0.500000,1.000000,0.720000,0.050000,0.000000,0.954811
279,-1.485620,0.057251,1.523712,0.958234,-0.002727,0.283105,0.500000,1.000000,0.720000,0.050000,0.000000,0.958234
280,-1.485142,0.066821,1.526543,0.961648,-0.005187,0.254547,0.500000,1.000000,0.700000,0.050000,-0.050000,0.961648
281,-1.484664,0.076426,1.529089,0.964975,-0.008755,0.162456,0.500000,1.000000,0.700000,0.050000,-0.050000,0.964975
282,-1.484174,0.086064,1.530713,0.968311,-0.011231,0.077884,0.500000,1.000000,0.700000,0.050000,-0.050000,0.968311
283,-1.483674,0.095734,1.531492,0.971659,-0.012752,0.000519,0.500000,1.000000,0.680000,0.050000,-0.050000,0.971659
284,-1.483165,0.105438,1.531497,0.975022,-0.013445,-0.069996,0.500000,1.000000,0.680000,0.050000,-0.050000,0.975022
285,-1.482648,0.115176,1.530797,0.978397,-0.013425,-0.134044,0.500000,1.000000,0.660000,0.050000,-0.100000,0.978397
286,-1.482122,0.124947,1.529457,0.981585,-0.014276,-0.255330,0.500000,1.000000,0.660000,0.050000,-0.100000,0.981585
287,-1.481574,0.134748,1.526904,0.984803,-0.013917,-0.365828,0.500000,1.000000,0.660000,0.050000,-0.100000,0.984803
288,-1.481003,0.144581,1.523245,0.988044,-0.012520,-0.466038,0.480000,1.000000,0.640000,0.050000,-0.150000,0.988044
289,-1.480408,0.154444,1.518585,0.990976,-0.011603,-0.614706,0.480000,1.000000,0.640000,0.050000,-0.150000,0.990976
290,-1.479775,0.164334,1.512438,0.993935,-0.009313,-0.749875,0.480000,1.000000,0.620000,0.050000,-0.200000,0.993935
291,-1.479102,0.174251,1.504939,0.996478,-0.007037,-0.922781,0.460000,1.000000,0.640000,0.050000,-0.150000,0.996478
292,-1.478376,0.184190,1.495711,0.999446,-0.002034,-1.028794,0.460000,1.000000,0.660000,0.050000,-0.100000,0.999446
293,-1.477606,0.194155,1.485423,1.002674,0.005096,-1.064358,0.440000,1.000000,0.700000,0.050000,-0.050000,1.002674
294,-1.476802,0.204149,1.474780,1.005997,0.013659,-1.030414,0.440000,1.000000,0.720000,0.050000,0.000000,1.005997
295,-1.475974,0.214176,1.464476,1.009269,0.022928,-0.931334,0.420000,1.000000,0.760000,0.050000,0.100000,1.009269
296,-1.475131,0.224236,1.455162,1.012159,0.033630,-0.712480,0.420000,1.000000,0.780000,0.050000,0.100000,1.012159
297,-1.474297,0.234329,1.448037,1.015070,0.041568,-0.508588,0.400000,1.000000,0.820000,0.050000,0.200000,1.015070
298,-1.473466,0.244454,1.442952,1.017307,0.049562,-0.211657,0.400000,1.000000,0.840000,0.050000,0.250000,1.017307
299,-1.472661,0.254607,1.440835,1.019235,0.055251,0.109848,0.400000,1.000000,0.840000,0.050000,0.250000,1.019235
300,-1.471888,0.264785,1.441933,1.021403,0.057535,0.411133,0.400000,1.000000,0.840000,0.050000,0.250000,1.021403
301,-1.471146,0.274988,1.446045,1.023803,0.056766,0.690829,0.400000,1.000000,0.840000,0.050000,0.250000,1.023803
302,-1.470435,0.285217,1.452953,1.026397,0.053300,0.948160,0.400000,1.000000,0.820000,0.050000,0.200000,1.026397
303,-1.469758,0.295473,1.462435,1.029603,0.046336,1.133477,0.400000,1.000000,0.780000,0.050000,0.100000,1.029603
304,-1.469105,0.305759,1.473769,1.033466,0.035084,1.178523,0.420000,1.000000,0.760000,0.050000,0.100000,1.033466
305,-1.468453,0.316079,1.485555,1.037186,0.024048,1.215882,0.420000,1.000000,0.720000,0.050000,0.000000,1.037186
306,-1.467810,0.326433,1.497714,1.040887,0.010216,1.115227,0.440000,1.000000,0.700000,0.050000,-0.050000,1.040887
307,-1.467151,0.336822,1.508866,1.044272,-0.003252,0.956071,0.440000,1.000000,0.660000,0.050000,-0.100000,1.044272
308,-1.466473,0.347243,1.518426,1.047286,-0.015710,0.746764,0.460000,1.000000,0.640000,0.050000,-0.150000,1.047286
309,-1.465768,0.357693,1.525894,1.049912,-0.026609,0.495717,0.460000,1.000000,0.640000,0.050000,-0.150000,1.049912
310,-1.465030,0.368169,1.530851,1.052587,-0.034392,0.258841,0.460000,1.000000,0.620000,0.050000,-0.200000,1.052587
311,-1.464266,0.378673,1.533440,1.054936,-0.040510,-0.012509,0.460000,1.000000,0.620000,0.050000,-0.200000,1.054936
312,-1.463468,0.389200,1.533315,1.057439,-0.043566,-0.266636,0.460000,1.000000,0.620000,0.050000,-0.200000,1.057439
313,-1.462636,0.399751,1.530648,1.060098,-0.043877,-0.502671,0.460000,1.000000,0.640000,0.050000,-0.150000,1.060098
314,-1.461772,0.410326,1.525622,1.063297,-0.040487,-0.665817,0.460000,1.000000,0.640000,0.050000,-0.150000,1.063297
315,-1.460887,0.420929,1.518963,1.066549,-0.035599,-0.813927,0.440000,1.000000,0.660000,0.050000,-0.100000,1.066549
316,-1.459979,0.431562,1.510824,1.070105,-0.028002,-0.885954,0.440000,1.000000,0.680000,0.050000,-0.050000,1.070105
317,-1.459058,0.442227,1.501965,1.073756,-0.018557,-0.883852,0.420000,1.000000,0.700000,0.050000,-0.050000,1.073756
318,-1.458135,0.452927,1.493126,1.077307,-0.009679,-0.879148,0.420000,1.000000,0.740000,0.050000,0.050000,1.077307
319,-1.457202,0.463660,1.484335,1.080669,0.001675,-0.742542,0.400000,1.000000,0.760000,0.050000,0.100000,1.080669
320,-1.456286,0.474427,1.476909,1.083708,0.012346,-0.553824,0.400000,1.000000,0.780000,0.050000,0.100000,1.083708
321,-1.455393,0.485228,1.471371,1.086731,0.020455,-0.375716,0.380000,1.000000,0.800000,0.050000,0.150000,1.086731
322,-1.454518,0.496062,1.467614,1.089444,0.027544,-0.153144,0.380000,1.000000,0.820000,0.050000,0.200000,1.089444
323,-1.453670,0.506927,1.466082,1.091814,0.033063,0.104646,0.380000,1.000000,0.820000,0.050000,0.200000,1.091814
324,-1.452857,0.517820,1.467129,1.094313,0.035603,0.346590,0.380000,1.000000,0.820000,0.050000,0.200000,1.094313
325,-1.452079,0.528741,1.470595,1.096941,0.035463,0.571753,0.380000,1.000000,0.820000,0.050000,0.200000,1.096941
326,-1.451334,0.539691,1.476312,1.099675,0.032947,0.779671,0.380000,1.000000,0.800000,0.050000,0.150000,1.099675
327,-1.450625,0.550670,1.484109,1.102883,0.027092,0.916499,0.400000,1.000000,0.780000,0.050000,0.100000,1.102883
328,-1.449940,0.561681,1.493274,1.106370,0.018652,0.978894,0.400000,1.000000,0.760000,0.050000,0.100000,1.106370
329,-1.449269,0.572726,1.503063,1.109772,0.009998,1.033344,0.400000,1.000000,0.740000,0.050000,0.050000,1.109772
330,-1.448618,0.583805,1.513396,1.113249,-0.000295,1.015818,0.520000,1.000000,0.700000,0.050000,-0.050000,1.113249
331,-1.447976,0.594919,1.523554,1.116524,-0.012881,0.866721,0.520000,1.000000,0.680000,0.050000,-0.050000,1.116524
332,-1.447320,0.606065,1.532222,1.119713,-0.023162,0.725727,0.540000,1.000000,0.680000,0.050000,-0.050000,1.119713
333,-1.446657,0.617245,1.539479,1.122864,-0.031343,0.593286,0.540000,1.000000,0.660000,0.050000,-0.100000,1.122864
334,-1.445992,0.628459,1.545412,1.125807,-0.039097,0.406633,0.540000,0.980000,0.640000,0.050000,-0.150000,1.125807
335,-1.445315,0.639703,1.549478,1.128490,-0.045746,0.174281,0.560000,0.980000,0.640000,0.050000,-0.150000,1.128490
336,-1.444618,0.650976,1.551221,1.131297,-0.049507,-0.043236,0.560000,0.960000,0.640000,0.050000,-0.150000,1.131297
337,-1.443901,0.662277,1.550789,1.134241,-0.050678,-0.245634,0.560000,0.960000,0.640000,0.050000,-0.150000,1.134241
338,-1.443168,0.673607,1.548332,1.137313,-0.049552,-0.432934,0.540000,0.960000,0.660000,0.050000,-0.100000,1.137313
339,-1.442417,0.684966,1.544003,1.140777,-0.044965,-0.543789,0.540000,0.940000,0.660000,0.050000,-0.100000,1.140777
340,-1.441662,0.696358,1.538565,1.144267,-0.039387,-0.644397,0.520000,0.940000,0.680000,0.050000,-0.050000,1.144267
341,-1.440899,0.707782,1.532121,1.147910,-0.031450,-0.669802,0.520000,0.960000,0.680000,0.050000,-0.050000,1.147910
342,-1.440141,0.719240,1.525423,1.151499,-0.023660,-0.690932,0.500000,0.960000,0.660000,0.050000,-0.100000,1.151499
343,-1.439382,0.730732,1.518514,1.154860,-0.017567,-0.772949,0.500000,0.940000,0.660000,0.050000,-0.100000,1.154860
344,-1.438603,0.742256,1.510784,1.158183,-0.010862,-0.846459,0.480000,0.940000,0.640000,0.050000,-0.150000,1.158183
345,-1.437800,0.753810,1.502320,1.161135,-0.005041,-0.970715,0.480000,0.920000,0.640000,0.050000,-0.150000,1.161135
346,-1.436956,0.765391,1.492612,1.164035,0.001907,-1.083128,0.460000,0.960000,0.640000,0.050000,-0.150000,1.164035
347,-1.436065,0.776997,1.481781,1.166852,0.009801,-1.184232,0.460000,0.960000,0.680000,0.050000,-0.050000,1.166852
348,-1.435126,0.788628,1.469939,1.170075,0.021307,-1.153564,0.440000,0.940000,0.680000,0.050000,-0.050000,1.170075
349,-1.434160,0.800291,1.458403,1.173151,0.031879,-1.122730,0.440000,0.940000,0.660000,0.050000,-0.100000,1.173151
350,-1.433161,0.811984,1.447176,1.175879,0.040127,-1.153743,0.420000,0.920000,0.660000,0.050000,-0.100000,1.175879
351,-1.432109,0.823703,1.435639,1.178484,0.048355,-1.180221,0.400000,0.920000,0.640000,0.050000,-0.150000,1.178484
352,-1.431000,0.835446,1.423836,1.180610,0.055291,-1.255258,0.400000,0.920000,0.680000,0.050000,-0.050000,1.180610
353,-1.429818,0.847205,1.411284,1.183196,0.065421,-1.211000,0.380000,0.900000,0.700000,0.050000,-0.050000,1.183196
354,-1.428585,0.858991,1.399174,1.185669,0.074569,-1.168545,0.380000,0.940000,0.700000,0.050000,-0.050000,1.185669
355,-1.427295,0.870801,1.387488,1.188051,0.082810,-1.127944,0.360000,0.920000,0.680000,0.050000,-0.050000,1.188051
356,-1.425943,0.882633,1.376209,1.190358,0.090216,-1.089202,0.360000,0.920000,0.680000,0.050000,-0.050000,1.190358
357,-1.424527,0.894487,1.365317,1.192606,0.096854,-1.052295,0.360000,0.920000,0.700000,0.050000,-0.050000,1.192606
358,-1.423042,0.906359,1.354794,1.194808,0.102783,-1.017179,0.340000,0.900000,0.700000,0.050000,-0.050000,1.194808
359,-1.421485,0.918250,1.344622,1.196976,0.108060,-0.983799,0.340000,0.900000,0.680000,0.050000,-0.050000,1.196976
360,-1.419854,0.930157,1.334784,1.199119,0.112737,-0.952093,0.320000,0.900000,0.680000,0.050000,-0.050000,1.199119
361,-1.418146,0.942080,1.325263,1.201245,0.116862,-0.921994,0.320000,0.880000,0.660000,0.050000,-0.100000,1.201245
362,-1.416359,0.954016,1.316043,1.203057,0.119281,-0.944716,0.320000,0.880000,0.680000,0.050000,-0.050000,1.203057
363,-1.414482,0.965959,1.306596,1.205122,0.123092,-0.914654,0.300000,0.860000,0.680000,0.050000,-0.050000,1.205122
364,-1.412523,0.977913,1.297450,1.207182,0.126410,-0.886150,0.300000,0.860000,0.660000,0.050000,-0.100000,1.207182
365,-1.410482,0.989878,1.288588,1.208932,0.128109,-0.909074,0.300000,0.860000,0.660000,0.050000,-0.100000,1.208932
366,-1.408345,1.001846,1.279497,1.210635,0.130039,-0.930479,0.280000,0.840000,0.640000,0.050000,-0.150000,1.210635
367,-1.406114,1.013816,1.270193,1.211889,0.131223,-0.991074,0.280000,0.840000,0.680000,0.050000,-0.050000,1.211889
368,-1.403779,1.025780,1.260282,1.213768,0.135220,-0.957829,0.280000,0.820000,0.660000,0.050000,-0.100000,1.213768
369,-1.401358,1.037750,1.250703,1.215330,0.137533,-0.975440,0.260000,0.820000,0.660000,0.050000,-0.100000,1.215330
370,-1.398839,1.049719,1.240949,1.216843,0.139994,-0.991772,0.260000,0.820000,0.660000,0.050000,-0.100000,1.216843
371,-1.396222,1.061685,1.231031,1.218305,0.142583,-1.006884,0.260000,0.800000,0.640000,0.050000,-0.150000,1.218305
372,-1.393507,1.073647,1.220963,1.219311,0.144361,-1.060211,0.260000,0.800000,0.680000,0.050000,-0.050000,1.219311
373,-1.390684,1.085596,1.210360,1.220948,0.148785,-1.022835,0.240000,0.800000,0.660000,0.050000,-0.100000,1.220948
374,-1.387770,1.097546,1.200132,1.222263,0.151495,-1.035078,0.240000,0.780000,0.660000,0.050000,-0.100000,1.222263
375,-1.384754,1.109487,1.189781,1.223528,0.154278,-1.046349,0.240000,0.780000,0.640000,0.050000,-0.150000,1.223528
376,-1.381637,1.121419,1.179318,1.224333,0.156231,-1.094762,0.220000,0.780000,0.680000,0.050000,-0.050000,1.224333
377,-1.378409,1.133332,1.168370,1.225779,0.160705,-1.055538,0.220000,0.760000,0.660000,0.050000,-0.100000,1.225779
378,-1.375087,1.145240,1.157815,1.226901,0.163476,-1.064631,0.220000,0.760000,0.660000,0.050000,-0.100000,1.226901
379,-1.371660,1.157133,1.147168,1.227975,0.166282,-1.072969,0.200000,0.740000,0.640000,0.050000,-0.150000,1.227975
380,-1.368128,1.169011,1.136439,1.228588,0.168256,-1.117274,0.200000,0.740000,0.640000,0.050000,-0.150000,1.228588
381,-1.364485,1.180864,1.125266,1.229104,0.170718,-1.159230,0.200000,0.740000,0.620000,0.050000,-0.200000,1.229104
382,-1.360728,1.192691,1.113674,1.229051,0.172969,-1.226901,0.180000,0.720000,0.620000,0.050000,-0.200000,1.229051
383,-1.356856,1.204483,1.101405,1.228855,0.175976,-1.291200,0.180000,0.720000,0.620000,0.050000,-0.200000,1.228855
384,-1.352867,1.216239,1.088493,1.228507,0.179679,-1.352072,0.180000,0.720000,0.600000,0.050000,-0.200000,1.228507
385,-1.348760,1.227956,1.074972,1.227997,0.184016,-1.409511,0.160000,0.720000,0.640000,0.050000,-0.150000,1.227997
386,-1.344537,1.239632,1.060877,1.227785,0.189570,-1.436192,0.160000,0.700000,0.620000,0.050000,-0.200000,1.227785
387,-1.340198,1.251274,1.046515,1.226967,0.194668,-1.487735,0.160000,0.700000,0.620000,0.050000,-0.200000,1.226967
388,-1.335741,1.262870,1.031638,1.225968,0.200254,-1.536101,0.140000,0.700000,0.620000,0.050000,-0.200000,1.225968
389,-1.331166,1.274418,1.016277,1.224781,0.206277,-1.581399,0.140000,0.700000,0.600000,0.050000,-0.200000,1.224781
390,-1.326470,1.285917,1.000463,1.223399,0.212689,-1.623756,0.140000,0.680000,0.600000,0.050000,-0.200000,1.223399
391,-1.321655,1.297363,0.984225,1.221816,0.219447,-1.663316,0.180000,0.680000,0.580000,0.050000,-0.200000,1.221816
392,-1.316720,1.308753,0.967592,1.220026,0.226509,-1.700233,0.120000,0.680000,0.580000,0.050000,-0.200000,1.220026
393,-1.311664,1.320086,0.950590,1.218024,0.233836,-1.734668,0.160000,0.680000,0.580000,0.050000,-0.200000,1.218024
394,-1.306488,1.331356,0.933243,1.215805,0.241392,-1.766784,0.160000,0.680000,0.560000,0.050000,-0.250000,1.215805
395,-1.301191,1.342563,0.915575,1.212870,0.248774,-1.812652,0.160000,0.680000,0.560000,0.050000,-0.250000,1.212870
396,-1.295773,1.353696,0.897449,1.209680,0.256521,-1.855630,0.140000,0.680000,0.560000,0.050000,-0.250000,1.209680
397,-1.290235,1.364752,0.878892,1.206229,0.264592,-1.895874,0.180000,0.660000,0.540000,0.050000,-0.300000,1.206229
398,-1.284576,1.375728,0.859934,1.202004,0.272729,-1.942768,0.180000,0.660000,0.540000,0.050000,-0.300000,1.202004
399,-1.278800,1.386617,0.840506,1.197487,0.281221,-1.986639,0.180000,0.660000,0.540000,0.050000,-0.300000,1.197487
400,-1.272907,1.397414,0.820639,1.192672,0.290025,-2.027649,0.160000,0.660000,0.540000,0.050000,-0.300000,1.192672
401,-1.266898,1.408116,0.800363,1.187552,0.299097,-2.065968,0.160000,0.660000,0.520000,0.050000,-0.300000,1.187552
402,-1.260773,1.418721,0.779703,1.182123,0.308397,-2.101771,0.240000,0.680000,0.520000,0.050000,-0.300000,1.182123
403,-1.254535,1.429226,0.758686,1.176381,0.317887,-2.135234,0.140000,0.680000,0.520000,0.050000,-0.300000,1.176381
404,-1.248185,1.439626,0.737333,1.170322,0.327534,-2.166529,0.220000,0.680000,0.520000,0.050000,-0.300000,1.170322
405,-1.241723,1.449919,0.715668,1.163943,0.337305,-2.195829,0.220000,0.680000,0.520000,0.050000,-0.300000,1.163943
406,-1.235153,1.460101,0.693710,1.157244,0.347169,-2.223297,0.200000,0.680000,0.520000,0.050000,-0.300000,1.157244
407,-1.228475,1.470170,0.671477,1.150223,0.357099,-2.249092,0.200000,0.700000,0.500000,0.050000,-0.350000,1.150223
408,-1.221691,1.480122,0.648986,1.142380,0.367036,-2.274748,1.000000,0.700000,0.500000,0.150000,-0.350000,1.142380
409,-1.214808,1.489950,0.626238,1.141212,0.377001,-2.298644,1.000000,0.700000,0.500000,0.150000,-0.350000,1.141212
410,-1.207771,1.499693,0.603252,1.139718,0.387142,-2.321278,1.000000,0.720000,0.500000,0.150000,-0.350000,1.139718
411,-1.200582,1.509347,0.580039,1.137895,0.397439,-2.342733,1.000000,0.720000,0.500000,0.150000,-0.350000,1.137895
412,-1.193242,1.518908,0.556612,1.135740,0.407872,-2.363089,1.000000,0.740000,0.500000,0.150000,-0.350000,1.135740
413,-1.185754,1.528371,0.532981,1.133250,0.418423,-2.382424,1.000000,0.760000,0.500000,0.150000,-0.350000,1.133250
414,-1.178120,1.537733,0.509157,1.130422,0.429073,-2.400816,1.000000,0.760000,0.500000,0.150000,-0.350000,1.130422
415,-1.170341,1.546990,0.485148,1.127254,0.439805,-2.418338,1.000000,0.780000,0.500000,0.150000,-0.350000,1.127254
416,-1.162420,1.556137,0.460965,1.123744,0.450603,-2.435060,1.000000,0.800000,0.500000,0.150000,-0.350000,1.123744
417,-1.154360,1.565171,0.436614,1.119891,0.461449,-2.451050,1.000000,0.840000,0.500000,0.150000,-0.350000,1.119891
418,-1.146163,1.574089,0.412104,1.115693,0.472329,-2.466373,1.000000,0.860000,0.500000,0.150000,-0.350000,1.115693
419,-1.137832,1.582885,0.387440,1.111150,0.483228,-2.481089,1.000000,0.900000,0.500000,0.150000,-0.350000,1.111150
420,-1.129370,1.591558,0.362629,1.106261,0.494131,-2.495256,1.000000,0.940000,0.520000,0.150000,-0.300000,1.106261
421,-1.120779,1.600102,0.337677,1.101514,0.504977,-2.510977,1.000000,0.980000,0.520000,0.150000,-0.300000,1.101514
422,-1.112059,1.608516,0.312567,1.096411,0.515831,-2.526467,1.000000,1.000000,0.520000,0.150000,-0.300000,1.096411
423,-1.103213,1.616796,0.287302,1.090950,0.526682,-2.541763,1.000000,1.000000,0.520000,0.150000,-0.300000,1.090950
424,-1.094243,1.624938,0.261885,1.085129,0.537519,-2.556904,1.000000,1.000000,0.540000,0.150000,-0.250000,1.085129
425,-1.085153,1.632939,0.236316,1.079437,0.548315,-2.572680,0.600000,1.000000,0.540000,0.050000,-0.250000,1.079437
426,-1.075942,1.640797,0.210589,1.066377,0.559092,-2.588596,0.540000,1.000000,0.560000,0.050000,-0.250000,1.066377
427,-1.066683,1.648494,0.184703,1.052946,0.569651,-2.604682,0.500000,1.000000,0.560000,0.050000,-0.250000,1.052946
428,-1.057379,1.656027,0.158656,1.039145,0.579983,-2.620972,0.460000,1.000000,0.580000,0.050000,-0.200000,1.039145
429,-1.048034,1.663396,0.132446,1.025468,0.590087,-2.637154,0.440000,1.000000,0.600000,0.050000,-0.200000,1.025468
430,-1.038649,1.670599,0.106075,1.011426,0.599951,-2.653887,0.420000,1.000000,0.600000,0.050000,-0.200000,1.011426
431,-1.029226,1.677636,0.079536,0.997019,0.609567,-2.671179,0.400000,1.000000,0.640000,0.050000,-0.100000,0.997019
432,-1.019772,1.684504,0.052824,0.983224,0.619066,-2.683250,0.380000,1.000000,0.660000,0.050000,-0.050000,0.983224
433,-1.010280,1.691206,0.025992,0.969573,0.628410,-2.690180,0.360000,1.000000,0.680000,0.050000,-0.050000,0.969573
434,-1.000751,1.697740,-0.000910,0.955627,0.637391,-2.698846,0.360000,1.000000,0.720000,0.050000,0.000000,0.955627
435,-0.991189,1.704105,-0.027899,0.941846,0.646217,-2.700784,0.340000,1.000000,0.760000,0.050000,0.100000,0.941846
436,-0.981594,1.710302,-0.054906,0.928672,0.655223,-2.679092,0.340000,1.000000,0.800000,0.050000,0.150000,0.928672
437,-0.971962,1.716334,-0.081697,0.915780,0.663993,-2.643011,0.320000,1.000000,0.860000,0.050000,0.300000,0.915780
438,-0.962293,1.722205,-0.108127,0.903636,0.673870,-2.530083,0.320000,1.000000,0.920000,0.050000,0.400000,0.903636
439,-0.952582,1.727929,-0.133428,0.892017,0.684060,-2.345983,0.320000,1.000000,0.920000,0.050000,0.400000,0.892017
440,-0.942831,1.733522,-0.156888,0.881548,0.691965,-2.176444,0.320000,1.000000,0.920000,0.050000,0.400000,0.881548
441,-0.933043,1.738979,-0.178653,0.872185,0.697850,-2.018595,0.320000,1.000000,1.000000,0.050000,0.500000,0.872185
442,-0.923219,1.744297,-0.198839,0.863384,0.704119,-1.776556,0.300000,1.000000,1.000000,0.050000,0.500000,0.863384
443,-0.913365,1.749494,-0.216604,0.856339,0.707795,-1.548318,0.300000,1.000000,1.000000,0.050000,0.500000,0.856339
444,-0.903480,1.754566,-0.232087,0.850978,0.709146,-1.330490,0.300000,1.000000,1.000000,0.050000,0.500000,0.850978
445,-0.893568,1.759510,-0.245392,0.847239,0.708384,-1.120254,0.300000,0.860000,1.000000,0.050000,0.500000,0.847239
446,-0.883628,1.764323,-0.256595,0.845065,0.705672,-0.915216,0.320000,0.840000,1.000000,0.050000,0.500000,0.845065
447,-0.873663,1.769004,-0.265747,0.844408,0.701133,-0.713290,0.320000,0.820000,1.000000,0.050000,0.500000,0.844408
448,-0.863674,1.773552,-0.272880,0.845222,0.694860,-0.512609,0.320000,0.820000,1.000000,0.050000,0.500000,0.845222
449,-0.853662,1.777966,-0.278006,0.847467,0.686917,-0.311451,0.320000,0.820000,1.000000,0.050000,0.500000,0.847467
450,-0.843628,1.782245,-0.281120,0.851104,0.677340,-0.108183,0.320000,0.820000,1.000000,0.050000,0.500000,0.851104
451,-0.833572,1.786392,-0.282202,0.856096,0.666147,0.098781,0.340000,0.980000,1.000000,0.050000,0.500000,0.856096
452,-0.823494,1.790406,-0.281214,0.862404,0.653331,0.311013,0.340000,1.000000,1.000000,0.050000,0.500000,0.862404
453,-0.813396,1.794289,-0.278104,0.869989,0.638865,0.530104,0.340000,1.000000,1.000000,0.050000,0.500000,0.869989
454,-0.803276,1.798044,-0.272803,0.878810,0.622704,0.757674,0.360000,1.000000,1.000000,0.050000,0.500000,0.878810
455,-0.793135,1.801673,-0.265226,0.888817,0.604782,0.995376,0.360000,1.000000,1.000000,0.050000,0.500000,0.888817
456,-0.782973,1.805179,-0.255273,0.899955,0.585012,1.244889,0.360000,1.000000,1.000000,0.050000,0.500000,0.899955
457,-0.772788,1.808567,-0.242824,0.912157,0.563288,1.507877,0.380000,1.000000,1.000000,0.050000,0.500000,0.912157
458,-0.762579,1.811842,-0.227745,0.925340,0.539486,1.785918,0.400000,1.000000,0.920000,0.050000,0.400000,0.925340
459,-0.752347,1.815008,-0.209886,0.940246,0.510933,1.972246,0.400000,1.000000,0.780000,0.050000,0.100000,0.940246
460,-0.742086,1.818046,-0.190163,0.954602,0.476319,1.975796,0.420000,1.000000,0.740000,0.050000,0.050000,0.954602
461,-0.731812,1.820919,-0.170405,0.967869,0.441384,1.966594,0.440000,1.000000,0.720000,0.050000,0.000000,0.967869
462,-0.721525,1.823628,-0.150739,0.979969,0.406342,1.944169,0.560000,1.000000,0.720000,0.050000,0.000000,0.979969
463,-0.711226,1.826173,-0.131298,0.991287,0.371727,1.920654,0.580000,1.000000,0.660000,0.050000,-0.050000,0.991287
464,-0.700912,1.828561,-0.112091,1.001410,0.337300,1.879636,0.600000,1.000000,0.600000,0.050000,-0.150000,1.001410
465,-0.690583,1.830792,-0.093295,1.009817,0.303142,1.810418,0.620000,1.000000,0.540000,0.050000,-0.250000,1.009817
466,-0.680247,1.832870,-0.075191,1.016419,0.269833,1.718527,0.660000,1.000000,0.500000,0.050000,-0.350000,1.016419
467,-0.669908,1.834797,-0.058005,1.021213,0.237873,1.608519,0.680000,1.000000,0.480000,0.050000,-0.350000,1.021213
468,-0.659576,1.836580,-0.041920,1.025227,0.207534,1.478202,0.820000,1.000000,0.440000,0.100000,-0.450000,1.025227
469,-0.649245,1.838224,-0.027138,1.031040,0.179200,1.331198,0.860000,1.000000,0.420000,0.100000,-0.450000,1.031040
470,-0.638890,1.839735,-0.013826,1.036202,0.152905,1.160633,0.880000,1.000000,0.400000,0.100000,-0.450000,1.036202
471,-0.628508,1.841121,-0.002220,1.040788,0.128909,0.967645,0.920000,1.000000,0.380000,0.150000,-0.500000,1.040788
472,-0.618097,1.842387,0.007457,1.047898,0.107513,0.758149,0.940000,1.000000,0.380000,0.150000,-0.500000,1.047898
473,-0.607627,1.843540,0.015038,1.054611,0.088734,0.530842,0.980000,1.000000,0.360000,0.150000,-0.550000,1.054611
474,-0.597095,1.844586,0.020346,1.060534,0.072818,0.294316,0.980000,1.000000,0.360000,0.150000,-0.550000,1.060534
475,-0.586507,1.845530,0.023290,1.066232,0.059684,0.047753,1.000000,1.000000,0.340000,0.200000,-0.550000,1.066232
476,-0.575861,1.846375,0.023767,1.075273,0.049372,-0.204414,1.000000,1.000000,0.340000,0.200000,-0.550000,1.075273
477,-0.565123,1.847124,0.021723,1.084214,0.041890,-0.458139,1.000000,1.000000,0.340000,0.200000,-0.550000,1.084214
478,-0.554293,1.847778,0.017142,1.093088,0.037208,-0.709403,0.980000,1.000000,0.360000,0.150000,-0.550000,1.093088
479,-0.543370,1.848338,0.010048,1.098411,0.035258,-0.954606,0.960000,1.000000,0.360000,0.150000,-0.550000,1.098411
480,-0.532390,1.848800,0.000502,1.103677,0.035897,-1.190337,0.940000,1.000000,0.360000,0.150000,-0.550000,1.103677
481,-0.521353,1.849165,-0.011402,1.108865,0.038978,-1.414019,0.920000,1.000000,0.380000,0.150000,-0.500000,1.108865
482,-0.510261,1.849428,-0.025542,1.114444,0.044315,-1.624400,0.880000,1.000000,0.380000,0.100000,-0.500000,1.114444
483,-0.499109,1.849587,-0.041786,1.116356,0.051763,-1.819279,0.840000,1.000000,0.400000,0.100000,-0.450000,1.116356
484,-0.487933,1.849638,-0.059979,1.118569,0.061129,-1.994456,0.820000,1.000000,0.440000,0.100000,-0.450000,1.118569
485,-0.476731,1.849577,-0.079923,1.120492,0.072110,-2.153015,0.780000,1.000000,0.460000,0.050000,-0.400000,1.120492
486,-0.465504,1.849401,-0.101454,1.119104,0.084668,-2.288412,0.740000,1.000000,0.500000,0.050000,-0.350000,1.119104
487,-0.454285,1.849110,-0.124338,1.117848,0.098555,-2.396936,0.720000,1.000000,0.500000,0.050000,-0.350000,1.117848
488,-0.443071,1.848702,-0.148307,1.116136,0.113190,-2.492339,0.680000,1.000000,0.500000,0.050000,-0.350000,1.116136
489,-0.431865,1.848172,-0.173230,1.113931,0.128428,-2.575851,0.640000,1.000000,0.480000,0.050000,-0.350000,1.113931
490,-0.420671,1.847517,-0.198989,1.111204,0.144140,-2.648708,0.620000,1.000000,0.560000,0.050000,-0.200000,1.111204
491,-0.409493,1.846734,-0.225476,1.109483,0.161613,-2.652235,0.520000,1.000000,0.680000,0.050000,0.000000,1.109483
492,-0.398318,1.845828,-0.251998,1.108591,0.182927,-2.468922,0.500000,1.000000,0.860000,0.050000,0.300000,1.108591
493,-0.387126,1.844836,-0.276688,1.105868,0.209484,-1.955883,0.480000,1.000000,0.960000,0.050000,0.450000,1.105868
494,-0.375915,1.843830,-0.296246,1.101995,0.231571,-1.377733,0.460000,1.000000,0.960000,0.050000,0.450000,1.101995
495,-0.364699,1.842828,-0.310024,1.099241,0.246727,-0.816196,0.460000,1.000000,1.000000,0.050000,0.500000,1.099241
496,-0.353478,1.841824,-0.318186,1.097211,0.255824,-0.250927,0.460000,1.000000,1.000000,0.050000,0.500000,1.097211
497,-0.342257,1.840821,-0.320695,1.096708,0.258522,0.297108,0.440000,1.000000,1.000000,0.050000,0.500000,1.096708
498,-0.331034,1.839817,-0.317724,1.097736,0.255174,0.826492,0.440000,1.000000,1.000000,0.050000,0.500000,1.097736
499,-0.319809,1.838812,-0.309459,1.100185,0.246155,1.335600,0.460000,1.000000,1.000000,0.050000,0.500000,1.100185
500,-0.308580,1.837806,-0.296103,1.103848,0.231859,1.821950,0.520000,1.000000,0.940000,0.050000,0.450000,1.103848
501,-0.297345,1.836803,-0.277883,1.109132,0.212012,2.251391,0.540000,1.000000,0.900000,0.050000,0.350000,1.109132
502,-0.286098,1.835799,-0.255370,1.116227,0.186140,2.563962,0.560000,1.000000,0.880000,0.050000,0.300000,1.116227
503,-0.274827,1.834780,-0.229730,1.123757,0.156635,2.795160,0.580000,1.000000,0.780000,0.050000,0.100000,1.123757
504,-0.263528,1.833747,-0.201778,1.131849,0.120101,2.751322,0.600000,1.000000,0.640000,0.050000,-0.100000,1.131849
505,-0.252199,1.832655,-0.174265,1.137869,0.081353,2.506636,0.620000,1.000000,0.540000,0.050000,-0.250000,1.137869
506,-0.240851,1.831483,-0.149199,1.141299,0.045042,2.169746,0.640000,1.000000,0.480000,0.050000,-0.350000,1.141299
507,-0.229498,1.830232,-0.127501,1.142729,0.013028,1.787075,0.680000,1.000000,0.440000,0.050000,-0.450000,1.142729
508,-0.218147,1.828908,-0.109631,1.142462,-0.014082,1.376558,0.700000,1.000000,0.420000,0.050000,-0.450000,1.142462
509,-0.206806,1.827518,-0.095865,1.141851,-0.035936,0.954517,0.720000,1.000000,0.400000,0.050000,-0.450000,1.141851
510,-0.195475,1.826068,-0.086320,1.141177,-0.052563,0.529130,0.720000,1.000000,0.400000,0.050000,-0.450000,1.141177
511,-0.184151,1.824560,-0.081029,1.140650,-0.064086,0.107485,0.720000,1.000000,0.380000,0.050000,-0.500000,1.140650
512,-0.172834,1.822998,-0.079954,1.139857,-0.070860,-0.310904,0.720000,1.000000,0.400000,0.050000,-0.450000,1.139857
513,-0.161528,1.821381,-0.083063,1.139970,-0.072771,-0.707338,0.720000,1.000000,0.400000,0.050000,-0.450000,1.139970
514,-0.150228,1.819710,-0.090136,1.140426,-0.070379,-1.083855,0.700000,1.000000,0.420000,0.050000,-0.450000,1.140426
515,-0.138933,1.817983,-0.100975,1.141164,-0.064055,-1.436429,0.680000,1.000000,0.440000,0.050000,-0.450000,1.141164
516,-0.127644,1.816195,-0.115339,1.142073,-0.054201,-1.761703,0.660000,1.000000,0.480000,0.050000,-0.350000,1.142073
517,-0.116362,1.814343,-0.132956,1.144190,-0.040300,-2.016878,0.640000,1.000000,0.520000,0.050000,-0.300000,1.144190
518,-0.105074,1.812426,-0.153125,1.146706,-0.023452,-2.211714,0.620000,1.000000,0.580000,0.050000,-0.150000,1.146706
519,-0.093777,1.810446,-0.175242,1.150277,-0.001767,-2.235508,0.580000,1.000000,0.660000,0.050000,-0.050000,1.150277
520,-0.082454,1.808423,-0.197597,1.153716,0.022105,-2.123657,0.560000,1.000000,0.720000,0.050000,0.000000,1.153716
521,-0.071098,1.806375,-0.218834,1.156633,0.045046,-1.951089,0.540000,1.000000,0.720000,0.050000,0.000000,1.156633
522,-0.059709,1.804303,-0.238344,1.159140,0.064875,-1.789566,0.520000,1.000000,0.700000,0.050000,0.000000,1.159140
523,-0.048293,1.802197,-0.256240,1.161364,0.081883,-1.639479,0.500000,1.000000,0.860000,0.050000,0.300000,1.161364
524,-0.036851,1.800046,-0.272635,1.161429,0.103657,-1.187979,0.500000,1.000000,0.840000,0.050000,0.250000,1.161429
525,-0.025386,1.797917,-0.284515,1.162290,0.118704,-0.786100,0.480000,1.000000,0.840000,0.050000,0.250000,1.162290
526,-0.013897,1.795793,-0.292376,1.163575,0.128563,-0.403438,0.480000,1.000000,0.820000,0.050000,0.200000,1.163575
527,-0.002385,1.793671,-0.296410,1.165847,0.132402,-0.094079,0.460000,1.000000,0.860000,0.050000,0.300000,1.165847
528,0.009152,1.791532,-0.297351,1.167571,0.134826,0.295205,0.460000,1.000000,0.880000,0.050000,0.300000,1.167571
529,0.020710,1.789400,-0.294399,1.169891,0.132709,0.662514,0.460000,1.000000,0.880000,0.050000,0.300000,1.169891
530,0.032291,1.787275,-0.287774,1.172739,0.126483,1.006686,0.460000,1.000000,0.820000,0.050000,0.200000,1.172739
531,0.043895,1.785160,-0.277707,1.176982,0.114104,1.220456,0.460000,1.000000,0.780000,0.050000,0.100000,1.176982
532,0.055527,1.783030,-0.265502,1.181838,0.096840,1.287442,0.480000,1.000000,0.760000,0.050000,0.100000,1.181838
533,0.067185,1.780864,-0.252628,1.186506,0.079670,1.345723,0.480000,1.000000,0.760000,0.050000,0.100000,1.186506
534,0.078873,1.778670,-0.239171,1.190957,0.062701,1.395323,0.480000,1.000000,0.760000,0.050000,0.100000,1.190957
535,0.090592,1.776457,-0.225217,1.195169,0.046025,1.436530,0.500000,1.000000,0.740000,0.050000,0.050000,1.195169
536,0.102345,1.774237,-0.210852,1.199244,0.028177,1.403875,0.500000,1.000000,0.740000,0.050000,0.050000,1.199244
537,0.114130,1.772003,-0.196813,1.203028,0.011630,1.368913,0.500000,1.000000,0.680000,0.050000,-0.050000,1.203028
538,0.125951,1.769764,-0.183124,1.206425,-0.006670,1.203771,0.520000,1.000000,0.640000,0.050000,-0.100000,1.206425
539,0.137801,1.767502,-0.171086,1.209358,-0.023495,0.986183,0.600000,1.000000,0.600000,0.050000,-0.200000,1.209358
540,0.149679,1.765211,-0.161225,1.211407,-0.039257,0.679235,0.600000,1.000000,0.580000,0.050000,-0.200000,1.211407
541,0.161572,1.762879,-0.154432,1.213506,-0.050752,0.383027,0.620000,1.000000,0.580000,0.050000,-0.200000,1.213506
542,0.173485,1.760511,-0.150602,1.215751,-0.058261,0.100276,0.620000,1.000000,0.580000,0.050000,-0.200000,1.215751
543,0.185418,1.758111,-0.149599,1.218191,-0.062095,-0.167275,0.600000,1.000000,0.580000,0.050000,-0.200000,1.218191
544,0.197371,1.755681,-0.151272,1.220838,-0.062584,-0.418554,0.600000,1.000000,0.600000,0.050000,-0.200000,1.220838
545,0.209345,1.753223,-0.155458,1.223674,-0.060063,-0.652920,0.600000,1.000000,0.620000,0.050000,-0.150000,1.223674
546,0.221342,1.750735,-0.161987,1.227053,-0.053557,-0.814213,0.580000,1.000000,0.640000,0.050000,-0.100000,1.227053
547,0.233365,1.748227,-0.170129,1.230746,-0.043966,-0.899186,0.580000,1.000000,0.640000,0.050000,-0.100000,1.230746
548,0.245421,1.745710,-0.179121,1.234379,-0.033825,-0.975094,0.560000,1.000000,0.620000,0.050000,-0.150000,1.234379
549,0.257507,1.743178,-0.188872,1.237633,-0.024692,-1.103456,0.540000,1.000000,0.620000,0.050000,-0.150000,1.237633
550,0.269616,1.740612,-0.199906,1.240810,-0.014431,-1.219076,0.540000,1.000000,0.600000,0.050000,-0.200000,1.240810
551,0.281749,1.738007,-0.212097,1.243454,-0.004459,-1.374610,0.520000,1.000000,0.660000,0.050000,-0.050000,1.243454
552,0.293895,1.735345,-0.225843,1.246861,0.011071,-1.339245,0.500000,1.000000,0.660000,0.050000,-0.050000,1.246861
553,0.306072,1.732661,-0.239236,1.250037,0.025416,-1.303056,0.480000,1.000000,0.640000,0.050000,-0.100000,1.250037
554,0.318277,1.729946,-0.252266,1.252802,0.037171,-1.329198,0.480000,1.000000,0.640000,0.050000,-0.100000,1.252802
555,0.330501,1.727179,-0.265558,1.255378,0.048728,-1.350488,0.460000,1.000000,0.700000,0.050000,-0.050000,1.255378
556,0.342743,1.724354,-0.279063,1.257997,0.061470,-1.306742,0.460000,1.000000,0.700000,0.050000,-0.050000,1.257997
557,0.355005,1.721480,-0.292130,1.260454,0.073103,-1.264166,0.440000,1.000000,0.680000,0.050000,-0.050000,1.260454
558,0.367286,1.718550,-0.304772,1.262775,0.083702,-1.222946,0.420000,1.000000,0.680000,0.050000,-0.050000,1.262775
559,0.379583,1.715559,-0.317001,1.264982,0.093341,-1.183196,0.420000,1.000000,0.740000,0.050000,0.050000,1.264982
560,0.391894,1.712503,-0.328833,1.267236,0.105085,-1.016791,0.400000,1.000000,0.740000,0.050000,0.050000,1.267236
561,0.404226,1.709405,-0.339001,1.269546,0.114217,-0.861289,0.400000,1.000000,0.720000,0.050000,0.000000,1.269546
562,0.416579,1.706261,-0.347614,1.271924,0.119480,-0.780675,0.400000,1.000000,0.720000,0.050000,0.000000,1.271924
563,0.428945,1.703051,-0.355421,1.274353,0.123519,-0.704965,0.380000,1.000000,0.780000,0.050000,0.100000,1.274353
564,0.441322,1.699774,-0.362471,1.276784,0.129488,-0.503871,0.380000,1.000000,0.780000,0.050000,0.100000,1.276784
565,0.453719,1.696458,-0.367509,1.279461,0.132648,-0.315607,0.380000,1.000000,0.760000,0.050000,0.100000,1.279461
566,0.466136,1.693099,-0.370665,1.282391,0.133283,-0.139285,0.360000,1.000000,0.760000,0.050000,0.100000,1.282391
567,0.478572,1.689696,-0.372058,1.285566,0.131650,0.025858,0.360000,1.000000,0.740000,0.050000,0.050000,1.285566
568,0.491026,1.686249,-0.371800,1.289040,0.126456,0.114871,0.360000,1.000000,0.740000,0.050000,0.050000,1.289040
569,0.503495,1.682744,-0.370651,1.292621,0.120368,0.197833,0.360000,1.000000,0.720000,0.050000,0.000000,1.292621
570,0.515980,1.679184,-0.368673,1.296216,0.112039,0.212339,0.340000,1.000000,0.720000,0.050000,0.000000,1.296216
571,0.528475,1.675558,-0.366549,1.299811,0.103899,0.224333,0.340000,1.000000,0.700000,0.050000,-0.050000,1.299811
572,0.540982,1.671869,-0.364306,1.303204,0.094626,0.176093,0.340000,1.000000,0.700000,0.050000,-0.050000,1.303204
573,0.553496,1.668110,-0.362545,1.306540,0.086376,0.127937,0.340000,1.000000,0.680000,0.050000,-0.050000,1.306540
574,0.566018,1.664284,-0.361266,1.309830,0.079113,0.080236,0.340000,0.980000,0.680000,0.050000,-0.050000,1.309830
575,0.578551,1.660394,-0.360463,1.313081,0.072793,0.033318,0.320000,0.960000,0.660000,0.050000,-0.050000,1.313081
576,0.591094,1.656444,-0.360130,1.316300,0.067370,-0.012530,0.320000,0.960000,0.740000,0.050000,0.050000,1.316300
577,0.603650,1.652436,-0.360255,1.319645,0.065778,0.070543,0.380000,0.940000,0.720000,0.050000,0.000000,1.319645
578,0.616231,1.648400,-0.359550,1.323043,0.061651,0.081897,0.380000,0.940000,0.720000,0.050000,0.000000,1.323043
579,0.628833,1.644321,-0.358731,1.326444,0.057576,0.091502,0.380000,0.920000,0.700000,0.050000,-0.050000,1.326444
580,0.641455,1.640204,-0.357816,1.329704,0.052113,0.037002,0.360000,0.920000,0.700000,0.050000,-0.050000,1.329704
581,0.654092,1.636035,-0.357446,1.332937,0.047619,-0.015599,0.360000,0.900000,0.680000,0.050000,-0.050000,1.332937
582,0.666746,1.631817,-0.357602,1.336149,0.044027,-0.066095,0.360000,0.900000,0.680000,0.050000,-0.050000,1.336149
583,0.679416,1.627553,-0.358263,1.339344,0.041272,-0.114331,0.360000,0.880000,0.660000,0.050000,-0.050000,1.339344
584,0.692104,1.623243,-0.359406,1.342525,0.039289,-0.160198,0.340000,0.880000,0.660000,0.050000,-0.050000,1.342525
585,0.704810,1.618889,-0.361008,1.345693,0.038013,-0.203623,0.340000,0.860000,0.640000,0.050000,-0.100000,1.345693
586,0.717533,1.614491,-0.363044,1.348598,0.036007,-0.303344,0.340000,0.860000,0.640000,0.050000,-0.100000,1.348598
587,0.730268,1.610038,-0.366078,1.351480,0.035419,-0.397503,0.320000,0.840000,0.620000,0.050000,-0.150000,1.351480
588,0.743014,1.605531,-0.370053,1.353979,0.034910,-0.537649,0.320000,0.840000,0.620000,0.050000,-0.150000,1.353979
589,0.755764,1.600960,-0.375429,1.356442,0.036287,-0.669643,1.000000,0.820000,0.600000,0.150000,-0.200000,1.356442
590,0.768516,1.596324,-0.382126,1.365415,0.038356,-0.836635,0.300000,0.820000,0.600000,0.050000,-0.200000,1.365415
591,0.781329,1.591588,-0.390492,1.367316,0.042634,-0.993481,1.000000,0.800000,0.580000,0.150000,-0.200000,1.367316
592,0.794135,1.586778,-0.400427,1.376115,0.048856,-1.139376,1.000000,0.840000,0.620000,0.150000,-0.150000,1.376115
593,0.806998,1.581864,-0.411821,1.385213,0.057922,-1.230904,1.000000,0.840000,0.600000,0.150000,-0.200000,1.385213
594,0.819924,1.576850,-0.424130,1.393696,0.066993,-1.357219,1.000000,0.820000,0.600000,0.150000,-0.200000,1.393696
595,0.832902,1.571725,-0.437702,1.401965,0.077582,-1.473193,1.000000,0.820000,0.580000,0.150000,-0.200000,1.401965
596,0.845928,1.566485,-0.452434,1.409980,0.089527,-1.579108,1.000000,0.820000,0.580000,0.150000,-0.200000,1.409980
597,0.859001,1.561127,-0.468225,1.417700,0.102676,-1.675373,1.000000,0.800000,0.560000,0.150000,-0.250000,1.417700
598,0.872116,1.555645,-0.484979,1.424587,0.116177,-1.792821,0.440000,0.800000,0.560000,0.050000,-0.250000,1.424587
599,0.885260,1.550031,-0.502907,1.424085,0.131070,-1.899594,0.320000,0.800000,0.580000,0.050000,-0.200000,1.424085
600,0.898370,1.544316,-0.521903,1.423648,0.147704,-1.967472,0.420000,0.800000,0.580000,0.050000,-0.200000,1.423648
601,0.911447,1.538499,-0.541578,1.422761,0.164825,-2.027514,0.300000,0.800000,0.620000,0.050000,-0.150000,1.422761
602,0.924488,1.532577,-0.561853,1.421864,0.183109,-2.047086,0.340000,0.800000,0.600000,0.050000,-0.200000,1.421864
603,0.937497,1.526552,-0.582324,1.420065,0.200423,-2.094827,0.280000,0.780000,0.600000,0.050000,-0.200000,1.420065
604,0.950459,1.520416,-0.603272,1.417785,0.217972,-2.137069,0.320000,0.780000,0.580000,0.050000,-0.200000,1.417785
605,0.963371,1.514167,-0.624643,1.415014,0.235689,-2.174480,0.260000,0.780000,0.580000,0.050000,-0.200000,1.415014
606,0.976228,1.507804,-0.646387,1.411748,0.253511,-2.207680,0.300000,0.780000,0.620000,0.050000,-0.150000,1.411748
607,0.989024,1.501324,-0.668464,1.408452,0.271975,-2.212191,0.240000,0.780000,0.600000,0.050000,-0.200000,1.408452
608,1.001763,1.494729,-0.690586,1.404237,0.289517,-2.239178,0.280000,0.780000,0.600000,0.050000,-0.200000,1.404237
609,1.014432,1.488016,-0.712978,1.399531,0.307051,-2.263491,0.220000,0.780000,0.600000,0.050000,-0.200000,1.399531
610,1.027027,1.481185,-0.735613,1.394334,0.324543,-2.285533,0.260000,0.800000,0.640000,0.050000,-0.100000,1.394334
611,1.039542,1.474235,-0.758468,1.389564,0.343027,-2.260422,0.260000,0.800000,0.620000,0.050000,-0.150000,1.389564
612,1.051988,1.467167,-0.781072,1.383994,0.360161,-2.261993,0.240000,0.800000,0.620000,0.050000,-0.150000,1.383994
613,1.064353,1.459981,-0.803692,1.378012,0.376943,-2.263746,0.240000,0.800000,0.620000,0.050000,-0.150000,1.378012
614,1.076630,1.452676,-0.826330,1.371627,0.393387,-2.265792,0.220000,0.800000,0.620000,0.050000,-0.150000,1.371627
615,1.088817,1.445254,-0.848988,1.364846,0.409504,-2.268221,0.220000,0.820000,0.620000,0.050000,-0.150000,1.364846
616,1.100909,1.437715,-0.871670,1.357674,0.425305,-2.271108,0.220000,0.820000,0.600000,0.050000,-0.200000,1.357674
617,1.112902,1.430061,-0.894381,1.349637,0.440515,-2.286831,0.200000,0.820000,0.600000,0.050000,-0.200000,1.349637
618,1.124786,1.422294,-0.917249,1.341173,0.455609,-2.302088,0.200000,0.900000,0.600000,0.050000,-0.200000,1.341173
619,1.136558,1.414416,-0.940270,1.332281,0.470577,-2.317003,0.180000,0.920000,0.600000,0.050000,-0.200000,1.332281
620,1.148213,1.406429,-0.963440,1.322964,0.485412,-2.331689,0.220000,0.920000,0.600000,0.050000,-0.200000,1.322964
621,1.159749,1.398336,-0.986757,1.313221,0.500105,-2.346242,0.220000,0.940000,0.600000,0.050000,-0.200000,1.313221
622,1.171163,1.390138,-1.010219,1.303053,0.514650,-2.360750,0.200000,0.960000,0.600000,0.050000,-0.200000,1.303053
623,1.182449,1.381838,-1.033827,1.292460,0.529040,-2.375290,0.200000,0.980000,0.600000,0.050000,-0.200000,1.292460
624,1.193607,1.373438,-1.057580,1.281441,0.543269,-2.389930,0.200000,1.000000,0.600000,0.050000,-0.200000,1.281441
625,1.204631,1.364942,-1.081479,1.269997,0.557331,-2.404730,0.180000,1.000000,0.600000,0.050000,-0.200000,1.269997
626,1.215520,1.356352,-1.105526,1.258128,0.571220,-2.419744,0.180000,1.000000,0.600000,0.050000,-0.200000,1.258128
627,1.226269,1.347671,-1.129724,1.245831,0.584932,-2.435020,0.160000,1.000000,0.600000,0.050000,-0.200000,1.245831
628,1.236877,1.338902,-1.154074,1.233108,0.598460,-2.450598,0.680000,1.000000,0.600000,0.050000,-0.200000,1.233108
629,1.247341,1.330049,-1.178580,1.219955,0.611799,-2.466515,0.680000,1.000000,0.600000,0.050000,-0.200000,1.219955
630,1.257658,1.321114,-1.203245,1.206374,0.624942,-2.482803,0.660000,1.000000,0.600000,0.050000,-0.200000,1.206374
631,1.267825,1.312102,-1.228073,1.192361,0.637884,-2.499490,0.660000,1.000000,0.620000,0.050000,-0.150000,1.192361
632,1.277839,1.303015,-1.253068,1.178405,0.650689,-2.513604,0.660000,1.000000,0.620000,0.050000,-0.150000,1.178405
633,1.287702,1.293854,-1.278204,1.164034,0.663246,-2.528568,0.540000,1.000000,0.620000,0.050000,-0.150000,1.164034
634,1.297410,1.284621,-1.303490,1.149244,0.675557,-2.544376,0.480000,1.000000,0.640000,0.050000,-0.150000,1.149244
635,1.306961,1.275321,-1.328934,1.134033,0.687620,-2.561017,0.440000,1.000000,0.640000,0.050000,-0.150000,1.134033
636,1.316353,1.265958,-1.354544,1.118398,0.699431,-2.578484,0.420000,1.000000,0.740000,0.050000,0.050000,1.118398
637,1.325585,1.256535,-1.380329,1.104190,0.711732,-2.564944,0.400000,1.000000,0.740000,0.050000,0.050000,1.104190
638,1.334664,1.247040,-1.405978,1.089767,0.723417,-2.554615,0.380000,1.000000,0.760000,0.050000,0.100000,1.089767
639,1.343588,1.237477,-1.431524,1.075535,0.734880,-2.532182,0.360000,1.000000,0.780000,0.050000,0.100000,1.075535
640,1.352359,1.227846,-1.456846,1.061188,0.745631,-2.513458,0.360000,1.000000,0.820000,0.050000,0.200000,1.061188
641,1.360973,1.218151,-1.481981,1.047419,0.756647,-2.458665,0.360000,1.000000,0.840000,0.050000,0.250000,1.047419
642,1.369439,1.208389,-1.506567,1.034077,0.767204,-2.383498,0.360000,1.000000,0.860000,0.050000,0.300000,1.034077
643,1.377759,1.198562,-1.530402,1.021279,0.777193,-2.284817,0.340000,1.000000,1.000000,0.050000,0.500000,1.021279
644,1.385937,1.188672,-1.553250,1.008473,0.789767,-2.018995,0.340000,1.000000,1.000000,0.050000,0.500000,1.008473
645,1.394010,1.178727,-1.573440,0.997727,0.798914,-1.772233,0.340000,1.000000,1.000000,0.050000,0.500000,0.997727
646,1.401973,1.168729,-1.591163,0.988961,0.805030,-1.540302,0.340000,0.980000,1.000000,0.050000,0.500000,0.988961
647,1.409820,1.158677,-1.606566,0.982101,0.808429,-1.319728,0.360000,0.980000,1.000000,0.050000,0.500000,0.982101
648,1.417548,1.148573,-1.619763,0.977081,0.809357,-1.107621,0.360000,0.980000,1.000000,0.050000,0.500000,0.977081
649,1.425154,1.138418,-1.630839,0.973843,0.808006,-0.901526,0.360000,0.960000,1.000000,0.050000,0.500000,0.973843
650,1.432635,1.128212,-1.639854,0.972335,0.804525,-0.699313,0.360000,0.960000,1.000000,0.050000,0.500000,0.972335
651,1.439990,1.117957,-1.646848,0.972509,0.799022,-0.499081,0.380000,0.940000,1.000000,0.050000,0.500000,0.972509
652,1.447218,1.107653,-1.651838,0.974323,0.791574,-0.299088,0.380000,0.940000,1.000000,0.050000,0.500000,0.974323
653,1.454319,1.097301,-1.654829,0.977736,0.782228,-0.097687,0.400000,0.940000,1.000000,0.050000,0.500000,0.977736
654,1.461293,1.086902,-1.655806,0.982709,0.771007,0.106714,0.420000,0.920000,1.000000,0.050000,0.500000,0.982709
655,1.468141,1.076455,-1.654739,0.989206,0.757906,0.315696,0.420000,0.920000,1.000000,0.050000,0.500000,0.989206
656,1.474864,1.065963,-1.651582,0.997185,0.742898,0.530862,0.440000,0.900000,1.000000,0.050000,0.500000,0.997185
657,1.481464,1.055424,-1.646273,1.006606,0.725933,0.753852,0.460000,0.900000,1.000000,0.050000,0.500000,1.006606
658,1.487944,1.044839,-1.638735,1.017420,0.706935,0.986365,0.480000,1.000000,1.000000,0.050000,0.500000,1.017420
659,1.494306,1.034208,-1.628871,1.029574,0.685806,1.230158,0.480000,1.000000,1.000000,0.050000,0.500000,1.029574
660,1.500555,1.023532,-1.616570,1.043001,0.662425,1.487027,0.460000,1.000000,1.000000,0.050000,0.500000,1.043001
661,1.506695,1.012810,-1.601699,1.057622,0.636643,1.758766,0.460000,1.000000,1.000000,0.050000,0.500000,1.057622
662,1.512732,1.002042,-1.584112,1.073337,0.608289,2.047079,0.500000,1.000000,0.820000,0.050000,0.200000,1.073337
663,1.518671,0.991228,-1.563641,1.090741,0.571040,2.091306,0.540000,1.000000,0.660000,0.050000,-0.100000,1.090741
664,1.524459,0.980362,-1.542728,1.105142,0.531351,2.056651,0.580000,1.000000,0.600000,0.050000,-0.250000,1.105142
665,1.530081,0.969464,-1.522161,1.117072,0.491871,2.014560,0.640000,1.000000,0.560000,0.050000,-0.250000,1.117072
666,1.535537,0.958546,-1.502016,1.127996,0.452849,1.966647,0.680000,1.000000,0.540000,0.050000,-0.300000,1.127996
667,1.540830,0.947604,-1.482349,1.137442,0.414461,1.912607,0.680000,1.000000,0.500000,0.050000,-0.400000,1.137442
668,1.545963,0.936640,-1.463223,1.144959,0.376989,1.855886,0.660000,1.000000,0.480000,0.050000,-0.400000,1.144959
669,1.550940,0.925661,-1.444664,1.151563,0.340372,1.786147,0.740000,1.000000,0.440000,0.050000,-0.450000,1.151563
670,1.555766,0.914665,-1.426803,1.156795,0.304970,1.706428,0.800000,1.000000,0.420000,0.050000,-0.500000,1.156795
671,1.560444,0.903655,-1.409739,1.160704,0.271004,1.615308,0.780000,1.000000,0.400000,0.050000,-0.500000,1.160704
672,1.564980,0.892633,-1.393585,1.163806,0.238522,1.503712,0.780000,1.000000,0.380000,0.050000,-0.500000,1.163806
673,1.569380,0.881597,-1.378548,1.166140,0.207819,1.370176,0.880000,1.000000,0.360000,0.050000,-0.550000,1.166140
674,1.573648,0.870548,-1.364847,1.167298,0.179355,1.221142,0.920000,1.000000,0.360000,0.100000,-0.550000,1.167298
675,1.577790,0.859488,-1.352635,1.171322,0.153153,1.049528,0.900000,1.000000,0.340000,0.050000,-0.600000,1.171322
676,1.581821,0.848384,-1.342140,1.170835,0.129621,0.864359,0.900000,1.000000,0.320000,0.050000,-0.600000,1.170835
677,1.585737,0.837274,-1.333496,1.169884,0.108720,0.660046,0.980000,1.000000,0.320000,0.150000,-0.600000,1.169884
678,1.589544,0.826159,-1.326896,1.175555,0.090613,0.439741,1.000000,1.000000,0.320000,0.150000,-0.600000,1.175555
679,1.593262,0.814970,-1.322498,1.180930,0.075392,0.206610,0.980000,1.000000,0.300000,0.150000,-0.600000,1.180930
680,1.596895,0.803708,-1.320432,1.186087,0.063147,-0.035228,0.980000,1.000000,0.300000,0.150000,-0.600000,1.186087
681,1.600446,0.792374,-1.320785,1.191089,0.053917,-0.281595,0.960000,1.000000,0.300000,0.100000,-0.600000,1.191089
682,1.603915,0.780966,-1.323601,1.192481,0.047692,-0.528434,0.960000,1.000000,0.280000,0.100000,-0.650000,1.192481
683,1.607295,0.769521,-1.328885,1.193329,0.044561,-0.764401,0.960000,1.000000,0.280000,0.100000,-0.650000,1.193329
684,1.610586,0.758042,-1.336529,1.194101,0.044144,-0.993675,0.940000,1.000000,0.280000,0.100000,-0.650000,1.194101
685,1.613788,0.746529,-1.346466,1.194784,0.046294,-1.213303,0.940000,1.000000,0.280000,0.100000,-0.650000,1.194784
686,1.616897,0.734984,-1.358599,1.195348,0.050838,-1.420809,0.920000,1.000000,0.280000,0.100000,-0.650000,1.195348
687,1.619911,0.723406,-1.372807,1.195754,0.057586,-1.614236,0.920000,1.000000,0.280000,0.100000,-0.650000,1.195754
688,1.622828,0.711795,-1.388949,1.195951,0.066330,-1.792167,0.840000,1.000000,0.280000,0.050000,-0.650000,1.195951
689,1.625643,0.700153,-1.406871,1.192384,0.076857,-1.953718,0.780000,1.000000,0.300000,0.050000,-0.600000,1.192384
690,1.628347,0.688514,-1.426408,1.188962,0.088711,-2.105129,0.780000,1.000000,0.300000,0.050000,-0.600000,1.188962
691,1.630936,0.676876,-1.447459,1.185163,0.101920,-2.239586,0.780000,1.000000,0.300000,0.050000,-0.600000,1.185163
692,1.633406,0.665239,-1.469855,1.180937,0.116267,-2.357550,0.760000,1.000000,0.320000,0.050000,-0.600000,1.180937
693,1.635752,0.653607,-1.493431,1.176239,0.131548,-2.459789,0.720000,1.000000,0.320000,0.050000,-0.600000,1.176239
694,1.637973,0.641982,-1.518029,1.171030,0.147574,-2.547285,0.660000,1.000000,0.340000,0.050000,-0.600000,1.171030
695,1.640064,0.630366,-1.543501,1.165283,0.164170,-2.621158,0.620000,1.000000,0.360000,0.050000,-0.550000,1.165283
696,1.642023,0.618762,-1.569713,1.159444,0.181031,-2.688859,0.580000,1.000000,0.500000,0.050000,-0.400000,1.159444
697,1.643846,0.607170,-1.596602,1.154519,0.198150,-2.749407,0.580000,1.000000,1.000000,0.050000,0.500000,1.154519
698,1.645529,0.595577,-1.624096,1.148526,0.230950,-2.142854,0.580000,1.000000,1.000000,0.050000,0.500000,1.148526
699,1.647224,0.583985,-1.645524,1.143235,0.256102,-1.545071,0.560000,1.000000,1.000000,0.050000,0.500000,1.143235
700,1.648924,0.572393,-1.660975,1.139143,0.273866,-0.960177,0.560000,0.920000,1.000000,0.050000,0.500000,1.139143
701,1.650626,0.560802,-1.670577,1.136574,0.284552,-0.390689,0.560000,0.900000,1.000000,0.050000,0.500000,1.136574
702,1.652325,0.549209,-1.674484,1.135692,0.288504,0.162047,0.540000,0.900000,1.000000,0.050000,0.500000,1.135692
703,1.654019,0.537614,-1.672863,1.136522,0.286077,0.697304,0.540000,0.880000,1.000000,0.050000,0.500000,1.136522
704,1.655707,0.526017,-1.665890,1.138968,0.277635,1.214323,0.520000,0.900000,1.000000,0.050000,0.500000,1.138968
705,1.657389,0.514415,-1.653747,1.142832,0.263548,1.711628,0.500000,1.000000,1.000000,0.050000,0.500000,1.142832
706,1.659069,0.502808,-1.636631,1.147829,0.244212,2.186375,0.520000,1.000000,1.000000,0.050000,0.500000,1.147829
707,1.660750,0.491194,-1.614767,1.153606,0.220069,2.633879,0.560000,1.000000,1.000000,0.050000,0.500000,1.153606
708,1.662442,0.479572,-1.588428,1.159752,0.191627,3.047572,0.600000,1.000000,0.960000,0.050000,0.450000,1.159752
709,1.664153,0.467942,-1.557952,1.166504,0.158827,3.391883,0.620000,1.000000,0.760000,0.050000,0.100000,1.166504
710,1.665891,0.456299,-1.524033,1.175620,0.114463,3.311139,0.600000,1.000000,0.500000,0.050000,-0.400000,1.175620
711,1.667584,0.444609,-1.490922,1.179189,0.066865,2.954094,0.660000,1.000000,0.360000,0.050000,-0.550000,1.179189
712,1.669192,0.432908,-1.461381,1.179554,0.024773,2.562774,0.700000,1.000000,0.340000,0.050000,-0.600000,1.179554
713,1.670726,0.421210,-1.435753,1.178170,-0.011644,2.142252,0.680000,1.000000,0.320000,0.050000,-0.600000,1.178170
714,1.672197,0.409520,-1.414331,1.175960,-0.042380,1.695749,0.720000,1.000000,0.300000,0.050000,-0.600000,1.175960
715,1.673611,0.397838,-1.397373,1.173344,-0.067310,1.232928,0.780000,1.000000,0.300000,0.050000,-0.600000,1.173344
716,1.674972,0.386164,-1.385044,1.170682,-0.086425,0.762212,0.760000,1.000000,0.280000,0.050000,-0.650000,1.170682
717,1.676285,0.374499,-1.377422,1.167769,-0.099696,0.295811,0.760000,1.000000,0.280000,0.050000,-0.650000,1.167769
718,1.677551,0.362848,-1.374464,1.165271,-0.107478,-0.165580,0.740000,1.000000,0.280000,0.050000,-0.650000,1.165271
719,1.678770,0.351209,-1.376120,1.163290,-0.109997,-0.615814,0.740000,1.000000,0.280000,0.050000,-0.650000,1.163290
720,1.679941,0.339583,-1.382278,1.161844,-0.107546,-1.048968,0.740000,1.000000,0.280000,0.050000,-0.650000,1.161844
721,1.681062,0.327969,-1.392767,1.160872,-0.100483,-1.459269,0.720000,1.000000,0.280000,0.050000,-0.650000,1.160872
722,1.682129,0.316366,-1.407360,1.160251,-0.089220,-1.841202,0.720000,1.000000,0.280000,0.050000,-0.650000,1.160251
723,1.683136,0.304773,-1.425772,1.159806,-0.074221,-2.189814,0.700000,1.000000,0.380000,0.050000,-0.550000,1.159806
724,1.684078,0.293189,-1.447670,1.160388,-0.055989,-2.501579,0.660000,1.000000,0.380000,0.050000,-0.550000,1.160388
725,1.684947,0.281604,-1.472686,1.160714,-0.035014,-2.774613,0.600000,1.000000,0.500000,0.050000,-0.400000,1.160714
726,1.685736,0.270019,-1.500432,1.162293,-0.011020,-2.975828,0.560000,1.000000,0.620000,0.050000,-0.200000,1.162293
727,1.686443,0.258417,-1.530191,1.165322,0.017728,-2.999796,0.560000,1.000000,0.780000,0.050000,0.100000,1.165322
728,1.687093,0.246781,-1.560188,1.167723,0.053981,-2.651457,0.560000,1.000000,0.840000,0.050000,0.250000,1.167723
729,1.687757,0.235110,-1.586703,1.168023,0.087650,-2.191509,0.540000,1.000000,0.900000,0.050000,0.350000,1.168023
730,1.688447,0.223417,-1.608618,1.166914,0.116140,-1.688160,0.520000,1.000000,0.960000,0.050000,0.450000,1.166914
731,1.689167,0.211712,-1.625500,1.164791,0.138791,-1.160507,0.500000,1.000000,0.980000,0.050000,0.450000,1.164791
732,1.689916,0.200006,-1.637105,1.163154,0.154872,-0.639768,0.480000,1.000000,0.960000,0.050000,0.450000,1.163154
733,1.690690,0.188297,-1.643502,1.162266,0.164628,-0.131158,0.480000,1.000000,0.960000,0.050000,0.450000,1.162266
734,1.691488,0.176586,-1.644814,1.162264,0.168369,0.361116,0.480000,1.000000,0.940000,0.050000,0.450000,1.162264
735,1.692308,0.164870,-1.641203,1.163175,0.166456,0.833372,0.480000,1.000000,0.940000,0.050000,0.450000,1.163175
736,1.693150,0.153150,-1.632869,1.164924,0.159299,1.282020,0.500000,1.000000,0.940000,0.050000,0.450000,1.164924
737,1.694017,0.141425,-1.620049,1.167358,0.147349,1.703258,0.480000,1.000000,0.920000,0.050000,0.400000,1.167358
738,1.694914,0.129693,-1.603016,1.170891,0.130487,2.066770,0.460000,1.000000,0.920000,0.050000,0.400000,1.170891
739,1.695841,0.117948,-1.582349,1.174570,0.110181,2.396527,0.460000,1.000000,0.860000,0.050000,0.300000,1.174570
740,1.696807,0.106190,-1.558383,1.179336,0.085193,2.614192,0.480000,1.000000,0.800000,0.050000,0.150000,1.179336
741,1.697805,0.094408,-1.532242,1.184878,0.054833,2.631444,0.520000,1.000000,0.760000,0.050000,0.100000,1.184878
742,1.698810,0.082590,-1.505927,1.189732,0.024258,2.573159,0.540000,1.000000,0.700000,0.050000,-0.050000,1.189732
743,1.699823,0.070733,-1.480195,1.193542,-0.008507,2.324449,0.520000,1.000000,0.660000,0.050000,-0.100000,1.193542
744,1.700818,0.058839,-1.456951,1.196296,-0.038150,2.027504,0.520000,1.000000,0.640000,0.050000,-0.150000,1.196296
745,1.701798,0.046910,-1.436676,1.198197,-0.064207,1.689700,0.580000,1.000000,0.600000,0.050000,-0.250000,1.198197
746,1.702764,0.034950,-1.419779,1.198970,-0.087199,1.279446,0.640000,1.000000,0.580000,0.050000,-0.250000,1.198970
747,1.703706,0.022965,-1.406984,1.199849,-0.104538,0.881529,0.680000,1.000000,0.580000,0.050000,-0.250000,1.199849
748,1.704631,0.010957,-1.398169,1.201046,-0.116537,0.499894,0.720000,1.000000,0.560000,0.050000,-0.300000,1.201046
749,1.705546,-0.001075,-1.393170,1.202147,-0.124520,0.095892,0.740000,1.000000,0.560000,0.050000,-0.300000,1.202147
750,1.706445,-0.013127,-1.392211,1.203808,-0.127465,-0.288882,0.740000,1.000000,0.560000,0.050000,-0.300000,1.203808
751,1.707329,-0.025201,-1.395100,1.206027,-0.125777,-0.652683,0.740000,1.000000,0.560000,0.050000,-0.300000,1.206027
752,1.708199,-0.037295,-1.401627,1.208744,-0.119878,-0.994085,0.720000,1.000000,0.560000,0.050000,-0.300000,1.208744
753,1.709052,-0.049412,-1.411568,1.211851,-0.110204,-1.311742,0.680000,1.000000,0.580000,0.050000,-0.250000,1.211851
754,1.709885,-0.061552,-1.424685,1.215743,-0.096091,-1.557199,0.640000,1.000000,0.580000,0.050000,-0.250000,1.215743
755,1.710705,-0.073719,-1.440257,1.219647,-0.079697,-1.779748,0.600000,1.000000,0.600000,0.050000,-0.250000,1.219647
756,1.711502,-0.085916,-1.458055,1.223420,-0.061393,-1.978990,0.560000,1.000000,0.620000,0.050000,-0.200000,1.223420
757,1.712268,-0.098141,-1.477845,1.227395,-0.040309,-2.102726,0.520000,1.000000,0.640000,0.050000,-0.150000,1.227395
758,1.713006,-0.110400,-1.498872,1.231306,-0.017349,-2.150667,0.480000,1.000000,0.660000,0.050000,-0.100000,1.231306
759,1.713718,-0.122694,-1.520379,1.234941,0.006575,-2.125517,0.460000,1.000000,0.700000,0.050000,-0.050000,1.234941
760,1.714406,-0.135024,-1.541634,1.238162,0.030586,-2.031982,0.420000,1.000000,0.720000,0.050000,0.000000,1.238162
761,1.715073,-0.147391,-1.561954,1.240910,0.053868,-1.875820,0.400000,1.000000,0.700000,0.050000,-0.050000,1.240910
762,1.715721,-0.159795,-1.580712,1.243192,0.072614,-1.794448,0.380000,1.000000,0.700000,0.050000,-0.050000,1.243192
763,1.716324,-0.172234,-1.598656,1.245155,0.089529,-1.717410,0.380000,1.000000,0.720000,0.050000,0.000000,1.245155
764,1.716872,-0.184705,-1.615830,1.246985,0.106260,-1.581073,0.360000,1.000000,0.760000,0.050000,0.100000,1.246985
765,1.717372,-0.197210,-1.631641,1.248514,0.123641,-1.323239,0.340000,1.000000,0.800000,0.050000,0.150000,1.248514
766,1.717847,-0.209748,-1.644873,1.249875,0.138528,-1.019890,0.340000,1.000000,0.800000,0.050000,0.150000,1.249875
767,1.718304,-0.222315,-1.655072,1.251541,0.149009,-0.735390,0.340000,1.000000,0.780000,0.050000,0.100000,1.251541
768,1.718735,-0.234911,-1.662426,1.253817,0.153974,-0.533801,0.320000,1.000000,0.760000,0.050000,0.100000,1.253817
769,1.719121,-0.247538,-1.667764,1.256392,0.156209,-0.345057,0.320000,1.000000,0.760000,0.050000,0.100000,1.256392
770,1.719459,-0.260194,-1.671215,1.259267,0.155988,-0.168021,0.320000,1.000000,0.760000,0.050000,0.100000,1.259267
771,1.719749,-0.272879,-1.672895,1.262430,0.153563,-0.001776,0.320000,1.000000,0.760000,0.050000,0.100000,1.262430
772,1.719990,-0.285594,-1.672913,1.265856,0.149161,0.154366,0.320000,1.000000,0.760000,0.050000,0.100000,1.265856
773,1.720183,-0.298339,-1.671369,1.269513,0.142993,0.300879,0.320000,1.000000,0.760000,0.050000,0.100000,1.269513
774,1.720331,-0.311114,-1.668360,1.273365,0.135258,0.438050,0.320000,1.000000,0.740000,0.050000,0.050000,1.273365
775,1.720437,-0.323918,-1.663980,1.277419,0.124623,0.501053,0.320000,1.000000,0.740000,0.050000,0.050000,1.277419
776,1.720489,-0.336753,-1.658969,1.281494,0.113675,0.558702,0.340000,1.000000,0.720000,0.050000,0.000000,1.281494
777,1.720493,-0.349618,-1.653382,1.285489,0.101049,0.548782,0.340000,1.000000,0.700000,0.050000,-0.050000,1.285489
778,1.720440,-0.362513,-1.647894,1.289199,0.087787,0.479433,0.340000,1.000000,0.700000,0.050000,-0.050000,1.289199
779,1.720322,-0.375434,-1.643100,1.292790,0.075979,0.409751,0.340000,1.000000,0.680000,0.050000,-0.050000,1.292790
780,1.720146,-0.388383,-1.639003,1.296285,0.065583,0.340446,0.340000,1.000000,0.680000,0.050000,-0.050000,1.296285
781,1.719917,-0.401361,-1.635598,1.299704,0.056542,0.272139,0.340000,1.000000,0.660000,0.050000,-0.100000,1.299704
782,1.719640,-0.414367,-1.632877,1.302786,0.047500,0.150168,0.340000,1.000000,0.660000,0.050000,-0.100000,1.302786
783,1.719305,-0.427399,-1.631375,1.305808,0.040410,0.032085,0.360000,1.000000,0.660000,0.050000,-0.100000,1.305808
784,1.718918,-0.440458,-1.631054,1.308793,0.035148,-0.081314,0.340000,1.000000,0.660000,0.050000,-0.100000,1.308793
785,1.718481,-0.453543,-1.631867,1.311752,0.031581,-0.189442,0.340000,1.000000,0.660000,0.050000,-0.100000,1.311752
786,1.717995,-0.466655,-1.633762,1.314693,0.029572,-0.291889,0.340000,1.000000,0.660000,0.050000,-0.100000,1.314693
787,1.717463,-0.479795,-1.636681,1.317617,0.028984,-0.388393,0.340000,0.980000,0.680000,0.050000,-0.050000,1.317617
788,1.716885,-0.492962,-1.640565,1.320759,0.031086,-0.418729,0.340000,0.980000,0.680000,0.050000,-0.050000,1.320759
789,1.716274,-0.506159,-1.644752,1.323882,0.033499,-0.446493,0.340000,0.960000,0.660000,0.050000,-0.100000,1.323882
790,1.715630,-0.519386,-1.649217,1.326742,0.034778,-0.531629,0.320000,0.960000,0.660000,0.050000,-0.100000,1.326742
791,1.714938,-0.532640,-1.654533,1.329568,0.037124,-0.610850,0.320000,0.940000,0.640000,0.050000,-0.150000,1.329568
792,1.714196,-0.545920,-1.660642,1.331996,0.039197,-0.736425,0.320000,0.940000,0.640000,0.050000,-0.150000,1.331996
793,1.713391,-0.559222,-1.668006,1.334366,0.042835,-0.853495,0.320000,0.920000,0.620000,0.050000,-0.200000,1.334366
794,1.712522,-0.572544,-1.676541,1.336218,0.046857,-1.005286,0.300000,0.960000,0.640000,0.050000,-0.150000,1.336218
795,1.711578,-0.585881,-1.686594,1.338405,0.053729,-1.103068,0.300000,0.940000,0.660000,0.050000,-0.100000,1.338405
796,1.710565,-0.599237,-1.697624,1.340816,0.062843,-1.140461,0.300000,0.940000,0.660000,0.050000,-0.100000,1.340816
797,1.709492,-0.612617,-1.709029,1.343088,0.072094,-1.173208,0.280000,0.920000,0.660000,0.050000,-0.100000,1.343088
798,1.708356,-0.626019,-1.720761,1.345213,0.081423,-1.201713,0.280000,0.960000,0.640000,0.050000,-0.150000,1.345213
799,1.707151,-0.639442,-1.732778,1.346819,0.089636,-1.275353,0.260000,0.960000,0.620000,0.050000,-0.200000,1.346819
800,1.705864,-0.652879,-1.745532,1.347795,0.097628,-1.381317,0.260000,0.940000,0.680000,0.050000,-0.050000,1.347795
801,1.704482,-0.666321,-1.759345,1.349652,0.110092,-1.336244,0.260000,0.940000,0.680000,0.050000,-0.050000,1.349652
802,1.703034,-0.679785,-1.772707,1.351372,0.121478,-1.292839,0.240000,0.920000,0.680000,0.050000,-0.050000,1.351372
803,1.701514,-0.693267,-1.785636,1.352980,0.131861,-1.251141,0.240000,0.920000,0.660000,0.050000,-0.100000,1.352980
804,1.699918,-0.706767,-1.798147,1.354196,0.140096,-1.263124,0.300000,0.940000,0.660000,0.050000,-0.100000,1.354196
805,1.698230,-0.720277,-1.810778,1.355280,0.148227,-1.273209,0.220000,0.940000,0.680000,0.050000,-0.050000,1.355280
806,1.696449,-0.733793,-1.823510,1.356544,0.157410,-1.231463,0.280000,0.940000,0.660000,0.050000,-0.100000,1.356544
807,1.694581,-0.747321,-1.835825,1.357429,0.164580,-1.240538,0.280000,0.920000,0.660000,0.050000,-0.100000,1.357429
808,1.692614,-0.760853,-1.848230,1.358200,0.171657,-1.248248,0.280000,0.920000,0.660000,0.050000,-0.100000,1.358200
809,1.690545,-0.774386,-1.860713,1.358860,0.178631,-1.254738,0.260000,0.900000,0.680000,0.050000,-0.050000,1.358860
810,1.688372,-0.787918,-1.873260,1.359741,0.186579,-1.213648,0.260000,0.900000,0.660000,0.050000,-0.100000,1.359741
811,1.686103,-0.801454,-1.885397,1.360256,0.192663,-1.219925,0.260000,0.900000,0.640000,0.050000,-0.150000,1.360256
812,1.683726,-0.814985,-1.897596,1.360260,0.197828,-1.261115,0.240000,0.880000,0.640000,0.050000,-0.150000,1.360260
813,1.681232,-0.828503,-1.910207,1.360113,0.203415,-1.299683,0.240000,0.880000,0.700000,0.050000,-0.050000,1.360113
814,1.678622,-0.842005,-1.923204,1.360571,0.211215,-1.257168,0.240000,0.860000,0.700000,0.050000,-0.050000,1.360571
815,1.675909,-0.855504,-1.935776,1.361011,0.218211,-1.216751,0.220000,0.900000,0.680000,0.050000,-0.050000,1.361011
816,1.673089,-0.868996,-1.947943,1.361444,0.224460,-1.178278,0.220000,0.900000,0.680000,0.050000,-0.050000,1.361444
817,1.670162,-0.882480,-1.959726,1.361882,0.230013,-1.141605,0.220000,0.880000,0.660000,0.050000,-0.100000,1.361882
818,1.667126,-0.895954,-1.971142,1.361974,0.233981,-1.146667,0.200000,0.880000,0.660000,0.050000,-0.100000,1.361974
819,1.663973,-0.909409,-1.982609,1.362004,0.237921,-1.151259,0.200000,0.880000,0.640000,0.050000,-0.150000,1.362004
820,1.660702,-0.922843,-1.994121,1.361544,0.241109,-1.186125,0.260000,0.860000,0.640000,0.050000,-0.150000,1.361544
821,1.657307,-0.936247,-2.005983,1.360960,0.244692,-1.219345,0.180000,0.860000,0.660000,0.050000,-0.100000,1.360960
822,1.653788,-0.949619,-2.018176,1.360679,0.249344,-1.220747,0.240000,0.860000,0.660000,0.050000,-0.100000,1.360679
823,1.650150,-0.962966,-2.030384,1.360332,0.253902,-1.221860,0.240000,0.840000,0.640000,0.050000,-0.150000,1.360332
824,1.646391,-0.976284,-2.042602,1.359489,0.257681,-1.251982,0.220000,0.840000,0.680000,0.050000,-0.050000,1.359489
825,1.642508,-0.989564,-2.055122,1.359322,0.263324,-1.214464,0.220000,0.840000,0.660000,0.050000,-0.100000,1.359322
826,1.638509,-1.002820,-2.067267,1.358805,0.267460,-1.215146,0.220000,0.820000,0.660000,0.050000,-0.100000,1.358805
827,1.634388,-1.016042,-2.079418,1.358231,0.271506,-1.215646,0.200000,0.820000,0.640000,0.050000,-0.150000,1.358231
828,1.630145,-1.029227,-2.091574,1.357166,0.274821,-1.243479,0.200000,0.820000,0.640000,0.050000,-0.150000,1.357166
829,1.625777,-1.042367,-2.104009,1.355980,0.278431,-1.270103,0.240000,0.800000,0.620000,0.050000,-0.200000,1.355980
830,1.621282,-1.055460,-2.116710,1.354196,0.281849,-1.315474,0.180000,0.800000,0.620000,0.050000,-0.200000,1.354196
831,1.616660,-1.068497,-2.129865,1.352239,0.285790,-1.359018,0.220000,0.800000,0.600000,0.050000,-0.250000,1.352239
832,1.611910,-1.081476,-2.143455,1.349605,0.289900,-1.414331,0.220000,0.780000,0.640000,0.050000,-0.150000,1.349605
833,1.607034,-1.094390,-2.157599,1.347724,0.295410,-1.434666,0.220000,0.780000,0.640000,0.050000,-0.150000,1.347724
834,1.602031,-1.107248,-2.171945,1.345698,0.301064,-1.453978,0.200000,0.780000,0.620000,0.050000,-0.200000,1.345698
835,1.596903,-1.120049,-2.186485,1.343051,0.306413,-1.490791,0.200000,0.820000,0.620000,0.050000,-0.200000,1.343051
836,1.591648,-1.132783,-2.201393,1.340207,0.312128,-1.525933,0.200000,0.820000,0.600000,0.050000,-0.250000,1.340207
837,1.586267,-1.145448,-2.216652,1.336667,0.317892,-1.571631,0.180000,0.820000,0.600000,0.050000,-0.250000,1.336667
838,1.580760,-1.158036,-2.232369,1.332889,0.324124,-1.615245,0.180000,0.820000,0.600000,0.050000,-0.250000,1.332889
839,1.575129,-1.170544,-2.248521,1.328865,0.330786,-1.656817,0.180000,0.820000,0.580000,0.050000,-0.250000,1.328865
840,1.569373,-1.182970,-2.265089,1.324590,0.337841,-1.696404,0.160000,0.800000,0.580000,0.050000,-0.250000,1.324590
841,1.563495,-1.195311,-2.282053,1.320057,0.345252,-1.734074,0.160000,0.800000,0.580000,0.050000,-0.250000,1.320057
842,1.557493,-1.207565,-2.299394,1.315261,0.352986,-1.769906,0.200000,0.800000,0.600000,0.050000,-0.250000,1.315261
843,1.551369,-1.219728,-2.317093,1.310198,0.361009,-1.803987,0.140000,0.800000,0.600000,0.050000,-0.250000,1.310198
844,1.545124,-1.231799,-2.335133,1.304861,0.369291,-1.836408,0.180000,0.800000,0.600000,0.050000,-0.250000,1.304861
845,1.538760,-1.243773,-2.353497,1.299248,0.377803,-1.867265,0.180000,0.800000,0.580000,0.050000,-0.250000,1.299248
846,1.532276,-1.255650,-2.372170,1.293354,0.386516,-1.896657,0.160000,0.800000,0.580000,0.050000,-0.250000,1.293354
847,1.525675,-1.267424,-2.391136,1.287177,0.395404,-1.924681,0.160000,0.820000,0.580000,0.050000,-0.250000,1.287177
848,1.518957,-1.279094,-2.410383,1.280712,0.404442,-1.951438,0.240000,0.820000,0.580000,0.050000,-0.250000,1.280712
849,1.512125,-1.290657,-2.429897,1.273957,0.413608,-1.977023,0.240000,0.820000,0.560000,0.050000,-0.300000,1.273957
850,1.505179,-1.302109,-2.449668,1.266412,0.422797,-2.005044,0.220000,0.820000,0.560000,0.050000,-0.300000,1.266412
851,1.498125,-1.313445,-2.469718,1.258561,0.432112,-2.031703,1.000000,0.820000,0.560000,0.150000,-0.300000,1.258561
852,1.490965,-1.324661,-2.490035,1.257401,0.441528,-2.057098,1.000000,0.840000,0.560000,0.150000,-0.300000,1.257401
853,1.483644,-1.335797,-2.510606,1.255931,0.451181,-2.081582,1.000000,0.840000,0.560000,0.150000,-0.300000,1.255931
854,1.476165,-1.346849,-2.531422,1.254145,0.461051,-2.105206,1.000000,0.860000,0.560000,0.150000,-0.300000,1.254145
855,1.468528,-1.357814,-2.552474,1.252039,0.471123,-2.128022,1.000000,0.860000,0.540000,0.150000,-0.350000,1.252039
856,1.460736,-1.368688,-2.573754,1.249115,0.481399,-2.149235,1.000000,0.880000,0.540000,0.150000,-0.350000,1.249115
857,1.452794,-1.379464,-2.595246,1.245864,0.491826,-2.169525,1.000000,0.880000,0.600000,0.150000,-0.250000,1.245864
858,1.444705,-1.390140,-2.616942,1.243269,0.502386,-2.188956,1.000000,0.900000,0.600000,0.150000,-0.250000,1.243269
859,1.436461,-1.400715,-2.638831,1.240340,0.513074,-2.208061,1.000000,0.920000,0.600000,0.150000,-0.250000,1.240340
860,1.428064,-1.411188,-2.660912,1.237074,0.523878,-2.226881,1.000000,0.940000,0.600000,0.150000,-0.250000,1.237074
861,1.419518,-1.421553,-2.683181,1.233464,0.534789,-2.245454,1.000000,0.960000,0.600000,0.150000,-0.250000,1.233464
862,1.410823,-1.431807,-2.705635,1.229506,0.545795,-2.263820,1.000000,1.000000,0.600000,0.150000,-0.250000,1.229506
863,1.401983,-1.441946,-2.728273,1.225195,0.556888,-2.282015,1.000000,1.000000,0.600000,0.150000,-0.250000,1.225195
864,1.392999,-1.451967,-2.751094,1.220526,0.568057,-2.300074,1.000000,1.000000,0.600000,0.150000,-0.250000,1.220526
865,1.383875,-1.461866,-2.774094,1.215495,0.579292,-2.318030,1.000000,1.000000,0.600000,0.150000,-0.250000,1.215495
866,1.374613,-1.471639,-2.797275,1.210096,0.590584,-2.335915,1.000000,1.000000,0.600000,0.150000,-0.250000,1.210096
867,1.365216,-1.481283,-2.820634,1.204325,0.601923,-2.353759,0.900000,1.000000,0.620000,0.050000,-0.200000,1.204325
868,1.355687,-1.490795,-2.844171,1.191669,0.613328,-2.370364,0.640000,1.000000,0.620000,0.050000,-0.200000,1.191669
869,1.346091,-1.500151,-2.867875,1.178638,0.624576,-2.387286,0.540000,1.000000,0.620000,0.050000,-0.200000,1.178638
870,1.336431,-1.509350,-2.891748,1.165231,0.635661,-2.404551,0.480000,1.000000,0.640000,0.050000,-0.150000,1.165231
871,1.326712,-1.518390,-2.915793,1.151934,0.646639,-2.419469,0.460000,1.000000,0.640000,0.050000,-0.150000,1.151934
872,1.316933,-1.527272,-2.939988,1.138275,0.657413,-2.435125,0.440000,1.000000,0.660000,0.050000,-0.100000,1.138275
873,1.307097,-1.535992,-2.964339,1.124732,0.668089,-2.446928,0.420000,1.000000,0.660000,0.050000,-0.100000,1.124732
874,1.297204,-1.544551,-2.988809,1.110849,0.678510,-2.459870,0.400000,1.000000,0.680000,0.050000,-0.050000,1.110849
875,1.287258,-1.552948,-3.013407,1.097096,0.688832,-2.467381,0.380000,1.000000,0.700000,0.050000,-0.050000,1.097096
876,1.277258,-1.561182,-3.038081,1.083038,0.698836,-2.476444,0.380000,1.000000,0.720000,0.050000,0.000000,1.083038
877,1.267207,-1.569252,-3.062846,1.069132,0.708732,-2.478420,0.360000,1.000000,0.740000,0.050000,0.050000,1.069132
878,1.257107,-1.577159,-3.087630,1.055410,0.718503,-2.471069,0.360000,1.000000,0.780000,0.050000,0.100000,1.055410
879,1.246955,-1.584903,-3.112340,1.041919,0.728111,-2.451966,0.360000,1.000000,0.800000,0.050000,0.150000,1.041919
880,1.236754,-1.592485,-3.136860,1.028717,0.737507,-2.418488,0.340000,1.000000,0.840000,0.050000,0.250000,1.028717
881,1.226501,-1.599909,-3.161045,1.016134,0.747238,-2.341452,0.340000,1.000000,0.880000,0.050000,0.300000,1.016134
882,1.216197,-1.607182,-3.184460,1.004110,0.756435,-2.240264,0.340000,1.000000,0.920000,0.050000,0.400000,1.004110
883,1.205841,-1.614309,-3.206862,0.992714,0.765940,-2.069994,0.340000,1.000000,0.960000,0.050000,0.450000,0.992714
884,1.195435,-1.621305,-3.227562,0.982331,0.774291,-1.865515,0.340000,1.000000,1.000000,0.050000,0.500000,0.982331
885,1.184983,-1.628176,-3.246217,0.973156,0.781283,-1.623840,0.340000,1.000000,1.000000,0.050000,0.500000,0.973156
886,1.174489,-1.634930,-3.262456,0.965905,0.785448,-1.395028,0.340000,1.000000,1.000000,0.050000,0.500000,0.965905
887,1.163953,-1.641562,-3.276406,0.960509,0.787057,-1.175879,0.340000,1.000000,1.000000,0.050000,0.500000,0.960509
888,1.153378,-1.648070,-3.288165,0.956905,0.786324,-0.963702,0.340000,1.000000,1.000000,0.050000,0.500000,0.956905
889,1.142763,-1.654452,-3.297802,0.955038,0.783411,-0.756183,0.340000,1.000000,1.000000,0.050000,0.500000,0.955038
890,1.132110,-1.660705,-3.305364,0.954856,0.778442,-0.551277,0.360000,1.000000,1.000000,0.050000,0.500000,0.954856
891,1.121420,-1.666828,-3.310876,0.956316,0.771504,-0.347131,0.360000,1.000000,1.000000,0.050000,0.500000,0.956316
892,1.110694,-1.672822,-3.314348,0.959373,0.762653,-0.142013,0.360000,1.000000,1.000000,0.050000,0.500000,0.959373
893,1.099932,-1.678686,-3.315768,0.963987,0.751920,0.065737,0.380000,1.000000,1.000000,0.050000,0.500000,0.963987
894,1.089135,-1.684421,-3.315110,0.970118,0.739308,0.277753,0.380000,1.000000,1.000000,0.050000,0.500000,0.970118
895,1.078303,-1.690028,-3.312333,0.977726,0.724796,0.495674,0.400000,1.000000,1.000000,0.050000,0.500000,0.977726
896,1.067436,-1.695509,-3.307376,0.986765,0.708339,0.721169,0.400000,1.000000,1.000000,0.050000,0.500000,0.986765
897,1.056535,-1.700867,-3.300164,0.997189,0.689870,0.955953,0.420000,1.000000,1.000000,0.050000,0.500000,0.997189
898,1.045599,-1.706104,-3.290605,1.008940,0.669297,1.201790,0.440000,1.000000,1.000000,0.050000,0.500000,1.008940
899,1.034627,-1.711225,-3.278587,1.021953,0.646504,1.460475,0.460000,1.000000,0.920000,0.050000,0.400000,1.021953
900,1.023621,-1.716234,-3.263982,1.036862,0.618944,1.630854,0.480000,1.000000,0.840000,0.050000,0.250000,1.036862
901,1.012574,-1.721111,-3.247674,1.052194,0.587155,1.699580,0.500000,1.000000,0.780000,0.050000,0.100000,1.052194
902,1.001490,-1.725836,-3.230678,1.066434,0.553122,1.706686,0.540000,1.000000,0.700000,0.050000,-0.050000,1.066434
903,0.990375,-1.730396,-3.213611,1.078817,0.518199,1.680226,0.560000,1.000000,0.660000,0.050000,-0.100000,1.078817
904,0.979242,-1.734789,-3.196809,1.089998,0.483433,1.646222,0.580000,1.000000,0.600000,0.050000,-0.250000,1.089998
905,0.968092,-1.739014,-3.180347,1.098979,0.448918,1.601727,0.620000,1.000000,0.560000,0.050000,-0.300000,1.098979
906,0.956937,-1.743074,-3.164329,1.106716,0.415010,1.552714,0.660000,1.000000,0.520000,0.050000,-0.350000,1.106716
907,0.945778,-1.746972,-3.148802,1.113235,0.381847,1.498768,0.700000,1.000000,0.500000,0.050000,-0.400000,1.113235
908,0.934618,-1.750710,-3.133815,1.118569,0.349570,1.439314,0.720000,1.000000,0.460000,0.050000,-0.450000,1.118569
909,0.923460,-1.754292,-3.119421,1.122753,0.318327,1.373671,0.760000,1.000000,0.440000,0.050000,-0.450000,1.122753
910,0.912306,-1.757724,-3.105685,1.126296,0.288112,1.294337,0.800000,1.000000,0.420000,0.050000,-0.500000,1.126296
911,0.901154,-1.761007,-3.092741,1.128747,0.259284,1.206199,0.860000,1.000000,0.400000,0.050000,-0.500000,1.128747
912,0.890006,-1.764148,-3.080679,1.130615,0.231831,1.101239,0.900000,1.000000,0.380000,0.050000,-0.550000,1.130615
913,0.878862,-1.767150,-3.069667,1.131469,0.206150,0.986029,0.940000,1.000000,0.360000,0.150000,-0.550000,1.131469
914,0.867725,-1.770020,-3.059807,1.138822,0.182198,0.852644,0.980000,1.000000,0.360000,0.150000,-0.550000,1.138822
915,0.856524,-1.772766,-3.051280,1.145718,0.160143,0.700674,1.000000,1.000000,0.340000,0.150000,-0.600000,1.145718
916,0.845258,-1.775394,-3.044273,1.151749,0.140384,0.539405,1.000000,1.000000,0.340000,0.150000,-0.600000,1.151749
917,0.833931,-1.777911,-3.038879,1.157435,0.122818,0.362509,1.000000,1.000000,0.320000,0.150000,-0.650000,1.157435
918,0.822544,-1.780319,-3.035254,1.162386,0.107807,0.181596,1.000000,1.000000,0.320000,0.150000,-0.650000,1.162386
919,0.811100,-1.782625,-3.033438,1.167104,0.095140,-0.009794,1.000000,1.000000,0.320000,0.150000,-0.650000,1.167104
920,0.799600,-1.784830,-3.033536,1.171633,0.084891,-0.208550,1.000000,1.000000,0.300000,0.150000,-0.650000,1.171633
921,0.788043,-1.786938,-3.035622,1.176009,0.077096,-0.411465,1.000000,1.000000,0.300000,0.150000,-0.650000,1.176009
922,0.776431,-1.788948,-3.039736,1.180258,0.071752,-0.615374,1.000000,1.000000,0.300000,0.150000,-0.650000,1.180258
923,0.764762,-1.790862,-3.045890,1.184394,0.068821,-0.817274,1.000000,1.000000,0.300000,0.150000,-0.650000,1.184394
924,0.753038,-1.792679,-3.054063,1.188419,0.068234,-1.014408,1.000000,1.000000,0.300000,0.150000,-0.650000,1.188419
925,0.741259,-1.794398,-3.064207,1.192320,0.069893,-1.204341,1.000000,1.000000,0.320000,0.150000,-0.650000,1.192320
926,0.729426,-1.796016,-3.076250,1.196076,0.073677,-1.385004,1.000000,1.000000,0.320000,0.150000,-0.650000,1.196076
927,0.717539,-1.797533,-3.090100,1.199654,0.079447,-1.554731,0.960000,1.000000,0.320000,0.150000,-0.650000,1.199654
928,0.705599,-1.798943,-3.105648,1.203016,0.087050,-1.712266,0.920000,1.000000,0.340000,0.100000,-0.600000,1.203016
929,0.693608,-1.800246,-3.122770,1.203079,0.096151,-1.864163,0.880000,1.000000,0.340000,0.050000,-0.600000,1.203079
930,0.681597,-1.801433,-3.141412,1.199333,0.106777,-2.002170,0.840000,1.000000,0.360000,0.050000,-0.550000,1.199333
931,0.669604,-1.802503,-3.161434,1.195712,0.118544,-2.131046,0.800000,1.000000,0.380000,0.050000,-0.550000,1.195712
932,0.657626,-1.803451,-3.182744,1.191691,0.131454,-2.245941,0.760000,1.000000,0.400000,0.050000,-0.500000,1.191691
933,0.645665,-1.804274,-3.205204,1.187723,0.145254,-2.350505,0.720000,1.000000,0.420000,0.050000,-0.500000,1.187723
934,0.633719,-1.804969,-3.228709,1.183276,0.159891,-2.442660,0.680000,1.000000,0.460000,0.050000,-0.450000,1.183276
935,0.621792,-1.805532,-3.253135,1.178823,0.175190,-2.524122,0.640000,1.000000,0.500000,0.050000,-0.400000,1.178823
936,0.609882,-1.805961,-3.278376,1.174344,0.191091,-2.593412,0.620000,1.000000,0.560000,0.050000,-0.300000,1.174344
937,0.597988,-1.806253,-3.304311,1.170346,0.207756,-2.638967,0.600000,1.000000,0.640000,0.050000,-0.150000,1.170346
938,0.586103,-1.806407,-3.330700,1.167267,0.226002,-2.616293,0.560000,1.000000,0.740000,0.050000,0.050000,1.167267
939,0.574213,-1.806433,-3.356863,1.164856,0.247842,-2.408740,0.540000,1.000000,0.880000,0.050000,0.300000,1.164856
940,0.562304,-1.806366,-3.380951,1.161012,0.273489,-1.919511,0.520000,1.000000,1.000000,0.050000,0.500000,1.161012
941,0.550377,-1.806270,-3.400146,1.155641,0.295629,-1.325380,0.500000,1.000000,1.000000,0.050000,0.500000,1.155641
942,0.538448,-1.806173,-3.413399,1.151823,0.310360,-0.747024,0.500000,1.000000,1.000000,0.050000,0.500000,1.151823
943,0.526520,-1.806071,-3.420870,1.149807,0.318038,-0.185632,0.500000,1.000000,1.000000,0.050000,0.500000,1.149807
944,0.514591,-1.805958,-3.422726,1.149685,0.319028,0.358635,0.500000,1.000000,1.000000,0.050000,0.500000,1.149685
945,0.502660,-1.805833,-3.419140,1.151417,0.313693,0.886024,0.500000,1.000000,1.000000,0.050000,0.500000,1.151417
946,0.490727,-1.805695,-3.410279,1.154855,0.302385,1.396500,0.500000,1.000000,1.000000,0.050000,0.500000,1.154855
947,0.478790,-1.805545,-3.396314,1.159755,0.285456,1.889042,0.520000,1.000000,1.000000,0.050000,0.500000,1.159755
948,0.466847,-1.805385,-3.377424,1.165792,0.263275,2.360977,0.520000,1.000000,1.000000,0.050000,0.500000,1.165792
949,0.454897,-1.805221,-3.353814,1.172577,0.236259,2.807469,0.540000,1.000000,0.860000,0.050000,0.300000,1.172577
950,0.442937,-1.805061,-3.325740,1.182269,0.200587,3.036975,0.560000,1.000000,0.720000,0.050000,0.000000,1.182269
951,0.430947,-1.804868,-3.295370,1.191741,0.155739,2.907356,0.600000,1.000000,0.600000,0.050000,-0.250000,1.191741
952,0.418931,-1.804582,-3.266296,1.197522,0.111076,2.633357,0.640000,1.000000,0.540000,0.050000,-0.300000,1.197522
953,0.406911,-1.804194,-3.239963,1.201272,0.070600,2.313976,0.660000,1.000000,0.480000,0.050000,-0.400000,1.201272
954,0.394887,-1.803717,-3.216823,1.202786,0.034699,1.952327,0.700000,1.000000,0.440000,0.050000,-0.450000,1.202786
955,0.382867,-1.803159,-3.197300,1.202911,0.003924,1.563391,0.720000,1.000000,0.420000,0.050000,-0.500000,1.202911
956,0.370854,-1.802529,-3.181666,1.201984,-0.021530,1.156397,0.760000,1.000000,0.400000,0.050000,-0.500000,1.201984
957,0.358853,-1.801832,-3.170102,1.200818,-0.041619,0.738901,0.780000,1.000000,0.380000,0.050000,-0.550000,1.200818
958,0.346861,-1.801074,-3.162713,1.199147,-0.056381,0.318577,0.780000,1.000000,0.380000,0.050000,-0.550000,1.199147
959,0.334884,-1.800257,-3.159527,1.197661,-0.065971,-0.099071,0.800000,1.000000,0.380000,0.050000,-0.550000,1.197661
960,0.322922,-1.799382,-3.160518,1.196471,-0.070583,-0.507836,0.780000,1.000000,0.380000,0.050000,-0.550000,1.196471
961,0.310972,-1.798450,-3.165596,1.195615,-0.070478,-0.902055,0.780000,1.000000,0.380000,0.050000,-0.550000,1.195615
962,0.299037,-1.797459,-3.174617,1.195067,-0.065978,-1.276563,0.760000,1.000000,0.400000,0.050000,-0.500000,1.195067
963,0.287114,-1.796405,-3.187382,1.195291,-0.057356,-1.622607,0.740000,1.000000,0.420000,0.050000,-0.500000,1.195291
964,0.275200,-1.795285,-3.203608,1.195608,-0.045159,-1.940448,0.700000,1.000000,0.440000,0.050000,-0.500000,1.195608
965,0.263295,-1.794093,-3.223013,1.195861,-0.029824,-2.227469,0.660000,1.000000,0.480000,0.050000,-0.400000,1.195861
966,0.251400,-1.792823,-3.245287,1.197021,-0.011240,-2.458651,0.640000,1.000000,0.520000,0.050000,-0.400000,1.197021
967,0.239506,-1.791472,-3.269874,1.197747,0.009313,-2.659895,0.600000,1.000000,0.580000,0.050000,-0.250000,1.197747
968,0.227615,-1.790032,-3.296473,1.199569,0.033399,-2.749853,0.580000,1.000000,0.680000,0.050000,-0.050000,1.199569
969,0.215711,-1.788512,-3.323971,1.202010,0.062737,-2.604549,0.540000,1.000000,0.780000,0.050000,0.100000,1.202010
970,0.203777,-1.786949,-3.350017,1.203425,0.093482,-2.278557,0.520000,1.000000,0.940000,0.050000,0.450000,1.203425
971,0.191810,-1.785373,-3.372803,1.201001,0.124274,-1.747816,0.500000,1.000000,1.000000,0.050000,0.500000,1.201001
972,0.179834,-1.783831,-3.390281,1.198119,0.148262,-1.209638,0.480000,1.000000,1.000000,0.050000,0.500000,1.198119
973,0.167857,-1.782319,-3.402377,1.195739,0.165407,-0.675196,0.480000,1.000000,1.000000,0.050000,0.500000,1.195739
974,0.155877,-1.780834,-3.409129,1.194152,0.175921,-0.149965,0.460000,1.000000,1.000000,0.050000,0.500000,1.194152
975,0.143895,-1.779374,-3.410629,1.193522,0.180085,0.361445,0.460000,1.000000,1.000000,0.050000,0.500000,1.193522
976,0.131911,-1.777937,-3.407014,1.193887,0.178233,0.854832,0.460000,1.000000,1.000000,0.050000,0.500000,1.193887
977,0.119923,-1.776525,-3.398466,1.195182,0.170753,1.325966,0.460000,1.000000,1.000000,0.050000,0.500000,1.195182
978,0.107929,-1.775140,-3.385206,1.197244,0.158087,1.770284,0.480000,1.000000,1.000000,0.050000,0.500000,1.197244
979,0.095929,-1.773787,-3.367503,1.199840,0.140730,2.182815,0.480000,1.000000,1.000000,0.050000,0.500000,1.199840
980,0.083920,-1.772471,-3.345675,1.202681,0.119227,2.558472,0.500000,1.000000,1.000000,0.050000,0.500000,1.202681
981,0.071901,-1.771201,-3.320091,1.205451,0.094167,2.892741,0.520000,1.000000,0.860000,0.050000,0.300000,1.205451
982,0.059871,-1.769987,-3.291163,1.210257,0.063516,3.069840,0.540000,1.000000,0.740000,0.050000,0.050000,1.210257
983,0.047809,-1.768812,-3.260465,1.215696,0.025138,2.920368,0.580000,1.000000,0.640000,0.050000,-0.150000,1.215696
984,0.035708,-1.767620,-3.231261,1.218879,-0.014526,2.563350,0.600000,1.000000,0.580000,0.050000,-0.250000,1.218879
985,0.023581,-1.766384,-3.205628,1.220121,-0.049999,2.139295,0.640000,1.000000,0.540000,0.050000,-0.350000,1.220121
986,0.011437,-1.765104,-3.184235,1.219737,-0.080298,1.670250,0.680000,1.000000,0.500000,0.050000,-0.400000,1.219737
987,-0.000715,-1.763782,-3.167532,1.218661,-0.104522,1.185584,0.700000,1.000000,0.480000,0.050000,-0.400000,1.218661
988,-0.012870,-1.762421,-3.155676,1.217816,-0.122338,0.705114,0.720000,1.000000,0.460000,0.050000,-0.450000,1.217816
989,-0.025030,-1.761026,-3.148625,1.216887,-0.134322,0.219408,0.720000,1.000000,0.460000,0.050000,-0.450000,1.216887
990,-0.037189,-1.759597,-3.146431,1.216625,-0.140269,-0.253545,0.720000,1.000000,0.460000,0.050000,-0.450000,1.216625
991,-0.049349,-1.758136,-3.148967,1.217093,-0.140506,-0.709186,0.720000,1.000000,0.460000,0.050000,-0.450000,1.217093
992,-0.061509,-1.756641,-3.156058,1.218260,-0.135413,-1.143307,0.700000,1.000000,0.480000,0.050000,-0.400000,1.218260
993,-0.073671,-1.755111,-3.167491,1.220624,-0.124907,-1.529759,0.680000,1.000000,0.500000,0.050000,-0.400000,1.220624
994,-0.085840,-1.753546,-3.182789,1.223353,-0.110244,-1.887213,0.640000,1.000000,0.520000,0.050000,-0.400000,1.223353
995,-0.098018,-1.751941,-3.201661,1.226227,-0.091928,-2.212676,0.620000,1.000000,0.560000,0.050000,-0.300000,1.226227
996,-0.110203,-1.750287,-3.223788,1.230200,-0.068898,-2.436361,0.580000,1.000000,0.620000,0.050000,-0.200000,1.230200
997,-0.122407,-1.748590,-3.248152,1.234728,-0.041819,-2.530848,0.560000,1.000000,0.680000,0.050000,-0.050000,1.234728
998,-0.134640,-1.746861,-3.273460,1.239223,-0.010393,-2.418381,0.520000,1.000000,0.760000,0.050000,0.100000,1.239223
999,-0.146911,-1.745129,-3.297644,1.242379,0.022329,-2.129132,0.500000,1.000000,0.860000,0.050000,0.300000,1.242379
