step,x,y,mu,vx,vy,omega,lidar_l,lidar_c,lidar_r,throttle,steering,reward
0,1.645358,1.180498,-0.555045,0.000000,0.000000,0.000000,0.140000,0.100000,0.100000,0.100000,-1.000000,0.000000
1,1.645358,1.180498,-0.555045,0.007000,0.000000,0.000000,0.140000,0.100000,0.100000,0.100000,-1.000000,0.007000
2,1.645417,1.180461,-0.555045,0.014000,0.000000,0.000000,0.140000,0.100000,0.100000,0.100000,-1.000000,0.014000
3,1.645536,1.180387,-0.555045,0.012635,-0.005371,-0.229722,0.140000,0.100000,0.100000,0.100000,-1.000000,0.012635
4,1.645615,1.180275,-0.557342,0.014456,-0.013642,-0.130547,0.140000,0.100000,0.100000,0.100000,-1.000000,0.014456
5,1.645666,1.180083,-0.558647,0.018464,-0.007716,-0.594771,0.140000,0.100000,0.100000,0.100000,-1.000000,0.018464
6,1.645782,1.179920,-0.564595,0.023814,-0.016534,-0.259800,0.140000,0.100000,0.100000,0.100000,-1.000000,0.023814
7,1.645894,1.179652,-0.567193,0.026136,-0.012580,-0.726427,0.140000,0.100000,0.100000,0.100000,-1.000000,0.026136
8,1.646047,1.179406,-0.574457,0.030956,-0.021285,-0.426882,0.140000,0.100000,0.100000,0.100000,-1.000000,0.030956
9,1.646191,1.179059,-0.578726,0.033981,-0.017852,-0.826197,0.140000,0.100000,0.100000,0.100000,-1.000000,0.033981
10,1.646378,1.178724,-0.586988,0.038344,-0.025797,-0.589363,0.140000,0.100000,0.100000,0.100000,-1.000000,0.038344
11,1.646554,1.178297,-0.592882,0.041704,-0.023224,-0.926226,0.160000,0.100000,0.100000,0.100000,-1.000000,0.041704
12,1.646771,1.177871,-0.602144,0.045867,-0.029787,-0.767228,0.160000,0.120000,0.100000,0.100000,-1.000000,0.045867
13,1.646980,1.177366,-0.609816,0.049446,-0.028652,-1.019612,0.160000,0.120000,0.100000,0.100000,-1.000000,0.049446
14,1.647221,1.176848,-0.620012,0.053473,-0.033471,-0.952181,0.160000,0.120000,0.100000,0.100000,-1.000000,0.053473
15,1.647462,1.176264,-0.629534,0.057212,-0.033962,-1.113680,0.160000,0.120000,0.100000,0.100000,-1.000000,0.057212
16,1.647724,1.175653,-0.640671,0.061152,-0.037174,-1.128214,0.160000,0.120000,0.100000,0.100000,-1.000000,0.061152
17,1.647992,1.174990,-0.651953,0.064996,-0.038811,-1.224822,0.160000,0.120000,0.100000,0.100000,-1.000000,0.064996
18,1.648274,1.174287,-0.664201,0.068903,-0.041150,-1.281770,0.160000,0.120000,0.100000,0.100000,-1.000000,0.068903
19,1.648562,1.173538,-0.677019,0.072800,-0.043167,-1.353740,0.160000,0.120000,0.100000,0.100000,-1.000000,0.072800
20,1.648859,1.172745,-0.690557,0.076713,-0.045245,-1.420158,0.160000,0.120000,0.100000,0.100000,-1.000000,0.076713
21,1.649163,1.171908,-0.704758,0.080636,-0.047265,-1.487219,0.180000,0.120000,0.100000,0.100000,-1.000000,0.080636
22,1.649471,1.171026,-0.719630,0.084568,-0.049253,-1.553404,0.180000,0.120000,0.100000,0.100000,-1.000000,0.084568
23,1.649782,1.170098,-0.735164,0.088510,-0.051204,-1.618947,0.180000,0.120000,0.100000,0.100000,-1.000000,0.088510
24,1.650095,1.169124,-0.751354,0.092462,-0.053116,-1.683782,0.180000,0.120000,0.100000,0.100000,-1.000000,0.092462
25,1.650408,1.168105,-0.768192,0.096422,-0.054987,-1.747878,0.200000,0.120000,0.100000,0.100000,-1.000000,0.096422
26,1.650720,1.167040,-0.785670,0.100391,-0.056815,-1.811200,0.200000,0.120000,0.100000,0.100000,-1.000000,0.100391
27,1.651027,1.165928,-0.803782,0.104368,-0.058600,-1.873714,0.200000,0.120000,0.100000,0.100000,-1.000000,0.104368
28,1.651330,1.164770,-0.822520,0.108353,-0.060338,-1.935386,0.220000,0.120000,0.100000,0.100000,-1.000000,0.108353
29,1.651625,1.163565,-0.841873,0.112344,-0.062029,-1.996181,0.220000,0.120000,0.100000,0.100000,-1.000000,0.112344
30,1.651910,1.162314,-0.861835,0.116341,-0.063671,-2.056065,0.240000,0.140000,0.100000,0.100000,-1.000000,0.116341
31,1.652185,1.161016,-0.882396,0.120343,-0.065262,-2.115003,0.240000,0.140000,0.100000,0.100000,-1.000000,0.120343
32,1.652445,1.159672,-0.903546,0.124349,-0.066802,-2.172961,0.260000,0.140000,0.100000,0.100000,-1.000000,0.124349
33,1.652690,1.158282,-0.925276,0.128358,-0.068287,-2.229905,0.280000,0.140000,0.100000,0.100000,-1.000000,0.128358
34,1.652917,1.156846,-0.947575,0.132369,-0.069718,-2.285802,0.300000,0.140000,0.100000,0.100000,-1.000000,0.132369
35,1.653123,1.155364,-0.970433,0.136380,-0.071092,-2.340617,0.320000,0.140000,0.100000,0.100000,-1.000000,0.136380
36,1.653307,1.153837,-0.993839,0.140391,-0.072408,-2.394318,0.360000,0.160000,0.100000,0.100000,-0.900000,0.140391
37,1.653466,1.152266,-1.017782,0.146577,-0.072653,-2.403555,0.400000,0.160000,0.100000,0.100000,-0.900000,0.146577
38,1.653618,1.150637,-1.041817,0.152365,-0.073010,-2.429234,0.440000,0.160000,0.120000,0.100000,-0.900000,0.152365
39,1.653756,1.148953,-1.066110,0.157873,-0.073481,-2.462972,0.760000,0.160000,0.120000,0.100000,-0.700000,0.157873
40,1.653876,1.147216,-1.090740,0.167526,-0.070251,-2.339144,1.000000,0.180000,0.120000,0.100000,-0.700000,0.167526
41,1.654027,1.145405,-1.114131,0.175955,-0.067986,-2.281732,1.000000,0.180000,0.120000,0.100000,-0.700000,0.175955
42,1.654193,1.143526,-1.136948,0.183541,-0.066519,-2.262202,1.000000,0.200000,0.120000,0.100000,-0.700000,0.183541
43,1.654361,1.141581,-1.159570,0.190555,-0.065630,-2.264933,1.000000,0.200000,0.120000,0.100000,-0.700000,0.190555
44,1.654521,1.139572,-1.182220,0.197172,-0.065140,-2.281260,1.000000,0.220000,0.120000,0.100000,-0.700000,0.197172
45,1.654665,1.137501,-1.205032,0.203508,-0.064920,-2.306180,1.000000,0.220000,0.120000,0.100000,-0.700000,0.203508
46,1.654787,1.135368,-1.228094,0.209636,-0.064877,-2.336664,1.000000,0.240000,0.120000,0.100000,-0.700000,0.209636
47,1.654880,1.133176,-1.251461,0.215606,-0.064946,-2.370784,1.000000,0.260000,0.140000,0.100000,-0.700000,0.215606
48,1.654940,1.130925,-1.275169,0.221454,-0.065081,-2.407264,1.000000,0.280000,0.140000,0.100000,-0.700000,0.221454
49,1.654963,1.128617,-1.299241,0.227203,-0.065245,-2.445226,1.000000,0.300000,0.140000,0.100000,-0.700000,0.227203
50,1.654944,1.126253,-1.323693,0.232870,-0.065415,-2.484046,1.000000,0.320000,0.140000,0.100000,-0.700000,0.232870
51,1.654879,1.123835,-1.348534,0.238465,-0.065572,-2.523273,1.000000,0.360000,0.160000,0.100000,-0.700000,0.238465
52,1.654765,1.121364,-1.373767,0.243998,-0.065701,-2.562568,1.000000,0.400000,0.160000,0.100000,-0.700000,0.243998
53,1.654598,1.118843,-1.399392,0.249472,-0.065792,-2.601676,1.000000,0.700000,0.160000,0.100000,-0.700000,0.249472
54,1.654376,1.116273,-1.425409,0.254893,-0.065835,-2.640400,1.000000,1.000000,0.180000,0.100000,-0.700000,0.254893
55,1.654093,1.113655,-1.451813,0.260261,-0.065826,-2.678586,0.960000,1.000000,0.180000,0.100000,-0.700000,0.260261
56,1.653749,1.110993,-1.478599,0.265577,-0.065758,-2.716110,0.960000,1.000000,0.200000,0.100000,-0.700000,0.265577
57,1.653339,1.108288,-1.505760,0.270843,-0.065629,-2.752874,0.880000,1.000000,0.200000,0.100000,-0.700000,0.270843
58,1.652860,1.105543,-1.533289,0.276057,-0.065435,-2.788798,0.820000,1.000000,0.220000,0.100000,-0.700000,0.276057
59,1.652309,1.102759,-1.561177,0.281218,-0.065174,-2.823816,0.820000,1.000000,0.240000,0.100000,-0.700000,0.281218
60,1.651685,1.099941,-1.589415,0.286326,-0.064845,-2.857873,0.800000,1.000000,0.260000,0.100000,-0.700000,0.286326
61,1.650983,1.097090,-1.617994,0.291378,-0.064446,-2.890925,0.740000,1.000000,0.280000,0.100000,-0.700000,0.291378
62,1.650202,1.094210,-1.646903,0.296373,-0.063976,-2.922933,0.680000,1.000000,0.300000,0.100000,-0.800000,0.296373
63,1.649339,1.091304,-1.676132,0.299809,-0.064044,-2.979858,0.640000,1.000000,0.340000,0.100000,-0.800000,0.299809
64,1.648386,1.088390,-1.705931,0.303284,-0.063968,-3.030608,0.600000,1.000000,0.580000,0.100000,-0.800000,0.303284
65,1.647344,1.085471,-1.736237,0.306782,-0.063758,-3.076024,0.580000,1.000000,0.680000,0.100000,-0.800000,0.306782
66,1.646210,1.082550,-1.766997,0.310288,-0.063424,-3.116784,0.560000,1.000000,1.000000,0.100000,-0.800000,0.310288
67,1.644983,1.079630,-1.798165,0.313790,-0.062974,-3.153435,0.560000,0.940000,1.000000,0.100000,-0.800000,0.313790
68,1.643662,1.076715,-1.829699,0.317277,-0.062419,-3.186428,0.560000,0.920000,1.000000,0.100000,-0.800000,0.317277
69,1.642246,1.073808,-1.861564,0.320741,-0.061765,-3.216134,0.540000,0.820000,1.000000,0.100000,-0.800000,0.320741
70,1.640735,1.070912,-1.893725,0.324172,-0.061020,-3.242861,0.520000,0.780000,1.000000,0.100000,-0.800000,0.324172
71,1.639128,1.068031,-1.926154,0.327564,-0.060192,-3.266870,0.500000,0.780000,1.000000,0.100000,-0.800000,0.327564
72,1.637424,1.065170,-1.958822,0.330911,-0.059287,-3.288382,0.480000,0.720000,1.000000,0.100000,-0.800000,0.330911
73,1.635623,1.062331,-1.991706,0.334206,-0.058312,-3.307585,0.460000,0.660000,1.000000,0.100000,-0.900000,0.334206
74,1.633725,1.059519,-2.024782,0.336297,-0.057174,-3.320449,0.440000,0.620000,1.000000,0.100000,-0.900000,0.336297
75,1.631736,1.056747,-2.057986,0.338337,-0.056020,-3.330104,0.420000,0.580000,1.000000,0.100000,-0.900000,0.338337
76,1.629658,1.054020,-2.091287,0.340323,-0.054855,-3.336935,0.400000,0.540000,1.000000,0.100000,-0.900000,0.340323
77,1.627489,1.051340,-2.124657,0.342252,-0.053684,-3.341271,0.400000,0.520000,0.900000,0.100000,-0.900000,0.342252
78,1.625232,1.048712,-2.158069,0.344124,-0.052510,-3.343396,0.380000,0.540000,0.920000,0.100000,-0.900000,0.344124
79,1.622889,1.046138,-2.191503,0.345936,-0.051338,-3.343556,0.380000,0.520000,0.820000,0.100000,-0.900000,0.345936
80,1.620459,1.043622,-2.224939,0.347688,-0.050171,-3.341968,0.360000,0.500000,0.760000,0.100000,-0.900000,0.347688
81,1.617945,1.041168,-2.258359,0.349381,-0.049014,-3.338822,0.360000,0.480000,0.760000,0.100000,-0.900000,0.349381
82,1.615349,1.038780,-2.291747,0.351013,-0.047870,-3.334288,0.340000,0.460000,0.700000,0.100000,-1.000000,0.351013
83,1.612672,1.036459,-2.325090,0.351721,-0.046233,-3.306822,0.340000,0.440000,0.640000,0.100000,-1.000000,0.351721
84,1.609927,1.034212,-2.358158,0.352344,-0.044714,-3.278249,0.320000,0.420000,0.600000,0.100000,-1.000000,0.352344
85,1.607115,1.032042,-2.390940,0.352888,-0.043310,-3.248914,0.320000,0.400000,0.560000,0.100000,-1.000000,0.352888
86,1.604239,1.029952,-2.423430,0.353358,-0.042019,-3.219123,0.320000,0.380000,0.520000,0.100000,-1.000000,0.353358
87,1.601302,1.027943,-2.455621,0.353759,-0.040839,-3.189146,0.300000,0.380000,0.500000,0.100000,-1.000000,0.353759
88,1.598306,1.026019,-2.487512,0.354098,-0.039767,-3.159221,0.300000,0.360000,0.500000,0.100000,-1.000000,0.354098
89,1.595254,1.024180,-2.519105,0.354378,-0.038798,-3.129562,0.300000,0.340000,0.500000,0.100000,-1.000000,0.354378
90,1.592148,1.022429,-2.550400,0.354605,-0.037930,-3.100358,0.300000,0.340000,0.480000,0.100000,-1.000000,0.354605
91,1.588993,1.020767,-2.581404,0.354785,-0.037157,-3.071774,0.280000,0.340000,0.460000,0.100000,-1.000000,0.354785
92,1.585790,1.019197,-2.612121,0.354920,-0.036475,-3.043958,0.280000,0.320000,0.440000,0.100000,-1.000000,0.354920
93,1.582542,1.017719,-2.642561,0.355017,-0.035880,-3.017036,0.280000,0.320000,0.420000,0.100000,-1.000000,0.355017
94,1.579253,1.016335,-2.672731,0.355078,-0.035365,-2.991116,0.280000,0.300000,0.400000,0.100000,-1.000000,0.355078
95,1.575926,1.015046,-2.702643,0.355107,-0.034926,-2.966290,0.280000,0.300000,0.380000,0.100000,-1.000000,0.355107
96,1.572563,1.013853,-2.732305,0.355109,-0.034557,-2.942634,0.260000,0.300000,0.360000,0.100000,-1.000000,0.355109
97,1.569168,1.012757,-2.761732,0.355087,-0.034254,-2.920206,0.260000,0.280000,0.360000,0.100000,-1.000000,0.355087
98,1.565743,1.011758,-2.790934,0.355043,-0.034010,-2.899052,0.260000,0.280000,0.340000,0.100000,-1.000000,0.355043
99,1.562292,1.010858,-2.819924,0.354981,-0.033822,-2.879201,0.260000,0.280000,0.320000,0.100000,-1.000000,0.354981
100,1.558817,1.010057,-2.848716,0.354903,-0.033682,-2.860671,0.260000,0.260000,0.320000,0.100000,-1.000000,0.354903
101,1.555322,1.009355,-2.877323,0.354811,-0.033588,-2.843467,0.260000,0.260000,0.300000,0.100000,-1.000000,0.354811
102,1.551809,1.008752,-2.905758,0.354708,-0.033533,-2.827583,0.260000,0.260000,0.300000,0.100000,-1.000000,0.354708
103,1.548282,1.008249,-2.934034,0.354596,-0.033513,-2.813001,0.260000,0.260000,0.300000,0.100000,-1.000000,0.354596
104,1.544743,1.007847,-2.962164,0.354477,-0.033525,-2.799696,0.240000,0.240000,0.280000,0.100000,-1.000000,0.354477
105,1.541196,1.007544,-2.990161,0.354351,-0.033563,-2.787632,0.240000,0.240000,0.280000,0.100000,-1.000000,0.354351
106,1.537642,1.007341,-3.018037,0.354222,-0.033625,-2.776767,0.240000,0.240000,0.260000,0.100000,-1.000000,0.354222
107,1.534085,1.007238,-3.045805,0.354090,-0.033706,-2.767055,0.240000,0.240000,0.260000,0.100000,-1.000000,0.354090
108,1.530528,1.007235,-3.073475,0.353956,-0.033804,-2.758442,0.240000,0.240000,0.260000,0.100000,-1.000000,0.353956
109,1.526974,1.007331,-3.101060,0.353821,-0.033915,-2.750871,0.240000,0.240000,0.240000,0.100000,-1.000000,0.353821
110,1.523425,1.007527,-3.128568,0.353686,-0.034036,-2.744282,0.240000,0.220000,0.240000,0.100000,-1.000000,0.353686
111,1.519884,1.007821,-3.156011,0.353552,-0.034166,-2.738613,0.240000,0.220000,0.240000,0.100000,-1.000000,0.353552
112,1.516354,1.008214,-3.183397,0.353420,-0.034303,-2.733800,0.240000,0.220000,0.240000,0.100000,-1.000000,0.353420
113,1.512837,1.008704,-3.210735,0.353291,-0.034443,-2.729781,0.240000,0.220000,0.220000,0.100000,-1.000000,0.353291
114,1.509336,1.009292,-3.238033,0.353164,-0.034585,-2.726492,0.240000,0.220000,0.220000,0.100000,-1.000000,0.353164
115,1.505854,1.009976,-3.265298,0.353040,-0.034729,-2.723871,0.240000,0.220000,0.220000,0.100000,-1.000000,0.353040
116,1.502394,1.010756,-3.292537,0.352920,-0.034872,-2.721857,0.280000,0.220000,0.220000,0.100000,-1.000000,0.352920
117,1.498957,1.011632,-3.319755,0.352803,-0.035013,-2.720390,0.280000,0.220000,0.220000,0.100000,-1.000000,0.352803
118,1.495547,1.012602,-3.346959,0.352691,-0.035152,-2.719416,0.280000,0.220000,0.200000,0.100000,-1.000000,0.352691
119,1.492166,1.013665,-3.374153,0.352582,-0.035287,-2.718879,0.340000,0.200000,0.200000,0.100000,-1.000000,0.352582
120,1.488816,1.014821,-3.401342,0.352478,-0.035419,-2.718728,0.380000,0.200000,0.200000,0.100000,-0.900000,0.352478
121,1.485501,1.016069,-3.428529,0.353158,-0.036147,-2.744628,0.440000,0.200000,0.200000,0.100000,-0.900000,0.353158
122,1.482216,1.017415,-3.455976,0.353875,-0.036759,-2.770154,1.000000,0.200000,0.200000,0.100000,-0.700000,0.353875
123,1.478964,1.018859,-3.483677,0.356702,-0.037656,-2.811892,1.000000,0.200000,0.200000,0.100000,-0.700000,0.356702
124,1.475730,1.020410,-3.511796,0.359586,-0.038307,-2.852580,1.000000,0.200000,0.200000,0.100000,-0.700000,0.359586
125,1.472517,1.022068,-3.540322,0.362518,-0.038729,-2.891869,1.000000,0.200000,0.180000,0.100000,-0.700000,0.362518
126,1.469326,1.023832,-3.569241,0.365486,-0.038940,-2.929497,1.000000,0.200000,0.180000,0.100000,-0.700000,0.365486
127,1.466162,1.025703,-3.598536,0.368479,-0.038954,-2.965281,1.000000,0.200000,0.180000,0.100000,-0.700000,0.368479
128,1.463027,1.027678,-3.628188,0.371487,-0.038789,-2.999101,1.000000,0.200000,0.180000,0.100000,-0.700000,0.371487
129,1.459925,1.029758,-3.658179,0.374500,-0.038457,-3.030886,0.980000,0.240000,0.180000,0.100000,-0.700000,0.374500
130,1.456858,1.031942,-3.688488,0.377508,-0.037973,-3.060603,0.960000,0.300000,0.180000,0.100000,-0.700000,0.377508
131,1.453831,1.034229,-3.719094,0.380503,-0.037349,-3.088252,0.920000,0.300000,0.180000,0.100000,-0.700000,0.380503
132,1.450847,1.036620,-3.749977,0.383477,-0.036597,-3.113854,0.860000,0.360000,0.180000,0.100000,-0.700000,0.383477
133,1.447910,1.039112,-3.781115,0.386423,-0.035728,-3.137448,0.840000,0.400000,0.180000,0.100000,-0.700000,0.386423
134,1.445022,1.041705,-3.812490,0.389334,-0.034753,-3.159083,0.820000,1.000000,0.180000,0.100000,-0.700000,0.389334
135,1.442189,1.044397,-3.844081,0.392203,-0.033682,-3.178819,0.800000,1.000000,0.180000,0.100000,-0.700000,0.392203
136,1.439413,1.047188,-3.875869,0.395026,-0.032524,-3.196719,0.740000,1.000000,0.180000,0.100000,-0.700000,0.395026
137,1.436699,1.050077,-3.907836,0.397797,-0.031287,-3.212851,0.720000,1.000000,0.180000,0.100000,-0.700000,0.397797
138,1.434050,1.053061,-3.939965,0.400512,-0.029981,-3.227284,0.700000,1.000000,0.220000,0.100000,-0.700000,0.400512
139,1.431469,1.056138,-3.972237,0.403167,-0.028612,-3.240088,0.660000,0.980000,0.220000,0.100000,-0.800000,0.403167
140,1.428961,1.059308,-4.004638,0.404674,-0.027091,-3.247215,0.640000,0.940000,0.220000,0.100000,-0.800000,0.404674
141,1.426536,1.062559,-4.037110,0.406118,-0.025570,-3.251955,0.640000,0.920000,0.260000,0.100000,-0.800000,0.406118
142,1.424197,1.065889,-4.069630,0.407500,-0.024054,-3.254526,0.580000,0.900000,0.320000,0.100000,-0.800000,0.407500
143,1.421947,1.069295,-4.102175,0.408818,-0.022550,-3.255126,0.580000,0.820000,0.320000,0.100000,-0.800000,0.408818
144,1.419789,1.072774,-4.134726,0.410072,-0.021065,-3.253939,0.560000,0.800000,1.000000,0.100000,-0.800000,0.410072
145,1.417727,1.076325,-4.167266,0.411263,-0.019604,-3.251135,0.560000,0.780000,1.000000,0.100000,-0.800000,0.411263
146,1.415762,1.079943,-4.199777,0.412391,-0.018171,-3.246868,0.520000,0.760000,1.000000,0.100000,-0.800000,0.412391
147,1.413897,1.083626,-4.232246,0.413458,-0.016772,-3.241285,0.500000,0.700000,1.000000,0.100000,-0.800000,0.413458
148,1.412136,1.087371,-4.264659,0.414465,-0.015410,-3.234519,0.500000,0.680000,1.000000,0.100000,-0.800000,0.414465
149,1.410481,1.091173,-4.297004,0.415414,-0.014089,-3.226696,0.500000,0.680000,0.960000,0.100000,-0.800000,0.415414
150,1.408934,1.095031,-4.329271,0.416306,-0.012813,-3.217934,0.500000,0.620000,0.920000,0.100000,-0.800000,0.416306
151,1.407496,1.098940,-4.361450,0.417144,-0.011583,-3.208343,0.460000,0.600000,0.900000,0.100000,-0.900000,0.417144
152,1.406171,1.102897,-4.393534,0.417066,-0.009920,-3.177396,0.440000,0.600000,0.880000,0.100000,-0.900000,0.417066
153,1.404958,1.106889,-4.425308,0.416920,-0.008420,-3.145752,0.440000,0.540000,0.800000,0.100000,-0.900000,0.416920
154,1.403858,1.110911,-4.456765,0.416713,-0.007082,-3.113666,0.440000,0.540000,0.780000,0.100000,-0.900000,0.416713
155,1.402873,1.114961,-4.487902,0.416453,-0.005902,-3.081376,0.440000,0.540000,0.760000,0.100000,-0.900000,0.416453
156,1.402003,1.119034,-4.518716,0.416145,-0.004877,-3.049100,0.440000,0.520000,0.740000,0.100000,-0.900000,0.416145
157,1.401250,1.123127,-4.549207,0.415795,-0.004004,-3.017044,0.440000,0.480000,0.720000,0.100000,-0.900000,0.415795
158,1.400614,1.127236,-4.579377,0.415411,-0.003277,-2.985397,0.380000,0.480000,0.660000,0.100000,-0.900000,0.415411
159,1.400096,1.131358,-4.609231,0.414998,-0.002690,-2.954338,0.360000,0.460000,0.640000,0.100000,-0.900000,0.414998
160,1.399695,1.135489,-4.638774,0.414560,-0.002237,-2.924030,0.360000,0.460000,0.640000,0.100000,-0.900000,0.414560
161,1.399413,1.139625,-4.668015,0.414104,-0.001912,-2.894627,0.360000,0.460000,0.580000,0.100000,-0.900000,0.414104
162,1.399248,1.143763,-4.696961,0.413634,-0.001707,-2.866267,0.360000,0.460000,0.580000,0.100000,-0.900000,0.413634
163,1.399201,1.147899,-4.725624,0.413153,-0.001613,-2.839078,0.360000,0.420000,0.560000,0.100000,-0.900000,0.413153
164,1.399272,1.152030,-4.754014,0.412666,-0.001624,-2.813173,0.320000,0.400000,0.520000,0.100000,-1.000000,0.412666
165,1.399460,1.156152,-4.782146,0.411478,-0.001041,-2.759149,0.300000,0.400000,0.500000,0.100000,-1.000000,0.411478
166,1.399757,1.160256,-4.809738,0.410267,-0.000684,-2.706897,0.280000,0.400000,0.500000,0.100000,-1.000000,0.410267
167,1.400163,1.164339,-4.836807,0.409042,-0.000536,-2.656720,0.280000,0.400000,0.500000,0.100000,-1.000000,0.409042
168,1.400676,1.168397,-4.863374,0.407810,-0.000583,-2.608896,0.260000,0.400000,0.480000,0.100000,-1.000000,0.407810
169,1.401295,1.172428,-4.889463,0.406576,-0.000807,-2.563680,0.260000,0.400000,0.440000,0.100000,-1.000000,0.406576
170,1.402019,1.176428,-4.915100,0.405345,-0.001192,-2.521298,0.260000,0.400000,0.440000,0.100000,-1.000000,0.405345
171,1.402847,1.180397,-4.940312,0.404123,-0.001719,-2.481946,0.260000,0.360000,0.420000,0.100000,-1.000000,0.404123
172,1.403777,1.184329,-4.965132,0.402912,-0.002372,-2.445786,0.260000,0.320000,0.420000,0.100000,-1.000000,0.402912
173,1.404807,1.188225,-4.989590,0.401716,-0.003133,-2.412946,0.260000,0.320000,0.420000,0.100000,-1.000000,0.401716
174,1.405937,1.192080,-5.013719,0.400537,-0.003985,-2.383516,0.260000,0.300000,0.420000,0.100000,-1.000000,0.400537
175,1.407163,1.195893,-5.037554,0.399379,-0.004911,-2.357546,0.260000,0.300000,0.420000,0.100000,-1.000000,0.399379
176,1.408486,1.199662,-5.061130,0.398243,-0.005897,-2.335047,0.240000,0.300000,0.380000,0.100000,-1.000000,0.398243
177,1.409902,1.203384,-5.084480,0.397130,-0.006926,-2.315988,0.240000,0.300000,0.360000,0.100000,-1.000000,0.397130
178,1.411410,1.207059,-5.107640,0.396041,-0.007986,-2.300304,0.240000,0.300000,0.360000,0.100000,-1.000000,0.396041
179,1.413009,1.210683,-5.130643,0.394978,-0.009063,-2.287889,0.220000,0.280000,0.360000,0.100000,-1.000000,0.394978
180,1.414696,1.214255,-5.153522,0.393941,-0.010147,-2.278608,0.220000,0.260000,0.360000,0.100000,-1.000000,0.393941
181,1.416470,1.217774,-5.176308,0.392931,-0.011227,-2.272296,0.220000,0.240000,0.360000,0.100000,-1.000000,0.392931
182,1.418328,1.221238,-5.199031,0.391947,-0.012294,-2.268763,0.220000,0.240000,0.360000,0.100000,-1.000000,0.391947
183,1.420270,1.224645,-5.221719,0.390990,-0.013340,-2.267802,0.220000,0.220000,0.360000,0.100000,-1.000000,0.390990
184,1.422293,1.227994,-5.244397,0.390061,-0.014360,-2.269190,0.220000,0.220000,0.360000,0.100000,-1.000000,0.390061
185,1.424395,1.231282,-5.267089,0.389158,-0.015348,-2.272698,0.220000,0.220000,0.300000,0.100000,-1.000000,0.389158
186,1.426576,1.234510,-5.289816,0.388282,-0.016299,-2.278090,0.240000,0.220000,0.260000,0.100000,-1.000000,0.388282
187,1.428832,1.237674,-5.312597,0.387432,-0.017211,-2.285133,0.220000,0.220000,0.260000,0.100000,-1.000000,0.387432
188,1.431162,1.240774,-5.335448,0.386608,-0.018082,-2.293597,0.220000,0.220000,0.260000,0.100000,-1.000000,0.386608
189,1.433565,1.243808,-5.358384,0.385809,-0.018909,-2.303264,0.220000,0.220000,0.260000,0.100000,-1.000000,0.385809
190,1.436038,1.246775,-5.381417,0.385035,-0.019692,-2.313920,0.220000,0.220000,0.260000,0.100000,-1.000000,0.385035
191,1.438581,1.249673,-5.404556,0.384285,-0.020431,-2.325371,0.200000,0.220000,0.260000,0.100000,-1.000000,0.384285
192,1.441191,1.252501,-5.427810,0.383558,-0.021127,-2.337432,0.200000,0.200000,0.260000,0.100000,-1.000000,0.383558
193,1.443866,1.255258,-5.451184,0.382854,-0.021779,-2.349936,0.200000,0.200000,0.240000,0.100000,-1.000000,0.382854
194,1.446605,1.257941,-5.474683,0.382171,-0.022389,-2.362730,0.200000,0.180000,0.220000,0.100000,-1.000000,0.382171
195,1.449406,1.260551,-5.498310,0.381510,-0.022959,-2.375681,0.180000,0.180000,0.200000,0.100000,-1.000000,0.381510
196,1.452268,1.263085,-5.522067,0.380868,-0.023490,-2.388667,0.180000,0.180000,0.180000,0.100000,-1.000000,0.380868
197,1.455187,1.265541,-5.545954,0.380246,-0.023984,-2.401584,0.180000,0.180000,0.180000,0.100000,-1.000000,0.380246
198,1.458164,1.267920,-5.569970,0.379642,-0.024443,-2.414342,0.180000,0.180000,0.180000,0.100000,-1.000000,0.379642
199,1.461195,1.270219,-5.594113,0.379055,-0.024869,-2.426864,0.180000,0.180000,0.180000,0.100000,-1.000000,0.379055
200,1.464278,1.272437,-5.618382,0.378486,-0.025264,-2.439087,0.160000,0.180000,0.180000,0.100000,-1.000000,0.378486
201,1.467413,1.274573,-5.642773,0.377932,-0.025630,-2.450959,0.160000,0.180000,0.180000,0.100000,-1.000000,0.377932
202,1.470597,1.276626,-5.667282,0.377392,-0.025969,-2.462439,0.160000,0.180000,0.180000,0.100000,-1.000000,0.377392
203,1.473827,1.278594,-5.691907,0.376868,-0.026284,-2.473496,0.160000,0.180000,0.180000,0.100000,-1.000000,0.376868
204,1.477103,1.280477,-5.716642,0.376356,-0.026575,-2.484106,0.160000,0.180000,0.180000,0.100000,-1.000000,0.376356
205,1.480421,1.282273,-5.741483,0.375857,-0.026845,-2.494255,0.140000,0.160000,0.160000,0.100000,-1.000000,0.375857
206,1.483780,1.283980,-5.766425,0.375370,-0.027097,-2.503933,0.140000,0.160000,0.160000,0.100000,-1.000000,0.375370
207,1.487177,1.285599,-5.791465,0.374895,-0.027330,-2.513139,0.140000,0.160000,0.140000,0.100000,-1.000000,0.374895
208,1.490611,1.287129,-5.816596,0.374430,-0.027549,-2.521874,0.140000,0.160000,0.140000,0.100000,-1.000000,0.374430
209,1.494079,1.288567,-5.841815,0.373976,-0.027753,-2.530145,0.140000,0.140000,0.140000,0.100000,-1.000000,0.373976
210,1.497579,1.289913,-5.867116,0.373531,-0.027944,-2.537962,0.140000,0.140000,0.140000,0.100000,-1.000000,0.373531
211,1.501108,1.291168,-5.892496,0.373095,-0.028124,-2.545338,0.160000,0.140000,0.140000,0.100000,-1.000000,0.373095
212,1.504665,1.292328,-5.917949,0.372667,-0.028294,-2.552289,0.160000,0.140000,0.140000,0.100000,-1.000000,0.372667
213,1.508247,1.293395,-5.943472,0.372248,-0.028455,-2.558831,0.160000,0.140000,0.140000,0.100000,-1.000000,0.372248
214,1.511852,1.294367,-5.969060,0.371837,-0.028608,-2.564984,0.160000,0.120000,0.140000,0.100000,-1.000000,0.371837
215,1.515477,1.295244,-5.994710,0.371433,-0.028755,-2.570767,0.160000,0.120000,0.140000,0.100000,-1.000000,0.371433
216,1.519119,1.296025,-6.020418,0.371036,-0.028895,-2.576201,0.160000,0.120000,0.140000,0.100000,-1.000000,0.371036
217,1.522777,1.296710,-6.046180,0.370646,-0.029031,-2.581306,0.160000,0.120000,0.140000,0.100000,-1.000000,0.370646
218,1.526448,1.297298,-6.071993,0.370262,-0.029162,-2.586103,0.160000,0.120000,0.120000,0.100000,-1.000000,0.370262
219,1.530130,1.297789,-6.097854,0.369885,-0.029289,-2.590612,0.140000,0.100000,0.120000,0.100000,-1.000000,0.369885
220,1.533819,1.298183,-6.123760,0.369514,-0.029413,-2.594855,0.140000,0.100000,0.120000,0.100000,-1.000000,0.369514
221,1.537514,1.298479,-6.149709,0.369148,-0.029534,-2.598851,0.140000,0.100000,0.120000,0.100000,-1.000000,0.369148
222,1.541212,1.298677,-6.175697,0.368789,-0.029654,-2.602619,0.140000,0.100000,0.100000,0.100000,-1.000000,0.368789
223,1.544911,1.298778,-6.201723,0.368435,-0.029771,-2.606177,0.140000,0.100000,0.100000,0.100000,-1.000000,0.368435
224,1.548607,1.298781,-6.227785,0.368086,-0.029887,-2.609544,0.140000,0.100000,0.100000,0.100000,-1.000000,0.368086
225,1.552299,1.298687,-6.253881,0.367743,-0.030001,-2.612737,0.140000,0.080000,0.100000,0.100000,-1.000000,0.367743
226,1.555983,1.298495,-6.280008,0.367404,-0.030115,-2.615770,0.140000,0.120000,0.100000,0.100000,-1.000000,0.367404
227,1.559658,1.298205,-6.306166,0.367071,-0.030228,-2.618660,0.140000,0.120000,0.080000,0.100000,-1.000000,0.367071
228,1.563321,1.297819,-6.332352,0.366743,-0.030340,-2.621420,0.120000,0.120000,0.080000,0.100000,-1.000000,0.366743
229,1.566969,1.297335,-6.358566,0.366420,-0.030451,-2.624063,0.120000,0.120000,0.080000,0.100000,-1.000000,0.366420
230,1.570600,1.296756,-6.384807,0.366102,-0.030563,-2.626602,0.120000,0.120000,0.080000,0.100000,-1.000000,0.366102
231,1.574211,1.296080,-6.411073,0.365789,-0.030673,-2.629047,0.120000,0.120000,0.080000,0.100000,-1.000000,0.365789
232,1.577800,1.295309,-6.437364,0.365481,-0.030783,-2.631409,0.120000,0.100000,0.060000,0.100000,-1.000000,0.365481
233,1.581364,1.294444,-6.463678,0.365177,-0.030893,-2.633697,0.120000,0.100000,0.060000,0.100000,-1.000000,0.365177
234,1.584901,1.293485,-6.490015,0.364878,-0.031003,-2.635920,0.120000,0.100000,0.060000,0.100000,-1.000000,0.364878
235,1.588409,1.292432,-6.516374,0.364584,-0.031112,-2.638084,0.120000,0.100000,0.060000,0.100000,-1.000000,0.364584
236,1.591884,1.291287,-6.542755,0.364294,-0.031221,-2.640197,0.120000,0.100000,0.080000,0.100000,-1.000000,0.364294
237,1.595325,1.290050,-6.569157,0.364009,-0.031329,-2.642265,0.120000,0.100000,0.100000,0.100000,-1.000000,0.364009
238,1.598729,1.288722,-6.595579,0.363729,-0.031437,-2.644294,0.160000,0.100000,0.100000,0.100000,-1.000000,0.363729
239,1.602093,1.287305,-6.622022,0.363453,-0.031545,-2.646287,0.160000,0.100000,0.080000,0.100000,-1.000000,0.363453
240,1.605416,1.285800,-6.648485,0.363182,-0.031652,-2.648249,0.160000,0.100000,0.080000,0.100000,-1.000000,0.363182
241,1.608695,1.284207,-6.674968,0.362915,-0.031758,-2.650184,0.160000,0.080000,0.080000,0.100000,-1.000000,0.362915
242,1.611928,1.282528,-6.701469,0.362653,-0.031863,-2.652094,0.160000,0.080000,0.080000,0.100000,-1.000000,0.362653
243,1.615113,1.280763,-6.727990,0.362395,-0.031968,-2.653983,0.160000,0.080000,0.080000,0.100000,-1.000000,0.362395
244,1.618246,1.278915,-6.754530,0.362142,-0.032072,-2.655852,0.160000,0.080000,0.080000,0.100000,-1.000000,0.362142
245,1.621327,1.276985,-6.781089,0.361893,-0.032175,-2.657702,0.160000,0.080000,0.080000,0.100000,-1.000000,0.361893
246,1.624353,1.274974,-6.807666,0.361648,-0.032277,-2.659536,0.160000,0.080000,0.080000,0.100000,-1.000000,0.361648
247,1.627322,1.272884,-6.834261,0.361408,-0.032378,-2.661354,0.160000,0.080000,0.060000,0.100000,-1.000000,0.361408
248,1.630232,1.270716,-6.860875,0.361172,-0.032478,-2.663157,0.160000,0.080000,0.060000,0.100000,-1.000000,0.361172
249,1.633080,1.268471,-6.887506,0.360940,-0.032577,-2.664945,0.180000,0.080000,0.060000,0.100000,-1.000000,0.360940
250,1.635865,1.266152,-6.914156,0.360712,-0.032674,-2.666719,0.180000,0.080000,0.060000,0.100000,-1.000000,0.360712
251,1.638585,1.263761,-6.940823,0.360489,-0.032771,-2.668479,0.180000,0.080000,0.060000,0.100000,-1.000000,0.360489
252,1.641237,1.261298,-6.967508,0.360269,-0.032866,-2.670226,0.180000,0.120000,0.060000,0.100000,-1.000000,0.360269
253,1.643821,1.258766,-6.994210,0.360054,-0.032960,-2.671957,0.180000,0.060000,0.060000,0.100000,-1.000000,0.360054
254,1.646334,1.256166,-7.020929,0.359843,-0.033053,-2.673675,0.180000,0.060000,0.060000,0.100000,-1.000000,0.359843
255,1.648775,1.253501,-7.047666,0.359635,-0.033144,-2.675377,0.200000,0.060000,0.060000,0.100000,-1.000000,0.359635
256,1.651141,1.250773,-7.074420,0.359432,-0.033234,-2.677065,0.200000,0.120000,0.060000,0.100000,-1.000000,0.359432
257,1.653431,1.247983,-7.101191,0.359233,-0.033322,-2.678736,0.200000,0.120000,0.060000,0.100000,-1.000000,0.359233
258,1.655644,1.245133,-7.127978,0.359037,-0.033409,-2.680391,0.220000,0.120000,0.060000,0.100000,-1.000000,0.359037
259,1.657778,1.242226,-7.154782,0.358845,-0.033495,-2.682030,0.220000,0.120000,0.040000,0.100000,-1.000000,0.358845
260,1.659831,1.239264,-7.181602,0.358657,-0.033579,-2.683651,0.240000,0.120000,0.040000,0.100000,-1.000000,0.358657
261,1.661802,1.236249,-7.208439,0.358472,-0.033662,-2.685255,0.260000,0.120000,0.040000,0.100000,-1.000000,0.358472
262,1.663690,1.233183,-7.235291,0.358292,-0.033744,-2.686840,0.260000,0.120000,0.040000,0.100000,-1.000000,0.358292
263,1.665493,1.230069,-7.262160,0.358114,-0.033824,-2.688406,0.300000,0.140000,0.040000,0.100000,-1.000000,0.358114
264,1.667210,1.226908,-7.289044,0.357941,-0.033902,-2.689953,0.320000,0.140000,0.100000,0.100000,-1.000000,0.357941
265,1.668840,1.223703,-7.315943,0.357770,-0.033979,-2.691480,0.360000,0.140000,0.100000,0.100000,-0.900000,0.357770
266,1.670382,1.220457,-7.342858,0.358374,-0.034666,-2.719118,0.400000,0.140000,0.100000,0.100000,-0.900000,0.358374
267,1.671832,1.217162,-7.370049,0.359014,-0.035238,-2.746062,0.480000,0.140000,0.100000,0.100000,-0.800000,0.359014
268,1.673191,1.213820,-7.397510,0.360621,-0.036090,-2.788653,1.000000,0.140000,0.100000,0.100000,-0.700000,0.360621
269,1.674456,1.210424,-7.425396,0.363400,-0.036790,-2.831502,1.000000,0.160000,0.100000,0.100000,-0.700000,0.363400
270,1.675632,1.206966,-7.453711,0.366229,-0.037255,-2.872751,1.000000,0.160000,0.100000,0.100000,-0.700000,0.366229
271,1.676716,1.203448,-7.482439,0.369097,-0.037503,-2.912153,1.000000,0.180000,0.100000,0.100000,-0.700000,0.369097
272,1.677707,1.199872,-7.511560,0.371994,-0.037549,-2.949533,1.000000,0.180000,0.100000,0.100000,-0.700000,0.371994
273,1.678602,1.196242,-7.541056,0.374908,-0.037410,-2.984782,1.000000,0.200000,0.100000,0.100000,-0.700000,0.374908
274,1.679400,1.192560,-7.570904,0.377830,-0.037101,-3.017841,1.000000,0.220000,0.100000,0.100000,-0.700000,0.377830
275,1.680099,1.188829,-7.601082,0.380750,-0.036635,-3.048687,1.000000,0.240000,0.100000,0.100000,-0.700000,0.380750
276,1.680697,1.185051,-7.631569,0.383660,-0.036026,-3.077331,1.000000,0.260000,0.120000,0.100000,-0.700000,0.383660
277,1.681192,1.181229,-7.662342,0.386551,-0.035286,-3.103806,1.000000,0.300000,0.120000,0.100000,-0.700000,0.386551
278,1.681582,1.177367,-7.693380,0.389415,-0.034427,-3.128157,1.000000,0.360000,0.120000,0.100000,-0.700000,0.389415
279,1.681865,1.173468,-7.724662,0.392247,-0.033459,-3.150447,1.000000,0.440000,0.120000,0.100000,-0.700000,0.392247
280,1.682039,1.169535,-7.756166,0.395039,-0.032393,-3.170743,1.000000,1.000000,0.140000,0.100000,-0.700000,0.395039
281,1.682102,1.165572,-7.787874,0.397785,-0.031239,-3.189117,0.960000,1.000000,0.140000,0.100000,-0.700000,0.397785
282,1.682053,1.161582,-7.819765,0.400482,-0.030005,-3.205646,0.860000,1.000000,0.160000,0.100000,-0.700000,0.400482
283,1.681890,1.157569,-7.851821,0.403123,-0.028700,-3.220405,0.860000,1.000000,0.160000,0.100000,-0.700000,0.403123
284,1.681612,1.153538,-7.884025,0.405707,-0.027332,-3.233472,0.840000,1.000000,0.180000,0.100000,-0.700000,0.405707
285,1.681217,1.149491,-7.916360,0.408228,-0.025909,-3.244923,0.780000,1.000000,0.200000,0.100000,-0.700000,0.408228
286,1.680704,1.145432,-7.948809,0.410684,-0.024438,-3.254832,0.720000,1.000000,0.240000,0.100000,-0.700000,0.410684
287,1.680072,1.141367,-7.981358,0.413072,-0.022925,-3.263272,0.680000,1.000000,0.260000,0.100000,-0.800000,0.413072
288,1.679320,1.137299,-8.013990,0.414336,-0.021234,-3.264152,0.640000,1.000000,0.320000,0.100000,-0.800000,0.414336
289,1.678450,1.133242,-8.046632,0.415528,-0.019569,-3.262928,0.600000,1.000000,0.380000,0.100000,-0.800000,0.415528
290,1.677462,1.129201,-8.079261,0.416651,-0.017937,-3.259811,0.600000,1.000000,1.000000,0.100000,-0.800000,0.416651
291,1.676357,1.125180,-8.111859,0.417705,-0.016344,-3.254993,0.600000,0.980000,1.000000,0.100000,-0.800000,0.417705
292,1.675134,1.121183,-8.144409,0.418692,-0.014794,-3.248652,0.580000,0.920000,1.000000,0.100000,-0.800000,0.418692
293,1.673793,1.117214,-8.176896,0.419613,-0.013291,-3.240953,0.560000,0.820000,1.000000,0.100000,-0.800000,0.419613
294,1.672335,1.113277,-8.209305,0.420472,-0.011841,-3.232046,0.540000,0.840000,1.000000,0.100000,-0.800000,0.420472
295,1.670761,1.109376,-8.241626,0.421269,-0.010445,-3.222073,0.520000,0.800000,1.000000,0.100000,-0.800000,0.421269
296,1.669072,1.105515,-8.273846,0.422007,-0.009108,-3.211164,0.500000,0.740000,1.000000,0.100000,-0.800000,0.422007
297,1.667269,1.101699,-8.305958,0.422689,-0.007831,-3.199443,0.480000,0.680000,1.000000,0.100000,-0.800000,0.422689
298,1.665352,1.097931,-8.337953,0.423318,-0.006617,-3.187024,0.460000,0.640000,1.000000,0.100000,-0.900000,0.423318
299,1.663324,1.094214,-8.369823,0.423048,-0.004965,-3.152552,0.440000,0.600000,1.000000,0.100000,-0.900000,0.423048
300,1.661194,1.090559,-8.401348,0.422712,-0.003495,-3.117547,0.440000,0.560000,1.000000,0.100000,-0.900000,0.422712
301,1.658964,1.086968,-8.432524,0.422319,-0.002203,-3.082268,0.420000,0.580000,0.940000,0.100000,-0.900000,0.422319
302,1.656637,1.083444,-8.463346,0.421877,-0.001087,-3.046952,0.400000,0.580000,0.940000,0.100000,-0.900000,0.421877
303,1.654213,1.079990,-8.493816,0.421391,-0.000142,-3.011824,0.400000,0.560000,0.860000,0.100000,-0.900000,0.421391
304,1.651696,1.076611,-8.523934,0.420869,0.000638,-2.977093,0.380000,0.520000,0.800000,0.100000,-0.900000,0.420869
305,1.649088,1.073308,-8.553705,0.420318,0.001259,-2.942957,0.380000,0.500000,0.800000,0.100000,-0.900000,0.420318
306,1.646390,1.070084,-8.583135,0.419743,0.001728,-2.909597,0.360000,0.480000,0.760000,0.100000,-0.900000,0.419743
307,1.643607,1.066943,-8.612231,0.419150,0.002051,-2.877186,0.360000,0.460000,0.700000,0.100000,-0.900000,0.419150
308,1.640739,1.063885,-8.641003,0.418544,0.002238,-2.845883,0.360000,0.460000,0.660000,0.100000,-0.900000,0.418544
309,1.637791,1.060915,-8.669461,0.417930,0.002298,-2.815833,0.340000,0.440000,0.620000,0.100000,-1.000000,0.417930
310,1.634764,1.058033,-8.697620,0.416618,0.002934,-2.757388,0.340000,0.420000,0.580000,0.100000,-1.000000,0.416618
311,1.631671,1.055242,-8.725194,0.415285,0.003321,-2.700725,0.340000,0.400000,0.540000,0.100000,-1.000000,0.415285
312,1.628515,1.052542,-8.752201,0.413939,0.003473,-2.646173,0.320000,0.400000,0.520000,0.100000,-1.000000,0.413939
313,1.625299,1.049936,-8.778663,0.412588,0.003409,-2.594042,0.320000,0.380000,0.540000,0.100000,-1.000000,0.412588
314,1.622025,1.047425,-8.804603,0.411237,0.003147,-2.544620,0.320000,0.380000,0.540000,0.100000,-1.000000,0.411237
315,1.618697,1.045009,-8.830049,0.409893,0.002704,-2.498165,0.320000,0.360000,0.520000,0.100000,-1.000000,0.409893
316,1.615317,1.042690,-8.855031,0.408559,0.002101,-2.454910,0.300000,0.360000,0.500000,0.100000,-1.000000,0.408559
317,1.611888,1.040469,-8.879580,0.407241,0.001357,-2.415052,0.300000,0.340000,0.480000,0.100000,-1.000000,0.407241
318,1.608413,1.038345,-8.903730,0.405941,0.000490,-2.378754,0.300000,0.340000,0.460000,0.100000,-1.000000,0.405941
319,1.604895,1.036320,-8.927518,0.404663,-0.000480,-2.346137,0.300000,0.340000,0.440000,0.100000,-1.000000,0.404663
320,1.601336,1.034394,-8.950979,0.403408,-0.001534,-2.317283,0.300000,0.320000,0.420000,0.100000,-1.000000,0.403408
321,1.597739,1.032567,-8.974152,0.402178,-0.002655,-2.292225,0.280000,0.320000,0.400000,0.100000,-1.000000,0.402178
322,1.594107,1.030839,-8.997074,0.400975,-0.003825,-2.270956,0.280000,0.320000,0.400000,0.100000,-1.000000,0.400975
323,1.590443,1.029211,-9.019784,0.399800,-0.005030,-2.253421,0.280000,0.300000,0.380000,0.100000,-1.000000,0.399800
324,1.586748,1.027682,-9.042318,0.398654,-0.006253,-2.239523,0.280000,0.300000,0.380000,0.100000,-1.000000,0.398654
325,1.583026,1.026252,-9.064713,0.397537,-0.007484,-2.229127,0.280000,0.300000,0.360000,0.100000,-1.000000,0.397537
326,1.579280,1.024922,-9.087005,0.396450,-0.008708,-2.222060,0.280000,0.280000,0.360000,0.100000,-1.000000,0.396450
327,1.575510,1.023690,-9.109225,0.395392,-0.009917,-2.218122,0.280000,0.280000,0.340000,0.100000,-1.000000,0.395392
328,1.571721,1.022557,-9.131407,0.394365,-0.011102,-2.217086,0.260000,0.280000,0.340000,0.100000,-1.000000,0.394365
329,1.567914,1.021523,-9.153577,0.393367,-0.012254,-2.218705,0.260000,0.280000,0.320000,0.100000,-1.000000,0.393367
330,1.564091,1.020587,-9.175764,0.392398,-0.013369,-2.222724,0.260000,0.260000,0.320000,0.100000,-1.000000,0.392398
331,1.560255,1.019750,-9.197992,0.391459,-0.014441,-2.228878,0.260000,0.260000,0.300000,0.100000,-1.000000,0.391459
332,1.556408,1.019010,-9.220280,0.390548,-0.015466,-2.236901,0.260000,0.260000,0.300000,0.100000,-1.000000,0.390548
333,1.552553,1.018369,-9.242649,0.389666,-0.016443,-2.246534,0.260000,0.260000,0.300000,0.100000,-1.000000,0.389666
334,1.548691,1.017825,-9.265115,0.388811,-0.017369,-2.257524,0.260000,0.260000,0.280000,0.100000,-1.000000,0.388811
335,1.544824,1.017378,-9.287690,0.387983,-0.018244,-2.269628,0.260000,0.240000,0.280000,0.100000,-1.000000,0.387983
336,1.540956,1.017028,-9.310386,0.387181,-0.019067,-2.282622,0.240000,0.240000,0.280000,0.100000,-1.000000,0.387181
337,1.537088,1.016776,-9.333213,0.386404,-0.019839,-2.296293,0.240000,0.240000,0.260000,0.100000,-1.000000,0.386404
338,1.533222,1.016620,-9.356175,0.385652,-0.020562,-2.310451,0.240000,0.240000,0.260000,0.100000,-1.000000,0.385652
339,1.529360,1.016561,-9.379280,0.384923,-0.021236,-2.324920,0.240000,0.240000,0.260000,0.100000,-1.000000,0.384923
340,1.525505,1.016598,-9.402529,0.384217,-0.021863,-2.339545,0.240000,0.240000,0.240000,0.100000,-1.000000,0.384217
341,1.521659,1.016731,-9.425925,0.383532,-0.022445,-2.354189,0.240000,0.220000,0.240000,0.100000,-1.000000,0.383532
342,1.517824,1.016960,-9.449467,0.382868,-0.022985,-2.368732,0.240000,0.220000,0.240000,0.100000,-1.000000,0.382868
343,1.514002,1.017284,-9.473154,0.382224,-0.023485,-2.383072,0.240000,0.220000,0.240000,0.100000,-1.000000,0.382224
344,1.510196,1.017704,-9.496985,0.381599,-0.023946,-2.397123,0.240000,0.220000,0.220000,0.100000,-1.000000,0.381599
345,1.506407,1.018218,-9.520956,0.380991,-0.024373,-2.410814,0.240000,0.220000,0.220000,0.100000,-1.000000,0.380991
346,1.502638,1.018826,-9.545064,0.380400,-0.024766,-2.424085,0.280000,0.220000,0.220000,0.100000,-1.000000,0.380400
347,1.498891,1.019529,-9.569305,0.379825,-0.025129,-2.436892,0.280000,0.220000,0.220000,0.100000,-1.000000,0.379825
348,1.495169,1.020324,-9.593674,0.379265,-0.025464,-2.449201,0.280000,0.200000,0.200000,0.100000,-1.000000,0.379265
349,1.491473,1.021213,-9.618166,0.378720,-0.025773,-2.460987,0.320000,0.200000,0.200000,0.100000,-1.000000,0.378720
350,1.487806,1.022194,-9.642776,0.378187,-0.026059,-2.472234,0.380000,0.200000,0.200000,0.100000,-0.900000,0.378187
351,1.484170,1.023266,-9.667498,0.378400,-0.026977,-2.510903,0.380000,0.200000,0.200000,0.100000,-0.900000,0.378400
352,1.480562,1.024437,-9.692607,0.378655,-0.027755,-2.548273,0.380000,0.200000,0.200000,0.100000,-0.900000,0.378655
353,1.476984,1.025707,-9.718090,0.378951,-0.028401,-2.584117,1.000000,0.200000,0.200000,0.100000,-0.700000,0.378951
354,1.473438,1.027075,-9.743931,0.381204,-0.029553,-2.645058,1.000000,0.200000,0.180000,0.100000,-0.700000,0.381204
355,1.469911,1.028551,-9.770381,0.383533,-0.030413,-2.703166,1.000000,0.200000,0.180000,0.100000,-0.700000,0.383533
356,1.466406,1.030137,-9.797413,0.385924,-0.031002,-2.758175,1.000000,0.200000,0.180000,0.100000,-0.700000,0.385924
357,1.462924,1.031830,-9.824995,0.388365,-0.031340,-2.809919,1.000000,0.200000,0.180000,0.100000,-0.700000,0.388365
358,1.459470,1.033632,-9.853094,0.390846,-0.031449,-2.858318,1.000000,0.200000,0.180000,0.100000,-0.700000,0.390846
359,1.456045,1.035542,-9.881677,0.393355,-0.031346,-2.903354,1.000000,0.200000,0.180000,0.100000,-0.700000,0.393355
360,1.452653,1.037558,-9.910711,0.395880,-0.031050,-2.945061,1.000000,0.240000,0.180000,0.100000,-0.700000,0.395880
361,1.449298,1.039682,-9.940161,0.398412,-0.030578,-2.983508,0.960000,0.240000,0.180000,0.100000,-0.700000,0.398412
362,1.445982,1.041911,-9.969996,0.400940,-0.029947,-3.018794,0.940000,0.240000,0.160000,0.100000,-0.700000,0.400940
363,1.442709,1.044247,-10.000184,0.403456,-0.029170,-3.051035,0.920000,0.280000,0.160000,0.100000,-0.700000,0.403456
364,1.439483,1.046687,-10.030695,0.405950,-0.028262,-3.080358,0.840000,0.340000,0.160000,0.100000,-0.700000,0.405950
365,1.436307,1.049231,-10.061498,0.408416,-0.027236,-3.106897,0.820000,0.400000,0.160000,0.100000,-0.700000,0.408416
366,1.433185,1.051879,-10.092567,0.410846,-0.026106,-3.130790,0.800000,1.000000,0.160000,0.100000,-0.700000,0.410846
367,1.430121,1.054628,-10.123875,0.413234,-0.024881,-3.152175,0.800000,1.000000,0.160000,0.100000,-0.700000,0.413234
368,1.427118,1.057477,-10.155397,0.415575,-0.023575,-3.171185,0.720000,1.000000,0.160000,0.100000,-0.700000,0.415575
369,1.424180,1.060426,-10.187109,0.417863,-0.022195,-3.187953,0.720000,1.000000,0.160000,0.100000,-0.700000,0.417863
370,1.421311,1.063473,-10.218988,0.420095,-0.020753,-3.202604,0.700000,1.000000,0.160000,0.100000,-0.700000,0.420095
371,1.418515,1.066615,-10.251014,0.422267,-0.019257,-3.215262,0.640000,0.980000,0.200000,0.100000,-0.800000,0.422267
372,1.415795,1.069850,-10.283167,0.423345,-0.017531,-3.218103,0.640000,0.940000,0.200000,0.100000,-0.800000,0.423345
373,1.413161,1.073169,-10.315348,0.424354,-0.015831,-3.218571,0.620000,0.920000,0.260000,0.100000,-0.800000,0.424354
374,1.410615,1.076567,-10.347534,0.425295,-0.014164,-3.216903,0.620000,0.880000,0.300000,0.100000,-0.800000,0.425295
375,1.408160,1.080044,-10.379703,0.426169,-0.012538,-3.213314,0.560000,0.820000,0.300000,0.100000,-0.800000,0.426169
376,1.405801,1.083595,-10.411836,0.426977,-0.010958,-3.208003,0.560000,0.800000,1.000000,0.100000,-0.800000,0.426977
377,1.403539,1.087218,-10.443916,0.427722,-0.009428,-3.201154,0.560000,0.780000,1.000000,0.100000,-0.800000,0.427722
378,1.401378,1.090910,-10.475927,0.428405,-0.007954,-3.192935,0.540000,0.760000,1.000000,0.100000,-0.800000,0.428405
379,1.399319,1.094668,-10.507857,0.429028,-0.006540,-3.183506,0.500000,0.740000,1.000000,0.100000,-0.800000,0.429028
380,1.397367,1.098489,-10.539692,0.429595,-0.005188,-3.173012,0.500000,0.680000,1.000000,0.100000,-0.800000,0.429595
381,1.395522,1.102369,-10.571422,0.430107,-0.003902,-3.161590,0.480000,0.660000,0.960000,0.100000,-0.800000,0.430107
382,1.393787,1.106305,-10.603038,0.430567,-0.002683,-3.149370,0.480000,0.660000,0.920000,0.100000,-0.800000,0.430567
383,1.392165,1.110293,-10.634532,0.430980,-0.001534,-3.136471,0.480000,0.600000,0.900000,0.100000,-0.800000,0.430980
384,1.390657,1.114331,-10.665896,0.431346,-0.000456,-3.123007,0.440000,0.580000,0.860000,0.100000,-0.900000,0.431346
385,1.389265,1.118413,-10.697126,0.430839,0.001077,-3.086575,0.440000,0.580000,0.840000,0.100000,-0.900000,0.430839
386,1.387988,1.122528,-10.727992,0.430276,0.002416,-3.049790,0.440000,0.540000,0.780000,0.100000,-0.900000,0.430276
387,1.386827,1.126671,-10.758490,0.429663,0.003564,-3.012908,0.440000,0.520000,0.760000,0.100000,-0.900000,0.429663
388,1.385783,1.130839,-10.788619,0.429010,0.004527,-2.976166,0.420000,0.520000,0.740000,0.100000,-0.900000,0.429010
389,1.384857,1.135029,-10.818381,0.428322,0.005310,-2.939790,0.420000,0.500000,0.720000,0.100000,-0.900000,0.428322
390,1.384050,1.139235,-10.847779,0.427607,0.005920,-2.903992,0.420000,0.500000,0.700000,0.100000,-0.900000,0.427607
391,1.383362,1.143456,-10.876819,0.426871,0.006364,-2.868969,0.420000,0.460000,0.640000,0.100000,-0.900000,0.426871
392,1.382793,1.147687,-10.905508,0.426120,0.006650,-2.834908,0.380000,0.460000,0.640000,0.100000,-0.900000,0.426120
393,1.382343,1.151925,-10.933857,0.425359,0.006787,-2.801983,0.340000,0.440000,0.620000,0.100000,-1.000000,0.425359
394,1.382013,1.156167,-10.961877,0.423906,0.007489,-2.740245,0.340000,0.440000,0.560000,0.100000,-1.000000,0.423906
395,1.381795,1.160401,-10.989280,0.422434,0.007917,-2.680210,0.340000,0.440000,0.560000,0.100000,-1.000000,0.422434
396,1.381690,1.164624,-11.016082,0.420951,0.008088,-2.622232,0.340000,0.440000,0.540000,0.100000,-1.000000,0.420951
397,1.381695,1.168835,-11.042304,0.419464,0.008020,-2.566652,0.340000,0.400000,0.540000,0.100000,-1.000000,0.419464
398,1.381811,1.173029,-11.067971,0.417981,0.007733,-2.513784,0.340000,0.400000,0.480000,0.100000,-1.000000,0.417981
399,1.382036,1.177203,-11.093108,0.416507,0.007245,-2.463922,0.320000,0.400000,0.480000,0.100000,-1.000000,0.416507
400,1.382370,1.181355,-11.117748,0.415047,0.006579,-2.417333,0.300000,0.380000,0.480000,0.100000,-1.000000,0.415047
401,1.382810,1.185483,-11.141921,0.413607,0.005753,-2.374251,0.300000,0.380000,0.480000,0.100000,-1.000000,0.413607
402,1.383356,1.189583,-11.165663,0.412188,0.004791,-2.334875,0.280000,0.380000,0.460000,0.100000,-1.000000,0.412188
403,1.384007,1.193654,-11.189012,0.410794,0.003712,-2.299364,0.260000,0.380000,0.420000,0.100000,-1.000000,0.410794
404,1.384760,1.197692,-11.212006,0.409427,0.002537,-2.267833,0.260000,0.380000,0.420000,0.100000,-1.000000,0.409427
405,1.385615,1.201696,-11.234684,0.408090,0.001286,-2.240350,0.240000,0.380000,0.420000,0.100000,-1.000000,0.408090
406,1.386569,1.205664,-11.257088,0.406782,-0.000022,-2.216934,0.240000,0.360000,0.400000,0.100000,-1.000000,0.406782
407,1.387621,1.209594,-11.279257,0.405506,-0.001370,-2.197555,0.240000,0.340000,0.400000,0.100000,-1.000000,0.405506
408,1.388769,1.213483,-11.301233,0.404262,-0.002741,-2.182132,0.240000,0.300000,0.400000,0.100000,-1.000000,0.404262
409,1.390011,1.217330,-11.323054,0.403050,-0.004119,-2.170541,0.240000,0.300000,0.400000,0.100000,-1.000000,0.403050
410,1.391347,1.221133,-11.344759,0.401870,-0.005492,-2.162613,0.240000,0.280000,0.400000,0.100000,-1.000000,0.401870
411,1.392773,1.224890,-11.366385,0.400724,-0.006848,-2.158143,0.240000,0.280000,0.360000,0.100000,-1.000000,0.400724
412,1.394289,1.228600,-11.387967,0.399609,-0.008176,-2.156895,0.260000,0.280000,0.340000,0.100000,-1.000000,0.399609
413,1.395893,1.232261,-11.409536,0.398527,-0.009468,-2.158608,0.240000,0.280000,0.340000,0.100000,-1.000000,0.398527
414,1.397583,1.235872,-11.431122,0.397476,-0.010717,-2.163005,0.240000,0.280000,0.340000,0.100000,-1.000000,0.397476
415,1.399357,1.239430,-11.452752,0.396457,-0.011917,-2.169796,0.240000,0.280000,0.340000,0.100000,-1.000000,0.396457
416,1.401214,1.242935,-11.474450,0.395469,-0.013064,-2.178689,0.220000,0.260000,0.340000,0.100000,-1.000000,0.395469
417,1.403152,1.246385,-11.496237,0.394511,-0.014156,-2.189394,0.220000,0.260000,0.340000,0.100000,-1.000000,0.394511
418,1.405170,1.249778,-11.518131,0.393583,-0.015189,-2.201628,0.220000,0.240000,0.340000,0.100000,-1.000000,0.393583
419,1.407266,1.253113,-11.540147,0.392684,-0.016164,-2.215121,0.200000,0.240000,0.340000,0.100000,-1.000000,0.392684
420,1.409438,1.256388,-11.562298,0.391812,-0.017079,-2.229615,0.200000,0.220000,0.340000,0.100000,-1.000000,0.391812
421,1.411686,1.259602,-11.584594,0.390967,-0.017937,-2.244874,0.200000,0.200000,0.300000,0.100000,-1.000000,0.390967
422,1.414007,1.262753,-11.607043,0.390149,-0.018737,-2.260678,0.200000,0.200000,0.280000,0.100000,-1.000000,0.390149
423,1.416400,1.265840,-11.629650,0.389356,-0.019482,-2.276830,0.200000,0.200000,0.240000,0.100000,-1.000000,0.389356
424,1.418864,1.268861,-11.652418,0.388586,-0.020174,-2.293153,0.200000,0.200000,0.240000,0.100000,-1.000000,0.388586
425,1.421396,1.271815,-11.675350,0.387840,-0.020814,-2.309490,0.200000,0.200000,0.240000,0.100000,-1.000000,0.387840
426,1.423996,1.274701,-11.698445,0.387116,-0.021407,-2.325707,0.220000,0.200000,0.240000,0.100000,-1.000000,0.387116
427,1.426662,1.277516,-11.721702,0.386413,-0.021953,-2.341685,0.220000,0.200000,0.240000,0.100000,-1.000000,0.386413
428,1.429392,1.280260,-11.745119,0.385730,-0.022457,-2.357328,0.200000,0.200000,0.240000,0.100000,-1.000000,0.385730
429,1.432184,1.282930,-11.768692,0.385065,-0.022920,-2.372555,0.200000,0.200000,0.240000,0.100000,-1.000000,0.385065
430,1.435038,1.285526,-11.792417,0.384419,-0.023346,-2.387301,0.200000,0.200000,0.220000,0.100000,-1.000000,0.384419
431,1.437950,1.288046,-11.816290,0.383789,-0.023738,-2.401513,0.200000,0.180000,0.200000,0.100000,-1.000000,0.383789
432,1.440920,1.290489,-11.840306,0.383175,-0.024099,-2.415155,0.180000,0.180000,0.200000,0.100000,-1.000000,0.383175
433,1.443945,1.292852,-11.864457,0.382576,-0.024431,-2.428199,0.180000,0.180000,0.180000,0.100000,-1.000000,0.382576
434,1.447024,1.295136,-11.888739,0.381992,-0.024736,-2.440628,0.180000,0.160000,0.160000,0.100000,-1.000000,0.381992
435,1.450155,1.297338,-11.913145,0.381420,-0.025017,-2.452434,0.180000,0.160000,0.160000,0.100000,-1.000000,0.381420
436,1.453336,1.299458,-11.937670,0.380861,-0.025278,-2.463616,0.180000,0.160000,0.160000,0.100000,-1.000000,0.380861
437,1.456565,1.301493,-11.962306,0.380314,-0.025519,-2.474181,0.160000,0.140000,0.160000,0.100000,-1.000000,0.380314
438,1.459840,1.303443,-11.987048,0.379778,-0.025742,-2.484140,0.160000,0.160000,0.160000,0.100000,-1.000000,0.379778
439,1.463159,1.305307,-12.011889,0.379252,-0.025951,-2.493508,0.160000,0.160000,0.160000,0.100000,-1.000000,0.379252
440,1.466520,1.307083,-12.036824,0.378736,-0.026146,-2.502305,0.160000,0.160000,0.160000,0.100000,-1.000000,0.378736
441,1.469921,1.308771,-12.061847,0.378229,-0.026330,-2.510554,0.160000,0.160000,0.160000,0.100000,-1.000000,0.378229
442,1.473359,1.310368,-12.086953,0.377731,-0.026503,-2.518279,0.160000,0.160000,0.160000,0.100000,-1.000000,0.377731
443,1.476833,1.311876,-12.112136,0.377242,-0.026668,-2.525505,0.140000,0.160000,0.160000,0.100000,-1.000000,0.377242
444,1.480340,1.313291,-12.137391,0.376760,-0.026826,-2.532262,0.140000,0.160000,0.140000,0.100000,-1.000000,0.376760
445,1.483878,1.314614,-12.162713,0.376286,-0.026976,-2.538576,0.140000,0.160000,0.140000,0.100000,-1.000000,0.376286
446,1.487444,1.315844,-12.188099,0.375819,-0.027122,-2.544476,0.140000,0.140000,0.140000,0.100000,-1.000000,0.375819
447,1.491037,1.316980,-12.213544,0.375359,-0.027263,-2.549991,0.140000,0.140000,0.120000,0.100000,-1.000000,0.375359
448,1.494653,1.318021,-12.239044,0.374906,-0.027401,-2.555148,0.140000,0.140000,0.120000,0.100000,-1.000000,0.374906
449,1.498291,1.318967,-12.264595,0.374459,-0.027536,-2.559975,0.140000,0.140000,0.120000,0.100000,-1.000000,0.374459
450,1.501949,1.319817,-12.290195,0.374019,-0.027669,-2.564498,0.120000,0.140000,0.120000,0.100000,-1.000000,0.374019
451,1.505623,1.320571,-12.315840,0.373585,-0.027800,-2.568744,0.120000,0.120000,0.120000,0.100000,-1.000000,0.373585
452,1.509311,1.321228,-12.341527,0.373156,-0.027930,-2.572737,0.120000,0.120000,0.120000,0.100000,-1.000000,0.373156
453,1.513011,1.321788,-12.367255,0.372734,-0.028059,-2.576500,0.160000,0.120000,0.140000,0.100000,-1.000000,0.372734
454,1.516720,1.322250,-12.393020,0.372317,-0.028187,-2.580055,0.160000,0.120000,0.140000,0.100000,-1.000000,0.372317
455,1.520436,1.322614,-12.418820,0.371906,-0.028315,-2.583425,0.160000,0.120000,0.120000,0.100000,-1.000000,0.371906
456,1.524156,1.322881,-12.444654,0.371501,-0.028443,-2.586627,0.160000,0.120000,0.120000,0.100000,-1.000000,0.371501
457,1.527878,1.323050,-12.470521,0.371101,-0.028571,-2.589680,0.160000,0.100000,0.120000,0.100000,-1.000000,0.371101
458,1.531599,1.323121,-12.496417,0.370707,-0.028700,-2.592602,0.160000,0.100000,0.120000,0.100000,-1.000000,0.370707
459,1.535318,1.323093,-12.522344,0.370318,-0.028828,-2.595407,0.140000,0.100000,0.100000,0.100000,-1.000000,0.370318
460,1.539030,1.322968,-12.548298,0.369934,-0.028957,-2.598111,0.140000,0.100000,0.100000,0.100000,-1.000000,0.369934
461,1.542734,1.322746,-12.574279,0.369556,-0.029086,-2.600725,0.140000,0.100000,0.100000,0.100000,-1.000000,0.369556
462,1.546427,1.322426,-12.600286,0.369183,-0.029216,-2.603262,0.140000,0.100000,0.100000,0.100000,-1.000000,0.369183
463,1.550107,1.322008,-12.626319,0.368816,-0.029345,-2.605732,0.140000,0.100000,0.100000,0.100000,-1.000000,0.368816
464,1.553771,1.321494,-12.652376,0.368454,-0.029475,-2.608146,0.140000,0.080000,0.080000,0.100000,-1.000000,0.368454
465,1.557416,1.320884,-12.678457,0.368097,-0.029605,-2.610510,0.140000,0.080000,0.080000,0.100000,-1.000000,0.368097
466,1.561041,1.320178,-12.704562,0.367746,-0.029735,-2.612832,0.140000,0.080000,0.080000,0.100000,-1.000000,0.367746
467,1.564642,1.319377,-12.730691,0.367399,-0.029865,-2.615119,0.140000,0.080000,0.080000,0.100000,-1.000000,0.367399
468,1.568218,1.318482,-12.756842,0.367059,-0.029994,-2.617377,0.140000,0.120000,0.080000,0.100000,-1.000000,0.367059
469,1.571766,1.317492,-12.783016,0.366723,-0.030124,-2.619610,0.140000,0.120000,0.080000,0.100000,-1.000000,0.366723
470,1.575282,1.316410,-12.809212,0.366393,-0.030253,-2.621822,0.140000,0.120000,0.080000,0.100000,-1.000000,0.366393
471,1.578766,1.315235,-12.835430,0.366068,-0.030381,-2.624016,0.120000,0.120000,0.060000,0.100000,-1.000000,0.366068
472,1.582214,1.313969,-12.861670,0.365748,-0.030509,-2.626196,0.120000,0.100000,0.060000,0.100000,-1.000000,0.365748
473,1.585625,1.312613,-12.887932,0.365433,-0.030636,-2.628362,0.120000,0.100000,0.060000,0.100000,-1.000000,0.365433
474,1.588995,1.311167,-12.914216,0.365124,-0.030762,-2.630518,0.120000,0.100000,0.060000,0.100000,-1.000000,0.365124
475,1.592322,1.309633,-12.940521,0.364820,-0.030887,-2.632663,0.120000,0.100000,0.060000,0.100000,-1.000000,0.364820
476,1.595605,1.308013,-12.966848,0.364521,-0.031011,-2.634799,0.120000,0.100000,0.060000,0.100000,-1.000000,0.364521
477,1.598841,1.306306,-12.993196,0.364227,-0.031134,-2.636926,0.120000,0.100000,0.060000,0.100000,-1.000000,0.364227
478,1.602028,1.304515,-13.019565,0.363938,-0.031256,-2.639044,0.180000,0.100000,0.080000,0.100000,-1.000000,0.363938
479,1.605163,1.302640,-13.045955,0.363654,-0.031377,-2.641154,0.180000,0.100000,0.080000,0.100000,-1.000000,0.363654
480,1.608244,1.300684,-13.072367,0.363375,-0.031496,-2.643254,0.180000,0.100000,0.080000,0.100000,-1.000000,0.363375
481,1.611270,1.298647,-13.098799,0.363101,-0.031614,-2.645345,0.180000,0.100000,0.080000,0.100000,-1.000000,0.363101
482,1.614238,1.296532,-13.125253,0.362832,-0.031730,-2.647424,0.180000,0.100000,0.080000,0.100000,-1.000000,0.362832
483,1.617146,1.294339,-13.151727,0.362568,-0.031845,-2.649493,0.180000,0.080000,0.080000,0.100000,-1.000000,0.362568
484,1.619992,1.292070,-13.178222,0.362308,-0.031959,-2.651550,0.200000,0.080000,0.080000,0.100000,-1.000000,0.362308
485,1.622775,1.289727,-13.204737,0.362053,-0.032070,-2.653593,0.200000,0.080000,0.080000,0.100000,-1.000000,0.362053
486,1.625491,1.287312,-13.231273,0.361803,-0.032180,-2.655622,0.200000,0.080000,0.080000,0.100000,-1.000000,0.361803
487,1.628140,1.284827,-13.257830,0.361558,-0.032289,-2.657636,0.200000,0.080000,0.080000,0.100000,-1.000000,0.361558
488,1.630719,1.282273,-13.284406,0.361317,-0.032395,-2.659634,0.200000,0.080000,0.060000,0.100000,-1.000000,0.361317
489,1.633227,1.279652,-13.311002,0.361081,-0.032500,-2.661615,0.220000,0.080000,0.060000,0.100000,-1.000000,0.361081
490,1.635662,1.276966,-13.337618,0.360850,-0.032603,-2.663577,0.220000,0.080000,0.060000,0.100000,-1.000000,0.360850
491,1.638022,1.274217,-13.364254,0.360622,-0.032705,-2.665520,0.220000,0.080000,0.060000,0.100000,-1.000000,0.360622
492,1.640306,1.271407,-13.390909,0.360399,-0.032805,-2.667443,0.240000,0.140000,0.060000,0.100000,-1.000000,0.360399
493,1.642512,1.268538,-13.417584,0.360181,-0.032903,-2.669346,0.240000,0.140000,0.060000,0.100000,-1.000000,0.360181
494,1.644638,1.265612,-13.444277,0.359966,-0.032999,-2.671226,0.260000,0.140000,0.060000,0.100000,-1.000000,0.359966
495,1.646684,1.262632,-13.470990,0.359756,-0.033093,-2.673084,0.280000,0.140000,0.060000,0.100000,-1.000000,0.359756
496,1.648647,1.259599,-13.497720,0.359550,-0.033186,-2.674919,0.300000,0.140000,0.060000,0.100000,-1.000000,0.359550
497,1.650526,1.256516,-13.524470,0.359348,-0.033277,-2.676730,0.320000,0.140000,0.060000,0.100000,-1.000000,0.359348
498,1.652320,1.253384,-13.551237,0.359150,-0.033366,-2.678516,0.340000,0.160000,0.060000,0.100000,-1.000000,0.359150
499,1.654028,1.250207,-13.578022,0.358955,-0.033454,-2.680277,0.380000,0.160000,0.060000,0.100000,-0.900000,0.358955
500,1.655649,1.246987,-13.604825,0.359533,-0.034154,-2.708270,0.420000,0.160000,0.100000,0.100000,-0.900000,0.359533
501,1.657179,1.243716,-13.631908,0.360147,-0.034739,-2.735561,0.480000,0.160000,0.100000,0.100000,-0.800000,0.360147
502,1.658619,1.240396,-13.659263,0.361725,-0.035608,-2.778703,1.000000,0.160000,0.100000,0.100000,-0.700000,0.361725
503,1.659966,1.237021,-13.687050,0.364470,-0.036331,-2.822444,1.000000,0.180000,0.120000,0.100000,-0.700000,0.364470
504,1.661225,1.233581,-13.715275,0.367267,-0.036817,-2.864516,1.000000,0.180000,0.120000,0.100000,-0.700000,0.367267
505,1.662393,1.230079,-13.743920,0.370104,-0.037083,-2.904672,1.000000,0.200000,0.120000,0.100000,-0.700000,0.370104
506,1.663468,1.226519,-13.772967,0.372972,-0.037146,-2.942742,1.000000,0.200000,0.120000,0.100000,-0.700000,0.372972
507,1.664450,1.222901,-13.802394,0.375858,-0.037021,-2.978617,1.000000,0.220000,0.120000,0.100000,-0.700000,0.375858
508,1.665335,1.219230,-13.832180,0.378753,-0.036723,-3.012241,1.000000,0.240000,0.120000,0.100000,-0.700000,0.378753
509,1.666122,1.215507,-13.862303,0.381648,-0.036267,-3.043598,1.000000,0.260000,0.120000,0.100000,-0.700000,0.381648
510,1.666809,1.211735,-13.892739,0.384533,-0.035667,-3.072700,1.000000,0.280000,0.120000,0.100000,-0.700000,0.384533
511,1.667393,1.207918,-13.923466,0.387400,-0.034933,-3.099582,1.000000,0.320000,0.140000,0.100000,-0.700000,0.387400
512,1.667874,1.204058,-13.954461,0.390242,-0.034080,-3.124297,1.000000,0.380000,0.140000,0.100000,-0.700000,0.390242
513,1.668247,1.200158,-13.985704,0.393051,-0.033116,-3.146908,1.000000,0.440000,0.140000,0.100000,-0.700000,0.393051
514,1.668513,1.196223,-14.017173,0.395822,-0.032054,-3.167487,1.000000,1.000000,0.160000,0.100000,-0.700000,0.395822
515,1.668669,1.192255,-14.048848,0.398548,-0.030902,-3.186109,1.000000,1.000000,0.160000,0.100000,-0.700000,0.398548
516,1.668712,1.188258,-14.080709,0.401224,-0.029670,-3.202854,0.900000,1.000000,0.180000,0.100000,-0.700000,0.401224
517,1.668643,1.184235,-14.112738,0.403846,-0.028367,-3.217800,0.880000,1.000000,0.180000,0.100000,-0.700000,0.403846
518,1.668458,1.180191,-14.144916,0.406410,-0.027000,-3.231029,0.860000,1.000000,0.200000,0.100000,-0.700000,0.406410
519,1.668156,1.176129,-14.177226,0.408913,-0.025578,-3.242617,0.780000,1.000000,0.220000,0.100000,-0.700000,0.408913
520,1.667737,1.172053,-14.209652,0.411350,-0.024107,-3.252642,0.720000,1.000000,0.260000,0.100000,-0.700000,0.411350
521,1.667198,1.167968,-14.242179,0.413721,-0.022594,-3.261180,0.680000,1.000000,0.280000,0.100000,-0.800000,0.413721
522,1.666540,1.163877,-14.274791,0.414968,-0.020900,-3.261999,0.640000,1.000000,0.320000,0.100000,-0.800000,0.414968
523,1.665764,1.159796,-14.307411,0.416145,-0.019233,-3.260711,0.620000,1.000000,0.380000,0.100000,-0.800000,0.416145
524,1.664869,1.155727,-14.340018,0.417252,-0.017599,-3.257528,0.620000,1.000000,0.760000,0.100000,-0.800000,0.417252
525,1.663856,1.151675,-14.372593,0.418291,-0.016004,-3.252643,0.620000,1.000000,1.000000,0.100000,-0.800000,0.418291
526,1.662725,1.147645,-14.405119,0.419262,-0.014453,-3.246233,0.580000,0.960000,1.000000,0.100000,-0.800000,0.419262
527,1.661475,1.143640,-14.437582,0.420168,-0.012951,-3.238465,0.560000,0.860000,1.000000,0.100000,-0.800000,0.420168
528,1.660108,1.139665,-14.469966,0.421011,-0.011501,-3.229489,0.540000,0.840000,1.000000,0.100000,-0.800000,0.421011
529,1.658624,1.135724,-14.502261,0.421793,-0.010107,-3.219448,0.500000,0.820000,1.000000,0.100000,-0.800000,0.421793
530,1.657024,1.131820,-14.534456,0.422517,-0.008772,-3.208472,0.480000,0.740000,1.000000,0.100000,-0.800000,0.422517
531,1.655308,1.127958,-14.566540,0.423185,-0.007497,-3.196685,0.480000,0.700000,1.000000,0.100000,-0.800000,0.423185
532,1.653478,1.124141,-14.598507,0.423800,-0.006286,-3.184202,0.460000,0.640000,1.000000,0.100000,-0.900000,0.423800
533,1.651536,1.120374,-14.630349,0.423516,-0.004637,-3.149610,0.440000,0.600000,1.000000,0.100000,-0.900000,0.423516
534,1.649490,1.116666,-14.661845,0.423168,-0.003170,-3.114490,0.420000,0.580000,1.000000,0.100000,-0.900000,0.423168
535,1.647342,1.113019,-14.692990,0.422763,-0.001883,-3.079101,0.420000,0.580000,0.980000,0.100000,-0.900000,0.422763
536,1.645096,1.109438,-14.723781,0.422308,-0.000771,-3.043682,0.400000,0.580000,0.960000,0.100000,-0.900000,0.422308
537,1.642752,1.105925,-14.754218,0.421811,0.000169,-3.008457,0.400000,0.560000,0.900000,0.100000,-0.900000,0.421811
538,1.640312,1.102484,-14.784303,0.421278,0.000942,-2.973636,0.380000,0.520000,0.800000,0.100000,-0.900000,0.421278
539,1.637780,1.099117,-14.814039,0.420716,0.001556,-2.939416,0.380000,0.500000,0.820000,0.100000,-0.900000,0.420716
540,1.635157,1.095828,-14.843433,0.420130,0.002017,-2.905981,0.360000,0.480000,0.780000,0.100000,-0.900000,0.420130
541,1.632446,1.092618,-14.872493,0.419527,0.002333,-2.873502,0.360000,0.460000,0.720000,0.100000,-0.900000,0.419527
542,1.629649,1.089492,-14.901228,0.418911,0.002512,-2.842139,0.340000,0.440000,0.660000,0.100000,-1.000000,0.418911
543,1.626768,1.086449,-14.929649,0.417594,0.003258,-2.782277,0.340000,0.440000,0.620000,0.100000,-1.000000,0.417594
544,1.623818,1.083494,-14.957472,0.416252,0.003745,-2.724072,0.340000,0.420000,0.580000,0.100000,-1.000000,0.416252
545,1.620799,1.080628,-14.984713,0.414894,0.003987,-2.667865,0.320000,0.400000,0.540000,0.100000,-1.000000,0.414894
546,1.617715,1.077852,-15.011392,0.413527,0.004002,-2.613978,0.320000,0.400000,0.540000,0.100000,-1.000000,0.413527
547,1.614569,1.075169,-15.037531,0.412160,0.003808,-2.562712,0.320000,0.380000,0.560000,0.100000,-1.000000,0.412160
548,1.611363,1.072578,-15.063158,0.410797,0.003423,-2.514344,0.320000,0.380000,0.540000,0.100000,-1.000000,0.410797
549,1.608100,1.070081,-15.088302,0.409444,0.002868,-2.469121,0.300000,0.360000,0.520000,0.100000,-1.000000,0.409444
550,1.604784,1.067680,-15.112993,0.408106,0.002160,-2.427260,0.300000,0.360000,0.500000,0.100000,-1.000000,0.408106
551,1.601416,1.065375,-15.137266,0.406785,0.001321,-2.388944,0.300000,0.340000,0.480000,0.100000,-1.000000,0.406785
552,1.598000,1.063166,-15.161155,0.405485,0.000370,-2.354315,0.300000,0.340000,0.460000,0.100000,-1.000000,0.405485
553,1.594538,1.061055,-15.184698,0.404208,-0.000675,-2.323475,0.280000,0.320000,0.440000,0.100000,-1.000000,0.404208
554,1.591034,1.059041,-15.207933,0.402957,-0.001794,-2.296482,0.280000,0.320000,0.420000,0.100000,-1.000000,0.402957
555,1.587489,1.057125,-15.230898,0.401732,-0.002970,-2.273346,0.280000,0.320000,0.400000,0.100000,-1.000000,0.401732
556,1.583907,1.055306,-15.253631,0.400535,-0.004187,-2.254034,0.280000,0.300000,0.400000,0.100000,-1.000000,0.400535
557,1.580289,1.053586,-15.276172,0.399368,-0.005429,-2.238466,0.280000,0.300000,0.380000,0.100000,-1.000000,0.399368
558,1.576639,1.051964,-15.298556,0.398230,-0.006682,-2.226520,0.280000,0.300000,0.360000,0.100000,-1.000000,0.398230
559,1.572959,1.050440,-15.320822,0.397122,-0.007934,-2.218038,0.260000,0.280000,0.360000,0.100000,-1.000000,0.397122
560,1.569252,1.049014,-15.343002,0.396045,-0.009173,-2.212827,0.260000,0.280000,0.340000,0.100000,-1.000000,0.396045
561,1.565520,1.047686,-15.365130,0.394997,-0.010390,-2.210665,0.260000,0.280000,0.340000,0.100000,-1.000000,0.394997
562,1.561765,1.046456,-15.387237,0.393980,-0.011577,-2.211309,0.260000,0.280000,0.320000,0.100000,-1.000000,0.393980
563,1.557989,1.045324,-15.409350,0.392993,-0.012728,-2.214503,0.260000,0.260000,0.320000,0.100000,-1.000000,0.392993
564,1.554196,1.044290,-15.431495,0.392036,-0.013836,-2.219977,0.260000,0.260000,0.320000,0.100000,-1.000000,0.392036
565,1.550387,1.043353,-15.453695,0.391108,-0.014898,-2.227461,0.260000,0.260000,0.300000,0.100000,-1.000000,0.391108
566,1.546564,1.042513,-15.475969,0.390209,-0.015910,-2.236688,0.240000,0.260000,0.300000,0.100000,-1.000000,0.390209
567,1.542730,1.041771,-15.498336,0.389337,-0.016872,-2.247394,0.240000,0.240000,0.280000,0.100000,-1.000000,0.389337
568,1.538887,1.041126,-15.520810,0.388494,-0.017780,-2.259328,0.240000,0.240000,0.280000,0.100000,-1.000000,0.388494
569,1.535036,1.040578,-15.543403,0.387677,-0.018637,-2.272253,0.240000,0.240000,0.280000,0.100000,-1.000000,0.387677
570,1.531181,1.040126,-15.566126,0.386886,-0.019440,-2.285947,0.240000,0.240000,0.260000,0.100000,-1.000000,0.386886
571,1.527324,1.039772,-15.588985,0.386120,-0.020193,-2.300206,0.240000,0.240000,0.260000,0.100000,-1.000000,0.386120
572,1.523466,1.039514,-15.611987,0.385378,-0.020895,-2.314844,0.240000,0.220000,0.260000,0.100000,-1.000000,0.385378
573,1.519610,1.039353,-15.635136,0.384659,-0.021548,-2.329697,0.240000,0.220000,0.240000,0.100000,-1.000000,0.384659
574,1.515758,1.039288,-15.658433,0.383963,-0.022155,-2.344615,0.240000,0.220000,0.240000,0.100000,-1.000000,0.383963
575,1.511912,1.039319,-15.681879,0.383288,-0.022718,-2.359472,0.240000,0.220000,0.240000,0.100000,-1.000000,0.383288
576,1.508075,1.039446,-15.705474,0.382633,-0.023238,-2.374155,0.220000,0.220000,0.220000,0.100000,-1.000000,0.382633
577,1.504248,1.039669,-15.729215,0.381998,-0.023719,-2.388570,0.220000,0.220000,0.220000,0.100000,-1.000000,0.381998
578,1.500434,1.039987,-15.753101,0.381381,-0.024163,-2.402640,0.220000,0.220000,0.220000,0.100000,-1.000000,0.381381
579,1.496635,1.040401,-15.777127,0.380781,-0.024573,-2.416301,0.260000,0.200000,0.220000,0.100000,-1.000000,0.380781
580,1.492853,1.040909,-15.801290,0.380198,-0.024950,-2.429500,0.260000,0.200000,0.220000,0.100000,-1.000000,0.380198
581,1.489091,1.041512,-15.825585,0.379630,-0.025298,-2.442200,0.260000,0.200000,0.200000,0.100000,-1.000000,0.379630
582,1.485350,1.042208,-15.850007,0.379077,-0.025619,-2.454373,0.260000,0.200000,0.200000,0.100000,-1.000000,0.379077
583,1.481634,1.042999,-15.874551,0.378538,-0.025915,-2.465998,0.320000,0.200000,0.200000,0.100000,-1.000000,0.378538
584,1.477944,1.043882,-15.899211,0.378012,-0.026188,-2.477066,0.320000,0.200000,0.200000,0.100000,-1.000000,0.378012
585,1.474283,1.044858,-15.923982,0.377498,-0.026441,-2.487573,0.360000,0.200000,0.200000,0.100000,-0.900000,0.377498
586,1.470652,1.045925,-15.948858,0.377728,-0.027327,-2.525410,0.360000,0.200000,0.180000,0.100000,-0.900000,0.377728
587,1.467049,1.047092,-15.974112,0.378002,-0.028077,-2.561952,1.000000,0.180000,0.180000,0.100000,-0.700000,0.378002
588,1.463476,1.048357,-15.999731,0.380233,-0.029331,-2.624065,1.000000,0.180000,0.180000,0.100000,-0.700000,0.380233
589,1.459919,1.049731,-16.025972,0.382543,-0.030285,-2.683421,1.000000,0.180000,0.180000,0.100000,-0.700000,0.382543
590,1.456380,1.051215,-16.052806,0.384919,-0.030961,-2.739718,1.000000,0.180000,0.180000,0.100000,-0.700000,0.384919
591,1.452862,1.052808,-16.080203,0.387351,-0.031379,-2.792764,1.000000,0.180000,0.180000,0.100000,-0.700000,0.387351
592,1.449368,1.054509,-16.108131,0.389826,-0.031561,-2.842454,1.000000,0.180000,0.160000,0.100000,-0.700000,0.389826
593,1.445900,1.056318,-16.136555,0.392332,-0.031524,-2.888755,1.000000,0.180000,0.160000,0.100000,-0.700000,0.392332
594,1.442463,1.058235,-16.165443,0.394859,-0.031289,-2.931688,1.000000,0.220000,0.160000,0.100000,-0.700000,0.394859
595,1.439059,1.060260,-16.194760,0.397395,-0.030872,-2.971315,0.960000,0.220000,0.160000,0.100000,-0.700000,0.397395
596,1.435691,1.062392,-16.224473,0.399931,-0.030289,-3.007729,0.940000,0.220000,0.160000,0.100000,-0.700000,0.399931
597,1.432363,1.064630,-16.254550,0.402457,-0.029556,-3.041043,0.920000,0.280000,0.160000,0.100000,-0.700000,0.402457
598,1.429078,1.066975,-16.284961,0.404965,-0.028688,-3.071384,0.900000,0.320000,0.160000,0.100000,-0.700000,0.404965
599,1.425840,1.069424,-16.315675,0.407447,-0.027698,-3.098885,0.820000,0.320000,0.160000,0.100000,-0.700000,0.407447
600,1.422654,1.071978,-16.346663,0.409895,-0.026598,-3.123685,0.800000,1.000000,0.160000,0.100000,-0.700000,0.409895
601,1.419521,1.074635,-16.377900,0.412303,-0.025401,-3.145923,0.780000,1.000000,0.160000,0.100000,-0.700000,0.412303
602,1.416447,1.077395,-16.409359,0.414665,-0.024118,-3.165736,0.760000,1.000000,0.160000,0.100000,-0.700000,0.414665
603,1.413435,1.080255,-16.441017,0.416977,-0.022760,-3.183258,0.700000,1.000000,0.200000,0.100000,-0.700000,0.416977
604,1.410489,1.083214,-16.472849,0.419233,-0.021335,-3.198618,0.700000,1.000000,0.200000,0.100000,-0.700000,0.419233
605,1.407612,1.086271,-16.504836,0.421430,-0.019853,-3.211939,0.680000,0.980000,0.200000,0.100000,-0.800000,0.421430
606,1.404808,1.089424,-16.536955,0.422531,-0.018142,-3.215564,0.620000,0.940000,0.240000,0.100000,-0.800000,0.422531
607,1.402087,1.092661,-16.569111,0.423565,-0.016454,-3.216773,0.620000,0.920000,0.240000,0.100000,-0.800000,0.423565
608,1.399452,1.095982,-16.601278,0.424531,-0.014797,-3.215801,0.600000,0.880000,0.300000,0.100000,-0.800000,0.424531
609,1.396906,1.099382,-16.633436,0.425431,-0.013177,-3.212869,0.600000,0.860000,0.340000,0.100000,-0.800000,0.425431
610,1.394453,1.102860,-16.665565,0.426265,-0.011600,-3.208175,0.540000,0.780000,0.340000,0.100000,-0.800000,0.426265
611,1.392095,1.106413,-16.697647,0.427035,-0.010071,-3.201904,0.540000,0.760000,1.000000,0.100000,-0.800000,0.427035
612,1.389835,1.110038,-16.729666,0.427744,-0.008595,-3.194228,0.540000,0.760000,1.000000,0.100000,-0.800000,0.427744
613,1.387675,1.113731,-16.761608,0.428393,-0.007177,-3.185306,0.520000,0.740000,1.000000,0.100000,-0.800000,0.428393
614,1.385620,1.117490,-16.793461,0.428985,-0.005818,-3.175286,0.480000,0.720000,1.000000,0.100000,-0.800000,0.428985
615,1.383670,1.121312,-16.825214,0.429522,-0.004523,-3.164305,0.480000,0.660000,0.960000,0.100000,-0.800000,0.429522
616,1.381829,1.125193,-16.856857,0.430008,-0.003294,-3.152493,0.480000,0.640000,0.920000,0.100000,-0.800000,0.430008
617,1.380098,1.129129,-16.888382,0.430444,-0.002133,-3.139972,0.460000,0.640000,0.900000,0.100000,-0.900000,0.430444
618,1.378480,1.133118,-16.919782,0.429999,-0.000521,-3.104587,0.460000,0.580000,0.880000,0.100000,-0.900000,0.429999
619,1.376974,1.137146,-16.950828,0.429493,0.000901,-3.068705,0.460000,0.580000,0.840000,0.100000,-0.900000,0.429493
620,1.375582,1.141209,-16.981515,0.428935,0.002135,-3.032590,0.420000,0.560000,0.820000,0.100000,-0.900000,0.428935
621,1.374305,1.145304,-17.011841,0.428332,0.003185,-2.996484,0.420000,0.520000,0.740000,0.100000,-0.900000,0.428332
622,1.373145,1.149427,-17.041805,0.427691,0.004056,-2.960617,0.420000,0.500000,0.740000,0.100000,-0.900000,0.427691
623,1.372102,1.153575,-17.071412,0.427019,0.004755,-2.925206,0.420000,0.500000,0.720000,0.100000,-0.900000,0.427019
624,1.371176,1.157744,-17.100664,0.426322,0.005288,-2.890451,0.400000,0.500000,0.700000,0.100000,-0.900000,0.426322
625,1.370369,1.161930,-17.129568,0.425607,0.005662,-2.856543,0.400000,0.480000,0.680000,0.100000,-0.900000,0.425607
626,1.369680,1.166131,-17.158134,0.424879,0.005886,-2.823659,0.400000,0.440000,0.620000,0.100000,-0.900000,0.424879
627,1.369110,1.170342,-17.186370,0.424143,0.005969,-2.791963,0.400000,0.440000,0.620000,0.100000,-0.900000,0.424143
628,1.368660,1.174559,-17.214290,0.423403,0.005919,-2.761608,0.380000,0.440000,0.600000,0.100000,-0.900000,0.423403
629,1.368328,1.178781,-17.241906,0.422664,0.005748,-2.732732,0.360000,0.420000,0.540000,0.100000,-0.900000,0.422664
630,1.368115,1.183002,-17.269233,0.421930,0.005464,-2.705460,0.320000,0.420000,0.540000,0.100000,-1.000000,0.421930
631,1.368020,1.187221,-17.296288,0.420519,0.005783,-2.649745,0.320000,0.420000,0.520000,0.100000,-1.000000,0.420519
632,1.368036,1.191427,-17.322785,0.419098,0.005869,-2.596148,0.320000,0.420000,0.520000,0.100000,-1.000000,0.419098
633,1.368161,1.195616,-17.348747,0.417675,0.005739,-2.544980,0.320000,0.380000,0.480000,0.100000,-1.000000,0.417675
634,1.368396,1.199787,-17.374197,0.416256,0.005411,-2.496528,0.320000,0.380000,0.460000,0.100000,-1.000000,0.416256
635,1.368739,1.203935,-17.399162,0.414846,0.004904,-2.451054,0.320000,0.360000,0.460000,0.100000,-1.000000,0.414846
636,1.369189,1.208060,-17.423672,0.413449,0.004237,-2.408787,0.320000,0.360000,0.460000,0.100000,-1.000000,0.413449
637,1.369744,1.212157,-17.447760,0.412071,0.003431,-2.369927,0.300000,0.360000,0.440000,0.100000,-1.000000,0.412071
638,1.370403,1.216225,-17.471459,0.410713,0.002504,-2.334633,0.280000,0.360000,0.440000,0.100000,-1.000000,0.410713
639,1.371165,1.220261,-17.494806,0.409378,0.001477,-2.303026,0.280000,0.360000,0.400000,0.100000,-1.000000,0.409378
640,1.372028,1.224262,-17.517836,0.408068,0.000367,-2.275184,0.260000,0.360000,0.400000,0.100000,-1.000000,0.408068
641,1.372991,1.228228,-17.540588,0.406786,-0.000808,-2.251140,0.260000,0.360000,0.380000,0.100000,-1.000000,0.406786
642,1.374052,1.232155,-17.563099,0.405531,-0.002030,-2.230883,0.240000,0.360000,0.380000,0.100000,-1.000000,0.405531
643,1.375209,1.236042,-17.585408,0.404305,-0.003283,-2.214354,0.240000,0.340000,0.380000,0.100000,-1.000000,0.404305
644,1.376461,1.239886,-17.607552,0.403110,-0.004553,-2.201454,0.240000,0.320000,0.380000,0.100000,-1.000000,0.403110
645,1.377805,1.243687,-17.629566,0.401944,-0.005827,-2.192045,0.220000,0.300000,0.380000,0.100000,-1.000000,0.401944
646,1.379241,1.247441,-17.651487,0.400809,-0.007093,-2.185950,0.220000,0.280000,0.380000,0.100000,-1.000000,0.400809
647,1.380767,1.251148,-17.673346,0.399704,-0.008340,-2.182966,0.220000,0.260000,0.340000,0.100000,-1.000000,0.399704
648,1.382381,1.254806,-17.695176,0.398630,-0.009561,-2.182862,0.220000,0.260000,0.320000,0.100000,-1.000000,0.398630
649,1.384080,1.258413,-17.717004,0.397586,-0.010747,-2.185391,0.220000,0.260000,0.320000,0.100000,-1.000000,0.397586
650,1.385865,1.261968,-17.738858,0.396571,-0.011892,-2.190293,0.220000,0.260000,0.320000,0.100000,-1.000000,0.396571
651,1.387732,1.265468,-17.760761,0.395587,-0.012993,-2.197301,0.220000,0.260000,0.320000,0.100000,-1.000000,0.395587
652,1.389681,1.268913,-17.782734,0.394631,-0.014044,-2.206148,0.240000,0.260000,0.320000,0.100000,-1.000000,0.394631
653,1.391710,1.272301,-17.804796,0.393703,-0.015045,-2.216573,0.220000,0.260000,0.320000,0.100000,-1.000000,0.393703
654,1.393817,1.275630,-17.826961,0.392804,-0.015993,-2.228321,0.220000,0.240000,0.320000,0.100000,-1.000000,0.392804
655,1.396000,1.278899,-17.849245,0.391931,-0.016888,-2.241150,0.220000,0.240000,0.320000,0.100000,-1.000000,0.391931
656,1.398259,1.282107,-17.871656,0.391084,-0.017730,-2.254833,0.200000,0.220000,0.320000,0.100000,-1.000000,0.391084
657,1.400591,1.285251,-17.894205,0.390263,-0.018519,-2.269160,0.200000,0.220000,0.320000,0.100000,-1.000000,0.390263
658,1.402996,1.288331,-17.916896,0.389466,-0.019256,-2.283937,0.200000,0.200000,0.280000,0.100000,-1.000000,0.389466
659,1.405470,1.291344,-17.939735,0.388693,-0.019944,-2.298990,0.200000,0.200000,0.260000,0.100000,-1.000000,0.388693
660,1.408014,1.294290,-17.962725,0.387943,-0.020584,-2.314166,0.180000,0.180000,0.240000,0.100000,-1.000000,0.387943
661,1.410625,1.297167,-17.985867,0.387214,-0.021177,-2.329326,0.180000,0.180000,0.220000,0.100000,-1.000000,0.387214
662,1.413301,1.299973,-18.009160,0.386506,-0.021728,-2.344353,0.180000,0.180000,0.220000,0.100000,-1.000000,0.386506
663,1.416042,1.302707,-18.032604,0.385817,-0.022237,-2.359145,0.180000,0.180000,0.220000,0.100000,-1.000000,0.385817
664,1.418845,1.305368,-18.056195,0.385147,-0.022707,-2.373618,0.180000,0.180000,0.220000,0.100000,-1.000000,0.385147
665,1.421708,1.307954,-18.079931,0.384495,-0.023142,-2.387700,0.200000,0.180000,0.220000,0.100000,-1.000000,0.384495
666,1.424630,1.310463,-18.103808,0.383860,-0.023544,-2.401336,0.200000,0.180000,0.220000,0.100000,-1.000000,0.383860
667,1.427610,1.312895,-18.127822,0.383241,-0.023914,-2.414482,0.200000,0.180000,0.220000,0.100000,-1.000000,0.383241
668,1.430645,1.315247,-18.151967,0.382637,-0.024256,-2.427104,0.200000,0.180000,0.200000,0.100000,-1.000000,0.382637
669,1.433733,1.317519,-18.176238,0.382047,-0.024572,-2.439180,0.200000,0.180000,0.180000,0.100000,-1.000000,0.382047
670,1.436873,1.319710,-18.200630,0.381470,-0.024865,-2.450697,0.180000,0.180000,0.180000,0.100000,-1.000000,0.381470
671,1.440063,1.321817,-18.225136,0.380906,-0.025136,-2.461647,0.180000,0.160000,0.160000,0.100000,-1.000000,0.380906
672,1.443300,1.323840,-18.249753,0.380354,-0.025388,-2.472032,0.180000,0.160000,0.160000,0.100000,-1.000000,0.380354
673,1.446583,1.325777,-18.274473,0.379814,-0.025623,-2.481856,0.180000,0.160000,0.140000,0.100000,-1.000000,0.379814
674,1.449909,1.327628,-18.299292,0.379284,-0.025842,-2.491131,0.180000,0.160000,0.140000,0.100000,-1.000000,0.379284
675,1.453277,1.329391,-18.324203,0.378764,-0.026047,-2.499872,0.160000,0.140000,0.140000,0.100000,-1.000000,0.378764
676,1.456685,1.331065,-18.349202,0.378253,-0.026241,-2.508096,0.160000,0.140000,0.140000,0.100000,-1.000000,0.378253
677,1.460130,1.332650,-18.374283,0.377752,-0.026424,-2.515824,0.160000,0.140000,0.140000,0.100000,-1.000000,0.377752
678,1.463609,1.334143,-18.399441,0.377259,-0.026597,-2.523079,0.160000,0.140000,0.140000,0.100000,-1.000000,0.377259
679,1.467122,1.335545,-18.424672,0.376774,-0.026763,-2.529883,0.160000,0.140000,0.140000,0.100000,-1.000000,0.376774
680,1.470665,1.336854,-18.449971,0.376298,-0.026922,-2.536262,0.160000,0.140000,0.140000,0.100000,-1.000000,0.376298
681,1.474236,1.338070,-18.475333,0.375828,-0.027075,-2.542241,0.160000,0.140000,0.140000,0.100000,-1.000000,0.375828
682,1.477833,1.339192,-18.500756,0.375366,-0.027223,-2.547847,0.140000,0.160000,0.140000,0.100000,-1.000000,0.375366
683,1.481454,1.340219,-18.526234,0.374911,-0.027367,-2.553103,0.140000,0.160000,0.140000,0.100000,-1.000000,0.374911
684,1.485096,1.341151,-18.551765,0.374462,-0.027508,-2.558037,0.140000,0.140000,0.120000,0.100000,-1.000000,0.374462
685,1.488756,1.341987,-18.577346,0.374021,-0.027646,-2.562671,0.140000,0.140000,0.120000,0.100000,-1.000000,0.374021
686,1.492433,1.342726,-18.602972,0.373585,-0.027781,-2.567031,0.140000,0.140000,0.120000,0.100000,-1.000000,0.373585
687,1.496124,1.343368,-18.628643,0.373155,-0.027916,-2.571140,0.140000,0.140000,0.100000,0.100000,-1.000000,0.373155
688,1.499826,1.343914,-18.654354,0.372732,-0.028048,-2.575019,0.140000,0.140000,0.100000,0.100000,-1.000000,0.372732
689,1.503537,1.344361,-18.680104,0.372314,-0.028180,-2.578689,0.120000,0.120000,0.100000,0.100000,-1.000000,0.372314
690,1.507254,1.344712,-18.705891,0.371902,-0.028312,-2.582171,0.120000,0.120000,0.100000,0.100000,-1.000000,0.371902
691,1.510975,1.344964,-18.731713,0.371496,-0.028442,-2.585483,0.120000,0.120000,0.100000,0.100000,-1.000000,0.371496
692,1.514698,1.345118,-18.757568,0.371096,-0.028573,-2.588643,0.120000,0.120000,0.120000,0.100000,-1.000000,0.371096
693,1.518420,1.345175,-18.783454,0.370701,-0.028703,-2.591667,0.120000,0.120000,0.120000,0.100000,-1.000000,0.370701
694,1.522138,1.345133,-18.809371,0.370312,-0.028833,-2.594570,0.160000,0.120000,0.120000,0.100000,-1.000000,0.370312
695,1.525849,1.344994,-18.835316,0.369928,-0.028964,-2.597367,0.160000,0.100000,0.120000,0.100000,-1.000000,0.369928
696,1.529552,1.344757,-18.861290,0.369550,-0.029094,-2.600069,0.160000,0.100000,0.120000,0.100000,-1.000000,0.369550
697,1.533244,1.344422,-18.887291,0.369177,-0.029224,-2.602688,0.160000,0.100000,0.100000,0.100000,-1.000000,0.369177
698,1.536922,1.343991,-18.913318,0.368810,-0.029355,-2.605235,0.160000,0.100000,0.100000,0.100000,-1.000000,0.368810
699,1.540584,1.343463,-18.939370,0.368448,-0.029485,-2.607720,0.160000,0.100000,0.100000,0.100000,-1.000000,0.368448
700,1.544227,1.342839,-18.965447,0.368091,-0.029615,-2.610150,0.140000,0.100000,0.100000,0.100000,-1.000000,0.368091
701,1.547849,1.342119,-18.991549,0.367740,-0.029745,-2.612533,0.140000,0.100000,0.100000,0.100000,-1.000000,0.367740
702,1.551448,1.341304,-19.017674,0.367394,-0.029875,-2.614876,0.140000,0.080000,0.100000,0.100000,-1.000000,0.367394
703,1.555020,1.340395,-19.043823,0.367054,-0.030005,-2.617184,0.140000,0.080000,0.080000,0.100000,-1.000000,0.367054
704,1.558563,1.339392,-19.069995,0.366718,-0.030134,-2.619463,0.140000,0.080000,0.080000,0.100000,-1.000000,0.366718
705,1.562076,1.338296,-19.096189,0.366388,-0.030263,-2.621715,0.140000,0.080000,0.080000,0.100000,-1.000000,0.366388
706,1.565555,1.337108,-19.122406,0.366063,-0.030391,-2.623946,0.140000,0.080000,0.080000,0.100000,-1.000000,0.366063
707,1.568998,1.335829,-19.148646,0.365744,-0.030518,-2.626158,0.140000,0.080000,0.080000,0.100000,-1.000000,0.365744
708,1.572403,1.334460,-19.174907,0.365430,-0.030645,-2.628352,0.140000,0.080000,0.080000,0.100000,-1.000000,0.365430
709,1.575768,1.333001,-19.201191,0.365120,-0.030771,-2.630532,0.140000,0.120000,0.060000,0.100000,-1.000000,0.365120
710,1.579090,1.331455,-19.227496,0.364817,-0.030895,-2.632699,0.140000,0.120000,0.060000,0.100000,-1.000000,0.364817
711,1.582367,1.329821,-19.253823,0.364518,-0.031019,-2.634853,0.140000,0.060000,0.060000,0.100000,-1.000000,0.364518
712,1.585596,1.328102,-19.280172,0.364224,-0.031142,-2.636995,0.140000,0.120000,0.060000,0.100000,-1.000000,0.364224
713,1.588776,1.326299,-19.306542,0.363935,-0.031263,-2.639125,0.140000,0.100000,0.060000,0.100000,-1.000000,0.363935
714,1.591904,1.324413,-19.332933,0.363652,-0.031383,-2.641245,0.200000,0.100000,0.060000,0.100000,-1.000000,0.363652
715,1.594978,1.322445,-19.359345,0.363373,-0.031502,-2.643352,0.200000,0.100000,0.060000,0.100000,-1.000000,0.363373
716,1.597996,1.320397,-19.385779,0.363099,-0.031619,-2.645449,0.200000,0.100000,0.060000,0.100000,-1.000000,0.363099
717,1.600955,1.318270,-19.412234,0.362830,-0.031735,-2.647532,0.200000,0.100000,0.060000,0.100000,-1.000000,0.362830
718,1.603855,1.316066,-19.438709,0.362566,-0.031850,-2.649603,0.200000,0.100000,0.040000,0.100000,-1.000000,0.362566
719,1.606692,1.313786,-19.465205,0.362307,-0.031963,-2.651661,0.220000,0.100000,0.040000,0.100000,-1.000000,0.362307
720,1.609466,1.311433,-19.491721,0.362053,-0.032074,-2.653704,0.220000,0.100000,0.080000,0.100000,-1.000000,0.362053
721,1.612173,1.309008,-19.518259,0.361803,-0.032183,-2.655732,0.220000,0.100000,0.080000,0.100000,-1.000000,0.361803
722,1.614812,1.306512,-19.544816,0.361558,-0.032291,-2.657743,0.220000,0.100000,0.080000,0.100000,-1.000000,0.361558
723,1.617382,1.303948,-19.571393,0.361317,-0.032398,-2.659738,0.240000,0.100000,0.080000,0.100000,-1.000000,0.361317
724,1.619880,1.301317,-19.597991,0.361081,-0.032502,-2.661715,0.240000,0.100000,0.080000,0.100000,-1.000000,0.361081
725,1.622304,1.298622,-19.624608,0.360849,-0.032605,-2.663674,0.240000,0.100000,0.080000,0.100000,-1.000000,0.360849
726,1.624654,1.295864,-19.651245,0.360622,-0.032707,-2.665613,0.260000,0.100000,0.080000,0.100000,-1.000000,0.360622
727,1.626927,1.293046,-19.677901,0.360399,-0.032806,-2.667531,0.260000,0.100000,0.080000,0.100000,-1.000000,0.360399
728,1.629122,1.290168,-19.704576,0.360181,-0.032904,-2.669428,0.280000,0.160000,0.080000,0.100000,-1.000000,0.360181
729,1.631237,1.287234,-19.731270,0.359966,-0.033000,-2.671304,0.300000,0.160000,0.080000,0.100000,-1.000000,0.359966
730,1.633271,1.284246,-19.757983,0.359756,-0.033094,-2.673157,0.320000,0.160000,0.080000,0.100000,-1.000000,0.359756
731,1.635223,1.281206,-19.784715,0.359550,-0.033187,-2.674986,0.340000,0.160000,0.080000,0.100000,-1.000000,0.359550
732,1.637090,1.278116,-19.811465,0.359348,-0.033277,-2.676792,0.360000,0.160000,0.080000,0.100000,-0.900000,0.359348
733,1.638873,1.274978,-19.838233,0.359917,-0.033981,-2.704871,0.400000,0.180000,0.080000,0.100000,-0.900000,0.359917
734,1.640568,1.271784,-19.865281,0.360523,-0.034570,-2.732247,0.440000,0.180000,0.080000,0.100000,-0.900000,0.360523
735,1.642174,1.268538,-19.892604,0.361162,-0.035051,-2.758702,0.500000,0.180000,0.080000,0.100000,-0.800000,0.361162
736,1.643690,1.265242,-19.920191,0.362764,-0.035820,-2.800710,0.840000,0.180000,0.120000,0.100000,-0.700000,0.362764
737,1.645115,1.261887,-19.948198,0.365530,-0.036447,-2.843048,1.000000,0.200000,0.060000,0.100000,-0.700000,0.365530
738,1.646453,1.258465,-19.976628,0.368343,-0.036845,-2.883707,1.000000,0.200000,0.120000,0.100000,-0.700000,0.368343
739,1.647702,1.254981,-20.005465,0.371191,-0.037030,-2.922462,1.000000,0.220000,0.120000,0.100000,-0.700000,0.371191
740,1.648859,1.251434,-20.034690,0.374065,-0.037020,-2.959161,1.000000,0.220000,0.140000,0.100000,-0.700000,0.374065
741,1.649923,1.247829,-20.064282,0.376954,-0.036829,-2.993708,1.000000,0.240000,0.140000,0.100000,-0.700000,0.376954
742,1.650892,1.244168,-20.094219,0.379847,-0.036471,-3.026057,1.000000,0.260000,0.140000,0.100000,-0.700000,0.379847
743,1.651763,1.240453,-20.124479,0.382736,-0.035962,-3.056194,1.000000,0.280000,0.140000,0.100000,-0.700000,0.382736
744,1.652535,1.236687,-20.155041,0.385612,-0.035313,-3.084138,1.000000,0.300000,0.140000,0.100000,-0.700000,0.385612
745,1.653206,1.232873,-20.185883,0.388467,-0.034537,-3.109923,1.000000,0.340000,0.160000,0.100000,-0.700000,0.388467
746,1.653772,1.229014,-20.216982,0.391294,-0.033644,-3.133601,1.000000,0.400000,0.160000,0.100000,-0.700000,0.391294
747,1.654233,1.225114,-20.248318,0.394086,-0.032647,-3.155236,1.000000,0.460000,0.160000,0.100000,-0.700000,0.394086
748,1.654586,1.221175,-20.279870,0.396837,-0.031554,-3.174896,1.000000,1.000000,0.180000,0.100000,-0.700000,0.396837
749,1.654829,1.217202,-20.311619,0.399542,-0.030376,-3.192654,1.000000,1.000000,0.180000,0.100000,-0.700000,0.399542
750,1.654961,1.213197,-20.343546,0.402195,-0.029121,-3.208588,0.920000,1.000000,0.200000,0.100000,-0.700000,0.402195
751,1.654979,1.209165,-20.375632,0.404793,-0.027798,-3.222773,0.900000,1.000000,0.200000,0.100000,-0.700000,0.404793
752,1.654883,1.205108,-20.407859,0.407332,-0.026414,-3.235287,0.860000,1.000000,0.220000,0.100000,-0.700000,0.407332
753,1.654669,1.201032,-20.440212,0.409807,-0.024978,-3.246206,0.800000,1.000000,0.240000,0.100000,-0.700000,0.409807
754,1.654338,1.196940,-20.472674,0.412218,-0.023495,-3.255603,0.740000,1.000000,0.280000,0.100000,-0.700000,0.412218
755,1.653888,1.192836,-20.505230,0.414560,-0.021974,-3.263552,0.680000,1.000000,0.300000,0.100000,-0.800000,0.414560
756,1.653318,1.188723,-20.537866,0.415782,-0.020269,-3.263629,0.640000,1.000000,0.340000,0.100000,-0.800000,0.415782
757,1.652629,1.184618,-20.570502,0.416933,-0.018594,-3.261644,0.640000,1.000000,0.400000,0.100000,-0.800000,0.416933
758,1.651821,1.180523,-20.603119,0.418013,-0.016955,-3.257807,0.640000,1.000000,0.720000,0.100000,-0.800000,0.418013
759,1.650895,1.176444,-20.635697,0.419025,-0.015358,-3.252309,0.600000,1.000000,1.000000,0.100000,-0.800000,0.419025
760,1.649849,1.172383,-20.668220,0.419969,-0.013807,-3.245326,0.580000,0.980000,1.000000,0.100000,-0.800000,0.419969
761,1.648685,1.168346,-20.700673,0.420848,-0.012307,-3.237021,0.560000,0.880000,1.000000,0.100000,-0.800000,0.420848
762,1.647403,1.164336,-20.733043,0.421664,-0.010862,-3.227546,0.520000,0.860000,1.000000,0.100000,-0.800000,0.421664
763,1.646002,1.160357,-20.765319,0.422420,-0.009475,-3.217039,0.500000,0.820000,1.000000,0.100000,-0.800000,0.422420
764,1.644484,1.156413,-20.797489,0.423117,-0.008149,-3.205632,0.480000,0.760000,1.000000,0.100000,-0.800000,0.423117
765,1.642851,1.152510,-20.829545,0.423759,-0.006885,-3.193446,0.460000,0.700000,1.000000,0.100000,-0.900000,0.423759
766,1.641101,1.148649,-20.861480,0.423499,-0.005186,-3.159172,0.460000,0.640000,1.000000,0.100000,-0.900000,0.423499
767,1.639246,1.144842,-20.893072,0.423172,-0.003669,-3.124292,0.440000,0.600000,1.000000,0.100000,-0.900000,0.423172
768,1.637287,1.141091,-20.924314,0.422786,-0.002332,-3.089067,0.420000,0.600000,1.000000,0.100000,-0.900000,0.422786
769,1.635225,1.137400,-20.955205,0.422348,-0.001171,-3.053743,0.400000,0.600000,1.000000,0.100000,-0.900000,0.422348
770,1.633062,1.133772,-20.985743,0.421866,-0.000183,-3.018547,0.400000,0.580000,0.980000,0.100000,-0.900000,0.421866
771,1.630800,1.130211,-21.015928,0.421346,0.000638,-2.983693,0.380000,0.560000,0.940000,0.100000,-0.900000,0.421346
772,1.628442,1.126720,-21.045765,0.420795,0.001297,-2.949381,0.380000,0.520000,0.820000,0.100000,-0.900000,0.420795
773,1.625989,1.123300,-21.075259,0.420219,0.001803,-2.915799,0.360000,0.500000,0.820000,0.100000,-0.900000,0.420219
774,1.623444,1.119957,-21.104417,0.419624,0.002161,-2.883121,0.360000,0.480000,0.800000,0.100000,-0.900000,0.419624
775,1.620809,1.116691,-21.133248,0.419014,0.002380,-2.851509,0.340000,0.460000,0.740000,0.100000,-1.000000,0.419014
776,1.618086,1.113506,-21.161763,0.417701,0.003164,-2.791374,0.340000,0.440000,0.680000,0.100000,-1.000000,0.417701
777,1.615289,1.110404,-21.189677,0.416362,0.003686,-2.732849,0.340000,0.440000,0.620000,0.100000,-1.000000,0.416362
778,1.612419,1.107387,-21.217005,0.415006,0.003961,-2.676279,0.320000,0.420000,0.580000,0.100000,-1.000000,0.415006
779,1.609479,1.104457,-21.243768,0.413641,0.004006,-2.621989,0.320000,0.400000,0.560000,0.100000,-1.000000,0.413641
780,1.606472,1.101616,-21.269988,0.412273,0.003840,-2.570283,0.320000,0.380000,0.560000,0.100000,-1.000000,0.412273
781,1.603401,1.098865,-21.295691,0.410910,0.003480,-2.521440,0.320000,0.380000,0.560000,0.100000,-1.000000,0.410910
782,1.600269,1.096206,-21.320905,0.409556,0.002946,-2.475713,0.300000,0.360000,0.540000,0.100000,-1.000000,0.409556
783,1.597078,1.093639,-21.345662,0.408215,0.002258,-2.433324,0.300000,0.360000,0.520000,0.100000,-1.000000,0.408215
784,1.593830,1.091165,-21.369996,0.406892,0.001436,-2.394461,0.300000,0.340000,0.500000,0.100000,-1.000000,0.406892
785,1.590530,1.088785,-21.393940,0.405589,0.000498,-2.359272,0.300000,0.340000,0.480000,0.100000,-1.000000,0.405589
786,1.587179,1.086500,-21.417533,0.404309,-0.000536,-2.327865,0.280000,0.340000,0.460000,0.100000,-1.000000,0.404309
787,1.583780,1.084311,-21.440812,0.403054,-0.001647,-2.300303,0.280000,0.320000,0.440000,0.100000,-1.000000,0.403054
788,1.580336,1.082217,-21.463815,0.401826,-0.002817,-2.276605,0.280000,0.320000,0.420000,0.100000,-1.000000,0.401826
789,1.576849,1.080219,-21.486581,0.400626,-0.004030,-2.256742,0.280000,0.300000,0.400000,0.100000,-1.000000,0.400626
790,1.573323,1.078318,-21.509148,0.399455,-0.005270,-2.240640,0.280000,0.300000,0.400000,0.100000,-1.000000,0.399455
791,1.569759,1.076513,-21.531554,0.398314,-0.006524,-2.228186,0.260000,0.300000,0.380000,0.100000,-1.000000,0.398314
792,1.566160,1.074804,-21.553836,0.397202,-0.007777,-2.219222,0.260000,0.280000,0.360000,0.100000,-1.000000,0.397202
793,1.562529,1.073193,-21.576029,0.396121,-0.009019,-2.213562,0.260000,0.280000,0.360000,0.100000,-1.000000,0.396121
794,1.558868,1.071678,-21.598164,0.395070,-0.010241,-2.210986,0.260000,0.280000,0.340000,0.100000,-1.000000,0.395070
795,1.555179,1.070259,-21.620274,0.394049,-0.011434,-2.211255,0.260000,0.280000,0.340000,0.100000,-1.000000,0.394049
796,1.551465,1.068938,-21.642387,0.393058,-0.012590,-2.214112,0.260000,0.260000,0.320000,0.100000,-1.000000,0.393058
797,1.547728,1.067713,-21.664528,0.392097,-0.013705,-2.219289,0.240000,0.260000,0.320000,0.100000,-1.000000,0.392097
798,1.543970,1.066585,-21.686721,0.391166,-0.014774,-2.226516,0.240000,0.260000,0.300000,0.100000,-1.000000,0.391166
799,1.540194,1.065553,-21.708986,0.390263,-0.015794,-2.235524,0.240000,0.260000,0.300000,0.100000,-1.000000,0.390263
800,1.536402,1.064618,-21.731341,0.389389,-0.016763,-2.246048,0.240000,0.240000,0.280000,0.100000,-1.000000,0.389389
801,1.532596,1.063780,-21.753801,0.388542,-0.017679,-2.257835,0.240000,0.240000,0.280000,0.100000,-1.000000,0.388542
802,1.528778,1.063038,-21.776380,0.387722,-0.018543,-2.270646,0.240000,0.240000,0.280000,0.100000,-1.000000,0.387722
803,1.524950,1.062393,-21.799086,0.386928,-0.019354,-2.284255,0.240000,0.240000,0.260000,0.100000,-1.000000,0.386928
804,1.521115,1.061844,-21.821929,0.386159,-0.020114,-2.298457,0.240000,0.240000,0.260000,0.100000,-1.000000,0.386159
805,1.517275,1.061392,-21.844913,0.385415,-0.020823,-2.313063,0.220000,0.220000,0.260000,0.100000,-1.000000,0.385415
806,1.513431,1.061037,-21.868044,0.384694,-0.021483,-2.327905,0.220000,0.220000,0.240000,0.100000,-1.000000,0.384694
807,1.509587,1.060777,-21.891323,0.383995,-0.022096,-2.342832,0.220000,0.220000,0.240000,0.100000,-1.000000,0.383995
808,1.505744,1.060615,-21.914751,0.383318,-0.022665,-2.357713,0.220000,0.220000,0.240000,0.100000,-1.000000,0.383318
809,1.501905,1.060548,-21.938328,0.382662,-0.023191,-2.372434,0.220000,0.220000,0.220000,0.100000,-1.000000,0.382662
810,1.498071,1.060578,-21.962053,0.382024,-0.023678,-2.386900,0.220000,0.200000,0.220000,0.100000,-1.000000,0.382024
811,1.494246,1.060703,-21.985922,0.381406,-0.024126,-2.401029,0.260000,0.200000,0.220000,0.100000,-1.000000,0.381406
812,1.490431,1.060924,-22.009932,0.380804,-0.024540,-2.414755,0.260000,0.200000,0.220000,0.100000,-1.000000,0.380804
813,1.486628,1.061241,-22.034080,0.380220,-0.024922,-2.428027,0.260000,0.200000,0.200000,0.100000,-1.000000,0.380220
814,1.482840,1.061653,-22.058360,0.379650,-0.025274,-2.440804,0.260000,0.200000,0.200000,0.100000,-1.000000,0.379650
815,1.479069,1.062161,-22.082768,0.379096,-0.025598,-2.453055,0.300000,0.200000,0.200000,0.100000,-1.000000,0.379096
816,1.475317,1.062762,-22.107299,0.378556,-0.025897,-2.464761,0.300000,0.200000,0.200000,0.100000,-1.000000,0.378556
817,1.471587,1.063458,-22.131946,0.378029,-0.026173,-2.475910,0.300000,0.180000,0.200000,0.100000,-1.000000,0.378029
818,1.467881,1.064248,-22.156705,0.377514,-0.026429,-2.486497,0.300000,0.180000,0.180000,0.100000,-1.000000,0.377514
819,1.464201,1.065131,-22.181570,0.377011,-0.026665,-2.496525,0.340000,0.180000,0.180000,0.100000,-1.000000,0.377011
820,1.460550,1.066106,-22.206535,0.376518,-0.026885,-2.506000,0.400000,0.180000,0.180000,0.100000,-0.900000,0.376518
821,1.456929,1.067174,-22.231595,0.376772,-0.027740,-2.542722,0.400000,0.180000,0.180000,0.100000,-0.900000,0.376772
822,1.453336,1.068340,-22.257023,0.377067,-0.028461,-2.578183,1.000000,0.180000,0.180000,0.100000,-0.700000,0.377067
823,1.449772,1.069606,-22.282805,0.379326,-0.029680,-2.638808,1.000000,0.180000,0.180000,0.100000,-0.700000,0.379326
824,1.446225,1.070981,-22.309193,0.381661,-0.030604,-2.696768,1.000000,0.180000,0.160000,0.100000,-0.700000,0.381661
825,1.442695,1.072465,-22.336160,0.384062,-0.031253,-2.751768,1.000000,0.180000,0.160000,0.100000,-0.700000,0.384062
826,1.439186,1.074058,-22.363678,0.386516,-0.031649,-2.803614,1.000000,0.220000,0.160000,0.100000,-0.700000,0.386516
827,1.435702,1.075759,-22.391714,0.389012,-0.031812,-2.852202,1.000000,0.220000,0.160000,0.100000,-0.700000,0.389012
828,1.432243,1.077569,-22.420236,0.391538,-0.031761,-2.897496,1.000000,0.220000,0.160000,0.100000,-0.700000,0.391538
829,1.428815,1.079487,-22.449211,0.394083,-0.031513,-2.939513,0.980000,0.260000,0.160000,0.100000,-0.700000,0.394083
830,1.425420,1.081512,-22.478606,0.396637,-0.031086,-2.978311,0.940000,0.260000,0.160000,0.100000,-0.700000,0.396637
831,1.422061,1.083645,-22.508389,0.399189,-0.030496,-3.013977,0.920000,0.260000,0.140000,0.100000,-0.700000,0.399189
832,1.418742,1.085884,-22.538529,0.401731,-0.029758,-3.046619,0.900000,0.300000,0.140000,0.100000,-0.700000,0.401731
833,1.415467,1.088229,-22.568995,0.404253,-0.028887,-3.076357,0.820000,0.360000,0.140000,0.100000,-0.700000,0.404253
834,1.412238,1.090679,-22.599759,0.406749,-0.027895,-3.103321,0.800000,0.360000,0.140000,0.100000,-0.700000,0.406749
835,1.409061,1.093233,-22.630792,0.409211,-0.026795,-3.127643,0.780000,1.000000,0.140000,0.100000,-0.700000,0.409211
836,1.405938,1.095891,-22.662068,0.411632,-0.025600,-3.149458,0.760000,1.000000,0.180000,0.100000,-0.700000,0.411632
837,1.402873,1.098650,-22.693563,0.414007,-0.024319,-3.168897,0.740000,1.000000,0.180000,0.100000,-0.700000,0.414007
838,1.399870,1.101511,-22.725252,0.416331,-0.022963,-3.186090,0.680000,1.000000,0.180000,0.100000,-0.800000,0.416331
839,1.396933,1.104470,-22.757113,0.417553,-0.021380,-3.194250,0.680000,0.980000,0.180000,0.100000,-0.800000,0.417553
840,1.394071,1.107519,-22.789055,0.418715,-0.019801,-3.199779,0.660000,0.960000,0.220000,0.100000,-0.800000,0.418715
841,1.391290,1.110655,-22.821053,0.419815,-0.018234,-3.202919,0.600000,0.920000,0.220000,0.100000,-0.800000,0.419815
842,1.388591,1.113876,-22.853082,0.420852,-0.016685,-3.203894,0.600000,0.900000,0.220000,0.100000,-0.800000,0.420852
843,1.385978,1.117179,-22.885121,0.421828,-0.015163,-3.202909,0.580000,0.860000,0.280000,0.100000,-0.800000,0.421828
844,1.383454,1.120562,-22.917150,0.422742,-0.013672,-3.200154,0.580000,0.840000,0.320000,0.100000,-0.800000,0.422742
845,1.381022,1.124023,-22.949152,0.423596,-0.012218,-3.195805,0.520000,0.760000,1.000000,0.100000,-0.800000,0.423596
846,1.378686,1.127559,-22.981110,0.424391,-0.010807,-3.190025,0.520000,0.740000,1.000000,0.100000,-0.800000,0.424391
847,1.376448,1.131166,-23.013010,0.425128,-0.009441,-3.182966,0.520000,0.740000,1.000000,0.100000,-0.800000,0.425128
848,1.374310,1.134842,-23.044840,0.425811,-0.008126,-3.174769,0.500000,0.720000,1.000000,0.100000,-0.800000,0.425811
849,1.372275,1.138583,-23.076588,0.426440,-0.006864,-3.165567,0.500000,0.700000,0.980000,0.100000,-0.800000,0.426440
850,1.370347,1.142387,-23.108243,0.427018,-0.005658,-3.155484,0.460000,0.640000,0.940000,0.100000,-0.900000,0.427018
851,1.368526,1.146250,-23.139798,0.426704,-0.004002,-3.122871,0.460000,0.620000,0.900000,0.100000,-0.900000,0.426704
852,1.366814,1.150159,-23.171027,0.426326,-0.002524,-3.089583,0.460000,0.620000,0.880000,0.100000,-0.900000,0.426326
853,1.365213,1.154110,-23.201923,0.425891,-0.001222,-3.055886,0.440000,0.560000,0.840000,0.100000,-0.900000,0.425891
854,1.363724,1.158100,-23.232482,0.425408,-0.000093,-3.022025,0.440000,0.560000,0.820000,0.100000,-0.900000,0.425408
855,1.362349,1.162126,-23.262702,0.424882,0.000868,-2.988231,0.440000,0.540000,0.800000,0.100000,-0.900000,0.424882
856,1.361088,1.166183,-23.292584,0.424321,0.001664,-2.954719,0.400000,0.540000,0.740000,0.100000,-0.900000,0.424321
857,1.359943,1.170269,-23.322131,0.423730,0.002302,-2.921691,0.400000,0.480000,0.720000,0.100000,-0.900000,0.423730
858,1.358914,1.174380,-23.351348,0.423116,0.002789,-2.889333,0.400000,0.480000,0.700000,0.100000,-0.900000,0.423116
859,1.358002,1.178512,-23.380242,0.422484,0.003131,-2.857823,0.400000,0.480000,0.680000,0.100000,-0.900000,0.422484
860,1.357208,1.182661,-23.408820,0.421839,0.003337,-2.827322,0.400000,0.460000,0.660000,0.100000,-0.900000,0.421839
861,1.356531,1.186825,-23.437093,0.421186,0.003414,-2.797981,0.400000,0.460000,0.600000,0.100000,-0.900000,0.421186
862,1.355973,1.191000,-23.465073,0.420529,0.003371,-2.769937,0.380000,0.420000,0.600000,0.100000,-0.900000,0.420529
863,1.355533,1.195182,-23.492772,0.419872,0.003218,-2.743313,0.380000,0.420000,0.580000,0.100000,-0.900000,0.419872
864,1.355210,1.199369,-23.520205,0.419219,0.002964,-2.718218,0.380000,0.420000,0.520000,0.100000,-0.900000,0.419219
865,1.355006,1.203556,-23.547387,0.418572,0.002618,-2.694748,0.360000,0.400000,0.520000,0.100000,-0.900000,0.418572
866,1.354919,1.207741,-23.574335,0.417934,0.002191,-2.672981,0.340000,0.400000,0.520000,0.100000,-1.000000,0.417934
867,1.354949,1.211920,-23.601065,0.416618,0.002392,-2.622984,0.320000,0.400000,0.500000,0.100000,-1.000000,0.416618
868,1.355088,1.216084,-23.627295,0.415296,0.002391,-2.575148,0.300000,0.400000,0.500000,0.100000,-1.000000,0.415296
869,1.355335,1.220230,-23.653046,0.413972,0.002203,-2.529746,0.300000,0.400000,0.440000,0.100000,-1.000000,0.413972
870,1.355690,1.224354,-23.678344,0.412651,0.001845,-2.487021,0.300000,0.360000,0.440000,0.100000,-1.000000,0.412651
871,1.356151,1.228455,-23.703214,0.411340,0.001335,-2.447188,0.300000,0.360000,0.440000,0.100000,-1.000000,0.411340
872,1.356717,1.232529,-23.727686,0.410040,0.000691,-2.410431,0.300000,0.340000,0.440000,0.100000,-1.000000,0.410040
873,1.357386,1.236575,-23.751790,0.408757,-0.000070,-2.376898,0.300000,0.340000,0.420000,0.100000,-1.000000,0.408757
874,1.358158,1.240589,-23.775559,0.407491,-0.000931,-2.346700,0.300000,0.340000,0.420000,0.100000,-1.000000,0.407491
875,1.359031,1.244569,-23.799026,0.406247,-0.001874,-2.319912,0.280000,0.340000,0.380000,0.100000,-1.000000,0.406247
876,1.360004,1.248514,-23.822225,0.405024,-0.002883,-2.296567,0.280000,0.340000,0.380000,0.100000,-1.000000,0.405024
877,1.361074,1.252420,-23.845191,0.403826,-0.003943,-2.276658,0.260000,0.340000,0.360000,0.100000,-1.000000,0.403826
878,1.362240,1.256286,-23.867957,0.402654,-0.005039,-2.260141,0.260000,0.340000,0.360000,0.100000,-1.000000,0.402654
879,1.363501,1.260111,-23.890559,0.401507,-0.006159,-2.246931,0.240000,0.340000,0.360000,0.100000,-1.000000,0.401507
880,1.364855,1.263891,-23.913028,0.400388,-0.007288,-2.236911,0.240000,0.320000,0.360000,0.100000,-1.000000,0.400388
881,1.366301,1.267626,-23.935397,0.399295,-0.008418,-2.229931,0.240000,0.300000,0.360000,0.100000,-1.000000,0.399295
882,1.367836,1.271313,-23.957696,0.398230,-0.009538,-2.225816,0.220000,0.280000,0.360000,0.100000,-1.000000,0.398230
883,1.369459,1.274950,-23.979955,0.397193,-0.010639,-2.224369,0.220000,0.260000,0.360000,0.100000,-1.000000,0.397193
884,1.371169,1.278537,-24.002198,0.396183,-0.011715,-2.225373,0.220000,0.260000,0.300000,0.100000,-1.000000,0.396183
885,1.372963,1.282071,-24.024452,0.395201,-0.012760,-2.228603,0.200000,0.240000,0.300000,0.100000,-1.000000,0.395201
886,1.374841,1.285551,-24.046738,0.394246,-0.013769,-2.233826,0.200000,0.240000,0.300000,0.100000,-1.000000,0.394246
887,1.376800,1.288975,-24.069076,0.393318,-0.014738,-2.240806,0.200000,0.240000,0.300000,0.100000,-1.000000,0.393318
888,1.378839,1.292342,-24.091484,0.392416,-0.015664,-2.249312,0.200000,0.240000,0.300000,0.100000,-1.000000,0.392416
889,1.380956,1.295649,-24.113977,0.391541,-0.016546,-2.259118,0.200000,0.240000,0.300000,0.100000,-1.000000,0.391541
890,1.383150,1.298896,-24.136569,0.390690,-0.017383,-2.270005,0.220000,0.240000,0.300000,0.100000,-1.000000,0.390690
891,1.385420,1.302081,-24.159269,0.389864,-0.018173,-2.281770,0.220000,0.240000,0.300000,0.100000,-1.000000,0.389864
892,1.387763,1.305203,-24.182086,0.389062,-0.018918,-2.294219,0.220000,0.240000,0.300000,0.100000,-1.000000,0.389062
893,1.390178,1.308259,-24.205029,0.388284,-0.019618,-2.307178,0.220000,0.220000,0.300000,0.100000,-1.000000,0.388284
894,1.392663,1.311248,-24.228100,0.387527,-0.020274,-2.320483,0.200000,0.220000,0.280000,0.100000,-1.000000,0.387527
895,1.395217,1.314170,-24.251305,0.386792,-0.020887,-2.333992,0.200000,0.200000,0.260000,0.100000,-1.000000,0.386792
896,1.397839,1.317022,-24.274645,0.386078,-0.021459,-2.347575,0.200000,0.200000,0.240000,0.100000,-1.000000,0.386078
897,1.400526,1.319802,-24.298121,0.385384,-0.021991,-2.361119,0.200000,0.180000,0.220000,0.100000,-1.000000,0.385384
898,1.403276,1.322511,-24.321732,0.384708,-0.022487,-2.374525,0.180000,0.180000,0.200000,0.100000,-1.000000,0.384708
899,1.406089,1.325145,-24.345477,0.384051,-0.022947,-2.387712,0.180000,0.180000,0.200000,0.100000,-1.000000,0.384051
900,1.408962,1.327704,-24.369354,0.383411,-0.023375,-2.400608,0.180000,0.160000,0.200000,0.100000,-1.000000,0.383411
901,1.411894,1.330185,-24.393361,0.382787,-0.023771,-2.413156,0.180000,0.160000,0.200000,0.100000,-1.000000,0.382787
902,1.414882,1.332589,-24.417492,0.382179,-0.024139,-2.425309,0.160000,0.160000,0.200000,0.100000,-1.000000,0.382179
903,1.417926,1.334913,-24.441745,0.381586,-0.024481,-2.437033,0.160000,0.160000,0.200000,0.100000,-1.000000,0.381586
904,1.421023,1.337157,-24.466116,0.381006,-0.024798,-2.448300,0.180000,0.160000,0.200000,0.100000,-1.000000,0.381006
905,1.424170,1.339318,-24.490599,0.380440,-0.025093,-2.459092,0.180000,0.160000,0.200000,0.100000,-1.000000,0.380440
906,1.427367,1.341395,-24.515189,0.379887,-0.025368,-2.469398,0.180000,0.160000,0.180000,0.100000,-1.000000,0.379887
907,1.430611,1.343388,-24.539883,0.379345,-0.025624,-2.479214,0.200000,0.160000,0.180000,0.100000,-1.000000,0.379345
908,1.433901,1.345295,-24.564676,0.378814,-0.025864,-2.488541,0.180000,0.160000,0.160000,0.100000,-1.000000,0.378814
909,1.437233,1.347115,-24.589561,0.378295,-0.026089,-2.497383,0.180000,0.160000,0.160000,0.100000,-1.000000,0.378295
910,1.440606,1.348847,-24.614535,0.377785,-0.026300,-2.505751,0.180000,0.160000,0.140000,0.100000,-1.000000,0.377785
911,1.444018,1.350490,-24.639592,0.377285,-0.026499,-2.513658,0.180000,0.160000,0.140000,0.100000,-1.000000,0.377285
912,1.447467,1.352042,-24.664729,0.376794,-0.026688,-2.521119,0.180000,0.140000,0.120000,0.100000,-1.000000,0.376794
913,1.450950,1.353504,-24.689940,0.376312,-0.026867,-2.528151,0.160000,0.140000,0.120000,0.100000,-1.000000,0.376312
914,1.454465,1.354874,-24.715222,0.375838,-0.027038,-2.534775,0.160000,0.140000,0.120000,0.100000,-1.000000,0.375838
915,1.458011,1.356150,-24.740569,0.375372,-0.027203,-2.541010,0.160000,0.140000,0.120000,0.100000,-1.000000,0.375372
916,1.461583,1.357334,-24.765979,0.374913,-0.027361,-2.546877,0.160000,0.120000,0.120000,0.100000,-1.000000,0.374913
917,1.465181,1.358423,-24.791448,0.374462,-0.027513,-2.552399,0.160000,0.120000,0.120000,0.100000,-1.000000,0.374462
918,1.468802,1.359417,-24.816972,0.374018,-0.027662,-2.557597,0.160000,0.120000,0.120000,0.100000,-1.000000,0.374018
919,1.472443,1.360315,-24.842548,0.373581,-0.027806,-2.562492,0.160000,0.120000,0.140000,0.100000,-1.000000,0.373581
920,1.476102,1.361118,-24.868173,0.373150,-0.027947,-2.567107,0.140000,0.120000,0.140000,0.100000,-1.000000,0.373150
921,1.479777,1.361824,-24.893844,0.372726,-0.028086,-2.571463,0.140000,0.140000,0.120000,0.100000,-1.000000,0.372726
922,1.483465,1.362433,-24.919559,0.372309,-0.028222,-2.575580,0.140000,0.140000,0.120000,0.100000,-1.000000,0.372309
923,1.487163,1.362945,-24.945315,0.371897,-0.028357,-2.579477,0.140000,0.140000,0.120000,0.100000,-1.000000,0.371897
924,1.490870,1.363359,-24.971109,0.371491,-0.028490,-2.583173,0.140000,0.140000,0.120000,0.100000,-1.000000,0.371491
925,1.494582,1.363676,-24.996941,0.371091,-0.028622,-2.586687,0.140000,0.140000,0.100000,0.100000,-1.000000,0.371091
926,1.498298,1.363895,-25.022808,0.370697,-0.028753,-2.590035,0.140000,0.140000,0.100000,0.100000,-1.000000,0.370697
927,1.502014,1.364016,-25.048708,0.370309,-0.028884,-2.593233,0.140000,0.120000,0.100000,0.100000,-1.000000,0.370309
928,1.505728,1.364039,-25.074641,0.369926,-0.029013,-2.596297,0.140000,0.120000,0.100000,0.100000,-1.000000,0.369926
929,1.509438,1.363964,-25.100604,0.369549,-0.029143,-2.599239,0.120000,0.120000,0.080000,0.100000,-1.000000,0.369549
930,1.513141,1.363791,-25.126596,0.369177,-0.029272,-2.602073,0.120000,0.120000,0.100000,0.100000,-1.000000,0.369177
931,1.516835,1.363521,-25.152617,0.368811,-0.029400,-2.604810,0.120000,0.120000,0.100000,0.100000,-1.000000,0.368811
932,1.520516,1.363154,-25.178665,0.368450,-0.029528,-2.607462,0.120000,0.120000,0.100000,0.100000,-1.000000,0.368450
933,1.524183,1.362690,-25.204739,0.368095,-0.029656,-2.610039,0.120000,0.120000,0.120000,0.100000,-1.000000,0.368095
934,1.527833,1.362129,-25.230840,0.367745,-0.029784,-2.612548,0.160000,0.100000,0.120000,0.100000,-1.000000,0.367745
935,1.531464,1.361473,-25.256965,0.367400,-0.029911,-2.614998,0.160000,0.100000,0.100000,0.100000,-1.000000,0.367400
936,1.535073,1.360721,-25.283115,0.367060,-0.030038,-2.617397,0.160000,0.100000,0.100000,0.100000,-1.000000,0.367060
937,1.538657,1.359874,-25.309289,0.366726,-0.030165,-2.619750,0.160000,0.100000,0.100000,0.100000,-1.000000,0.366726
938,1.542214,1.358933,-25.335487,0.366397,-0.030291,-2.622064,0.160000,0.100000,0.100000,0.100000,-1.000000,0.366397
939,1.545742,1.357898,-25.361707,0.366073,-0.030416,-2.624342,0.160000,0.100000,0.100000,0.100000,-1.000000,0.366073
940,1.549238,1.356771,-25.387951,0.365755,-0.030541,-2.626590,0.160000,0.100000,0.100000,0.100000,-1.000000,0.365755
941,1.552700,1.355552,-25.414217,0.365441,-0.030665,-2.628811,0.160000,0.100000,0.080000,0.100000,-1.000000,0.365441
942,1.556126,1.354243,-25.440505,0.365133,-0.030788,-2.631007,0.160000,0.080000,0.080000,0.100000,-1.000000,0.365133
943,1.559512,1.352843,-25.466815,0.364830,-0.030911,-2.633182,0.160000,0.080000,0.080000,0.100000,-1.000000,0.364830
944,1.562857,1.351355,-25.493147,0.364532,-0.031032,-2.635337,0.160000,0.080000,0.080000,0.100000,-1.000000,0.364532
945,1.566159,1.349779,-25.519500,0.364238,-0.031153,-2.637474,0.160000,0.080000,0.080000,0.100000,-1.000000,0.364238
946,1.569415,1.348116,-25.545875,0.363950,-0.031272,-2.639595,0.160000,0.080000,0.080000,0.100000,-1.000000,0.363950
947,1.572623,1.346369,-25.572271,0.363667,-0.031390,-2.641700,0.160000,0.080000,0.080000,0.100000,-1.000000,0.363667
948,1.575780,1.344537,-25.598688,0.363389,-0.031507,-2.643789,0.220000,0.120000,0.060000,0.100000,-1.000000,0.363389
949,1.578885,1.342623,-25.625126,0.363115,-0.031623,-2.645864,0.220000,0.120000,0.060000,0.100000,-1.000000,0.363115
950,1.581935,1.340628,-25.651584,0.362847,-0.031737,-2.647924,0.220000,0.120000,0.060000,0.100000,-1.000000,0.362847
951,1.584929,1.338553,-25.678064,0.362583,-0.031850,-2.649970,0.220000,0.120000,0.060000,0.100000,-1.000000,0.362583
952,1.587864,1.336400,-25.704563,0.362324,-0.031962,-2.652001,0.220000,0.120000,0.060000,0.100000,-1.000000,0.362324
953,1.590737,1.334171,-25.731083,0.362070,-0.032072,-2.654017,0.220000,0.120000,0.060000,0.100000,-1.000000,0.362070
954,1.593548,1.331866,-25.757623,0.361820,-0.032181,-2.656017,0.240000,0.120000,0.060000,0.100000,-1.000000,0.361820
955,1.596295,1.329489,-25.784184,0.361575,-0.032288,-2.658001,0.240000,0.120000,0.060000,0.100000,-1.000000,0.361575
956,1.598974,1.327039,-25.810764,0.361334,-0.032393,-2.659968,0.240000,0.120000,0.060000,0.100000,-1.000000,0.361334
957,1.601585,1.324521,-25.837363,0.361098,-0.032497,-2.661918,0.260000,0.120000,0.100000,0.100000,-1.000000,0.361098
958,1.604126,1.321934,-25.863982,0.360866,-0.032600,-2.663850,0.260000,0.120000,0.040000,0.100000,-1.000000,0.360866
959,1.606594,1.319282,-25.890621,0.360639,-0.032700,-2.665763,0.260000,0.120000,0.100000,0.100000,-1.000000,0.360639
960,1.608989,1.316565,-25.917279,0.360416,-0.032799,-2.667657,0.280000,0.120000,0.100000,0.100000,-1.000000,0.360416
961,1.611308,1.313787,-25.943955,0.360197,-0.032897,-2.669530,0.280000,0.120000,0.080000,0.100000,-1.000000,0.360197
962,1.613549,1.310948,-25.970650,0.359983,-0.032992,-2.671384,0.300000,0.180000,0.080000,0.100000,-1.000000,0.359983
963,1.615713,1.308052,-25.997364,0.359772,-0.033086,-2.673215,0.320000,0.180000,0.080000,0.100000,-1.000000,0.359772
964,1.617795,1.305100,-26.024096,0.359566,-0.033179,-2.675025,0.340000,0.180000,0.080000,0.100000,-1.000000,0.359566
965,1.619797,1.302094,-26.050847,0.359364,-0.033270,-2.676813,0.360000,0.180000,0.080000,0.100000,-0.900000,0.359364
966,1.621715,1.299037,-26.077615,0.359932,-0.033973,-2.704876,0.380000,0.180000,0.080000,0.100000,-0.900000,0.359932
967,1.623548,1.295921,-26.104664,0.360538,-0.034562,-2.732238,0.420000,0.180000,0.080000,0.100000,-0.900000,0.360538
968,1.625295,1.292749,-26.131986,0.361177,-0.035043,-2.758680,0.460000,0.200000,0.080000,0.100000,-0.900000,0.361177
969,1.626954,1.289521,-26.159573,0.361846,-0.035423,-2.784026,0.520000,0.200000,0.080000,0.100000,-0.800000,0.361846
970,1.628524,1.286242,-26.187413,0.363475,-0.036094,-2.824626,0.840000,0.200000,0.080000,0.100000,-0.700000,0.363475
971,1.630004,1.282902,-26.215659,0.366268,-0.036625,-2.865255,1.000000,0.220000,0.080000,0.100000,-0.700000,0.366268
972,1.631397,1.279495,-26.244312,0.369103,-0.036936,-2.904238,1.000000,0.220000,0.080000,0.100000,-0.700000,0.369103
973,1.632702,1.276023,-26.273354,0.371968,-0.037042,-2.941369,1.000000,0.240000,0.080000,0.100000,-0.700000,0.371968
974,1.633917,1.272488,-26.302768,0.374854,-0.036961,-2.976506,1.000000,0.240000,0.140000,0.100000,-0.700000,0.374854
975,1.635039,1.268892,-26.332533,0.377750,-0.036706,-3.009565,1.000000,0.260000,0.140000,0.100000,-0.700000,0.377750
976,1.636066,1.265238,-26.362629,0.380646,-0.036292,-3.040503,1.000000,0.280000,0.160000,0.100000,-0.700000,0.380646
977,1.636997,1.261530,-26.393034,0.383535,-0.035731,-3.069309,1.000000,0.300000,0.160000,0.100000,-0.700000,0.383535
978,1.637828,1.257769,-26.423727,0.386407,-0.035037,-3.096000,1.000000,0.340000,0.160000,0.100000,-0.700000,0.386407
979,1.638559,1.253958,-26.454687,0.389255,-0.034220,-3.120611,1.000000,0.380000,0.160000,0.100000,-0.700000,0.389255
980,1.639186,1.250101,-26.485893,0.392072,-0.033292,-3.143191,1.000000,0.420000,0.180000,0.100000,-0.700000,0.392072
981,1.639707,1.246201,-26.517325,0.394852,-0.032263,-3.163800,1.000000,0.480000,0.180000,0.100000,-0.700000,0.394852
982,1.640121,1.242261,-26.548963,0.397589,-0.031143,-3.182503,1.000000,0.840000,0.200000,0.100000,-0.700000,0.397589
983,1.640426,1.238285,-26.580788,0.400277,-0.029941,-3.199370,1.000000,1.000000,0.200000,0.100000,-0.700000,0.400277
984,1.640619,1.234275,-26.612781,0.402913,-0.028666,-3.214472,0.920000,1.000000,0.220000,0.100000,-0.700000,0.402913
985,1.640698,1.230237,-26.644926,0.405491,-0.027326,-3.227884,0.920000,1.000000,0.240000,0.100000,-0.700000,0.405491
986,1.640663,1.226173,-26.677205,0.408010,-0.025928,-3.239678,0.860000,1.000000,0.240000,0.100000,-0.700000,0.408010
987,1.640511,1.222087,-26.709602,0.410464,-0.024480,-3.249926,0.800000,1.000000,0.280000,0.100000,-0.700000,0.410464
988,1.640242,1.217984,-26.742101,0.412853,-0.022989,-3.258700,0.740000,1.000000,0.300000,0.100000,-0.700000,0.412853
989,1.639853,1.213868,-26.774688,0.415173,-0.021461,-3.266069,0.680000,1.000000,0.340000,0.100000,-0.800000,0.415173
990,1.639343,1.209742,-26.807349,0.416373,-0.019748,-3.265460,0.640000,1.000000,0.380000,0.100000,-0.800000,0.416373
991,1.638716,1.205621,-26.840003,0.417503,-0.018067,-3.262834,0.640000,1.000000,0.440000,0.100000,-0.800000,0.417503
992,1.637969,1.201509,-26.872632,0.418561,-0.016426,-3.258399,0.640000,1.000000,0.740000,0.100000,-0.800000,0.418561
993,1.637102,1.197411,-26.905216,0.419551,-0.014828,-3.252344,0.600000,1.000000,1.000000,0.100000,-0.800000,0.419551
994,1.636117,1.193330,-26.937739,0.420474,-0.013279,-3.244843,0.580000,1.000000,1.000000,0.100000,-0.800000,0.420474
995,1.635012,1.189271,-26.970188,0.421331,-0.011783,-3.236056,0.540000,0.880000,1.000000,0.100000,-0.800000,0.421331
996,1.633788,1.185238,-27.002548,0.422125,-0.010344,-3.226133,0.520000,0.880000,1.000000,0.100000,-0.800000,0.422125
997,1.632445,1.181234,-27.034809,0.422860,-0.008965,-3.215213,0.500000,0.820000,1.000000,0.100000,-0.800000,0.422860
998,1.630985,1.177265,-27.066962,0.423536,-0.007647,-3.203424,0.480000,0.760000,1.000000,0.100000,-0.800000,0.423536
999,1.629408,1.173333,-27.098996,0.424158,-0.006395,-3.190887,0.460000,0.700000,1.000000,0.100000,-0.900000,0.424158
